Month,MonthStart,FY Year,Ship To Name,Direct/Distributor,Chain,Zone,State,Brand,Primary NSV,MRP Value,Cont%
Apr'24,2024-04-01,FY_24-25,Apollo Healthco Limited_Bhiwandi,Direct,Apollo Healthco,West,Mumbai,Aqualogica,40000.0,60000.0,100.0
Apr'24,2024-04-01,FY_24-25,Apollo Healthco Limited_Bhiwandi,Direct,Apollo Healthco,West,Mumbai,Mamaearth,220000.0,410000.0,100.0
Apr'24,2024-04-01,FY_24-25,Apollo Healthco Limited_Bhiwandi,Direct,Apollo Healthco,West,Mumbai,The Derma Co,20000.0,40000.0,100.0
Apr'24,2024-04-01,FY_24-25,Apollo Healthco Limited_Faridabad,Direct,Apollo Healthco,North,Haryana,Aqualogica,140000.0,240000.0,100.0
Apr'24,2024-04-01,FY_24-25,Apollo Healthco Limited_Faridabad,Direct,Apollo Healthco,North,Haryana,Mamaearth,840000.0,1540000.0,100.0
Apr'24,2024-04-01,FY_24-25,Apollo Healthco Limited_Faridabad,Direct,Apollo Healthco,North,Haryana,The Derma Co,380000.0,630000.0,100.0
Apr'24,2024-04-01,FY_24-25,Apollo Healthco Limited_Rajasthan,Direct,Apollo Healthco,North,Rajasthan,Mamaearth,180000.0,340000.0,100.0
Apr'24,2024-04-01,FY_24-25,Apollo Healthco Limited-Bangalore,Direct,Apollo Healthco,South-1,Karnataka,Mamaearth,-10000.0,-10000.0,100.0
Apr'24,2024-04-01,FY_24-25,Apollo Healthco Ltd_Raipur,Direct,Apollo Healthco,West,Chattishgarh,Mamaearth,140000.0,260000.0,100.0
Apr'24,2024-04-01,FY_24-25,Avenue E Commerce Limited(Belapur),Direct,D-Mart,West,Mumbai,Aqualogica,60000.0,110000.0,100.0
Apr'24,2024-04-01,FY_24-25,Avenue E Commerce Limited(Ck Palya),Direct,D-Mart,South-1,Karnataka,Aqualogica,40000.0,80000.0,100.0
Apr'24,2024-04-01,FY_24-25,Avenue E Commerce Limited(Kanjur),Direct,D-Mart,West,Mumbai,Aqualogica,60000.0,110000.0,100.0
Apr'24,2024-04-01,FY_24-25,Avenue E Commerce Limited(Kiwale),Direct,D-Mart,West,Pune,Aqualogica,60000.0,110000.0,100.0
Apr'24,2024-04-01,FY_24-25,Avenue E Commerce Limited(Kushaiguda),Direct,D-Mart,South-2,Telangana,Aqualogica,40000.0,80000.0,100.0
Apr'24,2024-04-01,FY_24-25,Avenue E Commerce Limited(Mira Road) N2,Direct,D-Mart,West,Pune,Aqualogica,60000.0,110000.0,100.0
Apr'24,2024-04-01,FY_24-25,Avenue E Commerce Limited(Nahur),Direct,D-Mart,West,Mumbai,Aqualogica,60000.0,110000.0,100.0
Apr'24,2024-04-01,FY_24-25,Avenue E Commerce Limited_3826,Direct,D-Mart,West,Gujarat,Aqualogica,60000.0,110000.0,100.0
Apr'24,2024-04-01,FY_24-25,Avenue E Commerce Limited_GachibowlI,Direct,D-Mart,South-2,Telangana,Aqualogica,50000.0,100000.0,100.0
Apr'24,2024-04-01,FY_24-25,Avenue E Commerce Limited_Panvel-2,Direct,D-Mart,West,Pune,Aqualogica,40000.0,80000.0,100.0
Apr'24,2024-04-01,FY_24-25,Avenue E Commerce Ltd._Hennur Fc-Ka,Direct,D-Mart,South-1,Karnataka,Aqualogica,40000.0,80000.0,100.0
Apr'24,2024-04-01,FY_24-25,Avenue E Commerce Ltd_3919-Sardarnagar,Direct,D-Mart,West,Gujarat,Aqualogica,40000.0,80000.0,100.0
Apr'24,2024-04-01,FY_24-25,Avenue E Commerce Ltd_3925-Jahangirabad.,Direct,D-Mart,West,Gujarat,Aqualogica,60000.0,110000.0,100.0
Apr'24,2024-04-01,FY_24-25,Avenue E Commerce Ltd_4047-Vasai Waliv,Direct,D-Mart,West,Mumbai,Aqualogica,40000.0,80000.0,100.0
Apr'24,2024-04-01,FY_24-25,Avenue E Commerce Ltd_CadburyFC.,Direct,D-Mart,West,Mumbai,Aqualogica,60000.0,110000.0,100.0
Apr'24,2024-04-01,FY_24-25,Avenue E Commerce Ltd_Goregaon,Direct,D-Mart,West,Mumbai,Aqualogica,40000.0,80000.0,100.0
Apr'24,2024-04-01,FY_24-25,Avenue E Commerce Ltd_Hoodi FC,Direct,D-Mart,South-1,Karnataka,Aqualogica,40000.0,80000.0,100.0
Apr'24,2024-04-01,FY_24-25,Avenue E Commerce Ltd_Manpada,Direct,D-Mart,West,Mumbai,Aqualogica,40000.0,80000.0,100.0
Apr'24,2024-04-01,FY_24-25,Avenue E Commerce Ltd_PeddaAmberpetFC,Direct,D-Mart,South-2,Telangana,Aqualogica,40000.0,80000.0,100.0
Apr'24,2024-04-01,FY_24-25,Avenue E Commerce Ltd_SanandFC,Direct,D-Mart,West,Gujarat,Aqualogica,40000.0,80000.0,100.0
Apr'24,2024-04-01,FY_24-25,Avenue E Commerce Ltd_Wagholi,Direct,D-Mart,West,Pune,Aqualogica,40000.0,80000.0,100.0
Apr'24,2024-04-01,FY_24-25,Avenue Supermarts Ltd.-4905,Direct,D-Mart,West,Chattishgarh,Mamaearth,90000.0,240000.0,100.0
Apr'24,2024-04-01,FY_24-25,Avenue Supermarts Ltd.-DC-1032,Direct,D-Mart,South-1,Karnataka,Mamaearth,9240000.0,23110000.0,100.0
Apr'24,2024-04-01,FY_24-25,Avenue Supermarts Ltd.-DC-1039,Direct,D-Mart,West,Mumbai,BBlunt,210000.0,410000.0,100.0
Apr'24,2024-04-01,FY_24-25,Avenue Supermarts Ltd.-DC-1039,Direct,D-Mart,West,Mumbai,Mamaearth,23780000.0,60220000.0,100.0
Apr'24,2024-04-01,FY_24-25,Avenue Supermarts Ltd.-DC-1049,Direct,D-Mart,North,Madhya Pradesh,Mamaearth,4410000.0,11550000.0,100.0
Apr'24,2024-04-01,FY_24-25,Avenue Supermarts Ltd.-DC-1050,Direct,D-Mart,North,Punjab,Mamaearth,5920000.0,15500000.0,100.0
Apr'24,2024-04-01,FY_24-25,Avenue Supermarts Ltd.-DC-1068,Direct,D-Mart,North,Rajasthan,Mamaearth,2260000.0,5700000.0,100.0
Apr'24,2024-04-01,FY_24-25,Avenue Supermarts Ltd_4901,Direct,D-Mart,West,Chattishgarh,Mamaearth,250000.0,620000.0,100.0
Apr'24,2024-04-01,FY_24-25,Avenue Supermarts Ltd_4902,Direct,D-Mart,West,Chattishgarh,Mamaearth,350000.0,910000.0,100.0
Apr'24,2024-04-01,FY_24-25,Avenue Supermarts Ltd_4903,Direct,D-Mart,West,Chattishgarh,Mamaearth,220000.0,590000.0,100.0
Apr'24,2024-04-01,FY_24-25,Avenue Supermarts Ltd_4904,Direct,D-Mart,West,Chattishgarh,Mamaearth,100000.0,280000.0,100.0
Apr'24,2024-04-01,FY_24-25,Avenue Supermarts Ltd_4906,Direct,D-Mart,West,Chattishgarh,Mamaearth,120000.0,340000.0,100.0
Apr'24,2024-04-01,FY_24-25,Guardian Healthcare Services Pvt Ltd(DL),Direct,Guardian,North,Delhi,Aqualogica,10000.0,20000.0,100.0
Apr'24,2024-04-01,FY_24-25,Guardian Healthcare Services Pvt Ltd(DL),Direct,Guardian,North,Delhi,Mamaearth,90000.0,180000.0,100.0
Apr'24,2024-04-01,FY_24-25,Guardian Healthcare Services Pvt Ltd(DL),Direct,Guardian,North,Delhi,The Derma Co,20000.0,40000.0,100.0
Apr'24,2024-04-01,FY_24-25,H&B STORES LIMITED-BLR,Direct,B&N,South-1,Karnataka,Aqualogica,10000.0,30000.0,100.0
Apr'24,2024-04-01,FY_24-25,H&B STORES LIMITED-BLR,Direct,B&N,South-1,Karnataka,BBlunt,90000.0,140000.0,100.0
Apr'24,2024-04-01,FY_24-25,H&B STORES LIMITED-BLR,Direct,B&N,South-1,Karnataka,Mamaearth,390000.0,670000.0,100.0
Apr'24,2024-04-01,FY_24-25,H&B STORES LIMITED-BLR,Direct,B&N,South-1,Karnataka,The Derma Co,10000.0,20000.0,100.0
Apr'24,2024-04-01,FY_24-25,H&B STORES LIMITED-HYD,Direct,B&N,South-2,Telangana,Aqualogica,10000.0,20000.0,100.0
Apr'24,2024-04-01,FY_24-25,H&B STORES LIMITED-HYD,Direct,B&N,South-2,Telangana,BBlunt,50000.0,80000.0,100.0
Apr'24,2024-04-01,FY_24-25,H&B STORES LIMITED-HYD,Direct,B&N,South-2,Telangana,Mamaearth,220000.0,370000.0,100.0
Apr'24,2024-04-01,FY_24-25,H&B STORES LIMITED-HYD,Direct,B&N,South-2,Telangana,The Derma Co,10000.0,10000.0,100.0
Apr'24,2024-04-01,FY_24-25,Metro Cash & Carry India Pvt Ltd -(DC27)-T0SJ,Direct,Metro-CNC-RRL,South-1,Karnataka,BBlunt,10000.0,20000.0,100.0
Apr'24,2024-04-01,FY_24-25,Metro Cash & Carry India Pvt Ltd -(DC27)-T0SJ,Direct,Metro-CNC-RRL,South-1,Karnataka,Mamaearth,510000.0,980000.0,100.0
Apr'24,2024-04-01,FY_24-25,Metro Cash & Carry India Pvt Ltd -(DC34)-T0SR,Direct,Metro-CNC-RRL,South-1,Karnataka,Mamaearth,130000.0,230000.0,100.0
Apr'24,2024-04-01,FY_24-25,Metro Cash & Carry India Pvt Ltd-(DC10)-T0SM,Direct,Metro-CNC-RRL,South-1,Karnataka,BBlunt,-10000.0,-10000.0,100.0
Apr'24,2024-04-01,FY_24-25,Metro Cash & Carry India Pvt Ltd-(DC10)-T0SM,Direct,Metro-CNC-RRL,South-1,Karnataka,Mamaearth,360000.0,790000.0,100.0
Apr'24,2024-04-01,FY_24-25,Metro Cash & Carry India Pvt Ltd-(DC11)-T0SL,Direct,Metro-CNC-RRL,South-1,Karnataka,BBlunt,0.0,10000.0,100.0
Apr'24,2024-04-01,FY_24-25,Metro Cash & Carry India Pvt Ltd-(DC11)-T0SL,Direct,Metro-CNC-RRL,South-1,Karnataka,Mamaearth,210000.0,470000.0,100.0
Apr'24,2024-04-01,FY_24-25,Metro Cash & Carry India Pvt Ltd-(DC12)-T0QX,Direct,Metro-CNC-RRL,South-2,Telangana,Aqualogica,130000.0,200000.0,100.0
Apr'24,2024-04-01,FY_24-25,Metro Cash & Carry India Pvt Ltd-(DC12)-T0QX,Direct,Metro-CNC-RRL,South-2,Telangana,BBlunt,10000.0,20000.0,100.0
Apr'24,2024-04-01,FY_24-25,Metro Cash & Carry India Pvt Ltd-(DC12)-T0QX,Direct,Metro-CNC-RRL,South-2,Telangana,Mamaearth,90000.0,160000.0,100.0
Apr'24,2024-04-01,FY_24-25,Metro Cash & Carry India Pvt Ltd-(DC12)-T0QX,Direct,Metro-CNC-RRL,South-2,Telangana,The Derma Co,230000.0,360000.0,100.0
Apr'24,2024-04-01,FY_24-25,Metro Cash & Carry India Pvt Ltd-(DC18)-T0SN,Direct,Metro-CNC-RRL,South-1,Karnataka,BBlunt,20000.0,30000.0,100.0
Apr'24,2024-04-01,FY_24-25,Metro Cash & Carry India Pvt Ltd-(DC18)-T0SN,Direct,Metro-CNC-RRL,South-1,Karnataka,Mamaearth,210000.0,400000.0,100.0
Apr'24,2024-04-01,FY_24-25,Metro Cash & Carry India Pvt Ltd-(DC20)-T0RK,Direct,Metro-CNC-RRL,West,Mumbai,Mamaearth,20000.0,40000.0,100.0
Apr'24,2024-04-01,FY_24-25,Metro Cash & Carry India Pvt Ltd-(DC23)-T0RL,Direct,Metro-CNC-RRL,West,Mumbai,Aqualogica,180000.0,290000.0,100.0
Apr'24,2024-04-01,FY_24-25,Metro Cash & Carry India Pvt Ltd-(DC23)-T0RL,Direct,Metro-CNC-RRL,West,Mumbai,The Derma Co,370000.0,580000.0,100.0
Apr'24,2024-04-01,FY_24-25,Metro Cash & Carry India Pvt Ltd-(DC24)-T0RJ,Direct,Metro-CNC-RRL,North,Madhya Pradesh,Mamaearth,-10000.0,-10000.0,100.0
Apr'24,2024-04-01,FY_24-25,Metro Cash & Carry India Pvt Ltd-(DC26)-T0SP,Direct,Metro-CNC-RRL,South-1,Karnataka,BBlunt,20000.0,40000.0,100.0
Apr'24,2024-04-01,FY_24-25,Metro Cash & Carry India Pvt Ltd-(DC26)-T0SP,Direct,Metro-CNC-RRL,South-1,Karnataka,Mamaearth,300000.0,590000.0,100.0
Apr'24,2024-04-01,FY_24-25,Metro Cash & Carry India Pvt Ltd-(DC29)-T0RA,Direct,Metro-CNC-RRL,South-2,Telangana,Aqualogica,160000.0,240000.0,100.0
Apr'24,2024-04-01,FY_24-25,Metro Cash & Carry India Pvt Ltd-(DC29)-T0RA,Direct,Metro-CNC-RRL,South-2,Telangana,BBlunt,10000.0,20000.0,100.0
Apr'24,2024-04-01,FY_24-25,Metro Cash & Carry India Pvt Ltd-(DC29)-T0RA,Direct,Metro-CNC-RRL,South-2,Telangana,Mamaearth,150000.0,300000.0,100.0
Apr'24,2024-04-01,FY_24-25,Metro Cash & Carry India Pvt Ltd-(DC29)-T0RA,Direct,Metro-CNC-RRL,South-2,Telangana,The Derma Co,470000.0,750000.0,100.0
Apr'24,2024-04-01,FY_24-25,Metro Cash & Carry India Pvt Ltd-(DC32)-T0QU,Direct,Metro-CNC-RRL,North,UPW,Mamaearth,50000.0,130000.0,100.0
Apr'24,2024-04-01,FY_24-25,Metro Cash & Carry India Pvt Ltd-(DC36)-T0RH,Direct,Metro-CNC-RRL,South-2,Andhra Pradesh,Mamaearth,90000.0,180000.0,100.0
Apr'24,2024-04-01,FY_24-25,Metro Cash & Carry India Pvt Ltd-(DC43)-T2YF,Direct,Metro-CNC-RRL,North,Punjab,Mamaearth,20000.0,40000.0,100.0
Apr'24,2024-04-01,FY_24-25,Metro Cash & Carry India Pvt Ltd-(DC46)-T0RC,Direct,Metro-CNC-RRL,North,Delhi,Aqualogica,160000.0,250000.0,100.0
Apr'24,2024-04-01,FY_24-25,Metro Cash & Carry India Pvt Ltd-(DC46)-T0RC,Direct,Metro-CNC-RRL,North,Delhi,BBlunt,20000.0,30000.0,100.0
Apr'24,2024-04-01,FY_24-25,Metro Cash & Carry India Pvt Ltd-(DC46)-T0RC,Direct,Metro-CNC-RRL,North,Delhi,Mamaearth,30000.0,70000.0,100.0
Apr'24,2024-04-01,FY_24-25,Metro Cash & Carry India Pvt Ltd-(DC46)-T0RC,Direct,Metro-CNC-RRL,North,Delhi,The Derma Co,200000.0,320000.0,100.0
Apr'24,2024-04-01,FY_24-25,Metro Cash & Carry India Pvt Ltd-(DC47)-T0SI,Direct,Metro-CNC-RRL,North,Punjab,Mamaearth,-20000.0,-40000.0,100.0
Apr'24,2024-04-01,FY_24-25,Metro Cash & Carry India Pvt Ltd-(DC48)-T0SK,Direct,Metro-CNC-RRL,North,Punjab,Mamaearth,10000.0,10000.0,100.0
Apr'24,2024-04-01,FY_24-25,Metro Cash & Carry India Pvt Ltd-(DC52)-T0RI,Direct,Metro-CNC-RRL,North,Delhi,Mamaearth,110000.0,220000.0,100.0
Apr'24,2024-04-01,FY_24-25,Metro Cash & Carry India Pvt Ltd-(DC53)-T0QV,Direct,Metro-CNC-RRL,North,UPW,Mamaearth,60000.0,110000.0,100.0
Apr'24,2024-04-01,FY_24-25,Metro Cash & Carry India Pvt Ltd-(DC60)-T0QS,Direct,Metro-CNC-RRL,East,West Bengal,Aqualogica,160000.0,250000.0,100.0
Apr'24,2024-04-01,FY_24-25,Metro Cash & Carry India Pvt Ltd-(DC60)-T0QS,Direct,Metro-CNC-RRL,East,West Bengal,BBlunt,10000.0,20000.0,100.0
Apr'24,2024-04-01,FY_24-25,Metro Cash & Carry India Pvt Ltd-(DC60)-T0QS,Direct,Metro-CNC-RRL,East,West Bengal,Mamaearth,60000.0,130000.0,100.0
Apr'24,2024-04-01,FY_24-25,Metro Cash & Carry India Pvt Ltd-(DC60)-T0QS,Direct,Metro-CNC-RRL,East,West Bengal,The Derma Co,290000.0,450000.0,100.0
Apr'24,2024-04-01,FY_24-25,Metro Cash & Carry India Pvt Ltd_DC33(T0SQ),Direct,Metro-CNC-RRL,South-1,Karnataka,Mamaearth,230000.0,410000.0,100.0
Apr'24,2024-04-01,FY_24-25,Metro Cash & Carry India Pvt Ltd_T0SO,Direct,Metro-CNC-RRL,South-1,Karnataka,Mamaearth,100000.0,200000.0,100.0
Apr'24,2024-04-01,FY_24-25,Metro Cash & Carry India Pvt Ltd_T2LW,Direct,Metro-CNC-RRL,North,Madhya Pradesh,Mamaearth,-270000.0,-490000.0,100.0
Apr'24,2024-04-01,FY_24-25,Metro Cash & Carry India Pvt Ltd_T2ND,Direct,Metro-CNC-RRL,East,Jharkhand,Mamaearth,-20000.0,-30000.0,100.0
Apr'24,2024-04-01,FY_24-25,Metro Cash & Carry India Pvt Ltd_T2OX,Direct,Metro-CNC-RRL,North,Rajasthan,Mamaearth,-190000.0,-350000.0,100.0
Apr'24,2024-04-01,FY_24-25,Metro Cash & Carry India Pvt Ltd_T2QA,Direct,Metro-CNC-RRL,North,Madhya Pradesh,Mamaearth,-140000.0,-250000.0,100.0
Apr'24,2024-04-01,FY_24-25,Metro Cash & Carry India Pvt Ltd_T2TG,Direct,Metro-CNC-RRL,North,Rajasthan,Mamaearth,-10000.0,-20000.0,100.0
Apr'24,2024-04-01,FY_24-25,Metro Cash & Carry India Pvt Ltd_T3DM,Direct,Metro-CNC-RRL,North,Haryana,Mamaearth,-120000.0,-210000.0,100.0
Apr'24,2024-04-01,FY_24-25,Octopolis Technologies Pvt Ltd,Direct,Apna Klub,North,UPW,Mamaearth,450000.0,730000.0,100.0
Apr'24,2024-04-01,FY_24-25,Relaince Retail _Madhavaram- TNB8,Direct,Reliance Retail,South-1,Tamil Nadu,Mamaearth,70000.0,120000.0,100.0
Apr'24,2024-04-01,FY_24-25,Relaince Retail _Mysore_2994,Direct,Reliance Retail,South-1,Karnataka,Mamaearth,50000.0,80000.0,100.0
Apr'24,2024-04-01,FY_24-25,Relaince Retail _RAJAJI NAGAR- FR49,Direct,Reliance Retail,South-1,Karnataka,Mamaearth,30000.0,60000.0,100.0
Apr'24,2024-04-01,FY_24-25,Relaince Retail_Davanagere- TNC0,Direct,Reliance Retail,South-1,Karnataka,Mamaearth,70000.0,120000.0,100.0
Apr'24,2024-04-01,FY_24-25,Relaince Retail_Hubballi_2997,Direct,Reliance Retail,South-1,Karnataka,Mamaearth,70000.0,130000.0,100.0
Apr'24,2024-04-01,FY_24-25,Relaince Retail_Nagercoil- 3338,Direct,Reliance Retail,South-1,Tamil Nadu,Mamaearth,100000.0,170000.0,100.0
Apr'24,2024-04-01,FY_24-25,Reliance Retail Limited Ce08,Direct,Reliance Retail,East,Jharkhand,Aqualogica,60000.0,90000.0,100.0
Apr'24,2024-04-01,FY_24-25,Reliance Retail Limited Ce08,Direct,Reliance Retail,East,Jharkhand,Mamaearth,2040000.0,4900000.0,100.0
Apr'24,2024-04-01,FY_24-25,Reliance Retail Limited Cf08,Direct,Reliance Retail,West,Mumbai,Aqualogica,50000.0,80000.0,100.0
Apr'24,2024-04-01,FY_24-25,Reliance Retail Limited Cf08,Direct,Reliance Retail,West,Mumbai,Mamaearth,1580000.0,3890000.0,100.0
Apr'24,2024-04-01,FY_24-25,Reliance Retail Limited Cm08,Direct,Reliance Retail,West,Pune,Mamaearth,860000.0,1830000.0,100.0
Apr'24,2024-04-01,FY_24-25,Reliance Retail Limited Ct08,Direct,Reliance Retail,North,Rajasthan,Aqualogica,50000.0,80000.0,100.0
Apr'24,2024-04-01,FY_24-25,Reliance Retail Limited Ct08,Direct,Reliance Retail,North,Rajasthan,Mamaearth,930000.0,2110000.0,100.0
Apr'24,2024-04-01,FY_24-25,Reliance Retail Limited Ea08,Direct,Reliance Retail,North,Haryana,Aqualogica,20000.0,40000.0,100.0
Apr'24,2024-04-01,FY_24-25,Reliance Retail Limited Ea08,Direct,Reliance Retail,North,Haryana,Mamaearth,1860000.0,4540000.0,100.0
Apr'24,2024-04-01,FY_24-25,Reliance Retail Limited Fb08,Direct,Reliance Retail,North,Punjab,Aqualogica,50000.0,80000.0,100.0
Apr'24,2024-04-01,FY_24-25,Reliance Retail Limited Fb08,Direct,Reliance Retail,North,Punjab,Mamaearth,1220000.0,2980000.0,100.0
Apr'24,2024-04-01,FY_24-25,Reliance Retail Limited Fd08,Direct,Reliance Retail,South-1,Karnataka,Mamaearth,40000.0,60000.0,100.0
Apr'24,2024-04-01,FY_24-25,Reliance Retail Limited R301,Direct,Reliance Retail,South-2,Telangana,Mamaearth,50000.0,100000.0,100.0
Apr'24,2024-04-01,FY_24-25,Reliance Retail Limited R426,Direct,Reliance Retail,East,West Bengal,Mamaearth,110000.0,190000.0,100.0
Apr'24,2024-04-01,FY_24-25,Reliance Retail Limited R468,Direct,Reliance Retail,South-2,Andhra Pradesh,Mamaearth,150000.0,290000.0,100.0
Apr'24,2024-04-01,FY_24-25,Reliance Retail Limited R701,Direct,Reliance Retail,West,Gujarat,Aqualogica,60000.0,90000.0,100.0
Apr'24,2024-04-01,FY_24-25,Reliance Retail Limited R701,Direct,Reliance Retail,West,Gujarat,Mamaearth,2580000.0,6570000.0,100.0
Apr'24,2024-04-01,FY_24-25,Reliance Retail Limited R801,Direct,Reliance Retail,East,Orissa,Aqualogica,40000.0,70000.0,100.0
Apr'24,2024-04-01,FY_24-25,Reliance Retail Limited R801,Direct,Reliance Retail,East,Orissa,Mamaearth,3520000.0,8620000.0,100.0
Apr'24,2024-04-01,FY_24-25,Reliance Retail Limited Sc79,Direct,Reliance Retail,West,Mumbai,Aqualogica,50000.0,80000.0,100.0
Apr'24,2024-04-01,FY_24-25,Reliance Retail Limited Sc79,Direct,Reliance Retail,West,Mumbai,Mamaearth,630000.0,1570000.0,100.0
Apr'24,2024-04-01,FY_24-25,Reliance Retail Limited Sc86,Direct,Reliance Retail,South-1,Karnataka,Mamaearth,200000.0,490000.0,100.0
Apr'24,2024-04-01,FY_24-25,Reliance Retail Limited_2364,Direct,Reliance Retail,North,Haryana,Mamaearth,90000.0,180000.0,100.0
Apr'24,2024-04-01,FY_24-25,Reliance Retail Limited_2995,Direct,Reliance Retail,North,Haryana,Mamaearth,60000.0,100000.0,100.0
Apr'24,2024-04-01,FY_24-25,Reliance Retail Limited_2996,Direct,Reliance Retail,North,Punjab,Mamaearth,60000.0,100000.0,100.0
Apr'24,2024-04-01,FY_24-25,Reliance Retail Limited_3210,Direct,Reliance Retail,North,Madhya Pradesh,Mamaearth,10000.0,20000.0,100.0
Apr'24,2024-04-01,FY_24-25,Reliance Retail Limited_6221,Direct,Reliance Retail,West,Mumbai,Mamaearth,40000.0,70000.0,100.0
Apr'24,2024-04-01,FY_24-25,Reliance Retail Limited_6722,Direct,Reliance Retail,North,Delhi,Mamaearth,50000.0,80000.0,100.0
Apr'24,2024-04-01,FY_24-25,Reliance Retail Limited_6727,Direct,Reliance Retail,North,Haryana,Mamaearth,50000.0,90000.0,100.0
Apr'24,2024-04-01,FY_24-25,Reliance Retail Limited_Cy08-Kerala,Direct,Reliance Retail,South-1,Kerala,Mamaearth,1000000.0,2450000.0,100.0
Apr'24,2024-04-01,FY_24-25,Reliance Retail Limited_FR00,Direct,Reliance Retail,West,Mumbai,Mamaearth,60000.0,110000.0,100.0
Apr'24,2024-04-01,FY_24-25,Reliance Retail Limited_FR02,Direct,Reliance Retail,West,Mumbai,Mamaearth,50000.0,90000.0,100.0
Apr'24,2024-04-01,FY_24-25,Reliance Retail Limited_FR03,Direct,Reliance Retail,West,Mumbai,Mamaearth,60000.0,100000.0,100.0
Apr'24,2024-04-01,FY_24-25,Reliance Retail Limited_FR10,Direct,Reliance Retail,West,Mumbai,Mamaearth,60000.0,110000.0,100.0
Apr'24,2024-04-01,FY_24-25,Reliance Retail Limited_FR27,Direct,Reliance Retail,North,Madhya Pradesh,Mamaearth,20000.0,40000.0,100.0
Apr'24,2024-04-01,FY_24-25,Reliance Retail Limited_FR30,Direct,Reliance Retail,North,Madhya Pradesh,Mamaearth,30000.0,50000.0,100.0
Apr'24,2024-04-01,FY_24-25,Reliance Retail Limited_FR31,Direct,Reliance Retail,North,Madhya Pradesh,Mamaearth,40000.0,70000.0,100.0
Apr'24,2024-04-01,FY_24-25,Reliance Retail Limited_Fr87,Direct,Reliance Retail,North,Haryana,Aqualogica,60000.0,90000.0,100.0
Apr'24,2024-04-01,FY_24-25,Reliance Retail Limited_Fr87,Direct,Reliance Retail,North,Haryana,Mamaearth,2250000.0,5580000.0,100.0
Apr'24,2024-04-01,FY_24-25,Reliance Retail Limited_Fr89,Direct,Reliance Retail,North,UPW,Aqualogica,50000.0,80000.0,100.0
Apr'24,2024-04-01,FY_24-25,Reliance Retail Limited_Fr89,Direct,Reliance Retail,North,UPW,Mamaearth,370000.0,780000.0,100.0
Apr'24,2024-04-01,FY_24-25,Reliance Retail Limited_Fraz,Direct,Reliance Retail,North,Punjab,Aqualogica,50000.0,80000.0,100.0
Apr'24,2024-04-01,FY_24-25,Reliance Retail Limited_Fraz,Direct,Reliance Retail,North,Punjab,Mamaearth,1110000.0,2590000.0,100.0
Apr'24,2024-04-01,FY_24-25,Reliance Retail Limited_FRBD,Direct,Reliance Retail,North,Punjab,Mamaearth,80000.0,140000.0,100.0
Apr'24,2024-04-01,FY_24-25,Reliance Retail Limited_FRCQ,Direct,Reliance Retail,North,Haryana,Mamaearth,30000.0,50000.0,100.0
Apr'24,2024-04-01,FY_24-25,Reliance Retail Limited_FRCS,Direct,Reliance Retail,North,Delhi,Mamaearth,30000.0,60000.0,100.0
Apr'24,2024-04-01,FY_24-25,Reliance Retail Limited_FRDA,Direct,Reliance Retail,North,Rajasthan,Mamaearth,60000.0,100000.0,100.0
Apr'24,2024-04-01,FY_24-25,Reliance Retail Limited_FRDB,Direct,Reliance Retail,North,Delhi,Mamaearth,60000.0,100000.0,100.0
Apr'24,2024-04-01,FY_24-25,Reliance Retail Limited_FRDI,Direct,Reliance Retail,North,UPW,Mamaearth,30000.0,50000.0,100.0
Apr'24,2024-04-01,FY_24-25,Reliance Retail Limited_FRDK,Direct,Reliance Retail,North,UPW,Mamaearth,50000.0,90000.0,100.0
Apr'24,2024-04-01,FY_24-25,Reliance Retail Limited_FRDL,Direct,Reliance Retail,North,UPW,Mamaearth,20000.0,40000.0,100.0
Apr'24,2024-04-01,FY_24-25,Reliance Retail Limited_FRDP,Direct,Reliance Retail,North,Rajasthan,Mamaearth,40000.0,80000.0,100.0
Apr'24,2024-04-01,FY_24-25,Reliance Retail Limited_FRDT,Direct,Reliance Retail,North,Rajasthan,Mamaearth,50000.0,90000.0,100.0
Apr'24,2024-04-01,FY_24-25,Reliance Retail Limited_FREM,Direct,Reliance Retail,North,Rajasthan,Mamaearth,50000.0,80000.0,100.0
Apr'24,2024-04-01,FY_24-25,Reliance Retail Limited_FRER,Direct,Reliance Retail,North,Rajasthan,Mamaearth,40000.0,70000.0,100.0
Apr'24,2024-04-01,FY_24-25,Reliance Retail Limited_FREX,Direct,Reliance Retail,North,UPE,Mamaearth,50000.0,80000.0,100.0
Apr'24,2024-04-01,FY_24-25,Reliance Retail Limited_FRFA,Direct,Reliance Retail,North,UPE,Mamaearth,40000.0,80000.0,100.0
Apr'24,2024-04-01,FY_24-25,Reliance Retail Limited_FRFK,Direct,Reliance Retail,North,UPE,Mamaearth,50000.0,90000.0,100.0
Apr'24,2024-04-01,FY_24-25,Reliance Retail Limited_FRFR,Direct,Reliance Retail,North,Uttarakhand,Mamaearth,50000.0,90000.0,100.0
Apr'24,2024-04-01,FY_24-25,Reliance Retail Limited_FRGC,Direct,Reliance Retail,North,UPE,Mamaearth,50000.0,90000.0,100.0
Apr'24,2024-04-01,FY_24-25,Reliance Retail Limited_FRGF,Direct,Reliance Retail,North,UPE,Mamaearth,50000.0,80000.0,100.0
Apr'24,2024-04-01,FY_24-25,Reliance Retail Limited_FRGK,Direct,Reliance Retail,North,Jammu,Mamaearth,50000.0,90000.0,100.0
Apr'24,2024-04-01,FY_24-25,Reliance Retail Limited_FRGW,Direct,Reliance Retail,North,UPE,Mamaearth,50000.0,90000.0,100.0
Apr'24,2024-04-01,FY_24-25,Reliance Retail Limited_FRHC,Direct,Reliance Retail,North,UPE,Mamaearth,50000.0,90000.0,100.0
Apr'24,2024-04-01,FY_24-25,Reliance Retail Limited_FRHF,Direct,Reliance Retail,North,UPE,Mamaearth,50000.0,80000.0,100.0
Apr'24,2024-04-01,FY_24-25,Reliance Retail Limited_FRHM,Direct,Reliance Retail,North,Madhya Pradesh,Mamaearth,10000.0,20000.0,100.0
Apr'24,2024-04-01,FY_24-25,Reliance Retail Limited_FRHR,Direct,Reliance Retail,North,UPE,Mamaearth,50000.0,90000.0,100.0
Apr'24,2024-04-01,FY_24-25,Reliance Retail Limited_Frhv,Direct,Reliance Retail,North,UPE,Aqualogica,50000.0,80000.0,100.0
Apr'24,2024-04-01,FY_24-25,Reliance Retail Limited_Frhv,Direct,Reliance Retail,North,UPE,Mamaearth,1140000.0,2960000.0,100.0
Apr'24,2024-04-01,FY_24-25,RELIANCE RETAIL LIMITED_FRIA,Direct,Reliance Retail,East,Bihar,Mamaearth,1050000.0,2580000.0,100.0
Apr'24,2024-04-01,FY_24-25,Reliance Retail Limited_SAOS,Direct,Reliance Retail,East,West Bengal,Mamaearth,1170000.0,2870000.0,100.0
Apr'24,2024-04-01,FY_24-25,Reliance Retail Limited_Sb01,Direct,Reliance Retail,West,Mumbai,Aqualogica,50000.0,80000.0,100.0
Apr'24,2024-04-01,FY_24-25,Reliance Retail Limited_Sb01,Direct,Reliance Retail,West,Mumbai,Mamaearth,1250000.0,3250000.0,100.0
Apr'24,2024-04-01,FY_24-25,RELIANCE RETAIL LIMITED_SF52,Direct,Reliance Retail,South-1,Tamil Nadu,Mamaearth,840000.0,2070000.0,100.0
Apr'24,2024-04-01,FY_24-25,Reliance Retail Limited_Sk8I,Direct,Reliance Retail,North,Uttarakhand,Mamaearth,110000.0,190000.0,100.0
Apr'24,2024-04-01,FY_24-25,Reliance Retail Limited_SL6S,Direct,Reliance Retail,North,Rajasthan,Mamaearth,360000.0,750000.0,100.0
Apr'24,2024-04-01,FY_24-25,Reliance Retail Limited_T913,Direct,Reliance Retail,North,UPW,Mamaearth,30000.0,50000.0,100.0
Apr'24,2024-04-01,FY_24-25,Reliance Retail Limited_T946,Direct,Reliance Retail,North,Rajasthan,Mamaearth,50000.0,90000.0,100.0
Apr'24,2024-04-01,FY_24-25,Reliance Retail Limited_TB15,Direct,Reliance Retail,North,Madhya Pradesh,Mamaearth,30000.0,50000.0,100.0
Apr'24,2024-04-01,FY_24-25,Reliance Retail Limited_TE57,Direct,Reliance Retail,North,Punjab,Mamaearth,60000.0,100000.0,100.0
Apr'24,2024-04-01,FY_24-25,Reliance Retail Limited_TFY8,Direct,Reliance Retail,North,Madhya Pradesh,Mamaearth,30000.0,40000.0,100.0
Apr'24,2024-04-01,FY_24-25,Reliance Retail Limited_TH94,Direct,Reliance Retail,North,Rajasthan,Mamaearth,50000.0,80000.0,100.0
Apr'24,2024-04-01,FY_24-25,Reliance Retail Limited_TI77,Direct,Reliance Retail,North,UPW,Mamaearth,30000.0,50000.0,100.0
Apr'24,2024-04-01,FY_24-25,Reliance Retail Limited_TK48,Direct,Reliance Retail,East,Jharkhand,Mamaearth,50000.0,80000.0,100.0
Apr'24,2024-04-01,FY_24-25,Reliance Retail Limited_TMW7,Direct,Reliance Retail,West,Mumbai,Mamaearth,60000.0,110000.0,100.0
Apr'24,2024-04-01,FY_24-25,Reliance Retail Limited_TNC1,Direct,Reliance Retail,North,Uttarakhand,Mamaearth,20000.0,30000.0,100.0
Apr'24,2024-04-01,FY_24-25,Reliance Retail Limited_TNC6,Direct,Reliance Retail,North,Punjab,Mamaearth,70000.0,120000.0,100.0
Apr'24,2024-04-01,FY_24-25,Reliance Retail Limited_TO20,Direct,Reliance Retail,North,Madhya Pradesh,Mamaearth,30000.0,50000.0,100.0
Apr'24,2024-04-01,FY_24-25,Reliance Retail Limited_TOJ6,Direct,Reliance Retail,West,Mumbai,Mamaearth,60000.0,100000.0,100.0
Apr'24,2024-04-01,FY_24-25,Reliance Retail Limited_TP05,Direct,Reliance Retail,North,Haryana,Mamaearth,50000.0,80000.0,100.0
Apr'24,2024-04-01,FY_24-25,Reliance Retail Limited_TP75,Direct,Reliance Retail,North,Madhya Pradesh,Mamaearth,30000.0,50000.0,100.0
Apr'24,2024-04-01,FY_24-25,Reliance Retail Limited_TP76,Direct,Reliance Retail,North,Rajasthan,Mamaearth,20000.0,40000.0,100.0
Apr'24,2024-04-01,FY_24-25,Reliance Retail Limited_TQ21,Direct,Reliance Retail,West,Mumbai,Mamaearth,50000.0,90000.0,100.0
Apr'24,2024-04-01,FY_24-25,Reliance Retail Limited_TU21,Direct,Reliance Retail,North,Delhi,Mamaearth,40000.0,80000.0,100.0
Apr'24,2024-04-01,FY_24-25,Reliance Retail Limited_TW60,Direct,Reliance Retail,East,Orissa,Mamaearth,90000.0,160000.0,100.0
Apr'24,2024-04-01,FY_24-25,Reliance Retail Limited_TY87,Direct,Reliance Retail,North,Rajasthan,Mamaearth,50000.0,80000.0,100.0
Apr'24,2024-04-01,FY_24-25,Reliance Retail Limited-2956,Direct,Reliance Retail,East,Jharkhand,Mamaearth,10000.0,20000.0,100.0
Apr'24,2024-04-01,FY_24-25,Reliance Retail Limited-6202,Direct,Reliance Retail,West,Gujarat,Mamaearth,20000.0,40000.0,100.0
Apr'24,2024-04-01,FY_24-25,Reliance Retail Limited-6205,Direct,Reliance Retail,North,Haryana,Mamaearth,160000.0,300000.0,100.0
Apr'24,2024-04-01,FY_24-25,Reliance Retail Limited-6206,Direct,Reliance Retail,East,Jharkhand,Mamaearth,20000.0,30000.0,100.0
Apr'24,2024-04-01,FY_24-25,Reliance Retail Limited-6208,Direct,Reliance Retail,West,Pune,Mamaearth,50000.0,90000.0,100.0
Apr'24,2024-04-01,FY_24-25,Reliance Retail Limited-6217,Direct,Reliance Retail,West,Mumbai,Aqualogica,0.0,0.0,100.0
Apr'24,2024-04-01,FY_24-25,Reliance Retail Limited-6217,Direct,Reliance Retail,West,Mumbai,Mamaearth,120000.0,230000.0,100.0
Apr'24,2024-04-01,FY_24-25,Reliance Retail Limited-6217,Direct,Reliance Retail,West,Mumbai,The Derma Co,10000.0,10000.0,100.0
Apr'24,2024-04-01,FY_24-25,Reliance Retail Limited-6219,Direct,Reliance Retail,West,Pune,Mamaearth,20000.0,30000.0,100.0
Apr'24,2024-04-01,FY_24-25,Reliance Retail Limited-6220,Direct,Reliance Retail,West,Mumbai,Aqualogica,0.0,0.0,100.0
Apr'24,2024-04-01,FY_24-25,Reliance Retail Limited-6220,Direct,Reliance Retail,West,Mumbai,Mamaearth,40000.0,70000.0,100.0
Apr'24,2024-04-01,FY_24-25,Reliance Retail Limited-6220,Direct,Reliance Retail,West,Mumbai,The Derma Co,0.0,0.0,100.0
Apr'24,2024-04-01,FY_24-25,Reliance Retail Limited-6224,Direct,Reliance Retail,East,Orissa,Aqualogica,0.0,0.0,100.0
Apr'24,2024-04-01,FY_24-25,Reliance Retail Limited-6224,Direct,Reliance Retail,East,Orissa,Mamaearth,10000.0,20000.0,100.0
Apr'24,2024-04-01,FY_24-25,Reliance Retail Limited-6224,Direct,Reliance Retail,East,Orissa,The Derma Co,0.0,0.0,100.0
Apr'24,2024-04-01,FY_24-25,Reliance Retail Limited-6239,Direct,Reliance Retail,North,Delhi,Mamaearth,30000.0,60000.0,100.0
Apr'24,2024-04-01,FY_24-25,RELIANCE RETAIL LIMITED-Badli,Direct,Reliance Retail,North,Haryana,Aqualogica,50000.0,80000.0,100.0
Apr'24,2024-04-01,FY_24-25,RELIANCE RETAIL LIMITED-Badli,Direct,Reliance Retail,North,Haryana,Mamaearth,1070000.0,2390000.0,100.0
Apr'24,2024-04-01,FY_24-25,Reliance Retail Limited-FR04,Direct,Reliance Retail,West,Mumbai,Mamaearth,90000.0,160000.0,100.0
Apr'24,2024-04-01,FY_24-25,Reliance Retail Limited-FR08,Direct,Reliance Retail,West,Mumbai,Mamaearth,30000.0,60000.0,100.0
Apr'24,2024-04-01,FY_24-25,Reliance Retail Limited-FR15,Direct,Reliance Retail,West,Mumbai,Mamaearth,30000.0,50000.0,100.0
Apr'24,2024-04-01,FY_24-25,Reliance Retail Limited-FR63,Direct,Reliance Retail,East,Orissa,Mamaearth,10000.0,20000.0,100.0
Apr'24,2024-04-01,FY_24-25,Reliance Retail Limited-FR73,Direct,Reliance Retail,East,West Bengal,Mamaearth,30000.0,50000.0,100.0
Apr'24,2024-04-01,FY_24-25,Reliance Retail Limited-FRAR,Direct,Reliance Retail,East,Jharkhand,Mamaearth,20000.0,30000.0,100.0
Apr'24,2024-04-01,FY_24-25,Reliance Retail Limited-FRAU,Direct,Reliance Retail,East,Jharkhand,Mamaearth,20000.0,40000.0,100.0
Apr'24,2024-04-01,FY_24-25,Reliance Retail Limited-FRCA,Direct,Reliance Retail,East,West Bengal,Mamaearth,20000.0,30000.0,100.0
Apr'24,2024-04-01,FY_24-25,Reliance Retail Limited-FRCB,Direct,Reliance Retail,East,West Bengal,Mamaearth,20000.0,30000.0,100.0
Apr'24,2024-04-01,FY_24-25,Reliance Retail Limited-FRCC,Direct,Reliance Retail,East,West Bengal,Mamaearth,50000.0,80000.0,100.0
Apr'24,2024-04-01,FY_24-25,Reliance Retail Limited-FRCF,Direct,Reliance Retail,East,West Bengal,Mamaearth,20000.0,30000.0,100.0
Apr'24,2024-04-01,FY_24-25,Reliance Retail Limited-FRCK,Direct,Reliance Retail,East,West Bengal,Mamaearth,30000.0,50000.0,100.0
Apr'24,2024-04-01,FY_24-25,Reliance Retail Limited-FRCO,Direct,Reliance Retail,North,Haryana,BBlunt,20000.0,30000.0,100.0
Apr'24,2024-04-01,FY_24-25,Reliance Retail Limited-FRCO,Direct,Reliance Retail,North,Haryana,Mamaearth,40000.0,70000.0,100.0
Apr'24,2024-04-01,FY_24-25,Reliance Retail Limited-FRCX,Direct,Reliance Retail,North,Delhi,Mamaearth,90000.0,160000.0,100.0
Apr'24,2024-04-01,FY_24-25,Reliance Retail Limited-FRDF,Direct,Reliance Retail,North,UPW,Mamaearth,30000.0,50000.0,100.0
Apr'24,2024-04-01,FY_24-25,Reliance Retail Limited-FRDZ,Direct,Reliance Retail,West,Gujarat,Mamaearth,40000.0,60000.0,100.0
Apr'24,2024-04-01,FY_24-25,RELIANCE RETAIL LIMITED-FREC,Direct,Reliance Retail,South-1,Karnataka,Mamaearth,1320000.0,3030000.0,100.0
Apr'24,2024-04-01,FY_24-25,RELIANCE RETAIL LIMITED-FREF,Direct,Reliance Retail,South-1,Tamil Nadu,Mamaearth,70000.0,170000.0,100.0
Apr'24,2024-04-01,FY_24-25,RELIANCE RETAIL LIMITED-FREI,Direct,Reliance Retail,South-2,Telangana,Mamaearth,40000.0,110000.0,100.0
Apr'24,2024-04-01,FY_24-25,Reliance Retail Limited-FRFC,Direct,Reliance Retail,East,Northeast-Assam,Mamaearth,70000.0,120000.0,100.0
Apr'24,2024-04-01,FY_24-25,Reliance Retail Limited-FRFH,Direct,Reliance Retail,East,Tripura,Mamaearth,30000.0,60000.0,100.0
Apr'24,2024-04-01,FY_24-25,Reliance Retail Limited-FRFP,Direct,Reliance Retail,East,Bihar,Mamaearth,30000.0,50000.0,100.0
Apr'24,2024-04-01,FY_24-25,Reliance Retail Limited-FRGS,Direct,Reliance Retail,East,Bihar,Mamaearth,20000.0,30000.0,100.0
Apr'24,2024-04-01,FY_24-25,Reliance Retail Limited-FRHK,Direct,Reliance Retail,East,Northeast-Assam,Mamaearth,40000.0,80000.0,100.0
Apr'24,2024-04-01,FY_24-25,Reliance Retail Limited-FRHT,Direct,Reliance Retail,East,Bihar,Mamaearth,30000.0,50000.0,100.0
Apr'24,2024-04-01,FY_24-25,Reliance Retail Limited-S0GK,Direct,Reliance Retail,South-1,Kerala,Mamaearth,130000.0,290000.0,100.0
Apr'24,2024-04-01,FY_24-25,Reliance Retail Limited-SAAH,Direct,Reliance Retail,North,UPW,Aqualogica,50000.0,80000.0,100.0
Apr'24,2024-04-01,FY_24-25,Reliance Retail Limited-SAAH,Direct,Reliance Retail,North,UPW,Mamaearth,600000.0,1470000.0,100.0
Apr'24,2024-04-01,FY_24-25,RELIANCE RETAIL LIMITED-SF92,Direct,Reliance Retail,East,West Bengal,Mamaearth,1790000.0,4330000.0,100.0
Apr'24,2024-04-01,FY_24-25,RELIANCE RETAIL LIMITED-SH65,Direct,Reliance Retail,West,Pune,Aqualogica,50000.0,80000.0,100.0
Apr'24,2024-04-01,FY_24-25,RELIANCE RETAIL LIMITED-SH65,Direct,Reliance Retail,West,Pune,Mamaearth,1510000.0,3750000.0,100.0
Apr'24,2024-04-01,FY_24-25,RELIANCE RETAIL LIMITED-SH69,Direct,Reliance Retail,North,Haryana,Aqualogica,50000.0,80000.0,100.0
Apr'24,2024-04-01,FY_24-25,RELIANCE RETAIL LIMITED-SH69,Direct,Reliance Retail,North,Haryana,Mamaearth,600000.0,1410000.0,100.0
Apr'24,2024-04-01,FY_24-25,RELIANCE RETAIL LIMITED-SH71,Direct,Reliance Retail,North,Madhya Pradesh,Aqualogica,60000.0,90000.0,100.0
Apr'24,2024-04-01,FY_24-25,RELIANCE RETAIL LIMITED-SH71,Direct,Reliance Retail,North,Madhya Pradesh,Mamaearth,1250000.0,3070000.0,100.0
Apr'24,2024-04-01,FY_24-25,Reliance Retail Limited-SH77,Direct,Reliance Retail,South-1,Kerala,Mamaearth,970000.0,1910000.0,100.0
Apr'24,2024-04-01,FY_24-25,Reliance Retail Limited-SK6I,Direct,Reliance Retail,West,Gujarat,Mamaearth,260000.0,520000.0,100.0
Apr'24,2024-04-01,FY_24-25,Reliance Retail Limited-SLG3,Direct,Reliance Retail,South-1,Tamil Nadu,Mamaearth,1310000.0,3300000.0,100.0
Apr'24,2024-04-01,FY_24-25,RELIANCE RETAIL LIMITED-SLIG,Direct,Reliance Retail,East,Northeast-Assam,Mamaearth,1700000.0,3920000.0,100.0
Apr'24,2024-04-01,FY_24-25,RELIANCE RETAIL LIMITED-SLII,Direct,Reliance Retail,North,UPE,Mamaearth,-90000.0,-150000.0,100.0
Apr'24,2024-04-01,FY_24-25,Reliance Retail Limited-Slmr,Direct,Reliance Retail,East,Orissa,Mamaearth,170000.0,320000.0,100.0
Apr'24,2024-04-01,FY_24-25,Reliance Retail Limited-SLS1,Direct,Reliance Retail,South-1,Tamil Nadu,Aqualogica,50000.0,80000.0,100.0
Apr'24,2024-04-01,FY_24-25,Reliance Retail Limited-SLS1,Direct,Reliance Retail,South-1,Tamil Nadu,Mamaearth,440000.0,990000.0,100.0
Apr'24,2024-04-01,FY_24-25,Reliance Retail Limited-SLS2,Direct,Reliance Retail,South-2,Andhra Pradesh,Mamaearth,40000.0,120000.0,100.0
Apr'24,2024-04-01,FY_24-25,Reliance Retail Limited-SP9K,Direct,Reliance Retail,West,Pune,Mamaearth,450000.0,1120000.0,100.0
Apr'24,2024-04-01,FY_24-25,Reliance Retail Limited-T915,Direct,Reliance Retail,North,UPW,Mamaearth,60000.0,110000.0,100.0
Apr'24,2024-04-01,FY_24-25,Reliance Retail Limited-TAFW,Direct,Reliance Retail,West,Mumbai,Mamaearth,20000.0,40000.0,100.0
Apr'24,2024-04-01,FY_24-25,Reliance Retail Limited-TIU6,Direct,Reliance Retail,East,Jharkhand,Mamaearth,20000.0,30000.0,100.0
Apr'24,2024-04-01,FY_24-25,Reliance Retail Limited-TL30,Direct,Reliance Retail,North,Delhi,Mamaearth,50000.0,80000.0,100.0
Apr'24,2024-04-01,FY_24-25,Reliance Retail Limited-Tna8,Direct,Reliance Retail,West,Gujarat,Mamaearth,20000.0,40000.0,100.0
Apr'24,2024-04-01,FY_24-25,Reliance Retail Limited-TNC4,Direct,Reliance Retail,East,Northeast-Assam,Mamaearth,30000.0,50000.0,100.0
Apr'24,2024-04-01,FY_24-25,Reliance Retail Limited-Tnd5,Direct,Reliance Retail,West,Gujarat,Mamaearth,30000.0,60000.0,100.0
Apr'24,2024-04-01,FY_24-25,Reliance Retail Limited-TOM0,Direct,Reliance Retail,West,Mumbai,Mamaearth,100000.0,170000.0,100.0
Apr'24,2024-04-01,FY_24-25,Reliance Retail Limited-TW11,Direct,Reliance Retail,North,Delhi,Mamaearth,50000.0,100000.0,100.0
Apr'24,2024-04-01,FY_24-25,Reliance Retail Limited-TZL5,Direct,Reliance Retail,East,Bihar,Mamaearth,10000.0,20000.0,100.0
Apr'24,2024-04-01,FY_24-25,RELIANCE RETAIL LIMITED-VT05,Direct,Reliance Retail,South-1,Tamil Nadu,Mamaearth,60000.0,110000.0,100.0
Apr'24,2024-04-01,FY_24-25,Reliance Retail Limited-ZZI0-B,Direct,Reliance Retail,South-1,Kerala,Mamaearth,60000.0,90000.0,100.0
Apr'24,2024-04-01,FY_24-25,RELIANCE RETAIL Ltd-SK6C,Direct,Reliance Retail,West,Gujarat,Aqualogica,50000.0,80000.0,100.0
Apr'24,2024-04-01,FY_24-25,RELIANCE RETAIL Ltd-SK6C,Direct,Reliance Retail,West,Gujarat,Mamaearth,1310000.0,3170000.0,100.0
Apr'24,2024-04-01,FY_24-25,RELIANCE RETAIL Ltd-SLEW,Direct,Reliance Retail,West,Chattishgarh,Aqualogica,50000.0,80000.0,100.0
Apr'24,2024-04-01,FY_24-25,RELIANCE RETAIL Ltd-SLEW,Direct,Reliance Retail,West,Chattishgarh,Mamaearth,1120000.0,2690000.0,100.0
Apr'24,2024-04-01,FY_24-25,Tnsi Retail Pvt Ltd_Sultanpur,Direct,WH-Smith,North,Haryana,Mamaearth,70000.0,130000.0,100.0
Apr'24,2024-04-01,FY_24-25,Travel News Services India Pvt Ltd(Wb),Direct,WH-Smith,East,West Bengal,Aqualogica,10000.0,10000.0,100.0
Apr'24,2024-04-01,FY_24-25,Travel News Services India Pvt Ltd(Wb),Direct,WH-Smith,East,West Bengal,Mamaearth,30000.0,50000.0,100.0
Apr'24,2024-04-01,FY_24-25,Travel Retail Services Pvt Ltd_Blr,Direct,Relay,South-1,Karnataka,Mamaearth,30000.0,70000.0,100.0
Apr'24,2024-04-01,FY_24-25,Travel Retail Services Pvt Ltd_Blr,Direct,Relay,South-1,Karnataka,The Derma Co,0.0,10000.0,100.0
Apr'24,2024-04-01,FY_24-25,Trent Hypermarket Private Limited_Blr,Direct,Trent,South-1,Karnataka,Mamaearth,80000.0,140000.0,100.0
Apr'24,2024-04-01,FY_24-25,Trent Hypermarket Private Limited_Mah,Direct,Trent,West,Mumbai,Mamaearth,300000.0,500000.0,100.0
Apr'24,2024-04-01,FY_24-25,Wal-Mart India Private Limited 4702,Direct,Walmart CNC,North,Punjab,Mamaearth,110000.0,220000.0,100.0
Apr'24,2024-04-01,FY_24-25,Wal-Mart India Private Limited 4703,Direct,Walmart CNC,North,Punjab,Mamaearth,100000.0,190000.0,100.0
Apr'24,2024-04-01,FY_24-25,Wal-Mart India Private Limited 4706,Direct,Walmart CNC,North,Punjab,Mamaearth,180000.0,350000.0,100.0
Apr'24,2024-04-01,FY_24-25,Wal-Mart India Private Limited 4712,Direct,Walmart CNC,North,Madhya Pradesh,Mamaearth,30000.0,50000.0,100.0
Apr'24,2024-04-01,FY_24-25,Wal-Mart India Private Limited 4713,Direct,Walmart CNC,North,Rajasthan,Mamaearth,110000.0,210000.0,100.0
Apr'24,2024-04-01,FY_24-25,Wal-Mart India Private Limited 4716,Direct,Walmart CNC,West,Chattishgarh,Mamaearth,110000.0,210000.0,100.0
Apr'24,2024-04-01,FY_24-25,Wal-Mart India Private Limited 4717,Direct,Walmart CNC,North,Punjab,Mamaearth,20000.0,30000.0,100.0
Apr'24,2024-04-01,FY_24-25,Wal-Mart India Private Limited 4719,Direct,Walmart CNC,North,Jammu,Mamaearth,290000.0,550000.0,100.0
Apr'24,2024-04-01,FY_24-25,Wal-Mart India Private Limited 4720,Direct,Walmart CNC,North,UPW,Mamaearth,120000.0,220000.0,100.0
Apr'24,2024-04-01,FY_24-25,Wal-Mart India Private Limited 4723,Direct,Walmart CNC,North,UPW,Mamaearth,100000.0,200000.0,100.0
Apr'24,2024-04-01,FY_24-25,Wal-Mart India Private Limited 4727,Direct,Walmart CNC,North,UPE,Mamaearth,170000.0,320000.0,100.0
Apr'24,2024-04-01,FY_24-25,Wal-Mart India Private Limited 4729,Direct,Walmart CNC,North,Madhya Pradesh,Mamaearth,90000.0,170000.0,100.0
Apr'24,2024-04-01,FY_24-25,Wal-Mart India Private Limited 4744,Direct,Walmart CNC,West,Pune,Mamaearth,50000.0,90000.0,100.0
Apr'24,2024-04-01,FY_24-25,Wal-Mart India Private Limited 4760,Direct,Walmart CNC,North,Madhya Pradesh,Mamaearth,90000.0,180000.0,100.0
Apr'24,2024-04-01,FY_24-25,Wal-Mart India Private Limited 4797,Direct,Walmart CNC,North,UPW,Mamaearth,50000.0,90000.0,100.0
Apr'24,2024-04-01,FY_24-25,Wal-Mart India Private Limited 4799,Direct,Walmart CNC,South-2,Andhra Pradesh,Mamaearth,30000.0,60000.0,100.0
Apr'24,2024-04-01,FY_24-25,Wal-Mart India Private Limited 4805,Direct,Walmart CNC,South-2,Andhra Pradesh,Mamaearth,10000.0,30000.0,100.0
Apr'24,2024-04-01,FY_24-25,Wal-Mart India Private Limited 4813,Direct,Walmart CNC,South-2,Telangana,Mamaearth,10000.0,20000.0,100.0
Apr'24,2024-04-01,FY_24-25,Wellness Forever Medicare Pvt Ltd,Direct,Wellness Forever,West,Mumbai,Aqualogica,600000.0,1000000.0,100.0
Apr'24,2024-04-01,FY_24-25,Wellness Forever Medicare Pvt Ltd,Direct,Wellness Forever,West,Mumbai,BBlunt,320000.0,480000.0,100.0
Apr'24,2024-04-01,FY_24-25,Wellness Forever Medicare Pvt Ltd,Direct,Wellness Forever,West,Mumbai,Mamaearth,3620000.0,6110000.0,100.0
Apr'24,2024-04-01,FY_24-25,Wellness Forever Medicare Pvt Ltd,Direct,Wellness Forever,West,Mumbai,The Derma Co,4090000.0,6900000.0,100.0
Apr'24,2024-04-01,FY_24-25,Babys World_Mt,Dist.,H&G,East,West Bengal,Aqualogica,470000.0,820000.0,100.0
Apr'24,2024-04-01,FY_24-25,Babys World_Mt,Dist.,H&G,East,West Bengal,BBlunt,100000.0,160000.0,100.0
Apr'24,2024-04-01,FY_24-25,Babys World_Mt,Dist.,More Retail,East,West Bengal,Mamaearth,620000.0,1070000.0,13.72
Apr'24,2024-04-01,FY_24-25,Babys World_Mt,Dist.,Apollo Healthco,East,West Bengal,Mamaearth,1830000.0,3160000.0,40.49
Apr'24,2024-04-01,FY_24-25,Babys World_Mt,Dist.,Frankross,East,West Bengal,Mamaearth,10000.0,20000.0,0.22
Apr'24,2024-04-01,FY_24-25,Babys World_Mt,Dist.,H&G,East,West Bengal,Mamaearth,390000.0,680000.0,8.63
Apr'24,2024-04-01,FY_24-25,Babys World_Mt,Dist.,Spencer,East,West Bengal,Mamaearth,1670000.0,2890000.0,36.95
Apr'24,2024-04-01,FY_24-25,Babys World_Mt,Dist.,H&G,East,West Bengal,The Derma Co,1640000.0,2830000.0,100.0
Apr'24,2024-04-01,FY_24-25,D.L. Sales - MT,Dist.,V-Mart,East,West Bengal,Mamaearth,1150000.0,2120000.0,100.0
Apr'24,2024-04-01,FY_24-25,G.V Enterprises,Dist.,H&G,South-1,Tamil Nadu,Aqualogica,0.0,0.0,
Apr'24,2024-04-01,FY_24-25,G.V Enterprises,Dist.,H&G,South-1,Tamil Nadu,BBlunt,0.0,0.0,
Apr'24,2024-04-01,FY_24-25,G.V Enterprises,Dist.,Apollo Healthco,South-1,Tamil Nadu,Mamaearth,510000.0,1160000.0,8.53
Apr'24,2024-04-01,FY_24-25,G.V Enterprises,Dist.,H&G,South-1,Tamil Nadu,Mamaearth,100000.0,230000.0,1.67
Apr'24,2024-04-01,FY_24-25,G.V Enterprises,Dist.,D-Mart,South-1,Tamil Nadu,Mamaearth,4690000.0,10740000.0,78.43
Apr'24,2024-04-01,FY_24-25,G.V Enterprises,Dist.,Lulu,South-1,Tamil Nadu,Mamaearth,190000.0,440000.0,3.18
Apr'24,2024-04-01,FY_24-25,G.V Enterprises,Dist.,Pothys,South-1,Tamil Nadu,Mamaearth,490000.0,1120000.0,8.19
Apr'24,2024-04-01,FY_24-25,G.V Enterprises,Dist.,H&G,South-1,Tamil Nadu,The Derma Co,50000.0,100000.0,100.0
Apr'24,2024-04-01,FY_24-25,JUST MARK-Dmart,Dist.,D-Mart,West,Gujarat,Mamaearth,13720000.0,35920000.0,100.0
Apr'24,2024-04-01,FY_24-25,Kiran Trading Co- Dmart,Dist.,D-Mart,West,Pune,Mamaearth,3840000.0,10280000.0,100.0
Apr'24,2024-04-01,FY_24-25,Kiran Trading Company_Ship to,Dist.,D-Mart,West,Pune,Mamaearth,10100000.0,26850000.0,100.0
Apr'24,2024-04-01,FY_24-25,M/S Hindustan Agencies,Dist.,Apollo Healthco,East,Orissa,Mamaearth,450000.0,880000.0,93.75
Apr'24,2024-04-01,FY_24-25,M/S Hindustan Agencies,Dist.,Nao Grocery,East,Orissa,Mamaearth,30000.0,60000.0,6.25
Apr'24,2024-04-01,FY_24-25,M/S KOTTARAM BUSINESS CORPORATION-MT,Dist.,H&G,South-1,Kerala,Aqualogica,20000.0,40000.0,7.14
Apr'24,2024-04-01,FY_24-25,M/S KOTTARAM BUSINESS CORPORATION-MT,Dist.,Apollo Healthco,South-1,Kerala,Aqualogica,260000.0,470000.0,92.86
Apr'24,2024-04-01,FY_24-25,M/S KOTTARAM BUSINESS CORPORATION-MT,Dist.,H&G,South-1,Kerala,Mamaearth,40000.0,80000.0,6.06
Apr'24,2024-04-01,FY_24-25,M/S KOTTARAM BUSINESS CORPORATION-MT,Dist.,Lulu,South-1,Kerala,Mamaearth,610000.0,1120000.0,92.42
Apr'24,2024-04-01,FY_24-25,M/S KOTTARAM BUSINESS CORPORATION-MT,Dist.,Apollo Healthco,South-1,Kerala,Mamaearth,10000.0,30000.0,1.52
Apr'24,2024-04-01,FY_24-25,M/S KOTTARAM BUSINESS CORPORATION-MT,Dist.,Apollo Healthco,South-1,Kerala,The Derma Co,10000.0,20000.0,5.0
Apr'24,2024-04-01,FY_24-25,M/S KOTTARAM BUSINESS CORPORATION-MT,Dist.,H&G,South-1,Kerala,The Derma Co,30000.0,60000.0,15.0
Apr'24,2024-04-01,FY_24-25,M/S KOTTARAM BUSINESS CORPORATION-MT,Dist.,Lulu,South-1,Kerala,The Derma Co,160000.0,300000.0,80.0
Apr'24,2024-04-01,FY_24-25,MARK ENTERPRISE,Dist.,Apollo Healthco,West,Gujarat,Mamaearth,1160000.0,2130000.0,100.0
Apr'24,2024-04-01,FY_24-25,R.C. Trade Link H&G,Dist.,H&G,West,Mumbai,Aqualogica,120000.0,180000.0,100.0
Apr'24,2024-04-01,FY_24-25,R.C. Trade Link H&G,Dist.,H&G,West,Mumbai,BBlunt,40000.0,60000.0,100.0
Apr'24,2024-04-01,FY_24-25,R.C. Trade Link H&G,Dist.,H&G,West,Mumbai,Mamaearth,170000.0,260000.0,100.0
Apr'24,2024-04-01,FY_24-25,R.C. Trade Link H&G,Dist.,H&G,West,Mumbai,The Derma Co,380000.0,600000.0,100.0
Apr'24,2024-04-01,FY_24-25,R.D. Enterprises,Dist.,Spencer,North,UPW,Mamaearth,550000.0,960000.0,67.9
Apr'24,2024-04-01,FY_24-25,R.D. Enterprises,Dist.,Lulu,North,UPW,Mamaearth,260000.0,440000.0,32.1
Apr'24,2024-04-01,FY_24-25,R.D. Enterprises,Dist.,Lulu,North,UPW,The Derma Co,30000.0,50000.0,100.0
Apr'24,2024-04-01,FY_24-25,S M AGENCIES_MT,Dist.,Grace Super MKT,South-1,Tamil Nadu,Mamaearth,200000.0,370000.0,18.02
Apr'24,2024-04-01,FY_24-25,S M AGENCIES_MT,Dist.,Pothys,South-1,Tamil Nadu,Mamaearth,190000.0,360000.0,17.12
Apr'24,2024-04-01,FY_24-25,S M AGENCIES_MT,Dist.,Sarvana,South-1,Tamil Nadu,Mamaearth,720000.0,1350000.0,64.86
Apr'24,2024-04-01,FY_24-25,Sancus Networks Private Limited-RMT,Dist.,RMT-Sancus,North,Delhi,Aqualogica,120000.0,220000.0,100.0
Apr'24,2024-04-01,FY_24-25,Sancus Networks Private Limited-RMT,Dist.,RMT-Sancus,North,Delhi,BBlunt,140000.0,250000.0,100.0
Apr'24,2024-04-01,FY_24-25,Sancus Networks Private Limited-RMT,Dist.,RMT-Sancus,North,Delhi,Mamaearth,2890000.0,6120000.0,82.1
Apr'24,2024-04-01,FY_24-25,Sancus Networks Private Limited-RMT,Dist.,Spencer,North,Delhi,Mamaearth,30000.0,60000.0,0.85
Apr'24,2024-04-01,FY_24-25,Sancus Networks Private Limited-RMT,Dist.,Max Hyper,North,Delhi,Mamaearth,330000.0,700000.0,9.38
Apr'24,2024-04-01,FY_24-25,Sancus Networks Private Limited-RMT,Dist.,More Retail,North,Delhi,Mamaearth,270000.0,580000.0,7.67
Apr'24,2024-04-01,FY_24-25,Sancus Networks Private Limited-RMT,Dist.,RMT-Sancus,North,Delhi,The Derma Co,130000.0,220000.0,100.0
Apr'24,2024-04-01,FY_24-25,Sathyashree Enterprises-Mt,Dist.,D-Mart,South-1,Karnataka,Mamaearth,590000.0,1470000.0,100.0
Apr'24,2024-04-01,FY_24-25,SC BUSINESS COMBINE_MT,Dist.,G N R C Medishop Pvt Ltd,East,Northeast-Assam,Mamaearth,70000.0,150000.0,22.58
Apr'24,2024-04-01,FY_24-25,SC BUSINESS COMBINE_MT,Dist.,Sohum Shoppe,East,Northeast-Assam,Mamaearth,240000.0,490000.0,77.42
Apr'24,2024-04-01,FY_24-25,Sri Vijaya Durga Agencies_Mt,Dist.,H&G,South-2,Andhra Pradesh,Aqualogica,490000.0,900000.0,100.0
Apr'24,2024-04-01,FY_24-25,Sri Vijaya Durga Agencies_Mt,Dist.,H&G,South-2,Andhra Pradesh,BBlunt,80000.0,130000.0,100.0
Apr'24,2024-04-01,FY_24-25,Sri Vijaya Durga Agencies_Mt,Dist.,Apollo Healthco,South-2,Andhra Pradesh,Mamaearth,2990000.0,6860000.0,24.71
Apr'24,2024-04-01,FY_24-25,Sri Vijaya Durga Agencies_Mt,Dist.,D-Mart,South-2,Andhra Pradesh,Mamaearth,6660000.0,15290000.0,55.04
Apr'24,2024-04-01,FY_24-25,Sri Vijaya Durga Agencies_Mt,Dist.,Reliance Retail,South-2,Andhra Pradesh,Mamaearth,2170000.0,4980000.0,17.93
Apr'24,2024-04-01,FY_24-25,Sri Vijaya Durga Agencies_Mt,Dist.,More Retail,South-2,Andhra Pradesh,Mamaearth,280000.0,640000.0,2.31
Apr'24,2024-04-01,FY_24-25,Sri Vijaya Durga Agencies_Mt,Dist.,H&G,South-2,Andhra Pradesh,The Derma Co,150000.0,270000.0,100.0
Apr'24,2024-04-01,FY_24-25,United Marketing_Mt,Dist.,Apollo Healthco,West,Goa,Mamaearth,80000.0,140000.0,100.0
Apr'24,2024-04-01,FY_24-25,Vanaja Agencies MT_Dmart,Dist.,D-Mart,South-2,Telangana,Mamaearth,4860000.0,11580000.0,100.0
Apr'24,2024-04-01,FY_24-25,VISHAL ENTERPRISES_Solapur,Dist.,D-Mart,West,Pune,Mamaearth,3480000.0,9270000.0,100.0
May'24,2024-05-01,FY_24-25,APOLLO HEALTHCO LIMITED_AHMEDABAD,Direct,Apollo Healthco,West,Gujarat,Mamaearth,140000.0,450000.0,100.0
May'24,2024-05-01,FY_24-25,Apollo Healthco Limited_Bhiwandi,Direct,Apollo Healthco,West,Mumbai,Aqualogica,20000.0,30000.0,100.0
May'24,2024-05-01,FY_24-25,Apollo Healthco Limited_Bhiwandi,Direct,Apollo Healthco,West,Mumbai,Mamaearth,270000.0,630000.0,100.0
May'24,2024-05-01,FY_24-25,Apollo Healthco Limited_Bhiwandi,Direct,Apollo Healthco,West,Mumbai,The Derma Co,110000.0,180000.0,100.0
May'24,2024-05-01,FY_24-25,Apollo Healthco Limited_Faridabad,Direct,Apollo Healthco,North,Haryana,Aqualogica,70000.0,120000.0,100.0
May'24,2024-05-01,FY_24-25,Apollo Healthco Limited_Faridabad,Direct,Apollo Healthco,North,Haryana,Mamaearth,1150000.0,2460000.0,100.0
May'24,2024-05-01,FY_24-25,Apollo Healthco Limited_Faridabad,Direct,Apollo Healthco,North,Haryana,The Derma Co,290000.0,480000.0,100.0
May'24,2024-05-01,FY_24-25,Apollo Healthco Limited_Rajasthan,Direct,Apollo Healthco,North,Rajasthan,Mamaearth,230000.0,510000.0,100.0
May'24,2024-05-01,FY_24-25,Apollo Healthco Limited-Bangalore,Direct,Apollo Healthco,South-1,Karnataka,Mamaearth,90000.0,280000.0,100.0
May'24,2024-05-01,FY_24-25,Apollo Healthco Limited-Chennai,Direct,Apollo Healthco,South-1,Tamil Nadu,Mamaearth,240000.0,770000.0,100.0
May'24,2024-05-01,FY_24-25,APOLLO HEALTHCO LIMITED-Chittor,Direct,Apollo Healthco,South-2,Andhra Pradesh,Mamaearth,210000.0,670000.0,100.0
May'24,2024-05-01,FY_24-25,Apollo Healthco Limited-Goa,Direct,Apollo Healthco,West,Goa,Mamaearth,30000.0,110000.0,100.0
May'24,2024-05-01,FY_24-25,Apollo Healthco Limited-Hubbli,Direct,Apollo Healthco,South-1,Karnataka,Mamaearth,200000.0,620000.0,100.0
May'24,2024-05-01,FY_24-25,APOLLO HEALTHCO LIMITED-HYD,Direct,Apollo Healthco,South-2,Telangana,Mamaearth,180000.0,560000.0,100.0
May'24,2024-05-01,FY_24-25,Apollo Healthco Limited-Kochi,Direct,Apollo Healthco,South-1,Kerala,Mamaearth,80000.0,260000.0,100.0
May'24,2024-05-01,FY_24-25,APOLLO HEALTHCO LIMITED-Madurai,Direct,Apollo Healthco,South-1,Tamil Nadu,Mamaearth,200000.0,630000.0,100.0
May'24,2024-05-01,FY_24-25,Apollo Healthco Limited-Ore,Direct,Apollo Healthco,East,Orissa,Mamaearth,80000.0,240000.0,100.0
May'24,2024-05-01,FY_24-25,Apollo Healthco Limited-Sanath Nagar,Direct,Apollo Healthco,South-2,Telangana,Mamaearth,210000.0,670000.0,100.0
May'24,2024-05-01,FY_24-25,APOLLO HEALTHCO LIMITED-Vijayawada,Direct,Apollo Healthco,South-2,Andhra Pradesh,Mamaearth,250000.0,800000.0,100.0
May'24,2024-05-01,FY_24-25,APOLLO HEALTHCO LIMITED-WB,Direct,Apollo Healthco,East,West Bengal,Mamaearth,100000.0,320000.0,100.0
May'24,2024-05-01,FY_24-25,APOLLO HEALTHCO LIMITED-WB-2,Direct,Apollo Healthco,East,West Bengal,Mamaearth,280000.0,880000.0,100.0
May'24,2024-05-01,FY_24-25,Apollo Healthco Ltd_Raipur,Direct,Apollo Healthco,West,Chattishgarh,Mamaearth,200000.0,460000.0,100.0
May'24,2024-05-01,FY_24-25,Avenue E Commerce Limited(Kanjur),Direct,D-Mart,West,Mumbai,The Derma Co,60000.0,120000.0,100.0
May'24,2024-05-01,FY_24-25,Avenue E Commerce Limited(Mira Road) N,Direct,D-Mart,West,Mumbai,The Derma Co,50000.0,100000.0,100.0
May'24,2024-05-01,FY_24-25,Avenue E Commerce Limited(Nahur),Direct,D-Mart,West,Mumbai,The Derma Co,60000.0,120000.0,100.0
May'24,2024-05-01,FY_24-25,Avenue E Commerce Ltd_CadburyFC.,Direct,D-Mart,West,Mumbai,The Derma Co,40000.0,90000.0,100.0
May'24,2024-05-01,FY_24-25,Avenue E Commerce Ltd_Goregaon,Direct,D-Mart,West,Mumbai,The Derma Co,50000.0,100000.0,100.0
May'24,2024-05-01,FY_24-25,Avenue Supermarts Ltd.-4905,Direct,D-Mart,West,Chattishgarh,Mamaearth,100000.0,-420000.0,100.0
May'24,2024-05-01,FY_24-25,Avenue Supermarts Ltd.-DC-1032,Direct,D-Mart,South-1,Karnataka,Mamaearth,11510000.0,29250000.0,100.0
May'24,2024-05-01,FY_24-25,Avenue Supermarts Ltd.-DC-1039,Direct,D-Mart,West,Mumbai,BBlunt,170000.0,340000.0,100.0
May'24,2024-05-01,FY_24-25,Avenue Supermarts Ltd.-DC-1039,Direct,D-Mart,West,Mumbai,Mamaearth,10280000.0,25260000.0,100.0
May'24,2024-05-01,FY_24-25,Avenue Supermarts Ltd.-DC-1049,Direct,D-Mart,North,Madhya Pradesh,Mamaearth,3530000.0,9300000.0,100.0
May'24,2024-05-01,FY_24-25,Avenue Supermarts Ltd.-DC-1050,Direct,D-Mart,North,Punjab,Mamaearth,4500000.0,10910000.0,100.0
May'24,2024-05-01,FY_24-25,Avenue Supermarts Ltd.-DC-1068,Direct,D-Mart,North,Rajasthan,Mamaearth,3000000.0,7490000.0,100.0
May'24,2024-05-01,FY_24-25,Avenue Supermarts Ltd_4901,Direct,D-Mart,West,Chattishgarh,Mamaearth,430000.0,1070000.0,100.0
May'24,2024-05-01,FY_24-25,Avenue Supermarts Ltd_4902,Direct,D-Mart,West,Chattishgarh,Mamaearth,290000.0,700000.0,100.0
May'24,2024-05-01,FY_24-25,Avenue Supermarts Ltd_4903,Direct,D-Mart,West,Chattishgarh,Mamaearth,490000.0,1270000.0,100.0
May'24,2024-05-01,FY_24-25,Avenue Supermarts Ltd_4904,Direct,D-Mart,West,Chattishgarh,Mamaearth,180000.0,410000.0,100.0
May'24,2024-05-01,FY_24-25,Avenue Supermarts Ltd_4906,Direct,D-Mart,West,Chattishgarh,Mamaearth,220000.0,520000.0,100.0
May'24,2024-05-01,FY_24-25,Guardian Healthcare Services Pvt Ltd(DL),Direct,Guardian,North,Delhi,Aqualogica,40000.0,80000.0,100.0
May'24,2024-05-01,FY_24-25,Guardian Healthcare Services Pvt Ltd(DL),Direct,Guardian,North,Delhi,Mamaearth,130000.0,260000.0,100.0
May'24,2024-05-01,FY_24-25,Guardian Healthcare Services Pvt Ltd(DL),Direct,Guardian,North,Delhi,The Derma Co,70000.0,140000.0,100.0
May'24,2024-05-01,FY_24-25,Metro Cash & Carry India Pvt Ltd -(DC27)-T0SJ,Direct,Metro-CNC-RRL,South-1,Karnataka,Aqualogica,270000.0,420000.0,100.0
May'24,2024-05-01,FY_24-25,Metro Cash & Carry India Pvt Ltd -(DC27)-T0SJ,Direct,Metro-CNC-RRL,South-1,Karnataka,BBlunt,10000.0,10000.0,100.0
May'24,2024-05-01,FY_24-25,Metro Cash & Carry India Pvt Ltd -(DC27)-T0SJ,Direct,Metro-CNC-RRL,South-1,Karnataka,Mamaearth,200000.0,360000.0,100.0
May'24,2024-05-01,FY_24-25,Metro Cash & Carry India Pvt Ltd -(DC27)-T0SJ,Direct,Metro-CNC-RRL,South-1,Karnataka,The Derma Co,370000.0,580000.0,100.0
May'24,2024-05-01,FY_24-25,Metro Cash & Carry India Pvt Ltd -(DC34)-T0SR,Direct,Metro-CNC-RRL,South-1,Karnataka,Mamaearth,40000.0,70000.0,100.0
May'24,2024-05-01,FY_24-25,Metro Cash & Carry India Pvt Ltd-(DC10)-T0SM,Direct,Metro-CNC-RRL,South-1,Karnataka,BBlunt,40000.0,60000.0,100.0
May'24,2024-05-01,FY_24-25,Metro Cash & Carry India Pvt Ltd-(DC10)-T0SM,Direct,Metro-CNC-RRL,South-1,Karnataka,Mamaearth,590000.0,1130000.0,100.0
May'24,2024-05-01,FY_24-25,Metro Cash & Carry India Pvt Ltd-(DC10)-T0SM,Direct,Metro-CNC-RRL,South-1,Karnataka,The Derma Co,10000.0,20000.0,100.0
May'24,2024-05-01,FY_24-25,Metro Cash & Carry India Pvt Ltd-(DC11)-T0SL,Direct,Metro-CNC-RRL,South-1,Karnataka,Aqualogica,150000.0,240000.0,100.0
May'24,2024-05-01,FY_24-25,Metro Cash & Carry India Pvt Ltd-(DC11)-T0SL,Direct,Metro-CNC-RRL,South-1,Karnataka,BBlunt,10000.0,10000.0,100.0
May'24,2024-05-01,FY_24-25,Metro Cash & Carry India Pvt Ltd-(DC11)-T0SL,Direct,Metro-CNC-RRL,South-1,Karnataka,Mamaearth,380000.0,730000.0,100.0
May'24,2024-05-01,FY_24-25,Metro Cash & Carry India Pvt Ltd-(DC11)-T0SL,Direct,Metro-CNC-RRL,South-1,Karnataka,The Derma Co,370000.0,580000.0,100.0
May'24,2024-05-01,FY_24-25,Metro Cash & Carry India Pvt Ltd-(DC12)-T0QX,Direct,Metro-CNC-RRL,South-2,Telangana,Aqualogica,150000.0,230000.0,100.0
May'24,2024-05-01,FY_24-25,Metro Cash & Carry India Pvt Ltd-(DC12)-T0QX,Direct,Metro-CNC-RRL,South-2,Telangana,BBlunt,30000.0,40000.0,100.0
May'24,2024-05-01,FY_24-25,Metro Cash & Carry India Pvt Ltd-(DC12)-T0QX,Direct,Metro-CNC-RRL,South-2,Telangana,Mamaearth,1100000.0,2370000.0,100.0
May'24,2024-05-01,FY_24-25,Metro Cash & Carry India Pvt Ltd-(DC12)-T0QX,Direct,Metro-CNC-RRL,South-2,Telangana,The Derma Co,350000.0,560000.0,100.0
May'24,2024-05-01,FY_24-25,Metro Cash & Carry India Pvt Ltd-(DC15)-T0QY,Direct,Metro-CNC-RRL,South-2,Telangana,Mamaearth,130000.0,240000.0,100.0
May'24,2024-05-01,FY_24-25,Metro Cash & Carry India Pvt Ltd-(DC16)-T0QZ,Direct,Metro-CNC-RRL,South-2,Telangana,BBlunt,60000.0,90000.0,100.0
May'24,2024-05-01,FY_24-25,Metro Cash & Carry India Pvt Ltd-(DC16)-T0QZ,Direct,Metro-CNC-RRL,South-2,Telangana,Mamaearth,660000.0,1350000.0,100.0
May'24,2024-05-01,FY_24-25,Metro Cash & Carry India Pvt Ltd-(DC17)-T0QT,Direct,Metro-CNC-RRL,South-2,Andhra Pradesh,Mamaearth,610000.0,1180000.0,100.0
May'24,2024-05-01,FY_24-25,Metro Cash & Carry India Pvt Ltd-(DC18)-T0SN,Direct,Metro-CNC-RRL,South-1,Karnataka,Aqualogica,390000.0,620000.0,100.0
May'24,2024-05-01,FY_24-25,Metro Cash & Carry India Pvt Ltd-(DC18)-T0SN,Direct,Metro-CNC-RRL,South-1,Karnataka,BBlunt,10000.0,20000.0,100.0
May'24,2024-05-01,FY_24-25,Metro Cash & Carry India Pvt Ltd-(DC18)-T0SN,Direct,Metro-CNC-RRL,South-1,Karnataka,Mamaearth,350000.0,660000.0,100.0
May'24,2024-05-01,FY_24-25,Metro Cash & Carry India Pvt Ltd-(DC18)-T0SN,Direct,Metro-CNC-RRL,South-1,Karnataka,The Derma Co,800000.0,1260000.0,100.0
May'24,2024-05-01,FY_24-25,Metro Cash & Carry India Pvt Ltd-(DC20)-T0RK,Direct,Metro-CNC-RRL,West,Mumbai,Mamaearth,260000.0,470000.0,100.0
May'24,2024-05-01,FY_24-25,Metro Cash & Carry India Pvt Ltd-(DC23)-T0RL,Direct,Metro-CNC-RRL,West,Mumbai,BBlunt,50000.0,80000.0,100.0
May'24,2024-05-01,FY_24-25,Metro Cash & Carry India Pvt Ltd-(DC23)-T0RL,Direct,Metro-CNC-RRL,West,Mumbai,Mamaearth,150000.0,260000.0,100.0
May'24,2024-05-01,FY_24-25,Metro Cash & Carry India Pvt Ltd-(DC23)-T0RL,Direct,Metro-CNC-RRL,West,Mumbai,The Derma Co,10000.0,10000.0,100.0
May'24,2024-05-01,FY_24-25,Metro Cash & Carry India Pvt Ltd-(DC24)-T0RJ,Direct,Metro-CNC-RRL,North,Madhya Pradesh,BBlunt,30000.0,40000.0,100.0
May'24,2024-05-01,FY_24-25,Metro Cash & Carry India Pvt Ltd-(DC24)-T0RJ,Direct,Metro-CNC-RRL,North,Madhya Pradesh,Mamaearth,280000.0,550000.0,100.0
May'24,2024-05-01,FY_24-25,Metro Cash & Carry India Pvt Ltd-(DC25)-T0RB,Direct,Metro-CNC-RRL,West,Gujarat,Mamaearth,370000.0,670000.0,100.0
May'24,2024-05-01,FY_24-25,Metro Cash & Carry India Pvt Ltd-(DC26)-T0SP,Direct,Metro-CNC-RRL,South-1,Karnataka,Aqualogica,90000.0,150000.0,100.0
May'24,2024-05-01,FY_24-25,Metro Cash & Carry India Pvt Ltd-(DC26)-T0SP,Direct,Metro-CNC-RRL,South-1,Karnataka,BBlunt,10000.0,20000.0,100.0
May'24,2024-05-01,FY_24-25,Metro Cash & Carry India Pvt Ltd-(DC26)-T0SP,Direct,Metro-CNC-RRL,South-1,Karnataka,Mamaearth,150000.0,280000.0,100.0
May'24,2024-05-01,FY_24-25,Metro Cash & Carry India Pvt Ltd-(DC26)-T0SP,Direct,Metro-CNC-RRL,South-1,Karnataka,The Derma Co,300000.0,470000.0,100.0
May'24,2024-05-01,FY_24-25,Metro Cash & Carry India Pvt Ltd-(DC28)-T0RF,Direct,Metro-CNC-RRL,West,Gujarat,Mamaearth,20000.0,30000.0,100.0
May'24,2024-05-01,FY_24-25,Metro Cash & Carry India Pvt Ltd-(DC29)-T0RA,Direct,Metro-CNC-RRL,South-2,Telangana,Aqualogica,140000.0,210000.0,100.0
May'24,2024-05-01,FY_24-25,Metro Cash & Carry India Pvt Ltd-(DC29)-T0RA,Direct,Metro-CNC-RRL,South-2,Telangana,BBlunt,30000.0,50000.0,100.0
May'24,2024-05-01,FY_24-25,Metro Cash & Carry India Pvt Ltd-(DC29)-T0RA,Direct,Metro-CNC-RRL,South-2,Telangana,Mamaearth,540000.0,1100000.0,100.0
May'24,2024-05-01,FY_24-25,Metro Cash & Carry India Pvt Ltd-(DC29)-T0RA,Direct,Metro-CNC-RRL,South-2,Telangana,The Derma Co,360000.0,570000.0,100.0
May'24,2024-05-01,FY_24-25,Metro Cash & Carry India Pvt Ltd-(DC30)-T0RM,Direct,Metro-CNC-RRL,West,Pune,Mamaearth,150000.0,270000.0,100.0
May'24,2024-05-01,FY_24-25,Metro Cash & Carry India Pvt Ltd-(DC32)-T0QU,Direct,Metro-CNC-RRL,North,UPW,Mamaearth,90000.0,170000.0,100.0
May'24,2024-05-01,FY_24-25,Metro Cash & Carry India Pvt Ltd-(DC36)-T0RH,Direct,Metro-CNC-RRL,South-2,Andhra Pradesh,BBlunt,10000.0,10000.0,100.0
May'24,2024-05-01,FY_24-25,Metro Cash & Carry India Pvt Ltd-(DC36)-T0RH,Direct,Metro-CNC-RRL,South-2,Andhra Pradesh,Mamaearth,320000.0,620000.0,100.0
May'24,2024-05-01,FY_24-25,Metro Cash & Carry India Pvt Ltd-(DC37)-T0RD,Direct,Metro-CNC-RRL,South-2,Andhra Pradesh,BBlunt,10000.0,20000.0,100.0
May'24,2024-05-01,FY_24-25,Metro Cash & Carry India Pvt Ltd-(DC37)-T0RD,Direct,Metro-CNC-RRL,South-2,Andhra Pradesh,Mamaearth,560000.0,1080000.0,100.0
May'24,2024-05-01,FY_24-25,Metro Cash & Carry India Pvt Ltd-(DC43)-T2YF,Direct,Metro-CNC-RRL,North,Punjab,Aqualogica,250000.0,400000.0,100.0
May'24,2024-05-01,FY_24-25,Metro Cash & Carry India Pvt Ltd-(DC43)-T2YF,Direct,Metro-CNC-RRL,North,Punjab,BBlunt,20000.0,30000.0,100.0
May'24,2024-05-01,FY_24-25,Metro Cash & Carry India Pvt Ltd-(DC43)-T2YF,Direct,Metro-CNC-RRL,North,Punjab,Mamaearth,100000.0,190000.0,100.0
May'24,2024-05-01,FY_24-25,Metro Cash & Carry India Pvt Ltd-(DC43)-T2YF,Direct,Metro-CNC-RRL,North,Punjab,The Derma Co,570000.0,890000.0,100.0
May'24,2024-05-01,FY_24-25,Metro Cash & Carry India Pvt Ltd-(DC45)-T0RE,Direct,Metro-CNC-RRL,North,Rajasthan,BBlunt,30000.0,40000.0,100.0
May'24,2024-05-01,FY_24-25,Metro Cash & Carry India Pvt Ltd-(DC45)-T0RE,Direct,Metro-CNC-RRL,North,Rajasthan,Mamaearth,220000.0,410000.0,100.0
May'24,2024-05-01,FY_24-25,Metro Cash & Carry India Pvt Ltd-(DC46)-T0RC,Direct,Metro-CNC-RRL,North,Delhi,Aqualogica,20000.0,30000.0,100.0
May'24,2024-05-01,FY_24-25,Metro Cash & Carry India Pvt Ltd-(DC46)-T0RC,Direct,Metro-CNC-RRL,North,Delhi,BBlunt,40000.0,60000.0,100.0
May'24,2024-05-01,FY_24-25,Metro Cash & Carry India Pvt Ltd-(DC46)-T0RC,Direct,Metro-CNC-RRL,North,Delhi,Mamaearth,510000.0,970000.0,100.0
May'24,2024-05-01,FY_24-25,Metro Cash & Carry India Pvt Ltd-(DC46)-T0RC,Direct,Metro-CNC-RRL,North,Delhi,The Derma Co,170000.0,270000.0,100.0
May'24,2024-05-01,FY_24-25,Metro Cash & Carry India Pvt Ltd-(DC47)-T0SI,Direct,Metro-CNC-RRL,North,Punjab,Mamaearth,200000.0,350000.0,100.0
May'24,2024-05-01,FY_24-25,Metro Cash & Carry India Pvt Ltd-(DC48)-T0SK,Direct,Metro-CNC-RRL,North,Punjab,Mamaearth,460000.0,850000.0,100.0
May'24,2024-05-01,FY_24-25,Metro Cash & Carry India Pvt Ltd-(DC52)-T0RI,Direct,Metro-CNC-RRL,North,Delhi,BBlunt,30000.0,50000.0,100.0
May'24,2024-05-01,FY_24-25,Metro Cash & Carry India Pvt Ltd-(DC52)-T0RI,Direct,Metro-CNC-RRL,North,Delhi,Mamaearth,150000.0,280000.0,100.0
May'24,2024-05-01,FY_24-25,Metro Cash & Carry India Pvt Ltd-(DC53)-T0QV,Direct,Metro-CNC-RRL,North,Lucknow_UPE,BBlunt,30000.0,40000.0,100.0
May'24,2024-05-01,FY_24-25,Metro Cash & Carry India Pvt Ltd-(DC53)-T0QV,Direct,Metro-CNC-RRL,North,Lucknow_UPE,Mamaearth,190000.0,370000.0,100.0
May'24,2024-05-01,FY_24-25,Metro Cash & Carry India Pvt Ltd-(DC54)-T0QW,Direct,Metro-CNC-RRL,North,UPW,Mamaearth,340000.0,670000.0,100.0
May'24,2024-05-01,FY_24-25,Metro Cash & Carry India Pvt Ltd-(DC60)-T0QS,Direct,Metro-CNC-RRL,East,West Bengal,Aqualogica,20000.0,30000.0,100.0
May'24,2024-05-01,FY_24-25,Metro Cash & Carry India Pvt Ltd-(DC60)-T0QS,Direct,Metro-CNC-RRL,East,West Bengal,BBlunt,30000.0,40000.0,100.0
May'24,2024-05-01,FY_24-25,Metro Cash & Carry India Pvt Ltd-(DC60)-T0QS,Direct,Metro-CNC-RRL,East,West Bengal,Mamaearth,740000.0,1340000.0,100.0
May'24,2024-05-01,FY_24-25,Metro Cash & Carry India Pvt Ltd-(DC60)-T0QS,Direct,Metro-CNC-RRL,East,West Bengal,The Derma Co,110000.0,180000.0,100.0
May'24,2024-05-01,FY_24-25,Metro Cash & Carry India Pvt Ltd_DC33(T0SQ),Direct,Metro-CNC-RRL,South-1,Karnataka,Mamaearth,270000.0,500000.0,100.0
May'24,2024-05-01,FY_24-25,Metro Cash & Carry India Pvt Ltd_T0SO,Direct,Metro-CNC-RRL,South-1,Karnataka,Mamaearth,220000.0,420000.0,100.0
May'24,2024-05-01,FY_24-25,Metro Cash & Carry India Pvt Ltd_T2E4,Direct,Metro-CNC-RRL,North,Punjab,Mamaearth,30000.0,50000.0,100.0
May'24,2024-05-01,FY_24-25,Metro Cash & Carry India Pvt Ltd_T2FM,Direct,Metro-CNC-RRL,West,Mumbai,Aqualogica,30000.0,40000.0,100.0
May'24,2024-05-01,FY_24-25,Metro Cash & Carry India Pvt Ltd_T2FM,Direct,Metro-CNC-RRL,West,Mumbai,BBlunt,20000.0,30000.0,100.0
May'24,2024-05-01,FY_24-25,Metro Cash & Carry India Pvt Ltd_T2FM,Direct,Metro-CNC-RRL,West,Mumbai,Mamaearth,150000.0,280000.0,100.0
May'24,2024-05-01,FY_24-25,Metro Cash & Carry India Pvt Ltd_T2FM,Direct,Metro-CNC-RRL,West,Mumbai,The Derma Co,90000.0,140000.0,100.0
May'24,2024-05-01,FY_24-25,Metro Cash & Carry India Pvt Ltd_T2IB,Direct,Metro-CNC-RRL,South-1,Karnataka,Mamaearth,10000.0,10000.0,100.0
May'24,2024-05-01,FY_24-25,Metro Cash & Carry India Pvt Ltd_T2IU,Direct,Metro-CNC-RRL,North,Madhya Pradesh,Mamaearth,330000.0,600000.0,100.0
May'24,2024-05-01,FY_24-25,Metro Cash & Carry India Pvt Ltd_T2MA,Direct,Metro-CNC-RRL,North,Punjab,Mamaearth,-210000.0,-380000.0,100.0
May'24,2024-05-01,FY_24-25,Metro Cash & Carry India Pvt Ltd_T2QA,Direct,Metro-CNC-RRL,North,Madhya Pradesh,Mamaearth,-30000.0,-60000.0,100.0
May'24,2024-05-01,FY_24-25,Metro Cash & Carry India Pvt Ltd_T2SJ,Direct,Metro-CNC-RRL,East,West Bengal,Mamaearth,280000.0,510000.0,100.0
May'24,2024-05-01,FY_24-25,Metro Cash & Carry India Pvt Ltd_T2SL,Direct,Metro-CNC-RRL,South-1,Tamil Nadu,Mamaearth,30000.0,50000.0,100.0
May'24,2024-05-01,FY_24-25,Metro Cash & Carry India Pvt Ltd_T2XD,Direct,Metro-CNC-RRL,North,Rajasthan,Mamaearth,680000.0,1230000.0,100.0
May'24,2024-05-01,FY_24-25,Metro Cash & Carry India Pvt Ltd_T3DO,Direct,Metro-CNC-RRL,East,Orissa,Mamaearth,70000.0,120000.0,100.0
May'24,2024-05-01,FY_24-25,Metro Cash & Carry India Pvt Ltd_T3DS,Direct,Metro-CNC-RRL,North,Punjab,Mamaearth,210000.0,370000.0,100.0
May'24,2024-05-01,FY_24-25,Metro Cash & Carry India Pvt Ltd-T2TH,Direct,Metro-CNC-RRL,North,Rajasthan,Mamaearth,-190000.0,-350000.0,100.0
May'24,2024-05-01,FY_24-25,Reliance Brand Limited,Direct,Mother Care,West,Mumbai,Mamaearth,-10000.0,-20000.0,100.0
May'24,2024-05-01,FY_24-25,RELIANCE BRAND LIMITED-SL7B,Direct,Reliance Retail,West,Mumbai,Mamaearth,-110000.0,-320000.0,100.0
May'24,2024-05-01,FY_24-25,Reliance Retail Limited Ce08,Direct,Reliance Retail,East,Jharkhand,Mamaearth,2120000.0,5360000.0,100.0
May'24,2024-05-01,FY_24-25,Reliance Retail Limited Ce08,Direct,Reliance Retail,East,Jharkhand,The Derma Co,190000.0,310000.0,100.0
May'24,2024-05-01,FY_24-25,Reliance Retail Limited Cf08,Direct,Reliance Retail,West,Mumbai,Aqualogica,20000.0,30000.0,100.0
May'24,2024-05-01,FY_24-25,Reliance Retail Limited Cf08,Direct,Reliance Retail,West,Mumbai,Mamaearth,1200000.0,2900000.0,100.0
May'24,2024-05-01,FY_24-25,Reliance Retail Limited Cf08,Direct,Reliance Retail,West,Mumbai,The Derma Co,120000.0,190000.0,100.0
May'24,2024-05-01,FY_24-25,Reliance Retail Limited Cm08,Direct,Reliance Retail,West,Pune,Aqualogica,70000.0,110000.0,100.0
May'24,2024-05-01,FY_24-25,Reliance Retail Limited Cm08,Direct,Reliance Retail,West,Pune,Mamaearth,1200000.0,2780000.0,100.0
May'24,2024-05-01,FY_24-25,Reliance Retail Limited Cm08,Direct,Reliance Retail,West,Pune,The Derma Co,120000.0,190000.0,100.0
May'24,2024-05-01,FY_24-25,Reliance Retail Limited Ct08,Direct,Reliance Retail,North,Rajasthan,Aqualogica,80000.0,130000.0,100.0
May'24,2024-05-01,FY_24-25,Reliance Retail Limited Ct08,Direct,Reliance Retail,North,Rajasthan,Mamaearth,1160000.0,2980000.0,100.0
May'24,2024-05-01,FY_24-25,Reliance Retail Limited Ct08,Direct,Reliance Retail,North,Rajasthan,The Derma Co,220000.0,360000.0,100.0
May'24,2024-05-01,FY_24-25,Reliance Retail Limited Ea08,Direct,Reliance Retail,North,Haryana,Aqualogica,50000.0,80000.0,100.0
May'24,2024-05-01,FY_24-25,Reliance Retail Limited Ea08,Direct,Reliance Retail,North,Haryana,Mamaearth,1220000.0,3470000.0,100.0
May'24,2024-05-01,FY_24-25,Reliance Retail Limited Ea08,Direct,Reliance Retail,North,Haryana,The Derma Co,170000.0,280000.0,100.0
May'24,2024-05-01,FY_24-25,Reliance Retail Limited Ev08,Direct,Reliance Retail,North,Madhya Pradesh,Mamaearth,0.0,0.0,100.0
May'24,2024-05-01,FY_24-25,Reliance Retail Limited Fb08,Direct,Reliance Retail,North,Punjab,Aqualogica,120000.0,200000.0,100.0
May'24,2024-05-01,FY_24-25,Reliance Retail Limited Fb08,Direct,Reliance Retail,North,Punjab,Mamaearth,830000.0,2200000.0,100.0
May'24,2024-05-01,FY_24-25,Reliance Retail Limited Fb08,Direct,Reliance Retail,North,Punjab,The Derma Co,100000.0,160000.0,100.0
May'24,2024-05-01,FY_24-25,Reliance Retail Limited Fd08,Direct,Reliance Retail,South-1,Karnataka,Mamaearth,70000.0,130000.0,100.0
May'24,2024-05-01,FY_24-25,Reliance Retail Limited R301,Direct,Reliance Retail,South-2,Telangana,Mamaearth,130000.0,290000.0,100.0
May'24,2024-05-01,FY_24-25,Reliance Retail Limited R426,Direct,Reliance Retail,East,West Bengal,Mamaearth,70000.0,110000.0,100.0
May'24,2024-05-01,FY_24-25,Reliance Retail Limited R468,Direct,Reliance Retail,South-2,Andhra Pradesh,Mamaearth,180000.0,430000.0,100.0
May'24,2024-05-01,FY_24-25,Reliance Retail Limited R701,Direct,Reliance Retail,West,Gujarat,Aqualogica,180000.0,300000.0,100.0
May'24,2024-05-01,FY_24-25,Reliance Retail Limited R701,Direct,Reliance Retail,West,Gujarat,Mamaearth,1790000.0,4390000.0,100.0
May'24,2024-05-01,FY_24-25,Reliance Retail Limited R701,Direct,Reliance Retail,West,Gujarat,The Derma Co,230000.0,370000.0,100.0
May'24,2024-05-01,FY_24-25,Reliance Retail Limited R703,Direct,Reliance Retail,South-1,Tamil Nadu,Mamaearth,-110000.0,-200000.0,100.0
May'24,2024-05-01,FY_24-25,Reliance Retail Limited R801,Direct,Reliance Retail,East,Orissa,Aqualogica,70000.0,110000.0,100.0
May'24,2024-05-01,FY_24-25,Reliance Retail Limited R801,Direct,Reliance Retail,East,Orissa,Mamaearth,2210000.0,5390000.0,100.0
May'24,2024-05-01,FY_24-25,Reliance Retail Limited R801,Direct,Reliance Retail,East,Orissa,The Derma Co,170000.0,270000.0,100.0
May'24,2024-05-01,FY_24-25,Reliance Retail Limited S412,Direct,Reliance Retail,East,West Bengal,Mamaearth,-320000.0,-590000.0,100.0
May'24,2024-05-01,FY_24-25,Reliance Retail Limited Sc79,Direct,Reliance Retail,West,Mumbai,Mamaearth,380000.0,850000.0,100.0
May'24,2024-05-01,FY_24-25,Reliance Retail Limited Sc79,Direct,Reliance Retail,West,Mumbai,The Derma Co,90000.0,140000.0,100.0
May'24,2024-05-01,FY_24-25,Reliance Retail Limited Sc86,Direct,Reliance Retail,South-1,Karnataka,Aqualogica,50000.0,80000.0,100.0
May'24,2024-05-01,FY_24-25,Reliance Retail Limited Sc86,Direct,Reliance Retail,South-1,Karnataka,BBlunt,0.0,0.0,100.0
May'24,2024-05-01,FY_24-25,Reliance Retail Limited Sc86,Direct,Reliance Retail,South-1,Karnataka,Mamaearth,310000.0,720000.0,100.0
May'24,2024-05-01,FY_24-25,Reliance Retail Limited Sc86,Direct,Reliance Retail,South-1,Karnataka,The Derma Co,120000.0,200000.0,100.0
May'24,2024-05-01,FY_24-25,Reliance Retail Limited Se17,Direct,Reliance Retail,South-2,Telangana,Mamaearth,-50000.0,-110000.0,100.0
May'24,2024-05-01,FY_24-25,Reliance Retail Limited_2302,Direct,Reliance Retail,East,Jharkhand,Mamaearth,20000.0,40000.0,100.0
May'24,2024-05-01,FY_24-25,Reliance Retail Limited_2364,Direct,Reliance Retail,North,Haryana,Mamaearth,20000.0,20000.0,100.0
May'24,2024-05-01,FY_24-25,Reliance Retail Limited_2995,Direct,Reliance Retail,North,Haryana,Mamaearth,40000.0,70000.0,100.0
May'24,2024-05-01,FY_24-25,Reliance Retail Limited_2996,Direct,Reliance Retail,North,Punjab,Mamaearth,20000.0,30000.0,100.0
May'24,2024-05-01,FY_24-25,Reliance Retail Limited_3210,Direct,Reliance Retail,North,Madhya Pradesh,Mamaearth,10000.0,10000.0,100.0
May'24,2024-05-01,FY_24-25,Reliance Retail Limited_6221,Direct,Reliance Retail,West,Mumbai,Mamaearth,0.0,10000.0,100.0
May'24,2024-05-01,FY_24-25,Reliance Retail Limited_6717,Direct,Reliance Retail,North,Rajasthan,Mamaearth,100000.0,170000.0,100.0
May'24,2024-05-01,FY_24-25,Reliance Retail Limited_6722,Direct,Reliance Retail,North,Delhi,Mamaearth,20000.0,30000.0,100.0
May'24,2024-05-01,FY_24-25,Reliance Retail Limited_6727,Direct,Reliance Retail,North,Haryana,Mamaearth,20000.0,30000.0,100.0
May'24,2024-05-01,FY_24-25,Reliance Retail Limited_Cy08-Kerala,Direct,Reliance Retail,South-1,Kerala,Aqualogica,50000.0,80000.0,100.0
May'24,2024-05-01,FY_24-25,Reliance Retail Limited_Cy08-Kerala,Direct,Reliance Retail,South-1,Kerala,Mamaearth,850000.0,2010000.0,100.0
May'24,2024-05-01,FY_24-25,Reliance Retail Limited_Cy08-Kerala,Direct,Reliance Retail,South-1,Kerala,The Derma Co,180000.0,300000.0,100.0
May'24,2024-05-01,FY_24-25,Reliance Retail Limited_FR00,Direct,Reliance Retail,West,Mumbai,Mamaearth,20000.0,40000.0,100.0
May'24,2024-05-01,FY_24-25,Reliance Retail Limited_FR02,Direct,Reliance Retail,West,Mumbai,Mamaearth,10000.0,10000.0,100.0
May'24,2024-05-01,FY_24-25,Reliance Retail Limited_FR03,Direct,Reliance Retail,West,Mumbai,Mamaearth,10000.0,20000.0,100.0
May'24,2024-05-01,FY_24-25,Reliance Retail Limited_FR10,Direct,Reliance Retail,West,Mumbai,Mamaearth,0.0,10000.0,100.0
May'24,2024-05-01,FY_24-25,Reliance Retail Limited_FR27,Direct,Reliance Retail,North,Madhya Pradesh,Mamaearth,30000.0,40000.0,100.0
May'24,2024-05-01,FY_24-25,Reliance Retail Limited_FR30,Direct,Reliance Retail,North,Madhya Pradesh,Mamaearth,10000.0,10000.0,100.0
May'24,2024-05-01,FY_24-25,Reliance Retail Limited_FR62,Direct,Reliance Retail,East,Orissa,Mamaearth,50000.0,80000.0,100.0
May'24,2024-05-01,FY_24-25,Reliance Retail Limited_FR64,Direct,Reliance Retail,East,Orissa,Mamaearth,30000.0,50000.0,100.0
May'24,2024-05-01,FY_24-25,Reliance Retail Limited_FR76,Direct,Reliance Retail,East,West Bengal,Mamaearth,40000.0,80000.0,100.0
May'24,2024-05-01,FY_24-25,Reliance Retail Limited_Fr87,Direct,Reliance Retail,North,Haryana,Aqualogica,40000.0,70000.0,100.0
May'24,2024-05-01,FY_24-25,Reliance Retail Limited_Fr87,Direct,Reliance Retail,North,Haryana,Mamaearth,2370000.0,5710000.0,100.0
May'24,2024-05-01,FY_24-25,Reliance Retail Limited_Fr87,Direct,Reliance Retail,North,Haryana,The Derma Co,130000.0,210000.0,100.0
May'24,2024-05-01,FY_24-25,Reliance Retail Limited_Fr89,Direct,Reliance Retail,North,UPW,Mamaearth,290000.0,670000.0,100.0
May'24,2024-05-01,FY_24-25,Reliance Retail Limited_Fr89,Direct,Reliance Retail,North,UPW,The Derma Co,110000.0,180000.0,100.0
May'24,2024-05-01,FY_24-25,Reliance Retail Limited_FRAQ,Direct,Reliance Retail,East,Jharkhand,Mamaearth,40000.0,70000.0,100.0
May'24,2024-05-01,FY_24-25,Reliance Retail Limited_FRAT,Direct,Reliance Retail,East,Jharkhand,Mamaearth,40000.0,70000.0,100.0
May'24,2024-05-01,FY_24-25,Reliance Retail Limited_Fraz,Direct,Reliance Retail,North,Punjab,Aqualogica,70000.0,120000.0,100.0
May'24,2024-05-01,FY_24-25,Reliance Retail Limited_Fraz,Direct,Reliance Retail,North,Punjab,Mamaearth,1100000.0,2510000.0,100.0
May'24,2024-05-01,FY_24-25,Reliance Retail Limited_Fraz,Direct,Reliance Retail,North,Punjab,The Derma Co,150000.0,250000.0,100.0
May'24,2024-05-01,FY_24-25,Reliance Retail Limited_FRBD,Direct,Reliance Retail,North,Punjab,Mamaearth,20000.0,40000.0,100.0
May'24,2024-05-01,FY_24-25,Reliance Retail Limited_FRBR,Direct,Reliance Retail,East,West Bengal,Mamaearth,150000.0,280000.0,100.0
May'24,2024-05-01,FY_24-25,Reliance Retail Limited_FRBS,Direct,Reliance Retail,East,West Bengal,Mamaearth,40000.0,60000.0,100.0
May'24,2024-05-01,FY_24-25,Reliance Retail Limited_FRBU,Direct,Reliance Retail,East,West Bengal,Mamaearth,30000.0,60000.0,100.0
May'24,2024-05-01,FY_24-25,Reliance Retail Limited_FRBW,Direct,Reliance Retail,East,West Bengal,Mamaearth,30000.0,50000.0,100.0
May'24,2024-05-01,FY_24-25,Reliance Retail Limited_FRCG,Direct,Reliance Retail,East,West Bengal,Mamaearth,40000.0,60000.0,100.0
May'24,2024-05-01,FY_24-25,Reliance Retail Limited_FRCH,Direct,Reliance Retail,East,West Bengal,Mamaearth,40000.0,60000.0,100.0
May'24,2024-05-01,FY_24-25,Reliance Retail Limited_FRCJ,Direct,Reliance Retail,East,West Bengal,Mamaearth,40000.0,60000.0,100.0
May'24,2024-05-01,FY_24-25,Reliance Retail Limited_FRCQ,Direct,Reliance Retail,North,Haryana,Mamaearth,0.0,0.0,100.0
May'24,2024-05-01,FY_24-25,Reliance Retail Limited_FRCS,Direct,Reliance Retail,North,Delhi,Mamaearth,20000.0,20000.0,100.0
May'24,2024-05-01,FY_24-25,Reliance Retail Limited_FRDA,Direct,Reliance Retail,North,Rajasthan,Mamaearth,10000.0,20000.0,100.0
May'24,2024-05-01,FY_24-25,Reliance Retail Limited_FRDB,Direct,Reliance Retail,North,Delhi,Mamaearth,10000.0,10000.0,100.0
May'24,2024-05-01,FY_24-25,Reliance Retail Limited_FRDI,Direct,Reliance Retail,North,UPW,Mamaearth,10000.0,20000.0,100.0
May'24,2024-05-01,FY_24-25,Reliance Retail Limited_FRDK,Direct,Reliance Retail,North,UPW,Aqualogica,10000.0,10000.0,100.0
May'24,2024-05-01,FY_24-25,Reliance Retail Limited_FRDK,Direct,Reliance Retail,North,UPW,Mamaearth,70000.0,140000.0,100.0
May'24,2024-05-01,FY_24-25,Reliance Retail Limited_FRDK,Direct,Reliance Retail,North,UPW,The Derma Co,30000.0,50000.0,100.0
May'24,2024-05-01,FY_24-25,Reliance Retail Limited_FRDL,Direct,Reliance Retail,North,UPW,Mamaearth,10000.0,20000.0,100.0
May'24,2024-05-01,FY_24-25,Reliance Retail Limited_FRDP,Direct,Reliance Retail,North,Rajasthan,Mamaearth,20000.0,30000.0,100.0
May'24,2024-05-01,FY_24-25,Reliance Retail Limited_FRDT,Direct,Reliance Retail,North,Rajasthan,Mamaearth,20000.0,30000.0,100.0
May'24,2024-05-01,FY_24-25,Reliance Retail Limited_FREM,Direct,Reliance Retail,North,Rajasthan,Mamaearth,20000.0,30000.0,100.0
May'24,2024-05-01,FY_24-25,Reliance Retail Limited_FRER,Direct,Reliance Retail,North,Rajasthan,Mamaearth,20000.0,40000.0,100.0
May'24,2024-05-01,FY_24-25,Reliance Retail Limited_FREX,Direct,Reliance Retail,North,Lucknow_UPE,Mamaearth,20000.0,30000.0,100.0
May'24,2024-05-01,FY_24-25,Reliance Retail Limited_FRFA,Direct,Reliance Retail,North,Lucknow_UPE,Mamaearth,10000.0,10000.0,100.0
May'24,2024-05-01,FY_24-25,Reliance Retail Limited_FRFB,Direct,Reliance Retail,East,Northeast-Assam,Mamaearth,40000.0,70000.0,100.0
May'24,2024-05-01,FY_24-25,Reliance Retail Limited_FRFD,Direct,Reliance Retail,East,Orissa,Mamaearth,30000.0,50000.0,100.0
May'24,2024-05-01,FY_24-25,Reliance Retail Limited_FRFK,Direct,Reliance Retail,North,Lucknow_UPE,Mamaearth,20000.0,30000.0,100.0
May'24,2024-05-01,FY_24-25,Reliance Retail Limited_FRFR,Direct,Reliance Retail,North,Uttarakhand,Mamaearth,20000.0,20000.0,100.0
May'24,2024-05-01,FY_24-25,Reliance Retail Limited_FRFU,Direct,Reliance Retail,East,Bihar,Mamaearth,30000.0,40000.0,100.0
May'24,2024-05-01,FY_24-25,Reliance Retail Limited_FRFV,Direct,Reliance Retail,East,Bihar,Mamaearth,30000.0,40000.0,100.0
May'24,2024-05-01,FY_24-25,Reliance Retail Limited_FRGC,Direct,Reliance Retail,North,Lucknow_UPE,Mamaearth,20000.0,30000.0,100.0
May'24,2024-05-01,FY_24-25,Reliance Retail Limited_FRGE,Direct,Reliance Retail,East,Nagaland,Mamaearth,20000.0,30000.0,100.0
May'24,2024-05-01,FY_24-25,Reliance Retail Limited_FRGF,Direct,Reliance Retail,North,Lucknow_UPE,Mamaearth,20000.0,40000.0,100.0
May'24,2024-05-01,FY_24-25,Reliance Retail Limited_FRGH,Direct,Reliance Retail,East,Northeast-Assam,Mamaearth,30000.0,50000.0,100.0
May'24,2024-05-01,FY_24-25,Reliance Retail Limited_FRGK,Direct,Reliance Retail,North,Jammu,Mamaearth,20000.0,30000.0,100.0
May'24,2024-05-01,FY_24-25,Reliance Retail Limited_FRGW,Direct,Reliance Retail,North,Lucknow_UPE,Mamaearth,20000.0,30000.0,100.0
May'24,2024-05-01,FY_24-25,Reliance Retail Limited_FRHC,Direct,Reliance Retail,North,Lucknow_UPE,Mamaearth,10000.0,20000.0,100.0
May'24,2024-05-01,FY_24-25,Reliance Retail Limited_FRHF,Direct,Reliance Retail,North,Lucknow_UPE,Mamaearth,20000.0,40000.0,100.0
May'24,2024-05-01,FY_24-25,Reliance Retail Limited_FRHM,Direct,Reliance Retail,North,Madhya Pradesh,Mamaearth,10000.0,10000.0,100.0
May'24,2024-05-01,FY_24-25,Reliance Retail Limited_FRHR,Direct,Reliance Retail,North,Lucknow_UPE,Mamaearth,20000.0,30000.0,100.0
May'24,2024-05-01,FY_24-25,Reliance Retail Limited_Frhv,Direct,Reliance Retail,North,Lucknow_UPE,Aqualogica,30000.0,50000.0,100.0
May'24,2024-05-01,FY_24-25,Reliance Retail Limited_Frhv,Direct,Reliance Retail,North,Lucknow_UPE,Mamaearth,1040000.0,2540000.0,100.0
May'24,2024-05-01,FY_24-25,RELIANCE RETAIL LIMITED_FRIA,Direct,Reliance Retail,East,Bihar,Aqualogica,50000.0,80000.0,100.0
May'24,2024-05-01,FY_24-25,RELIANCE RETAIL LIMITED_FRIA,Direct,Reliance Retail,East,Bihar,Mamaearth,1420000.0,3760000.0,100.0
May'24,2024-05-01,FY_24-25,RELIANCE RETAIL LIMITED_FRIA,Direct,Reliance Retail,East,Bihar,The Derma Co,150000.0,250000.0,100.0
May'24,2024-05-01,FY_24-25,Reliance Retail Limited_FRLF,Direct,Reliance Retail,East,West Bengal,Mamaearth,40000.0,60000.0,100.0
May'24,2024-05-01,FY_24-25,Reliance Retail Limited_Nagpur,Direct,Reliance Retail,West,Mumbai,Mamaearth,-130000.0,-230000.0,100.0
May'24,2024-05-01,FY_24-25,RELIANCE RETAIL LIMITED_R464,Direct,Reliance Retail,West,Gujarat,Mamaearth,-20000.0,-30000.0,100.0
May'24,2024-05-01,FY_24-25,Reliance Retail Limited_SAHO,Direct,Reliance Retail,South-1,Tamil Nadu,Mamaearth,260000.0,540000.0,100.0
May'24,2024-05-01,FY_24-25,Reliance Retail Limited_SAOS,Direct,Reliance Retail,East,West Bengal,Aqualogica,50000.0,80000.0,100.0
May'24,2024-05-01,FY_24-25,Reliance Retail Limited_SAOS,Direct,Reliance Retail,East,West Bengal,Mamaearth,1280000.0,3120000.0,100.0
May'24,2024-05-01,FY_24-25,Reliance Retail Limited_SAOS,Direct,Reliance Retail,East,West Bengal,The Derma Co,130000.0,210000.0,100.0
May'24,2024-05-01,FY_24-25,Reliance Retail Limited_Sb01,Direct,Reliance Retail,West,Mumbai,Aqualogica,30000.0,40000.0,100.0
May'24,2024-05-01,FY_24-25,Reliance Retail Limited_Sb01,Direct,Reliance Retail,West,Mumbai,Mamaearth,760000.0,1850000.0,100.0
May'24,2024-05-01,FY_24-25,Reliance Retail Limited_Sb01,Direct,Reliance Retail,West,Mumbai,The Derma Co,160000.0,260000.0,100.0
May'24,2024-05-01,FY_24-25,RELIANCE RETAIL LIMITED_SF52,Direct,Reliance Retail,South-1,Tamil Nadu,Mamaearth,840000.0,1820000.0,100.0
May'24,2024-05-01,FY_24-25,RELIANCE RETAIL LIMITED_SF52,Direct,Reliance Retail,South-1,Tamil Nadu,The Derma Co,60000.0,100000.0,100.0
May'24,2024-05-01,FY_24-25,Reliance Retail Limited_Sk8I,Direct,Reliance Retail,North,Uttarakhand,Mamaearth,100000.0,170000.0,100.0
May'24,2024-05-01,FY_24-25,Reliance Retail Limited_T913,Direct,Reliance Retail,North,UPW,Mamaearth,10000.0,20000.0,100.0
May'24,2024-05-01,FY_24-25,Reliance Retail Limited_T946,Direct,Reliance Retail,North,Rajasthan,Mamaearth,20000.0,30000.0,100.0
May'24,2024-05-01,FY_24-25,Reliance Retail Limited_TB15,Direct,Reliance Retail,North,Madhya Pradesh,Mamaearth,20000.0,30000.0,100.0
May'24,2024-05-01,FY_24-25,Reliance Retail Limited_TCE7,Direct,Reliance Retail,East,Northeast-Assam,Mamaearth,40000.0,60000.0,100.0
May'24,2024-05-01,FY_24-25,Reliance Retail Limited_TDC7,Direct,Reliance Retail,East,Orissa,Mamaearth,40000.0,60000.0,100.0
May'24,2024-05-01,FY_24-25,Reliance Retail Limited_TE57,Direct,Reliance Retail,North,Punjab,Mamaearth,10000.0,10000.0,100.0
May'24,2024-05-01,FY_24-25,Reliance Retail Limited_TFY8,Direct,Reliance Retail,North,Madhya Pradesh,Mamaearth,20000.0,30000.0,100.0
May'24,2024-05-01,FY_24-25,Reliance Retail Limited_TH94,Direct,Reliance Retail,North,Rajasthan,Mamaearth,20000.0,30000.0,100.0
May'24,2024-05-01,FY_24-25,Reliance Retail Limited_TI77,Direct,Reliance Retail,North,UPW,Mamaearth,10000.0,10000.0,100.0
May'24,2024-05-01,FY_24-25,Reliance Retail Limited_TK48,Direct,Reliance Retail,East,Jharkhand,Mamaearth,20000.0,30000.0,100.0
May'24,2024-05-01,FY_24-25,Reliance Retail Limited_TMW7,Direct,Reliance Retail,West,Mumbai,Mamaearth,10000.0,10000.0,100.0
May'24,2024-05-01,FY_24-25,Reliance Retail Limited_TMZ5,Direct,Reliance Retail,East,West Bengal,Mamaearth,40000.0,60000.0,100.0
May'24,2024-05-01,FY_24-25,Reliance Retail Limited_TN55,Direct,Reliance Retail,East,West Bengal,Mamaearth,30000.0,40000.0,100.0
May'24,2024-05-01,FY_24-25,Reliance Retail Limited_TN56,Direct,Reliance Retail,East,Orissa,Mamaearth,30000.0,40000.0,100.0
May'24,2024-05-01,FY_24-25,Reliance Retail Limited_TNC1,Direct,Reliance Retail,North,Uttarakhand,Mamaearth,20000.0,40000.0,100.0
May'24,2024-05-01,FY_24-25,Reliance Retail Limited_TNC6,Direct,Reliance Retail,North,Punjab,Mamaearth,20000.0,40000.0,100.0
May'24,2024-05-01,FY_24-25,Reliance Retail Limited_TNC8,Direct,Reliance Retail,South-1,Karnataka,Mamaearth,70000.0,120000.0,100.0
May'24,2024-05-01,FY_24-25,Reliance Retail Limited_TO20,Direct,Reliance Retail,North,Madhya Pradesh,Mamaearth,40000.0,50000.0,100.0
May'24,2024-05-01,FY_24-25,Reliance Retail Limited_TP05,Direct,Reliance Retail,North,Haryana,Mamaearth,20000.0,30000.0,100.0
May'24,2024-05-01,FY_24-25,Reliance Retail Limited_TP75,Direct,Reliance Retail,North,Madhya Pradesh,Mamaearth,10000.0,20000.0,100.0
May'24,2024-05-01,FY_24-25,Reliance Retail Limited_TP76,Direct,Reliance Retail,North,Rajasthan,Mamaearth,10000.0,20000.0,100.0
May'24,2024-05-01,FY_24-25,Reliance Retail Limited_TQ21,Direct,Reliance Retail,West,Mumbai,Mamaearth,10000.0,10000.0,100.0
May'24,2024-05-01,FY_24-25,Reliance Retail Limited_TQ22,Direct,Reliance Retail,East,West Bengal,Mamaearth,30000.0,50000.0,100.0
May'24,2024-05-01,FY_24-25,Reliance Retail Limited_TU21,Direct,Reliance Retail,North,Delhi,Mamaearth,10000.0,20000.0,100.0
May'24,2024-05-01,FY_24-25,Reliance Retail Limited_TW60,Direct,Reliance Retail,East,Orissa,Mamaearth,0.0,0.0,100.0
May'24,2024-05-01,FY_24-25,Reliance Retail Limited_TY87,Direct,Reliance Retail,North,Rajasthan,Mamaearth,10000.0,20000.0,100.0
May'24,2024-05-01,FY_24-25,Reliance Retail Limited-2956,Direct,Reliance Retail,East,Jharkhand,Mamaearth,10000.0,0.0,100.0
May'24,2024-05-01,FY_24-25,Reliance Retail Limited-6205,Direct,Reliance Retail,North,Haryana,Aqualogica,10000.0,20000.0,100.0
May'24,2024-05-01,FY_24-25,Reliance Retail Limited-6205,Direct,Reliance Retail,North,Haryana,Mamaearth,30000.0,30000.0,100.0
May'24,2024-05-01,FY_24-25,Reliance Retail Limited-6205,Direct,Reliance Retail,North,Haryana,The Derma Co,30000.0,50000.0,100.0
May'24,2024-05-01,FY_24-25,Reliance Retail Limited-6206,Direct,Reliance Retail,East,Jharkhand,Mamaearth,10000.0,10000.0,100.0
May'24,2024-05-01,FY_24-25,Reliance Retail Limited-6208,Direct,Reliance Retail,West,Pune,Mamaearth,0.0,-20000.0,100.0
May'24,2024-05-01,FY_24-25,Reliance Retail Limited-6217,Direct,Reliance Retail,West,Mumbai,Aqualogica,50000.0,90000.0,100.0
May'24,2024-05-01,FY_24-25,Reliance Retail Limited-6217,Direct,Reliance Retail,West,Mumbai,Mamaearth,40000.0,80000.0,100.0
May'24,2024-05-01,FY_24-25,Reliance Retail Limited-6217,Direct,Reliance Retail,West,Mumbai,The Derma Co,150000.0,240000.0,100.0
May'24,2024-05-01,FY_24-25,Reliance Retail Limited-6219,Direct,Reliance Retail,West,Pune,Mamaearth,0.0,-10000.0,100.0
May'24,2024-05-01,FY_24-25,Reliance Retail Limited-6220,Direct,Reliance Retail,West,Mumbai,Aqualogica,200000.0,320000.0,100.0
May'24,2024-05-01,FY_24-25,Reliance Retail Limited-6220,Direct,Reliance Retail,West,Mumbai,Mamaearth,20000.0,20000.0,100.0
May'24,2024-05-01,FY_24-25,Reliance Retail Limited-6220,Direct,Reliance Retail,West,Mumbai,The Derma Co,400000.0,650000.0,100.0
May'24,2024-05-01,FY_24-25,Reliance Retail Limited-6224,Direct,Reliance Retail,East,Orissa,Aqualogica,30000.0,40000.0,100.0
May'24,2024-05-01,FY_24-25,Reliance Retail Limited-6224,Direct,Reliance Retail,East,Orissa,Mamaearth,40000.0,60000.0,100.0
May'24,2024-05-01,FY_24-25,Reliance Retail Limited-6224,Direct,Reliance Retail,East,Orissa,The Derma Co,10000.0,0.0,100.0
May'24,2024-05-01,FY_24-25,Reliance Retail Limited-6225,Direct,Reliance Retail,South-1,Karnataka,Mamaearth,150000.0,270000.0,100.0
May'24,2024-05-01,FY_24-25,Reliance Retail Limited-6239,Direct,Reliance Retail,North,Delhi,Aqualogica,10000.0,10000.0,100.0
May'24,2024-05-01,FY_24-25,Reliance Retail Limited-6239,Direct,Reliance Retail,North,Delhi,Mamaearth,60000.0,90000.0,100.0
May'24,2024-05-01,FY_24-25,Reliance Retail Limited-6239,Direct,Reliance Retail,North,Delhi,The Derma Co,30000.0,50000.0,100.0
May'24,2024-05-01,FY_24-25,RELIANCE RETAIL LIMITED-Badli,Direct,Reliance Retail,North,Haryana,Aqualogica,10000.0,10000.0,100.0
May'24,2024-05-01,FY_24-25,RELIANCE RETAIL LIMITED-Badli,Direct,Reliance Retail,North,Haryana,Mamaearth,1010000.0,2320000.0,100.0
May'24,2024-05-01,FY_24-25,RELIANCE RETAIL LIMITED-Badli,Direct,Reliance Retail,North,Haryana,The Derma Co,120000.0,200000.0,100.0
May'24,2024-05-01,FY_24-25,Reliance Retail Limited-FR04,Direct,Reliance Retail,West,Mumbai,Aqualogica,60000.0,100000.0,100.0
May'24,2024-05-01,FY_24-25,Reliance Retail Limited-FR04,Direct,Reliance Retail,West,Mumbai,Mamaearth,30000.0,40000.0,100.0
May'24,2024-05-01,FY_24-25,Reliance Retail Limited-FR04,Direct,Reliance Retail,West,Mumbai,The Derma Co,220000.0,360000.0,100.0
May'24,2024-05-01,FY_24-25,Reliance Retail Limited-FR08,Direct,Reliance Retail,West,Mumbai,Mamaearth,10000.0,0.0,100.0
May'24,2024-05-01,FY_24-25,Reliance Retail Limited-FR15,Direct,Reliance Retail,West,Mumbai,Mamaearth,10000.0,10000.0,100.0
May'24,2024-05-01,FY_24-25,Reliance Retail Limited-FR63,Direct,Reliance Retail,East,Orissa,Mamaearth,0.0,0.0,100.0
May'24,2024-05-01,FY_24-25,Reliance Retail Limited-FR73,Direct,Reliance Retail,East,West Bengal,Mamaearth,20000.0,40000.0,100.0
May'24,2024-05-01,FY_24-25,Reliance Retail Limited-FRAR,Direct,Reliance Retail,East,Jharkhand,Mamaearth,10000.0,10000.0,100.0
May'24,2024-05-01,FY_24-25,Reliance Retail Limited-FRAU,Direct,Reliance Retail,East,Jharkhand,Mamaearth,20000.0,30000.0,100.0
May'24,2024-05-01,FY_24-25,Reliance Retail Limited-FRCA,Direct,Reliance Retail,East,West Bengal,Mamaearth,10000.0,20000.0,100.0
May'24,2024-05-01,FY_24-25,Reliance Retail Limited-FRCB,Direct,Reliance Retail,East,West Bengal,Mamaearth,10000.0,20000.0,100.0
May'24,2024-05-01,FY_24-25,Reliance Retail Limited-FRCC,Direct,Reliance Retail,East,West Bengal,Mamaearth,30000.0,30000.0,100.0
May'24,2024-05-01,FY_24-25,Reliance Retail Limited-FRCF,Direct,Reliance Retail,East,West Bengal,Mamaearth,10000.0,10000.0,100.0
May'24,2024-05-01,FY_24-25,Reliance Retail Limited-FRCK,Direct,Reliance Retail,East,West Bengal,Mamaearth,20000.0,40000.0,100.0
May'24,2024-05-01,FY_24-25,Reliance Retail Limited-FRCO,Direct,Reliance Retail,North,Haryana,Mamaearth,20000.0,10000.0,100.0
May'24,2024-05-01,FY_24-25,Reliance Retail Limited-FRCX,Direct,Reliance Retail,North,Delhi,Aqualogica,20000.0,30000.0,100.0
May'24,2024-05-01,FY_24-25,Reliance Retail Limited-FRCX,Direct,Reliance Retail,North,Delhi,Mamaearth,90000.0,130000.0,100.0
May'24,2024-05-01,FY_24-25,Reliance Retail Limited-FRCX,Direct,Reliance Retail,North,Delhi,The Derma Co,70000.0,110000.0,100.0
May'24,2024-05-01,FY_24-25,Reliance Retail Limited-FRDF,Direct,Reliance Retail,North,UPW,Mamaearth,20000.0,30000.0,100.0
May'24,2024-05-01,FY_24-25,Reliance Retail Limited-FRDZ,Direct,Reliance Retail,West,Gujarat,Mamaearth,-20000.0,-80000.0,100.0
May'24,2024-05-01,FY_24-25,RELIANCE RETAIL LIMITED-FREC,Direct,Reliance Retail,South-1,Karnataka,Aqualogica,200000.0,330000.0,100.0
May'24,2024-05-01,FY_24-25,RELIANCE RETAIL LIMITED-FREC,Direct,Reliance Retail,South-1,Karnataka,Mamaearth,3420000.0,8440000.0,100.0
May'24,2024-05-01,FY_24-25,RELIANCE RETAIL LIMITED-FREC,Direct,Reliance Retail,South-1,Karnataka,The Derma Co,270000.0,440000.0,100.0
May'24,2024-05-01,FY_24-25,RELIANCE RETAIL LIMITED-FREF,Direct,Reliance Retail,South-1,Tamil Nadu,Mamaearth,40000.0,80000.0,100.0
May'24,2024-05-01,FY_24-25,RELIANCE RETAIL LIMITED-FREI,Direct,Reliance Retail,South-2,Telangana,Mamaearth,60000.0,150000.0,100.0
May'24,2024-05-01,FY_24-25,Reliance Retail Limited-FRFC,Direct,Reliance Retail,East,Northeast-Assam,Mamaearth,20000.0,30000.0,100.0
May'24,2024-05-01,FY_24-25,Reliance Retail Limited-FRFH,Direct,Reliance Retail,East,Tripura,Mamaearth,30000.0,40000.0,100.0
May'24,2024-05-01,FY_24-25,Reliance Retail Limited-FRFP,Direct,Reliance Retail,East,Bihar,Mamaearth,0.0,-10000.0,100.0
May'24,2024-05-01,FY_24-25,Reliance Retail Limited-FRGS,Direct,Reliance Retail,East,Bihar,Mamaearth,10000.0,20000.0,100.0
May'24,2024-05-01,FY_24-25,Reliance Retail Limited-FRHK,Direct,Reliance Retail,East,Northeast-Assam,Mamaearth,30000.0,50000.0,100.0
May'24,2024-05-01,FY_24-25,RELIANCE RETAIL LIMITED-R280,Direct,Reliance Retail,West,Mumbai,Mamaearth,-40000.0,-70000.0,100.0
May'24,2024-05-01,FY_24-25,Reliance Retail Limited-S0GK,Direct,Reliance Retail,South-1,Kerala,Mamaearth,110000.0,270000.0,100.0
May'24,2024-05-01,FY_24-25,Reliance Retail Limited-S0IL,Direct,Reliance Retail,South-2,Telangana,Mamaearth,120000.0,240000.0,100.0
May'24,2024-05-01,FY_24-25,RELIANCE RETAIL LIMITED-S537,Direct,Reliance Retail,West,Mumbai,Mamaearth,-10000.0,-20000.0,100.0
May'24,2024-05-01,FY_24-25,Reliance Retail Limited-SAAH,Direct,Reliance Retail,North,UPW,Aqualogica,60000.0,90000.0,100.0
May'24,2024-05-01,FY_24-25,Reliance Retail Limited-SAAH,Direct,Reliance Retail,North,UPW,Mamaearth,760000.0,1750000.0,100.0
May'24,2024-05-01,FY_24-25,Reliance Retail Limited-SAAH,Direct,Reliance Retail,North,UPW,The Derma Co,40000.0,60000.0,100.0
May'24,2024-05-01,FY_24-25,RELIANCE RETAIL LIMITED-SF92,Direct,Reliance Retail,East,West Bengal,Aqualogica,160000.0,260000.0,100.0
May'24,2024-05-01,FY_24-25,RELIANCE RETAIL LIMITED-SF92,Direct,Reliance Retail,East,West Bengal,Mamaearth,3230000.0,8230000.0,100.0
May'24,2024-05-01,FY_24-25,RELIANCE RETAIL LIMITED-SF92,Direct,Reliance Retail,East,West Bengal,The Derma Co,120000.0,200000.0,100.0
May'24,2024-05-01,FY_24-25,RELIANCE RETAIL LIMITED-SH65,Direct,Reliance Retail,West,Pune,Aqualogica,60000.0,90000.0,100.0
May'24,2024-05-01,FY_24-25,RELIANCE RETAIL LIMITED-SH65,Direct,Reliance Retail,West,Pune,Mamaearth,920000.0,2190000.0,100.0
May'24,2024-05-01,FY_24-25,RELIANCE RETAIL LIMITED-SH65,Direct,Reliance Retail,West,Pune,The Derma Co,110000.0,180000.0,100.0
May'24,2024-05-01,FY_24-25,RELIANCE RETAIL LIMITED-SH69,Direct,Reliance Retail,North,Haryana,Aqualogica,30000.0,40000.0,100.0
May'24,2024-05-01,FY_24-25,RELIANCE RETAIL LIMITED-SH69,Direct,Reliance Retail,North,Haryana,Mamaearth,450000.0,1070000.0,100.0
May'24,2024-05-01,FY_24-25,RELIANCE RETAIL LIMITED-SH69,Direct,Reliance Retail,North,Haryana,The Derma Co,150000.0,250000.0,100.0
May'24,2024-05-01,FY_24-25,RELIANCE RETAIL LIMITED-SH71,Direct,Reliance Retail,North,Madhya Pradesh,Aqualogica,50000.0,80000.0,100.0
May'24,2024-05-01,FY_24-25,RELIANCE RETAIL LIMITED-SH71,Direct,Reliance Retail,North,Madhya Pradesh,Mamaearth,830000.0,1980000.0,100.0
May'24,2024-05-01,FY_24-25,RELIANCE RETAIL LIMITED-SH71,Direct,Reliance Retail,North,Madhya Pradesh,The Derma Co,160000.0,260000.0,100.0
May'24,2024-05-01,FY_24-25,Reliance Retail Limited-SH77,Direct,Reliance Retail,South-1,Kerala,Mamaearth,-10000.0,-30000.0,100.0
May'24,2024-05-01,FY_24-25,Reliance Retail Limited-SLG3,Direct,Reliance Retail,South-1,Tamil Nadu,Aqualogica,20000.0,30000.0,100.0
May'24,2024-05-01,FY_24-25,Reliance Retail Limited-SLG3,Direct,Reliance Retail,South-1,Tamil Nadu,Mamaearth,620000.0,1580000.0,100.0
May'24,2024-05-01,FY_24-25,Reliance Retail Limited-SLG3,Direct,Reliance Retail,South-1,Tamil Nadu,The Derma Co,130000.0,210000.0,100.0
May'24,2024-05-01,FY_24-25,RELIANCE RETAIL LIMITED-SLIG,Direct,Reliance Retail,East,Northeast-Assam,Aqualogica,20000.0,30000.0,100.0
May'24,2024-05-01,FY_24-25,RELIANCE RETAIL LIMITED-SLIG,Direct,Reliance Retail,East,Northeast-Assam,Mamaearth,1200000.0,2430000.0,100.0
May'24,2024-05-01,FY_24-25,RELIANCE RETAIL LIMITED-SLII,Direct,Reliance Retail,North,Lucknow_UPE,Mamaearth,0.0,0.0,100.0
May'24,2024-05-01,FY_24-25,Reliance Retail Limited-Slmr,Direct,Reliance Retail,East,Orissa,Mamaearth,160000.0,310000.0,100.0
May'24,2024-05-01,FY_24-25,Reliance Retail Limited-SLS1,Direct,Reliance Retail,South-1,Tamil Nadu,Mamaearth,1060000.0,2500000.0,100.0
May'24,2024-05-01,FY_24-25,Reliance Retail Limited-SLS1,Direct,Reliance Retail,South-1,Tamil Nadu,The Derma Co,120000.0,200000.0,100.0
May'24,2024-05-01,FY_24-25,Reliance Retail Limited-SLS2,Direct,Reliance Retail,South-2,Andhra Pradesh,Mamaearth,-280000.0,-490000.0,100.0
May'24,2024-05-01,FY_24-25,Reliance Retail Limited-SN1U,Direct,Reliance Retail,East,West Bengal,Mamaearth,70000.0,110000.0,100.0
May'24,2024-05-01,FY_24-25,Reliance Retail Limited-SP9K,Direct,Reliance Retail,West,Pune,Mamaearth,690000.0,1610000.0,100.0
May'24,2024-05-01,FY_24-25,Reliance Retail Limited-T915,Direct,Reliance Retail,North,UPW,Mamaearth,30000.0,20000.0,100.0
May'24,2024-05-01,FY_24-25,Reliance Retail Limited-TAFW,Direct,Reliance Retail,West,Mumbai,Mamaearth,10000.0,10000.0,100.0
May'24,2024-05-01,FY_24-25,Reliance Retail Limited-TH93,Direct,Reliance Retail,East,Orissa,Mamaearth,40000.0,60000.0,100.0
May'24,2024-05-01,FY_24-25,Reliance Retail Limited-TIU6,Direct,Reliance Retail,East,Jharkhand,Mamaearth,0.0,0.0,100.0
May'24,2024-05-01,FY_24-25,Reliance Retail Limited-TL30,Direct,Reliance Retail,North,Delhi,Aqualogica,0.0,10000.0,100.0
May'24,2024-05-01,FY_24-25,Reliance Retail Limited-TL30,Direct,Reliance Retail,North,Delhi,Mamaearth,-60000.0,-100000.0,100.0
May'24,2024-05-01,FY_24-25,Reliance Retail Limited-TL30,Direct,Reliance Retail,North,Delhi,The Derma Co,10000.0,20000.0,100.0
May'24,2024-05-01,FY_24-25,Reliance Retail Limited-Tna8,Direct,Reliance Retail,West,Gujarat,Mamaearth,-10000.0,-30000.0,100.0
May'24,2024-05-01,FY_24-25,Reliance Retail Limited-TNC4,Direct,Reliance Retail,East,Northeast-Assam,Mamaearth,20000.0,20000.0,100.0
May'24,2024-05-01,FY_24-25,Reliance Retail Limited-Tnd5,Direct,Reliance Retail,West,Gujarat,Mamaearth,0.0,-30000.0,100.0
May'24,2024-05-01,FY_24-25,Reliance Retail Limited-TOM0,Direct,Reliance Retail,West,Mumbai,Mamaearth,10000.0,20000.0,100.0
May'24,2024-05-01,FY_24-25,Reliance Retail Limited-TW11,Direct,Reliance Retail,North,Delhi,Mamaearth,-10000.0,-10000.0,100.0
May'24,2024-05-01,FY_24-25,Reliance Retail Limited-TZL5,Direct,Reliance Retail,East,Bihar,Mamaearth,10000.0,10000.0,100.0
May'24,2024-05-01,FY_24-25,RELIANCE RETAIL LIMITED-VT05,Direct,Reliance Retail,South-1,Tamil Nadu,Mamaearth,160000.0,430000.0,100.0
May'24,2024-05-01,FY_24-25,Reliance Retail Limited-ZZI0-B,Direct,Reliance Retail,South-1,Kerala,Aqualogica,0.0,0.0,100.0
May'24,2024-05-01,FY_24-25,Reliance Retail Limited-ZZI0-B,Direct,Reliance Retail,South-1,Kerala,Mamaearth,220000.0,390000.0,100.0
May'24,2024-05-01,FY_24-25,Reliance Retail Ltd _Madhavaram- TNB8,Direct,Reliance Retail,South-1,Tamil Nadu,Mamaearth,20000.0,30000.0,100.0
May'24,2024-05-01,FY_24-25,Reliance Retail Ltd _Mysore_2994,Direct,Reliance Retail,South-1,Karnataka,Mamaearth,20000.0,40000.0,100.0
May'24,2024-05-01,FY_24-25,Reliance Retail Ltd _RAJAJI NAGAR- FR49,Direct,Reliance Retail,South-1,Karnataka,Mamaearth,30000.0,50000.0,100.0
May'24,2024-05-01,FY_24-25,Reliance Retail Ltd_Davanagere- TNC0,Direct,Reliance Retail,South-1,Karnataka,Mamaearth,10000.0,20000.0,100.0
May'24,2024-05-01,FY_24-25,Reliance Retail Ltd_Nagercoil- 3338,Direct,Reliance Retail,South-1,Tamil Nadu,Mamaearth,0.0,10000.0,100.0
May'24,2024-05-01,FY_24-25,RELIANCE RETAIL Ltd-SK6C,Direct,Reliance Retail,West,Gujarat,Mamaearth,730000.0,1890000.0,100.0
May'24,2024-05-01,FY_24-25,RELIANCE RETAIL Ltd-SK6C,Direct,Reliance Retail,West,Gujarat,The Derma Co,130000.0,210000.0,100.0
May'24,2024-05-01,FY_24-25,RELIANCE RETAIL Ltd-SLEW,Direct,Reliance Retail,West,Chattishgarh,Aqualogica,30000.0,40000.0,100.0
May'24,2024-05-01,FY_24-25,RELIANCE RETAIL Ltd-SLEW,Direct,Reliance Retail,West,Chattishgarh,Mamaearth,630000.0,1600000.0,100.0
May'24,2024-05-01,FY_24-25,RELIANCE RETAIL Ltd-SLEW,Direct,Reliance Retail,West,Chattishgarh,The Derma Co,40000.0,60000.0,100.0
May'24,2024-05-01,FY_24-25,Tnsi Retail Pvt Ltd_Sultanpur,Direct,WH-Smith,North,Haryana,Mamaearth,30000.0,50000.0,100.0
May'24,2024-05-01,FY_24-25,Travel Retail Services Pvt Ltd_Blr,Direct,Relay,South-1,Karnataka,Mamaearth,30000.0,60000.0,100.0
May'24,2024-05-01,FY_24-25,Travel Retail Services Pvt Ltd_Blr,Direct,Relay,South-1,Karnataka,The Derma Co,20000.0,40000.0,100.0
May'24,2024-05-01,FY_24-25,Trent Hypermarket Private Limited_Blr,Direct,Trent,South-1,Karnataka,Mamaearth,110000.0,190000.0,100.0
May'24,2024-05-01,FY_24-25,Trent Hypermarket Private Limited_Mah,Direct,Trent,West,Mumbai,Mamaearth,330000.0,550000.0,100.0
May'24,2024-05-01,FY_24-25,Wal-Mart India Private Limited 4702,Direct,Walmart CNC,North,Punjab,Mamaearth,70000.0,130000.0,100.0
May'24,2024-05-01,FY_24-25,Wal-Mart India Private Limited 4703,Direct,Walmart CNC,North,Punjab,Mamaearth,120000.0,240000.0,100.0
May'24,2024-05-01,FY_24-25,Wal-Mart India Private Limited 4706,Direct,Walmart CNC,North,Punjab,Mamaearth,80000.0,140000.0,100.0
May'24,2024-05-01,FY_24-25,Wal-Mart India Private Limited 4712,Direct,Walmart CNC,North,Madhya Pradesh,Mamaearth,90000.0,170000.0,100.0
May'24,2024-05-01,FY_24-25,Wal-Mart India Private Limited 4713,Direct,Walmart CNC,North,Rajasthan,Mamaearth,120000.0,220000.0,100.0
May'24,2024-05-01,FY_24-25,Wal-Mart India Private Limited 4716,Direct,Walmart CNC,West,Chattishgarh,Mamaearth,210000.0,400000.0,100.0
May'24,2024-05-01,FY_24-25,Wal-Mart India Private Limited 4717,Direct,Walmart CNC,North,Punjab,Mamaearth,40000.0,80000.0,100.0
May'24,2024-05-01,FY_24-25,Wal-Mart India Private Limited 4719,Direct,Walmart CNC,North,Jammu,Mamaearth,260000.0,490000.0,100.0
May'24,2024-05-01,FY_24-25,Wal-Mart India Private Limited 4720,Direct,Walmart CNC,North,UPW,Mamaearth,90000.0,170000.0,100.0
May'24,2024-05-01,FY_24-25,Wal-Mart India Private Limited 4721,Direct,Walmart CNC,South-2,Andhra Pradesh,Mamaearth,60000.0,120000.0,100.0
May'24,2024-05-01,FY_24-25,Wal-Mart India Private Limited 4723,Direct,Walmart CNC,North,Lucknow_UPE,Mamaearth,50000.0,100000.0,100.0
May'24,2024-05-01,FY_24-25,Wal-Mart India Private Limited 4724,Direct,Walmart CNC,West,Pune,Mamaearth,400000.0,760000.0,100.0
May'24,2024-05-01,FY_24-25,Wal-Mart India Private Limited 4725,Direct,Walmart CNC,South-2,Andhra Pradesh,Mamaearth,90000.0,180000.0,100.0
May'24,2024-05-01,FY_24-25,Wal-Mart India Private Limited 4727,Direct,Walmart CNC,North,Lucknow_UPE,Mamaearth,170000.0,330000.0,100.0
May'24,2024-05-01,FY_24-25,Wal-Mart India Private Limited 4729,Direct,Walmart CNC,North,Madhya Pradesh,Mamaearth,10000.0,20000.0,100.0
May'24,2024-05-01,FY_24-25,Wal-Mart India Private Limited 4734,Direct,Walmart CNC,South-2,Telangana,Mamaearth,100000.0,190000.0,100.0
May'24,2024-05-01,FY_24-25,Wal-Mart India Private Limited 4742,Direct,Walmart CNC,South-2,Andhra Pradesh,Mamaearth,60000.0,120000.0,100.0
May'24,2024-05-01,FY_24-25,Wal-Mart India Private Limited 4744,Direct,Walmart CNC,West,Pune,Mamaearth,70000.0,130000.0,100.0
May'24,2024-05-01,FY_24-25,Wal-Mart India Private Limited 4760,Direct,Walmart CNC,North,Madhya Pradesh,Mamaearth,60000.0,120000.0,100.0
May'24,2024-05-01,FY_24-25,Wal-Mart India Private Limited 4797,Direct,Walmart CNC,North,Lucknow_UPE,Mamaearth,80000.0,150000.0,100.0
May'24,2024-05-01,FY_24-25,Wal-Mart India Private Limited 4799,Direct,Walmart CNC,South-2,Andhra Pradesh,Mamaearth,150000.0,280000.0,100.0
May'24,2024-05-01,FY_24-25,Wal-Mart India Private Limited 4801,Direct,Walmart CNC,North,Punjab,Mamaearth,30000.0,60000.0,100.0
May'24,2024-05-01,FY_24-25,Wal-Mart India Private Limited 4803,Direct,Walmart CNC,North,Madhya Pradesh,Mamaearth,30000.0,50000.0,100.0
May'24,2024-05-01,FY_24-25,Wal-Mart India Private Limited 4805,Direct,Walmart CNC,South-2,Andhra Pradesh,Mamaearth,390000.0,740000.0,100.0
May'24,2024-05-01,FY_24-25,Wal-Mart India Private Limited 4813,Direct,Walmart CNC,South-2,Telangana,Mamaearth,20000.0,50000.0,100.0
May'24,2024-05-01,FY_24-25,Wal-Mart India Private Limited 4814,Direct,Walmart CNC,South-2,Andhra Pradesh,Mamaearth,120000.0,230000.0,100.0
May'24,2024-05-01,FY_24-25,Wellness Forever Medicare Pvt Ltd,Direct,Wellness Forever,West,Mumbai,Aqualogica,940000.0,1580000.0,100.0
May'24,2024-05-01,FY_24-25,Wellness Forever Medicare Pvt Ltd,Direct,Wellness Forever,West,Mumbai,BBlunt,370000.0,540000.0,100.0
May'24,2024-05-01,FY_24-25,Wellness Forever Medicare Pvt Ltd,Direct,Wellness Forever,West,Mumbai,Mamaearth,5100000.0,8600000.0,100.0
May'24,2024-05-01,FY_24-25,Wellness Forever Medicare Pvt Ltd,Direct,Wellness Forever,West,Mumbai,The Derma Co,5100000.0,8600000.0,100.0
May'24,2024-05-01,FY_24-25,Arc Foods And Beverages_Mt_H&G,Dist.,H&G,South-1,Tamil Nadu,Aqualogica,710000.0,1310000.0,100.0
May'24,2024-05-01,FY_24-25,Arc Foods And Beverages_Mt_H&G,Dist.,H&G,South-1,Tamil Nadu,BBlunt,90000.0,150000.0,100.0
May'24,2024-05-01,FY_24-25,Arc Foods And Beverages_Mt_H&G,Dist.,Apollo Healthco,South-1,Tamil Nadu,Mamaearth,620000.0,1140000.0,41.61
May'24,2024-05-01,FY_24-25,Arc Foods And Beverages_Mt_H&G,Dist.,H&G,South-1,Tamil Nadu,Mamaearth,870000.0,1600000.0,58.39
May'24,2024-05-01,FY_24-25,Arc Foods And Beverages_Mt_H&G,Dist.,H&G,South-1,Tamil Nadu,The Derma Co,660000.0,1210000.0,84.62
May'24,2024-05-01,FY_24-25,Arc Foods And Beverages_Mt_H&G,Dist.,Apollo Healthco,South-1,Tamil Nadu,The Derma Co,120000.0,210000.0,15.38
May'24,2024-05-01,FY_24-25,Babys World_Mt,Dist.,H&G,East,West Bengal,Aqualogica,10000.0,10000.0,100.0
May'24,2024-05-01,FY_24-25,Babys World_Mt,Dist.,H&G,East,West Bengal,BBlunt,70000.0,120000.0,100.0
May'24,2024-05-01,FY_24-25,Babys World_Mt,Dist.,More Retail,East,West Bengal,Mamaearth,1000000.0,1730000.0,13.85
May'24,2024-05-01,FY_24-25,Babys World_Mt,Dist.,Apollo Healthco,East,West Bengal,Mamaearth,2540000.0,4390000.0,35.18
May'24,2024-05-01,FY_24-25,Babys World_Mt,Dist.,H&G,East,West Bengal,Mamaearth,350000.0,600000.0,4.85
May'24,2024-05-01,FY_24-25,Babys World_Mt,Dist.,Spencer,East,West Bengal,Mamaearth,3330000.0,5760000.0,46.12
May'24,2024-05-01,FY_24-25,Babys World_Mt,Dist.,H&G,East,West Bengal,The Derma Co,200000.0,340000.0,100.0
May'24,2024-05-01,FY_24-25,D.L. Sales - MT,Dist.,Arambagh,East,West Bengal,Mamaearth,330000.0,720000.0,44.59
May'24,2024-05-01,FY_24-25,D.L. Sales - MT,Dist.,V-Mart,East,West Bengal,Mamaearth,360000.0,800000.0,48.65
May'24,2024-05-01,FY_24-25,D.L. Sales - MT,Dist.,Frankross,East,West Bengal,Mamaearth,50000.0,110000.0,6.76
May'24,2024-05-01,FY_24-25,G.V Enterprises,Dist.,H&G,South-1,Tamil Nadu,Aqualogica,20000.0,30000.0,100.0
May'24,2024-05-01,FY_24-25,G.V Enterprises,Dist.,H&G,South-1,Tamil Nadu,BBlunt,20000.0,30000.0,100.0
May'24,2024-05-01,FY_24-25,G.V Enterprises,Dist.,Apollo Healthco,South-1,Tamil Nadu,Mamaearth,700000.0,1500000.0,13.11
May'24,2024-05-01,FY_24-25,G.V Enterprises,Dist.,H&G,South-1,Tamil Nadu,Mamaearth,60000.0,130000.0,1.12
May'24,2024-05-01,FY_24-25,G.V Enterprises,Dist.,D-Mart,South-1,Tamil Nadu,Mamaearth,3550000.0,7540000.0,66.48
May'24,2024-05-01,FY_24-25,G.V Enterprises,Dist.,Lulu,South-1,Tamil Nadu,Mamaearth,600000.0,1270000.0,11.24
May'24,2024-05-01,FY_24-25,G.V Enterprises,Dist.,Max Hyper,South-1,Tamil Nadu,Mamaearth,120000.0,250000.0,2.25
May'24,2024-05-01,FY_24-25,G.V Enterprises,Dist.,Pothys,South-1,Tamil Nadu,Mamaearth,310000.0,660000.0,5.81
May'24,2024-05-01,FY_24-25,G.V Enterprises,Dist.,H&G,South-1,Tamil Nadu,The Derma Co,30000.0,50000.0,100.0
May'24,2024-05-01,FY_24-25,JUST MARK-Dmart,Dist.,D-Mart,West,Gujarat,Mamaearth,12530000.0,33150000.0,100.0
May'24,2024-05-01,FY_24-25,Kiran Trading Co- Dmart,Dist.,D-Mart,West,Pune,Mamaearth,3480000.0,8770000.0,100.0
May'24,2024-05-01,FY_24-25,Kiran Trading Company_Ship to,Dist.,D-Mart,West,Pune,Mamaearth,5550000.0,14860000.0,100.0
May'24,2024-05-01,FY_24-25,M/S KOTTARAM BUSINESS CORPORATION-MT,Dist.,H&G,South-1,Kerala,Aqualogica,40000.0,80000.0,14.81
May'24,2024-05-01,FY_24-25,M/S KOTTARAM BUSINESS CORPORATION-MT,Dist.,Lulu,South-1,Kerala,Aqualogica,230000.0,420000.0,85.19
May'24,2024-05-01,FY_24-25,M/S KOTTARAM BUSINESS CORPORATION-MT,Dist.,H&G,South-1,Kerala,BBlunt,30000.0,40000.0,100.0
May'24,2024-05-01,FY_24-25,M/S KOTTARAM BUSINESS CORPORATION-MT,Dist.,H&G,South-1,Kerala,Mamaearth,30000.0,60000.0,1.9
May'24,2024-05-01,FY_24-25,M/S KOTTARAM BUSINESS CORPORATION-MT,Dist.,Lulu,South-1,Kerala,Mamaearth,1370000.0,2510000.0,86.71
May'24,2024-05-01,FY_24-25,M/S KOTTARAM BUSINESS CORPORATION-MT,Dist.,Apollo Healthco,South-1,Kerala,Mamaearth,180000.0,330000.0,11.39
May'24,2024-05-01,FY_24-25,M/S KOTTARAM BUSINESS CORPORATION-MT,Dist.,Apollo Healthco,South-1,Kerala,The Derma Co,80000.0,140000.0,18.6
May'24,2024-05-01,FY_24-25,M/S KOTTARAM BUSINESS CORPORATION-MT,Dist.,H&G,South-1,Kerala,The Derma Co,40000.0,80000.0,9.3
May'24,2024-05-01,FY_24-25,M/S KOTTARAM BUSINESS CORPORATION-MT,Dist.,Lulu,South-1,Kerala,The Derma Co,310000.0,570000.0,72.09
May'24,2024-05-01,FY_24-25,MARK ENTERPRISE,Dist.,Apollo Healthco,West,Gujarat,Mamaearth,500000.0,920000.0,86.21
May'24,2024-05-01,FY_24-25,MARK ENTERPRISE,Dist.,Shubham K Mart,West,Gujarat,Mamaearth,80000.0,140000.0,13.79
May'24,2024-05-01,FY_24-25,Mark Enterprise-Dmart,Dist.,D-Mart,West,Gujarat,Mamaearth,-7020000.0,-16340000.0,100.0
May'24,2024-05-01,FY_24-25,R.C. Trade Link H&G,Dist.,H&G,West,Mumbai,Aqualogica,60000.0,100000.0,100.0
May'24,2024-05-01,FY_24-25,R.C. Trade Link H&G,Dist.,H&G,West,Mumbai,BBlunt,-100000.0,-140000.0,100.0
May'24,2024-05-01,FY_24-25,R.C. Trade Link H&G,Dist.,H&G,West,Mumbai,Mamaearth,-200000.0,-310000.0,100.0
May'24,2024-05-01,FY_24-25,R.C. Trade Link H&G,Dist.,H&G,West,Mumbai,The Derma Co,200000.0,310000.0,100.0
May'24,2024-05-01,FY_24-25,R.D. Enterprises,Dist.,Spencer,North,Lucknow_UPE,BBlunt,40000.0,80000.0,100.0
May'24,2024-05-01,FY_24-25,R.D. Enterprises,Dist.,Spencer,North,Lucknow_UPE,Mamaearth,890000.0,1530000.0,68.99
May'24,2024-05-01,FY_24-25,R.D. Enterprises,Dist.,Lulu,North,Lucknow_UPE,Mamaearth,400000.0,690000.0,31.01
May'24,2024-05-01,FY_24-25,R.D. Enterprises,Dist.,Lulu,North,Lucknow_UPE,The Derma Co,120000.0,210000.0,100.0
May'24,2024-05-01,FY_24-25,S M AGENCIES_MT,Dist.,B&N,South-1,Tamil Nadu,BBlunt,20000.0,30000.0,100.0
May'24,2024-05-01,FY_24-25,S M AGENCIES_MT,Dist.,Grace Super MKT,South-1,Tamil Nadu,Mamaearth,420000.0,780000.0,19.18
May'24,2024-05-01,FY_24-25,S M AGENCIES_MT,Dist.,Pothys,South-1,Tamil Nadu,Mamaearth,310000.0,580000.0,14.16
May'24,2024-05-01,FY_24-25,S M AGENCIES_MT,Dist.,B&N,South-1,Tamil Nadu,Mamaearth,30000.0,60000.0,1.37
May'24,2024-05-01,FY_24-25,S M AGENCIES_MT,Dist.,Sarvana,South-1,Tamil Nadu,Mamaearth,1430000.0,2680000.0,65.3
May'24,2024-05-01,FY_24-25,S M AGENCIES_MT,Dist.,B&N,South-1,Tamil Nadu,The Derma Co,20000.0,40000.0,100.0
May'24,2024-05-01,FY_24-25,Sancus Networks Private Limited-RMT,Dist.,RMT-Sancus,North,Delhi,BBlunt,60000.0,110000.0,100.0
May'24,2024-05-01,FY_24-25,Sancus Networks Private Limited-RMT,Dist.,RMT-Sancus,North,Delhi,Mamaearth,4000000.0,8970000.0,85.11
May'24,2024-05-01,FY_24-25,Sancus Networks Private Limited-RMT,Dist.,Spencer,North,Delhi,Mamaearth,160000.0,360000.0,3.4
May'24,2024-05-01,FY_24-25,Sancus Networks Private Limited-RMT,Dist.,More Retail,North,Delhi,Mamaearth,540000.0,1200000.0,11.49
May'24,2024-05-01,FY_24-25,Sancus Networks Private Limited-RMT,Dist.,RMT-Sancus,North,Delhi,The Derma Co,380000.0,650000.0,100.0
May'24,2024-05-01,FY_24-25,Sanya Pharma -Mt,Dist.,V-Mart,East,Bihar,Mamaearth,-80000.0,-130000.0,100.0
May'24,2024-05-01,FY_24-25,Sathyashree Enterprises-Mt,Dist.,D-Mart,South-1,Karnataka,Mamaearth,990000.0,2480000.0,100.0
May'24,2024-05-01,FY_24-25,SC BUSINESS COMBINE_MT,Dist.,G N R C Medishop Pvt Ltd,East,Northeast-Assam,Mamaearth,30000.0,60000.0,11.54
May'24,2024-05-01,FY_24-25,SC BUSINESS COMBINE_MT,Dist.,Sohum Shoppe,East,Northeast-Assam,Mamaearth,60000.0,140000.0,23.08
May'24,2024-05-01,FY_24-25,SC BUSINESS COMBINE_MT,Dist.,V-Mart,East,Northeast-Assam,Mamaearth,170000.0,390000.0,65.38
May'24,2024-05-01,FY_24-25,Sri Vijaya Durga Agencies_Mt,Dist.,H&G,South-2,Andhra Pradesh,Aqualogica,40000.0,70000.0,8.7
May'24,2024-05-01,FY_24-25,Sri Vijaya Durga Agencies_Mt,Dist.,Reliance Retail,South-2,Andhra Pradesh,Aqualogica,420000.0,770000.0,91.3
May'24,2024-05-01,FY_24-25,Sri Vijaya Durga Agencies_Mt,Dist.,H&G,South-2,Andhra Pradesh,BBlunt,70000.0,110000.0,100.0
May'24,2024-05-01,FY_24-25,Sri Vijaya Durga Agencies_Mt,Dist.,Apollo Healthco,South-2,Andhra Pradesh,Mamaearth,4220000.0,9160000.0,25.56
May'24,2024-05-01,FY_24-25,Sri Vijaya Durga Agencies_Mt,Dist.,D-Mart,South-2,Andhra Pradesh,Mamaearth,10130000.0,21970000.0,61.36
May'24,2024-05-01,FY_24-25,Sri Vijaya Durga Agencies_Mt,Dist.,H&G,South-2,Andhra Pradesh,Mamaearth,50000.0,110000.0,0.3
May'24,2024-05-01,FY_24-25,Sri Vijaya Durga Agencies_Mt,Dist.,Reliance Retail,South-2,Andhra Pradesh,Mamaearth,1830000.0,3970000.0,11.08
May'24,2024-05-01,FY_24-25,Sri Vijaya Durga Agencies_Mt,Dist.,More Retail,South-2,Andhra Pradesh,Mamaearth,280000.0,610000.0,1.7
May'24,2024-05-01,FY_24-25,Sri Vijaya Durga Agencies_Mt,Dist.,H&G,South-2,Andhra Pradesh,The Derma Co,200000.0,370000.0,27.03
May'24,2024-05-01,FY_24-25,Sri Vijaya Durga Agencies_Mt,Dist.,Reliance Retail,South-2,Andhra Pradesh,The Derma Co,540000.0,1000000.0,72.97
May'24,2024-05-01,FY_24-25,Vanaja Agencies MT_Dmart,Dist.,D-Mart,South-2,Telangana,Mamaearth,5270000.0,14260000.0,100.0
May'24,2024-05-01,FY_24-25,VISHAL ENTERPRISES_Solapur,Dist.,D-Mart,West,Pune,Mamaearth,1580000.0,4000000.0,100.0
Jun'24,2024-06-01,FY_24-25,APOLLO HEALTHCO LIMITED_AHMEDABAD,Direct,Apollo Healthco,West,Gujarat,Mamaearth,120000.0,330000.0,100.0
Jun'24,2024-06-01,FY_24-25,Apollo Healthco Limited_Bhiwandi,Direct,Apollo Healthco,West,Mumbai,Aqualogica,10000.0,10000.0,100.0
Jun'24,2024-06-01,FY_24-25,Apollo Healthco Limited_Bhiwandi,Direct,Apollo Healthco,West,Mumbai,Mamaearth,310000.0,610000.0,100.0
Jun'24,2024-06-01,FY_24-25,Apollo Healthco Limited_Bhiwandi,Direct,Apollo Healthco,West,Mumbai,The Derma Co,50000.0,80000.0,100.0
Jun'24,2024-06-01,FY_24-25,Apollo Healthco Limited_Faridabad,Direct,Apollo Healthco,North,Haryana,Aqualogica,50000.0,90000.0,100.0
Jun'24,2024-06-01,FY_24-25,Apollo Healthco Limited_Faridabad,Direct,Apollo Healthco,North,Haryana,Mamaearth,890000.0,2040000.0,100.0
Jun'24,2024-06-01,FY_24-25,Apollo Healthco Limited_Faridabad,Direct,Apollo Healthco,North,Haryana,The Derma Co,190000.0,320000.0,100.0
Jun'24,2024-06-01,FY_24-25,Apollo Healthco Limited_Rajasthan,Direct,Apollo Healthco,North,Rajasthan,Mamaearth,180000.0,410000.0,100.0
Jun'24,2024-06-01,FY_24-25,Apollo Healthco Limited-Bangalore,Direct,Apollo Healthco,South-1,Karnataka,Mamaearth,210000.0,670000.0,100.0
Jun'24,2024-06-01,FY_24-25,Apollo Healthco Limited-Chennai,Direct,Apollo Healthco,South-1,Tamil Nadu,Mamaearth,60000.0,180000.0,100.0
Jun'24,2024-06-01,FY_24-25,Apollo Healthco Limited-Goa,Direct,Apollo Healthco,West,Goa,Mamaearth,20000.0,60000.0,100.0
Jun'24,2024-06-01,FY_24-25,Apollo Healthco Limited-Hubbli,Direct,Apollo Healthco,South-1,Karnataka,Mamaearth,120000.0,390000.0,100.0
Jun'24,2024-06-01,FY_24-25,Apollo Healthco Limited-Ore,Direct,Apollo Healthco,East,Orissa,Mamaearth,40000.0,80000.0,100.0
Jun'24,2024-06-01,FY_24-25,Apollo Healthco Limited-Sanath Nagar,Direct,Apollo Healthco,South-2,Telangana,Mamaearth,30000.0,110000.0,100.0
Jun'24,2024-06-01,FY_24-25,APOLLO HEALTHCO LIMITED-WB,Direct,Apollo Healthco,East,West Bengal,Mamaearth,0.0,0.0,100.0
Jun'24,2024-06-01,FY_24-25,APOLLO HEALTHCO LIMITED-WB-2,Direct,Apollo Healthco,East,West Bengal,Mamaearth,150000.0,480000.0,100.0
Jun'24,2024-06-01,FY_24-25,Apollo Healthco Ltd_Raipur,Direct,Apollo Healthco,West,Chattishgarh,Mamaearth,30000.0,100000.0,100.0
Jun'24,2024-06-01,FY_24-25,Avenue E Commerce Limited(Belapur),Direct,D-Mart,West,Mumbai,Aqualogica,10000.0,10000.0,100.0
Jun'24,2024-06-01,FY_24-25,Avenue E Commerce Limited(Kanjur),Direct,D-Mart,West,Mumbai,Aqualogica,10000.0,10000.0,100.0
Jun'24,2024-06-01,FY_24-25,Avenue E Commerce Limited(Mira Road) N2,Direct,D-Mart,West,Pune,Aqualogica,0.0,0.0,100.0
Jun'24,2024-06-01,FY_24-25,Avenue E Commerce Limited(Nahur),Direct,D-Mart,West,Mumbai,Aqualogica,10000.0,30000.0,100.0
Jun'24,2024-06-01,FY_24-25,Avenue E Commerce Limited(Nahur),Direct,D-Mart,West,Mumbai,The Derma Co,10000.0,10000.0,100.0
Jun'24,2024-06-01,FY_24-25,Avenue E Commerce Limited_Panvel-2,Direct,D-Mart,West,Pune,Aqualogica,10000.0,20000.0,100.0
Jun'24,2024-06-01,FY_24-25,Avenue E Commerce Ltd_CadburyFC.,Direct,D-Mart,West,Mumbai,Aqualogica,0.0,10000.0,100.0
Jun'24,2024-06-01,FY_24-25,Avenue E Commerce Ltd_CadburyFC.,Direct,D-Mart,West,Mumbai,The Derma Co,0.0,10000.0,100.0
Jun'24,2024-06-01,FY_24-25,Avenue E Commerce Ltd_Goregaon,Direct,D-Mart,West,Mumbai,Aqualogica,10000.0,10000.0,100.0
Jun'24,2024-06-01,FY_24-25,Avenue E Commerce Ltd_Goregaon,Direct,D-Mart,West,Mumbai,The Derma Co,0.0,0.0,100.0
Jun'24,2024-06-01,FY_24-25,Avenue E Commerce Ltd_Manpada,Direct,D-Mart,West,Mumbai,Aqualogica,10000.0,10000.0,100.0
Jun'24,2024-06-01,FY_24-25,Avenue Supermarts Ltd.-4905,Direct,D-Mart,West,Chattishgarh,Mamaearth,130000.0,330000.0,100.0
Jun'24,2024-06-01,FY_24-25,Avenue Supermarts Ltd.-DC-1014,Direct,D-Mart,West,Pune,Mamaearth,-10000.0,-40000.0,100.0
Jun'24,2024-06-01,FY_24-25,Avenue Supermarts Ltd.-DC-1031,Direct,D-Mart,West,Gujarat,Mamaearth,-60000.0,-160000.0,100.0
Jun'24,2024-06-01,FY_24-25,Avenue Supermarts Ltd.-DC-1032,Direct,D-Mart,South-1,Karnataka,Mamaearth,8100000.0,20620000.0,100.0
Jun'24,2024-06-01,FY_24-25,Avenue Supermarts Ltd.-DC-1034,Direct,D-Mart,West,Gujarat,Mamaearth,-170000.0,-410000.0,100.0
Jun'24,2024-06-01,FY_24-25,Avenue Supermarts Ltd.-DC-1039,Direct,D-Mart,West,Mumbai,BBlunt,30000.0,50000.0,100.0
Jun'24,2024-06-01,FY_24-25,Avenue Supermarts Ltd.-DC-1039,Direct,D-Mart,West,Mumbai,Mamaearth,8960000.0,23100000.0,100.0
Jun'24,2024-06-01,FY_24-25,Avenue Supermarts Ltd.-DC-1049,Direct,D-Mart,North,Madhya Pradesh,Mamaearth,3780000.0,9770000.0,100.0
Jun'24,2024-06-01,FY_24-25,Avenue Supermarts Ltd.-DC-1050,Direct,D-Mart,North,Punjab,Mamaearth,3120000.0,8120000.0,100.0
Jun'24,2024-06-01,FY_24-25,Avenue Supermarts Ltd.-DC-1054,Direct,D-Mart,South-2,Telangana,Mamaearth,-320000.0,-810000.0,100.0
Jun'24,2024-06-01,FY_24-25,Avenue Supermarts Ltd.-DC-1055,Direct,D-Mart,West,Pune,Mamaearth,-80000.0,-190000.0,100.0
Jun'24,2024-06-01,FY_24-25,Avenue Supermarts Ltd.-DC-1056,Direct,D-Mart,West,Gujarat,Mamaearth,-190000.0,-490000.0,100.0
Jun'24,2024-06-01,FY_24-25,Avenue Supermarts Ltd.-DC-1068,Direct,D-Mart,North,Rajasthan,Mamaearth,3810000.0,9770000.0,100.0
Jun'24,2024-06-01,FY_24-25,Avenue Supermarts Ltd_4901,Direct,D-Mart,West,Chattishgarh,Mamaearth,330000.0,830000.0,100.0
Jun'24,2024-06-01,FY_24-25,Avenue Supermarts Ltd_4902,Direct,D-Mart,West,Chattishgarh,Mamaearth,230000.0,570000.0,100.0
Jun'24,2024-06-01,FY_24-25,Avenue Supermarts Ltd_4903,Direct,D-Mart,West,Chattishgarh,Mamaearth,510000.0,1260000.0,100.0
Jun'24,2024-06-01,FY_24-25,Avenue Supermarts Ltd_4904,Direct,D-Mart,West,Chattishgarh,Mamaearth,70000.0,190000.0,100.0
Jun'24,2024-06-01,FY_24-25,Avenue Supermarts Ltd_4906,Direct,D-Mart,West,Chattishgarh,Mamaearth,210000.0,530000.0,100.0
Jun'24,2024-06-01,FY_24-25,Guardian Healthcare Services Pvt Ltd(DL),Direct,Guardian,North,Delhi,Aqualogica,30000.0,50000.0,100.0
Jun'24,2024-06-01,FY_24-25,Guardian Healthcare Services Pvt Ltd(DL),Direct,Guardian,North,Delhi,Mamaearth,60000.0,110000.0,100.0
Jun'24,2024-06-01,FY_24-25,Guardian Healthcare Services Pvt Ltd(DL),Direct,Guardian,North,Delhi,The Derma Co,60000.0,130000.0,100.0
Jun'24,2024-06-01,FY_24-25,Metro Cash & Carry India Private Limited_T0EM,Direct,Metro-CNC-RRL,West,Gujarat,Mamaearth,-40000.0,-70000.0,100.0
Jun'24,2024-06-01,FY_24-25,Metro Cash & Carry India Private Limited_T2SI,Direct,Metro-CNC-RRL,West,Pune,Mamaearth,-30000.0,-60000.0,100.0
Jun'24,2024-06-01,FY_24-25,Metro Cash & Carry India Pvt Ltd -(DC27)-T0SJ,Direct,Metro-CNC-RRL,South-1,Karnataka,BBlunt,10000.0,10000.0,100.0
Jun'24,2024-06-01,FY_24-25,Metro Cash & Carry India Pvt Ltd -(DC27)-T0SJ,Direct,Metro-CNC-RRL,South-1,Karnataka,Mamaearth,310000.0,600000.0,100.0
Jun'24,2024-06-01,FY_24-25,Metro Cash & Carry India Pvt Ltd -(DC34)-T0SR,Direct,Metro-CNC-RRL,South-1,Karnataka,Mamaearth,50000.0,100000.0,100.0
Jun'24,2024-06-01,FY_24-25,Metro Cash & Carry India Pvt Ltd-(DC10)-T0SM,Direct,Metro-CNC-RRL,South-1,Karnataka,BBlunt,10000.0,10000.0,100.0
Jun'24,2024-06-01,FY_24-25,Metro Cash & Carry India Pvt Ltd-(DC10)-T0SM,Direct,Metro-CNC-RRL,South-1,Karnataka,Mamaearth,420000.0,790000.0,100.0
Jun'24,2024-06-01,FY_24-25,Metro Cash & Carry India Pvt Ltd-(DC11)-T0SL,Direct,Metro-CNC-RRL,South-1,Karnataka,Aqualogica,30000.0,40000.0,100.0
Jun'24,2024-06-01,FY_24-25,Metro Cash & Carry India Pvt Ltd-(DC11)-T0SL,Direct,Metro-CNC-RRL,South-1,Karnataka,BBlunt,20000.0,30000.0,100.0
Jun'24,2024-06-01,FY_24-25,Metro Cash & Carry India Pvt Ltd-(DC11)-T0SL,Direct,Metro-CNC-RRL,South-1,Karnataka,Mamaearth,480000.0,940000.0,100.0
Jun'24,2024-06-01,FY_24-25,Metro Cash & Carry India Pvt Ltd-(DC11)-T0SL,Direct,Metro-CNC-RRL,South-1,Karnataka,The Derma Co,20000.0,30000.0,100.0
Jun'24,2024-06-01,FY_24-25,Metro Cash & Carry India Pvt Ltd-(DC12)-T0QX,Direct,Metro-CNC-RRL,South-2,Telangana,Aqualogica,20000.0,30000.0,100.0
Jun'24,2024-06-01,FY_24-25,Metro Cash & Carry India Pvt Ltd-(DC12)-T0QX,Direct,Metro-CNC-RRL,South-2,Telangana,BBlunt,30000.0,40000.0,100.0
Jun'24,2024-06-01,FY_24-25,Metro Cash & Carry India Pvt Ltd-(DC12)-T0QX,Direct,Metro-CNC-RRL,South-2,Telangana,Mamaearth,480000.0,920000.0,100.0
Jun'24,2024-06-01,FY_24-25,Metro Cash & Carry India Pvt Ltd-(DC12)-T0QX,Direct,Metro-CNC-RRL,South-2,Telangana,The Derma Co,30000.0,50000.0,100.0
Jun'24,2024-06-01,FY_24-25,Metro Cash & Carry India Pvt Ltd-(DC15)-T0QY,Direct,Metro-CNC-RRL,South-2,Telangana,Mamaearth,550000.0,1020000.0,100.0
Jun'24,2024-06-01,FY_24-25,Metro Cash & Carry India Pvt Ltd-(DC16)-T0QZ,Direct,Metro-CNC-RRL,South-2,Telangana,BBlunt,0.0,10000.0,100.0
Jun'24,2024-06-01,FY_24-25,Metro Cash & Carry India Pvt Ltd-(DC16)-T0QZ,Direct,Metro-CNC-RRL,South-2,Telangana,Mamaearth,350000.0,710000.0,100.0
Jun'24,2024-06-01,FY_24-25,Metro Cash & Carry India Pvt Ltd-(DC17)-T0QT,Direct,Metro-CNC-RRL,South-2,Andhra Pradesh,Mamaearth,150000.0,280000.0,100.0
Jun'24,2024-06-01,FY_24-25,Metro Cash & Carry India Pvt Ltd-(DC18)-T0SN,Direct,Metro-CNC-RRL,South-1,Karnataka,BBlunt,10000.0,20000.0,100.0
Jun'24,2024-06-01,FY_24-25,Metro Cash & Carry India Pvt Ltd-(DC18)-T0SN,Direct,Metro-CNC-RRL,South-1,Karnataka,Mamaearth,330000.0,660000.0,100.0
Jun'24,2024-06-01,FY_24-25,Metro Cash & Carry India Pvt Ltd-(DC18)-T0SN,Direct,Metro-CNC-RRL,South-1,Karnataka,The Derma Co,20000.0,40000.0,100.0
Jun'24,2024-06-01,FY_24-25,Metro Cash & Carry India Pvt Ltd-(DC20)-T0RK,Direct,Metro-CNC-RRL,West,Mumbai,Mamaearth,330000.0,640000.0,100.0
Jun'24,2024-06-01,FY_24-25,Metro Cash & Carry India Pvt Ltd-(DC23)-T0RL,Direct,Metro-CNC-RRL,West,Mumbai,Mamaearth,340000.0,650000.0,100.0
Jun'24,2024-06-01,FY_24-25,Metro Cash & Carry India Pvt Ltd-(DC23)-T0RL,Direct,Metro-CNC-RRL,West,Mumbai,The Derma Co,40000.0,60000.0,100.0
Jun'24,2024-06-01,FY_24-25,Metro Cash & Carry India Pvt Ltd-(DC24)-T0RJ,Direct,Metro-CNC-RRL,North,Madhya Pradesh,BBlunt,20000.0,30000.0,100.0
Jun'24,2024-06-01,FY_24-25,Metro Cash & Carry India Pvt Ltd-(DC24)-T0RJ,Direct,Metro-CNC-RRL,North,Madhya Pradesh,Mamaearth,330000.0,650000.0,100.0
Jun'24,2024-06-01,FY_24-25,Metro Cash & Carry India Pvt Ltd-(DC25)-T0RB,Direct,Metro-CNC-RRL,West,Gujarat,Mamaearth,160000.0,300000.0,100.0
Jun'24,2024-06-01,FY_24-25,Metro Cash & Carry India Pvt Ltd-(DC26)-T0SP,Direct,Metro-CNC-RRL,South-1,Karnataka,Mamaearth,440000.0,930000.0,100.0
Jun'24,2024-06-01,FY_24-25,Metro Cash & Carry India Pvt Ltd-(DC28)-T0RF,Direct,Metro-CNC-RRL,West,Gujarat,Mamaearth,80000.0,190000.0,100.0
Jun'24,2024-06-01,FY_24-25,Metro Cash & Carry India Pvt Ltd-(DC29)-T0RA,Direct,Metro-CNC-RRL,South-2,Telangana,BBlunt,30000.0,50000.0,100.0
Jun'24,2024-06-01,FY_24-25,Metro Cash & Carry India Pvt Ltd-(DC29)-T0RA,Direct,Metro-CNC-RRL,South-2,Telangana,Mamaearth,330000.0,720000.0,100.0
Jun'24,2024-06-01,FY_24-25,Metro Cash & Carry India Pvt Ltd-(DC30)-T0RM,Direct,Metro-CNC-RRL,West,Pune,Mamaearth,460000.0,870000.0,100.0
Jun'24,2024-06-01,FY_24-25,Metro Cash & Carry India Pvt Ltd-(DC32)-T0QU,Direct,Metro-CNC-RRL,North,UPW,Mamaearth,160000.0,310000.0,100.0
Jun'24,2024-06-01,FY_24-25,Metro Cash & Carry India Pvt Ltd-(DC36)-T0RH,Direct,Metro-CNC-RRL,South-2,Andhra Pradesh,BBlunt,10000.0,20000.0,100.0
Jun'24,2024-06-01,FY_24-25,Metro Cash & Carry India Pvt Ltd-(DC36)-T0RH,Direct,Metro-CNC-RRL,South-2,Andhra Pradesh,Mamaearth,250000.0,520000.0,100.0
Jun'24,2024-06-01,FY_24-25,Metro Cash & Carry India Pvt Ltd-(DC37)-T0RD,Direct,Metro-CNC-RRL,South-2,Andhra Pradesh,BBlunt,10000.0,20000.0,100.0
Jun'24,2024-06-01,FY_24-25,Metro Cash & Carry India Pvt Ltd-(DC37)-T0RD,Direct,Metro-CNC-RRL,South-2,Andhra Pradesh,Mamaearth,40000.0,80000.0,100.0
Jun'24,2024-06-01,FY_24-25,Metro Cash & Carry India Pvt Ltd-(DC43)-T2YF,Direct,Metro-CNC-RRL,North,Punjab,BBlunt,20000.0,40000.0,100.0
Jun'24,2024-06-01,FY_24-25,Metro Cash & Carry India Pvt Ltd-(DC43)-T2YF,Direct,Metro-CNC-RRL,North,Punjab,Mamaearth,560000.0,1050000.0,100.0
Jun'24,2024-06-01,FY_24-25,Metro Cash & Carry India Pvt Ltd-(DC43)-T2YF,Direct,Metro-CNC-RRL,North,Punjab,The Derma Co,0.0,10000.0,100.0
Jun'24,2024-06-01,FY_24-25,Metro Cash & Carry India Pvt Ltd-(DC45)-T0RE,Direct,Metro-CNC-RRL,North,Rajasthan,BBlunt,10000.0,10000.0,100.0
Jun'24,2024-06-01,FY_24-25,Metro Cash & Carry India Pvt Ltd-(DC45)-T0RE,Direct,Metro-CNC-RRL,North,Rajasthan,Mamaearth,320000.0,610000.0,100.0
Jun'24,2024-06-01,FY_24-25,Metro Cash & Carry India Pvt Ltd-(DC46)-T0RC,Direct,Metro-CNC-RRL,North,Delhi,BBlunt,20000.0,30000.0,100.0
Jun'24,2024-06-01,FY_24-25,Metro Cash & Carry India Pvt Ltd-(DC46)-T0RC,Direct,Metro-CNC-RRL,North,Delhi,Mamaearth,680000.0,1330000.0,100.0
Jun'24,2024-06-01,FY_24-25,Metro Cash & Carry India Pvt Ltd-(DC47)-T0SI,Direct,Metro-CNC-RRL,North,Punjab,BBlunt,10000.0,20000.0,100.0
Jun'24,2024-06-01,FY_24-25,Metro Cash & Carry India Pvt Ltd-(DC47)-T0SI,Direct,Metro-CNC-RRL,North,Punjab,Mamaearth,310000.0,600000.0,100.0
Jun'24,2024-06-01,FY_24-25,Metro Cash & Carry India Pvt Ltd-(DC48)-T0SK,Direct,Metro-CNC-RRL,North,Punjab,BBlunt,20000.0,30000.0,100.0
Jun'24,2024-06-01,FY_24-25,Metro Cash & Carry India Pvt Ltd-(DC48)-T0SK,Direct,Metro-CNC-RRL,North,Punjab,Mamaearth,520000.0,960000.0,100.0
Jun'24,2024-06-01,FY_24-25,Metro Cash & Carry India Pvt Ltd-(DC52)-T0RI,Direct,Metro-CNC-RRL,North,Delhi,BBlunt,10000.0,20000.0,100.0
Jun'24,2024-06-01,FY_24-25,Metro Cash & Carry India Pvt Ltd-(DC52)-T0RI,Direct,Metro-CNC-RRL,North,Delhi,Mamaearth,160000.0,330000.0,100.0
Jun'24,2024-06-01,FY_24-25,Metro Cash & Carry India Pvt Ltd-(DC53)-T0QV,Direct,Metro-CNC-RRL,North,Lucknow_UPE,BBlunt,10000.0,10000.0,100.0
Jun'24,2024-06-01,FY_24-25,Metro Cash & Carry India Pvt Ltd-(DC53)-T0QV,Direct,Metro-CNC-RRL,North,Lucknow_UPE,Mamaearth,190000.0,450000.0,100.0
Jun'24,2024-06-01,FY_24-25,Metro Cash & Carry India Pvt Ltd-(DC54)-T0QW,Direct,Metro-CNC-RRL,North,UPW,Mamaearth,190000.0,370000.0,100.0
Jun'24,2024-06-01,FY_24-25,Metro Cash & Carry India Pvt Ltd-(DC60)-T0QS,Direct,Metro-CNC-RRL,East,West Bengal,BBlunt,10000.0,20000.0,100.0
Jun'24,2024-06-01,FY_24-25,Metro Cash & Carry India Pvt Ltd-(DC60)-T0QS,Direct,Metro-CNC-RRL,East,West Bengal,Mamaearth,380000.0,850000.0,100.0
Jun'24,2024-06-01,FY_24-25,Metro Cash & Carry India Pvt Ltd-(DC60)-T0QS,Direct,Metro-CNC-RRL,East,West Bengal,The Derma Co,80000.0,120000.0,100.0
Jun'24,2024-06-01,FY_24-25,Metro Cash & Carry India Pvt Ltd_DC33(T0SQ),Direct,Metro-CNC-RRL,South-1,Karnataka,Mamaearth,90000.0,160000.0,100.0
Jun'24,2024-06-01,FY_24-25,Metro Cash & Carry India Pvt Ltd_T0SO,Direct,Metro-CNC-RRL,South-1,Karnataka,BBlunt,20000.0,30000.0,100.0
Jun'24,2024-06-01,FY_24-25,Metro Cash & Carry India Pvt Ltd_T0SO,Direct,Metro-CNC-RRL,South-1,Karnataka,Mamaearth,170000.0,370000.0,100.0
Jun'24,2024-06-01,FY_24-25,Metro Cash & Carry India Pvt Ltd_T2FM,Direct,Metro-CNC-RRL,West,Mumbai,Aqualogica,20000.0,40000.0,100.0
Jun'24,2024-06-01,FY_24-25,Metro Cash & Carry India Pvt Ltd_T2FM,Direct,Metro-CNC-RRL,West,Mumbai,BBlunt,50000.0,70000.0,100.0
Jun'24,2024-06-01,FY_24-25,Metro Cash & Carry India Pvt Ltd_T2FM,Direct,Metro-CNC-RRL,West,Mumbai,Mamaearth,580000.0,1090000.0,100.0
Jun'24,2024-06-01,FY_24-25,Metro Cash & Carry India Pvt Ltd_T2FM,Direct,Metro-CNC-RRL,West,Mumbai,The Derma Co,80000.0,130000.0,100.0
Jun'24,2024-06-01,FY_24-25,Metro Cash & Carry India Pvt Ltd_T2HM,Direct,Metro-CNC-RRL,West,Pune,Mamaearth,-10000.0,-10000.0,100.0
Jun'24,2024-06-01,FY_24-25,Metro Cash & Carry India Pvt Ltd_T2HN,Direct,Metro-CNC-RRL,North,Punjab,Mamaearth,-10000.0,-10000.0,100.0
Jun'24,2024-06-01,FY_24-25,Metro Cash & Carry India Pvt Ltd_T2ID,Direct,Metro-CNC-RRL,South-1,Karnataka,Mamaearth,0.0,0.0,100.0
Jun'24,2024-06-01,FY_24-25,Metro Cash & Carry India Pvt Ltd_T2IE,Direct,Metro-CNC-RRL,South-1,Karnataka,Mamaearth,0.0,-10000.0,100.0
Jun'24,2024-06-01,FY_24-25,Metro Cash & Carry India Pvt Ltd_T2IH,Direct,Metro-CNC-RRL,South-1,Tamil Nadu,Mamaearth,0.0,0.0,100.0
Jun'24,2024-06-01,FY_24-25,Metro Cash & Carry India Pvt Ltd_T2IO,Direct,Metro-CNC-RRL,West,Gujarat,Mamaearth,-10000.0,-10000.0,100.0
Jun'24,2024-06-01,FY_24-25,Metro Cash & Carry India Pvt Ltd_T2IU,Direct,Metro-CNC-RRL,North,Madhya Pradesh,Mamaearth,-10000.0,-10000.0,100.0
Jun'24,2024-06-01,FY_24-25,Metro Cash & Carry India Pvt Ltd_T2IV,Direct,Metro-CNC-RRL,South-2,Telangana,Mamaearth,-10000.0,-10000.0,100.0
Jun'24,2024-06-01,FY_24-25,Metro Cash & Carry India Pvt Ltd_T2IW,Direct,Metro-CNC-RRL,South-2,Telangana,Mamaearth,-10000.0,-10000.0,100.0
Jun'24,2024-06-01,FY_24-25,Metro Cash & Carry India Pvt Ltd_T2IX,Direct,Metro-CNC-RRL,South-2,Telangana,Mamaearth,-70000.0,-120000.0,100.0
Jun'24,2024-06-01,FY_24-25,Metro Cash & Carry India Pvt Ltd_T2IY,Direct,Metro-CNC-RRL,South-2,Telangana,Mamaearth,-10000.0,-10000.0,100.0
Jun'24,2024-06-01,FY_24-25,Metro Cash & Carry India Pvt Ltd_T2JB,Direct,Metro-CNC-RRL,South-1,Tamil Nadu,Mamaearth,0.0,-10000.0,100.0
Jun'24,2024-06-01,FY_24-25,Metro Cash & Carry India Pvt Ltd_T2JD,Direct,Metro-CNC-RRL,South-1,Tamil Nadu,Mamaearth,0.0,-10000.0,100.0
Jun'24,2024-06-01,FY_24-25,Metro Cash & Carry India Pvt Ltd_T2JG,Direct,Metro-CNC-RRL,South-1,Tamil Nadu,Mamaearth,-50000.0,-90000.0,100.0
Jun'24,2024-06-01,FY_24-25,Metro Cash & Carry India Pvt Ltd_T2JT,Direct,Metro-CNC-RRL,South-2,Telangana,Mamaearth,-10000.0,-10000.0,100.0
Jun'24,2024-06-01,FY_24-25,Metro Cash & Carry India Pvt Ltd_T2LX,Direct,Metro-CNC-RRL,North,Madhya Pradesh,Mamaearth,-30000.0,-60000.0,100.0
Jun'24,2024-06-01,FY_24-25,Metro Cash & Carry India Pvt Ltd_T2MB,Direct,Metro-CNC-RRL,North,Rajasthan,Mamaearth,-10000.0,-10000.0,100.0
Jun'24,2024-06-01,FY_24-25,Metro Cash & Carry India Pvt Ltd_T2OA,Direct,Metro-CNC-RRL,South-2,Andhra Pradesh,Mamaearth,0.0,0.0,100.0
Jun'24,2024-06-01,FY_24-25,Metro Cash & Carry India Pvt Ltd_T2PF,Direct,Metro-CNC-RRL,West,Gujarat,Mamaearth,-10000.0,-10000.0,100.0
Jun'24,2024-06-01,FY_24-25,Metro Cash & Carry India Pvt Ltd_T2QF,Direct,Metro-CNC-RRL,West,Mumbai,Mamaearth,-170000.0,-310000.0,100.0
Jun'24,2024-06-01,FY_24-25,Metro Cash & Carry India Pvt Ltd_T2QI,Direct,Metro-CNC-RRL,West,Mumbai,Mamaearth,0.0,0.0,100.0
Jun'24,2024-06-01,FY_24-25,Metro Cash & Carry India Pvt Ltd_T2QJ,Direct,Metro-CNC-RRL,West,Mumbai,Mamaearth,0.0,-10000.0,100.0
Jun'24,2024-06-01,FY_24-25,Metro Cash & Carry India Pvt Ltd_T2QQ,Direct,Metro-CNC-RRL,West,Mumbai,Mamaearth,-10000.0,-10000.0,100.0
Jun'24,2024-06-01,FY_24-25,Metro Cash & Carry India Pvt Ltd_T2QX,Direct,Metro-CNC-RRL,North,Lucknow_UPE,Mamaearth,-10000.0,-10000.0,100.0
Jun'24,2024-06-01,FY_24-25,Metro Cash & Carry India Pvt Ltd_T2RH,Direct,Metro-CNC-RRL,North,Lucknow_UPE,Mamaearth,0.0,-10000.0,100.0
Jun'24,2024-06-01,FY_24-25,Metro Cash & Carry India Pvt Ltd_T2SF,Direct,Metro-CNC-RRL,South-2,Andhra Pradesh,Mamaearth,0.0,-10000.0,100.0
Jun'24,2024-06-01,FY_24-25,Metro Cash & Carry India Pvt Ltd_T2SJ,Direct,Metro-CNC-RRL,East,West Bengal,Mamaearth,-20000.0,-40000.0,100.0
Jun'24,2024-06-01,FY_24-25,Metro Cash & Carry India Pvt Ltd_T2SL,Direct,Metro-CNC-RRL,South-1,Tamil Nadu,Mamaearth,-10000.0,-10000.0,100.0
Jun'24,2024-06-01,FY_24-25,Metro Cash & Carry India Pvt Ltd_T2SM,Direct,Metro-CNC-RRL,South-1,Tamil Nadu,Mamaearth,0.0,-10000.0,100.0
Jun'24,2024-06-01,FY_24-25,Metro Cash & Carry India Pvt Ltd_T2SQ,Direct,Metro-CNC-RRL,North,Rajasthan,Mamaearth,0.0,-10000.0,100.0
Jun'24,2024-06-01,FY_24-25,Metro Cash & Carry India Pvt Ltd_T2TY,Direct,Metro-CNC-RRL,West,Mumbai,Mamaearth,-10000.0,-20000.0,100.0
Jun'24,2024-06-01,FY_24-25,Metro Cash & Carry India Pvt Ltd_T2UY,Direct,Metro-CNC-RRL,West,Pune,Mamaearth,-10000.0,-10000.0,100.0
Jun'24,2024-06-01,FY_24-25,Metro Cash & Carry India Pvt Ltd_T2XD,Direct,Metro-CNC-RRL,North,Rajasthan,Mamaearth,-10000.0,-10000.0,100.0
Jun'24,2024-06-01,FY_24-25,Metro Cash & Carry India Pvt Ltd_T3DQ,Direct,Metro-CNC-RRL,North,Lucknow_UPE,Mamaearth,-10000.0,-10000.0,100.0
Jun'24,2024-06-01,FY_24-25,Metro Cash & Carry India Pvt Ltd_T3DR,Direct,Metro-CNC-RRL,North,Lucknow_UPE,Mamaearth,-10000.0,-10000.0,100.0
Jun'24,2024-06-01,FY_24-25,Metro Cash & Carry India Pvt Ltd-T2HV,Direct,Metro-CNC-RRL,South-1,Karnataka,Mamaearth,-10000.0,-10000.0,100.0
Jun'24,2024-06-01,FY_24-25,Metro Cash & Carry India Pvt Ltd-T2HZ,Direct,Metro-CNC-RRL,South-1,Karnataka,Mamaearth,-10000.0,-10000.0,100.0
Jun'24,2024-06-01,FY_24-25,Metro Cash & Carry India Pvt Ltd-T2IC,Direct,Metro-CNC-RRL,South-1,Karnataka,Mamaearth,-10000.0,-10000.0,100.0
Jun'24,2024-06-01,FY_24-25,Metro Cash & Carry India Pvt Ltd-T2JP,Direct,Metro-CNC-RRL,South-2,Andhra Pradesh,Mamaearth,0.0,0.0,100.0
Jun'24,2024-06-01,FY_24-25,Metro Cash & Carry India Pvt Ltd-T2KG,Direct,Metro-CNC-RRL,North,Delhi,Mamaearth,-10000.0,-10000.0,100.0
Jun'24,2024-06-01,FY_24-25,Metro Cash & Carry India Pvt Ltd-T2MC,Direct,Metro-CNC-RRL,North,UPW,Mamaearth,0.0,-10000.0,100.0
Jun'24,2024-06-01,FY_24-25,Metro Cash & Carry India Pvt Ltd-T2NX,Direct,Metro-CNC-RRL,West,Gujarat,Mamaearth,-10000.0,-10000.0,100.0
Jun'24,2024-06-01,FY_24-25,Metro Cash & Carry India Pvt Ltd-T2QV,Direct,Metro-CNC-RRL,West,Mumbai,Mamaearth,0.0,0.0,100.0
Jun'24,2024-06-01,FY_24-25,Metro Cash & Carry India Pvt Ltd-T2RB,Direct,Metro-CNC-RRL,North,Lucknow_UPE,Mamaearth,-10000.0,-10000.0,100.0
Jun'24,2024-06-01,FY_24-25,Metro Cash & Carry India Pvt Ltd-T2RC,Direct,Metro-CNC-RRL,North,Lucknow_UPE,Mamaearth,-10000.0,-10000.0,100.0
Jun'24,2024-06-01,FY_24-25,Metro Cash & Carry India Pvt Ltd-T2RD,Direct,Metro-CNC-RRL,North,Lucknow_UPE,Mamaearth,-10000.0,-10000.0,100.0
Jun'24,2024-06-01,FY_24-25,Octopolis Technologies Pvt Ltd,Direct,Apna Klub,North,UPW,The Derma Co,320000.0,470000.0,100.0
Jun'24,2024-06-01,FY_24-25,Reliance Retail Limited Ce08,Direct,Reliance Retail,East,Jharkhand,Aqualogica,170000.0,280000.0,100.0
Jun'24,2024-06-01,FY_24-25,Reliance Retail Limited Ce08,Direct,Reliance Retail,East,Jharkhand,Mamaearth,1880000.0,3830000.0,100.0
Jun'24,2024-06-01,FY_24-25,Reliance Retail Limited Ce08,Direct,Reliance Retail,East,Jharkhand,The Derma Co,160000.0,250000.0,100.0
Jun'24,2024-06-01,FY_24-25,Reliance Retail Limited Cf08,Direct,Reliance Retail,West,Mumbai,Aqualogica,130000.0,210000.0,100.0
Jun'24,2024-06-01,FY_24-25,Reliance Retail Limited Cf08,Direct,Reliance Retail,West,Mumbai,Mamaearth,980000.0,2240000.0,100.0
Jun'24,2024-06-01,FY_24-25,Reliance Retail Limited Cf08,Direct,Reliance Retail,West,Mumbai,The Derma Co,140000.0,220000.0,100.0
Jun'24,2024-06-01,FY_24-25,Reliance Retail Limited Cm08,Direct,Reliance Retail,West,Pune,Aqualogica,110000.0,180000.0,100.0
Jun'24,2024-06-01,FY_24-25,Reliance Retail Limited Cm08,Direct,Reliance Retail,West,Pune,Mamaearth,540000.0,1080000.0,100.0
Jun'24,2024-06-01,FY_24-25,Reliance Retail Limited Cm08,Direct,Reliance Retail,West,Pune,The Derma Co,40000.0,70000.0,100.0
Jun'24,2024-06-01,FY_24-25,Reliance Retail Limited Ct08,Direct,Reliance Retail,North,Rajasthan,Aqualogica,230000.0,380000.0,100.0
Jun'24,2024-06-01,FY_24-25,Reliance Retail Limited Ct08,Direct,Reliance Retail,North,Rajasthan,Mamaearth,650000.0,1230000.0,100.0
Jun'24,2024-06-01,FY_24-25,Reliance Retail Limited Ct08,Direct,Reliance Retail,North,Rajasthan,The Derma Co,40000.0,70000.0,100.0
Jun'24,2024-06-01,FY_24-25,Reliance Retail Limited Ea08,Direct,Reliance Retail,North,Haryana,Aqualogica,210000.0,340000.0,100.0
Jun'24,2024-06-01,FY_24-25,Reliance Retail Limited Ea08,Direct,Reliance Retail,North,Haryana,Mamaearth,1120000.0,2710000.0,100.0
Jun'24,2024-06-01,FY_24-25,Reliance Retail Limited Ea08,Direct,Reliance Retail,North,Haryana,The Derma Co,180000.0,290000.0,100.0
Jun'24,2024-06-01,FY_24-25,Reliance Retail Limited Fb08,Direct,Reliance Retail,North,Punjab,Aqualogica,50000.0,80000.0,100.0
Jun'24,2024-06-01,FY_24-25,Reliance Retail Limited Fb08,Direct,Reliance Retail,North,Punjab,Mamaearth,1340000.0,2920000.0,100.0
Jun'24,2024-06-01,FY_24-25,Reliance Retail Limited Fb08,Direct,Reliance Retail,North,Punjab,The Derma Co,150000.0,250000.0,100.0
Jun'24,2024-06-01,FY_24-25,Reliance Retail Limited Fd08,Direct,Reliance Retail,South-1,Karnataka,Mamaearth,250000.0,530000.0,100.0
Jun'24,2024-06-01,FY_24-25,Reliance Retail Limited R301,Direct,Reliance Retail,South-2,Telangana,Mamaearth,80000.0,180000.0,100.0
Jun'24,2024-06-01,FY_24-25,Reliance Retail Limited R426,Direct,Reliance Retail,East,West Bengal,Mamaearth,200000.0,330000.0,100.0
Jun'24,2024-06-01,FY_24-25,Reliance Retail Limited R468,Direct,Reliance Retail,South-2,Andhra Pradesh,Mamaearth,140000.0,320000.0,100.0
Jun'24,2024-06-01,FY_24-25,Reliance Retail Limited R701,Direct,Reliance Retail,West,Gujarat,Aqualogica,110000.0,180000.0,100.0
Jun'24,2024-06-01,FY_24-25,Reliance Retail Limited R701,Direct,Reliance Retail,West,Gujarat,Mamaearth,1230000.0,2780000.0,100.0
Jun'24,2024-06-01,FY_24-25,Reliance Retail Limited R701,Direct,Reliance Retail,West,Gujarat,The Derma Co,170000.0,280000.0,100.0
Jun'24,2024-06-01,FY_24-25,Reliance Retail Limited R703,Direct,Reliance Retail,South-1,Tamil Nadu,Mamaearth,40000.0,60000.0,100.0
Jun'24,2024-06-01,FY_24-25,Reliance Retail Limited R801,Direct,Reliance Retail,East,Orissa,Aqualogica,80000.0,140000.0,100.0
Jun'24,2024-06-01,FY_24-25,Reliance Retail Limited R801,Direct,Reliance Retail,East,Orissa,Mamaearth,2340000.0,5530000.0,100.0
Jun'24,2024-06-01,FY_24-25,Reliance Retail Limited R801,Direct,Reliance Retail,East,Orissa,The Derma Co,260000.0,420000.0,100.0
Jun'24,2024-06-01,FY_24-25,Reliance Retail Limited S412,Direct,Reliance Retail,East,West Bengal,Mamaearth,-20000.0,-30000.0,100.0
Jun'24,2024-06-01,FY_24-25,Reliance Retail Limited Sc79,Direct,Reliance Retail,West,Mumbai,Aqualogica,10000.0,20000.0,100.0
Jun'24,2024-06-01,FY_24-25,Reliance Retail Limited Sc79,Direct,Reliance Retail,West,Mumbai,Mamaearth,360000.0,710000.0,100.0
Jun'24,2024-06-01,FY_24-25,Reliance Retail Limited Sc79,Direct,Reliance Retail,West,Mumbai,The Derma Co,110000.0,180000.0,100.0
Jun'24,2024-06-01,FY_24-25,Reliance Retail Limited Sc86,Direct,Reliance Retail,South-1,Karnataka,Mamaearth,430000.0,930000.0,100.0
Jun'24,2024-06-01,FY_24-25,Reliance Retail Limited_2302,Direct,Reliance Retail,East,Jharkhand,Mamaearth,10000.0,20000.0,100.0
Jun'24,2024-06-01,FY_24-25,Reliance Retail Limited_2364,Direct,Reliance Retail,North,Haryana,Mamaearth,10000.0,20000.0,100.0
Jun'24,2024-06-01,FY_24-25,Reliance Retail Limited_2995,Direct,Reliance Retail,North,Haryana,Mamaearth,0.0,0.0,100.0
Jun'24,2024-06-01,FY_24-25,Reliance Retail Limited_2996,Direct,Reliance Retail,North,Punjab,Mamaearth,10000.0,10000.0,100.0
Jun'24,2024-06-01,FY_24-25,Reliance Retail Limited_3210,Direct,Reliance Retail,North,Madhya Pradesh,Mamaearth,0.0,0.0,100.0
Jun'24,2024-06-01,FY_24-25,Reliance Retail Limited_6209,Direct,Reliance Retail,West,Pune,Mamaearth,20000.0,40000.0,100.0
Jun'24,2024-06-01,FY_24-25,Reliance Retail Limited_6221,Direct,Reliance Retail,West,Mumbai,Mamaearth,0.0,10000.0,100.0
Jun'24,2024-06-01,FY_24-25,Reliance Retail Limited_6717,Direct,Reliance Retail,North,Rajasthan,Mamaearth,10000.0,10000.0,100.0
Jun'24,2024-06-01,FY_24-25,Reliance Retail Limited_6719,Direct,Reliance Retail,West,Pune,Mamaearth,10000.0,20000.0,100.0
Jun'24,2024-06-01,FY_24-25,Reliance Retail Limited_6722,Direct,Reliance Retail,North,Delhi,Mamaearth,10000.0,10000.0,100.0
Jun'24,2024-06-01,FY_24-25,Reliance Retail Limited_6727,Direct,Reliance Retail,North,Haryana,Mamaearth,10000.0,10000.0,100.0
Jun'24,2024-06-01,FY_24-25,Reliance Retail Limited_Cy08-Kerala,Direct,Reliance Retail,South-1,Kerala,Aqualogica,60000.0,100000.0,100.0
Jun'24,2024-06-01,FY_24-25,Reliance Retail Limited_Cy08-Kerala,Direct,Reliance Retail,South-1,Kerala,Mamaearth,580000.0,1190000.0,100.0
Jun'24,2024-06-01,FY_24-25,Reliance Retail Limited_Cy08-Kerala,Direct,Reliance Retail,South-1,Kerala,The Derma Co,30000.0,50000.0,100.0
Jun'24,2024-06-01,FY_24-25,Reliance Retail Limited_FR00,Direct,Reliance Retail,West,Mumbai,Mamaearth,10000.0,10000.0,100.0
Jun'24,2024-06-01,FY_24-25,Reliance Retail Limited_FR02,Direct,Reliance Retail,West,Mumbai,Mamaearth,0.0,0.0,100.0
Jun'24,2024-06-01,FY_24-25,Reliance Retail Limited_FR03,Direct,Reliance Retail,West,Mumbai,Mamaearth,10000.0,20000.0,100.0
Jun'24,2024-06-01,FY_24-25,Reliance Retail Limited_FR10,Direct,Reliance Retail,West,Mumbai,Mamaearth,10000.0,10000.0,100.0
Jun'24,2024-06-01,FY_24-25,Reliance Retail Limited_FR27,Direct,Reliance Retail,North,Madhya Pradesh,Mamaearth,10000.0,10000.0,100.0
Jun'24,2024-06-01,FY_24-25,Reliance Retail Limited_FR30,Direct,Reliance Retail,North,Madhya Pradesh,Mamaearth,10000.0,10000.0,100.0
Jun'24,2024-06-01,FY_24-25,Reliance Retail Limited_FR60,Direct,Reliance Retail,West,Gujarat,Mamaearth,10000.0,20000.0,100.0
Jun'24,2024-06-01,FY_24-25,Reliance Retail Limited_FR62,Direct,Reliance Retail,East,Orissa,Mamaearth,10000.0,10000.0,100.0
Jun'24,2024-06-01,FY_24-25,Reliance Retail Limited_FR64,Direct,Reliance Retail,East,Orissa,Mamaearth,20000.0,30000.0,100.0
Jun'24,2024-06-01,FY_24-25,Reliance Retail Limited_FR76,Direct,Reliance Retail,East,West Bengal,Mamaearth,10000.0,10000.0,100.0
Jun'24,2024-06-01,FY_24-25,Reliance Retail Limited_Fr87,Direct,Reliance Retail,North,Haryana,Aqualogica,330000.0,530000.0,100.0
Jun'24,2024-06-01,FY_24-25,Reliance Retail Limited_Fr87,Direct,Reliance Retail,North,Haryana,Mamaearth,2130000.0,4850000.0,100.0
Jun'24,2024-06-01,FY_24-25,Reliance Retail Limited_Fr87,Direct,Reliance Retail,North,Haryana,The Derma Co,340000.0,550000.0,100.0
Jun'24,2024-06-01,FY_24-25,Reliance Retail Limited_Fr89,Direct,Reliance Retail,North,UPW,Mamaearth,500000.0,1000000.0,100.0
Jun'24,2024-06-01,FY_24-25,Reliance Retail Limited_Fr89,Direct,Reliance Retail,North,UPW,The Derma Co,50000.0,80000.0,100.0
Jun'24,2024-06-01,FY_24-25,Reliance Retail Limited_FRAT,Direct,Reliance Retail,East,Jharkhand,Mamaearth,10000.0,20000.0,100.0
Jun'24,2024-06-01,FY_24-25,Reliance Retail Limited_Fraz,Direct,Reliance Retail,North,Punjab,Aqualogica,80000.0,140000.0,100.0
Jun'24,2024-06-01,FY_24-25,Reliance Retail Limited_Fraz,Direct,Reliance Retail,North,Punjab,Mamaearth,1020000.0,2060000.0,100.0
Jun'24,2024-06-01,FY_24-25,Reliance Retail Limited_Fraz,Direct,Reliance Retail,North,Punjab,The Derma Co,60000.0,90000.0,100.0
Jun'24,2024-06-01,FY_24-25,Reliance Retail Limited_FRBD,Direct,Reliance Retail,North,Punjab,Mamaearth,10000.0,20000.0,100.0
Jun'24,2024-06-01,FY_24-25,Reliance Retail Limited_FRBR,Direct,Reliance Retail,East,West Bengal,Mamaearth,20000.0,30000.0,100.0
Jun'24,2024-06-01,FY_24-25,Reliance Retail Limited_FRBS,Direct,Reliance Retail,East,West Bengal,Aqualogica,10000.0,10000.0,100.0
Jun'24,2024-06-01,FY_24-25,Reliance Retail Limited_FRBS,Direct,Reliance Retail,East,West Bengal,BBlunt,10000.0,20000.0,100.0
Jun'24,2024-06-01,FY_24-25,Reliance Retail Limited_FRBS,Direct,Reliance Retail,East,West Bengal,Mamaearth,10000.0,20000.0,100.0
Jun'24,2024-06-01,FY_24-25,Reliance Retail Limited_FRBS,Direct,Reliance Retail,East,West Bengal,The Derma Co,30000.0,50000.0,100.0
Jun'24,2024-06-01,FY_24-25,Reliance Retail Limited_FRBU,Direct,Reliance Retail,East,West Bengal,Mamaearth,20000.0,30000.0,100.0
Jun'24,2024-06-01,FY_24-25,Reliance Retail Limited_FRBW,Direct,Reliance Retail,East,West Bengal,Mamaearth,10000.0,20000.0,100.0
Jun'24,2024-06-01,FY_24-25,Reliance Retail Limited_FRCG,Direct,Reliance Retail,East,West Bengal,Mamaearth,10000.0,20000.0,100.0
Jun'24,2024-06-01,FY_24-25,Reliance Retail Limited_FRCH,Direct,Reliance Retail,East,West Bengal,Mamaearth,10000.0,20000.0,100.0
Jun'24,2024-06-01,FY_24-25,Reliance Retail Limited_FRCJ,Direct,Reliance Retail,East,West Bengal,Mamaearth,10000.0,20000.0,100.0
Jun'24,2024-06-01,FY_24-25,Reliance Retail Limited_FRCP,Direct,Reliance Retail,North,Haryana,Aqualogica,0.0,0.0,100.0
Jun'24,2024-06-01,FY_24-25,Reliance Retail Limited_FRCP,Direct,Reliance Retail,North,Haryana,BBlunt,20000.0,30000.0,100.0
Jun'24,2024-06-01,FY_24-25,Reliance Retail Limited_FRCP,Direct,Reliance Retail,North,Haryana,The Derma Co,50000.0,80000.0,100.0
Jun'24,2024-06-01,FY_24-25,Reliance Retail Limited_FRCS,Direct,Reliance Retail,North,Delhi,Mamaearth,10000.0,10000.0,100.0
Jun'24,2024-06-01,FY_24-25,Reliance Retail Limited_FRCT,Direct,Reliance Retail,North,Delhi,Aqualogica,0.0,0.0,100.0
Jun'24,2024-06-01,FY_24-25,Reliance Retail Limited_FRCT,Direct,Reliance Retail,North,Delhi,BBlunt,20000.0,30000.0,100.0
Jun'24,2024-06-01,FY_24-25,Reliance Retail Limited_FRCT,Direct,Reliance Retail,North,Delhi,The Derma Co,20000.0,30000.0,100.0
Jun'24,2024-06-01,FY_24-25,Reliance Retail Limited_FRDA,Direct,Reliance Retail,North,Rajasthan,Mamaearth,10000.0,10000.0,100.0
Jun'24,2024-06-01,FY_24-25,Reliance Retail Limited_FRDB,Direct,Reliance Retail,North,Delhi,Aqualogica,10000.0,10000.0,100.0
Jun'24,2024-06-01,FY_24-25,Reliance Retail Limited_FRDB,Direct,Reliance Retail,North,Delhi,BBlunt,30000.0,50000.0,100.0
Jun'24,2024-06-01,FY_24-25,Reliance Retail Limited_FRDB,Direct,Reliance Retail,North,Delhi,Mamaearth,10000.0,10000.0,100.0
Jun'24,2024-06-01,FY_24-25,Reliance Retail Limited_FRDB,Direct,Reliance Retail,North,Delhi,The Derma Co,40000.0,60000.0,100.0
Jun'24,2024-06-01,FY_24-25,Reliance Retail Limited_FRDI,Direct,Reliance Retail,North,UPW,Mamaearth,10000.0,10000.0,100.0
Jun'24,2024-06-01,FY_24-25,Reliance Retail Limited_FRDK,Direct,Reliance Retail,North,UPW,Aqualogica,10000.0,20000.0,100.0
Jun'24,2024-06-01,FY_24-25,Reliance Retail Limited_FRDK,Direct,Reliance Retail,North,UPW,BBlunt,30000.0,50000.0,100.0
Jun'24,2024-06-01,FY_24-25,Reliance Retail Limited_FRDK,Direct,Reliance Retail,North,UPW,Mamaearth,10000.0,10000.0,100.0
Jun'24,2024-06-01,FY_24-25,Reliance Retail Limited_FRDK,Direct,Reliance Retail,North,UPW,The Derma Co,30000.0,60000.0,100.0
Jun'24,2024-06-01,FY_24-25,Reliance Retail Limited_FRDL,Direct,Reliance Retail,North,UPW,Aqualogica,10000.0,10000.0,100.0
Jun'24,2024-06-01,FY_24-25,Reliance Retail Limited_FRDL,Direct,Reliance Retail,North,UPW,BBlunt,30000.0,50000.0,100.0
Jun'24,2024-06-01,FY_24-25,Reliance Retail Limited_FRDL,Direct,Reliance Retail,North,UPW,Mamaearth,10000.0,10000.0,100.0
Jun'24,2024-06-01,FY_24-25,Reliance Retail Limited_FRDL,Direct,Reliance Retail,North,UPW,The Derma Co,30000.0,50000.0,100.0
Jun'24,2024-06-01,FY_24-25,Reliance Retail Limited_FRDP,Direct,Reliance Retail,North,Rajasthan,Mamaearth,10000.0,10000.0,100.0
Jun'24,2024-06-01,FY_24-25,Reliance Retail Limited_FRDT,Direct,Reliance Retail,North,Rajasthan,Mamaearth,10000.0,10000.0,100.0
Jun'24,2024-06-01,FY_24-25,Reliance Retail Limited_FREM,Direct,Reliance Retail,North,Rajasthan,Mamaearth,10000.0,10000.0,100.0
Jun'24,2024-06-01,FY_24-25,Reliance Retail Limited_FRER,Direct,Reliance Retail,North,Rajasthan,Mamaearth,10000.0,10000.0,100.0
Jun'24,2024-06-01,FY_24-25,Reliance Retail Limited_FREX,Direct,Reliance Retail,North,Lucknow_UPE,Mamaearth,20000.0,30000.0,100.0
Jun'24,2024-06-01,FY_24-25,Reliance Retail Limited_FRFA,Direct,Reliance Retail,North,Lucknow_UPE,Mamaearth,30000.0,60000.0,100.0
Jun'24,2024-06-01,FY_24-25,Reliance Retail Limited_FRFB,Direct,Reliance Retail,East,Northeast-Assam,Mamaearth,20000.0,40000.0,100.0
Jun'24,2024-06-01,FY_24-25,Reliance Retail Limited_FRFD,Direct,Reliance Retail,East,Orissa,Mamaearth,10000.0,10000.0,100.0
Jun'24,2024-06-01,FY_24-25,Reliance Retail Limited_FRFK,Direct,Reliance Retail,North,Lucknow_UPE,Mamaearth,10000.0,20000.0,100.0
Jun'24,2024-06-01,FY_24-25,Reliance Retail Limited_FRFR,Direct,Reliance Retail,North,Uttarakhand,Mamaearth,20000.0,30000.0,100.0
Jun'24,2024-06-01,FY_24-25,Reliance Retail Limited_FRFU,Direct,Reliance Retail,East,Bihar,Mamaearth,20000.0,40000.0,100.0
Jun'24,2024-06-01,FY_24-25,Reliance Retail Limited_FRFV,Direct,Reliance Retail,East,Bihar,Mamaearth,20000.0,40000.0,100.0
Jun'24,2024-06-01,FY_24-25,Reliance Retail Limited_FRGC,Direct,Reliance Retail,North,Lucknow_UPE,Mamaearth,10000.0,10000.0,100.0
Jun'24,2024-06-01,FY_24-25,Reliance Retail Limited_FRGE,Direct,Reliance Retail,East,Nagaland,Mamaearth,20000.0,30000.0,100.0
Jun'24,2024-06-01,FY_24-25,Reliance Retail Limited_FRGF,Direct,Reliance Retail,North,Lucknow_UPE,Mamaearth,10000.0,20000.0,100.0
Jun'24,2024-06-01,FY_24-25,Reliance Retail Limited_FRGH,Direct,Reliance Retail,East,Northeast-Assam,Mamaearth,10000.0,20000.0,100.0
Jun'24,2024-06-01,FY_24-25,Reliance Retail Limited_FRGK,Direct,Reliance Retail,North,Jammu,Mamaearth,10000.0,10000.0,100.0
Jun'24,2024-06-01,FY_24-25,Reliance Retail Limited_FRGM,Direct,Reliance Retail,West,Chattishgarh,Mamaearth,10000.0,20000.0,100.0
Jun'24,2024-06-01,FY_24-25,Reliance Retail Limited_FRGW,Direct,Reliance Retail,North,Lucknow_UPE,Mamaearth,20000.0,30000.0,100.0
Jun'24,2024-06-01,FY_24-25,Reliance Retail Limited_FRHC,Direct,Reliance Retail,North,Lucknow_UPE,Mamaearth,10000.0,20000.0,100.0
Jun'24,2024-06-01,FY_24-25,Reliance Retail Limited_FRHF,Direct,Reliance Retail,North,Lucknow_UPE,Mamaearth,10000.0,20000.0,100.0
Jun'24,2024-06-01,FY_24-25,Reliance Retail Limited_FRHM,Direct,Reliance Retail,North,Madhya Pradesh,Mamaearth,10000.0,20000.0,100.0
Jun'24,2024-06-01,FY_24-25,Reliance Retail Limited_FRHR,Direct,Reliance Retail,North,Lucknow_UPE,Mamaearth,10000.0,10000.0,100.0
Jun'24,2024-06-01,FY_24-25,Reliance Retail Limited_Frhv,Direct,Reliance Retail,North,Lucknow_UPE,Aqualogica,230000.0,370000.0,100.0
Jun'24,2024-06-01,FY_24-25,Reliance Retail Limited_Frhv,Direct,Reliance Retail,North,Lucknow_UPE,Mamaearth,1890000.0,4450000.0,100.0
Jun'24,2024-06-01,FY_24-25,Reliance Retail Limited_Frhv,Direct,Reliance Retail,North,Lucknow_UPE,The Derma Co,230000.0,380000.0,100.0
Jun'24,2024-06-01,FY_24-25,RELIANCE RETAIL LIMITED_FRIA,Direct,Reliance Retail,East,Bihar,Aqualogica,70000.0,110000.0,100.0
Jun'24,2024-06-01,FY_24-25,RELIANCE RETAIL LIMITED_FRIA,Direct,Reliance Retail,East,Bihar,Mamaearth,660000.0,1580000.0,100.0
Jun'24,2024-06-01,FY_24-25,RELIANCE RETAIL LIMITED_FRIA,Direct,Reliance Retail,East,Bihar,The Derma Co,40000.0,70000.0,100.0
Jun'24,2024-06-01,FY_24-25,Reliance Retail Limited_FRLF,Direct,Reliance Retail,East,West Bengal,Mamaearth,20000.0,30000.0,100.0
Jun'24,2024-06-01,FY_24-25,Reliance Retail Limited_S0IX,Direct,Reliance Retail,West,Pune,Aqualogica,40000.0,60000.0,100.0
Jun'24,2024-06-01,FY_24-25,Reliance Retail Limited_S0IX,Direct,Reliance Retail,West,Pune,Mamaearth,630000.0,1300000.0,100.0
Jun'24,2024-06-01,FY_24-25,Reliance Retail Limited_S0IX,Direct,Reliance Retail,West,Pune,The Derma Co,90000.0,140000.0,100.0
Jun'24,2024-06-01,FY_24-25,Reliance Retail Limited_S0XE,Direct,Reliance Retail,South-1,Kerala,Aqualogica,40000.0,70000.0,100.0
Jun'24,2024-06-01,FY_24-25,Reliance Retail Limited_S0XE,Direct,Reliance Retail,South-1,Kerala,Mamaearth,790000.0,1610000.0,100.0
Jun'24,2024-06-01,FY_24-25,Reliance Retail Limited_S0XE,Direct,Reliance Retail,South-1,Kerala,The Derma Co,140000.0,230000.0,100.0
Jun'24,2024-06-01,FY_24-25,Reliance Retail Limited_SAHO,Direct,Reliance Retail,South-1,Tamil Nadu,Mamaearth,20000.0,50000.0,100.0
Jun'24,2024-06-01,FY_24-25,Reliance Retail Limited_SAOS,Direct,Reliance Retail,East,West Bengal,Aqualogica,20000.0,30000.0,100.0
Jun'24,2024-06-01,FY_24-25,Reliance Retail Limited_SAOS,Direct,Reliance Retail,East,West Bengal,Mamaearth,440000.0,900000.0,100.0
Jun'24,2024-06-01,FY_24-25,Reliance Retail Limited_SAOS,Direct,Reliance Retail,East,West Bengal,The Derma Co,20000.0,30000.0,100.0
Jun'24,2024-06-01,FY_24-25,Reliance Retail Limited_Sb01,Direct,Reliance Retail,West,Mumbai,Aqualogica,20000.0,30000.0,100.0
Jun'24,2024-06-01,FY_24-25,Reliance Retail Limited_Sb01,Direct,Reliance Retail,West,Mumbai,Mamaearth,550000.0,1230000.0,100.0
Jun'24,2024-06-01,FY_24-25,RELIANCE RETAIL LIMITED_SF52,Direct,Reliance Retail,South-1,Tamil Nadu,Mamaearth,220000.0,430000.0,100.0
Jun'24,2024-06-01,FY_24-25,Reliance Retail Limited_Sk8I,Direct,Reliance Retail,North,Uttarakhand,Mamaearth,180000.0,310000.0,100.0
Jun'24,2024-06-01,FY_24-25,Reliance Retail Limited_SL6S,Direct,Reliance Retail,North,Rajasthan,Mamaearth,80000.0,140000.0,100.0
Jun'24,2024-06-01,FY_24-25,Reliance Retail Limited_SZ9J,Direct,Reliance Retail,North,Madhya Pradesh,Mamaearth,560000.0,1110000.0,100.0
Jun'24,2024-06-01,FY_24-25,Reliance Retail Limited_T62I,Direct,Reliance Retail,West,Chattishgarh,Mamaearth,10000.0,20000.0,100.0
Jun'24,2024-06-01,FY_24-25,Reliance Retail Limited_T913,Direct,Reliance Retail,North,UPW,Aqualogica,10000.0,10000.0,100.0
Jun'24,2024-06-01,FY_24-25,Reliance Retail Limited_T913,Direct,Reliance Retail,North,UPW,BBlunt,30000.0,50000.0,100.0
Jun'24,2024-06-01,FY_24-25,Reliance Retail Limited_T913,Direct,Reliance Retail,North,UPW,The Derma Co,30000.0,50000.0,100.0
Jun'24,2024-06-01,FY_24-25,Reliance Retail Limited_T946,Direct,Reliance Retail,North,Rajasthan,Mamaearth,10000.0,20000.0,100.0
Jun'24,2024-06-01,FY_24-25,Reliance Retail Limited_TB15,Direct,Reliance Retail,North,Madhya Pradesh,Mamaearth,10000.0,10000.0,100.0
Jun'24,2024-06-01,FY_24-25,Reliance Retail Limited_TCE7,Direct,Reliance Retail,East,Northeast-Assam,Mamaearth,20000.0,40000.0,100.0
Jun'24,2024-06-01,FY_24-25,Reliance Retail Limited_TDC7,Direct,Reliance Retail,East,Orissa,Mamaearth,20000.0,40000.0,100.0
Jun'24,2024-06-01,FY_24-25,Reliance Retail Limited_TDE3,Direct,Reliance Retail,West,Pune,Mamaearth,20000.0,30000.0,100.0
Jun'24,2024-06-01,FY_24-25,Reliance Retail Limited_TE57,Direct,Reliance Retail,North,Punjab,Mamaearth,10000.0,10000.0,100.0
Jun'24,2024-06-01,FY_24-25,Reliance Retail Limited_TFY8,Direct,Reliance Retail,North,Madhya Pradesh,Mamaearth,10000.0,20000.0,100.0
Jun'24,2024-06-01,FY_24-25,Reliance Retail Limited_TG87,Direct,Reliance Retail,South-1,Kerala,Mamaearth,0.0,0.0,100.0
Jun'24,2024-06-01,FY_24-25,Reliance Retail Limited_TH94,Direct,Reliance Retail,North,Rajasthan,Mamaearth,10000.0,10000.0,100.0
Jun'24,2024-06-01,FY_24-25,Reliance Retail Limited_TI77,Direct,Reliance Retail,North,UPW,Mamaearth,10000.0,10000.0,100.0
Jun'24,2024-06-01,FY_24-25,Reliance Retail Limited_TK48,Direct,Reliance Retail,East,Jharkhand,Mamaearth,10000.0,20000.0,100.0
Jun'24,2024-06-01,FY_24-25,Reliance Retail Limited_TMW7,Direct,Reliance Retail,West,Mumbai,Mamaearth,20000.0,30000.0,100.0
Jun'24,2024-06-01,FY_24-25,Reliance Retail Limited_TMZ5,Direct,Reliance Retail,East,West Bengal,Mamaearth,10000.0,20000.0,100.0
Jun'24,2024-06-01,FY_24-25,Reliance Retail Limited_TN55,Direct,Reliance Retail,East,West Bengal,Mamaearth,20000.0,40000.0,100.0
Jun'24,2024-06-01,FY_24-25,Reliance Retail Limited_TN56,Direct,Reliance Retail,East,Orissa,Mamaearth,30000.0,50000.0,100.0
Jun'24,2024-06-01,FY_24-25,Reliance Retail Limited_TNB7,Direct,Reliance Retail,West,Chattishgarh,Mamaearth,20000.0,40000.0,100.0
Jun'24,2024-06-01,FY_24-25,Reliance Retail Limited_TNC1,Direct,Reliance Retail,North,Uttarakhand,Aqualogica,10000.0,10000.0,100.0
Jun'24,2024-06-01,FY_24-25,Reliance Retail Limited_TNC1,Direct,Reliance Retail,North,Uttarakhand,BBlunt,30000.0,50000.0,100.0
Jun'24,2024-06-01,FY_24-25,Reliance Retail Limited_TNC1,Direct,Reliance Retail,North,Uttarakhand,Mamaearth,10000.0,20000.0,100.0
Jun'24,2024-06-01,FY_24-25,Reliance Retail Limited_TNC1,Direct,Reliance Retail,North,Uttarakhand,The Derma Co,30000.0,50000.0,100.0
Jun'24,2024-06-01,FY_24-25,Reliance Retail Limited_TNC6,Direct,Reliance Retail,North,Punjab,Mamaearth,10000.0,20000.0,100.0
Jun'24,2024-06-01,FY_24-25,Reliance Retail Limited_TND0,Direct,Reliance Retail,South-1,Karnataka,Mamaearth,20000.0,40000.0,100.0
Jun'24,2024-06-01,FY_24-25,Reliance Retail Limited_TNE3,Direct,Reliance Retail,North,Uttarakhand,Mamaearth,30000.0,60000.0,100.0
Jun'24,2024-06-01,FY_24-25,Reliance Retail Limited_TNP8,Direct,Reliance Retail,West,Pune,Mamaearth,20000.0,40000.0,100.0
Jun'24,2024-06-01,FY_24-25,Reliance Retail Limited_TO20,Direct,Reliance Retail,North,Madhya Pradesh,Mamaearth,10000.0,10000.0,100.0
Jun'24,2024-06-01,FY_24-25,Reliance Retail Limited_TOJ6,Direct,Reliance Retail,West,Mumbai,Mamaearth,10000.0,20000.0,100.0
Jun'24,2024-06-01,FY_24-25,Reliance Retail Limited_TP05,Direct,Reliance Retail,North,Haryana,Mamaearth,10000.0,20000.0,100.0
Jun'24,2024-06-01,FY_24-25,Reliance Retail Limited_TP75,Direct,Reliance Retail,North,Madhya Pradesh,Mamaearth,10000.0,10000.0,100.0
Jun'24,2024-06-01,FY_24-25,Reliance Retail Limited_TP76,Direct,Reliance Retail,North,Rajasthan,Mamaearth,10000.0,10000.0,100.0
Jun'24,2024-06-01,FY_24-25,Reliance Retail Limited_TQ21,Direct,Reliance Retail,West,Mumbai,Mamaearth,0.0,10000.0,100.0
Jun'24,2024-06-01,FY_24-25,Reliance Retail Limited_TQ22,Direct,Reliance Retail,East,West Bengal,Mamaearth,10000.0,20000.0,100.0
Jun'24,2024-06-01,FY_24-25,Reliance Retail Limited_TQ70,Direct,Reliance Retail,West,Pune,Mamaearth,20000.0,30000.0,100.0
Jun'24,2024-06-01,FY_24-25,Reliance Retail Limited_TU21,Direct,Reliance Retail,North,Delhi,Mamaearth,10000.0,10000.0,100.0
Jun'24,2024-06-01,FY_24-25,Reliance Retail Limited_TY87,Direct,Reliance Retail,North,Rajasthan,Mamaearth,0.0,10000.0,100.0
Jun'24,2024-06-01,FY_24-25,Reliance Retail Limited-6202,Direct,Reliance Retail,West,Gujarat,Aqualogica,10000.0,20000.0,100.0
Jun'24,2024-06-01,FY_24-25,Reliance Retail Limited-6202,Direct,Reliance Retail,West,Gujarat,BBlunt,20000.0,40000.0,100.0
Jun'24,2024-06-01,FY_24-25,Reliance Retail Limited-6202,Direct,Reliance Retail,West,Gujarat,Mamaearth,70000.0,120000.0,100.0
Jun'24,2024-06-01,FY_24-25,Reliance Retail Limited-6202,Direct,Reliance Retail,West,Gujarat,The Derma Co,60000.0,90000.0,100.0
Jun'24,2024-06-01,FY_24-25,Reliance Retail Limited-6205,Direct,Reliance Retail,North,Haryana,Aqualogica,10000.0,10000.0,100.0
Jun'24,2024-06-01,FY_24-25,Reliance Retail Limited-6205,Direct,Reliance Retail,North,Haryana,BBlunt,30000.0,50000.0,100.0
Jun'24,2024-06-01,FY_24-25,Reliance Retail Limited-6205,Direct,Reliance Retail,North,Haryana,Mamaearth,80000.0,130000.0,100.0
Jun'24,2024-06-01,FY_24-25,Reliance Retail Limited-6205,Direct,Reliance Retail,North,Haryana,The Derma Co,30000.0,50000.0,100.0
Jun'24,2024-06-01,FY_24-25,Reliance Retail Limited-6208,Direct,Reliance Retail,West,Pune,Mamaearth,20000.0,40000.0,100.0
Jun'24,2024-06-01,FY_24-25,Reliance Retail Limited-6217,Direct,Reliance Retail,West,Mumbai,Aqualogica,0.0,10000.0,100.0
Jun'24,2024-06-01,FY_24-25,Reliance Retail Limited-6217,Direct,Reliance Retail,West,Mumbai,Mamaearth,80000.0,150000.0,100.0
Jun'24,2024-06-01,FY_24-25,Reliance Retail Limited-6219,Direct,Reliance Retail,West,Pune,Mamaearth,10000.0,20000.0,100.0
Jun'24,2024-06-01,FY_24-25,Reliance Retail Limited-6220,Direct,Reliance Retail,West,Mumbai,Aqualogica,40000.0,60000.0,100.0
Jun'24,2024-06-01,FY_24-25,Reliance Retail Limited-6220,Direct,Reliance Retail,West,Mumbai,Mamaearth,70000.0,130000.0,100.0
Jun'24,2024-06-01,FY_24-25,Reliance Retail Limited-6220,Direct,Reliance Retail,West,Mumbai,The Derma Co,40000.0,60000.0,100.0
Jun'24,2024-06-01,FY_24-25,Reliance Retail Limited-6224,Direct,Reliance Retail,East,Orissa,Aqualogica,0.0,0.0,100.0
Jun'24,2024-06-01,FY_24-25,Reliance Retail Limited-6224,Direct,Reliance Retail,East,Orissa,Mamaearth,40000.0,70000.0,100.0
Jun'24,2024-06-01,FY_24-25,Reliance Retail Limited-6224,Direct,Reliance Retail,East,Orissa,The Derma Co,120000.0,200000.0,100.0
Jun'24,2024-06-01,FY_24-25,Reliance Retail Limited-6225,Direct,Reliance Retail,South-1,Karnataka,Mamaearth,20000.0,30000.0,100.0
Jun'24,2024-06-01,FY_24-25,Reliance Retail Limited-6239,Direct,Reliance Retail,North,Delhi,Aqualogica,0.0,0.0,100.0
Jun'24,2024-06-01,FY_24-25,Reliance Retail Limited-6239,Direct,Reliance Retail,North,Delhi,The Derma Co,0.0,0.0,100.0
Jun'24,2024-06-01,FY_24-25,RELIANCE RETAIL LIMITED-Badli,Direct,Reliance Retail,North,Haryana,Aqualogica,100000.0,170000.0,100.0
Jun'24,2024-06-01,FY_24-25,RELIANCE RETAIL LIMITED-Badli,Direct,Reliance Retail,North,Haryana,Mamaearth,920000.0,1920000.0,100.0
Jun'24,2024-06-01,FY_24-25,RELIANCE RETAIL LIMITED-Badli,Direct,Reliance Retail,North,Haryana,The Derma Co,30000.0,40000.0,100.0
Jun'24,2024-06-01,FY_24-25,Reliance Retail Limited-FR04,Direct,Reliance Retail,West,Mumbai,Mamaearth,0.0,10000.0,100.0
Jun'24,2024-06-01,FY_24-25,Reliance Retail Limited-FR08,Direct,Reliance Retail,West,Mumbai,Mamaearth,10000.0,10000.0,100.0
Jun'24,2024-06-01,FY_24-25,Reliance Retail Limited-FR15,Direct,Reliance Retail,West,Mumbai,Mamaearth,0.0,10000.0,100.0
Jun'24,2024-06-01,FY_24-25,Reliance Retail Limited-FR63,Direct,Reliance Retail,East,Orissa,Aqualogica,10000.0,20000.0,100.0
Jun'24,2024-06-01,FY_24-25,Reliance Retail Limited-FR63,Direct,Reliance Retail,East,Orissa,BBlunt,20000.0,30000.0,100.0
Jun'24,2024-06-01,FY_24-25,Reliance Retail Limited-FR63,Direct,Reliance Retail,East,Orissa,The Derma Co,60000.0,100000.0,100.0
Jun'24,2024-06-01,FY_24-25,Reliance Retail Limited-FR73,Direct,Reliance Retail,East,West Bengal,Aqualogica,10000.0,20000.0,100.0
Jun'24,2024-06-01,FY_24-25,Reliance Retail Limited-FR73,Direct,Reliance Retail,East,West Bengal,BBlunt,10000.0,20000.0,100.0
Jun'24,2024-06-01,FY_24-25,Reliance Retail Limited-FR73,Direct,Reliance Retail,East,West Bengal,Mamaearth,10000.0,20000.0,100.0
Jun'24,2024-06-01,FY_24-25,Reliance Retail Limited-FR73,Direct,Reliance Retail,East,West Bengal,The Derma Co,30000.0,50000.0,100.0
Jun'24,2024-06-01,FY_24-25,Reliance Retail Limited-FRAR,Direct,Reliance Retail,East,Jharkhand,Aqualogica,10000.0,20000.0,100.0
Jun'24,2024-06-01,FY_24-25,Reliance Retail Limited-FRAR,Direct,Reliance Retail,East,Jharkhand,BBlunt,10000.0,20000.0,100.0
Jun'24,2024-06-01,FY_24-25,Reliance Retail Limited-FRAR,Direct,Reliance Retail,East,Jharkhand,Mamaearth,10000.0,10000.0,100.0
Jun'24,2024-06-01,FY_24-25,Reliance Retail Limited-FRAR,Direct,Reliance Retail,East,Jharkhand,The Derma Co,30000.0,50000.0,100.0
Jun'24,2024-06-01,FY_24-25,Reliance Retail Limited-FRAU,Direct,Reliance Retail,East,Jharkhand,Aqualogica,10000.0,10000.0,100.0
Jun'24,2024-06-01,FY_24-25,Reliance Retail Limited-FRAU,Direct,Reliance Retail,East,Jharkhand,BBlunt,10000.0,20000.0,100.0
Jun'24,2024-06-01,FY_24-25,Reliance Retail Limited-FRAU,Direct,Reliance Retail,East,Jharkhand,Mamaearth,10000.0,20000.0,100.0
Jun'24,2024-06-01,FY_24-25,Reliance Retail Limited-FRAU,Direct,Reliance Retail,East,Jharkhand,The Derma Co,30000.0,50000.0,100.0
Jun'24,2024-06-01,FY_24-25,Reliance Retail Limited-FRCA,Direct,Reliance Retail,East,West Bengal,Mamaearth,10000.0,20000.0,100.0
Jun'24,2024-06-01,FY_24-25,Reliance Retail Limited-FRCB,Direct,Reliance Retail,East,West Bengal,Aqualogica,10000.0,20000.0,100.0
Jun'24,2024-06-01,FY_24-25,Reliance Retail Limited-FRCB,Direct,Reliance Retail,East,West Bengal,BBlunt,20000.0,30000.0,100.0
Jun'24,2024-06-01,FY_24-25,Reliance Retail Limited-FRCB,Direct,Reliance Retail,East,West Bengal,Mamaearth,10000.0,10000.0,100.0
Jun'24,2024-06-01,FY_24-25,Reliance Retail Limited-FRCB,Direct,Reliance Retail,East,West Bengal,The Derma Co,30000.0,50000.0,100.0
Jun'24,2024-06-01,FY_24-25,Reliance Retail Limited-FRCC,Direct,Reliance Retail,East,West Bengal,Aqualogica,10000.0,20000.0,100.0
Jun'24,2024-06-01,FY_24-25,Reliance Retail Limited-FRCC,Direct,Reliance Retail,East,West Bengal,BBlunt,20000.0,30000.0,100.0
Jun'24,2024-06-01,FY_24-25,Reliance Retail Limited-FRCC,Direct,Reliance Retail,East,West Bengal,Mamaearth,20000.0,40000.0,100.0
Jun'24,2024-06-01,FY_24-25,Reliance Retail Limited-FRCC,Direct,Reliance Retail,East,West Bengal,The Derma Co,30000.0,50000.0,100.0
Jun'24,2024-06-01,FY_24-25,Reliance Retail Limited-FRCF,Direct,Reliance Retail,East,West Bengal,Mamaearth,10000.0,20000.0,100.0
Jun'24,2024-06-01,FY_24-25,Reliance Retail Limited-FRCK,Direct,Reliance Retail,East,West Bengal,Aqualogica,10000.0,20000.0,100.0
Jun'24,2024-06-01,FY_24-25,Reliance Retail Limited-FRCK,Direct,Reliance Retail,East,West Bengal,BBlunt,20000.0,30000.0,100.0
Jun'24,2024-06-01,FY_24-25,Reliance Retail Limited-FRCK,Direct,Reliance Retail,East,West Bengal,The Derma Co,30000.0,50000.0,100.0
Jun'24,2024-06-01,FY_24-25,Reliance Retail Limited-FRCO,Direct,Reliance Retail,North,Haryana,Mamaearth,20000.0,40000.0,100.0
Jun'24,2024-06-01,FY_24-25,Reliance Retail Limited-FRCX,Direct,Reliance Retail,North,Delhi,Aqualogica,20000.0,40000.0,100.0
Jun'24,2024-06-01,FY_24-25,Reliance Retail Limited-FRCX,Direct,Reliance Retail,North,Delhi,Mamaearth,80000.0,130000.0,100.0
Jun'24,2024-06-01,FY_24-25,Reliance Retail Limited-FRDF,Direct,Reliance Retail,North,UPW,Mamaearth,20000.0,40000.0,100.0
Jun'24,2024-06-01,FY_24-25,Reliance Retail Limited-FRDY,Direct,Reliance Retail,West,Gujarat,Mamaearth,10000.0,20000.0,100.0
Jun'24,2024-06-01,FY_24-25,Reliance Retail Limited-FRDZ,Direct,Reliance Retail,West,Gujarat,Mamaearth,30000.0,50000.0,100.0
Jun'24,2024-06-01,FY_24-25,Reliance Retail Limited-FREB,Direct,Reliance Retail,West,Gujarat,Mamaearth,20000.0,30000.0,100.0
Jun'24,2024-06-01,FY_24-25,RELIANCE RETAIL LIMITED-FREC,Direct,Reliance Retail,South-1,Karnataka,Aqualogica,210000.0,340000.0,100.0
Jun'24,2024-06-01,FY_24-25,RELIANCE RETAIL LIMITED-FREC,Direct,Reliance Retail,South-1,Karnataka,Mamaearth,1900000.0,4260000.0,100.0
Jun'24,2024-06-01,FY_24-25,RELIANCE RETAIL LIMITED-FREC,Direct,Reliance Retail,South-1,Karnataka,The Derma Co,150000.0,240000.0,100.0
Jun'24,2024-06-01,FY_24-25,RELIANCE RETAIL LIMITED-FREF,Direct,Reliance Retail,South-1,Tamil Nadu,Mamaearth,40000.0,60000.0,100.0
Jun'24,2024-06-01,FY_24-25,RELIANCE RETAIL LIMITED-FREI,Direct,Reliance Retail,South-2,Telangana,Mamaearth,130000.0,310000.0,100.0
Jun'24,2024-06-01,FY_24-25,Reliance Retail Limited-FRFC,Direct,Reliance Retail,East,Northeast-Assam,Mamaearth,20000.0,40000.0,100.0
Jun'24,2024-06-01,FY_24-25,Reliance Retail Limited-FRFH,Direct,Reliance Retail,East,Tripura,Aqualogica,10000.0,20000.0,100.0
Jun'24,2024-06-01,FY_24-25,Reliance Retail Limited-FRFH,Direct,Reliance Retail,East,Tripura,BBlunt,20000.0,30000.0,100.0
Jun'24,2024-06-01,FY_24-25,Reliance Retail Limited-FRFH,Direct,Reliance Retail,East,Tripura,Mamaearth,20000.0,30000.0,100.0
Jun'24,2024-06-01,FY_24-25,Reliance Retail Limited-FRFH,Direct,Reliance Retail,East,Tripura,The Derma Co,30000.0,50000.0,100.0
Jun'24,2024-06-01,FY_24-25,Reliance Retail Limited-FRFP,Direct,Reliance Retail,East,Bihar,Mamaearth,30000.0,40000.0,100.0
Jun'24,2024-06-01,FY_24-25,Reliance Retail Limited-FRGS,Direct,Reliance Retail,East,Bihar,Aqualogica,10000.0,20000.0,100.0
Jun'24,2024-06-01,FY_24-25,Reliance Retail Limited-FRGS,Direct,Reliance Retail,East,Bihar,BBlunt,20000.0,40000.0,100.0
Jun'24,2024-06-01,FY_24-25,Reliance Retail Limited-FRGS,Direct,Reliance Retail,East,Bihar,Mamaearth,10000.0,10000.0,100.0
Jun'24,2024-06-01,FY_24-25,Reliance Retail Limited-FRGS,Direct,Reliance Retail,East,Bihar,The Derma Co,30000.0,50000.0,100.0
Jun'24,2024-06-01,FY_24-25,Reliance Retail Limited-FRHK,Direct,Reliance Retail,East,Northeast-Assam,Aqualogica,10000.0,20000.0,100.0
Jun'24,2024-06-01,FY_24-25,Reliance Retail Limited-FRHK,Direct,Reliance Retail,East,Northeast-Assam,BBlunt,20000.0,30000.0,100.0
Jun'24,2024-06-01,FY_24-25,Reliance Retail Limited-FRHK,Direct,Reliance Retail,East,Northeast-Assam,Mamaearth,20000.0,40000.0,100.0
Jun'24,2024-06-01,FY_24-25,Reliance Retail Limited-FRHK,Direct,Reliance Retail,East,Northeast-Assam,The Derma Co,30000.0,50000.0,100.0
Jun'24,2024-06-01,FY_24-25,Reliance Retail Limited-FRHT,Direct,Reliance Retail,East,Bihar,Mamaearth,20000.0,40000.0,100.0
Jun'24,2024-06-01,FY_24-25,Reliance Retail Limited-S0GK,Direct,Reliance Retail,South-1,Kerala,Mamaearth,200000.0,370000.0,100.0
Jun'24,2024-06-01,FY_24-25,Reliance Retail Limited-S0KN,Direct,Reliance Retail,South-1,Karnataka,Mamaearth,350000.0,780000.0,100.0
Jun'24,2024-06-01,FY_24-25,Reliance Retail Limited-SAAH,Direct,Reliance Retail,North,UPW,Aqualogica,70000.0,110000.0,100.0
Jun'24,2024-06-01,FY_24-25,Reliance Retail Limited-SAAH,Direct,Reliance Retail,North,UPW,Mamaearth,1110000.0,2440000.0,100.0
Jun'24,2024-06-01,FY_24-25,Reliance Retail Limited-SAAH,Direct,Reliance Retail,North,UPW,The Derma Co,150000.0,250000.0,100.0
Jun'24,2024-06-01,FY_24-25,RELIANCE RETAIL LIMITED-SF92,Direct,Reliance Retail,East,West Bengal,Aqualogica,120000.0,190000.0,100.0
Jun'24,2024-06-01,FY_24-25,RELIANCE RETAIL LIMITED-SF92,Direct,Reliance Retail,East,West Bengal,Mamaearth,1860000.0,4540000.0,100.0
Jun'24,2024-06-01,FY_24-25,RELIANCE RETAIL LIMITED-SF92,Direct,Reliance Retail,East,West Bengal,The Derma Co,250000.0,400000.0,100.0
Jun'24,2024-06-01,FY_24-25,RELIANCE RETAIL LIMITED-SH65,Direct,Reliance Retail,West,Pune,Aqualogica,80000.0,130000.0,100.0
Jun'24,2024-06-01,FY_24-25,RELIANCE RETAIL LIMITED-SH65,Direct,Reliance Retail,West,Pune,Mamaearth,800000.0,1660000.0,100.0
Jun'24,2024-06-01,FY_24-25,RELIANCE RETAIL LIMITED-SH65,Direct,Reliance Retail,West,Pune,The Derma Co,90000.0,150000.0,100.0
Jun'24,2024-06-01,FY_24-25,RELIANCE RETAIL LIMITED-SH69,Direct,Reliance Retail,North,Haryana,Aqualogica,60000.0,100000.0,100.0
Jun'24,2024-06-01,FY_24-25,RELIANCE RETAIL LIMITED-SH69,Direct,Reliance Retail,North,Haryana,Mamaearth,490000.0,1040000.0,100.0
Jun'24,2024-06-01,FY_24-25,RELIANCE RETAIL LIMITED-SH71,Direct,Reliance Retail,North,Madhya Pradesh,Aqualogica,110000.0,180000.0,100.0
Jun'24,2024-06-01,FY_24-25,RELIANCE RETAIL LIMITED-SH71,Direct,Reliance Retail,North,Madhya Pradesh,Mamaearth,630000.0,1340000.0,100.0
Jun'24,2024-06-01,FY_24-25,RELIANCE RETAIL LIMITED-SH71,Direct,Reliance Retail,North,Madhya Pradesh,The Derma Co,60000.0,90000.0,100.0
Jun'24,2024-06-01,FY_24-25,Reliance Retail Limited-SH77,Direct,Reliance Retail,South-1,Kerala,Mamaearth,-500000.0,-980000.0,100.0
Jun'24,2024-06-01,FY_24-25,Reliance Retail Limited-SK6I,Direct,Reliance Retail,West,Gujarat,Aqualogica,90000.0,150000.0,100.0
Jun'24,2024-06-01,FY_24-25,Reliance Retail Limited-SK6I,Direct,Reliance Retail,West,Gujarat,Mamaearth,460000.0,1090000.0,100.0
Jun'24,2024-06-01,FY_24-25,Reliance Retail Limited-SK6I,Direct,Reliance Retail,West,Gujarat,The Derma Co,150000.0,250000.0,100.0
Jun'24,2024-06-01,FY_24-25,Reliance Retail Limited-SLG3,Direct,Reliance Retail,South-1,Tamil Nadu,Aqualogica,100000.0,170000.0,100.0
Jun'24,2024-06-01,FY_24-25,Reliance Retail Limited-SLG3,Direct,Reliance Retail,South-1,Tamil Nadu,Mamaearth,670000.0,1330000.0,100.0
Jun'24,2024-06-01,FY_24-25,RELIANCE RETAIL LIMITED-SLIG,Direct,Reliance Retail,East,Northeast-Assam,Aqualogica,30000.0,40000.0,100.0
Jun'24,2024-06-01,FY_24-25,RELIANCE RETAIL LIMITED-SLIG,Direct,Reliance Retail,East,Northeast-Assam,Mamaearth,480000.0,980000.0,100.0
Jun'24,2024-06-01,FY_24-25,RELIANCE RETAIL LIMITED-SLIG,Direct,Reliance Retail,East,Northeast-Assam,The Derma Co,100000.0,160000.0,100.0
Jun'24,2024-06-01,FY_24-25,RELIANCE RETAIL LIMITED-SLII,Direct,Reliance Retail,North,Lucknow_UPE,Mamaearth,80000.0,140000.0,100.0
Jun'24,2024-06-01,FY_24-25,Reliance Retail Limited-Slmr,Direct,Reliance Retail,East,Orissa,Mamaearth,350000.0,680000.0,100.0
Jun'24,2024-06-01,FY_24-25,Reliance Retail Limited-SLS1,Direct,Reliance Retail,South-1,Tamil Nadu,Aqualogica,140000.0,220000.0,100.0
Jun'24,2024-06-01,FY_24-25,Reliance Retail Limited-SLS1,Direct,Reliance Retail,South-1,Tamil Nadu,Mamaearth,620000.0,1270000.0,100.0
Jun'24,2024-06-01,FY_24-25,Reliance Retail Limited-SLS1,Direct,Reliance Retail,South-1,Tamil Nadu,The Derma Co,50000.0,80000.0,100.0
Jun'24,2024-06-01,FY_24-25,Reliance Retail Limited-SLS2,Direct,Reliance Retail,South-2,Andhra Pradesh,Mamaearth,30000.0,80000.0,100.0
Jun'24,2024-06-01,FY_24-25,Reliance Retail Limited-SN1U,Direct,Reliance Retail,East,West Bengal,Mamaearth,140000.0,240000.0,100.0
Jun'24,2024-06-01,FY_24-25,Reliance Retail Limited-SP9K,Direct,Reliance Retail,West,Pune,Aqualogica,60000.0,100000.0,100.0
Jun'24,2024-06-01,FY_24-25,Reliance Retail Limited-SP9K,Direct,Reliance Retail,West,Pune,Mamaearth,400000.0,840000.0,100.0
Jun'24,2024-06-01,FY_24-25,Reliance Retail Limited-SP9K,Direct,Reliance Retail,West,Pune,The Derma Co,120000.0,200000.0,100.0
Jun'24,2024-06-01,FY_24-25,Reliance Retail Limited-T915,Direct,Reliance Retail,North,UPW,Mamaearth,0.0,0.0,100.0
Jun'24,2024-06-01,FY_24-25,Reliance Retail Limited-TAFW,Direct,Reliance Retail,West,Mumbai,Mamaearth,0.0,10000.0,100.0
Jun'24,2024-06-01,FY_24-25,Reliance Retail Limited-TAUX,Direct,Reliance Retail,West,Gujarat,Mamaearth,30000.0,40000.0,100.0
Jun'24,2024-06-01,FY_24-25,Reliance Retail Limited-TH93,Direct,Reliance Retail,East,Orissa,Mamaearth,20000.0,30000.0,100.0
Jun'24,2024-06-01,FY_24-25,Reliance Retail Limited-TIU6,Direct,Reliance Retail,East,Jharkhand,Mamaearth,10000.0,20000.0,100.0
Jun'24,2024-06-01,FY_24-25,Reliance Retail Limited-TL30,Direct,Reliance Retail,North,Delhi,Aqualogica,0.0,10000.0,100.0
Jun'24,2024-06-01,FY_24-25,Reliance Retail Limited-TL30,Direct,Reliance Retail,North,Delhi,Mamaearth,30000.0,50000.0,100.0
Jun'24,2024-06-01,FY_24-25,Reliance Retail Limited-TL30,Direct,Reliance Retail,North,Delhi,The Derma Co,20000.0,40000.0,100.0
Jun'24,2024-06-01,FY_24-25,Reliance Retail Limited-Tna8,Direct,Reliance Retail,West,Gujarat,Mamaearth,20000.0,40000.0,100.0
Jun'24,2024-06-01,FY_24-25,Reliance Retail Limited-TNB5,Direct,Reliance Retail,West,Gujarat,Mamaearth,30000.0,40000.0,100.0
Jun'24,2024-06-01,FY_24-25,Reliance Retail Limited-TNC4,Direct,Reliance Retail,East,Northeast-Assam,Aqualogica,10000.0,20000.0,100.0
Jun'24,2024-06-01,FY_24-25,Reliance Retail Limited-TNC4,Direct,Reliance Retail,East,Northeast-Assam,BBlunt,20000.0,30000.0,100.0
Jun'24,2024-06-01,FY_24-25,Reliance Retail Limited-TNC4,Direct,Reliance Retail,East,Northeast-Assam,Mamaearth,30000.0,40000.0,100.0
Jun'24,2024-06-01,FY_24-25,Reliance Retail Limited-TNC4,Direct,Reliance Retail,East,Northeast-Assam,The Derma Co,30000.0,50000.0,100.0
Jun'24,2024-06-01,FY_24-25,Reliance Retail Limited-TND1,Direct,Reliance Retail,West,Gujarat,Mamaearth,30000.0,40000.0,100.0
Jun'24,2024-06-01,FY_24-25,Reliance Retail Limited-Tnd5,Direct,Reliance Retail,West,Gujarat,Mamaearth,30000.0,40000.0,100.0
Jun'24,2024-06-01,FY_24-25,Reliance Retail Limited-TW11,Direct,Reliance Retail,North,Delhi,Mamaearth,10000.0,20000.0,100.0
Jun'24,2024-06-01,FY_24-25,Reliance Retail Limited-ZZI0-B,Direct,Reliance Retail,South-1,Kerala,Mamaearth,80000.0,140000.0,100.0
Jun'24,2024-06-01,FY_24-25,Reliance Retail Ltd _Madhavaram- TNB8,Direct,Reliance Retail,South-1,Tamil Nadu,Mamaearth,10000.0,20000.0,100.0
Jun'24,2024-06-01,FY_24-25,Reliance Retail Ltd _RAJAJI NAGAR- FR49,Direct,Reliance Retail,South-1,Karnataka,Aqualogica,0.0,0.0,100.0
Jun'24,2024-06-01,FY_24-25,Reliance Retail Ltd _RAJAJI NAGAR- FR49,Direct,Reliance Retail,South-1,Karnataka,BBlunt,20000.0,30000.0,100.0
Jun'24,2024-06-01,FY_24-25,Reliance Retail Ltd _RAJAJI NAGAR- FR49,Direct,Reliance Retail,South-1,Karnataka,Mamaearth,30000.0,50000.0,100.0
Jun'24,2024-06-01,FY_24-25,Reliance Retail Ltd _RAJAJI NAGAR- FR49,Direct,Reliance Retail,South-1,Karnataka,The Derma Co,30000.0,40000.0,100.0
Jun'24,2024-06-01,FY_24-25,Reliance Retail Ltd_Davanagere- TNC0,Direct,Reliance Retail,South-1,Karnataka,Mamaearth,20000.0,30000.0,100.0
Jun'24,2024-06-01,FY_24-25,Reliance Retail Ltd_Hubballi_2997,Direct,Reliance Retail,South-1,Karnataka,Mamaearth,20000.0,30000.0,100.0
Jun'24,2024-06-01,FY_24-25,Reliance Retail Ltd_Nagercoil- 3338,Direct,Reliance Retail,South-1,Tamil Nadu,Mamaearth,10000.0,20000.0,100.0
Jun'24,2024-06-01,FY_24-25,RELIANCE RETAIL Ltd-SK6C,Direct,Reliance Retail,West,Gujarat,Mamaearth,640000.0,1470000.0,100.0
Jun'24,2024-06-01,FY_24-25,RELIANCE RETAIL Ltd-SLEW,Direct,Reliance Retail,West,Chattishgarh,Aqualogica,30000.0,40000.0,100.0
Jun'24,2024-06-01,FY_24-25,RELIANCE RETAIL Ltd-SLEW,Direct,Reliance Retail,West,Chattishgarh,Mamaearth,680000.0,1580000.0,100.0
Jun'24,2024-06-01,FY_24-25,RELIANCE RETAIL Ltd-SLEW,Direct,Reliance Retail,West,Chattishgarh,The Derma Co,90000.0,140000.0,100.0
Jun'24,2024-06-01,FY_24-25,Tnsi Retail Pvt Ltd_Sultanpur,Direct,WH-Smith,North,Haryana,Mamaearth,40000.0,90000.0,100.0
Jun'24,2024-06-01,FY_24-25,Travel Retail Services Pvt Ltd- GOA_Ship,Direct,Relay,West,Goa,Mamaearth,20000.0,40000.0,100.0
Jun'24,2024-06-01,FY_24-25,Travel Retail Services Pvt Ltd_Blr,Direct,Relay,South-1,Karnataka,Mamaearth,20000.0,50000.0,100.0
Jun'24,2024-06-01,FY_24-25,Trent Hypermarket Private Limited_Blr,Direct,Trent,South-1,Karnataka,Mamaearth,60000.0,100000.0,100.0
Jun'24,2024-06-01,FY_24-25,Trent Hypermarket Private Limited_Mah,Direct,Trent,West,Mumbai,Mamaearth,270000.0,460000.0,100.0
Jun'24,2024-06-01,FY_24-25,Wal-Mart India Private Limited 4702,Direct,Walmart CNC,North,Punjab,Mamaearth,70000.0,120000.0,100.0
Jun'24,2024-06-01,FY_24-25,Wal-Mart India Private Limited 4703,Direct,Walmart CNC,North,Punjab,Mamaearth,80000.0,150000.0,100.0
Jun'24,2024-06-01,FY_24-25,Wal-Mart India Private Limited 4706,Direct,Walmart CNC,North,Punjab,Mamaearth,160000.0,320000.0,100.0
Jun'24,2024-06-01,FY_24-25,Wal-Mart India Private Limited 4712,Direct,Walmart CNC,North,Madhya Pradesh,Mamaearth,60000.0,110000.0,100.0
Jun'24,2024-06-01,FY_24-25,Wal-Mart India Private Limited 4713,Direct,Walmart CNC,North,Rajasthan,Mamaearth,80000.0,160000.0,100.0
Jun'24,2024-06-01,FY_24-25,Wal-Mart India Private Limited 4716,Direct,Walmart CNC,West,Chattishgarh,Mamaearth,140000.0,260000.0,100.0
Jun'24,2024-06-01,FY_24-25,Wal-Mart India Private Limited 4717,Direct,Walmart CNC,North,Punjab,Mamaearth,0.0,-10000.0,100.0
Jun'24,2024-06-01,FY_24-25,Wal-Mart India Private Limited 4719,Direct,Walmart CNC,North,Jammu,Mamaearth,300000.0,570000.0,100.0
Jun'24,2024-06-01,FY_24-25,Wal-Mart India Private Limited 4720,Direct,Walmart CNC,North,UPW,Mamaearth,30000.0,50000.0,100.0
Jun'24,2024-06-01,FY_24-25,Wal-Mart India Private Limited 4721,Direct,Walmart CNC,South-2,Andhra Pradesh,Mamaearth,-300000.0,-570000.0,100.0
Jun'24,2024-06-01,FY_24-25,Wal-Mart India Private Limited 4723,Direct,Walmart CNC,North,Lucknow_UPE,Mamaearth,270000.0,520000.0,100.0
Jun'24,2024-06-01,FY_24-25,Wal-Mart India Private Limited 4724,Direct,Walmart CNC,West,Pune,Mamaearth,120000.0,220000.0,100.0
Jun'24,2024-06-01,FY_24-25,Wal-Mart India Private Limited 4725,Direct,Walmart CNC,South-2,Andhra Pradesh,Mamaearth,80000.0,150000.0,100.0
Jun'24,2024-06-01,FY_24-25,Wal-Mart India Private Limited 4727,Direct,Walmart CNC,North,Lucknow_UPE,Mamaearth,130000.0,250000.0,100.0
Jun'24,2024-06-01,FY_24-25,Wal-Mart India Private Limited 4729,Direct,Walmart CNC,North,Madhya Pradesh,Mamaearth,-10000.0,-20000.0,100.0
Jun'24,2024-06-01,FY_24-25,Wal-Mart India Private Limited 4734,Direct,Walmart CNC,South-2,Telangana,Mamaearth,50000.0,90000.0,100.0
Jun'24,2024-06-01,FY_24-25,Wal-Mart India Private Limited 4742,Direct,Walmart CNC,South-2,Andhra Pradesh,Mamaearth,60000.0,120000.0,100.0
Jun'24,2024-06-01,FY_24-25,Wal-Mart India Private Limited 4744,Direct,Walmart CNC,West,Pune,Mamaearth,60000.0,110000.0,100.0
Jun'24,2024-06-01,FY_24-25,Wal-Mart India Private Limited 4760,Direct,Walmart CNC,North,Madhya Pradesh,Mamaearth,100000.0,190000.0,100.0
Jun'24,2024-06-01,FY_24-25,Wal-Mart India Private Limited 4797,Direct,Walmart CNC,North,Lucknow_UPE,Mamaearth,80000.0,150000.0,100.0
Jun'24,2024-06-01,FY_24-25,Wal-Mart India Private Limited 4799,Direct,Walmart CNC,South-2,Andhra Pradesh,Mamaearth,60000.0,110000.0,100.0
Jun'24,2024-06-01,FY_24-25,Wal-Mart India Private Limited 4801,Direct,Walmart CNC,North,Punjab,Mamaearth,90000.0,170000.0,100.0
Jun'24,2024-06-01,FY_24-25,Wal-Mart India Private Limited 4803,Direct,Walmart CNC,North,Madhya Pradesh,Mamaearth,30000.0,60000.0,100.0
Jun'24,2024-06-01,FY_24-25,Wal-Mart India Private Limited 4805,Direct,Walmart CNC,South-2,Andhra Pradesh,Mamaearth,150000.0,280000.0,100.0
Jun'24,2024-06-01,FY_24-25,Wal-Mart India Private Limited 4813,Direct,Walmart CNC,South-2,Telangana,Mamaearth,80000.0,140000.0,100.0
Jun'24,2024-06-01,FY_24-25,Wal-Mart India Private Limited 4814,Direct,Walmart CNC,South-2,Andhra Pradesh,Mamaearth,150000.0,290000.0,100.0
Jun'24,2024-06-01,FY_24-25,Wellness Forever Medicare Pvt Ltd,Direct,Wellness Forever,West,Mumbai,Aqualogica,210000.0,350000.0,100.0
Jun'24,2024-06-01,FY_24-25,Wellness Forever Medicare Pvt Ltd,Direct,Wellness Forever,West,Mumbai,BBlunt,230000.0,340000.0,100.0
Jun'24,2024-06-01,FY_24-25,Wellness Forever Medicare Pvt Ltd,Direct,Wellness Forever,West,Mumbai,Mamaearth,1840000.0,3100000.0,100.0
Jun'24,2024-06-01,FY_24-25,Wellness Forever Medicare Pvt Ltd,Direct,Wellness Forever,West,Mumbai,The Derma Co,2520000.0,4260000.0,100.0
Jun'24,2024-06-01,FY_24-25,Arc Foods And Beverages_Mt_H&G,Dist.,H&G,South-1,Tamil Nadu,Aqualogica,110000.0,190000.0,91.67
Jun'24,2024-06-01,FY_24-25,Arc Foods And Beverages_Mt_H&G,Dist.,Apollo Healthco,South-1,Tamil Nadu,Aqualogica,10000.0,30000.0,8.33
Jun'24,2024-06-01,FY_24-25,Arc Foods And Beverages_Mt_H&G,Dist.,H&G,South-1,Tamil Nadu,BBlunt,110000.0,180000.0,100.0
Jun'24,2024-06-01,FY_24-25,Arc Foods And Beverages_Mt_H&G,Dist.,Apollo Healthco,South-1,Tamil Nadu,Mamaearth,490000.0,900000.0,51.04
Jun'24,2024-06-01,FY_24-25,Arc Foods And Beverages_Mt_H&G,Dist.,H&G,South-1,Tamil Nadu,Mamaearth,470000.0,860000.0,48.96
Jun'24,2024-06-01,FY_24-25,Arc Foods And Beverages_Mt_H&G,Dist.,H&G,South-1,Tamil Nadu,The Derma Co,460000.0,850000.0,86.79
Jun'24,2024-06-01,FY_24-25,Arc Foods And Beverages_Mt_H&G,Dist.,Apollo Healthco,South-1,Tamil Nadu,The Derma Co,70000.0,130000.0,13.21
Jun'24,2024-06-01,FY_24-25,Babys World_Mt,Dist.,Apollo Healthco,East,West Bengal,Aqualogica,0.0,0.0,-0.0
Jun'24,2024-06-01,FY_24-25,Babys World_Mt,Dist.,H&G,East,West Bengal,Aqualogica,-10000.0,-10000.0,100.0
Jun'24,2024-06-01,FY_24-25,Babys World_Mt,Dist.,H&G,East,West Bengal,BBlunt,0.0,-10000.0,
Jun'24,2024-06-01,FY_24-25,Babys World_Mt,Dist.,Spencer,East,West Bengal,BBlunt,0.0,-10000.0,
Jun'24,2024-06-01,FY_24-25,Babys World_Mt,Dist.,More Retail,East,West Bengal,Mamaearth,240000.0,410000.0,11.16
Jun'24,2024-06-01,FY_24-25,Babys World_Mt,Dist.,Apollo Healthco,East,West Bengal,Mamaearth,510000.0,880000.0,23.72
Jun'24,2024-06-01,FY_24-25,Babys World_Mt,Dist.,H&G,East,West Bengal,Mamaearth,60000.0,100000.0,2.79
Jun'24,2024-06-01,FY_24-25,Babys World_Mt,Dist.,Spencer,East,West Bengal,Mamaearth,1340000.0,2320000.0,62.33
Jun'24,2024-06-01,FY_24-25,Babys World_Mt,Dist.,Apollo Healthco,East,West Bengal,The Derma Co,0.0,0.0,0.0
Jun'24,2024-06-01,FY_24-25,Babys World_Mt,Dist.,H&G,East,West Bengal,The Derma Co,10000.0,10000.0,100.0
Jun'24,2024-06-01,FY_24-25,BALAJI ASSOCIATES Distributor MT,Dist.,V-Mart,East,Northeast-Assam,Mamaearth,1920000.0,4220000.0,100.0
Jun'24,2024-06-01,FY_24-25,D.L. Sales - MT,Dist.,Arambagh,East,West Bengal,Mamaearth,390000.0,800000.0,36.79
Jun'24,2024-06-01,FY_24-25,D.L. Sales - MT,Dist.,V-Mart,East,West Bengal,Mamaearth,610000.0,1260000.0,57.55
Jun'24,2024-06-01,FY_24-25,D.L. Sales - MT,Dist.,Frankross,East,West Bengal,Mamaearth,60000.0,130000.0,5.66
Jun'24,2024-06-01,FY_24-25,G.V Enterprises,Dist.,H&G,South-1,Tamil Nadu,Aqualogica,0.0,0.0,
Jun'24,2024-06-01,FY_24-25,G.V Enterprises,Dist.,H&G,South-1,Tamil Nadu,BBlunt,0.0,0.0,
Jun'24,2024-06-01,FY_24-25,G.V Enterprises,Dist.,Apollo Healthco,South-1,Tamil Nadu,Mamaearth,700000.0,1570000.0,7.38
Jun'24,2024-06-01,FY_24-25,G.V Enterprises,Dist.,D-Mart,South-1,Tamil Nadu,Mamaearth,7470000.0,16750000.0,78.8
Jun'24,2024-06-01,FY_24-25,G.V Enterprises,Dist.,Lulu,South-1,Tamil Nadu,Mamaearth,850000.0,1920000.0,8.97
Jun'24,2024-06-01,FY_24-25,G.V Enterprises,Dist.,Pothys,South-1,Tamil Nadu,Mamaearth,460000.0,1030000.0,4.85
Jun'24,2024-06-01,FY_24-25,G.V Enterprises,Dist.,H&G,South-1,Tamil Nadu,The Derma Co,0.0,0.0,
Jun'24,2024-06-01,FY_24-25,Ganapati Distributor MT,Dist.,V-Mart,East,Orissa,Mamaearth,660000.0,1380000.0,100.0
Jun'24,2024-06-01,FY_24-25,ISHA TRADING CO,Dist.,V-Mart,East,West Bengal,Mamaearth,-230000.0,-420000.0,100.0
Jun'24,2024-06-01,FY_24-25,JB Pharma_MT,Dist.,V-Mart,East,Jharkhand,Mamaearth,850000.0,1550000.0,100.0
Jun'24,2024-06-01,FY_24-25,JUST MARK-Dmart,Dist.,D-Mart,West,Gujarat,Mamaearth,13310000.0,35920000.0,100.0
Jun'24,2024-06-01,FY_24-25,Kiran Trading Co- Dmart,Dist.,D-Mart,West,Pune,Mamaearth,3250000.0,8660000.0,100.0
Jun'24,2024-06-01,FY_24-25,Kiran Trading Company_Ship to,Dist.,D-Mart,West,Pune,Mamaearth,3650000.0,9360000.0,100.0
Jun'24,2024-06-01,FY_24-25,M/S KOTTARAM BUSINESS CORPORATION-MT,Dist.,H&G,South-1,Kerala,Aqualogica,10000.0,20000.0,3.12
Jun'24,2024-06-01,FY_24-25,M/S KOTTARAM BUSINESS CORPORATION-MT,Dist.,Lulu,South-1,Kerala,Aqualogica,310000.0,580000.0,96.88
Jun'24,2024-06-01,FY_24-25,M/S KOTTARAM BUSINESS CORPORATION-MT,Dist.,H&G,South-1,Kerala,BBlunt,60000.0,100000.0,100.0
Jun'24,2024-06-01,FY_24-25,M/S KOTTARAM BUSINESS CORPORATION-MT,Dist.,H&G,South-1,Kerala,Mamaearth,70000.0,140000.0,2.78
Jun'24,2024-06-01,FY_24-25,M/S KOTTARAM BUSINESS CORPORATION-MT,Dist.,Lulu,South-1,Kerala,Mamaearth,2220000.0,4070000.0,88.1
Jun'24,2024-06-01,FY_24-25,M/S KOTTARAM BUSINESS CORPORATION-MT,Dist.,Apollo Healthco,South-1,Kerala,Mamaearth,230000.0,420000.0,9.13
Jun'24,2024-06-01,FY_24-25,M/S KOTTARAM BUSINESS CORPORATION-MT,Dist.,Apollo Healthco,South-1,Kerala,The Derma Co,50000.0,90000.0,11.63
Jun'24,2024-06-01,FY_24-25,M/S KOTTARAM BUSINESS CORPORATION-MT,Dist.,H&G,South-1,Kerala,The Derma Co,60000.0,110000.0,13.95
Jun'24,2024-06-01,FY_24-25,M/S KOTTARAM BUSINESS CORPORATION-MT,Dist.,Lulu,South-1,Kerala,The Derma Co,320000.0,590000.0,74.42
Jun'24,2024-06-01,FY_24-25,MARK ENTERPRISE,Dist.,Apollo Healthco,West,Gujarat,Mamaearth,190000.0,350000.0,100.0
Jun'24,2024-06-01,FY_24-25,R.C. Trade Link H&G,Dist.,H&G,West,Mumbai,Mamaearth,60000.0,90000.0,100.0
Jun'24,2024-06-01,FY_24-25,R.D. Enterprises,Dist.,Spencer,North,Lucknow_UPE,BBlunt,0.0,0.0,
Jun'24,2024-06-01,FY_24-25,R.D. Enterprises,Dist.,Spencer,North,Lucknow_UPE,Mamaearth,380000.0,650000.0,57.58
Jun'24,2024-06-01,FY_24-25,R.D. Enterprises,Dist.,Lulu,North,Lucknow_UPE,Mamaearth,280000.0,490000.0,42.42
Jun'24,2024-06-01,FY_24-25,R.D. Enterprises,Dist.,Lulu,North,Lucknow_UPE,The Derma Co,-40000.0,-70000.0,100.0
Jun'24,2024-06-01,FY_24-25,S M AGENCIES_MT,Dist.,Grace Super MKT,South-1,Tamil Nadu,Mamaearth,240000.0,440000.0,19.83
Jun'24,2024-06-01,FY_24-25,S M AGENCIES_MT,Dist.,Pothys,South-1,Tamil Nadu,Mamaearth,190000.0,350000.0,15.7
Jun'24,2024-06-01,FY_24-25,S M AGENCIES_MT,Dist.,B&N,South-1,Tamil Nadu,Mamaearth,20000.0,30000.0,1.65
Jun'24,2024-06-01,FY_24-25,S M AGENCIES_MT,Dist.,Sarvana,South-1,Tamil Nadu,Mamaearth,760000.0,1420000.0,62.81
Jun'24,2024-06-01,FY_24-25,Sancus Networks Private Limited-RMT,Dist.,RMT-Sancus,North,Delhi,Aqualogica,-150000.0,-250000.0,100.0
Jun'24,2024-06-01,FY_24-25,Sancus Networks Private Limited-RMT,Dist.,RMT-Sancus,North,Delhi,BBlunt,0.0,0.0,
Jun'24,2024-06-01,FY_24-25,Sancus Networks Private Limited-RMT,Dist.,RMT-Sancus,North,Delhi,Mamaearth,2850000.0,6160000.0,83.09
Jun'24,2024-06-01,FY_24-25,Sancus Networks Private Limited-RMT,Dist.,Spencer,North,Delhi,Mamaearth,20000.0,50000.0,0.58
Jun'24,2024-06-01,FY_24-25,Sancus Networks Private Limited-RMT,Dist.,More Retail,North,Delhi,Mamaearth,560000.0,1220000.0,16.33
Jun'24,2024-06-01,FY_24-25,Sancus Networks Private Limited-RMT,Dist.,RMT-Sancus,North,Delhi,The Derma Co,-40000.0,-70000.0,100.0
Jun'24,2024-06-01,FY_24-25,Sathyashree Enterprises-Mt,Dist.,D-Mart,South-1,Karnataka,Mamaearth,730000.0,1790000.0,100.0
Jun'24,2024-06-01,FY_24-25,SC BUSINESS COMBINE_MT,Dist.,Sohum Shoppe,East,Northeast-Assam,Mamaearth,100000.0,230000.0,16.67
Jun'24,2024-06-01,FY_24-25,SC BUSINESS COMBINE_MT,Dist.,V-Mart,East,Northeast-Assam,Mamaearth,500000.0,1140000.0,83.33
Jun'24,2024-06-01,FY_24-25,Sri Vijaya Durga Agencies_Mt,Dist.,H&G,South-2,Andhra Pradesh,Aqualogica,10000.0,20000.0,7.69
Jun'24,2024-06-01,FY_24-25,Sri Vijaya Durga Agencies_Mt,Dist.,Reliance Retail,South-2,Andhra Pradesh,Aqualogica,120000.0,210000.0,92.31
Jun'24,2024-06-01,FY_24-25,Sri Vijaya Durga Agencies_Mt,Dist.,H&G,South-2,Andhra Pradesh,BBlunt,-10000.0,-20000.0,100.0
Jun'24,2024-06-01,FY_24-25,Sri Vijaya Durga Agencies_Mt,Dist.,Apollo Healthco,South-2,Andhra Pradesh,Mamaearth,5720000.0,11700000.0,31.57
Jun'24,2024-06-01,FY_24-25,Sri Vijaya Durga Agencies_Mt,Dist.,D-Mart,South-2,Andhra Pradesh,Mamaearth,9710000.0,19840000.0,53.59
Jun'24,2024-06-01,FY_24-25,Sri Vijaya Durga Agencies_Mt,Dist.,H&G,South-2,Andhra Pradesh,Mamaearth,80000.0,160000.0,0.44
Jun'24,2024-06-01,FY_24-25,Sri Vijaya Durga Agencies_Mt,Dist.,Reliance Retail,South-2,Andhra Pradesh,Mamaearth,2340000.0,4780000.0,12.91
Jun'24,2024-06-01,FY_24-25,Sri Vijaya Durga Agencies_Mt,Dist.,More Retail,South-2,Andhra Pradesh,Mamaearth,270000.0,550000.0,1.49
Jun'24,2024-06-01,FY_24-25,Sri Vijaya Durga Agencies_Mt,Dist.,H&G,South-2,Andhra Pradesh,The Derma Co,90000.0,160000.0,69.23
Jun'24,2024-06-01,FY_24-25,Sri Vijaya Durga Agencies_Mt,Dist.,Reliance Retail,South-2,Andhra Pradesh,The Derma Co,40000.0,70000.0,30.77
Jun'24,2024-06-01,FY_24-25,United Marketing_Mt,Dist.,Apollo Healthco,West,Goa,Mamaearth,280000.0,490000.0,100.0
Jun'24,2024-06-01,FY_24-25,Vanaja Agencies MT_Dmart,Dist.,D-Mart,South-2,Telangana,Mamaearth,7370000.0,19320000.0,100.0
Jun'24,2024-06-01,FY_24-25,VISHAL ENTERPRISES_Solapur,Dist.,D-Mart,West,Pune,Mamaearth,2220000.0,5670000.0,100.0
Apr'24,2024-04-01,FY_24-25,Az Enterprises,Dist.,Apollo Healthco,South-1,Karnataka,Aqualogica,40000.0,60000.0,8.16
Apr'24,2024-04-01,FY_24-25,Az Enterprises,Dist.,H&G,South-1,Karnataka,Aqualogica,450000.0,730000.0,91.84
Apr'24,2024-04-01,FY_24-25,Az Enterprises,Dist.,H&G,South-1,Karnataka,BBlunt,30000.0,50000.0,100.0
Apr'24,2024-04-01,FY_24-25,Az Enterprises,Dist.,Apollo Healthco,South-1,Karnataka,Mamaearth,2080000.0,3790000.0,53.33
Apr'24,2024-04-01,FY_24-25,Az Enterprises,Dist.,Lulu,South-1,Karnataka,Mamaearth,260000.0,470000.0,6.67
Apr'24,2024-04-01,FY_24-25,Az Enterprises,Dist.,Max Hyper,South-1,Karnataka,Mamaearth,50000.0,80000.0,1.28
Apr'24,2024-04-01,FY_24-25,Az Enterprises,Dist.,H&G,South-1,Karnataka,Mamaearth,1070000.0,1960000.0,27.44
Apr'24,2024-04-01,FY_24-25,Az Enterprises,Dist.,More Retail,South-1,Karnataka,Mamaearth,440000.0,810000.0,11.28
Apr'24,2024-04-01,FY_24-25,Az Enterprises,Dist.,Apollo Healthco,South-1,Karnataka,The Derma Co,140000.0,230000.0,9.46
Apr'24,2024-04-01,FY_24-25,Az Enterprises,Dist.,Lulu,South-1,Karnataka,The Derma Co,190000.0,310000.0,12.84
Apr'24,2024-04-01,FY_24-25,Az Enterprises,Dist.,H&G,South-1,Karnataka,The Derma Co,1150000.0,1900000.0,77.7
Apr'24,2024-04-01,FY_24-25,Vanaja Agencies,Dist.,H&G,South-2,Telangana,Aqualogica,940000.0,1620000.0,82.46
Apr'24,2024-04-01,FY_24-25,Vanaja Agencies,Dist.,Reliance Retail,South-2,Telangana,Aqualogica,20000.0,30000.0,1.75
Apr'24,2024-04-01,FY_24-25,Vanaja Agencies,Dist.,Apollo Healthco,South-2,Telangana,Aqualogica,180000.0,300000.0,15.79
Apr'24,2024-04-01,FY_24-25,Vanaja Agencies,Dist.,H&G,South-2,Telangana,BBlunt,120000.0,180000.0,38.71
Apr'24,2024-04-01,FY_24-25,Vanaja Agencies,Dist.,Spencer,South-2,Telangana,BBlunt,190000.0,270000.0,61.29
Apr'24,2024-04-01,FY_24-25,Vanaja Agencies,Dist.,Apollo Healthco,South-2,Telangana,Mamaearth,2260000.0,4980000.0,34.4
Apr'24,2024-04-01,FY_24-25,Vanaja Agencies,Dist.,H&G,South-2,Telangana,Mamaearth,1020000.0,2240000.0,15.53
Apr'24,2024-04-01,FY_24-25,Vanaja Agencies,Dist.,Vijetha,South-2,Telangana,Mamaearth,740000.0,1630000.0,11.26
Apr'24,2024-04-01,FY_24-25,Vanaja Agencies,Dist.,More Retail,South-2,Telangana,Mamaearth,470000.0,1030000.0,7.15
Apr'24,2024-04-01,FY_24-25,Vanaja Agencies,Dist.,Max Hyper,South-2,Telangana,Mamaearth,20000.0,40000.0,0.3
Apr'24,2024-04-01,FY_24-25,Vanaja Agencies,Dist.,Reliance Retail,South-2,Telangana,Mamaearth,1020000.0,2250000.0,15.53
Apr'24,2024-04-01,FY_24-25,Vanaja Agencies,Dist.,Lulu,South-2,Telangana,Mamaearth,210000.0,450000.0,3.2
Apr'24,2024-04-01,FY_24-25,Vanaja Agencies,Dist.,Ratnadeep,South-2,Telangana,Mamaearth,830000.0,1840000.0,12.63
Apr'24,2024-04-01,FY_24-25,Vanaja Agencies,Dist.,H&G,South-2,Telangana,The Derma Co,1470000.0,2500000.0,73.87
Apr'24,2024-04-01,FY_24-25,Vanaja Agencies,Dist.,Reliance Retail,South-2,Telangana,The Derma Co,80000.0,140000.0,4.02
Apr'24,2024-04-01,FY_24-25,Vanaja Agencies,Dist.,Lulu,South-2,Telangana,The Derma Co,80000.0,140000.0,4.02
Apr'24,2024-04-01,FY_24-25,Vanaja Agencies,Dist.,Apollo Healthco,South-2,Telangana,The Derma Co,360000.0,610000.0,18.09
May'24,2024-05-01,FY_24-25,Az Enterprises,Dist.,Apollo Healthco,South-1,Karnataka,Aqualogica,190000.0,300000.0,22.89
May'24,2024-05-01,FY_24-25,Az Enterprises,Dist.,H&G,South-1,Karnataka,Aqualogica,640000.0,1040000.0,77.11
May'24,2024-05-01,FY_24-25,Az Enterprises,Dist.,Apollo Healthco,South-1,Karnataka,Mamaearth,3730000.0,6840000.0,55.01
May'24,2024-05-01,FY_24-25,Az Enterprises,Dist.,Lulu,South-1,Karnataka,Mamaearth,620000.0,1130000.0,9.14
May'24,2024-05-01,FY_24-25,Az Enterprises,Dist.,Max Hyper,South-1,Karnataka,Mamaearth,210000.0,390000.0,3.1
May'24,2024-05-01,FY_24-25,Az Enterprises,Dist.,H&G,South-1,Karnataka,Mamaearth,1090000.0,1990000.0,16.08
May'24,2024-05-01,FY_24-25,Az Enterprises,Dist.,B&N,South-1,Karnataka,Mamaearth,110000.0,200000.0,1.62
May'24,2024-05-01,FY_24-25,Az Enterprises,Dist.,More Retail,South-1,Karnataka,Mamaearth,1020000.0,1870000.0,15.04
May'24,2024-05-01,FY_24-25,Az Enterprises,Dist.,Apollo Healthco,South-1,Karnataka,The Derma Co,280000.0,470000.0,20.59
May'24,2024-05-01,FY_24-25,Az Enterprises,Dist.,Lulu,South-1,Karnataka,The Derma Co,10000.0,10000.0,0.74
May'24,2024-05-01,FY_24-25,Az Enterprises,Dist.,H&G,South-1,Karnataka,The Derma Co,1030000.0,1720000.0,75.74
May'24,2024-05-01,FY_24-25,Az Enterprises,Dist.,B&N,South-1,Karnataka,The Derma Co,40000.0,70000.0,2.94
May'24,2024-05-01,FY_24-25,Vanaja Agencies_Mt,Dist.,H&G,South-2,Telangana,Aqualogica,90000.0,160000.0,52.94
May'24,2024-05-01,FY_24-25,Vanaja Agencies_Mt,Dist.,Reliance Retail,South-2,Telangana,Aqualogica,30000.0,60000.0,17.65
May'24,2024-05-01,FY_24-25,Vanaja Agencies_Mt,Dist.,Apollo Healthco,South-2,Telangana,Aqualogica,50000.0,80000.0,29.41
May'24,2024-05-01,FY_24-25,Vanaja Agencies_Mt,Dist.,H&G,South-2,Telangana,BBlunt,70000.0,110000.0,100.0
May'24,2024-05-01,FY_24-25,Vanaja Agencies_Mt,Dist.,Spencer,South-2,Telangana,BBlunt,0.0,0.0,0.0
May'24,2024-05-01,FY_24-25,Vanaja Agencies_Mt,Dist.,Apollo Healthco,South-2,Telangana,Mamaearth,1160000.0,2290000.0,21.6
May'24,2024-05-01,FY_24-25,Vanaja Agencies_Mt,Dist.,H&G,South-2,Telangana,Mamaearth,390000.0,770000.0,7.26
May'24,2024-05-01,FY_24-25,Vanaja Agencies_Mt,Dist.,Vijetha,South-2,Telangana,Mamaearth,270000.0,530000.0,5.03
May'24,2024-05-01,FY_24-25,Vanaja Agencies_Mt,Dist.,More Retail,South-2,Telangana,Mamaearth,170000.0,340000.0,3.17
May'24,2024-05-01,FY_24-25,Vanaja Agencies_Mt,Dist.,Max Hyper,South-2,Telangana,Mamaearth,10000.0,20000.0,0.19
May'24,2024-05-01,FY_24-25,Vanaja Agencies_Mt,Dist.,Reliance Retail,South-2,Telangana,Mamaearth,2310000.0,4560000.0,43.02
May'24,2024-05-01,FY_24-25,Vanaja Agencies_Mt,Dist.,Spencer,South-2,Telangana,Mamaearth,380000.0,750000.0,7.08
May'24,2024-05-01,FY_24-25,Vanaja Agencies_Mt,Dist.,Lulu,South-2,Telangana,Mamaearth,110000.0,220000.0,2.05
May'24,2024-05-01,FY_24-25,Vanaja Agencies_Mt,Dist.,Ratnadeep,South-2,Telangana,Mamaearth,570000.0,1130000.0,10.61
May'24,2024-05-01,FY_24-25,Vanaja Agencies_Mt,Dist.,H&G,South-2,Telangana,The Derma Co,670000.0,1200000.0,60.91
May'24,2024-05-01,FY_24-25,Vanaja Agencies_Mt,Dist.,Reliance Retail,South-2,Telangana,The Derma Co,240000.0,430000.0,21.82
May'24,2024-05-01,FY_24-25,Vanaja Agencies_Mt,Dist.,Lulu,South-2,Telangana,The Derma Co,30000.0,60000.0,2.73
May'24,2024-05-01,FY_24-25,Vanaja Agencies_Mt,Dist.,Apollo Healthco,South-2,Telangana,The Derma Co,160000.0,290000.0,14.55
Jun'24,2024-06-01,FY_24-25,Az Enterprises,Dist.,Apollo Healthco,South-1,Karnataka,Aqualogica,40000.0,60000.0,10.81
Jun'24,2024-06-01,FY_24-25,Az Enterprises,Dist.,H&G,South-1,Karnataka,Aqualogica,330000.0,530000.0,89.19
Jun'24,2024-06-01,FY_24-25,Az Enterprises,Dist.,Apollo Healthco,South-1,Karnataka,Mamaearth,2730000.0,5010000.0,40.93
Jun'24,2024-06-01,FY_24-25,Az Enterprises,Dist.,Lulu,South-1,Karnataka,Mamaearth,1580000.0,2890000.0,23.69
Jun'24,2024-06-01,FY_24-25,Az Enterprises,Dist.,Frankross,South-1,Karnataka,Mamaearth,20000.0,40000.0,0.3
Jun'24,2024-06-01,FY_24-25,Az Enterprises,Dist.,Max Hyper,South-1,Karnataka,Mamaearth,200000.0,380000.0,3.0
Jun'24,2024-06-01,FY_24-25,Az Enterprises,Dist.,H&G,South-1,Karnataka,Mamaearth,1110000.0,2030000.0,16.64
Jun'24,2024-06-01,FY_24-25,Az Enterprises,Dist.,More Retail,South-1,Karnataka,Mamaearth,1030000.0,1880000.0,15.44
Jun'24,2024-06-01,FY_24-25,Az Enterprises,Dist.,Apollo Healthco,South-1,Karnataka,The Derma Co,110000.0,180000.0,17.19
Jun'24,2024-06-01,FY_24-25,Az Enterprises,Dist.,Lulu,South-1,Karnataka,The Derma Co,160000.0,270000.0,25.0
Jun'24,2024-06-01,FY_24-25,Az Enterprises,Dist.,H&G,South-1,Karnataka,The Derma Co,370000.0,620000.0,57.81
Jun'24,2024-06-01,FY_24-25,Vanaja Agencies_Mt,Dist.,H&G,South-2,Telangana,Aqualogica,70000.0,120000.0,46.67
Jun'24,2024-06-01,FY_24-25,Vanaja Agencies_Mt,Dist.,Reliance Retail,South-2,Telangana,Aqualogica,30000.0,50000.0,20.0
Jun'24,2024-06-01,FY_24-25,Vanaja Agencies_Mt,Dist.,Lulu,South-2,Telangana,Aqualogica,10000.0,20000.0,6.67
Jun'24,2024-06-01,FY_24-25,Vanaja Agencies_Mt,Dist.,Apollo Healthco,South-2,Telangana,Aqualogica,40000.0,70000.0,26.67
Jun'24,2024-06-01,FY_24-25,Vanaja Agencies_Mt,Dist.,H&G,South-2,Telangana,BBlunt,270000.0,430000.0,100.0
Jun'24,2024-06-01,FY_24-25,Vanaja Agencies_Mt,Dist.,Apollo Healthco,South-2,Telangana,Mamaearth,4030000.0,8080000.0,35.57
Jun'24,2024-06-01,FY_24-25,Vanaja Agencies_Mt,Dist.,H&G,South-2,Telangana,Mamaearth,1110000.0,2210000.0,9.8
Jun'24,2024-06-01,FY_24-25,Vanaja Agencies_Mt,Dist.,Vijetha,South-2,Telangana,Mamaearth,720000.0,1450000.0,6.35
Jun'24,2024-06-01,FY_24-25,Vanaja Agencies_Mt,Dist.,More Retail,South-2,Telangana,Mamaearth,470000.0,950000.0,4.15
Jun'24,2024-06-01,FY_24-25,Vanaja Agencies_Mt,Dist.,Max Hyper,South-2,Telangana,Mamaearth,50000.0,110000.0,0.44
Jun'24,2024-06-01,FY_24-25,Vanaja Agencies_Mt,Dist.,Reliance Retail,South-2,Telangana,Mamaearth,2300000.0,4610000.0,20.3
Jun'24,2024-06-01,FY_24-25,Vanaja Agencies_Mt,Dist.,Spencer,South-2,Telangana,Mamaearth,880000.0,1760000.0,7.77
Jun'24,2024-06-01,FY_24-25,Vanaja Agencies_Mt,Dist.,Lulu,South-2,Telangana,Mamaearth,500000.0,1010000.0,4.41
Jun'24,2024-06-01,FY_24-25,Vanaja Agencies_Mt,Dist.,Ratnadeep,South-2,Telangana,Mamaearth,1270000.0,2540000.0,11.21
Jun'24,2024-06-01,FY_24-25,Vanaja Agencies_Mt,Dist.,H&G,South-2,Telangana,The Derma Co,380000.0,680000.0,62.3
Jun'24,2024-06-01,FY_24-25,Vanaja Agencies_Mt,Dist.,Reliance Retail,South-2,Telangana,The Derma Co,110000.0,200000.0,18.03
Jun'24,2024-06-01,FY_24-25,Vanaja Agencies_Mt,Dist.,Lulu,South-2,Telangana,The Derma Co,30000.0,50000.0,4.92
Jun'24,2024-06-01,FY_24-25,Vanaja Agencies_Mt,Dist.,Apollo Healthco,South-2,Telangana,The Derma Co,90000.0,160000.0,14.75
Jul'24,2024-07-01,FY_24-25,APOLLO HEALTHCO LIMITED_AHMEDABAD,Direct,Apollo Healthco,West,Gujarat,Mamaearth,190000.0,590000.0,100.0
Jul'24,2024-07-01,FY_24-25,Apollo Healthco Limited_Bhiwandi,Direct,Apollo Healthco,West,Mumbai,Aqualogica,10000.0,10000.0,100.0
Jul'24,2024-07-01,FY_24-25,Apollo Healthco Limited_Bhiwandi,Direct,Apollo Healthco,West,Mumbai,Mamaearth,280000.0,650000.0,100.0
Jul'24,2024-07-01,FY_24-25,Apollo Healthco Limited_Bhiwandi,Direct,Apollo Healthco,West,Mumbai,The Derma Co,70000.0,110000.0,100.0
Jul'24,2024-07-01,FY_24-25,Apollo Healthco Limited_Faridabad,Direct,Apollo Healthco,North,Haryana,Aqualogica,40000.0,70000.0,100.0
Jul'24,2024-07-01,FY_24-25,Apollo Healthco Limited_Faridabad,Direct,Apollo Healthco,North,Haryana,Mamaearth,1110000.0,2380000.0,100.0
Jul'24,2024-07-01,FY_24-25,Apollo Healthco Limited_Faridabad,Direct,Apollo Healthco,North,Haryana,The Derma Co,190000.0,320000.0,100.0
Jul'24,2024-07-01,FY_24-25,Apollo Healthco Limited_Rajasthan,Direct,Apollo Healthco,North,Rajasthan,Mamaearth,220000.0,440000.0,100.0
Jul'24,2024-07-01,FY_24-25,Apollo Healthco Limited-Bangalore,Direct,Apollo Healthco,South-1,Karnataka,Mamaearth,80000.0,240000.0,100.0
Jul'24,2024-07-01,FY_24-25,Apollo Healthco Limited-Chennai,Direct,Apollo Healthco,South-1,Tamil Nadu,Mamaearth,190000.0,590000.0,100.0
Jul'24,2024-07-01,FY_24-25,APOLLO HEALTHCO LIMITED-Chittor,Direct,Apollo Healthco,South-2,Andhra Pradesh,Mamaearth,60000.0,200000.0,100.0
Jul'24,2024-07-01,FY_24-25,Apollo Healthco Limited-Goa,Direct,Apollo Healthco,West,Goa,Mamaearth,30000.0,100000.0,100.0
Jul'24,2024-07-01,FY_24-25,Apollo Healthco Limited-Hubbli,Direct,Apollo Healthco,South-1,Karnataka,Mamaearth,100000.0,330000.0,100.0
Jul'24,2024-07-01,FY_24-25,APOLLO HEALTHCO LIMITED-HYD,Direct,Apollo Healthco,South-2,Telangana,Mamaearth,30000.0,100000.0,100.0
Jul'24,2024-07-01,FY_24-25,Apollo Healthco Limited-Kochi,Direct,Apollo Healthco,South-1,Kerala,Mamaearth,60000.0,110000.0,100.0
Jul'24,2024-07-01,FY_24-25,Apollo Healthco Limited-Ore,Direct,Apollo Healthco,East,Orissa,Mamaearth,40000.0,100000.0,100.0
Jul'24,2024-07-01,FY_24-25,Apollo Healthco Limited-Sanath Nagar,Direct,Apollo Healthco,South-2,Telangana,Mamaearth,170000.0,550000.0,100.0
Jul'24,2024-07-01,FY_24-25,APOLLO HEALTHCO LIMITED-Vijayawada,Direct,Apollo Healthco,South-2,Andhra Pradesh,Mamaearth,40000.0,130000.0,100.0
Jul'24,2024-07-01,FY_24-25,APOLLO HEALTHCO LIMITED-WB,Direct,Apollo Healthco,East,West Bengal,Mamaearth,90000.0,300000.0,100.0
Jul'24,2024-07-01,FY_24-25,APOLLO HEALTHCO LIMITED-WB-2,Direct,Apollo Healthco,East,West Bengal,Mamaearth,180000.0,560000.0,100.0
Jul'24,2024-07-01,FY_24-25,Apollo Healthco Ltd_Raipur,Direct,Apollo Healthco,West,Chattishgarh,Mamaearth,220000.0,400000.0,100.0
Jul'24,2024-07-01,FY_24-25,Avenue E Commerce Limited(Kanjur),Direct,D-Mart,West,Mumbai,Aqualogica,10000.0,20000.0,100.0
Jul'24,2024-07-01,FY_24-25,Avenue E Commerce Limited(Kanjur),Direct,D-Mart,West,Mumbai,The Derma Co,10000.0,20000.0,100.0
Jul'24,2024-07-01,FY_24-25,Avenue E Commerce Limited(Kiwale),Direct,D-Mart,West,Pune,Aqualogica,0.0,10000.0,100.0
Jul'24,2024-07-01,FY_24-25,Avenue E Commerce Limited(Kiwale),Direct,D-Mart,West,Pune,The Derma Co,20000.0,40000.0,100.0
Jul'24,2024-07-01,FY_24-25,Avenue E Commerce Limited(Mira Road) N2,Direct,D-Mart,West,Pune,Aqualogica,0.0,10000.0,100.0
Jul'24,2024-07-01,FY_24-25,Avenue E Commerce Limited(Mira Road) N2,Direct,D-Mart,West,Pune,The Derma Co,20000.0,40000.0,100.0
Jul'24,2024-07-01,FY_24-25,Avenue E Commerce Limited(Nahur),Direct,D-Mart,West,Mumbai,Aqualogica,20000.0,40000.0,100.0
Jul'24,2024-07-01,FY_24-25,Avenue E Commerce Limited(Nahur),Direct,D-Mart,West,Mumbai,The Derma Co,30000.0,60000.0,100.0
Jul'24,2024-07-01,FY_24-25,Avenue E Commerce Limited_Panvel-2,Direct,D-Mart,West,Pune,Aqualogica,0.0,0.0,100.0
Jul'24,2024-07-01,FY_24-25,Avenue E Commerce Ltd -Nagpur-FC,Direct,D-Mart,West,Pune,Aqualogica,10000.0,10000.0,100.0
Jul'24,2024-07-01,FY_24-25,Avenue E Commerce Ltd -Nagpur-FC,Direct,D-Mart,West,Pune,The Derma Co,20000.0,40000.0,100.0
Jul'24,2024-07-01,FY_24-25,Avenue E Commerce Ltd -Vashi FC-E,Direct,D-Mart,West,Mumbai,Aqualogica,20000.0,30000.0,100.0
Jul'24,2024-07-01,FY_24-25,Avenue E Commerce Ltd_4047-Vasai Waliv,Direct,D-Mart,West,Mumbai,Aqualogica,10000.0,20000.0,100.0
Jul'24,2024-07-01,FY_24-25,Avenue E Commerce Ltd_CadburyFC.,Direct,D-Mart,West,Mumbai,Aqualogica,0.0,10000.0,100.0
Jul'24,2024-07-01,FY_24-25,Avenue E Commerce Ltd_CadburyFC.,Direct,D-Mart,West,Mumbai,The Derma Co,10000.0,20000.0,100.0
Jul'24,2024-07-01,FY_24-25,Avenue E Commerce Ltd_Manpada,Direct,D-Mart,West,Mumbai,Aqualogica,10000.0,30000.0,100.0
Jul'24,2024-07-01,FY_24-25,Avenue E Commerce Ltd_Manpada,Direct,D-Mart,West,Mumbai,The Derma Co,20000.0,40000.0,100.0
Jul'24,2024-07-01,FY_24-25,Avenue Supermarts Ltd.-4905,Direct,D-Mart,West,Chattishgarh,Mamaearth,70000.0,180000.0,100.0
Jul'24,2024-07-01,FY_24-25,Avenue Supermarts Ltd.-DC-1032,Direct,D-Mart,South-1,Karnataka,Mamaearth,6040000.0,15020000.0,100.0
Jul'24,2024-07-01,FY_24-25,Avenue Supermarts Ltd.-DC-1039,Direct,D-Mart,West,Mumbai,BBlunt,110000.0,220000.0,100.0
Jul'24,2024-07-01,FY_24-25,Avenue Supermarts Ltd.-DC-1039,Direct,D-Mart,West,Mumbai,Mamaearth,6920000.0,17180000.0,100.0
Jul'24,2024-07-01,FY_24-25,Avenue Supermarts Ltd.-DC-1049,Direct,D-Mart,North,Madhya Pradesh,Mamaearth,2850000.0,7240000.0,100.0
Jul'24,2024-07-01,FY_24-25,Avenue Supermarts Ltd.-DC-1050,Direct,D-Mart,North,Punjab,Mamaearth,4170000.0,10570000.0,100.0
Jul'24,2024-07-01,FY_24-25,Avenue Supermarts Ltd.-DC-1068,Direct,D-Mart,North,Rajasthan,Mamaearth,3950000.0,9910000.0,100.0
Jul'24,2024-07-01,FY_24-25,Avenue Supermarts Ltd_4901,Direct,D-Mart,West,Chattishgarh,Mamaearth,140000.0,350000.0,100.0
Jul'24,2024-07-01,FY_24-25,Avenue Supermarts Ltd_4902,Direct,D-Mart,West,Chattishgarh,Mamaearth,230000.0,530000.0,100.0
Jul'24,2024-07-01,FY_24-25,Avenue Supermarts Ltd_4903,Direct,D-Mart,West,Chattishgarh,Mamaearth,100000.0,250000.0,100.0
Jul'24,2024-07-01,FY_24-25,Avenue Supermarts Ltd_4904,Direct,D-Mart,West,Chattishgarh,Mamaearth,50000.0,110000.0,100.0
Jul'24,2024-07-01,FY_24-25,Avenue Supermarts Ltd_4906,Direct,D-Mart,West,Chattishgarh,Mamaearth,120000.0,300000.0,100.0
Jul'24,2024-07-01,FY_24-25,Guardian Healthcare Services Pvt Ltd(DL),Direct,Guardian,North,Delhi,Aqualogica,50000.0,90000.0,100.0
Jul'24,2024-07-01,FY_24-25,Guardian Healthcare Services Pvt Ltd(DL),Direct,Guardian,North,Delhi,Mamaearth,150000.0,290000.0,100.0
Jul'24,2024-07-01,FY_24-25,Guardian Healthcare Services Pvt Ltd(DL),Direct,Guardian,North,Delhi,The Derma Co,50000.0,100000.0,100.0
Jul'24,2024-07-01,FY_24-25,Metro Cash & Carry India Pvt Ltd -(DC27)-T0SJ,Direct,Metro-CNC-RRL,South-1,Karnataka,Mamaearth,220000.0,460000.0,100.0
Jul'24,2024-07-01,FY_24-25,Metro Cash & Carry India Pvt Ltd -(DC34)-T0SR,Direct,Metro-CNC-RRL,South-1,Karnataka,Mamaearth,-40000.0,-70000.0,100.0
Jul'24,2024-07-01,FY_24-25,Metro Cash & Carry India Pvt Ltd-(DC10)-T0SM,Direct,Metro-CNC-RRL,South-1,Karnataka,Aqualogica,160000.0,260000.0,100.0
Jul'24,2024-07-01,FY_24-25,Metro Cash & Carry India Pvt Ltd-(DC10)-T0SM,Direct,Metro-CNC-RRL,South-1,Karnataka,BBlunt,20000.0,30000.0,100.0
Jul'24,2024-07-01,FY_24-25,Metro Cash & Carry India Pvt Ltd-(DC10)-T0SM,Direct,Metro-CNC-RRL,South-1,Karnataka,Mamaearth,390000.0,800000.0,100.0
Jul'24,2024-07-01,FY_24-25,Metro Cash & Carry India Pvt Ltd-(DC10)-T0SM,Direct,Metro-CNC-RRL,South-1,Karnataka,The Derma Co,390000.0,610000.0,100.0
Jul'24,2024-07-01,FY_24-25,Metro Cash & Carry India Pvt Ltd-(DC11)-T0SL,Direct,Metro-CNC-RRL,South-1,Karnataka,BBlunt,20000.0,30000.0,100.0
Jul'24,2024-07-01,FY_24-25,Metro Cash & Carry India Pvt Ltd-(DC11)-T0SL,Direct,Metro-CNC-RRL,South-1,Karnataka,Mamaearth,200000.0,420000.0,100.0
Jul'24,2024-07-01,FY_24-25,Metro Cash & Carry India Pvt Ltd-(DC11)-T0SL,Direct,Metro-CNC-RRL,South-1,Karnataka,The Derma Co,50000.0,80000.0,100.0
Jul'24,2024-07-01,FY_24-25,Metro Cash & Carry India Pvt Ltd-(DC12)-T0QX,Direct,Metro-CNC-RRL,South-2,Telangana,Aqualogica,-80000.0,-130000.0,100.0
Jul'24,2024-07-01,FY_24-25,Metro Cash & Carry India Pvt Ltd-(DC12)-T0QX,Direct,Metro-CNC-RRL,South-2,Telangana,BBlunt,10000.0,20000.0,100.0
Jul'24,2024-07-01,FY_24-25,Metro Cash & Carry India Pvt Ltd-(DC12)-T0QX,Direct,Metro-CNC-RRL,South-2,Telangana,Mamaearth,-60000.0,-50000.0,100.0
Jul'24,2024-07-01,FY_24-25,Metro Cash & Carry India Pvt Ltd-(DC12)-T0QX,Direct,Metro-CNC-RRL,South-2,Telangana,The Derma Co,-210000.0,-320000.0,100.0
Jul'24,2024-07-01,FY_24-25,Metro Cash & Carry India Pvt Ltd-(DC15)-T0QY,Direct,Metro-CNC-RRL,South-2,Telangana,Mamaearth,0.0,40000.0,100.0
Jul'24,2024-07-01,FY_24-25,Metro Cash & Carry India Pvt Ltd-(DC16)-T0QZ,Direct,Metro-CNC-RRL,South-2,Telangana,BBlunt,-40000.0,-60000.0,100.0
Jul'24,2024-07-01,FY_24-25,Metro Cash & Carry India Pvt Ltd-(DC16)-T0QZ,Direct,Metro-CNC-RRL,South-2,Telangana,Mamaearth,-350000.0,-710000.0,100.0
Jul'24,2024-07-01,FY_24-25,Metro Cash & Carry India Pvt Ltd-(DC17)-T0QT,Direct,Metro-CNC-RRL,South-2,Andhra Pradesh,Mamaearth,130000.0,280000.0,100.0
Jul'24,2024-07-01,FY_24-25,Metro Cash & Carry India Pvt Ltd-(DC18)-T0SN,Direct,Metro-CNC-RRL,South-1,Karnataka,BBlunt,10000.0,10000.0,100.0
Jul'24,2024-07-01,FY_24-25,Metro Cash & Carry India Pvt Ltd-(DC18)-T0SN,Direct,Metro-CNC-RRL,South-1,Karnataka,Mamaearth,120000.0,250000.0,100.0
Jul'24,2024-07-01,FY_24-25,Metro Cash & Carry India Pvt Ltd-(DC18)-T0SN,Direct,Metro-CNC-RRL,South-1,Karnataka,The Derma Co,30000.0,50000.0,100.0
Jul'24,2024-07-01,FY_24-25,Metro Cash & Carry India Pvt Ltd-(DC20)-T0RK,Direct,Metro-CNC-RRL,West,Mumbai,Mamaearth,100000.0,200000.0,100.0
Jul'24,2024-07-01,FY_24-25,Metro Cash & Carry India Pvt Ltd-(DC23)-T0RL,Direct,Metro-CNC-RRL,West,Mumbai,BBlunt,20000.0,30000.0,100.0
Jul'24,2024-07-01,FY_24-25,Metro Cash & Carry India Pvt Ltd-(DC23)-T0RL,Direct,Metro-CNC-RRL,West,Mumbai,Mamaearth,70000.0,150000.0,100.0
Jul'24,2024-07-01,FY_24-25,Metro Cash & Carry India Pvt Ltd-(DC23)-T0RL,Direct,Metro-CNC-RRL,West,Mumbai,The Derma Co,30000.0,50000.0,100.0
Jul'24,2024-07-01,FY_24-25,Metro Cash & Carry India Pvt Ltd-(DC24)-T0RJ,Direct,Metro-CNC-RRL,North,Madhya Pradesh,BBlunt,-10000.0,-10000.0,100.0
Jul'24,2024-07-01,FY_24-25,Metro Cash & Carry India Pvt Ltd-(DC24)-T0RJ,Direct,Metro-CNC-RRL,North,Madhya Pradesh,Mamaearth,130000.0,260000.0,100.0
Jul'24,2024-07-01,FY_24-25,Metro Cash & Carry India Pvt Ltd-(DC25)-T0RB,Direct,Metro-CNC-RRL,West,Gujarat,Mamaearth,190000.0,390000.0,100.0
Jul'24,2024-07-01,FY_24-25,Metro Cash & Carry India Pvt Ltd-(DC26)-T0SP,Direct,Metro-CNC-RRL,South-1,Karnataka,Mamaearth,330000.0,660000.0,100.0
Jul'24,2024-07-01,FY_24-25,Metro Cash & Carry India Pvt Ltd-(DC29)-T0RA,Direct,Metro-CNC-RRL,South-2,Telangana,Aqualogica,-290000.0,-460000.0,100.0
Jul'24,2024-07-01,FY_24-25,Metro Cash & Carry India Pvt Ltd-(DC29)-T0RA,Direct,Metro-CNC-RRL,South-2,Telangana,BBlunt,0.0,0.0,100.0
Jul'24,2024-07-01,FY_24-25,Metro Cash & Carry India Pvt Ltd-(DC29)-T0RA,Direct,Metro-CNC-RRL,South-2,Telangana,Mamaearth,-10000.0,-20000.0,100.0
Jul'24,2024-07-01,FY_24-25,Metro Cash & Carry India Pvt Ltd-(DC29)-T0RA,Direct,Metro-CNC-RRL,South-2,Telangana,The Derma Co,-830000.0,-1310000.0,100.0
Jul'24,2024-07-01,FY_24-25,Metro Cash & Carry India Pvt Ltd-(DC30)-T0RM,Direct,Metro-CNC-RRL,West,Pune,Mamaearth,40000.0,80000.0,100.0
Jul'24,2024-07-01,FY_24-25,Metro Cash & Carry India Pvt Ltd-(DC32)-T0QU,Direct,Metro-CNC-RRL,North,UPW,Mamaearth,160000.0,350000.0,100.0
Jul'24,2024-07-01,FY_24-25,Metro Cash & Carry India Pvt Ltd-(DC36)-T0RH,Direct,Metro-CNC-RRL,South-2,Andhra Pradesh,BBlunt,-10000.0,-10000.0,100.0
Jul'24,2024-07-01,FY_24-25,Metro Cash & Carry India Pvt Ltd-(DC36)-T0RH,Direct,Metro-CNC-RRL,South-2,Andhra Pradesh,Mamaearth,-230000.0,-410000.0,100.0
Jul'24,2024-07-01,FY_24-25,Metro Cash & Carry India Pvt Ltd-(DC37)-T0RD,Direct,Metro-CNC-RRL,South-2,Andhra Pradesh,BBlunt,20000.0,30000.0,100.0
Jul'24,2024-07-01,FY_24-25,Metro Cash & Carry India Pvt Ltd-(DC37)-T0RD,Direct,Metro-CNC-RRL,South-2,Andhra Pradesh,Mamaearth,110000.0,260000.0,100.0
Jul'24,2024-07-01,FY_24-25,Metro Cash & Carry India Pvt Ltd-(DC43)-T2YF,Direct,Metro-CNC-RRL,North,Punjab,Mamaearth,170000.0,380000.0,100.0
Jul'24,2024-07-01,FY_24-25,Metro Cash & Carry India Pvt Ltd-(DC43)-T2YF,Direct,Metro-CNC-RRL,North,Punjab,The Derma Co,0.0,10000.0,100.0
Jul'24,2024-07-01,FY_24-25,Metro Cash & Carry India Pvt Ltd-(DC45)-T0RE,Direct,Metro-CNC-RRL,North,Rajasthan,Mamaearth,40000.0,80000.0,100.0
Jul'24,2024-07-01,FY_24-25,Metro Cash & Carry India Pvt Ltd-(DC46)-T0RC,Direct,Metro-CNC-RRL,North,Delhi,BBlunt,0.0,10000.0,100.0
Jul'24,2024-07-01,FY_24-25,Metro Cash & Carry India Pvt Ltd-(DC46)-T0RC,Direct,Metro-CNC-RRL,North,Delhi,Mamaearth,180000.0,370000.0,100.0
Jul'24,2024-07-01,FY_24-25,Metro Cash & Carry India Pvt Ltd-(DC47)-T0SI,Direct,Metro-CNC-RRL,North,Punjab,BBlunt,0.0,10000.0,100.0
Jul'24,2024-07-01,FY_24-25,Metro Cash & Carry India Pvt Ltd-(DC47)-T0SI,Direct,Metro-CNC-RRL,North,Punjab,Mamaearth,50000.0,110000.0,100.0
Jul'24,2024-07-01,FY_24-25,Metro Cash & Carry India Pvt Ltd-(DC48)-T0SK,Direct,Metro-CNC-RRL,North,Punjab,Mamaearth,130000.0,300000.0,100.0
Jul'24,2024-07-01,FY_24-25,Metro Cash & Carry India Pvt Ltd-(DC52)-T0RI,Direct,Metro-CNC-RRL,North,Delhi,Mamaearth,50000.0,110000.0,100.0
Jul'24,2024-07-01,FY_24-25,Metro Cash & Carry India Pvt Ltd-(DC53)-T0QV,Direct,Metro-CNC-RRL,North,Lucknow_UPE,Mamaearth,150000.0,300000.0,100.0
Jul'24,2024-07-01,FY_24-25,Metro Cash & Carry India Pvt Ltd-(DC54)-T0QW,Direct,Metro-CNC-RRL,North,UPW,Mamaearth,-40000.0,-80000.0,100.0
Jul'24,2024-07-01,FY_24-25,Metro Cash & Carry India Pvt Ltd-(DC60)-T0QS,Direct,Metro-CNC-RRL,East,West Bengal,Mamaearth,-80000.0,-140000.0,100.0
Jul'24,2024-07-01,FY_24-25,Metro Cash & Carry India Pvt Ltd_DC33(T0SQ),Direct,Metro-CNC-RRL,South-1,Karnataka,Mamaearth,50000.0,90000.0,100.0
Jul'24,2024-07-01,FY_24-25,Metro Cash & Carry India Pvt Ltd_T2FM,Direct,Metro-CNC-RRL,West,Mumbai,BBlunt,10000.0,20000.0,100.0
Jul'24,2024-07-01,FY_24-25,Metro Cash & Carry India Pvt Ltd_T2FM,Direct,Metro-CNC-RRL,West,Mumbai,Mamaearth,-180000.0,-300000.0,100.0
Jul'24,2024-07-01,FY_24-25,Metro Cash & Carry India Pvt Ltd_T2FM,Direct,Metro-CNC-RRL,West,Mumbai,The Derma Co,10000.0,10000.0,100.0
Jul'24,2024-07-01,FY_24-25,Metro Cash & Carry India Pvt Ltd_T2QD,Direct,Metro-CNC-RRL,West,Pune,Mamaearth,0.0,0.0,100.0
Jul'24,2024-07-01,FY_24-25,Metro Cash & Carry India Pvt Ltd_T3DO,Direct,Metro-CNC-RRL,East,Orissa,Mamaearth,-70000.0,-120000.0,100.0
Jul'24,2024-07-01,FY_24-25,Metro Cash & Carry India Pvt Ltd-T3CD,Direct,Metro-CNC-RRL,West,Pune,Mamaearth,-170000.0,-310000.0,100.0
Jul'24,2024-07-01,FY_24-25,Reliance Retail Limited Ce08,Direct,Reliance Retail,East,Jharkhand,Aqualogica,120000.0,190000.0,100.0
Jul'24,2024-07-01,FY_24-25,Reliance Retail Limited Ce08,Direct,Reliance Retail,East,Jharkhand,Mamaearth,3530000.0,9330000.0,100.0
Jul'24,2024-07-01,FY_24-25,Reliance Retail Limited Ce08,Direct,Reliance Retail,East,Jharkhand,The Derma Co,30000.0,40000.0,100.0
Jul'24,2024-07-01,FY_24-25,Reliance Retail Limited Cf08,Direct,Reliance Retail,West,Mumbai,Aqualogica,20000.0,30000.0,100.0
Jul'24,2024-07-01,FY_24-25,Reliance Retail Limited Cf08,Direct,Reliance Retail,West,Mumbai,Mamaearth,2500000.0,6980000.0,100.0
Jul'24,2024-07-01,FY_24-25,Reliance Retail Limited Cf08,Direct,Reliance Retail,West,Mumbai,The Derma Co,20000.0,40000.0,100.0
Jul'24,2024-07-01,FY_24-25,Reliance Retail Limited Cm08,Direct,Reliance Retail,West,Pune,Aqualogica,80000.0,130000.0,100.0
Jul'24,2024-07-01,FY_24-25,Reliance Retail Limited Cm08,Direct,Reliance Retail,West,Pune,Mamaearth,380000.0,1120000.0,100.0
Jul'24,2024-07-01,FY_24-25,Reliance Retail Limited Cm08,Direct,Reliance Retail,West,Pune,The Derma Co,60000.0,100000.0,100.0
Jul'24,2024-07-01,FY_24-25,Reliance Retail Limited Ct08,Direct,Reliance Retail,North,Rajasthan,Aqualogica,80000.0,140000.0,100.0
Jul'24,2024-07-01,FY_24-25,Reliance Retail Limited Ct08,Direct,Reliance Retail,North,Rajasthan,Mamaearth,980000.0,2490000.0,100.0
Jul'24,2024-07-01,FY_24-25,Reliance Retail Limited Ct08,Direct,Reliance Retail,North,Rajasthan,The Derma Co,160000.0,270000.0,100.0
Jul'24,2024-07-01,FY_24-25,Reliance Retail Limited Ea08,Direct,Reliance Retail,North,Haryana,Aqualogica,20000.0,30000.0,100.0
Jul'24,2024-07-01,FY_24-25,Reliance Retail Limited Ea08,Direct,Reliance Retail,North,Haryana,Mamaearth,2030000.0,5800000.0,100.0
Jul'24,2024-07-01,FY_24-25,Reliance Retail Limited Fb08,Direct,Reliance Retail,North,Punjab,Aqualogica,60000.0,90000.0,100.0
Jul'24,2024-07-01,FY_24-25,Reliance Retail Limited Fb08,Direct,Reliance Retail,North,Punjab,Mamaearth,1410000.0,3870000.0,100.0
Jul'24,2024-07-01,FY_24-25,Reliance Retail Limited Fb08,Direct,Reliance Retail,North,Punjab,The Derma Co,120000.0,200000.0,100.0
Jul'24,2024-07-01,FY_24-25,Reliance Retail Limited Fd08,Direct,Reliance Retail,South-1,Karnataka,Mamaearth,470000.0,1380000.0,100.0
Jul'24,2024-07-01,FY_24-25,Reliance Retail Limited R301,Direct,Reliance Retail,South-2,Telangana,Mamaearth,160000.0,420000.0,100.0
Jul'24,2024-07-01,FY_24-25,Reliance Retail Limited R426,Direct,Reliance Retail,East,West Bengal,Mamaearth,180000.0,490000.0,100.0
Jul'24,2024-07-01,FY_24-25,Reliance Retail Limited R468,Direct,Reliance Retail,South-2,Andhra Pradesh,Mamaearth,320000.0,770000.0,100.0
Jul'24,2024-07-01,FY_24-25,Reliance Retail Limited R701,Direct,Reliance Retail,West,Gujarat,Aqualogica,40000.0,60000.0,100.0
Jul'24,2024-07-01,FY_24-25,Reliance Retail Limited R701,Direct,Reliance Retail,West,Gujarat,Mamaearth,2560000.0,6720000.0,100.0
Jul'24,2024-07-01,FY_24-25,Reliance Retail Limited R701,Direct,Reliance Retail,West,Gujarat,The Derma Co,40000.0,70000.0,100.0
Jul'24,2024-07-01,FY_24-25,Reliance Retail Limited R703,Direct,Reliance Retail,South-1,Tamil Nadu,Mamaearth,270000.0,740000.0,100.0
Jul'24,2024-07-01,FY_24-25,Reliance Retail Limited R801,Direct,Reliance Retail,East,Orissa,Aqualogica,90000.0,140000.0,100.0
Jul'24,2024-07-01,FY_24-25,Reliance Retail Limited R801,Direct,Reliance Retail,East,Orissa,Mamaearth,2440000.0,5790000.0,100.0
Jul'24,2024-07-01,FY_24-25,Reliance Retail Limited R801,Direct,Reliance Retail,East,Orissa,The Derma Co,120000.0,200000.0,100.0
Jul'24,2024-07-01,FY_24-25,Reliance Retail Limited Sc79,Direct,Reliance Retail,West,Mumbai,Aqualogica,50000.0,80000.0,100.0
Jul'24,2024-07-01,FY_24-25,Reliance Retail Limited Sc79,Direct,Reliance Retail,West,Mumbai,Mamaearth,1120000.0,3020000.0,100.0
Jul'24,2024-07-01,FY_24-25,Reliance Retail Limited Sc79,Direct,Reliance Retail,West,Mumbai,The Derma Co,10000.0,10000.0,100.0
Jul'24,2024-07-01,FY_24-25,Reliance Retail Limited_2364,Direct,Reliance Retail,North,Haryana,Mamaearth,20000.0,40000.0,100.0
Jul'24,2024-07-01,FY_24-25,Reliance Retail Limited_2995,Direct,Reliance Retail,North,Haryana,Mamaearth,40000.0,60000.0,100.0
Jul'24,2024-07-01,FY_24-25,Reliance Retail Limited_2996,Direct,Reliance Retail,North,Punjab,Mamaearth,30000.0,50000.0,100.0
Jul'24,2024-07-01,FY_24-25,Reliance Retail Limited_3210,Direct,Reliance Retail,North,Madhya Pradesh,Mamaearth,40000.0,70000.0,100.0
Jul'24,2024-07-01,FY_24-25,Reliance Retail Limited_6209,Direct,Reliance Retail,West,Pune,Mamaearth,40000.0,70000.0,100.0
Jul'24,2024-07-01,FY_24-25,Reliance Retail Limited_6221,Direct,Reliance Retail,West,Mumbai,Mamaearth,40000.0,70000.0,100.0
Jul'24,2024-07-01,FY_24-25,Reliance Retail Limited_6717,Direct,Reliance Retail,North,Rajasthan,Mamaearth,40000.0,70000.0,100.0
Jul'24,2024-07-01,FY_24-25,Reliance Retail Limited_6719,Direct,Reliance Retail,West,Pune,Mamaearth,50000.0,80000.0,100.0
Jul'24,2024-07-01,FY_24-25,Reliance Retail Limited_6722,Direct,Reliance Retail,North,Delhi,Mamaearth,40000.0,60000.0,100.0
Jul'24,2024-07-01,FY_24-25,Reliance Retail Limited_6727,Direct,Reliance Retail,North,Haryana,Mamaearth,30000.0,60000.0,100.0
Jul'24,2024-07-01,FY_24-25,Reliance Retail Limited_Cy08-Kerala,Direct,Reliance Retail,South-1,Kerala,Aqualogica,160000.0,260000.0,100.0
Jul'24,2024-07-01,FY_24-25,Reliance Retail Limited_Cy08-Kerala,Direct,Reliance Retail,South-1,Kerala,Mamaearth,1540000.0,4130000.0,100.0
Jul'24,2024-07-01,FY_24-25,Reliance Retail Limited_Cy08-Kerala,Direct,Reliance Retail,South-1,Kerala,The Derma Co,10000.0,10000.0,100.0
Jul'24,2024-07-01,FY_24-25,Reliance Retail Limited_FR00,Direct,Reliance Retail,West,Mumbai,Mamaearth,50000.0,80000.0,100.0
Jul'24,2024-07-01,FY_24-25,Reliance Retail Limited_FR02,Direct,Reliance Retail,West,Mumbai,Mamaearth,40000.0,60000.0,100.0
Jul'24,2024-07-01,FY_24-25,Reliance Retail Limited_FR03,Direct,Reliance Retail,West,Mumbai,Mamaearth,30000.0,60000.0,100.0
Jul'24,2024-07-01,FY_24-25,Reliance Retail Limited_FR10,Direct,Reliance Retail,West,Mumbai,Mamaearth,40000.0,60000.0,100.0
Jul'24,2024-07-01,FY_24-25,Reliance Retail Limited_FR27,Direct,Reliance Retail,North,Madhya Pradesh,Mamaearth,30000.0,50000.0,100.0
Jul'24,2024-07-01,FY_24-25,Reliance Retail Limited_FR30,Direct,Reliance Retail,North,Madhya Pradesh,Mamaearth,30000.0,50000.0,100.0
Jul'24,2024-07-01,FY_24-25,Reliance Retail Limited_FR60,Direct,Reliance Retail,West,Gujarat,Mamaearth,50000.0,80000.0,100.0
Jul'24,2024-07-01,FY_24-25,Reliance Retail Limited_FR62,Direct,Reliance Retail,East,Orissa,Mamaearth,50000.0,90000.0,100.0
Jul'24,2024-07-01,FY_24-25,Reliance Retail Limited_FR64,Direct,Reliance Retail,East,Orissa,Mamaearth,50000.0,80000.0,100.0
Jul'24,2024-07-01,FY_24-25,Reliance Retail Limited_FR76,Direct,Reliance Retail,East,West Bengal,Mamaearth,50000.0,90000.0,100.0
Jul'24,2024-07-01,FY_24-25,Reliance Retail Limited_Fr87,Direct,Reliance Retail,North,Haryana,Aqualogica,100000.0,160000.0,100.0
Jul'24,2024-07-01,FY_24-25,Reliance Retail Limited_Fr87,Direct,Reliance Retail,North,Haryana,Mamaearth,3510000.0,9410000.0,100.0
Jul'24,2024-07-01,FY_24-25,Reliance Retail Limited_Fr87,Direct,Reliance Retail,North,Haryana,The Derma Co,220000.0,360000.0,100.0
Jul'24,2024-07-01,FY_24-25,Reliance Retail Limited_Fr89,Direct,Reliance Retail,North,UPW,Mamaearth,610000.0,1620000.0,100.0
Jul'24,2024-07-01,FY_24-25,Reliance Retail Limited_FRAQ,Direct,Reliance Retail,East,Jharkhand,Mamaearth,50000.0,80000.0,100.0
Jul'24,2024-07-01,FY_24-25,Reliance Retail Limited_FRAT,Direct,Reliance Retail,East,Jharkhand,Mamaearth,60000.0,90000.0,100.0
Jul'24,2024-07-01,FY_24-25,Reliance Retail Limited_Fraz,Direct,Reliance Retail,North,Punjab,Mamaearth,1760000.0,4550000.0,100.0
Jul'24,2024-07-01,FY_24-25,Reliance Retail Limited_Fraz,Direct,Reliance Retail,North,Punjab,The Derma Co,160000.0,250000.0,100.0
Jul'24,2024-07-01,FY_24-25,Reliance Retail Limited_FRBD,Direct,Reliance Retail,North,Punjab,Mamaearth,30000.0,50000.0,100.0
Jul'24,2024-07-01,FY_24-25,Reliance Retail Limited_FRBR,Direct,Reliance Retail,East,West Bengal,Mamaearth,40000.0,70000.0,100.0
Jul'24,2024-07-01,FY_24-25,Reliance Retail Limited_FRBS,Direct,Reliance Retail,East,West Bengal,Mamaearth,40000.0,60000.0,100.0
Jul'24,2024-07-01,FY_24-25,Reliance Retail Limited_FRBW,Direct,Reliance Retail,East,West Bengal,Mamaearth,40000.0,70000.0,100.0
Jul'24,2024-07-01,FY_24-25,Reliance Retail Limited_FRCG,Direct,Reliance Retail,East,West Bengal,Mamaearth,30000.0,60000.0,100.0
Jul'24,2024-07-01,FY_24-25,Reliance Retail Limited_FRCH,Direct,Reliance Retail,East,West Bengal,Mamaearth,30000.0,60000.0,100.0
Jul'24,2024-07-01,FY_24-25,Reliance Retail Limited_FRCJ,Direct,Reliance Retail,East,West Bengal,Mamaearth,30000.0,60000.0,100.0
Jul'24,2024-07-01,FY_24-25,Reliance Retail Limited_FRCP,Direct,Reliance Retail,North,Haryana,Aqualogica,30000.0,50000.0,100.0
Jul'24,2024-07-01,FY_24-25,Reliance Retail Limited_FRCP,Direct,Reliance Retail,North,Haryana,BBlunt,20000.0,30000.0,100.0
Jul'24,2024-07-01,FY_24-25,Reliance Retail Limited_FRCP,Direct,Reliance Retail,North,Haryana,The Derma Co,30000.0,50000.0,100.0
Jul'24,2024-07-01,FY_24-25,Reliance Retail Limited_FRCQ,Direct,Reliance Retail,North,Haryana,Mamaearth,40000.0,60000.0,100.0
Jul'24,2024-07-01,FY_24-25,Reliance Retail Limited_FRCS,Direct,Reliance Retail,North,Delhi,Mamaearth,40000.0,60000.0,100.0
Jul'24,2024-07-01,FY_24-25,Reliance Retail Limited_FRCT,Direct,Reliance Retail,North,Delhi,Aqualogica,0.0,10000.0,100.0
Jul'24,2024-07-01,FY_24-25,Reliance Retail Limited_FRCT,Direct,Reliance Retail,North,Delhi,BBlunt,10000.0,20000.0,100.0
Jul'24,2024-07-01,FY_24-25,Reliance Retail Limited_FRCT,Direct,Reliance Retail,North,Delhi,Mamaearth,50000.0,80000.0,100.0
Jul'24,2024-07-01,FY_24-25,Reliance Retail Limited_FRCT,Direct,Reliance Retail,North,Delhi,The Derma Co,10000.0,20000.0,100.0
Jul'24,2024-07-01,FY_24-25,Reliance Retail Limited_FRDA,Direct,Reliance Retail,North,Rajasthan,Mamaearth,30000.0,60000.0,100.0
Jul'24,2024-07-01,FY_24-25,Reliance Retail Limited_FRDB,Direct,Reliance Retail,North,Delhi,Aqualogica,30000.0,50000.0,100.0
Jul'24,2024-07-01,FY_24-25,Reliance Retail Limited_FRDB,Direct,Reliance Retail,North,Delhi,BBlunt,10000.0,10000.0,100.0
Jul'24,2024-07-01,FY_24-25,Reliance Retail Limited_FRDB,Direct,Reliance Retail,North,Delhi,Mamaearth,30000.0,50000.0,100.0
Jul'24,2024-07-01,FY_24-25,Reliance Retail Limited_FRDB,Direct,Reliance Retail,North,Delhi,The Derma Co,40000.0,70000.0,100.0
Jul'24,2024-07-01,FY_24-25,Reliance Retail Limited_FRDI,Direct,Reliance Retail,North,UPW,Mamaearth,30000.0,60000.0,100.0
Jul'24,2024-07-01,FY_24-25,Reliance Retail Limited_FRDK,Direct,Reliance Retail,North,UPW,Aqualogica,50000.0,80000.0,100.0
Jul'24,2024-07-01,FY_24-25,Reliance Retail Limited_FRDK,Direct,Reliance Retail,North,UPW,BBlunt,0.0,10000.0,100.0
Jul'24,2024-07-01,FY_24-25,Reliance Retail Limited_FRDK,Direct,Reliance Retail,North,UPW,Mamaearth,50000.0,90000.0,100.0
Jul'24,2024-07-01,FY_24-25,Reliance Retail Limited_FRDK,Direct,Reliance Retail,North,UPW,The Derma Co,50000.0,90000.0,100.0
Jul'24,2024-07-01,FY_24-25,Reliance Retail Limited_FRDL,Direct,Reliance Retail,North,UPW,Aqualogica,20000.0,30000.0,100.0
Jul'24,2024-07-01,FY_24-25,Reliance Retail Limited_FRDL,Direct,Reliance Retail,North,UPW,BBlunt,0.0,10000.0,100.0
Jul'24,2024-07-01,FY_24-25,Reliance Retail Limited_FRDL,Direct,Reliance Retail,North,UPW,The Derma Co,20000.0,40000.0,100.0
Jul'24,2024-07-01,FY_24-25,Reliance Retail Limited_FRDP,Direct,Reliance Retail,North,Rajasthan,Mamaearth,40000.0,60000.0,100.0
Jul'24,2024-07-01,FY_24-25,Reliance Retail Limited_FRDT,Direct,Reliance Retail,North,Rajasthan,Mamaearth,30000.0,50000.0,100.0
Jul'24,2024-07-01,FY_24-25,Reliance Retail Limited_FREM,Direct,Reliance Retail,North,Rajasthan,Mamaearth,40000.0,70000.0,100.0
Jul'24,2024-07-01,FY_24-25,Reliance Retail Limited_FRER,Direct,Reliance Retail,North,Rajasthan,Mamaearth,30000.0,60000.0,100.0
Jul'24,2024-07-01,FY_24-25,Reliance Retail Limited_FREX,Direct,Reliance Retail,North,Lucknow_UPE,Mamaearth,30000.0,60000.0,100.0
Jul'24,2024-07-01,FY_24-25,Reliance Retail Limited_FRFA,Direct,Reliance Retail,North,Lucknow_UPE,Mamaearth,30000.0,50000.0,100.0
Jul'24,2024-07-01,FY_24-25,Reliance Retail Limited_FRFB,Direct,Reliance Retail,East,Northeast-Assam,Mamaearth,60000.0,90000.0,100.0
Jul'24,2024-07-01,FY_24-25,Reliance Retail Limited_FRFD,Direct,Reliance Retail,East,Orissa,Mamaearth,50000.0,90000.0,100.0
Jul'24,2024-07-01,FY_24-25,Reliance Retail Limited_FRFK,Direct,Reliance Retail,North,Lucknow_UPE,Mamaearth,40000.0,60000.0,100.0
Jul'24,2024-07-01,FY_24-25,Reliance Retail Limited_FRFR,Direct,Reliance Retail,North,Uttarakhand,Mamaearth,40000.0,70000.0,100.0
Jul'24,2024-07-01,FY_24-25,Reliance Retail Limited_FRFU,Direct,Reliance Retail,East,Bihar,Mamaearth,50000.0,80000.0,100.0
Jul'24,2024-07-01,FY_24-25,Reliance Retail Limited_FRGC,Direct,Reliance Retail,North,Lucknow_UPE,Mamaearth,40000.0,70000.0,100.0
Jul'24,2024-07-01,FY_24-25,Reliance Retail Limited_FRGE,Direct,Reliance Retail,East,Nagaland,Mamaearth,50000.0,90000.0,100.0
Jul'24,2024-07-01,FY_24-25,Reliance Retail Limited_FRGF,Direct,Reliance Retail,North,Lucknow_UPE,Mamaearth,40000.0,60000.0,100.0
Jul'24,2024-07-01,FY_24-25,Reliance Retail Limited_FRGH,Direct,Reliance Retail,East,Northeast-Assam,Mamaearth,50000.0,90000.0,100.0
Jul'24,2024-07-01,FY_24-25,Reliance Retail Limited_FRGK,Direct,Reliance Retail,North,Jammu,Mamaearth,40000.0,70000.0,100.0
Jul'24,2024-07-01,FY_24-25,Reliance Retail Limited_FRGM,Direct,Reliance Retail,West,Chattishgarh,Mamaearth,50000.0,80000.0,100.0
Jul'24,2024-07-01,FY_24-25,Reliance Retail Limited_FRGW,Direct,Reliance Retail,North,Lucknow_UPE,Mamaearth,40000.0,70000.0,100.0
Jul'24,2024-07-01,FY_24-25,Reliance Retail Limited_FRHC,Direct,Reliance Retail,North,Lucknow_UPE,Mamaearth,30000.0,60000.0,100.0
Jul'24,2024-07-01,FY_24-25,Reliance Retail Limited_FRHF,Direct,Reliance Retail,North,Lucknow_UPE,Mamaearth,40000.0,70000.0,100.0
Jul'24,2024-07-01,FY_24-25,Reliance Retail Limited_FRHM,Direct,Reliance Retail,North,Madhya Pradesh,Mamaearth,40000.0,60000.0,100.0
Jul'24,2024-07-01,FY_24-25,Reliance Retail Limited_FRHR,Direct,Reliance Retail,North,Lucknow_UPE,Mamaearth,30000.0,50000.0,100.0
Jul'24,2024-07-01,FY_24-25,Reliance Retail Limited_Frhv,Direct,Reliance Retail,North,Lucknow_UPE,Aqualogica,80000.0,130000.0,100.0
Jul'24,2024-07-01,FY_24-25,Reliance Retail Limited_Frhv,Direct,Reliance Retail,North,Lucknow_UPE,Mamaearth,2220000.0,6480000.0,100.0
Jul'24,2024-07-01,FY_24-25,Reliance Retail Limited_Frhv,Direct,Reliance Retail,North,Lucknow_UPE,The Derma Co,140000.0,220000.0,100.0
Jul'24,2024-07-01,FY_24-25,RELIANCE RETAIL LIMITED_FRIA,Direct,Reliance Retail,East,Bihar,Aqualogica,20000.0,30000.0,100.0
Jul'24,2024-07-01,FY_24-25,RELIANCE RETAIL LIMITED_FRIA,Direct,Reliance Retail,East,Bihar,Mamaearth,3450000.0,8990000.0,100.0
Jul'24,2024-07-01,FY_24-25,RELIANCE RETAIL LIMITED_FRIA,Direct,Reliance Retail,East,Bihar,The Derma Co,10000.0,10000.0,100.0
Jul'24,2024-07-01,FY_24-25,Reliance Retail Limited_FRLF,Direct,Reliance Retail,East,West Bengal,Mamaearth,40000.0,60000.0,100.0
Jul'24,2024-07-01,FY_24-25,Reliance Retail Limited_S0IX,Direct,Reliance Retail,West,Pune,Aqualogica,170000.0,280000.0,100.0
Jul'24,2024-07-01,FY_24-25,Reliance Retail Limited_S0IX,Direct,Reliance Retail,West,Pune,Mamaearth,1230000.0,3060000.0,100.0
Jul'24,2024-07-01,FY_24-25,Reliance Retail Limited_S0IX,Direct,Reliance Retail,West,Pune,The Derma Co,160000.0,250000.0,100.0
Jul'24,2024-07-01,FY_24-25,Reliance Retail Limited_SAHO,Direct,Reliance Retail,South-1,Tamil Nadu,Mamaearth,570000.0,1570000.0,100.0
Jul'24,2024-07-01,FY_24-25,Reliance Retail Limited_SAOS,Direct,Reliance Retail,East,West Bengal,Aqualogica,40000.0,70000.0,100.0
Jul'24,2024-07-01,FY_24-25,Reliance Retail Limited_SAOS,Direct,Reliance Retail,East,West Bengal,Mamaearth,1590000.0,3850000.0,100.0
Jul'24,2024-07-01,FY_24-25,Reliance Retail Limited_SAOS,Direct,Reliance Retail,East,West Bengal,The Derma Co,-10000.0,-10000.0,100.0
Jul'24,2024-07-01,FY_24-25,Reliance Retail Limited_Sb01,Direct,Reliance Retail,West,Mumbai,Aqualogica,110000.0,180000.0,100.0
Jul'24,2024-07-01,FY_24-25,Reliance Retail Limited_Sb01,Direct,Reliance Retail,West,Mumbai,Mamaearth,1640000.0,4310000.0,100.0
Jul'24,2024-07-01,FY_24-25,Reliance Retail Limited_Sb01,Direct,Reliance Retail,West,Mumbai,The Derma Co,60000.0,100000.0,100.0
Jul'24,2024-07-01,FY_24-25,RELIANCE RETAIL LIMITED_SF52,Direct,Reliance Retail,South-1,Tamil Nadu,Mamaearth,100000.0,390000.0,100.0
Jul'24,2024-07-01,FY_24-25,Reliance Retail Limited_Sk8I,Direct,Reliance Retail,North,Uttarakhand,Mamaearth,550000.0,1450000.0,100.0
Jul'24,2024-07-01,FY_24-25,Reliance Retail Limited_SL6S,Direct,Reliance Retail,North,Rajasthan,Mamaearth,790000.0,2010000.0,100.0
Jul'24,2024-07-01,FY_24-25,Reliance Retail Limited_T62I,Direct,Reliance Retail,West,Chattishgarh,Mamaearth,50000.0,90000.0,100.0
Jul'24,2024-07-01,FY_24-25,Reliance Retail Limited_T913,Direct,Reliance Retail,North,UPW,Aqualogica,20000.0,40000.0,100.0
Jul'24,2024-07-01,FY_24-25,Reliance Retail Limited_T913,Direct,Reliance Retail,North,UPW,BBlunt,0.0,10000.0,100.0
Jul'24,2024-07-01,FY_24-25,Reliance Retail Limited_T913,Direct,Reliance Retail,North,UPW,Mamaearth,30000.0,40000.0,100.0
Jul'24,2024-07-01,FY_24-25,Reliance Retail Limited_T913,Direct,Reliance Retail,North,UPW,The Derma Co,20000.0,30000.0,100.0
Jul'24,2024-07-01,FY_24-25,Reliance Retail Limited_T946,Direct,Reliance Retail,North,Rajasthan,Mamaearth,30000.0,50000.0,100.0
Jul'24,2024-07-01,FY_24-25,Reliance Retail Limited_TB15,Direct,Reliance Retail,North,Madhya Pradesh,Mamaearth,30000.0,50000.0,100.0
Jul'24,2024-07-01,FY_24-25,Reliance Retail Limited_TCE7,Direct,Reliance Retail,East,Northeast-Assam,Mamaearth,40000.0,70000.0,100.0
Jul'24,2024-07-01,FY_24-25,Reliance Retail Limited_TDC7,Direct,Reliance Retail,East,Orissa,Mamaearth,40000.0,70000.0,100.0
Jul'24,2024-07-01,FY_24-25,Reliance Retail Limited_TDE3,Direct,Reliance Retail,West,Pune,Mamaearth,50000.0,90000.0,100.0
Jul'24,2024-07-01,FY_24-25,Reliance Retail Limited_TE57,Direct,Reliance Retail,North,Punjab,Mamaearth,30000.0,50000.0,100.0
Jul'24,2024-07-01,FY_24-25,Reliance Retail Limited_TFY8,Direct,Reliance Retail,North,Madhya Pradesh,Mamaearth,30000.0,50000.0,100.0
Jul'24,2024-07-01,FY_24-25,Reliance Retail Limited_TG87,Direct,Reliance Retail,South-1,Kerala,Mamaearth,50000.0,80000.0,100.0
Jul'24,2024-07-01,FY_24-25,Reliance Retail Limited_TH94,Direct,Reliance Retail,North,Rajasthan,Mamaearth,30000.0,60000.0,100.0
Jul'24,2024-07-01,FY_24-25,Reliance Retail Limited_TI77,Direct,Reliance Retail,North,UPW,Mamaearth,30000.0,50000.0,100.0
Jul'24,2024-07-01,FY_24-25,Reliance Retail Limited_TK48,Direct,Reliance Retail,East,Jharkhand,Mamaearth,40000.0,60000.0,100.0
Jul'24,2024-07-01,FY_24-25,Reliance Retail Limited_TMW7,Direct,Reliance Retail,West,Mumbai,Mamaearth,40000.0,60000.0,100.0
Jul'24,2024-07-01,FY_24-25,Reliance Retail Limited_TMZ5,Direct,Reliance Retail,East,West Bengal,Mamaearth,40000.0,70000.0,100.0
Jul'24,2024-07-01,FY_24-25,Reliance Retail Limited_TN55,Direct,Reliance Retail,East,West Bengal,Mamaearth,40000.0,70000.0,100.0
Jul'24,2024-07-01,FY_24-25,Reliance Retail Limited_TN56,Direct,Reliance Retail,East,Orissa,Mamaearth,40000.0,70000.0,100.0
Jul'24,2024-07-01,FY_24-25,Reliance Retail Limited_TNC1,Direct,Reliance Retail,North,Uttarakhand,Mamaearth,40000.0,70000.0,100.0
Jul'24,2024-07-01,FY_24-25,Reliance Retail Limited_TNC6,Direct,Reliance Retail,North,Punjab,Mamaearth,40000.0,70000.0,100.0
Jul'24,2024-07-01,FY_24-25,Reliance Retail Limited_TNC8,Direct,Reliance Retail,South-1,Karnataka,Mamaearth,40000.0,60000.0,100.0
Jul'24,2024-07-01,FY_24-25,Reliance Retail Limited_TND0,Direct,Reliance Retail,South-1,Karnataka,Mamaearth,50000.0,80000.0,100.0
Jul'24,2024-07-01,FY_24-25,Reliance Retail Limited_TNE3,Direct,Reliance Retail,North,Uttarakhand,Mamaearth,40000.0,60000.0,100.0
Jul'24,2024-07-01,FY_24-25,Reliance Retail Limited_TNP8,Direct,Reliance Retail,West,Pune,Mamaearth,50000.0,80000.0,100.0
Jul'24,2024-07-01,FY_24-25,Reliance Retail Limited_TO20,Direct,Reliance Retail,North,Madhya Pradesh,Mamaearth,30000.0,50000.0,100.0
Jul'24,2024-07-01,FY_24-25,Reliance Retail Limited_TOJ6,Direct,Reliance Retail,West,Mumbai,Mamaearth,30000.0,50000.0,100.0
Jul'24,2024-07-01,FY_24-25,Reliance Retail Limited_TP05,Direct,Reliance Retail,North,Haryana,Mamaearth,30000.0,60000.0,100.0
Jul'24,2024-07-01,FY_24-25,Reliance Retail Limited_TP75,Direct,Reliance Retail,North,Madhya Pradesh,Mamaearth,30000.0,50000.0,100.0
Jul'24,2024-07-01,FY_24-25,Reliance Retail Limited_TP76,Direct,Reliance Retail,North,Rajasthan,Mamaearth,40000.0,60000.0,100.0
Jul'24,2024-07-01,FY_24-25,Reliance Retail Limited_TQ21,Direct,Reliance Retail,West,Mumbai,Mamaearth,30000.0,50000.0,100.0
Jul'24,2024-07-01,FY_24-25,Reliance Retail Limited_TQ22,Direct,Reliance Retail,East,West Bengal,Mamaearth,40000.0,70000.0,100.0
Jul'24,2024-07-01,FY_24-25,Reliance Retail Limited_TU21,Direct,Reliance Retail,North,Delhi,Mamaearth,30000.0,50000.0,100.0
Jul'24,2024-07-01,FY_24-25,Reliance Retail Limited_TW60,Direct,Reliance Retail,East,Orissa,Mamaearth,40000.0,70000.0,100.0
Jul'24,2024-07-01,FY_24-25,Reliance Retail Limited_TY87,Direct,Reliance Retail,North,Rajasthan,Mamaearth,30000.0,50000.0,100.0
Jul'24,2024-07-01,FY_24-25,Reliance Retail Limited-2956,Direct,Reliance Retail,East,Jharkhand,Mamaearth,50000.0,80000.0,100.0
Jul'24,2024-07-01,FY_24-25,Reliance Retail Limited-6202,Direct,Reliance Retail,West,Gujarat,Aqualogica,0.0,0.0,100.0
Jul'24,2024-07-01,FY_24-25,Reliance Retail Limited-6202,Direct,Reliance Retail,West,Gujarat,BBlunt,0.0,10000.0,100.0
Jul'24,2024-07-01,FY_24-25,Reliance Retail Limited-6202,Direct,Reliance Retail,West,Gujarat,Mamaearth,50000.0,80000.0,100.0
Jul'24,2024-07-01,FY_24-25,Reliance Retail Limited-6202,Direct,Reliance Retail,West,Gujarat,The Derma Co,10000.0,10000.0,100.0
Jul'24,2024-07-01,FY_24-25,Reliance Retail Limited-6205,Direct,Reliance Retail,North,Haryana,Aqualogica,20000.0,30000.0,100.0
Jul'24,2024-07-01,FY_24-25,Reliance Retail Limited-6205,Direct,Reliance Retail,North,Haryana,Mamaearth,50000.0,80000.0,100.0
Jul'24,2024-07-01,FY_24-25,Reliance Retail Limited-6205,Direct,Reliance Retail,North,Haryana,The Derma Co,30000.0,50000.0,100.0
Jul'24,2024-07-01,FY_24-25,Reliance Retail Limited-6206,Direct,Reliance Retail,East,Jharkhand,Mamaearth,50000.0,80000.0,100.0
Jul'24,2024-07-01,FY_24-25,Reliance Retail Limited-6208,Direct,Reliance Retail,West,Pune,Mamaearth,50000.0,80000.0,100.0
Jul'24,2024-07-01,FY_24-25,Reliance Retail Limited-6210,Direct,Reliance Retail,West,Mumbai,Mamaearth,40000.0,70000.0,100.0
Jul'24,2024-07-01,FY_24-25,Reliance Retail Limited-6217,Direct,Reliance Retail,West,Mumbai,Mamaearth,70000.0,130000.0,100.0
Jul'24,2024-07-01,FY_24-25,Reliance Retail Limited-6219,Direct,Reliance Retail,West,Pune,Mamaearth,40000.0,70000.0,100.0
Jul'24,2024-07-01,FY_24-25,Reliance Retail Limited-6220,Direct,Reliance Retail,West,Mumbai,Aqualogica,40000.0,70000.0,100.0
Jul'24,2024-07-01,FY_24-25,Reliance Retail Limited-6220,Direct,Reliance Retail,West,Mumbai,Mamaearth,30000.0,60000.0,100.0
Jul'24,2024-07-01,FY_24-25,Reliance Retail Limited-6225,Direct,Reliance Retail,South-1,Karnataka,Mamaearth,40000.0,60000.0,100.0
Jul'24,2024-07-01,FY_24-25,Reliance Retail Limited-6239,Direct,Reliance Retail,North,Delhi,Aqualogica,0.0,10000.0,100.0
Jul'24,2024-07-01,FY_24-25,Reliance Retail Limited-6239,Direct,Reliance Retail,North,Delhi,Mamaearth,60000.0,100000.0,100.0
Jul'24,2024-07-01,FY_24-25,Reliance Retail Limited-6239,Direct,Reliance Retail,North,Delhi,The Derma Co,10000.0,10000.0,100.0
Jul'24,2024-07-01,FY_24-25,RELIANCE RETAIL LIMITED-Badli,Direct,Reliance Retail,North,Haryana,Aqualogica,30000.0,40000.0,100.0
Jul'24,2024-07-01,FY_24-25,RELIANCE RETAIL LIMITED-Badli,Direct,Reliance Retail,North,Haryana,Mamaearth,1820000.0,4640000.0,100.0
Jul'24,2024-07-01,FY_24-25,RELIANCE RETAIL LIMITED-Badli,Direct,Reliance Retail,North,Haryana,The Derma Co,110000.0,180000.0,100.0
Jul'24,2024-07-01,FY_24-25,Reliance Retail Limited-FR04,Direct,Reliance Retail,West,Mumbai,Mamaearth,30000.0,60000.0,100.0
Jul'24,2024-07-01,FY_24-25,Reliance Retail Limited-FR08,Direct,Reliance Retail,West,Mumbai,Mamaearth,40000.0,70000.0,100.0
Jul'24,2024-07-01,FY_24-25,Reliance Retail Limited-FR15,Direct,Reliance Retail,West,Mumbai,Mamaearth,40000.0,60000.0,100.0
Jul'24,2024-07-01,FY_24-25,Reliance Retail Limited-FR22,Direct,Reliance Retail,West,Mumbai,Mamaearth,40000.0,60000.0,100.0
Jul'24,2024-07-01,FY_24-25,Reliance Retail Limited-FR45,Direct,Reliance Retail,South-1,Karnataka,Aqualogica,100000.0,170000.0,100.0
Jul'24,2024-07-01,FY_24-25,Reliance Retail Limited-FR45,Direct,Reliance Retail,South-1,Karnataka,BBlunt,30000.0,50000.0,100.0
Jul'24,2024-07-01,FY_24-25,Reliance Retail Limited-FR45,Direct,Reliance Retail,South-1,Karnataka,The Derma Co,90000.0,140000.0,100.0
Jul'24,2024-07-01,FY_24-25,Reliance Retail Limited-FR63,Direct,Reliance Retail,East,Orissa,Mamaearth,40000.0,70000.0,100.0
Jul'24,2024-07-01,FY_24-25,Reliance Retail Limited-FR73,Direct,Reliance Retail,East,West Bengal,Mamaearth,60000.0,90000.0,100.0
Jul'24,2024-07-01,FY_24-25,Reliance Retail Limited-FRAR,Direct,Reliance Retail,East,Jharkhand,Mamaearth,50000.0,90000.0,100.0
Jul'24,2024-07-01,FY_24-25,Reliance Retail Limited-FRAU,Direct,Reliance Retail,East,Jharkhand,Mamaearth,50000.0,80000.0,100.0
Jul'24,2024-07-01,FY_24-25,Reliance Retail Limited-FRCA,Direct,Reliance Retail,East,West Bengal,Mamaearth,40000.0,70000.0,100.0
Jul'24,2024-07-01,FY_24-25,Reliance Retail Limited-FRCB,Direct,Reliance Retail,East,West Bengal,Mamaearth,40000.0,70000.0,100.0
Jul'24,2024-07-01,FY_24-25,Reliance Retail Limited-FRCC,Direct,Reliance Retail,East,West Bengal,Mamaearth,30000.0,50000.0,100.0
Jul'24,2024-07-01,FY_24-25,Reliance Retail Limited-FRCF,Direct,Reliance Retail,East,West Bengal,Mamaearth,30000.0,50000.0,100.0
Jul'24,2024-07-01,FY_24-25,Reliance Retail Limited-FRCK,Direct,Reliance Retail,East,West Bengal,Mamaearth,40000.0,70000.0,100.0
Jul'24,2024-07-01,FY_24-25,Reliance Retail Limited-FRCO,Direct,Reliance Retail,North,Haryana,Mamaearth,40000.0,70000.0,100.0
Jul'24,2024-07-01,FY_24-25,Reliance Retail Limited-FRCX,Direct,Reliance Retail,North,Delhi,Aqualogica,20000.0,30000.0,100.0
Jul'24,2024-07-01,FY_24-25,Reliance Retail Limited-FRCX,Direct,Reliance Retail,North,Delhi,Mamaearth,60000.0,100000.0,100.0
Jul'24,2024-07-01,FY_24-25,Reliance Retail Limited-FRCX,Direct,Reliance Retail,North,Delhi,The Derma Co,30000.0,50000.0,100.0
Jul'24,2024-07-01,FY_24-25,Reliance Retail Limited-FRDF,Direct,Reliance Retail,North,UPW,Mamaearth,30000.0,60000.0,100.0
Jul'24,2024-07-01,FY_24-25,Reliance Retail Limited-FRDY,Direct,Reliance Retail,West,Gujarat,Mamaearth,60000.0,90000.0,100.0
Jul'24,2024-07-01,FY_24-25,Reliance Retail Limited-FRDZ,Direct,Reliance Retail,West,Gujarat,Mamaearth,50000.0,80000.0,100.0
Jul'24,2024-07-01,FY_24-25,Reliance Retail Limited-FREB,Direct,Reliance Retail,West,Gujarat,Mamaearth,60000.0,110000.0,100.0
Jul'24,2024-07-01,FY_24-25,RELIANCE RETAIL LIMITED-FREC,Direct,Reliance Retail,South-1,Karnataka,Aqualogica,20000.0,30000.0,100.0
Jul'24,2024-07-01,FY_24-25,RELIANCE RETAIL LIMITED-FREC,Direct,Reliance Retail,South-1,Karnataka,Mamaearth,3300000.0,8390000.0,100.0
Jul'24,2024-07-01,FY_24-25,RELIANCE RETAIL LIMITED-FREC,Direct,Reliance Retail,South-1,Karnataka,The Derma Co,-30000.0,-40000.0,100.0
Jul'24,2024-07-01,FY_24-25,RELIANCE RETAIL LIMITED-FREF,Direct,Reliance Retail,South-1,Tamil Nadu,Mamaearth,1090000.0,2970000.0,100.0
Jul'24,2024-07-01,FY_24-25,RELIANCE RETAIL LIMITED-FREI,Direct,Reliance Retail,South-2,Telangana,Mamaearth,190000.0,400000.0,100.0
Jul'24,2024-07-01,FY_24-25,Reliance Retail Limited-FRFC,Direct,Reliance Retail,East,Northeast-Assam,Mamaearth,50000.0,90000.0,100.0
Jul'24,2024-07-01,FY_24-25,Reliance Retail Limited-FRFH,Direct,Reliance Retail,East,Tripura,Mamaearth,60000.0,90000.0,100.0
Jul'24,2024-07-01,FY_24-25,Reliance Retail Limited-FRGS,Direct,Reliance Retail,East,Bihar,Mamaearth,50000.0,80000.0,100.0
Jul'24,2024-07-01,FY_24-25,Reliance Retail Limited-FRHK,Direct,Reliance Retail,East,Northeast-Assam,Mamaearth,60000.0,90000.0,100.0
Jul'24,2024-07-01,FY_24-25,Reliance Retail Limited-FRHT,Direct,Reliance Retail,East,Bihar,Mamaearth,50000.0,80000.0,100.0
Jul'24,2024-07-01,FY_24-25,Reliance Retail Limited-S0GK,Direct,Reliance Retail,South-1,Kerala,Mamaearth,1060000.0,2840000.0,100.0
Jul'24,2024-07-01,FY_24-25,Reliance Retail Limited-S0IL,Direct,Reliance Retail,South-2,Telangana,Mamaearth,240000.0,560000.0,100.0
Jul'24,2024-07-01,FY_24-25,Reliance Retail Limited-S0KN,Direct,Reliance Retail,South-1,Karnataka,Aqualogica,50000.0,70000.0,100.0
Jul'24,2024-07-01,FY_24-25,Reliance Retail Limited-S0KN,Direct,Reliance Retail,South-1,Karnataka,Mamaearth,1020000.0,2600000.0,100.0
Jul'24,2024-07-01,FY_24-25,Reliance Retail Limited-S0KN,Direct,Reliance Retail,South-1,Karnataka,The Derma Co,120000.0,200000.0,100.0
Jul'24,2024-07-01,FY_24-25,Reliance Retail Limited-SAAH,Direct,Reliance Retail,North,UPW,Aqualogica,20000.0,30000.0,100.0
Jul'24,2024-07-01,FY_24-25,Reliance Retail Limited-SAAH,Direct,Reliance Retail,North,UPW,Mamaearth,2410000.0,6720000.0,100.0
Jul'24,2024-07-01,FY_24-25,Reliance Retail Limited-SAAH,Direct,Reliance Retail,North,UPW,The Derma Co,10000.0,10000.0,100.0
Jul'24,2024-07-01,FY_24-25,RELIANCE RETAIL LIMITED-SF92,Direct,Reliance Retail,East,West Bengal,Aqualogica,150000.0,240000.0,100.0
Jul'24,2024-07-01,FY_24-25,RELIANCE RETAIL LIMITED-SF92,Direct,Reliance Retail,East,West Bengal,Mamaearth,4680000.0,11920000.0,100.0
Jul'24,2024-07-01,FY_24-25,RELIANCE RETAIL LIMITED-SF92,Direct,Reliance Retail,East,West Bengal,The Derma Co,20000.0,30000.0,100.0
Jul'24,2024-07-01,FY_24-25,RELIANCE RETAIL LIMITED-SH65,Direct,Reliance Retail,West,Pune,Aqualogica,40000.0,70000.0,100.0
Jul'24,2024-07-01,FY_24-25,RELIANCE RETAIL LIMITED-SH65,Direct,Reliance Retail,West,Pune,Mamaearth,2190000.0,5450000.0,100.0
Jul'24,2024-07-01,FY_24-25,RELIANCE RETAIL LIMITED-SH65,Direct,Reliance Retail,West,Pune,The Derma Co,50000.0,80000.0,100.0
Jul'24,2024-07-01,FY_24-25,RELIANCE RETAIL LIMITED-SH69,Direct,Reliance Retail,North,Haryana,Mamaearth,1360000.0,3450000.0,100.0
Jul'24,2024-07-01,FY_24-25,RELIANCE RETAIL LIMITED-SH69,Direct,Reliance Retail,North,Haryana,The Derma Co,20000.0,30000.0,100.0
Jul'24,2024-07-01,FY_24-25,RELIANCE RETAIL LIMITED-SH71,Direct,Reliance Retail,North,Madhya Pradesh,Aqualogica,80000.0,130000.0,100.0
Jul'24,2024-07-01,FY_24-25,RELIANCE RETAIL LIMITED-SH71,Direct,Reliance Retail,North,Madhya Pradesh,Mamaearth,1860000.0,4500000.0,100.0
Jul'24,2024-07-01,FY_24-25,RELIANCE RETAIL LIMITED-SH71,Direct,Reliance Retail,North,Madhya Pradesh,The Derma Co,160000.0,270000.0,100.0
Jul'24,2024-07-01,FY_24-25,Reliance Retail Limited-SH77,Direct,Reliance Retail,South-1,Kerala,Mamaearth,600000.0,1780000.0,100.0
Jul'24,2024-07-01,FY_24-25,Reliance Retail Limited-SK6I,Direct,Reliance Retail,West,Gujarat,Aqualogica,20000.0,30000.0,100.0
Jul'24,2024-07-01,FY_24-25,Reliance Retail Limited-SK6I,Direct,Reliance Retail,West,Gujarat,Mamaearth,950000.0,2520000.0,100.0
Jul'24,2024-07-01,FY_24-25,Reliance Retail Limited-SLET,Direct,Reliance Retail,East,Bihar,Mamaearth,620000.0,1730000.0,100.0
Jul'24,2024-07-01,FY_24-25,Reliance Retail Limited-SLG3,Direct,Reliance Retail,South-1,Tamil Nadu,Aqualogica,140000.0,220000.0,100.0
Jul'24,2024-07-01,FY_24-25,Reliance Retail Limited-SLG3,Direct,Reliance Retail,South-1,Tamil Nadu,Mamaearth,1820000.0,4380000.0,100.0
Jul'24,2024-07-01,FY_24-25,Reliance Retail Limited-SLG3,Direct,Reliance Retail,South-1,Tamil Nadu,The Derma Co,210000.0,340000.0,100.0
Jul'24,2024-07-01,FY_24-25,RELIANCE RETAIL LIMITED-SLIG,Direct,Reliance Retail,East,Northeast-Assam,Aqualogica,130000.0,210000.0,100.0
Jul'24,2024-07-01,FY_24-25,RELIANCE RETAIL LIMITED-SLIG,Direct,Reliance Retail,East,Northeast-Assam,Mamaearth,2860000.0,7640000.0,100.0
Jul'24,2024-07-01,FY_24-25,RELIANCE RETAIL LIMITED-SLIG,Direct,Reliance Retail,East,Northeast-Assam,The Derma Co,110000.0,180000.0,100.0
Jul'24,2024-07-01,FY_24-25,RELIANCE RETAIL LIMITED-SLII,Direct,Reliance Retail,North,Lucknow_UPE,Mamaearth,410000.0,1150000.0,100.0
Jul'24,2024-07-01,FY_24-25,Reliance Retail Limited-Slmr,Direct,Reliance Retail,East,Orissa,Mamaearth,860000.0,2190000.0,100.0
Jul'24,2024-07-01,FY_24-25,Reliance Retail Limited-SLS1,Direct,Reliance Retail,South-1,Tamil Nadu,Aqualogica,60000.0,90000.0,100.0
Jul'24,2024-07-01,FY_24-25,Reliance Retail Limited-SLS1,Direct,Reliance Retail,South-1,Tamil Nadu,Mamaearth,1560000.0,3870000.0,100.0
Jul'24,2024-07-01,FY_24-25,Reliance Retail Limited-SLS1,Direct,Reliance Retail,South-1,Tamil Nadu,The Derma Co,0.0,0.0,100.0
Jul'24,2024-07-01,FY_24-25,Reliance Retail Limited-SLS2,Direct,Reliance Retail,South-2,Andhra Pradesh,Mamaearth,270000.0,750000.0,100.0
Jul'24,2024-07-01,FY_24-25,Reliance Retail Limited-SN1U,Direct,Reliance Retail,East,West Bengal,Mamaearth,790000.0,2060000.0,100.0
Jul'24,2024-07-01,FY_24-25,Reliance Retail Limited-SP9K,Direct,Reliance Retail,West,Pune,Aqualogica,20000.0,30000.0,100.0
Jul'24,2024-07-01,FY_24-25,Reliance Retail Limited-SP9K,Direct,Reliance Retail,West,Pune,Mamaearth,560000.0,1510000.0,100.0
Jul'24,2024-07-01,FY_24-25,Reliance Retail Limited-T2DI,Direct,Reliance Retail,South-1,Karnataka,Aqualogica,50000.0,80000.0,100.0
Jul'24,2024-07-01,FY_24-25,Reliance Retail Limited-T2DI,Direct,Reliance Retail,South-1,Karnataka,BBlunt,30000.0,50000.0,100.0
Jul'24,2024-07-01,FY_24-25,Reliance Retail Limited-T2DI,Direct,Reliance Retail,South-1,Karnataka,The Derma Co,60000.0,100000.0,100.0
Jul'24,2024-07-01,FY_24-25,Reliance Retail Limited-T84L,Direct,Reliance Retail,West,Gujarat,Mamaearth,40000.0,70000.0,100.0
Jul'24,2024-07-01,FY_24-25,Reliance Retail Limited-T915,Direct,Reliance Retail,North,UPW,Mamaearth,20000.0,30000.0,100.0
Jul'24,2024-07-01,FY_24-25,Reliance Retail Limited-TA36,Direct,Reliance Retail,South-1,Tamil Nadu,Aqualogica,50000.0,80000.0,100.0
Jul'24,2024-07-01,FY_24-25,Reliance Retail Limited-TA36,Direct,Reliance Retail,South-1,Tamil Nadu,BBlunt,10000.0,20000.0,100.0
Jul'24,2024-07-01,FY_24-25,Reliance Retail Limited-TA36,Direct,Reliance Retail,South-1,Tamil Nadu,The Derma Co,60000.0,90000.0,100.0
Jul'24,2024-07-01,FY_24-25,Reliance Retail Limited-TAFW,Direct,Reliance Retail,West,Mumbai,Mamaearth,40000.0,80000.0,100.0
Jul'24,2024-07-01,FY_24-25,Reliance Retail Limited-TAUX,Direct,Reliance Retail,West,Gujarat,Mamaearth,40000.0,70000.0,100.0
Jul'24,2024-07-01,FY_24-25,Reliance Retail Limited-TH93,Direct,Reliance Retail,East,Orissa,Mamaearth,50000.0,90000.0,100.0
Jul'24,2024-07-01,FY_24-25,Reliance Retail Limited-TIU6,Direct,Reliance Retail,East,Jharkhand,Mamaearth,40000.0,60000.0,100.0
Jul'24,2024-07-01,FY_24-25,Reliance Retail Limited-TL30,Direct,Reliance Retail,North,Delhi,Aqualogica,0.0,0.0,100.0
Jul'24,2024-07-01,FY_24-25,Reliance Retail Limited-TL30,Direct,Reliance Retail,North,Delhi,Mamaearth,30000.0,40000.0,100.0
Jul'24,2024-07-01,FY_24-25,Reliance Retail Limited-Tna8,Direct,Reliance Retail,West,Gujarat,Mamaearth,40000.0,70000.0,100.0
Jul'24,2024-07-01,FY_24-25,Reliance Retail Limited-TNB5,Direct,Reliance Retail,West,Gujarat,Mamaearth,50000.0,80000.0,100.0
Jul'24,2024-07-01,FY_24-25,Reliance Retail Limited-TNC2,Direct,Reliance Retail,South-1,Tamil Nadu,Aqualogica,60000.0,90000.0,100.0
Jul'24,2024-07-01,FY_24-25,Reliance Retail Limited-TNC2,Direct,Reliance Retail,South-1,Tamil Nadu,BBlunt,40000.0,70000.0,100.0
Jul'24,2024-07-01,FY_24-25,Reliance Retail Limited-TNC2,Direct,Reliance Retail,South-1,Tamil Nadu,The Derma Co,90000.0,140000.0,100.0
Jul'24,2024-07-01,FY_24-25,Reliance Retail Limited-TNC7,Direct,Reliance Retail,North,Punjab,Aqualogica,0.0,10000.0,100.0
Jul'24,2024-07-01,FY_24-25,Reliance Retail Limited-TNC7,Direct,Reliance Retail,North,Punjab,BBlunt,30000.0,40000.0,100.0
Jul'24,2024-07-01,FY_24-25,Reliance Retail Limited-TNC7,Direct,Reliance Retail,North,Punjab,Mamaearth,50000.0,80000.0,100.0
Jul'24,2024-07-01,FY_24-25,Reliance Retail Limited-TNC7,Direct,Reliance Retail,North,Punjab,The Derma Co,30000.0,50000.0,100.0
Jul'24,2024-07-01,FY_24-25,Reliance Retail Limited-TND1,Direct,Reliance Retail,West,Gujarat,Mamaearth,40000.0,70000.0,100.0
Jul'24,2024-07-01,FY_24-25,Reliance Retail Limited-TND2,Direct,Reliance Retail,South-1,Tamil Nadu,Aqualogica,60000.0,90000.0,100.0
Jul'24,2024-07-01,FY_24-25,Reliance Retail Limited-TND2,Direct,Reliance Retail,South-1,Tamil Nadu,BBlunt,40000.0,70000.0,100.0
Jul'24,2024-07-01,FY_24-25,Reliance Retail Limited-TND2,Direct,Reliance Retail,South-1,Tamil Nadu,The Derma Co,90000.0,150000.0,100.0
Jul'24,2024-07-01,FY_24-25,Reliance Retail Limited-Tnd5,Direct,Reliance Retail,West,Gujarat,Mamaearth,50000.0,80000.0,100.0
Jul'24,2024-07-01,FY_24-25,Reliance Retail Limited-TW11,Direct,Reliance Retail,North,Delhi,Mamaearth,30000.0,50000.0,100.0
Jul'24,2024-07-01,FY_24-25,Reliance Retail Limited-TZL5,Direct,Reliance Retail,East,Bihar,Mamaearth,40000.0,70000.0,100.0
Jul'24,2024-07-01,FY_24-25,Reliance Retail Limited-ZZI0-B,Direct,Reliance Retail,South-1,Kerala,Mamaearth,120000.0,260000.0,100.0
Jul'24,2024-07-01,FY_24-25,Reliance Retail Ltd _Madhavaram- TNB8,Direct,Reliance Retail,South-1,Tamil Nadu,Mamaearth,40000.0,70000.0,100.0
Jul'24,2024-07-01,FY_24-25,Reliance Retail Ltd _Mysore_2994,Direct,Reliance Retail,South-1,Karnataka,Mamaearth,40000.0,60000.0,100.0
Jul'24,2024-07-01,FY_24-25,Reliance Retail Ltd _RAJAJI NAGAR- FR49,Direct,Reliance Retail,South-1,Karnataka,Aqualogica,50000.0,70000.0,100.0
Jul'24,2024-07-01,FY_24-25,Reliance Retail Ltd _RAJAJI NAGAR- FR49,Direct,Reliance Retail,South-1,Karnataka,BBlunt,10000.0,10000.0,100.0
Jul'24,2024-07-01,FY_24-25,Reliance Retail Ltd _RAJAJI NAGAR- FR49,Direct,Reliance Retail,South-1,Karnataka,Mamaearth,30000.0,60000.0,100.0
Jul'24,2024-07-01,FY_24-25,Reliance Retail Ltd _RAJAJI NAGAR- FR49,Direct,Reliance Retail,South-1,Karnataka,The Derma Co,40000.0,70000.0,100.0
Jul'24,2024-07-01,FY_24-25,Reliance Retail Ltd_Davanagere- TNC0,Direct,Reliance Retail,South-1,Karnataka,Mamaearth,40000.0,70000.0,100.0
Jul'24,2024-07-01,FY_24-25,Reliance Retail Ltd_Hubballi_2997,Direct,Reliance Retail,South-1,Karnataka,Mamaearth,40000.0,70000.0,100.0
Jul'24,2024-07-01,FY_24-25,Reliance Retail Ltd_Nagercoil- 3338,Direct,Reliance Retail,South-1,Tamil Nadu,Mamaearth,50000.0,80000.0,100.0
Jul'24,2024-07-01,FY_24-25,RELIANCE RETAIL Ltd-SK6C,Direct,Reliance Retail,West,Gujarat,Aqualogica,120000.0,190000.0,100.0
Jul'24,2024-07-01,FY_24-25,RELIANCE RETAIL Ltd-SK6C,Direct,Reliance Retail,West,Gujarat,Mamaearth,2220000.0,5640000.0,100.0
Jul'24,2024-07-01,FY_24-25,RELIANCE RETAIL Ltd-SK6C,Direct,Reliance Retail,West,Gujarat,The Derma Co,10000.0,10000.0,100.0
Jul'24,2024-07-01,FY_24-25,RELIANCE RETAIL Ltd-SLEW,Direct,Reliance Retail,West,Chattishgarh,Aqualogica,200000.0,320000.0,100.0
Jul'24,2024-07-01,FY_24-25,RELIANCE RETAIL Ltd-SLEW,Direct,Reliance Retail,West,Chattishgarh,Mamaearth,1740000.0,4660000.0,100.0
Jul'24,2024-07-01,FY_24-25,RELIANCE RETAIL Ltd-SLEW,Direct,Reliance Retail,West,Chattishgarh,The Derma Co,60000.0,100000.0,100.0
Jul'24,2024-07-01,FY_24-25,Travel News Services India Pvt Ltd(Wb),Direct,WH-Smith,East,West Bengal,Aqualogica,0.0,10000.0,100.0
Jul'24,2024-07-01,FY_24-25,Travel News Services India Pvt Ltd(Wb),Direct,WH-Smith,East,West Bengal,Mamaearth,50000.0,90000.0,100.0
Jul'24,2024-07-01,FY_24-25,Travel Retail Services Pvt Ltd_Blr,Direct,Relay,South-1,Karnataka,Mamaearth,20000.0,50000.0,100.0
Jul'24,2024-07-01,FY_24-25,Travel Retail Services Pvt Ltd_Blr,Direct,Relay,South-1,Karnataka,The Derma Co,10000.0,10000.0,100.0
Jul'24,2024-07-01,FY_24-25,Trent Hypermarket Private Limited_Blr,Direct,Trent,South-1,Karnataka,Mamaearth,90000.0,160000.0,100.0
Jul'24,2024-07-01,FY_24-25,Trent Hypermarket Private Limited_Mah,Direct,Trent,West,Mumbai,Mamaearth,330000.0,560000.0,100.0
Jul'24,2024-07-01,FY_24-25,Wal-Mart India Private Limited 4702,Direct,Walmart CNC,North,Punjab,Mamaearth,50000.0,110000.0,100.0
Jul'24,2024-07-01,FY_24-25,Wal-Mart India Private Limited 4703,Direct,Walmart CNC,North,Punjab,Mamaearth,180000.0,350000.0,100.0
Jul'24,2024-07-01,FY_24-25,Wal-Mart India Private Limited 4706,Direct,Walmart CNC,North,Punjab,Mamaearth,90000.0,170000.0,100.0
Jul'24,2024-07-01,FY_24-25,Wal-Mart India Private Limited 4712,Direct,Walmart CNC,North,Madhya Pradesh,Mamaearth,80000.0,150000.0,100.0
Jul'24,2024-07-01,FY_24-25,Wal-Mart India Private Limited 4713,Direct,Walmart CNC,North,Rajasthan,Mamaearth,80000.0,150000.0,100.0
Jul'24,2024-07-01,FY_24-25,Wal-Mart India Private Limited 4716,Direct,Walmart CNC,West,Chattishgarh,Mamaearth,200000.0,370000.0,100.0
Jul'24,2024-07-01,FY_24-25,Wal-Mart India Private Limited 4717,Direct,Walmart CNC,North,Punjab,Mamaearth,10000.0,10000.0,100.0
Jul'24,2024-07-01,FY_24-25,Wal-Mart India Private Limited 4719,Direct,Walmart CNC,North,Jammu,Mamaearth,210000.0,400000.0,100.0
Jul'24,2024-07-01,FY_24-25,Wal-Mart India Private Limited 4720,Direct,Walmart CNC,North,UPW,Mamaearth,120000.0,240000.0,100.0
Jul'24,2024-07-01,FY_24-25,Wal-Mart India Private Limited 4723,Direct,Walmart CNC,North,Lucknow_UPE,Mamaearth,60000.0,120000.0,100.0
Jul'24,2024-07-01,FY_24-25,Wal-Mart India Private Limited 4724,Direct,Walmart CNC,West,Pune,Mamaearth,60000.0,120000.0,100.0
Jul'24,2024-07-01,FY_24-25,Wal-Mart India Private Limited 4725,Direct,Walmart CNC,South-2,Andhra Pradesh,Mamaearth,60000.0,120000.0,100.0
Jul'24,2024-07-01,FY_24-25,Wal-Mart India Private Limited 4727,Direct,Walmart CNC,North,Lucknow_UPE,Mamaearth,170000.0,330000.0,100.0
Jul'24,2024-07-01,FY_24-25,Wal-Mart India Private Limited 4729,Direct,Walmart CNC,North,Madhya Pradesh,Mamaearth,50000.0,90000.0,100.0
Jul'24,2024-07-01,FY_24-25,Wal-Mart India Private Limited 4734,Direct,Walmart CNC,South-2,Telangana,Mamaearth,100000.0,200000.0,100.0
Jul'24,2024-07-01,FY_24-25,Wal-Mart India Private Limited 4742,Direct,Walmart CNC,South-2,Andhra Pradesh,Mamaearth,10000.0,10000.0,100.0
Jul'24,2024-07-01,FY_24-25,Wal-Mart India Private Limited 4744,Direct,Walmart CNC,West,Pune,Mamaearth,30000.0,60000.0,100.0
Jul'24,2024-07-01,FY_24-25,Wal-Mart India Private Limited 4760,Direct,Walmart CNC,North,Madhya Pradesh,Mamaearth,120000.0,240000.0,100.0
Jul'24,2024-07-01,FY_24-25,Wal-Mart India Private Limited 4797,Direct,Walmart CNC,North,Lucknow_UPE,Mamaearth,140000.0,260000.0,100.0
Jul'24,2024-07-01,FY_24-25,Wal-Mart India Private Limited 4799,Direct,Walmart CNC,South-2,Andhra Pradesh,Mamaearth,130000.0,240000.0,100.0
Jul'24,2024-07-01,FY_24-25,Wal-Mart India Private Limited 4801,Direct,Walmart CNC,North,Punjab,Mamaearth,30000.0,60000.0,100.0
Jul'24,2024-07-01,FY_24-25,Wal-Mart India Private Limited 4803,Direct,Walmart CNC,North,Madhya Pradesh,Mamaearth,20000.0,30000.0,100.0
Jul'24,2024-07-01,FY_24-25,Wal-Mart India Private Limited 4805,Direct,Walmart CNC,South-2,Andhra Pradesh,Mamaearth,120000.0,230000.0,100.0
Jul'24,2024-07-01,FY_24-25,Wal-Mart India Private Limited 4814,Direct,Walmart CNC,South-2,Andhra Pradesh,Mamaearth,80000.0,150000.0,100.0
Jul'24,2024-07-01,FY_24-25,Wellness Forever Medicare Pvt Ltd,Direct,Wellness Forever,West,Mumbai,Aqualogica,210000.0,360000.0,100.0
Jul'24,2024-07-01,FY_24-25,Wellness Forever Medicare Pvt Ltd,Direct,Wellness Forever,West,Mumbai,BBlunt,180000.0,270000.0,100.0
Jul'24,2024-07-01,FY_24-25,Wellness Forever Medicare Pvt Ltd,Direct,Wellness Forever,West,Mumbai,Mamaearth,3520000.0,5920000.0,100.0
Jul'24,2024-07-01,FY_24-25,Wellness Forever Medicare Pvt Ltd,Direct,Wellness Forever,West,Mumbai,The Derma Co,4270000.0,7190000.0,100.0
Jul'24,2024-07-01,FY_24-25,Aggarwal Associates,Dist.,VMM,North,Punjab,Mamaearth,2470000.0,5500000.0,100.0
Jul'24,2024-07-01,FY_24-25,Arc Foods And Beverages_Mt_H&G,Dist.,H&G,South-1,Tamil Nadu,Aqualogica,60000.0,110000.0,100.0
Jul'24,2024-07-01,FY_24-25,Arc Foods And Beverages_Mt_H&G,Dist.,Apollo Healthco,South-1,Tamil Nadu,Aqualogica,0.0,10000.0,0.0
Jul'24,2024-07-01,FY_24-25,Arc Foods And Beverages_Mt_H&G,Dist.,H&G,South-1,Tamil Nadu,BBlunt,140000.0,220000.0,100.0
Jul'24,2024-07-01,FY_24-25,Arc Foods And Beverages_Mt_H&G,Dist.,Apollo Healthco,South-1,Tamil Nadu,Mamaearth,290000.0,540000.0,41.43
Jul'24,2024-07-01,FY_24-25,Arc Foods And Beverages_Mt_H&G,Dist.,H&G,South-1,Tamil Nadu,Mamaearth,410000.0,750000.0,58.57
Jul'24,2024-07-01,FY_24-25,Arc Foods And Beverages_Mt_H&G,Dist.,H&G,South-1,Tamil Nadu,The Derma Co,180000.0,330000.0,94.74
Jul'24,2024-07-01,FY_24-25,Arc Foods And Beverages_Mt_H&G,Dist.,Apollo Healthco,South-1,Tamil Nadu,The Derma Co,10000.0,30000.0,5.26
Jul'24,2024-07-01,FY_24-25,Az Enterprises(Apollo/More)Mt,Dist.,Apollo Healthco,South-1,Karnataka,Aqualogica,0.0,10000.0,0.0
Jul'24,2024-07-01,FY_24-25,Az Enterprises(Apollo/More)Mt,Dist.,H&G,South-1,Karnataka,Aqualogica,150000.0,250000.0,100.0
Jul'24,2024-07-01,FY_24-25,Az Enterprises(Apollo/More)Mt,Dist.,H&G,South-1,Karnataka,BBlunt,240000.0,430000.0,85.71
Jul'24,2024-07-01,FY_24-25,Az Enterprises(Apollo/More)Mt,Dist.,B&N,South-1,Karnataka,BBlunt,40000.0,80000.0,14.29
Jul'24,2024-07-01,FY_24-25,Az Enterprises(Apollo/More)Mt,Dist.,Apollo Healthco,South-1,Karnataka,Mamaearth,2250000.0,4410000.0,58.29
Jul'24,2024-07-01,FY_24-25,Az Enterprises(Apollo/More)Mt,Dist.,Lulu,South-1,Karnataka,Mamaearth,150000.0,290000.0,3.89
Jul'24,2024-07-01,FY_24-25,Az Enterprises(Apollo/More)Mt,Dist.,VMM,South-1,Karnataka,Mamaearth,540000.0,1060000.0,13.99
Jul'24,2024-07-01,FY_24-25,Az Enterprises(Apollo/More)Mt,Dist.,Frankross,South-1,Karnataka,Mamaearth,10000.0,20000.0,0.26
Jul'24,2024-07-01,FY_24-25,Az Enterprises(Apollo/More)Mt,Dist.,Max Hyper,South-1,Karnataka,Mamaearth,50000.0,100000.0,1.3
Jul'24,2024-07-01,FY_24-25,Az Enterprises(Apollo/More)Mt,Dist.,H&G,South-1,Karnataka,Mamaearth,560000.0,1100000.0,14.51
Jul'24,2024-07-01,FY_24-25,Az Enterprises(Apollo/More)Mt,Dist.,B&N,South-1,Karnataka,Mamaearth,10000.0,20000.0,0.26
Jul'24,2024-07-01,FY_24-25,Az Enterprises(Apollo/More)Mt,Dist.,More Retail,South-1,Karnataka,Mamaearth,290000.0,570000.0,7.51
Jul'24,2024-07-01,FY_24-25,Az Enterprises(Apollo/More)Mt,Dist.,Apollo Healthco,South-1,Karnataka,The Derma Co,100000.0,170000.0,12.66
Jul'24,2024-07-01,FY_24-25,Az Enterprises(Apollo/More)Mt,Dist.,Lulu,South-1,Karnataka,The Derma Co,60000.0,100000.0,7.59
Jul'24,2024-07-01,FY_24-25,Az Enterprises(Apollo/More)Mt,Dist.,H&G,South-1,Karnataka,The Derma Co,620000.0,1040000.0,78.48
Jul'24,2024-07-01,FY_24-25,Az Enterprises(Apollo/More)Mt,Dist.,B&N,South-1,Karnataka,The Derma Co,10000.0,20000.0,1.27
Jul'24,2024-07-01,FY_24-25,Babys World_Mt,Dist.,More Retail,East,West Bengal,Mamaearth,0.0,-10000.0,-0.0
Jul'24,2024-07-01,FY_24-25,Babys World_Mt,Dist.,Apollo Healthco,East,West Bengal,Mamaearth,-20000.0,-30000.0,50.0
Jul'24,2024-07-01,FY_24-25,Babys World_Mt,Dist.,H&G,East,West Bengal,Mamaearth,0.0,0.0,-0.0
Jul'24,2024-07-01,FY_24-25,Babys World_Mt,Dist.,Spencer,East,West Bengal,Mamaearth,-20000.0,-30000.0,50.0
Jul'24,2024-07-01,FY_24-25,BALAJI ASSOCIATES Distributor MT,Dist.,VMM,East,Northeast-Assam,Mamaearth,1710000.0,4270000.0,100.0
Jul'24,2024-07-01,FY_24-25,Chhabra Traders,Dist.,VMM,North,Lucknow_UPE,Mamaearth,1690000.0,3400000.0,100.0
Jul'24,2024-07-01,FY_24-25,D.L. Sales - MT,Dist.,Reliance Retail,East,West Bengal,Aqualogica,0.0,10000.0,
Jul'24,2024-07-01,FY_24-25,D.L. Sales - MT,Dist.,Arambagh,East,West Bengal,Mamaearth,80000.0,180000.0,18.18
Jul'24,2024-07-01,FY_24-25,D.L. Sales - MT,Dist.,V-Mart,East,West Bengal,Mamaearth,140000.0,320000.0,31.82
Jul'24,2024-07-01,FY_24-25,D.L. Sales - MT,Dist.,Frankross,East,West Bengal,Mamaearth,20000.0,40000.0,4.55
Jul'24,2024-07-01,FY_24-25,D.L. Sales - MT,Dist.,VMM,East,West Bengal,Mamaearth,200000.0,450000.0,45.45
Jul'24,2024-07-01,FY_24-25,D.L. Sales - MT,Dist.,Reliance Retail,East,West Bengal,The Derma Co,0.0,30000.0,
Jul'24,2024-07-01,FY_24-25,G.V Enterprises,Dist.,Apollo Healthco,South-1,Tamil Nadu,Mamaearth,500000.0,1120000.0,6.62
Jul'24,2024-07-01,FY_24-25,G.V Enterprises,Dist.,D-Mart,South-1,Tamil Nadu,Mamaearth,5890000.0,13160000.0,78.01
Jul'24,2024-07-01,FY_24-25,G.V Enterprises,Dist.,Lulu,South-1,Tamil Nadu,Mamaearth,500000.0,1120000.0,6.62
Jul'24,2024-07-01,FY_24-25,G.V Enterprises,Dist.,Pothys,South-1,Tamil Nadu,Mamaearth,660000.0,1470000.0,8.74
Jul'24,2024-07-01,FY_24-25,Ganapati Distributor MT,Dist.,Reliance Retail,East,Orissa,Aqualogica,0.0,0.0,
Jul'24,2024-07-01,FY_24-25,Ganapati Distributor MT,Dist.,V-Mart,East,Orissa,Mamaearth,210000.0,480000.0,25.93
Jul'24,2024-07-01,FY_24-25,Ganapati Distributor MT,Dist.,Apollo Healthco,East,Orissa,Mamaearth,190000.0,420000.0,23.46
Jul'24,2024-07-01,FY_24-25,Ganapati Distributor MT,Dist.,VMM,East,Orissa,Mamaearth,410000.0,920000.0,50.62
Jul'24,2024-07-01,FY_24-25,Ganapati Distributor MT,Dist.,Reliance Retail,East,Orissa,The Derma Co,0.0,0.0,
Jul'24,2024-07-01,FY_24-25,JB Pharma_MT,Dist.,Reliance Retail,East,Jharkhand,Aqualogica,0.0,10000.0,
Jul'24,2024-07-01,FY_24-25,JB Pharma_MT,Dist.,VMM,East,Jharkhand,Mamaearth,-30000.0,140000.0,100.0
Jul'24,2024-07-01,FY_24-25,JB Pharma_MT,Dist.,Reliance Retail,East,Jharkhand,The Derma Co,0.0,10000.0,
Jul'24,2024-07-01,FY_24-25,JUST MARK-Dmart,Dist.,D-Mart,West,Gujarat,Mamaearth,7190000.0,17980000.0,100.0
Jul'24,2024-07-01,FY_24-25,Kiran Trading Co- Dmart,Dist.,D-Mart,West,Pune,Mamaearth,1130000.0,2680000.0,100.0
Jul'24,2024-07-01,FY_24-25,Kiran Trading Company_Ship to,Dist.,D-Mart,West,Pune,Mamaearth,4410000.0,11800000.0,100.0
Jul'24,2024-07-01,FY_24-25,M/S KOTTARAM BUSINESS CORPORATION-MT,Dist.,H&G,South-1,Kerala,Aqualogica,20000.0,30000.0,25.0
Jul'24,2024-07-01,FY_24-25,M/S KOTTARAM BUSINESS CORPORATION-MT,Dist.,Lulu,South-1,Kerala,Aqualogica,60000.0,120000.0,75.0
Jul'24,2024-07-01,FY_24-25,M/S KOTTARAM BUSINESS CORPORATION-MT,Dist.,H&G,South-1,Kerala,BBlunt,0.0,0.0,
Jul'24,2024-07-01,FY_24-25,M/S KOTTARAM BUSINESS CORPORATION-MT,Dist.,H&G,South-1,Kerala,Mamaearth,40000.0,80000.0,2.56
Jul'24,2024-07-01,FY_24-25,M/S KOTTARAM BUSINESS CORPORATION-MT,Dist.,Lulu,South-1,Kerala,Mamaearth,1340000.0,2460000.0,85.9
Jul'24,2024-07-01,FY_24-25,M/S KOTTARAM BUSINESS CORPORATION-MT,Dist.,Apollo Healthco,South-1,Kerala,Mamaearth,180000.0,320000.0,11.54
Jul'24,2024-07-01,FY_24-25,M/S KOTTARAM BUSINESS CORPORATION-MT,Dist.,Apollo Healthco,South-1,Kerala,The Derma Co,20000.0,40000.0,16.67
Jul'24,2024-07-01,FY_24-25,M/S KOTTARAM BUSINESS CORPORATION-MT,Dist.,H&G,South-1,Kerala,The Derma Co,20000.0,50000.0,16.67
Jul'24,2024-07-01,FY_24-25,M/S KOTTARAM BUSINESS CORPORATION-MT,Dist.,Lulu,South-1,Kerala,The Derma Co,80000.0,160000.0,66.67
Jul'24,2024-07-01,FY_24-25,MARK ENTERPRISE,Dist.,Apollo Healthco,West,Gujarat,Mamaearth,440000.0,810000.0,100.0
Jul'24,2024-07-01,FY_24-25,PRAGATI SALES-D-MART,Dist.,D-Mart,West,Chattishgarh,Mamaearth,2290000.0,5780000.0,100.0
Jul'24,2024-07-01,FY_24-25,R.D. Enterprises,Dist.,Spencer,North,Lucknow_UPE,Mamaearth,-20000.0,-40000.0,40.0
Jul'24,2024-07-01,FY_24-25,R.D. Enterprises,Dist.,Lulu,North,Lucknow_UPE,Mamaearth,-30000.0,-50000.0,60.0
Jul'24,2024-07-01,FY_24-25,S M AGENCIES_MT,Dist.,Grace Super MKT,South-1,Tamil Nadu,Mamaearth,70000.0,130000.0,19.44
Jul'24,2024-07-01,FY_24-25,S M AGENCIES_MT,Dist.,Pothys,South-1,Tamil Nadu,Mamaearth,30000.0,60000.0,8.33
Jul'24,2024-07-01,FY_24-25,S M AGENCIES_MT,Dist.,B&N,South-1,Tamil Nadu,Mamaearth,10000.0,10000.0,2.78
Jul'24,2024-07-01,FY_24-25,S M AGENCIES_MT,Dist.,Sarvana,South-1,Tamil Nadu,Mamaearth,250000.0,460000.0,69.44
Jul'24,2024-07-01,FY_24-25,Sancus Networks Private Limited-RMT,Dist.,RMT-Sancus,North,Delhi,Aqualogica,10000.0,30000.0,100.0
Jul'24,2024-07-01,FY_24-25,Sancus Networks Private Limited-RMT,Dist.,RMT-Sancus,North,Delhi,BBlunt,80000.0,140000.0,100.0
Jul'24,2024-07-01,FY_24-25,Sancus Networks Private Limited-RMT,Dist.,RMT-Sancus,North,Delhi,Mamaearth,840000.0,2180000.0,80.0
Jul'24,2024-07-01,FY_24-25,Sancus Networks Private Limited-RMT,Dist.,Spencer,North,Delhi,Mamaearth,70000.0,180000.0,6.67
Jul'24,2024-07-01,FY_24-25,Sancus Networks Private Limited-RMT,Dist.,Max Hyper,North,Delhi,Mamaearth,20000.0,50000.0,1.9
Jul'24,2024-07-01,FY_24-25,Sancus Networks Private Limited-RMT,Dist.,More Retail,North,Delhi,Mamaearth,120000.0,300000.0,11.43
Jul'24,2024-07-01,FY_24-25,Sancus Networks Private Limited-RMT,Dist.,RMT-Sancus,North,Delhi,The Derma Co,40000.0,80000.0,100.0
Jul'24,2024-07-01,FY_24-25,Sathyashree Enterprises-Mt,Dist.,D-Mart,South-1,Karnataka,Mamaearth,680000.0,1480000.0,100.0
Jul'24,2024-07-01,FY_24-25,SC BUSINESS COMBINE_MT,Dist.,Reliance Retail,East,Northeast-Assam,Aqualogica,0.0,10000.0,
Jul'24,2024-07-01,FY_24-25,SC BUSINESS COMBINE_MT,Dist.,Sohum Shoppe,East,Northeast-Assam,Mamaearth,50000.0,120000.0,20.0
Jul'24,2024-07-01,FY_24-25,SC BUSINESS COMBINE_MT,Dist.,V-Mart,East,Northeast-Assam,Mamaearth,200000.0,520000.0,80.0
Jul'24,2024-07-01,FY_24-25,SC BUSINESS COMBINE_MT,Dist.,Reliance Retail,East,Northeast-Assam,The Derma Co,0.0,10000.0,
Jul'24,2024-07-01,FY_24-25,Sri Vijaya Durga Agencies_Mt,Dist.,H&G,South-2,Andhra Pradesh,BBlunt,0.0,0.0,
Jul'24,2024-07-01,FY_24-25,Sri Vijaya Durga Agencies_Mt,Dist.,Apollo Healthco,South-2,Andhra Pradesh,Mamaearth,2140000.0,4580000.0,17.44
Jul'24,2024-07-01,FY_24-25,Sri Vijaya Durga Agencies_Mt,Dist.,VMM,South-2,Andhra Pradesh,Mamaearth,140000.0,310000.0,1.14
Jul'24,2024-07-01,FY_24-25,Sri Vijaya Durga Agencies_Mt,Dist.,D-Mart,South-2,Andhra Pradesh,Mamaearth,7360000.0,15760000.0,59.98
Jul'24,2024-07-01,FY_24-25,Sri Vijaya Durga Agencies_Mt,Dist.,H&G,South-2,Andhra Pradesh,Mamaearth,30000.0,70000.0,0.24
Jul'24,2024-07-01,FY_24-25,Sri Vijaya Durga Agencies_Mt,Dist.,Reliance Retail,South-2,Andhra Pradesh,Mamaearth,2530000.0,5420000.0,20.62
Jul'24,2024-07-01,FY_24-25,Sri Vijaya Durga Agencies_Mt,Dist.,More Retail,South-2,Andhra Pradesh,Mamaearth,70000.0,160000.0,0.57
Jul'24,2024-07-01,FY_24-25,Sri Vijaya Durga Agencies_Mt,Dist.,H&G,South-2,Andhra Pradesh,The Derma Co,0.0,10000.0,
Jul'24,2024-07-01,FY_24-25,Swastik Marketing,Dist.,VMM,North,Rajasthan,Mamaearth,290000.0,640000.0,100.0
Jul'24,2024-07-01,FY_24-25,United Marketing_Mt,Dist.,Apollo Healthco,West,Goa,Mamaearth,80000.0,130000.0,100.0
Jul'24,2024-07-01,FY_24-25,Vanaja Agencies MT_Dmart,Dist.,D-Mart,South-2,Telangana,Mamaearth,3830000.0,10450000.0,100.0
Jul'24,2024-07-01,FY_24-25,Vanaja Agencies_Mt,Dist.,Reliance Retail,South-2,Telangana,Aqualogica,310000.0,560000.0,73.81
Jul'24,2024-07-01,FY_24-25,Vanaja Agencies_Mt,Dist.,Lulu,South-2,Telangana,Aqualogica,40000.0,70000.0,9.52
Jul'24,2024-07-01,FY_24-25,Vanaja Agencies_Mt,Dist.,Apollo Healthco,South-2,Telangana,Aqualogica,70000.0,120000.0,16.67
Jul'24,2024-07-01,FY_24-25,Vanaja Agencies_Mt,Dist.,B&N,South-2,Telangana,BBlunt,230000.0,370000.0,95.83
Jul'24,2024-07-01,FY_24-25,Vanaja Agencies_Mt,Dist.,Spencer,South-2,Telangana,BBlunt,10000.0,10000.0,4.17
Jul'24,2024-07-01,FY_24-25,Vanaja Agencies_Mt,Dist.,Apollo Healthco,South-2,Telangana,Mamaearth,1320000.0,2660000.0,16.67
Jul'24,2024-07-01,FY_24-25,Vanaja Agencies_Mt,Dist.,D-Mart,South-2,Telangana,Mamaearth,3290000.0,6630000.0,41.54
Jul'24,2024-07-01,FY_24-25,Vanaja Agencies_Mt,Dist.,Vijetha,South-2,Telangana,Mamaearth,310000.0,630000.0,3.91
Jul'24,2024-07-01,FY_24-25,Vanaja Agencies_Mt,Dist.,More Retail,South-2,Telangana,Mamaearth,450000.0,900000.0,5.68
Jul'24,2024-07-01,FY_24-25,Vanaja Agencies_Mt,Dist.,Max Hyper,South-2,Telangana,Mamaearth,20000.0,40000.0,0.25
Jul'24,2024-07-01,FY_24-25,Vanaja Agencies_Mt,Dist.,Reliance Retail,South-2,Telangana,Mamaearth,1780000.0,3580000.0,22.47
Jul'24,2024-07-01,FY_24-25,Vanaja Agencies_Mt,Dist.,Lulu,South-2,Telangana,Mamaearth,120000.0,230000.0,1.52
Jul'24,2024-07-01,FY_24-25,Vanaja Agencies_Mt,Dist.,Ratnadeep,South-2,Telangana,Mamaearth,490000.0,980000.0,6.19
Jul'24,2024-07-01,FY_24-25,Vanaja Agencies_Mt,Dist.,B&N,South-2,Telangana,Mamaearth,60000.0,110000.0,0.76
Jul'24,2024-07-01,FY_24-25,Vanaja Agencies_Mt,Dist.,VMM,South-2,Telangana,Mamaearth,80000.0,150000.0,1.01
Jul'24,2024-07-01,FY_24-25,Vanaja Agencies_Mt,Dist.,Reliance Retail,South-2,Telangana,The Derma Co,30000.0,50000.0,3.75
Jul'24,2024-07-01,FY_24-25,Vanaja Agencies_Mt,Dist.,Lulu,South-2,Telangana,The Derma Co,40000.0,80000.0,5.0
Jul'24,2024-07-01,FY_24-25,Vanaja Agencies_Mt,Dist.,B&N,South-2,Telangana,The Derma Co,260000.0,460000.0,32.5
Jul'24,2024-07-01,FY_24-25,Vanaja Agencies_Mt,Dist.,Apollo Healthco,South-2,Telangana,The Derma Co,470000.0,850000.0,58.75
Jul'24,2024-07-01,FY_24-25,VISHAL ENTERPRISES_Solapur,Dist.,D-Mart,West,Pune,Mamaearth,1770000.0,4500000.0,100.0
Aug'24,2024-08-01,FY_24-25,APOLLO HEALTHCO LIMITED_AHMEDABAD,Direct,Apollo Healthco,West,Gujarat,Mamaearth,40000.0,120000.0,100.0
Aug'24,2024-08-01,FY_24-25,Apollo Healthco Limited_Bhiwandi,Direct,Apollo Healthco,West,Mumbai,Aqualogica,10000.0,10000.0,100.0
Aug'24,2024-08-01,FY_24-25,Apollo Healthco Limited_Bhiwandi,Direct,Apollo Healthco,West,Mumbai,Mamaearth,20000.0,130000.0,100.0
Aug'24,2024-08-01,FY_24-25,Apollo Healthco Limited_Bhiwandi,Direct,Apollo Healthco,West,Mumbai,The Derma Co,50000.0,90000.0,100.0
Aug'24,2024-08-01,FY_24-25,Apollo Healthco Limited_Faridabad,Direct,Apollo Healthco,North,Haryana,Aqualogica,80000.0,130000.0,100.0
Aug'24,2024-08-01,FY_24-25,Apollo Healthco Limited_Faridabad,Direct,Apollo Healthco,North,Haryana,Mamaearth,930000.0,1860000.0,100.0
Aug'24,2024-08-01,FY_24-25,Apollo Healthco Limited_Faridabad,Direct,Apollo Healthco,North,Haryana,The Derma Co,290000.0,500000.0,100.0
Aug'24,2024-08-01,FY_24-25,Apollo Healthco Limited_Rajasthan,Direct,Apollo Healthco,North,Rajasthan,Mamaearth,130000.0,250000.0,100.0
Aug'24,2024-08-01,FY_24-25,Apollo Healthco Limited-Bangalore,Direct,Apollo Healthco,South-1,Karnataka,Mamaearth,100000.0,320000.0,100.0
Aug'24,2024-08-01,FY_24-25,Apollo Healthco Limited-Chennai,Direct,Apollo Healthco,South-1,Tamil Nadu,Mamaearth,30000.0,80000.0,100.0
Aug'24,2024-08-01,FY_24-25,APOLLO HEALTHCO LIMITED-Chittor,Direct,Apollo Healthco,South-2,Andhra Pradesh,Mamaearth,50000.0,170000.0,100.0
Aug'24,2024-08-01,FY_24-25,Apollo Healthco Limited-Goa,Direct,Apollo Healthco,West,Goa,Mamaearth,-10000.0,-30000.0,100.0
Aug'24,2024-08-01,FY_24-25,Apollo Healthco Limited-Hubbli,Direct,Apollo Healthco,South-1,Karnataka,Mamaearth,220000.0,700000.0,100.0
Aug'24,2024-08-01,FY_24-25,APOLLO HEALTHCO LIMITED-HYD,Direct,Apollo Healthco,South-2,Telangana,Mamaearth,40000.0,120000.0,100.0
Aug'24,2024-08-01,FY_24-25,Apollo Healthco Limited-Kochi,Direct,Apollo Healthco,South-1,Kerala,Mamaearth,10000.0,0.0,100.0
Aug'24,2024-08-01,FY_24-25,APOLLO HEALTHCO LIMITED-Madurai,Direct,Apollo Healthco,South-1,Tamil Nadu,Mamaearth,50000.0,170000.0,100.0
Aug'24,2024-08-01,FY_24-25,Apollo Healthco Limited-Sanath Nagar,Direct,Apollo Healthco,South-2,Telangana,Mamaearth,30000.0,80000.0,100.0
Aug'24,2024-08-01,FY_24-25,APOLLO HEALTHCO LIMITED-WB,Direct,Apollo Healthco,East,West Bengal,Mamaearth,40000.0,130000.0,100.0
Aug'24,2024-08-01,FY_24-25,APOLLO HEALTHCO LIMITED-WB-2,Direct,Apollo Healthco,East,West Bengal,Mamaearth,70000.0,220000.0,100.0
Aug'24,2024-08-01,FY_24-25,Apollo Healthco Ltd_Raipur,Direct,Apollo Healthco,West,Chattishgarh,Mamaearth,150000.0,270000.0,100.0
Aug'24,2024-08-01,FY_24-25,Avenue E Commerce Limited(Kiwale),Direct,D-Mart,West,Pune,Aqualogica,10000.0,20000.0,100.0
Aug'24,2024-08-01,FY_24-25,Avenue E Commerce Limited(Kiwale),Direct,D-Mart,West,Pune,The Derma Co,30000.0,60000.0,100.0
Aug'24,2024-08-01,FY_24-25,Avenue E Commerce Limited(Kushaiguda),Direct,D-Mart,South-2,Telangana,Aqualogica,10000.0,10000.0,100.0
Aug'24,2024-08-01,FY_24-25,Avenue E Commerce Limited(Kushaiguda),Direct,D-Mart,South-2,Telangana,The Derma Co,20000.0,40000.0,100.0
Aug'24,2024-08-01,FY_24-25,Avenue E Commerce Limited(Nahur),Direct,D-Mart,West,Mumbai,Aqualogica,10000.0,10000.0,100.0
Aug'24,2024-08-01,FY_24-25,Avenue E Commerce Limited(Nahur),Direct,D-Mart,West,Mumbai,The Derma Co,20000.0,30000.0,100.0
Aug'24,2024-08-01,FY_24-25,Avenue E Commerce Limited_GachibowlI,Direct,D-Mart,South-2,Telangana,Aqualogica,0.0,10000.0,100.0
Aug'24,2024-08-01,FY_24-25,Avenue E Commerce Limited_GachibowlI,Direct,D-Mart,South-2,Telangana,The Derma Co,20000.0,40000.0,100.0
Aug'24,2024-08-01,FY_24-25,Avenue E Commerce Limited_Panvel-2,Direct,D-Mart,West,Pune,Aqualogica,0.0,10000.0,100.0
Aug'24,2024-08-01,FY_24-25,Avenue E Commerce Ltd -Handewadi FC,Direct,D-Mart,West,Pune,Aqualogica,10000.0,20000.0,100.0
Aug'24,2024-08-01,FY_24-25,Avenue E Commerce Ltd -Handewadi FC,Direct,D-Mart,West,Pune,The Derma Co,20000.0,40000.0,100.0
Aug'24,2024-08-01,FY_24-25,Avenue E Commerce Ltd -Nagpur-FC,Direct,D-Mart,West,Pune,Aqualogica,10000.0,30000.0,100.0
Aug'24,2024-08-01,FY_24-25,Avenue E Commerce Ltd -Nagpur-FC,Direct,D-Mart,West,Pune,The Derma Co,10000.0,20000.0,100.0
Aug'24,2024-08-01,FY_24-25,Avenue E Commerce Ltd -Nashik AAR0-FC,Direct,D-Mart,West,Pune,Aqualogica,10000.0,20000.0,100.0
Aug'24,2024-08-01,FY_24-25,Avenue E Commerce Ltd -Nashik AAR0-FC,Direct,D-Mart,West,Pune,The Derma Co,20000.0,40000.0,100.0
Aug'24,2024-08-01,FY_24-25,Avenue E Commerce Ltd_CadburyFC.,Direct,D-Mart,West,Mumbai,Aqualogica,10000.0,20000.0,100.0
Aug'24,2024-08-01,FY_24-25,Avenue E Commerce Ltd_CadburyFC.,Direct,D-Mart,West,Mumbai,The Derma Co,10000.0,10000.0,100.0
Aug'24,2024-08-01,FY_24-25,Avenue E Commerce Ltd_Manpada,Direct,D-Mart,West,Mumbai,Aqualogica,0.0,0.0,100.0
Aug'24,2024-08-01,FY_24-25,Avenue E Commerce Ltd_Manpada,Direct,D-Mart,West,Mumbai,The Derma Co,10000.0,20000.0,100.0
Aug'24,2024-08-01,FY_24-25,Avenue E Commerce Ltd_PeddaAmberpetFC,Direct,D-Mart,South-2,Telangana,Aqualogica,10000.0,10000.0,100.0
Aug'24,2024-08-01,FY_24-25,Avenue E Commerce Ltd_PeddaAmberpetFC,Direct,D-Mart,South-2,Telangana,The Derma Co,20000.0,40000.0,100.0
Aug'24,2024-08-01,FY_24-25,Avenue Supermarts Ltd.-4905,Direct,D-Mart,West,Chattishgarh,Mamaearth,50000.0,120000.0,100.0
Aug'24,2024-08-01,FY_24-25,Avenue Supermarts Ltd.-DC-1031,Direct,D-Mart,West,Gujarat,Mamaearth,-610000.0,-1700000.0,100.0
Aug'24,2024-08-01,FY_24-25,Avenue Supermarts Ltd.-DC-1032,Direct,D-Mart,South-1,Karnataka,Mamaearth,8400000.0,21220000.0,100.0
Aug'24,2024-08-01,FY_24-25,Avenue Supermarts Ltd.-DC-1039,Direct,D-Mart,West,Mumbai,BBlunt,80000.0,160000.0,100.0
Aug'24,2024-08-01,FY_24-25,Avenue Supermarts Ltd.-DC-1039,Direct,D-Mart,West,Mumbai,Mamaearth,6090000.0,14730000.0,100.0
Aug'24,2024-08-01,FY_24-25,Avenue Supermarts Ltd.-DC-1049,Direct,D-Mart,North,Madhya Pradesh,Mamaearth,2060000.0,5440000.0,100.0
Aug'24,2024-08-01,FY_24-25,Avenue Supermarts Ltd.-DC-1050,Direct,D-Mart,North,Punjab,Mamaearth,2430000.0,6220000.0,100.0
Aug'24,2024-08-01,FY_24-25,Avenue Supermarts Ltd.-DC-1068,Direct,D-Mart,North,Rajasthan,Mamaearth,3220000.0,8130000.0,100.0
Aug'24,2024-08-01,FY_24-25,Avenue Supermarts Ltd_2003-Eros Ghaziabad,Direct,D-Mart,North,UPW,Mamaearth,-30000.0,-70000.0,100.0
Aug'24,2024-08-01,FY_24-25,Avenue Supermarts Ltd_4901,Direct,D-Mart,West,Chattishgarh,Mamaearth,100000.0,230000.0,100.0
Aug'24,2024-08-01,FY_24-25,Avenue Supermarts Ltd_4902,Direct,D-Mart,West,Chattishgarh,Mamaearth,150000.0,360000.0,100.0
Aug'24,2024-08-01,FY_24-25,Avenue Supermarts Ltd_4904,Direct,D-Mart,West,Chattishgarh,Mamaearth,70000.0,180000.0,100.0
Aug'24,2024-08-01,FY_24-25,Avenue Supermarts Ltd_4906,Direct,D-Mart,West,Chattishgarh,Mamaearth,60000.0,140000.0,100.0
Aug'24,2024-08-01,FY_24-25,Avenue Supermarts Ltd-1501,Direct,D-Mart,North,Punjab,Mamaearth,-40000.0,-100000.0,100.0
Aug'24,2024-08-01,FY_24-25,Guardian Healthcare Services Pvt Ltd(DL),Direct,Guardian,North,Delhi,Aqualogica,0.0,0.0,100.0
Aug'24,2024-08-01,FY_24-25,Guardian Healthcare Services Pvt Ltd(DL),Direct,Guardian,North,Delhi,Mamaearth,40000.0,70000.0,100.0
Aug'24,2024-08-01,FY_24-25,Guardian Healthcare Services Pvt Ltd(DL),Direct,Guardian,North,Delhi,The Derma Co,0.0,10000.0,100.0
Aug'24,2024-08-01,FY_24-25,Metro Cash & Carry India Pvt Ltd -(DC27)-T0SJ,Direct,Metro-CNC-RRL,South-1,Karnataka,BBlunt,20000.0,30000.0,100.0
Aug'24,2024-08-01,FY_24-25,Metro Cash & Carry India Pvt Ltd -(DC27)-T0SJ,Direct,Metro-CNC-RRL,South-1,Karnataka,Mamaearth,70000.0,180000.0,100.0
Aug'24,2024-08-01,FY_24-25,Metro Cash & Carry India Pvt Ltd-(DC10)-T0SM,Direct,Metro-CNC-RRL,South-1,Karnataka,BBlunt,0.0,10000.0,100.0
Aug'24,2024-08-01,FY_24-25,Metro Cash & Carry India Pvt Ltd-(DC10)-T0SM,Direct,Metro-CNC-RRL,South-1,Karnataka,Mamaearth,220000.0,430000.0,100.0
Aug'24,2024-08-01,FY_24-25,Metro Cash & Carry India Pvt Ltd-(DC11)-T0SL,Direct,Metro-CNC-RRL,South-1,Karnataka,BBlunt,10000.0,10000.0,100.0
Aug'24,2024-08-01,FY_24-25,Metro Cash & Carry India Pvt Ltd-(DC11)-T0SL,Direct,Metro-CNC-RRL,South-1,Karnataka,Mamaearth,170000.0,330000.0,100.0
Aug'24,2024-08-01,FY_24-25,Metro Cash & Carry India Pvt Ltd-(DC11)-T0SL,Direct,Metro-CNC-RRL,South-1,Karnataka,The Derma Co,0.0,10000.0,100.0
Aug'24,2024-08-01,FY_24-25,Metro Cash & Carry India Pvt Ltd-(DC12)-T0QX,Direct,Metro-CNC-RRL,South-2,Telangana,Aqualogica,590000.0,930000.0,100.0
Aug'24,2024-08-01,FY_24-25,Metro Cash & Carry India Pvt Ltd-(DC12)-T0QX,Direct,Metro-CNC-RRL,South-2,Telangana,BBlunt,-20000.0,-20000.0,100.0
Aug'24,2024-08-01,FY_24-25,Metro Cash & Carry India Pvt Ltd-(DC12)-T0QX,Direct,Metro-CNC-RRL,South-2,Telangana,Mamaearth,230000.0,550000.0,100.0
Aug'24,2024-08-01,FY_24-25,Metro Cash & Carry India Pvt Ltd-(DC12)-T0QX,Direct,Metro-CNC-RRL,South-2,Telangana,The Derma Co,230000.0,360000.0,100.0
Aug'24,2024-08-01,FY_24-25,Metro Cash & Carry India Pvt Ltd-(DC15)-T0QY,Direct,Metro-CNC-RRL,South-2,Telangana,Mamaearth,-160000.0,-290000.0,100.0
Aug'24,2024-08-01,FY_24-25,Metro Cash & Carry India Pvt Ltd-(DC16)-T0QZ,Direct,Metro-CNC-RRL,South-2,Telangana,BBlunt,-10000.0,-20000.0,100.0
Aug'24,2024-08-01,FY_24-25,Metro Cash & Carry India Pvt Ltd-(DC16)-T0QZ,Direct,Metro-CNC-RRL,South-2,Telangana,Mamaearth,-10000.0,-30000.0,100.0
Aug'24,2024-08-01,FY_24-25,Metro Cash & Carry India Pvt Ltd-(DC17)-T0QT,Direct,Metro-CNC-RRL,South-2,Andhra Pradesh,Mamaearth,10000.0,-10000.0,100.0
Aug'24,2024-08-01,FY_24-25,Metro Cash & Carry India Pvt Ltd-(DC18)-T0SN,Direct,Metro-CNC-RRL,South-1,Karnataka,BBlunt,10000.0,20000.0,100.0
Aug'24,2024-08-01,FY_24-25,Metro Cash & Carry India Pvt Ltd-(DC18)-T0SN,Direct,Metro-CNC-RRL,South-1,Karnataka,Mamaearth,60000.0,110000.0,100.0
Aug'24,2024-08-01,FY_24-25,Metro Cash & Carry India Pvt Ltd-(DC18)-T0SN,Direct,Metro-CNC-RRL,South-1,Karnataka,The Derma Co,50000.0,80000.0,100.0
Aug'24,2024-08-01,FY_24-25,Metro Cash & Carry India Pvt Ltd-(DC20)-T0RK,Direct,Metro-CNC-RRL,West,Mumbai,Mamaearth,-120000.0,-210000.0,100.0
Aug'24,2024-08-01,FY_24-25,Metro Cash & Carry India Pvt Ltd-(DC23)-T0RL,Direct,Metro-CNC-RRL,West,Mumbai,Aqualogica,0.0,0.0,100.0
Aug'24,2024-08-01,FY_24-25,Metro Cash & Carry India Pvt Ltd-(DC23)-T0RL,Direct,Metro-CNC-RRL,West,Mumbai,BBlunt,50000.0,80000.0,100.0
Aug'24,2024-08-01,FY_24-25,Metro Cash & Carry India Pvt Ltd-(DC23)-T0RL,Direct,Metro-CNC-RRL,West,Mumbai,Mamaearth,-40000.0,-60000.0,100.0
Aug'24,2024-08-01,FY_24-25,Metro Cash & Carry India Pvt Ltd-(DC23)-T0RL,Direct,Metro-CNC-RRL,West,Mumbai,The Derma Co,20000.0,40000.0,100.0
Aug'24,2024-08-01,FY_24-25,Metro Cash & Carry India Pvt Ltd-(DC24)-T0RJ,Direct,Metro-CNC-RRL,North,Madhya Pradesh,BBlunt,20000.0,30000.0,100.0
Aug'24,2024-08-01,FY_24-25,Metro Cash & Carry India Pvt Ltd-(DC24)-T0RJ,Direct,Metro-CNC-RRL,North,Madhya Pradesh,Mamaearth,-100000.0,-180000.0,100.0
Aug'24,2024-08-01,FY_24-25,Metro Cash & Carry India Pvt Ltd-(DC25)-T0RB,Direct,Metro-CNC-RRL,West,Gujarat,Mamaearth,140000.0,260000.0,100.0
Aug'24,2024-08-01,FY_24-25,Metro Cash & Carry India Pvt Ltd-(DC26)-T0SP,Direct,Metro-CNC-RRL,South-1,Karnataka,Aqualogica,20000.0,20000.0,100.0
Aug'24,2024-08-01,FY_24-25,Metro Cash & Carry India Pvt Ltd-(DC26)-T0SP,Direct,Metro-CNC-RRL,South-1,Karnataka,BBlunt,40000.0,70000.0,100.0
Aug'24,2024-08-01,FY_24-25,Metro Cash & Carry India Pvt Ltd-(DC26)-T0SP,Direct,Metro-CNC-RRL,South-1,Karnataka,Mamaearth,-20000.0,-90000.0,100.0
Aug'24,2024-08-01,FY_24-25,Metro Cash & Carry India Pvt Ltd-(DC28)-T0RF,Direct,Metro-CNC-RRL,West,Gujarat,Mamaearth,120000.0,230000.0,100.0
Aug'24,2024-08-01,FY_24-25,Metro Cash & Carry India Pvt Ltd-(DC29)-T0RA,Direct,Metro-CNC-RRL,South-2,Telangana,BBlunt,-10000.0,-10000.0,100.0
Aug'24,2024-08-01,FY_24-25,Metro Cash & Carry India Pvt Ltd-(DC29)-T0RA,Direct,Metro-CNC-RRL,South-2,Telangana,Mamaearth,-40000.0,-100000.0,100.0
Aug'24,2024-08-01,FY_24-25,Metro Cash & Carry India Pvt Ltd-(DC30)-T0RM,Direct,Metro-CNC-RRL,West,Pune,Mamaearth,10000.0,30000.0,100.0
Aug'24,2024-08-01,FY_24-25,Metro Cash & Carry India Pvt Ltd-(DC32)-T0QU,Direct,Metro-CNC-RRL,North,UPW,Mamaearth,100000.0,250000.0,100.0
Aug'24,2024-08-01,FY_24-25,Metro Cash & Carry India Pvt Ltd-(DC37)-T0RD,Direct,Metro-CNC-RRL,South-2,Andhra Pradesh,BBlunt,0.0,-10000.0,100.0
Aug'24,2024-08-01,FY_24-25,Metro Cash & Carry India Pvt Ltd-(DC37)-T0RD,Direct,Metro-CNC-RRL,South-2,Andhra Pradesh,Mamaearth,90000.0,190000.0,100.0
Aug'24,2024-08-01,FY_24-25,Metro Cash & Carry India Pvt Ltd-(DC43)-T2YF,Direct,Metro-CNC-RRL,North,Punjab,Aqualogica,10000.0,20000.0,100.0
Aug'24,2024-08-01,FY_24-25,Metro Cash & Carry India Pvt Ltd-(DC43)-T2YF,Direct,Metro-CNC-RRL,North,Punjab,BBlunt,0.0,0.0,100.0
Aug'24,2024-08-01,FY_24-25,Metro Cash & Carry India Pvt Ltd-(DC43)-T2YF,Direct,Metro-CNC-RRL,North,Punjab,Mamaearth,30000.0,60000.0,100.0
Aug'24,2024-08-01,FY_24-25,Metro Cash & Carry India Pvt Ltd-(DC43)-T2YF,Direct,Metro-CNC-RRL,North,Punjab,The Derma Co,10000.0,10000.0,100.0
Aug'24,2024-08-01,FY_24-25,Metro Cash & Carry India Pvt Ltd-(DC45)-T0RE,Direct,Metro-CNC-RRL,North,Rajasthan,BBlunt,-10000.0,-10000.0,100.0
Aug'24,2024-08-01,FY_24-25,Metro Cash & Carry India Pvt Ltd-(DC45)-T0RE,Direct,Metro-CNC-RRL,North,Rajasthan,Mamaearth,-20000.0,-20000.0,100.0
Aug'24,2024-08-01,FY_24-25,Metro Cash & Carry India Pvt Ltd-(DC46)-T0RC,Direct,Metro-CNC-RRL,North,Delhi,Aqualogica,0.0,10000.0,100.0
Aug'24,2024-08-01,FY_24-25,Metro Cash & Carry India Pvt Ltd-(DC46)-T0RC,Direct,Metro-CNC-RRL,North,Delhi,BBlunt,40000.0,60000.0,100.0
Aug'24,2024-08-01,FY_24-25,Metro Cash & Carry India Pvt Ltd-(DC46)-T0RC,Direct,Metro-CNC-RRL,North,Delhi,Mamaearth,50000.0,90000.0,100.0
Aug'24,2024-08-01,FY_24-25,Metro Cash & Carry India Pvt Ltd-(DC46)-T0RC,Direct,Metro-CNC-RRL,North,Delhi,The Derma Co,0.0,10000.0,100.0
Aug'24,2024-08-01,FY_24-25,Metro Cash & Carry India Pvt Ltd-(DC47)-T0SI,Direct,Metro-CNC-RRL,North,Punjab,BBlunt,-10000.0,-10000.0,100.0
Aug'24,2024-08-01,FY_24-25,Metro Cash & Carry India Pvt Ltd-(DC47)-T0SI,Direct,Metro-CNC-RRL,North,Punjab,Mamaearth,990000.0,1780000.0,100.0
Aug'24,2024-08-01,FY_24-25,Metro Cash & Carry India Pvt Ltd-(DC48)-T0SK,Direct,Metro-CNC-RRL,North,Punjab,BBlunt,20000.0,40000.0,100.0
Aug'24,2024-08-01,FY_24-25,Metro Cash & Carry India Pvt Ltd-(DC48)-T0SK,Direct,Metro-CNC-RRL,North,Punjab,Mamaearth,-20000.0,10000.0,100.0
Aug'24,2024-08-01,FY_24-25,Metro Cash & Carry India Pvt Ltd-(DC52)-T0RI,Direct,Metro-CNC-RRL,North,Delhi,BBlunt,0.0,0.0,100.0
Aug'24,2024-08-01,FY_24-25,Metro Cash & Carry India Pvt Ltd-(DC52)-T0RI,Direct,Metro-CNC-RRL,North,Delhi,Mamaearth,90000.0,160000.0,100.0
Aug'24,2024-08-01,FY_24-25,Metro Cash & Carry India Pvt Ltd-(DC53)-T0QV,Direct,Metro-CNC-RRL,North,Lucknow_UPE,Mamaearth,-50000.0,-100000.0,100.0
Aug'24,2024-08-01,FY_24-25,Metro Cash & Carry India Pvt Ltd-(DC54)-T0QW,Direct,Metro-CNC-RRL,North,UPW,Mamaearth,70000.0,130000.0,100.0
Aug'24,2024-08-01,FY_24-25,Metro Cash & Carry India Pvt Ltd-(DC60)-T0QS,Direct,Metro-CNC-RRL,East,West Bengal,The Derma Co,0.0,-10000.0,100.0
Aug'24,2024-08-01,FY_24-25,Metro Cash & Carry India Pvt Ltd_DC33(T0SQ),Direct,Metro-CNC-RRL,South-1,Karnataka,Mamaearth,70000.0,120000.0,100.0
Aug'24,2024-08-01,FY_24-25,Metro Cash & Carry India Pvt Ltd_T2FM,Direct,Metro-CNC-RRL,West,Mumbai,Aqualogica,0.0,10000.0,100.0
Aug'24,2024-08-01,FY_24-25,Metro Cash & Carry India Pvt Ltd_T2FM,Direct,Metro-CNC-RRL,West,Mumbai,BBlunt,10000.0,20000.0,100.0
Aug'24,2024-08-01,FY_24-25,Metro Cash & Carry India Pvt Ltd_T2FM,Direct,Metro-CNC-RRL,West,Mumbai,Mamaearth,190000.0,390000.0,100.0
Aug'24,2024-08-01,FY_24-25,Metro Cash & Carry India Pvt Ltd_T2FM,Direct,Metro-CNC-RRL,West,Mumbai,The Derma Co,30000.0,50000.0,100.0
Aug'24,2024-08-01,FY_24-25,Metro Cash & Carry India Pvt Ltd_T2HL,Direct,Metro-CNC-RRL,West,Pune,Mamaearth,140000.0,250000.0,100.0
Aug'24,2024-08-01,FY_24-25,Metro Cash & Carry India Pvt Ltd_T2RP,Direct,Metro-CNC-RRL,West,Pune,Aqualogica,190000.0,300000.0,100.0
Aug'24,2024-08-01,FY_24-25,Metro Cash & Carry India Pvt Ltd_T2RP,Direct,Metro-CNC-RRL,West,Pune,Mamaearth,490000.0,970000.0,100.0
Aug'24,2024-08-01,FY_24-25,Metro Cash & Carry India Pvt Ltd_T2RP,Direct,Metro-CNC-RRL,West,Pune,The Derma Co,300000.0,480000.0,100.0
Aug'24,2024-08-01,FY_24-25,Reliance Retail Limited Ce08,Direct,Reliance Retail,East,Jharkhand,Aqualogica,20000.0,30000.0,100.0
Aug'24,2024-08-01,FY_24-25,Reliance Retail Limited Ce08,Direct,Reliance Retail,East,Jharkhand,Mamaearth,1310000.0,3710000.0,100.0
Aug'24,2024-08-01,FY_24-25,Reliance Retail Limited Cf08,Direct,Reliance Retail,West,Mumbai,Aqualogica,60000.0,90000.0,100.0
Aug'24,2024-08-01,FY_24-25,Reliance Retail Limited Cf08,Direct,Reliance Retail,West,Mumbai,Mamaearth,1460000.0,5190000.0,100.0
Aug'24,2024-08-01,FY_24-25,Reliance Retail Limited Cf08,Direct,Reliance Retail,West,Mumbai,The Derma Co,-20000.0,-30000.0,100.0
Aug'24,2024-08-01,FY_24-25,Reliance Retail Limited Cm08,Direct,Reliance Retail,West,Pune,Mamaearth,60000.0,300000.0,100.0
Aug'24,2024-08-01,FY_24-25,Reliance Retail Limited Ct08,Direct,Reliance Retail,North,Rajasthan,Mamaearth,360000.0,900000.0,100.0
Aug'24,2024-08-01,FY_24-25,Reliance Retail Limited Ea08,Direct,Reliance Retail,North,Haryana,Mamaearth,620000.0,1930000.0,100.0
Aug'24,2024-08-01,FY_24-25,Reliance Retail Limited Fb08,Direct,Reliance Retail,North,Punjab,Aqualogica,20000.0,30000.0,100.0
Aug'24,2024-08-01,FY_24-25,Reliance Retail Limited Fb08,Direct,Reliance Retail,North,Punjab,Mamaearth,1050000.0,2860000.0,100.0
Aug'24,2024-08-01,FY_24-25,Reliance Retail Limited Fd08,Direct,Reliance Retail,South-1,Karnataka,Mamaearth,130000.0,300000.0,100.0
Aug'24,2024-08-01,FY_24-25,Reliance Retail Limited R301,Direct,Reliance Retail,South-2,Telangana,Mamaearth,-80000.0,-190000.0,100.0
Aug'24,2024-08-01,FY_24-25,Reliance Retail Limited R426,Direct,Reliance Retail,East,West Bengal,Mamaearth,-20000.0,-20000.0,100.0
Aug'24,2024-08-01,FY_24-25,Reliance Retail Limited R468,Direct,Reliance Retail,South-2,Andhra Pradesh,Mamaearth,60000.0,90000.0,100.0
Aug'24,2024-08-01,FY_24-25,Reliance Retail Limited R701,Direct,Reliance Retail,West,Gujarat,Mamaearth,1500000.0,4560000.0,100.0
Aug'24,2024-08-01,FY_24-25,Reliance Retail Limited R703,Direct,Reliance Retail,South-1,Tamil Nadu,Mamaearth,280000.0,580000.0,100.0
Aug'24,2024-08-01,FY_24-25,Reliance Retail Limited R801,Direct,Reliance Retail,East,Orissa,Aqualogica,30000.0,40000.0,100.0
Aug'24,2024-08-01,FY_24-25,Reliance Retail Limited R801,Direct,Reliance Retail,East,Orissa,Mamaearth,1920000.0,6040000.0,100.0
Aug'24,2024-08-01,FY_24-25,Reliance Retail Limited Sc79,Direct,Reliance Retail,West,Mumbai,Aqualogica,30000.0,40000.0,100.0
Aug'24,2024-08-01,FY_24-25,Reliance Retail Limited Sc79,Direct,Reliance Retail,West,Mumbai,Mamaearth,640000.0,1940000.0,100.0
Aug'24,2024-08-01,FY_24-25,Reliance Retail Limited Sc79,Direct,Reliance Retail,West,Mumbai,The Derma Co,-10000.0,-10000.0,100.0
Aug'24,2024-08-01,FY_24-25,Reliance Retail Limited_2364,Direct,Reliance Retail,North,Haryana,Mamaearth,60000.0,100000.0,100.0
Aug'24,2024-08-01,FY_24-25,Reliance Retail Limited_2995,Direct,Reliance Retail,North,Haryana,Mamaearth,30000.0,50000.0,100.0
Aug'24,2024-08-01,FY_24-25,Reliance Retail Limited_2996,Direct,Reliance Retail,North,Punjab,Mamaearth,40000.0,70000.0,100.0
Aug'24,2024-08-01,FY_24-25,Reliance Retail Limited_3210,Direct,Reliance Retail,North,Madhya Pradesh,Mamaearth,30000.0,50000.0,100.0
Aug'24,2024-08-01,FY_24-25,Reliance Retail Limited_6209,Direct,Reliance Retail,West,Pune,Mamaearth,40000.0,70000.0,100.0
Aug'24,2024-08-01,FY_24-25,Reliance Retail Limited_6221,Direct,Reliance Retail,West,Mumbai,Aqualogica,0.0,0.0,100.0
Aug'24,2024-08-01,FY_24-25,Reliance Retail Limited_6221,Direct,Reliance Retail,West,Mumbai,Mamaearth,20000.0,40000.0,100.0
Aug'24,2024-08-01,FY_24-25,Reliance Retail Limited_6221,Direct,Reliance Retail,West,Mumbai,The Derma Co,0.0,0.0,100.0
Aug'24,2024-08-01,FY_24-25,Reliance Retail Limited_6717,Direct,Reliance Retail,North,Rajasthan,Mamaearth,30000.0,50000.0,100.0
Aug'24,2024-08-01,FY_24-25,Reliance Retail Limited_6719,Direct,Reliance Retail,West,Pune,Aqualogica,0.0,0.0,100.0
Aug'24,2024-08-01,FY_24-25,Reliance Retail Limited_6719,Direct,Reliance Retail,West,Pune,Mamaearth,20000.0,40000.0,100.0
Aug'24,2024-08-01,FY_24-25,Reliance Retail Limited_6719,Direct,Reliance Retail,West,Pune,The Derma Co,0.0,0.0,100.0
Aug'24,2024-08-01,FY_24-25,Reliance Retail Limited_6722,Direct,Reliance Retail,North,Delhi,Mamaearth,30000.0,50000.0,100.0
Aug'24,2024-08-01,FY_24-25,Reliance Retail Limited_6727,Direct,Reliance Retail,North,Haryana,Mamaearth,60000.0,100000.0,100.0
Aug'24,2024-08-01,FY_24-25,Reliance Retail Limited_Cy08-Kerala,Direct,Reliance Retail,South-1,Kerala,Aqualogica,30000.0,40000.0,100.0
Aug'24,2024-08-01,FY_24-25,Reliance Retail Limited_Cy08-Kerala,Direct,Reliance Retail,South-1,Kerala,Mamaearth,1860000.0,4240000.0,100.0
Aug'24,2024-08-01,FY_24-25,Reliance Retail Limited_FR00,Direct,Reliance Retail,West,Mumbai,Aqualogica,0.0,0.0,100.0
Aug'24,2024-08-01,FY_24-25,Reliance Retail Limited_FR00,Direct,Reliance Retail,West,Mumbai,Mamaearth,20000.0,50000.0,100.0
Aug'24,2024-08-01,FY_24-25,Reliance Retail Limited_FR00,Direct,Reliance Retail,West,Mumbai,The Derma Co,0.0,0.0,100.0
Aug'24,2024-08-01,FY_24-25,Reliance Retail Limited_FR02,Direct,Reliance Retail,West,Mumbai,Aqualogica,0.0,0.0,100.0
Aug'24,2024-08-01,FY_24-25,Reliance Retail Limited_FR02,Direct,Reliance Retail,West,Mumbai,Mamaearth,20000.0,40000.0,100.0
Aug'24,2024-08-01,FY_24-25,Reliance Retail Limited_FR02,Direct,Reliance Retail,West,Mumbai,The Derma Co,0.0,0.0,100.0
Aug'24,2024-08-01,FY_24-25,Reliance Retail Limited_FR03,Direct,Reliance Retail,West,Mumbai,Aqualogica,0.0,0.0,100.0
Aug'24,2024-08-01,FY_24-25,Reliance Retail Limited_FR03,Direct,Reliance Retail,West,Mumbai,Mamaearth,20000.0,40000.0,100.0
Aug'24,2024-08-01,FY_24-25,Reliance Retail Limited_FR03,Direct,Reliance Retail,West,Mumbai,The Derma Co,0.0,0.0,100.0
Aug'24,2024-08-01,FY_24-25,Reliance Retail Limited_FR10,Direct,Reliance Retail,West,Mumbai,Aqualogica,0.0,0.0,100.0
Aug'24,2024-08-01,FY_24-25,Reliance Retail Limited_FR10,Direct,Reliance Retail,West,Mumbai,Mamaearth,30000.0,50000.0,100.0
Aug'24,2024-08-01,FY_24-25,Reliance Retail Limited_FR10,Direct,Reliance Retail,West,Mumbai,The Derma Co,0.0,0.0,100.0
Aug'24,2024-08-01,FY_24-25,Reliance Retail Limited_FR27,Direct,Reliance Retail,North,Madhya Pradesh,Mamaearth,0.0,0.0,100.0
Aug'24,2024-08-01,FY_24-25,Reliance Retail Limited_FR30,Direct,Reliance Retail,North,Madhya Pradesh,Mamaearth,0.0,0.0,100.0
Aug'24,2024-08-01,FY_24-25,Reliance Retail Limited_FR31,Direct,Reliance Retail,North,Madhya Pradesh,Mamaearth,0.0,0.0,100.0
Aug'24,2024-08-01,FY_24-25,Reliance Retail Limited_FR60,Direct,Reliance Retail,West,Gujarat,Aqualogica,0.0,0.0,100.0
Aug'24,2024-08-01,FY_24-25,Reliance Retail Limited_FR60,Direct,Reliance Retail,West,Gujarat,Mamaearth,60000.0,100000.0,100.0
Aug'24,2024-08-01,FY_24-25,Reliance Retail Limited_FR60,Direct,Reliance Retail,West,Gujarat,The Derma Co,0.0,10000.0,100.0
Aug'24,2024-08-01,FY_24-25,Reliance Retail Limited_FR62,Direct,Reliance Retail,East,Orissa,Aqualogica,40000.0,60000.0,100.0
Aug'24,2024-08-01,FY_24-25,Reliance Retail Limited_FR62,Direct,Reliance Retail,East,Orissa,BBlunt,30000.0,40000.0,100.0
Aug'24,2024-08-01,FY_24-25,Reliance Retail Limited_FR62,Direct,Reliance Retail,East,Orissa,Mamaearth,30000.0,50000.0,100.0
Aug'24,2024-08-01,FY_24-25,Reliance Retail Limited_FR62,Direct,Reliance Retail,East,Orissa,The Derma Co,60000.0,100000.0,100.0
Aug'24,2024-08-01,FY_24-25,Reliance Retail Limited_FR76,Direct,Reliance Retail,East,West Bengal,Aqualogica,50000.0,70000.0,100.0
Aug'24,2024-08-01,FY_24-25,Reliance Retail Limited_FR76,Direct,Reliance Retail,East,West Bengal,BBlunt,30000.0,50000.0,100.0
Aug'24,2024-08-01,FY_24-25,Reliance Retail Limited_FR76,Direct,Reliance Retail,East,West Bengal,Mamaearth,40000.0,70000.0,100.0
Aug'24,2024-08-01,FY_24-25,Reliance Retail Limited_FR76,Direct,Reliance Retail,East,West Bengal,The Derma Co,70000.0,110000.0,100.0
Aug'24,2024-08-01,FY_24-25,Reliance Retail Limited_Fr87,Direct,Reliance Retail,North,Haryana,Aqualogica,20000.0,30000.0,100.0
Aug'24,2024-08-01,FY_24-25,Reliance Retail Limited_Fr87,Direct,Reliance Retail,North,Haryana,Mamaearth,1200000.0,3430000.0,100.0
Aug'24,2024-08-01,FY_24-25,Reliance Retail Limited_Fr87,Direct,Reliance Retail,North,Haryana,The Derma Co,10000.0,10000.0,100.0
Aug'24,2024-08-01,FY_24-25,Reliance Retail Limited_Fr89,Direct,Reliance Retail,North,UPW,Mamaearth,400000.0,760000.0,100.0
Aug'24,2024-08-01,FY_24-25,Reliance Retail Limited_FRAT,Direct,Reliance Retail,East,Jharkhand,Aqualogica,40000.0,70000.0,100.0
Aug'24,2024-08-01,FY_24-25,Reliance Retail Limited_FRAT,Direct,Reliance Retail,East,Jharkhand,BBlunt,40000.0,60000.0,100.0
Aug'24,2024-08-01,FY_24-25,Reliance Retail Limited_FRAT,Direct,Reliance Retail,East,Jharkhand,Mamaearth,50000.0,80000.0,100.0
Aug'24,2024-08-01,FY_24-25,Reliance Retail Limited_FRAT,Direct,Reliance Retail,East,Jharkhand,The Derma Co,70000.0,110000.0,100.0
Aug'24,2024-08-01,FY_24-25,Reliance Retail Limited_Fraz,Direct,Reliance Retail,North,Punjab,Mamaearth,1460000.0,4070000.0,100.0
Aug'24,2024-08-01,FY_24-25,Reliance Retail Limited_FRBD,Direct,Reliance Retail,North,Punjab,Mamaearth,40000.0,70000.0,100.0
Aug'24,2024-08-01,FY_24-25,Reliance Retail Limited_FRBS,Direct,Reliance Retail,East,West Bengal,Aqualogica,50000.0,70000.0,100.0
Aug'24,2024-08-01,FY_24-25,Reliance Retail Limited_FRBS,Direct,Reliance Retail,East,West Bengal,BBlunt,30000.0,50000.0,100.0
Aug'24,2024-08-01,FY_24-25,Reliance Retail Limited_FRBS,Direct,Reliance Retail,East,West Bengal,Mamaearth,40000.0,70000.0,100.0
Aug'24,2024-08-01,FY_24-25,Reliance Retail Limited_FRBS,Direct,Reliance Retail,East,West Bengal,The Derma Co,50000.0,80000.0,100.0
Aug'24,2024-08-01,FY_24-25,Reliance Retail Limited_FRBU,Direct,Reliance Retail,East,West Bengal,Aqualogica,40000.0,70000.0,100.0
Aug'24,2024-08-01,FY_24-25,Reliance Retail Limited_FRBU,Direct,Reliance Retail,East,West Bengal,BBlunt,20000.0,30000.0,100.0
Aug'24,2024-08-01,FY_24-25,Reliance Retail Limited_FRBU,Direct,Reliance Retail,East,West Bengal,Mamaearth,60000.0,110000.0,100.0
Aug'24,2024-08-01,FY_24-25,Reliance Retail Limited_FRBU,Direct,Reliance Retail,East,West Bengal,The Derma Co,70000.0,120000.0,100.0
Aug'24,2024-08-01,FY_24-25,Reliance Retail Limited_FRCJ,Direct,Reliance Retail,East,West Bengal,Mamaearth,-30000.0,-60000.0,100.0
Aug'24,2024-08-01,FY_24-25,Reliance Retail Limited_FRCP,Direct,Reliance Retail,North,Haryana,Aqualogica,40000.0,80000.0,100.0
Aug'24,2024-08-01,FY_24-25,Reliance Retail Limited_FRCP,Direct,Reliance Retail,North,Haryana,BBlunt,10000.0,20000.0,100.0
Aug'24,2024-08-01,FY_24-25,Reliance Retail Limited_FRCP,Direct,Reliance Retail,North,Haryana,The Derma Co,20000.0,40000.0,100.0
Aug'24,2024-08-01,FY_24-25,Reliance Retail Limited_FRCQ,Direct,Reliance Retail,North,Haryana,Mamaearth,0.0,0.0,100.0
Aug'24,2024-08-01,FY_24-25,Reliance Retail Limited_FRCS,Direct,Reliance Retail,North,Delhi,Mamaearth,0.0,0.0,100.0
Aug'24,2024-08-01,FY_24-25,Reliance Retail Limited_FRCT,Direct,Reliance Retail,North,Delhi,Aqualogica,0.0,10000.0,100.0
Aug'24,2024-08-01,FY_24-25,Reliance Retail Limited_FRCT,Direct,Reliance Retail,North,Delhi,BBlunt,0.0,0.0,100.0
Aug'24,2024-08-01,FY_24-25,Reliance Retail Limited_FRCT,Direct,Reliance Retail,North,Delhi,Mamaearth,0.0,0.0,100.0
Aug'24,2024-08-01,FY_24-25,Reliance Retail Limited_FRCT,Direct,Reliance Retail,North,Delhi,The Derma Co,0.0,10000.0,100.0
Aug'24,2024-08-01,FY_24-25,Reliance Retail Limited_FRDA,Direct,Reliance Retail,North,Delhi,Mamaearth,0.0,0.0,100.0
Aug'24,2024-08-01,FY_24-25,Reliance Retail Limited_FRDB,Direct,Reliance Retail,North,Delhi,Aqualogica,20000.0,40000.0,100.0
Aug'24,2024-08-01,FY_24-25,Reliance Retail Limited_FRDB,Direct,Reliance Retail,North,Delhi,BBlunt,10000.0,20000.0,100.0
Aug'24,2024-08-01,FY_24-25,Reliance Retail Limited_FRDB,Direct,Reliance Retail,North,Delhi,Mamaearth,0.0,0.0,100.0
Aug'24,2024-08-01,FY_24-25,Reliance Retail Limited_FRDB,Direct,Reliance Retail,North,Delhi,The Derma Co,20000.0,40000.0,100.0
Aug'24,2024-08-01,FY_24-25,Reliance Retail Limited_FRDI,Direct,Reliance Retail,North,UPW,Mamaearth,20000.0,50000.0,100.0
Aug'24,2024-08-01,FY_24-25,Reliance Retail Limited_FRDK,Direct,Reliance Retail,North,UPW,Aqualogica,10000.0,30000.0,100.0
Aug'24,2024-08-01,FY_24-25,Reliance Retail Limited_FRDK,Direct,Reliance Retail,North,UPW,BBlunt,10000.0,20000.0,100.0
Aug'24,2024-08-01,FY_24-25,Reliance Retail Limited_FRDK,Direct,Reliance Retail,North,UPW,Mamaearth,0.0,0.0,100.0
Aug'24,2024-08-01,FY_24-25,Reliance Retail Limited_FRDK,Direct,Reliance Retail,North,UPW,The Derma Co,30000.0,60000.0,100.0
Aug'24,2024-08-01,FY_24-25,Reliance Retail Limited_FRDL,Direct,Reliance Retail,North,UPW,Aqualogica,20000.0,40000.0,100.0
Aug'24,2024-08-01,FY_24-25,Reliance Retail Limited_FRDL,Direct,Reliance Retail,North,UPW,BBlunt,10000.0,20000.0,100.0
Aug'24,2024-08-01,FY_24-25,Reliance Retail Limited_FRDL,Direct,Reliance Retail,North,UPW,Mamaearth,0.0,0.0,100.0
Aug'24,2024-08-01,FY_24-25,Reliance Retail Limited_FRDL,Direct,Reliance Retail,North,UPW,The Derma Co,30000.0,50000.0,100.0
Aug'24,2024-08-01,FY_24-25,Reliance Retail Limited_FRDP,Direct,Reliance Retail,North,Rajasthan,Mamaearth,20000.0,30000.0,100.0
Aug'24,2024-08-01,FY_24-25,Reliance Retail Limited_FRDT,Direct,Reliance Retail,North,Rajasthan,Mamaearth,40000.0,70000.0,100.0
Aug'24,2024-08-01,FY_24-25,Reliance Retail Limited_FREM,Direct,Reliance Retail,North,Rajasthan,Mamaearth,50000.0,90000.0,100.0
Aug'24,2024-08-01,FY_24-25,Reliance Retail Limited_FREX,Direct,Reliance Retail,North,Lucknow_UPE,Mamaearth,30000.0,50000.0,100.0
Aug'24,2024-08-01,FY_24-25,Reliance Retail Limited_FRFA,Direct,Reliance Retail,North,Lucknow_UPE,Mamaearth,40000.0,70000.0,100.0
Aug'24,2024-08-01,FY_24-25,Reliance Retail Limited_FRFB,Direct,Reliance Retail,East,Northeast-Assam,Aqualogica,40000.0,70000.0,100.0
Aug'24,2024-08-01,FY_24-25,Reliance Retail Limited_FRFB,Direct,Reliance Retail,East,Northeast-Assam,BBlunt,40000.0,60000.0,100.0
Aug'24,2024-08-01,FY_24-25,Reliance Retail Limited_FRFB,Direct,Reliance Retail,East,Northeast-Assam,Mamaearth,70000.0,110000.0,100.0
Aug'24,2024-08-01,FY_24-25,Reliance Retail Limited_FRFB,Direct,Reliance Retail,East,Northeast-Assam,The Derma Co,70000.0,110000.0,100.0
Aug'24,2024-08-01,FY_24-25,Reliance Retail Limited_FRFK,Direct,Reliance Retail,North,Lucknow_UPE,Mamaearth,0.0,0.0,100.0
Aug'24,2024-08-01,FY_24-25,Reliance Retail Limited_FRFR,Direct,Reliance Retail,North,Uttarakhand,Mamaearth,0.0,0.0,100.0
Aug'24,2024-08-01,FY_24-25,Reliance Retail Limited_FRGC,Direct,Reliance Retail,North,Lucknow_UPE,Mamaearth,60000.0,110000.0,100.0
Aug'24,2024-08-01,FY_24-25,Reliance Retail Limited_FRGE,Direct,Reliance Retail,East,Nagaland,Aqualogica,40000.0,70000.0,100.0
Aug'24,2024-08-01,FY_24-25,Reliance Retail Limited_FRGE,Direct,Reliance Retail,East,Nagaland,BBlunt,40000.0,60000.0,100.0
Aug'24,2024-08-01,FY_24-25,Reliance Retail Limited_FRGE,Direct,Reliance Retail,East,Nagaland,Mamaearth,50000.0,80000.0,100.0
Aug'24,2024-08-01,FY_24-25,Reliance Retail Limited_FRGE,Direct,Reliance Retail,East,Nagaland,The Derma Co,70000.0,120000.0,100.0
Aug'24,2024-08-01,FY_24-25,Reliance Retail Limited_FRGF,Direct,Reliance Retail,North,Lucknow_UPE,Mamaearth,30000.0,60000.0,100.0
Aug'24,2024-08-01,FY_24-25,Reliance Retail Limited_FRGK,Direct,Reliance Retail,North,Jammu,Mamaearth,0.0,0.0,100.0
Aug'24,2024-08-01,FY_24-25,Reliance Retail Limited_FRGM,Direct,Reliance Retail,West,Chattishgarh,Aqualogica,0.0,10000.0,100.0
Aug'24,2024-08-01,FY_24-25,Reliance Retail Limited_FRGM,Direct,Reliance Retail,West,Chattishgarh,Mamaearth,30000.0,100000.0,100.0
Aug'24,2024-08-01,FY_24-25,Reliance Retail Limited_FRGM,Direct,Reliance Retail,West,Chattishgarh,The Derma Co,0.0,10000.0,100.0
Aug'24,2024-08-01,FY_24-25,Reliance Retail Limited_FRGW,Direct,Reliance Retail,North,Lucknow_UPE,Mamaearth,50000.0,80000.0,100.0
Aug'24,2024-08-01,FY_24-25,Reliance Retail Limited_FRHC,Direct,Reliance Retail,North,Lucknow_UPE,Mamaearth,0.0,0.0,100.0
Aug'24,2024-08-01,FY_24-25,Reliance Retail Limited_FRHF,Direct,Reliance Retail,North,Lucknow_UPE,Mamaearth,0.0,0.0,100.0
Aug'24,2024-08-01,FY_24-25,Reliance Retail Limited_FRHM,Direct,Reliance Retail,North,Madhya Pradesh,Mamaearth,0.0,0.0,100.0
Aug'24,2024-08-01,FY_24-25,Reliance Retail Limited_FRHR,Direct,Reliance Retail,North,Lucknow_UPE,Mamaearth,50000.0,90000.0,100.0
Aug'24,2024-08-01,FY_24-25,Reliance Retail Limited_Frhv,Direct,Reliance Retail,North,Lucknow_UPE,Aqualogica,10000.0,20000.0,100.0
Aug'24,2024-08-01,FY_24-25,Reliance Retail Limited_Frhv,Direct,Reliance Retail,North,Lucknow_UPE,Mamaearth,1200000.0,4490000.0,100.0
Aug'24,2024-08-01,FY_24-25,RELIANCE RETAIL LIMITED_FRIA,Direct,Reliance Retail,East,Bihar,Mamaearth,690000.0,2320000.0,100.0
Aug'24,2024-08-01,FY_24-25,Reliance Retail Limited_S0IX,Direct,Reliance Retail,West,Pune,Aqualogica,50000.0,80000.0,100.0
Aug'24,2024-08-01,FY_24-25,Reliance Retail Limited_S0IX,Direct,Reliance Retail,West,Pune,Mamaearth,850000.0,2550000.0,100.0
Aug'24,2024-08-01,FY_24-25,Reliance Retail Limited_S0IX,Direct,Reliance Retail,West,Pune,The Derma Co,50000.0,80000.0,100.0
Aug'24,2024-08-01,FY_24-25,Reliance Retail Limited_SAHO,Direct,Reliance Retail,South-1,Tamil Nadu,Mamaearth,1040000.0,2460000.0,100.0
Aug'24,2024-08-01,FY_24-25,Reliance Retail Limited_SAOS,Direct,Reliance Retail,East,West Bengal,Aqualogica,30000.0,40000.0,100.0
Aug'24,2024-08-01,FY_24-25,Reliance Retail Limited_SAOS,Direct,Reliance Retail,East,West Bengal,Mamaearth,1010000.0,3560000.0,100.0
Aug'24,2024-08-01,FY_24-25,Reliance Retail Limited_Sb01,Direct,Reliance Retail,West,Mumbai,Aqualogica,0.0,-10000.0,100.0
Aug'24,2024-08-01,FY_24-25,Reliance Retail Limited_Sb01,Direct,Reliance Retail,West,Mumbai,Mamaearth,860000.0,2740000.0,100.0
Aug'24,2024-08-01,FY_24-25,Reliance Retail Limited_Sb01,Direct,Reliance Retail,West,Mumbai,The Derma Co,-10000.0,-10000.0,100.0
Aug'24,2024-08-01,FY_24-25,RELIANCE RETAIL LIMITED_SF52,Direct,Reliance Retail,South-1,Tamil Nadu,Mamaearth,350000.0,1150000.0,100.0
Aug'24,2024-08-01,FY_24-25,Reliance Retail Limited_Sk8I,Direct,Reliance Retail,North,Uttarakhand,Mamaearth,-80000.0,-110000.0,100.0
Aug'24,2024-08-01,FY_24-25,Reliance Retail Limited_SL6S,Direct,Reliance Retail,North,Rajasthan,Mamaearth,860000.0,1880000.0,100.0
Aug'24,2024-08-01,FY_24-25,Reliance Retail Limited_T62I,Direct,Reliance Retail,West,Chattishgarh,Aqualogica,0.0,0.0,100.0
Aug'24,2024-08-01,FY_24-25,Reliance Retail Limited_T62I,Direct,Reliance Retail,West,Chattishgarh,Mamaearth,40000.0,70000.0,100.0
Aug'24,2024-08-01,FY_24-25,Reliance Retail Limited_T62I,Direct,Reliance Retail,West,Chattishgarh,The Derma Co,0.0,0.0,100.0
Aug'24,2024-08-01,FY_24-25,Reliance Retail Limited_T913,Direct,Reliance Retail,North,UPW,Aqualogica,20000.0,30000.0,100.0
Aug'24,2024-08-01,FY_24-25,Reliance Retail Limited_T913,Direct,Reliance Retail,North,UPW,BBlunt,10000.0,20000.0,100.0
Aug'24,2024-08-01,FY_24-25,Reliance Retail Limited_T913,Direct,Reliance Retail,North,UPW,Mamaearth,0.0,0.0,100.0
Aug'24,2024-08-01,FY_24-25,Reliance Retail Limited_T913,Direct,Reliance Retail,North,UPW,The Derma Co,30000.0,50000.0,100.0
Aug'24,2024-08-01,FY_24-25,Reliance Retail Limited_T946,Direct,Reliance Retail,North,Rajasthan,Mamaearth,0.0,0.0,100.0
Aug'24,2024-08-01,FY_24-25,Reliance Retail Limited_TB15,Direct,Reliance Retail,North,Madhya Pradesh,Mamaearth,0.0,0.0,100.0
Aug'24,2024-08-01,FY_24-25,Reliance Retail Limited_TDE3,Direct,Reliance Retail,West,Pune,Aqualogica,0.0,0.0,100.0
Aug'24,2024-08-01,FY_24-25,Reliance Retail Limited_TDE3,Direct,Reliance Retail,West,Pune,Mamaearth,20000.0,40000.0,100.0
Aug'24,2024-08-01,FY_24-25,Reliance Retail Limited_TDE3,Direct,Reliance Retail,West,Pune,The Derma Co,0.0,0.0,100.0
Aug'24,2024-08-01,FY_24-25,Reliance Retail Limited_TE57,Direct,Reliance Retail,North,Punjab,Mamaearth,0.0,0.0,100.0
Aug'24,2024-08-01,FY_24-25,Reliance Retail Limited_TFY8,Direct,Reliance Retail,North,Madhya Pradesh,Mamaearth,30000.0,60000.0,100.0
Aug'24,2024-08-01,FY_24-25,Reliance Retail Limited_TG87,Direct,Reliance Retail,South-1,Kerala,Mamaearth,40000.0,70000.0,100.0
Aug'24,2024-08-01,FY_24-25,Reliance Retail Limited_TH94,Direct,Reliance Retail,North,Rajasthan,Mamaearth,30000.0,60000.0,100.0
Aug'24,2024-08-01,FY_24-25,Reliance Retail Limited_TI77,Direct,Reliance Retail,North,UPW,Mamaearth,30000.0,60000.0,100.0
Aug'24,2024-08-01,FY_24-25,Reliance Retail Limited_TMW7,Direct,Reliance Retail,West,Mumbai,Aqualogica,0.0,0.0,100.0
Aug'24,2024-08-01,FY_24-25,Reliance Retail Limited_TMW7,Direct,Reliance Retail,West,Mumbai,Mamaearth,30000.0,50000.0,100.0
Aug'24,2024-08-01,FY_24-25,Reliance Retail Limited_TMW7,Direct,Reliance Retail,West,Mumbai,The Derma Co,0.0,0.0,100.0
Aug'24,2024-08-01,FY_24-25,Reliance Retail Limited_TNB7,Direct,Reliance Retail,West,Chattishgarh,Aqualogica,0.0,0.0,100.0
Aug'24,2024-08-01,FY_24-25,Reliance Retail Limited_TNB7,Direct,Reliance Retail,West,Chattishgarh,Mamaearth,80000.0,150000.0,100.0
Aug'24,2024-08-01,FY_24-25,Reliance Retail Limited_TNB7,Direct,Reliance Retail,West,Chattishgarh,The Derma Co,0.0,10000.0,100.0
Aug'24,2024-08-01,FY_24-25,Reliance Retail Limited_TNC1,Direct,Reliance Retail,North,Uttarakhand,Aqualogica,50000.0,100000.0,100.0
Aug'24,2024-08-01,FY_24-25,Reliance Retail Limited_TNC1,Direct,Reliance Retail,North,Uttarakhand,BBlunt,30000.0,40000.0,100.0
Aug'24,2024-08-01,FY_24-25,Reliance Retail Limited_TNC1,Direct,Reliance Retail,North,Uttarakhand,Mamaearth,40000.0,70000.0,100.0
Aug'24,2024-08-01,FY_24-25,Reliance Retail Limited_TNC1,Direct,Reliance Retail,North,Uttarakhand,The Derma Co,70000.0,120000.0,100.0
Aug'24,2024-08-01,FY_24-25,Reliance Retail Limited_TNC6,Direct,Reliance Retail,North,Punjab,Mamaearth,30000.0,60000.0,100.0
Aug'24,2024-08-01,FY_24-25,Reliance Retail Limited_TNC8,Direct,Reliance Retail,South-1,Karnataka,Mamaearth,40000.0,70000.0,100.0
Aug'24,2024-08-01,FY_24-25,Reliance Retail Limited_TND0,Direct,Reliance Retail,South-1,Karnataka,Mamaearth,40000.0,70000.0,100.0
Aug'24,2024-08-01,FY_24-25,Reliance Retail Limited_TNP8,Direct,Reliance Retail,West,Pune,Aqualogica,0.0,0.0,100.0
Aug'24,2024-08-01,FY_24-25,Reliance Retail Limited_TNP8,Direct,Reliance Retail,West,Pune,Mamaearth,20000.0,50000.0,100.0
Aug'24,2024-08-01,FY_24-25,Reliance Retail Limited_TNP8,Direct,Reliance Retail,West,Pune,The Derma Co,0.0,0.0,100.0
Aug'24,2024-08-01,FY_24-25,Reliance Retail Limited_TO20,Direct,Reliance Retail,North,Madhya Pradesh,Mamaearth,0.0,0.0,100.0
Aug'24,2024-08-01,FY_24-25,Reliance Retail Limited_TOJ6,Direct,Reliance Retail,West,Mumbai,Aqualogica,0.0,0.0,100.0
Aug'24,2024-08-01,FY_24-25,Reliance Retail Limited_TOJ6,Direct,Reliance Retail,West,Mumbai,Mamaearth,0.0,0.0,100.0
Aug'24,2024-08-01,FY_24-25,Reliance Retail Limited_TOJ6,Direct,Reliance Retail,West,Mumbai,The Derma Co,0.0,0.0,100.0
Aug'24,2024-08-01,FY_24-25,Reliance Retail Limited_TP05,Direct,Reliance Retail,North,Haryana,Mamaearth,40000.0,60000.0,100.0
Aug'24,2024-08-01,FY_24-25,Reliance Retail Limited_TP75,Direct,Reliance Retail,North,Madhya Pradesh,Mamaearth,0.0,0.0,100.0
Aug'24,2024-08-01,FY_24-25,Reliance Retail Limited_TP76,Direct,Reliance Retail,North,Rajasthan,Mamaearth,0.0,0.0,100.0
Aug'24,2024-08-01,FY_24-25,Reliance Retail Limited_TQ21,Direct,Reliance Retail,West,Mumbai,Aqualogica,0.0,0.0,100.0
Aug'24,2024-08-01,FY_24-25,Reliance Retail Limited_TQ21,Direct,Reliance Retail,West,Mumbai,Mamaearth,0.0,0.0,100.0
Aug'24,2024-08-01,FY_24-25,Reliance Retail Limited_TQ21,Direct,Reliance Retail,West,Mumbai,The Derma Co,0.0,0.0,100.0
Aug'24,2024-08-01,FY_24-25,Reliance Retail Limited_TU21,Direct,Reliance Retail,North,Delhi,Mamaearth,30000.0,50000.0,100.0
Aug'24,2024-08-01,FY_24-25,Reliance Retail Limited_TY87,Direct,Reliance Retail,North,Rajasthan,Mamaearth,30000.0,50000.0,100.0
Aug'24,2024-08-01,FY_24-25,Reliance Retail Limited-2959,Direct,Reliance Retail,East,Orissa,Mamaearth,70000.0,110000.0,100.0
Aug'24,2024-08-01,FY_24-25,Reliance Retail Limited-6202,Direct,Reliance Retail,West,Gujarat,Aqualogica,30000.0,50000.0,100.0
Aug'24,2024-08-01,FY_24-25,Reliance Retail Limited-6202,Direct,Reliance Retail,West,Gujarat,BBlunt,10000.0,10000.0,100.0
Aug'24,2024-08-01,FY_24-25,Reliance Retail Limited-6202,Direct,Reliance Retail,West,Gujarat,Mamaearth,60000.0,90000.0,100.0
Aug'24,2024-08-01,FY_24-25,Reliance Retail Limited-6202,Direct,Reliance Retail,West,Gujarat,The Derma Co,50000.0,80000.0,100.0
Aug'24,2024-08-01,FY_24-25,Reliance Retail Limited-6203,Direct,Reliance Retail,West,Gujarat,Aqualogica,0.0,0.0,100.0
Aug'24,2024-08-01,FY_24-25,Reliance Retail Limited-6203,Direct,Reliance Retail,West,Gujarat,The Derma Co,0.0,0.0,100.0
Aug'24,2024-08-01,FY_24-25,Reliance Retail Limited-6205,Direct,Reliance Retail,North,Haryana,Aqualogica,30000.0,60000.0,100.0
Aug'24,2024-08-01,FY_24-25,Reliance Retail Limited-6205,Direct,Reliance Retail,North,Haryana,BBlunt,10000.0,20000.0,100.0
Aug'24,2024-08-01,FY_24-25,Reliance Retail Limited-6205,Direct,Reliance Retail,North,Haryana,Mamaearth,60000.0,100000.0,100.0
Aug'24,2024-08-01,FY_24-25,Reliance Retail Limited-6205,Direct,Reliance Retail,North,Haryana,The Derma Co,50000.0,100000.0,100.0
Aug'24,2024-08-01,FY_24-25,Reliance Retail Limited-6208,Direct,Reliance Retail,West,Pune,Aqualogica,0.0,0.0,100.0
Aug'24,2024-08-01,FY_24-25,Reliance Retail Limited-6208,Direct,Reliance Retail,West,Pune,Mamaearth,0.0,30000.0,100.0
Aug'24,2024-08-01,FY_24-25,Reliance Retail Limited-6208,Direct,Reliance Retail,West,Pune,The Derma Co,0.0,0.0,100.0
Aug'24,2024-08-01,FY_24-25,Reliance Retail Limited-6210,Direct,Reliance Retail,West,Mumbai,Aqualogica,0.0,0.0,100.0
Aug'24,2024-08-01,FY_24-25,Reliance Retail Limited-6210,Direct,Reliance Retail,West,Mumbai,Mamaearth,30000.0,50000.0,100.0
Aug'24,2024-08-01,FY_24-25,Reliance Retail Limited-6210,Direct,Reliance Retail,West,Mumbai,The Derma Co,0.0,0.0,100.0
Aug'24,2024-08-01,FY_24-25,Reliance Retail Limited-6217,Direct,Reliance Retail,West,Mumbai,Aqualogica,0.0,0.0,100.0
Aug'24,2024-08-01,FY_24-25,Reliance Retail Limited-6217,Direct,Reliance Retail,West,Mumbai,Mamaearth,80000.0,150000.0,100.0
Aug'24,2024-08-01,FY_24-25,Reliance Retail Limited-6217,Direct,Reliance Retail,West,Mumbai,The Derma Co,40000.0,70000.0,100.0
Aug'24,2024-08-01,FY_24-25,Reliance Retail Limited-6219,Direct,Reliance Retail,West,Pune,Mamaearth,30000.0,40000.0,100.0
Aug'24,2024-08-01,FY_24-25,Reliance Retail Limited-6220,Direct,Reliance Retail,West,Mumbai,Aqualogica,0.0,0.0,100.0
Aug'24,2024-08-01,FY_24-25,Reliance Retail Limited-6220,Direct,Reliance Retail,West,Mumbai,Mamaearth,60000.0,110000.0,100.0
Aug'24,2024-08-01,FY_24-25,Reliance Retail Limited-6220,Direct,Reliance Retail,West,Mumbai,The Derma Co,0.0,0.0,100.0
Aug'24,2024-08-01,FY_24-25,Reliance Retail Limited-6224,Direct,Reliance Retail,East,Orissa,Mamaearth,40000.0,60000.0,100.0
Aug'24,2024-08-01,FY_24-25,Reliance Retail Limited-6225,Direct,Reliance Retail,South-1,Karnataka,Mamaearth,-30000.0,-60000.0,100.0
Aug'24,2024-08-01,FY_24-25,Reliance Retail Limited-6239,Direct,Reliance Retail,North,Delhi,Aqualogica,0.0,-10000.0,100.0
Aug'24,2024-08-01,FY_24-25,Reliance Retail Limited-6239,Direct,Reliance Retail,North,Delhi,Mamaearth,-10000.0,20000.0,100.0
Aug'24,2024-08-01,FY_24-25,Reliance Retail Limited-6239,Direct,Reliance Retail,North,Delhi,The Derma Co,-10000.0,-10000.0,100.0
Aug'24,2024-08-01,FY_24-25,Reliance Retail Limited-6726,Direct,Reliance Retail,North,Rajasthan,Mamaearth,90000.0,160000.0,100.0
Aug'24,2024-08-01,FY_24-25,RELIANCE RETAIL LIMITED-Badli,Direct,Reliance Retail,North,Haryana,Mamaearth,1070000.0,2850000.0,100.0
Aug'24,2024-08-01,FY_24-25,RELIANCE RETAIL LIMITED-Badli,Direct,Reliance Retail,North,Haryana,The Derma Co,70000.0,110000.0,100.0
Aug'24,2024-08-01,FY_24-25,Reliance Retail Limited-FR04,Direct,Reliance Retail,West,Mumbai,Aqualogica,0.0,0.0,100.0
Aug'24,2024-08-01,FY_24-25,Reliance Retail Limited-FR04,Direct,Reliance Retail,West,Mumbai,Mamaearth,0.0,0.0,100.0
Aug'24,2024-08-01,FY_24-25,Reliance Retail Limited-FR04,Direct,Reliance Retail,West,Mumbai,The Derma Co,-80000.0,-120000.0,100.0
Aug'24,2024-08-01,FY_24-25,Reliance Retail Limited-FR08,Direct,Reliance Retail,West,Mumbai,Aqualogica,0.0,0.0,100.0
Aug'24,2024-08-01,FY_24-25,Reliance Retail Limited-FR08,Direct,Reliance Retail,West,Mumbai,Mamaearth,20000.0,50000.0,100.0
Aug'24,2024-08-01,FY_24-25,Reliance Retail Limited-FR08,Direct,Reliance Retail,West,Mumbai,The Derma Co,0.0,0.0,100.0
Aug'24,2024-08-01,FY_24-25,Reliance Retail Limited-FR15,Direct,Reliance Retail,West,Mumbai,Aqualogica,0.0,0.0,100.0
Aug'24,2024-08-01,FY_24-25,Reliance Retail Limited-FR15,Direct,Reliance Retail,West,Mumbai,Mamaearth,20000.0,40000.0,100.0
Aug'24,2024-08-01,FY_24-25,Reliance Retail Limited-FR15,Direct,Reliance Retail,West,Mumbai,The Derma Co,0.0,0.0,100.0
Aug'24,2024-08-01,FY_24-25,Reliance Retail Limited-FR22,Direct,Reliance Retail,West,Mumbai,Aqualogica,0.0,0.0,100.0
Aug'24,2024-08-01,FY_24-25,Reliance Retail Limited-FR22,Direct,Reliance Retail,West,Mumbai,Mamaearth,30000.0,50000.0,100.0
Aug'24,2024-08-01,FY_24-25,Reliance Retail Limited-FR22,Direct,Reliance Retail,West,Mumbai,The Derma Co,0.0,0.0,100.0
Aug'24,2024-08-01,FY_24-25,Reliance Retail Limited-FR45,Direct,Reliance Retail,South-1,Karnataka,Aqualogica,0.0,0.0,100.0
Aug'24,2024-08-01,FY_24-25,Reliance Retail Limited-FR45,Direct,Reliance Retail,South-1,Karnataka,BBlunt,0.0,0.0,100.0
Aug'24,2024-08-01,FY_24-25,Reliance Retail Limited-FR45,Direct,Reliance Retail,South-1,Karnataka,Mamaearth,70000.0,120000.0,100.0
Aug'24,2024-08-01,FY_24-25,Reliance Retail Limited-FR45,Direct,Reliance Retail,South-1,Karnataka,The Derma Co,10000.0,20000.0,100.0
Aug'24,2024-08-01,FY_24-25,Reliance Retail Limited-FR63,Direct,Reliance Retail,East,Orissa,Aqualogica,40000.0,70000.0,100.0
Aug'24,2024-08-01,FY_24-25,Reliance Retail Limited-FR63,Direct,Reliance Retail,East,Orissa,BBlunt,30000.0,50000.0,100.0
Aug'24,2024-08-01,FY_24-25,Reliance Retail Limited-FR63,Direct,Reliance Retail,East,Orissa,Mamaearth,30000.0,50000.0,100.0
Aug'24,2024-08-01,FY_24-25,Reliance Retail Limited-FR63,Direct,Reliance Retail,East,Orissa,The Derma Co,60000.0,90000.0,100.0
Aug'24,2024-08-01,FY_24-25,Reliance Retail Limited-FR73,Direct,Reliance Retail,East,West Bengal,Aqualogica,50000.0,80000.0,100.0
Aug'24,2024-08-01,FY_24-25,Reliance Retail Limited-FR73,Direct,Reliance Retail,East,West Bengal,BBlunt,30000.0,60000.0,100.0
Aug'24,2024-08-01,FY_24-25,Reliance Retail Limited-FR73,Direct,Reliance Retail,East,West Bengal,Mamaearth,60000.0,100000.0,100.0
Aug'24,2024-08-01,FY_24-25,Reliance Retail Limited-FR73,Direct,Reliance Retail,East,West Bengal,The Derma Co,60000.0,90000.0,100.0
Aug'24,2024-08-01,FY_24-25,Reliance Retail Limited-FRAR,Direct,Reliance Retail,East,Jharkhand,Aqualogica,80000.0,120000.0,100.0
Aug'24,2024-08-01,FY_24-25,Reliance Retail Limited-FRAR,Direct,Reliance Retail,East,Jharkhand,BBlunt,40000.0,60000.0,100.0
Aug'24,2024-08-01,FY_24-25,Reliance Retail Limited-FRAR,Direct,Reliance Retail,East,Jharkhand,Mamaearth,30000.0,50000.0,100.0
Aug'24,2024-08-01,FY_24-25,Reliance Retail Limited-FRAR,Direct,Reliance Retail,East,Jharkhand,The Derma Co,90000.0,140000.0,100.0
Aug'24,2024-08-01,FY_24-25,Reliance Retail Limited-FRAU,Direct,Reliance Retail,East,Jharkhand,Aqualogica,40000.0,70000.0,100.0
Aug'24,2024-08-01,FY_24-25,Reliance Retail Limited-FRAU,Direct,Reliance Retail,East,Jharkhand,BBlunt,10000.0,10000.0,100.0
Aug'24,2024-08-01,FY_24-25,Reliance Retail Limited-FRAU,Direct,Reliance Retail,East,Jharkhand,Mamaearth,40000.0,70000.0,100.0
Aug'24,2024-08-01,FY_24-25,Reliance Retail Limited-FRAU,Direct,Reliance Retail,East,Jharkhand,The Derma Co,40000.0,60000.0,100.0
Aug'24,2024-08-01,FY_24-25,Reliance Retail Limited-FRBV,Direct,Reliance Retail,East,West Bengal,Aqualogica,40000.0,70000.0,100.0
Aug'24,2024-08-01,FY_24-25,Reliance Retail Limited-FRBV,Direct,Reliance Retail,East,West Bengal,BBlunt,20000.0,40000.0,100.0
Aug'24,2024-08-01,FY_24-25,Reliance Retail Limited-FRBV,Direct,Reliance Retail,East,West Bengal,The Derma Co,80000.0,120000.0,100.0
Aug'24,2024-08-01,FY_24-25,Reliance Retail Limited-FRCB,Direct,Reliance Retail,East,West Bengal,Aqualogica,40000.0,60000.0,100.0
Aug'24,2024-08-01,FY_24-25,Reliance Retail Limited-FRCB,Direct,Reliance Retail,East,West Bengal,BBlunt,20000.0,30000.0,100.0
Aug'24,2024-08-01,FY_24-25,Reliance Retail Limited-FRCB,Direct,Reliance Retail,East,West Bengal,Mamaearth,30000.0,50000.0,100.0
Aug'24,2024-08-01,FY_24-25,Reliance Retail Limited-FRCB,Direct,Reliance Retail,East,West Bengal,The Derma Co,50000.0,90000.0,100.0
Aug'24,2024-08-01,FY_24-25,Reliance Retail Limited-FRCC,Direct,Reliance Retail,East,West Bengal,Aqualogica,50000.0,70000.0,100.0
Aug'24,2024-08-01,FY_24-25,Reliance Retail Limited-FRCC,Direct,Reliance Retail,East,West Bengal,BBlunt,20000.0,40000.0,100.0
Aug'24,2024-08-01,FY_24-25,Reliance Retail Limited-FRCC,Direct,Reliance Retail,East,West Bengal,Mamaearth,50000.0,80000.0,100.0
Aug'24,2024-08-01,FY_24-25,Reliance Retail Limited-FRCC,Direct,Reliance Retail,East,West Bengal,The Derma Co,60000.0,90000.0,100.0
Aug'24,2024-08-01,FY_24-25,Reliance Retail Limited-FRCK,Direct,Reliance Retail,East,West Bengal,Aqualogica,40000.0,70000.0,100.0
Aug'24,2024-08-01,FY_24-25,Reliance Retail Limited-FRCK,Direct,Reliance Retail,East,West Bengal,BBlunt,30000.0,50000.0,100.0
Aug'24,2024-08-01,FY_24-25,Reliance Retail Limited-FRCK,Direct,Reliance Retail,East,West Bengal,Mamaearth,60000.0,90000.0,100.0
Aug'24,2024-08-01,FY_24-25,Reliance Retail Limited-FRCK,Direct,Reliance Retail,East,West Bengal,The Derma Co,70000.0,110000.0,100.0
Aug'24,2024-08-01,FY_24-25,Reliance Retail Limited-FRCO,Direct,Reliance Retail,North,Haryana,Mamaearth,40000.0,80000.0,100.0
Aug'24,2024-08-01,FY_24-25,Reliance Retail Limited-FRCX,Direct,Reliance Retail,North,Delhi,Aqualogica,0.0,0.0,100.0
Aug'24,2024-08-01,FY_24-25,Reliance Retail Limited-FRCX,Direct,Reliance Retail,North,Delhi,Mamaearth,50000.0,100000.0,100.0
Aug'24,2024-08-01,FY_24-25,Reliance Retail Limited-FRCX,Direct,Reliance Retail,North,Delhi,The Derma Co,0.0,0.0,100.0
Aug'24,2024-08-01,FY_24-25,Reliance Retail Limited-FRDF,Direct,Reliance Retail,North,UPW,Mamaearth,40000.0,80000.0,100.0
Aug'24,2024-08-01,FY_24-25,Reliance Retail Limited-FRDH,Direct,Reliance Retail,North,UPW,Mamaearth,120000.0,200000.0,100.0
Aug'24,2024-08-01,FY_24-25,Reliance Retail Limited-FRDJ,Direct,Reliance Retail,North,UPW,Mamaearth,60000.0,100000.0,100.0
Aug'24,2024-08-01,FY_24-25,Reliance Retail Limited-FRDM,Direct,Reliance Retail,North,UPW,Mamaearth,80000.0,130000.0,100.0
Aug'24,2024-08-01,FY_24-25,Reliance Retail Limited-FRDY,Direct,Reliance Retail,West,Gujarat,Mamaearth,30000.0,40000.0,100.0
Aug'24,2024-08-01,FY_24-25,Reliance Retail Limited-FRDZ,Direct,Reliance Retail,West,Gujarat,Aqualogica,0.0,0.0,100.0
Aug'24,2024-08-01,FY_24-25,Reliance Retail Limited-FRDZ,Direct,Reliance Retail,West,Gujarat,Mamaearth,20000.0,70000.0,100.0
Aug'24,2024-08-01,FY_24-25,Reliance Retail Limited-FRDZ,Direct,Reliance Retail,West,Gujarat,The Derma Co,0.0,0.0,100.0
Aug'24,2024-08-01,FY_24-25,Reliance Retail Limited-FREB,Direct,Reliance Retail,West,Gujarat,Aqualogica,0.0,0.0,100.0
Aug'24,2024-08-01,FY_24-25,Reliance Retail Limited-FREB,Direct,Reliance Retail,West,Gujarat,Mamaearth,30000.0,50000.0,100.0
Aug'24,2024-08-01,FY_24-25,Reliance Retail Limited-FREB,Direct,Reliance Retail,West,Gujarat,The Derma Co,0.0,0.0,100.0
Aug'24,2024-08-01,FY_24-25,RELIANCE RETAIL LIMITED-FREC,Direct,Reliance Retail,South-1,Karnataka,Mamaearth,2280000.0,6500000.0,100.0
Aug'24,2024-08-01,FY_24-25,RELIANCE RETAIL LIMITED-FREF,Direct,Reliance Retail,South-1,Tamil Nadu,Mamaearth,410000.0,880000.0,100.0
Aug'24,2024-08-01,FY_24-25,RELIANCE RETAIL LIMITED-FREI,Direct,Reliance Retail,South-2,Telangana,Mamaearth,-60000.0,-140000.0,100.0
Aug'24,2024-08-01,FY_24-25,Reliance Retail Limited-FRFH,Direct,Reliance Retail,East,Tripura,Aqualogica,50000.0,80000.0,100.0
Aug'24,2024-08-01,FY_24-25,Reliance Retail Limited-FRFH,Direct,Reliance Retail,East,Tripura,BBlunt,30000.0,50000.0,100.0
Aug'24,2024-08-01,FY_24-25,Reliance Retail Limited-FRFH,Direct,Reliance Retail,East,Tripura,Mamaearth,60000.0,110000.0,100.0
Aug'24,2024-08-01,FY_24-25,Reliance Retail Limited-FRFH,Direct,Reliance Retail,East,Tripura,The Derma Co,70000.0,120000.0,100.0
Aug'24,2024-08-01,FY_24-25,Reliance Retail Limited-FRGQ,Direct,Reliance Retail,North,Haldwani,Mamaearth,80000.0,130000.0,100.0
Aug'24,2024-08-01,FY_24-25,Reliance Retail Limited-FRGS,Direct,Reliance Retail,East,Bihar,Aqualogica,40000.0,60000.0,100.0
Aug'24,2024-08-01,FY_24-25,Reliance Retail Limited-FRGS,Direct,Reliance Retail,East,Bihar,BBlunt,20000.0,40000.0,100.0
Aug'24,2024-08-01,FY_24-25,Reliance Retail Limited-FRGS,Direct,Reliance Retail,East,Bihar,Mamaearth,30000.0,60000.0,100.0
Aug'24,2024-08-01,FY_24-25,Reliance Retail Limited-FRGS,Direct,Reliance Retail,East,Bihar,The Derma Co,50000.0,80000.0,100.0
Aug'24,2024-08-01,FY_24-25,Reliance Retail Limited-FRHK,Direct,Reliance Retail,East,Northeast-Assam,Aqualogica,60000.0,90000.0,100.0
Aug'24,2024-08-01,FY_24-25,Reliance Retail Limited-FRHK,Direct,Reliance Retail,East,Northeast-Assam,BBlunt,30000.0,50000.0,100.0
Aug'24,2024-08-01,FY_24-25,Reliance Retail Limited-FRHK,Direct,Reliance Retail,East,Northeast-Assam,Mamaearth,50000.0,90000.0,100.0
Aug'24,2024-08-01,FY_24-25,Reliance Retail Limited-FRHK,Direct,Reliance Retail,East,Northeast-Assam,The Derma Co,80000.0,130000.0,100.0
Aug'24,2024-08-01,FY_24-25,Reliance Retail Limited-S0GK,Direct,Reliance Retail,South-1,Kerala,Mamaearth,1090000.0,2550000.0,100.0
Aug'24,2024-08-01,FY_24-25,Reliance Retail Limited-S0IL,Direct,Reliance Retail,South-2,Telangana,Mamaearth,0.0,-30000.0,100.0
Aug'24,2024-08-01,FY_24-25,Reliance Retail Limited-S0KN,Direct,Reliance Retail,South-1,Karnataka,Aqualogica,40000.0,70000.0,100.0
Aug'24,2024-08-01,FY_24-25,Reliance Retail Limited-S0KN,Direct,Reliance Retail,South-1,Karnataka,Mamaearth,440000.0,1150000.0,100.0
Aug'24,2024-08-01,FY_24-25,Reliance Retail Limited-SAAH,Direct,Reliance Retail,North,UPW,Mamaearth,1010000.0,2960000.0,100.0
Aug'24,2024-08-01,FY_24-25,RELIANCE RETAIL LIMITED-SF92,Direct,Reliance Retail,East,West Bengal,Mamaearth,1630000.0,5510000.0,100.0
Aug'24,2024-08-01,FY_24-25,RELIANCE RETAIL LIMITED-SH65,Direct,Reliance Retail,West,Pune,Mamaearth,910000.0,2540000.0,100.0
Aug'24,2024-08-01,FY_24-25,RELIANCE RETAIL LIMITED-SH69,Direct,Reliance Retail,North,Haryana,Mamaearth,440000.0,1160000.0,100.0
Aug'24,2024-08-01,FY_24-25,RELIANCE RETAIL LIMITED-SH69,Direct,Reliance Retail,North,Haryana,The Derma Co,40000.0,70000.0,100.0
Aug'24,2024-08-01,FY_24-25,RELIANCE RETAIL LIMITED-SH71,Direct,Reliance Retail,North,Madhya Pradesh,Mamaearth,740000.0,2200000.0,100.0
Aug'24,2024-08-01,FY_24-25,Reliance Retail Limited-SH77,Direct,Reliance Retail,South-1,Kerala,Mamaearth,70000.0,190000.0,100.0
Aug'24,2024-08-01,FY_24-25,Reliance Retail Limited-SK6I,Direct,Reliance Retail,West,Gujarat,Aqualogica,30000.0,40000.0,100.0
Aug'24,2024-08-01,FY_24-25,Reliance Retail Limited-SK6I,Direct,Reliance Retail,West,Gujarat,Mamaearth,450000.0,1360000.0,100.0
Aug'24,2024-08-01,FY_24-25,Reliance Retail Limited-SLET,Direct,Reliance Retail,East,Bihar,Mamaearth,330000.0,850000.0,100.0
Aug'24,2024-08-01,FY_24-25,Reliance Retail Limited-SLG3,Direct,Reliance Retail,South-1,Tamil Nadu,Aqualogica,-40000.0,-60000.0,100.0
Aug'24,2024-08-01,FY_24-25,Reliance Retail Limited-SLG3,Direct,Reliance Retail,South-1,Tamil Nadu,Mamaearth,430000.0,1930000.0,100.0
Aug'24,2024-08-01,FY_24-25,Reliance Retail Limited-SLG3,Direct,Reliance Retail,South-1,Tamil Nadu,The Derma Co,-20000.0,-30000.0,100.0
Aug'24,2024-08-01,FY_24-25,RELIANCE RETAIL LIMITED-SLIG,Direct,Reliance Retail,East,Northeast-Assam,Aqualogica,50000.0,80000.0,100.0
Aug'24,2024-08-01,FY_24-25,RELIANCE RETAIL LIMITED-SLIG,Direct,Reliance Retail,East,Northeast-Assam,Mamaearth,810000.0,2370000.0,100.0
Aug'24,2024-08-01,FY_24-25,RELIANCE RETAIL LIMITED-SLIG,Direct,Reliance Retail,East,Northeast-Assam,The Derma Co,70000.0,110000.0,100.0
Aug'24,2024-08-01,FY_24-25,RELIANCE RETAIL LIMITED-SLII,Direct,Reliance Retail,North,Lucknow_UPE,Mamaearth,10000.0,20000.0,100.0
Aug'24,2024-08-01,FY_24-25,Reliance Retail Limited-Slmr,Direct,Reliance Retail,East,Orissa,Mamaearth,330000.0,760000.0,100.0
Aug'24,2024-08-01,FY_24-25,Reliance Retail Limited-SLS1,Direct,Reliance Retail,South-1,Tamil Nadu,Mamaearth,490000.0,1340000.0,100.0
Aug'24,2024-08-01,FY_24-25,Reliance Retail Limited-SLS2,Direct,Reliance Retail,South-2,Andhra Pradesh,Mamaearth,10000.0,30000.0,100.0
Aug'24,2024-08-01,FY_24-25,Reliance Retail Limited-SN1U,Direct,Reliance Retail,East,West Bengal,Mamaearth,290000.0,750000.0,100.0
Aug'24,2024-08-01,FY_24-25,Reliance Retail Limited-SP9K,Direct,Reliance Retail,West,Pune,Mamaearth,310000.0,1050000.0,100.0
Aug'24,2024-08-01,FY_24-25,Reliance Retail Limited-T2DI,Direct,Reliance Retail,South-1,Karnataka,Aqualogica,10000.0,10000.0,100.0
Aug'24,2024-08-01,FY_24-25,Reliance Retail Limited-T2DI,Direct,Reliance Retail,South-1,Karnataka,BBlunt,10000.0,10000.0,100.0
Aug'24,2024-08-01,FY_24-25,Reliance Retail Limited-T2DI,Direct,Reliance Retail,South-1,Karnataka,The Derma Co,30000.0,40000.0,100.0
Aug'24,2024-08-01,FY_24-25,Reliance Retail Limited-T37T,Direct,Reliance Retail,North,Lucknow_UPE,Mamaearth,80000.0,140000.0,100.0
Aug'24,2024-08-01,FY_24-25,Reliance Retail Limited-T84I,Direct,Reliance Retail,North,Haryana,Aqualogica,40000.0,70000.0,100.0
Aug'24,2024-08-01,FY_24-25,Reliance Retail Limited-T84I,Direct,Reliance Retail,North,Haryana,BBlunt,50000.0,90000.0,100.0
Aug'24,2024-08-01,FY_24-25,Reliance Retail Limited-T84I,Direct,Reliance Retail,North,Haryana,The Derma Co,100000.0,170000.0,100.0
Aug'24,2024-08-01,FY_24-25,Reliance Retail Limited-T84L,Direct,Reliance Retail,West,Gujarat,Aqualogica,0.0,0.0,100.0
Aug'24,2024-08-01,FY_24-25,Reliance Retail Limited-T84L,Direct,Reliance Retail,West,Gujarat,Mamaearth,30000.0,50000.0,100.0
Aug'24,2024-08-01,FY_24-25,Reliance Retail Limited-T84L,Direct,Reliance Retail,West,Gujarat,The Derma Co,0.0,0.0,100.0
Aug'24,2024-08-01,FY_24-25,Reliance Retail Limited-T915,Direct,Reliance Retail,North,UPW,Mamaearth,0.0,20000.0,100.0
Aug'24,2024-08-01,FY_24-25,Reliance Retail Limited-TA36,Direct,Reliance Retail,South-1,Tamil Nadu,Aqualogica,10000.0,10000.0,100.0
Aug'24,2024-08-01,FY_24-25,Reliance Retail Limited-TA36,Direct,Reliance Retail,South-1,Tamil Nadu,BBlunt,20000.0,30000.0,100.0
Aug'24,2024-08-01,FY_24-25,Reliance Retail Limited-TA36,Direct,Reliance Retail,South-1,Tamil Nadu,The Derma Co,20000.0,40000.0,100.0
Aug'24,2024-08-01,FY_24-25,Reliance Retail Limited-TAFW,Direct,Reliance Retail,West,Mumbai,Aqualogica,0.0,0.0,100.0
Aug'24,2024-08-01,FY_24-25,Reliance Retail Limited-TAFW,Direct,Reliance Retail,West,Mumbai,Mamaearth,30000.0,70000.0,100.0
Aug'24,2024-08-01,FY_24-25,Reliance Retail Limited-TAFW,Direct,Reliance Retail,West,Mumbai,The Derma Co,0.0,0.0,100.0
Aug'24,2024-08-01,FY_24-25,Reliance Retail Limited-TAH3,Direct,Reliance Retail,North,Lucknow_UPE,Mamaearth,80000.0,140000.0,100.0
Aug'24,2024-08-01,FY_24-25,Reliance Retail Limited-TAIE,Direct,Reliance Retail,South-1,Tamil Nadu,Aqualogica,50000.0,90000.0,100.0
Aug'24,2024-08-01,FY_24-25,Reliance Retail Limited-TAIE,Direct,Reliance Retail,South-1,Tamil Nadu,BBlunt,20000.0,30000.0,100.0
Aug'24,2024-08-01,FY_24-25,Reliance Retail Limited-TAIE,Direct,Reliance Retail,South-1,Tamil Nadu,The Derma Co,70000.0,110000.0,100.0
Aug'24,2024-08-01,FY_24-25,Reliance Retail Limited-TAUX,Direct,Reliance Retail,West,Gujarat,Aqualogica,0.0,0.0,100.0
Aug'24,2024-08-01,FY_24-25,Reliance Retail Limited-TAUX,Direct,Reliance Retail,West,Gujarat,Mamaearth,30000.0,50000.0,100.0
Aug'24,2024-08-01,FY_24-25,Reliance Retail Limited-TAUX,Direct,Reliance Retail,West,Gujarat,The Derma Co,0.0,0.0,100.0
Aug'24,2024-08-01,FY_24-25,Reliance Retail Limited-TC74,Direct,Reliance Retail,North,Haryana,Mamaearth,60000.0,100000.0,100.0
Aug'24,2024-08-01,FY_24-25,Reliance Retail Limited-TC95,Direct,Reliance Retail,West,Pune,Aqualogica,0.0,0.0,100.0
Aug'24,2024-08-01,FY_24-25,Reliance Retail Limited-TC95,Direct,Reliance Retail,West,Pune,Mamaearth,60000.0,110000.0,100.0
Aug'24,2024-08-01,FY_24-25,Reliance Retail Limited-TC95,Direct,Reliance Retail,West,Pune,The Derma Co,0.0,0.0,100.0
Aug'24,2024-08-01,FY_24-25,Reliance Retail Limited-TL30,Direct,Reliance Retail,North,Delhi,Mamaearth,30000.0,70000.0,100.0
Aug'24,2024-08-01,FY_24-25,Reliance Retail Limited-TM18,Direct,Reliance Retail,South-1,Karnataka,Mamaearth,270000.0,460000.0,100.0
Aug'24,2024-08-01,FY_24-25,Reliance Retail Limited-TN54,Direct,Reliance Retail,West,Chattishgarh,Aqualogica,0.0,0.0,100.0
Aug'24,2024-08-01,FY_24-25,Reliance Retail Limited-TN54,Direct,Reliance Retail,West,Chattishgarh,Mamaearth,80000.0,140000.0,100.0
Aug'24,2024-08-01,FY_24-25,Reliance Retail Limited-TN54,Direct,Reliance Retail,West,Chattishgarh,The Derma Co,0.0,0.0,100.0
Aug'24,2024-08-01,FY_24-25,Reliance Retail Limited-Tna8,Direct,Reliance Retail,West,Gujarat,Mamaearth,40000.0,70000.0,100.0
Aug'24,2024-08-01,FY_24-25,Reliance Retail Limited-TNB5,Direct,Reliance Retail,West,Gujarat,Aqualogica,0.0,0.0,100.0
Aug'24,2024-08-01,FY_24-25,Reliance Retail Limited-TNB5,Direct,Reliance Retail,West,Gujarat,Mamaearth,40000.0,70000.0,100.0
Aug'24,2024-08-01,FY_24-25,Reliance Retail Limited-TNB5,Direct,Reliance Retail,West,Gujarat,The Derma Co,0.0,0.0,100.0
Aug'24,2024-08-01,FY_24-25,Reliance Retail Limited-TNC2,Direct,Reliance Retail,South-1,Tamil Nadu,Aqualogica,0.0,0.0,100.0
Aug'24,2024-08-01,FY_24-25,Reliance Retail Limited-TNC2,Direct,Reliance Retail,South-1,Tamil Nadu,The Derma Co,10000.0,10000.0,100.0
Aug'24,2024-08-01,FY_24-25,Reliance Retail Limited-TNC4,Direct,Reliance Retail,East,Northeast-Assam,Aqualogica,40000.0,70000.0,100.0
Aug'24,2024-08-01,FY_24-25,Reliance Retail Limited-TNC4,Direct,Reliance Retail,East,Northeast-Assam,BBlunt,30000.0,50000.0,100.0
Aug'24,2024-08-01,FY_24-25,Reliance Retail Limited-TNC4,Direct,Reliance Retail,East,Northeast-Assam,Mamaearth,80000.0,130000.0,100.0
Aug'24,2024-08-01,FY_24-25,Reliance Retail Limited-TNC4,Direct,Reliance Retail,East,Northeast-Assam,The Derma Co,60000.0,90000.0,100.0
Aug'24,2024-08-01,FY_24-25,Reliance Retail Limited-TNC7,Direct,Reliance Retail,North,Punjab,Aqualogica,50000.0,80000.0,100.0
Aug'24,2024-08-01,FY_24-25,Reliance Retail Limited-TNC7,Direct,Reliance Retail,North,Punjab,BBlunt,10000.0,20000.0,100.0
Aug'24,2024-08-01,FY_24-25,Reliance Retail Limited-TNC7,Direct,Reliance Retail,North,Punjab,Mamaearth,50000.0,90000.0,100.0
Aug'24,2024-08-01,FY_24-25,Reliance Retail Limited-TNC7,Direct,Reliance Retail,North,Punjab,The Derma Co,60000.0,110000.0,100.0
Aug'24,2024-08-01,FY_24-25,Reliance Retail Limited-TND1,Direct,Reliance Retail,West,Gujarat,Mamaearth,40000.0,70000.0,100.0
Aug'24,2024-08-01,FY_24-25,Reliance Retail Limited-TND2,Direct,Reliance Retail,South-1,Tamil Nadu,Aqualogica,0.0,10000.0,100.0
Aug'24,2024-08-01,FY_24-25,Reliance Retail Limited-TND2,Direct,Reliance Retail,South-1,Tamil Nadu,BBlunt,0.0,0.0,100.0
Aug'24,2024-08-01,FY_24-25,Reliance Retail Limited-TND2,Direct,Reliance Retail,South-1,Tamil Nadu,The Derma Co,10000.0,20000.0,100.0
Aug'24,2024-08-01,FY_24-25,Reliance Retail Limited-TND4,Direct,Reliance Retail,East,West Bengal,Mamaearth,60000.0,100000.0,100.0
Aug'24,2024-08-01,FY_24-25,Reliance Retail Limited-Tnd5,Direct,Reliance Retail,West,Gujarat,Aqualogica,0.0,10000.0,100.0
Aug'24,2024-08-01,FY_24-25,Reliance Retail Limited-Tnd5,Direct,Reliance Retail,West,Gujarat,Mamaearth,40000.0,100000.0,100.0
Aug'24,2024-08-01,FY_24-25,Reliance Retail Limited-Tnd5,Direct,Reliance Retail,West,Gujarat,The Derma Co,0.0,10000.0,100.0
Aug'24,2024-08-01,FY_24-25,Reliance Retail Limited-TOM0,Direct,Reliance Retail,West,Mumbai,Aqualogica,0.0,0.0,100.0
Aug'24,2024-08-01,FY_24-25,Reliance Retail Limited-TOM0,Direct,Reliance Retail,West,Mumbai,Mamaearth,0.0,0.0,100.0
Aug'24,2024-08-01,FY_24-25,Reliance Retail Limited-TOM0,Direct,Reliance Retail,West,Mumbai,The Derma Co,0.0,0.0,100.0
Aug'24,2024-08-01,FY_24-25,Reliance Retail Limited-TP06,Direct,Reliance Retail,North,Delhi,Mamaearth,80000.0,130000.0,100.0
Aug'24,2024-08-01,FY_24-25,Reliance Retail Limited-TQ61,Direct,Reliance Retail,South-1,Kerala,Mamaearth,90000.0,150000.0,100.0
Aug'24,2024-08-01,FY_24-25,Reliance Retail Limited-TW11,Direct,Reliance Retail,North,Delhi,Mamaearth,0.0,20000.0,100.0
Aug'24,2024-08-01,FY_24-25,Reliance Retail Limited-TZ8R,Direct,Reliance Retail,North,Uttarakhand,Mamaearth,60000.0,100000.0,100.0
Aug'24,2024-08-01,FY_24-25,Reliance Retail Limited-TZL5,Direct,Reliance Retail,East,Bihar,Aqualogica,40000.0,70000.0,100.0
Aug'24,2024-08-01,FY_24-25,Reliance Retail Limited-TZL5,Direct,Reliance Retail,East,Bihar,BBlunt,30000.0,40000.0,100.0
Aug'24,2024-08-01,FY_24-25,Reliance Retail Limited-TZL5,Direct,Reliance Retail,East,Bihar,The Derma Co,60000.0,100000.0,100.0
Aug'24,2024-08-01,FY_24-25,Reliance Retail Limited-ZZI0-B,Direct,Reliance Retail,South-1,Kerala,Aqualogica,30000.0,40000.0,100.0
Aug'24,2024-08-01,FY_24-25,Reliance Retail Limited-ZZI0-B,Direct,Reliance Retail,South-1,Kerala,Mamaearth,90000.0,170000.0,100.0
Aug'24,2024-08-01,FY_24-25,Reliance Retail Ltd _Madhavaram- TNB8,Direct,Reliance Retail,South-1,Tamil Nadu,Mamaearth,40000.0,60000.0,100.0
Aug'24,2024-08-01,FY_24-25,Reliance Retail Ltd _Mysore_2994,Direct,Reliance Retail,South-1,Karnataka,Mamaearth,80000.0,140000.0,100.0
Aug'24,2024-08-01,FY_24-25,Reliance Retail Ltd _RAJAJI NAGAR- FR49,Direct,Reliance Retail,South-1,Karnataka,Aqualogica,10000.0,10000.0,100.0
Aug'24,2024-08-01,FY_24-25,Reliance Retail Ltd _RAJAJI NAGAR- FR49,Direct,Reliance Retail,South-1,Karnataka,BBlunt,10000.0,10000.0,100.0
Aug'24,2024-08-01,FY_24-25,Reliance Retail Ltd _RAJAJI NAGAR- FR49,Direct,Reliance Retail,South-1,Karnataka,Mamaearth,0.0,0.0,100.0
Aug'24,2024-08-01,FY_24-25,Reliance Retail Ltd _RAJAJI NAGAR- FR49,Direct,Reliance Retail,South-1,Karnataka,The Derma Co,20000.0,30000.0,100.0
Aug'24,2024-08-01,FY_24-25,Reliance Retail Ltd_Davanagere- TNC0,Direct,Reliance Retail,South-1,Karnataka,Mamaearth,40000.0,70000.0,100.0
Aug'24,2024-08-01,FY_24-25,Reliance Retail Ltd_Hubballi_2997,Direct,Reliance Retail,South-1,Karnataka,Mamaearth,40000.0,70000.0,100.0
Aug'24,2024-08-01,FY_24-25,Reliance Retail Ltd_Nagercoil- 3338,Direct,Reliance Retail,South-1,Tamil Nadu,Mamaearth,40000.0,60000.0,100.0
Aug'24,2024-08-01,FY_24-25,RELIANCE RETAIL Ltd-SK6C,Direct,Reliance Retail,West,Gujarat,Mamaearth,660000.0,2150000.0,100.0
Aug'24,2024-08-01,FY_24-25,RELIANCE RETAIL Ltd-SK6C,Direct,Reliance Retail,West,Gujarat,The Derma Co,-10000.0,-10000.0,100.0
Aug'24,2024-08-01,FY_24-25,RELIANCE RETAIL Ltd-SLEW,Direct,Reliance Retail,West,Chattishgarh,Mamaearth,360000.0,1560000.0,100.0
Aug'24,2024-08-01,FY_24-25,RELIANCE RETAIL Ltd-SLEW,Direct,Reliance Retail,West,Chattishgarh,The Derma Co,40000.0,70000.0,100.0
Aug'24,2024-08-01,FY_24-25,Trent Hypermarket Private Limited_Blr,Direct,Trent,South-1,Karnataka,Mamaearth,70000.0,110000.0,100.0
Aug'24,2024-08-01,FY_24-25,Trent Hypermarket Private Limited_Mah,Direct,Trent,West,Mumbai,Mamaearth,170000.0,290000.0,100.0
Aug'24,2024-08-01,FY_24-25,Wal-Mart India Private Limited 4702,Direct,Walmart CNC,North,Punjab,Mamaearth,30000.0,60000.0,100.0
Aug'24,2024-08-01,FY_24-25,Wal-Mart India Private Limited 4703,Direct,Walmart CNC,North,Punjab,Mamaearth,50000.0,100000.0,100.0
Aug'24,2024-08-01,FY_24-25,Wal-Mart India Private Limited 4706,Direct,Walmart CNC,North,Punjab,Mamaearth,60000.0,120000.0,100.0
Aug'24,2024-08-01,FY_24-25,Wal-Mart India Private Limited 4712,Direct,Walmart CNC,North,Madhya Pradesh,Mamaearth,90000.0,160000.0,100.0
Aug'24,2024-08-01,FY_24-25,Wal-Mart India Private Limited 4713,Direct,Walmart CNC,North,Rajasthan,Mamaearth,40000.0,80000.0,100.0
Aug'24,2024-08-01,FY_24-25,Wal-Mart India Private Limited 4716,Direct,Walmart CNC,West,Chattishgarh,Mamaearth,100000.0,200000.0,100.0
Aug'24,2024-08-01,FY_24-25,Wal-Mart India Private Limited 4717,Direct,Walmart CNC,North,Punjab,Mamaearth,0.0,10000.0,100.0
Aug'24,2024-08-01,FY_24-25,Wal-Mart India Private Limited 4719,Direct,Walmart CNC,North,Jammu,Mamaearth,160000.0,300000.0,100.0
Aug'24,2024-08-01,FY_24-25,Wal-Mart India Private Limited 4720,Direct,Walmart CNC,North,UPW,Mamaearth,40000.0,80000.0,100.0
Aug'24,2024-08-01,FY_24-25,Wal-Mart India Private Limited 4721,Direct,Walmart CNC,South-2,Andhra Pradesh,Mamaearth,20000.0,50000.0,100.0
Aug'24,2024-08-01,FY_24-25,Wal-Mart India Private Limited 4723,Direct,Walmart CNC,North,Lucknow_UPE,Mamaearth,90000.0,160000.0,100.0
Aug'24,2024-08-01,FY_24-25,Wal-Mart India Private Limited 4724,Direct,Walmart CNC,West,Pune,Mamaearth,-60000.0,-110000.0,100.0
Aug'24,2024-08-01,FY_24-25,Wal-Mart India Private Limited 4725,Direct,Walmart CNC,South-2,Andhra Pradesh,Mamaearth,50000.0,90000.0,100.0
Aug'24,2024-08-01,FY_24-25,Wal-Mart India Private Limited 4727,Direct,Walmart CNC,North,Lucknow_UPE,Mamaearth,100000.0,190000.0,100.0
Aug'24,2024-08-01,FY_24-25,Wal-Mart India Private Limited 4729,Direct,Walmart CNC,North,Madhya Pradesh,Mamaearth,0.0,0.0,100.0
Aug'24,2024-08-01,FY_24-25,Wal-Mart India Private Limited 4734,Direct,Walmart CNC,South-2,Telangana,Mamaearth,30000.0,50000.0,100.0
Aug'24,2024-08-01,FY_24-25,Wal-Mart India Private Limited 4742,Direct,Walmart CNC,South-2,Andhra Pradesh,Mamaearth,50000.0,90000.0,100.0
Aug'24,2024-08-01,FY_24-25,Wal-Mart India Private Limited 4744,Direct,Walmart CNC,West,Pune,Mamaearth,70000.0,130000.0,100.0
Aug'24,2024-08-01,FY_24-25,Wal-Mart India Private Limited 4760,Direct,Walmart CNC,North,Madhya Pradesh,Mamaearth,50000.0,90000.0,100.0
Aug'24,2024-08-01,FY_24-25,Wal-Mart India Private Limited 4797,Direct,Walmart CNC,North,Lucknow_UPE,Mamaearth,30000.0,60000.0,100.0
Aug'24,2024-08-01,FY_24-25,Wal-Mart India Private Limited 4799,Direct,Walmart CNC,South-2,Andhra Pradesh,Mamaearth,130000.0,250000.0,100.0
Aug'24,2024-08-01,FY_24-25,Wal-Mart India Private Limited 4803,Direct,Walmart CNC,North,Madhya Pradesh,Mamaearth,-20000.0,-50000.0,100.0
Aug'24,2024-08-01,FY_24-25,Wal-Mart India Private Limited 4805,Direct,Walmart CNC,South-2,Andhra Pradesh,Mamaearth,160000.0,300000.0,100.0
Aug'24,2024-08-01,FY_24-25,Wal-Mart India Private Limited 4813,Direct,Walmart CNC,South-2,Telangana,Mamaearth,30000.0,60000.0,100.0
Aug'24,2024-08-01,FY_24-25,Wal-Mart India Private Limited 4814,Direct,Walmart CNC,South-2,Andhra Pradesh,Mamaearth,30000.0,60000.0,100.0
Aug'24,2024-08-01,FY_24-25,Wellness Forever Medicare Ltd,Direct,Wellness Forever,West,Mumbai,Aqualogica,30000.0,40000.0,100.0
Aug'24,2024-08-01,FY_24-25,Wellness Forever Medicare Ltd,Direct,Wellness Forever,West,Mumbai,BBlunt,150000.0,220000.0,100.0
Aug'24,2024-08-01,FY_24-25,Wellness Forever Medicare Ltd,Direct,Wellness Forever,West,Mumbai,Mamaearth,1040000.0,1740000.0,100.0
Aug'24,2024-08-01,FY_24-25,Wellness Forever Medicare Ltd,Direct,Wellness Forever,West,Mumbai,The Derma Co,880000.0,1490000.0,100.0
Aug'24,2024-08-01,FY_24-25,Wellness Forever Medicare Pvt Ltd,Direct,Wellness Forever,West,Mumbai,Aqualogica,10000.0,20000.0,100.0
Aug'24,2024-08-01,FY_24-25,Wellness Forever Medicare Pvt Ltd,Direct,Wellness Forever,West,Mumbai,BBlunt,70000.0,110000.0,100.0
Aug'24,2024-08-01,FY_24-25,Wellness Forever Medicare Pvt Ltd,Direct,Wellness Forever,West,Mumbai,Mamaearth,450000.0,760000.0,100.0
Aug'24,2024-08-01,FY_24-25,Wellness Forever Medicare Pvt Ltd,Direct,Wellness Forever,West,Mumbai,The Derma Co,60000.0,110000.0,100.0
Aug'24,2024-08-01,FY_24-25,Arc Foods And Beverages_Mt_H&G,Dist.,H&G,South-1,Tamil Nadu,Aqualogica,100000.0,180000.0,90.91
Aug'24,2024-08-01,FY_24-25,Arc Foods And Beverages_Mt_H&G,Dist.,Apollo Healthco,South-1,Tamil Nadu,Aqualogica,10000.0,20000.0,9.09
Aug'24,2024-08-01,FY_24-25,Arc Foods And Beverages_Mt_H&G,Dist.,H&G,South-1,Tamil Nadu,BBlunt,90000.0,140000.0,100.0
Aug'24,2024-08-01,FY_24-25,Arc Foods And Beverages_Mt_H&G,Dist.,Apollo Healthco,South-1,Tamil Nadu,Mamaearth,-100000.0,-180000.0,41.67
Aug'24,2024-08-01,FY_24-25,Arc Foods And Beverages_Mt_H&G,Dist.,H&G,South-1,Tamil Nadu,Mamaearth,-140000.0,-250000.0,58.33
Aug'24,2024-08-01,FY_24-25,Arc Foods And Beverages_Mt_H&G,Dist.,H&G,South-1,Tamil Nadu,The Derma Co,890000.0,1620000.0,94.68
Aug'24,2024-08-01,FY_24-25,Arc Foods And Beverages_Mt_H&G,Dist.,Apollo Healthco,South-1,Tamil Nadu,The Derma Co,50000.0,100000.0,5.32
Aug'24,2024-08-01,FY_24-25,Az Enterprises(Apollo/More)Mt,Dist.,Apollo Healthco,South-1,Karnataka,Aqualogica,40000.0,60000.0,12.9
Aug'24,2024-08-01,FY_24-25,Az Enterprises(Apollo/More)Mt,Dist.,H&G,South-1,Karnataka,Aqualogica,260000.0,420000.0,83.87
Aug'24,2024-08-01,FY_24-25,Az Enterprises(Apollo/More)Mt,Dist.,B&N,South-1,Karnataka,Aqualogica,10000.0,10000.0,3.23
Aug'24,2024-08-01,FY_24-25,Az Enterprises(Apollo/More)Mt,Dist.,H&G,South-1,Karnataka,BBlunt,360000.0,640000.0,76.6
Aug'24,2024-08-01,FY_24-25,Az Enterprises(Apollo/More)Mt,Dist.,B&N,South-1,Karnataka,BBlunt,110000.0,190000.0,23.4
Aug'24,2024-08-01,FY_24-25,Az Enterprises(Apollo/More)Mt,Dist.,Apollo Healthco,South-1,Karnataka,Mamaearth,1710000.0,3130000.0,48.86
Aug'24,2024-08-01,FY_24-25,Az Enterprises(Apollo/More)Mt,Dist.,Lulu,South-1,Karnataka,Mamaearth,320000.0,580000.0,9.14
Aug'24,2024-08-01,FY_24-25,Az Enterprises(Apollo/More)Mt,Dist.,Max Hyper,South-1,Karnataka,Mamaearth,100000.0,190000.0,2.86
Aug'24,2024-08-01,FY_24-25,Az Enterprises(Apollo/More)Mt,Dist.,H&G,South-1,Karnataka,Mamaearth,750000.0,1380000.0,21.43
Aug'24,2024-08-01,FY_24-25,Az Enterprises(Apollo/More)Mt,Dist.,B&N,South-1,Karnataka,Mamaearth,40000.0,70000.0,1.14
Aug'24,2024-08-01,FY_24-25,Az Enterprises(Apollo/More)Mt,Dist.,More Retail,South-1,Karnataka,Mamaearth,580000.0,1070000.0,16.57
Aug'24,2024-08-01,FY_24-25,Az Enterprises(Apollo/More)Mt,Dist.,Apollo Healthco,South-1,Karnataka,The Derma Co,260000.0,430000.0,12.38
Aug'24,2024-08-01,FY_24-25,Az Enterprises(Apollo/More)Mt,Dist.,Lulu,South-1,Karnataka,The Derma Co,40000.0,70000.0,1.9
Aug'24,2024-08-01,FY_24-25,Az Enterprises(Apollo/More)Mt,Dist.,H&G,South-1,Karnataka,The Derma Co,1660000.0,2770000.0,79.05
Aug'24,2024-08-01,FY_24-25,Az Enterprises(Apollo/More)Mt,Dist.,B&N,South-1,Karnataka,The Derma Co,140000.0,230000.0,6.67
Aug'24,2024-08-01,FY_24-25,BALAJI ASSOCIATES Distributor MT,Dist.,V-Mart,East,Northeast-Assam,BBlunt,-10000.0,-10000.0,100.0
Aug'24,2024-08-01,FY_24-25,Chhabra Traders,Dist.,Spencer,North,Lucknow_UPE,BBlunt,10000.0,20000.0,100.0
Aug'24,2024-08-01,FY_24-25,Chhabra Traders,Dist.,Lulu,North,Lucknow_UPE,Mamaearth,420000.0,840000.0,48.84
Aug'24,2024-08-01,FY_24-25,Chhabra Traders,Dist.,Spencer,North,Lucknow_UPE,Mamaearth,440000.0,880000.0,51.16
Aug'24,2024-08-01,FY_24-25,Chhabra Traders,Dist.,Lulu,North,Lucknow_UPE,The Derma Co,190000.0,350000.0,100.0
Aug'24,2024-08-01,FY_24-25,D.L. Sales - MT,Dist.,Apollo Healthco,East,West Bengal,Aqualogica,0.0,0.0,0.0
Aug'24,2024-08-01,FY_24-25,D.L. Sales - MT,Dist.,H&G,East,West Bengal,Aqualogica,0.0,10000.0,0.0
Aug'24,2024-08-01,FY_24-25,D.L. Sales - MT,Dist.,Spencer,East,West Bengal,Aqualogica,70000.0,120000.0,100.0
Aug'24,2024-08-01,FY_24-25,D.L. Sales - MT,Dist.,H&G,East,West Bengal,BBlunt,20000.0,40000.0,66.67
Aug'24,2024-08-01,FY_24-25,D.L. Sales - MT,Dist.,Spencer,East,West Bengal,BBlunt,10000.0,20000.0,33.33
Aug'24,2024-08-01,FY_24-25,D.L. Sales - MT,Dist.,Apollo Healthco,East,West Bengal,Mamaearth,600000.0,1050000.0,29.56
Aug'24,2024-08-01,FY_24-25,D.L. Sales - MT,Dist.,H&G,East,West Bengal,Mamaearth,80000.0,130000.0,3.94
Aug'24,2024-08-01,FY_24-25,D.L. Sales - MT,Dist.,More Retail,East,West Bengal,Mamaearth,220000.0,380000.0,10.84
Aug'24,2024-08-01,FY_24-25,D.L. Sales - MT,Dist.,Spencer,East,West Bengal,Mamaearth,620000.0,1090000.0,30.54
Aug'24,2024-08-01,FY_24-25,D.L. Sales - MT,Dist.,Arambagh,East,West Bengal,Mamaearth,100000.0,170000.0,4.93
Aug'24,2024-08-01,FY_24-25,D.L. Sales - MT,Dist.,V-Mart,East,West Bengal,Mamaearth,150000.0,270000.0,7.39
Aug'24,2024-08-01,FY_24-25,D.L. Sales - MT,Dist.,Frankross,East,West Bengal,Mamaearth,260000.0,440000.0,12.81
Aug'24,2024-08-01,FY_24-25,D.L. Sales - MT,Dist.,Apollo Healthco,East,West Bengal,The Derma Co,20000.0,40000.0,7.69
Aug'24,2024-08-01,FY_24-25,D.L. Sales - MT,Dist.,H&G,East,West Bengal,The Derma Co,140000.0,250000.0,53.85
Aug'24,2024-08-01,FY_24-25,D.L. Sales - MT,Dist.,Spencer,East,West Bengal,The Derma Co,100000.0,180000.0,38.46
Aug'24,2024-08-01,FY_24-25,G.V Enterprises,Dist.,Lulu,South-1,Tamil Nadu,Aqualogica,100000.0,190000.0,100.0
Aug'24,2024-08-01,FY_24-25,G.V Enterprises,Dist.,H&G,South-1,Tamil Nadu,BBlunt,0.0,0.0,
Aug'24,2024-08-01,FY_24-25,G.V Enterprises,Dist.,Apollo Healthco,South-1,Tamil Nadu,Mamaearth,230000.0,470000.0,6.53
Aug'24,2024-08-01,FY_24-25,G.V Enterprises,Dist.,D-Mart,South-1,Tamil Nadu,Mamaearth,2840000.0,5910000.0,80.68
Aug'24,2024-08-01,FY_24-25,G.V Enterprises,Dist.,Lulu,South-1,Tamil Nadu,Mamaearth,200000.0,410000.0,5.68
Aug'24,2024-08-01,FY_24-25,G.V Enterprises,Dist.,Pothys,South-1,Tamil Nadu,Mamaearth,250000.0,510000.0,7.1
Aug'24,2024-08-01,FY_24-25,G.V Enterprises,Dist.,Lulu,South-1,Tamil Nadu,The Derma Co,290000.0,540000.0,100.0
Aug'24,2024-08-01,FY_24-25,Ganapati Distributor MT,Dist.,V-Mart,East,Orissa,Mamaearth,10000.0,20000.0,16.67
Aug'24,2024-08-01,FY_24-25,Ganapati Distributor MT,Dist.,Apollo Healthco,East,Orissa,Mamaearth,50000.0,110000.0,83.33
Aug'24,2024-08-01,FY_24-25,JB Pharma_MT,Dist.,V-Mart,East,Jharkhand,Mamaearth,-130000.0,-590000.0,100.0
Aug'24,2024-08-01,FY_24-25,JUST MARK-Dmart,Dist.,D-Mart,West,Gujarat,Mamaearth,5140000.0,12820000.0,100.0
Aug'24,2024-08-01,FY_24-25,Kiran Trading Co- Dmart,Dist.,D-Mart,West,Pune,Mamaearth,1500000.0,3930000.0,100.0
Aug'24,2024-08-01,FY_24-25,Kiran Trading Company_Ship to,Dist.,D-Mart,West,Pune,Mamaearth,2760000.0,6920000.0,100.0
Aug'24,2024-08-01,FY_24-25,M/S KOTTARAM BUSINESS CORPORATION-MT,Dist.,H&G,South-1,Kerala,Aqualogica,10000.0,10000.0,7.14
Aug'24,2024-08-01,FY_24-25,M/S KOTTARAM BUSINESS CORPORATION-MT,Dist.,Apollo Healthco,South-1,Kerala,Aqualogica,130000.0,240000.0,92.86
Aug'24,2024-08-01,FY_24-25,M/S KOTTARAM BUSINESS CORPORATION-MT,Dist.,H&G,South-1,Kerala,BBlunt,0.0,0.0,
Aug'24,2024-08-01,FY_24-25,M/S KOTTARAM BUSINESS CORPORATION-MT,Dist.,H&G,South-1,Kerala,Mamaearth,40000.0,80000.0,1.65
Aug'24,2024-08-01,FY_24-25,M/S KOTTARAM BUSINESS CORPORATION-MT,Dist.,Lulu,South-1,Kerala,Mamaearth,2160000.0,3960000.0,89.26
Aug'24,2024-08-01,FY_24-25,M/S KOTTARAM BUSINESS CORPORATION-MT,Dist.,Apollo Healthco,South-1,Kerala,Mamaearth,220000.0,400000.0,9.09
Aug'24,2024-08-01,FY_24-25,M/S KOTTARAM BUSINESS CORPORATION-MT,Dist.,Apollo Healthco,South-1,Kerala,The Derma Co,30000.0,50000.0,11.11
Aug'24,2024-08-01,FY_24-25,M/S KOTTARAM BUSINESS CORPORATION-MT,Dist.,H&G,South-1,Kerala,The Derma Co,30000.0,60000.0,11.11
Aug'24,2024-08-01,FY_24-25,M/S KOTTARAM BUSINESS CORPORATION-MT,Dist.,Lulu,South-1,Kerala,The Derma Co,210000.0,390000.0,77.78
Aug'24,2024-08-01,FY_24-25,MARK ENTERPRISE,Dist.,Apollo Healthco,West,Gujarat,Mamaearth,450000.0,820000.0,100.0
Aug'24,2024-08-01,FY_24-25,PRAGATI SALES-Apollo,Dist.,Apollo Healthco,West,Chattishgarh,Mamaearth,460000.0,880000.0,100.0
Aug'24,2024-08-01,FY_24-25,PRAGATI SALES-D-MART,Dist.,D-Mart,West,Chattishgarh,Mamaearth,50000.0,130000.0,100.0
Aug'24,2024-08-01,FY_24-25,R.C. Trade Link H&G,Dist.,H&G,West,Mumbai,Aqualogica,30000.0,50000.0,100.0
Aug'24,2024-08-01,FY_24-25,R.C. Trade Link H&G,Dist.,H&G,West,Mumbai,BBlunt,30000.0,40000.0,100.0
Aug'24,2024-08-01,FY_24-25,R.C. Trade Link H&G,Dist.,H&G,West,Mumbai,Mamaearth,70000.0,140000.0,100.0
Aug'24,2024-08-01,FY_24-25,R.C. Trade Link H&G,Dist.,H&G,West,Mumbai,The Derma Co,110000.0,180000.0,100.0
Aug'24,2024-08-01,FY_24-25,R.D. Enterprises,Dist.,Lulu,North,Lucknow_UPE,Mamaearth,-10000.0,-10000.0,100.0
Aug'24,2024-08-01,FY_24-25,Sancus Networks Private Limited-RMT,Dist.,RMT-Sancus,North,Delhi,BBlunt,40000.0,70000.0,100.0
Aug'24,2024-08-01,FY_24-25,Sancus Networks Private Limited-RMT,Dist.,RMT-Sancus,North,Delhi,Mamaearth,3420000.0,6960000.0,92.18
Aug'24,2024-08-01,FY_24-25,Sancus Networks Private Limited-RMT,Dist.,Max Hyper,North,Delhi,Mamaearth,10000.0,20000.0,0.27
Aug'24,2024-08-01,FY_24-25,Sancus Networks Private Limited-RMT,Dist.,More Retail,North,Delhi,Mamaearth,280000.0,570000.0,7.55
Aug'24,2024-08-01,FY_24-25,Sancus Networks Private Limited-RMT,Dist.,RMT-Sancus,North,Delhi,The Derma Co,40000.0,70000.0,100.0
Aug'24,2024-08-01,FY_24-25,Sathyashree Enterprises-Mt,Dist.,D-Mart,South-1,Karnataka,Mamaearth,750000.0,1880000.0,100.0
Aug'24,2024-08-01,FY_24-25,Sri Lalitha Enterprises,Dist.,Grace Super MKT,South-1,Tamil Nadu,Mamaearth,910000.0,2110000.0,39.22
Aug'24,2024-08-01,FY_24-25,Sri Lalitha Enterprises,Dist.,Pothys,South-1,Tamil Nadu,Mamaearth,680000.0,1580000.0,29.31
Aug'24,2024-08-01,FY_24-25,Sri Lalitha Enterprises,Dist.,Sarvana,South-1,Tamil Nadu,Mamaearth,730000.0,1700000.0,31.47
Aug'24,2024-08-01,FY_24-25,Sri Vijaya Durga Agencies_Mt,Dist.,H&G,South-2,Andhra Pradesh,Aqualogica,-40000.0,-70000.0,100.0
Aug'24,2024-08-01,FY_24-25,Sri Vijaya Durga Agencies_Mt,Dist.,H&G,South-2,Andhra Pradesh,BBlunt,0.0,0.0,
Aug'24,2024-08-01,FY_24-25,Sri Vijaya Durga Agencies_Mt,Dist.,Apollo Healthco,South-2,Andhra Pradesh,Mamaearth,2260000.0,4630000.0,33.93
Aug'24,2024-08-01,FY_24-25,Sri Vijaya Durga Agencies_Mt,Dist.,D-Mart,South-2,Andhra Pradesh,Mamaearth,2790000.0,5710000.0,41.89
Aug'24,2024-08-01,FY_24-25,Sri Vijaya Durga Agencies_Mt,Dist.,H&G,South-2,Andhra Pradesh,Mamaearth,20000.0,50000.0,0.3
Aug'24,2024-08-01,FY_24-25,Sri Vijaya Durga Agencies_Mt,Dist.,Reliance Retail,South-2,Andhra Pradesh,Mamaearth,1420000.0,2910000.0,21.32
Aug'24,2024-08-01,FY_24-25,Sri Vijaya Durga Agencies_Mt,Dist.,More Retail,South-2,Andhra Pradesh,Mamaearth,170000.0,350000.0,2.55
Aug'24,2024-08-01,FY_24-25,Sri Vijaya Durga Agencies_Mt,Dist.,H&G,South-2,Andhra Pradesh,The Derma Co,-20000.0,-40000.0,100.0
Aug'24,2024-08-01,FY_24-25,United Marketing_Mt,Dist.,Apollo Healthco,West,Goa,Mamaearth,30000.0,40000.0,100.0
Aug'24,2024-08-01,FY_24-25,Vanaja Agencies MT_Dmart,Dist.,D-Mart,South-2,Telangana,Mamaearth,9430000.0,24980000.0,100.0
Aug'24,2024-08-01,FY_24-25,Vanaja Agencies_Mt,Dist.,H&G,South-2,Telangana,Aqualogica,40000.0,80000.0,57.14
Aug'24,2024-08-01,FY_24-25,Vanaja Agencies_Mt,Dist.,Reliance Retail,South-2,Telangana,Aqualogica,10000.0,20000.0,14.29
Aug'24,2024-08-01,FY_24-25,Vanaja Agencies_Mt,Dist.,Lulu,South-2,Telangana,Aqualogica,10000.0,10000.0,14.29
Aug'24,2024-08-01,FY_24-25,Vanaja Agencies_Mt,Dist.,B&N,South-2,Telangana,Aqualogica,10000.0,10000.0,14.29
Aug'24,2024-08-01,FY_24-25,Vanaja Agencies_Mt,Dist.,Apollo Healthco,South-2,Telangana,Aqualogica,0.0,10000.0,0.0
Aug'24,2024-08-01,FY_24-25,Vanaja Agencies_Mt,Dist.,H&G,South-2,Telangana,BBlunt,110000.0,170000.0,78.57
Aug'24,2024-08-01,FY_24-25,Vanaja Agencies_Mt,Dist.,B&N,South-2,Telangana,BBlunt,30000.0,40000.0,21.43
Aug'24,2024-08-01,FY_24-25,Vanaja Agencies_Mt,Dist.,Apollo Healthco,South-2,Telangana,Mamaearth,450000.0,950000.0,25.57
Aug'24,2024-08-01,FY_24-25,Vanaja Agencies_Mt,Dist.,H&G,South-2,Telangana,Mamaearth,200000.0,420000.0,11.36
Aug'24,2024-08-01,FY_24-25,Vanaja Agencies_Mt,Dist.,Vijetha,South-2,Telangana,Mamaearth,100000.0,220000.0,5.68
Aug'24,2024-08-01,FY_24-25,Vanaja Agencies_Mt,Dist.,More Retail,South-2,Telangana,Mamaearth,170000.0,360000.0,9.66
Aug'24,2024-08-01,FY_24-25,Vanaja Agencies_Mt,Dist.,Reliance Retail,South-2,Telangana,Mamaearth,570000.0,1200000.0,32.39
Aug'24,2024-08-01,FY_24-25,Vanaja Agencies_Mt,Dist.,Lulu,South-2,Telangana,Mamaearth,40000.0,90000.0,2.27
Aug'24,2024-08-01,FY_24-25,Vanaja Agencies_Mt,Dist.,Ratnadeep,South-2,Telangana,Mamaearth,220000.0,470000.0,12.5
Aug'24,2024-08-01,FY_24-25,Vanaja Agencies_Mt,Dist.,B&N,South-2,Telangana,Mamaearth,10000.0,20000.0,0.57
Aug'24,2024-08-01,FY_24-25,Vanaja Agencies_Mt,Dist.,H&G,South-2,Telangana,The Derma Co,230000.0,420000.0,82.14
Aug'24,2024-08-01,FY_24-25,Vanaja Agencies_Mt,Dist.,Lulu,South-2,Telangana,The Derma Co,10000.0,20000.0,3.57
Aug'24,2024-08-01,FY_24-25,Vanaja Agencies_Mt,Dist.,B&N,South-2,Telangana,The Derma Co,10000.0,20000.0,3.57
Aug'24,2024-08-01,FY_24-25,Vanaja Agencies_Mt,Dist.,Apollo Healthco,South-2,Telangana,The Derma Co,30000.0,60000.0,10.71
Aug'24,2024-08-01,FY_24-25,VISHAL ENTERPRISES_Solapur,Dist.,D-Mart,West,Pune,Mamaearth,1650000.0,4270000.0,100.0
Sep'24,2024-09-01,FY_24-25,APOLLO HEALTHCO LIMITED_AHMEDABAD,Direct,Apollo Healthco,West,Gujarat,Mamaearth,90000.0,260000.0,100.0
Sep'24,2024-09-01,FY_24-25,Apollo Healthco Limited_Bhiwandi,Direct,Apollo Healthco,West,Mumbai,Aqualogica,10000.0,20000.0,100.0
Sep'24,2024-09-01,FY_24-25,Apollo Healthco Limited_Bhiwandi,Direct,Apollo Healthco,West,Mumbai,Mamaearth,380000.0,820000.0,100.0
Sep'24,2024-09-01,FY_24-25,Apollo Healthco Limited_Bhiwandi,Direct,Apollo Healthco,West,Mumbai,The Derma Co,90000.0,150000.0,100.0
Sep'24,2024-09-01,FY_24-25,Apollo Healthco Limited_Faridabad,Direct,Apollo Healthco,North,Haryana,Aqualogica,50000.0,90000.0,100.0
Sep'24,2024-09-01,FY_24-25,Apollo Healthco Limited_Faridabad,Direct,Apollo Healthco,North,Haryana,Mamaearth,1380000.0,3160000.0,100.0
Sep'24,2024-09-01,FY_24-25,Apollo Healthco Limited_Faridabad,Direct,Apollo Healthco,North,Haryana,The Derma Co,300000.0,510000.0,100.0
Sep'24,2024-09-01,FY_24-25,Apollo Healthco Limited_Rajasthan,Direct,Apollo Healthco,North,Rajasthan,Mamaearth,240000.0,600000.0,100.0
Sep'24,2024-09-01,FY_24-25,Apollo Healthco Limited-Bangalore,Direct,Apollo Healthco,South-1,Karnataka,Mamaearth,100000.0,300000.0,100.0
Sep'24,2024-09-01,FY_24-25,Apollo Healthco Limited-Chennai,Direct,Apollo Healthco,South-1,Tamil Nadu,Mamaearth,100000.0,320000.0,100.0
Sep'24,2024-09-01,FY_24-25,APOLLO HEALTHCO LIMITED-Chittor,Direct,Apollo Healthco,South-2,Andhra Pradesh,Mamaearth,50000.0,170000.0,100.0
Sep'24,2024-09-01,FY_24-25,Apollo Healthco Limited-Goa,Direct,Apollo Healthco,West,Goa,Mamaearth,20000.0,60000.0,100.0
Sep'24,2024-09-01,FY_24-25,Apollo Healthco Limited-Hubbli,Direct,Apollo Healthco,South-1,Karnataka,Mamaearth,180000.0,580000.0,100.0
Sep'24,2024-09-01,FY_24-25,APOLLO HEALTHCO LIMITED-Madurai,Direct,Apollo Healthco,South-1,Tamil Nadu,Mamaearth,60000.0,170000.0,100.0
Sep'24,2024-09-01,FY_24-25,Apollo Healthco Limited-Ore,Direct,Apollo Healthco,East,Orissa,Mamaearth,40000.0,140000.0,100.0
Sep'24,2024-09-01,FY_24-25,Apollo Healthco Limited-Sanath Nagar,Direct,Apollo Healthco,South-2,Telangana,Mamaearth,30000.0,100000.0,100.0
Sep'24,2024-09-01,FY_24-25,APOLLO HEALTHCO LIMITED-Vijayawada,Direct,Apollo Healthco,South-2,Andhra Pradesh,Mamaearth,30000.0,110000.0,100.0
Sep'24,2024-09-01,FY_24-25,APOLLO HEALTHCO LIMITED-WB,Direct,Apollo Healthco,East,West Bengal,Mamaearth,220000.0,700000.0,100.0
Sep'24,2024-09-01,FY_24-25,APOLLO HEALTHCO LIMITED-WB-2,Direct,Apollo Healthco,East,West Bengal,Mamaearth,470000.0,1470000.0,100.0
Sep'24,2024-09-01,FY_24-25,Apollo Healthco Ltd_Raipur,Direct,Apollo Healthco,West,Chattishgarh,Mamaearth,140000.0,340000.0,100.0
Sep'24,2024-09-01,FY_24-25,Apollo Hospitals Enterprise Ltd(Offline),Direct,Apollo Healthco,North,Haryana,Mamaearth,0.0,0.0,100.0
Sep'24,2024-09-01,FY_24-25,Avenue E Commerce Limited(Belapur),Direct,D-Mart,West,Mumbai,Aqualogica,10000.0,10000.0,100.0
Sep'24,2024-09-01,FY_24-25,Avenue E Commerce Limited(Ck Palya),Direct,D-Mart,South-1,Karnataka,Aqualogica,10000.0,30000.0,100.0
Sep'24,2024-09-01,FY_24-25,Avenue E Commerce Limited(Kanjur),Direct,D-Mart,West,Mumbai,Aqualogica,10000.0,20000.0,100.0
Sep'24,2024-09-01,FY_24-25,Avenue E Commerce Limited(Kanjur),Direct,D-Mart,West,Mumbai,The Derma Co,10000.0,20000.0,100.0
Sep'24,2024-09-01,FY_24-25,Avenue E Commerce Limited(Kiwale),Direct,D-Mart,West,Pune,Aqualogica,10000.0,20000.0,100.0
Sep'24,2024-09-01,FY_24-25,Avenue E Commerce Limited(Kiwale),Direct,D-Mart,West,Pune,The Derma Co,40000.0,80000.0,100.0
Sep'24,2024-09-01,FY_24-25,Avenue E Commerce Limited(Kushaiguda),Direct,D-Mart,South-2,Telangana,Aqualogica,0.0,0.0,100.0
Sep'24,2024-09-01,FY_24-25,Avenue E Commerce Limited(Kushaiguda),Direct,D-Mart,South-2,Telangana,The Derma Co,10000.0,20000.0,100.0
Sep'24,2024-09-01,FY_24-25,Avenue E Commerce Limited(Mira Road) N2,Direct,D-Mart,West,Pune,Aqualogica,10000.0,20000.0,100.0
Sep'24,2024-09-01,FY_24-25,Avenue E Commerce Limited(Mira Road) N2,Direct,D-Mart,West,Pune,The Derma Co,20000.0,40000.0,100.0
Sep'24,2024-09-01,FY_24-25,Avenue E Commerce Limited(Nahur),Direct,D-Mart,West,Mumbai,Aqualogica,30000.0,50000.0,100.0
Sep'24,2024-09-01,FY_24-25,Avenue E Commerce Limited(Nahur),Direct,D-Mart,West,Mumbai,The Derma Co,30000.0,70000.0,100.0
Sep'24,2024-09-01,FY_24-25,Avenue E Commerce Limited_GachibowlI,Direct,D-Mart,South-2,Telangana,Aqualogica,0.0,0.0,100.0
Sep'24,2024-09-01,FY_24-25,Avenue E Commerce Limited_GachibowlI,Direct,D-Mart,South-2,Telangana,The Derma Co,10000.0,20000.0,100.0
Sep'24,2024-09-01,FY_24-25,Avenue E Commerce Limited_Panvel-2,Direct,D-Mart,West,Pune,Aqualogica,10000.0,10000.0,100.0
Sep'24,2024-09-01,FY_24-25,Avenue E Commerce Ltd._Hennur Fc-Ka,Direct,D-Mart,South-1,Karnataka,Aqualogica,10000.0,20000.0,100.0
Sep'24,2024-09-01,FY_24-25,Avenue E Commerce Ltd_CadburyFC.,Direct,D-Mart,West,Mumbai,Aqualogica,10000.0,20000.0,100.0
Sep'24,2024-09-01,FY_24-25,Avenue E Commerce Ltd_CadburyFC.,Direct,D-Mart,West,Mumbai,The Derma Co,30000.0,50000.0,100.0
Sep'24,2024-09-01,FY_24-25,Avenue E Commerce Ltd_Hoodi FC,Direct,D-Mart,South-1,Karnataka,Aqualogica,0.0,0.0,100.0
Sep'24,2024-09-01,FY_24-25,Avenue E Commerce Ltd_Manpada,Direct,D-Mart,West,Mumbai,Aqualogica,20000.0,50000.0,100.0
Sep'24,2024-09-01,FY_24-25,Avenue E Commerce Ltd_Manpada,Direct,D-Mart,West,Mumbai,The Derma Co,30000.0,60000.0,100.0
Sep'24,2024-09-01,FY_24-25,Avenue Supermarts Ltd.-DC-1032,Direct,D-Mart,South-1,Karnataka,Mamaearth,6020000.0,14970000.0,100.0
Sep'24,2024-09-01,FY_24-25,Avenue Supermarts Ltd.-DC-1039,Direct,D-Mart,West,Mumbai,BBlunt,80000.0,160000.0,100.0
Sep'24,2024-09-01,FY_24-25,Avenue Supermarts Ltd.-DC-1039,Direct,D-Mart,West,Mumbai,Mamaearth,10990000.0,27060000.0,100.0
Sep'24,2024-09-01,FY_24-25,Avenue Supermarts Ltd.-DC-1049,Direct,D-Mart,North,Madhya Pradesh,Mamaearth,3640000.0,9500000.0,100.0
Sep'24,2024-09-01,FY_24-25,Avenue Supermarts Ltd.-DC-1050,Direct,D-Mart,North,Punjab,Mamaearth,1940000.0,4940000.0,100.0
Sep'24,2024-09-01,FY_24-25,Avenue Supermarts Ltd.-DC-1056,Direct,D-Mart,West,Gujarat,Mamaearth,-430000.0,-960000.0,100.0
Sep'24,2024-09-01,FY_24-25,Avenue Supermarts Ltd.-DC-1068,Direct,D-Mart,North,Rajasthan,Mamaearth,2460000.0,6520000.0,100.0
Sep'24,2024-09-01,FY_24-25,Guardian Healthcare Services Pvt Ltd(DL),Direct,Guardian,North,Delhi,Mamaearth,100000.0,190000.0,100.0
Sep'24,2024-09-01,FY_24-25,Guardian Healthcare Services Pvt Ltd(DL),Direct,Guardian,North,Delhi,The Derma Co,40000.0,90000.0,100.0
Sep'24,2024-09-01,FY_24-25,Metro Cash & Carry India Pvt Ltd -(DC27)-T0SJ,Direct,Metro-CNC-RRL,South-1,Karnataka,BBlunt,0.0,10000.0,100.0
Sep'24,2024-09-01,FY_24-25,Metro Cash & Carry India Pvt Ltd -(DC27)-T0SJ,Direct,Metro-CNC-RRL,South-1,Karnataka,Mamaearth,10000.0,30000.0,100.0
Sep'24,2024-09-01,FY_24-25,Metro Cash & Carry India Pvt Ltd-(DC10)-T0SM,Direct,Metro-CNC-RRL,South-1,Karnataka,BBlunt,40000.0,60000.0,100.0
Sep'24,2024-09-01,FY_24-25,Metro Cash & Carry India Pvt Ltd-(DC10)-T0SM,Direct,Metro-CNC-RRL,South-1,Karnataka,Mamaearth,400000.0,810000.0,100.0
Sep'24,2024-09-01,FY_24-25,Metro Cash & Carry India Pvt Ltd-(DC11)-T0SL,Direct,Metro-CNC-RRL,South-1,Karnataka,BBlunt,40000.0,60000.0,100.0
Sep'24,2024-09-01,FY_24-25,Metro Cash & Carry India Pvt Ltd-(DC11)-T0SL,Direct,Metro-CNC-RRL,South-1,Karnataka,Mamaearth,240000.0,510000.0,100.0
Sep'24,2024-09-01,FY_24-25,Metro Cash & Carry India Pvt Ltd-(DC11)-T0SL,Direct,Metro-CNC-RRL,South-1,Karnataka,The Derma Co,10000.0,20000.0,100.0
Sep'24,2024-09-01,FY_24-25,Metro Cash & Carry India Pvt Ltd-(DC12)-T0QX,Direct,Metro-CNC-RRL,South-2,Telangana,Aqualogica,20000.0,40000.0,100.0
Sep'24,2024-09-01,FY_24-25,Metro Cash & Carry India Pvt Ltd-(DC12)-T0QX,Direct,Metro-CNC-RRL,South-2,Telangana,BBlunt,20000.0,30000.0,100.0
Sep'24,2024-09-01,FY_24-25,Metro Cash & Carry India Pvt Ltd-(DC12)-T0QX,Direct,Metro-CNC-RRL,South-2,Telangana,Mamaearth,250000.0,550000.0,100.0
Sep'24,2024-09-01,FY_24-25,Metro Cash & Carry India Pvt Ltd-(DC12)-T0QX,Direct,Metro-CNC-RRL,South-2,Telangana,The Derma Co,10000.0,20000.0,100.0
Sep'24,2024-09-01,FY_24-25,Metro Cash & Carry India Pvt Ltd-(DC15)-T0QY,Direct,Metro-CNC-RRL,South-2,Telangana,Mamaearth,220000.0,450000.0,100.0
Sep'24,2024-09-01,FY_24-25,Metro Cash & Carry India Pvt Ltd-(DC16)-T0QZ,Direct,Metro-CNC-RRL,South-2,Telangana,BBlunt,20000.0,30000.0,100.0
Sep'24,2024-09-01,FY_24-25,Metro Cash & Carry India Pvt Ltd-(DC16)-T0QZ,Direct,Metro-CNC-RRL,South-2,Telangana,Mamaearth,280000.0,580000.0,100.0
Sep'24,2024-09-01,FY_24-25,Metro Cash & Carry India Pvt Ltd-(DC17)-T0QT,Direct,Metro-CNC-RRL,South-2,Andhra Pradesh,Mamaearth,130000.0,250000.0,100.0
Sep'24,2024-09-01,FY_24-25,Metro Cash & Carry India Pvt Ltd-(DC20)-T0RK,Direct,Metro-CNC-RRL,West,Mumbai,Mamaearth,210000.0,420000.0,100.0
Sep'24,2024-09-01,FY_24-25,Metro Cash & Carry India Pvt Ltd-(DC23)-T0RL,Direct,Metro-CNC-RRL,West,Mumbai,Aqualogica,0.0,0.0,100.0
Sep'24,2024-09-01,FY_24-25,Metro Cash & Carry India Pvt Ltd-(DC23)-T0RL,Direct,Metro-CNC-RRL,West,Mumbai,BBlunt,10000.0,20000.0,100.0
Sep'24,2024-09-01,FY_24-25,Metro Cash & Carry India Pvt Ltd-(DC23)-T0RL,Direct,Metro-CNC-RRL,West,Mumbai,Mamaearth,20000.0,50000.0,100.0
Sep'24,2024-09-01,FY_24-25,Metro Cash & Carry India Pvt Ltd-(DC23)-T0RL,Direct,Metro-CNC-RRL,West,Mumbai,The Derma Co,0.0,0.0,100.0
Sep'24,2024-09-01,FY_24-25,Metro Cash & Carry India Pvt Ltd-(DC24)-T0RJ,Direct,Metro-CNC-RRL,North,Madhya Pradesh,BBlunt,10000.0,10000.0,100.0
Sep'24,2024-09-01,FY_24-25,Metro Cash & Carry India Pvt Ltd-(DC24)-T0RJ,Direct,Metro-CNC-RRL,North,Madhya Pradesh,Mamaearth,100000.0,180000.0,100.0
Sep'24,2024-09-01,FY_24-25,Metro Cash & Carry India Pvt Ltd-(DC26)-T0SP,Direct,Metro-CNC-RRL,South-1,Karnataka,BBlunt,0.0,10000.0,100.0
Sep'24,2024-09-01,FY_24-25,Metro Cash & Carry India Pvt Ltd-(DC26)-T0SP,Direct,Metro-CNC-RRL,South-1,Karnataka,Mamaearth,170000.0,340000.0,100.0
Sep'24,2024-09-01,FY_24-25,Metro Cash & Carry India Pvt Ltd-(DC26)-T0SP,Direct,Metro-CNC-RRL,South-1,Karnataka,The Derma Co,30000.0,40000.0,100.0
Sep'24,2024-09-01,FY_24-25,Metro Cash & Carry India Pvt Ltd-(DC28)-T0RF,Direct,Metro-CNC-RRL,West,Gujarat,Mamaearth,140000.0,260000.0,100.0
Sep'24,2024-09-01,FY_24-25,Metro Cash & Carry India Pvt Ltd-(DC29)-T0RA,Direct,Metro-CNC-RRL,South-2,Telangana,BBlunt,30000.0,40000.0,100.0
Sep'24,2024-09-01,FY_24-25,Metro Cash & Carry India Pvt Ltd-(DC29)-T0RA,Direct,Metro-CNC-RRL,South-2,Telangana,Mamaearth,320000.0,600000.0,100.0
Sep'24,2024-09-01,FY_24-25,Metro Cash & Carry India Pvt Ltd-(DC30)-T0RM,Direct,Metro-CNC-RRL,West,Pune,Mamaearth,0.0,0.0,100.0
Sep'24,2024-09-01,FY_24-25,Metro Cash & Carry India Pvt Ltd-(DC32)-T0QU,Direct,Metro-CNC-RRL,North,UPW,Mamaearth,170000.0,310000.0,100.0
Sep'24,2024-09-01,FY_24-25,Metro Cash & Carry India Pvt Ltd-(DC36)-T0RH,Direct,Metro-CNC-RRL,South-2,Andhra Pradesh,BBlunt,10000.0,20000.0,100.0
Sep'24,2024-09-01,FY_24-25,Metro Cash & Carry India Pvt Ltd-(DC36)-T0RH,Direct,Metro-CNC-RRL,South-2,Andhra Pradesh,Mamaearth,170000.0,350000.0,100.0
Sep'24,2024-09-01,FY_24-25,Metro Cash & Carry India Pvt Ltd-(DC37)-T0RD,Direct,Metro-CNC-RRL,South-2,Andhra Pradesh,BBlunt,10000.0,20000.0,100.0
Sep'24,2024-09-01,FY_24-25,Metro Cash & Carry India Pvt Ltd-(DC37)-T0RD,Direct,Metro-CNC-RRL,South-2,Andhra Pradesh,Mamaearth,180000.0,370000.0,100.0
Sep'24,2024-09-01,FY_24-25,Metro Cash & Carry India Pvt Ltd-(DC43)-T2YF,Direct,Metro-CNC-RRL,North,Punjab,Aqualogica,620000.0,970000.0,100.0
Sep'24,2024-09-01,FY_24-25,Metro Cash & Carry India Pvt Ltd-(DC43)-T2YF,Direct,Metro-CNC-RRL,North,Punjab,BBlunt,20000.0,30000.0,100.0
Sep'24,2024-09-01,FY_24-25,Metro Cash & Carry India Pvt Ltd-(DC43)-T2YF,Direct,Metro-CNC-RRL,North,Punjab,Mamaearth,270000.0,500000.0,100.0
Sep'24,2024-09-01,FY_24-25,Metro Cash & Carry India Pvt Ltd-(DC43)-T2YF,Direct,Metro-CNC-RRL,North,Punjab,The Derma Co,260000.0,410000.0,100.0
Sep'24,2024-09-01,FY_24-25,Metro Cash & Carry India Pvt Ltd-(DC45)-T0RE,Direct,Metro-CNC-RRL,North,Rajasthan,BBlunt,10000.0,20000.0,100.0
Sep'24,2024-09-01,FY_24-25,Metro Cash & Carry India Pvt Ltd-(DC45)-T0RE,Direct,Metro-CNC-RRL,North,Rajasthan,Mamaearth,140000.0,260000.0,100.0
Sep'24,2024-09-01,FY_24-25,Metro Cash & Carry India Pvt Ltd-(DC46)-T0RC,Direct,Metro-CNC-RRL,North,Delhi,BBlunt,30000.0,50000.0,100.0
Sep'24,2024-09-01,FY_24-25,Metro Cash & Carry India Pvt Ltd-(DC46)-T0RC,Direct,Metro-CNC-RRL,North,Delhi,Mamaearth,370000.0,710000.0,100.0
Sep'24,2024-09-01,FY_24-25,Metro Cash & Carry India Pvt Ltd-(DC47)-T0SI,Direct,Metro-CNC-RRL,North,Punjab,BBlunt,10000.0,10000.0,100.0
Sep'24,2024-09-01,FY_24-25,Metro Cash & Carry India Pvt Ltd-(DC47)-T0SI,Direct,Metro-CNC-RRL,North,Punjab,Mamaearth,60000.0,110000.0,100.0
Sep'24,2024-09-01,FY_24-25,Metro Cash & Carry India Pvt Ltd-(DC48)-T0SK,Direct,Metro-CNC-RRL,North,Punjab,Mamaearth,20000.0,50000.0,100.0
Sep'24,2024-09-01,FY_24-25,Metro Cash & Carry India Pvt Ltd-(DC52)-T0RI,Direct,Metro-CNC-RRL,North,Delhi,BBlunt,20000.0,20000.0,100.0
Sep'24,2024-09-01,FY_24-25,Metro Cash & Carry India Pvt Ltd-(DC52)-T0RI,Direct,Metro-CNC-RRL,North,Delhi,Mamaearth,200000.0,380000.0,100.0
Sep'24,2024-09-01,FY_24-25,Metro Cash & Carry India Pvt Ltd-(DC53)-T0QV,Direct,Metro-CNC-RRL,North,Lucknow_UPE,BBlunt,10000.0,10000.0,100.0
Sep'24,2024-09-01,FY_24-25,Metro Cash & Carry India Pvt Ltd-(DC53)-T0QV,Direct,Metro-CNC-RRL,North,Lucknow_UPE,Mamaearth,370000.0,710000.0,100.0
Sep'24,2024-09-01,FY_24-25,Metro Cash & Carry India Pvt Ltd-(DC54)-T0QW,Direct,Metro-CNC-RRL,North,UPW,Mamaearth,30000.0,70000.0,100.0
Sep'24,2024-09-01,FY_24-25,Metro Cash & Carry India Pvt Ltd-(DC60)-T0QS,Direct,Metro-CNC-RRL,East,West Bengal,Aqualogica,410000.0,640000.0,100.0
Sep'24,2024-09-01,FY_24-25,Metro Cash & Carry India Pvt Ltd-(DC60)-T0QS,Direct,Metro-CNC-RRL,East,West Bengal,BBlunt,70000.0,120000.0,100.0
Sep'24,2024-09-01,FY_24-25,Metro Cash & Carry India Pvt Ltd-(DC60)-T0QS,Direct,Metro-CNC-RRL,East,West Bengal,Mamaearth,1010000.0,1920000.0,100.0
Sep'24,2024-09-01,FY_24-25,Metro Cash & Carry India Pvt Ltd-(DC60)-T0QS,Direct,Metro-CNC-RRL,East,West Bengal,The Derma Co,80000.0,130000.0,100.0
Sep'24,2024-09-01,FY_24-25,Metro Cash & Carry India Pvt Ltd_DC33(T0SQ),Direct,Metro-CNC-RRL,South-1,Karnataka,Mamaearth,180000.0,340000.0,100.0
Sep'24,2024-09-01,FY_24-25,Metro Cash & Carry India Pvt Ltd_T0SO,Direct,Metro-CNC-RRL,South-1,Karnataka,Mamaearth,70000.0,130000.0,100.0
Sep'24,2024-09-01,FY_24-25,Metro Cash & Carry India Pvt Ltd_T2FM,Direct,Metro-CNC-RRL,West,Mumbai,Aqualogica,-10000.0,-10000.0,100.0
Sep'24,2024-09-01,FY_24-25,Metro Cash & Carry India Pvt Ltd_T2FM,Direct,Metro-CNC-RRL,West,Mumbai,BBlunt,-20000.0,-30000.0,100.0
Sep'24,2024-09-01,FY_24-25,Metro Cash & Carry India Pvt Ltd_T2FM,Direct,Metro-CNC-RRL,West,Mumbai,Mamaearth,90000.0,170000.0,100.0
Sep'24,2024-09-01,FY_24-25,Metro Cash & Carry India Pvt Ltd_T2FM,Direct,Metro-CNC-RRL,West,Mumbai,The Derma Co,-40000.0,-60000.0,100.0
Sep'24,2024-09-01,FY_24-25,Metro Cash & Carry India Pvt Ltd_T2RP,Direct,Metro-CNC-RRL,West,Pune,Aqualogica,140000.0,210000.0,100.0
Sep'24,2024-09-01,FY_24-25,Metro Cash & Carry India Pvt Ltd_T2RP,Direct,Metro-CNC-RRL,West,Pune,BBlunt,90000.0,140000.0,100.0
Sep'24,2024-09-01,FY_24-25,Metro Cash & Carry India Pvt Ltd_T2RP,Direct,Metro-CNC-RRL,West,Pune,Mamaearth,610000.0,1200000.0,100.0
Sep'24,2024-09-01,FY_24-25,Metro Cash & Carry India Pvt Ltd_T2RP,Direct,Metro-CNC-RRL,West,Pune,The Derma Co,480000.0,750000.0,100.0
Sep'24,2024-09-01,FY_24-25,Octopolis Technologies Pvt Ltd,Direct,Apna Klub,North,UPW,Mamaearth,0.0,0.0,100.0
Sep'24,2024-09-01,FY_24-25,Reliance Retail Limited Ce08,Direct,Reliance Retail,East,Jharkhand,Mamaearth,2420000.0,6810000.0,100.0
Sep'24,2024-09-01,FY_24-25,Reliance Retail Limited Cf08,Direct,Reliance Retail,West,Mumbai,Mamaearth,500000.0,1160000.0,100.0
Sep'24,2024-09-01,FY_24-25,Reliance Retail Limited Cf08,Direct,Reliance Retail,West,Mumbai,The Derma Co,-40000.0,-70000.0,100.0
Sep'24,2024-09-01,FY_24-25,Reliance Retail Limited Ct08,Direct,Reliance Retail,North,Rajasthan,Mamaearth,-200000.0,-570000.0,100.0
Sep'24,2024-09-01,FY_24-25,Reliance Retail Limited Ea08,Direct,Reliance Retail,North,Haryana,Mamaearth,740000.0,1940000.0,100.0
Sep'24,2024-09-01,FY_24-25,Reliance Retail Limited Fb08,Direct,Reliance Retail,North,Punjab,Mamaearth,1770000.0,4450000.0,100.0
Sep'24,2024-09-01,FY_24-25,Reliance Retail Limited Fd08,Direct,Reliance Retail,South-1,Karnataka,Mamaearth,250000.0,660000.0,100.0
Sep'24,2024-09-01,FY_24-25,Reliance Retail Limited R468,Direct,Reliance Retail,South-2,Andhra Pradesh,Mamaearth,120000.0,230000.0,100.0
Sep'24,2024-09-01,FY_24-25,Reliance Retail Limited R701,Direct,Reliance Retail,West,Gujarat,Aqualogica,30000.0,40000.0,100.0
Sep'24,2024-09-01,FY_24-25,Reliance Retail Limited R701,Direct,Reliance Retail,West,Gujarat,Mamaearth,1650000.0,4010000.0,100.0
Sep'24,2024-09-01,FY_24-25,Reliance Retail Limited R703,Direct,Reliance Retail,South-1,Tamil Nadu,Mamaearth,100000.0,250000.0,100.0
Sep'24,2024-09-01,FY_24-25,Reliance Retail Limited R801,Direct,Reliance Retail,East,Orissa,Aqualogica,20000.0,30000.0,100.0
Sep'24,2024-09-01,FY_24-25,Reliance Retail Limited R801,Direct,Reliance Retail,East,Orissa,Mamaearth,1830000.0,5000000.0,100.0
Sep'24,2024-09-01,FY_24-25,Reliance Retail Limited Sc79,Direct,Reliance Retail,West,Mumbai,Aqualogica,20000.0,30000.0,100.0
Sep'24,2024-09-01,FY_24-25,Reliance Retail Limited Sc79,Direct,Reliance Retail,West,Mumbai,Mamaearth,280000.0,1040000.0,100.0
Sep'24,2024-09-01,FY_24-25,Reliance Retail Limited Sc79,Direct,Reliance Retail,West,Mumbai,The Derma Co,70000.0,110000.0,100.0
Sep'24,2024-09-01,FY_24-25,Reliance Retail Limited Sc86,Direct,Reliance Retail,South-1,Karnataka,Mamaearth,-50000.0,-120000.0,100.0
Sep'24,2024-09-01,FY_24-25,Reliance Retail Limited_2302,Direct,Reliance Retail,East,Jharkhand,Mamaearth,120000.0,200000.0,100.0
Sep'24,2024-09-01,FY_24-25,Reliance Retail Limited_2364,Direct,Reliance Retail,North,Haryana,Mamaearth,40000.0,60000.0,100.0
Sep'24,2024-09-01,FY_24-25,Reliance Retail Limited_2995,Direct,Reliance Retail,North,Haryana,Mamaearth,40000.0,70000.0,100.0
Sep'24,2024-09-01,FY_24-25,Reliance Retail Limited_2996,Direct,Reliance Retail,North,Punjab,Mamaearth,40000.0,70000.0,100.0
Sep'24,2024-09-01,FY_24-25,Reliance Retail Limited_3210,Direct,Reliance Retail,North,Madhya Pradesh,Mamaearth,30000.0,50000.0,100.0
Sep'24,2024-09-01,FY_24-25,Reliance Retail Limited_6209,Direct,Reliance Retail,West,Pune,Mamaearth,10000.0,10000.0,100.0
Sep'24,2024-09-01,FY_24-25,Reliance Retail Limited_6221,Direct,Reliance Retail,West,Mumbai,Mamaearth,20000.0,30000.0,100.0
Sep'24,2024-09-01,FY_24-25,Reliance Retail Limited_6717,Direct,Reliance Retail,North,Rajasthan,Mamaearth,30000.0,50000.0,100.0
Sep'24,2024-09-01,FY_24-25,Reliance Retail Limited_6719,Direct,Reliance Retail,West,Pune,Mamaearth,20000.0,30000.0,100.0
Sep'24,2024-09-01,FY_24-25,Reliance Retail Limited_6722,Direct,Reliance Retail,North,Delhi,Mamaearth,30000.0,50000.0,100.0
Sep'24,2024-09-01,FY_24-25,Reliance Retail Limited_6727,Direct,Reliance Retail,North,Haryana,Mamaearth,30000.0,60000.0,100.0
Sep'24,2024-09-01,FY_24-25,Reliance Retail Limited_Cy08-Kerala,Direct,Reliance Retail,South-1,Kerala,Aqualogica,20000.0,30000.0,100.0
Sep'24,2024-09-01,FY_24-25,Reliance Retail Limited_Cy08-Kerala,Direct,Reliance Retail,South-1,Kerala,Mamaearth,2910000.0,5990000.0,100.0
Sep'24,2024-09-01,FY_24-25,Reliance Retail Limited_Cy08-Kerala,Direct,Reliance Retail,South-1,Kerala,The Derma Co,110000.0,180000.0,100.0
Sep'24,2024-09-01,FY_24-25,Reliance Retail Limited_FR00,Direct,Reliance Retail,West,Mumbai,Mamaearth,20000.0,30000.0,100.0
Sep'24,2024-09-01,FY_24-25,Reliance Retail Limited_FR02,Direct,Reliance Retail,West,Mumbai,Mamaearth,30000.0,50000.0,100.0
Sep'24,2024-09-01,FY_24-25,Reliance Retail Limited_FR03,Direct,Reliance Retail,West,Mumbai,Mamaearth,20000.0,30000.0,100.0
Sep'24,2024-09-01,FY_24-25,Reliance Retail Limited_FR10,Direct,Reliance Retail,West,Mumbai,Mamaearth,20000.0,30000.0,100.0
Sep'24,2024-09-01,FY_24-25,Reliance Retail Limited_FR27,Direct,Reliance Retail,North,Madhya Pradesh,Mamaearth,70000.0,130000.0,100.0
Sep'24,2024-09-01,FY_24-25,Reliance Retail Limited_FR30,Direct,Reliance Retail,North,Madhya Pradesh,Mamaearth,60000.0,110000.0,100.0
Sep'24,2024-09-01,FY_24-25,Reliance Retail Limited_FR60,Direct,Reliance Retail,West,Gujarat,Mamaearth,30000.0,50000.0,100.0
Sep'24,2024-09-01,FY_24-25,Reliance Retail Limited_FR62,Direct,Reliance Retail,East,Orissa,BBlunt,10000.0,10000.0,100.0
Sep'24,2024-09-01,FY_24-25,Reliance Retail Limited_FR62,Direct,Reliance Retail,East,Orissa,Mamaearth,30000.0,50000.0,100.0
Sep'24,2024-09-01,FY_24-25,Reliance Retail Limited_FR62,Direct,Reliance Retail,East,Orissa,The Derma Co,0.0,10000.0,100.0
Sep'24,2024-09-01,FY_24-25,Reliance Retail Limited_FR64,Direct,Reliance Retail,East,Orissa,Mamaearth,70000.0,120000.0,100.0
Sep'24,2024-09-01,FY_24-25,Reliance Retail Limited_FR76,Direct,Reliance Retail,East,West Bengal,BBlunt,0.0,10000.0,100.0
Sep'24,2024-09-01,FY_24-25,Reliance Retail Limited_FR76,Direct,Reliance Retail,East,West Bengal,Mamaearth,30000.0,50000.0,100.0
Sep'24,2024-09-01,FY_24-25,Reliance Retail Limited_FR76,Direct,Reliance Retail,East,West Bengal,The Derma Co,0.0,10000.0,100.0
Sep'24,2024-09-01,FY_24-25,Reliance Retail Limited_Fr87,Direct,Reliance Retail,North,Haryana,Aqualogica,0.0,0.0,100.0
Sep'24,2024-09-01,FY_24-25,Reliance Retail Limited_Fr87,Direct,Reliance Retail,North,Haryana,Mamaearth,2000000.0,4970000.0,100.0
Sep'24,2024-09-01,FY_24-25,Reliance Retail Limited_Fr87,Direct,Reliance Retail,North,Haryana,The Derma Co,-10000.0,-10000.0,100.0
Sep'24,2024-09-01,FY_24-25,Reliance Retail Limited_Fr89,Direct,Reliance Retail,North,UPW,Mamaearth,180000.0,560000.0,100.0
Sep'24,2024-09-01,FY_24-25,Reliance Retail Limited_FRAQ,Direct,Reliance Retail,East,Jharkhand,Mamaearth,40000.0,70000.0,100.0
Sep'24,2024-09-01,FY_24-25,Reliance Retail Limited_FRAT,Direct,Reliance Retail,East,Jharkhand,BBlunt,0.0,0.0,100.0
Sep'24,2024-09-01,FY_24-25,Reliance Retail Limited_FRAT,Direct,Reliance Retail,East,Jharkhand,Mamaearth,30000.0,50000.0,100.0
Sep'24,2024-09-01,FY_24-25,Reliance Retail Limited_FRAT,Direct,Reliance Retail,East,Jharkhand,The Derma Co,0.0,0.0,100.0
Sep'24,2024-09-01,FY_24-25,Reliance Retail Limited_Fraz,Direct,Reliance Retail,North,Punjab,Mamaearth,1770000.0,4590000.0,100.0
Sep'24,2024-09-01,FY_24-25,Reliance Retail Limited_FRBD,Direct,Reliance Retail,North,Punjab,Mamaearth,40000.0,60000.0,100.0
Sep'24,2024-09-01,FY_24-25,Reliance Retail Limited_FRBR,Direct,Reliance Retail,East,West Bengal,Mamaearth,100000.0,160000.0,100.0
Sep'24,2024-09-01,FY_24-25,Reliance Retail Limited_FRBS,Direct,Reliance Retail,East,West Bengal,BBlunt,0.0,10000.0,100.0
Sep'24,2024-09-01,FY_24-25,Reliance Retail Limited_FRBS,Direct,Reliance Retail,East,West Bengal,Mamaearth,20000.0,40000.0,100.0
Sep'24,2024-09-01,FY_24-25,Reliance Retail Limited_FRBS,Direct,Reliance Retail,East,West Bengal,The Derma Co,0.0,0.0,100.0
Sep'24,2024-09-01,FY_24-25,Reliance Retail Limited_FRBU,Direct,Reliance Retail,East,West Bengal,Aqualogica,0.0,0.0,100.0
Sep'24,2024-09-01,FY_24-25,Reliance Retail Limited_FRBU,Direct,Reliance Retail,East,West Bengal,BBlunt,20000.0,40000.0,100.0
Sep'24,2024-09-01,FY_24-25,Reliance Retail Limited_FRBU,Direct,Reliance Retail,East,West Bengal,Mamaearth,10000.0,20000.0,100.0
Sep'24,2024-09-01,FY_24-25,Reliance Retail Limited_FRBU,Direct,Reliance Retail,East,West Bengal,The Derma Co,10000.0,10000.0,100.0
Sep'24,2024-09-01,FY_24-25,Reliance Retail Limited_FRBW,Direct,Reliance Retail,East,West Bengal,Mamaearth,60000.0,100000.0,100.0
Sep'24,2024-09-01,FY_24-25,Reliance Retail Limited_FRCG,Direct,Reliance Retail,East,West Bengal,Mamaearth,60000.0,100000.0,100.0
Sep'24,2024-09-01,FY_24-25,Reliance Retail Limited_FRCH,Direct,Reliance Retail,East,West Bengal,Mamaearth,70000.0,110000.0,100.0
Sep'24,2024-09-01,FY_24-25,Reliance Retail Limited_FRCJ,Direct,Reliance Retail,East,West Bengal,Mamaearth,90000.0,150000.0,100.0
Sep'24,2024-09-01,FY_24-25,Reliance Retail Limited_FRCQ,Direct,Reliance Retail,North,Haryana,Mamaearth,60000.0,110000.0,100.0
Sep'24,2024-09-01,FY_24-25,Reliance Retail Limited_FRCS,Direct,Reliance Retail,North,Delhi,Mamaearth,60000.0,110000.0,100.0
Sep'24,2024-09-01,FY_24-25,Reliance Retail Limited_FRDA,Direct,Reliance Retail,North,Delhi,Mamaearth,90000.0,150000.0,100.0
Sep'24,2024-09-01,FY_24-25,Reliance Retail Limited_FRDB,Direct,Reliance Retail,North,Delhi,Aqualogica,10000.0,10000.0,100.0
Sep'24,2024-09-01,FY_24-25,Reliance Retail Limited_FRDB,Direct,Reliance Retail,North,Delhi,BBlunt,0.0,0.0,100.0
Sep'24,2024-09-01,FY_24-25,Reliance Retail Limited_FRDB,Direct,Reliance Retail,North,Delhi,Mamaearth,80000.0,140000.0,100.0
Sep'24,2024-09-01,FY_24-25,Reliance Retail Limited_FRDB,Direct,Reliance Retail,North,Delhi,The Derma Co,30000.0,50000.0,100.0
Sep'24,2024-09-01,FY_24-25,Reliance Retail Limited_FRDI,Direct,Reliance Retail,North,UPW,Mamaearth,20000.0,30000.0,100.0
Sep'24,2024-09-01,FY_24-25,Reliance Retail Limited_FRDK,Direct,Reliance Retail,North,UPW,Aqualogica,0.0,0.0,100.0
Sep'24,2024-09-01,FY_24-25,Reliance Retail Limited_FRDK,Direct,Reliance Retail,North,UPW,BBlunt,0.0,10000.0,100.0
Sep'24,2024-09-01,FY_24-25,Reliance Retail Limited_FRDK,Direct,Reliance Retail,North,UPW,Mamaearth,60000.0,100000.0,100.0
Sep'24,2024-09-01,FY_24-25,Reliance Retail Limited_FRDK,Direct,Reliance Retail,North,UPW,The Derma Co,10000.0,20000.0,100.0
Sep'24,2024-09-01,FY_24-25,Reliance Retail Limited_FRDL,Direct,Reliance Retail,North,UPW,Aqualogica,0.0,10000.0,100.0
Sep'24,2024-09-01,FY_24-25,Reliance Retail Limited_FRDL,Direct,Reliance Retail,North,UPW,BBlunt,0.0,10000.0,100.0
Sep'24,2024-09-01,FY_24-25,Reliance Retail Limited_FRDL,Direct,Reliance Retail,North,UPW,Mamaearth,90000.0,150000.0,100.0
Sep'24,2024-09-01,FY_24-25,Reliance Retail Limited_FRDL,Direct,Reliance Retail,North,UPW,The Derma Co,10000.0,20000.0,100.0
Sep'24,2024-09-01,FY_24-25,Reliance Retail Limited_FRDP,Direct,Reliance Retail,North,Rajasthan,Mamaearth,20000.0,30000.0,100.0
Sep'24,2024-09-01,FY_24-25,Reliance Retail Limited_FRDT,Direct,Reliance Retail,North,Rajasthan,Mamaearth,30000.0,60000.0,100.0
Sep'24,2024-09-01,FY_24-25,Reliance Retail Limited_FREM,Direct,Reliance Retail,North,Rajasthan,Mamaearth,20000.0,30000.0,100.0
Sep'24,2024-09-01,FY_24-25,Reliance Retail Limited_FRER,Direct,Reliance Retail,North,Rajasthan,Mamaearth,60000.0,100000.0,100.0
Sep'24,2024-09-01,FY_24-25,Reliance Retail Limited_FREX,Direct,Reliance Retail,North,Lucknow_UPE,Mamaearth,20000.0,30000.0,100.0
Sep'24,2024-09-01,FY_24-25,Reliance Retail Limited_FRFA,Direct,Reliance Retail,North,Lucknow_UPE,Mamaearth,40000.0,70000.0,100.0
Sep'24,2024-09-01,FY_24-25,Reliance Retail Limited_FRFB,Direct,Reliance Retail,East,Northeast-Assam,BBlunt,10000.0,10000.0,100.0
Sep'24,2024-09-01,FY_24-25,Reliance Retail Limited_FRFB,Direct,Reliance Retail,East,Northeast-Assam,Mamaearth,40000.0,70000.0,100.0
Sep'24,2024-09-01,FY_24-25,Reliance Retail Limited_FRFB,Direct,Reliance Retail,East,Northeast-Assam,The Derma Co,0.0,10000.0,100.0
Sep'24,2024-09-01,FY_24-25,Reliance Retail Limited_FRFD,Direct,Reliance Retail,East,Orissa,Mamaearth,70000.0,110000.0,100.0
Sep'24,2024-09-01,FY_24-25,Reliance Retail Limited_FRFK,Direct,Reliance Retail,North,Lucknow_UPE,Mamaearth,80000.0,130000.0,100.0
Sep'24,2024-09-01,FY_24-25,Reliance Retail Limited_FRFR,Direct,Reliance Retail,North,Uttarakhand,Mamaearth,80000.0,130000.0,100.0
Sep'24,2024-09-01,FY_24-25,Reliance Retail Limited_FRFU,Direct,Reliance Retail,East,Bihar,Mamaearth,50000.0,90000.0,100.0
Sep'24,2024-09-01,FY_24-25,Reliance Retail Limited_FRFV,Direct,Reliance Retail,East,Bihar,Mamaearth,80000.0,140000.0,100.0
Sep'24,2024-09-01,FY_24-25,Reliance Retail Limited_FRGC,Direct,Reliance Retail,North,Lucknow_UPE,Mamaearth,20000.0,30000.0,100.0
Sep'24,2024-09-01,FY_24-25,Reliance Retail Limited_FRGE,Direct,Reliance Retail,East,Nagaland,BBlunt,10000.0,10000.0,100.0
Sep'24,2024-09-01,FY_24-25,Reliance Retail Limited_FRGE,Direct,Reliance Retail,East,Nagaland,Mamaearth,30000.0,50000.0,100.0
Sep'24,2024-09-01,FY_24-25,Reliance Retail Limited_FRGE,Direct,Reliance Retail,East,Nagaland,The Derma Co,0.0,10000.0,100.0
Sep'24,2024-09-01,FY_24-25,Reliance Retail Limited_FRGF,Direct,Reliance Retail,North,Lucknow_UPE,Mamaearth,40000.0,70000.0,100.0
Sep'24,2024-09-01,FY_24-25,Reliance Retail Limited_FRGH,Direct,Reliance Retail,East,Northeast-Assam,Mamaearth,90000.0,150000.0,100.0
Sep'24,2024-09-01,FY_24-25,Reliance Retail Limited_FRGK,Direct,Reliance Retail,North,Jammu,Mamaearth,90000.0,160000.0,100.0
Sep'24,2024-09-01,FY_24-25,Reliance Retail Limited_FRGM,Direct,Reliance Retail,West,Chattishgarh,Mamaearth,20000.0,40000.0,100.0
Sep'24,2024-09-01,FY_24-25,Reliance Retail Limited_FRGW,Direct,Reliance Retail,North,Lucknow_UPE,Mamaearth,40000.0,60000.0,100.0
Sep'24,2024-09-01,FY_24-25,Reliance Retail Limited_FRHC,Direct,Reliance Retail,North,Lucknow_UPE,Mamaearth,60000.0,100000.0,100.0
Sep'24,2024-09-01,FY_24-25,Reliance Retail Limited_FRHF,Direct,Reliance Retail,North,Lucknow_UPE,Mamaearth,70000.0,110000.0,100.0
Sep'24,2024-09-01,FY_24-25,Reliance Retail Limited_FRHM,Direct,Reliance Retail,North,Madhya Pradesh,Mamaearth,60000.0,100000.0,100.0
Sep'24,2024-09-01,FY_24-25,Reliance Retail Limited_FRHR,Direct,Reliance Retail,North,Lucknow_UPE,Mamaearth,40000.0,60000.0,100.0
Sep'24,2024-09-01,FY_24-25,Reliance Retail Limited_Frhv,Direct,Reliance Retail,North,Lucknow_UPE,Aqualogica,0.0,-10000.0,100.0
Sep'24,2024-09-01,FY_24-25,Reliance Retail Limited_Frhv,Direct,Reliance Retail,North,Lucknow_UPE,Mamaearth,1720000.0,4410000.0,100.0
Sep'24,2024-09-01,FY_24-25,Reliance Retail Limited_Frhv,Direct,Reliance Retail,North,Lucknow_UPE,The Derma Co,0.0,0.0,100.0
Sep'24,2024-09-01,FY_24-25,RELIANCE RETAIL LIMITED_FRIA,Direct,Reliance Retail,East,Bihar,Aqualogica,20000.0,30000.0,100.0
Sep'24,2024-09-01,FY_24-25,RELIANCE RETAIL LIMITED_FRIA,Direct,Reliance Retail,East,Bihar,Mamaearth,1710000.0,4640000.0,100.0
Sep'24,2024-09-01,FY_24-25,Reliance Retail Limited_FRLF,Direct,Reliance Retail,East,West Bengal,Mamaearth,80000.0,140000.0,100.0
Sep'24,2024-09-01,FY_24-25,Reliance Retail Limited_S0IX,Direct,Reliance Retail,West,Pune,Aqualogica,-130000.0,-200000.0,100.0
Sep'24,2024-09-01,FY_24-25,Reliance Retail Limited_S0IX,Direct,Reliance Retail,West,Pune,Mamaearth,250000.0,750000.0,100.0
Sep'24,2024-09-01,FY_24-25,Reliance Retail Limited_S0IX,Direct,Reliance Retail,West,Pune,The Derma Co,-100000.0,-170000.0,100.0
Sep'24,2024-09-01,FY_24-25,Reliance Retail Limited_SAHO,Direct,Reliance Retail,South-1,Tamil Nadu,Mamaearth,830000.0,1610000.0,100.0
Sep'24,2024-09-01,FY_24-25,Reliance Retail Limited_SAOS,Direct,Reliance Retail,East,West Bengal,Aqualogica,20000.0,30000.0,100.0
Sep'24,2024-09-01,FY_24-25,Reliance Retail Limited_SAOS,Direct,Reliance Retail,East,West Bengal,Mamaearth,1070000.0,2840000.0,100.0
Sep'24,2024-09-01,FY_24-25,Reliance Retail Limited_Sb01,Direct,Reliance Retail,West,Mumbai,Mamaearth,660000.0,1620000.0,100.0
Sep'24,2024-09-01,FY_24-25,Reliance Retail Limited_Sb01,Direct,Reliance Retail,West,Mumbai,The Derma Co,70000.0,110000.0,100.0
Sep'24,2024-09-01,FY_24-25,RELIANCE RETAIL LIMITED_SF52,Direct,Reliance Retail,South-1,Tamil Nadu,Mamaearth,320000.0,700000.0,100.0
Sep'24,2024-09-01,FY_24-25,Reliance Retail Limited_Sk8I,Direct,Reliance Retail,North,Uttarakhand,Mamaearth,650000.0,1790000.0,100.0
Sep'24,2024-09-01,FY_24-25,Reliance Retail Limited_SL6S,Direct,Reliance Retail,North,Rajasthan,Mamaearth,1310000.0,3240000.0,100.0
Sep'24,2024-09-01,FY_24-25,Reliance Retail Limited_T62I,Direct,Reliance Retail,West,Chattishgarh,Mamaearth,10000.0,10000.0,100.0
Sep'24,2024-09-01,FY_24-25,Reliance Retail Limited_T913,Direct,Reliance Retail,North,UPW,Aqualogica,0.0,0.0,100.0
Sep'24,2024-09-01,FY_24-25,Reliance Retail Limited_T913,Direct,Reliance Retail,North,UPW,BBlunt,0.0,0.0,100.0
Sep'24,2024-09-01,FY_24-25,Reliance Retail Limited_T913,Direct,Reliance Retail,North,UPW,Mamaearth,60000.0,110000.0,100.0
Sep'24,2024-09-01,FY_24-25,Reliance Retail Limited_T913,Direct,Reliance Retail,North,UPW,The Derma Co,0.0,10000.0,100.0
Sep'24,2024-09-01,FY_24-25,Reliance Retail Limited_T946,Direct,Reliance Retail,North,Rajasthan,Mamaearth,70000.0,110000.0,100.0
Sep'24,2024-09-01,FY_24-25,Reliance Retail Limited_TB15,Direct,Reliance Retail,North,Madhya Pradesh,Mamaearth,60000.0,90000.0,100.0
Sep'24,2024-09-01,FY_24-25,Reliance Retail Limited_TCE7,Direct,Reliance Retail,East,Northeast-Assam,Mamaearth,110000.0,180000.0,100.0
Sep'24,2024-09-01,FY_24-25,Reliance Retail Limited_TDC7,Direct,Reliance Retail,East,Orissa,Mamaearth,60000.0,110000.0,100.0
Sep'24,2024-09-01,FY_24-25,Reliance Retail Limited_TDE3,Direct,Reliance Retail,West,Pune,Mamaearth,10000.0,10000.0,100.0
Sep'24,2024-09-01,FY_24-25,Reliance Retail Limited_TE57,Direct,Reliance Retail,North,Punjab,Mamaearth,60000.0,110000.0,100.0
Sep'24,2024-09-01,FY_24-25,Reliance Retail Limited_TFY8,Direct,Reliance Retail,North,Madhya Pradesh,Mamaearth,20000.0,30000.0,100.0
Sep'24,2024-09-01,FY_24-25,Reliance Retail Limited_TG87,Direct,Reliance Retail,South-1,Kerala,Mamaearth,40000.0,60000.0,100.0
Sep'24,2024-09-01,FY_24-25,Reliance Retail Limited_TH94,Direct,Reliance Retail,North,Rajasthan,Mamaearth,20000.0,30000.0,100.0
Sep'24,2024-09-01,FY_24-25,Reliance Retail Limited_TI77,Direct,Reliance Retail,North,UPW,Mamaearth,20000.0,30000.0,100.0
Sep'24,2024-09-01,FY_24-25,Reliance Retail Limited_TK48,Direct,Reliance Retail,East,Jharkhand,Mamaearth,60000.0,90000.0,100.0
Sep'24,2024-09-01,FY_24-25,Reliance Retail Limited_TMW7,Direct,Reliance Retail,West,Mumbai,Mamaearth,20000.0,30000.0,100.0
Sep'24,2024-09-01,FY_24-25,Reliance Retail Limited_TMZ5,Direct,Reliance Retail,East,West Bengal,Mamaearth,50000.0,90000.0,100.0
Sep'24,2024-09-01,FY_24-25,Reliance Retail Limited_TN55,Direct,Reliance Retail,East,West Bengal,Mamaearth,70000.0,110000.0,100.0
Sep'24,2024-09-01,FY_24-25,Reliance Retail Limited_TN56,Direct,Reliance Retail,East,Orissa,Mamaearth,80000.0,140000.0,100.0
Sep'24,2024-09-01,FY_24-25,Reliance Retail Limited_TNB7,Direct,Reliance Retail,West,Chattishgarh,Mamaearth,20000.0,40000.0,100.0
Sep'24,2024-09-01,FY_24-25,Reliance Retail Limited_TNC1,Direct,Reliance Retail,North,Uttarakhand,Mamaearth,20000.0,30000.0,100.0
Sep'24,2024-09-01,FY_24-25,Reliance Retail Limited_TNC6,Direct,Reliance Retail,North,Punjab,Mamaearth,20000.0,30000.0,100.0
Sep'24,2024-09-01,FY_24-25,Reliance Retail Limited_TNC8,Direct,Reliance Retail,South-1,Karnataka,Mamaearth,20000.0,30000.0,100.0
Sep'24,2024-09-01,FY_24-25,Reliance Retail Limited_TND0,Direct,Reliance Retail,South-1,Karnataka,Mamaearth,20000.0,30000.0,100.0
Sep'24,2024-09-01,FY_24-25,Reliance Retail Limited_TNE3,Direct,Reliance Retail,North,Uttarakhand,Mamaearth,70000.0,120000.0,100.0
Sep'24,2024-09-01,FY_24-25,Reliance Retail Limited_TNP8,Direct,Reliance Retail,West,Pune,Mamaearth,40000.0,60000.0,100.0
Sep'24,2024-09-01,FY_24-25,Reliance Retail Limited_TO20,Direct,Reliance Retail,North,Madhya Pradesh,Mamaearth,50000.0,90000.0,100.0
Sep'24,2024-09-01,FY_24-25,Reliance Retail Limited_TOJ6,Direct,Reliance Retail,West,Mumbai,Mamaearth,40000.0,70000.0,100.0
Sep'24,2024-09-01,FY_24-25,Reliance Retail Limited_TP05,Direct,Reliance Retail,North,Haryana,Mamaearth,20000.0,30000.0,100.0
Sep'24,2024-09-01,FY_24-25,Reliance Retail Limited_TP75,Direct,Reliance Retail,North,Madhya Pradesh,Mamaearth,60000.0,100000.0,100.0
Sep'24,2024-09-01,FY_24-25,Reliance Retail Limited_TP76,Direct,Reliance Retail,North,Rajasthan,Mamaearth,50000.0,90000.0,100.0
Sep'24,2024-09-01,FY_24-25,Reliance Retail Limited_TQ21,Direct,Reliance Retail,West,Mumbai,Mamaearth,40000.0,70000.0,100.0
Sep'24,2024-09-01,FY_24-25,Reliance Retail Limited_TQ22,Direct,Reliance Retail,East,West Bengal,Mamaearth,60000.0,110000.0,100.0
Sep'24,2024-09-01,FY_24-25,Reliance Retail Limited_TU21,Direct,Reliance Retail,North,Delhi,Mamaearth,20000.0,30000.0,100.0
Sep'24,2024-09-01,FY_24-25,Reliance Retail Limited_TW60,Direct,Reliance Retail,East,Orissa,Mamaearth,80000.0,140000.0,100.0
Sep'24,2024-09-01,FY_24-25,Reliance Retail Limited_TY87,Direct,Reliance Retail,North,Rajasthan,Mamaearth,10000.0,20000.0,100.0
Sep'24,2024-09-01,FY_24-25,Reliance Retail Limited-2956,Direct,Reliance Retail,East,Jharkhand,Mamaearth,50000.0,80000.0,100.0
Sep'24,2024-09-01,FY_24-25,Reliance Retail Limited-2959,Direct,Reliance Retail,East,Orissa,Mamaearth,120000.0,210000.0,100.0
Sep'24,2024-09-01,FY_24-25,Reliance Retail Limited-6202,Direct,Reliance Retail,West,Gujarat,Aqualogica,0.0,0.0,100.0
Sep'24,2024-09-01,FY_24-25,Reliance Retail Limited-6202,Direct,Reliance Retail,West,Gujarat,BBlunt,10000.0,10000.0,100.0
Sep'24,2024-09-01,FY_24-25,Reliance Retail Limited-6202,Direct,Reliance Retail,West,Gujarat,Mamaearth,60000.0,100000.0,100.0
Sep'24,2024-09-01,FY_24-25,Reliance Retail Limited-6202,Direct,Reliance Retail,West,Gujarat,The Derma Co,0.0,10000.0,100.0
Sep'24,2024-09-01,FY_24-25,Reliance Retail Limited-6205,Direct,Reliance Retail,North,Haryana,Aqualogica,10000.0,10000.0,100.0
Sep'24,2024-09-01,FY_24-25,Reliance Retail Limited-6205,Direct,Reliance Retail,North,Haryana,BBlunt,10000.0,20000.0,100.0
Sep'24,2024-09-01,FY_24-25,Reliance Retail Limited-6205,Direct,Reliance Retail,North,Haryana,Mamaearth,130000.0,230000.0,100.0
Sep'24,2024-09-01,FY_24-25,Reliance Retail Limited-6205,Direct,Reliance Retail,North,Haryana,The Derma Co,30000.0,50000.0,100.0
Sep'24,2024-09-01,FY_24-25,Reliance Retail Limited-6206,Direct,Reliance Retail,East,Jharkhand,Mamaearth,50000.0,80000.0,100.0
Sep'24,2024-09-01,FY_24-25,Reliance Retail Limited-6208,Direct,Reliance Retail,West,Pune,Aqualogica,0.0,0.0,100.0
Sep'24,2024-09-01,FY_24-25,Reliance Retail Limited-6208,Direct,Reliance Retail,West,Pune,Mamaearth,-20000.0,-20000.0,100.0
Sep'24,2024-09-01,FY_24-25,Reliance Retail Limited-6208,Direct,Reliance Retail,West,Pune,The Derma Co,0.0,0.0,100.0
Sep'24,2024-09-01,FY_24-25,Reliance Retail Limited-6210,Direct,Reliance Retail,West,Mumbai,Mamaearth,40000.0,70000.0,100.0
Sep'24,2024-09-01,FY_24-25,Reliance Retail Limited-6217,Direct,Reliance Retail,West,Mumbai,Aqualogica,20000.0,30000.0,100.0
Sep'24,2024-09-01,FY_24-25,Reliance Retail Limited-6217,Direct,Reliance Retail,West,Mumbai,Mamaearth,40000.0,70000.0,100.0
Sep'24,2024-09-01,FY_24-25,Reliance Retail Limited-6219,Direct,Reliance Retail,West,Pune,Mamaearth,10000.0,10000.0,100.0
Sep'24,2024-09-01,FY_24-25,Reliance Retail Limited-6220,Direct,Reliance Retail,West,Mumbai,Mamaearth,20000.0,30000.0,100.0
Sep'24,2024-09-01,FY_24-25,Reliance Retail Limited-6224,Direct,Reliance Retail,East,Orissa,Mamaearth,70000.0,120000.0,100.0
Sep'24,2024-09-01,FY_24-25,Reliance Retail Limited-6225,Direct,Reliance Retail,South-1,Karnataka,Mamaearth,10000.0,10000.0,100.0
Sep'24,2024-09-01,FY_24-25,Reliance Retail Limited-6239,Direct,Reliance Retail,North,Delhi,Aqualogica,20000.0,40000.0,100.0
Sep'24,2024-09-01,FY_24-25,Reliance Retail Limited-6239,Direct,Reliance Retail,North,Delhi,Mamaearth,100000.0,180000.0,100.0
Sep'24,2024-09-01,FY_24-25,Reliance Retail Limited-6239,Direct,Reliance Retail,North,Delhi,The Derma Co,10000.0,10000.0,100.0
Sep'24,2024-09-01,FY_24-25,Reliance Retail Limited-6726,Direct,Reliance Retail,North,Rajasthan,Mamaearth,30000.0,50000.0,100.0
Sep'24,2024-09-01,FY_24-25,RELIANCE RETAIL LIMITED-Badli,Direct,Reliance Retail,North,Haryana,Aqualogica,50000.0,80000.0,100.0
Sep'24,2024-09-01,FY_24-25,RELIANCE RETAIL LIMITED-Badli,Direct,Reliance Retail,North,Haryana,Mamaearth,1610000.0,3960000.0,100.0
Sep'24,2024-09-01,FY_24-25,RELIANCE RETAIL LIMITED-Badli,Direct,Reliance Retail,North,Haryana,The Derma Co,-70000.0,-110000.0,100.0
Sep'24,2024-09-01,FY_24-25,Reliance Retail Limited-FR04,Direct,Reliance Retail,West,Mumbai,Aqualogica,50000.0,80000.0,100.0
Sep'24,2024-09-01,FY_24-25,Reliance Retail Limited-FR04,Direct,Reliance Retail,West,Mumbai,Mamaearth,60000.0,100000.0,100.0
Sep'24,2024-09-01,FY_24-25,Reliance Retail Limited-FR04,Direct,Reliance Retail,West,Mumbai,The Derma Co,120000.0,190000.0,100.0
Sep'24,2024-09-01,FY_24-25,Reliance Retail Limited-FR08,Direct,Reliance Retail,West,Mumbai,Mamaearth,20000.0,30000.0,100.0
Sep'24,2024-09-01,FY_24-25,Reliance Retail Limited-FR15,Direct,Reliance Retail,West,Mumbai,Mamaearth,30000.0,50000.0,100.0
Sep'24,2024-09-01,FY_24-25,Reliance Retail Limited-FR22,Direct,Reliance Retail,West,Mumbai,Mamaearth,30000.0,50000.0,100.0
Sep'24,2024-09-01,FY_24-25,Reliance Retail Limited-FR45,Direct,Reliance Retail,South-1,Karnataka,Aqualogica,10000.0,20000.0,100.0
Sep'24,2024-09-01,FY_24-25,Reliance Retail Limited-FR45,Direct,Reliance Retail,South-1,Karnataka,BBlunt,10000.0,10000.0,100.0
Sep'24,2024-09-01,FY_24-25,Reliance Retail Limited-FR45,Direct,Reliance Retail,South-1,Karnataka,Mamaearth,20000.0,30000.0,100.0
Sep'24,2024-09-01,FY_24-25,Reliance Retail Limited-FR45,Direct,Reliance Retail,South-1,Karnataka,The Derma Co,0.0,0.0,100.0
Sep'24,2024-09-01,FY_24-25,Reliance Retail Limited-FR63,Direct,Reliance Retail,East,Orissa,BBlunt,0.0,10000.0,100.0
Sep'24,2024-09-01,FY_24-25,Reliance Retail Limited-FR63,Direct,Reliance Retail,East,Orissa,Mamaearth,20000.0,40000.0,100.0
Sep'24,2024-09-01,FY_24-25,Reliance Retail Limited-FR63,Direct,Reliance Retail,East,Orissa,The Derma Co,0.0,0.0,100.0
Sep'24,2024-09-01,FY_24-25,Reliance Retail Limited-FR73,Direct,Reliance Retail,East,West Bengal,Aqualogica,0.0,10000.0,100.0
Sep'24,2024-09-01,FY_24-25,Reliance Retail Limited-FR73,Direct,Reliance Retail,East,West Bengal,BBlunt,20000.0,30000.0,100.0
Sep'24,2024-09-01,FY_24-25,Reliance Retail Limited-FR73,Direct,Reliance Retail,East,West Bengal,Mamaearth,30000.0,50000.0,100.0
Sep'24,2024-09-01,FY_24-25,Reliance Retail Limited-FR73,Direct,Reliance Retail,East,West Bengal,The Derma Co,20000.0,30000.0,100.0
Sep'24,2024-09-01,FY_24-25,Reliance Retail Limited-FRAR,Direct,Reliance Retail,East,Jharkhand,BBlunt,0.0,10000.0,100.0
Sep'24,2024-09-01,FY_24-25,Reliance Retail Limited-FRAR,Direct,Reliance Retail,East,Jharkhand,Mamaearth,30000.0,50000.0,100.0
Sep'24,2024-09-01,FY_24-25,Reliance Retail Limited-FRAR,Direct,Reliance Retail,East,Jharkhand,The Derma Co,0.0,0.0,100.0
Sep'24,2024-09-01,FY_24-25,Reliance Retail Limited-FRAU,Direct,Reliance Retail,East,Jharkhand,Aqualogica,10000.0,10000.0,100.0
Sep'24,2024-09-01,FY_24-25,Reliance Retail Limited-FRAU,Direct,Reliance Retail,East,Jharkhand,BBlunt,30000.0,50000.0,100.0
Sep'24,2024-09-01,FY_24-25,Reliance Retail Limited-FRAU,Direct,Reliance Retail,East,Jharkhand,Mamaearth,20000.0,40000.0,100.0
Sep'24,2024-09-01,FY_24-25,Reliance Retail Limited-FRAU,Direct,Reliance Retail,East,Jharkhand,The Derma Co,20000.0,40000.0,100.0
Sep'24,2024-09-01,FY_24-25,Reliance Retail Limited-FRBV,Direct,Reliance Retail,East,West Bengal,BBlunt,10000.0,20000.0,100.0
Sep'24,2024-09-01,FY_24-25,Reliance Retail Limited-FRBV,Direct,Reliance Retail,East,West Bengal,The Derma Co,10000.0,10000.0,100.0
Sep'24,2024-09-01,FY_24-25,Reliance Retail Limited-FRCA,Direct,Reliance Retail,East,West Bengal,Mamaearth,70000.0,120000.0,100.0
Sep'24,2024-09-01,FY_24-25,Reliance Retail Limited-FRCB,Direct,Reliance Retail,East,West Bengal,Aqualogica,0.0,0.0,100.0
Sep'24,2024-09-01,FY_24-25,Reliance Retail Limited-FRCB,Direct,Reliance Retail,East,West Bengal,BBlunt,0.0,0.0,100.0
Sep'24,2024-09-01,FY_24-25,Reliance Retail Limited-FRCB,Direct,Reliance Retail,East,West Bengal,Mamaearth,60000.0,100000.0,100.0
Sep'24,2024-09-01,FY_24-25,Reliance Retail Limited-FRCB,Direct,Reliance Retail,East,West Bengal,The Derma Co,0.0,0.0,100.0
Sep'24,2024-09-01,FY_24-25,Reliance Retail Limited-FRCC,Direct,Reliance Retail,East,West Bengal,BBlunt,0.0,0.0,100.0
Sep'24,2024-09-01,FY_24-25,Reliance Retail Limited-FRCC,Direct,Reliance Retail,East,West Bengal,Mamaearth,60000.0,100000.0,100.0
Sep'24,2024-09-01,FY_24-25,Reliance Retail Limited-FRCC,Direct,Reliance Retail,East,West Bengal,The Derma Co,10000.0,10000.0,100.0
Sep'24,2024-09-01,FY_24-25,Reliance Retail Limited-FRCF,Direct,Reliance Retail,East,West Bengal,Mamaearth,60000.0,100000.0,100.0
Sep'24,2024-09-01,FY_24-25,Reliance Retail Limited-FRCK,Direct,Reliance Retail,East,West Bengal,BBlunt,10000.0,10000.0,100.0
Sep'24,2024-09-01,FY_24-25,Reliance Retail Limited-FRCK,Direct,Reliance Retail,East,West Bengal,Mamaearth,40000.0,60000.0,100.0
Sep'24,2024-09-01,FY_24-25,Reliance Retail Limited-FRCK,Direct,Reliance Retail,East,West Bengal,The Derma Co,0.0,10000.0,100.0
Sep'24,2024-09-01,FY_24-25,Reliance Retail Limited-FRCO,Direct,Reliance Retail,North,Haryana,Mamaearth,80000.0,140000.0,100.0
Sep'24,2024-09-01,FY_24-25,Reliance Retail Limited-FRCX,Direct,Reliance Retail,North,Delhi,Aqualogica,0.0,0.0,100.0
Sep'24,2024-09-01,FY_24-25,Reliance Retail Limited-FRCX,Direct,Reliance Retail,North,Delhi,Mamaearth,160000.0,270000.0,100.0
Sep'24,2024-09-01,FY_24-25,Reliance Retail Limited-FRCX,Direct,Reliance Retail,North,Delhi,The Derma Co,0.0,0.0,100.0
Sep'24,2024-09-01,FY_24-25,Reliance Retail Limited-FRDF,Direct,Reliance Retail,North,UPW,Mamaearth,80000.0,140000.0,100.0
Sep'24,2024-09-01,FY_24-25,Reliance Retail Limited-FRDH,Direct,Reliance Retail,North,UPW,Mamaearth,40000.0,60000.0,100.0
Sep'24,2024-09-01,FY_24-25,Reliance Retail Limited-FRDJ,Direct,Reliance Retail,North,UPW,Mamaearth,70000.0,120000.0,100.0
Sep'24,2024-09-01,FY_24-25,Reliance Retail Limited-FRDM,Direct,Reliance Retail,North,UPW,Mamaearth,40000.0,70000.0,100.0
Sep'24,2024-09-01,FY_24-25,Reliance Retail Limited-FRDY,Direct,Reliance Retail,West,Gujarat,Mamaearth,20000.0,30000.0,100.0
Sep'24,2024-09-01,FY_24-25,Reliance Retail Limited-FRDZ,Direct,Reliance Retail,West,Gujarat,Aqualogica,0.0,0.0,100.0
Sep'24,2024-09-01,FY_24-25,Reliance Retail Limited-FRDZ,Direct,Reliance Retail,West,Gujarat,Mamaearth,40000.0,70000.0,100.0
Sep'24,2024-09-01,FY_24-25,Reliance Retail Limited-FREB,Direct,Reliance Retail,West,Gujarat,Mamaearth,10000.0,30000.0,100.0
Sep'24,2024-09-01,FY_24-25,RELIANCE RETAIL LIMITED-FREC,Direct,Reliance Retail,South-1,Karnataka,Aqualogica,20000.0,30000.0,100.0
Sep'24,2024-09-01,FY_24-25,RELIANCE RETAIL LIMITED-FREC,Direct,Reliance Retail,South-1,Karnataka,Mamaearth,1960000.0,4650000.0,100.0
Sep'24,2024-09-01,FY_24-25,RELIANCE RETAIL LIMITED-FREF,Direct,Reliance Retail,South-1,Tamil Nadu,Mamaearth,290000.0,630000.0,100.0
Sep'24,2024-09-01,FY_24-25,RELIANCE RETAIL LIMITED-FREI,Direct,Reliance Retail,South-2,Telangana,Mamaearth,130000.0,220000.0,100.0
Sep'24,2024-09-01,FY_24-25,Reliance Retail Limited-FRFC,Direct,Reliance Retail,East,Northeast-Assam,Aqualogica,40000.0,70000.0,100.0
Sep'24,2024-09-01,FY_24-25,Reliance Retail Limited-FRFC,Direct,Reliance Retail,East,Northeast-Assam,BBlunt,40000.0,60000.0,100.0
Sep'24,2024-09-01,FY_24-25,Reliance Retail Limited-FRFC,Direct,Reliance Retail,East,Northeast-Assam,Mamaearth,100000.0,170000.0,100.0
Sep'24,2024-09-01,FY_24-25,Reliance Retail Limited-FRFC,Direct,Reliance Retail,East,Northeast-Assam,The Derma Co,70000.0,110000.0,100.0
Sep'24,2024-09-01,FY_24-25,Reliance Retail Limited-FRFH,Direct,Reliance Retail,East,Tripura,BBlunt,0.0,0.0,100.0
Sep'24,2024-09-01,FY_24-25,Reliance Retail Limited-FRFH,Direct,Reliance Retail,East,Tripura,Mamaearth,50000.0,80000.0,100.0
Sep'24,2024-09-01,FY_24-25,Reliance Retail Limited-FRFH,Direct,Reliance Retail,East,Tripura,The Derma Co,10000.0,20000.0,100.0
Sep'24,2024-09-01,FY_24-25,Reliance Retail Limited-FRFP,Direct,Reliance Retail,East,Bihar,Mamaearth,100000.0,180000.0,100.0
Sep'24,2024-09-01,FY_24-25,Reliance Retail Limited-FRGQ,Direct,Reliance Retail,North,Uttarakhand,Mamaearth,40000.0,60000.0,100.0
Sep'24,2024-09-01,FY_24-25,Reliance Retail Limited-FRGS,Direct,Reliance Retail,East,Bihar,BBlunt,0.0,0.0,100.0
Sep'24,2024-09-01,FY_24-25,Reliance Retail Limited-FRGS,Direct,Reliance Retail,East,Bihar,Mamaearth,30000.0,50000.0,100.0
Sep'24,2024-09-01,FY_24-25,Reliance Retail Limited-FRGS,Direct,Reliance Retail,East,Bihar,The Derma Co,0.0,10000.0,100.0
Sep'24,2024-09-01,FY_24-25,Reliance Retail Limited-FRHK,Direct,Reliance Retail,East,Northeast-Assam,BBlunt,10000.0,10000.0,100.0
Sep'24,2024-09-01,FY_24-25,Reliance Retail Limited-FRHK,Direct,Reliance Retail,East,Northeast-Assam,Mamaearth,40000.0,70000.0,100.0
Sep'24,2024-09-01,FY_24-25,Reliance Retail Limited-FRHK,Direct,Reliance Retail,East,Northeast-Assam,The Derma Co,10000.0,20000.0,100.0
Sep'24,2024-09-01,FY_24-25,Reliance Retail Limited-FRHT,Direct,Reliance Retail,East,Bihar,Mamaearth,70000.0,110000.0,100.0
Sep'24,2024-09-01,FY_24-25,Reliance Retail Limited-S0GK,Direct,Reliance Retail,South-1,Kerala,Mamaearth,800000.0,1550000.0,100.0
Sep'24,2024-09-01,FY_24-25,Reliance Retail Limited-S0IL,Direct,Reliance Retail,South-2,Telangana,Mamaearth,30000.0,70000.0,100.0
Sep'24,2024-09-01,FY_24-25,Reliance Retail Limited-S0KN,Direct,Reliance Retail,South-1,Karnataka,Aqualogica,40000.0,70000.0,100.0
Sep'24,2024-09-01,FY_24-25,Reliance Retail Limited-S0KN,Direct,Reliance Retail,South-1,Karnataka,Mamaearth,760000.0,1690000.0,100.0
Sep'24,2024-09-01,FY_24-25,Reliance Retail Limited-SAAH,Direct,Reliance Retail,North,UPW,Mamaearth,1750000.0,4560000.0,100.0
Sep'24,2024-09-01,FY_24-25,Reliance Retail Limited-SAAH,Direct,Reliance Retail,North,UPW,The Derma Co,40000.0,70000.0,100.0
Sep'24,2024-09-01,FY_24-25,RELIANCE RETAIL LIMITED-SF92,Direct,Reliance Retail,East,West Bengal,Aqualogica,50000.0,80000.0,100.0
Sep'24,2024-09-01,FY_24-25,RELIANCE RETAIL LIMITED-SF92,Direct,Reliance Retail,East,West Bengal,Mamaearth,3250000.0,9300000.0,100.0
Sep'24,2024-09-01,FY_24-25,RELIANCE RETAIL LIMITED-SH65,Direct,Reliance Retail,West,Pune,Mamaearth,1010000.0,2550000.0,100.0
Sep'24,2024-09-01,FY_24-25,RELIANCE RETAIL LIMITED-SH69,Direct,Reliance Retail,North,Haryana,Mamaearth,940000.0,2290000.0,100.0
Sep'24,2024-09-01,FY_24-25,RELIANCE RETAIL LIMITED-SH71,Direct,Reliance Retail,North,Madhya Pradesh,Mamaearth,1550000.0,3960000.0,100.0
Sep'24,2024-09-01,FY_24-25,Reliance Retail Limited-SH77,Direct,Reliance Retail,South-1,Kerala,Mamaearth,60000.0,150000.0,100.0
Sep'24,2024-09-01,FY_24-25,Reliance Retail Limited-SK6I,Direct,Reliance Retail,West,Gujarat,Mamaearth,500000.0,1210000.0,100.0
Sep'24,2024-09-01,FY_24-25,Reliance Retail Limited-SLET,Direct,Reliance Retail,East,Bihar,Mamaearth,370000.0,1020000.0,100.0
Sep'24,2024-09-01,FY_24-25,Reliance Retail Limited-SLG3,Direct,Reliance Retail,South-1,Tamil Nadu,Aqualogica,10000.0,10000.0,100.0
Sep'24,2024-09-01,FY_24-25,Reliance Retail Limited-SLG3,Direct,Reliance Retail,South-1,Tamil Nadu,Mamaearth,650000.0,1400000.0,100.0
Sep'24,2024-09-01,FY_24-25,RELIANCE RETAIL LIMITED-SLIG,Direct,Reliance Retail,East,Northeast-Assam,Aqualogica,80000.0,120000.0,100.0
Sep'24,2024-09-01,FY_24-25,RELIANCE RETAIL LIMITED-SLIG,Direct,Reliance Retail,East,Northeast-Assam,Mamaearth,1970000.0,5280000.0,100.0
Sep'24,2024-09-01,FY_24-25,RELIANCE RETAIL LIMITED-SLII,Direct,Reliance Retail,North,Lucknow_UPE,Mamaearth,330000.0,780000.0,100.0
Sep'24,2024-09-01,FY_24-25,Reliance Retail Limited-Slmr,Direct,Reliance Retail,East,Orissa,Mamaearth,260000.0,650000.0,100.0
Sep'24,2024-09-01,FY_24-25,Reliance Retail Limited-SLS1,Direct,Reliance Retail,South-1,Tamil Nadu,Mamaearth,690000.0,1460000.0,100.0
Sep'24,2024-09-01,FY_24-25,Reliance Retail Limited-SLS2,Direct,Reliance Retail,South-2,Andhra Pradesh,Mamaearth,200000.0,550000.0,100.0
Sep'24,2024-09-01,FY_24-25,Reliance Retail Limited-SN1U,Direct,Reliance Retail,East,West Bengal,Mamaearth,460000.0,1170000.0,100.0
Sep'24,2024-09-01,FY_24-25,Reliance Retail Limited-SP9K,Direct,Reliance Retail,West,Pune,Mamaearth,550000.0,1320000.0,100.0
Sep'24,2024-09-01,FY_24-25,Reliance Retail Limited-T2DI,Direct,Reliance Retail,South-1,Karnataka,BBlunt,0.0,10000.0,100.0
Sep'24,2024-09-01,FY_24-25,Reliance Retail Limited-T2DI,Direct,Reliance Retail,South-1,Karnataka,The Derma Co,0.0,10000.0,100.0
Sep'24,2024-09-01,FY_24-25,Reliance Retail Limited-T37T,Direct,Reliance Retail,North,Lucknow_UPE,Mamaearth,40000.0,70000.0,100.0
Sep'24,2024-09-01,FY_24-25,Reliance Retail Limited-T84L,Direct,Reliance Retail,West,Gujarat,Mamaearth,20000.0,40000.0,100.0
Sep'24,2024-09-01,FY_24-25,Reliance Retail Limited-T915,Direct,Reliance Retail,North,UPW,Mamaearth,110000.0,190000.0,100.0
Sep'24,2024-09-01,FY_24-25,Reliance Retail Limited-TAFW,Direct,Reliance Retail,West,Mumbai,Aqualogica,0.0,0.0,100.0
Sep'24,2024-09-01,FY_24-25,Reliance Retail Limited-TAFW,Direct,Reliance Retail,West,Mumbai,Mamaearth,20000.0,30000.0,100.0
Sep'24,2024-09-01,FY_24-25,Reliance Retail Limited-TAH3,Direct,Reliance Retail,North,Lucknow_UPE,Mamaearth,20000.0,30000.0,100.0
Sep'24,2024-09-01,FY_24-25,Reliance Retail Limited-TAUX,Direct,Reliance Retail,West,Gujarat,Mamaearth,20000.0,30000.0,100.0
Sep'24,2024-09-01,FY_24-25,Reliance Retail Limited-TC74,Direct,Reliance Retail,North,Haryana,Mamaearth,40000.0,70000.0,100.0
Sep'24,2024-09-01,FY_24-25,Reliance Retail Limited-TD04,Direct,Reliance Retail,East,Jharkhand,Mamaearth,100000.0,170000.0,100.0
Sep'24,2024-09-01,FY_24-25,Reliance Retail Limited-TH93,Direct,Reliance Retail,East,Orissa,Mamaearth,60000.0,100000.0,100.0
Sep'24,2024-09-01,FY_24-25,Reliance Retail Limited-TIU6,Direct,Reliance Retail,East,Jharkhand,Mamaearth,60000.0,110000.0,100.0
Sep'24,2024-09-01,FY_24-25,Reliance Retail Limited-TL30,Direct,Reliance Retail,North,Delhi,Aqualogica,20000.0,40000.0,100.0
Sep'24,2024-09-01,FY_24-25,Reliance Retail Limited-TL30,Direct,Reliance Retail,North,Delhi,Mamaearth,90000.0,150000.0,100.0
Sep'24,2024-09-01,FY_24-25,Reliance Retail Limited-TL30,Direct,Reliance Retail,North,Delhi,The Derma Co,70000.0,120000.0,100.0
Sep'24,2024-09-01,FY_24-25,Reliance Retail Limited-TM18,Direct,Reliance Retail,South-1,Karnataka,Mamaearth,20000.0,40000.0,100.0
Sep'24,2024-09-01,FY_24-25,Reliance Retail Limited-TN54,Direct,Reliance Retail,West,Chattishgarh,Mamaearth,10000.0,20000.0,100.0
Sep'24,2024-09-01,FY_24-25,Reliance Retail Limited-Tna8,Direct,Reliance Retail,West,Gujarat,Mamaearth,50000.0,80000.0,100.0
Sep'24,2024-09-01,FY_24-25,Reliance Retail Limited-TNB5,Direct,Reliance Retail,West,Gujarat,Mamaearth,20000.0,40000.0,100.0
Sep'24,2024-09-01,FY_24-25,Reliance Retail Limited-TNC4,Direct,Reliance Retail,East,Northeast-Assam,BBlunt,0.0,0.0,100.0
Sep'24,2024-09-01,FY_24-25,Reliance Retail Limited-TNC4,Direct,Reliance Retail,East,Northeast-Assam,Mamaearth,30000.0,60000.0,100.0
Sep'24,2024-09-01,FY_24-25,Reliance Retail Limited-TNC4,Direct,Reliance Retail,East,Northeast-Assam,The Derma Co,0.0,0.0,100.0
Sep'24,2024-09-01,FY_24-25,Reliance Retail Limited-TNC7,Direct,Reliance Retail,North,Punjab,Mamaearth,20000.0,30000.0,100.0
Sep'24,2024-09-01,FY_24-25,Reliance Retail Limited-TND1,Direct,Reliance Retail,West,Gujarat,Mamaearth,40000.0,60000.0,100.0
Sep'24,2024-09-01,FY_24-25,Reliance Retail Limited-TND4,Direct,Reliance Retail,East,West Bengal,Mamaearth,50000.0,80000.0,100.0
Sep'24,2024-09-01,FY_24-25,Reliance Retail Limited-Tnd5,Direct,Reliance Retail,West,Gujarat,Mamaearth,60000.0,100000.0,100.0
Sep'24,2024-09-01,FY_24-25,Reliance Retail Limited-TOM0,Direct,Reliance Retail,West,Mumbai,Mamaearth,50000.0,80000.0,100.0
Sep'24,2024-09-01,FY_24-25,Reliance Retail Limited-TP06,Direct,Reliance Retail,North,Delhi,Mamaearth,20000.0,30000.0,100.0
Sep'24,2024-09-01,FY_24-25,Reliance Retail Limited-TQ61,Direct,Reliance Retail,South-1,Kerala,Mamaearth,40000.0,60000.0,100.0
Sep'24,2024-09-01,FY_24-25,Reliance Retail Limited-TW11,Direct,Reliance Retail,North,Delhi,Mamaearth,100000.0,160000.0,100.0
Sep'24,2024-09-01,FY_24-25,Reliance Retail Limited-TZ8R,Direct,Reliance Retail,North,Uttarakhand,Mamaearth,20000.0,30000.0,100.0
Sep'24,2024-09-01,FY_24-25,Reliance Retail Limited-TZL5,Direct,Reliance Retail,East,Bihar,BBlunt,10000.0,10000.0,100.0
Sep'24,2024-09-01,FY_24-25,Reliance Retail Limited-TZL5,Direct,Reliance Retail,East,Bihar,Mamaearth,60000.0,100000.0,100.0
Sep'24,2024-09-01,FY_24-25,Reliance Retail Limited-TZL5,Direct,Reliance Retail,East,Bihar,The Derma Co,0.0,0.0,100.0
Sep'24,2024-09-01,FY_24-25,Reliance Retail Limited-ZZI0-B,Direct,Reliance Retail,South-1,Kerala,Mamaearth,370000.0,690000.0,100.0
Sep'24,2024-09-01,FY_24-25,Reliance Retail Ltd _Madhavaram- TNB8,Direct,Reliance Retail,South-1,Tamil Nadu,Mamaearth,30000.0,60000.0,100.0
Sep'24,2024-09-01,FY_24-25,Reliance Retail Ltd _RAJAJI NAGAR- FR49,Direct,Reliance Retail,South-1,Karnataka,BBlunt,10000.0,10000.0,100.0
Sep'24,2024-09-01,FY_24-25,Reliance Retail Ltd _RAJAJI NAGAR- FR49,Direct,Reliance Retail,South-1,Karnataka,Mamaearth,20000.0,30000.0,100.0
Sep'24,2024-09-01,FY_24-25,Reliance Retail Ltd _RAJAJI NAGAR- FR49,Direct,Reliance Retail,South-1,Karnataka,The Derma Co,0.0,10000.0,100.0
Sep'24,2024-09-01,FY_24-25,Reliance Retail Ltd_Davanagere- TNC0,Direct,Reliance Retail,South-1,Karnataka,Mamaearth,10000.0,20000.0,100.0
Sep'24,2024-09-01,FY_24-25,Reliance Retail Ltd_Hubballi_2997,Direct,Reliance Retail,South-1,Karnataka,Mamaearth,10000.0,20000.0,100.0
Sep'24,2024-09-01,FY_24-25,Reliance Retail Ltd_Nagercoil- 3338,Direct,Reliance Retail,South-1,Tamil Nadu,Mamaearth,50000.0,80000.0,100.0
Sep'24,2024-09-01,FY_24-25,RELIANCE RETAIL Ltd-SK6C,Direct,Reliance Retail,West,Gujarat,Aqualogica,30000.0,40000.0,100.0
Sep'24,2024-09-01,FY_24-25,RELIANCE RETAIL Ltd-SK6C,Direct,Reliance Retail,West,Gujarat,Mamaearth,890000.0,2230000.0,100.0
Sep'24,2024-09-01,FY_24-25,RELIANCE RETAIL Ltd-SLEW,Direct,Reliance Retail,West,Chattishgarh,Aqualogica,-30000.0,-40000.0,100.0
Sep'24,2024-09-01,FY_24-25,RELIANCE RETAIL Ltd-SLEW,Direct,Reliance Retail,West,Chattishgarh,Mamaearth,430000.0,1080000.0,100.0
Sep'24,2024-09-01,FY_24-25,RELIANCE RETAIL Ltd-SLEW,Direct,Reliance Retail,West,Chattishgarh,The Derma Co,-10000.0,-10000.0,100.0
Sep'24,2024-09-01,FY_24-25,Tnsi Retail Pvt Ltd_Sultanpur,Direct,WH-Smith,North,Haryana,Aqualogica,10000.0,20000.0,100.0
Sep'24,2024-09-01,FY_24-25,Tnsi Retail Pvt Ltd_Sultanpur,Direct,WH-Smith,North,Haryana,Mamaearth,70000.0,150000.0,100.0
Sep'24,2024-09-01,FY_24-25,Travel News Services India Pvt Ltd_LPU-S105,Direct,WH-Smith,North,Punjab,Mamaearth,30000.0,50000.0,100.0
Sep'24,2024-09-01,FY_24-25,Travel News Services India Pvt Ltd_Up,Direct,WH-Smith,North,UPW,Mamaearth,30000.0,40000.0,100.0
Sep'24,2024-09-01,FY_24-25,Travel Retail Services Pvt Ltd_Blr,Direct,Relay,South-1,Karnataka,Mamaearth,20000.0,40000.0,100.0
Sep'24,2024-09-01,FY_24-25,Travel Retail Services Pvt Ltd_Blr,Direct,Relay,South-1,Karnataka,The Derma Co,10000.0,10000.0,100.0
Sep'24,2024-09-01,FY_24-25,Travel Retail Services Pvt Ltd_Mum,Direct,Relay,West,Mumbai,Mamaearth,20000.0,50000.0,100.0
Sep'24,2024-09-01,FY_24-25,Trent Hypermarket Private Limited_Blr,Direct,Trent,South-1,Karnataka,Mamaearth,60000.0,100000.0,100.0
Sep'24,2024-09-01,FY_24-25,Trent Hypermarket Private Limited_Mah,Direct,Trent,West,Mumbai,Mamaearth,220000.0,370000.0,100.0
Sep'24,2024-09-01,FY_24-25,Trent Hypermarket Private Limited-P,Direct,Trent,West,Pune,Mamaearth,120000.0,210000.0,100.0
Sep'24,2024-09-01,FY_24-25,Wal-Mart India Private Limited 4702,Direct,Walmart CNC,North,Punjab,Mamaearth,60000.0,120000.0,100.0
Sep'24,2024-09-01,FY_24-25,Wal-Mart India Private Limited 4703,Direct,Walmart CNC,North,Punjab,Mamaearth,150000.0,290000.0,100.0
Sep'24,2024-09-01,FY_24-25,Wal-Mart India Private Limited 4706,Direct,Walmart CNC,North,Punjab,Mamaearth,120000.0,230000.0,100.0
Sep'24,2024-09-01,FY_24-25,Wal-Mart India Private Limited 4712,Direct,Walmart CNC,North,Madhya Pradesh,Mamaearth,10000.0,30000.0,100.0
Sep'24,2024-09-01,FY_24-25,Wal-Mart India Private Limited 4713,Direct,Walmart CNC,North,Rajasthan,Mamaearth,80000.0,160000.0,100.0
Sep'24,2024-09-01,FY_24-25,Wal-Mart India Private Limited 4716,Direct,Walmart CNC,West,Chattishgarh,Mamaearth,120000.0,220000.0,100.0
Sep'24,2024-09-01,FY_24-25,Wal-Mart India Private Limited 4719,Direct,Walmart CNC,North,Jammu,Mamaearth,320000.0,620000.0,100.0
Sep'24,2024-09-01,FY_24-25,Wal-Mart India Private Limited 4720,Direct,Walmart CNC,North,UPW,Mamaearth,100000.0,180000.0,100.0
Sep'24,2024-09-01,FY_24-25,Wal-Mart India Private Limited 4721,Direct,Walmart CNC,South-2,Andhra Pradesh,Mamaearth,30000.0,70000.0,100.0
Sep'24,2024-09-01,FY_24-25,Wal-Mart India Private Limited 4723,Direct,Walmart CNC,North,Lucknow_UPE,Mamaearth,170000.0,320000.0,100.0
Sep'24,2024-09-01,FY_24-25,Wal-Mart India Private Limited 4724,Direct,Walmart CNC,West,Pune,Mamaearth,50000.0,100000.0,100.0
Sep'24,2024-09-01,FY_24-25,Wal-Mart India Private Limited 4725,Direct,Walmart CNC,South-2,Andhra Pradesh,Mamaearth,0.0,0.0,100.0
Sep'24,2024-09-01,FY_24-25,Wal-Mart India Private Limited 4727,Direct,Walmart CNC,North,Lucknow_UPE,Mamaearth,180000.0,340000.0,100.0
Sep'24,2024-09-01,FY_24-25,Wal-Mart India Private Limited 4729,Direct,Walmart CNC,North,Madhya Pradesh,Mamaearth,120000.0,240000.0,100.0
Sep'24,2024-09-01,FY_24-25,Wal-Mart India Private Limited 4734,Direct,Walmart CNC,South-2,Telangana,Mamaearth,70000.0,130000.0,100.0
Sep'24,2024-09-01,FY_24-25,Wal-Mart India Private Limited 4742,Direct,Walmart CNC,South-2,Andhra Pradesh,Mamaearth,20000.0,40000.0,100.0
Sep'24,2024-09-01,FY_24-25,Wal-Mart India Private Limited 4744,Direct,Walmart CNC,West,Pune,Mamaearth,40000.0,80000.0,100.0
Sep'24,2024-09-01,FY_24-25,Wal-Mart India Private Limited 4760,Direct,Walmart CNC,North,Madhya Pradesh,Mamaearth,80000.0,150000.0,100.0
Sep'24,2024-09-01,FY_24-25,Wal-Mart India Private Limited 4797,Direct,Walmart CNC,North,Lucknow_UPE,Mamaearth,110000.0,210000.0,100.0
Sep'24,2024-09-01,FY_24-25,Wal-Mart India Private Limited 4799,Direct,Walmart CNC,South-2,Andhra Pradesh,Mamaearth,130000.0,240000.0,100.0
Sep'24,2024-09-01,FY_24-25,Wal-Mart India Private Limited 4801,Direct,Walmart CNC,North,Punjab,Mamaearth,50000.0,90000.0,100.0
Sep'24,2024-09-01,FY_24-25,Wal-Mart India Private Limited 4803,Direct,Walmart CNC,North,Madhya Pradesh,Mamaearth,60000.0,120000.0,100.0
Sep'24,2024-09-01,FY_24-25,Wal-Mart India Private Limited 4805,Direct,Walmart CNC,South-2,Andhra Pradesh,Mamaearth,110000.0,210000.0,100.0
Sep'24,2024-09-01,FY_24-25,Wal-Mart India Private Limited 4813,Direct,Walmart CNC,South-2,Telangana,Mamaearth,20000.0,30000.0,100.0
Sep'24,2024-09-01,FY_24-25,Wal-Mart India Private Limited 4814,Direct,Walmart CNC,South-2,Andhra Pradesh,Mamaearth,10000.0,10000.0,100.0
Sep'24,2024-09-01,FY_24-25,Wellness Forever Medicare Ltd,Direct,Wellness Forever,West,Mumbai,Aqualogica,290000.0,490000.0,100.0
Sep'24,2024-09-01,FY_24-25,Wellness Forever Medicare Ltd,Direct,Wellness Forever,West,Mumbai,BBlunt,210000.0,320000.0,100.0
Sep'24,2024-09-01,FY_24-25,Wellness Forever Medicare Ltd,Direct,Wellness Forever,West,Mumbai,Mamaearth,3370000.0,5660000.0,100.0
Sep'24,2024-09-01,FY_24-25,Wellness Forever Medicare Ltd,Direct,Wellness Forever,West,Mumbai,The Derma Co,4730000.0,7980000.0,100.0
Sep'24,2024-09-01,FY_24-25,Arc Foods And Beverages_Mt_H&G,Dist.,H&G,South-1,Tamil Nadu,Aqualogica,150000.0,280000.0,83.33
Sep'24,2024-09-01,FY_24-25,Arc Foods And Beverages_Mt_H&G,Dist.,Apollo Healthco,South-1,Tamil Nadu,Aqualogica,30000.0,50000.0,16.67
Sep'24,2024-09-01,FY_24-25,Arc Foods And Beverages_Mt_H&G,Dist.,H&G,South-1,Tamil Nadu,BBlunt,280000.0,460000.0,100.0
Sep'24,2024-09-01,FY_24-25,Arc Foods And Beverages_Mt_H&G,Dist.,Apollo Healthco,South-1,Tamil Nadu,Mamaearth,880000.0,1940000.0,48.89
Sep'24,2024-09-01,FY_24-25,Arc Foods And Beverages_Mt_H&G,Dist.,H&G,South-1,Tamil Nadu,Mamaearth,920000.0,2020000.0,51.11
Sep'24,2024-09-01,FY_24-25,Arc Foods And Beverages_Mt_H&G,Dist.,H&G,South-1,Tamil Nadu,The Derma Co,1060000.0,1940000.0,91.38
Sep'24,2024-09-01,FY_24-25,Arc Foods And Beverages_Mt_H&G,Dist.,Apollo Healthco,South-1,Tamil Nadu,The Derma Co,100000.0,180000.0,8.62
Sep'24,2024-09-01,FY_24-25,Az Enterprises(Apollo/More)Mt,Dist.,Apollo Healthco,South-1,Karnataka,Aqualogica,140000.0,230000.0,26.92
Sep'24,2024-09-01,FY_24-25,Az Enterprises(Apollo/More)Mt,Dist.,H&G,South-1,Karnataka,Aqualogica,380000.0,620000.0,73.08
Sep'24,2024-09-01,FY_24-25,Az Enterprises(Apollo/More)Mt,Dist.,H&G,South-1,Karnataka,BBlunt,530000.0,950000.0,86.89
Sep'24,2024-09-01,FY_24-25,Az Enterprises(Apollo/More)Mt,Dist.,B&N,South-1,Karnataka,BBlunt,80000.0,140000.0,13.11
Sep'24,2024-09-01,FY_24-25,Az Enterprises(Apollo/More)Mt,Dist.,Apollo Healthco,South-1,Karnataka,Mamaearth,2750000.0,5670000.0,38.35
Sep'24,2024-09-01,FY_24-25,Az Enterprises(Apollo/More)Mt,Dist.,Lulu,South-1,Karnataka,Mamaearth,760000.0,1580000.0,10.6
Sep'24,2024-09-01,FY_24-25,Az Enterprises(Apollo/More)Mt,Dist.,VMM,South-1,Karnataka,Mamaearth,110000.0,230000.0,1.53
Sep'24,2024-09-01,FY_24-25,Az Enterprises(Apollo/More)Mt,Dist.,Frankross,South-1,Karnataka,Mamaearth,20000.0,40000.0,0.28
Sep'24,2024-09-01,FY_24-25,Az Enterprises(Apollo/More)Mt,Dist.,Max Hyper,South-1,Karnataka,Mamaearth,120000.0,260000.0,1.67
Sep'24,2024-09-01,FY_24-25,Az Enterprises(Apollo/More)Mt,Dist.,H&G,South-1,Karnataka,Mamaearth,2080000.0,4280000.0,29.01
Sep'24,2024-09-01,FY_24-25,Az Enterprises(Apollo/More)Mt,Dist.,B&N,South-1,Karnataka,Mamaearth,130000.0,270000.0,1.81
Sep'24,2024-09-01,FY_24-25,Az Enterprises(Apollo/More)Mt,Dist.,More Retail,South-1,Karnataka,Mamaearth,1200000.0,2470000.0,16.74
Sep'24,2024-09-01,FY_24-25,Az Enterprises(Apollo/More)Mt,Dist.,Apollo Healthco,South-1,Karnataka,The Derma Co,240000.0,400000.0,12.44
Sep'24,2024-09-01,FY_24-25,Az Enterprises(Apollo/More)Mt,Dist.,Lulu,South-1,Karnataka,The Derma Co,60000.0,90000.0,3.11
Sep'24,2024-09-01,FY_24-25,Az Enterprises(Apollo/More)Mt,Dist.,H&G,South-1,Karnataka,The Derma Co,1520000.0,2530000.0,78.76
Sep'24,2024-09-01,FY_24-25,Az Enterprises(Apollo/More)Mt,Dist.,B&N,South-1,Karnataka,The Derma Co,110000.0,180000.0,5.7
Sep'24,2024-09-01,FY_24-25,BALAJI ASSOCIATES Distributor MT,Dist.,Reliance Retail,East,Northeast-Assam,Mamaearth,1840000.0,5020000.0,100.0
Sep'24,2024-09-01,FY_24-25,CHHABRA TRADERS_Ship To,Dist.,Spencer,North,Lucknow_UPE,BBlunt,20000.0,30000.0,100.0
Sep'24,2024-09-01,FY_24-25,CHHABRA TRADERS_Ship To,Dist.,Lulu,North,Lucknow_UPE,Mamaearth,650000.0,1200000.0,50.0
Sep'24,2024-09-01,FY_24-25,CHHABRA TRADERS_Ship To,Dist.,Spencer,North,Lucknow_UPE,Mamaearth,650000.0,1200000.0,50.0
Sep'24,2024-09-01,FY_24-25,CHHABRA TRADERS_Ship To,Dist.,Lulu,North,Lucknow_UPE,The Derma Co,140000.0,250000.0,100.0
Sep'24,2024-09-01,FY_24-25,D.L. Sales - MT,Dist.,Apollo Healthco,East,West Bengal,Aqualogica,10000.0,10000.0,3.33
Sep'24,2024-09-01,FY_24-25,D.L. Sales - MT,Dist.,H&G,East,West Bengal,Aqualogica,10000.0,10000.0,3.33
Sep'24,2024-09-01,FY_24-25,D.L. Sales - MT,Dist.,Spencer,East,West Bengal,Aqualogica,280000.0,500000.0,93.33
Sep'24,2024-09-01,FY_24-25,D.L. Sales - MT,Dist.,H&G,East,West Bengal,BBlunt,20000.0,30000.0,33.33
Sep'24,2024-09-01,FY_24-25,D.L. Sales - MT,Dist.,Spencer,East,West Bengal,BBlunt,40000.0,80000.0,66.67
Sep'24,2024-09-01,FY_24-25,D.L. Sales - MT,Dist.,Apollo Healthco,East,West Bengal,Mamaearth,1220000.0,2320000.0,41.78
Sep'24,2024-09-01,FY_24-25,D.L. Sales - MT,Dist.,H&G,East,West Bengal,Mamaearth,70000.0,130000.0,2.4
Sep'24,2024-09-01,FY_24-25,D.L. Sales - MT,Dist.,More Retail,East,West Bengal,Mamaearth,280000.0,540000.0,9.59
Sep'24,2024-09-01,FY_24-25,D.L. Sales - MT,Dist.,Spencer,East,West Bengal,Mamaearth,1100000.0,2110000.0,37.67
Sep'24,2024-09-01,FY_24-25,D.L. Sales - MT,Dist.,Arambagh,East,West Bengal,Mamaearth,90000.0,170000.0,3.08
Sep'24,2024-09-01,FY_24-25,D.L. Sales - MT,Dist.,Frankross,East,West Bengal,Mamaearth,100000.0,200000.0,3.42
Sep'24,2024-09-01,FY_24-25,D.L. Sales - MT,Dist.,VMM,East,West Bengal,Mamaearth,60000.0,120000.0,2.05
Sep'24,2024-09-01,FY_24-25,D.L. Sales - MT,Dist.,Apollo Healthco,East,West Bengal,The Derma Co,60000.0,110000.0,16.67
Sep'24,2024-09-01,FY_24-25,D.L. Sales - MT,Dist.,H&G,East,West Bengal,The Derma Co,70000.0,130000.0,19.44
Sep'24,2024-09-01,FY_24-25,D.L. Sales - MT,Dist.,Spencer,East,West Bengal,The Derma Co,230000.0,420000.0,63.89
Sep'24,2024-09-01,FY_24-25,G.V Enterprises,Dist.,Lulu,South-1,Tamil Nadu,Aqualogica,10000.0,20000.0,100.0
Sep'24,2024-09-01,FY_24-25,G.V Enterprises,Dist.,Apollo Healthco,South-1,Tamil Nadu,Mamaearth,370000.0,840000.0,6.88
Sep'24,2024-09-01,FY_24-25,G.V Enterprises,Dist.,D-Mart,South-1,Tamil Nadu,Mamaearth,4420000.0,9960000.0,82.16
Sep'24,2024-09-01,FY_24-25,G.V Enterprises,Dist.,Lulu,South-1,Tamil Nadu,Mamaearth,220000.0,510000.0,4.09
Sep'24,2024-09-01,FY_24-25,G.V Enterprises,Dist.,Max Hyper,South-1,Tamil Nadu,Mamaearth,40000.0,90000.0,0.74
Sep'24,2024-09-01,FY_24-25,G.V Enterprises,Dist.,Pothys,South-1,Tamil Nadu,Mamaearth,330000.0,750000.0,6.13
Sep'24,2024-09-01,FY_24-25,G.V Enterprises,Dist.,Apollo Healthco,South-1,Tamil Nadu,The Derma Co,20000.0,30000.0,66.67
Sep'24,2024-09-01,FY_24-25,G.V Enterprises,Dist.,Lulu,South-1,Tamil Nadu,The Derma Co,10000.0,30000.0,33.33
Sep'24,2024-09-01,FY_24-25,G.V Enterprises,Dist.,H&G,South-1,Tamil Nadu,The Derma Co,0.0,0.0,0.0
Sep'24,2024-09-01,FY_24-25,Ganapati Distributor MT,Dist.,V-Mart,East,Orissa,Mamaearth,0.0,30000.0,
Sep'24,2024-09-01,FY_24-25,Ganapati Distributor MT,Dist.,Apollo Healthco,East,Orissa,Mamaearth,0.0,20000.0,
Sep'24,2024-09-01,FY_24-25,Ganapati Distributor MT,Dist.,VMM,East,Orissa,Mamaearth,0.0,50000.0,
Sep'24,2024-09-01,FY_24-25,JUST MARK-Dmart,Dist.,D-Mart,West,Gujarat,Mamaearth,9790000.0,26440000.0,100.0
Sep'24,2024-09-01,FY_24-25,Kiran Trading Co- Dmart,Dist.,D-Mart,West,Pune,Mamaearth,2250000.0,6110000.0,100.0
Sep'24,2024-09-01,FY_24-25,Kiran Trading Company_Ship to,Dist.,D-Mart,West,Pune,Mamaearth,5010000.0,12930000.0,100.0
Sep'24,2024-09-01,FY_24-25,M/S KOTTARAM BUSINESS CORPORATION-MT,Dist.,H&G,South-1,Kerala,Aqualogica,20000.0,50000.0,5.56
Sep'24,2024-09-01,FY_24-25,M/S KOTTARAM BUSINESS CORPORATION-MT,Dist.,Lulu,South-1,Kerala,Aqualogica,340000.0,620000.0,94.44
Sep'24,2024-09-01,FY_24-25,M/S KOTTARAM BUSINESS CORPORATION-MT,Dist.,H&G,South-1,Kerala,BBlunt,10000.0,20000.0,50.0
Sep'24,2024-09-01,FY_24-25,M/S KOTTARAM BUSINESS CORPORATION-MT,Dist.,B&N,South-1,Kerala,BBlunt,10000.0,20000.0,50.0
Sep'24,2024-09-01,FY_24-25,M/S KOTTARAM BUSINESS CORPORATION-MT,Dist.,H&G,South-1,Kerala,Mamaearth,20000.0,40000.0,1.21
Sep'24,2024-09-01,FY_24-25,M/S KOTTARAM BUSINESS CORPORATION-MT,Dist.,Lulu,South-1,Kerala,Mamaearth,1510000.0,3430000.0,91.52
Sep'24,2024-09-01,FY_24-25,M/S KOTTARAM BUSINESS CORPORATION-MT,Dist.,Apollo Healthco,South-1,Kerala,Mamaearth,110000.0,250000.0,6.67
Sep'24,2024-09-01,FY_24-25,M/S KOTTARAM BUSINESS CORPORATION-MT,Dist.,B&N,South-1,Kerala,Mamaearth,10000.0,30000.0,0.61
Sep'24,2024-09-01,FY_24-25,M/S KOTTARAM BUSINESS CORPORATION-MT,Dist.,Apollo Healthco,South-1,Kerala,The Derma Co,60000.0,120000.0,16.67
Sep'24,2024-09-01,FY_24-25,M/S KOTTARAM BUSINESS CORPORATION-MT,Dist.,B&N,South-1,Kerala,The Derma Co,10000.0,20000.0,2.78
Sep'24,2024-09-01,FY_24-25,M/S KOTTARAM BUSINESS CORPORATION-MT,Dist.,Lulu,South-1,Kerala,The Derma Co,290000.0,530000.0,80.56
Sep'24,2024-09-01,FY_24-25,MARK ENTERPRISE,Dist.,Apollo Healthco,West,Gujarat,Mamaearth,770000.0,1420000.0,92.77
Sep'24,2024-09-01,FY_24-25,MARK ENTERPRISE,Dist.,Shubham K Mart,West,Gujarat,Mamaearth,60000.0,110000.0,7.23
Sep'24,2024-09-01,FY_24-25,PRAGATI SALES-D-MART,Dist.,D-Mart,West,Chattishgarh,Mamaearth,760000.0,2110000.0,100.0
Sep'24,2024-09-01,FY_24-25,R.C. Trade Link H&G,Dist.,H&G,West,Mumbai,Aqualogica,20000.0,30000.0,100.0
Sep'24,2024-09-01,FY_24-25,R.C. Trade Link H&G,Dist.,H&G,West,Mumbai,BBlunt,20000.0,30000.0,100.0
Sep'24,2024-09-01,FY_24-25,R.C. Trade Link H&G,Dist.,H&G,West,Mumbai,Mamaearth,110000.0,280000.0,100.0
Sep'24,2024-09-01,FY_24-25,R.C. Trade Link H&G,Dist.,H&G,West,Mumbai,The Derma Co,130000.0,210000.0,100.0
Sep'24,2024-09-01,FY_24-25,R.D. Enterprises,Dist.,Lulu,North,Lucknow_UPE,Mamaearth,-80000.0,-140000.0,50.0
Sep'24,2024-09-01,FY_24-25,R.D. Enterprises,Dist.,Spencer,North,Lucknow_UPE,Mamaearth,-80000.0,-140000.0,50.0
Sep'24,2024-09-01,FY_24-25,Sancus Networks Private Limited-RMT,Dist.,RMT-Sancus,North,Delhi,Aqualogica,370000.0,640000.0,100.0
Sep'24,2024-09-01,FY_24-25,Sancus Networks Private Limited-RMT,Dist.,RMT-Sancus,North,Delhi,BBlunt,0.0,0.0,
Sep'24,2024-09-01,FY_24-25,Sancus Networks Private Limited-RMT,Dist.,RMT-Sancus,North,Delhi,Mamaearth,1410000.0,4180000.0,88.12
Sep'24,2024-09-01,FY_24-25,Sancus Networks Private Limited-RMT,Dist.,Max Hyper,North,Delhi,Mamaearth,10000.0,40000.0,0.62
Sep'24,2024-09-01,FY_24-25,Sancus Networks Private Limited-RMT,Dist.,More Retail,North,Delhi,Mamaearth,180000.0,530000.0,11.25
Sep'24,2024-09-01,FY_24-25,Sancus Networks Private Limited-RMT,Dist.,RMT-Sancus,North,Delhi,The Derma Co,1070000.0,1860000.0,100.0
Sep'24,2024-09-01,FY_24-25,Sathyashree Enterprises-Mt,Dist.,D-Mart,South-1,Karnataka,Mamaearth,840000.0,2140000.0,100.0
Sep'24,2024-09-01,FY_24-25,SC BUSINESS COMBINE_MT,Dist.,V-Mart,East,Northeast-Assam,Mamaearth,220000.0,440000.0,100.0
Sep'24,2024-09-01,FY_24-25,Sri Lalitha Enterprises,Dist.,Grace Super MKT,South-1,Tamil Nadu,Mamaearth,320000.0,660000.0,14.75
Sep'24,2024-09-01,FY_24-25,Sri Lalitha Enterprises,Dist.,Pothys,South-1,Tamil Nadu,Mamaearth,390000.0,810000.0,17.97
Sep'24,2024-09-01,FY_24-25,Sri Lalitha Enterprises,Dist.,Sarvana,South-1,Tamil Nadu,Mamaearth,1460000.0,3040000.0,67.28
Sep'24,2024-09-01,FY_24-25,Sri Vijaya Durga Agencies_Mt,Dist.,H&G,South-2,Andhra Pradesh,Aqualogica,0.0,10000.0,
Sep'24,2024-09-01,FY_24-25,Sri Vijaya Durga Agencies_Mt,Dist.,Reliance Retail,South-2,Andhra Pradesh,Aqualogica,0.0,10000.0,
Sep'24,2024-09-01,FY_24-25,Sri Vijaya Durga Agencies_Mt,Dist.,H&G,South-2,Andhra Pradesh,BBlunt,0.0,10000.0,
Sep'24,2024-09-01,FY_24-25,Sri Vijaya Durga Agencies_Mt,Dist.,Apollo Healthco,South-2,Andhra Pradesh,Mamaearth,2310000.0,4860000.0,19.0
Sep'24,2024-09-01,FY_24-25,Sri Vijaya Durga Agencies_Mt,Dist.,VMM,South-2,Andhra Pradesh,Mamaearth,20000.0,60000.0,0.16
Sep'24,2024-09-01,FY_24-25,Sri Vijaya Durga Agencies_Mt,Dist.,D-Mart,South-2,Andhra Pradesh,Mamaearth,6740000.0,16130000.0,55.43
Sep'24,2024-09-01,FY_24-25,Sri Vijaya Durga Agencies_Mt,Dist.,Reliance Retail,South-2,Andhra Pradesh,Mamaearth,2810000.0,6720000.0,23.11
Sep'24,2024-09-01,FY_24-25,Sri Vijaya Durga Agencies_Mt,Dist.,More Retail,South-2,Andhra Pradesh,Mamaearth,280000.0,680000.0,2.3
Sep'24,2024-09-01,FY_24-25,Sri Vijaya Durga Agencies_Mt,Dist.,H&G,South-2,Andhra Pradesh,The Derma Co,60000.0,110000.0,100.0
Sep'24,2024-09-01,FY_24-25,United Marketing_Mt,Dist.,Apollo Healthco,West,Goa,Mamaearth,220000.0,380000.0,100.0
Sep'24,2024-09-01,FY_24-25,Vanaja Agencies MT_Dmart,Dist.,D-Mart,South-2,Telangana,Mamaearth,8820000.0,23830000.0,100.0
Sep'24,2024-09-01,FY_24-25,Vanaja Agencies_Mt,Dist.,H&G,South-2,Telangana,Aqualogica,260000.0,470000.0,55.32
Sep'24,2024-09-01,FY_24-25,Vanaja Agencies_Mt,Dist.,Reliance Retail,South-2,Telangana,Aqualogica,40000.0,80000.0,8.51
Sep'24,2024-09-01,FY_24-25,Vanaja Agencies_Mt,Dist.,Lulu,South-2,Telangana,Aqualogica,20000.0,40000.0,4.26
Sep'24,2024-09-01,FY_24-25,Vanaja Agencies_Mt,Dist.,B&N,South-2,Telangana,Aqualogica,40000.0,70000.0,8.51
Sep'24,2024-09-01,FY_24-25,Vanaja Agencies_Mt,Dist.,Apollo Healthco,South-2,Telangana,Aqualogica,110000.0,200000.0,23.4
Sep'24,2024-09-01,FY_24-25,Vanaja Agencies_Mt,Dist.,H&G,South-2,Telangana,BBlunt,320000.0,510000.0,71.11
Sep'24,2024-09-01,FY_24-25,Vanaja Agencies_Mt,Dist.,B&N,South-2,Telangana,BBlunt,130000.0,210000.0,28.89
Sep'24,2024-09-01,FY_24-25,Vanaja Agencies_Mt,Dist.,Apollo Healthco,South-2,Telangana,Mamaearth,2840000.0,6810000.0,28.09
Sep'24,2024-09-01,FY_24-25,Vanaja Agencies_Mt,Dist.,H&G,South-2,Telangana,Mamaearth,1010000.0,2120000.0,9.99
Sep'24,2024-09-01,FY_24-25,Vanaja Agencies_Mt,Dist.,Vijetha,South-2,Telangana,Mamaearth,700000.0,1480000.0,6.92
Sep'24,2024-09-01,FY_24-25,Vanaja Agencies_Mt,Dist.,More Retail,South-2,Telangana,Mamaearth,640000.0,1360000.0,6.33
Sep'24,2024-09-01,FY_24-25,Vanaja Agencies_Mt,Dist.,Max Hyper,South-2,Telangana,Mamaearth,40000.0,90000.0,0.4
Sep'24,2024-09-01,FY_24-25,Vanaja Agencies_Mt,Dist.,Reliance Retail,South-2,Telangana,Mamaearth,2500000.0,5270000.0,24.73
Sep'24,2024-09-01,FY_24-25,Vanaja Agencies_Mt,Dist.,Lulu,South-2,Telangana,Mamaearth,850000.0,1780000.0,8.41
Sep'24,2024-09-01,FY_24-25,Vanaja Agencies_Mt,Dist.,Ratnadeep,South-2,Telangana,Mamaearth,1310000.0,2760000.0,12.96
Sep'24,2024-09-01,FY_24-25,Vanaja Agencies_Mt,Dist.,B&N,South-2,Telangana,Mamaearth,170000.0,360000.0,1.68
Sep'24,2024-09-01,FY_24-25,Vanaja Agencies_Mt,Dist.,VMM,South-2,Telangana,Mamaearth,50000.0,110000.0,0.49
Sep'24,2024-09-01,FY_24-25,Vanaja Agencies_Mt,Dist.,H&G,South-2,Telangana,The Derma Co,1630000.0,2940000.0,65.73
Sep'24,2024-09-01,FY_24-25,Vanaja Agencies_Mt,Dist.,Lulu,South-2,Telangana,The Derma Co,120000.0,220000.0,4.84
Sep'24,2024-09-01,FY_24-25,Vanaja Agencies_Mt,Dist.,B&N,South-2,Telangana,The Derma Co,170000.0,310000.0,6.85
Sep'24,2024-09-01,FY_24-25,Vanaja Agencies_Mt,Dist.,Apollo Healthco,South-2,Telangana,The Derma Co,560000.0,1010000.0,22.58
Sep'24,2024-09-01,FY_24-25,VISHAL ENTERPRISES_Solapur,Dist.,D-Mart,West,Pune,Mamaearth,1690000.0,4380000.0,100.0
Oct'24,2024-10-01,FY_24-25,APOLLO HEALTHCO LIMITED_AHMEDABAD,Direct,Apollo Healthco,West,Gujarat,Aqualogica,10000.0,10000.0,100.0
Oct'24,2024-10-01,FY_24-25,APOLLO HEALTHCO LIMITED_AHMEDABAD,Direct,Apollo Healthco,West,Gujarat,Mamaearth,250000.0,740000.0,100.0
Oct'24,2024-10-01,FY_24-25,Apollo Healthco Limited_Bhiwandi,Direct,Apollo Healthco,West,Mumbai,Aqualogica,40000.0,70000.0,100.0
Oct'24,2024-10-01,FY_24-25,Apollo Healthco Limited_Bhiwandi,Direct,Apollo Healthco,West,Mumbai,Mamaearth,200000.0,480000.0,100.0
Oct'24,2024-10-01,FY_24-25,Apollo Healthco Limited_Bhiwandi,Direct,Apollo Healthco,West,Mumbai,The Derma Co,60000.0,100000.0,100.0
Oct'24,2024-10-01,FY_24-25,Apollo Healthco Limited_Faridabad,Direct,Apollo Healthco,North,Haryana,Aqualogica,100000.0,170000.0,100.0
Oct'24,2024-10-01,FY_24-25,Apollo Healthco Limited_Faridabad,Direct,Apollo Healthco,North,Haryana,Mamaearth,1930000.0,4870000.0,100.0
Oct'24,2024-10-01,FY_24-25,Apollo Healthco Limited_Faridabad,Direct,Apollo Healthco,North,Haryana,The Derma Co,280000.0,470000.0,100.0
Oct'24,2024-10-01,FY_24-25,Apollo Healthco Limited_Rajasthan,Direct,Apollo Healthco,North,Rajasthan,Aqualogica,10000.0,20000.0,100.0
Oct'24,2024-10-01,FY_24-25,Apollo Healthco Limited_Rajasthan,Direct,Apollo Healthco,North,Rajasthan,Mamaearth,290000.0,730000.0,100.0
Oct'24,2024-10-01,FY_24-25,Apollo Healthco Limited-Bangalore,Direct,Apollo Healthco,South-1,Karnataka,Mamaearth,190000.0,600000.0,100.0
Oct'24,2024-10-01,FY_24-25,Apollo Healthco Limited-Chennai,Direct,Apollo Healthco,South-1,Tamil Nadu,Mamaearth,160000.0,500000.0,100.0
Oct'24,2024-10-01,FY_24-25,APOLLO HEALTHCO LIMITED-Chittor,Direct,Apollo Healthco,South-2,Andhra Pradesh,Mamaearth,90000.0,290000.0,100.0
Oct'24,2024-10-01,FY_24-25,Apollo Healthco Limited-Goa,Direct,Apollo Healthco,West,Goa,Mamaearth,60000.0,180000.0,100.0
Oct'24,2024-10-01,FY_24-25,Apollo Healthco Limited-Hubbli,Direct,Apollo Healthco,South-1,Karnataka,Mamaearth,340000.0,1060000.0,100.0
Oct'24,2024-10-01,FY_24-25,APOLLO HEALTHCO LIMITED-HYD,Direct,Apollo Healthco,South-2,Telangana,Mamaearth,100000.0,320000.0,100.0
Oct'24,2024-10-01,FY_24-25,Apollo Healthco Limited-Kochi,Direct,Apollo Healthco,South-1,Kerala,Mamaearth,40000.0,110000.0,100.0
Oct'24,2024-10-01,FY_24-25,APOLLO HEALTHCO LIMITED-Madurai,Direct,Apollo Healthco,South-1,Tamil Nadu,Mamaearth,40000.0,130000.0,100.0
Oct'24,2024-10-01,FY_24-25,Apollo Healthco Limited-Ore,Direct,Apollo Healthco,East,Orissa,Mamaearth,160000.0,350000.0,100.0
Oct'24,2024-10-01,FY_24-25,Apollo Healthco Limited-Sanath Nagar,Direct,Apollo Healthco,South-2,Telangana,Mamaearth,170000.0,540000.0,100.0
Oct'24,2024-10-01,FY_24-25,APOLLO HEALTHCO LIMITED-Vijayawada,Direct,Apollo Healthco,South-2,Andhra Pradesh,Mamaearth,150000.0,470000.0,100.0
Oct'24,2024-10-01,FY_24-25,APOLLO HEALTHCO LIMITED-WB,Direct,Apollo Healthco,East,West Bengal,Aqualogica,20000.0,30000.0,100.0
Oct'24,2024-10-01,FY_24-25,APOLLO HEALTHCO LIMITED-WB,Direct,Apollo Healthco,East,West Bengal,Mamaearth,280000.0,860000.0,100.0
Oct'24,2024-10-01,FY_24-25,APOLLO HEALTHCO LIMITED-WB-2,Direct,Apollo Healthco,East,West Bengal,Mamaearth,100000.0,320000.0,100.0
Oct'24,2024-10-01,FY_24-25,Apollo Healthco Ltd_Raipur,Direct,Apollo Healthco,West,Chattishgarh,Mamaearth,90000.0,280000.0,100.0
Oct'24,2024-10-01,FY_24-25,Apollo Hospitals Enterprise Ltd(Offline),Direct,Apollo Healthco,North,Haryana,Mamaearth,0.0,-10000.0,100.0
Oct'24,2024-10-01,FY_24-25,Avenue E Commerce Limited(Belapur),Direct,D-Mart,West,Mumbai,Aqualogica,20000.0,30000.0,100.0
Oct'24,2024-10-01,FY_24-25,Avenue E Commerce Limited(Belapur),Direct,D-Mart,West,Mumbai,The Derma Co,20000.0,40000.0,100.0
Oct'24,2024-10-01,FY_24-25,Avenue E Commerce Limited(Ck Palya),Direct,D-Mart,South-1,Karnataka,Aqualogica,10000.0,20000.0,100.0
Oct'24,2024-10-01,FY_24-25,Avenue E Commerce Limited(Kanjur),Direct,D-Mart,West,Mumbai,Aqualogica,10000.0,20000.0,100.0
Oct'24,2024-10-01,FY_24-25,Avenue E Commerce Limited(Kanjur),Direct,D-Mart,West,Mumbai,The Derma Co,40000.0,70000.0,100.0
Oct'24,2024-10-01,FY_24-25,Avenue E Commerce Limited(Kiwale),Direct,D-Mart,West,Pune,Aqualogica,10000.0,30000.0,100.0
Oct'24,2024-10-01,FY_24-25,Avenue E Commerce Limited(Kiwale),Direct,D-Mart,West,Pune,The Derma Co,10000.0,30000.0,100.0
Oct'24,2024-10-01,FY_24-25,Avenue E Commerce Limited(Mira Road) N2,Direct,D-Mart,West,Pune,Aqualogica,20000.0,40000.0,100.0
Oct'24,2024-10-01,FY_24-25,Avenue E Commerce Limited(Mira Road) N2,Direct,D-Mart,West,Pune,The Derma Co,30000.0,70000.0,100.0
Oct'24,2024-10-01,FY_24-25,Avenue E Commerce Limited(Nahur),Direct,D-Mart,West,Mumbai,Aqualogica,70000.0,140000.0,100.0
Oct'24,2024-10-01,FY_24-25,Avenue E Commerce Limited(Nahur),Direct,D-Mart,West,Mumbai,The Derma Co,110000.0,210000.0,100.0
Oct'24,2024-10-01,FY_24-25,Avenue E Commerce Limited_3826,Direct,D-Mart,West,Gujarat,The Derma Co,20000.0,40000.0,100.0
Oct'24,2024-10-01,FY_24-25,Avenue E Commerce Limited_Panvel-2,Direct,D-Mart,West,Pune,Aqualogica,10000.0,30000.0,100.0
Oct'24,2024-10-01,FY_24-25,Avenue E Commerce Limited_Panvel-2,Direct,D-Mart,West,Pune,The Derma Co,20000.0,40000.0,100.0
Oct'24,2024-10-01,FY_24-25,Avenue E Commerce Ltd._Hennur Fc-Ka,Direct,D-Mart,South-1,Karnataka,Aqualogica,10000.0,10000.0,100.0
Oct'24,2024-10-01,FY_24-25,Avenue E Commerce Ltd_3919-Sardarnagar,Direct,D-Mart,West,Gujarat,The Derma Co,20000.0,40000.0,100.0
Oct'24,2024-10-01,FY_24-25,Avenue E Commerce Ltd_3925-Jahangirabad.,Direct,D-Mart,West,Gujarat,The Derma Co,20000.0,40000.0,100.0
Oct'24,2024-10-01,FY_24-25,Avenue E Commerce Ltd_4047-Vasai Waliv,Direct,D-Mart,West,Mumbai,Aqualogica,0.0,10000.0,100.0
Oct'24,2024-10-01,FY_24-25,Avenue E Commerce Ltd_4047-Vasai Waliv,Direct,D-Mart,West,Mumbai,The Derma Co,20000.0,40000.0,100.0
Oct'24,2024-10-01,FY_24-25,Avenue E Commerce Ltd_CadburyFC.,Direct,D-Mart,West,Mumbai,The Derma Co,20000.0,30000.0,100.0
Oct'24,2024-10-01,FY_24-25,Avenue E Commerce Ltd_Goregaon,Direct,D-Mart,West,Mumbai,Aqualogica,0.0,10000.0,100.0
Oct'24,2024-10-01,FY_24-25,Avenue E Commerce Ltd_Goregaon,Direct,D-Mart,West,Mumbai,The Derma Co,0.0,10000.0,100.0
Oct'24,2024-10-01,FY_24-25,Avenue E Commerce Ltd_Manpada,Direct,D-Mart,West,Mumbai,The Derma Co,20000.0,40000.0,100.0
Oct'24,2024-10-01,FY_24-25,Avenue E Commerce Ltd_SanandFC,Direct,D-Mart,West,Gujarat,The Derma Co,20000.0,40000.0,100.0
Oct'24,2024-10-01,FY_24-25,Avenue E Commerce Ltd_Wagholi,Direct,D-Mart,West,Pune,Aqualogica,10000.0,20000.0,100.0
Oct'24,2024-10-01,FY_24-25,Avenue E Commerce Ltd_Wagholi,Direct,D-Mart,West,Pune,The Derma Co,20000.0,40000.0,100.0
Oct'24,2024-10-01,FY_24-25,Avenue Supermarts Ltd.-DC-1032,Direct,D-Mart,South-1,Karnataka,Mamaearth,7740000.0,19920000.0,100.0
Oct'24,2024-10-01,FY_24-25,Avenue Supermarts Ltd.-DC-1039,Direct,D-Mart,West,Mumbai,BBlunt,190000.0,380000.0,100.0
Oct'24,2024-10-01,FY_24-25,Avenue Supermarts Ltd.-DC-1039,Direct,D-Mart,West,Mumbai,Mamaearth,10970000.0,28360000.0,100.0
Oct'24,2024-10-01,FY_24-25,Avenue Supermarts Ltd.-DC-1049,Direct,D-Mart,North,Madhya Pradesh,Mamaearth,3380000.0,8960000.0,100.0
Oct'24,2024-10-01,FY_24-25,Avenue Supermarts Ltd.-DC-1050,Direct,D-Mart,North,Punjab,Mamaearth,3110000.0,8290000.0,100.0
Oct'24,2024-10-01,FY_24-25,Avenue Supermarts Ltd.-DC-1068,Direct,D-Mart,North,Rajasthan,Mamaearth,3550000.0,9230000.0,100.0
Oct'24,2024-10-01,FY_24-25,Guardian Healthcare Services Pvt Ltd(DL),Direct,Guardian,North,Delhi,Aqualogica,20000.0,50000.0,100.0
Oct'24,2024-10-01,FY_24-25,Guardian Healthcare Services Pvt Ltd(DL),Direct,Guardian,North,Delhi,Mamaearth,160000.0,320000.0,100.0
Oct'24,2024-10-01,FY_24-25,Guardian Healthcare Services Pvt Ltd(DL),Direct,Guardian,North,Delhi,The Derma Co,30000.0,60000.0,100.0
Oct'24,2024-10-01,FY_24-25,Metro Cash & Carry India Pvt Ltd -(DC34)-T0SR,Direct,Metro-CNC-RRL,South-1,Karnataka,Mamaearth,100000.0,180000.0,100.0
Oct'24,2024-10-01,FY_24-25,Metro Cash & Carry India Pvt Ltd-(DC10)-T0SM,Direct,Metro-CNC-RRL,South-1,Karnataka,Aqualogica,30000.0,50000.0,100.0
Oct'24,2024-10-01,FY_24-25,Metro Cash & Carry India Pvt Ltd-(DC10)-T0SM,Direct,Metro-CNC-RRL,South-1,Karnataka,BBlunt,30000.0,40000.0,100.0
Oct'24,2024-10-01,FY_24-25,Metro Cash & Carry India Pvt Ltd-(DC10)-T0SM,Direct,Metro-CNC-RRL,South-1,Karnataka,Mamaearth,210000.0,420000.0,100.0
Oct'24,2024-10-01,FY_24-25,Metro Cash & Carry India Pvt Ltd-(DC11)-T0SL,Direct,Metro-CNC-RRL,South-1,Karnataka,Aqualogica,180000.0,290000.0,100.0
Oct'24,2024-10-01,FY_24-25,Metro Cash & Carry India Pvt Ltd-(DC11)-T0SL,Direct,Metro-CNC-RRL,South-1,Karnataka,BBlunt,20000.0,40000.0,100.0
Oct'24,2024-10-01,FY_24-25,Metro Cash & Carry India Pvt Ltd-(DC11)-T0SL,Direct,Metro-CNC-RRL,South-1,Karnataka,Mamaearth,480000.0,950000.0,100.0
Oct'24,2024-10-01,FY_24-25,Metro Cash & Carry India Pvt Ltd-(DC11)-T0SL,Direct,Metro-CNC-RRL,South-1,Karnataka,The Derma Co,160000.0,260000.0,100.0
Oct'24,2024-10-01,FY_24-25,Metro Cash & Carry India Pvt Ltd-(DC12)-T0QX,Direct,Metro-CNC-RRL,South-2,Telangana,Aqualogica,-210000.0,-330000.0,100.0
Oct'24,2024-10-01,FY_24-25,Metro Cash & Carry India Pvt Ltd-(DC12)-T0QX,Direct,Metro-CNC-RRL,South-2,Telangana,BBlunt,40000.0,60000.0,100.0
Oct'24,2024-10-01,FY_24-25,Metro Cash & Carry India Pvt Ltd-(DC12)-T0QX,Direct,Metro-CNC-RRL,South-2,Telangana,Mamaearth,720000.0,1380000.0,100.0
Oct'24,2024-10-01,FY_24-25,Metro Cash & Carry India Pvt Ltd-(DC12)-T0QX,Direct,Metro-CNC-RRL,South-2,Telangana,The Derma Co,440000.0,690000.0,100.0
Oct'24,2024-10-01,FY_24-25,Metro Cash & Carry India Pvt Ltd-(DC15)-T0QY,Direct,Metro-CNC-RRL,South-2,Telangana,Mamaearth,-50000.0,-100000.0,100.0
Oct'24,2024-10-01,FY_24-25,Metro Cash & Carry India Pvt Ltd-(DC16)-T0QZ,Direct,Metro-CNC-RRL,South-2,Telangana,BBlunt,30000.0,50000.0,100.0
Oct'24,2024-10-01,FY_24-25,Metro Cash & Carry India Pvt Ltd-(DC16)-T0QZ,Direct,Metro-CNC-RRL,South-2,Telangana,Mamaearth,60000.0,120000.0,100.0
Oct'24,2024-10-01,FY_24-25,Metro Cash & Carry India Pvt Ltd-(DC17)-T0QT,Direct,Metro-CNC-RRL,South-2,Andhra Pradesh,Mamaearth,150000.0,280000.0,100.0
Oct'24,2024-10-01,FY_24-25,Metro Cash & Carry India Pvt Ltd-(DC18)-T0SN,Direct,Metro-CNC-RRL,South-1,Karnataka,Mamaearth,-10000.0,-30000.0,100.0
Oct'24,2024-10-01,FY_24-25,Metro Cash & Carry India Pvt Ltd-(DC18)-T0SN,Direct,Metro-CNC-RRL,South-1,Karnataka,The Derma Co,-10000.0,-20000.0,100.0
Oct'24,2024-10-01,FY_24-25,Metro Cash & Carry India Pvt Ltd-(DC20)-T0RK,Direct,Metro-CNC-RRL,West,Mumbai,Mamaearth,240000.0,480000.0,100.0
Oct'24,2024-10-01,FY_24-25,Metro Cash & Carry India Pvt Ltd-(DC23)-T0RL,Direct,Metro-CNC-RRL,West,Mumbai,Aqualogica,50000.0,80000.0,100.0
Oct'24,2024-10-01,FY_24-25,Metro Cash & Carry India Pvt Ltd-(DC23)-T0RL,Direct,Metro-CNC-RRL,West,Mumbai,BBlunt,80000.0,120000.0,100.0
Oct'24,2024-10-01,FY_24-25,Metro Cash & Carry India Pvt Ltd-(DC23)-T0RL,Direct,Metro-CNC-RRL,West,Mumbai,Mamaearth,260000.0,500000.0,100.0
Oct'24,2024-10-01,FY_24-25,Metro Cash & Carry India Pvt Ltd-(DC23)-T0RL,Direct,Metro-CNC-RRL,West,Mumbai,The Derma Co,300000.0,470000.0,100.0
Oct'24,2024-10-01,FY_24-25,Metro Cash & Carry India Pvt Ltd-(DC24)-T0RJ,Direct,Metro-CNC-RRL,North,Madhya Pradesh,BBlunt,10000.0,10000.0,100.0
Oct'24,2024-10-01,FY_24-25,Metro Cash & Carry India Pvt Ltd-(DC24)-T0RJ,Direct,Metro-CNC-RRL,North,Madhya Pradesh,Mamaearth,40000.0,80000.0,100.0
Oct'24,2024-10-01,FY_24-25,Metro Cash & Carry India Pvt Ltd-(DC25)-T0RB,Direct,Metro-CNC-RRL,West,Gujarat,BBlunt,10000.0,10000.0,100.0
Oct'24,2024-10-01,FY_24-25,Metro Cash & Carry India Pvt Ltd-(DC25)-T0RB,Direct,Metro-CNC-RRL,West,Gujarat,Mamaearth,90000.0,210000.0,100.0
Oct'24,2024-10-01,FY_24-25,Metro Cash & Carry India Pvt Ltd-(DC26)-T0SP,Direct,Metro-CNC-RRL,South-1,Karnataka,Aqualogica,40000.0,70000.0,100.0
Oct'24,2024-10-01,FY_24-25,Metro Cash & Carry India Pvt Ltd-(DC26)-T0SP,Direct,Metro-CNC-RRL,South-1,Karnataka,Mamaearth,180000.0,380000.0,100.0
Oct'24,2024-10-01,FY_24-25,Metro Cash & Carry India Pvt Ltd-(DC26)-T0SP,Direct,Metro-CNC-RRL,South-1,Karnataka,The Derma Co,0.0,10000.0,100.0
Oct'24,2024-10-01,FY_24-25,Metro Cash & Carry India Pvt Ltd-(DC28)-T0RF,Direct,Metro-CNC-RRL,West,Gujarat,Mamaearth,0.0,0.0,100.0
Oct'24,2024-10-01,FY_24-25,Metro Cash & Carry India Pvt Ltd-(DC29)-T0RA,Direct,Metro-CNC-RRL,South-2,Telangana,Mamaearth,-30000.0,-60000.0,100.0
Oct'24,2024-10-01,FY_24-25,Metro Cash & Carry India Pvt Ltd-(DC30)-T0RM,Direct,Metro-CNC-RRL,West,Pune,Mamaearth,90000.0,160000.0,100.0
Oct'24,2024-10-01,FY_24-25,Metro Cash & Carry India Pvt Ltd-(DC32)-T0QU,Direct,Metro-CNC-RRL,North,UPW,Mamaearth,130000.0,320000.0,100.0
Oct'24,2024-10-01,FY_24-25,Metro Cash & Carry India Pvt Ltd-(DC36)-T0RH,Direct,Metro-CNC-RRL,South-2,Andhra Pradesh,BBlunt,10000.0,20000.0,100.0
Oct'24,2024-10-01,FY_24-25,Metro Cash & Carry India Pvt Ltd-(DC36)-T0RH,Direct,Metro-CNC-RRL,South-2,Andhra Pradesh,Mamaearth,90000.0,180000.0,100.0
Oct'24,2024-10-01,FY_24-25,Metro Cash & Carry India Pvt Ltd-(DC37)-T0RD,Direct,Metro-CNC-RRL,South-2,Andhra Pradesh,BBlunt,30000.0,40000.0,100.0
Oct'24,2024-10-01,FY_24-25,Metro Cash & Carry India Pvt Ltd-(DC37)-T0RD,Direct,Metro-CNC-RRL,South-2,Andhra Pradesh,Mamaearth,150000.0,290000.0,100.0
Oct'24,2024-10-01,FY_24-25,Metro Cash & Carry India Pvt Ltd-(DC43)-T2YF,Direct,Metro-CNC-RRL,North,Punjab,Aqualogica,0.0,0.0,100.0
Oct'24,2024-10-01,FY_24-25,Metro Cash & Carry India Pvt Ltd-(DC43)-T2YF,Direct,Metro-CNC-RRL,North,Punjab,BBlunt,0.0,0.0,100.0
Oct'24,2024-10-01,FY_24-25,Metro Cash & Carry India Pvt Ltd-(DC43)-T2YF,Direct,Metro-CNC-RRL,North,Punjab,Mamaearth,-30000.0,-60000.0,100.0
Oct'24,2024-10-01,FY_24-25,Metro Cash & Carry India Pvt Ltd-(DC43)-T2YF,Direct,Metro-CNC-RRL,North,Punjab,The Derma Co,-10000.0,-10000.0,100.0
Oct'24,2024-10-01,FY_24-25,Metro Cash & Carry India Pvt Ltd-(DC45)-T0RE,Direct,Metro-CNC-RRL,North,Rajasthan,BBlunt,20000.0,30000.0,100.0
Oct'24,2024-10-01,FY_24-25,Metro Cash & Carry India Pvt Ltd-(DC45)-T0RE,Direct,Metro-CNC-RRL,North,Rajasthan,Mamaearth,70000.0,140000.0,100.0
Oct'24,2024-10-01,FY_24-25,Metro Cash & Carry India Pvt Ltd-(DC46)-T0RC,Direct,Metro-CNC-RRL,North,Delhi,Aqualogica,10000.0,10000.0,100.0
Oct'24,2024-10-01,FY_24-25,Metro Cash & Carry India Pvt Ltd-(DC46)-T0RC,Direct,Metro-CNC-RRL,North,Delhi,BBlunt,30000.0,40000.0,100.0
Oct'24,2024-10-01,FY_24-25,Metro Cash & Carry India Pvt Ltd-(DC46)-T0RC,Direct,Metro-CNC-RRL,North,Delhi,Mamaearth,90000.0,210000.0,100.0
Oct'24,2024-10-01,FY_24-25,Metro Cash & Carry India Pvt Ltd-(DC48)-T0SK,Direct,Metro-CNC-RRL,North,Punjab,BBlunt,10000.0,20000.0,100.0
Oct'24,2024-10-01,FY_24-25,Metro Cash & Carry India Pvt Ltd-(DC48)-T0SK,Direct,Metro-CNC-RRL,North,Punjab,Mamaearth,260000.0,470000.0,100.0
Oct'24,2024-10-01,FY_24-25,Metro Cash & Carry India Pvt Ltd-(DC52)-T0RI,Direct,Metro-CNC-RRL,North,Delhi,BBlunt,20000.0,40000.0,100.0
Oct'24,2024-10-01,FY_24-25,Metro Cash & Carry India Pvt Ltd-(DC52)-T0RI,Direct,Metro-CNC-RRL,North,Delhi,Mamaearth,90000.0,160000.0,100.0
Oct'24,2024-10-01,FY_24-25,Metro Cash & Carry India Pvt Ltd-(DC53)-T0QV,Direct,Metro-CNC-RRL,North,Lucknow_UPE,BBlunt,10000.0,20000.0,100.0
Oct'24,2024-10-01,FY_24-25,Metro Cash & Carry India Pvt Ltd-(DC53)-T0QV,Direct,Metro-CNC-RRL,North,Lucknow_UPE,Mamaearth,80000.0,140000.0,100.0
Oct'24,2024-10-01,FY_24-25,Metro Cash & Carry India Pvt Ltd-(DC54)-T0QW,Direct,Metro-CNC-RRL,North,UPW,Mamaearth,120000.0,260000.0,100.0
Oct'24,2024-10-01,FY_24-25,Metro Cash & Carry India Pvt Ltd-(DC60)-T0QS,Direct,Metro-CNC-RRL,East,West Bengal,Aqualogica,70000.0,120000.0,100.0
Oct'24,2024-10-01,FY_24-25,Metro Cash & Carry India Pvt Ltd-(DC60)-T0QS,Direct,Metro-CNC-RRL,East,West Bengal,Mamaearth,430000.0,840000.0,100.0
Oct'24,2024-10-01,FY_24-25,Metro Cash & Carry India Pvt Ltd-(DC60)-T0QS,Direct,Metro-CNC-RRL,East,West Bengal,The Derma Co,70000.0,110000.0,100.0
Oct'24,2024-10-01,FY_24-25,Metro Cash & Carry India Pvt Ltd_DC33(T0SQ),Direct,Metro-CNC-RRL,South-1,Karnataka,Mamaearth,30000.0,50000.0,100.0
Oct'24,2024-10-01,FY_24-25,Metro Cash & Carry India Pvt Ltd_T0SO,Direct,Metro-CNC-RRL,South-1,Karnataka,Mamaearth,30000.0,70000.0,100.0
Oct'24,2024-10-01,FY_24-25,Metro Cash & Carry India Pvt Ltd_T2FM,Direct,Metro-CNC-RRL,West,Mumbai,Mamaearth,20000.0,40000.0,100.0
Oct'24,2024-10-01,FY_24-25,Metro Cash & Carry India Pvt Ltd_T2FM,Direct,Metro-CNC-RRL,West,Mumbai,The Derma Co,0.0,0.0,100.0
Oct'24,2024-10-01,FY_24-25,Metro Cash & Carry India Pvt Ltd_T2IU,Direct,Metro-CNC-RRL,North,Madhya Pradesh,Mamaearth,-170000.0,-310000.0,100.0
Oct'24,2024-10-01,FY_24-25,Metro Cash & Carry India Pvt Ltd_T2JG,Direct,Metro-CNC-RRL,South-1,Tamil Nadu,Mamaearth,-120000.0,-210000.0,100.0
Oct'24,2024-10-01,FY_24-25,Metro Cash & Carry India Pvt Ltd_T2JS,Direct,Metro-CNC-RRL,South-2,Telangana,Mamaearth,-220000.0,-410000.0,100.0
Oct'24,2024-10-01,FY_24-25,Reliance Retail Limited Ce08,Direct,Reliance Retail,East,Jharkhand,Mamaearth,920000.0,1840000.0,100.0
Oct'24,2024-10-01,FY_24-25,Reliance Retail Limited Cf08,Direct,Reliance Retail,West,Mumbai,Mamaearth,670000.0,1570000.0,100.0
Oct'24,2024-10-01,FY_24-25,Reliance Retail Limited Cm08,Direct,Reliance Retail,West,Pune,Mamaearth,-10000.0,-20000.0,100.0
Oct'24,2024-10-01,FY_24-25,Reliance Retail Limited Ct08,Direct,Reliance Retail,North,Rajasthan,Mamaearth,-250000.0,-530000.0,100.0
Oct'24,2024-10-01,FY_24-25,Reliance Retail Limited Ea08,Direct,Reliance Retail,North,Haryana,Mamaearth,1140000.0,2830000.0,100.0
Oct'24,2024-10-01,FY_24-25,Reliance Retail Limited Fb08,Direct,Reliance Retail,North,Punjab,Aqualogica,20000.0,30000.0,100.0
Oct'24,2024-10-01,FY_24-25,Reliance Retail Limited Fb08,Direct,Reliance Retail,North,Punjab,Mamaearth,780000.0,1770000.0,100.0
Oct'24,2024-10-01,FY_24-25,Reliance Retail Limited Fb08,Direct,Reliance Retail,North,Punjab,The Derma Co,40000.0,70000.0,100.0
Oct'24,2024-10-01,FY_24-25,Reliance Retail Limited R426,Direct,Reliance Retail,East,West Bengal,Mamaearth,-10000.0,-10000.0,100.0
Oct'24,2024-10-01,FY_24-25,Reliance Retail Limited R701,Direct,Reliance Retail,West,Gujarat,Mamaearth,670000.0,1570000.0,100.0
Oct'24,2024-10-01,FY_24-25,Reliance Retail Limited R703,Direct,Reliance Retail,South-1,Tamil Nadu,Mamaearth,-50000.0,-150000.0,100.0
Oct'24,2024-10-01,FY_24-25,Reliance Retail Limited R801,Direct,Reliance Retail,East,Orissa,Mamaearth,2030000.0,4920000.0,100.0
Oct'24,2024-10-01,FY_24-25,Reliance Retail Limited Sc79,Direct,Reliance Retail,West,Mumbai,Mamaearth,560000.0,1330000.0,100.0
Oct'24,2024-10-01,FY_24-25,Reliance Retail Limited_2302,Direct,Reliance Retail,East,Jharkhand,Mamaearth,20000.0,40000.0,100.0
Oct'24,2024-10-01,FY_24-25,Reliance Retail Limited_2364,Direct,Reliance Retail,North,Haryana,Mamaearth,20000.0,30000.0,100.0
Oct'24,2024-10-01,FY_24-25,Reliance Retail Limited_2995,Direct,Reliance Retail,North,Haryana,Mamaearth,20000.0,30000.0,100.0
Oct'24,2024-10-01,FY_24-25,Reliance Retail Limited_2996,Direct,Reliance Retail,North,Punjab,Mamaearth,20000.0,30000.0,100.0
Oct'24,2024-10-01,FY_24-25,Reliance Retail Limited_3210,Direct,Reliance Retail,North,Madhya Pradesh,Mamaearth,10000.0,10000.0,100.0
Oct'24,2024-10-01,FY_24-25,Reliance Retail Limited_6209,Direct,Reliance Retail,West,Pune,Mamaearth,0.0,0.0,100.0
Oct'24,2024-10-01,FY_24-25,Reliance Retail Limited_6221,Direct,Reliance Retail,West,Mumbai,Mamaearth,20000.0,30000.0,100.0
Oct'24,2024-10-01,FY_24-25,Reliance Retail Limited_6717,Direct,Reliance Retail,North,Rajasthan,Mamaearth,20000.0,30000.0,100.0
Oct'24,2024-10-01,FY_24-25,Reliance Retail Limited_6719,Direct,Reliance Retail,West,Pune,Mamaearth,20000.0,30000.0,100.0
Oct'24,2024-10-01,FY_24-25,Reliance Retail Limited_6722,Direct,Reliance Retail,North,Delhi,Mamaearth,20000.0,30000.0,100.0
Oct'24,2024-10-01,FY_24-25,Reliance Retail Limited_6727,Direct,Reliance Retail,North,Haryana,Mamaearth,10000.0,20000.0,100.0
Oct'24,2024-10-01,FY_24-25,Reliance Retail Limited_Cy08-Kerala,Direct,Reliance Retail,South-1,Kerala,Mamaearth,690000.0,1690000.0,100.0
Oct'24,2024-10-01,FY_24-25,Reliance Retail Limited_FR00,Direct,Reliance Retail,West,Mumbai,Mamaearth,20000.0,40000.0,100.0
Oct'24,2024-10-01,FY_24-25,Reliance Retail Limited_FR02,Direct,Reliance Retail,West,Mumbai,Mamaearth,10000.0,20000.0,100.0
Oct'24,2024-10-01,FY_24-25,Reliance Retail Limited_FR03,Direct,Reliance Retail,West,Mumbai,Mamaearth,20000.0,40000.0,100.0
Oct'24,2024-10-01,FY_24-25,Reliance Retail Limited_FR10,Direct,Reliance Retail,West,Mumbai,Mamaearth,10000.0,20000.0,100.0
Oct'24,2024-10-01,FY_24-25,Reliance Retail Limited_FR27,Direct,Reliance Retail,North,Madhya Pradesh,Mamaearth,10000.0,20000.0,100.0
Oct'24,2024-10-01,FY_24-25,Reliance Retail Limited_FR30,Direct,Reliance Retail,North,Madhya Pradesh,Mamaearth,10000.0,20000.0,100.0
Oct'24,2024-10-01,FY_24-25,Reliance Retail Limited_FR60,Direct,Reliance Retail,West,Gujarat,Mamaearth,10000.0,20000.0,100.0
Oct'24,2024-10-01,FY_24-25,Reliance Retail Limited_FR62,Direct,Reliance Retail,East,Orissa,Aqualogica,0.0,10000.0,100.0
Oct'24,2024-10-01,FY_24-25,Reliance Retail Limited_FR62,Direct,Reliance Retail,East,Orissa,Mamaearth,10000.0,20000.0,100.0
Oct'24,2024-10-01,FY_24-25,Reliance Retail Limited_FR62,Direct,Reliance Retail,East,Orissa,The Derma Co,10000.0,10000.0,100.0
Oct'24,2024-10-01,FY_24-25,Reliance Retail Limited_FR64,Direct,Reliance Retail,East,Orissa,Mamaearth,30000.0,50000.0,100.0
Oct'24,2024-10-01,FY_24-25,Reliance Retail Limited_FR76,Direct,Reliance Retail,East,West Bengal,Aqualogica,0.0,10000.0,100.0
Oct'24,2024-10-01,FY_24-25,Reliance Retail Limited_FR76,Direct,Reliance Retail,East,West Bengal,BBlunt,10000.0,20000.0,100.0
Oct'24,2024-10-01,FY_24-25,Reliance Retail Limited_FR76,Direct,Reliance Retail,East,West Bengal,Mamaearth,20000.0,30000.0,100.0
Oct'24,2024-10-01,FY_24-25,Reliance Retail Limited_FR76,Direct,Reliance Retail,East,West Bengal,The Derma Co,10000.0,10000.0,100.0
Oct'24,2024-10-01,FY_24-25,Reliance Retail Limited_Fr87,Direct,Reliance Retail,North,Haryana,Mamaearth,2250000.0,5470000.0,100.0
Oct'24,2024-10-01,FY_24-25,Reliance Retail Limited_Fr89,Direct,Reliance Retail,North,UPW,Mamaearth,170000.0,340000.0,100.0
Oct'24,2024-10-01,FY_24-25,Reliance Retail Limited_FRAQ,Direct,Reliance Retail,East,Jharkhand,Mamaearth,10000.0,30000.0,100.0
Oct'24,2024-10-01,FY_24-25,Reliance Retail Limited_FRAT,Direct,Reliance Retail,East,Jharkhand,Aqualogica,0.0,10000.0,100.0
Oct'24,2024-10-01,FY_24-25,Reliance Retail Limited_FRAT,Direct,Reliance Retail,East,Jharkhand,BBlunt,10000.0,10000.0,100.0
Oct'24,2024-10-01,FY_24-25,Reliance Retail Limited_FRAT,Direct,Reliance Retail,East,Jharkhand,Mamaearth,10000.0,20000.0,100.0
Oct'24,2024-10-01,FY_24-25,Reliance Retail Limited_FRAT,Direct,Reliance Retail,East,Jharkhand,The Derma Co,10000.0,20000.0,100.0
Oct'24,2024-10-01,FY_24-25,Reliance Retail Limited_Fraz,Direct,Reliance Retail,North,Punjab,Mamaearth,720000.0,1480000.0,100.0
Oct'24,2024-10-01,FY_24-25,Reliance Retail Limited_FRBD,Direct,Reliance Retail,North,Punjab,Mamaearth,20000.0,30000.0,100.0
Oct'24,2024-10-01,FY_24-25,Reliance Retail Limited_FRBR,Direct,Reliance Retail,East,West Bengal,Mamaearth,40000.0,70000.0,100.0
Oct'24,2024-10-01,FY_24-25,Reliance Retail Limited_FRBS,Direct,Reliance Retail,East,West Bengal,Aqualogica,0.0,0.0,100.0
Oct'24,2024-10-01,FY_24-25,Reliance Retail Limited_FRBS,Direct,Reliance Retail,East,West Bengal,BBlunt,0.0,0.0,100.0
Oct'24,2024-10-01,FY_24-25,Reliance Retail Limited_FRBS,Direct,Reliance Retail,East,West Bengal,Mamaearth,10000.0,20000.0,100.0
Oct'24,2024-10-01,FY_24-25,Reliance Retail Limited_FRBS,Direct,Reliance Retail,East,West Bengal,The Derma Co,0.0,10000.0,100.0
Oct'24,2024-10-01,FY_24-25,Reliance Retail Limited_FRBU,Direct,Reliance Retail,East,West Bengal,Aqualogica,0.0,0.0,100.0
Oct'24,2024-10-01,FY_24-25,Reliance Retail Limited_FRBU,Direct,Reliance Retail,East,West Bengal,BBlunt,0.0,10000.0,100.0
Oct'24,2024-10-01,FY_24-25,Reliance Retail Limited_FRBU,Direct,Reliance Retail,East,West Bengal,Mamaearth,20000.0,30000.0,100.0
Oct'24,2024-10-01,FY_24-25,Reliance Retail Limited_FRBU,Direct,Reliance Retail,East,West Bengal,The Derma Co,10000.0,10000.0,100.0
Oct'24,2024-10-01,FY_24-25,Reliance Retail Limited_FRBW,Direct,Reliance Retail,East,West Bengal,Mamaearth,30000.0,40000.0,100.0
Oct'24,2024-10-01,FY_24-25,Reliance Retail Limited_FRCG,Direct,Reliance Retail,East,West Bengal,Mamaearth,10000.0,20000.0,100.0
Oct'24,2024-10-01,FY_24-25,Reliance Retail Limited_FRCH,Direct,Reliance Retail,East,West Bengal,Mamaearth,30000.0,40000.0,100.0
Oct'24,2024-10-01,FY_24-25,Reliance Retail Limited_FRCJ,Direct,Reliance Retail,East,West Bengal,Mamaearth,10000.0,20000.0,100.0
Oct'24,2024-10-01,FY_24-25,Reliance Retail Limited_FRCP,Direct,Reliance Retail,North,Haryana,Aqualogica,0.0,0.0,100.0
Oct'24,2024-10-01,FY_24-25,Reliance Retail Limited_FRCP,Direct,Reliance Retail,North,Haryana,BBlunt,10000.0,20000.0,100.0
Oct'24,2024-10-01,FY_24-25,Reliance Retail Limited_FRCP,Direct,Reliance Retail,North,Haryana,The Derma Co,10000.0,20000.0,100.0
Oct'24,2024-10-01,FY_24-25,Reliance Retail Limited_FRCQ,Direct,Reliance Retail,North,Haryana,Mamaearth,10000.0,20000.0,100.0
Oct'24,2024-10-01,FY_24-25,Reliance Retail Limited_FRCS,Direct,Reliance Retail,North,Delhi,Mamaearth,10000.0,20000.0,100.0
Oct'24,2024-10-01,FY_24-25,Reliance Retail Limited_FRDA,Direct,Reliance Retail,North,Delhi,Mamaearth,10000.0,20000.0,100.0
Oct'24,2024-10-01,FY_24-25,Reliance Retail Limited_FRDB,Direct,Reliance Retail,North,Delhi,Aqualogica,0.0,0.0,100.0
Oct'24,2024-10-01,FY_24-25,Reliance Retail Limited_FRDB,Direct,Reliance Retail,North,Delhi,BBlunt,0.0,10000.0,100.0
Oct'24,2024-10-01,FY_24-25,Reliance Retail Limited_FRDB,Direct,Reliance Retail,North,Delhi,Mamaearth,20000.0,30000.0,100.0
Oct'24,2024-10-01,FY_24-25,Reliance Retail Limited_FRDB,Direct,Reliance Retail,North,Delhi,The Derma Co,20000.0,30000.0,100.0
Oct'24,2024-10-01,FY_24-25,Reliance Retail Limited_FRDI,Direct,Reliance Retail,North,UPW,Mamaearth,20000.0,30000.0,100.0
Oct'24,2024-10-01,FY_24-25,Reliance Retail Limited_FRDK,Direct,Reliance Retail,North,UPW,Aqualogica,0.0,0.0,100.0
Oct'24,2024-10-01,FY_24-25,Reliance Retail Limited_FRDK,Direct,Reliance Retail,North,UPW,BBlunt,10000.0,10000.0,100.0
Oct'24,2024-10-01,FY_24-25,Reliance Retail Limited_FRDK,Direct,Reliance Retail,North,UPW,Mamaearth,10000.0,30000.0,100.0
Oct'24,2024-10-01,FY_24-25,Reliance Retail Limited_FRDK,Direct,Reliance Retail,North,UPW,The Derma Co,10000.0,10000.0,100.0
Oct'24,2024-10-01,FY_24-25,Reliance Retail Limited_FRDL,Direct,Reliance Retail,North,UPW,Aqualogica,0.0,0.0,100.0
Oct'24,2024-10-01,FY_24-25,Reliance Retail Limited_FRDL,Direct,Reliance Retail,North,UPW,BBlunt,10000.0,10000.0,100.0
Oct'24,2024-10-01,FY_24-25,Reliance Retail Limited_FRDL,Direct,Reliance Retail,North,UPW,Mamaearth,10000.0,10000.0,100.0
Oct'24,2024-10-01,FY_24-25,Reliance Retail Limited_FRDL,Direct,Reliance Retail,North,UPW,The Derma Co,10000.0,10000.0,100.0
Oct'24,2024-10-01,FY_24-25,Reliance Retail Limited_FRDP,Direct,Reliance Retail,North,Rajasthan,Mamaearth,20000.0,30000.0,100.0
Oct'24,2024-10-01,FY_24-25,Reliance Retail Limited_FRDT,Direct,Reliance Retail,North,Rajasthan,Mamaearth,20000.0,30000.0,100.0
Oct'24,2024-10-01,FY_24-25,Reliance Retail Limited_FREM,Direct,Reliance Retail,North,Rajasthan,Mamaearth,20000.0,40000.0,100.0
Oct'24,2024-10-01,FY_24-25,Reliance Retail Limited_FRER,Direct,Reliance Retail,North,Rajasthan,Mamaearth,20000.0,40000.0,100.0
Oct'24,2024-10-01,FY_24-25,Reliance Retail Limited_FREX,Direct,Reliance Retail,North,Lucknow_UPE,Mamaearth,20000.0,30000.0,100.0
Oct'24,2024-10-01,FY_24-25,Reliance Retail Limited_FRFA,Direct,Reliance Retail,North,Lucknow_UPE,Mamaearth,10000.0,20000.0,100.0
Oct'24,2024-10-01,FY_24-25,Reliance Retail Limited_FRFD,Direct,Reliance Retail,East,Orissa,Mamaearth,20000.0,40000.0,100.0
Oct'24,2024-10-01,FY_24-25,Reliance Retail Limited_FRFK,Direct,Reliance Retail,North,Lucknow_UPE,Mamaearth,10000.0,10000.0,100.0
Oct'24,2024-10-01,FY_24-25,Reliance Retail Limited_FRFR,Direct,Reliance Retail,North,Uttarakhand,Mamaearth,30000.0,40000.0,100.0
Oct'24,2024-10-01,FY_24-25,Reliance Retail Limited_FRFU,Direct,Reliance Retail,East,Bihar,Mamaearth,20000.0,30000.0,100.0
Oct'24,2024-10-01,FY_24-25,Reliance Retail Limited_FRFV,Direct,Reliance Retail,East,Bihar,Mamaearth,20000.0,40000.0,100.0
Oct'24,2024-10-01,FY_24-25,Reliance Retail Limited_FRGC,Direct,Reliance Retail,North,Lucknow_UPE,Mamaearth,20000.0,40000.0,100.0
Oct'24,2024-10-01,FY_24-25,Reliance Retail Limited_FRGF,Direct,Reliance Retail,North,Lucknow_UPE,Mamaearth,30000.0,50000.0,100.0
Oct'24,2024-10-01,FY_24-25,Reliance Retail Limited_FRGK,Direct,Reliance Retail,North,Jammu,Mamaearth,10000.0,10000.0,100.0
Oct'24,2024-10-01,FY_24-25,Reliance Retail Limited_FRGM,Direct,Reliance Retail,West,Chattishgarh,Mamaearth,10000.0,0.0,100.0
Oct'24,2024-10-01,FY_24-25,Reliance Retail Limited_FRGW,Direct,Reliance Retail,North,Lucknow_UPE,Mamaearth,20000.0,30000.0,100.0
Oct'24,2024-10-01,FY_24-25,Reliance Retail Limited_FRHC,Direct,Reliance Retail,North,Lucknow_UPE,Mamaearth,20000.0,40000.0,100.0
Oct'24,2024-10-01,FY_24-25,Reliance Retail Limited_FRHF,Direct,Reliance Retail,North,Lucknow_UPE,Mamaearth,30000.0,50000.0,100.0
Oct'24,2024-10-01,FY_24-25,Reliance Retail Limited_FRHM,Direct,Reliance Retail,North,Madhya Pradesh,Mamaearth,20000.0,40000.0,100.0
Oct'24,2024-10-01,FY_24-25,Reliance Retail Limited_FRHR,Direct,Reliance Retail,North,Lucknow_UPE,Mamaearth,20000.0,30000.0,100.0
Oct'24,2024-10-01,FY_24-25,Reliance Retail Limited_Frhv,Direct,Reliance Retail,North,Lucknow_UPE,Mamaearth,1140000.0,2770000.0,100.0
Oct'24,2024-10-01,FY_24-25,RELIANCE RETAIL LIMITED_FRIA,Direct,Reliance Retail,East,Bihar,Mamaearth,950000.0,2240000.0,100.0
Oct'24,2024-10-01,FY_24-25,Reliance Retail Limited_FRLF,Direct,Reliance Retail,East,West Bengal,Mamaearth,30000.0,40000.0,100.0
Oct'24,2024-10-01,FY_24-25,Reliance Retail Limited_S0IX,Direct,Reliance Retail,West,Pune,Mamaearth,760000.0,1860000.0,100.0
Oct'24,2024-10-01,FY_24-25,Reliance Retail Limited_S0XE,Direct,Reliance Retail,South-1,Kerala,Mamaearth,170000.0,400000.0,100.0
Oct'24,2024-10-01,FY_24-25,Reliance Retail Limited_SAHO,Direct,Reliance Retail,South-1,Tamil Nadu,Mamaearth,140000.0,180000.0,100.0
Oct'24,2024-10-01,FY_24-25,Reliance Retail Limited_SAOS,Direct,Reliance Retail,East,West Bengal,Mamaearth,930000.0,2340000.0,100.0
Oct'24,2024-10-01,FY_24-25,Reliance Retail Limited_SAOS,Direct,Reliance Retail,East,West Bengal,The Derma Co,-10000.0,-10000.0,100.0
Oct'24,2024-10-01,FY_24-25,Reliance Retail Limited_Sb01,Direct,Reliance Retail,West,Mumbai,Mamaearth,520000.0,1310000.0,100.0
Oct'24,2024-10-01,FY_24-25,RELIANCE RETAIL LIMITED_SF52,Direct,Reliance Retail,South-1,Tamil Nadu,Mamaearth,-10000.0,-10000.0,100.0
Oct'24,2024-10-01,FY_24-25,Reliance Retail Limited_Sk8I,Direct,Reliance Retail,North,Uttarakhand,Mamaearth,-210000.0,-670000.0,100.0
Oct'24,2024-10-01,FY_24-25,Reliance Retail Limited_SL6S,Direct,Reliance Retail,North,Rajasthan,Mamaearth,170000.0,200000.0,100.0
Oct'24,2024-10-01,FY_24-25,Reliance Retail Limited_T62I,Direct,Reliance Retail,West,Chattishgarh,Mamaearth,20000.0,30000.0,100.0
Oct'24,2024-10-01,FY_24-25,Reliance Retail Limited_T913,Direct,Reliance Retail,North,UPW,BBlunt,0.0,10000.0,100.0
Oct'24,2024-10-01,FY_24-25,Reliance Retail Limited_T913,Direct,Reliance Retail,North,UPW,Mamaearth,10000.0,10000.0,100.0
Oct'24,2024-10-01,FY_24-25,Reliance Retail Limited_T913,Direct,Reliance Retail,North,UPW,The Derma Co,10000.0,20000.0,100.0
Oct'24,2024-10-01,FY_24-25,Reliance Retail Limited_T946,Direct,Reliance Retail,North,Rajasthan,Mamaearth,10000.0,20000.0,100.0
Oct'24,2024-10-01,FY_24-25,Reliance Retail Limited_TB15,Direct,Reliance Retail,North,Madhya Pradesh,Mamaearth,10000.0,20000.0,100.0
Oct'24,2024-10-01,FY_24-25,Reliance Retail Limited_TDC7,Direct,Reliance Retail,East,Orissa,Mamaearth,20000.0,30000.0,100.0
Oct'24,2024-10-01,FY_24-25,Reliance Retail Limited_TDE3,Direct,Reliance Retail,West,Pune,Mamaearth,10000.0,20000.0,100.0
Oct'24,2024-10-01,FY_24-25,Reliance Retail Limited_TE57,Direct,Reliance Retail,North,Punjab,Mamaearth,30000.0,50000.0,100.0
Oct'24,2024-10-01,FY_24-25,Reliance Retail Limited_TFY8,Direct,Reliance Retail,North,Madhya Pradesh,Mamaearth,40000.0,70000.0,100.0
Oct'24,2024-10-01,FY_24-25,Reliance Retail Limited_TG87,Direct,Reliance Retail,South-1,Kerala,Mamaearth,30000.0,50000.0,100.0
Oct'24,2024-10-01,FY_24-25,Reliance Retail Limited_TH94,Direct,Reliance Retail,North,Rajasthan,Mamaearth,50000.0,80000.0,100.0
Oct'24,2024-10-01,FY_24-25,Reliance Retail Limited_TI77,Direct,Reliance Retail,North,UPW,Mamaearth,10000.0,20000.0,100.0
Oct'24,2024-10-01,FY_24-25,Reliance Retail Limited_TK48,Direct,Reliance Retail,East,Jharkhand,Mamaearth,30000.0,40000.0,100.0
Oct'24,2024-10-01,FY_24-25,Reliance Retail Limited_TMW7,Direct,Reliance Retail,West,Mumbai,Mamaearth,30000.0,50000.0,100.0
Oct'24,2024-10-01,FY_24-25,Reliance Retail Limited_TMZ5,Direct,Reliance Retail,East,West Bengal,Mamaearth,20000.0,30000.0,100.0
Oct'24,2024-10-01,FY_24-25,Reliance Retail Limited_TN55,Direct,Reliance Retail,East,West Bengal,Mamaearth,20000.0,40000.0,100.0
Oct'24,2024-10-01,FY_24-25,Reliance Retail Limited_TNB7,Direct,Reliance Retail,West,Chattishgarh,Mamaearth,30000.0,50000.0,100.0
Oct'24,2024-10-01,FY_24-25,Reliance Retail Limited_TNC1,Direct,Reliance Retail,North,Uttarakhand,Aqualogica,0.0,0.0,100.0
Oct'24,2024-10-01,FY_24-25,Reliance Retail Limited_TNC1,Direct,Reliance Retail,North,Uttarakhand,BBlunt,20000.0,20000.0,100.0
Oct'24,2024-10-01,FY_24-25,Reliance Retail Limited_TNC1,Direct,Reliance Retail,North,Uttarakhand,Mamaearth,50000.0,90000.0,100.0
Oct'24,2024-10-01,FY_24-25,Reliance Retail Limited_TNC1,Direct,Reliance Retail,North,Uttarakhand,The Derma Co,20000.0,40000.0,100.0
Oct'24,2024-10-01,FY_24-25,Reliance Retail Limited_TNC6,Direct,Reliance Retail,North,Punjab,Mamaearth,50000.0,80000.0,100.0
Oct'24,2024-10-01,FY_24-25,Reliance Retail Limited_TNC8,Direct,Reliance Retail,South-1,Karnataka,Mamaearth,20000.0,30000.0,100.0
Oct'24,2024-10-01,FY_24-25,Reliance Retail Limited_TND0,Direct,Reliance Retail,South-1,Karnataka,Mamaearth,20000.0,40000.0,100.0
Oct'24,2024-10-01,FY_24-25,Reliance Retail Limited_TNE3,Direct,Reliance Retail,North,Uttarakhand,Mamaearth,10000.0,20000.0,100.0
Oct'24,2024-10-01,FY_24-25,Reliance Retail Limited_TNP8,Direct,Reliance Retail,West,Pune,Mamaearth,20000.0,30000.0,100.0
Oct'24,2024-10-01,FY_24-25,Reliance Retail Limited_TO20,Direct,Reliance Retail,North,Madhya Pradesh,Mamaearth,20000.0,40000.0,100.0
Oct'24,2024-10-01,FY_24-25,Reliance Retail Limited_TOJ6,Direct,Reliance Retail,West,Mumbai,Mamaearth,20000.0,30000.0,100.0
Oct'24,2024-10-01,FY_24-25,Reliance Retail Limited_TP05,Direct,Reliance Retail,North,Haryana,Mamaearth,30000.0,60000.0,100.0
Oct'24,2024-10-01,FY_24-25,Reliance Retail Limited_TP75,Direct,Reliance Retail,North,Madhya Pradesh,Mamaearth,20000.0,40000.0,100.0
Oct'24,2024-10-01,FY_24-25,Reliance Retail Limited_TP76,Direct,Reliance Retail,North,Rajasthan,Mamaearth,40000.0,70000.0,100.0
Oct'24,2024-10-01,FY_24-25,Reliance Retail Limited_TQ21,Direct,Reliance Retail,West,Mumbai,Mamaearth,20000.0,40000.0,100.0
Oct'24,2024-10-01,FY_24-25,Reliance Retail Limited_TQ22,Direct,Reliance Retail,East,West Bengal,Mamaearth,10000.0,20000.0,100.0
Oct'24,2024-10-01,FY_24-25,Reliance Retail Limited_TU21,Direct,Reliance Retail,North,Delhi,Mamaearth,10000.0,20000.0,100.0
Oct'24,2024-10-01,FY_24-25,Reliance Retail Limited_TW60,Direct,Reliance Retail,East,Orissa,Mamaearth,20000.0,30000.0,100.0
Oct'24,2024-10-01,FY_24-25,Reliance Retail Limited_TY87,Direct,Reliance Retail,North,Rajasthan,Mamaearth,20000.0,40000.0,100.0
Oct'24,2024-10-01,FY_24-25,Reliance Retail Limited-2956,Direct,Reliance Retail,East,Jharkhand,Mamaearth,20000.0,30000.0,100.0
Oct'24,2024-10-01,FY_24-25,Reliance Retail Limited-2959,Direct,Reliance Retail,East,Orissa,Mamaearth,60000.0,90000.0,100.0
Oct'24,2024-10-01,FY_24-25,Reliance Retail Limited-6202,Direct,Reliance Retail,West,Gujarat,Aqualogica,10000.0,20000.0,100.0
Oct'24,2024-10-01,FY_24-25,Reliance Retail Limited-6202,Direct,Reliance Retail,West,Gujarat,BBlunt,10000.0,20000.0,100.0
Oct'24,2024-10-01,FY_24-25,Reliance Retail Limited-6202,Direct,Reliance Retail,West,Gujarat,Mamaearth,80000.0,130000.0,100.0
Oct'24,2024-10-01,FY_24-25,Reliance Retail Limited-6202,Direct,Reliance Retail,West,Gujarat,The Derma Co,10000.0,20000.0,100.0
Oct'24,2024-10-01,FY_24-25,Reliance Retail Limited-6203,Direct,Reliance Retail,West,Gujarat,Aqualogica,0.0,0.0,100.0
Oct'24,2024-10-01,FY_24-25,Reliance Retail Limited-6203,Direct,Reliance Retail,West,Gujarat,The Derma Co,0.0,0.0,100.0
Oct'24,2024-10-01,FY_24-25,Reliance Retail Limited-6205,Direct,Reliance Retail,North,Haryana,Aqualogica,0.0,0.0,100.0
Oct'24,2024-10-01,FY_24-25,Reliance Retail Limited-6205,Direct,Reliance Retail,North,Haryana,BBlunt,10000.0,20000.0,100.0
Oct'24,2024-10-01,FY_24-25,Reliance Retail Limited-6205,Direct,Reliance Retail,North,Haryana,Mamaearth,50000.0,90000.0,100.0
Oct'24,2024-10-01,FY_24-25,Reliance Retail Limited-6205,Direct,Reliance Retail,North,Haryana,The Derma Co,10000.0,20000.0,100.0
Oct'24,2024-10-01,FY_24-25,Reliance Retail Limited-6206,Direct,Reliance Retail,East,Jharkhand,Mamaearth,20000.0,30000.0,100.0
Oct'24,2024-10-01,FY_24-25,Reliance Retail Limited-6208,Direct,Reliance Retail,West,Pune,Mamaearth,30000.0,40000.0,100.0
Oct'24,2024-10-01,FY_24-25,Reliance Retail Limited-6208,Direct,Reliance Retail,West,Pune,The Derma Co,0.0,0.0,100.0
Oct'24,2024-10-01,FY_24-25,Reliance Retail Limited-6210,Direct,Reliance Retail,West,Mumbai,Mamaearth,10000.0,20000.0,100.0
Oct'24,2024-10-01,FY_24-25,Reliance Retail Limited-6217,Direct,Reliance Retail,West,Mumbai,Aqualogica,0.0,0.0,100.0
Oct'24,2024-10-01,FY_24-25,Reliance Retail Limited-6217,Direct,Reliance Retail,West,Mumbai,Mamaearth,0.0,0.0,100.0
Oct'24,2024-10-01,FY_24-25,Reliance Retail Limited-6217,Direct,Reliance Retail,West,Mumbai,The Derma Co,0.0,0.0,100.0
Oct'24,2024-10-01,FY_24-25,Reliance Retail Limited-6219,Direct,Reliance Retail,West,Pune,Mamaearth,10000.0,20000.0,100.0
Oct'24,2024-10-01,FY_24-25,Reliance Retail Limited-6220,Direct,Reliance Retail,West,Mumbai,Aqualogica,10000.0,10000.0,100.0
Oct'24,2024-10-01,FY_24-25,Reliance Retail Limited-6220,Direct,Reliance Retail,West,Mumbai,Mamaearth,20000.0,30000.0,100.0
Oct'24,2024-10-01,FY_24-25,Reliance Retail Limited-6220,Direct,Reliance Retail,West,Mumbai,The Derma Co,20000.0,20000.0,100.0
Oct'24,2024-10-01,FY_24-25,Reliance Retail Limited-6224,Direct,Reliance Retail,East,Orissa,Mamaearth,40000.0,70000.0,100.0
Oct'24,2024-10-01,FY_24-25,Reliance Retail Limited-6225,Direct,Reliance Retail,South-1,Karnataka,Mamaearth,130000.0,220000.0,100.0
Oct'24,2024-10-01,FY_24-25,Reliance Retail Limited-6239,Direct,Reliance Retail,North,Delhi,Aqualogica,0.0,0.0,100.0
Oct'24,2024-10-01,FY_24-25,Reliance Retail Limited-6239,Direct,Reliance Retail,North,Delhi,Mamaearth,20000.0,50000.0,100.0
Oct'24,2024-10-01,FY_24-25,Reliance Retail Limited-6239,Direct,Reliance Retail,North,Delhi,The Derma Co,0.0,-10000.0,100.0
Oct'24,2024-10-01,FY_24-25,Reliance Retail Limited-6703,Direct,Reliance Retail,West,Gujarat,Mamaearth,80000.0,140000.0,100.0
Oct'24,2024-10-01,FY_24-25,Reliance Retail Limited-6726,Direct,Reliance Retail,North,Rajasthan,Mamaearth,20000.0,30000.0,100.0
Oct'24,2024-10-01,FY_24-25,RELIANCE RETAIL LIMITED-Badli,Direct,Reliance Retail,North,Haryana,Mamaearth,640000.0,1500000.0,100.0
Oct'24,2024-10-01,FY_24-25,Reliance Retail Limited-FR04,Direct,Reliance Retail,West,Mumbai,Mamaearth,50000.0,80000.0,100.0
Oct'24,2024-10-01,FY_24-25,Reliance Retail Limited-FR04,Direct,Reliance Retail,West,Mumbai,The Derma Co,0.0,0.0,100.0
Oct'24,2024-10-01,FY_24-25,Reliance Retail Limited-FR08,Direct,Reliance Retail,West,Mumbai,Aqualogica,0.0,0.0,100.0
Oct'24,2024-10-01,FY_24-25,Reliance Retail Limited-FR08,Direct,Reliance Retail,West,Mumbai,Mamaearth,20000.0,30000.0,100.0
Oct'24,2024-10-01,FY_24-25,Reliance Retail Limited-FR08,Direct,Reliance Retail,West,Mumbai,The Derma Co,0.0,0.0,100.0
Oct'24,2024-10-01,FY_24-25,Reliance Retail Limited-FR15,Direct,Reliance Retail,West,Mumbai,Aqualogica,0.0,0.0,100.0
Oct'24,2024-10-01,FY_24-25,Reliance Retail Limited-FR15,Direct,Reliance Retail,West,Mumbai,Mamaearth,10000.0,20000.0,100.0
Oct'24,2024-10-01,FY_24-25,Reliance Retail Limited-FR15,Direct,Reliance Retail,West,Mumbai,The Derma Co,0.0,0.0,100.0
Oct'24,2024-10-01,FY_24-25,Reliance Retail Limited-FR22,Direct,Reliance Retail,West,Mumbai,Mamaearth,10000.0,20000.0,100.0
Oct'24,2024-10-01,FY_24-25,Reliance Retail Limited-FR45,Direct,Reliance Retail,South-1,Karnataka,Aqualogica,30000.0,40000.0,100.0
Oct'24,2024-10-01,FY_24-25,Reliance Retail Limited-FR45,Direct,Reliance Retail,South-1,Karnataka,BBlunt,0.0,10000.0,100.0
Oct'24,2024-10-01,FY_24-25,Reliance Retail Limited-FR45,Direct,Reliance Retail,South-1,Karnataka,Mamaearth,10000.0,20000.0,100.0
Oct'24,2024-10-01,FY_24-25,Reliance Retail Limited-FR45,Direct,Reliance Retail,South-1,Karnataka,The Derma Co,0.0,0.0,100.0
Oct'24,2024-10-01,FY_24-25,Reliance Retail Limited-FR63,Direct,Reliance Retail,East,Orissa,Aqualogica,30000.0,50000.0,100.0
Oct'24,2024-10-01,FY_24-25,Reliance Retail Limited-FR63,Direct,Reliance Retail,East,Orissa,BBlunt,0.0,0.0,100.0
Oct'24,2024-10-01,FY_24-25,Reliance Retail Limited-FR63,Direct,Reliance Retail,East,Orissa,Mamaearth,10000.0,10000.0,100.0
Oct'24,2024-10-01,FY_24-25,Reliance Retail Limited-FR63,Direct,Reliance Retail,East,Orissa,The Derma Co,10000.0,20000.0,100.0
Oct'24,2024-10-01,FY_24-25,Reliance Retail Limited-FR73,Direct,Reliance Retail,East,West Bengal,Aqualogica,0.0,0.0,100.0
Oct'24,2024-10-01,FY_24-25,Reliance Retail Limited-FR73,Direct,Reliance Retail,East,West Bengal,BBlunt,0.0,10000.0,100.0
Oct'24,2024-10-01,FY_24-25,Reliance Retail Limited-FR73,Direct,Reliance Retail,East,West Bengal,Mamaearth,30000.0,50000.0,100.0
Oct'24,2024-10-01,FY_24-25,Reliance Retail Limited-FR73,Direct,Reliance Retail,East,West Bengal,The Derma Co,10000.0,20000.0,100.0
Oct'24,2024-10-01,FY_24-25,Reliance Retail Limited-FRAR,Direct,Reliance Retail,East,Jharkhand,Aqualogica,0.0,10000.0,100.0
Oct'24,2024-10-01,FY_24-25,Reliance Retail Limited-FRAR,Direct,Reliance Retail,East,Jharkhand,BBlunt,0.0,0.0,100.0
Oct'24,2024-10-01,FY_24-25,Reliance Retail Limited-FRAR,Direct,Reliance Retail,East,Jharkhand,Mamaearth,10000.0,20000.0,100.0
Oct'24,2024-10-01,FY_24-25,Reliance Retail Limited-FRAR,Direct,Reliance Retail,East,Jharkhand,The Derma Co,10000.0,20000.0,100.0
Oct'24,2024-10-01,FY_24-25,Reliance Retail Limited-FRAU,Direct,Reliance Retail,East,Jharkhand,Aqualogica,0.0,0.0,100.0
Oct'24,2024-10-01,FY_24-25,Reliance Retail Limited-FRAU,Direct,Reliance Retail,East,Jharkhand,BBlunt,0.0,10000.0,100.0
Oct'24,2024-10-01,FY_24-25,Reliance Retail Limited-FRAU,Direct,Reliance Retail,East,Jharkhand,Mamaearth,20000.0,30000.0,100.0
Oct'24,2024-10-01,FY_24-25,Reliance Retail Limited-FRAU,Direct,Reliance Retail,East,Jharkhand,The Derma Co,10000.0,10000.0,100.0
Oct'24,2024-10-01,FY_24-25,Reliance Retail Limited-FRBV,Direct,Reliance Retail,East,West Bengal,Aqualogica,0.0,10000.0,100.0
Oct'24,2024-10-01,FY_24-25,Reliance Retail Limited-FRBV,Direct,Reliance Retail,East,West Bengal,BBlunt,10000.0,10000.0,100.0
Oct'24,2024-10-01,FY_24-25,Reliance Retail Limited-FRBV,Direct,Reliance Retail,East,West Bengal,Mamaearth,60000.0,100000.0,100.0
Oct'24,2024-10-01,FY_24-25,Reliance Retail Limited-FRBV,Direct,Reliance Retail,East,West Bengal,The Derma Co,10000.0,20000.0,100.0
Oct'24,2024-10-01,FY_24-25,Reliance Retail Limited-FRCA,Direct,Reliance Retail,East,West Bengal,Mamaearth,30000.0,50000.0,100.0
Oct'24,2024-10-01,FY_24-25,Reliance Retail Limited-FRCB,Direct,Reliance Retail,East,West Bengal,Aqualogica,0.0,0.0,100.0
Oct'24,2024-10-01,FY_24-25,Reliance Retail Limited-FRCB,Direct,Reliance Retail,East,West Bengal,BBlunt,0.0,0.0,100.0
Oct'24,2024-10-01,FY_24-25,Reliance Retail Limited-FRCB,Direct,Reliance Retail,East,West Bengal,Mamaearth,10000.0,20000.0,100.0
Oct'24,2024-10-01,FY_24-25,Reliance Retail Limited-FRCB,Direct,Reliance Retail,East,West Bengal,The Derma Co,10000.0,10000.0,100.0
Oct'24,2024-10-01,FY_24-25,Reliance Retail Limited-FRCC,Direct,Reliance Retail,East,West Bengal,Aqualogica,0.0,10000.0,100.0
Oct'24,2024-10-01,FY_24-25,Reliance Retail Limited-FRCC,Direct,Reliance Retail,East,West Bengal,BBlunt,10000.0,10000.0,100.0
Oct'24,2024-10-01,FY_24-25,Reliance Retail Limited-FRCC,Direct,Reliance Retail,East,West Bengal,Mamaearth,20000.0,30000.0,100.0
Oct'24,2024-10-01,FY_24-25,Reliance Retail Limited-FRCC,Direct,Reliance Retail,East,West Bengal,The Derma Co,10000.0,20000.0,100.0
Oct'24,2024-10-01,FY_24-25,Reliance Retail Limited-FRCF,Direct,Reliance Retail,East,West Bengal,Mamaearth,20000.0,40000.0,100.0
Oct'24,2024-10-01,FY_24-25,Reliance Retail Limited-FRCK,Direct,Reliance Retail,East,West Bengal,Aqualogica,0.0,10000.0,100.0
Oct'24,2024-10-01,FY_24-25,Reliance Retail Limited-FRCK,Direct,Reliance Retail,East,West Bengal,BBlunt,10000.0,20000.0,100.0
Oct'24,2024-10-01,FY_24-25,Reliance Retail Limited-FRCK,Direct,Reliance Retail,East,West Bengal,Mamaearth,20000.0,40000.0,100.0
Oct'24,2024-10-01,FY_24-25,Reliance Retail Limited-FRCK,Direct,Reliance Retail,East,West Bengal,The Derma Co,10000.0,20000.0,100.0
Oct'24,2024-10-01,FY_24-25,Reliance Retail Limited-FRCO,Direct,Reliance Retail,North,Haryana,Mamaearth,30000.0,50000.0,100.0
Oct'24,2024-10-01,FY_24-25,Reliance Retail Limited-FRCX,Direct,Reliance Retail,North,Delhi,Aqualogica,30000.0,50000.0,100.0
Oct'24,2024-10-01,FY_24-25,Reliance Retail Limited-FRCX,Direct,Reliance Retail,North,Delhi,Mamaearth,60000.0,90000.0,100.0
Oct'24,2024-10-01,FY_24-25,Reliance Retail Limited-FRCX,Direct,Reliance Retail,North,Delhi,The Derma Co,0.0,0.0,100.0
Oct'24,2024-10-01,FY_24-25,Reliance Retail Limited-FRDF,Direct,Reliance Retail,North,UPW,Mamaearth,30000.0,50000.0,100.0
Oct'24,2024-10-01,FY_24-25,Reliance Retail Limited-FRDH,Direct,Reliance Retail,North,UPW,Mamaearth,-50000.0,-80000.0,100.0
Oct'24,2024-10-01,FY_24-25,Reliance Retail Limited-FRDJ,Direct,Reliance Retail,North,UPW,Mamaearth,-20000.0,-30000.0,100.0
Oct'24,2024-10-01,FY_24-25,Reliance Retail Limited-FRDM,Direct,Reliance Retail,North,UPW,Mamaearth,20000.0,30000.0,100.0
Oct'24,2024-10-01,FY_24-25,Reliance Retail Limited-FRDU,Direct,Reliance Retail,West,Gujarat,Mamaearth,60000.0,90000.0,100.0
Oct'24,2024-10-01,FY_24-25,Reliance Retail Limited-FRDV,Direct,Reliance Retail,West,Gujarat,Mamaearth,50000.0,90000.0,100.0
Oct'24,2024-10-01,FY_24-25,Reliance Retail Limited-FRDY,Direct,Reliance Retail,West,Gujarat,Mamaearth,10000.0,20000.0,100.0
Oct'24,2024-10-01,FY_24-25,Reliance Retail Limited-FRDZ,Direct,Reliance Retail,West,Gujarat,Mamaearth,30000.0,50000.0,100.0
Oct'24,2024-10-01,FY_24-25,Reliance Retail Limited-FREB,Direct,Reliance Retail,West,Gujarat,Mamaearth,20000.0,40000.0,100.0
Oct'24,2024-10-01,FY_24-25,RELIANCE RETAIL LIMITED-FREC,Direct,Reliance Retail,South-1,Karnataka,Mamaearth,1860000.0,4610000.0,100.0
Oct'24,2024-10-01,FY_24-25,RELIANCE RETAIL LIMITED-FREI,Direct,Reliance Retail,South-2,Telangana,Mamaearth,-30000.0,-40000.0,100.0
Oct'24,2024-10-01,FY_24-25,Reliance Retail Limited-FRFP,Direct,Reliance Retail,East,Bihar,Mamaearth,30000.0,40000.0,100.0
Oct'24,2024-10-01,FY_24-25,Reliance Retail Limited-FRGN,Direct,Reliance Retail,West,Gujarat,Mamaearth,50000.0,90000.0,100.0
Oct'24,2024-10-01,FY_24-25,Reliance Retail Limited-FRGQ,Direct,Reliance Retail,North,Uttarakhand,Mamaearth,20000.0,30000.0,100.0
Oct'24,2024-10-01,FY_24-25,Reliance Retail Limited-FRGS,Direct,Reliance Retail,East,Bihar,Aqualogica,30000.0,50000.0,100.0
Oct'24,2024-10-01,FY_24-25,Reliance Retail Limited-FRGS,Direct,Reliance Retail,East,Bihar,BBlunt,0.0,0.0,100.0
Oct'24,2024-10-01,FY_24-25,Reliance Retail Limited-FRGS,Direct,Reliance Retail,East,Bihar,Mamaearth,20000.0,30000.0,100.0
Oct'24,2024-10-01,FY_24-25,Reliance Retail Limited-FRGS,Direct,Reliance Retail,East,Bihar,The Derma Co,10000.0,10000.0,100.0
Oct'24,2024-10-01,FY_24-25,Reliance Retail Limited-FRHT,Direct,Reliance Retail,East,Bihar,Mamaearth,20000.0,30000.0,100.0
Oct'24,2024-10-01,FY_24-25,Reliance Retail Limited-S0GK,Direct,Reliance Retail,South-1,Kerala,Mamaearth,230000.0,530000.0,100.0
Oct'24,2024-10-01,FY_24-25,Reliance Retail Limited-S0IL,Direct,Reliance Retail,South-2,Telangana,Mamaearth,-160000.0,-360000.0,100.0
Oct'24,2024-10-01,FY_24-25,Reliance Retail Limited-S0KN,Direct,Reliance Retail,South-1,Karnataka,Aqualogica,0.0,0.0,100.0
Oct'24,2024-10-01,FY_24-25,Reliance Retail Limited-S0KN,Direct,Reliance Retail,South-1,Karnataka,Mamaearth,630000.0,1460000.0,100.0
Oct'24,2024-10-01,FY_24-25,Reliance Retail Limited-SAAH,Direct,Reliance Retail,North,UPW,Mamaearth,640000.0,1500000.0,100.0
Oct'24,2024-10-01,FY_24-25,RELIANCE RETAIL LIMITED-SF92,Direct,Reliance Retail,East,West Bengal,Mamaearth,2820000.0,7110000.0,100.0
Oct'24,2024-10-01,FY_24-25,RELIANCE RETAIL LIMITED-SH65,Direct,Reliance Retail,West,Pune,Aqualogica,20000.0,30000.0,100.0
Oct'24,2024-10-01,FY_24-25,RELIANCE RETAIL LIMITED-SH65,Direct,Reliance Retail,West,Pune,Mamaearth,690000.0,1720000.0,100.0
Oct'24,2024-10-01,FY_24-25,RELIANCE RETAIL LIMITED-SH65,Direct,Reliance Retail,West,Pune,The Derma Co,70000.0,110000.0,100.0
Oct'24,2024-10-01,FY_24-25,RELIANCE RETAIL LIMITED-SH69,Direct,Reliance Retail,North,Haryana,Mamaearth,260000.0,540000.0,100.0
Oct'24,2024-10-01,FY_24-25,RELIANCE RETAIL LIMITED-SH71,Direct,Reliance Retail,North,Madhya Pradesh,Mamaearth,580000.0,1400000.0,100.0
Oct'24,2024-10-01,FY_24-25,Reliance Retail Limited-SH77,Direct,Reliance Retail,South-1,Kerala,Mamaearth,-50000.0,-150000.0,100.0
Oct'24,2024-10-01,FY_24-25,Reliance Retail Limited-SK6I,Direct,Reliance Retail,West,Gujarat,Mamaearth,720000.0,1820000.0,100.0
Oct'24,2024-10-01,FY_24-25,Reliance Retail Limited-SLET,Direct,Reliance Retail,East,Bihar,Mamaearth,100000.0,270000.0,100.0
Oct'24,2024-10-01,FY_24-25,Reliance Retail Limited-SLG3,Direct,Reliance Retail,South-1,Tamil Nadu,Aqualogica,20000.0,30000.0,100.0
Oct'24,2024-10-01,FY_24-25,Reliance Retail Limited-SLG3,Direct,Reliance Retail,South-1,Tamil Nadu,Mamaearth,460000.0,850000.0,100.0
Oct'24,2024-10-01,FY_24-25,RELIANCE RETAIL LIMITED-SLIG,Direct,Reliance Retail,East,Northeast-Assam,Mamaearth,760000.0,1800000.0,100.0
Oct'24,2024-10-01,FY_24-25,RELIANCE RETAIL LIMITED-SLII,Direct,Reliance Retail,North,Lucknow_UPE,Mamaearth,-10000.0,-20000.0,100.0
Oct'24,2024-10-01,FY_24-25,Reliance Retail Limited-SLMP,Direct,Reliance Retail,West,Gujarat,Mamaearth,60000.0,90000.0,100.0
Oct'24,2024-10-01,FY_24-25,Reliance Retail Limited-Slmr,Direct,Reliance Retail,East,Orissa,Mamaearth,80000.0,180000.0,100.0
Oct'24,2024-10-01,FY_24-25,Reliance Retail Limited-SLS1,Direct,Reliance Retail,South-1,Tamil Nadu,Mamaearth,400000.0,1040000.0,100.0
Oct'24,2024-10-01,FY_24-25,Reliance Retail Limited-SLS2,Direct,Reliance Retail,South-2,Andhra Pradesh,Mamaearth,80000.0,210000.0,100.0
Oct'24,2024-10-01,FY_24-25,Reliance Retail Limited-SN1U,Direct,Reliance Retail,East,West Bengal,Mamaearth,80000.0,150000.0,100.0
Oct'24,2024-10-01,FY_24-25,Reliance Retail Limited-SP9K,Direct,Reliance Retail,West,Pune,Mamaearth,350000.0,700000.0,100.0
Oct'24,2024-10-01,FY_24-25,Reliance Retail Limited-T0Z9,Direct,Reliance Retail,West,Gujarat,Mamaearth,60000.0,90000.0,100.0
Oct'24,2024-10-01,FY_24-25,Reliance Retail Limited-T2DI,Direct,Reliance Retail,South-1,Karnataka,Aqualogica,30000.0,40000.0,100.0
Oct'24,2024-10-01,FY_24-25,Reliance Retail Limited-T2DI,Direct,Reliance Retail,South-1,Karnataka,BBlunt,0.0,0.0,100.0
Oct'24,2024-10-01,FY_24-25,Reliance Retail Limited-T2DI,Direct,Reliance Retail,South-1,Karnataka,The Derma Co,0.0,10000.0,100.0
Oct'24,2024-10-01,FY_24-25,Reliance Retail Limited-T37T,Direct,Reliance Retail,North,Lucknow_UPE,Mamaearth,30000.0,60000.0,100.0
Oct'24,2024-10-01,FY_24-25,Reliance Retail Limited-T84I,Direct,Reliance Retail,North,Haryana,Aqualogica,10000.0,20000.0,100.0
Oct'24,2024-10-01,FY_24-25,Reliance Retail Limited-T84I,Direct,Reliance Retail,North,Haryana,BBlunt,0.0,10000.0,100.0
Oct'24,2024-10-01,FY_24-25,Reliance Retail Limited-T84I,Direct,Reliance Retail,North,Haryana,The Derma Co,0.0,10000.0,100.0
Oct'24,2024-10-01,FY_24-25,Reliance Retail Limited-T84L,Direct,Reliance Retail,West,Gujarat,Mamaearth,20000.0,30000.0,100.0
Oct'24,2024-10-01,FY_24-25,Reliance Retail Limited-T915,Direct,Reliance Retail,North,UPW,Mamaearth,50000.0,80000.0,100.0
Oct'24,2024-10-01,FY_24-25,Reliance Retail Limited-TA36,Direct,Reliance Retail,South-1,Tamil Nadu,BBlunt,10000.0,10000.0,100.0
Oct'24,2024-10-01,FY_24-25,Reliance Retail Limited-TA36,Direct,Reliance Retail,South-1,Tamil Nadu,The Derma Co,10000.0,10000.0,100.0
Oct'24,2024-10-01,FY_24-25,Reliance Retail Limited-TAFW,Direct,Reliance Retail,West,Mumbai,Mamaearth,10000.0,20000.0,100.0
Oct'24,2024-10-01,FY_24-25,Reliance Retail Limited-TAH3,Direct,Reliance Retail,North,Lucknow_UPE,Mamaearth,20000.0,40000.0,100.0
Oct'24,2024-10-01,FY_24-25,Reliance Retail Limited-TAIE,Direct,Reliance Retail,South-1,Tamil Nadu,BBlunt,10000.0,20000.0,100.0
Oct'24,2024-10-01,FY_24-25,Reliance Retail Limited-TAIE,Direct,Reliance Retail,South-1,Tamil Nadu,The Derma Co,10000.0,10000.0,100.0
Oct'24,2024-10-01,FY_24-25,Reliance Retail Limited-TAUX,Direct,Reliance Retail,West,Gujarat,Mamaearth,20000.0,30000.0,100.0
Oct'24,2024-10-01,FY_24-25,Reliance Retail Limited-TC74,Direct,Reliance Retail,North,Haryana,Mamaearth,20000.0,40000.0,100.0
Oct'24,2024-10-01,FY_24-25,Reliance Retail Limited-TD04,Direct,Reliance Retail,East,Jharkhand,Mamaearth,10000.0,20000.0,100.0
Oct'24,2024-10-01,FY_24-25,Reliance Retail Limited-TG2K,Direct,Reliance Retail,West,Gujarat,Mamaearth,60000.0,90000.0,100.0
Oct'24,2024-10-01,FY_24-25,Reliance Retail Limited-TH93,Direct,Reliance Retail,East,Orissa,Mamaearth,20000.0,30000.0,100.0
Oct'24,2024-10-01,FY_24-25,Reliance Retail Limited-TIU6,Direct,Reliance Retail,East,Jharkhand,Mamaearth,20000.0,40000.0,100.0
Oct'24,2024-10-01,FY_24-25,Reliance Retail Limited-TL30,Direct,Reliance Retail,North,Delhi,Aqualogica,-20000.0,-40000.0,100.0
Oct'24,2024-10-01,FY_24-25,Reliance Retail Limited-TL30,Direct,Reliance Retail,North,Delhi,Mamaearth,20000.0,30000.0,100.0
Oct'24,2024-10-01,FY_24-25,Reliance Retail Limited-TL30,Direct,Reliance Retail,North,Delhi,The Derma Co,-70000.0,-120000.0,100.0
Oct'24,2024-10-01,FY_24-25,Reliance Retail Limited-TM18,Direct,Reliance Retail,South-1,Karnataka,Mamaearth,50000.0,80000.0,100.0
Oct'24,2024-10-01,FY_24-25,Reliance Retail Limited-TN54,Direct,Reliance Retail,West,Chattishgarh,Mamaearth,20000.0,40000.0,100.0
Oct'24,2024-10-01,FY_24-25,Reliance Retail Limited-Tna8,Direct,Reliance Retail,West,Gujarat,Mamaearth,40000.0,70000.0,100.0
Oct'24,2024-10-01,FY_24-25,Reliance Retail Limited-TNB5,Direct,Reliance Retail,West,Gujarat,Mamaearth,30000.0,40000.0,100.0
Oct'24,2024-10-01,FY_24-25,Reliance Retail Limited-TNC2,Direct,Reliance Retail,South-1,Tamil Nadu,BBlunt,0.0,0.0,100.0
Oct'24,2024-10-01,FY_24-25,Reliance Retail Limited-TNC2,Direct,Reliance Retail,South-1,Tamil Nadu,The Derma Co,0.0,0.0,100.0
Oct'24,2024-10-01,FY_24-25,Reliance Retail Limited-TNC7,Direct,Reliance Retail,North,Punjab,Aqualogica,10000.0,20000.0,100.0
Oct'24,2024-10-01,FY_24-25,Reliance Retail Limited-TNC7,Direct,Reliance Retail,North,Punjab,BBlunt,20000.0,20000.0,100.0
Oct'24,2024-10-01,FY_24-25,Reliance Retail Limited-TNC7,Direct,Reliance Retail,North,Punjab,Mamaearth,20000.0,30000.0,100.0
Oct'24,2024-10-01,FY_24-25,Reliance Retail Limited-TNC7,Direct,Reliance Retail,North,Punjab,The Derma Co,40000.0,60000.0,100.0
Oct'24,2024-10-01,FY_24-25,Reliance Retail Limited-TND1,Direct,Reliance Retail,West,Gujarat,Mamaearth,40000.0,60000.0,100.0
Oct'24,2024-10-01,FY_24-25,Reliance Retail Limited-TND2,Direct,Reliance Retail,South-1,Tamil Nadu,BBlunt,10000.0,10000.0,100.0
Oct'24,2024-10-01,FY_24-25,Reliance Retail Limited-TND2,Direct,Reliance Retail,South-1,Tamil Nadu,The Derma Co,0.0,10000.0,100.0
Oct'24,2024-10-01,FY_24-25,Reliance Retail Limited-TND4,Direct,Reliance Retail,East,West Bengal,Mamaearth,20000.0,40000.0,100.0
Oct'24,2024-10-01,FY_24-25,Reliance Retail Limited-Tnd5,Direct,Reliance Retail,West,Gujarat,Mamaearth,30000.0,50000.0,100.0
Oct'24,2024-10-01,FY_24-25,Reliance Retail Limited-TOM0,Direct,Reliance Retail,West,Mumbai,Mamaearth,20000.0,30000.0,100.0
Oct'24,2024-10-01,FY_24-25,Reliance Retail Limited-TP06,Direct,Reliance Retail,North,Delhi,Mamaearth,20000.0,30000.0,100.0
Oct'24,2024-10-01,FY_24-25,Reliance Retail Limited-TQ61,Direct,Reliance Retail,South-1,Kerala,Mamaearth,30000.0,60000.0,100.0
Oct'24,2024-10-01,FY_24-25,Reliance Retail Limited-TW11,Direct,Reliance Retail,North,Delhi,Mamaearth,30000.0,40000.0,100.0
Oct'24,2024-10-01,FY_24-25,Reliance Retail Limited-TZ8R,Direct,Reliance Retail,North,Uttarakhand,Mamaearth,60000.0,110000.0,100.0
Oct'24,2024-10-01,FY_24-25,Reliance Retail Limited-TZL5,Direct,Reliance Retail,East,Bihar,Aqualogica,30000.0,50000.0,100.0
Oct'24,2024-10-01,FY_24-25,Reliance Retail Limited-TZL5,Direct,Reliance Retail,East,Bihar,BBlunt,0.0,0.0,100.0
Oct'24,2024-10-01,FY_24-25,Reliance Retail Limited-TZL5,Direct,Reliance Retail,East,Bihar,Mamaearth,10000.0,10000.0,100.0
Oct'24,2024-10-01,FY_24-25,Reliance Retail Limited-TZL5,Direct,Reliance Retail,East,Bihar,The Derma Co,0.0,10000.0,100.0
Oct'24,2024-10-01,FY_24-25,Reliance Retail Limited-ZZI0-B,Direct,Reliance Retail,South-1,Kerala,Aqualogica,30000.0,40000.0,100.0
Oct'24,2024-10-01,FY_24-25,Reliance Retail Limited-ZZI0-B,Direct,Reliance Retail,South-1,Kerala,Mamaearth,350000.0,630000.0,100.0
Oct'24,2024-10-01,FY_24-25,Reliance Retail Ltd _Madhavaram- TNB8,Direct,Reliance Retail,South-1,Tamil Nadu,Mamaearth,40000.0,60000.0,100.0
Oct'24,2024-10-01,FY_24-25,Reliance Retail Ltd _Mysore_2994,Direct,Reliance Retail,South-1,Karnataka,Mamaearth,40000.0,60000.0,100.0
Oct'24,2024-10-01,FY_24-25,Reliance Retail Ltd _RAJAJI NAGAR- FR49,Direct,Reliance Retail,South-1,Karnataka,BBlunt,10000.0,10000.0,100.0
Oct'24,2024-10-01,FY_24-25,Reliance Retail Ltd _RAJAJI NAGAR- FR49,Direct,Reliance Retail,South-1,Karnataka,Mamaearth,20000.0,40000.0,100.0
Oct'24,2024-10-01,FY_24-25,Reliance Retail Ltd _RAJAJI NAGAR- FR49,Direct,Reliance Retail,South-1,Karnataka,The Derma Co,10000.0,20000.0,100.0
Oct'24,2024-10-01,FY_24-25,Reliance Retail Ltd_Davanagere- TNC0,Direct,Reliance Retail,South-1,Karnataka,Mamaearth,20000.0,40000.0,100.0
Oct'24,2024-10-01,FY_24-25,Reliance Retail Ltd_Hubballi_2997,Direct,Reliance Retail,South-1,Karnataka,Mamaearth,40000.0,80000.0,100.0
Oct'24,2024-10-01,FY_24-25,Reliance Retail Ltd_Nagercoil- 3338,Direct,Reliance Retail,South-1,Tamil Nadu,Mamaearth,70000.0,110000.0,100.0
Oct'24,2024-10-01,FY_24-25,RELIANCE RETAIL Ltd-SK6C,Direct,Reliance Retail,West,Gujarat,Mamaearth,680000.0,1640000.0,100.0
Oct'24,2024-10-01,FY_24-25,RELIANCE RETAIL Ltd-SLEW,Direct,Reliance Retail,West,Chattishgarh,Mamaearth,-250000.0,-620000.0,100.0
Oct'24,2024-10-01,FY_24-25,Tnsi Retail Pvt Ltd_Sultanpur,Direct,WH-Smith,North,Haryana,Aqualogica,0.0,10000.0,100.0
Oct'24,2024-10-01,FY_24-25,Tnsi Retail Pvt Ltd_Sultanpur,Direct,WH-Smith,North,Haryana,Mamaearth,80000.0,160000.0,100.0
Oct'24,2024-10-01,FY_24-25,Travel News Services India Pvt Ltd(Hyd),Direct,WH-Smith,South-2,Telangana,Aqualogica,10000.0,20000.0,100.0
Oct'24,2024-10-01,FY_24-25,Travel News Services India Pvt Ltd(Hyd),Direct,WH-Smith,South-2,Telangana,Mamaearth,50000.0,100000.0,100.0
Oct'24,2024-10-01,FY_24-25,Travel News Services India Pvt Ltd(Wb),Direct,WH-Smith,East,West Bengal,Aqualogica,10000.0,20000.0,100.0
Oct'24,2024-10-01,FY_24-25,Travel News Services India Pvt Ltd(Wb),Direct,WH-Smith,East,West Bengal,Mamaearth,40000.0,90000.0,100.0
Oct'24,2024-10-01,FY_24-25,Travel Retail Services Pvt Ltd_Blr,Direct,Relay,South-1,Karnataka,Mamaearth,50000.0,120000.0,100.0
Oct'24,2024-10-01,FY_24-25,Travel Retail Services Pvt Ltd_Blr,Direct,Relay,South-1,Karnataka,The Derma Co,10000.0,30000.0,100.0
Oct'24,2024-10-01,FY_24-25,Trent Hypermarket Private Limited_Blr,Direct,Trent,South-1,Karnataka,Mamaearth,140000.0,240000.0,100.0
Oct'24,2024-10-01,FY_24-25,Trent Hypermarket Private Limited_Mah,Direct,Trent,West,Mumbai,Mamaearth,120000.0,210000.0,100.0
Oct'24,2024-10-01,FY_24-25,Trent Hypermarket Private Limited-P,Direct,Trent,West,Pune,Mamaearth,90000.0,140000.0,100.0
Oct'24,2024-10-01,FY_24-25,Wal-Mart India Private Limited 4702,Direct,Walmart CNC,North,Punjab,Mamaearth,50000.0,100000.0,100.0
Oct'24,2024-10-01,FY_24-25,Wal-Mart India Private Limited 4703,Direct,Walmart CNC,North,Punjab,Mamaearth,30000.0,60000.0,100.0
Oct'24,2024-10-01,FY_24-25,Wal-Mart India Private Limited 4706,Direct,Walmart CNC,North,Punjab,Mamaearth,80000.0,160000.0,100.0
Oct'24,2024-10-01,FY_24-25,Wal-Mart India Private Limited 4712,Direct,Walmart CNC,North,Madhya Pradesh,Mamaearth,60000.0,110000.0,100.0
Oct'24,2024-10-01,FY_24-25,Wal-Mart India Private Limited 4713,Direct,Walmart CNC,North,Rajasthan,Mamaearth,80000.0,170000.0,100.0
Oct'24,2024-10-01,FY_24-25,Wal-Mart India Private Limited 4716,Direct,Walmart CNC,West,Chattishgarh,Mamaearth,20000.0,30000.0,100.0
Oct'24,2024-10-01,FY_24-25,Wal-Mart India Private Limited 4717,Direct,Walmart CNC,North,Punjab,Mamaearth,30000.0,60000.0,100.0
Oct'24,2024-10-01,FY_24-25,Wal-Mart India Private Limited 4719,Direct,Walmart CNC,North,Jammu,Mamaearth,150000.0,290000.0,100.0
Oct'24,2024-10-01,FY_24-25,Wal-Mart India Private Limited 4720,Direct,Walmart CNC,North,UPW,Mamaearth,70000.0,130000.0,100.0
Oct'24,2024-10-01,FY_24-25,Wal-Mart India Private Limited 4723,Direct,Walmart CNC,North,Lucknow_UPE,Mamaearth,0.0,-10000.0,100.0
Oct'24,2024-10-01,FY_24-25,Wal-Mart India Private Limited 4724,Direct,Walmart CNC,West,Pune,Mamaearth,0.0,10000.0,100.0
Oct'24,2024-10-01,FY_24-25,Wal-Mart India Private Limited 4725,Direct,Walmart CNC,South-2,Andhra Pradesh,Mamaearth,30000.0,60000.0,100.0
Oct'24,2024-10-01,FY_24-25,Wal-Mart India Private Limited 4727,Direct,Walmart CNC,North,Lucknow_UPE,Mamaearth,120000.0,220000.0,100.0
Oct'24,2024-10-01,FY_24-25,Wal-Mart India Private Limited 4729,Direct,Walmart CNC,North,Madhya Pradesh,Mamaearth,60000.0,110000.0,100.0
Oct'24,2024-10-01,FY_24-25,Wal-Mart India Private Limited 4734,Direct,Walmart CNC,South-2,Telangana,Mamaearth,-10000.0,-20000.0,100.0
Oct'24,2024-10-01,FY_24-25,Wal-Mart India Private Limited 4742,Direct,Walmart CNC,South-2,Andhra Pradesh,Mamaearth,30000.0,60000.0,100.0
Oct'24,2024-10-01,FY_24-25,Wal-Mart India Private Limited 4744,Direct,Walmart CNC,West,Pune,Mamaearth,-10000.0,-20000.0,100.0
Oct'24,2024-10-01,FY_24-25,Wal-Mart India Private Limited 4760,Direct,Walmart CNC,North,Madhya Pradesh,Mamaearth,60000.0,110000.0,100.0
Oct'24,2024-10-01,FY_24-25,Wal-Mart India Private Limited 4797,Direct,Walmart CNC,North,Lucknow_UPE,Mamaearth,70000.0,130000.0,100.0
Oct'24,2024-10-01,FY_24-25,Wal-Mart India Private Limited 4799,Direct,Walmart CNC,South-2,Andhra Pradesh,Mamaearth,-40000.0,-70000.0,100.0
Oct'24,2024-10-01,FY_24-25,Wal-Mart India Private Limited 4801,Direct,Walmart CNC,North,Punjab,Mamaearth,50000.0,90000.0,100.0
Oct'24,2024-10-01,FY_24-25,Wal-Mart India Private Limited 4803,Direct,Walmart CNC,North,Madhya Pradesh,Mamaearth,40000.0,70000.0,100.0
Oct'24,2024-10-01,FY_24-25,Wal-Mart India Private Limited 4805,Direct,Walmart CNC,South-2,Andhra Pradesh,Mamaearth,70000.0,140000.0,100.0
Oct'24,2024-10-01,FY_24-25,Wal-Mart India Private Limited 4814,Direct,Walmart CNC,South-2,Andhra Pradesh,Mamaearth,60000.0,100000.0,100.0
Oct'24,2024-10-01,FY_24-25,Wellness Forever Medicare Ltd,Direct,Wellness Forever,West,Mumbai,Aqualogica,380000.0,630000.0,100.0
Oct'24,2024-10-01,FY_24-25,Wellness Forever Medicare Ltd,Direct,Wellness Forever,West,Mumbai,BBlunt,-80000.0,-110000.0,100.0
Oct'24,2024-10-01,FY_24-25,Wellness Forever Medicare Ltd,Direct,Wellness Forever,West,Mumbai,Mamaearth,1380000.0,2320000.0,100.0
Oct'24,2024-10-01,FY_24-25,Wellness Forever Medicare Ltd,Direct,Wellness Forever,West,Mumbai,The Derma Co,3480000.0,5860000.0,100.0
Oct'24,2024-10-01,FY_24-25,Aggarwal Associates,Dist.,VMM,North,Punjab,Mamaearth,1580000.0,2890000.0,100.0
Oct'24,2024-10-01,FY_24-25,Arc Foods And Beverages_Mt_H&G,Dist.,H&G,South-1,Tamil Nadu,Aqualogica,80000.0,160000.0,72.73
Oct'24,2024-10-01,FY_24-25,Arc Foods And Beverages_Mt_H&G,Dist.,Apollo Healthco,South-1,Tamil Nadu,Aqualogica,30000.0,50000.0,27.27
Oct'24,2024-10-01,FY_24-25,Arc Foods And Beverages_Mt_H&G,Dist.,B&N,South-1,Tamil Nadu,BBlunt,10000.0,10000.0,16.67
Oct'24,2024-10-01,FY_24-25,Arc Foods And Beverages_Mt_H&G,Dist.,H&G,South-1,Tamil Nadu,BBlunt,50000.0,90000.0,83.33
Oct'24,2024-10-01,FY_24-25,Arc Foods And Beverages_Mt_H&G,Dist.,B&N,South-1,Tamil Nadu,Mamaearth,30000.0,50000.0,3.0
Oct'24,2024-10-01,FY_24-25,Arc Foods And Beverages_Mt_H&G,Dist.,Apollo Healthco,South-1,Tamil Nadu,Mamaearth,550000.0,1020000.0,55.0
Oct'24,2024-10-01,FY_24-25,Arc Foods And Beverages_Mt_H&G,Dist.,H&G,South-1,Tamil Nadu,Mamaearth,420000.0,770000.0,42.0
Oct'24,2024-10-01,FY_24-25,Arc Foods And Beverages_Mt_H&G,Dist.,B&N,South-1,Tamil Nadu,The Derma Co,10000.0,20000.0,2.33
Oct'24,2024-10-01,FY_24-25,Arc Foods And Beverages_Mt_H&G,Dist.,H&G,South-1,Tamil Nadu,The Derma Co,370000.0,690000.0,86.05
Oct'24,2024-10-01,FY_24-25,Arc Foods And Beverages_Mt_H&G,Dist.,Apollo Healthco,South-1,Tamil Nadu,The Derma Co,50000.0,80000.0,11.63
Oct'24,2024-10-01,FY_24-25,Az Enterprises(Apollo/More)Mt,Dist.,Apollo Healthco,South-1,Karnataka,Aqualogica,40000.0,70000.0,40.0
Oct'24,2024-10-01,FY_24-25,Az Enterprises(Apollo/More)Mt,Dist.,Trilife,South-1,Karnataka,Aqualogica,10000.0,20000.0,10.0
Oct'24,2024-10-01,FY_24-25,Az Enterprises(Apollo/More)Mt,Dist.,H&G,South-1,Karnataka,Aqualogica,40000.0,80000.0,40.0
Oct'24,2024-10-01,FY_24-25,Az Enterprises(Apollo/More)Mt,Dist.,B&N,South-1,Karnataka,Aqualogica,10000.0,10000.0,10.0
Oct'24,2024-10-01,FY_24-25,Az Enterprises(Apollo/More)Mt,Dist.,Trilife,South-1,Karnataka,BBlunt,0.0,0.0,0.0
Oct'24,2024-10-01,FY_24-25,Az Enterprises(Apollo/More)Mt,Dist.,H&G,South-1,Karnataka,BBlunt,50000.0,100000.0,100.0
Oct'24,2024-10-01,FY_24-25,Az Enterprises(Apollo/More)Mt,Dist.,B&N,South-1,Karnataka,BBlunt,0.0,0.0,0.0
Oct'24,2024-10-01,FY_24-25,Az Enterprises(Apollo/More)Mt,Dist.,Apollo Healthco,South-1,Karnataka,Mamaearth,800000.0,1540000.0,42.55
Oct'24,2024-10-01,FY_24-25,Az Enterprises(Apollo/More)Mt,Dist.,Trilife,South-1,Karnataka,Mamaearth,10000.0,10000.0,0.53
Oct'24,2024-10-01,FY_24-25,Az Enterprises(Apollo/More)Mt,Dist.,Lulu,South-1,Karnataka,Mamaearth,190000.0,370000.0,10.11
Oct'24,2024-10-01,FY_24-25,Az Enterprises(Apollo/More)Mt,Dist.,Frankross,South-1,Karnataka,Mamaearth,10000.0,10000.0,0.53
Oct'24,2024-10-01,FY_24-25,Az Enterprises(Apollo/More)Mt,Dist.,Max Hyper,South-1,Karnataka,Mamaearth,20000.0,30000.0,1.06
Oct'24,2024-10-01,FY_24-25,Az Enterprises(Apollo/More)Mt,Dist.,H&G,South-1,Karnataka,Mamaearth,660000.0,1280000.0,35.11
Oct'24,2024-10-01,FY_24-25,Az Enterprises(Apollo/More)Mt,Dist.,B&N,South-1,Karnataka,Mamaearth,10000.0,20000.0,0.53
Oct'24,2024-10-01,FY_24-25,Az Enterprises(Apollo/More)Mt,Dist.,More Retail,South-1,Karnataka,Mamaearth,180000.0,340000.0,9.57
Oct'24,2024-10-01,FY_24-25,Az Enterprises(Apollo/More)Mt,Dist.,Apollo Healthco,South-1,Karnataka,The Derma Co,50000.0,80000.0,13.89
Oct'24,2024-10-01,FY_24-25,Az Enterprises(Apollo/More)Mt,Dist.,Trilife,South-1,Karnataka,The Derma Co,0.0,10000.0,0.0
Oct'24,2024-10-01,FY_24-25,Az Enterprises(Apollo/More)Mt,Dist.,Lulu,South-1,Karnataka,The Derma Co,10000.0,10000.0,2.78
Oct'24,2024-10-01,FY_24-25,Az Enterprises(Apollo/More)Mt,Dist.,H&G,South-1,Karnataka,The Derma Co,300000.0,550000.0,83.33
Oct'24,2024-10-01,FY_24-25,Az Enterprises(Apollo/More)Mt,Dist.,B&N,South-1,Karnataka,The Derma Co,0.0,10000.0,0.0
Oct'24,2024-10-01,FY_24-25,BALAJI ASSOCIATES Distributor MT,Dist.,Reliance Retail,East,Northeast-Assam,Aqualogica,30000.0,50000.0,100.0
Oct'24,2024-10-01,FY_24-25,BALAJI ASSOCIATES Distributor MT,Dist.,Reliance Retail,East,Northeast-Assam,BBlunt,60000.0,100000.0,100.0
Oct'24,2024-10-01,FY_24-25,BALAJI ASSOCIATES Distributor MT,Dist.,VMM,East,Northeast-Assam,Mamaearth,390000.0,730000.0,100.0
Oct'24,2024-10-01,FY_24-25,BALAJI ASSOCIATES Distributor MT,Dist.,Reliance Retail,East,Northeast-Assam,The Derma Co,90000.0,160000.0,100.0
Oct'24,2024-10-01,FY_24-25,CHHABRA TRADERS_Ship To,Dist.,Spencer,North,Lucknow_UPE,BBlunt,60000.0,110000.0,100.0
Oct'24,2024-10-01,FY_24-25,CHHABRA TRADERS_Ship To,Dist.,Lulu,North,Lucknow_UPE,Mamaearth,310000.0,580000.0,26.96
Oct'24,2024-10-01,FY_24-25,CHHABRA TRADERS_Ship To,Dist.,Spencer,North,Lucknow_UPE,Mamaearth,840000.0,1600000.0,73.04
Oct'24,2024-10-01,FY_24-25,CHHABRA TRADERS_Ship To,Dist.,Lulu,North,Lucknow_UPE,The Derma Co,100000.0,190000.0,100.0
Oct'24,2024-10-01,FY_24-25,D.L. Sales - MT,Dist.,Apollo Healthco,East,West Bengal,Aqualogica,0.0,10000.0,0.0
Oct'24,2024-10-01,FY_24-25,D.L. Sales - MT,Dist.,H&G,East,West Bengal,Aqualogica,10000.0,10000.0,50.0
Oct'24,2024-10-01,FY_24-25,D.L. Sales - MT,Dist.,Spencer,East,West Bengal,Aqualogica,10000.0,10000.0,50.0
Oct'24,2024-10-01,FY_24-25,D.L. Sales - MT,Dist.,H&G,East,West Bengal,BBlunt,20000.0,30000.0,33.33
Oct'24,2024-10-01,FY_24-25,D.L. Sales - MT,Dist.,Spencer,East,West Bengal,BBlunt,40000.0,60000.0,66.67
Oct'24,2024-10-01,FY_24-25,D.L. Sales - MT,Dist.,Apollo Healthco,East,West Bengal,Mamaearth,850000.0,1640000.0,28.52
Oct'24,2024-10-01,FY_24-25,D.L. Sales - MT,Dist.,H&G,East,West Bengal,Mamaearth,90000.0,170000.0,3.02
Oct'24,2024-10-01,FY_24-25,D.L. Sales - MT,Dist.,More Retail,East,West Bengal,Mamaearth,260000.0,490000.0,8.72
Oct'24,2024-10-01,FY_24-25,D.L. Sales - MT,Dist.,Spencer,East,West Bengal,Mamaearth,1520000.0,2920000.0,51.01
Oct'24,2024-10-01,FY_24-25,D.L. Sales - MT,Dist.,Arambagh,East,West Bengal,Mamaearth,140000.0,270000.0,4.7
Oct'24,2024-10-01,FY_24-25,D.L. Sales - MT,Dist.,Frankross,East,West Bengal,Mamaearth,90000.0,180000.0,3.02
Oct'24,2024-10-01,FY_24-25,D.L. Sales - MT,Dist.,VMM,East,West Bengal,Mamaearth,30000.0,60000.0,1.01
Oct'24,2024-10-01,FY_24-25,D.L. Sales - MT,Dist.,Apollo Healthco,East,West Bengal,The Derma Co,20000.0,40000.0,5.41
Oct'24,2024-10-01,FY_24-25,D.L. Sales - MT,Dist.,H&G,East,West Bengal,The Derma Co,100000.0,170000.0,27.03
Oct'24,2024-10-01,FY_24-25,D.L. Sales - MT,Dist.,Spencer,East,West Bengal,The Derma Co,250000.0,450000.0,67.57
Oct'24,2024-10-01,FY_24-25,G.V Enterprises,Dist.,Lulu,South-1,Tamil Nadu,Aqualogica,60000.0,110000.0,100.0
Oct'24,2024-10-01,FY_24-25,G.V Enterprises,Dist.,Apollo Healthco,South-1,Tamil Nadu,Mamaearth,190000.0,410000.0,8.02
Oct'24,2024-10-01,FY_24-25,G.V Enterprises,Dist.,D-Mart,South-1,Tamil Nadu,Mamaearth,1750000.0,3730000.0,73.84
Oct'24,2024-10-01,FY_24-25,G.V Enterprises,Dist.,Lulu,South-1,Tamil Nadu,Mamaearth,180000.0,380000.0,7.59
Oct'24,2024-10-01,FY_24-25,G.V Enterprises,Dist.,Pothys,South-1,Tamil Nadu,Mamaearth,250000.0,540000.0,10.55
Oct'24,2024-10-01,FY_24-25,G.V Enterprises,Dist.,Apollo Healthco,South-1,Tamil Nadu,The Derma Co,0.0,10000.0,0.0
Oct'24,2024-10-01,FY_24-25,G.V Enterprises,Dist.,Lulu,South-1,Tamil Nadu,The Derma Co,90000.0,170000.0,100.0
Oct'24,2024-10-01,FY_24-25,JUST MARK-Dmart,Dist.,D-Mart,West,Gujarat,Mamaearth,12970000.0,35360000.0,100.0
Oct'24,2024-10-01,FY_24-25,Kiran Trading Co- Dmart,Dist.,D-Mart,West,Pune,Mamaearth,3040000.0,8350000.0,100.0
Oct'24,2024-10-01,FY_24-25,Kiran Trading Company_Ship to,Dist.,D-Mart,West,Pune,Mamaearth,6280000.0,17620000.0,100.0
Oct'24,2024-10-01,FY_24-25,M/S KOTTARAM BUSINESS CORPORATION-MT,Dist.,Lulu,South-1,Kerala,Aqualogica,0.0,0.0,
Oct'24,2024-10-01,FY_24-25,M/S KOTTARAM BUSINESS CORPORATION-MT,Dist.,Lulu,South-1,Kerala,Mamaearth,0.0,0.0,
Oct'24,2024-10-01,FY_24-25,M/S KOTTARAM BUSINESS CORPORATION-MT,Dist.,Apollo Healthco,South-1,Kerala,Mamaearth,0.0,0.0,
Oct'24,2024-10-01,FY_24-25,M/S KOTTARAM BUSINESS CORPORATION-MT,Dist.,Apollo Healthco,South-1,Kerala,The Derma Co,0.0,0.0,
Oct'24,2024-10-01,FY_24-25,M/S KOTTARAM BUSINESS CORPORATION-MT,Dist.,Lulu,South-1,Kerala,The Derma Co,0.0,10000.0,
Oct'24,2024-10-01,FY_24-25,MARK ENTERPRISE,Dist.,Apollo Healthco,West,Gujarat,Mamaearth,310000.0,570000.0,100.0
Oct'24,2024-10-01,FY_24-25,PRAGATI SALES-D-MART,Dist.,D-Mart,West,Chattishgarh,Mamaearth,1090000.0,3020000.0,100.0
Oct'24,2024-10-01,FY_24-25,R.C. Trade Link H&G,Dist.,H&G,West,Mumbai,Aqualogica,40000.0,60000.0,100.0
Oct'24,2024-10-01,FY_24-25,R.C. Trade Link H&G,Dist.,H&G,West,Mumbai,BBlunt,40000.0,60000.0,100.0
Oct'24,2024-10-01,FY_24-25,R.C. Trade Link H&G,Dist.,H&G,West,Mumbai,Mamaearth,70000.0,110000.0,100.0
Oct'24,2024-10-01,FY_24-25,R.C. Trade Link H&G,Dist.,H&G,West,Mumbai,The Derma Co,140000.0,220000.0,100.0
Oct'24,2024-10-01,FY_24-25,Sancus Networks Private Limited-RMT,Dist.,RMT-Sancus,North,Delhi,BBlunt,60000.0,100000.0,100.0
Oct'24,2024-10-01,FY_24-25,Sancus Networks Private Limited-RMT,Dist.,RMT-Sancus,North,Delhi,Mamaearth,2820000.0,6170000.0,90.68
Oct'24,2024-10-01,FY_24-25,Sancus Networks Private Limited-RMT,Dist.,More Retail,North,Delhi,Mamaearth,290000.0,640000.0,9.32
Oct'24,2024-10-01,FY_24-25,Sancus Networks Private Limited-RMT,Dist.,RMT-Sancus,North,Delhi,The Derma Co,80000.0,150000.0,100.0
Oct'24,2024-10-01,FY_24-25,Sathyashree Enterprises-Mt,Dist.,D-Mart,South-1,Karnataka,Mamaearth,870000.0,2030000.0,100.0
Oct'24,2024-10-01,FY_24-25,Sri Lalitha Enterprises,Dist.,Grace Super MKT,South-1,Tamil Nadu,Mamaearth,120000.0,220000.0,21.05
Oct'24,2024-10-01,FY_24-25,Sri Lalitha Enterprises,Dist.,Pothys,South-1,Tamil Nadu,Mamaearth,110000.0,210000.0,19.3
Oct'24,2024-10-01,FY_24-25,Sri Lalitha Enterprises,Dist.,Sarvana,South-1,Tamil Nadu,Mamaearth,340000.0,630000.0,59.65
Oct'24,2024-10-01,FY_24-25,Sri Vijaya Durga Agencies_Mt,Dist.,H&G,South-2,Andhra Pradesh,Aqualogica,0.0,10000.0,
Oct'24,2024-10-01,FY_24-25,Sri Vijaya Durga Agencies_Mt,Dist.,H&G,South-2,Andhra Pradesh,BBlunt,0.0,10000.0,
Oct'24,2024-10-01,FY_24-25,Sri Vijaya Durga Agencies_Mt,Dist.,Apollo Healthco,South-2,Andhra Pradesh,Mamaearth,750000.0,1650000.0,29.07
Oct'24,2024-10-01,FY_24-25,Sri Vijaya Durga Agencies_Mt,Dist.,VMM,South-2,Andhra Pradesh,Mamaearth,0.0,10000.0,0.0
Oct'24,2024-10-01,FY_24-25,Sri Vijaya Durga Agencies_Mt,Dist.,D-Mart,South-2,Andhra Pradesh,Mamaearth,1340000.0,2940000.0,51.94
Oct'24,2024-10-01,FY_24-25,Sri Vijaya Durga Agencies_Mt,Dist.,H&G,South-2,Andhra Pradesh,Mamaearth,10000.0,20000.0,0.39
Oct'24,2024-10-01,FY_24-25,Sri Vijaya Durga Agencies_Mt,Dist.,Reliance Retail,South-2,Andhra Pradesh,Mamaearth,470000.0,1020000.0,18.22
Oct'24,2024-10-01,FY_24-25,Sri Vijaya Durga Agencies_Mt,Dist.,More Retail,South-2,Andhra Pradesh,Mamaearth,10000.0,20000.0,0.39
Oct'24,2024-10-01,FY_24-25,Sri Vijaya Durga Agencies_Mt,Dist.,H&G,South-2,Andhra Pradesh,The Derma Co,10000.0,50000.0,100.0
Oct'24,2024-10-01,FY_24-25,United Marketing_Mt,Dist.,Apollo Healthco,West,Goa,Mamaearth,60000.0,110000.0,100.0
Oct'24,2024-10-01,FY_24-25,United Marketing_Mt-Ship to,Dist.,Apollo Healthco,West,Goa,Mamaearth,140000.0,240000.0,100.0
Oct'24,2024-10-01,FY_24-25,Vanaja Agencies_Mt,Dist.,H&G,South-2,Telangana,Aqualogica,60000.0,110000.0,66.67
Oct'24,2024-10-01,FY_24-25,Vanaja Agencies_Mt,Dist.,Lulu,South-2,Telangana,Aqualogica,10000.0,20000.0,11.11
Oct'24,2024-10-01,FY_24-25,Vanaja Agencies_Mt,Dist.,B&N,South-2,Telangana,Aqualogica,0.0,0.0,0.0
Oct'24,2024-10-01,FY_24-25,Vanaja Agencies_Mt,Dist.,Apollo Healthco,South-2,Telangana,Aqualogica,20000.0,30000.0,22.22
Oct'24,2024-10-01,FY_24-25,Vanaja Agencies_Mt,Dist.,H&G,South-2,Telangana,BBlunt,80000.0,120000.0,88.89
Oct'24,2024-10-01,FY_24-25,Vanaja Agencies_Mt,Dist.,B&N,South-2,Telangana,BBlunt,10000.0,20000.0,11.11
Oct'24,2024-10-01,FY_24-25,Vanaja Agencies_Mt,Dist.,Apollo Healthco,South-2,Telangana,Mamaearth,690000.0,1480000.0,21.36
Oct'24,2024-10-01,FY_24-25,Vanaja Agencies_Mt,Dist.,H&G,South-2,Telangana,Mamaearth,300000.0,630000.0,9.29
Oct'24,2024-10-01,FY_24-25,Vanaja Agencies_Mt,Dist.,Vijetha,South-2,Telangana,Mamaearth,110000.0,230000.0,3.41
Oct'24,2024-10-01,FY_24-25,Vanaja Agencies_Mt,Dist.,More Retail,South-2,Telangana,Mamaearth,1250000.0,2660000.0,38.7
Oct'24,2024-10-01,FY_24-25,Vanaja Agencies_Mt,Dist.,Reliance Retail,South-2,Telangana,Mamaearth,630000.0,1350000.0,19.5
Oct'24,2024-10-01,FY_24-25,Vanaja Agencies_Mt,Dist.,Lulu,South-2,Telangana,Mamaearth,40000.0,90000.0,1.24
Oct'24,2024-10-01,FY_24-25,Vanaja Agencies_Mt,Dist.,Ratnadeep,South-2,Telangana,Mamaearth,200000.0,420000.0,6.19
Oct'24,2024-10-01,FY_24-25,Vanaja Agencies_Mt,Dist.,B&N,South-2,Telangana,Mamaearth,10000.0,20000.0,0.31
Oct'24,2024-10-01,FY_24-25,Vanaja Agencies_Mt,Dist.,H&G,South-2,Telangana,The Derma Co,370000.0,690000.0,74.0
Oct'24,2024-10-01,FY_24-25,Vanaja Agencies_Mt,Dist.,Lulu,South-2,Telangana,The Derma Co,10000.0,20000.0,2.0
Oct'24,2024-10-01,FY_24-25,Vanaja Agencies_Mt,Dist.,B&N,South-2,Telangana,The Derma Co,10000.0,20000.0,2.0
Oct'24,2024-10-01,FY_24-25,Vanaja Agencies_Mt,Dist.,Apollo Healthco,South-2,Telangana,The Derma Co,110000.0,210000.0,22.0
Oct'24,2024-10-01,FY_24-25,VISHAL ENTERPRISES_Solapur,Dist.,D-Mart,West,Pune,Mamaearth,3580000.0,9760000.0,100.0
Nov'24,2024-11-01,FY_24-25,APOLLO HEALTHCO LIMITED_AHMEDABAD,Direct,Apollo Healthco,West,Gujarat,Aqualogica,10000.0,10000.0,100.0
Nov'24,2024-11-01,FY_24-25,APOLLO HEALTHCO LIMITED_AHMEDABAD,Direct,Apollo Healthco,West,Gujarat,Mamaearth,540000.0,1640000.0,100.0
Nov'24,2024-11-01,FY_24-25,Apollo Healthco Limited_Bhiwandi,Direct,Apollo Healthco,West,Mumbai,Aqualogica,50000.0,80000.0,100.0
Nov'24,2024-11-01,FY_24-25,Apollo Healthco Limited_Bhiwandi,Direct,Apollo Healthco,West,Mumbai,Mamaearth,590000.0,1430000.0,100.0
Nov'24,2024-11-01,FY_24-25,Apollo Healthco Limited_Bhiwandi,Direct,Apollo Healthco,West,Mumbai,The Derma Co,120000.0,200000.0,100.0
Nov'24,2024-11-01,FY_24-25,Apollo Healthco Limited_Faridabad,Direct,Apollo Healthco,North,Haryana,Aqualogica,40000.0,70000.0,100.0
Nov'24,2024-11-01,FY_24-25,Apollo Healthco Limited_Faridabad,Direct,Apollo Healthco,North,Haryana,Mamaearth,2560000.0,6730000.0,100.0
Nov'24,2024-11-01,FY_24-25,Apollo Healthco Limited_Faridabad,Direct,Apollo Healthco,North,Haryana,The Derma Co,290000.0,490000.0,100.0
Nov'24,2024-11-01,FY_24-25,Apollo Healthco Limited_Rajasthan,Direct,Apollo Healthco,North,Rajasthan,Aqualogica,10000.0,20000.0,100.0
Nov'24,2024-11-01,FY_24-25,Apollo Healthco Limited_Rajasthan,Direct,Apollo Healthco,North,Rajasthan,Mamaearth,410000.0,1110000.0,100.0
Nov'24,2024-11-01,FY_24-25,Apollo Healthco Limited-Bangalore,Direct,Apollo Healthco,South-1,Karnataka,Aqualogica,70000.0,110000.0,100.0
Nov'24,2024-11-01,FY_24-25,Apollo Healthco Limited-Bangalore,Direct,Apollo Healthco,South-1,Karnataka,Mamaearth,1340000.0,4200000.0,100.0
Nov'24,2024-11-01,FY_24-25,Apollo Healthco Limited-Chennai,Direct,Apollo Healthco,South-1,Tamil Nadu,Mamaearth,200000.0,610000.0,100.0
Nov'24,2024-11-01,FY_24-25,APOLLO HEALTHCO LIMITED-Chittor,Direct,Apollo Healthco,South-2,Andhra Pradesh,Mamaearth,530000.0,1660000.0,100.0
Nov'24,2024-11-01,FY_24-25,Apollo Healthco Limited-Goa,Direct,Apollo Healthco,West,Goa,Mamaearth,110000.0,350000.0,100.0
Nov'24,2024-11-01,FY_24-25,Apollo Healthco Limited-Hubbli,Direct,Apollo Healthco,South-1,Karnataka,Mamaearth,960000.0,3010000.0,100.0
Nov'24,2024-11-01,FY_24-25,APOLLO HEALTHCO LIMITED-HYD,Direct,Apollo Healthco,South-2,Telangana,Mamaearth,760000.0,2410000.0,100.0
Nov'24,2024-11-01,FY_24-25,Apollo Healthco Limited-Kochi,Direct,Apollo Healthco,South-1,Kerala,Mamaearth,240000.0,500000.0,100.0
Nov'24,2024-11-01,FY_24-25,Apollo Healthco Limited-Kochi,Direct,Apollo Healthco,South-1,Kerala,The Derma Co,80000.0,140000.0,100.0
Nov'24,2024-11-01,FY_24-25,APOLLO HEALTHCO LIMITED-Madurai,Direct,Apollo Healthco,South-1,Tamil Nadu,Mamaearth,80000.0,270000.0,100.0
Nov'24,2024-11-01,FY_24-25,Apollo Healthco Limited-Ore,Direct,Apollo Healthco,East,Orissa,Mamaearth,560000.0,1290000.0,100.0
Nov'24,2024-11-01,FY_24-25,Apollo Healthco Limited-Sanath Nagar,Direct,Apollo Healthco,South-2,Telangana,Mamaearth,280000.0,870000.0,100.0
Nov'24,2024-11-01,FY_24-25,APOLLO HEALTHCO LIMITED-Vijayawada,Direct,Apollo Healthco,South-2,Andhra Pradesh,Mamaearth,360000.0,1130000.0,100.0
Nov'24,2024-11-01,FY_24-25,APOLLO HEALTHCO LIMITED-WB,Direct,Apollo Healthco,East,West Bengal,Aqualogica,0.0,0.0,100.0
Nov'24,2024-11-01,FY_24-25,APOLLO HEALTHCO LIMITED-WB,Direct,Apollo Healthco,East,West Bengal,Mamaearth,230000.0,720000.0,100.0
Nov'24,2024-11-01,FY_24-25,APOLLO HEALTHCO LIMITED-WB-2,Direct,Apollo Healthco,East,West Bengal,Mamaearth,1020000.0,3180000.0,100.0
Nov'24,2024-11-01,FY_24-25,Apollo Healthco Ltd_Raipur,Direct,Apollo Healthco,West,Chattishgarh,Mamaearth,300000.0,960000.0,100.0
Nov'24,2024-11-01,FY_24-25,Avenue E Commerce Limited(Belapur),Direct,D-Mart,West,Mumbai,Aqualogica,0.0,10000.0,100.0
Nov'24,2024-11-01,FY_24-25,Avenue E Commerce Limited(Belapur),Direct,D-Mart,West,Mumbai,The Derma Co,20000.0,40000.0,100.0
Nov'24,2024-11-01,FY_24-25,Avenue E Commerce Limited(Ck Palya),Direct,D-Mart,South-1,Karnataka,Aqualogica,10000.0,20000.0,100.0
Nov'24,2024-11-01,FY_24-25,Avenue E Commerce Limited(Kanjur),Direct,D-Mart,West,Mumbai,Aqualogica,10000.0,20000.0,100.0
Nov'24,2024-11-01,FY_24-25,Avenue E Commerce Limited(Kanjur),Direct,D-Mart,West,Mumbai,The Derma Co,40000.0,80000.0,100.0
Nov'24,2024-11-01,FY_24-25,Avenue E Commerce Limited(Kiwale),Direct,D-Mart,West,Pune,Aqualogica,20000.0,40000.0,100.0
Nov'24,2024-11-01,FY_24-25,Avenue E Commerce Limited(Kiwale),Direct,D-Mart,West,Pune,The Derma Co,40000.0,70000.0,100.0
Nov'24,2024-11-01,FY_24-25,Avenue E Commerce Limited(Kushaiguda),Direct,D-Mart,South-2,Telangana,Aqualogica,0.0,0.0,100.0
Nov'24,2024-11-01,FY_24-25,Avenue E Commerce Limited(Kushaiguda),Direct,D-Mart,South-2,Telangana,The Derma Co,10000.0,20000.0,100.0
Nov'24,2024-11-01,FY_24-25,Avenue E Commerce Limited(Mira Road) N,Direct,D-Mart,West,Mumbai,Aqualogica,0.0,10000.0,100.0
Nov'24,2024-11-01,FY_24-25,Avenue E Commerce Limited(Mira Road) N,Direct,D-Mart,West,Mumbai,The Derma Co,20000.0,40000.0,100.0
Nov'24,2024-11-01,FY_24-25,Avenue E Commerce Limited(Nahur),Direct,D-Mart,West,Mumbai,Aqualogica,10000.0,20000.0,100.0
Nov'24,2024-11-01,FY_24-25,Avenue E Commerce Limited(Nahur),Direct,D-Mart,West,Mumbai,The Derma Co,20000.0,30000.0,100.0
Nov'24,2024-11-01,FY_24-25,Avenue E Commerce Limited_GachibowlI,Direct,D-Mart,South-2,Telangana,Aqualogica,0.0,0.0,100.0
Nov'24,2024-11-01,FY_24-25,Avenue E Commerce Limited_GachibowlI,Direct,D-Mart,South-2,Telangana,The Derma Co,20000.0,30000.0,100.0
Nov'24,2024-11-01,FY_24-25,Avenue E Commerce Limited_Panvel-2,Direct,D-Mart,West,Mumbai,Aqualogica,10000.0,30000.0,100.0
Nov'24,2024-11-01,FY_24-25,Avenue E Commerce Limited_Panvel-2,Direct,D-Mart,West,Mumbai,The Derma Co,20000.0,30000.0,100.0
Nov'24,2024-11-01,FY_24-25,Avenue E Commerce Ltd -Amritsar FC,Direct,D-Mart,North,Punjab,Aqualogica,0.0,10000.0,100.0
Nov'24,2024-11-01,FY_24-25,Avenue E Commerce Ltd -Amritsar FC,Direct,D-Mart,North,Punjab,The Derma Co,10000.0,30000.0,100.0
Nov'24,2024-11-01,FY_24-25,Avenue E Commerce Ltd -Andheri FC,Direct,D-Mart,West,Mumbai,Aqualogica,0.0,10000.0,100.0
Nov'24,2024-11-01,FY_24-25,Avenue E Commerce Ltd -Andheri FC,Direct,D-Mart,West,Mumbai,The Derma Co,10000.0,30000.0,100.0
Nov'24,2024-11-01,FY_24-25,Avenue E Commerce Ltd -Handewadi FC,Direct,D-Mart,West,Pune,Aqualogica,0.0,10000.0,100.0
Nov'24,2024-11-01,FY_24-25,Avenue E Commerce Ltd -Handewadi FC,Direct,D-Mart,West,Pune,The Derma Co,0.0,10000.0,100.0
Nov'24,2024-11-01,FY_24-25,Avenue E Commerce Ltd -Nagpur-FC,Direct,D-Mart,West,Pune,The Derma Co,10000.0,20000.0,100.0
Nov'24,2024-11-01,FY_24-25,Avenue E Commerce Ltd -Vashi FC-E,Direct,D-Mart,West,Mumbai,Aqualogica,10000.0,30000.0,100.0
Nov'24,2024-11-01,FY_24-25,Avenue E Commerce Ltd -Vashi FC-E,Direct,D-Mart,West,Mumbai,The Derma Co,20000.0,40000.0,100.0
Nov'24,2024-11-01,FY_24-25,Avenue E Commerce Ltd_CadburyFC.,Direct,D-Mart,West,Mumbai,Aqualogica,20000.0,30000.0,100.0
Nov'24,2024-11-01,FY_24-25,Avenue E Commerce Ltd_CadburyFC.,Direct,D-Mart,West,Mumbai,The Derma Co,50000.0,90000.0,100.0
Nov'24,2024-11-01,FY_24-25,Avenue E Commerce Ltd_Manpada,Direct,D-Mart,West,Mumbai,Aqualogica,10000.0,20000.0,100.0
Nov'24,2024-11-01,FY_24-25,Avenue E Commerce Ltd_Manpada,Direct,D-Mart,West,Mumbai,The Derma Co,10000.0,30000.0,100.0
Nov'24,2024-11-01,FY_24-25,Avenue E Commerce Ltd_PeddaAmberpetFC,Direct,D-Mart,South-2,Telangana,Aqualogica,0.0,0.0,100.0
Nov'24,2024-11-01,FY_24-25,Avenue E Commerce Ltd_PeddaAmberpetFC,Direct,D-Mart,South-2,Telangana,The Derma Co,10000.0,10000.0,100.0
Nov'24,2024-11-01,FY_24-25,Avenue E Commerce Ltd_Wagholi,Direct,D-Mart,West,Pune,Aqualogica,0.0,10000.0,100.0
Nov'24,2024-11-01,FY_24-25,Avenue E Commerce Ltd_Wagholi,Direct,D-Mart,West,Pune,The Derma Co,10000.0,20000.0,100.0
Nov'24,2024-11-01,FY_24-25,Avenue Supermarts Ltd.-DC-1032,Direct,D-Mart,South-1,Karnataka,Mamaearth,6130000.0,15450000.0,100.0
Nov'24,2024-11-01,FY_24-25,Avenue Supermarts Ltd.-DC-1039,Direct,D-Mart,West,Mumbai,BBlunt,50000.0,110000.0,100.0
Nov'24,2024-11-01,FY_24-25,Avenue Supermarts Ltd.-DC-1039,Direct,D-Mart,West,Mumbai,Mamaearth,15190000.0,38910000.0,100.0
Nov'24,2024-11-01,FY_24-25,Avenue Supermarts Ltd.-DC-1049,Direct,D-Mart,North,Madhya Pradesh,Mamaearth,5890000.0,15810000.0,100.0
Nov'24,2024-11-01,FY_24-25,Avenue Supermarts Ltd.-DC-1050,Direct,D-Mart,North,Punjab,Mamaearth,4180000.0,11260000.0,100.0
Nov'24,2024-11-01,FY_24-25,Avenue Supermarts Ltd.-DC-1068,Direct,D-Mart,North,Rajasthan,Mamaearth,7260000.0,19250000.0,100.0
Nov'24,2024-11-01,FY_24-25,Guardian Healthcare Services Pvt Ltd(DL),Direct,Guardian,North,Delhi,Aqualogica,20000.0,40000.0,100.0
Nov'24,2024-11-01,FY_24-25,Guardian Healthcare Services Pvt Ltd(DL),Direct,Guardian,North,Delhi,Mamaearth,40000.0,80000.0,100.0
Nov'24,2024-11-01,FY_24-25,Guardian Healthcare Services Pvt Ltd(DL),Direct,Guardian,North,Delhi,The Derma Co,30000.0,60000.0,100.0
Nov'24,2024-11-01,FY_24-25,Metro Cash & Carry India Pvt Ltd -(DC27)-T0SJ,Direct,Metro-CNC-RRL,South-1,Karnataka,Aqualogica,40000.0,60000.0,100.0
Nov'24,2024-11-01,FY_24-25,Metro Cash & Carry India Pvt Ltd -(DC27)-T0SJ,Direct,Metro-CNC-RRL,South-1,Karnataka,BBlunt,20000.0,30000.0,100.0
Nov'24,2024-11-01,FY_24-25,Metro Cash & Carry India Pvt Ltd -(DC27)-T0SJ,Direct,Metro-CNC-RRL,South-1,Karnataka,Mamaearth,110000.0,220000.0,100.0
Nov'24,2024-11-01,FY_24-25,Metro Cash & Carry India Pvt Ltd -(DC27)-T0SJ,Direct,Metro-CNC-RRL,South-1,Karnataka,The Derma Co,70000.0,100000.0,100.0
Nov'24,2024-11-01,FY_24-25,Metro Cash & Carry India Pvt Ltd -(DC34)-T0SR,Direct,Metro-CNC-RRL,South-1,Karnataka,Mamaearth,110000.0,220000.0,100.0
Nov'24,2024-11-01,FY_24-25,Metro Cash & Carry India Pvt Ltd-(DC10)-T0SM,Direct,Metro-CNC-RRL,South-1,Karnataka,Aqualogica,80000.0,130000.0,100.0
Nov'24,2024-11-01,FY_24-25,Metro Cash & Carry India Pvt Ltd-(DC10)-T0SM,Direct,Metro-CNC-RRL,South-1,Karnataka,BBlunt,10000.0,20000.0,100.0
Nov'24,2024-11-01,FY_24-25,Metro Cash & Carry India Pvt Ltd-(DC10)-T0SM,Direct,Metro-CNC-RRL,South-1,Karnataka,Mamaearth,150000.0,320000.0,100.0
Nov'24,2024-11-01,FY_24-25,Metro Cash & Carry India Pvt Ltd-(DC10)-T0SM,Direct,Metro-CNC-RRL,South-1,Karnataka,The Derma Co,60000.0,100000.0,100.0
Nov'24,2024-11-01,FY_24-25,Metro Cash & Carry India Pvt Ltd-(DC11)-T0SL,Direct,Metro-CNC-RRL,South-1,Karnataka,Aqualogica,-50000.0,-80000.0,100.0
Nov'24,2024-11-01,FY_24-25,Metro Cash & Carry India Pvt Ltd-(DC11)-T0SL,Direct,Metro-CNC-RRL,South-1,Karnataka,BBlunt,20000.0,30000.0,100.0
Nov'24,2024-11-01,FY_24-25,Metro Cash & Carry India Pvt Ltd-(DC11)-T0SL,Direct,Metro-CNC-RRL,South-1,Karnataka,Mamaearth,60000.0,180000.0,100.0
Nov'24,2024-11-01,FY_24-25,Metro Cash & Carry India Pvt Ltd-(DC11)-T0SL,Direct,Metro-CNC-RRL,South-1,Karnataka,The Derma Co,0.0,0.0,100.0
Nov'24,2024-11-01,FY_24-25,Metro Cash & Carry India Pvt Ltd-(DC12)-T0QX,Direct,Metro-CNC-RRL,South-2,Telangana,Aqualogica,-20000.0,-20000.0,100.0
Nov'24,2024-11-01,FY_24-25,Metro Cash & Carry India Pvt Ltd-(DC12)-T0QX,Direct,Metro-CNC-RRL,South-2,Telangana,BBlunt,0.0,-10000.0,100.0
Nov'24,2024-11-01,FY_24-25,Metro Cash & Carry India Pvt Ltd-(DC12)-T0QX,Direct,Metro-CNC-RRL,South-2,Telangana,Mamaearth,-20000.0,-30000.0,100.0
Nov'24,2024-11-01,FY_24-25,Metro Cash & Carry India Pvt Ltd-(DC12)-T0QX,Direct,Metro-CNC-RRL,South-2,Telangana,The Derma Co,20000.0,30000.0,100.0
Nov'24,2024-11-01,FY_24-25,Metro Cash & Carry India Pvt Ltd-(DC15)-T0QY,Direct,Metro-CNC-RRL,South-2,Telangana,Mamaearth,130000.0,240000.0,100.0
Nov'24,2024-11-01,FY_24-25,Metro Cash & Carry India Pvt Ltd-(DC16)-T0QZ,Direct,Metro-CNC-RRL,South-2,Telangana,BBlunt,-20000.0,-30000.0,100.0
Nov'24,2024-11-01,FY_24-25,Metro Cash & Carry India Pvt Ltd-(DC16)-T0QZ,Direct,Metro-CNC-RRL,South-2,Telangana,Mamaearth,260000.0,520000.0,100.0
Nov'24,2024-11-01,FY_24-25,Metro Cash & Carry India Pvt Ltd-(DC17)-T0QT,Direct,Metro-CNC-RRL,South-2,Andhra Pradesh,Mamaearth,20000.0,30000.0,100.0
Nov'24,2024-11-01,FY_24-25,Metro Cash & Carry India Pvt Ltd-(DC20)-T0RK,Direct,Metro-CNC-RRL,West,Mumbai,Mamaearth,-150000.0,-250000.0,100.0
Nov'24,2024-11-01,FY_24-25,Metro Cash & Carry India Pvt Ltd-(DC23)-T0RL,Direct,Metro-CNC-RRL,West,Mumbai,Aqualogica,40000.0,60000.0,100.0
Nov'24,2024-11-01,FY_24-25,Metro Cash & Carry India Pvt Ltd-(DC23)-T0RL,Direct,Metro-CNC-RRL,West,Mumbai,BBlunt,30000.0,50000.0,100.0
Nov'24,2024-11-01,FY_24-25,Metro Cash & Carry India Pvt Ltd-(DC23)-T0RL,Direct,Metro-CNC-RRL,West,Mumbai,Mamaearth,150000.0,300000.0,100.0
Nov'24,2024-11-01,FY_24-25,Metro Cash & Carry India Pvt Ltd-(DC23)-T0RL,Direct,Metro-CNC-RRL,West,Mumbai,The Derma Co,80000.0,130000.0,100.0
Nov'24,2024-11-01,FY_24-25,Metro Cash & Carry India Pvt Ltd-(DC24)-T0RJ,Direct,Metro-CNC-RRL,North,Madhya Pradesh,BBlunt,0.0,10000.0,100.0
Nov'24,2024-11-01,FY_24-25,Metro Cash & Carry India Pvt Ltd-(DC24)-T0RJ,Direct,Metro-CNC-RRL,North,Madhya Pradesh,Mamaearth,70000.0,150000.0,100.0
Nov'24,2024-11-01,FY_24-25,Metro Cash & Carry India Pvt Ltd-(DC25)-T0RB,Direct,Metro-CNC-RRL,West,Gujarat,Mamaearth,30000.0,70000.0,100.0
Nov'24,2024-11-01,FY_24-25,Metro Cash & Carry India Pvt Ltd-(DC26)-T0SP,Direct,Metro-CNC-RRL,South-1,Karnataka,Aqualogica,0.0,-10000.0,100.0
Nov'24,2024-11-01,FY_24-25,Metro Cash & Carry India Pvt Ltd-(DC26)-T0SP,Direct,Metro-CNC-RRL,South-1,Karnataka,BBlunt,10000.0,20000.0,100.0
Nov'24,2024-11-01,FY_24-25,Metro Cash & Carry India Pvt Ltd-(DC26)-T0SP,Direct,Metro-CNC-RRL,South-1,Karnataka,Mamaearth,30000.0,80000.0,100.0
Nov'24,2024-11-01,FY_24-25,Metro Cash & Carry India Pvt Ltd-(DC26)-T0SP,Direct,Metro-CNC-RRL,South-1,Karnataka,The Derma Co,40000.0,60000.0,100.0
Nov'24,2024-11-01,FY_24-25,Metro Cash & Carry India Pvt Ltd-(DC28)-T0RF,Direct,Metro-CNC-RRL,West,Gujarat,Mamaearth,30000.0,60000.0,100.0
Nov'24,2024-11-01,FY_24-25,Metro Cash & Carry India Pvt Ltd-(DC29)-T0RA,Direct,Metro-CNC-RRL,South-2,Telangana,BBlunt,-30000.0,-40000.0,100.0
Nov'24,2024-11-01,FY_24-25,Metro Cash & Carry India Pvt Ltd-(DC29)-T0RA,Direct,Metro-CNC-RRL,South-2,Telangana,Mamaearth,-40000.0,-110000.0,100.0
Nov'24,2024-11-01,FY_24-25,Metro Cash & Carry India Pvt Ltd-(DC30)-T0RM,Direct,Metro-CNC-RRL,West,Pune,Mamaearth,70000.0,140000.0,100.0
Nov'24,2024-11-01,FY_24-25,Metro Cash & Carry India Pvt Ltd-(DC32)-T0QU,Direct,Metro-CNC-RRL,North,UPW,Mamaearth,20000.0,40000.0,100.0
Nov'24,2024-11-01,FY_24-25,Metro Cash & Carry India Pvt Ltd-(DC36)-T0RH,Direct,Metro-CNC-RRL,South-2,Andhra Pradesh,BBlunt,0.0,0.0,100.0
Nov'24,2024-11-01,FY_24-25,Metro Cash & Carry India Pvt Ltd-(DC37)-T0RD,Direct,Metro-CNC-RRL,South-2,Andhra Pradesh,BBlunt,0.0,10000.0,100.0
Nov'24,2024-11-01,FY_24-25,Metro Cash & Carry India Pvt Ltd-(DC37)-T0RD,Direct,Metro-CNC-RRL,South-2,Andhra Pradesh,Mamaearth,-10000.0,-20000.0,100.0
Nov'24,2024-11-01,FY_24-25,Metro Cash & Carry India Pvt Ltd-(DC43)-T2YF,Direct,Metro-CNC-RRL,North,Punjab,Aqualogica,-480000.0,-750000.0,100.0
Nov'24,2024-11-01,FY_24-25,Metro Cash & Carry India Pvt Ltd-(DC45)-T0RE,Direct,Metro-CNC-RRL,North,Rajasthan,BBlunt,10000.0,10000.0,100.0
Nov'24,2024-11-01,FY_24-25,Metro Cash & Carry India Pvt Ltd-(DC45)-T0RE,Direct,Metro-CNC-RRL,North,Rajasthan,Mamaearth,-10000.0,-10000.0,100.0
Nov'24,2024-11-01,FY_24-25,Metro Cash & Carry India Pvt Ltd-(DC46)-T0RC,Direct,Metro-CNC-RRL,North,Delhi,Aqualogica,40000.0,60000.0,100.0
Nov'24,2024-11-01,FY_24-25,Metro Cash & Carry India Pvt Ltd-(DC46)-T0RC,Direct,Metro-CNC-RRL,North,Delhi,BBlunt,60000.0,90000.0,100.0
Nov'24,2024-11-01,FY_24-25,Metro Cash & Carry India Pvt Ltd-(DC46)-T0RC,Direct,Metro-CNC-RRL,North,Delhi,Mamaearth,200000.0,420000.0,100.0
Nov'24,2024-11-01,FY_24-25,Metro Cash & Carry India Pvt Ltd-(DC52)-T0RI,Direct,Metro-CNC-RRL,North,Delhi,Mamaearth,100000.0,230000.0,100.0
Nov'24,2024-11-01,FY_24-25,Metro Cash & Carry India Pvt Ltd-(DC53)-T0QV,Direct,Metro-CNC-RRL,North,Lucknow_UPE,BBlunt,20000.0,20000.0,100.0
Nov'24,2024-11-01,FY_24-25,Metro Cash & Carry India Pvt Ltd-(DC53)-T0QV,Direct,Metro-CNC-RRL,North,Lucknow_UPE,Mamaearth,-10000.0,-20000.0,100.0
Nov'24,2024-11-01,FY_24-25,Metro Cash & Carry India Pvt Ltd-(DC54)-T0QW,Direct,Metro-CNC-RRL,North,UPW,Mamaearth,30000.0,60000.0,100.0
Nov'24,2024-11-01,FY_24-25,Metro Cash & Carry India Pvt Ltd-(DC60)-T0QS,Direct,Metro-CNC-RRL,East,West Bengal,Aqualogica,30000.0,40000.0,100.0
Nov'24,2024-11-01,FY_24-25,Metro Cash & Carry India Pvt Ltd-(DC60)-T0QS,Direct,Metro-CNC-RRL,East,West Bengal,BBlunt,0.0,10000.0,100.0
Nov'24,2024-11-01,FY_24-25,Metro Cash & Carry India Pvt Ltd-(DC60)-T0QS,Direct,Metro-CNC-RRL,East,West Bengal,Mamaearth,-50000.0,-80000.0,100.0
Nov'24,2024-11-01,FY_24-25,Metro Cash & Carry India Pvt Ltd-(DC60)-T0QS,Direct,Metro-CNC-RRL,East,West Bengal,The Derma Co,30000.0,40000.0,100.0
Nov'24,2024-11-01,FY_24-25,Metro Cash & Carry India Pvt Ltd_DC33(T0SQ),Direct,Metro-CNC-RRL,South-1,Karnataka,Mamaearth,30000.0,50000.0,100.0
Nov'24,2024-11-01,FY_24-25,Metro Cash & Carry India Pvt Ltd_T2FM,Direct,Metro-CNC-RRL,West,Mumbai,Aqualogica,100000.0,160000.0,100.0
Nov'24,2024-11-01,FY_24-25,Metro Cash & Carry India Pvt Ltd_T2FM,Direct,Metro-CNC-RRL,West,Mumbai,BBlunt,10000.0,20000.0,100.0
Nov'24,2024-11-01,FY_24-25,Metro Cash & Carry India Pvt Ltd_T2FM,Direct,Metro-CNC-RRL,West,Mumbai,Mamaearth,70000.0,160000.0,100.0
Nov'24,2024-11-01,FY_24-25,Metro Cash & Carry India Pvt Ltd_T2FM,Direct,Metro-CNC-RRL,West,Mumbai,The Derma Co,130000.0,200000.0,100.0
Nov'24,2024-11-01,FY_24-25,Reliance Retail Limited Ce08,Direct,Reliance Retail,East,Jharkhand,Aqualogica,20000.0,30000.0,100.0
Nov'24,2024-11-01,FY_24-25,Reliance Retail Limited Ce08,Direct,Reliance Retail,East,Jharkhand,Mamaearth,1360000.0,3430000.0,100.0
Nov'24,2024-11-01,FY_24-25,Reliance Retail Limited Cf08,Direct,Reliance Retail,West,Mumbai,Aqualogica,30000.0,40000.0,100.0
Nov'24,2024-11-01,FY_24-25,Reliance Retail Limited Cf08,Direct,Reliance Retail,West,Mumbai,Mamaearth,650000.0,1460000.0,100.0
Nov'24,2024-11-01,FY_24-25,Reliance Retail Limited Ea08,Direct,Reliance Retail,North,Haryana,Mamaearth,340000.0,840000.0,100.0
Nov'24,2024-11-01,FY_24-25,Reliance Retail Limited Fb08,Direct,Reliance Retail,North,Punjab,Mamaearth,850000.0,2000000.0,100.0
Nov'24,2024-11-01,FY_24-25,Reliance Retail Limited Fb08,Direct,Reliance Retail,North,Punjab,The Derma Co,40000.0,70000.0,100.0
Nov'24,2024-11-01,FY_24-25,Reliance Retail Limited Fd08,Direct,Reliance Retail,South-1,Karnataka,Mamaearth,90000.0,200000.0,100.0
Nov'24,2024-11-01,FY_24-25,Reliance Retail Limited R426,Direct,Reliance Retail,East,West Bengal,Mamaearth,-10000.0,-30000.0,100.0
Nov'24,2024-11-01,FY_24-25,Reliance Retail Limited R468,Direct,Reliance Retail,South-2,Andhra Pradesh,Mamaearth,-60000.0,-140000.0,100.0
Nov'24,2024-11-01,FY_24-25,Reliance Retail Limited R701,Direct,Reliance Retail,West,Gujarat,Aqualogica,20000.0,30000.0,100.0
Nov'24,2024-11-01,FY_24-25,Reliance Retail Limited R701,Direct,Reliance Retail,West,Gujarat,Mamaearth,1410000.0,3350000.0,100.0
Nov'24,2024-11-01,FY_24-25,Reliance Retail Limited R703,Direct,Reliance Retail,South-1,Tamil Nadu,Mamaearth,40000.0,90000.0,100.0
Nov'24,2024-11-01,FY_24-25,Reliance Retail Limited R801,Direct,Reliance Retail,East,Orissa,Mamaearth,1090000.0,2160000.0,100.0
Nov'24,2024-11-01,FY_24-25,Reliance Retail Limited Sc79,Direct,Reliance Retail,West,Mumbai,Mamaearth,50000.0,-160000.0,100.0
Nov'24,2024-11-01,FY_24-25,Reliance Retail Limited_2302,Direct,Reliance Retail,East,Jharkhand,Mamaearth,90000.0,160000.0,100.0
Nov'24,2024-11-01,FY_24-25,Reliance Retail Limited_2364,Direct,Reliance Retail,North,Haryana,Mamaearth,70000.0,120000.0,100.0
Nov'24,2024-11-01,FY_24-25,Reliance Retail Limited_3210,Direct,Reliance Retail,North,Madhya Pradesh,Mamaearth,60000.0,100000.0,100.0
Nov'24,2024-11-01,FY_24-25,Reliance Retail Limited_6209,Direct,Reliance Retail,West,Pune,Mamaearth,60000.0,110000.0,100.0
Nov'24,2024-11-01,FY_24-25,Reliance Retail Limited_6221,Direct,Reliance Retail,West,Mumbai,Mamaearth,60000.0,100000.0,100.0
Nov'24,2024-11-01,FY_24-25,Reliance Retail Limited_6717,Direct,Reliance Retail,North,Rajasthan,Mamaearth,70000.0,130000.0,100.0
Nov'24,2024-11-01,FY_24-25,Reliance Retail Limited_6719,Direct,Reliance Retail,West,Pune,Mamaearth,70000.0,120000.0,100.0
Nov'24,2024-11-01,FY_24-25,Reliance Retail Limited_6722,Direct,Reliance Retail,North,Delhi,Mamaearth,60000.0,100000.0,100.0
Nov'24,2024-11-01,FY_24-25,Reliance Retail Limited_6727,Direct,Reliance Retail,North,Haryana,Mamaearth,70000.0,110000.0,100.0
Nov'24,2024-11-01,FY_24-25,Reliance Retail Limited_Cy08-Kerala,Direct,Reliance Retail,South-1,Kerala,Mamaearth,90000.0,120000.0,100.0
Nov'24,2024-11-01,FY_24-25,Reliance Retail Limited_FR00,Direct,Reliance Retail,West,Mumbai,Mamaearth,70000.0,120000.0,100.0
Nov'24,2024-11-01,FY_24-25,Reliance Retail Limited_FR02,Direct,Reliance Retail,West,Mumbai,Mamaearth,80000.0,130000.0,100.0
Nov'24,2024-11-01,FY_24-25,Reliance Retail Limited_FR03,Direct,Reliance Retail,West,Mumbai,Mamaearth,50000.0,80000.0,100.0
Nov'24,2024-11-01,FY_24-25,Reliance Retail Limited_FR10,Direct,Reliance Retail,West,Mumbai,Mamaearth,70000.0,120000.0,100.0
Nov'24,2024-11-01,FY_24-25,Reliance Retail Limited_FR30,Direct,Reliance Retail,North,Madhya Pradesh,Mamaearth,60000.0,100000.0,100.0
Nov'24,2024-11-01,FY_24-25,Reliance Retail Limited_FR60,Direct,Reliance Retail,West,Gujarat,Mamaearth,80000.0,130000.0,100.0
Nov'24,2024-11-01,FY_24-25,Reliance Retail Limited_FR62,Direct,Reliance Retail,East,Orissa,BBlunt,0.0,0.0,100.0
Nov'24,2024-11-01,FY_24-25,Reliance Retail Limited_FR62,Direct,Reliance Retail,East,Orissa,Mamaearth,60000.0,110000.0,100.0
Nov'24,2024-11-01,FY_24-25,Reliance Retail Limited_FR62,Direct,Reliance Retail,East,Orissa,The Derma Co,0.0,0.0,100.0
Nov'24,2024-11-01,FY_24-25,Reliance Retail Limited_FR64,Direct,Reliance Retail,East,Orissa,Mamaearth,20000.0,40000.0,100.0
Nov'24,2024-11-01,FY_24-25,Reliance Retail Limited_FR76,Direct,Reliance Retail,East,West Bengal,Aqualogica,10000.0,20000.0,100.0
Nov'24,2024-11-01,FY_24-25,Reliance Retail Limited_FR76,Direct,Reliance Retail,East,West Bengal,BBlunt,10000.0,10000.0,100.0
Nov'24,2024-11-01,FY_24-25,Reliance Retail Limited_FR76,Direct,Reliance Retail,East,West Bengal,Mamaearth,70000.0,120000.0,100.0
Nov'24,2024-11-01,FY_24-25,Reliance Retail Limited_FR76,Direct,Reliance Retail,East,West Bengal,The Derma Co,10000.0,20000.0,100.0
Nov'24,2024-11-01,FY_24-25,Reliance Retail Limited_Fr87,Direct,Reliance Retail,North,Haryana,Aqualogica,20000.0,30000.0,100.0
Nov'24,2024-11-01,FY_24-25,Reliance Retail Limited_Fr87,Direct,Reliance Retail,North,Haryana,Mamaearth,2860000.0,7100000.0,100.0
Nov'24,2024-11-01,FY_24-25,Reliance Retail Limited_Fr89,Direct,Reliance Retail,North,UPW,Mamaearth,150000.0,310000.0,100.0
Nov'24,2024-11-01,FY_24-25,Reliance Retail Limited_FRAQ,Direct,Reliance Retail,East,Jharkhand,Mamaearth,70000.0,120000.0,100.0
Nov'24,2024-11-01,FY_24-25,Reliance Retail Limited_Fraz,Direct,Reliance Retail,North,Punjab,Mamaearth,440000.0,890000.0,100.0
Nov'24,2024-11-01,FY_24-25,Reliance Retail Limited_FRBD,Direct,Reliance Retail,North,Punjab,Mamaearth,80000.0,130000.0,100.0
Nov'24,2024-11-01,FY_24-25,Reliance Retail Limited_FRBR,Direct,Reliance Retail,East,West Bengal,Mamaearth,20000.0,30000.0,100.0
Nov'24,2024-11-01,FY_24-25,Reliance Retail Limited_FRBS,Direct,Reliance Retail,East,West Bengal,BBlunt,0.0,0.0,100.0
Nov'24,2024-11-01,FY_24-25,Reliance Retail Limited_FRBS,Direct,Reliance Retail,East,West Bengal,Mamaearth,70000.0,120000.0,100.0
Nov'24,2024-11-01,FY_24-25,Reliance Retail Limited_FRBS,Direct,Reliance Retail,East,West Bengal,The Derma Co,0.0,0.0,100.0
Nov'24,2024-11-01,FY_24-25,Reliance Retail Limited_FRBU,Direct,Reliance Retail,East,West Bengal,BBlunt,0.0,10000.0,100.0
Nov'24,2024-11-01,FY_24-25,Reliance Retail Limited_FRBU,Direct,Reliance Retail,East,West Bengal,Mamaearth,60000.0,110000.0,100.0
Nov'24,2024-11-01,FY_24-25,Reliance Retail Limited_FRBU,Direct,Reliance Retail,East,West Bengal,The Derma Co,0.0,10000.0,100.0
Nov'24,2024-11-01,FY_24-25,Reliance Retail Limited_FRBW,Direct,Reliance Retail,East,West Bengal,Mamaearth,70000.0,110000.0,100.0
Nov'24,2024-11-01,FY_24-25,Reliance Retail Limited_FRCG,Direct,Reliance Retail,East,West Bengal,Mamaearth,60000.0,110000.0,100.0
Nov'24,2024-11-01,FY_24-25,Reliance Retail Limited_FRCH,Direct,Reliance Retail,East,West Bengal,Mamaearth,70000.0,120000.0,100.0
Nov'24,2024-11-01,FY_24-25,Reliance Retail Limited_FRCJ,Direct,Reliance Retail,East,West Bengal,Mamaearth,70000.0,120000.0,100.0
Nov'24,2024-11-01,FY_24-25,Reliance Retail Limited_FRCP,Direct,Reliance Retail,North,Haryana,Aqualogica,0.0,0.0,100.0
Nov'24,2024-11-01,FY_24-25,Reliance Retail Limited_FRCP,Direct,Reliance Retail,North,Haryana,BBlunt,10000.0,10000.0,100.0
Nov'24,2024-11-01,FY_24-25,Reliance Retail Limited_FRCP,Direct,Reliance Retail,North,Haryana,The Derma Co,0.0,10000.0,100.0
Nov'24,2024-11-01,FY_24-25,Reliance Retail Limited_FRCQ,Direct,Reliance Retail,North,Haryana,Mamaearth,50000.0,90000.0,100.0
Nov'24,2024-11-01,FY_24-25,Reliance Retail Limited_FRCS,Direct,Reliance Retail,North,Delhi,Mamaearth,60000.0,100000.0,100.0
Nov'24,2024-11-01,FY_24-25,Reliance Retail Limited_FRDA,Direct,Reliance Retail,North,Delhi,Mamaearth,60000.0,100000.0,100.0
Nov'24,2024-11-01,FY_24-25,Reliance Retail Limited_FRDB,Direct,Reliance Retail,North,Delhi,Aqualogica,0.0,0.0,100.0
Nov'24,2024-11-01,FY_24-25,Reliance Retail Limited_FRDB,Direct,Reliance Retail,North,Delhi,BBlunt,0.0,0.0,100.0
Nov'24,2024-11-01,FY_24-25,Reliance Retail Limited_FRDB,Direct,Reliance Retail,North,Delhi,Mamaearth,70000.0,120000.0,100.0
Nov'24,2024-11-01,FY_24-25,Reliance Retail Limited_FRDB,Direct,Reliance Retail,North,Delhi,The Derma Co,20000.0,30000.0,100.0
Nov'24,2024-11-01,FY_24-25,Reliance Retail Limited_FRDI,Direct,Reliance Retail,North,UPW,Mamaearth,60000.0,100000.0,100.0
Nov'24,2024-11-01,FY_24-25,Reliance Retail Limited_FRDT,Direct,Reliance Retail,North,Rajasthan,Mamaearth,70000.0,120000.0,100.0
Nov'24,2024-11-01,FY_24-25,Reliance Retail Limited_FREM,Direct,Reliance Retail,North,Rajasthan,Mamaearth,70000.0,120000.0,100.0
Nov'24,2024-11-01,FY_24-25,Reliance Retail Limited_FRER,Direct,Reliance Retail,North,Rajasthan,Mamaearth,60000.0,100000.0,100.0
Nov'24,2024-11-01,FY_24-25,Reliance Retail Limited_FREX,Direct,Reliance Retail,North,Lucknow_UPE,Mamaearth,60000.0,100000.0,100.0
Nov'24,2024-11-01,FY_24-25,Reliance Retail Limited_FRFD,Direct,Reliance Retail,East,Orissa,Mamaearth,80000.0,130000.0,100.0
Nov'24,2024-11-01,FY_24-25,Reliance Retail Limited_FRFK,Direct,Reliance Retail,North,Lucknow_UPE,Mamaearth,50000.0,80000.0,100.0
Nov'24,2024-11-01,FY_24-25,Reliance Retail Limited_FRFR,Direct,Reliance Retail,North,Uttarakhand,Mamaearth,70000.0,120000.0,100.0
Nov'24,2024-11-01,FY_24-25,Reliance Retail Limited_FRFU,Direct,Reliance Retail,East,Bihar,Mamaearth,70000.0,120000.0,100.0
Nov'24,2024-11-01,FY_24-25,Reliance Retail Limited_FRFV,Direct,Reliance Retail,East,Bihar,Mamaearth,50000.0,80000.0,100.0
Nov'24,2024-11-01,FY_24-25,Reliance Retail Limited_FRGC,Direct,Reliance Retail,North,Lucknow_UPE,Mamaearth,60000.0,100000.0,100.0
Nov'24,2024-11-01,FY_24-25,Reliance Retail Limited_FRGK,Direct,Reliance Retail,North,Jammu,Mamaearth,60000.0,110000.0,100.0
Nov'24,2024-11-01,FY_24-25,Reliance Retail Limited_FRGM,Direct,Reliance Retail,West,Chattishgarh,Mamaearth,80000.0,130000.0,100.0
Nov'24,2024-11-01,FY_24-25,Reliance Retail Limited_FRHC,Direct,Reliance Retail,North,Lucknow_UPE,Mamaearth,60000.0,90000.0,100.0
Nov'24,2024-11-01,FY_24-25,Reliance Retail Limited_FRHF,Direct,Reliance Retail,North,Lucknow_UPE,Mamaearth,60000.0,110000.0,100.0
Nov'24,2024-11-01,FY_24-25,Reliance Retail Limited_FRHM,Direct,Reliance Retail,North,Madhya Pradesh,Mamaearth,60000.0,100000.0,100.0
Nov'24,2024-11-01,FY_24-25,Reliance Retail Limited_FRHR,Direct,Reliance Retail,North,Lucknow_UPE,Mamaearth,70000.0,120000.0,100.0
Nov'24,2024-11-01,FY_24-25,Reliance Retail Limited_Frhv,Direct,Reliance Retail,North,Lucknow_UPE,Mamaearth,1390000.0,3340000.0,100.0
Nov'24,2024-11-01,FY_24-25,RELIANCE RETAIL LIMITED_FRIA,Direct,Reliance Retail,East,Bihar,Mamaearth,590000.0,1400000.0,100.0
Nov'24,2024-11-01,FY_24-25,Reliance Retail Limited_FRLF,Direct,Reliance Retail,East,West Bengal,Mamaearth,80000.0,130000.0,100.0
Nov'24,2024-11-01,FY_24-25,Reliance Retail Limited_S0IX,Direct,Reliance Retail,West,Pune,Mamaearth,120000.0,380000.0,100.0
Nov'24,2024-11-01,FY_24-25,Reliance Retail Limited_S0XE,Direct,Reliance Retail,South-1,Kerala,Mamaearth,440000.0,1030000.0,100.0
Nov'24,2024-11-01,FY_24-25,Reliance Retail Limited_SAHO,Direct,Reliance Retail,South-1,Tamil Nadu,Mamaearth,-20000.0,50000.0,100.0
Nov'24,2024-11-01,FY_24-25,Reliance Retail Limited_SAOS,Direct,Reliance Retail,East,West Bengal,Mamaearth,740000.0,1750000.0,100.0
Nov'24,2024-11-01,FY_24-25,Reliance Retail Limited_Sb01,Direct,Reliance Retail,West,Mumbai,Mamaearth,500000.0,1110000.0,100.0
Nov'24,2024-11-01,FY_24-25,RELIANCE RETAIL LIMITED_SF52,Direct,Reliance Retail,South-1,Tamil Nadu,Mamaearth,-60000.0,-120000.0,100.0
Nov'24,2024-11-01,FY_24-25,Reliance Retail Limited_Sk8I,Direct,Reliance Retail,North,Uttarakhand,Mamaearth,110000.0,240000.0,100.0
Nov'24,2024-11-01,FY_24-25,Reliance Retail Limited_SL6S,Direct,Reliance Retail,North,Rajasthan,Mamaearth,60000.0,120000.0,100.0
Nov'24,2024-11-01,FY_24-25,Reliance Retail Limited_SZ9J,Direct,Reliance Retail,North,Madhya Pradesh,Mamaearth,100000.0,230000.0,100.0
Nov'24,2024-11-01,FY_24-25,Reliance Retail Limited_T62I,Direct,Reliance Retail,West,Chattishgarh,Mamaearth,70000.0,110000.0,100.0
Nov'24,2024-11-01,FY_24-25,Reliance Retail Limited_T946,Direct,Reliance Retail,North,Rajasthan,Mamaearth,70000.0,110000.0,100.0
Nov'24,2024-11-01,FY_24-25,Reliance Retail Limited_TB15,Direct,Reliance Retail,North,Madhya Pradesh,Mamaearth,50000.0,90000.0,100.0
Nov'24,2024-11-01,FY_24-25,Reliance Retail Limited_TDC7,Direct,Reliance Retail,East,Orissa,Mamaearth,60000.0,110000.0,100.0
Nov'24,2024-11-01,FY_24-25,Reliance Retail Limited_TDE3,Direct,Reliance Retail,West,Pune,Mamaearth,60000.0,100000.0,100.0
Nov'24,2024-11-01,FY_24-25,Reliance Retail Limited_TFY8,Direct,Reliance Retail,North,Madhya Pradesh,Mamaearth,70000.0,130000.0,100.0
Nov'24,2024-11-01,FY_24-25,Reliance Retail Limited_TG87,Direct,Reliance Retail,South-1,Kerala,Mamaearth,70000.0,110000.0,100.0
Nov'24,2024-11-01,FY_24-25,Reliance Retail Limited_TK48,Direct,Reliance Retail,East,Jharkhand,Mamaearth,70000.0,120000.0,100.0
Nov'24,2024-11-01,FY_24-25,Reliance Retail Limited_TMW7,Direct,Reliance Retail,West,Mumbai,Mamaearth,80000.0,130000.0,100.0
Nov'24,2024-11-01,FY_24-25,Reliance Retail Limited_TMZ5,Direct,Reliance Retail,East,West Bengal,Mamaearth,60000.0,100000.0,100.0
Nov'24,2024-11-01,FY_24-25,Reliance Retail Limited_TN55,Direct,Reliance Retail,East,West Bengal,Mamaearth,70000.0,120000.0,100.0
Nov'24,2024-11-01,FY_24-25,Reliance Retail Limited_TN56,Direct,Reliance Retail,East,Orissa,Mamaearth,60000.0,110000.0,100.0
Nov'24,2024-11-01,FY_24-25,Reliance Retail Limited_TNB7,Direct,Reliance Retail,West,Chattishgarh,Mamaearth,70000.0,110000.0,100.0
Nov'24,2024-11-01,FY_24-25,Reliance Retail Limited_TNC1,Direct,Reliance Retail,North,Uttarakhand,Mamaearth,-20000.0,-30000.0,100.0
Nov'24,2024-11-01,FY_24-25,Reliance Retail Limited_TNC8,Direct,Reliance Retail,South-1,Karnataka,Mamaearth,80000.0,130000.0,100.0
Nov'24,2024-11-01,FY_24-25,Reliance Retail Limited_TND0,Direct,Reliance Retail,South-1,Karnataka,Mamaearth,40000.0,70000.0,100.0
Nov'24,2024-11-01,FY_24-25,Reliance Retail Limited_TNE3,Direct,Reliance Retail,North,Uttarakhand,Mamaearth,60000.0,100000.0,100.0
Nov'24,2024-11-01,FY_24-25,Reliance Retail Limited_TNP8,Direct,Reliance Retail,West,Pune,Mamaearth,40000.0,70000.0,100.0
Nov'24,2024-11-01,FY_24-25,Reliance Retail Limited_TO20,Direct,Reliance Retail,North,Madhya Pradesh,Mamaearth,60000.0,110000.0,100.0
Nov'24,2024-11-01,FY_24-25,Reliance Retail Limited_TOJ6,Direct,Reliance Retail,West,Mumbai,Mamaearth,70000.0,120000.0,100.0
Nov'24,2024-11-01,FY_24-25,Reliance Retail Limited_TP05,Direct,Reliance Retail,North,Haryana,Mamaearth,60000.0,100000.0,100.0
Nov'24,2024-11-01,FY_24-25,Reliance Retail Limited_TQ21,Direct,Reliance Retail,West,Mumbai,Mamaearth,70000.0,110000.0,100.0
Nov'24,2024-11-01,FY_24-25,Reliance Retail Limited_TQ22,Direct,Reliance Retail,East,West Bengal,Mamaearth,60000.0,110000.0,100.0
Nov'24,2024-11-01,FY_24-25,Reliance Retail Limited_TU21,Direct,Reliance Retail,North,Delhi,Mamaearth,50000.0,90000.0,100.0
Nov'24,2024-11-01,FY_24-25,Reliance Retail Limited_TW60,Direct,Reliance Retail,East,Orissa,Mamaearth,-20000.0,-30000.0,100.0
Nov'24,2024-11-01,FY_24-25,Reliance Retail Limited-2956,Direct,Reliance Retail,East,Jharkhand,Mamaearth,70000.0,120000.0,100.0
Nov'24,2024-11-01,FY_24-25,Reliance Retail Limited-2959,Direct,Reliance Retail,East,Orissa,Mamaearth,-250000.0,-420000.0,100.0
Nov'24,2024-11-01,FY_24-25,Reliance Retail Limited-6202,Direct,Reliance Retail,West,Gujarat,Aqualogica,0.0,0.0,100.0
Nov'24,2024-11-01,FY_24-25,Reliance Retail Limited-6202,Direct,Reliance Retail,West,Gujarat,BBlunt,0.0,10000.0,100.0
Nov'24,2024-11-01,FY_24-25,Reliance Retail Limited-6202,Direct,Reliance Retail,West,Gujarat,Mamaearth,70000.0,120000.0,100.0
Nov'24,2024-11-01,FY_24-25,Reliance Retail Limited-6202,Direct,Reliance Retail,West,Gujarat,The Derma Co,10000.0,10000.0,100.0
Nov'24,2024-11-01,FY_24-25,Reliance Retail Limited-6205,Direct,Reliance Retail,North,Haryana,Aqualogica,10000.0,10000.0,100.0
Nov'24,2024-11-01,FY_24-25,Reliance Retail Limited-6205,Direct,Reliance Retail,North,Haryana,BBlunt,20000.0,30000.0,100.0
Nov'24,2024-11-01,FY_24-25,Reliance Retail Limited-6205,Direct,Reliance Retail,North,Haryana,Mamaearth,100000.0,160000.0,100.0
Nov'24,2024-11-01,FY_24-25,Reliance Retail Limited-6205,Direct,Reliance Retail,North,Haryana,The Derma Co,30000.0,50000.0,100.0
Nov'24,2024-11-01,FY_24-25,Reliance Retail Limited-6206,Direct,Reliance Retail,East,Jharkhand,Mamaearth,60000.0,100000.0,100.0
Nov'24,2024-11-01,FY_24-25,Reliance Retail Limited-6208,Direct,Reliance Retail,West,Pune,Aqualogica,0.0,0.0,100.0
Nov'24,2024-11-01,FY_24-25,Reliance Retail Limited-6208,Direct,Reliance Retail,West,Pune,Mamaearth,70000.0,120000.0,100.0
Nov'24,2024-11-01,FY_24-25,Reliance Retail Limited-6208,Direct,Reliance Retail,West,Pune,The Derma Co,0.0,0.0,100.0
Nov'24,2024-11-01,FY_24-25,Reliance Retail Limited-6210,Direct,Reliance Retail,West,Mumbai,Mamaearth,80000.0,130000.0,100.0
Nov'24,2024-11-01,FY_24-25,Reliance Retail Limited-6217,Direct,Reliance Retail,West,Mumbai,Aqualogica,20000.0,30000.0,100.0
Nov'24,2024-11-01,FY_24-25,Reliance Retail Limited-6217,Direct,Reliance Retail,West,Mumbai,Mamaearth,90000.0,150000.0,100.0
Nov'24,2024-11-01,FY_24-25,Reliance Retail Limited-6219,Direct,Reliance Retail,West,Pune,Mamaearth,80000.0,140000.0,100.0
Nov'24,2024-11-01,FY_24-25,Reliance Retail Limited-6220,Direct,Reliance Retail,West,Mumbai,Mamaearth,60000.0,100000.0,100.0
Nov'24,2024-11-01,FY_24-25,Reliance Retail Limited-6224,Direct,Reliance Retail,East,Orissa,Aqualogica,40000.0,60000.0,100.0
Nov'24,2024-11-01,FY_24-25,Reliance Retail Limited-6224,Direct,Reliance Retail,East,Orissa,Mamaearth,50000.0,80000.0,100.0
Nov'24,2024-11-01,FY_24-25,Reliance Retail Limited-6225,Direct,Reliance Retail,South-1,Karnataka,Mamaearth,0.0,10000.0,100.0
Nov'24,2024-11-01,FY_24-25,Reliance Retail Limited-6239,Direct,Reliance Retail,North,Delhi,Aqualogica,0.0,0.0,100.0
Nov'24,2024-11-01,FY_24-25,Reliance Retail Limited-6239,Direct,Reliance Retail,North,Delhi,Mamaearth,0.0,10000.0,100.0
Nov'24,2024-11-01,FY_24-25,Reliance Retail Limited-6239,Direct,Reliance Retail,North,Delhi,The Derma Co,0.0,0.0,100.0
Nov'24,2024-11-01,FY_24-25,Reliance Retail Limited-6703,Direct,Reliance Retail,West,Gujarat,Mamaearth,60000.0,110000.0,100.0
Nov'24,2024-11-01,FY_24-25,Reliance Retail Limited-6726,Direct,Reliance Retail,North,Rajasthan,Mamaearth,50000.0,80000.0,100.0
Nov'24,2024-11-01,FY_24-25,RELIANCE RETAIL LIMITED-Badli,Direct,Reliance Retail,North,Haryana,Mamaearth,890000.0,2060000.0,100.0
Nov'24,2024-11-01,FY_24-25,Reliance Retail Limited-FR04,Direct,Reliance Retail,West,Mumbai,Aqualogica,30000.0,40000.0,100.0
Nov'24,2024-11-01,FY_24-25,Reliance Retail Limited-FR04,Direct,Reliance Retail,West,Mumbai,Mamaearth,70000.0,110000.0,100.0
Nov'24,2024-11-01,FY_24-25,Reliance Retail Limited-FR08,Direct,Reliance Retail,West,Mumbai,Mamaearth,80000.0,130000.0,100.0
Nov'24,2024-11-01,FY_24-25,Reliance Retail Limited-FR15,Direct,Reliance Retail,West,Mumbai,Mamaearth,70000.0,120000.0,100.0
Nov'24,2024-11-01,FY_24-25,Reliance Retail Limited-FR22,Direct,Reliance Retail,West,Mumbai,Mamaearth,70000.0,120000.0,100.0
Nov'24,2024-11-01,FY_24-25,Reliance Retail Limited-FR23,Direct,Reliance Retail,West,Pune,Mamaearth,60000.0,100000.0,100.0
Nov'24,2024-11-01,FY_24-25,Reliance Retail Limited-FR45,Direct,Reliance Retail,South-1,Karnataka,BBlunt,10000.0,10000.0,100.0
Nov'24,2024-11-01,FY_24-25,Reliance Retail Limited-FR45,Direct,Reliance Retail,South-1,Karnataka,Mamaearth,70000.0,110000.0,100.0
Nov'24,2024-11-01,FY_24-25,Reliance Retail Limited-FR45,Direct,Reliance Retail,South-1,Karnataka,The Derma Co,10000.0,10000.0,100.0
Nov'24,2024-11-01,FY_24-25,Reliance Retail Limited-FR63,Direct,Reliance Retail,East,Orissa,Aqualogica,0.0,0.0,100.0
Nov'24,2024-11-01,FY_24-25,Reliance Retail Limited-FR63,Direct,Reliance Retail,East,Orissa,BBlunt,0.0,10000.0,100.0
Nov'24,2024-11-01,FY_24-25,Reliance Retail Limited-FR63,Direct,Reliance Retail,East,Orissa,Mamaearth,60000.0,100000.0,100.0
Nov'24,2024-11-01,FY_24-25,Reliance Retail Limited-FR63,Direct,Reliance Retail,East,Orissa,The Derma Co,0.0,10000.0,100.0
Nov'24,2024-11-01,FY_24-25,Reliance Retail Limited-FR67,Direct,Reliance Retail,East,Orissa,Mamaearth,120000.0,200000.0,100.0
Nov'24,2024-11-01,FY_24-25,Reliance Retail Limited-FR73,Direct,Reliance Retail,East,West Bengal,Aqualogica,0.0,0.0,100.0
Nov'24,2024-11-01,FY_24-25,Reliance Retail Limited-FR73,Direct,Reliance Retail,East,West Bengal,BBlunt,-10000.0,-20000.0,100.0
Nov'24,2024-11-01,FY_24-25,Reliance Retail Limited-FR73,Direct,Reliance Retail,East,West Bengal,Mamaearth,90000.0,150000.0,100.0
Nov'24,2024-11-01,FY_24-25,Reliance Retail Limited-FR73,Direct,Reliance Retail,East,West Bengal,The Derma Co,0.0,0.0,100.0
Nov'24,2024-11-01,FY_24-25,Reliance Retail Limited-FR74,Direct,Reliance Retail,East,West Bengal,Mamaearth,80000.0,130000.0,100.0
Nov'24,2024-11-01,FY_24-25,Reliance Retail Limited-FRAR,Direct,Reliance Retail,East,Jharkhand,Aqualogica,-30000.0,-50000.0,100.0
Nov'24,2024-11-01,FY_24-25,Reliance Retail Limited-FRAR,Direct,Reliance Retail,East,Jharkhand,BBlunt,0.0,0.0,100.0
Nov'24,2024-11-01,FY_24-25,Reliance Retail Limited-FRAR,Direct,Reliance Retail,East,Jharkhand,Mamaearth,40000.0,70000.0,100.0
Nov'24,2024-11-01,FY_24-25,Reliance Retail Limited-FRAR,Direct,Reliance Retail,East,Jharkhand,The Derma Co,-30000.0,-50000.0,100.0
Nov'24,2024-11-01,FY_24-25,Reliance Retail Limited-FRAU,Direct,Reliance Retail,East,Jharkhand,Aqualogica,0.0,0.0,100.0
Nov'24,2024-11-01,FY_24-25,Reliance Retail Limited-FRAU,Direct,Reliance Retail,East,Jharkhand,BBlunt,10000.0,20000.0,100.0
Nov'24,2024-11-01,FY_24-25,Reliance Retail Limited-FRAU,Direct,Reliance Retail,East,Jharkhand,Mamaearth,50000.0,90000.0,100.0
Nov'24,2024-11-01,FY_24-25,Reliance Retail Limited-FRAU,Direct,Reliance Retail,East,Jharkhand,The Derma Co,10000.0,10000.0,100.0
Nov'24,2024-11-01,FY_24-25,Reliance Retail Limited-FRBV,Direct,Reliance Retail,East,West Bengal,Aqualogica,10000.0,20000.0,100.0
Nov'24,2024-11-01,FY_24-25,Reliance Retail Limited-FRBV,Direct,Reliance Retail,East,West Bengal,BBlunt,10000.0,10000.0,100.0
Nov'24,2024-11-01,FY_24-25,Reliance Retail Limited-FRBV,Direct,Reliance Retail,East,West Bengal,Mamaearth,30000.0,50000.0,100.0
Nov'24,2024-11-01,FY_24-25,Reliance Retail Limited-FRBV,Direct,Reliance Retail,East,West Bengal,The Derma Co,10000.0,20000.0,100.0
Nov'24,2024-11-01,FY_24-25,Reliance Retail Limited-FRCA,Direct,Reliance Retail,East,West Bengal,Mamaearth,80000.0,130000.0,100.0
Nov'24,2024-11-01,FY_24-25,Reliance Retail Limited-FRCB,Direct,Reliance Retail,East,West Bengal,Aqualogica,0.0,0.0,100.0
Nov'24,2024-11-01,FY_24-25,Reliance Retail Limited-FRCB,Direct,Reliance Retail,East,West Bengal,BBlunt,0.0,10000.0,100.0
Nov'24,2024-11-01,FY_24-25,Reliance Retail Limited-FRCB,Direct,Reliance Retail,East,West Bengal,Mamaearth,60000.0,100000.0,100.0
Nov'24,2024-11-01,FY_24-25,Reliance Retail Limited-FRCB,Direct,Reliance Retail,East,West Bengal,The Derma Co,0.0,0.0,100.0
Nov'24,2024-11-01,FY_24-25,Reliance Retail Limited-FRCC,Direct,Reliance Retail,East,West Bengal,Aqualogica,10000.0,10000.0,100.0
Nov'24,2024-11-01,FY_24-25,Reliance Retail Limited-FRCC,Direct,Reliance Retail,East,West Bengal,BBlunt,10000.0,20000.0,100.0
Nov'24,2024-11-01,FY_24-25,Reliance Retail Limited-FRCC,Direct,Reliance Retail,East,West Bengal,Mamaearth,70000.0,110000.0,100.0
Nov'24,2024-11-01,FY_24-25,Reliance Retail Limited-FRCC,Direct,Reliance Retail,East,West Bengal,The Derma Co,10000.0,10000.0,100.0
Nov'24,2024-11-01,FY_24-25,Reliance Retail Limited-FRCF,Direct,Reliance Retail,East,West Bengal,Mamaearth,70000.0,120000.0,100.0
Nov'24,2024-11-01,FY_24-25,Reliance Retail Limited-FRCK,Direct,Reliance Retail,East,West Bengal,Aqualogica,0.0,0.0,100.0
Nov'24,2024-11-01,FY_24-25,Reliance Retail Limited-FRCK,Direct,Reliance Retail,East,West Bengal,BBlunt,20000.0,20000.0,100.0
Nov'24,2024-11-01,FY_24-25,Reliance Retail Limited-FRCK,Direct,Reliance Retail,East,West Bengal,Mamaearth,80000.0,130000.0,100.0
Nov'24,2024-11-01,FY_24-25,Reliance Retail Limited-FRCK,Direct,Reliance Retail,East,West Bengal,The Derma Co,20000.0,30000.0,100.0
Nov'24,2024-11-01,FY_24-25,Reliance Retail Limited-FRCL,Direct,Reliance Retail,East,West Bengal,Mamaearth,80000.0,130000.0,100.0
Nov'24,2024-11-01,FY_24-25,Reliance Retail Limited-FRCX,Direct,Reliance Retail,North,Delhi,Aqualogica,0.0,0.0,100.0
Nov'24,2024-11-01,FY_24-25,Reliance Retail Limited-FRCX,Direct,Reliance Retail,North,Delhi,Mamaearth,80000.0,140000.0,100.0
Nov'24,2024-11-01,FY_24-25,Reliance Retail Limited-FRCX,Direct,Reliance Retail,North,Delhi,The Derma Co,0.0,0.0,100.0
Nov'24,2024-11-01,FY_24-25,Reliance Retail Limited-FRDF,Direct,Reliance Retail,North,UPW,Mamaearth,70000.0,130000.0,100.0
Nov'24,2024-11-01,FY_24-25,Reliance Retail Limited-FRDJ,Direct,Reliance Retail,North,UPW,Mamaearth,60000.0,90000.0,100.0
Nov'24,2024-11-01,FY_24-25,Reliance Retail Limited-FRDM,Direct,Reliance Retail,North,UPW,Mamaearth,60000.0,100000.0,100.0
Nov'24,2024-11-01,FY_24-25,Reliance Retail Limited-FRDU,Direct,Reliance Retail,West,Gujarat,Mamaearth,30000.0,50000.0,100.0
Nov'24,2024-11-01,FY_24-25,Reliance Retail Limited-FRDV,Direct,Reliance Retail,West,Gujarat,Mamaearth,40000.0,60000.0,100.0
Nov'24,2024-11-01,FY_24-25,Reliance Retail Limited-FRDY,Direct,Reliance Retail,West,Gujarat,Mamaearth,60000.0,110000.0,100.0
Nov'24,2024-11-01,FY_24-25,Reliance Retail Limited-FRDZ,Direct,Reliance Retail,West,Gujarat,Mamaearth,80000.0,130000.0,100.0
Nov'24,2024-11-01,FY_24-25,Reliance Retail Limited-FREB,Direct,Reliance Retail,West,Gujarat,Mamaearth,70000.0,110000.0,100.0
Nov'24,2024-11-01,FY_24-25,RELIANCE RETAIL LIMITED-FREC,Direct,Reliance Retail,South-1,Karnataka,Mamaearth,1110000.0,2470000.0,100.0
Nov'24,2024-11-01,FY_24-25,RELIANCE RETAIL LIMITED-FREF,Direct,Reliance Retail,South-1,Tamil Nadu,Mamaearth,-20000.0,-60000.0,100.0
Nov'24,2024-11-01,FY_24-25,Reliance Retail Limited-FRFH,Direct,Reliance Retail,East,Tripura,BBlunt,0.0,0.0,100.0
Nov'24,2024-11-01,FY_24-25,Reliance Retail Limited-FRFH,Direct,Reliance Retail,East,Tripura,Mamaearth,-40000.0,-70000.0,100.0
Nov'24,2024-11-01,FY_24-25,Reliance Retail Limited-FRFH,Direct,Reliance Retail,East,Tripura,The Derma Co,-10000.0,-20000.0,100.0
Nov'24,2024-11-01,FY_24-25,Reliance Retail Limited-FRFP,Direct,Reliance Retail,East,Bihar,Mamaearth,80000.0,140000.0,100.0
Nov'24,2024-11-01,FY_24-25,Reliance Retail Limited-FRGN,Direct,Reliance Retail,West,Gujarat,Mamaearth,10000.0,10000.0,100.0
Nov'24,2024-11-01,FY_24-25,Reliance Retail Limited-FRGQ,Direct,Reliance Retail,North,Uttarakhand,Mamaearth,70000.0,120000.0,100.0
Nov'24,2024-11-01,FY_24-25,Reliance Retail Limited-FRGS,Direct,Reliance Retail,East,Bihar,Aqualogica,0.0,0.0,100.0
Nov'24,2024-11-01,FY_24-25,Reliance Retail Limited-FRGS,Direct,Reliance Retail,East,Bihar,BBlunt,10000.0,10000.0,100.0
Nov'24,2024-11-01,FY_24-25,Reliance Retail Limited-FRGS,Direct,Reliance Retail,East,Bihar,Mamaearth,80000.0,140000.0,100.0
Nov'24,2024-11-01,FY_24-25,Reliance Retail Limited-FRGS,Direct,Reliance Retail,East,Bihar,The Derma Co,0.0,10000.0,100.0
Nov'24,2024-11-01,FY_24-25,Reliance Retail Limited-FRHT,Direct,Reliance Retail,East,Bihar,Mamaearth,40000.0,60000.0,100.0
Nov'24,2024-11-01,FY_24-25,Reliance Retail Limited-S0GK,Direct,Reliance Retail,South-1,Kerala,Mamaearth,130000.0,200000.0,100.0
Nov'24,2024-11-01,FY_24-25,Reliance Retail Limited-S0KN,Direct,Reliance Retail,South-1,Karnataka,Aqualogica,-40000.0,-70000.0,100.0
Nov'24,2024-11-01,FY_24-25,Reliance Retail Limited-S0KN,Direct,Reliance Retail,South-1,Karnataka,Mamaearth,-390000.0,-870000.0,100.0
Nov'24,2024-11-01,FY_24-25,Reliance Retail Limited-SAAH,Direct,Reliance Retail,North,UPW,Mamaearth,770000.0,1810000.0,100.0
Nov'24,2024-11-01,FY_24-25,RELIANCE RETAIL LIMITED-SF92,Direct,Reliance Retail,East,West Bengal,Mamaearth,1390000.0,3640000.0,100.0
Nov'24,2024-11-01,FY_24-25,RELIANCE RETAIL LIMITED-SH65,Direct,Reliance Retail,West,Pune,Mamaearth,1140000.0,2830000.0,100.0
Nov'24,2024-11-01,FY_24-25,RELIANCE RETAIL LIMITED-SH69,Direct,Reliance Retail,North,Haryana,Mamaearth,360000.0,810000.0,100.0
Nov'24,2024-11-01,FY_24-25,RELIANCE RETAIL LIMITED-SH71,Direct,Reliance Retail,North,Madhya Pradesh,Aqualogica,20000.0,30000.0,100.0
Nov'24,2024-11-01,FY_24-25,RELIANCE RETAIL LIMITED-SH71,Direct,Reliance Retail,North,Madhya Pradesh,Mamaearth,1020000.0,2550000.0,100.0
Nov'24,2024-11-01,FY_24-25,RELIANCE RETAIL LIMITED-SH71,Direct,Reliance Retail,North,Madhya Pradesh,The Derma Co,70000.0,110000.0,100.0
Nov'24,2024-11-01,FY_24-25,Reliance Retail Limited-SH77,Direct,Reliance Retail,South-1,Kerala,Mamaearth,-10000.0,-20000.0,100.0
Nov'24,2024-11-01,FY_24-25,Reliance Retail Limited-SK6I,Direct,Reliance Retail,West,Gujarat,Mamaearth,550000.0,1270000.0,100.0
Nov'24,2024-11-01,FY_24-25,Reliance Retail Limited-SLET,Direct,Reliance Retail,East,Bihar,Mamaearth,-110000.0,-310000.0,100.0
Nov'24,2024-11-01,FY_24-25,Reliance Retail Limited-SLG3,Direct,Reliance Retail,South-1,Tamil Nadu,Mamaearth,290000.0,730000.0,100.0
Nov'24,2024-11-01,FY_24-25,RELIANCE RETAIL LIMITED-SLIG,Direct,Reliance Retail,East,Northeast-Assam,Mamaearth,620000.0,1210000.0,100.0
Nov'24,2024-11-01,FY_24-25,Reliance Retail Limited-Slmr,Direct,Reliance Retail,East,Orissa,Mamaearth,170000.0,390000.0,100.0
Nov'24,2024-11-01,FY_24-25,Reliance Retail Limited-SLS1,Direct,Reliance Retail,South-1,Tamil Nadu,Mamaearth,470000.0,1090000.0,100.0
Nov'24,2024-11-01,FY_24-25,Reliance Retail Limited-SLS2,Direct,Reliance Retail,South-2,Andhra Pradesh,Mamaearth,100000.0,270000.0,100.0
Nov'24,2024-11-01,FY_24-25,Reliance Retail Limited-SN1U,Direct,Reliance Retail,East,West Bengal,Mamaearth,150000.0,270000.0,100.0
Nov'24,2024-11-01,FY_24-25,Reliance Retail Limited-SP9K,Direct,Reliance Retail,West,Pune,Mamaearth,250000.0,540000.0,100.0
Nov'24,2024-11-01,FY_24-25,Reliance Retail Limited-T2DI,Direct,Reliance Retail,South-1,Karnataka,Aqualogica,0.0,0.0,100.0
Nov'24,2024-11-01,FY_24-25,Reliance Retail Limited-T2DI,Direct,Reliance Retail,South-1,Karnataka,BBlunt,0.0,0.0,100.0
Nov'24,2024-11-01,FY_24-25,Reliance Retail Limited-T2DI,Direct,Reliance Retail,South-1,Karnataka,The Derma Co,10000.0,20000.0,100.0
Nov'24,2024-11-01,FY_24-25,Reliance Retail Limited-T84L,Direct,Reliance Retail,West,Gujarat,Mamaearth,70000.0,120000.0,100.0
Nov'24,2024-11-01,FY_24-25,Reliance Retail Limited-TA9N,Direct,Reliance Retail,East,West Bengal,Mamaearth,80000.0,130000.0,100.0
Nov'24,2024-11-01,FY_24-25,Reliance Retail Limited-TAFW,Direct,Reliance Retail,West,Mumbai,Aqualogica,0.0,0.0,100.0
Nov'24,2024-11-01,FY_24-25,Reliance Retail Limited-TAFW,Direct,Reliance Retail,West,Mumbai,Mamaearth,70000.0,120000.0,100.0
Nov'24,2024-11-01,FY_24-25,Reliance Retail Limited-TAH3,Direct,Reliance Retail,North,Lucknow_UPE,Mamaearth,60000.0,100000.0,100.0
Nov'24,2024-11-01,FY_24-25,Reliance Retail Limited-TAUX,Direct,Reliance Retail,West,Gujarat,Mamaearth,70000.0,110000.0,100.0
Nov'24,2024-11-01,FY_24-25,Reliance Retail Limited-TC74,Direct,Reliance Retail,North,Haryana,Mamaearth,50000.0,90000.0,100.0
Nov'24,2024-11-01,FY_24-25,Reliance Retail Limited-TD04,Direct,Reliance Retail,East,Jharkhand,Mamaearth,70000.0,110000.0,100.0
Nov'24,2024-11-01,FY_24-25,Reliance Retail Limited-TG2K,Direct,Reliance Retail,West,Gujarat,Mamaearth,10000.0,20000.0,100.0
Nov'24,2024-11-01,FY_24-25,Reliance Retail Limited-TGL6,Direct,Reliance Retail,North,Madhya Pradesh,Mamaearth,120000.0,210000.0,100.0
Nov'24,2024-11-01,FY_24-25,Reliance Retail Limited-TIU6,Direct,Reliance Retail,East,Jharkhand,Mamaearth,80000.0,130000.0,100.0
Nov'24,2024-11-01,FY_24-25,Reliance Retail Limited-TL30,Direct,Reliance Retail,North,Delhi,Aqualogica,80000.0,130000.0,100.0
Nov'24,2024-11-01,FY_24-25,Reliance Retail Limited-TL30,Direct,Reliance Retail,North,Delhi,BBlunt,40000.0,60000.0,100.0
Nov'24,2024-11-01,FY_24-25,Reliance Retail Limited-TL30,Direct,Reliance Retail,North,Delhi,Mamaearth,90000.0,170000.0,100.0
Nov'24,2024-11-01,FY_24-25,Reliance Retail Limited-TL30,Direct,Reliance Retail,North,Delhi,The Derma Co,70000.0,110000.0,100.0
Nov'24,2024-11-01,FY_24-25,Reliance Retail Limited-TM18,Direct,Reliance Retail,South-1,Karnataka,Mamaearth,50000.0,80000.0,100.0
Nov'24,2024-11-01,FY_24-25,Reliance Retail Limited-TMI6,Direct,Reliance Retail,East,Orissa,Mamaearth,80000.0,130000.0,100.0
Nov'24,2024-11-01,FY_24-25,Reliance Retail Limited-TN54,Direct,Reliance Retail,West,Chattishgarh,Mamaearth,70000.0,110000.0,100.0
Nov'24,2024-11-01,FY_24-25,Reliance Retail Limited-Tna8,Direct,Reliance Retail,West,Gujarat,Mamaearth,80000.0,130000.0,100.0
Nov'24,2024-11-01,FY_24-25,Reliance Retail Limited-TNB5,Direct,Reliance Retail,West,Gujarat,Mamaearth,70000.0,120000.0,100.0
Nov'24,2024-11-01,FY_24-25,Reliance Retail Limited-TND1,Direct,Reliance Retail,West,Gujarat,Mamaearth,70000.0,120000.0,100.0
Nov'24,2024-11-01,FY_24-25,Reliance Retail Limited-TND4,Direct,Reliance Retail,East,West Bengal,Mamaearth,40000.0,70000.0,100.0
Nov'24,2024-11-01,FY_24-25,Reliance Retail Limited-Tnd5,Direct,Reliance Retail,West,Gujarat,Mamaearth,80000.0,130000.0,100.0
Nov'24,2024-11-01,FY_24-25,Reliance Retail Limited-TOG3,Direct,Reliance Retail,East,West Bengal,Mamaearth,80000.0,130000.0,100.0
Nov'24,2024-11-01,FY_24-25,Reliance Retail Limited-TOM0,Direct,Reliance Retail,West,Mumbai,Mamaearth,60000.0,100000.0,100.0
Nov'24,2024-11-01,FY_24-25,Reliance Retail Limited-TP06,Direct,Reliance Retail,North,Delhi,Mamaearth,10000.0,10000.0,100.0
Nov'24,2024-11-01,FY_24-25,Reliance Retail Limited-TQ61,Direct,Reliance Retail,South-1,Kerala,Mamaearth,60000.0,100000.0,100.0
Nov'24,2024-11-01,FY_24-25,Reliance Retail Limited-TZL5,Direct,Reliance Retail,East,Bihar,Aqualogica,10000.0,10000.0,100.0
Nov'24,2024-11-01,FY_24-25,Reliance Retail Limited-TZL5,Direct,Reliance Retail,East,Bihar,BBlunt,0.0,10000.0,100.0
Nov'24,2024-11-01,FY_24-25,Reliance Retail Limited-TZL5,Direct,Reliance Retail,East,Bihar,Mamaearth,60000.0,100000.0,100.0
Nov'24,2024-11-01,FY_24-25,Reliance Retail Limited-TZL5,Direct,Reliance Retail,East,Bihar,The Derma Co,0.0,0.0,100.0
Nov'24,2024-11-01,FY_24-25,Reliance Retail Limited-ZZI0-B,Direct,Reliance Retail,South-1,Kerala,Aqualogica,30000.0,40000.0,100.0
Nov'24,2024-11-01,FY_24-25,Reliance Retail Limited-ZZI0-B,Direct,Reliance Retail,South-1,Kerala,Mamaearth,100000.0,190000.0,100.0
Nov'24,2024-11-01,FY_24-25,Reliance Retail Ltd _Madhavaram- TNB8,Direct,Reliance Retail,South-1,Tamil Nadu,Mamaearth,80000.0,130000.0,100.0
Nov'24,2024-11-01,FY_24-25,Reliance Retail Ltd _Mysore_2994,Direct,Reliance Retail,South-1,Karnataka,Mamaearth,50000.0,90000.0,100.0
Nov'24,2024-11-01,FY_24-25,Reliance Retail Ltd _RAJAJI NAGAR- FR49,Direct,Reliance Retail,South-1,Karnataka,BBlunt,0.0,0.0,100.0
Nov'24,2024-11-01,FY_24-25,Reliance Retail Ltd _RAJAJI NAGAR- FR49,Direct,Reliance Retail,South-1,Karnataka,Mamaearth,60000.0,110000.0,100.0
Nov'24,2024-11-01,FY_24-25,Reliance Retail Ltd _RAJAJI NAGAR- FR49,Direct,Reliance Retail,South-1,Karnataka,The Derma Co,10000.0,10000.0,100.0
Nov'24,2024-11-01,FY_24-25,Reliance Retail Ltd_Davanagere- TNC0,Direct,Reliance Retail,South-1,Karnataka,Mamaearth,70000.0,120000.0,100.0
Nov'24,2024-11-01,FY_24-25,Reliance Retail Ltd_Hubballi_2997,Direct,Reliance Retail,South-1,Karnataka,Mamaearth,60000.0,110000.0,100.0
Nov'24,2024-11-01,FY_24-25,Reliance Retail Ltd_Nagercoil- 3338,Direct,Reliance Retail,South-1,Tamil Nadu,Mamaearth,80000.0,140000.0,100.0
Nov'24,2024-11-01,FY_24-25,RELIANCE RETAIL Ltd-SK6C,Direct,Reliance Retail,West,Gujarat,Mamaearth,690000.0,1610000.0,100.0
Nov'24,2024-11-01,FY_24-25,RELIANCE RETAIL Ltd-SLEW,Direct,Reliance Retail,West,Chattishgarh,Mamaearth,1110000.0,2780000.0,100.0
Nov'24,2024-11-01,FY_24-25,Tnsi Retail Pvt Ltd_Sultanpur,Direct,WH-Smith,North,Haryana,Aqualogica,0.0,10000.0,100.0
Nov'24,2024-11-01,FY_24-25,Tnsi Retail Pvt Ltd_Sultanpur,Direct,WH-Smith,North,Haryana,Mamaearth,40000.0,80000.0,100.0
Nov'24,2024-11-01,FY_24-25,Travel News Services India Pvt Ltd(Wb),Direct,WH-Smith,East,West Bengal,Aqualogica,-10000.0,-20000.0,100.0
Nov'24,2024-11-01,FY_24-25,Travel News Services India Pvt Ltd(Wb),Direct,WH-Smith,East,West Bengal,Mamaearth,-40000.0,-90000.0,100.0
Nov'24,2024-11-01,FY_24-25,Travel News Services India Pvt LtdWHSM-HOOGHLY,Direct,WH-Smith,East,West Bengal,Aqualogica,10000.0,20000.0,100.0
Nov'24,2024-11-01,FY_24-25,Travel News Services India Pvt LtdWHSM-HOOGHLY,Direct,WH-Smith,East,West Bengal,Mamaearth,40000.0,90000.0,100.0
Nov'24,2024-11-01,FY_24-25,Travel Retail Services Pvt Ltd_Blr,Direct,Relay,South-1,Karnataka,Mamaearth,30000.0,60000.0,100.0
Nov'24,2024-11-01,FY_24-25,Travel Retail Services Pvt Ltd_Blr,Direct,Relay,South-1,Karnataka,The Derma Co,10000.0,30000.0,100.0
Nov'24,2024-11-01,FY_24-25,Travel Retail Services Pvt Ltd-TN,Direct,Relay,South-1,Tamil Nadu,Mamaearth,30000.0,60000.0,100.0
Nov'24,2024-11-01,FY_24-25,Travel Retail Services Pvt Ltd-TN,Direct,Relay,South-1,Tamil Nadu,The Derma Co,0.0,10000.0,100.0
Nov'24,2024-11-01,FY_24-25,Trent Hypermarket Private Limited_Blr,Direct,Trent,South-1,Karnataka,Mamaearth,70000.0,110000.0,100.0
Nov'24,2024-11-01,FY_24-25,Trent Hypermarket Private Limited_Mah,Direct,Trent,West,Mumbai,Mamaearth,160000.0,270000.0,100.0
Nov'24,2024-11-01,FY_24-25,Trent Hypermarket Private Limited-P,Direct,Trent,West,Pune,Mamaearth,60000.0,100000.0,100.0
Nov'24,2024-11-01,FY_24-25,Wal-Mart India Private Limited 4702,Direct,Walmart CNC,North,Punjab,Mamaearth,270000.0,510000.0,100.0
Nov'24,2024-11-01,FY_24-25,Wal-Mart India Private Limited 4703,Direct,Walmart CNC,North,Punjab,Mamaearth,290000.0,570000.0,100.0
Nov'24,2024-11-01,FY_24-25,Wal-Mart India Private Limited 4706,Direct,Walmart CNC,North,Punjab,Mamaearth,220000.0,430000.0,100.0
Nov'24,2024-11-01,FY_24-25,Wal-Mart India Private Limited 4712,Direct,Walmart CNC,North,Madhya Pradesh,Mamaearth,60000.0,110000.0,100.0
Nov'24,2024-11-01,FY_24-25,Wal-Mart India Private Limited 4713,Direct,Walmart CNC,North,Rajasthan,Mamaearth,190000.0,370000.0,100.0
Nov'24,2024-11-01,FY_24-25,Wal-Mart India Private Limited 4716,Direct,Walmart CNC,West,Chattishgarh,Mamaearth,150000.0,290000.0,100.0
Nov'24,2024-11-01,FY_24-25,Wal-Mart India Private Limited 4717,Direct,Walmart CNC,North,Punjab,Mamaearth,80000.0,150000.0,100.0
Nov'24,2024-11-01,FY_24-25,Wal-Mart India Private Limited 4719,Direct,Walmart CNC,North,Jammu,Mamaearth,240000.0,460000.0,100.0
Nov'24,2024-11-01,FY_24-25,Wal-Mart India Private Limited 4720,Direct,Walmart CNC,North,UPW,Mamaearth,40000.0,80000.0,100.0
Nov'24,2024-11-01,FY_24-25,Wal-Mart India Private Limited 4721,Direct,Walmart CNC,South-2,Andhra Pradesh,Mamaearth,90000.0,160000.0,100.0
Nov'24,2024-11-01,FY_24-25,Wal-Mart India Private Limited 4723,Direct,Walmart CNC,North,Lucknow_UPE,Mamaearth,80000.0,150000.0,100.0
Nov'24,2024-11-01,FY_24-25,Wal-Mart India Private Limited 4724,Direct,Walmart CNC,West,Pune,Mamaearth,150000.0,280000.0,100.0
Nov'24,2024-11-01,FY_24-25,Wal-Mart India Private Limited 4725,Direct,Walmart CNC,South-2,Andhra Pradesh,Mamaearth,0.0,0.0,100.0
Nov'24,2024-11-01,FY_24-25,Wal-Mart India Private Limited 4727,Direct,Walmart CNC,North,Lucknow_UPE,Mamaearth,160000.0,320000.0,100.0
Nov'24,2024-11-01,FY_24-25,Wal-Mart India Private Limited 4729,Direct,Walmart CNC,North,Madhya Pradesh,Mamaearth,240000.0,450000.0,100.0
Nov'24,2024-11-01,FY_24-25,Wal-Mart India Private Limited 4734,Direct,Walmart CNC,South-2,Telangana,Mamaearth,80000.0,160000.0,100.0
Nov'24,2024-11-01,FY_24-25,Wal-Mart India Private Limited 4742,Direct,Walmart CNC,South-2,Andhra Pradesh,Mamaearth,140000.0,270000.0,100.0
Nov'24,2024-11-01,FY_24-25,Wal-Mart India Private Limited 4744,Direct,Walmart CNC,West,Pune,Mamaearth,120000.0,220000.0,100.0
Nov'24,2024-11-01,FY_24-25,Wal-Mart India Private Limited 4760,Direct,Walmart CNC,North,Madhya Pradesh,Mamaearth,150000.0,280000.0,100.0
Nov'24,2024-11-01,FY_24-25,Wal-Mart India Private Limited 4797,Direct,Walmart CNC,North,Lucknow_UPE,Mamaearth,270000.0,510000.0,100.0
Nov'24,2024-11-01,FY_24-25,Wal-Mart India Private Limited 4799,Direct,Walmart CNC,South-2,Andhra Pradesh,Mamaearth,200000.0,370000.0,100.0
Nov'24,2024-11-01,FY_24-25,Wal-Mart India Private Limited 4801,Direct,Walmart CNC,North,Punjab,Mamaearth,60000.0,110000.0,100.0
Nov'24,2024-11-01,FY_24-25,Wal-Mart India Private Limited 4803,Direct,Walmart CNC,North,Madhya Pradesh,Mamaearth,60000.0,120000.0,100.0
Nov'24,2024-11-01,FY_24-25,Wal-Mart India Private Limited 4813,Direct,Walmart CNC,South-2,Telangana,Mamaearth,40000.0,80000.0,100.0
Nov'24,2024-11-01,FY_24-25,Wal-Mart India Private Limited 4814,Direct,Walmart CNC,South-2,Andhra Pradesh,Mamaearth,240000.0,460000.0,100.0
Nov'24,2024-11-01,FY_24-25,Wellness Forever Medicare Ltd,Direct,Wellness Forever,West,Mumbai,Aqualogica,740000.0,1250000.0,100.0
Nov'24,2024-11-01,FY_24-25,Wellness Forever Medicare Ltd,Direct,Wellness Forever,West,Mumbai,Mamaearth,4030000.0,6780000.0,100.0
Nov'24,2024-11-01,FY_24-25,Wellness Forever Medicare Ltd,Direct,Wellness Forever,West,Mumbai,The Derma Co,5970000.0,10070000.0,100.0
Nov'24,2024-11-01,FY_24-25,Aggarwal Associates,Dist.,VMM,North,Punjab,Mamaearth,230000.0,110000.0,100.0
Nov'24,2024-11-01,FY_24-25,Arc Foods And Beverages_Mt_H&G,Dist.,H&G,South-1,Tamil Nadu,Aqualogica,30000.0,90000.0,100.0
Nov'24,2024-11-01,FY_24-25,Arc Foods And Beverages_Mt_H&G,Dist.,Apollo Healthco,South-1,Tamil Nadu,Aqualogica,0.0,10000.0,0.0
Nov'24,2024-11-01,FY_24-25,Arc Foods And Beverages_Mt_H&G,Dist.,B&N,South-1,Tamil Nadu,BBlunt,10000.0,20000.0,5.26
Nov'24,2024-11-01,FY_24-25,Arc Foods And Beverages_Mt_H&G,Dist.,H&G,South-1,Tamil Nadu,BBlunt,180000.0,290000.0,94.74
Nov'24,2024-11-01,FY_24-25,Arc Foods And Beverages_Mt_H&G,Dist.,B&N,South-1,Tamil Nadu,Mamaearth,10000.0,10000.0,1.27
Nov'24,2024-11-01,FY_24-25,Arc Foods And Beverages_Mt_H&G,Dist.,Apollo Healthco,South-1,Tamil Nadu,Mamaearth,370000.0,830000.0,46.84
Nov'24,2024-11-01,FY_24-25,Arc Foods And Beverages_Mt_H&G,Dist.,H&G,South-1,Tamil Nadu,Mamaearth,410000.0,920000.0,51.9
Nov'24,2024-11-01,FY_24-25,Arc Foods And Beverages_Mt_H&G,Dist.,B&N,South-1,Tamil Nadu,The Derma Co,0.0,10000.0,0.0
Nov'24,2024-11-01,FY_24-25,Arc Foods And Beverages_Mt_H&G,Dist.,H&G,South-1,Tamil Nadu,The Derma Co,410000.0,870000.0,93.18
Nov'24,2024-11-01,FY_24-25,Arc Foods And Beverages_Mt_H&G,Dist.,Apollo Healthco,South-1,Tamil Nadu,The Derma Co,30000.0,70000.0,6.82
Nov'24,2024-11-01,FY_24-25,Az Enterprises(Apollo/More)Mt,Dist.,Apollo Healthco,South-1,Karnataka,Aqualogica,40000.0,90000.0,14.81
Nov'24,2024-11-01,FY_24-25,Az Enterprises(Apollo/More)Mt,Dist.,Trilife,South-1,Karnataka,Aqualogica,0.0,0.0,0.0
Nov'24,2024-11-01,FY_24-25,Az Enterprises(Apollo/More)Mt,Dist.,Lulu,South-1,Karnataka,Aqualogica,40000.0,80000.0,14.81
Nov'24,2024-11-01,FY_24-25,Az Enterprises(Apollo/More)Mt,Dist.,H&G,South-1,Karnataka,Aqualogica,190000.0,410000.0,70.37
Nov'24,2024-11-01,FY_24-25,Az Enterprises(Apollo/More)Mt,Dist.,B&N,South-1,Karnataka,Aqualogica,0.0,0.0,0.0
Nov'24,2024-11-01,FY_24-25,Az Enterprises(Apollo/More)Mt,Dist.,Trilife,South-1,Karnataka,BBlunt,0.0,0.0,0.0
Nov'24,2024-11-01,FY_24-25,Az Enterprises(Apollo/More)Mt,Dist.,H&G,South-1,Karnataka,BBlunt,220000.0,400000.0,95.65
Nov'24,2024-11-01,FY_24-25,Az Enterprises(Apollo/More)Mt,Dist.,B&N,South-1,Karnataka,BBlunt,10000.0,20000.0,4.35
Nov'24,2024-11-01,FY_24-25,Az Enterprises(Apollo/More)Mt,Dist.,Apollo Healthco,South-1,Karnataka,Mamaearth,2710000.0,5560000.0,48.65
Nov'24,2024-11-01,FY_24-25,Az Enterprises(Apollo/More)Mt,Dist.,Trilife,South-1,Karnataka,Mamaearth,10000.0,20000.0,0.18
Nov'24,2024-11-01,FY_24-25,Az Enterprises(Apollo/More)Mt,Dist.,Lulu,South-1,Karnataka,Mamaearth,260000.0,540000.0,4.67
Nov'24,2024-11-01,FY_24-25,Az Enterprises(Apollo/More)Mt,Dist.,VMM,South-1,Karnataka,Mamaearth,250000.0,520000.0,4.49
Nov'24,2024-11-01,FY_24-25,Az Enterprises(Apollo/More)Mt,Dist.,Frankross,South-1,Karnataka,Mamaearth,10000.0,20000.0,0.18
Nov'24,2024-11-01,FY_24-25,Az Enterprises(Apollo/More)Mt,Dist.,Max Hyper,South-1,Karnataka,Mamaearth,50000.0,110000.0,0.9
Nov'24,2024-11-01,FY_24-25,Az Enterprises(Apollo/More)Mt,Dist.,H&G,South-1,Karnataka,Mamaearth,770000.0,1580000.0,13.82
Nov'24,2024-11-01,FY_24-25,Az Enterprises(Apollo/More)Mt,Dist.,B&N,South-1,Karnataka,Mamaearth,40000.0,80000.0,0.72
Nov'24,2024-11-01,FY_24-25,Az Enterprises(Apollo/More)Mt,Dist.,More Retail,South-1,Karnataka,Mamaearth,1470000.0,3010000.0,26.39
Nov'24,2024-11-01,FY_24-25,Az Enterprises(Apollo/More)Mt,Dist.,Apollo Healthco,South-1,Karnataka,The Derma Co,490000.0,910000.0,22.69
Nov'24,2024-11-01,FY_24-25,Az Enterprises(Apollo/More)Mt,Dist.,Trilife,South-1,Karnataka,The Derma Co,0.0,10000.0,0.0
Nov'24,2024-11-01,FY_24-25,Az Enterprises(Apollo/More)Mt,Dist.,Lulu,South-1,Karnataka,The Derma Co,150000.0,270000.0,6.94
Nov'24,2024-11-01,FY_24-25,Az Enterprises(Apollo/More)Mt,Dist.,H&G,South-1,Karnataka,The Derma Co,1480000.0,2710000.0,68.52
Nov'24,2024-11-01,FY_24-25,Az Enterprises(Apollo/More)Mt,Dist.,B&N,South-1,Karnataka,The Derma Co,40000.0,80000.0,1.85
Nov'24,2024-11-01,FY_24-25,Babys World_Mt,Dist.,H&G,East,West Bengal,Aqualogica,-50000.0,-80000.0,100.0
Nov'24,2024-11-01,FY_24-25,Babys World_Mt,Dist.,Spencer,East,West Bengal,BBlunt,-20000.0,-40000.0,100.0
Nov'24,2024-11-01,FY_24-25,Babys World_Mt,Dist.,Apollo Healthco,East,West Bengal,Mamaearth,-290000.0,-510000.0,34.94
Nov'24,2024-11-01,FY_24-25,Babys World_Mt,Dist.,H&G,East,West Bengal,Mamaearth,-50000.0,-80000.0,6.02
Nov'24,2024-11-01,FY_24-25,Babys World_Mt,Dist.,More Retail,East,West Bengal,Mamaearth,-110000.0,-190000.0,13.25
Nov'24,2024-11-01,FY_24-25,Babys World_Mt,Dist.,Spencer,East,West Bengal,Mamaearth,-380000.0,-660000.0,45.78
Nov'24,2024-11-01,FY_24-25,Babys World_Mt,Dist.,H&G,East,West Bengal,The Derma Co,-30000.0,-50000.0,100.0
Nov'24,2024-11-01,FY_24-25,BALAJI ASSOCIATES Distributor MT,Dist.,Reliance Retail,East,Northeast-Assam,Aqualogica,240000.0,440000.0,100.0
Nov'24,2024-11-01,FY_24-25,BALAJI ASSOCIATES Distributor MT,Dist.,Reliance Retail,East,Northeast-Assam,BBlunt,120000.0,230000.0,100.0
Nov'24,2024-11-01,FY_24-25,BALAJI ASSOCIATES Distributor MT,Dist.,Reliance Retail,East,Northeast-Assam,Mamaearth,2690000.0,5820000.0,73.7
Nov'24,2024-11-01,FY_24-25,BALAJI ASSOCIATES Distributor MT,Dist.,VMM,East,Northeast-Assam,Mamaearth,960000.0,2070000.0,26.3
Nov'24,2024-11-01,FY_24-25,BALAJI ASSOCIATES Distributor MT,Dist.,Reliance Retail,East,Northeast-Assam,The Derma Co,210000.0,380000.0,100.0
Nov'24,2024-11-01,FY_24-25,CHHABRA TRADERS_Ship To,Dist.,Lulu,North,Lucknow_UPE,Mamaearth,150000.0,290000.0,16.3
Nov'24,2024-11-01,FY_24-25,CHHABRA TRADERS_Ship To,Dist.,Spencer,North,Lucknow_UPE,Mamaearth,470000.0,890000.0,51.09
Nov'24,2024-11-01,FY_24-25,CHHABRA TRADERS_Ship To,Dist.,VMM,North,Lucknow_UPE,Mamaearth,300000.0,560000.0,32.61
Nov'24,2024-11-01,FY_24-25,CHHABRA TRADERS_Ship To,Dist.,Spencer,North,Lucknow_UPE,The Derma Co,130000.0,240000.0,100.0
Nov'24,2024-11-01,FY_24-25,D.L. Sales - MT,Dist.,Apollo Healthco,East,West Bengal,Aqualogica,0.0,0.0,0.0
Nov'24,2024-11-01,FY_24-25,D.L. Sales - MT,Dist.,H&G,East,West Bengal,Aqualogica,10000.0,10000.0,50.0
Nov'24,2024-11-01,FY_24-25,D.L. Sales - MT,Dist.,Spencer,East,West Bengal,Aqualogica,10000.0,20000.0,50.0
Nov'24,2024-11-01,FY_24-25,D.L. Sales - MT,Dist.,H&G,East,West Bengal,BBlunt,20000.0,40000.0,50.0
Nov'24,2024-11-01,FY_24-25,D.L. Sales - MT,Dist.,Spencer,East,West Bengal,BBlunt,20000.0,30000.0,50.0
Nov'24,2024-11-01,FY_24-25,D.L. Sales - MT,Dist.,Apollo Healthco,East,West Bengal,Mamaearth,760000.0,1420000.0,21.78
Nov'24,2024-11-01,FY_24-25,D.L. Sales - MT,Dist.,H&G,East,West Bengal,Mamaearth,130000.0,250000.0,3.72
Nov'24,2024-11-01,FY_24-25,D.L. Sales - MT,Dist.,More Retail,East,West Bengal,Mamaearth,680000.0,1260000.0,19.48
Nov'24,2024-11-01,FY_24-25,D.L. Sales - MT,Dist.,Spencer,East,West Bengal,Mamaearth,1410000.0,2620000.0,40.4
Nov'24,2024-11-01,FY_24-25,D.L. Sales - MT,Dist.,Arambagh,East,West Bengal,Mamaearth,100000.0,190000.0,2.87
Nov'24,2024-11-01,FY_24-25,D.L. Sales - MT,Dist.,V-Mart,East,West Bengal,Mamaearth,190000.0,360000.0,5.44
Nov'24,2024-11-01,FY_24-25,D.L. Sales - MT,Dist.,Frankross,East,West Bengal,Mamaearth,190000.0,360000.0,5.44
Nov'24,2024-11-01,FY_24-25,D.L. Sales - MT,Dist.,VMM,East,West Bengal,Mamaearth,30000.0,60000.0,0.86
Nov'24,2024-11-01,FY_24-25,D.L. Sales - MT,Dist.,Apollo Healthco,East,West Bengal,The Derma Co,20000.0,40000.0,7.14
Nov'24,2024-11-01,FY_24-25,D.L. Sales - MT,Dist.,H&G,East,West Bengal,The Derma Co,160000.0,290000.0,57.14
Nov'24,2024-11-01,FY_24-25,D.L. Sales - MT,Dist.,Spencer,East,West Bengal,The Derma Co,80000.0,140000.0,28.57
Nov'24,2024-11-01,FY_24-25,D.L. Sales - MT,Dist.,Frankross,East,West Bengal,The Derma Co,20000.0,30000.0,7.14
Nov'24,2024-11-01,FY_24-25,G.V Enterprises,Dist.,Lulu,South-1,Tamil Nadu,Aqualogica,50000.0,120000.0,100.0
Nov'24,2024-11-01,FY_24-25,G.V Enterprises,Dist.,Apollo Healthco,South-1,Tamil Nadu,Mamaearth,520000.0,1200000.0,11.79
Nov'24,2024-11-01,FY_24-25,G.V Enterprises,Dist.,D-Mart,South-1,Tamil Nadu,Mamaearth,3230000.0,7510000.0,73.24
Nov'24,2024-11-01,FY_24-25,G.V Enterprises,Dist.,Lulu,South-1,Tamil Nadu,Mamaearth,320000.0,750000.0,7.26
Nov'24,2024-11-01,FY_24-25,G.V Enterprises,Dist.,Max Hyper,South-1,Tamil Nadu,Mamaearth,10000.0,30000.0,0.23
Nov'24,2024-11-01,FY_24-25,G.V Enterprises,Dist.,Pothys,South-1,Tamil Nadu,Mamaearth,330000.0,780000.0,7.48
Nov'24,2024-11-01,FY_24-25,G.V Enterprises,Dist.,Apollo Healthco,South-1,Tamil Nadu,The Derma Co,40000.0,90000.0,22.22
Nov'24,2024-11-01,FY_24-25,G.V Enterprises,Dist.,Lulu,South-1,Tamil Nadu,The Derma Co,140000.0,330000.0,77.78
Nov'24,2024-11-01,FY_24-25,JUST MARK-Dmart,Dist.,D-Mart,West,Gujarat,Mamaearth,14630000.0,38950000.0,100.0
Nov'24,2024-11-01,FY_24-25,Kiran Trading Co- Dmart,Dist.,D-Mart,West,Pune,Mamaearth,4410000.0,12190000.0,100.0
Nov'24,2024-11-01,FY_24-25,Kiran Trading Company_Ship to,Dist.,D-Mart,West,Pune,Mamaearth,8360000.0,22830000.0,100.0
Nov'24,2024-11-01,FY_24-25,M/S KOTTARAM BUSINESS CORPORATION-MT,Dist.,Lulu,South-1,Kerala,Aqualogica,210000.0,380000.0,100.0
Nov'24,2024-11-01,FY_24-25,M/S KOTTARAM BUSINESS CORPORATION-MT,Dist.,Lulu,South-1,Kerala,Mamaearth,510000.0,940000.0,98.08
Nov'24,2024-11-01,FY_24-25,M/S KOTTARAM BUSINESS CORPORATION-MT,Dist.,Apollo Healthco,South-1,Kerala,Mamaearth,10000.0,20000.0,1.92
Nov'24,2024-11-01,FY_24-25,M/S KOTTARAM BUSINESS CORPORATION-MT,Dist.,Apollo Healthco,South-1,Kerala,The Derma Co,50000.0,90000.0,8.77
Nov'24,2024-11-01,FY_24-25,M/S KOTTARAM BUSINESS CORPORATION-MT,Dist.,Lulu,South-1,Kerala,The Derma Co,520000.0,960000.0,91.23
Nov'24,2024-11-01,FY_24-25,MARK ENTERPRISE,Dist.,Apollo Healthco,West,Gujarat,Mamaearth,1310000.0,2400000.0,100.0
Nov'24,2024-11-01,FY_24-25,PRAGATI SALES-Apollo,Dist.,Apollo Healthco,West,Chattishgarh,Mamaearth,190000.0,370000.0,100.0
Nov'24,2024-11-01,FY_24-25,PRAGATI SALES-D-MART,Dist.,D-Mart,West,Chattishgarh,Mamaearth,-150000.0,-660000.0,100.0
Nov'24,2024-11-01,FY_24-25,R.C. Trade Link H&G,Dist.,H&G,West,Mumbai,Aqualogica,40000.0,60000.0,100.0
Nov'24,2024-11-01,FY_24-25,R.C. Trade Link H&G,Dist.,H&G,West,Mumbai,BBlunt,40000.0,50000.0,100.0
Nov'24,2024-11-01,FY_24-25,R.C. Trade Link H&G,Dist.,H&G,West,Mumbai,Mamaearth,150000.0,230000.0,100.0
Nov'24,2024-11-01,FY_24-25,R.C. Trade Link H&G,Dist.,H&G,West,Mumbai,The Derma Co,190000.0,300000.0,100.0
Nov'24,2024-11-01,FY_24-25,S M AGENCIES_MT,Dist.,B&N,South-1,Tamil Nadu,BBlunt,0.0,0.0,
Nov'24,2024-11-01,FY_24-25,S M AGENCIES_MT,Dist.,Grace Super MKT,South-1,Tamil Nadu,Mamaearth,-100000.0,-180000.0,20.0
Nov'24,2024-11-01,FY_24-25,S M AGENCIES_MT,Dist.,Pothys,South-1,Tamil Nadu,Mamaearth,-70000.0,-130000.0,14.0
Nov'24,2024-11-01,FY_24-25,S M AGENCIES_MT,Dist.,Sarvana,South-1,Tamil Nadu,Mamaearth,-330000.0,-610000.0,66.0
Nov'24,2024-11-01,FY_24-25,Sancus Networks Private Limited-RMT,Dist.,RMT-Sancus,North,Delhi,BBlunt,40000.0,70000.0,100.0
Nov'24,2024-11-01,FY_24-25,Sancus Networks Private Limited-RMT,Dist.,More Retail,North,Delhi,Mamaearth,430000.0,890000.0,18.3
Nov'24,2024-11-01,FY_24-25,Sancus Networks Private Limited-RMT,Dist.,RMT-Sancus,North,Delhi,Mamaearth,1920000.0,3970000.0,81.7
Nov'24,2024-11-01,FY_24-25,Sancus Networks Private Limited-RMT,Dist.,RMT-Sancus,North,Delhi,The Derma Co,190000.0,330000.0,100.0
Nov'24,2024-11-01,FY_24-25,Sanya Pharma -Mt,Dist.,V-Mart,East,Bihar,Mamaearth,-20000.0,-30000.0,100.0
Nov'24,2024-11-01,FY_24-25,Sri Lalitha Enterprises,Dist.,Grace Super MKT,South-1,Tamil Nadu,Mamaearth,220000.0,410000.0,26.51
Nov'24,2024-11-01,FY_24-25,Sri Lalitha Enterprises,Dist.,Pothys,South-1,Tamil Nadu,Mamaearth,190000.0,340000.0,22.89
Nov'24,2024-11-01,FY_24-25,Sri Lalitha Enterprises,Dist.,Sarvana,South-1,Tamil Nadu,Mamaearth,420000.0,770000.0,50.6
Nov'24,2024-11-01,FY_24-25,Sri Vijaya Durga Agencies_Mt,Dist.,H&G,South-2,Andhra Pradesh,Aqualogica,0.0,10000.0,
Nov'24,2024-11-01,FY_24-25,Sri Vijaya Durga Agencies_Mt,Dist.,H&G,South-2,Andhra Pradesh,BBlunt,0.0,0.0,
Nov'24,2024-11-01,FY_24-25,Sri Vijaya Durga Agencies_Mt,Dist.,Apollo Healthco,South-2,Andhra Pradesh,Mamaearth,3640000.0,8020000.0,42.28
Nov'24,2024-11-01,FY_24-25,Sri Vijaya Durga Agencies_Mt,Dist.,VMM,South-2,Andhra Pradesh,Mamaearth,20000.0,30000.0,0.23
Nov'24,2024-11-01,FY_24-25,Sri Vijaya Durga Agencies_Mt,Dist.,D-Mart,South-2,Andhra Pradesh,Mamaearth,3570000.0,7850000.0,41.46
Nov'24,2024-11-01,FY_24-25,Sri Vijaya Durga Agencies_Mt,Dist.,H&G,South-2,Andhra Pradesh,Mamaearth,40000.0,80000.0,0.46
Nov'24,2024-11-01,FY_24-25,Sri Vijaya Durga Agencies_Mt,Dist.,Reliance Retail,South-2,Andhra Pradesh,Mamaearth,1160000.0,2550000.0,13.47
Nov'24,2024-11-01,FY_24-25,Sri Vijaya Durga Agencies_Mt,Dist.,More Retail,South-2,Andhra Pradesh,Mamaearth,180000.0,400000.0,2.09
Nov'24,2024-11-01,FY_24-25,Sri Vijaya Durga Agencies_Mt,Dist.,H&G,South-2,Andhra Pradesh,The Derma Co,20000.0,50000.0,100.0
Nov'24,2024-11-01,FY_24-25,Swastik Marketing,Dist.,VMM,North,Rajasthan,Mamaearth,170000.0,340000.0,100.0
Nov'24,2024-11-01,FY_24-25,United Marketing_Mt-Ship to,Dist.,Apollo Healthco,West,Goa,Mamaearth,110000.0,190000.0,100.0
Nov'24,2024-11-01,FY_24-25,Vanaja Agencies MT_Dmart,Dist.,D-Mart,South-2,Telangana,Mamaearth,8480000.0,22790000.0,100.0
Nov'24,2024-11-01,FY_24-25,Vanaja Agencies_Mt,Dist.,H&G,South-2,Telangana,Aqualogica,30000.0,130000.0,60.0
Nov'24,2024-11-01,FY_24-25,Vanaja Agencies_Mt,Dist.,Lulu,South-2,Telangana,Aqualogica,0.0,0.0,0.0
Nov'24,2024-11-01,FY_24-25,Vanaja Agencies_Mt,Dist.,Apollo Healthco,South-2,Telangana,Aqualogica,20000.0,70000.0,40.0
Nov'24,2024-11-01,FY_24-25,Vanaja Agencies_Mt,Dist.,H&G,South-2,Telangana,BBlunt,70000.0,120000.0,100.0
Nov'24,2024-11-01,FY_24-25,Vanaja Agencies_Mt,Dist.,Apollo Healthco,South-2,Telangana,Mamaearth,1850000.0,4070000.0,38.07
Nov'24,2024-11-01,FY_24-25,Vanaja Agencies_Mt,Dist.,H&G,South-2,Telangana,Mamaearth,560000.0,1230000.0,11.52
Nov'24,2024-11-01,FY_24-25,Vanaja Agencies_Mt,Dist.,Vijetha,South-2,Telangana,Mamaearth,280000.0,620000.0,5.76
Nov'24,2024-11-01,FY_24-25,Vanaja Agencies_Mt,Dist.,More Retail,South-2,Telangana,Mamaearth,760000.0,1670000.0,15.64
Nov'24,2024-11-01,FY_24-25,Vanaja Agencies_Mt,Dist.,Reliance Retail,South-2,Telangana,Mamaearth,850000.0,1870000.0,17.49
Nov'24,2024-11-01,FY_24-25,Vanaja Agencies_Mt,Dist.,Lulu,South-2,Telangana,Mamaearth,120000.0,260000.0,2.47
Nov'24,2024-11-01,FY_24-25,Vanaja Agencies_Mt,Dist.,Ratnadeep,South-2,Telangana,Mamaearth,440000.0,960000.0,9.05
Nov'24,2024-11-01,FY_24-25,Vanaja Agencies_Mt,Dist.,H&G,South-2,Telangana,The Derma Co,340000.0,870000.0,77.27
Nov'24,2024-11-01,FY_24-25,Vanaja Agencies_Mt,Dist.,Lulu,South-2,Telangana,The Derma Co,10000.0,20000.0,2.27
Nov'24,2024-11-01,FY_24-25,Vanaja Agencies_Mt,Dist.,Apollo Healthco,South-2,Telangana,The Derma Co,90000.0,230000.0,20.45
Nov'24,2024-11-01,FY_24-25,VISHAL ENTERPRISES_Solapur,Dist.,D-Mart,West,Pune,Mamaearth,1310000.0,3400000.0,100.0
Dec'24,2024-12-01,FY_24-25,APOLLO HEALTHCO LIMITED_AHMEDABAD,Direct,Apollo Healthco,West,Gujarat,Mamaearth,170000.0,530000.0,100.0
Dec'24,2024-12-01,FY_24-25,Apollo Healthco Limited_Bhiwandi,Direct,Apollo Healthco,West,Mumbai,Aqualogica,30000.0,40000.0,100.0
Dec'24,2024-12-01,FY_24-25,Apollo Healthco Limited_Bhiwandi,Direct,Apollo Healthco,West,Mumbai,Mamaearth,390000.0,1020000.0,100.0
Dec'24,2024-12-01,FY_24-25,Apollo Healthco Limited_Bhiwandi,Direct,Apollo Healthco,West,Mumbai,The Derma Co,140000.0,230000.0,100.0
Dec'24,2024-12-01,FY_24-25,Apollo Healthco Limited_Faridabad,Direct,Apollo Healthco,North,Haryana,Aqualogica,80000.0,130000.0,100.0
Dec'24,2024-12-01,FY_24-25,Apollo Healthco Limited_Faridabad,Direct,Apollo Healthco,North,Haryana,Mamaearth,4080000.0,11260000.0,100.0
Dec'24,2024-12-01,FY_24-25,Apollo Healthco Limited_Faridabad,Direct,Apollo Healthco,North,Haryana,The Derma Co,590000.0,1000000.0,100.0
Dec'24,2024-12-01,FY_24-25,Apollo Healthco Limited_Rajasthan,Direct,Apollo Healthco,North,Rajasthan,Mamaearth,670000.0,1810000.0,100.0
Dec'24,2024-12-01,FY_24-25,Apollo Healthco Limited-Bangalore,Direct,Apollo Healthco,South-1,Karnataka,Aqualogica,90000.0,160000.0,100.0
Dec'24,2024-12-01,FY_24-25,Apollo Healthco Limited-Bangalore,Direct,Apollo Healthco,South-1,Karnataka,Mamaearth,900000.0,2850000.0,100.0
Dec'24,2024-12-01,FY_24-25,Apollo Healthco Limited-Chennai,Direct,Apollo Healthco,South-1,Tamil Nadu,Mamaearth,240000.0,760000.0,100.0
Dec'24,2024-12-01,FY_24-25,APOLLO HEALTHCO LIMITED-Chittor,Direct,Apollo Healthco,South-2,Andhra Pradesh,Mamaearth,170000.0,530000.0,100.0
Dec'24,2024-12-01,FY_24-25,Apollo Healthco Limited-Goa,Direct,Apollo Healthco,West,Goa,Mamaearth,80000.0,260000.0,100.0
Dec'24,2024-12-01,FY_24-25,Apollo Healthco Limited-Goa,Direct,Apollo Healthco,West,Goa,The Derma Co,70000.0,120000.0,100.0
Dec'24,2024-12-01,FY_24-25,Apollo Healthco Limited-Hubbli,Direct,Apollo Healthco,South-1,Karnataka,Mamaearth,1170000.0,3680000.0,100.0
Dec'24,2024-12-01,FY_24-25,APOLLO HEALTHCO LIMITED-HYD,Direct,Apollo Healthco,South-2,Telangana,Mamaearth,450000.0,1430000.0,100.0
Dec'24,2024-12-01,FY_24-25,Apollo Healthco Limited-Kochi,Direct,Apollo Healthco,South-1,Kerala,Mamaearth,90000.0,290000.0,100.0
Dec'24,2024-12-01,FY_24-25,APOLLO HEALTHCO LIMITED-Madurai,Direct,Apollo Healthco,South-1,Tamil Nadu,Mamaearth,140000.0,440000.0,100.0
Dec'24,2024-12-01,FY_24-25,Apollo Healthco Limited-Ore,Direct,Apollo Healthco,East,Orissa,Mamaearth,500000.0,1210000.0,100.0
Dec'24,2024-12-01,FY_24-25,Apollo Healthco Limited-Sanath Nagar,Direct,Apollo Healthco,South-2,Telangana,Aqualogica,60000.0,100000.0,100.0
Dec'24,2024-12-01,FY_24-25,Apollo Healthco Limited-Sanath Nagar,Direct,Apollo Healthco,South-2,Telangana,Mamaearth,290000.0,900000.0,100.0
Dec'24,2024-12-01,FY_24-25,APOLLO HEALTHCO LIMITED-Vijayawada,Direct,Apollo Healthco,South-2,Andhra Pradesh,Aqualogica,20000.0,40000.0,100.0
Dec'24,2024-12-01,FY_24-25,APOLLO HEALTHCO LIMITED-Vijayawada,Direct,Apollo Healthco,South-2,Andhra Pradesh,Mamaearth,170000.0,540000.0,100.0
Dec'24,2024-12-01,FY_24-25,APOLLO HEALTHCO LIMITED-WB,Direct,Apollo Healthco,East,West Bengal,Mamaearth,250000.0,800000.0,100.0
Dec'24,2024-12-01,FY_24-25,APOLLO HEALTHCO LIMITED-WB-2,Direct,Apollo Healthco,East,West Bengal,Mamaearth,560000.0,1770000.0,100.0
Dec'24,2024-12-01,FY_24-25,Apollo Healthco Ltd_Raipur,Direct,Apollo Healthco,West,Chattishgarh,Mamaearth,230000.0,710000.0,100.0
Dec'24,2024-12-01,FY_24-25,Avenue E Commerce Limited(Belapur),Direct,D-Mart,West,Mumbai,Aqualogica,10000.0,20000.0,100.0
Dec'24,2024-12-01,FY_24-25,Avenue E Commerce Limited(Belapur),Direct,D-Mart,West,Mumbai,The Derma Co,10000.0,10000.0,100.0
Dec'24,2024-12-01,FY_24-25,Avenue E Commerce Limited(Ck Palya),Direct,D-Mart,South-1,Karnataka,Aqualogica,10000.0,20000.0,100.0
Dec'24,2024-12-01,FY_24-25,Avenue E Commerce Limited(Kanjur),Direct,D-Mart,West,Mumbai,Aqualogica,10000.0,20000.0,100.0
Dec'24,2024-12-01,FY_24-25,Avenue E Commerce Limited(Kushaiguda),Direct,D-Mart,South-2,Telangana,Aqualogica,10000.0,20000.0,100.0
Dec'24,2024-12-01,FY_24-25,Avenue E Commerce Limited(Kushaiguda),Direct,D-Mart,South-2,Telangana,The Derma Co,20000.0,40000.0,100.0
Dec'24,2024-12-01,FY_24-25,Avenue E Commerce Limited(Mira Road) N2,Direct,D-Mart,West,Pune,Aqualogica,10000.0,10000.0,100.0
Dec'24,2024-12-01,FY_24-25,Avenue E Commerce Limited(Mira Road) N2,Direct,D-Mart,West,Pune,The Derma Co,0.0,10000.0,100.0
Dec'24,2024-12-01,FY_24-25,Avenue E Commerce Limited(Nahur),Direct,D-Mart,West,Mumbai,Aqualogica,20000.0,40000.0,100.0
Dec'24,2024-12-01,FY_24-25,Avenue E Commerce Limited(Nahur),Direct,D-Mart,West,Mumbai,The Derma Co,30000.0,60000.0,100.0
Dec'24,2024-12-01,FY_24-25,Avenue E Commerce Limited_GachibowlI,Direct,D-Mart,South-2,Telangana,Aqualogica,10000.0,10000.0,100.0
Dec'24,2024-12-01,FY_24-25,Avenue E Commerce Limited_GachibowlI,Direct,D-Mart,South-2,Telangana,The Derma Co,20000.0,40000.0,100.0
Dec'24,2024-12-01,FY_24-25,Avenue E Commerce Limited_Panvel-2,Direct,D-Mart,West,Mumbai,Aqualogica,10000.0,10000.0,100.0
Dec'24,2024-12-01,FY_24-25,Avenue E Commerce Limited_Panvel-2,Direct,D-Mart,West,Mumbai,The Derma Co,10000.0,10000.0,100.0
Dec'24,2024-12-01,FY_24-25,Avenue E Commerce Ltd -Taloja FC-MH,Direct,D-Mart,West,Mumbai,The Derma Co,10000.0,30000.0,100.0
Dec'24,2024-12-01,FY_24-25,Avenue E Commerce Ltd -UPPAL FC,Direct,D-Mart,South-2,Telangana,Aqualogica,10000.0,20000.0,100.0
Dec'24,2024-12-01,FY_24-25,Avenue E Commerce Ltd -UPPAL FC,Direct,D-Mart,South-2,Telangana,The Derma Co,20000.0,40000.0,100.0
Dec'24,2024-12-01,FY_24-25,Avenue E Commerce Ltd -Yelahanka FC,Direct,D-Mart,South-1,Karnataka,Aqualogica,20000.0,40000.0,100.0
Dec'24,2024-12-01,FY_24-25,Avenue E Commerce Ltd._Hennur Fc-Ka,Direct,D-Mart,South-1,Karnataka,Aqualogica,10000.0,20000.0,100.0
Dec'24,2024-12-01,FY_24-25,Avenue E Commerce Ltd_4047-Vasai Waliv,Direct,D-Mart,West,Mumbai,Aqualogica,10000.0,20000.0,100.0
Dec'24,2024-12-01,FY_24-25,Avenue E Commerce Ltd_4047-Vasai Waliv,Direct,D-Mart,West,Mumbai,The Derma Co,10000.0,20000.0,100.0
Dec'24,2024-12-01,FY_24-25,Avenue E Commerce Ltd_CadburyFC.,Direct,D-Mart,West,Mumbai,Aqualogica,10000.0,30000.0,100.0
Dec'24,2024-12-01,FY_24-25,Avenue E Commerce Ltd_CadburyFC.,Direct,D-Mart,West,Mumbai,The Derma Co,10000.0,20000.0,100.0
Dec'24,2024-12-01,FY_24-25,Avenue E Commerce Ltd_Goregaon,Direct,D-Mart,West,Mumbai,Aqualogica,10000.0,10000.0,100.0
Dec'24,2024-12-01,FY_24-25,Avenue E Commerce Ltd_Goregaon,Direct,D-Mart,West,Mumbai,The Derma Co,10000.0,20000.0,100.0
Dec'24,2024-12-01,FY_24-25,Avenue E Commerce Ltd_Hoodi FC,Direct,D-Mart,South-1,Karnataka,Aqualogica,10000.0,10000.0,100.0
Dec'24,2024-12-01,FY_24-25,Avenue E Commerce Ltd_Manpada,Direct,D-Mart,West,Mumbai,Aqualogica,10000.0,20000.0,100.0
Dec'24,2024-12-01,FY_24-25,Avenue E Commerce Ltd_Manpada,Direct,D-Mart,West,Mumbai,The Derma Co,20000.0,30000.0,100.0
Dec'24,2024-12-01,FY_24-25,Avenue E Commerce Ltd_PeddaAmberpetFC,Direct,D-Mart,South-2,Telangana,Aqualogica,0.0,0.0,100.0
Dec'24,2024-12-01,FY_24-25,Avenue E Commerce Ltd_PeddaAmberpetFC,Direct,D-Mart,South-2,Telangana,The Derma Co,20000.0,30000.0,100.0
Dec'24,2024-12-01,FY_24-25,Avenue Supermarts Ltd.-DC-1032,Direct,D-Mart,South-1,Karnataka,Mamaearth,6270000.0,15950000.0,100.0
Dec'24,2024-12-01,FY_24-25,Avenue Supermarts Ltd.-DC-1039,Direct,D-Mart,West,Mumbai,BBLUNT,110000.0,220000.0,100.0
Dec'24,2024-12-01,FY_24-25,Avenue Supermarts Ltd.-DC-1039,Direct,D-Mart,West,Mumbai,Mamaearth,17460000.0,45210000.0,100.0
Dec'24,2024-12-01,FY_24-25,Avenue Supermarts Ltd.-DC-1039,Direct,D-Mart,West,Mumbai,The Derma Co,0.0,0.0,100.0
Dec'24,2024-12-01,FY_24-25,Avenue Supermarts Ltd.-DC-1049,Direct,D-Mart,North,Madhya Pradesh,Mamaearth,4640000.0,12490000.0,100.0
Dec'24,2024-12-01,FY_24-25,Avenue Supermarts Ltd.-DC-1050,Direct,D-Mart,North,Punjab,Mamaearth,4680000.0,12490000.0,100.0
Dec'24,2024-12-01,FY_24-25,Avenue Supermarts Ltd.-DC-1068,Direct,D-Mart,North,Rajasthan,Mamaearth,3860000.0,9970000.0,100.0
Dec'24,2024-12-01,FY_24-25,Guardian Healthcare Services Pvt Ltd(DL),Direct,Guardian,North,Delhi,Aqualogica,30000.0,60000.0,100.0
Dec'24,2024-12-01,FY_24-25,Guardian Healthcare Services Pvt Ltd(DL),Direct,Guardian,North,Delhi,Mamaearth,90000.0,180000.0,100.0
Dec'24,2024-12-01,FY_24-25,Guardian Healthcare Services Pvt Ltd(DL),Direct,Guardian,North,Delhi,The Derma Co,20000.0,40000.0,100.0
Dec'24,2024-12-01,FY_24-25,Metro Cash & Carry India Pvt Ltd -(DC27)-T0SJ,Direct,Metro-CNC-RRL,South-1,Karnataka,BBLUNT,0.0,0.0,100.0
Dec'24,2024-12-01,FY_24-25,Metro Cash & Carry India Pvt Ltd -(DC27)-T0SJ,Direct,Metro-CNC-RRL,South-1,Karnataka,Mamaearth,80000.0,150000.0,100.0
Dec'24,2024-12-01,FY_24-25,Metro Cash & Carry India Pvt Ltd -(DC27)-T0SJ,Direct,Metro-CNC-RRL,South-1,Karnataka,The Derma Co,10000.0,10000.0,100.0
Dec'24,2024-12-01,FY_24-25,Metro Cash & Carry India Pvt Ltd-(DC10)-T0SM,Direct,Metro-CNC-RRL,South-1,Karnataka,Aqualogica,100000.0,160000.0,100.0
Dec'24,2024-12-01,FY_24-25,Metro Cash & Carry India Pvt Ltd-(DC10)-T0SM,Direct,Metro-CNC-RRL,South-1,Karnataka,BBLUNT,20000.0,40000.0,100.0
Dec'24,2024-12-01,FY_24-25,Metro Cash & Carry India Pvt Ltd-(DC10)-T0SM,Direct,Metro-CNC-RRL,South-1,Karnataka,Mamaearth,180000.0,380000.0,100.0
Dec'24,2024-12-01,FY_24-25,Metro Cash & Carry India Pvt Ltd-(DC11)-T0SL,Direct,Metro-CNC-RRL,South-1,Karnataka,Mamaearth,-10000.0,-10000.0,100.0
Dec'24,2024-12-01,FY_24-25,Metro Cash & Carry India Pvt Ltd-(DC11)-T0SL,Direct,Metro-CNC-RRL,South-1,Karnataka,The Derma Co,10000.0,10000.0,100.0
Dec'24,2024-12-01,FY_24-25,Metro Cash & Carry India Pvt Ltd-(DC12)-T0QX,Direct,Metro-CNC-RRL,South-2,Telangana,Aqualogica,-10000.0,-10000.0,100.0
Dec'24,2024-12-01,FY_24-25,Metro Cash & Carry India Pvt Ltd-(DC12)-T0QX,Direct,Metro-CNC-RRL,South-2,Telangana,Mamaearth,-10000.0,-30000.0,100.0
Dec'24,2024-12-01,FY_24-25,Metro Cash & Carry India Pvt Ltd-(DC12)-T0QX,Direct,Metro-CNC-RRL,South-2,Telangana,The Derma Co,-40000.0,-60000.0,100.0
Dec'24,2024-12-01,FY_24-25,Metro Cash & Carry India Pvt Ltd-(DC16)-T0QZ,Direct,Metro-CNC-RRL,South-2,Telangana,BBLUNT,10000.0,10000.0,100.0
Dec'24,2024-12-01,FY_24-25,Metro Cash & Carry India Pvt Ltd-(DC16)-T0QZ,Direct,Metro-CNC-RRL,South-2,Telangana,Mamaearth,-10000.0,-20000.0,100.0
Dec'24,2024-12-01,FY_24-25,Metro Cash & Carry India Pvt Ltd-(DC20)-T0RK,Direct,Metro-CNC-RRL,West,Mumbai,Mamaearth,20000.0,50000.0,100.0
Dec'24,2024-12-01,FY_24-25,Metro Cash & Carry India Pvt Ltd-(DC23)-T0RL,Direct,Metro-CNC-RRL,West,Mumbai,Mamaearth,30000.0,70000.0,100.0
Dec'24,2024-12-01,FY_24-25,Metro Cash & Carry India Pvt Ltd-(DC24)-T0RJ,Direct,Metro-CNC-RRL,North,Madhya Pradesh,Mamaearth,40000.0,80000.0,100.0
Dec'24,2024-12-01,FY_24-25,Metro Cash & Carry India Pvt Ltd-(DC25)-T0RB,Direct,Metro-CNC-RRL,West,Gujarat,Mamaearth,40000.0,100000.0,100.0
Dec'24,2024-12-01,FY_24-25,Metro Cash & Carry India Pvt Ltd-(DC26)-T0SP,Direct,Metro-CNC-RRL,South-1,Karnataka,Aqualogica,0.0,10000.0,100.0
Dec'24,2024-12-01,FY_24-25,Metro Cash & Carry India Pvt Ltd-(DC26)-T0SP,Direct,Metro-CNC-RRL,South-1,Karnataka,BBLUNT,10000.0,10000.0,100.0
Dec'24,2024-12-01,FY_24-25,Metro Cash & Carry India Pvt Ltd-(DC26)-T0SP,Direct,Metro-CNC-RRL,South-1,Karnataka,Mamaearth,0.0,20000.0,100.0
Dec'24,2024-12-01,FY_24-25,Metro Cash & Carry India Pvt Ltd-(DC26)-T0SP,Direct,Metro-CNC-RRL,South-1,Karnataka,The Derma Co,0.0,-10000.0,100.0
Dec'24,2024-12-01,FY_24-25,Metro Cash & Carry India Pvt Ltd-(DC28)-T0RF,Direct,Metro-CNC-RRL,West,Gujarat,Mamaearth,20000.0,50000.0,100.0
Dec'24,2024-12-01,FY_24-25,Metro Cash & Carry India Pvt Ltd-(DC30)-T0RM,Direct,Metro-CNC-RRL,West,Pune,Mamaearth,20000.0,50000.0,100.0
Dec'24,2024-12-01,FY_24-25,Metro Cash & Carry India Pvt Ltd-(DC32)-T0QU,Direct,Metro-CNC-RRL,North,UPW,Mamaearth,80000.0,150000.0,100.0
Dec'24,2024-12-01,FY_24-25,Metro Cash & Carry India Pvt Ltd-(DC36)-T0RH,Direct,Metro-CNC-RRL,South-2,Andhra Pradesh,BBLUNT,0.0,10000.0,100.0
Dec'24,2024-12-01,FY_24-25,Metro Cash & Carry India Pvt Ltd-(DC36)-T0RH,Direct,Metro-CNC-RRL,South-2,Andhra Pradesh,Mamaearth,30000.0,60000.0,100.0
Dec'24,2024-12-01,FY_24-25,Metro Cash & Carry India Pvt Ltd-(DC43)-T2YF,Direct,Metro-CNC-RRL,North,Punjab,Mamaearth,80000.0,160000.0,100.0
Dec'24,2024-12-01,FY_24-25,Metro Cash & Carry India Pvt Ltd-(DC43)-T2YF,Direct,Metro-CNC-RRL,North,Punjab,The Derma Co,10000.0,20000.0,100.0
Dec'24,2024-12-01,FY_24-25,Metro Cash & Carry India Pvt Ltd-(DC45)-T0RE,Direct,Metro-CNC-RRL,North,Rajasthan,Mamaearth,20000.0,60000.0,100.0
Dec'24,2024-12-01,FY_24-25,Metro Cash & Carry India Pvt Ltd-(DC46)-T0RC,Direct,Metro-CNC-RRL,North,Delhi,Mamaearth,30000.0,60000.0,100.0
Dec'24,2024-12-01,FY_24-25,Metro Cash & Carry India Pvt Ltd-(DC47)-T0SI,Direct,Metro-CNC-RRL,North,Punjab,Mamaearth,10000.0,40000.0,100.0
Dec'24,2024-12-01,FY_24-25,Metro Cash & Carry India Pvt Ltd-(DC48)-T0SK,Direct,Metro-CNC-RRL,North,Punjab,Mamaearth,10000.0,40000.0,100.0
Dec'24,2024-12-01,FY_24-25,Metro Cash & Carry India Pvt Ltd-(DC52)-T0RI,Direct,Metro-CNC-RRL,North,Delhi,Mamaearth,140000.0,330000.0,100.0
Dec'24,2024-12-01,FY_24-25,Metro Cash & Carry India Pvt Ltd-(DC53)-T0QV,Direct,Metro-CNC-RRL,North,Lucknow_UPE,Mamaearth,60000.0,130000.0,100.0
Dec'24,2024-12-01,FY_24-25,Metro Cash & Carry India Pvt Ltd-(DC54)-T0QW,Direct,Metro-CNC-RRL,North,UPW,Mamaearth,30000.0,50000.0,100.0
Dec'24,2024-12-01,FY_24-25,Metro Cash & Carry India Pvt Ltd-(DC60)-T0QS,Direct,Metro-CNC-RRL,East,West Bengal,The Derma Co,-50000.0,-80000.0,100.0
Dec'24,2024-12-01,FY_24-25,Reliance Retail Limited Ce08,Direct,Reliance Retail,East,Jharkhand,Mamaearth,1600000.0,4220000.0,100.0
Dec'24,2024-12-01,FY_24-25,Reliance Retail Limited Cf08,Direct,Reliance Retail,West,Mumbai,Mamaearth,720000.0,1790000.0,100.0
Dec'24,2024-12-01,FY_24-25,Reliance Retail Limited Fb08,Direct,Reliance Retail,North,Punjab,Mamaearth,1650000.0,3960000.0,100.0
Dec'24,2024-12-01,FY_24-25,Reliance Retail Limited Fd08,Direct,Reliance Retail,South-1,Karnataka,Mamaearth,60000.0,170000.0,100.0
Dec'24,2024-12-01,FY_24-25,Reliance Retail Limited R701,Direct,Reliance Retail,West,Gujarat,Mamaearth,1800000.0,4310000.0,100.0
Dec'24,2024-12-01,FY_24-25,Reliance Retail Limited R703,Direct,Reliance Retail,South-1,Tamil Nadu,Mamaearth,30000.0,90000.0,100.0
Dec'24,2024-12-01,FY_24-25,Reliance Retail Limited R801,Direct,Reliance Retail,East,Orissa,Aqualogica,40000.0,60000.0,100.0
Dec'24,2024-12-01,FY_24-25,Reliance Retail Limited R801,Direct,Reliance Retail,East,Orissa,Mamaearth,1820000.0,4400000.0,100.0
Dec'24,2024-12-01,FY_24-25,Reliance Retail Limited Sc79,Direct,Reliance Retail,West,Mumbai,Mamaearth,380000.0,870000.0,100.0
Dec'24,2024-12-01,FY_24-25,Reliance Retail Limited_2302,Direct,Reliance Retail,East,Jharkhand,Mamaearth,30000.0,70000.0,100.0
Dec'24,2024-12-01,FY_24-25,Reliance Retail Limited_2995,Direct,Reliance Retail,North,Haryana,Mamaearth,130000.0,230000.0,100.0
Dec'24,2024-12-01,FY_24-25,Reliance Retail Limited_2996,Direct,Reliance Retail,North,Punjab,Mamaearth,90000.0,160000.0,100.0
Dec'24,2024-12-01,FY_24-25,Reliance Retail Limited_3210,Direct,Reliance Retail,North,Madhya Pradesh,Mamaearth,40000.0,80000.0,100.0
Dec'24,2024-12-01,FY_24-25,Reliance Retail Limited_6209,Direct,Reliance Retail,West,Pune,Mamaearth,40000.0,90000.0,100.0
Dec'24,2024-12-01,FY_24-25,Reliance Retail Limited_6221,Direct,Reliance Retail,West,Mumbai,Mamaearth,60000.0,100000.0,100.0
Dec'24,2024-12-01,FY_24-25,Reliance Retail Limited_6717,Direct,Reliance Retail,North,Rajasthan,Mamaearth,20000.0,50000.0,100.0
Dec'24,2024-12-01,FY_24-25,Reliance Retail Limited_6719,Direct,Reliance Retail,West,Pune,Mamaearth,60000.0,120000.0,100.0
Dec'24,2024-12-01,FY_24-25,Reliance Retail Limited_6722,Direct,Reliance Retail,North,Delhi,Mamaearth,40000.0,90000.0,100.0
Dec'24,2024-12-01,FY_24-25,Reliance Retail Limited_6727,Direct,Reliance Retail,North,Haryana,Mamaearth,50000.0,100000.0,100.0
Dec'24,2024-12-01,FY_24-25,Reliance Retail Limited_FR00,Direct,Reliance Retail,West,Mumbai,Mamaearth,50000.0,110000.0,100.0
Dec'24,2024-12-01,FY_24-25,Reliance Retail Limited_FR02,Direct,Reliance Retail,West,Mumbai,Mamaearth,20000.0,60000.0,100.0
Dec'24,2024-12-01,FY_24-25,Reliance Retail Limited_FR03,Direct,Reliance Retail,West,Mumbai,Mamaearth,50000.0,100000.0,100.0
Dec'24,2024-12-01,FY_24-25,Reliance Retail Limited_FR10,Direct,Reliance Retail,West,Mumbai,Mamaearth,40000.0,80000.0,100.0
Dec'24,2024-12-01,FY_24-25,Reliance Retail Limited_FR27,Direct,Reliance Retail,North,Madhya Pradesh,Mamaearth,110000.0,200000.0,100.0
Dec'24,2024-12-01,FY_24-25,Reliance Retail Limited_FR30,Direct,Reliance Retail,North,Madhya Pradesh,Mamaearth,40000.0,90000.0,100.0
Dec'24,2024-12-01,FY_24-25,Reliance Retail Limited_FR60,Direct,Reliance Retail,West,Gujarat,Mamaearth,50000.0,100000.0,100.0
Dec'24,2024-12-01,FY_24-25,Reliance Retail Limited_FR62,Direct,Reliance Retail,East,Orissa,Aqualogica,10000.0,20000.0,100.0
Dec'24,2024-12-01,FY_24-25,Reliance Retail Limited_FR62,Direct,Reliance Retail,East,Orissa,BBLUNT,10000.0,10000.0,100.0
Dec'24,2024-12-01,FY_24-25,Reliance Retail Limited_FR62,Direct,Reliance Retail,East,Orissa,Mamaearth,30000.0,60000.0,100.0
Dec'24,2024-12-01,FY_24-25,Reliance Retail Limited_FR62,Direct,Reliance Retail,East,Orissa,The Derma Co,10000.0,20000.0,100.0
Dec'24,2024-12-01,FY_24-25,Reliance Retail Limited_FR64,Direct,Reliance Retail,East,Orissa,Mamaearth,0.0,20000.0,100.0
Dec'24,2024-12-01,FY_24-25,Reliance Retail Limited_FR76,Direct,Reliance Retail,East,West Bengal,Aqualogica,10000.0,20000.0,100.0
Dec'24,2024-12-01,FY_24-25,Reliance Retail Limited_FR76,Direct,Reliance Retail,East,West Bengal,BBLUNT,10000.0,20000.0,100.0
Dec'24,2024-12-01,FY_24-25,Reliance Retail Limited_FR76,Direct,Reliance Retail,East,West Bengal,Mamaearth,-20000.0,-10000.0,100.0
Dec'24,2024-12-01,FY_24-25,Reliance Retail Limited_FR76,Direct,Reliance Retail,East,West Bengal,The Derma Co,10000.0,10000.0,100.0
Dec'24,2024-12-01,FY_24-25,Reliance Retail Limited_Fr87,Direct,Reliance Retail,North,Haryana,Mamaearth,2500000.0,5980000.0,100.0
Dec'24,2024-12-01,FY_24-25,Reliance Retail Limited_Fr89,Direct,Reliance Retail,North,UPW,Mamaearth,570000.0,1250000.0,100.0
Dec'24,2024-12-01,FY_24-25,Reliance Retail Limited_FRAQ,Direct,Reliance Retail,East,Jharkhand,Mamaearth,20000.0,30000.0,100.0
Dec'24,2024-12-01,FY_24-25,Reliance Retail Limited_FRAT,Direct,Reliance Retail,East,Jharkhand,Aqualogica,10000.0,10000.0,100.0
Dec'24,2024-12-01,FY_24-25,Reliance Retail Limited_FRAT,Direct,Reliance Retail,East,Jharkhand,BBLUNT,20000.0,30000.0,100.0
Dec'24,2024-12-01,FY_24-25,Reliance Retail Limited_FRAT,Direct,Reliance Retail,East,Jharkhand,Mamaearth,60000.0,120000.0,100.0
Dec'24,2024-12-01,FY_24-25,Reliance Retail Limited_FRAT,Direct,Reliance Retail,East,Jharkhand,The Derma Co,30000.0,50000.0,100.0
Dec'24,2024-12-01,FY_24-25,Reliance Retail Limited_Fraz,Direct,Reliance Retail,North,Punjab,Mamaearth,740000.0,1630000.0,100.0
Dec'24,2024-12-01,FY_24-25,Reliance Retail Limited_FRBD,Direct,Reliance Retail,North,Punjab,Mamaearth,40000.0,70000.0,100.0
Dec'24,2024-12-01,FY_24-25,Reliance Retail Limited_FRBR,Direct,Reliance Retail,East,West Bengal,Mamaearth,30000.0,70000.0,100.0
Dec'24,2024-12-01,FY_24-25,Reliance Retail Limited_FRBS,Direct,Reliance Retail,East,West Bengal,Aqualogica,0.0,0.0,100.0
Dec'24,2024-12-01,FY_24-25,Reliance Retail Limited_FRBS,Direct,Reliance Retail,East,West Bengal,BBLUNT,10000.0,20000.0,100.0
Dec'24,2024-12-01,FY_24-25,Reliance Retail Limited_FRBS,Direct,Reliance Retail,East,West Bengal,Mamaearth,30000.0,60000.0,100.0
Dec'24,2024-12-01,FY_24-25,Reliance Retail Limited_FRBS,Direct,Reliance Retail,East,West Bengal,The Derma Co,10000.0,20000.0,100.0
Dec'24,2024-12-01,FY_24-25,Reliance Retail Limited_FRBU,Direct,Reliance Retail,East,West Bengal,Aqualogica,10000.0,10000.0,100.0
Dec'24,2024-12-01,FY_24-25,Reliance Retail Limited_FRBU,Direct,Reliance Retail,East,West Bengal,BBLUNT,20000.0,30000.0,100.0
Dec'24,2024-12-01,FY_24-25,Reliance Retail Limited_FRBU,Direct,Reliance Retail,East,West Bengal,Mamaearth,30000.0,60000.0,100.0
Dec'24,2024-12-01,FY_24-25,Reliance Retail Limited_FRBU,Direct,Reliance Retail,East,West Bengal,The Derma Co,20000.0,30000.0,100.0
Dec'24,2024-12-01,FY_24-25,Reliance Retail Limited_FRBW,Direct,Reliance Retail,East,West Bengal,Mamaearth,30000.0,70000.0,100.0
Dec'24,2024-12-01,FY_24-25,Reliance Retail Limited_FRCG,Direct,Reliance Retail,East,West Bengal,Mamaearth,30000.0,60000.0,100.0
Dec'24,2024-12-01,FY_24-25,Reliance Retail Limited_FRCH,Direct,Reliance Retail,East,West Bengal,Mamaearth,30000.0,70000.0,100.0
Dec'24,2024-12-01,FY_24-25,Reliance Retail Limited_FRCJ,Direct,Reliance Retail,East,West Bengal,Mamaearth,20000.0,50000.0,100.0
Dec'24,2024-12-01,FY_24-25,Reliance Retail Limited_FRCP,Direct,Reliance Retail,North,Haryana,Aqualogica,10000.0,20000.0,100.0
Dec'24,2024-12-01,FY_24-25,Reliance Retail Limited_FRCP,Direct,Reliance Retail,North,Haryana,BBLUNT,20000.0,40000.0,100.0
Dec'24,2024-12-01,FY_24-25,Reliance Retail Limited_FRCP,Direct,Reliance Retail,North,Haryana,The Derma Co,10000.0,20000.0,100.0
Dec'24,2024-12-01,FY_24-25,Reliance Retail Limited_FRCQ,Direct,Reliance Retail,North,Haryana,Mamaearth,20000.0,50000.0,100.0
Dec'24,2024-12-01,FY_24-25,Reliance Retail Limited_FRCS,Direct,Reliance Retail,North,Delhi,Mamaearth,50000.0,90000.0,100.0
Dec'24,2024-12-01,FY_24-25,Reliance Retail Limited_FRDA,Direct,Reliance Retail,North,Delhi,Mamaearth,40000.0,80000.0,100.0
Dec'24,2024-12-01,FY_24-25,Reliance Retail Limited_FRDB,Direct,Reliance Retail,North,Delhi,Aqualogica,10000.0,20000.0,100.0
Dec'24,2024-12-01,FY_24-25,Reliance Retail Limited_FRDB,Direct,Reliance Retail,North,Delhi,BBLUNT,10000.0,20000.0,100.0
Dec'24,2024-12-01,FY_24-25,Reliance Retail Limited_FRDB,Direct,Reliance Retail,North,Delhi,Mamaearth,40000.0,80000.0,100.0
Dec'24,2024-12-01,FY_24-25,Reliance Retail Limited_FRDB,Direct,Reliance Retail,North,Delhi,The Derma Co,20000.0,40000.0,100.0
Dec'24,2024-12-01,FY_24-25,Reliance Retail Limited_FRDI,Direct,Reliance Retail,North,UPW,Mamaearth,20000.0,50000.0,100.0
Dec'24,2024-12-01,FY_24-25,Reliance Retail Limited_FRDK,Direct,Reliance Retail,North,UPW,Aqualogica,20000.0,20000.0,100.0
Dec'24,2024-12-01,FY_24-25,Reliance Retail Limited_FRDK,Direct,Reliance Retail,North,UPW,BBLUNT,20000.0,30000.0,100.0
Dec'24,2024-12-01,FY_24-25,Reliance Retail Limited_FRDK,Direct,Reliance Retail,North,UPW,Mamaearth,80000.0,170000.0,100.0
Dec'24,2024-12-01,FY_24-25,Reliance Retail Limited_FRDK,Direct,Reliance Retail,North,UPW,The Derma Co,20000.0,30000.0,100.0
Dec'24,2024-12-01,FY_24-25,Reliance Retail Limited_FRDL,Direct,Reliance Retail,North,UPW,Aqualogica,10000.0,20000.0,100.0
Dec'24,2024-12-01,FY_24-25,Reliance Retail Limited_FRDL,Direct,Reliance Retail,North,UPW,BBLUNT,20000.0,30000.0,100.0
Dec'24,2024-12-01,FY_24-25,Reliance Retail Limited_FRDL,Direct,Reliance Retail,North,UPW,Mamaearth,90000.0,160000.0,100.0
Dec'24,2024-12-01,FY_24-25,Reliance Retail Limited_FRDL,Direct,Reliance Retail,North,UPW,The Derma Co,20000.0,30000.0,100.0
Dec'24,2024-12-01,FY_24-25,Reliance Retail Limited_FRDP,Direct,Reliance Retail,North,Rajasthan,Mamaearth,110000.0,190000.0,100.0
Dec'24,2024-12-01,FY_24-25,Reliance Retail Limited_FRDT,Direct,Reliance Retail,North,Rajasthan,Mamaearth,30000.0,70000.0,100.0
Dec'24,2024-12-01,FY_24-25,Reliance Retail Limited_FREM,Direct,Reliance Retail,North,Rajasthan,Mamaearth,50000.0,100000.0,100.0
Dec'24,2024-12-01,FY_24-25,Reliance Retail Limited_FRER,Direct,Reliance Retail,North,Rajasthan,Mamaearth,60000.0,120000.0,100.0
Dec'24,2024-12-01,FY_24-25,Reliance Retail Limited_FREX,Direct,Reliance Retail,North,Lucknow_UPE,Mamaearth,40000.0,80000.0,100.0
Dec'24,2024-12-01,FY_24-25,Reliance Retail Limited_FRFA,Direct,Reliance Retail,North,Lucknow_UPE,Mamaearth,110000.0,200000.0,100.0
Dec'24,2024-12-01,FY_24-25,Reliance Retail Limited_FRFD,Direct,Reliance Retail,East,Orissa,Mamaearth,40000.0,90000.0,100.0
Dec'24,2024-12-01,FY_24-25,Reliance Retail Limited_FRFK,Direct,Reliance Retail,North,Lucknow_UPE,Mamaearth,40000.0,70000.0,100.0
Dec'24,2024-12-01,FY_24-25,Reliance Retail Limited_FRFR,Direct,Reliance Retail,North,Uttarakhand,Mamaearth,40000.0,80000.0,100.0
Dec'24,2024-12-01,FY_24-25,Reliance Retail Limited_FRFU,Direct,Reliance Retail,East,Bihar,Mamaearth,30000.0,70000.0,100.0
Dec'24,2024-12-01,FY_24-25,Reliance Retail Limited_FRFV,Direct,Reliance Retail,East,Bihar,Mamaearth,30000.0,60000.0,100.0
Dec'24,2024-12-01,FY_24-25,Reliance Retail Limited_FRGC,Direct,Reliance Retail,North,Lucknow_UPE,Mamaearth,40000.0,90000.0,100.0
Dec'24,2024-12-01,FY_24-25,Reliance Retail Limited_FRGF,Direct,Reliance Retail,North,Lucknow_UPE,Mamaearth,110000.0,200000.0,100.0
Dec'24,2024-12-01,FY_24-25,Reliance Retail Limited_FRGK,Direct,Reliance Retail,North,Jammu,Mamaearth,40000.0,90000.0,100.0
Dec'24,2024-12-01,FY_24-25,Reliance Retail Limited_FRGM,Direct,Reliance Retail,West,Chattishgarh,Mamaearth,50000.0,110000.0,100.0
Dec'24,2024-12-01,FY_24-25,Reliance Retail Limited_FRGW,Direct,Reliance Retail,North,Lucknow_UPE,Mamaearth,90000.0,170000.0,100.0
Dec'24,2024-12-01,FY_24-25,Reliance Retail Limited_FRHC,Direct,Reliance Retail,North,Lucknow_UPE,Mamaearth,40000.0,80000.0,100.0
Dec'24,2024-12-01,FY_24-25,Reliance Retail Limited_FRHF,Direct,Reliance Retail,North,Lucknow_UPE,Mamaearth,50000.0,100000.0,100.0
Dec'24,2024-12-01,FY_24-25,Reliance Retail Limited_FRHM,Direct,Reliance Retail,North,Madhya Pradesh,Mamaearth,50000.0,100000.0,100.0
Dec'24,2024-12-01,FY_24-25,Reliance Retail Limited_FRHR,Direct,Reliance Retail,North,Lucknow_UPE,Mamaearth,60000.0,120000.0,100.0
Dec'24,2024-12-01,FY_24-25,Reliance Retail Limited_Frhv,Direct,Reliance Retail,North,Lucknow_UPE,Mamaearth,1690000.0,4160000.0,100.0
Dec'24,2024-12-01,FY_24-25,RELIANCE RETAIL LIMITED_FRIA,Direct,Reliance Retail,East,Bihar,Mamaearth,1750000.0,4410000.0,100.0
Dec'24,2024-12-01,FY_24-25,Reliance Retail Limited_FRLF,Direct,Reliance Retail,East,West Bengal,Mamaearth,30000.0,70000.0,100.0
Dec'24,2024-12-01,FY_24-25,Reliance Retail Limited_S0IX,Direct,Reliance Retail,West,Pune,Mamaearth,760000.0,1820000.0,100.0
Dec'24,2024-12-01,FY_24-25,Reliance Retail Limited_S0XE,Direct,Reliance Retail,South-1,Kerala,Aqualogica,40000.0,60000.0,100.0
Dec'24,2024-12-01,FY_24-25,Reliance Retail Limited_S0XE,Direct,Reliance Retail,South-1,Kerala,Mamaearth,1810000.0,4180000.0,100.0
Dec'24,2024-12-01,FY_24-25,Reliance Retail Limited_SAHO,Direct,Reliance Retail,South-1,Tamil Nadu,Mamaearth,280000.0,790000.0,100.0
Dec'24,2024-12-01,FY_24-25,Reliance Retail Limited_SAOS,Direct,Reliance Retail,East,West Bengal,Mamaearth,790000.0,1880000.0,100.0
Dec'24,2024-12-01,FY_24-25,Reliance Retail Limited_Sb01,Direct,Reliance Retail,West,Mumbai,Mamaearth,810000.0,2000000.0,100.0
Dec'24,2024-12-01,FY_24-25,RELIANCE RETAIL LIMITED_SF52,Direct,Reliance Retail,South-1,Tamil Nadu,Mamaearth,-10000.0,-10000.0,100.0
Dec'24,2024-12-01,FY_24-25,Reliance Retail Limited_Sk8I,Direct,Reliance Retail,North,Uttarakhand,Mamaearth,200000.0,510000.0,100.0
Dec'24,2024-12-01,FY_24-25,Reliance Retail Limited_SL6S,Direct,Reliance Retail,North,Rajasthan,Mamaearth,1540000.0,3800000.0,100.0
Dec'24,2024-12-01,FY_24-25,Reliance Retail Limited_SZ9J,Direct,Reliance Retail,North,Madhya Pradesh,Mamaearth,100000.0,200000.0,100.0
Dec'24,2024-12-01,FY_24-25,Reliance Retail Limited_T62I,Direct,Reliance Retail,West,Chattishgarh,Mamaearth,30000.0,70000.0,100.0
Dec'24,2024-12-01,FY_24-25,Reliance Retail Limited_T913,Direct,Reliance Retail,North,UPW,Aqualogica,20000.0,30000.0,100.0
Dec'24,2024-12-01,FY_24-25,Reliance Retail Limited_T913,Direct,Reliance Retail,North,UPW,BBLUNT,20000.0,30000.0,100.0
Dec'24,2024-12-01,FY_24-25,Reliance Retail Limited_T913,Direct,Reliance Retail,North,UPW,Mamaearth,70000.0,140000.0,100.0
Dec'24,2024-12-01,FY_24-25,Reliance Retail Limited_T913,Direct,Reliance Retail,North,UPW,The Derma Co,40000.0,60000.0,100.0
Dec'24,2024-12-01,FY_24-25,Reliance Retail Limited_T946,Direct,Reliance Retail,North,Rajasthan,Mamaearth,60000.0,120000.0,100.0
Dec'24,2024-12-01,FY_24-25,Reliance Retail Limited_TB15,Direct,Reliance Retail,North,Madhya Pradesh,Mamaearth,30000.0,60000.0,100.0
Dec'24,2024-12-01,FY_24-25,Reliance Retail Limited_TDC7,Direct,Reliance Retail,East,Orissa,Mamaearth,40000.0,80000.0,100.0
Dec'24,2024-12-01,FY_24-25,Reliance Retail Limited_TDE3,Direct,Reliance Retail,West,Pune,Mamaearth,-10000.0,-20000.0,100.0
Dec'24,2024-12-01,FY_24-25,Reliance Retail Limited_TE57,Direct,Reliance Retail,North,Punjab,Mamaearth,100000.0,180000.0,100.0
Dec'24,2024-12-01,FY_24-25,Reliance Retail Limited_TFY8,Direct,Reliance Retail,North,Madhya Pradesh,Mamaearth,70000.0,140000.0,100.0
Dec'24,2024-12-01,FY_24-25,Reliance Retail Limited_TG87,Direct,Reliance Retail,South-1,Kerala,Mamaearth,40000.0,80000.0,100.0
Dec'24,2024-12-01,FY_24-25,Reliance Retail Limited_TH94,Direct,Reliance Retail,North,Rajasthan,Mamaearth,130000.0,230000.0,100.0
Dec'24,2024-12-01,FY_24-25,Reliance Retail Limited_TI77,Direct,Reliance Retail,North,UPW,Mamaearth,90000.0,170000.0,100.0
Dec'24,2024-12-01,FY_24-25,Reliance Retail Limited_TK48,Direct,Reliance Retail,East,Jharkhand,Mamaearth,40000.0,80000.0,100.0
Dec'24,2024-12-01,FY_24-25,Reliance Retail Limited_TMW7,Direct,Reliance Retail,West,Mumbai,Mamaearth,70000.0,140000.0,100.0
Dec'24,2024-12-01,FY_24-25,Reliance Retail Limited_TMZ5,Direct,Reliance Retail,East,West Bengal,Mamaearth,10000.0,30000.0,100.0
Dec'24,2024-12-01,FY_24-25,Reliance Retail Limited_TN55,Direct,Reliance Retail,East,West Bengal,Mamaearth,30000.0,70000.0,100.0
Dec'24,2024-12-01,FY_24-25,Reliance Retail Limited_TN56,Direct,Reliance Retail,East,Orissa,Mamaearth,20000.0,60000.0,100.0
Dec'24,2024-12-01,FY_24-25,Reliance Retail Limited_TNB7,Direct,Reliance Retail,West,Chattishgarh,Mamaearth,30000.0,60000.0,100.0
Dec'24,2024-12-01,FY_24-25,Reliance Retail Limited_TNC1,Direct,Reliance Retail,North,Uttarakhand,Aqualogica,10000.0,20000.0,100.0
Dec'24,2024-12-01,FY_24-25,Reliance Retail Limited_TNC1,Direct,Reliance Retail,North,Uttarakhand,BBLUNT,20000.0,40000.0,100.0
Dec'24,2024-12-01,FY_24-25,Reliance Retail Limited_TNC1,Direct,Reliance Retail,North,Uttarakhand,Mamaearth,100000.0,190000.0,100.0
Dec'24,2024-12-01,FY_24-25,Reliance Retail Limited_TNC1,Direct,Reliance Retail,North,Uttarakhand,The Derma Co,40000.0,60000.0,100.0
Dec'24,2024-12-01,FY_24-25,Reliance Retail Limited_TNC6,Direct,Reliance Retail,North,Punjab,Mamaearth,130000.0,240000.0,100.0
Dec'24,2024-12-01,FY_24-25,Reliance Retail Limited_TNC8,Direct,Reliance Retail,South-1,Karnataka,Mamaearth,40000.0,80000.0,100.0
Dec'24,2024-12-01,FY_24-25,Reliance Retail Limited_TND0,Direct,Reliance Retail,South-1,Karnataka,Mamaearth,40000.0,80000.0,100.0
Dec'24,2024-12-01,FY_24-25,Reliance Retail Limited_TNE3,Direct,Reliance Retail,North,Uttarakhand,Mamaearth,50000.0,90000.0,100.0
Dec'24,2024-12-01,FY_24-25,Reliance Retail Limited_TNP8,Direct,Reliance Retail,West,Pune,Mamaearth,50000.0,110000.0,100.0
Dec'24,2024-12-01,FY_24-25,Reliance Retail Limited_TO20,Direct,Reliance Retail,North,Madhya Pradesh,Mamaearth,30000.0,60000.0,100.0
Dec'24,2024-12-01,FY_24-25,Reliance Retail Limited_TOJ6,Direct,Reliance Retail,West,Mumbai,Mamaearth,40000.0,90000.0,100.0
Dec'24,2024-12-01,FY_24-25,Reliance Retail Limited_TP05,Direct,Reliance Retail,North,Haryana,Mamaearth,60000.0,120000.0,100.0
Dec'24,2024-12-01,FY_24-25,Reliance Retail Limited_TP75,Direct,Reliance Retail,North,Madhya Pradesh,Mamaearth,90000.0,160000.0,100.0
Dec'24,2024-12-01,FY_24-25,Reliance Retail Limited_TP76,Direct,Reliance Retail,North,Rajasthan,Mamaearth,120000.0,220000.0,100.0
Dec'24,2024-12-01,FY_24-25,Reliance Retail Limited_TQ21,Direct,Reliance Retail,West,Mumbai,Mamaearth,20000.0,50000.0,100.0
Dec'24,2024-12-01,FY_24-25,Reliance Retail Limited_TQ22,Direct,Reliance Retail,East,West Bengal,Mamaearth,30000.0,70000.0,100.0
Dec'24,2024-12-01,FY_24-25,Reliance Retail Limited_TU21,Direct,Reliance Retail,North,Delhi,Mamaearth,40000.0,80000.0,100.0
Dec'24,2024-12-01,FY_24-25,Reliance Retail Limited_TW60,Direct,Reliance Retail,East,Orissa,Mamaearth,50000.0,110000.0,100.0
Dec'24,2024-12-01,FY_24-25,Reliance Retail Limited_TY87,Direct,Reliance Retail,North,Rajasthan,Mamaearth,110000.0,200000.0,100.0
Dec'24,2024-12-01,FY_24-25,Reliance Retail Limited-2956,Direct,Reliance Retail,East,Jharkhand,Mamaearth,20000.0,60000.0,100.0
Dec'24,2024-12-01,FY_24-25,Reliance Retail Limited-2959,Direct,Reliance Retail,East,Orissa,Mamaearth,80000.0,150000.0,100.0
Dec'24,2024-12-01,FY_24-25,Reliance Retail Limited-6202,Direct,Reliance Retail,West,Gujarat,Aqualogica,0.0,10000.0,100.0
Dec'24,2024-12-01,FY_24-25,Reliance Retail Limited-6202,Direct,Reliance Retail,West,Gujarat,BBLUNT,10000.0,10000.0,100.0
Dec'24,2024-12-01,FY_24-25,Reliance Retail Limited-6202,Direct,Reliance Retail,West,Gujarat,Mamaearth,50000.0,90000.0,100.0
Dec'24,2024-12-01,FY_24-25,Reliance Retail Limited-6202,Direct,Reliance Retail,West,Gujarat,The Derma Co,0.0,10000.0,100.0
Dec'24,2024-12-01,FY_24-25,Reliance Retail Limited-6205,Direct,Reliance Retail,North,Haryana,Aqualogica,30000.0,50000.0,100.0
Dec'24,2024-12-01,FY_24-25,Reliance Retail Limited-6205,Direct,Reliance Retail,North,Haryana,BBLUNT,10000.0,20000.0,100.0
Dec'24,2024-12-01,FY_24-25,Reliance Retail Limited-6205,Direct,Reliance Retail,North,Haryana,Mamaearth,100000.0,190000.0,100.0
Dec'24,2024-12-01,FY_24-25,Reliance Retail Limited-6205,Direct,Reliance Retail,North,Haryana,The Derma Co,20000.0,30000.0,100.0
Dec'24,2024-12-01,FY_24-25,Reliance Retail Limited-6206,Direct,Reliance Retail,East,Jharkhand,Mamaearth,20000.0,40000.0,100.0
Dec'24,2024-12-01,FY_24-25,Reliance Retail Limited-6208,Direct,Reliance Retail,West,Pune,Mamaearth,10000.0,30000.0,100.0
Dec'24,2024-12-01,FY_24-25,Reliance Retail Limited-6210,Direct,Reliance Retail,West,Mumbai,Mamaearth,60000.0,110000.0,100.0
Dec'24,2024-12-01,FY_24-25,Reliance Retail Limited-6214,Direct,Reliance Retail,South-1,Tamil Nadu,Mamaearth,140000.0,260000.0,100.0
Dec'24,2024-12-01,FY_24-25,Reliance Retail Limited-6217,Direct,Reliance Retail,West,Mumbai,Aqualogica,20000.0,30000.0,100.0
Dec'24,2024-12-01,FY_24-25,Reliance Retail Limited-6217,Direct,Reliance Retail,West,Mumbai,Mamaearth,30000.0,70000.0,100.0
Dec'24,2024-12-01,FY_24-25,Reliance Retail Limited-6219,Direct,Reliance Retail,West,Pune,Mamaearth,-10000.0,0.0,100.0
Dec'24,2024-12-01,FY_24-25,Reliance Retail Limited-6220,Direct,Reliance Retail,West,Mumbai,Mamaearth,220000.0,440000.0,100.0
Dec'24,2024-12-01,FY_24-25,Reliance Retail Limited-6220,Direct,Reliance Retail,West,Mumbai,The Derma Co,0.0,0.0,100.0
Dec'24,2024-12-01,FY_24-25,Reliance Retail Limited-6224,Direct,Reliance Retail,East,Orissa,Aqualogica,60000.0,90000.0,100.0
Dec'24,2024-12-01,FY_24-25,Reliance Retail Limited-6224,Direct,Reliance Retail,East,Orissa,Mamaearth,10000.0,40000.0,100.0
Dec'24,2024-12-01,FY_24-25,Reliance Retail Limited-6224,Direct,Reliance Retail,East,Orissa,The Derma Co,0.0,0.0,100.0
Dec'24,2024-12-01,FY_24-25,Reliance Retail Limited-6225,Direct,Reliance Retail,South-1,Karnataka,Mamaearth,-10000.0,0.0,100.0
Dec'24,2024-12-01,FY_24-25,Reliance Retail Limited-6239,Direct,Reliance Retail,North,Delhi,Mamaearth,130000.0,240000.0,100.0
Dec'24,2024-12-01,FY_24-25,Reliance Retail Limited-6239,Direct,Reliance Retail,North,Delhi,The Derma Co,0.0,0.0,100.0
Dec'24,2024-12-01,FY_24-25,Reliance Retail Limited-6703,Direct,Reliance Retail,West,Gujarat,Mamaearth,20000.0,40000.0,100.0
Dec'24,2024-12-01,FY_24-25,Reliance Retail Limited-6705,Direct,Reliance Retail,South-1,Kerala,Mamaearth,110000.0,200000.0,100.0
Dec'24,2024-12-01,FY_24-25,Reliance Retail Limited-6726,Direct,Reliance Retail,North,Rajasthan,Mamaearth,40000.0,80000.0,100.0
Dec'24,2024-12-01,FY_24-25,RELIANCE RETAIL LIMITED-Badli,Direct,Reliance Retail,North,Haryana,Mamaearth,1690000.0,4080000.0,100.0
Dec'24,2024-12-01,FY_24-25,Reliance Retail Limited-FR04,Direct,Reliance Retail,West,Mumbai,Aqualogica,-40000.0,-60000.0,100.0
Dec'24,2024-12-01,FY_24-25,Reliance Retail Limited-FR04,Direct,Reliance Retail,West,Mumbai,Mamaearth,40000.0,80000.0,100.0
Dec'24,2024-12-01,FY_24-25,Reliance Retail Limited-FR04,Direct,Reliance Retail,West,Mumbai,The Derma Co,-230000.0,-370000.0,100.0
Dec'24,2024-12-01,FY_24-25,Reliance Retail Limited-FR08,Direct,Reliance Retail,West,Mumbai,Mamaearth,10000.0,40000.0,100.0
Dec'24,2024-12-01,FY_24-25,Reliance Retail Limited-FR15,Direct,Reliance Retail,West,Mumbai,Mamaearth,90000.0,170000.0,100.0
Dec'24,2024-12-01,FY_24-25,Reliance Retail Limited-FR22,Direct,Reliance Retail,West,Mumbai,Mamaearth,50000.0,100000.0,100.0
Dec'24,2024-12-01,FY_24-25,Reliance Retail Limited-FR23,Direct,Reliance Retail,West,Pune,Mamaearth,40000.0,70000.0,100.0
Dec'24,2024-12-01,FY_24-25,Reliance Retail Limited-FR45,Direct,Reliance Retail,South-1,Karnataka,BBLUNT,10000.0,10000.0,100.0
Dec'24,2024-12-01,FY_24-25,Reliance Retail Limited-FR45,Direct,Reliance Retail,South-1,Karnataka,Mamaearth,30000.0,70000.0,100.0
Dec'24,2024-12-01,FY_24-25,Reliance Retail Limited-FR45,Direct,Reliance Retail,South-1,Karnataka,The Derma Co,0.0,10000.0,100.0
Dec'24,2024-12-01,FY_24-25,Reliance Retail Limited-FR48,Direct,Reliance Retail,South-1,Karnataka,Mamaearth,100000.0,180000.0,100.0
Dec'24,2024-12-01,FY_24-25,Reliance Retail Limited-FR50,Direct,Reliance Retail,South-1,Karnataka,Mamaearth,60000.0,110000.0,100.0
Dec'24,2024-12-01,FY_24-25,Reliance Retail Limited-FR63,Direct,Reliance Retail,East,Orissa,Aqualogica,10000.0,10000.0,100.0
Dec'24,2024-12-01,FY_24-25,Reliance Retail Limited-FR63,Direct,Reliance Retail,East,Orissa,BBLUNT,10000.0,20000.0,100.0
Dec'24,2024-12-01,FY_24-25,Reliance Retail Limited-FR63,Direct,Reliance Retail,East,Orissa,Mamaearth,30000.0,60000.0,100.0
Dec'24,2024-12-01,FY_24-25,Reliance Retail Limited-FR63,Direct,Reliance Retail,East,Orissa,The Derma Co,20000.0,30000.0,100.0
Dec'24,2024-12-01,FY_24-25,Reliance Retail Limited-FR67,Direct,Reliance Retail,East,Orissa,Mamaearth,30000.0,70000.0,100.0
Dec'24,2024-12-01,FY_24-25,Reliance Retail Limited-FR73,Direct,Reliance Retail,East,West Bengal,Aqualogica,0.0,0.0,100.0
Dec'24,2024-12-01,FY_24-25,Reliance Retail Limited-FR73,Direct,Reliance Retail,East,West Bengal,BBLUNT,0.0,10000.0,100.0
Dec'24,2024-12-01,FY_24-25,Reliance Retail Limited-FR73,Direct,Reliance Retail,East,West Bengal,Mamaearth,10000.0,30000.0,100.0
Dec'24,2024-12-01,FY_24-25,Reliance Retail Limited-FR73,Direct,Reliance Retail,East,West Bengal,The Derma Co,10000.0,10000.0,100.0
Dec'24,2024-12-01,FY_24-25,Reliance Retail Limited-FR74,Direct,Reliance Retail,East,West Bengal,Mamaearth,30000.0,70000.0,100.0
Dec'24,2024-12-01,FY_24-25,Reliance Retail Limited-FR94,Direct,Reliance Retail,South-1,Kerala,Mamaearth,130000.0,240000.0,100.0
Dec'24,2024-12-01,FY_24-25,Reliance Retail Limited-FR95,Direct,Reliance Retail,South-1,Kerala,Mamaearth,100000.0,190000.0,100.0
Dec'24,2024-12-01,FY_24-25,Reliance Retail Limited-FRAR,Direct,Reliance Retail,East,Jharkhand,Aqualogica,10000.0,20000.0,100.0
Dec'24,2024-12-01,FY_24-25,Reliance Retail Limited-FRAR,Direct,Reliance Retail,East,Jharkhand,BBLUNT,10000.0,10000.0,100.0
Dec'24,2024-12-01,FY_24-25,Reliance Retail Limited-FRAR,Direct,Reliance Retail,East,Jharkhand,Mamaearth,30000.0,60000.0,100.0
Dec'24,2024-12-01,FY_24-25,Reliance Retail Limited-FRAR,Direct,Reliance Retail,East,Jharkhand,The Derma Co,10000.0,20000.0,100.0
Dec'24,2024-12-01,FY_24-25,Reliance Retail Limited-FRAU,Direct,Reliance Retail,East,Jharkhand,Aqualogica,10000.0,10000.0,100.0
Dec'24,2024-12-01,FY_24-25,Reliance Retail Limited-FRAU,Direct,Reliance Retail,East,Jharkhand,BBLUNT,0.0,10000.0,100.0
Dec'24,2024-12-01,FY_24-25,Reliance Retail Limited-FRAU,Direct,Reliance Retail,East,Jharkhand,Mamaearth,10000.0,30000.0,100.0
Dec'24,2024-12-01,FY_24-25,Reliance Retail Limited-FRAU,Direct,Reliance Retail,East,Jharkhand,The Derma Co,10000.0,20000.0,100.0
Dec'24,2024-12-01,FY_24-25,Reliance Retail Limited-FRAY,Direct,Reliance Retail,East,Jharkhand,Mamaearth,70000.0,140000.0,100.0
Dec'24,2024-12-01,FY_24-25,Reliance Retail Limited-FRBQ,Direct,Reliance Retail,South-1,Kerala,Mamaearth,100000.0,190000.0,100.0
Dec'24,2024-12-01,FY_24-25,Reliance Retail Limited-FRBV,Direct,Reliance Retail,East,West Bengal,Aqualogica,10000.0,20000.0,100.0
Dec'24,2024-12-01,FY_24-25,Reliance Retail Limited-FRBV,Direct,Reliance Retail,East,West Bengal,BBLUNT,10000.0,20000.0,100.0
Dec'24,2024-12-01,FY_24-25,Reliance Retail Limited-FRBV,Direct,Reliance Retail,East,West Bengal,Mamaearth,30000.0,60000.0,100.0
Dec'24,2024-12-01,FY_24-25,Reliance Retail Limited-FRBV,Direct,Reliance Retail,East,West Bengal,The Derma Co,20000.0,30000.0,100.0
Dec'24,2024-12-01,FY_24-25,Reliance Retail Limited-FRCA,Direct,Reliance Retail,East,West Bengal,Mamaearth,40000.0,80000.0,100.0
Dec'24,2024-12-01,FY_24-25,Reliance Retail Limited-FRCB,Direct,Reliance Retail,East,West Bengal,Aqualogica,10000.0,10000.0,100.0
Dec'24,2024-12-01,FY_24-25,Reliance Retail Limited-FRCB,Direct,Reliance Retail,East,West Bengal,BBLUNT,10000.0,10000.0,100.0
Dec'24,2024-12-01,FY_24-25,Reliance Retail Limited-FRCB,Direct,Reliance Retail,East,West Bengal,Mamaearth,30000.0,70000.0,100.0
Dec'24,2024-12-01,FY_24-25,Reliance Retail Limited-FRCB,Direct,Reliance Retail,East,West Bengal,The Derma Co,10000.0,10000.0,100.0
Dec'24,2024-12-01,FY_24-25,Reliance Retail Limited-FRCC,Direct,Reliance Retail,East,West Bengal,Aqualogica,10000.0,20000.0,100.0
Dec'24,2024-12-01,FY_24-25,Reliance Retail Limited-FRCC,Direct,Reliance Retail,East,West Bengal,BBLUNT,10000.0,10000.0,100.0
Dec'24,2024-12-01,FY_24-25,Reliance Retail Limited-FRCC,Direct,Reliance Retail,East,West Bengal,Mamaearth,40000.0,90000.0,100.0
Dec'24,2024-12-01,FY_24-25,Reliance Retail Limited-FRCC,Direct,Reliance Retail,East,West Bengal,The Derma Co,20000.0,40000.0,100.0
Dec'24,2024-12-01,FY_24-25,Reliance Retail Limited-FRCF,Direct,Reliance Retail,East,West Bengal,Mamaearth,0.0,20000.0,100.0
Dec'24,2024-12-01,FY_24-25,Reliance Retail Limited-FRCK,Direct,Reliance Retail,East,West Bengal,Aqualogica,10000.0,10000.0,100.0
Dec'24,2024-12-01,FY_24-25,Reliance Retail Limited-FRCK,Direct,Reliance Retail,East,West Bengal,BBLUNT,10000.0,20000.0,100.0
Dec'24,2024-12-01,FY_24-25,Reliance Retail Limited-FRCK,Direct,Reliance Retail,East,West Bengal,Mamaearth,40000.0,80000.0,100.0
Dec'24,2024-12-01,FY_24-25,Reliance Retail Limited-FRCK,Direct,Reliance Retail,East,West Bengal,The Derma Co,10000.0,20000.0,100.0
Dec'24,2024-12-01,FY_24-25,Reliance Retail Limited-FRCL,Direct,Reliance Retail,East,West Bengal,Mamaearth,30000.0,70000.0,100.0
Dec'24,2024-12-01,FY_24-25,Reliance Retail Limited-FRCO,Direct,Reliance Retail,North,Haryana,Mamaearth,120000.0,210000.0,100.0
Dec'24,2024-12-01,FY_24-25,Reliance Retail Limited-FRCX,Direct,Reliance Retail,North,Delhi,Mamaearth,50000.0,100000.0,100.0
Dec'24,2024-12-01,FY_24-25,Reliance Retail Limited-FRDF,Direct,Reliance Retail,North,UPW,Mamaearth,70000.0,130000.0,100.0
Dec'24,2024-12-01,FY_24-25,Reliance Retail Limited-FRDH,Direct,Reliance Retail,North,UPW,Mamaearth,150000.0,270000.0,100.0
Dec'24,2024-12-01,FY_24-25,Reliance Retail Limited-FRDJ,Direct,Reliance Retail,North,UPW,Mamaearth,30000.0,60000.0,100.0
Dec'24,2024-12-01,FY_24-25,Reliance Retail Limited-FRDM,Direct,Reliance Retail,North,UPW,Mamaearth,30000.0,70000.0,100.0
Dec'24,2024-12-01,FY_24-25,Reliance Retail Limited-FRDU,Direct,Reliance Retail,West,Gujarat,Mamaearth,20000.0,50000.0,100.0
Dec'24,2024-12-01,FY_24-25,Reliance Retail Limited-FRDV,Direct,Reliance Retail,West,Gujarat,Mamaearth,40000.0,70000.0,100.0
Dec'24,2024-12-01,FY_24-25,Reliance Retail Limited-FRDY,Direct,Reliance Retail,West,Gujarat,Mamaearth,40000.0,80000.0,100.0
Dec'24,2024-12-01,FY_24-25,Reliance Retail Limited-FRDZ,Direct,Reliance Retail,West,Gujarat,Mamaearth,50000.0,110000.0,100.0
Dec'24,2024-12-01,FY_24-25,Reliance Retail Limited-FREB,Direct,Reliance Retail,West,Gujarat,Mamaearth,40000.0,80000.0,100.0
Dec'24,2024-12-01,FY_24-25,RELIANCE RETAIL LIMITED-FREC,Direct,Reliance Retail,South-1,Karnataka,Mamaearth,3070000.0,7330000.0,100.0
Dec'24,2024-12-01,FY_24-25,RELIANCE RETAIL LIMITED-FREF,Direct,Reliance Retail,South-1,Tamil Nadu,Mamaearth,240000.0,550000.0,100.0
Dec'24,2024-12-01,FY_24-25,RELIANCE RETAIL LIMITED-FREI,Direct,Reliance Retail,South-2,Telangana,Mamaearth,90000.0,190000.0,100.0
Dec'24,2024-12-01,FY_24-25,Reliance Retail Limited-FRFP,Direct,Reliance Retail,East,Bihar,Mamaearth,30000.0,70000.0,100.0
Dec'24,2024-12-01,FY_24-25,Reliance Retail Limited-FRFQ,Direct,Reliance Retail,South-1,Karnataka,Mamaearth,100000.0,190000.0,100.0
Dec'24,2024-12-01,FY_24-25,Reliance Retail Limited-FRGN,Direct,Reliance Retail,West,Gujarat,Mamaearth,20000.0,50000.0,100.0
Dec'24,2024-12-01,FY_24-25,Reliance Retail Limited-FRGQ,Direct,Reliance Retail,North,Uttarakhand,Mamaearth,40000.0,70000.0,100.0
Dec'24,2024-12-01,FY_24-25,Reliance Retail Limited-FRGS,Direct,Reliance Retail,East,Bihar,Aqualogica,0.0,0.0,100.0
Dec'24,2024-12-01,FY_24-25,Reliance Retail Limited-FRGS,Direct,Reliance Retail,East,Bihar,BBLUNT,10000.0,10000.0,100.0
Dec'24,2024-12-01,FY_24-25,Reliance Retail Limited-FRGS,Direct,Reliance Retail,East,Bihar,Mamaearth,10000.0,40000.0,100.0
Dec'24,2024-12-01,FY_24-25,Reliance Retail Limited-FRGS,Direct,Reliance Retail,East,Bihar,The Derma Co,20000.0,30000.0,100.0
Dec'24,2024-12-01,FY_24-25,Reliance Retail Limited-FRGX,Direct,Reliance Retail,South-1,Karnataka,Mamaearth,100000.0,190000.0,100.0
Dec'24,2024-12-01,FY_24-25,Reliance Retail Limited-FRHI,Direct,Reliance Retail,South-1,Karnataka,Mamaearth,100000.0,180000.0,100.0
Dec'24,2024-12-01,FY_24-25,Reliance Retail Limited-FRHT,Direct,Reliance Retail,East,Bihar,Mamaearth,30000.0,70000.0,100.0
Dec'24,2024-12-01,FY_24-25,Reliance Retail Limited-S0GK,Direct,Reliance Retail,South-1,Kerala,Mamaearth,240000.0,570000.0,100.0
Dec'24,2024-12-01,FY_24-25,Reliance Retail Limited-S0IL,Direct,Reliance Retail,South-2,Telangana,Mamaearth,-20000.0,-30000.0,100.0
Dec'24,2024-12-01,FY_24-25,Reliance Retail Limited-S0KN,Direct,Reliance Retail,South-1,Karnataka,Mamaearth,670000.0,1530000.0,100.0
Dec'24,2024-12-01,FY_24-25,Reliance Retail Limited-S2BZ,Direct,Reliance Retail,North,Lucknow_UPE,Mamaearth,490000.0,1140000.0,100.0
Dec'24,2024-12-01,FY_24-25,Reliance Retail Limited-SAAH,Direct,Reliance Retail,North,UPW,Mamaearth,1530000.0,3670000.0,100.0
Dec'24,2024-12-01,FY_24-25,RELIANCE RETAIL LIMITED-SF92,Direct,Reliance Retail,East,West Bengal,Mamaearth,1360000.0,3420000.0,100.0
Dec'24,2024-12-01,FY_24-25,RELIANCE RETAIL LIMITED-SH65,Direct,Reliance Retail,West,Pune,Mamaearth,870000.0,2100000.0,100.0
Dec'24,2024-12-01,FY_24-25,RELIANCE RETAIL LIMITED-SH69,Direct,Reliance Retail,North,Haryana,Mamaearth,1110000.0,2620000.0,100.0
Dec'24,2024-12-01,FY_24-25,RELIANCE RETAIL LIMITED-SH71,Direct,Reliance Retail,North,Madhya Pradesh,Mamaearth,1200000.0,2900000.0,100.0
Dec'24,2024-12-01,FY_24-25,Reliance Retail Limited-SK6I,Direct,Reliance Retail,West,Gujarat,Mamaearth,920000.0,2160000.0,100.0
Dec'24,2024-12-01,FY_24-25,Reliance Retail Limited-SLET,Direct,Reliance Retail,East,Bihar,Mamaearth,260000.0,680000.0,100.0
Dec'24,2024-12-01,FY_24-25,Reliance Retail Limited-SLG3,Direct,Reliance Retail,South-1,Tamil Nadu,Mamaearth,260000.0,670000.0,100.0
Dec'24,2024-12-01,FY_24-25,RELIANCE RETAIL LIMITED-SLIG,Direct,Reliance Retail,East,Northeast-Assam,Mamaearth,-420000.0,-1060000.0,100.0
Dec'24,2024-12-01,FY_24-25,RELIANCE RETAIL LIMITED-SLII,Direct,Reliance Retail,North,Lucknow_UPE,Mamaearth,90000.0,210000.0,100.0
Dec'24,2024-12-01,FY_24-25,Reliance Retail Limited-SLMP,Direct,Reliance Retail,West,Gujarat,Mamaearth,50000.0,90000.0,100.0
Dec'24,2024-12-01,FY_24-25,Reliance Retail Limited-Slmr,Direct,Reliance Retail,East,Orissa,Mamaearth,140000.0,340000.0,100.0
Dec'24,2024-12-01,FY_24-25,Reliance Retail Limited-SLS1,Direct,Reliance Retail,South-1,Tamil Nadu,Mamaearth,450000.0,1050000.0,100.0
Dec'24,2024-12-01,FY_24-25,Reliance Retail Limited-SLS2,Direct,Reliance Retail,South-2,Andhra Pradesh,Mamaearth,220000.0,600000.0,100.0
Dec'24,2024-12-01,FY_24-25,Reliance Retail Limited-SN1U,Direct,Reliance Retail,East,West Bengal,Mamaearth,590000.0,1320000.0,100.0
Dec'24,2024-12-01,FY_24-25,Reliance Retail Limited-SP9K,Direct,Reliance Retail,West,Pune,Mamaearth,760000.0,1710000.0,100.0
Dec'24,2024-12-01,FY_24-25,Reliance Retail Limited-T0Z9,Direct,Reliance Retail,West,Gujarat,Mamaearth,60000.0,120000.0,100.0
Dec'24,2024-12-01,FY_24-25,Reliance Retail Limited-T1X4,Direct,Reliance Retail,South-1,Kerala,Mamaearth,100000.0,190000.0,100.0
Dec'24,2024-12-01,FY_24-25,Reliance Retail Limited-T2DI,Direct,Reliance Retail,South-1,Karnataka,Aqualogica,0.0,10000.0,100.0
Dec'24,2024-12-01,FY_24-25,Reliance Retail Limited-T2DI,Direct,Reliance Retail,South-1,Karnataka,BBLUNT,10000.0,10000.0,100.0
Dec'24,2024-12-01,FY_24-25,Reliance Retail Limited-T2DI,Direct,Reliance Retail,South-1,Karnataka,The Derma Co,10000.0,20000.0,100.0
Dec'24,2024-12-01,FY_24-25,Reliance Retail Limited-T37T,Direct,Reliance Retail,North,Lucknow_UPE,Mamaearth,130000.0,240000.0,100.0
Dec'24,2024-12-01,FY_24-25,Reliance Retail Limited-T84I,Direct,Reliance Retail,North,Haryana,Aqualogica,10000.0,20000.0,100.0
Dec'24,2024-12-01,FY_24-25,Reliance Retail Limited-T84I,Direct,Reliance Retail,North,Haryana,BBLUNT,10000.0,20000.0,100.0
Dec'24,2024-12-01,FY_24-25,Reliance Retail Limited-T84I,Direct,Reliance Retail,North,Haryana,The Derma Co,10000.0,10000.0,100.0
Dec'24,2024-12-01,FY_24-25,Reliance Retail Limited-T84L,Direct,Reliance Retail,West,Gujarat,Mamaearth,50000.0,90000.0,100.0
Dec'24,2024-12-01,FY_24-25,Reliance Retail Limited-T915,Direct,Reliance Retail,North,UPW,Mamaearth,100000.0,170000.0,100.0
Dec'24,2024-12-01,FY_24-25,Reliance Retail Limited-TA35,Direct,Reliance Retail,South-1,Kerala,Mamaearth,110000.0,200000.0,100.0
Dec'24,2024-12-01,FY_24-25,Reliance Retail Limited-TA36,Direct,Reliance Retail,South-1,Tamil Nadu,Aqualogica,0.0,10000.0,100.0
Dec'24,2024-12-01,FY_24-25,Reliance Retail Limited-TA36,Direct,Reliance Retail,South-1,Tamil Nadu,BBLUNT,10000.0,10000.0,100.0
Dec'24,2024-12-01,FY_24-25,Reliance Retail Limited-TA36,Direct,Reliance Retail,South-1,Tamil Nadu,Mamaearth,80000.0,150000.0,100.0
Dec'24,2024-12-01,FY_24-25,Reliance Retail Limited-TA36,Direct,Reliance Retail,South-1,Tamil Nadu,The Derma Co,20000.0,30000.0,100.0
Dec'24,2024-12-01,FY_24-25,Reliance Retail Limited-TA9N,Direct,Reliance Retail,East,West Bengal,Mamaearth,40000.0,80000.0,100.0
Dec'24,2024-12-01,FY_24-25,Reliance Retail Limited-TAFW,Direct,Reliance Retail,West,Mumbai,Mamaearth,30000.0,70000.0,100.0
Dec'24,2024-12-01,FY_24-25,Reliance Retail Limited-TAH3,Direct,Reliance Retail,North,Lucknow_UPE,Mamaearth,50000.0,100000.0,100.0
Dec'24,2024-12-01,FY_24-25,Reliance Retail Limited-TAIE,Direct,Reliance Retail,South-1,Tamil Nadu,Aqualogica,0.0,0.0,100.0
Dec'24,2024-12-01,FY_24-25,Reliance Retail Limited-TAIE,Direct,Reliance Retail,South-1,Tamil Nadu,BBLUNT,10000.0,10000.0,100.0
Dec'24,2024-12-01,FY_24-25,Reliance Retail Limited-TAIE,Direct,Reliance Retail,South-1,Tamil Nadu,The Derma Co,20000.0,30000.0,100.0
Dec'24,2024-12-01,FY_24-25,Reliance Retail Limited-TAUX,Direct,Reliance Retail,West,Gujarat,Mamaearth,60000.0,130000.0,100.0
Dec'24,2024-12-01,FY_24-25,Reliance Retail Limited-TC74,Direct,Reliance Retail,North,Haryana,Mamaearth,30000.0,70000.0,100.0
Dec'24,2024-12-01,FY_24-25,Reliance Retail Limited-TCD6,Direct,Reliance Retail,South-1,Tamil Nadu,Mamaearth,90000.0,170000.0,100.0
Dec'24,2024-12-01,FY_24-25,Reliance Retail Limited-TD04,Direct,Reliance Retail,East,Jharkhand,Mamaearth,30000.0,70000.0,100.0
Dec'24,2024-12-01,FY_24-25,Reliance Retail Limited-TE39,Direct,Reliance Retail,South-1,Tamil Nadu,Mamaearth,80000.0,150000.0,100.0
Dec'24,2024-12-01,FY_24-25,Reliance Retail Limited-TFY6,Direct,Reliance Retail,South-1,Tamil Nadu,Mamaearth,80000.0,160000.0,100.0
Dec'24,2024-12-01,FY_24-25,Reliance Retail Limited-TG2K,Direct,Reliance Retail,West,Gujarat,Mamaearth,60000.0,110000.0,100.0
Dec'24,2024-12-01,FY_24-25,Reliance Retail Limited-TGL6,Direct,Reliance Retail,North,Madhya Pradesh,Mamaearth,-30000.0,-60000.0,100.0
Dec'24,2024-12-01,FY_24-25,Reliance Retail Limited-TH93,Direct,Reliance Retail,East,Orissa,Mamaearth,50000.0,110000.0,100.0
Dec'24,2024-12-01,FY_24-25,Reliance Retail Limited-TIU6,Direct,Reliance Retail,East,Jharkhand,Mamaearth,30000.0,70000.0,100.0
Dec'24,2024-12-01,FY_24-25,Reliance Retail Limited-TL30,Direct,Reliance Retail,North,Delhi,Aqualogica,30000.0,40000.0,100.0
Dec'24,2024-12-01,FY_24-25,Reliance Retail Limited-TL30,Direct,Reliance Retail,North,Delhi,BBLUNT,0.0,10000.0,100.0
Dec'24,2024-12-01,FY_24-25,Reliance Retail Limited-TL30,Direct,Reliance Retail,North,Delhi,Mamaearth,80000.0,170000.0,100.0
Dec'24,2024-12-01,FY_24-25,Reliance Retail Limited-TL30,Direct,Reliance Retail,North,Delhi,The Derma Co,0.0,10000.0,100.0
Dec'24,2024-12-01,FY_24-25,Reliance Retail Limited-TM18,Direct,Reliance Retail,South-1,Karnataka,Mamaearth,20000.0,50000.0,100.0
Dec'24,2024-12-01,FY_24-25,Reliance Retail Limited-TM27,Direct,Reliance Retail,East,Orissa,Mamaearth,60000.0,130000.0,100.0
Dec'24,2024-12-01,FY_24-25,Reliance Retail Limited-TMI6,Direct,Reliance Retail,East,Orissa,Mamaearth,60000.0,120000.0,100.0
Dec'24,2024-12-01,FY_24-25,Reliance Retail Limited-TN54,Direct,Reliance Retail,West,Chattishgarh,Mamaearth,50000.0,100000.0,100.0
Dec'24,2024-12-01,FY_24-25,Reliance Retail Limited-Tna8,Direct,Reliance Retail,West,Gujarat,Mamaearth,50000.0,90000.0,100.0
Dec'24,2024-12-01,FY_24-25,Reliance Retail Limited-TNB5,Direct,Reliance Retail,West,Gujarat,Mamaearth,30000.0,60000.0,100.0
Dec'24,2024-12-01,FY_24-25,Reliance Retail Limited-TNC2,Direct,Reliance Retail,South-1,Tamil Nadu,Aqualogica,0.0,0.0,100.0
Dec'24,2024-12-01,FY_24-25,Reliance Retail Limited-TNC2,Direct,Reliance Retail,South-1,Tamil Nadu,BBLUNT,0.0,0.0,100.0
Dec'24,2024-12-01,FY_24-25,Reliance Retail Limited-TNC2,Direct,Reliance Retail,South-1,Tamil Nadu,The Derma Co,0.0,0.0,100.0
Dec'24,2024-12-01,FY_24-25,Reliance Retail Limited-TNC7,Direct,Reliance Retail,North,Punjab,Aqualogica,20000.0,30000.0,100.0
Dec'24,2024-12-01,FY_24-25,Reliance Retail Limited-TNC7,Direct,Reliance Retail,North,Punjab,BBLUNT,20000.0,30000.0,100.0
Dec'24,2024-12-01,FY_24-25,Reliance Retail Limited-TNC7,Direct,Reliance Retail,North,Punjab,Mamaearth,90000.0,170000.0,100.0
Dec'24,2024-12-01,FY_24-25,Reliance Retail Limited-TNC7,Direct,Reliance Retail,North,Punjab,The Derma Co,40000.0,70000.0,100.0
Dec'24,2024-12-01,FY_24-25,Reliance Retail Limited-TND1,Direct,Reliance Retail,West,Gujarat,Mamaearth,60000.0,120000.0,100.0
Dec'24,2024-12-01,FY_24-25,Reliance Retail Limited-TND2,Direct,Reliance Retail,South-1,Tamil Nadu,Aqualogica,10000.0,10000.0,100.0
Dec'24,2024-12-01,FY_24-25,Reliance Retail Limited-TND2,Direct,Reliance Retail,South-1,Tamil Nadu,BBLUNT,10000.0,20000.0,100.0
Dec'24,2024-12-01,FY_24-25,Reliance Retail Limited-TND2,Direct,Reliance Retail,South-1,Tamil Nadu,Mamaearth,80000.0,160000.0,100.0
Dec'24,2024-12-01,FY_24-25,Reliance Retail Limited-TND2,Direct,Reliance Retail,South-1,Tamil Nadu,The Derma Co,10000.0,10000.0,100.0
Dec'24,2024-12-01,FY_24-25,Reliance Retail Limited-TND4,Direct,Reliance Retail,East,West Bengal,Mamaearth,30000.0,70000.0,100.0
Dec'24,2024-12-01,FY_24-25,Reliance Retail Limited-Tnd5,Direct,Reliance Retail,West,Gujarat,Mamaearth,70000.0,130000.0,100.0
Dec'24,2024-12-01,FY_24-25,Reliance Retail Limited-TND6,Direct,Reliance Retail,South-1,Tamil Nadu,Mamaearth,80000.0,160000.0,100.0
Dec'24,2024-12-01,FY_24-25,Reliance Retail Limited-TND7,Direct,Reliance Retail,South-1,Tamil Nadu,Mamaearth,80000.0,160000.0,100.0
Dec'24,2024-12-01,FY_24-25,Reliance Retail Limited-TNE1,Direct,Reliance Retail,South-1,Karnataka,Mamaearth,90000.0,180000.0,100.0
Dec'24,2024-12-01,FY_24-25,Reliance Retail Limited-TO19,Direct,Reliance Retail,South-1,Kerala,Mamaearth,150000.0,270000.0,100.0
Dec'24,2024-12-01,FY_24-25,Reliance Retail Limited-TOG3,Direct,Reliance Retail,East,West Bengal,Mamaearth,30000.0,70000.0,100.0
Dec'24,2024-12-01,FY_24-25,Reliance Retail Limited-TOM0,Direct,Reliance Retail,West,Mumbai,Mamaearth,50000.0,90000.0,100.0
Dec'24,2024-12-01,FY_24-25,Reliance Retail Limited-TP06,Direct,Reliance Retail,North,Delhi,Mamaearth,40000.0,80000.0,100.0
Dec'24,2024-12-01,FY_24-25,Reliance Retail Limited-TP23,Direct,Reliance Retail,South-1,Kerala,Mamaearth,100000.0,180000.0,100.0
Dec'24,2024-12-01,FY_24-25,Reliance Retail Limited-TQ61,Direct,Reliance Retail,South-1,Kerala,Mamaearth,40000.0,80000.0,100.0
Dec'24,2024-12-01,FY_24-25,Reliance Retail Limited-TR28,Direct,Reliance Retail,South-1,Karnataka,Mamaearth,100000.0,180000.0,100.0
Dec'24,2024-12-01,FY_24-25,Reliance Retail Limited-TW11,Direct,Reliance Retail,North,Delhi,Mamaearth,120000.0,220000.0,100.0
Dec'24,2024-12-01,FY_24-25,Reliance Retail Limited-TZ8R,Direct,Reliance Retail,North,Uttarakhand,Mamaearth,100000.0,180000.0,100.0
Dec'24,2024-12-01,FY_24-25,Reliance Retail Limited-TZL5,Direct,Reliance Retail,East,Bihar,Aqualogica,0.0,0.0,100.0
Dec'24,2024-12-01,FY_24-25,Reliance Retail Limited-TZL5,Direct,Reliance Retail,East,Bihar,BBLUNT,0.0,10000.0,100.0
Dec'24,2024-12-01,FY_24-25,Reliance Retail Limited-TZL5,Direct,Reliance Retail,East,Bihar,Mamaearth,20000.0,50000.0,100.0
Dec'24,2024-12-01,FY_24-25,Reliance Retail Limited-TZL5,Direct,Reliance Retail,East,Bihar,The Derma Co,10000.0,20000.0,100.0
Dec'24,2024-12-01,FY_24-25,Reliance Retail Limited-ZZI0-B,Direct,Reliance Retail,South-1,Kerala,Aqualogica,60000.0,90000.0,100.0
Dec'24,2024-12-01,FY_24-25,Reliance Retail Limited-ZZI0-B,Direct,Reliance Retail,South-1,Kerala,Mamaearth,420000.0,730000.0,100.0
Dec'24,2024-12-01,FY_24-25,Reliance Retail Ltd _Madhavaram- TNB8,Direct,Reliance Retail,South-1,Tamil Nadu,Mamaearth,40000.0,80000.0,100.0
Dec'24,2024-12-01,FY_24-25,Reliance Retail Ltd _Mysore_2994,Direct,Reliance Retail,South-1,Karnataka,Mamaearth,30000.0,60000.0,100.0
Dec'24,2024-12-01,FY_24-25,Reliance Retail Ltd _RAJAJI NAGAR- FR49,Direct,Reliance Retail,South-1,Karnataka,Aqualogica,0.0,0.0,100.0
Dec'24,2024-12-01,FY_24-25,Reliance Retail Ltd _RAJAJI NAGAR- FR49,Direct,Reliance Retail,South-1,Karnataka,BBLUNT,0.0,0.0,100.0
Dec'24,2024-12-01,FY_24-25,Reliance Retail Ltd _RAJAJI NAGAR- FR49,Direct,Reliance Retail,South-1,Karnataka,Mamaearth,30000.0,60000.0,100.0
Dec'24,2024-12-01,FY_24-25,Reliance Retail Ltd _RAJAJI NAGAR- FR49,Direct,Reliance Retail,South-1,Karnataka,The Derma Co,20000.0,30000.0,100.0
Dec'24,2024-12-01,FY_24-25,Reliance Retail Ltd_Davanagere- TNC0,Direct,Reliance Retail,South-1,Karnataka,Mamaearth,30000.0,70000.0,100.0
Dec'24,2024-12-01,FY_24-25,Reliance Retail Ltd_Hubballi_2997,Direct,Reliance Retail,South-1,Karnataka,Mamaearth,30000.0,80000.0,100.0
Dec'24,2024-12-01,FY_24-25,Reliance Retail Ltd_Nagercoil- 3338,Direct,Reliance Retail,South-1,Tamil Nadu,Mamaearth,60000.0,110000.0,100.0
Dec'24,2024-12-01,FY_24-25,RELIANCE RETAIL Ltd-SK6C,Direct,Reliance Retail,West,Gujarat,Mamaearth,590000.0,1420000.0,100.0
Dec'24,2024-12-01,FY_24-25,RELIANCE RETAIL Ltd-SLEW,Direct,Reliance Retail,West,Chattishgarh,Mamaearth,400000.0,980000.0,100.0
Dec'24,2024-12-01,FY_24-25,RELIANCE RETAIL Ltd-SLEW,Direct,Reliance Retail,West,Chattishgarh,The Derma Co,70000.0,110000.0,100.0
Dec'24,2024-12-01,FY_24-25,Travel News Services India Pvt Ltd(Blr),Direct,WH-Smith,South-1,Karnataka,Mamaearth,0.0,0.0,100.0
Dec'24,2024-12-01,FY_24-25,Travel News Services India Pvt Ltd(Blr),Direct,WH-Smith,South-1,Karnataka,The Derma Co,0.0,0.0,100.0
Dec'24,2024-12-01,FY_24-25,Travel Retail Services Pvt Ltd_Blr,Direct,Relay,South-1,Karnataka,Mamaearth,20000.0,50000.0,100.0
Dec'24,2024-12-01,FY_24-25,Travel Retail Services Pvt Ltd_Blr,Direct,Relay,South-1,Karnataka,The Derma Co,10000.0,20000.0,100.0
Dec'24,2024-12-01,FY_24-25,Trent Hypermarket Private Limited_Blr,Direct,Trent,South-1,Karnataka,Mamaearth,30000.0,50000.0,100.0
Dec'24,2024-12-01,FY_24-25,Trent Hypermarket Private Limited_Mah,Direct,Trent,West,Mumbai,Mamaearth,100000.0,170000.0,100.0
Dec'24,2024-12-01,FY_24-25,Trent Hypermarket Private Limited-P,Direct,Trent,West,Pune,Mamaearth,60000.0,100000.0,100.0
Dec'24,2024-12-01,FY_24-25,Wal-Mart India Private Limited 4702,Direct,Walmart CNC,North,Punjab,Mamaearth,30000.0,60000.0,100.0
Dec'24,2024-12-01,FY_24-25,Wal-Mart India Private Limited 4712,Direct,Walmart CNC,North,Madhya Pradesh,Mamaearth,-20000.0,-30000.0,100.0
Dec'24,2024-12-01,FY_24-25,Wal-Mart India Private Limited 4719,Direct,Walmart CNC,North,Jammu,Mamaearth,-30000.0,-60000.0,100.0
Dec'24,2024-12-01,FY_24-25,Wal-Mart India Private Limited 4721,Direct,Walmart CNC,South-2,Andhra Pradesh,Mamaearth,10000.0,10000.0,100.0
Dec'24,2024-12-01,FY_24-25,Wal-Mart India Private Limited 4724,Direct,Walmart CNC,West,Pune,Mamaearth,20000.0,40000.0,100.0
Dec'24,2024-12-01,FY_24-25,Wal-Mart India Private Limited 4725,Direct,Walmart CNC,South-2,Andhra Pradesh,Mamaearth,30000.0,50000.0,100.0
Dec'24,2024-12-01,FY_24-25,Wal-Mart India Private Limited 4727,Direct,Walmart CNC,North,Lucknow_UPE,Mamaearth,0.0,0.0,100.0
Dec'24,2024-12-01,FY_24-25,Wal-Mart India Private Limited 4734,Direct,Walmart CNC,South-2,Telangana,Mamaearth,60000.0,110000.0,100.0
Dec'24,2024-12-01,FY_24-25,Wal-Mart India Private Limited 4742,Direct,Walmart CNC,South-2,Andhra Pradesh,Mamaearth,60000.0,110000.0,100.0
Dec'24,2024-12-01,FY_24-25,Wal-Mart India Private Limited 4744,Direct,Walmart CNC,West,Pune,Mamaearth,10000.0,30000.0,100.0
Dec'24,2024-12-01,FY_24-25,Wal-Mart India Private Limited 4799,Direct,Walmart CNC,South-2,Andhra Pradesh,Mamaearth,150000.0,280000.0,100.0
Dec'24,2024-12-01,FY_24-25,Wal-Mart India Private Limited 4805,Direct,Walmart CNC,South-2,Andhra Pradesh,Mamaearth,10000.0,20000.0,100.0
Dec'24,2024-12-01,FY_24-25,Wellness Forever Medicare Ltd,Direct,Wellness Forever,West,Mumbai,Aqualogica,730000.0,1240000.0,100.0
Dec'24,2024-12-01,FY_24-25,Wellness Forever Medicare Ltd,Direct,Wellness Forever,West,Mumbai,Mamaearth,3500000.0,5900000.0,100.0
Dec'24,2024-12-01,FY_24-25,Wellness Forever Medicare Ltd,Direct,Wellness Forever,West,Mumbai,The Derma Co,6100000.0,10280000.0,100.0
Dec'24,2024-12-01,FY_24-25,Aggarwal Associates,Dist.,VMM,North,Punjab,Mamaearth,-10000.0,-30000.0,100.0
Dec'24,2024-12-01,FY_24-25,Arc Foods And Beverages_Mt_H&G,Dist.,H&G,South-1,Tamil Nadu,Aqualogica,110000.0,210000.0,78.57
Dec'24,2024-12-01,FY_24-25,Arc Foods And Beverages_Mt_H&G,Dist.,Apollo Healthco,South-1,Tamil Nadu,Aqualogica,30000.0,50000.0,21.43
Dec'24,2024-12-01,FY_24-25,Arc Foods And Beverages_Mt_H&G,Dist.,H&G,South-1,Tamil Nadu,BBLUNT,130000.0,210000.0,100.0
Dec'24,2024-12-01,FY_24-25,Arc Foods And Beverages_Mt_H&G,Dist.,Apollo Healthco,South-1,Tamil Nadu,Mamaearth,480000.0,930000.0,53.93
Dec'24,2024-12-01,FY_24-25,Arc Foods And Beverages_Mt_H&G,Dist.,H&G,South-1,Tamil Nadu,Mamaearth,410000.0,800000.0,46.07
Dec'24,2024-12-01,FY_24-25,Arc Foods And Beverages_Mt_H&G,Dist.,H&G,South-1,Tamil Nadu,The Derma Co,540000.0,990000.0,79.41
Dec'24,2024-12-01,FY_24-25,Arc Foods And Beverages_Mt_H&G,Dist.,Apollo Healthco,South-1,Tamil Nadu,The Derma Co,140000.0,250000.0,20.59
Dec'24,2024-12-01,FY_24-25,Az Enterprises(Apollo/More)Mt,Dist.,Apollo Healthco,South-1,Karnataka,Aqualogica,30000.0,50000.0,5.26
Dec'24,2024-12-01,FY_24-25,Az Enterprises(Apollo/More)Mt,Dist.,Trilife,South-1,Karnataka,Aqualogica,0.0,0.0,0.0
Dec'24,2024-12-01,FY_24-25,Az Enterprises(Apollo/More)Mt,Dist.,Lulu,South-1,Karnataka,Aqualogica,50000.0,70000.0,8.77
Dec'24,2024-12-01,FY_24-25,Az Enterprises(Apollo/More)Mt,Dist.,H&G,South-1,Karnataka,Aqualogica,490000.0,800000.0,85.96
Dec'24,2024-12-01,FY_24-25,Az Enterprises(Apollo/More)Mt,Dist.,B&N,South-1,Karnataka,Aqualogica,0.0,0.0,0.0
Dec'24,2024-12-01,FY_24-25,Az Enterprises(Apollo/More)Mt,Dist.,Trilife,South-1,Karnataka,BBLUNT,0.0,0.0,0.0
Dec'24,2024-12-01,FY_24-25,Az Enterprises(Apollo/More)Mt,Dist.,H&G,South-1,Karnataka,BBLUNT,270000.0,490000.0,93.1
Dec'24,2024-12-01,FY_24-25,Az Enterprises(Apollo/More)Mt,Dist.,B&N,South-1,Karnataka,BBLUNT,20000.0,30000.0,6.9
Dec'24,2024-12-01,FY_24-25,Az Enterprises(Apollo/More)Mt,Dist.,Apollo Healthco,South-1,Karnataka,Mamaearth,3070000.0,6090000.0,49.04
Dec'24,2024-12-01,FY_24-25,Az Enterprises(Apollo/More)Mt,Dist.,Trilife,South-1,Karnataka,Mamaearth,10000.0,20000.0,0.16
Dec'24,2024-12-01,FY_24-25,Az Enterprises(Apollo/More)Mt,Dist.,Lulu,South-1,Karnataka,Mamaearth,720000.0,1440000.0,11.5
Dec'24,2024-12-01,FY_24-25,Az Enterprises(Apollo/More)Mt,Dist.,Max Hyper,South-1,Karnataka,Mamaearth,30000.0,60000.0,0.48
Dec'24,2024-12-01,FY_24-25,Az Enterprises(Apollo/More)Mt,Dist.,H&G,South-1,Karnataka,Mamaearth,1420000.0,2820000.0,22.68
Dec'24,2024-12-01,FY_24-25,Az Enterprises(Apollo/More)Mt,Dist.,B&N,South-1,Karnataka,Mamaearth,30000.0,60000.0,0.48
Dec'24,2024-12-01,FY_24-25,Az Enterprises(Apollo/More)Mt,Dist.,More Retail,South-1,Karnataka,Mamaearth,980000.0,1950000.0,15.65
Dec'24,2024-12-01,FY_24-25,Az Enterprises(Apollo/More)Mt,Dist.,Apollo Healthco,South-1,Karnataka,The Derma Co,440000.0,740000.0,19.73
Dec'24,2024-12-01,FY_24-25,Az Enterprises(Apollo/More)Mt,Dist.,Trilife,South-1,Karnataka,The Derma Co,10000.0,10000.0,0.45
Dec'24,2024-12-01,FY_24-25,Az Enterprises(Apollo/More)Mt,Dist.,Lulu,South-1,Karnataka,The Derma Co,180000.0,310000.0,8.07
Dec'24,2024-12-01,FY_24-25,Az Enterprises(Apollo/More)Mt,Dist.,H&G,South-1,Karnataka,The Derma Co,1570000.0,2630000.0,70.4
Dec'24,2024-12-01,FY_24-25,Az Enterprises(Apollo/More)Mt,Dist.,B&N,South-1,Karnataka,The Derma Co,30000.0,50000.0,1.35
Dec'24,2024-12-01,FY_24-25,BALAJI ASSOCIATES Distributor MT,Dist.,Reliance Retail,East,Northeast-Assam,Aqualogica,140000.0,260000.0,100.0
Dec'24,2024-12-01,FY_24-25,BALAJI ASSOCIATES Distributor MT,Dist.,Reliance Retail,East,Northeast-Assam,BBLUNT,120000.0,220000.0,100.0
Dec'24,2024-12-01,FY_24-25,BALAJI ASSOCIATES Distributor MT,Dist.,Reliance Retail,East,Northeast-Assam,Mamaearth,1830000.0,4420000.0,60.2
Dec'24,2024-12-01,FY_24-25,BALAJI ASSOCIATES Distributor MT,Dist.,VMM,East,Northeast-Assam,Mamaearth,1210000.0,2930000.0,39.8
Dec'24,2024-12-01,FY_24-25,BALAJI ASSOCIATES Distributor MT,Dist.,Reliance Retail,East,Northeast-Assam,The Derma Co,370000.0,680000.0,100.0
Dec'24,2024-12-01,FY_24-25,D.L. Sales - MT,Dist.,Apollo Healthco,East,West Bengal,Aqualogica,10000.0,30000.0,14.29
Dec'24,2024-12-01,FY_24-25,D.L. Sales - MT,Dist.,H&G,East,West Bengal,Aqualogica,40000.0,60000.0,57.14
Dec'24,2024-12-01,FY_24-25,D.L. Sales - MT,Dist.,Spencer,East,West Bengal,Aqualogica,20000.0,40000.0,28.57
Dec'24,2024-12-01,FY_24-25,D.L. Sales - MT,Dist.,H&G,East,West Bengal,BBLUNT,50000.0,100000.0,62.5
Dec'24,2024-12-01,FY_24-25,D.L. Sales - MT,Dist.,Spencer,East,West Bengal,BBLUNT,30000.0,60000.0,37.5
Dec'24,2024-12-01,FY_24-25,D.L. Sales - MT,Dist.,Apollo Healthco,East,West Bengal,Mamaearth,1580000.0,2940000.0,38.35
Dec'24,2024-12-01,FY_24-25,D.L. Sales - MT,Dist.,H&G,East,West Bengal,Mamaearth,250000.0,470000.0,6.07
Dec'24,2024-12-01,FY_24-25,D.L. Sales - MT,Dist.,More Retail,East,West Bengal,Mamaearth,950000.0,1760000.0,23.06
Dec'24,2024-12-01,FY_24-25,D.L. Sales - MT,Dist.,Spencer,East,West Bengal,Mamaearth,910000.0,1700000.0,22.09
Dec'24,2024-12-01,FY_24-25,D.L. Sales - MT,Dist.,Arambagh,East,West Bengal,Mamaearth,80000.0,160000.0,1.94
Dec'24,2024-12-01,FY_24-25,D.L. Sales - MT,Dist.,V-Mart,East,West Bengal,Mamaearth,50000.0,100000.0,1.21
Dec'24,2024-12-01,FY_24-25,D.L. Sales - MT,Dist.,Frankross,East,West Bengal,Mamaearth,80000.0,150000.0,1.94
Dec'24,2024-12-01,FY_24-25,D.L. Sales - MT,Dist.,VMM,East,West Bengal,Mamaearth,220000.0,420000.0,5.34
Dec'24,2024-12-01,FY_24-25,D.L. Sales - MT,Dist.,Apollo Healthco,East,West Bengal,The Derma Co,60000.0,100000.0,14.63
Dec'24,2024-12-01,FY_24-25,D.L. Sales - MT,Dist.,H&G,East,West Bengal,The Derma Co,300000.0,540000.0,73.17
Dec'24,2024-12-01,FY_24-25,D.L. Sales - MT,Dist.,Spencer,East,West Bengal,The Derma Co,50000.0,80000.0,12.2
Dec'24,2024-12-01,FY_24-25,G.V Enterprises,Dist.,Lulu,South-1,Tamil Nadu,Aqualogica,30000.0,50000.0,75.0
Dec'24,2024-12-01,FY_24-25,G.V Enterprises,Dist.,Pothys,South-1,Tamil Nadu,Aqualogica,10000.0,10000.0,25.0
Dec'24,2024-12-01,FY_24-25,G.V Enterprises,Dist.,Pothys,South-1,Tamil Nadu,BBLUNT,0.0,10000.0,
Dec'24,2024-12-01,FY_24-25,G.V Enterprises,Dist.,Apollo Healthco,South-1,Tamil Nadu,Mamaearth,400000.0,880000.0,7.09
Dec'24,2024-12-01,FY_24-25,G.V Enterprises,Dist.,D-Mart,South-1,Tamil Nadu,Mamaearth,4350000.0,9520000.0,77.13
Dec'24,2024-12-01,FY_24-25,G.V Enterprises,Dist.,Lulu,South-1,Tamil Nadu,Mamaearth,360000.0,780000.0,6.38
Dec'24,2024-12-01,FY_24-25,G.V Enterprises,Dist.,Pothys,South-1,Tamil Nadu,Mamaearth,530000.0,1170000.0,9.4
Dec'24,2024-12-01,FY_24-25,G.V Enterprises,Dist.,Apollo Healthco,South-1,Tamil Nadu,The Derma Co,30000.0,50000.0,30.0
Dec'24,2024-12-01,FY_24-25,G.V Enterprises,Dist.,Lulu,South-1,Tamil Nadu,The Derma Co,50000.0,90000.0,50.0
Dec'24,2024-12-01,FY_24-25,G.V Enterprises,Dist.,Pothys,South-1,Tamil Nadu,The Derma Co,20000.0,30000.0,20.0
Dec'24,2024-12-01,FY_24-25,Ganapati Distributor MT,Dist.,Reliance Retail,East,Orissa,BBLUNT,0.0,0.0,
Dec'24,2024-12-01,FY_24-25,Ganapati Distributor MT,Dist.,V-Mart,East,Orissa,Mamaearth,-210000.0,-580000.0,100.0
Dec'24,2024-12-01,FY_24-25,JUST MARK-Dmart,Dist.,D-Mart,West,Gujarat,Mamaearth,14740000.0,39980000.0,100.0
Dec'24,2024-12-01,FY_24-25,Kiran Trading Co- Dmart,Dist.,D-Mart,West,Pune,Mamaearth,3690000.0,9840000.0,100.0
Dec'24,2024-12-01,FY_24-25,Kiran Trading Company_Ship to,Dist.,D-Mart,West,Pune,Mamaearth,3380000.0,9320000.0,100.0
Dec'24,2024-12-01,FY_24-25,M/S Hindustan Agencies,Dist.,Apollo Healthco,East,Orissa,Mamaearth,-550000.0,-1010000.0,100.0
Dec'24,2024-12-01,FY_24-25,M/S KOTTARAM BUSINESS CORPORATION-MT,Dist.,H&G,South-1,Kerala,Aqualogica,0.0,10000.0,0.0
Dec'24,2024-12-01,FY_24-25,M/S KOTTARAM BUSINESS CORPORATION-MT,Dist.,Lulu,South-1,Kerala,Aqualogica,240000.0,440000.0,100.0
Dec'24,2024-12-01,FY_24-25,M/S KOTTARAM BUSINESS CORPORATION-MT,Dist.,H&G,South-1,Kerala,BBLUNT,160000.0,260000.0,100.0
Dec'24,2024-12-01,FY_24-25,M/S KOTTARAM BUSINESS CORPORATION-MT,Dist.,H&G,South-1,Kerala,Mamaearth,0.0,10000.0,0.0
Dec'24,2024-12-01,FY_24-25,M/S KOTTARAM BUSINESS CORPORATION-MT,Dist.,Lulu,South-1,Kerala,Mamaearth,2780000.0,5200000.0,100.0
Dec'24,2024-12-01,FY_24-25,M/S KOTTARAM BUSINESS CORPORATION-MT,Dist.,H&G,South-1,Kerala,The Derma Co,30000.0,60000.0,2.88
Dec'24,2024-12-01,FY_24-25,M/S KOTTARAM BUSINESS CORPORATION-MT,Dist.,Lulu,South-1,Kerala,The Derma Co,1010000.0,1860000.0,97.12
Dec'24,2024-12-01,FY_24-25,MARK ENTERPRISE,Dist.,Apollo Healthco,West,Gujarat,Mamaearth,310000.0,580000.0,100.0
Dec'24,2024-12-01,FY_24-25,PRAGATI SALES-Apollo,Dist.,Apollo Healthco,West,Chattishgarh,Mamaearth,40000.0,70000.0,100.0
Dec'24,2024-12-01,FY_24-25,PRAGATI SALES-D-MART,Dist.,D-Mart,West,Chattishgarh,Mamaearth,480000.0,1240000.0,100.0
Dec'24,2024-12-01,FY_24-25,R.C. Trade Link H&G,Dist.,H&G,West,Mumbai,Aqualogica,70000.0,100000.0,100.0
Dec'24,2024-12-01,FY_24-25,R.C. Trade Link H&G,Dist.,H&G,West,Mumbai,BBLUNT,50000.0,70000.0,100.0
Dec'24,2024-12-01,FY_24-25,R.C. Trade Link H&G,Dist.,H&G,West,Mumbai,Mamaearth,110000.0,180000.0,100.0
Dec'24,2024-12-01,FY_24-25,R.C. Trade Link H&G,Dist.,H&G,West,Mumbai,The Derma Co,240000.0,370000.0,100.0
Dec'24,2024-12-01,FY_24-25,Sancus Networks Private Limited-RMT,Dist.,RMT-Sancus,North,Delhi,BBLUNT,20000.0,30000.0,100.0
Dec'24,2024-12-01,FY_24-25,Sancus Networks Private Limited-RMT,Dist.,RMT-Sancus,North,Delhi,Mamaearth,1700000.0,3520000.0,88.08
Dec'24,2024-12-01,FY_24-25,Sancus Networks Private Limited-RMT,Dist.,More Retail,North,Delhi,Mamaearth,230000.0,470000.0,11.92
Dec'24,2024-12-01,FY_24-25,Sancus Networks Private Limited-RMT,Dist.,RMT-Sancus,North,Delhi,The Derma Co,20000.0,30000.0,100.0
Dec'24,2024-12-01,FY_24-25,Sathyashree Enterprises-Mt,Dist.,D-Mart,South-1,Karnataka,Mamaearth,470000.0,910000.0,100.0
Dec'24,2024-12-01,FY_24-25,SC BUSINESS COMBINE_MT,Dist.,V-Mart,East,Northeast-Assam,Mamaearth,300000.0,630000.0,100.0
Dec'24,2024-12-01,FY_24-25,Sri Lalitha Enterprises,Dist.,Grace Super MKT,South-1,Tamil Nadu,Mamaearth,240000.0,460000.0,18.46
Dec'24,2024-12-01,FY_24-25,Sri Lalitha Enterprises,Dist.,Pothys,South-1,Tamil Nadu,Mamaearth,280000.0,520000.0,21.54
Dec'24,2024-12-01,FY_24-25,Sri Lalitha Enterprises,Dist.,Sarvana,South-1,Tamil Nadu,Mamaearth,780000.0,1470000.0,60.0
Dec'24,2024-12-01,FY_24-25,Sri Vijaya Durga Agencies_Mt,Dist.,H&G,South-2,Andhra Pradesh,Aqualogica,20000.0,30000.0,100.0
Dec'24,2024-12-01,FY_24-25,Sri Vijaya Durga Agencies_Mt,Dist.,H&G,South-2,Andhra Pradesh,BBLUNT,40000.0,70000.0,100.0
Dec'24,2024-12-01,FY_24-25,Sri Vijaya Durga Agencies_Mt,Dist.,Apollo Healthco,South-2,Andhra Pradesh,Mamaearth,3160000.0,6720000.0,28.29
Dec'24,2024-12-01,FY_24-25,Sri Vijaya Durga Agencies_Mt,Dist.,VMM,South-2,Andhra Pradesh,Mamaearth,20000.0,40000.0,0.18
Dec'24,2024-12-01,FY_24-25,Sri Vijaya Durga Agencies_Mt,Dist.,D-Mart,South-2,Andhra Pradesh,Mamaearth,4230000.0,9000000.0,37.87
Dec'24,2024-12-01,FY_24-25,Sri Vijaya Durga Agencies_Mt,Dist.,H&G,South-2,Andhra Pradesh,Mamaearth,70000.0,140000.0,0.63
Dec'24,2024-12-01,FY_24-25,Sri Vijaya Durga Agencies_Mt,Dist.,Reliance Retail,South-2,Andhra Pradesh,Mamaearth,3080000.0,6550000.0,27.57
Dec'24,2024-12-01,FY_24-25,Sri Vijaya Durga Agencies_Mt,Dist.,More Retail,South-2,Andhra Pradesh,Mamaearth,610000.0,1300000.0,5.46
Dec'24,2024-12-01,FY_24-25,Sri Vijaya Durga Agencies_Mt,Dist.,H&G,South-2,Andhra Pradesh,The Derma Co,80000.0,150000.0,100.0
Dec'24,2024-12-01,FY_24-25,United Marketing_Mt-Ship to,Dist.,Apollo Healthco,West,Goa,Mamaearth,300000.0,510000.0,100.0
Dec'24,2024-12-01,FY_24-25,Vanaja Agencies MT_Dmart,Dist.,D-Mart,South-2,Telangana,Mamaearth,5630000.0,15110000.0,100.0
Dec'24,2024-12-01,FY_24-25,Vanaja Agencies_Mt,Dist.,H&G,South-2,Telangana,Aqualogica,80000.0,150000.0,80.0
Dec'24,2024-12-01,FY_24-25,Vanaja Agencies_Mt,Dist.,Lulu,South-2,Telangana,Aqualogica,0.0,10000.0,0.0
Dec'24,2024-12-01,FY_24-25,Vanaja Agencies_Mt,Dist.,Apollo Healthco,South-2,Telangana,Aqualogica,20000.0,40000.0,20.0
Dec'24,2024-12-01,FY_24-25,Vanaja Agencies_Mt,Dist.,H&G,South-2,Telangana,BBLUNT,90000.0,150000.0,100.0
Dec'24,2024-12-01,FY_24-25,Vanaja Agencies_Mt,Dist.,Apollo Healthco,South-2,Telangana,Mamaearth,1170000.0,2260000.0,24.48
Dec'24,2024-12-01,FY_24-25,Vanaja Agencies_Mt,Dist.,H&G,South-2,Telangana,Mamaearth,590000.0,1140000.0,12.34
Dec'24,2024-12-01,FY_24-25,Vanaja Agencies_Mt,Dist.,Vijetha,South-2,Telangana,Mamaearth,220000.0,420000.0,4.6
Dec'24,2024-12-01,FY_24-25,Vanaja Agencies_Mt,Dist.,More Retail,South-2,Telangana,Mamaearth,630000.0,1210000.0,13.18
Dec'24,2024-12-01,FY_24-25,Vanaja Agencies_Mt,Dist.,Reliance Retail,South-2,Telangana,Mamaearth,1330000.0,2580000.0,27.82
Dec'24,2024-12-01,FY_24-25,Vanaja Agencies_Mt,Dist.,Lulu,South-2,Telangana,Mamaearth,80000.0,150000.0,1.67
Dec'24,2024-12-01,FY_24-25,Vanaja Agencies_Mt,Dist.,Ratnadeep,South-2,Telangana,Mamaearth,760000.0,1460000.0,15.9
Dec'24,2024-12-01,FY_24-25,Vanaja Agencies_Mt,Dist.,H&G,South-2,Telangana,The Derma Co,750000.0,1350000.0,77.32
Dec'24,2024-12-01,FY_24-25,Vanaja Agencies_Mt,Dist.,Lulu,South-2,Telangana,The Derma Co,30000.0,60000.0,3.09
Dec'24,2024-12-01,FY_24-25,Vanaja Agencies_Mt,Dist.,Apollo Healthco,South-2,Telangana,The Derma Co,190000.0,350000.0,19.59
Dec'24,2024-12-01,FY_24-25,VISHAL ENTERPRISES_Solapur,Dist.,D-Mart,West,Pune,Mamaearth,3610000.0,9880000.0,100.0
Jan'25,2025-01-01,FY_24-25,APOLLO HEALTHCO LIMITED_AHMEDABAD,Direct,Apollo Healthco,West,Gujarat,Mamaearth,740000.0,1490000.0,100.0
Jan'25,2025-01-01,FY_24-25,Apollo Healthco Limited_Bhiwandi,Direct,Apollo Healthco,West,Mumbai,Aqualogica,30000.0,50000.0,100.0
Jan'25,2025-01-01,FY_24-25,Apollo Healthco Limited_Bhiwandi,Direct,Apollo Healthco,West,Mumbai,Mamaearth,790000.0,1690000.0,100.0
Jan'25,2025-01-01,FY_24-25,Apollo Healthco Limited_Bhiwandi,Direct,Apollo Healthco,West,Mumbai,The Derma Co,140000.0,240000.0,100.0
Jan'25,2025-01-01,FY_24-25,Apollo Healthco Limited_Faridabad,Direct,Apollo Healthco,North,Haryana,Aqualogica,40000.0,70000.0,100.0
Jan'25,2025-01-01,FY_24-25,Apollo Healthco Limited_Faridabad,Direct,Apollo Healthco,North,Haryana,Mamaearth,1500000.0,3310000.0,100.0
Jan'25,2025-01-01,FY_24-25,Apollo Healthco Limited_Faridabad,Direct,Apollo Healthco,North,Haryana,The Derma Co,380000.0,630000.0,100.0
Jan'25,2025-01-01,FY_24-25,Apollo Healthco Limited_Rajasthan,Direct,Apollo Healthco,North,Rajasthan,Mamaearth,470000.0,990000.0,100.0
Jan'25,2025-01-01,FY_24-25,Apollo Healthco Limited-Bangalore,Direct,Apollo Healthco,South-1,Karnataka,Mamaearth,1610000.0,3220000.0,100.0
Jan'25,2025-01-01,FY_24-25,Apollo Healthco Limited-Chennai,Direct,Apollo Healthco,South-1,Tamil Nadu,Mamaearth,1300000.0,2650000.0,100.0
Jan'25,2025-01-01,FY_24-25,APOLLO HEALTHCO LIMITED-Chittor,Direct,Apollo Healthco,South-2,Andhra Pradesh,Mamaearth,1290000.0,2450000.0,100.0
Jan'25,2025-01-01,FY_24-25,Apollo Healthco Limited-Goa,Direct,Apollo Healthco,West,Goa,Mamaearth,300000.0,670000.0,100.0
Jan'25,2025-01-01,FY_24-25,Apollo Healthco Limited-Goa,Direct,Apollo Healthco,West,Goa,The Derma Co,50000.0,80000.0,100.0
Jan'25,2025-01-01,FY_24-25,Apollo Healthco Limited-Hubbli,Direct,Apollo Healthco,South-1,Karnataka,Mamaearth,1400000.0,3000000.0,100.0
Jan'25,2025-01-01,FY_24-25,APOLLO HEALTHCO LIMITED-HYD,Direct,Apollo Healthco,South-2,Telangana,Mamaearth,650000.0,1020000.0,100.0
Jan'25,2025-01-01,FY_24-25,Apollo Healthco Limited-Kochi,Direct,Apollo Healthco,South-1,Kerala,Mamaearth,620000.0,1260000.0,100.0
Jan'25,2025-01-01,FY_24-25,APOLLO HEALTHCO LIMITED-Madurai,Direct,Apollo Healthco,South-1,Tamil Nadu,Mamaearth,1120000.0,2290000.0,100.0
Jan'25,2025-01-01,FY_24-25,Apollo Healthco Limited-Ore,Direct,Apollo Healthco,East,Orissa,Mamaearth,410000.0,830000.0,100.0
Jan'25,2025-01-01,FY_24-25,Apollo Healthco Limited-Sanath Nagar,Direct,Apollo Healthco,South-2,Telangana,Mamaearth,970000.0,1900000.0,100.0
Jan'25,2025-01-01,FY_24-25,APOLLO HEALTHCO LIMITED-Vijayawada,Direct,Apollo Healthco,South-2,Andhra Pradesh,Mamaearth,1530000.0,2940000.0,100.0
Jan'25,2025-01-01,FY_24-25,APOLLO HEALTHCO LIMITED-WB,Direct,Apollo Healthco,East,West Bengal,Mamaearth,400000.0,870000.0,100.0
Jan'25,2025-01-01,FY_24-25,APOLLO HEALTHCO LIMITED-WB-2,Direct,Apollo Healthco,East,West Bengal,Mamaearth,1640000.0,3720000.0,100.0
Jan'25,2025-01-01,FY_24-25,Apollo Healthco Ltd_Raipur,Direct,Apollo Healthco,West,Chattishgarh,Mamaearth,400000.0,890000.0,100.0
Jan'25,2025-01-01,FY_24-25,Avenue E Commerce Limited(Belapur),Direct,D-Mart,West,Mumbai,Aqualogica,10000.0,10000.0,100.0
Jan'25,2025-01-01,FY_24-25,Avenue E Commerce Limited(Belapur),Direct,D-Mart,West,Mumbai,The Derma Co,10000.0,20000.0,100.0
Jan'25,2025-01-01,FY_24-25,Avenue E Commerce Limited(Kanjur),Direct,D-Mart,West,Mumbai,Aqualogica,10000.0,30000.0,100.0
Jan'25,2025-01-01,FY_24-25,Avenue E Commerce Limited(Kanjur),Direct,D-Mart,West,Mumbai,The Derma Co,30000.0,60000.0,100.0
Jan'25,2025-01-01,FY_24-25,Avenue E Commerce Limited(Kiwale),Direct,D-Mart,West,Pune,Aqualogica,30000.0,50000.0,100.0
Jan'25,2025-01-01,FY_24-25,Avenue E Commerce Limited(Kiwale),Direct,D-Mart,West,Pune,The Derma Co,40000.0,80000.0,100.0
Jan'25,2025-01-01,FY_24-25,Avenue E Commerce Limited(Mira Road) N2,Direct,D-Mart,West,Pune,Aqualogica,20000.0,40000.0,100.0
Jan'25,2025-01-01,FY_24-25,Avenue E Commerce Limited(Mira Road) N2,Direct,D-Mart,West,Pune,The Derma Co,20000.0,40000.0,100.0
Jan'25,2025-01-01,FY_24-25,Avenue E Commerce Limited(Nahur),Direct,D-Mart,West,Mumbai,Aqualogica,30000.0,70000.0,100.0
Jan'25,2025-01-01,FY_24-25,Avenue E Commerce Limited(Nahur),Direct,D-Mart,West,Mumbai,The Derma Co,20000.0,50000.0,100.0
Jan'25,2025-01-01,FY_24-25,Avenue E Commerce Limited_Panvel-2,Direct,D-Mart,West,Mumbai,Aqualogica,20000.0,40000.0,100.0
Jan'25,2025-01-01,FY_24-25,Avenue E Commerce Limited_Panvel-2,Direct,D-Mart,West,Mumbai,The Derma Co,20000.0,40000.0,100.0
Jan'25,2025-01-01,FY_24-25,Avenue E Commerce Ltd -Handewadi FC,Direct,D-Mart,West,Pune,Aqualogica,0.0,10000.0,100.0
Jan'25,2025-01-01,FY_24-25,Avenue E Commerce Ltd -Handewadi FC,Direct,D-Mart,West,Pune,The Derma Co,10000.0,20000.0,100.0
Jan'25,2025-01-01,FY_24-25,Avenue E Commerce Ltd -Vashi FC-E,Direct,D-Mart,West,Mumbai,Aqualogica,0.0,10000.0,100.0
Jan'25,2025-01-01,FY_24-25,Avenue E Commerce Ltd -Vashi FC-E,Direct,D-Mart,West,Mumbai,The Derma Co,10000.0,20000.0,100.0
Jan'25,2025-01-01,FY_24-25,Avenue E Commerce Ltd_4047-Vasai Waliv,Direct,D-Mart,West,Mumbai,Aqualogica,0.0,10000.0,100.0
Jan'25,2025-01-01,FY_24-25,Avenue E Commerce Ltd_4047-Vasai Waliv,Direct,D-Mart,West,Mumbai,The Derma Co,10000.0,20000.0,100.0
Jan'25,2025-01-01,FY_24-25,Avenue E Commerce Ltd_CadburyFC.,Direct,D-Mart,West,Mumbai,Aqualogica,10000.0,30000.0,100.0
Jan'25,2025-01-01,FY_24-25,Avenue E Commerce Ltd_CadburyFC.,Direct,D-Mart,West,Mumbai,The Derma Co,30000.0,50000.0,100.0
Jan'25,2025-01-01,FY_24-25,Avenue E Commerce Ltd_Goregaon,Direct,D-Mart,West,Mumbai,Aqualogica,10000.0,20000.0,100.0
Jan'25,2025-01-01,FY_24-25,Avenue E Commerce Ltd_Goregaon,Direct,D-Mart,West,Mumbai,The Derma Co,10000.0,20000.0,100.0
Jan'25,2025-01-01,FY_24-25,Avenue E Commerce Ltd_Manpada,Direct,D-Mart,West,Mumbai,Aqualogica,40000.0,80000.0,100.0
Jan'25,2025-01-01,FY_24-25,Avenue E Commerce Ltd_Manpada,Direct,D-Mart,West,Mumbai,The Derma Co,40000.0,70000.0,100.0
Jan'25,2025-01-01,FY_24-25,Avenue E Commerce Ltd_PeddaAmberpetFC,Direct,D-Mart,South-2,Telangana,Aqualogica,10000.0,10000.0,100.0
Jan'25,2025-01-01,FY_24-25,Avenue E Commerce Ltd_PeddaAmberpetFC,Direct,D-Mart,South-2,Telangana,The Derma Co,10000.0,20000.0,100.0
Jan'25,2025-01-01,FY_24-25,Avenue E Commerce Ltd_Wagholi,Direct,D-Mart,West,Pune,Aqualogica,10000.0,20000.0,100.0
Jan'25,2025-01-01,FY_24-25,Avenue E Commerce Ltd_Wagholi,Direct,D-Mart,West,Pune,The Derma Co,40000.0,70000.0,100.0
Jan'25,2025-01-01,FY_24-25,Avenue Supermarts Ltd.-DC-1032,Direct,D-Mart,South-1,Karnataka,Mamaearth,7780000.0,20150000.0,100.0
Jan'25,2025-01-01,FY_24-25,Avenue Supermarts Ltd.-DC-1032,Direct,D-Mart,South-1,Karnataka,The Derma Co,710000.0,1400000.0,100.0
Jan'25,2025-01-01,FY_24-25,Avenue Supermarts Ltd.-DC-1039,Direct,D-Mart,West,Mumbai,BBlunt,80000.0,160000.0,100.0
Jan'25,2025-01-01,FY_24-25,Avenue Supermarts Ltd.-DC-1039,Direct,D-Mart,West,Mumbai,Mamaearth,9480000.0,24700000.0,100.0
Jan'25,2025-01-01,FY_24-25,Avenue Supermarts Ltd.-DC-1039,Direct,D-Mart,West,Mumbai,The Derma Co,2260000.0,4450000.0,100.0
Jan'25,2025-01-01,FY_24-25,Avenue Supermarts Ltd.-DC-1049,Direct,D-Mart,North,Madhya Pradesh,Mamaearth,2280000.0,5980000.0,100.0
Jan'25,2025-01-01,FY_24-25,Avenue Supermarts Ltd.-DC-1050,Direct,D-Mart,North,Punjab,Mamaearth,2450000.0,6300000.0,100.0
Jan'25,2025-01-01,FY_24-25,Avenue Supermarts Ltd.-DC-1050,Direct,D-Mart,North,Punjab,The Derma Co,500000.0,970000.0,100.0
Jan'25,2025-01-01,FY_24-25,Avenue Supermarts Ltd.-DC-1068,Direct,D-Mart,North,Rajasthan,Mamaearth,1710000.0,4210000.0,100.0
Jan'25,2025-01-01,FY_24-25,Avenue Supermarts Ltd.-DC-1091,Direct,D-Mart,North,Haryana,Mamaearth,1510000.0,3430000.0,100.0
Jan'25,2025-01-01,FY_24-25,Avenue Supermarts Ltd.-DC-1091,Direct,D-Mart,North,Haryana,The Derma Co,360000.0,700000.0,100.0
Jan'25,2025-01-01,FY_24-25,Guardian Healthcare Services Pvt Ltd(DL),Direct,Guardian,North,Delhi,Aqualogica,0.0,0.0,100.0
Jan'25,2025-01-01,FY_24-25,Guardian Healthcare Services Pvt Ltd(DL),Direct,Guardian,North,Delhi,Mamaearth,40000.0,70000.0,100.0
Jan'25,2025-01-01,FY_24-25,Guardian Healthcare Services Pvt Ltd(DL),Direct,Guardian,North,Delhi,The Derma Co,30000.0,60000.0,100.0
Jan'25,2025-01-01,FY_24-25,Metro Cash & Carry India Pvt Ltd -(DC27)-T0SJ,Direct,Metro-CNC-RRL,South-1,Karnataka,Aqualogica,10000.0,10000.0,100.0
Jan'25,2025-01-01,FY_24-25,Metro Cash & Carry India Pvt Ltd -(DC27)-T0SJ,Direct,Metro-CNC-RRL,South-1,Karnataka,BBlunt,10000.0,20000.0,100.0
Jan'25,2025-01-01,FY_24-25,Metro Cash & Carry India Pvt Ltd -(DC27)-T0SJ,Direct,Metro-CNC-RRL,South-1,Karnataka,Mamaearth,180000.0,350000.0,100.0
Jan'25,2025-01-01,FY_24-25,Metro Cash & Carry India Pvt Ltd -(DC27)-T0SJ,Direct,Metro-CNC-RRL,South-1,Karnataka,The Derma Co,30000.0,50000.0,100.0
Jan'25,2025-01-01,FY_24-25,Metro Cash & Carry India Pvt Ltd-(DC10)-T0SM,Direct,Metro-CNC-RRL,South-1,Karnataka,Aqualogica,10000.0,10000.0,100.0
Jan'25,2025-01-01,FY_24-25,Metro Cash & Carry India Pvt Ltd-(DC10)-T0SM,Direct,Metro-CNC-RRL,South-1,Karnataka,BBlunt,20000.0,40000.0,100.0
Jan'25,2025-01-01,FY_24-25,Metro Cash & Carry India Pvt Ltd-(DC10)-T0SM,Direct,Metro-CNC-RRL,South-1,Karnataka,Mamaearth,130000.0,290000.0,100.0
Jan'25,2025-01-01,FY_24-25,Metro Cash & Carry India Pvt Ltd-(DC10)-T0SM,Direct,Metro-CNC-RRL,South-1,Karnataka,The Derma Co,10000.0,20000.0,100.0
Jan'25,2025-01-01,FY_24-25,Metro Cash & Carry India Pvt Ltd-(DC11)-T0SL,Direct,Metro-CNC-RRL,South-1,Karnataka,Aqualogica,0.0,0.0,100.0
Jan'25,2025-01-01,FY_24-25,Metro Cash & Carry India Pvt Ltd-(DC11)-T0SL,Direct,Metro-CNC-RRL,South-1,Karnataka,BBlunt,10000.0,20000.0,100.0
Jan'25,2025-01-01,FY_24-25,Metro Cash & Carry India Pvt Ltd-(DC11)-T0SL,Direct,Metro-CNC-RRL,South-1,Karnataka,Mamaearth,100000.0,210000.0,100.0
Jan'25,2025-01-01,FY_24-25,Metro Cash & Carry India Pvt Ltd-(DC12)-T0QX,Direct,Metro-CNC-RRL,South-2,Telangana,Mamaearth,-10000.0,-20000.0,100.0
Jan'25,2025-01-01,FY_24-25,Metro Cash & Carry India Pvt Ltd-(DC15)-T0QY,Direct,Metro-CNC-RRL,South-2,Telangana,Mamaearth,40000.0,130000.0,100.0
Jan'25,2025-01-01,FY_24-25,Metro Cash & Carry India Pvt Ltd-(DC16)-T0QZ,Direct,Metro-CNC-RRL,South-2,Telangana,BBlunt,-10000.0,-20000.0,100.0
Jan'25,2025-01-01,FY_24-25,Metro Cash & Carry India Pvt Ltd-(DC16)-T0QZ,Direct,Metro-CNC-RRL,South-2,Telangana,Mamaearth,350000.0,700000.0,100.0
Jan'25,2025-01-01,FY_24-25,Metro Cash & Carry India Pvt Ltd-(DC23)-T0RL,Direct,Metro-CNC-RRL,West,Mumbai,Aqualogica,10000.0,10000.0,100.0
Jan'25,2025-01-01,FY_24-25,Metro Cash & Carry India Pvt Ltd-(DC23)-T0RL,Direct,Metro-CNC-RRL,West,Mumbai,Mamaearth,20000.0,50000.0,100.0
Jan'25,2025-01-01,FY_24-25,Metro Cash & Carry India Pvt Ltd-(DC23)-T0RL,Direct,Metro-CNC-RRL,West,Mumbai,The Derma Co,10000.0,10000.0,100.0
Jan'25,2025-01-01,FY_24-25,Metro Cash & Carry India Pvt Ltd-(DC24)-T0RJ,Direct,Metro-CNC-RRL,North,Madhya Pradesh,Mamaearth,-40000.0,-80000.0,100.0
Jan'25,2025-01-01,FY_24-25,Metro Cash & Carry India Pvt Ltd-(DC26)-T0SP,Direct,Metro-CNC-RRL,South-1,Karnataka,Mamaearth,30000.0,70000.0,100.0
Jan'25,2025-01-01,FY_24-25,Metro Cash & Carry India Pvt Ltd-(DC43)-T2YF,Direct,Metro-CNC-RRL,North,Punjab,Mamaearth,-50000.0,-80000.0,100.0
Jan'25,2025-01-01,FY_24-25,Metro Cash & Carry India Pvt Ltd-(DC43)-T2YF,Direct,Metro-CNC-RRL,North,Punjab,The Derma Co,-10000.0,-20000.0,100.0
Jan'25,2025-01-01,FY_24-25,Metro Cash & Carry India Pvt Ltd-(DC45)-T0RE,Direct,Metro-CNC-RRL,North,Rajasthan,Mamaearth,-20000.0,-60000.0,100.0
Jan'25,2025-01-01,FY_24-25,Metro Cash & Carry India Pvt Ltd-(DC46)-T0RC,Direct,Metro-CNC-RRL,North,Delhi,Mamaearth,-30000.0,-60000.0,100.0
Jan'25,2025-01-01,FY_24-25,Metro Cash & Carry India Pvt Ltd-(DC52)-T0RI,Direct,Metro-CNC-RRL,North,Delhi,Mamaearth,-70000.0,-180000.0,100.0
Jan'25,2025-01-01,FY_24-25,Metro Cash & Carry India Pvt Ltd-(DC53)-T0QV,Direct,Metro-CNC-RRL,North,Lucknow_UPE,Mamaearth,-60000.0,-130000.0,100.0
Jan'25,2025-01-01,FY_24-25,Metro Cash & Carry India Pvt Ltd-(DC54)-T0QW,Direct,Metro-CNC-RRL,North,UPW,Mamaearth,60000.0,120000.0,100.0
Jan'25,2025-01-01,FY_24-25,Metro Cash & Carry India Pvt Ltd_DC33(T0SQ),Direct,Metro-CNC-RRL,South-1,Karnataka,Mamaearth,40000.0,90000.0,100.0
Jan'25,2025-01-01,FY_24-25,Metro Cash & Carry India Pvt Ltd_T0SO,Direct,Metro-CNC-RRL,South-1,Karnataka,Mamaearth,60000.0,130000.0,100.0
Jan'25,2025-01-01,FY_24-25,Reliance Retail Limited Ce08,Direct,Reliance Retail,East,Jharkhand,Aqualogica,-40000.0,-60000.0,100.0
Jan'25,2025-01-01,FY_24-25,Reliance Retail Limited Ce08,Direct,Reliance Retail,East,Jharkhand,Mamaearth,1490000.0,4030000.0,100.0
Jan'25,2025-01-01,FY_24-25,Reliance Retail Limited Cf08,Direct,Reliance Retail,West,Mumbai,Mamaearth,750000.0,1930000.0,100.0
Jan'25,2025-01-01,FY_24-25,Reliance Retail Limited Cf08,Direct,Reliance Retail,West,Mumbai,Pure Origin,40000.0,70000.0,100.0
Jan'25,2025-01-01,FY_24-25,Reliance Retail Limited Cf08,Direct,Reliance Retail,West,Mumbai,The Derma Co,-50000.0,-80000.0,100.0
Jan'25,2025-01-01,FY_24-25,Reliance Retail Limited Fb08,Direct,Reliance Retail,North,Punjab,Mamaearth,830000.0,2060000.0,100.0
Jan'25,2025-01-01,FY_24-25,Reliance Retail Limited Fd08,Direct,Reliance Retail,South-1,Karnataka,Mamaearth,60000.0,170000.0,100.0
Jan'25,2025-01-01,FY_24-25,Reliance Retail Limited R468,Direct,Reliance Retail,South-2,Andhra Pradesh,Mamaearth,50000.0,70000.0,100.0
Jan'25,2025-01-01,FY_24-25,Reliance Retail Limited R701,Direct,Reliance Retail,West,Gujarat,Mamaearth,1020000.0,2420000.0,100.0
Jan'25,2025-01-01,FY_24-25,Reliance Retail Limited R701,Direct,Reliance Retail,West,Gujarat,The Derma Co,-60000.0,-100000.0,100.0
Jan'25,2025-01-01,FY_24-25,Reliance Retail Limited R703,Direct,Reliance Retail,South-1,Tamil Nadu,Mamaearth,30000.0,80000.0,100.0
Jan'25,2025-01-01,FY_24-25,Reliance Retail Limited R801,Direct,Reliance Retail,East,Orissa,Mamaearth,1710000.0,4270000.0,100.0
Jan'25,2025-01-01,FY_24-25,Reliance Retail Limited Sc79,Direct,Reliance Retail,West,Mumbai,Mamaearth,430000.0,1080000.0,100.0
Jan'25,2025-01-01,FY_24-25,Reliance Retail Limited_2302,Direct,Reliance Retail,East,Jharkhand,Mamaearth,20000.0,30000.0,100.0
Jan'25,2025-01-01,FY_24-25,Reliance Retail Limited_2995,Direct,Reliance Retail,North,Haryana,Mamaearth,20000.0,40000.0,100.0
Jan'25,2025-01-01,FY_24-25,Reliance Retail Limited_2996,Direct,Reliance Retail,North,Punjab,Mamaearth,20000.0,30000.0,100.0
Jan'25,2025-01-01,FY_24-25,Reliance Retail Limited_6722,Direct,Reliance Retail,North,Delhi,Mamaearth,-10000.0,-10000.0,100.0
Jan'25,2025-01-01,FY_24-25,Reliance Retail Limited_Cy08-Kerala,Direct,Reliance Retail,South-1,Kerala,Mamaearth,-10000.0,-20000.0,100.0
Jan'25,2025-01-01,FY_24-25,Reliance Retail Limited_FR00,Direct,Reliance Retail,West,Mumbai,Mamaearth,10000.0,20000.0,100.0
Jan'25,2025-01-01,FY_24-25,Reliance Retail Limited_FR03,Direct,Reliance Retail,West,Mumbai,Mamaearth,10000.0,30000.0,100.0
Jan'25,2025-01-01,FY_24-25,Reliance Retail Limited_FR27,Direct,Reliance Retail,North,Madhya Pradesh,Mamaearth,10000.0,30000.0,100.0
Jan'25,2025-01-01,FY_24-25,Reliance Retail Limited_FR60,Direct,Reliance Retail,West,Gujarat,Mamaearth,20000.0,30000.0,100.0
Jan'25,2025-01-01,FY_24-25,Reliance Retail Limited_FR62,Direct,Reliance Retail,East,Orissa,Aqualogica,0.0,0.0,100.0
Jan'25,2025-01-01,FY_24-25,Reliance Retail Limited_FR62,Direct,Reliance Retail,East,Orissa,BBlunt,0.0,0.0,100.0
Jan'25,2025-01-01,FY_24-25,Reliance Retail Limited_FR62,Direct,Reliance Retail,East,Orissa,Mamaearth,20000.0,30000.0,100.0
Jan'25,2025-01-01,FY_24-25,Reliance Retail Limited_FR62,Direct,Reliance Retail,East,Orissa,The Derma Co,10000.0,10000.0,100.0
Jan'25,2025-01-01,FY_24-25,Reliance Retail Limited_FR64,Direct,Reliance Retail,East,Orissa,Mamaearth,10000.0,20000.0,100.0
Jan'25,2025-01-01,FY_24-25,Reliance Retail Limited_FR76,Direct,Reliance Retail,East,West Bengal,Aqualogica,-10000.0,-20000.0,100.0
Jan'25,2025-01-01,FY_24-25,Reliance Retail Limited_FR76,Direct,Reliance Retail,East,West Bengal,BBlunt,0.0,0.0,100.0
Jan'25,2025-01-01,FY_24-25,Reliance Retail Limited_FR76,Direct,Reliance Retail,East,West Bengal,Mamaearth,-20000.0,-50000.0,100.0
Jan'25,2025-01-01,FY_24-25,Reliance Retail Limited_FR76,Direct,Reliance Retail,East,West Bengal,The Derma Co,10000.0,10000.0,100.0
Jan'25,2025-01-01,FY_24-25,Reliance Retail Limited_Fr87,Direct,Reliance Retail,North,Haryana,Mamaearth,1750000.0,4490000.0,100.0
Jan'25,2025-01-01,FY_24-25,Reliance Retail Limited_Fr87,Direct,Reliance Retail,North,Haryana,Pure Origin,70000.0,120000.0,100.0
Jan'25,2025-01-01,FY_24-25,Reliance Retail Limited_Fr89,Direct,Reliance Retail,North,UPW,Mamaearth,290000.0,700000.0,100.0
Jan'25,2025-01-01,FY_24-25,Reliance Retail Limited_FRAT,Direct,Reliance Retail,East,Jharkhand,Aqualogica,10000.0,20000.0,100.0
Jan'25,2025-01-01,FY_24-25,Reliance Retail Limited_FRAT,Direct,Reliance Retail,East,Jharkhand,BBlunt,10000.0,20000.0,100.0
Jan'25,2025-01-01,FY_24-25,Reliance Retail Limited_FRAT,Direct,Reliance Retail,East,Jharkhand,Mamaearth,10000.0,20000.0,100.0
Jan'25,2025-01-01,FY_24-25,Reliance Retail Limited_FRAT,Direct,Reliance Retail,East,Jharkhand,The Derma Co,20000.0,30000.0,100.0
Jan'25,2025-01-01,FY_24-25,Reliance Retail Limited_Fraz,Direct,Reliance Retail,North,Punjab,Mamaearth,800000.0,2080000.0,100.0
Jan'25,2025-01-01,FY_24-25,Reliance Retail Limited_FRBD,Direct,Reliance Retail,North,Punjab,Mamaearth,20000.0,40000.0,100.0
Jan'25,2025-01-01,FY_24-25,Reliance Retail Limited_FRBR,Direct,Reliance Retail,East,West Bengal,Mamaearth,10000.0,10000.0,100.0
Jan'25,2025-01-01,FY_24-25,Reliance Retail Limited_FRBS,Direct,Reliance Retail,East,West Bengal,Aqualogica,10000.0,10000.0,100.0
Jan'25,2025-01-01,FY_24-25,Reliance Retail Limited_FRBS,Direct,Reliance Retail,East,West Bengal,BBlunt,10000.0,10000.0,100.0
Jan'25,2025-01-01,FY_24-25,Reliance Retail Limited_FRBS,Direct,Reliance Retail,East,West Bengal,Mamaearth,10000.0,10000.0,100.0
Jan'25,2025-01-01,FY_24-25,Reliance Retail Limited_FRBS,Direct,Reliance Retail,East,West Bengal,The Derma Co,10000.0,20000.0,100.0
Jan'25,2025-01-01,FY_24-25,Reliance Retail Limited_FRBU,Direct,Reliance Retail,East,West Bengal,BBlunt,0.0,0.0,100.0
Jan'25,2025-01-01,FY_24-25,Reliance Retail Limited_FRBU,Direct,Reliance Retail,East,West Bengal,Mamaearth,10000.0,20000.0,100.0
Jan'25,2025-01-01,FY_24-25,Reliance Retail Limited_FRBU,Direct,Reliance Retail,East,West Bengal,The Derma Co,10000.0,10000.0,100.0
Jan'25,2025-01-01,FY_24-25,Reliance Retail Limited_FRCJ,Direct,Reliance Retail,East,West Bengal,Mamaearth,10000.0,30000.0,100.0
Jan'25,2025-01-01,FY_24-25,Reliance Retail Limited_FRCS,Direct,Reliance Retail,North,Delhi,Mamaearth,10000.0,30000.0,100.0
Jan'25,2025-01-01,FY_24-25,Reliance Retail Limited_FRDB,Direct,Reliance Retail,North,Delhi,Aqualogica,0.0,0.0,100.0
Jan'25,2025-01-01,FY_24-25,Reliance Retail Limited_FRDB,Direct,Reliance Retail,North,Delhi,BBlunt,0.0,10000.0,100.0
Jan'25,2025-01-01,FY_24-25,Reliance Retail Limited_FRDB,Direct,Reliance Retail,North,Delhi,Mamaearth,10000.0,20000.0,100.0
Jan'25,2025-01-01,FY_24-25,Reliance Retail Limited_FRDB,Direct,Reliance Retail,North,Delhi,The Derma Co,20000.0,30000.0,100.0
Jan'25,2025-01-01,FY_24-25,Reliance Retail Limited_FRDK,Direct,Reliance Retail,North,UPW,Aqualogica,0.0,0.0,100.0
Jan'25,2025-01-01,FY_24-25,Reliance Retail Limited_FRDK,Direct,Reliance Retail,North,UPW,BBlunt,0.0,0.0,100.0
Jan'25,2025-01-01,FY_24-25,Reliance Retail Limited_FRDK,Direct,Reliance Retail,North,UPW,Mamaearth,10000.0,20000.0,100.0
Jan'25,2025-01-01,FY_24-25,Reliance Retail Limited_FRDK,Direct,Reliance Retail,North,UPW,The Derma Co,10000.0,10000.0,100.0
Jan'25,2025-01-01,FY_24-25,Reliance Retail Limited_FRDL,Direct,Reliance Retail,North,UPW,Aqualogica,0.0,0.0,100.0
Jan'25,2025-01-01,FY_24-25,Reliance Retail Limited_FRDL,Direct,Reliance Retail,North,UPW,BBlunt,0.0,0.0,100.0
Jan'25,2025-01-01,FY_24-25,Reliance Retail Limited_FRDL,Direct,Reliance Retail,North,UPW,Mamaearth,10000.0,30000.0,100.0
Jan'25,2025-01-01,FY_24-25,Reliance Retail Limited_FRDL,Direct,Reliance Retail,North,UPW,The Derma Co,10000.0,10000.0,100.0
Jan'25,2025-01-01,FY_24-25,Reliance Retail Limited_FREM,Direct,Reliance Retail,North,Rajasthan,Mamaearth,20000.0,50000.0,100.0
Jan'25,2025-01-01,FY_24-25,Reliance Retail Limited_FRER,Direct,Reliance Retail,North,Rajasthan,Mamaearth,20000.0,30000.0,100.0
Jan'25,2025-01-01,FY_24-25,Reliance Retail Limited_FRFA,Direct,Reliance Retail,North,Lucknow_UPE,Mamaearth,20000.0,30000.0,100.0
Jan'25,2025-01-01,FY_24-25,Reliance Retail Limited_FRFD,Direct,Reliance Retail,East,Orissa,Mamaearth,20000.0,30000.0,100.0
Jan'25,2025-01-01,FY_24-25,Reliance Retail Limited_FRFR,Direct,Reliance Retail,North,Uttarakhand,Mamaearth,20000.0,30000.0,100.0
Jan'25,2025-01-01,FY_24-25,Reliance Retail Limited_FRFU,Direct,Reliance Retail,East,Bihar,Mamaearth,20000.0,40000.0,100.0
Jan'25,2025-01-01,FY_24-25,Reliance Retail Limited_FRGC,Direct,Reliance Retail,North,Lucknow_UPE,Mamaearth,20000.0,30000.0,100.0
Jan'25,2025-01-01,FY_24-25,Reliance Retail Limited_FRGF,Direct,Reliance Retail,North,Lucknow_UPE,Mamaearth,20000.0,40000.0,100.0
Jan'25,2025-01-01,FY_24-25,Reliance Retail Limited_FRGK,Direct,Reliance Retail,North,Jammu,Mamaearth,10000.0,20000.0,100.0
Jan'25,2025-01-01,FY_24-25,Reliance Retail Limited_FRGW,Direct,Reliance Retail,North,Lucknow_UPE,Mamaearth,20000.0,30000.0,100.0
Jan'25,2025-01-01,FY_24-25,Reliance Retail Limited_FRHF,Direct,Reliance Retail,North,Lucknow_UPE,Mamaearth,20000.0,30000.0,100.0
Jan'25,2025-01-01,FY_24-25,Reliance Retail Limited_Frhv,Direct,Reliance Retail,North,Lucknow_UPE,Mamaearth,630000.0,1680000.0,100.0
Jan'25,2025-01-01,FY_24-25,Reliance Retail Limited_Frhv,Direct,Reliance Retail,North,Lucknow_UPE,Pure Origin,30000.0,50000.0,100.0
Jan'25,2025-01-01,FY_24-25,RELIANCE RETAIL LIMITED_FRIA,Direct,Reliance Retail,East,Bihar,Mamaearth,1140000.0,2980000.0,100.0
Jan'25,2025-01-01,FY_24-25,Reliance Retail Limited_FRLF,Direct,Reliance Retail,East,West Bengal,Mamaearth,20000.0,30000.0,100.0
Jan'25,2025-01-01,FY_24-25,Reliance Retail Limited_S0IX,Direct,Reliance Retail,West,Pune,Mamaearth,750000.0,1900000.0,100.0
Jan'25,2025-01-01,FY_24-25,Reliance Retail Limited_S0IX,Direct,Reliance Retail,West,Pune,Pure Origin,40000.0,70000.0,100.0
Jan'25,2025-01-01,FY_24-25,Reliance Retail Limited_S0XE,Direct,Reliance Retail,South-1,Kerala,Mamaearth,490000.0,1070000.0,100.0
Jan'25,2025-01-01,FY_24-25,Reliance Retail Limited_SAHO,Direct,Reliance Retail,South-1,Tamil Nadu,Mamaearth,340000.0,930000.0,100.0
Jan'25,2025-01-01,FY_24-25,Reliance Retail Limited_SAOS,Direct,Reliance Retail,East,West Bengal,Mamaearth,820000.0,2100000.0,100.0
Jan'25,2025-01-01,FY_24-25,Reliance Retail Limited_Sb01,Direct,Reliance Retail,West,Mumbai,Mamaearth,550000.0,1360000.0,100.0
Jan'25,2025-01-01,FY_24-25,Reliance Retail Limited_Sk8I,Direct,Reliance Retail,North,Uttarakhand,Mamaearth,190000.0,510000.0,100.0
Jan'25,2025-01-01,FY_24-25,Reliance Retail Limited_SL6S,Direct,Reliance Retail,North,Rajasthan,Mamaearth,1460000.0,3730000.0,100.0
Jan'25,2025-01-01,FY_24-25,Reliance Retail Limited_SZ9J,Direct,Reliance Retail,North,Madhya Pradesh,Mamaearth,170000.0,410000.0,100.0
Jan'25,2025-01-01,FY_24-25,Reliance Retail Limited_T62I,Direct,Reliance Retail,West,Chattishgarh,Mamaearth,20000.0,30000.0,100.0
Jan'25,2025-01-01,FY_24-25,Reliance Retail Limited_T913,Direct,Reliance Retail,North,UPW,Aqualogica,10000.0,10000.0,100.0
Jan'25,2025-01-01,FY_24-25,Reliance Retail Limited_T913,Direct,Reliance Retail,North,UPW,BBlunt,10000.0,20000.0,100.0
Jan'25,2025-01-01,FY_24-25,Reliance Retail Limited_T913,Direct,Reliance Retail,North,UPW,Mamaearth,10000.0,20000.0,100.0
Jan'25,2025-01-01,FY_24-25,Reliance Retail Limited_T913,Direct,Reliance Retail,North,UPW,The Derma Co,10000.0,20000.0,100.0
Jan'25,2025-01-01,FY_24-25,Reliance Retail Limited_T946,Direct,Reliance Retail,North,Rajasthan,Mamaearth,20000.0,30000.0,100.0
Jan'25,2025-01-01,FY_24-25,Reliance Retail Limited_TB15,Direct,Reliance Retail,North,Madhya Pradesh,Mamaearth,10000.0,30000.0,100.0
Jan'25,2025-01-01,FY_24-25,Reliance Retail Limited_TDC7,Direct,Reliance Retail,East,Orissa,Mamaearth,20000.0,30000.0,100.0
Jan'25,2025-01-01,FY_24-25,Reliance Retail Limited_TE57,Direct,Reliance Retail,North,Punjab,Mamaearth,20000.0,40000.0,100.0
Jan'25,2025-01-01,FY_24-25,Reliance Retail Limited_TG87,Direct,Reliance Retail,South-1,Kerala,Mamaearth,20000.0,40000.0,100.0
Jan'25,2025-01-01,FY_24-25,Reliance Retail Limited_TH94,Direct,Reliance Retail,North,Rajasthan,Mamaearth,10000.0,20000.0,100.0
Jan'25,2025-01-01,FY_24-25,Reliance Retail Limited_TK48,Direct,Reliance Retail,East,Jharkhand,Mamaearth,20000.0,30000.0,100.0
Jan'25,2025-01-01,FY_24-25,Reliance Retail Limited_TMW7,Direct,Reliance Retail,West,Mumbai,Mamaearth,20000.0,30000.0,100.0
Jan'25,2025-01-01,FY_24-25,Reliance Retail Limited_TMZ5,Direct,Reliance Retail,East,West Bengal,Mamaearth,0.0,-10000.0,100.0
Jan'25,2025-01-01,FY_24-25,Reliance Retail Limited_TN55,Direct,Reliance Retail,East,West Bengal,Mamaearth,20000.0,40000.0,100.0
Jan'25,2025-01-01,FY_24-25,Reliance Retail Limited_TN56,Direct,Reliance Retail,East,Orissa,Mamaearth,70000.0,120000.0,100.0
Jan'25,2025-01-01,FY_24-25,Reliance Retail Limited_TNB7,Direct,Reliance Retail,West,Chattishgarh,Mamaearth,20000.0,40000.0,100.0
Jan'25,2025-01-01,FY_24-25,Reliance Retail Limited_TNC1,Direct,Reliance Retail,North,Uttarakhand,Aqualogica,10000.0,10000.0,100.0
Jan'25,2025-01-01,FY_24-25,Reliance Retail Limited_TNC1,Direct,Reliance Retail,North,Uttarakhand,BBlunt,10000.0,20000.0,100.0
Jan'25,2025-01-01,FY_24-25,Reliance Retail Limited_TNC1,Direct,Reliance Retail,North,Uttarakhand,Mamaearth,20000.0,30000.0,100.0
Jan'25,2025-01-01,FY_24-25,Reliance Retail Limited_TNC1,Direct,Reliance Retail,North,Uttarakhand,The Derma Co,20000.0,30000.0,100.0
Jan'25,2025-01-01,FY_24-25,Reliance Retail Limited_TNC6,Direct,Reliance Retail,North,Punjab,Mamaearth,20000.0,40000.0,100.0
Jan'25,2025-01-01,FY_24-25,Reliance Retail Limited_TNC8,Direct,Reliance Retail,South-1,Karnataka,Mamaearth,20000.0,30000.0,100.0
Jan'25,2025-01-01,FY_24-25,Reliance Retail Limited_TND0,Direct,Reliance Retail,South-1,Karnataka,Mamaearth,30000.0,50000.0,100.0
Jan'25,2025-01-01,FY_24-25,Reliance Retail Limited_TNE3,Direct,Reliance Retail,North,Uttarakhand,Mamaearth,20000.0,30000.0,100.0
Jan'25,2025-01-01,FY_24-25,Reliance Retail Limited_TO20,Direct,Reliance Retail,North,Madhya Pradesh,Mamaearth,20000.0,40000.0,100.0
Jan'25,2025-01-01,FY_24-25,Reliance Retail Limited_TOJ6,Direct,Reliance Retail,West,Mumbai,Mamaearth,10000.0,20000.0,100.0
Jan'25,2025-01-01,FY_24-25,Reliance Retail Limited_TP05,Direct,Reliance Retail,North,Haryana,Mamaearth,20000.0,30000.0,100.0
Jan'25,2025-01-01,FY_24-25,Reliance Retail Limited_TP76,Direct,Reliance Retail,North,Rajasthan,Mamaearth,30000.0,60000.0,100.0
Jan'25,2025-01-01,FY_24-25,Reliance Retail Limited_TQ21,Direct,Reliance Retail,West,Mumbai,Mamaearth,10000.0,30000.0,100.0
Jan'25,2025-01-01,FY_24-25,Reliance Retail Limited_TQ22,Direct,Reliance Retail,East,West Bengal,Mamaearth,20000.0,40000.0,100.0
Jan'25,2025-01-01,FY_24-25,Reliance Retail Limited_TW60,Direct,Reliance Retail,East,Orissa,Mamaearth,80000.0,130000.0,100.0
Jan'25,2025-01-01,FY_24-25,Reliance Retail Limited_TY87,Direct,Reliance Retail,North,Rajasthan,Mamaearth,20000.0,30000.0,100.0
Jan'25,2025-01-01,FY_24-25,Reliance Retail Limited-6202,Direct,Reliance Retail,West,Gujarat,Aqualogica,10000.0,10000.0,100.0
Jan'25,2025-01-01,FY_24-25,Reliance Retail Limited-6202,Direct,Reliance Retail,West,Gujarat,BBlunt,10000.0,10000.0,100.0
Jan'25,2025-01-01,FY_24-25,Reliance Retail Limited-6202,Direct,Reliance Retail,West,Gujarat,Mamaearth,10000.0,30000.0,100.0
Jan'25,2025-01-01,FY_24-25,Reliance Retail Limited-6202,Direct,Reliance Retail,West,Gujarat,The Derma Co,0.0,10000.0,100.0
Jan'25,2025-01-01,FY_24-25,Reliance Retail Limited-6205,Direct,Reliance Retail,North,Haryana,Aqualogica,10000.0,10000.0,100.0
Jan'25,2025-01-01,FY_24-25,Reliance Retail Limited-6205,Direct,Reliance Retail,North,Haryana,BBlunt,20000.0,40000.0,100.0
Jan'25,2025-01-01,FY_24-25,Reliance Retail Limited-6205,Direct,Reliance Retail,North,Haryana,Mamaearth,40000.0,70000.0,100.0
Jan'25,2025-01-01,FY_24-25,Reliance Retail Limited-6205,Direct,Reliance Retail,North,Haryana,The Derma Co,30000.0,40000.0,100.0
Jan'25,2025-01-01,FY_24-25,Reliance Retail Limited-6206,Direct,Reliance Retail,East,Jharkhand,Mamaearth,10000.0,20000.0,100.0
Jan'25,2025-01-01,FY_24-25,Reliance Retail Limited-6208,Direct,Reliance Retail,West,Pune,Mamaearth,10000.0,20000.0,100.0
Jan'25,2025-01-01,FY_24-25,Reliance Retail Limited-6214,Direct,Reliance Retail,South-1,Tamil Nadu,Mamaearth,10000.0,30000.0,100.0
Jan'25,2025-01-01,FY_24-25,Reliance Retail Limited-6217,Direct,Reliance Retail,West,Mumbai,Mamaearth,20000.0,30000.0,100.0
Jan'25,2025-01-01,FY_24-25,Reliance Retail Limited-6219,Direct,Reliance Retail,West,Pune,Mamaearth,40000.0,80000.0,100.0
Jan'25,2025-01-01,FY_24-25,Reliance Retail Limited-6224,Direct,Reliance Retail,East,Orissa,Aqualogica,0.0,0.0,100.0
Jan'25,2025-01-01,FY_24-25,Reliance Retail Limited-6224,Direct,Reliance Retail,East,Orissa,Mamaearth,40000.0,70000.0,100.0
Jan'25,2025-01-01,FY_24-25,Reliance Retail Limited-6225,Direct,Reliance Retail,South-1,Karnataka,Mamaearth,40000.0,70000.0,100.0
Jan'25,2025-01-01,FY_24-25,Reliance Retail Limited-6239,Direct,Reliance Retail,North,Delhi,Mamaearth,20000.0,30000.0,100.0
Jan'25,2025-01-01,FY_24-25,Reliance Retail Limited-6703,Direct,Reliance Retail,West,Gujarat,Mamaearth,20000.0,30000.0,100.0
Jan'25,2025-01-01,FY_24-25,Reliance Retail Limited-6705,Direct,Reliance Retail,South-1,Kerala,Mamaearth,30000.0,60000.0,100.0
Jan'25,2025-01-01,FY_24-25,Reliance Retail Limited-6726,Direct,Reliance Retail,North,Rajasthan,Mamaearth,20000.0,50000.0,100.0
Jan'25,2025-01-01,FY_24-25,RELIANCE RETAIL LIMITED-Badli,Direct,Reliance Retail,North,Haryana,Mamaearth,1030000.0,2540000.0,100.0
Jan'25,2025-01-01,FY_24-25,RELIANCE RETAIL LIMITED-Badli,Direct,Reliance Retail,North,Haryana,Pure Origin,60000.0,90000.0,100.0
Jan'25,2025-01-01,FY_24-25,Reliance Retail Limited-FR08,Direct,Reliance Retail,West,Mumbai,Mamaearth,20000.0,40000.0,100.0
Jan'25,2025-01-01,FY_24-25,Reliance Retail Limited-FR15,Direct,Reliance Retail,West,Mumbai,Mamaearth,20000.0,30000.0,100.0
Jan'25,2025-01-01,FY_24-25,Reliance Retail Limited-FR23,Direct,Reliance Retail,West,Pune,Mamaearth,20000.0,40000.0,100.0
Jan'25,2025-01-01,FY_24-25,Reliance Retail Limited-FR40,Direct,Reliance Retail,South-1,Karnataka,Mamaearth,40000.0,70000.0,100.0
Jan'25,2025-01-01,FY_24-25,Reliance Retail Limited-FR43,Direct,Reliance Retail,South-1,Karnataka,Mamaearth,130000.0,250000.0,100.0
Jan'25,2025-01-01,FY_24-25,Reliance Retail Limited-FR45,Direct,Reliance Retail,South-1,Karnataka,Aqualogica,10000.0,10000.0,100.0
Jan'25,2025-01-01,FY_24-25,Reliance Retail Limited-FR45,Direct,Reliance Retail,South-1,Karnataka,BBlunt,10000.0,20000.0,100.0
Jan'25,2025-01-01,FY_24-25,Reliance Retail Limited-FR45,Direct,Reliance Retail,South-1,Karnataka,Mamaearth,10000.0,30000.0,100.0
Jan'25,2025-01-01,FY_24-25,Reliance Retail Limited-FR45,Direct,Reliance Retail,South-1,Karnataka,The Derma Co,10000.0,20000.0,100.0
Jan'25,2025-01-01,FY_24-25,Reliance Retail Limited-FR46,Direct,Reliance Retail,South-1,Karnataka,Mamaearth,40000.0,70000.0,100.0
Jan'25,2025-01-01,FY_24-25,Reliance Retail Limited-FR47,Direct,Reliance Retail,South-1,Karnataka,Mamaearth,30000.0,70000.0,100.0
Jan'25,2025-01-01,FY_24-25,Reliance Retail Limited-FR63,Direct,Reliance Retail,East,Orissa,Aqualogica,0.0,0.0,100.0
Jan'25,2025-01-01,FY_24-25,Reliance Retail Limited-FR63,Direct,Reliance Retail,East,Orissa,BBlunt,0.0,0.0,100.0
Jan'25,2025-01-01,FY_24-25,Reliance Retail Limited-FR63,Direct,Reliance Retail,East,Orissa,Mamaearth,10000.0,20000.0,100.0
Jan'25,2025-01-01,FY_24-25,Reliance Retail Limited-FR63,Direct,Reliance Retail,East,Orissa,The Derma Co,10000.0,10000.0,100.0
Jan'25,2025-01-01,FY_24-25,Reliance Retail Limited-FR73,Direct,Reliance Retail,East,West Bengal,Aqualogica,0.0,0.0,100.0
Jan'25,2025-01-01,FY_24-25,Reliance Retail Limited-FR73,Direct,Reliance Retail,East,West Bengal,BBlunt,0.0,10000.0,100.0
Jan'25,2025-01-01,FY_24-25,Reliance Retail Limited-FR73,Direct,Reliance Retail,East,West Bengal,Mamaearth,30000.0,50000.0,100.0
Jan'25,2025-01-01,FY_24-25,Reliance Retail Limited-FR73,Direct,Reliance Retail,East,West Bengal,The Derma Co,20000.0,20000.0,100.0
Jan'25,2025-01-01,FY_24-25,Reliance Retail Limited-FR74,Direct,Reliance Retail,East,West Bengal,Mamaearth,20000.0,40000.0,100.0
Jan'25,2025-01-01,FY_24-25,Reliance Retail Limited-FR95,Direct,Reliance Retail,South-1,Kerala,Mamaearth,20000.0,30000.0,100.0
Jan'25,2025-01-01,FY_24-25,Reliance Retail Limited-FRAR,Direct,Reliance Retail,East,Jharkhand,Aqualogica,10000.0,10000.0,100.0
Jan'25,2025-01-01,FY_24-25,Reliance Retail Limited-FRAR,Direct,Reliance Retail,East,Jharkhand,BBlunt,10000.0,10000.0,100.0
Jan'25,2025-01-01,FY_24-25,Reliance Retail Limited-FRAR,Direct,Reliance Retail,East,Jharkhand,Mamaearth,30000.0,50000.0,100.0
Jan'25,2025-01-01,FY_24-25,Reliance Retail Limited-FRAR,Direct,Reliance Retail,East,Jharkhand,The Derma Co,10000.0,20000.0,100.0
Jan'25,2025-01-01,FY_24-25,Reliance Retail Limited-FRAU,Direct,Reliance Retail,East,Jharkhand,Aqualogica,10000.0,10000.0,100.0
Jan'25,2025-01-01,FY_24-25,Reliance Retail Limited-FRAU,Direct,Reliance Retail,East,Jharkhand,BBlunt,10000.0,10000.0,100.0
Jan'25,2025-01-01,FY_24-25,Reliance Retail Limited-FRAU,Direct,Reliance Retail,East,Jharkhand,Mamaearth,10000.0,20000.0,100.0
Jan'25,2025-01-01,FY_24-25,Reliance Retail Limited-FRAU,Direct,Reliance Retail,East,Jharkhand,The Derma Co,10000.0,20000.0,100.0
Jan'25,2025-01-01,FY_24-25,Reliance Retail Limited-FRBQ,Direct,Reliance Retail,South-1,Kerala,Mamaearth,10000.0,20000.0,100.0
Jan'25,2025-01-01,FY_24-25,Reliance Retail Limited-FRBV,Direct,Reliance Retail,East,West Bengal,Aqualogica,0.0,0.0,100.0
Jan'25,2025-01-01,FY_24-25,Reliance Retail Limited-FRBV,Direct,Reliance Retail,East,West Bengal,BBlunt,0.0,10000.0,100.0
Jan'25,2025-01-01,FY_24-25,Reliance Retail Limited-FRBV,Direct,Reliance Retail,East,West Bengal,Mamaearth,30000.0,60000.0,100.0
Jan'25,2025-01-01,FY_24-25,Reliance Retail Limited-FRBV,Direct,Reliance Retail,East,West Bengal,The Derma Co,10000.0,20000.0,100.0
Jan'25,2025-01-01,FY_24-25,Reliance Retail Limited-FRCA,Direct,Reliance Retail,East,West Bengal,Mamaearth,20000.0,40000.0,100.0
Jan'25,2025-01-01,FY_24-25,Reliance Retail Limited-FRCB,Direct,Reliance Retail,East,West Bengal,BBlunt,0.0,0.0,100.0
Jan'25,2025-01-01,FY_24-25,Reliance Retail Limited-FRCB,Direct,Reliance Retail,East,West Bengal,Mamaearth,10000.0,20000.0,100.0
Jan'25,2025-01-01,FY_24-25,Reliance Retail Limited-FRCB,Direct,Reliance Retail,East,West Bengal,The Derma Co,10000.0,10000.0,100.0
Jan'25,2025-01-01,FY_24-25,Reliance Retail Limited-FRCC,Direct,Reliance Retail,East,West Bengal,Aqualogica,10000.0,10000.0,100.0
Jan'25,2025-01-01,FY_24-25,Reliance Retail Limited-FRCC,Direct,Reliance Retail,East,West Bengal,BBlunt,10000.0,10000.0,100.0
Jan'25,2025-01-01,FY_24-25,Reliance Retail Limited-FRCC,Direct,Reliance Retail,East,West Bengal,Mamaearth,20000.0,30000.0,100.0
Jan'25,2025-01-01,FY_24-25,Reliance Retail Limited-FRCC,Direct,Reliance Retail,East,West Bengal,The Derma Co,20000.0,20000.0,100.0
Jan'25,2025-01-01,FY_24-25,Reliance Retail Limited-FRCF,Direct,Reliance Retail,East,West Bengal,Mamaearth,-10000.0,-30000.0,100.0
Jan'25,2025-01-01,FY_24-25,Reliance Retail Limited-FRCK,Direct,Reliance Retail,East,West Bengal,Aqualogica,10000.0,10000.0,100.0
Jan'25,2025-01-01,FY_24-25,Reliance Retail Limited-FRCK,Direct,Reliance Retail,East,West Bengal,BBlunt,10000.0,20000.0,100.0
Jan'25,2025-01-01,FY_24-25,Reliance Retail Limited-FRCK,Direct,Reliance Retail,East,West Bengal,Mamaearth,20000.0,30000.0,100.0
Jan'25,2025-01-01,FY_24-25,Reliance Retail Limited-FRCK,Direct,Reliance Retail,East,West Bengal,The Derma Co,20000.0,30000.0,100.0
Jan'25,2025-01-01,FY_24-25,Reliance Retail Limited-FRCO,Direct,Reliance Retail,North,Haryana,Mamaearth,30000.0,50000.0,100.0
Jan'25,2025-01-01,FY_24-25,Reliance Retail Limited-FRCX,Direct,Reliance Retail,North,Delhi,Aqualogica,20000.0,40000.0,100.0
Jan'25,2025-01-01,FY_24-25,Reliance Retail Limited-FRCX,Direct,Reliance Retail,North,Delhi,Mamaearth,20000.0,30000.0,100.0
Jan'25,2025-01-01,FY_24-25,Reliance Retail Limited-FRDF,Direct,Reliance Retail,North,UPW,Mamaearth,20000.0,40000.0,100.0
Jan'25,2025-01-01,FY_24-25,Reliance Retail Limited-FRDH,Direct,Reliance Retail,North,UPW,Mamaearth,10000.0,20000.0,100.0
Jan'25,2025-01-01,FY_24-25,Reliance Retail Limited-FRDM,Direct,Reliance Retail,North,UPW,Mamaearth,20000.0,30000.0,100.0
Jan'25,2025-01-01,FY_24-25,Reliance Retail Limited-FRDU,Direct,Reliance Retail,West,Gujarat,Mamaearth,30000.0,50000.0,100.0
Jan'25,2025-01-01,FY_24-25,Reliance Retail Limited-FRDV,Direct,Reliance Retail,West,Gujarat,Mamaearth,20000.0,40000.0,100.0
Jan'25,2025-01-01,FY_24-25,Reliance Retail Limited-FRDZ,Direct,Reliance Retail,West,Gujarat,Mamaearth,20000.0,30000.0,100.0
Jan'25,2025-01-01,FY_24-25,RELIANCE RETAIL LIMITED-FREC,Direct,Reliance Retail,South-1,Karnataka,Mamaearth,1730000.0,4220000.0,100.0
Jan'25,2025-01-01,FY_24-25,RELIANCE RETAIL LIMITED-FREF,Direct,Reliance Retail,South-1,Tamil Nadu,Mamaearth,240000.0,640000.0,100.0
Jan'25,2025-01-01,FY_24-25,RELIANCE RETAIL LIMITED-FREI,Direct,Reliance Retail,South-2,Telangana,Mamaearth,20000.0,50000.0,100.0
Jan'25,2025-01-01,FY_24-25,RELIANCE RETAIL LIMITED-FREI,Direct,Reliance Retail,South-2,Telangana,Pure Origin,50000.0,90000.0,100.0
Jan'25,2025-01-01,FY_24-25,Reliance Retail Limited-FRFP,Direct,Reliance Retail,East,Bihar,Mamaearth,20000.0,40000.0,100.0
Jan'25,2025-01-01,FY_24-25,Reliance Retail Limited-FRGN,Direct,Reliance Retail,West,Gujarat,Mamaearth,20000.0,40000.0,100.0
Jan'25,2025-01-01,FY_24-25,Reliance Retail Limited-FRGQ,Direct,Reliance Retail,North,Uttarakhand,Mamaearth,60000.0,110000.0,100.0
Jan'25,2025-01-01,FY_24-25,Reliance Retail Limited-FRGS,Direct,Reliance Retail,East,Bihar,Aqualogica,10000.0,10000.0,100.0
Jan'25,2025-01-01,FY_24-25,Reliance Retail Limited-FRGS,Direct,Reliance Retail,East,Bihar,BBlunt,10000.0,20000.0,100.0
Jan'25,2025-01-01,FY_24-25,Reliance Retail Limited-FRGS,Direct,Reliance Retail,East,Bihar,Mamaearth,20000.0,30000.0,100.0
Jan'25,2025-01-01,FY_24-25,Reliance Retail Limited-FRGS,Direct,Reliance Retail,East,Bihar,The Derma Co,10000.0,20000.0,100.0
Jan'25,2025-01-01,FY_24-25,Reliance Retail Limited-FRHL,Direct,Reliance Retail,South-1,Karnataka,Mamaearth,40000.0,70000.0,100.0
Jan'25,2025-01-01,FY_24-25,Reliance Retail Limited-FRHT,Direct,Reliance Retail,East,Bihar,Mamaearth,20000.0,40000.0,100.0
Jan'25,2025-01-01,FY_24-25,Reliance Retail Limited-S0GK,Direct,Reliance Retail,South-1,Kerala,Mamaearth,480000.0,1180000.0,100.0
Jan'25,2025-01-01,FY_24-25,Reliance Retail Limited-S0KN,Direct,Reliance Retail,South-1,Karnataka,Mamaearth,700000.0,1580000.0,100.0
Jan'25,2025-01-01,FY_24-25,Reliance Retail Limited-S2BZ,Direct,Reliance Retail,North,Lucknow_UPE,Mamaearth,310000.0,810000.0,100.0
Jan'25,2025-01-01,FY_24-25,Reliance Retail Limited-SAAH,Direct,Reliance Retail,North,UPW,Mamaearth,1170000.0,2920000.0,100.0
Jan'25,2025-01-01,FY_24-25,RELIANCE RETAIL LIMITED-SF92,Direct,Reliance Retail,East,West Bengal,Mamaearth,2920000.0,7800000.0,100.0
Jan'25,2025-01-01,FY_24-25,RELIANCE RETAIL LIMITED-SH65,Direct,Reliance Retail,West,Pune,Mamaearth,1150000.0,2840000.0,100.0
Jan'25,2025-01-01,FY_24-25,RELIANCE RETAIL LIMITED-SH69,Direct,Reliance Retail,North,Haryana,Mamaearth,790000.0,2030000.0,100.0
Jan'25,2025-01-01,FY_24-25,RELIANCE RETAIL LIMITED-SH71,Direct,Reliance Retail,North,Madhya Pradesh,Mamaearth,1630000.0,4190000.0,100.0
Jan'25,2025-01-01,FY_24-25,Reliance Retail Limited-SK6I,Direct,Reliance Retail,West,Gujarat,Mamaearth,610000.0,1510000.0,100.0
Jan'25,2025-01-01,FY_24-25,Reliance Retail Limited-SLET,Direct,Reliance Retail,East,Bihar,Mamaearth,210000.0,580000.0,100.0
Jan'25,2025-01-01,FY_24-25,Reliance Retail Limited-SLG3,Direct,Reliance Retail,South-1,Tamil Nadu,Mamaearth,440000.0,1090000.0,100.0
Jan'25,2025-01-01,FY_24-25,RELIANCE RETAIL LIMITED-SLIG,Direct,Reliance Retail,East,Northeast-Assam,Mamaearth,260000.0,700000.0,100.0
Jan'25,2025-01-01,FY_24-25,RELIANCE RETAIL LIMITED-SLII,Direct,Reliance Retail,North,Lucknow_UPE,Mamaearth,70000.0,190000.0,100.0
Jan'25,2025-01-01,FY_24-25,Reliance Retail Limited-SLMP,Direct,Reliance Retail,West,Gujarat,Mamaearth,20000.0,40000.0,100.0
Jan'25,2025-01-01,FY_24-25,Reliance Retail Limited-Slmr,Direct,Reliance Retail,East,Orissa,Mamaearth,140000.0,320000.0,100.0
Jan'25,2025-01-01,FY_24-25,Reliance Retail Limited-SLS1,Direct,Reliance Retail,South-1,Tamil Nadu,Mamaearth,940000.0,2260000.0,100.0
Jan'25,2025-01-01,FY_24-25,Reliance Retail Limited-SLS2,Direct,Reliance Retail,South-2,Andhra Pradesh,Mamaearth,160000.0,440000.0,100.0
Jan'25,2025-01-01,FY_24-25,Reliance Retail Limited-SN1U,Direct,Reliance Retail,East,West Bengal,Mamaearth,790000.0,1940000.0,100.0
Jan'25,2025-01-01,FY_24-25,Reliance Retail Limited-SP9K,Direct,Reliance Retail,West,Pune,Mamaearth,630000.0,1570000.0,100.0
Jan'25,2025-01-01,FY_24-25,Reliance Retail Limited-T0Z9,Direct,Reliance Retail,West,Gujarat,Mamaearth,20000.0,40000.0,100.0
Jan'25,2025-01-01,FY_24-25,Reliance Retail Limited-T1CT,Direct,Reliance Retail,East,West Bengal,Mamaearth,110000.0,220000.0,100.0
Jan'25,2025-01-01,FY_24-25,Reliance Retail Limited-T1X4,Direct,Reliance Retail,South-1,Kerala,Mamaearth,30000.0,60000.0,100.0
Jan'25,2025-01-01,FY_24-25,Reliance Retail Limited-T2DI,Direct,Reliance Retail,South-1,Karnataka,Aqualogica,10000.0,10000.0,100.0
Jan'25,2025-01-01,FY_24-25,Reliance Retail Limited-T2DI,Direct,Reliance Retail,South-1,Karnataka,BBlunt,10000.0,10000.0,100.0
Jan'25,2025-01-01,FY_24-25,Reliance Retail Limited-T2DI,Direct,Reliance Retail,South-1,Karnataka,The Derma Co,10000.0,20000.0,100.0
Jan'25,2025-01-01,FY_24-25,Reliance Retail Limited-T37T,Direct,Reliance Retail,North,Lucknow_UPE,Mamaearth,20000.0,40000.0,100.0
Jan'25,2025-01-01,FY_24-25,Reliance Retail Limited-T48P,Direct,Reliance Retail,North,Haryana,Mamaearth,100000.0,190000.0,100.0
Jan'25,2025-01-01,FY_24-25,Reliance Retail Limited-T84I,Direct,Reliance Retail,North,Haryana,Aqualogica,10000.0,10000.0,100.0
Jan'25,2025-01-01,FY_24-25,Reliance Retail Limited-T84I,Direct,Reliance Retail,North,Haryana,BBlunt,10000.0,10000.0,100.0
Jan'25,2025-01-01,FY_24-25,Reliance Retail Limited-T84I,Direct,Reliance Retail,North,Haryana,The Derma Co,10000.0,10000.0,100.0
Jan'25,2025-01-01,FY_24-25,Reliance Retail Limited-T915,Direct,Reliance Retail,North,UPW,Mamaearth,30000.0,50000.0,100.0
Jan'25,2025-01-01,FY_24-25,Reliance Retail Limited-TA35,Direct,Reliance Retail,South-1,Kerala,Mamaearth,20000.0,40000.0,100.0
Jan'25,2025-01-01,FY_24-25,Reliance Retail Limited-TA36,Direct,Reliance Retail,South-1,Tamil Nadu,Aqualogica,10000.0,10000.0,100.0
Jan'25,2025-01-01,FY_24-25,Reliance Retail Limited-TA36,Direct,Reliance Retail,South-1,Tamil Nadu,BBlunt,10000.0,10000.0,100.0
Jan'25,2025-01-01,FY_24-25,Reliance Retail Limited-TA36,Direct,Reliance Retail,South-1,Tamil Nadu,Mamaearth,10000.0,20000.0,100.0
Jan'25,2025-01-01,FY_24-25,Reliance Retail Limited-TA36,Direct,Reliance Retail,South-1,Tamil Nadu,The Derma Co,10000.0,20000.0,100.0
Jan'25,2025-01-01,FY_24-25,Reliance Retail Limited-TA9N,Direct,Reliance Retail,East,West Bengal,Mamaearth,20000.0,30000.0,100.0
Jan'25,2025-01-01,FY_24-25,Reliance Retail Limited-TAIE,Direct,Reliance Retail,South-1,Tamil Nadu,Aqualogica,10000.0,10000.0,100.0
Jan'25,2025-01-01,FY_24-25,Reliance Retail Limited-TAIE,Direct,Reliance Retail,South-1,Tamil Nadu,BBlunt,0.0,10000.0,100.0
Jan'25,2025-01-01,FY_24-25,Reliance Retail Limited-TAIE,Direct,Reliance Retail,South-1,Tamil Nadu,The Derma Co,10000.0,20000.0,100.0
Jan'25,2025-01-01,FY_24-25,Reliance Retail Limited-TAUX,Direct,Reliance Retail,West,Gujarat,Mamaearth,10000.0,30000.0,100.0
Jan'25,2025-01-01,FY_24-25,Reliance Retail Limited-TG2K,Direct,Reliance Retail,West,Gujarat,Mamaearth,30000.0,50000.0,100.0
Jan'25,2025-01-01,FY_24-25,Reliance Retail Limited-TGL6,Direct,Reliance Retail,North,Madhya Pradesh,Mamaearth,30000.0,40000.0,100.0
Jan'25,2025-01-01,FY_24-25,Reliance Retail Limited-TIU6,Direct,Reliance Retail,East,Jharkhand,Mamaearth,20000.0,40000.0,100.0
Jan'25,2025-01-01,FY_24-25,Reliance Retail Limited-TL30,Direct,Reliance Retail,North,Delhi,Aqualogica,-20000.0,-40000.0,100.0
Jan'25,2025-01-01,FY_24-25,Reliance Retail Limited-TL30,Direct,Reliance Retail,North,Delhi,BBlunt,0.0,0.0,100.0
Jan'25,2025-01-01,FY_24-25,Reliance Retail Limited-TL30,Direct,Reliance Retail,North,Delhi,Mamaearth,-30000.0,-50000.0,100.0
Jan'25,2025-01-01,FY_24-25,Reliance Retail Limited-TL30,Direct,Reliance Retail,North,Delhi,The Derma Co,0.0,0.0,100.0
Jan'25,2025-01-01,FY_24-25,Reliance Retail Limited-TM18,Direct,Reliance Retail,South-1,Karnataka,Mamaearth,40000.0,80000.0,100.0
Jan'25,2025-01-01,FY_24-25,Reliance Retail Limited-TM27,Direct,Reliance Retail,East,Orissa,Mamaearth,10000.0,20000.0,100.0
Jan'25,2025-01-01,FY_24-25,Reliance Retail Limited-TMI6,Direct,Reliance Retail,East,Orissa,Mamaearth,40000.0,70000.0,100.0
Jan'25,2025-01-01,FY_24-25,Reliance Retail Limited-TN54,Direct,Reliance Retail,West,Chattishgarh,Mamaearth,10000.0,20000.0,100.0
Jan'25,2025-01-01,FY_24-25,Reliance Retail Limited-Tna8,Direct,Reliance Retail,West,Gujarat,Mamaearth,20000.0,40000.0,100.0
Jan'25,2025-01-01,FY_24-25,Reliance Retail Limited-TNB5,Direct,Reliance Retail,West,Gujarat,Mamaearth,10000.0,30000.0,100.0
Jan'25,2025-01-01,FY_24-25,Reliance Retail Limited-TNC2,Direct,Reliance Retail,South-1,Tamil Nadu,Aqualogica,10000.0,10000.0,100.0
Jan'25,2025-01-01,FY_24-25,Reliance Retail Limited-TNC2,Direct,Reliance Retail,South-1,Tamil Nadu,BBlunt,0.0,10000.0,100.0
Jan'25,2025-01-01,FY_24-25,Reliance Retail Limited-TNC2,Direct,Reliance Retail,South-1,Tamil Nadu,The Derma Co,10000.0,10000.0,100.0
Jan'25,2025-01-01,FY_24-25,Reliance Retail Limited-TNC7,Direct,Reliance Retail,North,Punjab,Aqualogica,0.0,0.0,100.0
Jan'25,2025-01-01,FY_24-25,Reliance Retail Limited-TNC7,Direct,Reliance Retail,North,Punjab,BBlunt,10000.0,10000.0,100.0
Jan'25,2025-01-01,FY_24-25,Reliance Retail Limited-TNC7,Direct,Reliance Retail,North,Punjab,Mamaearth,30000.0,50000.0,100.0
Jan'25,2025-01-01,FY_24-25,Reliance Retail Limited-TNC7,Direct,Reliance Retail,North,Punjab,The Derma Co,10000.0,20000.0,100.0
Jan'25,2025-01-01,FY_24-25,Reliance Retail Limited-TND1,Direct,Reliance Retail,West,Gujarat,Mamaearth,40000.0,80000.0,100.0
Jan'25,2025-01-01,FY_24-25,Reliance Retail Limited-TND2,Direct,Reliance Retail,South-1,Tamil Nadu,Aqualogica,0.0,0.0,100.0
Jan'25,2025-01-01,FY_24-25,Reliance Retail Limited-TND2,Direct,Reliance Retail,South-1,Tamil Nadu,BBlunt,0.0,10000.0,100.0
Jan'25,2025-01-01,FY_24-25,Reliance Retail Limited-TND2,Direct,Reliance Retail,South-1,Tamil Nadu,Mamaearth,0.0,10000.0,100.0
Jan'25,2025-01-01,FY_24-25,Reliance Retail Limited-TND2,Direct,Reliance Retail,South-1,Tamil Nadu,The Derma Co,10000.0,20000.0,100.0
Jan'25,2025-01-01,FY_24-25,Reliance Retail Limited-TND4,Direct,Reliance Retail,East,West Bengal,Mamaearth,20000.0,40000.0,100.0
Jan'25,2025-01-01,FY_24-25,Reliance Retail Limited-Tnd5,Direct,Reliance Retail,West,Gujarat,Mamaearth,30000.0,50000.0,100.0
Jan'25,2025-01-01,FY_24-25,Reliance Retail Limited-TND6,Direct,Reliance Retail,South-1,Tamil Nadu,Mamaearth,10000.0,20000.0,100.0
Jan'25,2025-01-01,FY_24-25,Reliance Retail Limited-TND7,Direct,Reliance Retail,South-1,Tamil Nadu,Mamaearth,10000.0,20000.0,100.0
Jan'25,2025-01-01,FY_24-25,Reliance Retail Limited-TNE1,Direct,Reliance Retail,South-1,Karnataka,Mamaearth,10000.0,30000.0,100.0
Jan'25,2025-01-01,FY_24-25,Reliance Retail Limited-TOG3,Direct,Reliance Retail,East,West Bengal,Mamaearth,10000.0,20000.0,100.0
Jan'25,2025-01-01,FY_24-25,Reliance Retail Limited-TP06,Direct,Reliance Retail,North,Delhi,Mamaearth,20000.0,50000.0,100.0
Jan'25,2025-01-01,FY_24-25,Reliance Retail Limited-TP23,Direct,Reliance Retail,South-1,Kerala,Mamaearth,20000.0,40000.0,100.0
Jan'25,2025-01-01,FY_24-25,Reliance Retail Limited-TQ61,Direct,Reliance Retail,South-1,Kerala,Mamaearth,20000.0,30000.0,100.0
Jan'25,2025-01-01,FY_24-25,Reliance Retail Limited-TR28,Direct,Reliance Retail,South-1,Karnataka,Mamaearth,10000.0,20000.0,100.0
Jan'25,2025-01-01,FY_24-25,Reliance Retail Limited-TW11,Direct,Reliance Retail,North,Delhi,Mamaearth,20000.0,30000.0,100.0
Jan'25,2025-01-01,FY_24-25,Reliance Retail Limited-TZ03,Direct,Reliance Retail,South-1,Karnataka,Mamaearth,40000.0,70000.0,100.0
Jan'25,2025-01-01,FY_24-25,Reliance Retail Limited-TZ8R,Direct,Reliance Retail,North,Uttarakhand,Mamaearth,20000.0,30000.0,100.0
Jan'25,2025-01-01,FY_24-25,Reliance Retail Limited-TZL5,Direct,Reliance Retail,East,Bihar,Aqualogica,10000.0,10000.0,100.0
Jan'25,2025-01-01,FY_24-25,Reliance Retail Limited-TZL5,Direct,Reliance Retail,East,Bihar,BBlunt,10000.0,10000.0,100.0
Jan'25,2025-01-01,FY_24-25,Reliance Retail Limited-TZL5,Direct,Reliance Retail,East,Bihar,Mamaearth,10000.0,10000.0,100.0
Jan'25,2025-01-01,FY_24-25,Reliance Retail Limited-TZL5,Direct,Reliance Retail,East,Bihar,The Derma Co,10000.0,20000.0,100.0
Jan'25,2025-01-01,FY_24-25,Reliance Retail Limited-ZZI0-B,Direct,Reliance Retail,South-1,Kerala,Aqualogica,60000.0,90000.0,100.0
Jan'25,2025-01-01,FY_24-25,Reliance Retail Limited-ZZI0-B,Direct,Reliance Retail,South-1,Kerala,Mamaearth,600000.0,1170000.0,100.0
Jan'25,2025-01-01,FY_24-25,Reliance Retail Ltd _Madhavaram- TNB8,Direct,Reliance Retail,South-1,Tamil Nadu,Mamaearth,20000.0,40000.0,100.0
Jan'25,2025-01-01,FY_24-25,Reliance Retail Ltd _Mysore_2994,Direct,Reliance Retail,South-1,Karnataka,Mamaearth,30000.0,60000.0,100.0
Jan'25,2025-01-01,FY_24-25,Reliance Retail Ltd _RAJAJI NAGAR- FR49,Direct,Reliance Retail,South-1,Karnataka,Aqualogica,10000.0,10000.0,100.0
Jan'25,2025-01-01,FY_24-25,Reliance Retail Ltd _RAJAJI NAGAR- FR49,Direct,Reliance Retail,South-1,Karnataka,BBlunt,10000.0,10000.0,100.0
Jan'25,2025-01-01,FY_24-25,Reliance Retail Ltd _RAJAJI NAGAR- FR49,Direct,Reliance Retail,South-1,Karnataka,Mamaearth,10000.0,10000.0,100.0
Jan'25,2025-01-01,FY_24-25,Reliance Retail Ltd _RAJAJI NAGAR- FR49,Direct,Reliance Retail,South-1,Karnataka,The Derma Co,20000.0,20000.0,100.0
Jan'25,2025-01-01,FY_24-25,Reliance Retail Ltd_Davanagere- TNC0,Direct,Reliance Retail,South-1,Karnataka,Mamaearth,20000.0,40000.0,100.0
Jan'25,2025-01-01,FY_24-25,Reliance Retail Ltd_Hubballi_2997,Direct,Reliance Retail,South-1,Karnataka,Mamaearth,10000.0,20000.0,100.0
Jan'25,2025-01-01,FY_24-25,Reliance Retail Ltd_Nagercoil- 3338,Direct,Reliance Retail,South-1,Tamil Nadu,Mamaearth,40000.0,70000.0,100.0
Jan'25,2025-01-01,FY_24-25,RELIANCE RETAIL Ltd-SLEW,Direct,Reliance Retail,West,Chattishgarh,Mamaearth,700000.0,1750000.0,100.0
Jan'25,2025-01-01,FY_24-25,Tnsi Retail Pvt Ltd_Sultanpur,Direct,WH-Smith,North,Haryana,Mamaearth,-200000.0,-410000.0,100.0
Jan'25,2025-01-01,FY_24-25,Tnsi Retail Pvt Ltd_Sultanpur,Direct,WH-Smith,North,Haryana,The Derma Co,0.0,0.0,100.0
Jan'25,2025-01-01,FY_24-25,Travel News Services India Pvt Ltd(Hyd),Direct,WH-Smith,South-2,Telangana,Aqualogica,20000.0,40000.0,100.0
Jan'25,2025-01-01,FY_24-25,Travel News Services India Pvt Ltd(Hyd),Direct,WH-Smith,South-2,Telangana,Mamaearth,80000.0,160000.0,100.0
Jan'25,2025-01-01,FY_24-25,Travel News Services India Pvt Ltd(Unit11Coch,Direct,WH-Smith,South-1,Kerala,Aqualogica,70000.0,140000.0,100.0
Jan'25,2025-01-01,FY_24-25,Travel News Services India Pvt Ltd(Unit11Coch,Direct,WH-Smith,South-1,Kerala,Mamaearth,310000.0,630000.0,100.0
Jan'25,2025-01-01,FY_24-25,Travel News Services India Pvt LtdWHSM-HOOGHLY,Direct,WH-Smith,East,West Bengal,Aqualogica,10000.0,10000.0,100.0
Jan'25,2025-01-01,FY_24-25,Travel News Services India Pvt LtdWHSM-HOOGHLY,Direct,WH-Smith,East,West Bengal,Mamaearth,110000.0,220000.0,100.0
Jan'25,2025-01-01,FY_24-25,Travel Retail Services Pvt Ltd_Blr,Direct,Relay,South-1,Karnataka,Mamaearth,30000.0,80000.0,100.0
Jan'25,2025-01-01,FY_24-25,Travel Retail Services Pvt Ltd_Blr,Direct,Relay,South-1,Karnataka,The Derma Co,10000.0,30000.0,100.0
Jan'25,2025-01-01,FY_24-25,Trent Hypermarket Private Limited_Blr,Direct,Trent,South-1,Karnataka,Mamaearth,60000.0,100000.0,100.0
Jan'25,2025-01-01,FY_24-25,Trent Hypermarket Private Limited_Mah,Direct,Trent,West,Mumbai,Mamaearth,100000.0,170000.0,100.0
Jan'25,2025-01-01,FY_24-25,Trent Hypermarket Private Limited-P,Direct,Trent,West,Pune,Mamaearth,150000.0,260000.0,100.0
Jan'25,2025-01-01,FY_24-25,Wal-Mart India Private Limited 4702,Direct,Walmart CNC,North,Punjab,Mamaearth,170000.0,330000.0,100.0
Jan'25,2025-01-01,FY_24-25,Wal-Mart India Private Limited 4703,Direct,Walmart CNC,North,Punjab,Mamaearth,130000.0,240000.0,100.0
Jan'25,2025-01-01,FY_24-25,Wal-Mart India Private Limited 4706,Direct,Walmart CNC,North,Punjab,Mamaearth,100000.0,200000.0,100.0
Jan'25,2025-01-01,FY_24-25,Wal-Mart India Private Limited 4712,Direct,Walmart CNC,North,Madhya Pradesh,Mamaearth,160000.0,310000.0,100.0
Jan'25,2025-01-01,FY_24-25,Wal-Mart India Private Limited 4713,Direct,Walmart CNC,North,Rajasthan,Mamaearth,160000.0,310000.0,100.0
Jan'25,2025-01-01,FY_24-25,Wal-Mart India Private Limited 4716,Direct,Walmart CNC,West,Chattishgarh,Mamaearth,110000.0,210000.0,100.0
Jan'25,2025-01-01,FY_24-25,Wal-Mart India Private Limited 4717,Direct,Walmart CNC,North,Punjab,Mamaearth,130000.0,250000.0,100.0
Jan'25,2025-01-01,FY_24-25,Wal-Mart India Private Limited 4719,Direct,Walmart CNC,North,Jammu,Mamaearth,360000.0,690000.0,100.0
Jan'25,2025-01-01,FY_24-25,Wal-Mart India Private Limited 4720,Direct,Walmart CNC,North,UPW,Mamaearth,150000.0,290000.0,100.0
Jan'25,2025-01-01,FY_24-25,Wal-Mart India Private Limited 4721,Direct,Walmart CNC,South-2,Andhra Pradesh,Mamaearth,30000.0,60000.0,100.0
Jan'25,2025-01-01,FY_24-25,Wal-Mart India Private Limited 4723,Direct,Walmart CNC,North,Lucknow_UPE,Mamaearth,320000.0,600000.0,100.0
Jan'25,2025-01-01,FY_24-25,Wal-Mart India Private Limited 4725,Direct,Walmart CNC,South-2,Andhra Pradesh,Mamaearth,-20000.0,-50000.0,100.0
Jan'25,2025-01-01,FY_24-25,Wal-Mart India Private Limited 4727,Direct,Walmart CNC,North,Lucknow_UPE,Mamaearth,30000.0,60000.0,100.0
Jan'25,2025-01-01,FY_24-25,Wal-Mart India Private Limited 4729,Direct,Walmart CNC,North,Madhya Pradesh,Mamaearth,80000.0,150000.0,100.0
Jan'25,2025-01-01,FY_24-25,Wal-Mart India Private Limited 4734,Direct,Walmart CNC,South-2,Telangana,Mamaearth,30000.0,60000.0,100.0
Jan'25,2025-01-01,FY_24-25,Wal-Mart India Private Limited 4742,Direct,Walmart CNC,South-2,Andhra Pradesh,Mamaearth,50000.0,90000.0,100.0
Jan'25,2025-01-01,FY_24-25,Wal-Mart India Private Limited 4744,Direct,Walmart CNC,West,Pune,Mamaearth,10000.0,10000.0,100.0
Jan'25,2025-01-01,FY_24-25,Wal-Mart India Private Limited 4760,Direct,Walmart CNC,North,Madhya Pradesh,Mamaearth,100000.0,190000.0,100.0
Jan'25,2025-01-01,FY_24-25,Wal-Mart India Private Limited 4797,Direct,Walmart CNC,North,Lucknow_UPE,Mamaearth,90000.0,160000.0,100.0
Jan'25,2025-01-01,FY_24-25,Wal-Mart India Private Limited 4799,Direct,Walmart CNC,South-2,Andhra Pradesh,Mamaearth,0.0,0.0,100.0
Jan'25,2025-01-01,FY_24-25,Wal-Mart India Private Limited 4801,Direct,Walmart CNC,North,Punjab,Mamaearth,110000.0,210000.0,100.0
Jan'25,2025-01-01,FY_24-25,Wal-Mart India Private Limited 4803,Direct,Walmart CNC,North,Madhya Pradesh,Mamaearth,170000.0,330000.0,100.0
Jan'25,2025-01-01,FY_24-25,Wal-Mart India Private Limited 4805,Direct,Walmart CNC,South-2,Andhra Pradesh,Mamaearth,80000.0,150000.0,100.0
Jan'25,2025-01-01,FY_24-25,Wal-Mart India Private Limited 4814,Direct,Walmart CNC,South-2,Andhra Pradesh,Mamaearth,10000.0,30000.0,100.0
Jan'25,2025-01-01,FY_24-25,Wellness Forever Medicare Ltd,Direct,Wellness Forever,West,Mumbai,Aqualogica,100000.0,170000.0,100.0
Jan'25,2025-01-01,FY_24-25,Wellness Forever Medicare Ltd,Direct,Wellness Forever,West,Mumbai,Mamaearth,1940000.0,3270000.0,100.0
Jan'25,2025-01-01,FY_24-25,Wellness Forever Medicare Ltd,Direct,Wellness Forever,West,Mumbai,The Derma Co,2140000.0,3610000.0,100.0
Jan'25,2025-01-01,FY_24-25,Arc Foods And Beverages_Mt_H&G,Dist.,H&G,South-1,Tamil Nadu,Aqualogica,70000.0,140000.0,87.5
Jan'25,2025-01-01,FY_24-25,Arc Foods And Beverages_Mt_H&G,Dist.,Apollo Healthco,South-1,Tamil Nadu,Aqualogica,10000.0,10000.0,12.5
Jan'25,2025-01-01,FY_24-25,Arc Foods And Beverages_Mt_H&G,Dist.,H&G,South-1,Tamil Nadu,BBlunt,120000.0,190000.0,100.0
Jan'25,2025-01-01,FY_24-25,Arc Foods And Beverages_Mt_H&G,Dist.,Apollo Healthco,South-1,Tamil Nadu,Mamaearth,390000.0,750000.0,39.8
Jan'25,2025-01-01,FY_24-25,Arc Foods And Beverages_Mt_H&G,Dist.,H&G,South-1,Tamil Nadu,Mamaearth,590000.0,1140000.0,60.2
Jan'25,2025-01-01,FY_24-25,Arc Foods And Beverages_Mt_H&G,Dist.,H&G,South-1,Tamil Nadu,The Derma Co,780000.0,1440000.0,91.76
Jan'25,2025-01-01,FY_24-25,Arc Foods And Beverages_Mt_H&G,Dist.,Apollo Healthco,South-1,Tamil Nadu,The Derma Co,70000.0,130000.0,8.24
Jan'25,2025-01-01,FY_24-25,Az Enterprises(Apollo/More)Mt,Dist.,Apollo Healthco,South-1,Karnataka,Aqualogica,10000.0,20000.0,5.56
Jan'25,2025-01-01,FY_24-25,Az Enterprises(Apollo/More)Mt,Dist.,Trilife,South-1,Karnataka,Aqualogica,0.0,0.0,0.0
Jan'25,2025-01-01,FY_24-25,Az Enterprises(Apollo/More)Mt,Dist.,Lulu,South-1,Karnataka,Aqualogica,20000.0,40000.0,11.11
Jan'25,2025-01-01,FY_24-25,Az Enterprises(Apollo/More)Mt,Dist.,H&G,South-1,Karnataka,Aqualogica,140000.0,230000.0,77.78
Jan'25,2025-01-01,FY_24-25,Az Enterprises(Apollo/More)Mt,Dist.,B&N,South-1,Karnataka,Aqualogica,10000.0,10000.0,5.56
Jan'25,2025-01-01,FY_24-25,Az Enterprises(Apollo/More)Mt,Dist.,H&G,South-1,Karnataka,BBlunt,350000.0,630000.0,89.74
Jan'25,2025-01-01,FY_24-25,Az Enterprises(Apollo/More)Mt,Dist.,B&N,South-1,Karnataka,BBlunt,40000.0,80000.0,10.26
Jan'25,2025-01-01,FY_24-25,Az Enterprises(Apollo/More)Mt,Dist.,Apollo Healthco,South-1,Karnataka,Mamaearth,2170000.0,4250000.0,56.66
Jan'25,2025-01-01,FY_24-25,Az Enterprises(Apollo/More)Mt,Dist.,Trilife,South-1,Karnataka,Mamaearth,10000.0,20000.0,0.26
Jan'25,2025-01-01,FY_24-25,Az Enterprises(Apollo/More)Mt,Dist.,Lulu,South-1,Karnataka,Mamaearth,320000.0,620000.0,8.36
Jan'25,2025-01-01,FY_24-25,Az Enterprises(Apollo/More)Mt,Dist.,VMM,South-1,Karnataka,Mamaearth,150000.0,290000.0,3.92
Jan'25,2025-01-01,FY_24-25,Az Enterprises(Apollo/More)Mt,Dist.,Frankross,South-1,Karnataka,Mamaearth,10000.0,10000.0,0.26
Jan'25,2025-01-01,FY_24-25,Az Enterprises(Apollo/More)Mt,Dist.,Max Hyper,South-1,Karnataka,Mamaearth,50000.0,90000.0,1.31
Jan'25,2025-01-01,FY_24-25,Az Enterprises(Apollo/More)Mt,Dist.,H&G,South-1,Karnataka,Mamaearth,710000.0,1380000.0,18.54
Jan'25,2025-01-01,FY_24-25,Az Enterprises(Apollo/More)Mt,Dist.,B&N,South-1,Karnataka,Mamaearth,40000.0,70000.0,1.04
Jan'25,2025-01-01,FY_24-25,Az Enterprises(Apollo/More)Mt,Dist.,More Retail,South-1,Karnataka,Mamaearth,370000.0,730000.0,9.66
Jan'25,2025-01-01,FY_24-25,Az Enterprises(Apollo/More)Mt,Dist.,Apollo Healthco,South-1,Karnataka,The Derma Co,290000.0,480000.0,13.49
Jan'25,2025-01-01,FY_24-25,Az Enterprises(Apollo/More)Mt,Dist.,Trilife,South-1,Karnataka,The Derma Co,20000.0,30000.0,0.93
Jan'25,2025-01-01,FY_24-25,Az Enterprises(Apollo/More)Mt,Dist.,Lulu,South-1,Karnataka,The Derma Co,170000.0,280000.0,7.91
Jan'25,2025-01-01,FY_24-25,Az Enterprises(Apollo/More)Mt,Dist.,H&G,South-1,Karnataka,The Derma Co,1620000.0,2700000.0,75.35
Jan'25,2025-01-01,FY_24-25,Az Enterprises(Apollo/More)Mt,Dist.,B&N,South-1,Karnataka,The Derma Co,50000.0,90000.0,2.33
Jan'25,2025-01-01,FY_24-25,BALAJI ASSOCIATES Distributor MT,Dist.,Reliance Retail,East,Northeast-Assam,Aqualogica,80000.0,150000.0,100.0
Jan'25,2025-01-01,FY_24-25,BALAJI ASSOCIATES Distributor MT,Dist.,Reliance Retail,East,Northeast-Assam,BBlunt,70000.0,130000.0,100.0
Jan'25,2025-01-01,FY_24-25,BALAJI ASSOCIATES Distributor MT,Dist.,Reliance Retail,East,Northeast-Assam,Mamaearth,1650000.0,4350000.0,61.8
Jan'25,2025-01-01,FY_24-25,BALAJI ASSOCIATES Distributor MT,Dist.,VMM,East,Northeast-Assam,Mamaearth,1020000.0,2690000.0,38.2
Jan'25,2025-01-01,FY_24-25,BALAJI ASSOCIATES Distributor MT,Dist.,Reliance Retail,East,Northeast-Assam,The Derma Co,180000.0,330000.0,100.0
Jan'25,2025-01-01,FY_24-25,D.L. Sales - MT,Dist.,Apollo Healthco,East,West Bengal,Aqualogica,0.0,10000.0,0.0
Jan'25,2025-01-01,FY_24-25,D.L. Sales - MT,Dist.,H&G,East,West Bengal,Aqualogica,30000.0,40000.0,100.0
Jan'25,2025-01-01,FY_24-25,D.L. Sales - MT,Dist.,Spencer,East,West Bengal,Aqualogica,0.0,0.0,0.0
Jan'25,2025-01-01,FY_24-25,D.L. Sales - MT,Dist.,H&G,East,West Bengal,BBlunt,40000.0,60000.0,40.0
Jan'25,2025-01-01,FY_24-25,D.L. Sales - MT,Dist.,Spencer,East,West Bengal,BBlunt,60000.0,100000.0,60.0
Jan'25,2025-01-01,FY_24-25,D.L. Sales - MT,Dist.,Apollo Healthco,East,West Bengal,Mamaearth,790000.0,1530000.0,33.76
Jan'25,2025-01-01,FY_24-25,D.L. Sales - MT,Dist.,H&G,East,West Bengal,Mamaearth,110000.0,220000.0,4.7
Jan'25,2025-01-01,FY_24-25,D.L. Sales - MT,Dist.,More Retail,East,West Bengal,Mamaearth,240000.0,460000.0,10.26
Jan'25,2025-01-01,FY_24-25,D.L. Sales - MT,Dist.,Spencer,East,West Bengal,Mamaearth,950000.0,1840000.0,40.6
Jan'25,2025-01-01,FY_24-25,D.L. Sales - MT,Dist.,Arambagh,East,West Bengal,Mamaearth,80000.0,160000.0,3.42
Jan'25,2025-01-01,FY_24-25,D.L. Sales - MT,Dist.,V-Mart,East,West Bengal,Mamaearth,50000.0,110000.0,2.14
Jan'25,2025-01-01,FY_24-25,D.L. Sales - MT,Dist.,Frankross,East,West Bengal,Mamaearth,30000.0,70000.0,1.28
Jan'25,2025-01-01,FY_24-25,D.L. Sales - MT,Dist.,VMM,East,West Bengal,Mamaearth,90000.0,170000.0,3.85
Jan'25,2025-01-01,FY_24-25,D.L. Sales - MT,Dist.,Apollo Healthco,East,West Bengal,The Derma Co,90000.0,170000.0,25.71
Jan'25,2025-01-01,FY_24-25,D.L. Sales - MT,Dist.,H&G,East,West Bengal,The Derma Co,170000.0,300000.0,48.57
Jan'25,2025-01-01,FY_24-25,D.L. Sales - MT,Dist.,Spencer,East,West Bengal,The Derma Co,90000.0,160000.0,25.71
Jan'25,2025-01-01,FY_24-25,D.L. Sales - MT,Dist.,Frankross,East,West Bengal,The Derma Co,0.0,0.0,0.0
Jan'25,2025-01-01,FY_24-25,G.V Enterprises,Dist.,Lulu,South-1,Tamil Nadu,Aqualogica,60000.0,110000.0,100.0
Jan'25,2025-01-01,FY_24-25,G.V Enterprises,Dist.,Pothys,South-1,Tamil Nadu,Aqualogica,0.0,10000.0,0.0
Jan'25,2025-01-01,FY_24-25,G.V Enterprises,Dist.,Pothys,South-1,Tamil Nadu,BBlunt,0.0,0.0,
Jan'25,2025-01-01,FY_24-25,G.V Enterprises,Dist.,Apollo Healthco,South-1,Tamil Nadu,Mamaearth,370000.0,850000.0,6.2
Jan'25,2025-01-01,FY_24-25,G.V Enterprises,Dist.,D-Mart,South-1,Tamil Nadu,Mamaearth,4840000.0,11090000.0,81.07
Jan'25,2025-01-01,FY_24-25,G.V Enterprises,Dist.,Lulu,South-1,Tamil Nadu,Mamaearth,450000.0,1030000.0,7.54
Jan'25,2025-01-01,FY_24-25,G.V Enterprises,Dist.,Pothys,South-1,Tamil Nadu,Mamaearth,310000.0,720000.0,5.19
Jan'25,2025-01-01,FY_24-25,G.V Enterprises,Dist.,Apollo Healthco,South-1,Tamil Nadu,The Derma Co,40000.0,80000.0,16.67
Jan'25,2025-01-01,FY_24-25,G.V Enterprises,Dist.,Lulu,South-1,Tamil Nadu,The Derma Co,190000.0,360000.0,79.17
Jan'25,2025-01-01,FY_24-25,G.V Enterprises,Dist.,Pothys,South-1,Tamil Nadu,The Derma Co,10000.0,10000.0,4.17
Jan'25,2025-01-01,FY_24-25,JUST MARK-Dmart,Dist.,D-Mart,West,Gujarat,Mamaearth,9440000.0,25850000.0,100.0
Jan'25,2025-01-01,FY_24-25,Kiran Trading Co- Dmart,Dist.,D-Mart,West,Pune,Mamaearth,2450000.0,6660000.0,100.0
Jan'25,2025-01-01,FY_24-25,Kiran Trading Company_Ship to,Dist.,D-Mart,West,Pune,Mamaearth,5810000.0,15640000.0,100.0
Jan'25,2025-01-01,FY_24-25,M/S KOTTARAM BUSINESS CORPORATION-MT,Dist.,H&G,South-1,Kerala,Aqualogica,20000.0,40000.0,5.41
Jan'25,2025-01-01,FY_24-25,M/S KOTTARAM BUSINESS CORPORATION-MT,Dist.,Lulu,South-1,Kerala,Aqualogica,350000.0,640000.0,94.59
Jan'25,2025-01-01,FY_24-25,M/S KOTTARAM BUSINESS CORPORATION-MT,Dist.,H&G,South-1,Kerala,BBlunt,130000.0,220000.0,100.0
Jan'25,2025-01-01,FY_24-25,M/S KOTTARAM BUSINESS CORPORATION-MT,Dist.,H&G,South-1,Kerala,Mamaearth,40000.0,70000.0,0.92
Jan'25,2025-01-01,FY_24-25,M/S KOTTARAM BUSINESS CORPORATION-MT,Dist.,Lulu,South-1,Kerala,Mamaearth,3980000.0,7570000.0,91.71
Jan'25,2025-01-01,FY_24-25,M/S KOTTARAM BUSINESS CORPORATION-MT,Dist.,Apollo Healthco,South-1,Kerala,Mamaearth,320000.0,610000.0,7.37
Jan'25,2025-01-01,FY_24-25,M/S KOTTARAM BUSINESS CORPORATION-MT,Dist.,Apollo Healthco,South-1,Kerala,The Derma Co,180000.0,340000.0,17.65
Jan'25,2025-01-01,FY_24-25,M/S KOTTARAM BUSINESS CORPORATION-MT,Dist.,H&G,South-1,Kerala,The Derma Co,80000.0,140000.0,7.84
Jan'25,2025-01-01,FY_24-25,M/S KOTTARAM BUSINESS CORPORATION-MT,Dist.,Lulu,South-1,Kerala,The Derma Co,760000.0,1390000.0,74.51
Jan'25,2025-01-01,FY_24-25,MARK ENTERPRISE,Dist.,Apollo Healthco,West,Gujarat,Mamaearth,640000.0,1170000.0,100.0
Jan'25,2025-01-01,FY_24-25,PRAGATI SALES-Apollo,Dist.,Apollo Healthco,West,Chattishgarh,Mamaearth,-40000.0,-80000.0,100.0
Jan'25,2025-01-01,FY_24-25,PRAGATI SALES-D-MART,Dist.,D-Mart,West,Chattishgarh,Mamaearth,1940000.0,5340000.0,100.0
Jan'25,2025-01-01,FY_24-25,R.C. Trade Link H&G,Dist.,H&G,West,Mumbai,Aqualogica,-40000.0,-60000.0,100.0
Jan'25,2025-01-01,FY_24-25,R.C. Trade Link H&G,Dist.,H&G,West,Mumbai,BBlunt,-30000.0,-40000.0,100.0
Jan'25,2025-01-01,FY_24-25,R.C. Trade Link H&G,Dist.,H&G,West,Mumbai,Mamaearth,-250000.0,-400000.0,100.0
Jan'25,2025-01-01,FY_24-25,R.C. Trade Link H&G,Dist.,H&G,West,Mumbai,The Derma Co,90000.0,140000.0,100.0
Jan'25,2025-01-01,FY_24-25,Sancus Networks Private Limited-RMT,Dist.,RMT-Sancus,North,Delhi,Aqualogica,190000.0,340000.0,100.0
Jan'25,2025-01-01,FY_24-25,Sancus Networks Private Limited-RMT,Dist.,RMT-Sancus,North,Delhi,BBlunt,30000.0,50000.0,100.0
Jan'25,2025-01-01,FY_24-25,Sancus Networks Private Limited-RMT,Dist.,More Retail,North,Delhi,Mamaearth,460000.0,960000.0,11.59
Jan'25,2025-01-01,FY_24-25,Sancus Networks Private Limited-RMT,Dist.,RMT-Sancus,North,Delhi,Mamaearth,3620000.0,7540000.0,91.18
Jan'25,2025-01-01,FY_24-25,Sancus Networks Private Limited-RMT,Dist.,Spencer,North,Delhi,Mamaearth,-110000.0,-230000.0,-2.77
Jan'25,2025-01-01,FY_24-25,Sancus Networks Private Limited-RMT,Dist.,RMT-Sancus,North,Delhi,The Derma Co,620000.0,1080000.0,100.0
Jan'25,2025-01-01,FY_24-25,Sathyashree Enterprises-Mt,Dist.,D-Mart,South-1,Karnataka,Mamaearth,1000000.0,2350000.0,100.0
Jan'25,2025-01-01,FY_24-25,SC BUSINESS COMBINE_MT,Dist.,V-Mart,East,Northeast-Assam,Mamaearth,90000.0,190000.0,64.29
Jan'25,2025-01-01,FY_24-25,SC BUSINESS COMBINE_MT,Dist.,Sohum Shoppe,East,Northeast-Assam,Mamaearth,50000.0,110000.0,35.71
Jan'25,2025-01-01,FY_24-25,Sri Lalitha Enterprises,Dist.,Grace Super MKT,South-1,Tamil Nadu,Mamaearth,140000.0,250000.0,16.87
Jan'25,2025-01-01,FY_24-25,Sri Lalitha Enterprises,Dist.,Pothys,South-1,Tamil Nadu,Mamaearth,330000.0,610000.0,39.76
Jan'25,2025-01-01,FY_24-25,Sri Lalitha Enterprises,Dist.,Sarvana,South-1,Tamil Nadu,Mamaearth,360000.0,650000.0,43.37
Jan'25,2025-01-01,FY_24-25,Sri Vijaya Durga Agencies_Mt,Dist.,H&G,South-2,Andhra Pradesh,Aqualogica,20000.0,30000.0,100.0
Jan'25,2025-01-01,FY_24-25,Sri Vijaya Durga Agencies_Mt,Dist.,H&G,South-2,Andhra Pradesh,BBlunt,40000.0,70000.0,100.0
Jan'25,2025-01-01,FY_24-25,Sri Vijaya Durga Agencies_Mt,Dist.,Apollo Healthco,South-2,Andhra Pradesh,Mamaearth,2660000.0,5570000.0,29.07
Jan'25,2025-01-01,FY_24-25,Sri Vijaya Durga Agencies_Mt,Dist.,VMM,South-2,Andhra Pradesh,Mamaearth,30000.0,60000.0,0.33
Jan'25,2025-01-01,FY_24-25,Sri Vijaya Durga Agencies_Mt,Dist.,D-Mart,South-2,Andhra Pradesh,Mamaearth,4500000.0,9440000.0,49.18
Jan'25,2025-01-01,FY_24-25,Sri Vijaya Durga Agencies_Mt,Dist.,H&G,South-2,Andhra Pradesh,Mamaearth,20000.0,30000.0,0.22
Jan'25,2025-01-01,FY_24-25,Sri Vijaya Durga Agencies_Mt,Dist.,Reliance Retail,South-2,Andhra Pradesh,Mamaearth,1740000.0,3650000.0,19.02
Jan'25,2025-01-01,FY_24-25,Sri Vijaya Durga Agencies_Mt,Dist.,More Retail,South-2,Andhra Pradesh,Mamaearth,200000.0,420000.0,2.19
Jan'25,2025-01-01,FY_24-25,Sri Vijaya Durga Agencies_Mt,Dist.,H&G,South-2,Andhra Pradesh,The Derma Co,120000.0,220000.0,100.0
Jan'25,2025-01-01,FY_24-25,Swastik Marketing,Dist.,VMM,North,Rajasthan,Mamaearth,190000.0,370000.0,100.0
Jan'25,2025-01-01,FY_24-25,United Marketing_Mt-Ship to,Dist.,Apollo Healthco,West,Goa,Mamaearth,110000.0,190000.0,100.0
Jan'25,2025-01-01,FY_24-25,Vanaja Agencies MT_Dmart,Dist.,D-Mart,South-2,Telangana,Mamaearth,4930000.0,13080000.0,100.0
Jan'25,2025-01-01,FY_24-25,Vanaja Agencies_Mt,Dist.,H&G,South-2,Telangana,Aqualogica,100000.0,180000.0,62.5
Jan'25,2025-01-01,FY_24-25,Vanaja Agencies_Mt,Dist.,Reliance Retail,South-2,Telangana,Aqualogica,30000.0,60000.0,18.75
Jan'25,2025-01-01,FY_24-25,Vanaja Agencies_Mt,Dist.,Lulu,South-2,Telangana,Aqualogica,10000.0,10000.0,6.25
Jan'25,2025-01-01,FY_24-25,Vanaja Agencies_Mt,Dist.,Apollo Healthco,South-2,Telangana,Aqualogica,20000.0,30000.0,12.5
Jan'25,2025-01-01,FY_24-25,Vanaja Agencies_Mt,Dist.,H&G,South-2,Telangana,BBlunt,340000.0,530000.0,91.89
Jan'25,2025-01-01,FY_24-25,Vanaja Agencies_Mt,Dist.,Reliance Retail,South-2,Telangana,BBlunt,30000.0,50000.0,8.11
Jan'25,2025-01-01,FY_24-25,Vanaja Agencies_Mt,Dist.,Apollo Healthco,South-2,Telangana,Mamaearth,890000.0,1990000.0,25.0
Jan'25,2025-01-01,FY_24-25,Vanaja Agencies_Mt,Dist.,H&G,South-2,Telangana,Mamaearth,410000.0,910000.0,11.52
Jan'25,2025-01-01,FY_24-25,Vanaja Agencies_Mt,Dist.,Vijetha,South-2,Telangana,Mamaearth,150000.0,340000.0,4.21
Jan'25,2025-01-01,FY_24-25,Vanaja Agencies_Mt,Dist.,More Retail,South-2,Telangana,Mamaearth,300000.0,660000.0,8.43
Jan'25,2025-01-01,FY_24-25,Vanaja Agencies_Mt,Dist.,Reliance Retail,South-2,Telangana,Mamaearth,1260000.0,2810000.0,35.39
Jan'25,2025-01-01,FY_24-25,Vanaja Agencies_Mt,Dist.,Lulu,South-2,Telangana,Mamaearth,140000.0,310000.0,3.93
Jan'25,2025-01-01,FY_24-25,Vanaja Agencies_Mt,Dist.,Ratnadeep,South-2,Telangana,Mamaearth,410000.0,920000.0,11.52
Jan'25,2025-01-01,FY_24-25,Vanaja Agencies_Mt,Dist.,H&G,South-2,Telangana,The Derma Co,700000.0,1250000.0,64.81
Jan'25,2025-01-01,FY_24-25,Vanaja Agencies_Mt,Dist.,Reliance Retail,South-2,Telangana,The Derma Co,140000.0,260000.0,12.96
Jan'25,2025-01-01,FY_24-25,Vanaja Agencies_Mt,Dist.,Lulu,South-2,Telangana,The Derma Co,20000.0,40000.0,1.85
Jan'25,2025-01-01,FY_24-25,Vanaja Agencies_Mt,Dist.,Apollo Healthco,South-2,Telangana,The Derma Co,220000.0,400000.0,20.37
Jan'25,2025-01-01,FY_24-25,VISHAL ENTERPRISES_Solapur,Dist.,D-Mart,West,Pune,Mamaearth,870000.0,2110000.0,100.0
Feb'25,2025-02-01,FY_24-25,APOLLO HEALTHCO LIMITED_AHMEDABAD,Direct,Apollo Healthco,West,Gujarat,Mamaearth,630000.0,1480000.0,100.0
Feb'25,2025-02-01,FY_24-25,Apollo Healthco Limited_Bhiwandi,Direct,Apollo Healthco,West,Mumbai,Aqualogica,20000.0,30000.0,100.0
Feb'25,2025-02-01,FY_24-25,Apollo Healthco Limited_Bhiwandi,Direct,Apollo Healthco,West,Mumbai,Mamaearth,520000.0,1130000.0,100.0
Feb'25,2025-02-01,FY_24-25,Apollo Healthco Limited_Bhiwandi,Direct,Apollo Healthco,West,Mumbai,The Derma Co,90000.0,160000.0,100.0
Feb'25,2025-02-01,FY_24-25,Apollo Healthco Limited_Faridabad,Direct,Apollo Healthco,North,Haryana,Aqualogica,70000.0,120000.0,100.0
Feb'25,2025-02-01,FY_24-25,Apollo Healthco Limited_Faridabad,Direct,Apollo Healthco,North,Haryana,Mamaearth,2880000.0,6450000.0,100.0
Feb'25,2025-02-01,FY_24-25,Apollo Healthco Limited_Faridabad,Direct,Apollo Healthco,North,Haryana,The Derma Co,560000.0,940000.0,100.0
Feb'25,2025-02-01,FY_24-25,Apollo Healthco Limited_Rajasthan,Direct,Apollo Healthco,North,Rajasthan,Mamaearth,320000.0,790000.0,100.0
Feb'25,2025-02-01,FY_24-25,Apollo Healthco Limited-Bangalore,Direct,Apollo Healthco,South-1,Karnataka,Mamaearth,1010000.0,2380000.0,100.0
Feb'25,2025-02-01,FY_24-25,Apollo Healthco Limited-Chennai,Direct,Apollo Healthco,South-1,Tamil Nadu,Mamaearth,480000.0,1070000.0,100.0
Feb'25,2025-02-01,FY_24-25,APOLLO HEALTHCO LIMITED-Chittor,Direct,Apollo Healthco,South-2,Andhra Pradesh,Mamaearth,-20000.0,60000.0,100.0
Feb'25,2025-02-01,FY_24-25,Apollo Healthco Limited-Goa,Direct,Apollo Healthco,West,Goa,Mamaearth,130000.0,290000.0,100.0
Feb'25,2025-02-01,FY_24-25,Apollo Healthco Limited-Goa,Direct,Apollo Healthco,West,Goa,The Derma Co,110000.0,190000.0,100.0
Feb'25,2025-02-01,FY_24-25,Apollo Healthco Limited-Hubbli,Direct,Apollo Healthco,South-1,Karnataka,Mamaearth,760000.0,1860000.0,100.0
Feb'25,2025-02-01,FY_24-25,APOLLO HEALTHCO LIMITED-HYD,Direct,Apollo Healthco,South-2,Telangana,Mamaearth,120000.0,330000.0,100.0
Feb'25,2025-02-01,FY_24-25,Apollo Healthco Limited-Kochi,Direct,Apollo Healthco,South-1,Kerala,Mamaearth,100000.0,240000.0,100.0
Feb'25,2025-02-01,FY_24-25,APOLLO HEALTHCO LIMITED-Madurai,Direct,Apollo Healthco,South-1,Tamil Nadu,Mamaearth,480000.0,1170000.0,100.0
Feb'25,2025-02-01,FY_24-25,Apollo Healthco Limited-Ore,Direct,Apollo Healthco,East,Orissa,Mamaearth,290000.0,650000.0,100.0
Feb'25,2025-02-01,FY_24-25,Apollo Healthco Limited-Sanath Nagar,Direct,Apollo Healthco,South-2,Telangana,Mamaearth,270000.0,730000.0,100.0
Feb'25,2025-02-01,FY_24-25,APOLLO HEALTHCO LIMITED-Vijayawada,Direct,Apollo Healthco,South-2,Andhra Pradesh,Mamaearth,210000.0,490000.0,100.0
Feb'25,2025-02-01,FY_24-25,APOLLO HEALTHCO LIMITED-WB,Direct,Apollo Healthco,East,West Bengal,Mamaearth,180000.0,340000.0,100.0
Feb'25,2025-02-01,FY_24-25,APOLLO HEALTHCO LIMITED-WB-2,Direct,Apollo Healthco,East,West Bengal,Mamaearth,1200000.0,2880000.0,100.0
Feb'25,2025-02-01,FY_24-25,Apollo Healthco Ltd_Raipur,Direct,Apollo Healthco,West,Chattishgarh,Mamaearth,190000.0,460000.0,100.0
Feb'25,2025-02-01,FY_24-25,Avenue E Commerce Limited(Belapur),Direct,D-Mart,West,Mumbai,Aqualogica,0.0,10000.0,100.0
Feb'25,2025-02-01,FY_24-25,Avenue E Commerce Limited(Belapur),Direct,D-Mart,West,Mumbai,The Derma Co,20000.0,50000.0,100.0
Feb'25,2025-02-01,FY_24-25,Avenue E Commerce Limited(Ck Palya),Direct,D-Mart,South-1,Karnataka,Aqualogica,10000.0,30000.0,100.0
Feb'25,2025-02-01,FY_24-25,Avenue E Commerce Limited(Ck Palya),Direct,D-Mart,South-1,Karnataka,The Derma Co,0.0,10000.0,100.0
Feb'25,2025-02-01,FY_24-25,Avenue E Commerce Limited(Kanjur),Direct,D-Mart,West,Mumbai,Aqualogica,0.0,10000.0,100.0
Feb'25,2025-02-01,FY_24-25,Avenue E Commerce Limited(Kanjur),Direct,D-Mart,West,Mumbai,The Derma Co,40000.0,80000.0,100.0
Feb'25,2025-02-01,FY_24-25,Avenue E Commerce Limited(Kiwale),Direct,D-Mart,West,Pune,Aqualogica,20000.0,50000.0,100.0
Feb'25,2025-02-01,FY_24-25,Avenue E Commerce Limited(Kiwale),Direct,D-Mart,West,Pune,The Derma Co,50000.0,100000.0,100.0
Feb'25,2025-02-01,FY_24-25,Avenue E Commerce Limited(Kushaiguda),Direct,D-Mart,South-2,Telangana,Aqualogica,10000.0,10000.0,100.0
Feb'25,2025-02-01,FY_24-25,Avenue E Commerce Limited(Kushaiguda),Direct,D-Mart,South-2,Telangana,The Derma Co,20000.0,30000.0,100.0
Feb'25,2025-02-01,FY_24-25,Avenue E Commerce Limited(Mira Road) N2,Direct,D-Mart,West,Pune,Aqualogica,0.0,0.0,100.0
Feb'25,2025-02-01,FY_24-25,Avenue E Commerce Limited(Mira Road) N2,Direct,D-Mart,West,Pune,The Derma Co,30000.0,70000.0,100.0
Feb'25,2025-02-01,FY_24-25,Avenue E Commerce Limited(Nahur),Direct,D-Mart,West,Mumbai,Aqualogica,10000.0,30000.0,100.0
Feb'25,2025-02-01,FY_24-25,Avenue E Commerce Limited(Nahur),Direct,D-Mart,West,Mumbai,The Derma Co,40000.0,70000.0,100.0
Feb'25,2025-02-01,FY_24-25,Avenue E Commerce Limited_3826,Direct,D-Mart,West,Gujarat,Aqualogica,10000.0,10000.0,100.0
Feb'25,2025-02-01,FY_24-25,Avenue E Commerce Limited_GachibowlI,Direct,D-Mart,South-2,Telangana,Aqualogica,0.0,10000.0,100.0
Feb'25,2025-02-01,FY_24-25,Avenue E Commerce Limited_GachibowlI,Direct,D-Mart,South-2,Telangana,The Derma Co,10000.0,30000.0,100.0
Feb'25,2025-02-01,FY_24-25,Avenue E Commerce Limited_Panvel-2,Direct,D-Mart,West,Mumbai,Aqualogica,0.0,10000.0,100.0
Feb'25,2025-02-01,FY_24-25,Avenue E Commerce Limited_Panvel-2,Direct,D-Mart,West,Mumbai,The Derma Co,20000.0,50000.0,100.0
Feb'25,2025-02-01,FY_24-25,Avenue E Commerce Ltd -Handewadi FC,Direct,D-Mart,West,Pune,Aqualogica,0.0,0.0,100.0
Feb'25,2025-02-01,FY_24-25,Avenue E Commerce Ltd -Handewadi FC,Direct,D-Mart,West,Pune,The Derma Co,10000.0,20000.0,100.0
Feb'25,2025-02-01,FY_24-25,Avenue E Commerce Ltd -Kurla FC,Direct,D-Mart,West,Mumbai,Aqualogica,0.0,10000.0,100.0
Feb'25,2025-02-01,FY_24-25,Avenue E Commerce Ltd -Kurla FC,Direct,D-Mart,West,Mumbai,The Derma Co,20000.0,40000.0,100.0
Feb'25,2025-02-01,FY_24-25,Avenue E Commerce Ltd -Taloja FC-MH,Direct,D-Mart,West,Mumbai,The Derma Co,10000.0,30000.0,100.0
Feb'25,2025-02-01,FY_24-25,Avenue E Commerce Ltd -Vashi FC-E,Direct,D-Mart,West,Mumbai,Aqualogica,10000.0,10000.0,100.0
Feb'25,2025-02-01,FY_24-25,Avenue E Commerce Ltd -Vashi FC-E,Direct,D-Mart,West,Mumbai,The Derma Co,10000.0,20000.0,100.0
Feb'25,2025-02-01,FY_24-25,Avenue E Commerce Ltd._Hennur Fc-Ka,Direct,D-Mart,South-1,Karnataka,Aqualogica,0.0,10000.0,100.0
Feb'25,2025-02-01,FY_24-25,Avenue E Commerce Ltd._Hennur Fc-Ka,Direct,D-Mart,South-1,Karnataka,The Derma Co,0.0,10000.0,100.0
Feb'25,2025-02-01,FY_24-25,Avenue E Commerce Ltd_4047-Vasai Waliv,Direct,D-Mart,West,Mumbai,Aqualogica,0.0,0.0,100.0
Feb'25,2025-02-01,FY_24-25,Avenue E Commerce Ltd_4047-Vasai Waliv,Direct,D-Mart,West,Mumbai,The Derma Co,10000.0,30000.0,100.0
Feb'25,2025-02-01,FY_24-25,Avenue E Commerce Ltd_CadburyFC.,Direct,D-Mart,West,Mumbai,Aqualogica,0.0,10000.0,100.0
Feb'25,2025-02-01,FY_24-25,Avenue E Commerce Ltd_CadburyFC.,Direct,D-Mart,West,Mumbai,The Derma Co,30000.0,60000.0,100.0
Feb'25,2025-02-01,FY_24-25,Avenue E Commerce Ltd_Goregaon,Direct,D-Mart,West,Mumbai,Aqualogica,0.0,10000.0,100.0
Feb'25,2025-02-01,FY_24-25,Avenue E Commerce Ltd_Goregaon,Direct,D-Mart,West,Mumbai,The Derma Co,20000.0,40000.0,100.0
Feb'25,2025-02-01,FY_24-25,Avenue E Commerce Ltd_Hoodi FC,Direct,D-Mart,South-1,Karnataka,Aqualogica,0.0,10000.0,100.0
Feb'25,2025-02-01,FY_24-25,Avenue E Commerce Ltd_Hoodi FC,Direct,D-Mart,South-1,Karnataka,The Derma Co,0.0,10000.0,100.0
Feb'25,2025-02-01,FY_24-25,Avenue E Commerce Ltd_Manpada,Direct,D-Mart,West,Mumbai,Aqualogica,0.0,10000.0,100.0
Feb'25,2025-02-01,FY_24-25,Avenue E Commerce Ltd_Manpada,Direct,D-Mart,West,Mumbai,The Derma Co,50000.0,110000.0,100.0
Feb'25,2025-02-01,FY_24-25,Avenue E Commerce Ltd_PeddaAmberpetFC,Direct,D-Mart,South-2,Telangana,Aqualogica,10000.0,10000.0,100.0
Feb'25,2025-02-01,FY_24-25,Avenue E Commerce Ltd_PeddaAmberpetFC,Direct,D-Mart,South-2,Telangana,The Derma Co,10000.0,20000.0,100.0
Feb'25,2025-02-01,FY_24-25,Avenue Supermarts Ltd.-DC-1032,Direct,D-Mart,South-1,Karnataka,Mamaearth,5920000.0,15300000.0,100.0
Feb'25,2025-02-01,FY_24-25,Avenue Supermarts Ltd.-DC-1032,Direct,D-Mart,South-1,Karnataka,The Derma Co,110000.0,220000.0,100.0
Feb'25,2025-02-01,FY_24-25,Avenue Supermarts Ltd.-DC-1039,Direct,D-Mart,West,Mumbai,BBlunt,80000.0,160000.0,100.0
Feb'25,2025-02-01,FY_24-25,Avenue Supermarts Ltd.-DC-1039,Direct,D-Mart,West,Mumbai,Mamaearth,18880000.0,49240000.0,100.0
Feb'25,2025-02-01,FY_24-25,Avenue Supermarts Ltd.-DC-1039,Direct,D-Mart,West,Mumbai,The Derma Co,610000.0,1200000.0,100.0
Feb'25,2025-02-01,FY_24-25,Avenue Supermarts Ltd.-DC-1049,Direct,D-Mart,North,Madhya Pradesh,Mamaearth,6480000.0,17080000.0,100.0
Feb'25,2025-02-01,FY_24-25,Avenue Supermarts Ltd.-DC-1050,Direct,D-Mart,North,Punjab,Mamaearth,4170000.0,10730000.0,100.0
Feb'25,2025-02-01,FY_24-25,Avenue Supermarts Ltd.-DC-1050,Direct,D-Mart,North,Punjab,The Derma Co,780000.0,1520000.0,100.0
Feb'25,2025-02-01,FY_24-25,Avenue Supermarts Ltd.-DC-1068,Direct,D-Mart,North,Rajasthan,Mamaearth,2070000.0,5360000.0,100.0
Feb'25,2025-02-01,FY_24-25,Avenue Supermarts Ltd.-DC-1091,Direct,D-Mart,North,Haryana,Mamaearth,1130000.0,2320000.0,100.0
Feb'25,2025-02-01,FY_24-25,Avenue Supermarts Ltd_1431-Amritsar,Direct,D-Mart,North,Punjab,Mamaearth,0.0,-10000.0,100.0
Feb'25,2025-02-01,FY_24-25,Guardian Healthcare Services Pvt Ltd(DL),Direct,Guardian,North,Delhi,Aqualogica,50000.0,100000.0,100.0
Feb'25,2025-02-01,FY_24-25,Guardian Healthcare Services Pvt Ltd(DL),Direct,Guardian,North,Delhi,Mamaearth,120000.0,230000.0,100.0
Feb'25,2025-02-01,FY_24-25,Guardian Healthcare Services Pvt Ltd(DL),Direct,Guardian,North,Delhi,The Derma Co,30000.0,50000.0,100.0
Feb'25,2025-02-01,FY_24-25,Metro Cash & Carry India Pvt Ltd -(DC27)-T0SJ,Direct,Metro-CNC-RRL,South-1,Karnataka,Aqualogica,10000.0,10000.0,100.0
Feb'25,2025-02-01,FY_24-25,Metro Cash & Carry India Pvt Ltd -(DC27)-T0SJ,Direct,Metro-CNC-RRL,South-1,Karnataka,Mamaearth,370000.0,690000.0,100.0
Feb'25,2025-02-01,FY_24-25,Metro Cash & Carry India Pvt Ltd -(DC27)-T0SJ,Direct,Metro-CNC-RRL,South-1,Karnataka,The Derma Co,120000.0,200000.0,100.0
Feb'25,2025-02-01,FY_24-25,Metro Cash & Carry India Pvt Ltd -(DC34)-T0SR,Direct,Metro-CNC-RRL,South-1,Karnataka,Mamaearth,100000.0,170000.0,100.0
Feb'25,2025-02-01,FY_24-25,Metro Cash & Carry India Pvt Ltd-(DC10)-T0SM,Direct,Metro-CNC-RRL,South-1,Karnataka,Aqualogica,0.0,0.0,100.0
Feb'25,2025-02-01,FY_24-25,Metro Cash & Carry India Pvt Ltd-(DC10)-T0SM,Direct,Metro-CNC-RRL,South-1,Karnataka,BBlunt,20000.0,40000.0,100.0
Feb'25,2025-02-01,FY_24-25,Metro Cash & Carry India Pvt Ltd-(DC10)-T0SM,Direct,Metro-CNC-RRL,South-1,Karnataka,Mamaearth,270000.0,660000.0,100.0
Feb'25,2025-02-01,FY_24-25,Metro Cash & Carry India Pvt Ltd-(DC10)-T0SM,Direct,Metro-CNC-RRL,South-1,Karnataka,The Derma Co,110000.0,170000.0,100.0
Feb'25,2025-02-01,FY_24-25,Metro Cash & Carry India Pvt Ltd-(DC11)-T0SL,Direct,Metro-CNC-RRL,South-1,Karnataka,Aqualogica,70000.0,100000.0,100.0
Feb'25,2025-02-01,FY_24-25,Metro Cash & Carry India Pvt Ltd-(DC11)-T0SL,Direct,Metro-CNC-RRL,South-1,Karnataka,BBlunt,10000.0,10000.0,100.0
Feb'25,2025-02-01,FY_24-25,Metro Cash & Carry India Pvt Ltd-(DC11)-T0SL,Direct,Metro-CNC-RRL,South-1,Karnataka,Mamaearth,480000.0,1000000.0,100.0
Feb'25,2025-02-01,FY_24-25,Metro Cash & Carry India Pvt Ltd-(DC11)-T0SL,Direct,Metro-CNC-RRL,South-1,Karnataka,The Derma Co,40000.0,70000.0,100.0
Feb'25,2025-02-01,FY_24-25,Metro Cash & Carry India Pvt Ltd-(DC12)-T0QX,Direct,Metro-CNC-RRL,South-2,Telangana,Aqualogica,100000.0,160000.0,100.0
Feb'25,2025-02-01,FY_24-25,Metro Cash & Carry India Pvt Ltd-(DC12)-T0QX,Direct,Metro-CNC-RRL,South-2,Telangana,BBlunt,50000.0,80000.0,100.0
Feb'25,2025-02-01,FY_24-25,Metro Cash & Carry India Pvt Ltd-(DC12)-T0QX,Direct,Metro-CNC-RRL,South-2,Telangana,Mamaearth,740000.0,1560000.0,100.0
Feb'25,2025-02-01,FY_24-25,Metro Cash & Carry India Pvt Ltd-(DC12)-T0QX,Direct,Metro-CNC-RRL,South-2,Telangana,The Derma Co,130000.0,210000.0,100.0
Feb'25,2025-02-01,FY_24-25,Metro Cash & Carry India Pvt Ltd-(DC15)-T0QY,Direct,Metro-CNC-RRL,South-2,Telangana,Mamaearth,360000.0,680000.0,100.0
Feb'25,2025-02-01,FY_24-25,Metro Cash & Carry India Pvt Ltd-(DC16)-T0QZ,Direct,Metro-CNC-RRL,South-2,Telangana,BBlunt,70000.0,100000.0,100.0
Feb'25,2025-02-01,FY_24-25,Metro Cash & Carry India Pvt Ltd-(DC16)-T0QZ,Direct,Metro-CNC-RRL,South-2,Telangana,Mamaearth,380000.0,840000.0,100.0
Feb'25,2025-02-01,FY_24-25,Metro Cash & Carry India Pvt Ltd-(DC17)-T0QT,Direct,Metro-CNC-RRL,South-2,Andhra Pradesh,Mamaearth,290000.0,570000.0,100.0
Feb'25,2025-02-01,FY_24-25,Metro Cash & Carry India Pvt Ltd-(DC18)-T0SN,Direct,Metro-CNC-RRL,South-1,Karnataka,Aqualogica,70000.0,110000.0,100.0
Feb'25,2025-02-01,FY_24-25,Metro Cash & Carry India Pvt Ltd-(DC18)-T0SN,Direct,Metro-CNC-RRL,South-1,Karnataka,Mamaearth,610000.0,1230000.0,100.0
Feb'25,2025-02-01,FY_24-25,Metro Cash & Carry India Pvt Ltd-(DC18)-T0SN,Direct,Metro-CNC-RRL,South-1,Karnataka,The Derma Co,40000.0,60000.0,100.0
Feb'25,2025-02-01,FY_24-25,Metro Cash & Carry India Pvt Ltd-(DC20)-T0RK,Direct,Metro-CNC-RRL,West,Mumbai,Mamaearth,160000.0,350000.0,100.0
Feb'25,2025-02-01,FY_24-25,Metro Cash & Carry India Pvt Ltd-(DC23)-T0RL,Direct,Metro-CNC-RRL,West,Mumbai,Aqualogica,170000.0,260000.0,100.0
Feb'25,2025-02-01,FY_24-25,Metro Cash & Carry India Pvt Ltd-(DC23)-T0RL,Direct,Metro-CNC-RRL,West,Mumbai,BBlunt,30000.0,50000.0,100.0
Feb'25,2025-02-01,FY_24-25,Metro Cash & Carry India Pvt Ltd-(DC23)-T0RL,Direct,Metro-CNC-RRL,West,Mumbai,Mamaearth,240000.0,510000.0,100.0
Feb'25,2025-02-01,FY_24-25,Metro Cash & Carry India Pvt Ltd-(DC23)-T0RL,Direct,Metro-CNC-RRL,West,Mumbai,The Derma Co,20000.0,20000.0,100.0
Feb'25,2025-02-01,FY_24-25,Metro Cash & Carry India Pvt Ltd-(DC24)-T0RJ,Direct,Metro-CNC-RRL,North,Madhya Pradesh,BBlunt,20000.0,30000.0,100.0
Feb'25,2025-02-01,FY_24-25,Metro Cash & Carry India Pvt Ltd-(DC24)-T0RJ,Direct,Metro-CNC-RRL,North,Madhya Pradesh,Mamaearth,180000.0,450000.0,100.0
Feb'25,2025-02-01,FY_24-25,Metro Cash & Carry India Pvt Ltd-(DC25)-T0RB,Direct,Metro-CNC-RRL,West,Gujarat,Mamaearth,90000.0,220000.0,100.0
Feb'25,2025-02-01,FY_24-25,Metro Cash & Carry India Pvt Ltd-(DC26)-T0SP,Direct,Metro-CNC-RRL,South-1,Karnataka,Aqualogica,80000.0,130000.0,100.0
Feb'25,2025-02-01,FY_24-25,Metro Cash & Carry India Pvt Ltd-(DC26)-T0SP,Direct,Metro-CNC-RRL,South-1,Karnataka,Mamaearth,260000.0,530000.0,100.0
Feb'25,2025-02-01,FY_24-25,Metro Cash & Carry India Pvt Ltd-(DC26)-T0SP,Direct,Metro-CNC-RRL,South-1,Karnataka,The Derma Co,80000.0,130000.0,100.0
Feb'25,2025-02-01,FY_24-25,Metro Cash & Carry India Pvt Ltd-(DC28)-T0RF,Direct,Metro-CNC-RRL,West,Gujarat,Mamaearth,-10000.0,-10000.0,100.0
Feb'25,2025-02-01,FY_24-25,Metro Cash & Carry India Pvt Ltd-(DC29)-T0RA,Direct,Metro-CNC-RRL,South-2,Telangana,BBlunt,70000.0,100000.0,100.0
Feb'25,2025-02-01,FY_24-25,Metro Cash & Carry India Pvt Ltd-(DC29)-T0RA,Direct,Metro-CNC-RRL,South-2,Telangana,Mamaearth,730000.0,1420000.0,100.0
Feb'25,2025-02-01,FY_24-25,Metro Cash & Carry India Pvt Ltd-(DC29)-T0RA,Direct,Metro-CNC-RRL,South-2,Telangana,The Derma Co,120000.0,190000.0,100.0
Feb'25,2025-02-01,FY_24-25,Metro Cash & Carry India Pvt Ltd-(DC30)-T0RM,Direct,Metro-CNC-RRL,West,Pune,Mamaearth,140000.0,310000.0,100.0
Feb'25,2025-02-01,FY_24-25,Metro Cash & Carry India Pvt Ltd-(DC32)-T0QU,Direct,Metro-CNC-RRL,North,UPW,Mamaearth,110000.0,260000.0,100.0
Feb'25,2025-02-01,FY_24-25,Metro Cash & Carry India Pvt Ltd-(DC36)-T0RH,Direct,Metro-CNC-RRL,South-2,Andhra Pradesh,Mamaearth,260000.0,520000.0,100.0
Feb'25,2025-02-01,FY_24-25,Metro Cash & Carry India Pvt Ltd-(DC37)-T0RD,Direct,Metro-CNC-RRL,South-2,Andhra Pradesh,Mamaearth,180000.0,400000.0,100.0
Feb'25,2025-02-01,FY_24-25,Metro Cash & Carry India Pvt Ltd-(DC43)-T2YF,Direct,Metro-CNC-RRL,North,Punjab,Mamaearth,450000.0,820000.0,100.0
Feb'25,2025-02-01,FY_24-25,Metro Cash & Carry India Pvt Ltd-(DC43)-T2YF,Direct,Metro-CNC-RRL,North,Punjab,The Derma Co,50000.0,80000.0,100.0
Feb'25,2025-02-01,FY_24-25,Metro Cash & Carry India Pvt Ltd-(DC45)-T0RE,Direct,Metro-CNC-RRL,North,Rajasthan,Mamaearth,470000.0,890000.0,100.0
Feb'25,2025-02-01,FY_24-25,Metro Cash & Carry India Pvt Ltd-(DC46)-T0RC,Direct,Metro-CNC-RRL,North,Delhi,Aqualogica,90000.0,140000.0,100.0
Feb'25,2025-02-01,FY_24-25,Metro Cash & Carry India Pvt Ltd-(DC46)-T0RC,Direct,Metro-CNC-RRL,North,Delhi,BBlunt,50000.0,70000.0,100.0
Feb'25,2025-02-01,FY_24-25,Metro Cash & Carry India Pvt Ltd-(DC46)-T0RC,Direct,Metro-CNC-RRL,North,Delhi,Mamaearth,570000.0,1230000.0,100.0
Feb'25,2025-02-01,FY_24-25,Metro Cash & Carry India Pvt Ltd-(DC46)-T0RC,Direct,Metro-CNC-RRL,North,Delhi,The Derma Co,150000.0,230000.0,100.0
Feb'25,2025-02-01,FY_24-25,Metro Cash & Carry India Pvt Ltd-(DC47)-T0SI,Direct,Metro-CNC-RRL,North,Punjab,Mamaearth,310000.0,650000.0,100.0
Feb'25,2025-02-01,FY_24-25,Metro Cash & Carry India Pvt Ltd-(DC48)-T0SK,Direct,Metro-CNC-RRL,North,Punjab,Mamaearth,280000.0,610000.0,100.0
Feb'25,2025-02-01,FY_24-25,Metro Cash & Carry India Pvt Ltd-(DC52)-T0RI,Direct,Metro-CNC-RRL,North,Delhi,Mamaearth,230000.0,480000.0,100.0
Feb'25,2025-02-01,FY_24-25,Metro Cash & Carry India Pvt Ltd-(DC53)-T0QV,Direct,Metro-CNC-RRL,North,Lucknow_UPE,Mamaearth,230000.0,470000.0,100.0
Feb'25,2025-02-01,FY_24-25,Metro Cash & Carry India Pvt Ltd-(DC54)-T0QW,Direct,Metro-CNC-RRL,North,UPW,Mamaearth,150000.0,350000.0,100.0
Feb'25,2025-02-01,FY_24-25,Metro Cash & Carry India Pvt Ltd-(DC60)-T0QS,Direct,Metro-CNC-RRL,East,West Bengal,Aqualogica,290000.0,450000.0,100.0
Feb'25,2025-02-01,FY_24-25,Metro Cash & Carry India Pvt Ltd-(DC60)-T0QS,Direct,Metro-CNC-RRL,East,West Bengal,BBlunt,40000.0,60000.0,100.0
Feb'25,2025-02-01,FY_24-25,Metro Cash & Carry India Pvt Ltd-(DC60)-T0QS,Direct,Metro-CNC-RRL,East,West Bengal,Mamaearth,550000.0,1120000.0,100.0
Feb'25,2025-02-01,FY_24-25,Metro Cash & Carry India Pvt Ltd-(DC60)-T0QS,Direct,Metro-CNC-RRL,East,West Bengal,The Derma Co,440000.0,700000.0,100.0
Feb'25,2025-02-01,FY_24-25,Metro Cash & Carry India Pvt Ltd_DC33(T0SQ),Direct,Metro-CNC-RRL,South-1,Karnataka,Mamaearth,30000.0,80000.0,100.0
Feb'25,2025-02-01,FY_24-25,Metro Cash & Carry India Pvt Ltd_T2FM,Direct,Metro-CNC-RRL,West,Mumbai,Aqualogica,180000.0,280000.0,100.0
Feb'25,2025-02-01,FY_24-25,Metro Cash & Carry India Pvt Ltd_T2FM,Direct,Metro-CNC-RRL,West,Mumbai,BBlunt,30000.0,50000.0,100.0
Feb'25,2025-02-01,FY_24-25,Metro Cash & Carry India Pvt Ltd_T2FM,Direct,Metro-CNC-RRL,West,Mumbai,Mamaearth,50000.0,110000.0,100.0
Feb'25,2025-02-01,FY_24-25,Metro Cash & Carry India Pvt Ltd_T2FM,Direct,Metro-CNC-RRL,West,Mumbai,The Derma Co,120000.0,190000.0,100.0
Feb'25,2025-02-01,FY_24-25,Reliance Retail Limited Ce08,Direct,Reliance Retail,East,Jharkhand,Aqualogica,110000.0,180000.0,100.0
Feb'25,2025-02-01,FY_24-25,Reliance Retail Limited Ce08,Direct,Reliance Retail,East,Jharkhand,Mamaearth,2020000.0,5010000.0,100.0
Feb'25,2025-02-01,FY_24-25,Reliance Retail Limited Ce08,Direct,Reliance Retail,East,Jharkhand,The Derma Co,80000.0,130000.0,100.0
Feb'25,2025-02-01,FY_24-25,Reliance Retail Limited Cf08,Direct,Reliance Retail,West,Mumbai,Aqualogica,40000.0,70000.0,100.0
Feb'25,2025-02-01,FY_24-25,Reliance Retail Limited Cf08,Direct,Reliance Retail,West,Mumbai,Mamaearth,550000.0,1350000.0,100.0
Feb'25,2025-02-01,FY_24-25,Reliance Retail Limited Fb08,Direct,Reliance Retail,North,Punjab,Aqualogica,40000.0,70000.0,100.0
Feb'25,2025-02-01,FY_24-25,Reliance Retail Limited Fb08,Direct,Reliance Retail,North,Punjab,Mamaearth,1600000.0,4040000.0,100.0
Feb'25,2025-02-01,FY_24-25,Reliance Retail Limited Fb08,Direct,Reliance Retail,North,Punjab,The Derma Co,60000.0,100000.0,100.0
Feb'25,2025-02-01,FY_24-25,Reliance Retail Limited Fd08,Direct,Reliance Retail,South-1,Karnataka,Mamaearth,50000.0,130000.0,100.0
Feb'25,2025-02-01,FY_24-25,Reliance Retail Limited R468,Direct,Reliance Retail,South-2,Andhra Pradesh,Mamaearth,120000.0,250000.0,100.0
Feb'25,2025-02-01,FY_24-25,Reliance Retail Limited R701,Direct,Reliance Retail,West,Gujarat,Aqualogica,20000.0,40000.0,100.0
Feb'25,2025-02-01,FY_24-25,Reliance Retail Limited R701,Direct,Reliance Retail,West,Gujarat,Mamaearth,1130000.0,2830000.0,100.0
Feb'25,2025-02-01,FY_24-25,Reliance Retail Limited R701,Direct,Reliance Retail,West,Gujarat,The Derma Co,60000.0,100000.0,100.0
Feb'25,2025-02-01,FY_24-25,Reliance Retail Limited R703,Direct,Reliance Retail,South-1,Tamil Nadu,Mamaearth,110000.0,230000.0,100.0
Feb'25,2025-02-01,FY_24-25,Reliance Retail Limited R801,Direct,Reliance Retail,East,Orissa,Aqualogica,70000.0,120000.0,100.0
Feb'25,2025-02-01,FY_24-25,Reliance Retail Limited R801,Direct,Reliance Retail,East,Orissa,Mamaearth,1990000.0,5020000.0,100.0
Feb'25,2025-02-01,FY_24-25,Reliance Retail Limited R801,Direct,Reliance Retail,East,Orissa,Pure Origin,40000.0,70000.0,100.0
Feb'25,2025-02-01,FY_24-25,Reliance Retail Limited R801,Direct,Reliance Retail,East,Orissa,The Derma Co,50000.0,80000.0,100.0
Feb'25,2025-02-01,FY_24-25,Reliance Retail Limited Sc79,Direct,Reliance Retail,West,Mumbai,Aqualogica,60000.0,100000.0,100.0
Feb'25,2025-02-01,FY_24-25,Reliance Retail Limited Sc79,Direct,Reliance Retail,West,Mumbai,Mamaearth,460000.0,1110000.0,100.0
Feb'25,2025-02-01,FY_24-25,Reliance Retail Limited Sc79,Direct,Reliance Retail,West,Mumbai,The Derma Co,30000.0,50000.0,100.0
Feb'25,2025-02-01,FY_24-25,Reliance Retail Limited_2302,Direct,Reliance Retail,East,Jharkhand,Mamaearth,30000.0,60000.0,100.0
Feb'25,2025-02-01,FY_24-25,Reliance Retail Limited_2995,Direct,Reliance Retail,North,Haryana,Mamaearth,50000.0,90000.0,100.0
Feb'25,2025-02-01,FY_24-25,Reliance Retail Limited_2996,Direct,Reliance Retail,North,Punjab,Mamaearth,30000.0,60000.0,100.0
Feb'25,2025-02-01,FY_24-25,Reliance Retail Limited_6209,Direct,Reliance Retail,West,Pune,Mamaearth,40000.0,70000.0,100.0
Feb'25,2025-02-01,FY_24-25,Reliance Retail Limited_6717,Direct,Reliance Retail,North,Rajasthan,Mamaearth,10000.0,20000.0,100.0
Feb'25,2025-02-01,FY_24-25,Reliance Retail Limited_6719,Direct,Reliance Retail,West,Pune,Mamaearth,20000.0,40000.0,100.0
Feb'25,2025-02-01,FY_24-25,Reliance Retail Limited_6722,Direct,Reliance Retail,North,Delhi,Mamaearth,20000.0,40000.0,100.0
Feb'25,2025-02-01,FY_24-25,Reliance Retail Limited_6727,Direct,Reliance Retail,North,Haryana,Mamaearth,30000.0,60000.0,100.0
Feb'25,2025-02-01,FY_24-25,Reliance Retail Limited_FR00,Direct,Reliance Retail,West,Mumbai,Mamaearth,20000.0,40000.0,100.0
Feb'25,2025-02-01,FY_24-25,Reliance Retail Limited_FR02,Direct,Reliance Retail,West,Mumbai,Mamaearth,20000.0,40000.0,100.0
Feb'25,2025-02-01,FY_24-25,Reliance Retail Limited_FR03,Direct,Reliance Retail,West,Mumbai,Mamaearth,30000.0,50000.0,100.0
Feb'25,2025-02-01,FY_24-25,Reliance Retail Limited_FR10,Direct,Reliance Retail,West,Mumbai,Mamaearth,30000.0,60000.0,100.0
Feb'25,2025-02-01,FY_24-25,Reliance Retail Limited_FR27,Direct,Reliance Retail,North,Madhya Pradesh,Mamaearth,20000.0,30000.0,100.0
Feb'25,2025-02-01,FY_24-25,Reliance Retail Limited_FR30,Direct,Reliance Retail,North,Madhya Pradesh,Mamaearth,30000.0,60000.0,100.0
Feb'25,2025-02-01,FY_24-25,Reliance Retail Limited_FR60,Direct,Reliance Retail,West,Gujarat,Mamaearth,20000.0,30000.0,100.0
Feb'25,2025-02-01,FY_24-25,Reliance Retail Limited_FR62,Direct,Reliance Retail,East,Orissa,Aqualogica,10000.0,10000.0,100.0
Feb'25,2025-02-01,FY_24-25,Reliance Retail Limited_FR62,Direct,Reliance Retail,East,Orissa,BBlunt,0.0,10000.0,100.0
Feb'25,2025-02-01,FY_24-25,Reliance Retail Limited_FR62,Direct,Reliance Retail,East,Orissa,Mamaearth,30000.0,60000.0,100.0
Feb'25,2025-02-01,FY_24-25,Reliance Retail Limited_FR62,Direct,Reliance Retail,East,Orissa,The Derma Co,20000.0,30000.0,100.0
Feb'25,2025-02-01,FY_24-25,Reliance Retail Limited_FR64,Direct,Reliance Retail,East,Orissa,Mamaearth,40000.0,70000.0,100.0
Feb'25,2025-02-01,FY_24-25,Reliance Retail Limited_FR76,Direct,Reliance Retail,East,West Bengal,Aqualogica,20000.0,30000.0,100.0
Feb'25,2025-02-01,FY_24-25,Reliance Retail Limited_FR76,Direct,Reliance Retail,East,West Bengal,BBlunt,10000.0,10000.0,100.0
Feb'25,2025-02-01,FY_24-25,Reliance Retail Limited_FR76,Direct,Reliance Retail,East,West Bengal,Mamaearth,40000.0,90000.0,100.0
Feb'25,2025-02-01,FY_24-25,Reliance Retail Limited_FR76,Direct,Reliance Retail,East,West Bengal,The Derma Co,30000.0,40000.0,100.0
Feb'25,2025-02-01,FY_24-25,Reliance Retail Limited_Fr87,Direct,Reliance Retail,North,Haryana,Aqualogica,40000.0,70000.0,100.0
Feb'25,2025-02-01,FY_24-25,Reliance Retail Limited_Fr87,Direct,Reliance Retail,North,Haryana,Mamaearth,1580000.0,3720000.0,100.0
Feb'25,2025-02-01,FY_24-25,Reliance Retail Limited_Fr87,Direct,Reliance Retail,North,Haryana,Pure Origin,-30000.0,-50000.0,100.0
Feb'25,2025-02-01,FY_24-25,Reliance Retail Limited_Fr87,Direct,Reliance Retail,North,Haryana,The Derma Co,30000.0,50000.0,100.0
Feb'25,2025-02-01,FY_24-25,Reliance Retail Limited_Fr89,Direct,Reliance Retail,North,UPW,Mamaearth,390000.0,770000.0,100.0
Feb'25,2025-02-01,FY_24-25,Reliance Retail Limited_FRAQ,Direct,Reliance Retail,East,Jharkhand,Mamaearth,40000.0,60000.0,100.0
Feb'25,2025-02-01,FY_24-25,Reliance Retail Limited_FRAT,Direct,Reliance Retail,East,Jharkhand,Aqualogica,40000.0,70000.0,100.0
Feb'25,2025-02-01,FY_24-25,Reliance Retail Limited_FRAT,Direct,Reliance Retail,East,Jharkhand,BBlunt,20000.0,30000.0,100.0
Feb'25,2025-02-01,FY_24-25,Reliance Retail Limited_FRAT,Direct,Reliance Retail,East,Jharkhand,Mamaearth,60000.0,110000.0,100.0
Feb'25,2025-02-01,FY_24-25,Reliance Retail Limited_FRAT,Direct,Reliance Retail,East,Jharkhand,The Derma Co,30000.0,50000.0,100.0
Feb'25,2025-02-01,FY_24-25,Reliance Retail Limited_Fraz,Direct,Reliance Retail,North,Punjab,Aqualogica,40000.0,70000.0,100.0
Feb'25,2025-02-01,FY_24-25,Reliance Retail Limited_Fraz,Direct,Reliance Retail,North,Punjab,Mamaearth,830000.0,2060000.0,100.0
Feb'25,2025-02-01,FY_24-25,Reliance Retail Limited_Fraz,Direct,Reliance Retail,North,Punjab,The Derma Co,60000.0,100000.0,100.0
Feb'25,2025-02-01,FY_24-25,Reliance Retail Limited_FRBD,Direct,Reliance Retail,North,Punjab,Mamaearth,20000.0,50000.0,100.0
Feb'25,2025-02-01,FY_24-25,Reliance Retail Limited_FRBS,Direct,Reliance Retail,East,West Bengal,Aqualogica,10000.0,10000.0,100.0
Feb'25,2025-02-01,FY_24-25,Reliance Retail Limited_FRBS,Direct,Reliance Retail,East,West Bengal,BBlunt,10000.0,20000.0,100.0
Feb'25,2025-02-01,FY_24-25,Reliance Retail Limited_FRBS,Direct,Reliance Retail,East,West Bengal,Mamaearth,20000.0,50000.0,100.0
Feb'25,2025-02-01,FY_24-25,Reliance Retail Limited_FRBS,Direct,Reliance Retail,East,West Bengal,The Derma Co,20000.0,30000.0,100.0
Feb'25,2025-02-01,FY_24-25,Reliance Retail Limited_FRBU,Direct,Reliance Retail,East,West Bengal,Aqualogica,10000.0,10000.0,100.0
Feb'25,2025-02-01,FY_24-25,Reliance Retail Limited_FRBU,Direct,Reliance Retail,East,West Bengal,BBlunt,20000.0,30000.0,100.0
Feb'25,2025-02-01,FY_24-25,Reliance Retail Limited_FRBU,Direct,Reliance Retail,East,West Bengal,Mamaearth,10000.0,20000.0,100.0
Feb'25,2025-02-01,FY_24-25,Reliance Retail Limited_FRBU,Direct,Reliance Retail,East,West Bengal,The Derma Co,20000.0,30000.0,100.0
Feb'25,2025-02-01,FY_24-25,Reliance Retail Limited_FRBW,Direct,Reliance Retail,East,West Bengal,Mamaearth,40000.0,80000.0,100.0
Feb'25,2025-02-01,FY_24-25,Reliance Retail Limited_FRCG,Direct,Reliance Retail,East,West Bengal,Mamaearth,10000.0,30000.0,100.0
Feb'25,2025-02-01,FY_24-25,Reliance Retail Limited_FRCH,Direct,Reliance Retail,East,West Bengal,Mamaearth,30000.0,70000.0,100.0
Feb'25,2025-02-01,FY_24-25,Reliance Retail Limited_FRCJ,Direct,Reliance Retail,East,West Bengal,Mamaearth,30000.0,60000.0,100.0
Feb'25,2025-02-01,FY_24-25,Reliance Retail Limited_FRCP,Direct,Reliance Retail,North,Haryana,Aqualogica,0.0,0.0,100.0
Feb'25,2025-02-01,FY_24-25,Reliance Retail Limited_FRCP,Direct,Reliance Retail,North,Haryana,BBlunt,20000.0,40000.0,100.0
Feb'25,2025-02-01,FY_24-25,Reliance Retail Limited_FRCP,Direct,Reliance Retail,North,Haryana,The Derma Co,10000.0,10000.0,100.0
Feb'25,2025-02-01,FY_24-25,Reliance Retail Limited_FRCQ,Direct,Reliance Retail,North,Haryana,Mamaearth,20000.0,30000.0,100.0
Feb'25,2025-02-01,FY_24-25,Reliance Retail Limited_FRCS,Direct,Reliance Retail,North,Delhi,Mamaearth,20000.0,30000.0,100.0
Feb'25,2025-02-01,FY_24-25,Reliance Retail Limited_FRDA,Direct,Reliance Retail,North,Delhi,Mamaearth,20000.0,30000.0,100.0
Feb'25,2025-02-01,FY_24-25,Reliance Retail Limited_FRDB,Direct,Reliance Retail,North,Delhi,Aqualogica,10000.0,20000.0,100.0
Feb'25,2025-02-01,FY_24-25,Reliance Retail Limited_FRDB,Direct,Reliance Retail,North,Delhi,BBlunt,20000.0,30000.0,100.0
Feb'25,2025-02-01,FY_24-25,Reliance Retail Limited_FRDB,Direct,Reliance Retail,North,Delhi,Mamaearth,50000.0,90000.0,100.0
Feb'25,2025-02-01,FY_24-25,Reliance Retail Limited_FRDB,Direct,Reliance Retail,North,Delhi,The Derma Co,30000.0,50000.0,100.0
Feb'25,2025-02-01,FY_24-25,Reliance Retail Limited_FRDI,Direct,Reliance Retail,North,UPW,Mamaearth,20000.0,50000.0,100.0
Feb'25,2025-02-01,FY_24-25,Reliance Retail Limited_FRDK,Direct,Reliance Retail,North,UPW,Aqualogica,10000.0,10000.0,100.0
Feb'25,2025-02-01,FY_24-25,Reliance Retail Limited_FRDK,Direct,Reliance Retail,North,UPW,BBlunt,10000.0,20000.0,100.0
Feb'25,2025-02-01,FY_24-25,Reliance Retail Limited_FRDK,Direct,Reliance Retail,North,UPW,Mamaearth,40000.0,70000.0,100.0
Feb'25,2025-02-01,FY_24-25,Reliance Retail Limited_FRDK,Direct,Reliance Retail,North,UPW,The Derma Co,10000.0,10000.0,100.0
Feb'25,2025-02-01,FY_24-25,Reliance Retail Limited_FRDL,Direct,Reliance Retail,North,UPW,Aqualogica,0.0,0.0,100.0
Feb'25,2025-02-01,FY_24-25,Reliance Retail Limited_FRDL,Direct,Reliance Retail,North,UPW,BBlunt,10000.0,10000.0,100.0
Feb'25,2025-02-01,FY_24-25,Reliance Retail Limited_FRDL,Direct,Reliance Retail,North,UPW,Mamaearth,20000.0,30000.0,100.0
Feb'25,2025-02-01,FY_24-25,Reliance Retail Limited_FRDL,Direct,Reliance Retail,North,UPW,The Derma Co,10000.0,20000.0,100.0
Feb'25,2025-02-01,FY_24-25,Reliance Retail Limited_FRDP,Direct,Reliance Retail,North,Rajasthan,Mamaearth,20000.0,50000.0,100.0
Feb'25,2025-02-01,FY_24-25,Reliance Retail Limited_FRDT,Direct,Reliance Retail,North,Rajasthan,Mamaearth,20000.0,40000.0,100.0
Feb'25,2025-02-01,FY_24-25,Reliance Retail Limited_FREM,Direct,Reliance Retail,North,Rajasthan,Mamaearth,20000.0,40000.0,100.0
Feb'25,2025-02-01,FY_24-25,Reliance Retail Limited_FRER,Direct,Reliance Retail,North,Rajasthan,Mamaearth,30000.0,80000.0,100.0
Feb'25,2025-02-01,FY_24-25,Reliance Retail Limited_FREX,Direct,Reliance Retail,North,Lucknow_UPE,Mamaearth,20000.0,40000.0,100.0
Feb'25,2025-02-01,FY_24-25,Reliance Retail Limited_FRFA,Direct,Reliance Retail,North,Lucknow_UPE,Mamaearth,20000.0,40000.0,100.0
Feb'25,2025-02-01,FY_24-25,Reliance Retail Limited_FRFD,Direct,Reliance Retail,East,Orissa,Mamaearth,60000.0,110000.0,100.0
Feb'25,2025-02-01,FY_24-25,Reliance Retail Limited_FRFK,Direct,Reliance Retail,North,Lucknow_UPE,Mamaearth,20000.0,40000.0,100.0
Feb'25,2025-02-01,FY_24-25,Reliance Retail Limited_FRFR,Direct,Reliance Retail,North,Uttarakhand,Mamaearth,30000.0,70000.0,100.0
Feb'25,2025-02-01,FY_24-25,Reliance Retail Limited_FRFU,Direct,Reliance Retail,East,Bihar,Mamaearth,30000.0,60000.0,100.0
Feb'25,2025-02-01,FY_24-25,Reliance Retail Limited_FRFV,Direct,Reliance Retail,East,Bihar,Mamaearth,30000.0,50000.0,100.0
Feb'25,2025-02-01,FY_24-25,Reliance Retail Limited_FRGC,Direct,Reliance Retail,North,Lucknow_UPE,Mamaearth,20000.0,50000.0,100.0
Feb'25,2025-02-01,FY_24-25,Reliance Retail Limited_FRGF,Direct,Reliance Retail,North,Lucknow_UPE,Mamaearth,20000.0,50000.0,100.0
Feb'25,2025-02-01,FY_24-25,Reliance Retail Limited_FRGK,Direct,Reliance Retail,North,Jammu,Mamaearth,50000.0,100000.0,100.0
Feb'25,2025-02-01,FY_24-25,Reliance Retail Limited_FRGM,Direct,Reliance Retail,West,Chattishgarh,Mamaearth,20000.0,40000.0,100.0
Feb'25,2025-02-01,FY_24-25,Reliance Retail Limited_FRGW,Direct,Reliance Retail,North,Lucknow_UPE,Mamaearth,20000.0,40000.0,100.0
Feb'25,2025-02-01,FY_24-25,Reliance Retail Limited_FRHC,Direct,Reliance Retail,North,Lucknow_UPE,Mamaearth,20000.0,30000.0,100.0
Feb'25,2025-02-01,FY_24-25,Reliance Retail Limited_FRHF,Direct,Reliance Retail,North,Lucknow_UPE,Mamaearth,50000.0,90000.0,100.0
Feb'25,2025-02-01,FY_24-25,Reliance Retail Limited_FRHM,Direct,Reliance Retail,North,Madhya Pradesh,Mamaearth,30000.0,70000.0,100.0
Feb'25,2025-02-01,FY_24-25,Reliance Retail Limited_FRHR,Direct,Reliance Retail,North,Lucknow_UPE,Mamaearth,30000.0,70000.0,100.0
Feb'25,2025-02-01,FY_24-25,Reliance Retail Limited_Frhv,Direct,Reliance Retail,North,Lucknow_UPE,Mamaearth,0.0,-10000.0,100.0
Feb'25,2025-02-01,FY_24-25,Reliance Retail Limited_Frhv,Direct,Reliance Retail,North,Lucknow_UPE,Pure Origin,-30000.0,-50000.0,100.0
Feb'25,2025-02-01,FY_24-25,RELIANCE RETAIL LIMITED_FRIA,Direct,Reliance Retail,East,Bihar,Aqualogica,120000.0,190000.0,100.0
Feb'25,2025-02-01,FY_24-25,RELIANCE RETAIL LIMITED_FRIA,Direct,Reliance Retail,East,Bihar,Mamaearth,1330000.0,3310000.0,100.0
Feb'25,2025-02-01,FY_24-25,RELIANCE RETAIL LIMITED_FRIA,Direct,Reliance Retail,East,Bihar,The Derma Co,50000.0,80000.0,100.0
Feb'25,2025-02-01,FY_24-25,Reliance Retail Limited_FRLF,Direct,Reliance Retail,East,West Bengal,Mamaearth,40000.0,80000.0,100.0
Feb'25,2025-02-01,FY_24-25,Reliance Retail Limited_S0IX,Direct,Reliance Retail,West,Pune,Mamaearth,720000.0,1700000.0,100.0
Feb'25,2025-02-01,FY_24-25,Reliance Retail Limited_S0IX,Direct,Reliance Retail,West,Pune,The Derma Co,30000.0,50000.0,100.0
Feb'25,2025-02-01,FY_24-25,Reliance Retail Limited_S0XE,Direct,Reliance Retail,South-1,Kerala,Aqualogica,60000.0,100000.0,100.0
Feb'25,2025-02-01,FY_24-25,Reliance Retail Limited_S0XE,Direct,Reliance Retail,South-1,Kerala,Mamaearth,900000.0,1960000.0,100.0
Feb'25,2025-02-01,FY_24-25,Reliance Retail Limited_S0XE,Direct,Reliance Retail,South-1,Kerala,The Derma Co,50000.0,70000.0,100.0
Feb'25,2025-02-01,FY_24-25,Reliance Retail Limited_SAHO,Direct,Reliance Retail,South-1,Tamil Nadu,Mamaearth,40000.0,80000.0,100.0
Feb'25,2025-02-01,FY_24-25,Reliance Retail Limited_SAOS,Direct,Reliance Retail,East,West Bengal,Aqualogica,90000.0,150000.0,100.0
Feb'25,2025-02-01,FY_24-25,Reliance Retail Limited_SAOS,Direct,Reliance Retail,East,West Bengal,Mamaearth,970000.0,2410000.0,100.0
Feb'25,2025-02-01,FY_24-25,Reliance Retail Limited_Sb01,Direct,Reliance Retail,West,Mumbai,Aqualogica,70000.0,110000.0,100.0
Feb'25,2025-02-01,FY_24-25,Reliance Retail Limited_Sb01,Direct,Reliance Retail,West,Mumbai,Mamaearth,510000.0,1240000.0,100.0
Feb'25,2025-02-01,FY_24-25,Reliance Retail Limited_Sb01,Direct,Reliance Retail,West,Mumbai,Pure Origin,30000.0,50000.0,100.0
Feb'25,2025-02-01,FY_24-25,Reliance Retail Limited_Sb01,Direct,Reliance Retail,West,Mumbai,The Derma Co,30000.0,50000.0,100.0
Feb'25,2025-02-01,FY_24-25,Reliance Retail Limited_Sk8I,Direct,Reliance Retail,North,Uttarakhand,Mamaearth,340000.0,740000.0,100.0
Feb'25,2025-02-01,FY_24-25,Reliance Retail Limited_SL6S,Direct,Reliance Retail,North,Rajasthan,Mamaearth,2090000.0,5050000.0,100.0
Feb'25,2025-02-01,FY_24-25,Reliance Retail Limited_SZ9J,Direct,Reliance Retail,North,Madhya Pradesh,Aqualogica,20000.0,30000.0,100.0
Feb'25,2025-02-01,FY_24-25,Reliance Retail Limited_SZ9J,Direct,Reliance Retail,North,Madhya Pradesh,Mamaearth,150000.0,370000.0,100.0
Feb'25,2025-02-01,FY_24-25,Reliance Retail Limited_T62I,Direct,Reliance Retail,West,Chattishgarh,Mamaearth,40000.0,80000.0,100.0
Feb'25,2025-02-01,FY_24-25,Reliance Retail Limited_T913,Direct,Reliance Retail,North,UPW,Aqualogica,0.0,0.0,100.0
Feb'25,2025-02-01,FY_24-25,Reliance Retail Limited_T913,Direct,Reliance Retail,North,UPW,BBlunt,20000.0,30000.0,100.0
Feb'25,2025-02-01,FY_24-25,Reliance Retail Limited_T913,Direct,Reliance Retail,North,UPW,Mamaearth,20000.0,40000.0,100.0
Feb'25,2025-02-01,FY_24-25,Reliance Retail Limited_T913,Direct,Reliance Retail,North,UPW,The Derma Co,20000.0,30000.0,100.0
Feb'25,2025-02-01,FY_24-25,Reliance Retail Limited_T946,Direct,Reliance Retail,North,Rajasthan,Mamaearth,40000.0,90000.0,100.0
Feb'25,2025-02-01,FY_24-25,Reliance Retail Limited_TB15,Direct,Reliance Retail,North,Madhya Pradesh,Mamaearth,20000.0,30000.0,100.0
Feb'25,2025-02-01,FY_24-25,Reliance Retail Limited_TDC7,Direct,Reliance Retail,East,Orissa,Mamaearth,20000.0,40000.0,100.0
Feb'25,2025-02-01,FY_24-25,Reliance Retail Limited_TDE3,Direct,Reliance Retail,West,Pune,Mamaearth,-10000.0,-10000.0,100.0
Feb'25,2025-02-01,FY_24-25,Reliance Retail Limited_TE57,Direct,Reliance Retail,North,Punjab,Mamaearth,30000.0,60000.0,100.0
Feb'25,2025-02-01,FY_24-25,Reliance Retail Limited_TFY8,Direct,Reliance Retail,North,Madhya Pradesh,Mamaearth,30000.0,50000.0,100.0
Feb'25,2025-02-01,FY_24-25,Reliance Retail Limited_TG87,Direct,Reliance Retail,South-1,Kerala,Mamaearth,30000.0,70000.0,100.0
Feb'25,2025-02-01,FY_24-25,Reliance Retail Limited_TH94,Direct,Reliance Retail,North,Rajasthan,Mamaearth,30000.0,60000.0,100.0
Feb'25,2025-02-01,FY_24-25,Reliance Retail Limited_TI77,Direct,Reliance Retail,North,UPW,Mamaearth,20000.0,40000.0,100.0
Feb'25,2025-02-01,FY_24-25,Reliance Retail Limited_TK48,Direct,Reliance Retail,East,Jharkhand,Mamaearth,40000.0,80000.0,100.0
Feb'25,2025-02-01,FY_24-25,Reliance Retail Limited_TMW7,Direct,Reliance Retail,West,Mumbai,Mamaearth,40000.0,90000.0,100.0
Feb'25,2025-02-01,FY_24-25,Reliance Retail Limited_TMZ5,Direct,Reliance Retail,East,West Bengal,Mamaearth,40000.0,70000.0,100.0
Feb'25,2025-02-01,FY_24-25,Reliance Retail Limited_TN55,Direct,Reliance Retail,East,West Bengal,Mamaearth,30000.0,50000.0,100.0
Feb'25,2025-02-01,FY_24-25,Reliance Retail Limited_TN56,Direct,Reliance Retail,East,Orissa,Mamaearth,20000.0,30000.0,100.0
Feb'25,2025-02-01,FY_24-25,Reliance Retail Limited_TNB7,Direct,Reliance Retail,West,Chattishgarh,Mamaearth,30000.0,50000.0,100.0
Feb'25,2025-02-01,FY_24-25,Reliance Retail Limited_TNC1,Direct,Reliance Retail,North,Uttarakhand,Aqualogica,10000.0,20000.0,100.0
Feb'25,2025-02-01,FY_24-25,Reliance Retail Limited_TNC1,Direct,Reliance Retail,North,Uttarakhand,BBlunt,20000.0,40000.0,100.0
Feb'25,2025-02-01,FY_24-25,Reliance Retail Limited_TNC1,Direct,Reliance Retail,North,Uttarakhand,Mamaearth,50000.0,100000.0,100.0
Feb'25,2025-02-01,FY_24-25,Reliance Retail Limited_TNC1,Direct,Reliance Retail,North,Uttarakhand,The Derma Co,20000.0,30000.0,100.0
Feb'25,2025-02-01,FY_24-25,Reliance Retail Limited_TNC6,Direct,Reliance Retail,North,Punjab,Mamaearth,40000.0,90000.0,100.0
Feb'25,2025-02-01,FY_24-25,Reliance Retail Limited_TNC8,Direct,Reliance Retail,South-1,Karnataka,Mamaearth,20000.0,50000.0,100.0
Feb'25,2025-02-01,FY_24-25,Reliance Retail Limited_TND0,Direct,Reliance Retail,South-1,Karnataka,Mamaearth,30000.0,50000.0,100.0
Feb'25,2025-02-01,FY_24-25,Reliance Retail Limited_TNE3,Direct,Reliance Retail,North,Uttarakhand,Mamaearth,30000.0,50000.0,100.0
Feb'25,2025-02-01,FY_24-25,Reliance Retail Limited_TNP8,Direct,Reliance Retail,West,Pune,Mamaearth,40000.0,70000.0,100.0
Feb'25,2025-02-01,FY_24-25,Reliance Retail Limited_TO20,Direct,Reliance Retail,North,Madhya Pradesh,Mamaearth,20000.0,50000.0,100.0
Feb'25,2025-02-01,FY_24-25,Reliance Retail Limited_TP05,Direct,Reliance Retail,North,Haryana,Mamaearth,50000.0,90000.0,100.0
Feb'25,2025-02-01,FY_24-25,Reliance Retail Limited_TP75,Direct,Reliance Retail,North,Madhya Pradesh,Mamaearth,30000.0,70000.0,100.0
Feb'25,2025-02-01,FY_24-25,Reliance Retail Limited_TP76,Direct,Reliance Retail,North,Rajasthan,Mamaearth,50000.0,100000.0,100.0
Feb'25,2025-02-01,FY_24-25,Reliance Retail Limited_TQ21,Direct,Reliance Retail,West,Mumbai,Mamaearth,30000.0,50000.0,100.0
Feb'25,2025-02-01,FY_24-25,Reliance Retail Limited_TQ22,Direct,Reliance Retail,East,West Bengal,Mamaearth,40000.0,90000.0,100.0
Feb'25,2025-02-01,FY_24-25,Reliance Retail Limited_TU21,Direct,Reliance Retail,North,Delhi,Mamaearth,30000.0,60000.0,100.0
Feb'25,2025-02-01,FY_24-25,Reliance Retail Limited_TW60,Direct,Reliance Retail,East,Orissa,Mamaearth,40000.0,70000.0,100.0
Feb'25,2025-02-01,FY_24-25,Reliance Retail Limited_TY87,Direct,Reliance Retail,North,Rajasthan,Mamaearth,30000.0,60000.0,100.0
Feb'25,2025-02-01,FY_24-25,Reliance Retail Limited-2956,Direct,Reliance Retail,East,Jharkhand,Mamaearth,20000.0,40000.0,100.0
Feb'25,2025-02-01,FY_24-25,Reliance Retail Limited-6202,Direct,Reliance Retail,West,Gujarat,Aqualogica,0.0,0.0,100.0
Feb'25,2025-02-01,FY_24-25,Reliance Retail Limited-6202,Direct,Reliance Retail,West,Gujarat,BBlunt,0.0,0.0,100.0
Feb'25,2025-02-01,FY_24-25,Reliance Retail Limited-6202,Direct,Reliance Retail,West,Gujarat,Mamaearth,80000.0,130000.0,100.0
Feb'25,2025-02-01,FY_24-25,Reliance Retail Limited-6202,Direct,Reliance Retail,West,Gujarat,The Derma Co,10000.0,10000.0,100.0
Feb'25,2025-02-01,FY_24-25,Reliance Retail Limited-6205,Direct,Reliance Retail,North,Haryana,Aqualogica,10000.0,20000.0,100.0
Feb'25,2025-02-01,FY_24-25,Reliance Retail Limited-6205,Direct,Reliance Retail,North,Haryana,BBlunt,20000.0,40000.0,100.0
Feb'25,2025-02-01,FY_24-25,Reliance Retail Limited-6205,Direct,Reliance Retail,North,Haryana,Mamaearth,20000.0,40000.0,100.0
Feb'25,2025-02-01,FY_24-25,Reliance Retail Limited-6205,Direct,Reliance Retail,North,Haryana,The Derma Co,30000.0,50000.0,100.0
Feb'25,2025-02-01,FY_24-25,Reliance Retail Limited-6206,Direct,Reliance Retail,East,Jharkhand,Mamaearth,20000.0,40000.0,100.0
Feb'25,2025-02-01,FY_24-25,Reliance Retail Limited-6208,Direct,Reliance Retail,West,Pune,Mamaearth,30000.0,60000.0,100.0
Feb'25,2025-02-01,FY_24-25,Reliance Retail Limited-6210,Direct,Reliance Retail,West,Mumbai,Mamaearth,20000.0,30000.0,100.0
Feb'25,2025-02-01,FY_24-25,Reliance Retail Limited-6214,Direct,Reliance Retail,South-1,Tamil Nadu,Mamaearth,80000.0,150000.0,100.0
Feb'25,2025-02-01,FY_24-25,Reliance Retail Limited-6217,Direct,Reliance Retail,West,Mumbai,Aqualogica,-40000.0,-70000.0,100.0
Feb'25,2025-02-01,FY_24-25,Reliance Retail Limited-6217,Direct,Reliance Retail,West,Mumbai,Mamaearth,50000.0,110000.0,100.0
Feb'25,2025-02-01,FY_24-25,Reliance Retail Limited-6219,Direct,Reliance Retail,West,Pune,Mamaearth,-70000.0,-130000.0,100.0
Feb'25,2025-02-01,FY_24-25,Reliance Retail Limited-6220,Direct,Reliance Retail,West,Mumbai,Mamaearth,50000.0,80000.0,100.0
Feb'25,2025-02-01,FY_24-25,Reliance Retail Limited-6224,Direct,Reliance Retail,East,Orissa,Aqualogica,-100000.0,-160000.0,100.0
Feb'25,2025-02-01,FY_24-25,Reliance Retail Limited-6224,Direct,Reliance Retail,East,Orissa,Mamaearth,-40000.0,-90000.0,100.0
Feb'25,2025-02-01,FY_24-25,Reliance Retail Limited-6224,Direct,Reliance Retail,East,Orissa,The Derma Co,0.0,0.0,100.0
Feb'25,2025-02-01,FY_24-25,Reliance Retail Limited-6225,Direct,Reliance Retail,South-1,Karnataka,Mamaearth,10000.0,30000.0,100.0
Feb'25,2025-02-01,FY_24-25,Reliance Retail Limited-6239,Direct,Reliance Retail,North,Delhi,Aqualogica,0.0,10000.0,100.0
Feb'25,2025-02-01,FY_24-25,Reliance Retail Limited-6239,Direct,Reliance Retail,North,Delhi,Mamaearth,40000.0,80000.0,100.0
Feb'25,2025-02-01,FY_24-25,Reliance Retail Limited-6239,Direct,Reliance Retail,North,Delhi,The Derma Co,10000.0,10000.0,100.0
Feb'25,2025-02-01,FY_24-25,Reliance Retail Limited-6703,Direct,Reliance Retail,West,Gujarat,Mamaearth,20000.0,30000.0,100.0
Feb'25,2025-02-01,FY_24-25,Reliance Retail Limited-6705,Direct,Reliance Retail,South-1,Kerala,Mamaearth,30000.0,60000.0,100.0
Feb'25,2025-02-01,FY_24-25,Reliance Retail Limited-6726,Direct,Reliance Retail,North,Rajasthan,Mamaearth,10000.0,30000.0,100.0
Feb'25,2025-02-01,FY_24-25,RELIANCE RETAIL LIMITED-Badli,Direct,Reliance Retail,North,Haryana,Aqualogica,40000.0,70000.0,100.0
Feb'25,2025-02-01,FY_24-25,RELIANCE RETAIL LIMITED-Badli,Direct,Reliance Retail,North,Haryana,Mamaearth,1230000.0,2870000.0,100.0
Feb'25,2025-02-01,FY_24-25,RELIANCE RETAIL LIMITED-Badli,Direct,Reliance Retail,North,Haryana,Pure Origin,-20000.0,-30000.0,100.0
Feb'25,2025-02-01,FY_24-25,RELIANCE RETAIL LIMITED-Badli,Direct,Reliance Retail,North,Haryana,The Derma Co,60000.0,100000.0,100.0
Feb'25,2025-02-01,FY_24-25,Reliance Retail Limited-FR04,Direct,Reliance Retail,West,Mumbai,Aqualogica,-50000.0,-80000.0,100.0
Feb'25,2025-02-01,FY_24-25,Reliance Retail Limited-FR04,Direct,Reliance Retail,West,Mumbai,Mamaearth,60000.0,100000.0,100.0
Feb'25,2025-02-01,FY_24-25,Reliance Retail Limited-FR08,Direct,Reliance Retail,West,Mumbai,Mamaearth,40000.0,70000.0,100.0
Feb'25,2025-02-01,FY_24-25,Reliance Retail Limited-FR15,Direct,Reliance Retail,West,Mumbai,Mamaearth,140000.0,250000.0,100.0
Feb'25,2025-02-01,FY_24-25,Reliance Retail Limited-FR22,Direct,Reliance Retail,West,Mumbai,Mamaearth,40000.0,70000.0,100.0
Feb'25,2025-02-01,FY_24-25,Reliance Retail Limited-FR23,Direct,Reliance Retail,West,Pune,Mamaearth,30000.0,40000.0,100.0
Feb'25,2025-02-01,FY_24-25,Reliance Retail Limited-FR43,Direct,Reliance Retail,South-1,Karnataka,Mamaearth,10000.0,20000.0,100.0
Feb'25,2025-02-01,FY_24-25,Reliance Retail Limited-FR45,Direct,Reliance Retail,South-1,Karnataka,BBlunt,10000.0,20000.0,100.0
Feb'25,2025-02-01,FY_24-25,Reliance Retail Limited-FR45,Direct,Reliance Retail,South-1,Karnataka,Mamaearth,30000.0,70000.0,100.0
Feb'25,2025-02-01,FY_24-25,Reliance Retail Limited-FR45,Direct,Reliance Retail,South-1,Karnataka,The Derma Co,20000.0,30000.0,100.0
Feb'25,2025-02-01,FY_24-25,Reliance Retail Limited-FR48,Direct,Reliance Retail,South-1,Karnataka,Mamaearth,30000.0,50000.0,100.0
Feb'25,2025-02-01,FY_24-25,Reliance Retail Limited-FR63,Direct,Reliance Retail,East,Orissa,Aqualogica,0.0,10000.0,100.0
Feb'25,2025-02-01,FY_24-25,Reliance Retail Limited-FR63,Direct,Reliance Retail,East,Orissa,BBlunt,10000.0,20000.0,100.0
Feb'25,2025-02-01,FY_24-25,Reliance Retail Limited-FR63,Direct,Reliance Retail,East,Orissa,Mamaearth,10000.0,30000.0,100.0
Feb'25,2025-02-01,FY_24-25,Reliance Retail Limited-FR63,Direct,Reliance Retail,East,Orissa,The Derma Co,20000.0,30000.0,100.0
Feb'25,2025-02-01,FY_24-25,Reliance Retail Limited-FR67,Direct,Reliance Retail,East,Orissa,Aqualogica,40000.0,60000.0,100.0
Feb'25,2025-02-01,FY_24-25,Reliance Retail Limited-FR67,Direct,Reliance Retail,East,Orissa,BBlunt,50000.0,80000.0,100.0
Feb'25,2025-02-01,FY_24-25,Reliance Retail Limited-FR67,Direct,Reliance Retail,East,Orissa,Mamaearth,30000.0,60000.0,100.0
Feb'25,2025-02-01,FY_24-25,Reliance Retail Limited-FR67,Direct,Reliance Retail,East,Orissa,The Derma Co,60000.0,100000.0,100.0
Feb'25,2025-02-01,FY_24-25,Reliance Retail Limited-FR73,Direct,Reliance Retail,East,West Bengal,Aqualogica,0.0,10000.0,100.0
Feb'25,2025-02-01,FY_24-25,Reliance Retail Limited-FR73,Direct,Reliance Retail,East,West Bengal,BBlunt,20000.0,20000.0,100.0
Feb'25,2025-02-01,FY_24-25,Reliance Retail Limited-FR73,Direct,Reliance Retail,East,West Bengal,Mamaearth,40000.0,90000.0,100.0
Feb'25,2025-02-01,FY_24-25,Reliance Retail Limited-FR73,Direct,Reliance Retail,East,West Bengal,The Derma Co,20000.0,30000.0,100.0
Feb'25,2025-02-01,FY_24-25,Reliance Retail Limited-FR74,Direct,Reliance Retail,East,West Bengal,Mamaearth,40000.0,70000.0,100.0
Feb'25,2025-02-01,FY_24-25,Reliance Retail Limited-FR92,Direct,Reliance Retail,South-1,Kerala,Aqualogica,40000.0,70000.0,100.0
Feb'25,2025-02-01,FY_24-25,Reliance Retail Limited-FR92,Direct,Reliance Retail,South-1,Kerala,BBlunt,40000.0,70000.0,100.0
Feb'25,2025-02-01,FY_24-25,Reliance Retail Limited-FR92,Direct,Reliance Retail,South-1,Kerala,The Derma Co,50000.0,80000.0,100.0
Feb'25,2025-02-01,FY_24-25,Reliance Retail Limited-FR93,Direct,Reliance Retail,South-1,Kerala,Aqualogica,30000.0,50000.0,100.0
Feb'25,2025-02-01,FY_24-25,Reliance Retail Limited-FR93,Direct,Reliance Retail,South-1,Kerala,BBlunt,50000.0,80000.0,100.0
Feb'25,2025-02-01,FY_24-25,Reliance Retail Limited-FR93,Direct,Reliance Retail,South-1,Kerala,The Derma Co,50000.0,80000.0,100.0
Feb'25,2025-02-01,FY_24-25,Reliance Retail Limited-FR94,Direct,Reliance Retail,South-1,Kerala,Mamaearth,30000.0,50000.0,100.0
Feb'25,2025-02-01,FY_24-25,Reliance Retail Limited-FR95,Direct,Reliance Retail,South-1,Kerala,Mamaearth,30000.0,70000.0,100.0
Feb'25,2025-02-01,FY_24-25,Reliance Retail Limited-FR96,Direct,Reliance Retail,South-1,Kerala,Mamaearth,80000.0,160000.0,100.0
Feb'25,2025-02-01,FY_24-25,Reliance Retail Limited-FR97,Direct,Reliance Retail,South-1,Kerala,Aqualogica,30000.0,50000.0,100.0
Feb'25,2025-02-01,FY_24-25,Reliance Retail Limited-FR97,Direct,Reliance Retail,South-1,Kerala,BBlunt,50000.0,80000.0,100.0
Feb'25,2025-02-01,FY_24-25,Reliance Retail Limited-FR97,Direct,Reliance Retail,South-1,Kerala,The Derma Co,50000.0,80000.0,100.0
Feb'25,2025-02-01,FY_24-25,Reliance Retail Limited-FR98,Direct,Reliance Retail,South-1,Kerala,Aqualogica,30000.0,50000.0,100.0
Feb'25,2025-02-01,FY_24-25,Reliance Retail Limited-FR98,Direct,Reliance Retail,South-1,Kerala,BBlunt,40000.0,70000.0,100.0
Feb'25,2025-02-01,FY_24-25,Reliance Retail Limited-FR98,Direct,Reliance Retail,South-1,Kerala,The Derma Co,40000.0,70000.0,100.0
Feb'25,2025-02-01,FY_24-25,Reliance Retail Limited-FRAR,Direct,Reliance Retail,East,Jharkhand,Aqualogica,40000.0,70000.0,100.0
Feb'25,2025-02-01,FY_24-25,Reliance Retail Limited-FRAR,Direct,Reliance Retail,East,Jharkhand,BBlunt,10000.0,20000.0,100.0
Feb'25,2025-02-01,FY_24-25,Reliance Retail Limited-FRAR,Direct,Reliance Retail,East,Jharkhand,Mamaearth,110000.0,200000.0,100.0
Feb'25,2025-02-01,FY_24-25,Reliance Retail Limited-FRAR,Direct,Reliance Retail,East,Jharkhand,The Derma Co,20000.0,40000.0,100.0
Feb'25,2025-02-01,FY_24-25,Reliance Retail Limited-FRAU,Direct,Reliance Retail,East,Jharkhand,Aqualogica,10000.0,20000.0,100.0
Feb'25,2025-02-01,FY_24-25,Reliance Retail Limited-FRAU,Direct,Reliance Retail,East,Jharkhand,BBlunt,20000.0,30000.0,100.0
Feb'25,2025-02-01,FY_24-25,Reliance Retail Limited-FRAU,Direct,Reliance Retail,East,Jharkhand,Mamaearth,30000.0,50000.0,100.0
Feb'25,2025-02-01,FY_24-25,Reliance Retail Limited-FRAU,Direct,Reliance Retail,East,Jharkhand,The Derma Co,20000.0,30000.0,100.0
Feb'25,2025-02-01,FY_24-25,Reliance Retail Limited-FRAY,Direct,Reliance Retail,East,Jharkhand,Mamaearth,40000.0,80000.0,100.0
Feb'25,2025-02-01,FY_24-25,Reliance Retail Limited-FRBQ,Direct,Reliance Retail,South-1,Kerala,Mamaearth,20000.0,30000.0,100.0
Feb'25,2025-02-01,FY_24-25,Reliance Retail Limited-FRBV,Direct,Reliance Retail,East,West Bengal,Aqualogica,10000.0,10000.0,100.0
Feb'25,2025-02-01,FY_24-25,Reliance Retail Limited-FRBV,Direct,Reliance Retail,East,West Bengal,BBlunt,10000.0,20000.0,100.0
Feb'25,2025-02-01,FY_24-25,Reliance Retail Limited-FRBV,Direct,Reliance Retail,East,West Bengal,Mamaearth,40000.0,80000.0,100.0
Feb'25,2025-02-01,FY_24-25,Reliance Retail Limited-FRBV,Direct,Reliance Retail,East,West Bengal,The Derma Co,10000.0,20000.0,100.0
Feb'25,2025-02-01,FY_24-25,Reliance Retail Limited-FRCA,Direct,Reliance Retail,East,West Bengal,Mamaearth,50000.0,100000.0,100.0
Feb'25,2025-02-01,FY_24-25,Reliance Retail Limited-FRCB,Direct,Reliance Retail,East,West Bengal,Aqualogica,0.0,0.0,100.0
Feb'25,2025-02-01,FY_24-25,Reliance Retail Limited-FRCB,Direct,Reliance Retail,East,West Bengal,BBlunt,0.0,10000.0,100.0
Feb'25,2025-02-01,FY_24-25,Reliance Retail Limited-FRCB,Direct,Reliance Retail,East,West Bengal,Mamaearth,10000.0,20000.0,100.0
Feb'25,2025-02-01,FY_24-25,Reliance Retail Limited-FRCB,Direct,Reliance Retail,East,West Bengal,The Derma Co,10000.0,20000.0,100.0
Feb'25,2025-02-01,FY_24-25,Reliance Retail Limited-FRCC,Direct,Reliance Retail,East,West Bengal,Aqualogica,10000.0,20000.0,100.0
Feb'25,2025-02-01,FY_24-25,Reliance Retail Limited-FRCC,Direct,Reliance Retail,East,West Bengal,BBlunt,20000.0,20000.0,100.0
Feb'25,2025-02-01,FY_24-25,Reliance Retail Limited-FRCC,Direct,Reliance Retail,East,West Bengal,Mamaearth,20000.0,30000.0,100.0
Feb'25,2025-02-01,FY_24-25,Reliance Retail Limited-FRCC,Direct,Reliance Retail,East,West Bengal,The Derma Co,20000.0,40000.0,100.0
Feb'25,2025-02-01,FY_24-25,Reliance Retail Limited-FRCF,Direct,Reliance Retail,East,West Bengal,Mamaearth,30000.0,60000.0,100.0
Feb'25,2025-02-01,FY_24-25,Reliance Retail Limited-FRCK,Direct,Reliance Retail,East,West Bengal,Aqualogica,0.0,10000.0,100.0
Feb'25,2025-02-01,FY_24-25,Reliance Retail Limited-FRCK,Direct,Reliance Retail,East,West Bengal,BBlunt,20000.0,30000.0,100.0
Feb'25,2025-02-01,FY_24-25,Reliance Retail Limited-FRCK,Direct,Reliance Retail,East,West Bengal,Mamaearth,40000.0,70000.0,100.0
Feb'25,2025-02-01,FY_24-25,Reliance Retail Limited-FRCK,Direct,Reliance Retail,East,West Bengal,The Derma Co,10000.0,20000.0,100.0
Feb'25,2025-02-01,FY_24-25,Reliance Retail Limited-FRCL,Direct,Reliance Retail,East,West Bengal,Mamaearth,20000.0,40000.0,100.0
Feb'25,2025-02-01,FY_24-25,Reliance Retail Limited-FRCO,Direct,Reliance Retail,North,Haryana,Aqualogica,40000.0,70000.0,100.0
Feb'25,2025-02-01,FY_24-25,Reliance Retail Limited-FRCO,Direct,Reliance Retail,North,Haryana,BBlunt,40000.0,70000.0,100.0
Feb'25,2025-02-01,FY_24-25,Reliance Retail Limited-FRCO,Direct,Reliance Retail,North,Haryana,Mamaearth,40000.0,80000.0,100.0
Feb'25,2025-02-01,FY_24-25,Reliance Retail Limited-FRCO,Direct,Reliance Retail,North,Haryana,The Derma Co,60000.0,100000.0,100.0
Feb'25,2025-02-01,FY_24-25,Reliance Retail Limited-FRCX,Direct,Reliance Retail,North,Delhi,Aqualogica,30000.0,40000.0,100.0
Feb'25,2025-02-01,FY_24-25,Reliance Retail Limited-FRCX,Direct,Reliance Retail,North,Delhi,BBlunt,40000.0,70000.0,100.0
Feb'25,2025-02-01,FY_24-25,Reliance Retail Limited-FRCX,Direct,Reliance Retail,North,Delhi,Mamaearth,40000.0,70000.0,100.0
Feb'25,2025-02-01,FY_24-25,Reliance Retail Limited-FRCX,Direct,Reliance Retail,North,Delhi,The Derma Co,60000.0,100000.0,100.0
Feb'25,2025-02-01,FY_24-25,Reliance Retail Limited-FRDF,Direct,Reliance Retail,North,UPW,Mamaearth,30000.0,50000.0,100.0
Feb'25,2025-02-01,FY_24-25,Reliance Retail Limited-FRDH,Direct,Reliance Retail,North,UPW,Mamaearth,-30000.0,-50000.0,100.0
Feb'25,2025-02-01,FY_24-25,Reliance Retail Limited-FRDJ,Direct,Reliance Retail,North,UPW,Mamaearth,20000.0,40000.0,100.0
Feb'25,2025-02-01,FY_24-25,Reliance Retail Limited-FRDM,Direct,Reliance Retail,North,UPW,Mamaearth,10000.0,20000.0,100.0
Feb'25,2025-02-01,FY_24-25,Reliance Retail Limited-FRDU,Direct,Reliance Retail,West,Gujarat,Mamaearth,50000.0,100000.0,100.0
Feb'25,2025-02-01,FY_24-25,Reliance Retail Limited-FRDV,Direct,Reliance Retail,West,Gujarat,Mamaearth,30000.0,60000.0,100.0
Feb'25,2025-02-01,FY_24-25,Reliance Retail Limited-FRDY,Direct,Reliance Retail,West,Gujarat,Mamaearth,20000.0,40000.0,100.0
Feb'25,2025-02-01,FY_24-25,Reliance Retail Limited-FRDZ,Direct,Reliance Retail,West,Gujarat,Mamaearth,40000.0,80000.0,100.0
Feb'25,2025-02-01,FY_24-25,Reliance Retail Limited-FREB,Direct,Reliance Retail,West,Gujarat,Mamaearth,30000.0,60000.0,100.0
Feb'25,2025-02-01,FY_24-25,RELIANCE RETAIL LIMITED-FREC,Direct,Reliance Retail,South-1,Karnataka,Aqualogica,120000.0,200000.0,100.0
Feb'25,2025-02-01,FY_24-25,RELIANCE RETAIL LIMITED-FREC,Direct,Reliance Retail,South-1,Karnataka,Mamaearth,1960000.0,4620000.0,100.0
Feb'25,2025-02-01,FY_24-25,RELIANCE RETAIL LIMITED-FREC,Direct,Reliance Retail,South-1,Karnataka,The Derma Co,60000.0,100000.0,100.0
Feb'25,2025-02-01,FY_24-25,RELIANCE RETAIL LIMITED-FREF,Direct,Reliance Retail,South-1,Tamil Nadu,Mamaearth,-50000.0,-170000.0,100.0
Feb'25,2025-02-01,FY_24-25,RELIANCE RETAIL LIMITED-FREI,Direct,Reliance Retail,South-2,Telangana,Mamaearth,20000.0,30000.0,100.0
Feb'25,2025-02-01,FY_24-25,Reliance Retail Limited-FRFJ,Direct,Reliance Retail,South-1,Karnataka,Mamaearth,90000.0,170000.0,100.0
Feb'25,2025-02-01,FY_24-25,Reliance Retail Limited-FRFP,Direct,Reliance Retail,East,Bihar,Mamaearth,40000.0,70000.0,100.0
Feb'25,2025-02-01,FY_24-25,Reliance Retail Limited-FRFQ,Direct,Reliance Retail,South-1,Karnataka,Mamaearth,30000.0,40000.0,100.0
Feb'25,2025-02-01,FY_24-25,Reliance Retail Limited-FRGN,Direct,Reliance Retail,West,Gujarat,Mamaearth,30000.0,60000.0,100.0
Feb'25,2025-02-01,FY_24-25,Reliance Retail Limited-FRGQ,Direct,Reliance Retail,North,Uttarakhand,Mamaearth,30000.0,60000.0,100.0
Feb'25,2025-02-01,FY_24-25,Reliance Retail Limited-FRGS,Direct,Reliance Retail,East,Bihar,Aqualogica,10000.0,10000.0,100.0
Feb'25,2025-02-01,FY_24-25,Reliance Retail Limited-FRGS,Direct,Reliance Retail,East,Bihar,BBlunt,10000.0,20000.0,100.0
Feb'25,2025-02-01,FY_24-25,Reliance Retail Limited-FRGS,Direct,Reliance Retail,East,Bihar,Mamaearth,30000.0,50000.0,100.0
Feb'25,2025-02-01,FY_24-25,Reliance Retail Limited-FRGS,Direct,Reliance Retail,East,Bihar,The Derma Co,30000.0,50000.0,100.0
Feb'25,2025-02-01,FY_24-25,Reliance Retail Limited-FRHI,Direct,Reliance Retail,South-1,Karnataka,Mamaearth,10000.0,20000.0,100.0
Feb'25,2025-02-01,FY_24-25,Reliance Retail Limited-FRHT,Direct,Reliance Retail,East,Bihar,Mamaearth,40000.0,80000.0,100.0
Feb'25,2025-02-01,FY_24-25,Reliance Retail Limited-S0GK,Direct,Reliance Retail,South-1,Kerala,Mamaearth,450000.0,1080000.0,100.0
Feb'25,2025-02-01,FY_24-25,Reliance Retail Limited-S0KN,Direct,Reliance Retail,South-1,Karnataka,Aqualogica,20000.0,30000.0,100.0
Feb'25,2025-02-01,FY_24-25,Reliance Retail Limited-S0KN,Direct,Reliance Retail,South-1,Karnataka,Mamaearth,350000.0,770000.0,100.0
Feb'25,2025-02-01,FY_24-25,Reliance Retail Limited-S2BZ,Direct,Reliance Retail,North,Lucknow_UPE,Aqualogica,70000.0,110000.0,100.0
Feb'25,2025-02-01,FY_24-25,Reliance Retail Limited-S2BZ,Direct,Reliance Retail,North,Lucknow_UPE,Mamaearth,1290000.0,3180000.0,100.0
Feb'25,2025-02-01,FY_24-25,Reliance Retail Limited-S2BZ,Direct,Reliance Retail,North,Lucknow_UPE,Pure Origin,20000.0,40000.0,100.0
Feb'25,2025-02-01,FY_24-25,Reliance Retail Limited-S2BZ,Direct,Reliance Retail,North,Lucknow_UPE,The Derma Co,50000.0,80000.0,100.0
Feb'25,2025-02-01,FY_24-25,Reliance Retail Limited-SAAH,Direct,Reliance Retail,North,UPW,Aqualogica,40000.0,70000.0,100.0
Feb'25,2025-02-01,FY_24-25,Reliance Retail Limited-SAAH,Direct,Reliance Retail,North,UPW,Mamaearth,1430000.0,3270000.0,100.0
Feb'25,2025-02-01,FY_24-25,Reliance Retail Limited-SAAH,Direct,Reliance Retail,North,UPW,The Derma Co,60000.0,100000.0,100.0
Feb'25,2025-02-01,FY_24-25,RELIANCE RETAIL LIMITED-SF92,Direct,Reliance Retail,East,West Bengal,Aqualogica,90000.0,150000.0,100.0
Feb'25,2025-02-01,FY_24-25,RELIANCE RETAIL LIMITED-SF92,Direct,Reliance Retail,East,West Bengal,Mamaearth,1620000.0,4130000.0,100.0
Feb'25,2025-02-01,FY_24-25,RELIANCE RETAIL LIMITED-SF92,Direct,Reliance Retail,East,West Bengal,Pure Origin,40000.0,70000.0,100.0
Feb'25,2025-02-01,FY_24-25,RELIANCE RETAIL LIMITED-SF92,Direct,Reliance Retail,East,West Bengal,The Derma Co,20000.0,20000.0,100.0
Feb'25,2025-02-01,FY_24-25,RELIANCE RETAIL LIMITED-SH65,Direct,Reliance Retail,West,Pune,Aqualogica,40000.0,60000.0,100.0
Feb'25,2025-02-01,FY_24-25,RELIANCE RETAIL LIMITED-SH65,Direct,Reliance Retail,West,Pune,Mamaearth,490000.0,1180000.0,100.0
Feb'25,2025-02-01,FY_24-25,RELIANCE RETAIL LIMITED-SH69,Direct,Reliance Retail,North,Haryana,Aqualogica,20000.0,40000.0,100.0
Feb'25,2025-02-01,FY_24-25,RELIANCE RETAIL LIMITED-SH69,Direct,Reliance Retail,North,Haryana,Mamaearth,910000.0,2060000.0,100.0
Feb'25,2025-02-01,FY_24-25,RELIANCE RETAIL LIMITED-SH69,Direct,Reliance Retail,North,Haryana,The Derma Co,60000.0,100000.0,100.0
Feb'25,2025-02-01,FY_24-25,RELIANCE RETAIL LIMITED-SH71,Direct,Reliance Retail,North,Madhya Pradesh,Aqualogica,110000.0,170000.0,100.0
Feb'25,2025-02-01,FY_24-25,RELIANCE RETAIL LIMITED-SH71,Direct,Reliance Retail,North,Madhya Pradesh,Mamaearth,1060000.0,2500000.0,100.0
Feb'25,2025-02-01,FY_24-25,RELIANCE RETAIL LIMITED-SH71,Direct,Reliance Retail,North,Madhya Pradesh,The Derma Co,70000.0,120000.0,100.0
Feb'25,2025-02-01,FY_24-25,Reliance Retail Limited-SK6I,Direct,Reliance Retail,West,Gujarat,Aqualogica,40000.0,70000.0,100.0
Feb'25,2025-02-01,FY_24-25,Reliance Retail Limited-SK6I,Direct,Reliance Retail,West,Gujarat,Mamaearth,530000.0,1320000.0,100.0
Feb'25,2025-02-01,FY_24-25,Reliance Retail Limited-SLET,Direct,Reliance Retail,East,Bihar,Mamaearth,390000.0,930000.0,100.0
Feb'25,2025-02-01,FY_24-25,Reliance Retail Limited-SLG3,Direct,Reliance Retail,South-1,Tamil Nadu,Aqualogica,20000.0,30000.0,100.0
Feb'25,2025-02-01,FY_24-25,Reliance Retail Limited-SLG3,Direct,Reliance Retail,South-1,Tamil Nadu,Mamaearth,210000.0,480000.0,100.0
Feb'25,2025-02-01,FY_24-25,RELIANCE RETAIL LIMITED-SLIG,Direct,Reliance Retail,East,Northeast-Assam,Aqualogica,20000.0,30000.0,100.0
Feb'25,2025-02-01,FY_24-25,RELIANCE RETAIL LIMITED-SLIG,Direct,Reliance Retail,East,Northeast-Assam,Mamaearth,190000.0,430000.0,100.0
Feb'25,2025-02-01,FY_24-25,RELIANCE RETAIL LIMITED-SLIG,Direct,Reliance Retail,East,Northeast-Assam,The Derma Co,30000.0,40000.0,100.0
Feb'25,2025-02-01,FY_24-25,RELIANCE RETAIL LIMITED-SLII,Direct,Reliance Retail,North,Lucknow_UPE,Mamaearth,100000.0,230000.0,100.0
Feb'25,2025-02-01,FY_24-25,Reliance Retail Limited-SLMP,Direct,Reliance Retail,West,Gujarat,Mamaearth,30000.0,60000.0,100.0
Feb'25,2025-02-01,FY_24-25,Reliance Retail Limited-Slmr,Direct,Reliance Retail,East,Orissa,Mamaearth,330000.0,760000.0,100.0
Feb'25,2025-02-01,FY_24-25,Reliance Retail Limited-SLS1,Direct,Reliance Retail,South-1,Tamil Nadu,Aqualogica,80000.0,130000.0,100.0
Feb'25,2025-02-01,FY_24-25,Reliance Retail Limited-SLS1,Direct,Reliance Retail,South-1,Tamil Nadu,Mamaearth,1190000.0,2850000.0,100.0
Feb'25,2025-02-01,FY_24-25,Reliance Retail Limited-SLS1,Direct,Reliance Retail,South-1,Tamil Nadu,The Derma Co,50000.0,90000.0,100.0
Feb'25,2025-02-01,FY_24-25,Reliance Retail Limited-SLS2,Direct,Reliance Retail,South-2,Andhra Pradesh,Mamaearth,80000.0,230000.0,100.0
Feb'25,2025-02-01,FY_24-25,Reliance Retail Limited-SN1U,Direct,Reliance Retail,East,West Bengal,Aqualogica,20000.0,40000.0,100.0
Feb'25,2025-02-01,FY_24-25,Reliance Retail Limited-SN1U,Direct,Reliance Retail,East,West Bengal,Mamaearth,820000.0,1770000.0,100.0
Feb'25,2025-02-01,FY_24-25,Reliance Retail Limited-SN1U,Direct,Reliance Retail,East,West Bengal,The Derma Co,50000.0,90000.0,100.0
Feb'25,2025-02-01,FY_24-25,Reliance Retail Limited-SP9K,Direct,Reliance Retail,West,Pune,Mamaearth,610000.0,1500000.0,100.0
Feb'25,2025-02-01,FY_24-25,Reliance Retail Limited-T0Z9,Direct,Reliance Retail,West,Gujarat,Mamaearth,50000.0,90000.0,100.0
Feb'25,2025-02-01,FY_24-25,Reliance Retail Limited-T1CT,Direct,Reliance Retail,East,West Bengal,Mamaearth,30000.0,60000.0,100.0
Feb'25,2025-02-01,FY_24-25,Reliance Retail Limited-T1NC,Direct,Reliance Retail,South-1,Kerala,Aqualogica,30000.0,50000.0,100.0
Feb'25,2025-02-01,FY_24-25,Reliance Retail Limited-T1NC,Direct,Reliance Retail,South-1,Kerala,BBlunt,50000.0,80000.0,100.0
Feb'25,2025-02-01,FY_24-25,Reliance Retail Limited-T1NC,Direct,Reliance Retail,South-1,Kerala,The Derma Co,50000.0,80000.0,100.0
Feb'25,2025-02-01,FY_24-25,Reliance Retail Limited-T1X4,Direct,Reliance Retail,South-1,Kerala,Mamaearth,30000.0,50000.0,100.0
Feb'25,2025-02-01,FY_24-25,Reliance Retail Limited-T2DI,Direct,Reliance Retail,South-1,Karnataka,Aqualogica,0.0,0.0,100.0
Feb'25,2025-02-01,FY_24-25,Reliance Retail Limited-T2DI,Direct,Reliance Retail,South-1,Karnataka,BBlunt,10000.0,20000.0,100.0
Feb'25,2025-02-01,FY_24-25,Reliance Retail Limited-T2DI,Direct,Reliance Retail,South-1,Karnataka,The Derma Co,20000.0,30000.0,100.0
Feb'25,2025-02-01,FY_24-25,Reliance Retail Limited-T48P,Direct,Reliance Retail,North,Haryana,Mamaearth,10000.0,20000.0,100.0
Feb'25,2025-02-01,FY_24-25,Reliance Retail Limited-T84I,Direct,Reliance Retail,North,Haryana,Aqualogica,10000.0,10000.0,100.0
Feb'25,2025-02-01,FY_24-25,Reliance Retail Limited-T84I,Direct,Reliance Retail,North,Haryana,BBlunt,10000.0,20000.0,100.0
Feb'25,2025-02-01,FY_24-25,Reliance Retail Limited-T84I,Direct,Reliance Retail,North,Haryana,The Derma Co,20000.0,30000.0,100.0
Feb'25,2025-02-01,FY_24-25,Reliance Retail Limited-T84L,Direct,Reliance Retail,West,Gujarat,Mamaearth,40000.0,70000.0,100.0
Feb'25,2025-02-01,FY_24-25,Reliance Retail Limited-T915,Direct,Reliance Retail,North,UPW,Mamaearth,30000.0,60000.0,100.0
Feb'25,2025-02-01,FY_24-25,Reliance Retail Limited-TA35,Direct,Reliance Retail,South-1,Kerala,Mamaearth,30000.0,70000.0,100.0
Feb'25,2025-02-01,FY_24-25,Reliance Retail Limited-TA36,Direct,Reliance Retail,South-1,Tamil Nadu,Aqualogica,10000.0,10000.0,100.0
Feb'25,2025-02-01,FY_24-25,Reliance Retail Limited-TA36,Direct,Reliance Retail,South-1,Tamil Nadu,BBlunt,10000.0,20000.0,100.0
Feb'25,2025-02-01,FY_24-25,Reliance Retail Limited-TA36,Direct,Reliance Retail,South-1,Tamil Nadu,Mamaearth,40000.0,80000.0,100.0
Feb'25,2025-02-01,FY_24-25,Reliance Retail Limited-TA36,Direct,Reliance Retail,South-1,Tamil Nadu,The Derma Co,20000.0,30000.0,100.0
Feb'25,2025-02-01,FY_24-25,Reliance Retail Limited-TA9N,Direct,Reliance Retail,East,West Bengal,Mamaearth,50000.0,90000.0,100.0
Feb'25,2025-02-01,FY_24-25,Reliance Retail Limited-TAFW,Direct,Reliance Retail,West,Mumbai,Mamaearth,50000.0,100000.0,100.0
Feb'25,2025-02-01,FY_24-25,Reliance Retail Limited-TAH3,Direct,Reliance Retail,North,Lucknow_UPE,Mamaearth,20000.0,30000.0,100.0
Feb'25,2025-02-01,FY_24-25,Reliance Retail Limited-TAIE,Direct,Reliance Retail,South-1,Tamil Nadu,Aqualogica,10000.0,10000.0,100.0
Feb'25,2025-02-01,FY_24-25,Reliance Retail Limited-TAIE,Direct,Reliance Retail,South-1,Tamil Nadu,BBlunt,20000.0,20000.0,100.0
Feb'25,2025-02-01,FY_24-25,Reliance Retail Limited-TAIE,Direct,Reliance Retail,South-1,Tamil Nadu,The Derma Co,20000.0,30000.0,100.0
Feb'25,2025-02-01,FY_24-25,Reliance Retail Limited-TAUX,Direct,Reliance Retail,West,Gujarat,Mamaearth,20000.0,40000.0,100.0
Feb'25,2025-02-01,FY_24-25,Reliance Retail Limited-TC74,Direct,Reliance Retail,North,Haryana,Mamaearth,30000.0,60000.0,100.0
Feb'25,2025-02-01,FY_24-25,Reliance Retail Limited-TCD6,Direct,Reliance Retail,South-1,Tamil Nadu,Mamaearth,30000.0,50000.0,100.0
Feb'25,2025-02-01,FY_24-25,Reliance Retail Limited-TD04,Direct,Reliance Retail,East,Jharkhand,Mamaearth,20000.0,40000.0,100.0
Feb'25,2025-02-01,FY_24-25,Reliance Retail Limited-TE39,Direct,Reliance Retail,South-1,Tamil Nadu,Mamaearth,10000.0,20000.0,100.0
Feb'25,2025-02-01,FY_24-25,Reliance Retail Limited-TFY6,Direct,Reliance Retail,South-1,Tamil Nadu,Mamaearth,30000.0,60000.0,100.0
Feb'25,2025-02-01,FY_24-25,Reliance Retail Limited-TG2K,Direct,Reliance Retail,West,Gujarat,Mamaearth,40000.0,80000.0,100.0
Feb'25,2025-02-01,FY_24-25,Reliance Retail Limited-TGL6,Direct,Reliance Retail,North,Madhya Pradesh,Mamaearth,40000.0,60000.0,100.0
Feb'25,2025-02-01,FY_24-25,Reliance Retail Limited-TH93,Direct,Reliance Retail,East,Orissa,Mamaearth,60000.0,110000.0,100.0
Feb'25,2025-02-01,FY_24-25,Reliance Retail Limited-TIU6,Direct,Reliance Retail,East,Jharkhand,Mamaearth,60000.0,100000.0,100.0
Feb'25,2025-02-01,FY_24-25,Reliance Retail Limited-TL30,Direct,Reliance Retail,North,Delhi,Aqualogica,-20000.0,-40000.0,100.0
Feb'25,2025-02-01,FY_24-25,Reliance Retail Limited-TL30,Direct,Reliance Retail,North,Delhi,BBlunt,10000.0,20000.0,100.0
Feb'25,2025-02-01,FY_24-25,Reliance Retail Limited-TL30,Direct,Reliance Retail,North,Delhi,Mamaearth,-20000.0,-40000.0,100.0
Feb'25,2025-02-01,FY_24-25,Reliance Retail Limited-TL30,Direct,Reliance Retail,North,Delhi,The Derma Co,10000.0,20000.0,100.0
Feb'25,2025-02-01,FY_24-25,Reliance Retail Limited-TM18,Direct,Reliance Retail,South-1,Karnataka,Mamaearth,60000.0,120000.0,100.0
Feb'25,2025-02-01,FY_24-25,Reliance Retail Limited-TM27,Direct,Reliance Retail,East,Orissa,Mamaearth,50000.0,90000.0,100.0
Feb'25,2025-02-01,FY_24-25,Reliance Retail Limited-TMI6,Direct,Reliance Retail,East,Orissa,Mamaearth,10000.0,20000.0,100.0
Feb'25,2025-02-01,FY_24-25,Reliance Retail Limited-TN54,Direct,Reliance Retail,West,Chattishgarh,Mamaearth,30000.0,50000.0,100.0
Feb'25,2025-02-01,FY_24-25,Reliance Retail Limited-Tna8,Direct,Reliance Retail,West,Gujarat,Mamaearth,20000.0,40000.0,100.0
Feb'25,2025-02-01,FY_24-25,Reliance Retail Limited-TNB5,Direct,Reliance Retail,West,Gujarat,Mamaearth,20000.0,50000.0,100.0
Feb'25,2025-02-01,FY_24-25,Reliance Retail Limited-TNC2,Direct,Reliance Retail,South-1,Tamil Nadu,Aqualogica,0.0,0.0,100.0
Feb'25,2025-02-01,FY_24-25,Reliance Retail Limited-TNC2,Direct,Reliance Retail,South-1,Tamil Nadu,BBlunt,0.0,10000.0,100.0
Feb'25,2025-02-01,FY_24-25,Reliance Retail Limited-TNC2,Direct,Reliance Retail,South-1,Tamil Nadu,The Derma Co,10000.0,10000.0,100.0
Feb'25,2025-02-01,FY_24-25,Reliance Retail Limited-TNC5,Direct,Reliance Retail,North,Rajasthan,Mamaearth,100000.0,200000.0,100.0
Feb'25,2025-02-01,FY_24-25,Reliance Retail Limited-TNC7,Direct,Reliance Retail,North,Punjab,Aqualogica,0.0,10000.0,100.0
Feb'25,2025-02-01,FY_24-25,Reliance Retail Limited-TNC7,Direct,Reliance Retail,North,Punjab,BBlunt,10000.0,20000.0,100.0
Feb'25,2025-02-01,FY_24-25,Reliance Retail Limited-TNC7,Direct,Reliance Retail,North,Punjab,Mamaearth,20000.0,50000.0,100.0
Feb'25,2025-02-01,FY_24-25,Reliance Retail Limited-TNC7,Direct,Reliance Retail,North,Punjab,The Derma Co,20000.0,40000.0,100.0
Feb'25,2025-02-01,FY_24-25,Reliance Retail Limited-TND1,Direct,Reliance Retail,West,Gujarat,Mamaearth,20000.0,40000.0,100.0
Feb'25,2025-02-01,FY_24-25,Reliance Retail Limited-TND2,Direct,Reliance Retail,South-1,Tamil Nadu,Aqualogica,0.0,10000.0,100.0
Feb'25,2025-02-01,FY_24-25,Reliance Retail Limited-TND2,Direct,Reliance Retail,South-1,Tamil Nadu,BBlunt,10000.0,10000.0,100.0
Feb'25,2025-02-01,FY_24-25,Reliance Retail Limited-TND2,Direct,Reliance Retail,South-1,Tamil Nadu,Mamaearth,30000.0,50000.0,100.0
Feb'25,2025-02-01,FY_24-25,Reliance Retail Limited-TND2,Direct,Reliance Retail,South-1,Tamil Nadu,The Derma Co,10000.0,10000.0,100.0
Feb'25,2025-02-01,FY_24-25,Reliance Retail Limited-TND4,Direct,Reliance Retail,East,West Bengal,Mamaearth,50000.0,100000.0,100.0
Feb'25,2025-02-01,FY_24-25,Reliance Retail Limited-Tnd5,Direct,Reliance Retail,West,Gujarat,Mamaearth,60000.0,100000.0,100.0
Feb'25,2025-02-01,FY_24-25,Reliance Retail Limited-TND6,Direct,Reliance Retail,South-1,Tamil Nadu,Mamaearth,50000.0,90000.0,100.0
Feb'25,2025-02-01,FY_24-25,Reliance Retail Limited-TND7,Direct,Reliance Retail,South-1,Tamil Nadu,Mamaearth,30000.0,60000.0,100.0
Feb'25,2025-02-01,FY_24-25,Reliance Retail Limited-TNE1,Direct,Reliance Retail,South-1,Karnataka,Mamaearth,30000.0,70000.0,100.0
Feb'25,2025-02-01,FY_24-25,Reliance Retail Limited-TO19,Direct,Reliance Retail,South-1,Kerala,Mamaearth,10000.0,30000.0,100.0
Feb'25,2025-02-01,FY_24-25,Reliance Retail Limited-TOG3,Direct,Reliance Retail,East,West Bengal,Mamaearth,40000.0,70000.0,100.0
Feb'25,2025-02-01,FY_24-25,Reliance Retail Limited-TOL2,Direct,Reliance Retail,North,Madhya Pradesh,Aqualogica,10000.0,10000.0,100.0
Feb'25,2025-02-01,FY_24-25,Reliance Retail Limited-TOL2,Direct,Reliance Retail,North,Madhya Pradesh,BBlunt,10000.0,10000.0,100.0
Feb'25,2025-02-01,FY_24-25,Reliance Retail Limited-TOL2,Direct,Reliance Retail,North,Madhya Pradesh,The Derma Co,0.0,10000.0,100.0
Feb'25,2025-02-01,FY_24-25,Reliance Retail Limited-TOM0,Direct,Reliance Retail,West,Mumbai,Mamaearth,20000.0,40000.0,100.0
Feb'25,2025-02-01,FY_24-25,Reliance Retail Limited-TP06,Direct,Reliance Retail,North,Delhi,Mamaearth,30000.0,60000.0,100.0
Feb'25,2025-02-01,FY_24-25,Reliance Retail Limited-TP23,Direct,Reliance Retail,South-1,Kerala,Mamaearth,30000.0,60000.0,100.0
Feb'25,2025-02-01,FY_24-25,Reliance Retail Limited-TQ61,Direct,Reliance Retail,South-1,Kerala,Mamaearth,50000.0,100000.0,100.0
Feb'25,2025-02-01,FY_24-25,Reliance Retail Limited-TR28,Direct,Reliance Retail,South-1,Karnataka,Mamaearth,20000.0,50000.0,100.0
Feb'25,2025-02-01,FY_24-25,Reliance Retail Limited-TW11,Direct,Reliance Retail,North,Delhi,Mamaearth,20000.0,40000.0,100.0
Feb'25,2025-02-01,FY_24-25,Reliance Retail Limited-TZ8R,Direct,Reliance Retail,North,Uttarakhand,Mamaearth,40000.0,70000.0,100.0
Feb'25,2025-02-01,FY_24-25,Reliance Retail Limited-TZL5,Direct,Reliance Retail,East,Bihar,Aqualogica,0.0,0.0,100.0
Feb'25,2025-02-01,FY_24-25,Reliance Retail Limited-TZL5,Direct,Reliance Retail,East,Bihar,BBlunt,0.0,10000.0,100.0
Feb'25,2025-02-01,FY_24-25,Reliance Retail Limited-TZL5,Direct,Reliance Retail,East,Bihar,Mamaearth,20000.0,50000.0,100.0
Feb'25,2025-02-01,FY_24-25,Reliance Retail Limited-TZL5,Direct,Reliance Retail,East,Bihar,The Derma Co,10000.0,20000.0,100.0
Feb'25,2025-02-01,FY_24-25,Reliance Retail Limited-ZZI0-B,Direct,Reliance Retail,South-1,Kerala,Mamaearth,440000.0,1080000.0,100.0
Feb'25,2025-02-01,FY_24-25,Reliance Retail Ltd _Madhavaram- TNB8,Direct,Reliance Retail,South-1,Tamil Nadu,Mamaearth,80000.0,140000.0,100.0
Feb'25,2025-02-01,FY_24-25,Reliance Retail Ltd _Mysore_2994,Direct,Reliance Retail,South-1,Karnataka,Mamaearth,20000.0,40000.0,100.0
Feb'25,2025-02-01,FY_24-25,Reliance Retail Ltd _RAJAJI NAGAR- FR49,Direct,Reliance Retail,South-1,Karnataka,Aqualogica,0.0,10000.0,100.0
Feb'25,2025-02-01,FY_24-25,Reliance Retail Ltd _RAJAJI NAGAR- FR49,Direct,Reliance Retail,South-1,Karnataka,BBlunt,10000.0,20000.0,100.0
Feb'25,2025-02-01,FY_24-25,Reliance Retail Ltd _RAJAJI NAGAR- FR49,Direct,Reliance Retail,South-1,Karnataka,Mamaearth,60000.0,110000.0,100.0
Feb'25,2025-02-01,FY_24-25,Reliance Retail Ltd _RAJAJI NAGAR- FR49,Direct,Reliance Retail,South-1,Karnataka,The Derma Co,10000.0,20000.0,100.0
Feb'25,2025-02-01,FY_24-25,Reliance Retail Ltd_Davanagere- TNC0,Direct,Reliance Retail,South-1,Karnataka,Mamaearth,40000.0,80000.0,100.0
Feb'25,2025-02-01,FY_24-25,Reliance Retail Ltd_Hubballi_2997,Direct,Reliance Retail,South-1,Karnataka,Mamaearth,60000.0,100000.0,100.0
Feb'25,2025-02-01,FY_24-25,Reliance Retail Ltd_Nagercoil- 3338,Direct,Reliance Retail,South-1,Tamil Nadu,Mamaearth,60000.0,120000.0,100.0
Feb'25,2025-02-01,FY_24-25,RELIANCE RETAIL Ltd-SLEW,Direct,Reliance Retail,West,Chattishgarh,Aqualogica,40000.0,70000.0,100.0
Feb'25,2025-02-01,FY_24-25,RELIANCE RETAIL Ltd-SLEW,Direct,Reliance Retail,West,Chattishgarh,Mamaearth,860000.0,2100000.0,100.0
Feb'25,2025-02-01,FY_24-25,RELIANCE RETAIL Ltd-SLEW,Direct,Reliance Retail,West,Chattishgarh,The Derma Co,70000.0,120000.0,100.0
Feb'25,2025-02-01,FY_24-25,Tnsi Retail Pvt Ltd_Sultanpur,Direct,WH-Smith,North,Haryana,Aqualogica,50000.0,90000.0,100.0
Feb'25,2025-02-01,FY_24-25,Tnsi Retail Pvt Ltd_Sultanpur,Direct,WH-Smith,North,Haryana,Mamaearth,260000.0,520000.0,100.0
Feb'25,2025-02-01,FY_24-25,Travel News Services (I) Pvt Ltd-WHSM,Direct,WH-Smith,South-2,Telangana,Aqualogica,20000.0,40000.0,100.0
Feb'25,2025-02-01,FY_24-25,Travel News Services (I) Pvt Ltd-WHSM,Direct,WH-Smith,South-2,Telangana,Mamaearth,70000.0,150000.0,100.0
Feb'25,2025-02-01,FY_24-25,Travel News Services India Pvt LtdWHSM-HOOGHLY,Direct,WH-Smith,East,West Bengal,Aqualogica,0.0,0.0,100.0
Feb'25,2025-02-01,FY_24-25,Travel News Services India Pvt LtdWHSM-HOOGHLY,Direct,WH-Smith,East,West Bengal,Mamaearth,40000.0,70000.0,100.0
Feb'25,2025-02-01,FY_24-25,Travel Retail Services Pvt Ltd_Blr,Direct,Relay,South-1,Karnataka,Mamaearth,40000.0,90000.0,100.0
Feb'25,2025-02-01,FY_24-25,Travel Retail Services Pvt Ltd_Blr,Direct,Relay,South-1,Karnataka,The Derma Co,20000.0,40000.0,100.0
Feb'25,2025-02-01,FY_24-25,Travel Retail Services Pvt Ltd_Del,Direct,Relay,North,Delhi,Mamaearth,-10000.0,-30000.0,100.0
Feb'25,2025-02-01,FY_24-25,Travel Retail Services Pvt Ltd_Del,Direct,Relay,North,Delhi,The Derma Co,-10000.0,-20000.0,100.0
Feb'25,2025-02-01,FY_24-25,Trent Hypermarket Private Limited_Blr,Direct,Trent,South-1,Karnataka,Mamaearth,130000.0,220000.0,100.0
Feb'25,2025-02-01,FY_24-25,Trent Hypermarket Private Limited_Mah,Direct,Trent,West,Mumbai,Mamaearth,100000.0,180000.0,100.0
Feb'25,2025-02-01,FY_24-25,Trent Hypermarket Private Limited-P,Direct,Trent,West,Pune,Mamaearth,40000.0,60000.0,100.0
Feb'25,2025-02-01,FY_24-25,Wal-Mart India Private Limited 4702,Direct,Walmart CNC,North,Punjab,Mamaearth,20000.0,30000.0,100.0
Feb'25,2025-02-01,FY_24-25,Wal-Mart India Private Limited 4703,Direct,Walmart CNC,North,Punjab,Mamaearth,160000.0,320000.0,100.0
Feb'25,2025-02-01,FY_24-25,Wal-Mart India Private Limited 4706,Direct,Walmart CNC,North,Punjab,Mamaearth,120000.0,230000.0,100.0
Feb'25,2025-02-01,FY_24-25,Wal-Mart India Private Limited 4712,Direct,Walmart CNC,North,Madhya Pradesh,Mamaearth,90000.0,180000.0,100.0
Feb'25,2025-02-01,FY_24-25,Wal-Mart India Private Limited 4713,Direct,Walmart CNC,North,Rajasthan,Mamaearth,120000.0,230000.0,100.0
Feb'25,2025-02-01,FY_24-25,Wal-Mart India Private Limited 4716,Direct,Walmart CNC,West,Chattishgarh,Mamaearth,170000.0,310000.0,100.0
Feb'25,2025-02-01,FY_24-25,Wal-Mart India Private Limited 4717,Direct,Walmart CNC,North,Punjab,Mamaearth,220000.0,420000.0,100.0
Feb'25,2025-02-01,FY_24-25,Wal-Mart India Private Limited 4719,Direct,Walmart CNC,North,Jammu,Mamaearth,300000.0,580000.0,100.0
Feb'25,2025-02-01,FY_24-25,Wal-Mart India Private Limited 4720,Direct,Walmart CNC,North,UPW,Mamaearth,50000.0,90000.0,100.0
Feb'25,2025-02-01,FY_24-25,Wal-Mart India Private Limited 4721,Direct,Walmart CNC,South-2,Andhra Pradesh,Mamaearth,30000.0,60000.0,100.0
Feb'25,2025-02-01,FY_24-25,Wal-Mart India Private Limited 4723,Direct,Walmart CNC,North,Lucknow_UPE,Mamaearth,-30000.0,-60000.0,100.0
Feb'25,2025-02-01,FY_24-25,Wal-Mart India Private Limited 4724,Direct,Walmart CNC,West,Pune,Mamaearth,860000.0,1630000.0,100.0
Feb'25,2025-02-01,FY_24-25,Wal-Mart India Private Limited 4725,Direct,Walmart CNC,South-2,Andhra Pradesh,Mamaearth,30000.0,60000.0,100.0
Feb'25,2025-02-01,FY_24-25,Wal-Mart India Private Limited 4727,Direct,Walmart CNC,North,Lucknow_UPE,Mamaearth,270000.0,530000.0,100.0
Feb'25,2025-02-01,FY_24-25,Wal-Mart India Private Limited 4729,Direct,Walmart CNC,North,Madhya Pradesh,Mamaearth,60000.0,110000.0,100.0
Feb'25,2025-02-01,FY_24-25,Wal-Mart India Private Limited 4734,Direct,Walmart CNC,South-2,Telangana,Mamaearth,60000.0,120000.0,100.0
Feb'25,2025-02-01,FY_24-25,Wal-Mart India Private Limited 4742,Direct,Walmart CNC,South-2,Andhra Pradesh,Mamaearth,30000.0,60000.0,100.0
Feb'25,2025-02-01,FY_24-25,Wal-Mart India Private Limited 4744,Direct,Walmart CNC,West,Pune,Mamaearth,40000.0,80000.0,100.0
Feb'25,2025-02-01,FY_24-25,Wal-Mart India Private Limited 4760,Direct,Walmart CNC,North,Madhya Pradesh,Mamaearth,130000.0,250000.0,100.0
Feb'25,2025-02-01,FY_24-25,Wal-Mart India Private Limited 4797,Direct,Walmart CNC,North,Lucknow_UPE,Mamaearth,230000.0,430000.0,100.0
Feb'25,2025-02-01,FY_24-25,Wal-Mart India Private Limited 4799,Direct,Walmart CNC,South-2,Andhra Pradesh,Mamaearth,100000.0,200000.0,100.0
Feb'25,2025-02-01,FY_24-25,Wal-Mart India Private Limited 4801,Direct,Walmart CNC,North,Punjab,Mamaearth,-30000.0,-60000.0,100.0
Feb'25,2025-02-01,FY_24-25,Wal-Mart India Private Limited 4803,Direct,Walmart CNC,North,Madhya Pradesh,Mamaearth,-60000.0,-110000.0,100.0
Feb'25,2025-02-01,FY_24-25,Wal-Mart India Private Limited 4805,Direct,Walmart CNC,South-2,Andhra Pradesh,Mamaearth,120000.0,230000.0,100.0
Feb'25,2025-02-01,FY_24-25,Wal-Mart India Private Limited 4814,Direct,Walmart CNC,South-2,Andhra Pradesh,Mamaearth,100000.0,180000.0,100.0
Feb'25,2025-02-01,FY_24-25,Wellness Forever Medicare Ltd,Direct,Wellness Forever,West,Mumbai,Aqualogica,420000.0,710000.0,100.0
Feb'25,2025-02-01,FY_24-25,Wellness Forever Medicare Ltd,Direct,Wellness Forever,West,Mumbai,Mamaearth,2600000.0,4370000.0,100.0
Feb'25,2025-02-01,FY_24-25,Wellness Forever Medicare Ltd,Direct,Wellness Forever,West,Mumbai,The Derma Co,4660000.0,7860000.0,100.0
Feb'25,2025-02-01,FY_24-25,Aggarwal Associates,Dist.,VMM,North,Punjab,Mamaearth,880000.0,1900000.0,100.0
Feb'25,2025-02-01,FY_24-25,Arc Foods And Beverages_Mt_H&G,Dist.,H&G,South-1,Tamil Nadu,Aqualogica,140000.0,260000.0,82.35
Feb'25,2025-02-01,FY_24-25,Arc Foods And Beverages_Mt_H&G,Dist.,Apollo Healthco,South-1,Tamil Nadu,Aqualogica,30000.0,50000.0,17.65
Feb'25,2025-02-01,FY_24-25,Arc Foods And Beverages_Mt_H&G,Dist.,H&G,South-1,Tamil Nadu,BBlunt,310000.0,500000.0,100.0
Feb'25,2025-02-01,FY_24-25,Arc Foods And Beverages_Mt_H&G,Dist.,Apollo Healthco,South-1,Tamil Nadu,Mamaearth,410000.0,810000.0,51.9
Feb'25,2025-02-01,FY_24-25,Arc Foods And Beverages_Mt_H&G,Dist.,H&G,South-1,Tamil Nadu,Mamaearth,380000.0,750000.0,48.1
Feb'25,2025-02-01,FY_24-25,Arc Foods And Beverages_Mt_H&G,Dist.,H&G,South-1,Tamil Nadu,The Derma Co,390000.0,720000.0,79.59
Feb'25,2025-02-01,FY_24-25,Arc Foods And Beverages_Mt_H&G,Dist.,Apollo Healthco,South-1,Tamil Nadu,The Derma Co,100000.0,190000.0,20.41
Feb'25,2025-02-01,FY_24-25,Az Enterprises(Apollo/More)Mt,Dist.,Apollo Healthco,South-1,Karnataka,Aqualogica,40000.0,60000.0,7.69
Feb'25,2025-02-01,FY_24-25,Az Enterprises(Apollo/More)Mt,Dist.,Trilife,South-1,Karnataka,Aqualogica,0.0,10000.0,0.0
Feb'25,2025-02-01,FY_24-25,Az Enterprises(Apollo/More)Mt,Dist.,Lulu,South-1,Karnataka,Aqualogica,20000.0,30000.0,3.85
Feb'25,2025-02-01,FY_24-25,Az Enterprises(Apollo/More)Mt,Dist.,H&G,South-1,Karnataka,Aqualogica,460000.0,750000.0,88.46
Feb'25,2025-02-01,FY_24-25,Az Enterprises(Apollo/More)Mt,Dist.,B&N,South-1,Karnataka,Aqualogica,0.0,0.0,0.0
Feb'25,2025-02-01,FY_24-25,Az Enterprises(Apollo/More)Mt,Dist.,Trilife,South-1,Karnataka,BBlunt,0.0,10000.0,0.0
Feb'25,2025-02-01,FY_24-25,Az Enterprises(Apollo/More)Mt,Dist.,H&G,South-1,Karnataka,BBlunt,260000.0,470000.0,92.86
Feb'25,2025-02-01,FY_24-25,Az Enterprises(Apollo/More)Mt,Dist.,B&N,South-1,Karnataka,BBlunt,20000.0,30000.0,7.14
Feb'25,2025-02-01,FY_24-25,Az Enterprises(Apollo/More)Mt,Dist.,Apollo Healthco,South-1,Karnataka,Mamaearth,2010000.0,3970000.0,49.02
Feb'25,2025-02-01,FY_24-25,Az Enterprises(Apollo/More)Mt,Dist.,Trilife,South-1,Karnataka,Mamaearth,10000.0,10000.0,0.24
Feb'25,2025-02-01,FY_24-25,Az Enterprises(Apollo/More)Mt,Dist.,Lulu,South-1,Karnataka,Mamaearth,370000.0,720000.0,9.02
Feb'25,2025-02-01,FY_24-25,Az Enterprises(Apollo/More)Mt,Dist.,Frankross,South-1,Karnataka,Mamaearth,10000.0,20000.0,0.24
Feb'25,2025-02-01,FY_24-25,Az Enterprises(Apollo/More)Mt,Dist.,H&G,South-1,Karnataka,Mamaearth,1020000.0,2010000.0,24.88
Feb'25,2025-02-01,FY_24-25,Az Enterprises(Apollo/More)Mt,Dist.,B&N,South-1,Karnataka,Mamaearth,10000.0,10000.0,0.24
Feb'25,2025-02-01,FY_24-25,Az Enterprises(Apollo/More)Mt,Dist.,More Retail,South-1,Karnataka,Mamaearth,670000.0,1330000.0,16.34
Feb'25,2025-02-01,FY_24-25,Az Enterprises(Apollo/More)Mt,Dist.,Apollo Healthco,South-1,Karnataka,The Derma Co,460000.0,770000.0,21.5
Feb'25,2025-02-01,FY_24-25,Az Enterprises(Apollo/More)Mt,Dist.,Trilife,South-1,Karnataka,The Derma Co,10000.0,10000.0,0.47
Feb'25,2025-02-01,FY_24-25,Az Enterprises(Apollo/More)Mt,Dist.,Lulu,South-1,Karnataka,The Derma Co,20000.0,40000.0,0.93
Feb'25,2025-02-01,FY_24-25,Az Enterprises(Apollo/More)Mt,Dist.,H&G,South-1,Karnataka,The Derma Co,1640000.0,2730000.0,76.64
Feb'25,2025-02-01,FY_24-25,Az Enterprises(Apollo/More)Mt,Dist.,B&N,South-1,Karnataka,The Derma Co,10000.0,10000.0,0.47
Feb'25,2025-02-01,FY_24-25,BALAJI ASSOCIATES Distributor MT,Dist.,Reliance Retail,East,Northeast-Assam,Aqualogica,170000.0,320000.0,100.0
Feb'25,2025-02-01,FY_24-25,BALAJI ASSOCIATES Distributor MT,Dist.,Reliance Retail,East,Northeast-Assam,BBlunt,120000.0,220000.0,100.0
Feb'25,2025-02-01,FY_24-25,BALAJI ASSOCIATES Distributor MT,Dist.,Reliance Retail,East,Northeast-Assam,Mamaearth,820000.0,1880000.0,59.42
Feb'25,2025-02-01,FY_24-25,BALAJI ASSOCIATES Distributor MT,Dist.,VMM,East,Northeast-Assam,Mamaearth,560000.0,1270000.0,40.58
Feb'25,2025-02-01,FY_24-25,BALAJI ASSOCIATES Distributor MT,Dist.,Reliance Retail,East,Northeast-Assam,The Derma Co,300000.0,560000.0,100.0
Feb'25,2025-02-01,FY_24-25,CHHABRA TRADERS_Ship To,Dist.,Spencer,North,Lucknow_UPE,BBlunt,0.0,10000.0,
Feb'25,2025-02-01,FY_24-25,CHHABRA TRADERS_Ship To,Dist.,Lulu,North,Lucknow_UPE,Mamaearth,880000.0,1710000.0,57.14
Feb'25,2025-02-01,FY_24-25,CHHABRA TRADERS_Ship To,Dist.,VMM,North,Lucknow_UPE,Mamaearth,660000.0,1290000.0,42.86
Feb'25,2025-02-01,FY_24-25,CHHABRA TRADERS_Ship To,Dist.,Lulu,North,Lucknow_UPE,The Derma Co,90000.0,160000.0,100.0
Feb'25,2025-02-01,FY_24-25,D.L. Sales - MT,Dist.,Apollo Healthco,East,West Bengal,Aqualogica,10000.0,20000.0,20.0
Feb'25,2025-02-01,FY_24-25,D.L. Sales - MT,Dist.,H&G,East,West Bengal,Aqualogica,10000.0,20000.0,20.0
Feb'25,2025-02-01,FY_24-25,D.L. Sales - MT,Dist.,Spencer,East,West Bengal,Aqualogica,30000.0,60000.0,60.0
Feb'25,2025-02-01,FY_24-25,D.L. Sales - MT,Dist.,H&G,East,West Bengal,BBlunt,10000.0,20000.0,33.33
Feb'25,2025-02-01,FY_24-25,D.L. Sales - MT,Dist.,Spencer,East,West Bengal,BBlunt,20000.0,40000.0,66.67
Feb'25,2025-02-01,FY_24-25,D.L. Sales - MT,Dist.,Arambagh,East,West Bengal,Mamaearth,100000.0,200000.0,4.9
Feb'25,2025-02-01,FY_24-25,D.L. Sales - MT,Dist.,Apollo Healthco,East,West Bengal,Mamaearth,770000.0,1450000.0,37.75
Feb'25,2025-02-01,FY_24-25,D.L. Sales - MT,Dist.,H&G,East,West Bengal,Mamaearth,130000.0,250000.0,6.37
Feb'25,2025-02-01,FY_24-25,D.L. Sales - MT,Dist.,More Retail,East,West Bengal,Mamaearth,190000.0,350000.0,9.31
Feb'25,2025-02-01,FY_24-25,D.L. Sales - MT,Dist.,Spencer,East,West Bengal,Mamaearth,610000.0,1150000.0,29.9
Feb'25,2025-02-01,FY_24-25,D.L. Sales - MT,Dist.,Frankross,East,West Bengal,Mamaearth,170000.0,330000.0,8.33
Feb'25,2025-02-01,FY_24-25,D.L. Sales - MT,Dist.,VMM,East,West Bengal,Mamaearth,70000.0,140000.0,3.43
Feb'25,2025-02-01,FY_24-25,D.L. Sales - MT,Dist.,Apollo Healthco,East,West Bengal,The Derma Co,40000.0,70000.0,17.39
Feb'25,2025-02-01,FY_24-25,D.L. Sales - MT,Dist.,H&G,East,West Bengal,The Derma Co,90000.0,160000.0,39.13
Feb'25,2025-02-01,FY_24-25,D.L. Sales - MT,Dist.,Spencer,East,West Bengal,The Derma Co,90000.0,160000.0,39.13
Feb'25,2025-02-01,FY_24-25,D.L. Sales - MT,Dist.,Frankross,East,West Bengal,The Derma Co,10000.0,10000.0,4.35
Feb'25,2025-02-01,FY_24-25,G.V Enterprises,Dist.,Lulu,South-1,Tamil Nadu,Aqualogica,0.0,0.0,
Feb'25,2025-02-01,FY_24-25,G.V Enterprises,Dist.,Pothys,South-1,Tamil Nadu,Aqualogica,0.0,0.0,
Feb'25,2025-02-01,FY_24-25,G.V Enterprises,Dist.,Pothys,South-1,Tamil Nadu,BBlunt,0.0,0.0,
Feb'25,2025-02-01,FY_24-25,G.V Enterprises,Dist.,Apollo Healthco,South-1,Tamil Nadu,Mamaearth,240000.0,580000.0,8.86
Feb'25,2025-02-01,FY_24-25,G.V Enterprises,Dist.,D-Mart,South-1,Tamil Nadu,Mamaearth,2180000.0,5340000.0,80.44
Feb'25,2025-02-01,FY_24-25,G.V Enterprises,Dist.,Lulu,South-1,Tamil Nadu,Mamaearth,130000.0,330000.0,4.8
Feb'25,2025-02-01,FY_24-25,G.V Enterprises,Dist.,Pothys,South-1,Tamil Nadu,Mamaearth,160000.0,400000.0,5.9
Feb'25,2025-02-01,FY_24-25,G.V Enterprises,Dist.,Apollo Healthco,South-1,Tamil Nadu,The Derma Co,20000.0,30000.0,50.0
Feb'25,2025-02-01,FY_24-25,G.V Enterprises,Dist.,Lulu,South-1,Tamil Nadu,The Derma Co,10000.0,30000.0,25.0
Feb'25,2025-02-01,FY_24-25,G.V Enterprises,Dist.,Pothys,South-1,Tamil Nadu,The Derma Co,10000.0,10000.0,25.0
Feb'25,2025-02-01,FY_24-25,JUST MARK-Dmart,Dist.,D-Mart,West,Gujarat,Mamaearth,9630000.0,25610000.0,100.0
Feb'25,2025-02-01,FY_24-25,Kiran Trading Co- Dmart,Dist.,D-Mart,West,Pune,Mamaearth,4040000.0,11330000.0,100.0
Feb'25,2025-02-01,FY_24-25,Kiran Trading Company_Ship to,Dist.,D-Mart,West,Pune,Mamaearth,3630000.0,9580000.0,100.0
Feb'25,2025-02-01,FY_24-25,M/S KOTTARAM BUSINESS CORPORATION-MT,Dist.,H&G,South-1,Kerala,Aqualogica,30000.0,60000.0,9.68
Feb'25,2025-02-01,FY_24-25,M/S KOTTARAM BUSINESS CORPORATION-MT,Dist.,Lulu,South-1,Kerala,Aqualogica,280000.0,520000.0,90.32
Feb'25,2025-02-01,FY_24-25,M/S KOTTARAM BUSINESS CORPORATION-MT,Dist.,H&G,South-1,Kerala,Mamaearth,30000.0,50000.0,1.55
Feb'25,2025-02-01,FY_24-25,M/S KOTTARAM BUSINESS CORPORATION-MT,Dist.,Lulu,South-1,Kerala,Mamaearth,1700000.0,3110000.0,87.63
Feb'25,2025-02-01,FY_24-25,M/S KOTTARAM BUSINESS CORPORATION-MT,Dist.,Apollo Healthco,South-1,Kerala,Mamaearth,210000.0,380000.0,10.82
Feb'25,2025-02-01,FY_24-25,M/S KOTTARAM BUSINESS CORPORATION-MT,Dist.,Apollo Healthco,South-1,Kerala,The Derma Co,80000.0,150000.0,23.53
Feb'25,2025-02-01,FY_24-25,M/S KOTTARAM BUSINESS CORPORATION-MT,Dist.,H&G,South-1,Kerala,The Derma Co,50000.0,100000.0,14.71
Feb'25,2025-02-01,FY_24-25,M/S KOTTARAM BUSINESS CORPORATION-MT,Dist.,Lulu,South-1,Kerala,The Derma Co,210000.0,390000.0,61.76
Feb'25,2025-02-01,FY_24-25,MARK ENTERPRISE,Dist.,Apollo Healthco,West,Gujarat,Mamaearth,670000.0,1230000.0,100.0
Feb'25,2025-02-01,FY_24-25,Mittal Enterprises,Dist.,VMM,North,Delhi,Mamaearth,580000.0,1200000.0,100.0
Feb'25,2025-02-01,FY_24-25,PRAGATI SALES-Apollo,Dist.,Apollo Healthco,West,Chattishgarh,Mamaearth,40000.0,80000.0,100.0
Feb'25,2025-02-01,FY_24-25,PRAGATI SALES-D-MART,Dist.,D-Mart,West,Chattishgarh,Mamaearth,930000.0,2450000.0,100.0
Feb'25,2025-02-01,FY_24-25,Sancus Networks Private Limited-RMT,Dist.,RMT-Sancus,North,Delhi,BBlunt,20000.0,30000.0,100.0
Feb'25,2025-02-01,FY_24-25,Sancus Networks Private Limited-RMT,Dist.,More Retail,North,Delhi,Mamaearth,530000.0,1060000.0,16.99
Feb'25,2025-02-01,FY_24-25,Sancus Networks Private Limited-RMT,Dist.,RMT-Sancus,North,Delhi,Mamaearth,2590000.0,5220000.0,83.01
Feb'25,2025-02-01,FY_24-25,Sancus Networks Private Limited-RMT,Dist.,RMT-Sancus,North,Delhi,The Derma Co,60000.0,100000.0,100.0
Feb'25,2025-02-01,FY_24-25,SC BUSINESS COMBINE_MT,Dist.,Sohum Shoppe,East,Northeast-Assam,Mamaearth,170000.0,390000.0,70.83
Feb'25,2025-02-01,FY_24-25,SC BUSINESS COMBINE_MT,Dist.,V-Mart,East,Northeast-Assam,Mamaearth,70000.0,150000.0,29.17
Feb'25,2025-02-01,FY_24-25,Sri Lalitha Enterprises,Dist.,Grace Super MKT,South-1,Tamil Nadu,Mamaearth,200000.0,390000.0,19.42
Feb'25,2025-02-01,FY_24-25,Sri Lalitha Enterprises,Dist.,Pothys,South-1,Tamil Nadu,Mamaearth,90000.0,180000.0,8.74
Feb'25,2025-02-01,FY_24-25,Sri Lalitha Enterprises,Dist.,Sarvana,South-1,Tamil Nadu,Mamaearth,740000.0,1430000.0,71.84
Feb'25,2025-02-01,FY_24-25,Sri Vijaya Durga Agencies_Mt,Dist.,Reliance Retail,South-2,Andhra Pradesh,Aqualogica,80000.0,140000.0,100.0
Feb'25,2025-02-01,FY_24-25,Sri Vijaya Durga Agencies_Mt,Dist.,Apollo Healthco,South-2,Andhra Pradesh,Mamaearth,2320000.0,5490000.0,28.96
Feb'25,2025-02-01,FY_24-25,Sri Vijaya Durga Agencies_Mt,Dist.,D-Mart,South-2,Andhra Pradesh,Mamaearth,4260000.0,10060000.0,53.18
Feb'25,2025-02-01,FY_24-25,Sri Vijaya Durga Agencies_Mt,Dist.,Reliance Retail,South-2,Andhra Pradesh,Mamaearth,1250000.0,2960000.0,15.61
Feb'25,2025-02-01,FY_24-25,Sri Vijaya Durga Agencies_Mt,Dist.,More Retail,South-2,Andhra Pradesh,Mamaearth,180000.0,430000.0,2.25
Feb'25,2025-02-01,FY_24-25,Sri Vijaya Durga Agencies_Mt,Dist.,Reliance Retail,South-2,Andhra Pradesh,The Derma Co,50000.0,100000.0,100.0
Feb'25,2025-02-01,FY_24-25,United Marketing_Mt,Dist.,Apollo Healthco,West,Goa,Mamaearth,80000.0,140000.0,100.0
Feb'25,2025-02-01,FY_24-25,Vanaja Agencies MT_Dmart,Dist.,D-Mart,South-2,Telangana,Mamaearth,4750000.0,12970000.0,100.0
Feb'25,2025-02-01,FY_24-25,Vanaja Agencies MT_Dmart,Dist.,D-Mart,South-2,Telangana,The Derma Co,1020000.0,2090000.0,100.0
Feb'25,2025-02-01,FY_24-25,Vanaja Agencies_Mt,Dist.,H&G,South-2,Telangana,Aqualogica,290000.0,520000.0,63.04
Feb'25,2025-02-01,FY_24-25,Vanaja Agencies_Mt,Dist.,Reliance Retail,South-2,Telangana,Aqualogica,40000.0,80000.0,8.7
Feb'25,2025-02-01,FY_24-25,Vanaja Agencies_Mt,Dist.,Lulu,South-2,Telangana,Aqualogica,30000.0,50000.0,6.52
Feb'25,2025-02-01,FY_24-25,Vanaja Agencies_Mt,Dist.,Apollo Healthco,South-2,Telangana,Aqualogica,100000.0,180000.0,21.74
Feb'25,2025-02-01,FY_24-25,Vanaja Agencies_Mt,Dist.,H&G,South-2,Telangana,BBlunt,120000.0,190000.0,100.0
Feb'25,2025-02-01,FY_24-25,Vanaja Agencies_Mt,Dist.,Apollo Healthco,South-2,Telangana,Mamaearth,2250000.0,4660000.0,37.13
Feb'25,2025-02-01,FY_24-25,Vanaja Agencies_Mt,Dist.,H&G,South-2,Telangana,Mamaearth,600000.0,1230000.0,9.9
Feb'25,2025-02-01,FY_24-25,Vanaja Agencies_Mt,Dist.,Vijetha,South-2,Telangana,Mamaearth,140000.0,300000.0,2.31
Feb'25,2025-02-01,FY_24-25,Vanaja Agencies_Mt,Dist.,More Retail,South-2,Telangana,Mamaearth,640000.0,1320000.0,10.56
Feb'25,2025-02-01,FY_24-25,Vanaja Agencies_Mt,Dist.,Reliance Retail,South-2,Telangana,Mamaearth,1790000.0,3710000.0,29.54
Feb'25,2025-02-01,FY_24-25,Vanaja Agencies_Mt,Dist.,Lulu,South-2,Telangana,Mamaearth,160000.0,330000.0,2.64
Feb'25,2025-02-01,FY_24-25,Vanaja Agencies_Mt,Dist.,Ratnadeep,South-2,Telangana,Mamaearth,480000.0,990000.0,7.92
Feb'25,2025-02-01,FY_24-25,Vanaja Agencies_Mt,Dist.,H&G,South-2,Telangana,The Derma Co,680000.0,1220000.0,61.26
Feb'25,2025-02-01,FY_24-25,Vanaja Agencies_Mt,Dist.,Reliance Retail,South-2,Telangana,The Derma Co,10000.0,30000.0,0.9
Feb'25,2025-02-01,FY_24-25,Vanaja Agencies_Mt,Dist.,Lulu,South-2,Telangana,The Derma Co,30000.0,60000.0,2.7
Feb'25,2025-02-01,FY_24-25,Vanaja Agencies_Mt,Dist.,Apollo Healthco,South-2,Telangana,The Derma Co,390000.0,700000.0,35.14
Feb'25,2025-02-01,FY_24-25,VISHAL ENTERPRISES_Solapur,Dist.,D-Mart,West,Pune,Mamaearth,2080000.0,5400000.0,100.0
Mar'25,2025-03-01,FY_24-25,APOLLO HEALTHCO LIMITED_AHMEDABAD,Direct,Apollo Healthco,West,Gujarat,Aqualogica,30000.0,60000.0,100.0
Mar'25,2025-03-01,FY_24-25,APOLLO HEALTHCO LIMITED_AHMEDABAD,Direct,Apollo Healthco,West,Gujarat,Mamaearth,610000.0,1420000.0,100.0
Mar'25,2025-03-01,FY_24-25,Apollo Healthco Limited_Bhiwandi,Direct,Apollo Healthco,West,Mumbai,Aqualogica,50000.0,90000.0,100.0
Mar'25,2025-03-01,FY_24-25,Apollo Healthco Limited_Bhiwandi,Direct,Apollo Healthco,West,Mumbai,Mamaearth,470000.0,1150000.0,100.0
Mar'25,2025-03-01,FY_24-25,Apollo Healthco Limited_Bhiwandi,Direct,Apollo Healthco,West,Mumbai,The Derma Co,130000.0,220000.0,100.0
Mar'25,2025-03-01,FY_24-25,Apollo Healthco Limited_Faridabad,Direct,Apollo Healthco,North,Haryana,Aqualogica,210000.0,360000.0,100.0
Mar'25,2025-03-01,FY_24-25,Apollo Healthco Limited_Faridabad,Direct,Apollo Healthco,North,Haryana,Mamaearth,3080000.0,7100000.0,100.0
Mar'25,2025-03-01,FY_24-25,Apollo Healthco Limited_Faridabad,Direct,Apollo Healthco,North,Haryana,The Derma Co,670000.0,1120000.0,100.0
Mar'25,2025-03-01,FY_24-25,Apollo Healthco Limited_Rajasthan,Direct,Apollo Healthco,North,Rajasthan,Mamaearth,300000.0,740000.0,100.0
Mar'25,2025-03-01,FY_24-25,Apollo Healthco Limited-Bangalore,Direct,Apollo Healthco,South-1,Karnataka,Mamaearth,1230000.0,3370000.0,100.0
Mar'25,2025-03-01,FY_24-25,Apollo Healthco Limited-Chennai,Direct,Apollo Healthco,South-1,Tamil Nadu,Mamaearth,820000.0,2330000.0,100.0
Mar'25,2025-03-01,FY_24-25,APOLLO HEALTHCO LIMITED-Chittor,Direct,Apollo Healthco,South-2,Andhra Pradesh,Mamaearth,720000.0,2050000.0,100.0
Mar'25,2025-03-01,FY_24-25,Apollo Healthco Limited-Goa,Direct,Apollo Healthco,West,Goa,Aqualogica,10000.0,20000.0,100.0
Mar'25,2025-03-01,FY_24-25,Apollo Healthco Limited-Goa,Direct,Apollo Healthco,West,Goa,Mamaearth,140000.0,370000.0,100.0
Mar'25,2025-03-01,FY_24-25,Apollo Healthco Limited-Goa,Direct,Apollo Healthco,West,Goa,The Derma Co,40000.0,70000.0,100.0
Mar'25,2025-03-01,FY_24-25,Apollo Healthco Limited-Hubbli,Direct,Apollo Healthco,South-1,Karnataka,Mamaearth,1540000.0,3780000.0,100.0
Mar'25,2025-03-01,FY_24-25,APOLLO HEALTHCO LIMITED-HYD,Direct,Apollo Healthco,South-2,Telangana,Mamaearth,420000.0,1240000.0,100.0
Mar'25,2025-03-01,FY_24-25,Apollo Healthco Limited-Kochi,Direct,Apollo Healthco,South-1,Kerala,Mamaearth,270000.0,750000.0,100.0
Mar'25,2025-03-01,FY_24-25,APOLLO HEALTHCO LIMITED-Madurai,Direct,Apollo Healthco,South-1,Tamil Nadu,Mamaearth,590000.0,1670000.0,100.0
Mar'25,2025-03-01,FY_24-25,Apollo Healthco Limited-Ore,Direct,Apollo Healthco,East,Orissa,Mamaearth,540000.0,1200000.0,100.0
Mar'25,2025-03-01,FY_24-25,Apollo Healthco Limited-Sanath Nagar,Direct,Apollo Healthco,South-2,Telangana,Mamaearth,670000.0,1800000.0,100.0
Mar'25,2025-03-01,FY_24-25,APOLLO HEALTHCO LIMITED-Vijayawada,Direct,Apollo Healthco,South-2,Andhra Pradesh,Mamaearth,830000.0,2250000.0,100.0
Mar'25,2025-03-01,FY_24-25,APOLLO HEALTHCO LIMITED-WB,Direct,Apollo Healthco,East,West Bengal,Aqualogica,0.0,0.0,100.0
Mar'25,2025-03-01,FY_24-25,APOLLO HEALTHCO LIMITED-WB,Direct,Apollo Healthco,East,West Bengal,Mamaearth,90000.0,240000.0,100.0
Mar'25,2025-03-01,FY_24-25,APOLLO HEALTHCO LIMITED-WB,Direct,Apollo Healthco,East,West Bengal,The Derma Co,0.0,10000.0,100.0
Mar'25,2025-03-01,FY_24-25,APOLLO HEALTHCO LIMITED-WB-2,Direct,Apollo Healthco,East,West Bengal,Mamaearth,1600000.0,4150000.0,100.0
Mar'25,2025-03-01,FY_24-25,Apollo Healthco Ltd_Raipur,Direct,Apollo Healthco,West,Chattishgarh,Aqualogica,10000.0,20000.0,100.0
Mar'25,2025-03-01,FY_24-25,Apollo Healthco Ltd_Raipur,Direct,Apollo Healthco,West,Chattishgarh,Mamaearth,460000.0,1120000.0,100.0
Mar'25,2025-03-01,FY_24-25,Apollo Healthco Ltd_Raipur,Direct,Apollo Healthco,West,Chattishgarh,The Derma Co,20000.0,30000.0,100.0
Mar'25,2025-03-01,FY_24-25,Avenue E Commerce Limited(Belapur),Direct,D-Mart,West,Mumbai,Aqualogica,0.0,10000.0,100.0
Mar'25,2025-03-01,FY_24-25,Avenue E Commerce Limited(Belapur),Direct,D-Mart,West,Mumbai,The Derma Co,10000.0,10000.0,100.0
Mar'25,2025-03-01,FY_24-25,Avenue E Commerce Limited(Ck Palya),Direct,D-Mart,South-1,Karnataka,Aqualogica,0.0,10000.0,100.0
Mar'25,2025-03-01,FY_24-25,Avenue E Commerce Limited(Kanjur),Direct,D-Mart,West,Mumbai,Aqualogica,10000.0,20000.0,100.0
Mar'25,2025-03-01,FY_24-25,Avenue E Commerce Limited(Kanjur),Direct,D-Mart,West,Mumbai,The Derma Co,10000.0,20000.0,100.0
Mar'25,2025-03-01,FY_24-25,Avenue E Commerce Limited(Kushaiguda),Direct,D-Mart,South-2,Telangana,The Derma Co,10000.0,20000.0,100.0
Mar'25,2025-03-01,FY_24-25,Avenue E Commerce Limited(Mira Road) N2,Direct,D-Mart,West,Pune,Aqualogica,30000.0,60000.0,100.0
Mar'25,2025-03-01,FY_24-25,Avenue E Commerce Limited(Mira Road) N2,Direct,D-Mart,West,Pune,The Derma Co,20000.0,40000.0,100.0
Mar'25,2025-03-01,FY_24-25,Avenue E Commerce Limited(Nahur),Direct,D-Mart,West,Mumbai,Aqualogica,10000.0,20000.0,100.0
Mar'25,2025-03-01,FY_24-25,Avenue E Commerce Limited(Nahur),Direct,D-Mart,West,Mumbai,The Derma Co,20000.0,40000.0,100.0
Mar'25,2025-03-01,FY_24-25,Avenue E Commerce Limited_3826,Direct,D-Mart,West,Gujarat,Aqualogica,10000.0,20000.0,100.0
Mar'25,2025-03-01,FY_24-25,Avenue E Commerce Limited_3826,Direct,D-Mart,West,Gujarat,The Derma Co,20000.0,40000.0,100.0
Mar'25,2025-03-01,FY_24-25,Avenue E Commerce Limited_GachibowlI,Direct,D-Mart,South-2,Telangana,Aqualogica,10000.0,20000.0,100.0
Mar'25,2025-03-01,FY_24-25,Avenue E Commerce Limited_GachibowlI,Direct,D-Mart,South-2,Telangana,The Derma Co,20000.0,30000.0,100.0
Mar'25,2025-03-01,FY_24-25,Avenue E Commerce Limited_Panvel-2,Direct,D-Mart,West,Mumbai,Aqualogica,0.0,10000.0,100.0
Mar'25,2025-03-01,FY_24-25,Avenue E Commerce Limited_Panvel-2,Direct,D-Mart,West,Mumbai,The Derma Co,0.0,10000.0,100.0
Mar'25,2025-03-01,FY_24-25,Avenue E Commerce Ltd -Andheri FC,Direct,D-Mart,West,Mumbai,Aqualogica,0.0,10000.0,100.0
Mar'25,2025-03-01,FY_24-25,Avenue E Commerce Ltd -Andheri FC,Direct,D-Mart,West,Mumbai,The Derma Co,10000.0,20000.0,100.0
Mar'25,2025-03-01,FY_24-25,Avenue E Commerce Ltd -Vashi FC-E,Direct,D-Mart,West,Mumbai,Aqualogica,10000.0,20000.0,100.0
Mar'25,2025-03-01,FY_24-25,Avenue E Commerce Ltd -Vashi FC-E,Direct,D-Mart,West,Mumbai,The Derma Co,0.0,10000.0,100.0
Mar'25,2025-03-01,FY_24-25,Avenue E Commerce Ltd -Yelahanka FC,Direct,D-Mart,South-1,Karnataka,The Derma Co,0.0,10000.0,100.0
Mar'25,2025-03-01,FY_24-25,Avenue E Commerce Ltd._Hennur Fc-Ka,Direct,D-Mart,South-1,Karnataka,Aqualogica,10000.0,20000.0,100.0
Mar'25,2025-03-01,FY_24-25,Avenue E Commerce Ltd._Hennur Fc-Ka,Direct,D-Mart,South-1,Karnataka,The Derma Co,0.0,10000.0,100.0
Mar'25,2025-03-01,FY_24-25,Avenue E Commerce Ltd_3919-Sardarnagar,Direct,D-Mart,West,Gujarat,Aqualogica,0.0,0.0,100.0
Mar'25,2025-03-01,FY_24-25,Avenue E Commerce Ltd_3919-Sardarnagar,Direct,D-Mart,West,Gujarat,The Derma Co,20000.0,40000.0,100.0
Mar'25,2025-03-01,FY_24-25,Avenue E Commerce Ltd_3925-Jahangirabad.,Direct,D-Mart,West,Gujarat,The Derma Co,20000.0,40000.0,100.0
Mar'25,2025-03-01,FY_24-25,Avenue E Commerce Ltd_4047-Vasai Waliv,Direct,D-Mart,West,Mumbai,The Derma Co,20000.0,50000.0,100.0
Mar'25,2025-03-01,FY_24-25,Avenue E Commerce Ltd_CadburyFC.,Direct,D-Mart,West,Mumbai,Aqualogica,10000.0,20000.0,100.0
Mar'25,2025-03-01,FY_24-25,Avenue E Commerce Ltd_CadburyFC.,Direct,D-Mart,West,Mumbai,The Derma Co,40000.0,80000.0,100.0
Mar'25,2025-03-01,FY_24-25,Avenue E Commerce Ltd_Goregaon,Direct,D-Mart,West,Mumbai,Aqualogica,0.0,0.0,100.0
Mar'25,2025-03-01,FY_24-25,Avenue E Commerce Ltd_Goregaon,Direct,D-Mart,West,Mumbai,The Derma Co,10000.0,20000.0,100.0
Mar'25,2025-03-01,FY_24-25,Avenue E Commerce Ltd_Manpada,Direct,D-Mart,West,Mumbai,The Derma Co,10000.0,10000.0,100.0
Mar'25,2025-03-01,FY_24-25,Avenue E Commerce Ltd_PeddaAmberpetFC,Direct,D-Mart,South-2,Telangana,Aqualogica,10000.0,20000.0,100.0
Mar'25,2025-03-01,FY_24-25,Avenue E Commerce Ltd_PeddaAmberpetFC,Direct,D-Mart,South-2,Telangana,The Derma Co,10000.0,20000.0,100.0
Mar'25,2025-03-01,FY_24-25,Avenue E Commerce Ltd_SanandFC,Direct,D-Mart,West,Gujarat,Aqualogica,0.0,0.0,100.0
Mar'25,2025-03-01,FY_24-25,Avenue E Commerce Ltd_SanandFC,Direct,D-Mart,West,Gujarat,The Derma Co,10000.0,20000.0,100.0
Mar'25,2025-03-01,FY_24-25,Avenue E Commerce Ltd_Wagholi,Direct,D-Mart,West,Pune,Aqualogica,10000.0,10000.0,100.0
Mar'25,2025-03-01,FY_24-25,Avenue E Commerce Ltd_Wagholi,Direct,D-Mart,West,Pune,The Derma Co,10000.0,20000.0,100.0
Mar'25,2025-03-01,FY_24-25,Avenue Supermarts Ltd.-DC-1032,Direct,D-Mart,South-1,Karnataka,Mamaearth,8370000.0,21460000.0,100.0
Mar'25,2025-03-01,FY_24-25,Avenue Supermarts Ltd.-DC-1032,Direct,D-Mart,South-1,Karnataka,The Derma Co,320000.0,630000.0,100.0
Mar'25,2025-03-01,FY_24-25,Avenue Supermarts Ltd.-DC-1039,Direct,D-Mart,West,Mumbai,Mamaearth,10240000.0,26390000.0,100.0
Mar'25,2025-03-01,FY_24-25,Avenue Supermarts Ltd.-DC-1039,Direct,D-Mart,West,Mumbai,The Derma Co,450000.0,890000.0,100.0
Mar'25,2025-03-01,FY_24-25,Avenue Supermarts Ltd.-DC-1049,Direct,D-Mart,North,Madhya Pradesh,Mamaearth,6300000.0,16630000.0,100.0
Mar'25,2025-03-01,FY_24-25,Avenue Supermarts Ltd.-DC-1050,Direct,D-Mart,North,Punjab,Mamaearth,6020000.0,15710000.0,100.0
Mar'25,2025-03-01,FY_24-25,Avenue Supermarts Ltd.-DC-1050,Direct,D-Mart,North,Punjab,The Derma Co,960000.0,1880000.0,100.0
Mar'25,2025-03-01,FY_24-25,Avenue Supermarts Ltd.-DC-1068,Direct,D-Mart,North,Rajasthan,Mamaearth,6270000.0,16350000.0,100.0
Mar'25,2025-03-01,FY_24-25,Avenue Supermarts Ltd.-DC-1091,Direct,D-Mart,North,Haryana,Mamaearth,1570000.0,3950000.0,100.0
Mar'25,2025-03-01,FY_24-25,Avenue Supermarts Ltd.-DC-1091,Direct,D-Mart,North,Haryana,The Derma Co,470000.0,920000.0,100.0
Mar'25,2025-03-01,FY_24-25,Guardian Healthcare Services Pvt Ltd(DL),Direct,Guardian,North,Delhi,Aqualogica,30000.0,60000.0,100.0
Mar'25,2025-03-01,FY_24-25,Guardian Healthcare Services Pvt Ltd(DL),Direct,Guardian,North,Delhi,Mamaearth,40000.0,80000.0,100.0
Mar'25,2025-03-01,FY_24-25,Guardian Healthcare Services Pvt Ltd(DL),Direct,Guardian,North,Delhi,The Derma Co,20000.0,50000.0,100.0
Mar'25,2025-03-01,FY_24-25,H&B Stores Limited,Direct,B&N,North,UPW,Aqualogica,-80000.0,-140000.0,100.0
Mar'25,2025-03-01,FY_24-25,H&B Stores Limited,Direct,B&N,North,UPW,BBlunt,-640000.0,-1040000.0,100.0
Mar'25,2025-03-01,FY_24-25,H&B Stores Limited,Direct,B&N,North,UPW,Mamaearth,-2900000.0,-4880000.0,100.0
Mar'25,2025-03-01,FY_24-25,H&B Stores Limited,Direct,B&N,North,UPW,The Derma Co,-90000.0,-150000.0,100.0
Mar'25,2025-03-01,FY_24-25,Metro Cash & Carry India Pvt Ltd -(DC27)-T0SJ,Direct,Metro-CNC-RRL,South-1,Karnataka,Aqualogica,60000.0,90000.0,100.0
Mar'25,2025-03-01,FY_24-25,Metro Cash & Carry India Pvt Ltd -(DC27)-T0SJ,Direct,Metro-CNC-RRL,South-1,Karnataka,Mamaearth,70000.0,160000.0,100.0
Mar'25,2025-03-01,FY_24-25,Metro Cash & Carry India Pvt Ltd -(DC27)-T0SJ,Direct,Metro-CNC-RRL,South-1,Karnataka,The Derma Co,100000.0,160000.0,100.0
Mar'25,2025-03-01,FY_24-25,Metro Cash & Carry India Pvt Ltd-(DC10)-T0SM,Direct,Metro-CNC-RRL,South-1,Karnataka,Aqualogica,70000.0,100000.0,100.0
Mar'25,2025-03-01,FY_24-25,Metro Cash & Carry India Pvt Ltd-(DC10)-T0SM,Direct,Metro-CNC-RRL,South-1,Karnataka,BBlunt,40000.0,70000.0,100.0
Mar'25,2025-03-01,FY_24-25,Metro Cash & Carry India Pvt Ltd-(DC10)-T0SM,Direct,Metro-CNC-RRL,South-1,Karnataka,Mamaearth,320000.0,630000.0,100.0
Mar'25,2025-03-01,FY_24-25,Metro Cash & Carry India Pvt Ltd-(DC10)-T0SM,Direct,Metro-CNC-RRL,South-1,Karnataka,The Derma Co,170000.0,270000.0,100.0
Mar'25,2025-03-01,FY_24-25,Metro Cash & Carry India Pvt Ltd-(DC11)-T0SL,Direct,Metro-CNC-RRL,South-1,Karnataka,Aqualogica,80000.0,130000.0,100.0
Mar'25,2025-03-01,FY_24-25,Metro Cash & Carry India Pvt Ltd-(DC11)-T0SL,Direct,Metro-CNC-RRL,South-1,Karnataka,BBlunt,20000.0,30000.0,100.0
Mar'25,2025-03-01,FY_24-25,Metro Cash & Carry India Pvt Ltd-(DC11)-T0SL,Direct,Metro-CNC-RRL,South-1,Karnataka,Mamaearth,170000.0,340000.0,100.0
Mar'25,2025-03-01,FY_24-25,Metro Cash & Carry India Pvt Ltd-(DC11)-T0SL,Direct,Metro-CNC-RRL,South-1,Karnataka,The Derma Co,110000.0,170000.0,100.0
Mar'25,2025-03-01,FY_24-25,Metro Cash & Carry India Pvt Ltd-(DC12)-T0QX,Direct,Metro-CNC-RRL,South-2,Telangana,Aqualogica,30000.0,40000.0,100.0
Mar'25,2025-03-01,FY_24-25,Metro Cash & Carry India Pvt Ltd-(DC12)-T0QX,Direct,Metro-CNC-RRL,South-2,Telangana,BBlunt,10000.0,10000.0,100.0
Mar'25,2025-03-01,FY_24-25,Metro Cash & Carry India Pvt Ltd-(DC12)-T0QX,Direct,Metro-CNC-RRL,South-2,Telangana,Mamaearth,40000.0,90000.0,100.0
Mar'25,2025-03-01,FY_24-25,Metro Cash & Carry India Pvt Ltd-(DC12)-T0QX,Direct,Metro-CNC-RRL,South-2,Telangana,The Derma Co,0.0,10000.0,100.0
Mar'25,2025-03-01,FY_24-25,Metro Cash & Carry India Pvt Ltd-(DC15)-T0QY,Direct,Metro-CNC-RRL,South-2,Telangana,Mamaearth,110000.0,290000.0,100.0
Mar'25,2025-03-01,FY_24-25,Metro Cash & Carry India Pvt Ltd-(DC16)-T0QZ,Direct,Metro-CNC-RRL,South-2,Telangana,Mamaearth,20000.0,50000.0,100.0
Mar'25,2025-03-01,FY_24-25,Metro Cash & Carry India Pvt Ltd-(DC17)-T0QT,Direct,Metro-CNC-RRL,South-2,Andhra Pradesh,Mamaearth,20000.0,30000.0,100.0
Mar'25,2025-03-01,FY_24-25,Metro Cash & Carry India Pvt Ltd-(DC18)-T0SN,Direct,Metro-CNC-RRL,South-1,Karnataka,Mamaearth,20000.0,40000.0,100.0
Mar'25,2025-03-01,FY_24-25,Metro Cash & Carry India Pvt Ltd-(DC18)-T0SN,Direct,Metro-CNC-RRL,South-1,Karnataka,The Derma Co,10000.0,10000.0,100.0
Mar'25,2025-03-01,FY_24-25,Metro Cash & Carry India Pvt Ltd-(DC20)-T0RK,Direct,Metro-CNC-RRL,West,Mumbai,Mamaearth,40000.0,70000.0,100.0
Mar'25,2025-03-01,FY_24-25,Metro Cash & Carry India Pvt Ltd-(DC23)-T0RL,Direct,Metro-CNC-RRL,West,Mumbai,Aqualogica,-50000.0,-80000.0,100.0
Mar'25,2025-03-01,FY_24-25,Metro Cash & Carry India Pvt Ltd-(DC23)-T0RL,Direct,Metro-CNC-RRL,West,Mumbai,BBlunt,10000.0,20000.0,100.0
Mar'25,2025-03-01,FY_24-25,Metro Cash & Carry India Pvt Ltd-(DC23)-T0RL,Direct,Metro-CNC-RRL,West,Mumbai,Mamaearth,80000.0,170000.0,100.0
Mar'25,2025-03-01,FY_24-25,Metro Cash & Carry India Pvt Ltd-(DC23)-T0RL,Direct,Metro-CNC-RRL,West,Mumbai,The Derma Co,70000.0,100000.0,100.0
Mar'25,2025-03-01,FY_24-25,Metro Cash & Carry India Pvt Ltd-(DC24)-T0RJ,Direct,Metro-CNC-RRL,North,Madhya Pradesh,Mamaearth,30000.0,80000.0,100.0
Mar'25,2025-03-01,FY_24-25,Metro Cash & Carry India Pvt Ltd-(DC26)-T0SP,Direct,Metro-CNC-RRL,South-1,Karnataka,Aqualogica,30000.0,40000.0,100.0
Mar'25,2025-03-01,FY_24-25,Metro Cash & Carry India Pvt Ltd-(DC26)-T0SP,Direct,Metro-CNC-RRL,South-1,Karnataka,BBlunt,30000.0,40000.0,100.0
Mar'25,2025-03-01,FY_24-25,Metro Cash & Carry India Pvt Ltd-(DC26)-T0SP,Direct,Metro-CNC-RRL,South-1,Karnataka,Mamaearth,100000.0,230000.0,100.0
Mar'25,2025-03-01,FY_24-25,Metro Cash & Carry India Pvt Ltd-(DC26)-T0SP,Direct,Metro-CNC-RRL,South-1,Karnataka,The Derma Co,30000.0,40000.0,100.0
Mar'25,2025-03-01,FY_24-25,Metro Cash & Carry India Pvt Ltd-(DC29)-T0RA,Direct,Metro-CNC-RRL,South-2,Telangana,Mamaearth,50000.0,100000.0,100.0
Mar'25,2025-03-01,FY_24-25,Metro Cash & Carry India Pvt Ltd-(DC30)-T0RM,Direct,Metro-CNC-RRL,West,Pune,Mamaearth,0.0,-20000.0,100.0
Mar'25,2025-03-01,FY_24-25,Metro Cash & Carry India Pvt Ltd-(DC32)-T0QU,Direct,Metro-CNC-RRL,North,UPW,Mamaearth,90000.0,210000.0,100.0
Mar'25,2025-03-01,FY_24-25,Metro Cash & Carry India Pvt Ltd-(DC36)-T0RH,Direct,Metro-CNC-RRL,South-2,Andhra Pradesh,Mamaearth,10000.0,30000.0,100.0
Mar'25,2025-03-01,FY_24-25,Metro Cash & Carry India Pvt Ltd-(DC37)-T0RD,Direct,Metro-CNC-RRL,South-2,Andhra Pradesh,Mamaearth,20000.0,30000.0,100.0
Mar'25,2025-03-01,FY_24-25,Metro Cash & Carry India Pvt Ltd-(DC45)-T0RE,Direct,Metro-CNC-RRL,North,Rajasthan,Mamaearth,40000.0,90000.0,100.0
Mar'25,2025-03-01,FY_24-25,Metro Cash & Carry India Pvt Ltd-(DC46)-T0RC,Direct,Metro-CNC-RRL,North,Delhi,Mamaearth,260000.0,500000.0,100.0
Mar'25,2025-03-01,FY_24-25,Metro Cash & Carry India Pvt Ltd-(DC46)-T0RC,Direct,Metro-CNC-RRL,North,Delhi,The Derma Co,30000.0,50000.0,100.0
Mar'25,2025-03-01,FY_24-25,Metro Cash & Carry India Pvt Ltd-(DC47)-T0SI,Direct,Metro-CNC-RRL,North,Punjab,Mamaearth,40000.0,70000.0,100.0
Mar'25,2025-03-01,FY_24-25,Metro Cash & Carry India Pvt Ltd-(DC48)-T0SK,Direct,Metro-CNC-RRL,North,Punjab,Mamaearth,40000.0,60000.0,100.0
Mar'25,2025-03-01,FY_24-25,Metro Cash & Carry India Pvt Ltd-(DC52)-T0RI,Direct,Metro-CNC-RRL,North,Delhi,Mamaearth,30000.0,60000.0,100.0
Mar'25,2025-03-01,FY_24-25,Metro Cash & Carry India Pvt Ltd-(DC53)-T0QV,Direct,Metro-CNC-RRL,North,Lucknow_UPE,BBlunt,0.0,10000.0,100.0
Mar'25,2025-03-01,FY_24-25,Metro Cash & Carry India Pvt Ltd-(DC53)-T0QV,Direct,Metro-CNC-RRL,North,Lucknow_UPE,Mamaearth,40000.0,80000.0,100.0
Mar'25,2025-03-01,FY_24-25,Metro Cash & Carry India Pvt Ltd-(DC54)-T0QW,Direct,Metro-CNC-RRL,North,UPW,Mamaearth,10000.0,20000.0,100.0
Mar'25,2025-03-01,FY_24-25,Metro Cash & Carry India Pvt Ltd-(DC60)-T0QS,Direct,Metro-CNC-RRL,East,West Bengal,BBlunt,10000.0,20000.0,100.0
Mar'25,2025-03-01,FY_24-25,Metro Cash & Carry India Pvt Ltd-(DC60)-T0QS,Direct,Metro-CNC-RRL,East,West Bengal,Mamaearth,110000.0,230000.0,100.0
Mar'25,2025-03-01,FY_24-25,Metro Cash & Carry India Pvt Ltd-(DC60)-T0QS,Direct,Metro-CNC-RRL,East,West Bengal,The Derma Co,10000.0,20000.0,100.0
Mar'25,2025-03-01,FY_24-25,Metro Cash & Carry India Pvt Ltd_DC33(T0SQ),Direct,Metro-CNC-RRL,South-1,Karnataka,Mamaearth,30000.0,50000.0,100.0
Mar'25,2025-03-01,FY_24-25,Metro Cash & Carry India Pvt Ltd_T2FM,Direct,Metro-CNC-RRL,West,Mumbai,BBlunt,0.0,10000.0,100.0
Mar'25,2025-03-01,FY_24-25,Metro Cash & Carry India Pvt Ltd_T2FM,Direct,Metro-CNC-RRL,West,Mumbai,Mamaearth,10000.0,20000.0,100.0
Mar'25,2025-03-01,FY_24-25,Metro Cash & Carry India Pvt Ltd_T2FM,Direct,Metro-CNC-RRL,West,Mumbai,The Derma Co,50000.0,80000.0,100.0
Mar'25,2025-03-01,FY_24-25,Reliance Retail Limited Ce08,Direct,Reliance Retail,East,Jharkhand,Aqualogica,200000.0,320000.0,100.0
Mar'25,2025-03-01,FY_24-25,Reliance Retail Limited Ce08,Direct,Reliance Retail,East,Jharkhand,Mamaearth,2540000.0,6310000.0,100.0
Mar'25,2025-03-01,FY_24-25,Reliance Retail Limited Ce08,Direct,Reliance Retail,East,Jharkhand,The Derma Co,60000.0,100000.0,100.0
Mar'25,2025-03-01,FY_24-25,Reliance Retail Limited Cf08,Direct,Reliance Retail,West,Mumbai,Aqualogica,60000.0,100000.0,100.0
Mar'25,2025-03-01,FY_24-25,Reliance Retail Limited Cf08,Direct,Reliance Retail,West,Mumbai,Mamaearth,840000.0,2060000.0,100.0
Mar'25,2025-03-01,FY_24-25,Reliance Retail Limited Cf08,Direct,Reliance Retail,West,Mumbai,The Derma Co,60000.0,100000.0,100.0
Mar'25,2025-03-01,FY_24-25,Reliance Retail Limited Fb08,Direct,Reliance Retail,North,Punjab,Aqualogica,190000.0,310000.0,100.0
Mar'25,2025-03-01,FY_24-25,Reliance Retail Limited Fb08,Direct,Reliance Retail,North,Punjab,Mamaearth,1200000.0,2830000.0,100.0
Mar'25,2025-03-01,FY_24-25,Reliance Retail Limited Fb08,Direct,Reliance Retail,North,Punjab,The Derma Co,90000.0,150000.0,100.0
Mar'25,2025-03-01,FY_24-25,Reliance Retail Limited Fd08,Direct,Reliance Retail,South-1,Karnataka,Mamaearth,420000.0,860000.0,100.0
Mar'25,2025-03-01,FY_24-25,Reliance Retail Limited Fd08,Direct,Reliance Retail,South-1,Karnataka,The Derma Co,90000.0,150000.0,100.0
Mar'25,2025-03-01,FY_24-25,Reliance Retail Limited R701,Direct,Reliance Retail,West,Gujarat,Aqualogica,250000.0,400000.0,100.0
Mar'25,2025-03-01,FY_24-25,Reliance Retail Limited R701,Direct,Reliance Retail,West,Gujarat,Mamaearth,1560000.0,3430000.0,100.0
Mar'25,2025-03-01,FY_24-25,Reliance Retail Limited R701,Direct,Reliance Retail,West,Gujarat,The Derma Co,120000.0,200000.0,100.0
Mar'25,2025-03-01,FY_24-25,Reliance Retail Limited R703,Direct,Reliance Retail,South-1,Tamil Nadu,Mamaearth,210000.0,440000.0,100.0
Mar'25,2025-03-01,FY_24-25,Reliance Retail Limited R703,Direct,Reliance Retail,South-1,Tamil Nadu,The Derma Co,60000.0,100000.0,100.0
Mar'25,2025-03-01,FY_24-25,Reliance Retail Limited R801,Direct,Reliance Retail,East,Orissa,Aqualogica,50000.0,80000.0,100.0
Mar'25,2025-03-01,FY_24-25,Reliance Retail Limited R801,Direct,Reliance Retail,East,Orissa,Mamaearth,1540000.0,3740000.0,100.0
Mar'25,2025-03-01,FY_24-25,Reliance Retail Limited R801,Direct,Reliance Retail,East,Orissa,The Derma Co,30000.0,50000.0,100.0
Mar'25,2025-03-01,FY_24-25,Reliance Retail Limited Sc79,Direct,Reliance Retail,West,Mumbai,Aqualogica,90000.0,140000.0,100.0
Mar'25,2025-03-01,FY_24-25,Reliance Retail Limited Sc79,Direct,Reliance Retail,West,Mumbai,Mamaearth,640000.0,1330000.0,100.0
Mar'25,2025-03-01,FY_24-25,Reliance Retail Limited Sc79,Direct,Reliance Retail,West,Mumbai,The Derma Co,90000.0,150000.0,100.0
Mar'25,2025-03-01,FY_24-25,Reliance Retail Limited_2302,Direct,Reliance Retail,East,Jharkhand,Mamaearth,10000.0,20000.0,100.0
Mar'25,2025-03-01,FY_24-25,Reliance Retail Limited_2364,Direct,Reliance Retail,North,Haryana,Mamaearth,10000.0,30000.0,100.0
Mar'25,2025-03-01,FY_24-25,Reliance Retail Limited_2995,Direct,Reliance Retail,North,Haryana,Mamaearth,40000.0,70000.0,100.0
Mar'25,2025-03-01,FY_24-25,Reliance Retail Limited_2996,Direct,Reliance Retail,North,Punjab,Mamaearth,20000.0,30000.0,100.0
Mar'25,2025-03-01,FY_24-25,Reliance Retail Limited_3210,Direct,Reliance Retail,North,Madhya Pradesh,Mamaearth,20000.0,40000.0,100.0
Mar'25,2025-03-01,FY_24-25,Reliance Retail Limited_6209,Direct,Reliance Retail,West,Pune,Mamaearth,10000.0,10000.0,100.0
Mar'25,2025-03-01,FY_24-25,Reliance Retail Limited_6221,Direct,Reliance Retail,West,Mumbai,Mamaearth,20000.0,40000.0,100.0
Mar'25,2025-03-01,FY_24-25,Reliance Retail Limited_6717,Direct,Reliance Retail,North,Rajasthan,Mamaearth,40000.0,80000.0,100.0
Mar'25,2025-03-01,FY_24-25,Reliance Retail Limited_6719,Direct,Reliance Retail,West,Pune,Mamaearth,10000.0,10000.0,100.0
Mar'25,2025-03-01,FY_24-25,Reliance Retail Limited_FR00,Direct,Reliance Retail,West,Mumbai,Mamaearth,20000.0,40000.0,100.0
Mar'25,2025-03-01,FY_24-25,Reliance Retail Limited_FR03,Direct,Reliance Retail,West,Mumbai,Mamaearth,20000.0,30000.0,100.0
Mar'25,2025-03-01,FY_24-25,Reliance Retail Limited_FR27,Direct,Reliance Retail,North,Madhya Pradesh,Mamaearth,20000.0,40000.0,100.0
Mar'25,2025-03-01,FY_24-25,Reliance Retail Limited_FR30,Direct,Reliance Retail,North,Madhya Pradesh,Mamaearth,20000.0,40000.0,100.0
Mar'25,2025-03-01,FY_24-25,Reliance Retail Limited_FR60,Direct,Reliance Retail,West,Gujarat,Mamaearth,20000.0,40000.0,100.0
Mar'25,2025-03-01,FY_24-25,Reliance Retail Limited_FR62,Direct,Reliance Retail,East,Orissa,Aqualogica,20000.0,30000.0,100.0
Mar'25,2025-03-01,FY_24-25,Reliance Retail Limited_FR62,Direct,Reliance Retail,East,Orissa,BBlunt,10000.0,20000.0,100.0
Mar'25,2025-03-01,FY_24-25,Reliance Retail Limited_FR62,Direct,Reliance Retail,East,Orissa,Mamaearth,10000.0,30000.0,100.0
Mar'25,2025-03-01,FY_24-25,Reliance Retail Limited_FR62,Direct,Reliance Retail,East,Orissa,The Derma Co,60000.0,100000.0,100.0
Mar'25,2025-03-01,FY_24-25,Reliance Retail Limited_FR64,Direct,Reliance Retail,East,Orissa,Mamaearth,10000.0,20000.0,100.0
Mar'25,2025-03-01,FY_24-25,Reliance Retail Limited_FR76,Direct,Reliance Retail,East,West Bengal,Aqualogica,30000.0,40000.0,100.0
Mar'25,2025-03-01,FY_24-25,Reliance Retail Limited_FR76,Direct,Reliance Retail,East,West Bengal,BBlunt,10000.0,20000.0,100.0
Mar'25,2025-03-01,FY_24-25,Reliance Retail Limited_FR76,Direct,Reliance Retail,East,West Bengal,Mamaearth,30000.0,60000.0,100.0
Mar'25,2025-03-01,FY_24-25,Reliance Retail Limited_FR76,Direct,Reliance Retail,East,West Bengal,The Derma Co,20000.0,40000.0,100.0
Mar'25,2025-03-01,FY_24-25,Reliance Retail Limited_Fr87,Direct,Reliance Retail,North,Haryana,Aqualogica,250000.0,410000.0,100.0
Mar'25,2025-03-01,FY_24-25,Reliance Retail Limited_Fr87,Direct,Reliance Retail,North,Haryana,Mamaearth,1850000.0,4710000.0,100.0
Mar'25,2025-03-01,FY_24-25,Reliance Retail Limited_Fr87,Direct,Reliance Retail,North,Haryana,Pure Origin,20000.0,40000.0,100.0
Mar'25,2025-03-01,FY_24-25,Reliance Retail Limited_Fr87,Direct,Reliance Retail,North,Haryana,The Derma Co,170000.0,270000.0,100.0
Mar'25,2025-03-01,FY_24-25,Reliance Retail Limited_Fr89,Direct,Reliance Retail,North,UPW,Mamaearth,500000.0,1060000.0,100.0
Mar'25,2025-03-01,FY_24-25,Reliance Retail Limited_Fr89,Direct,Reliance Retail,North,UPW,The Derma Co,120000.0,200000.0,100.0
Mar'25,2025-03-01,FY_24-25,Reliance Retail Limited_FRAQ,Direct,Reliance Retail,East,Jharkhand,Mamaearth,40000.0,70000.0,100.0
Mar'25,2025-03-01,FY_24-25,Reliance Retail Limited_FRAT,Direct,Reliance Retail,East,Jharkhand,Aqualogica,50000.0,90000.0,100.0
Mar'25,2025-03-01,FY_24-25,Reliance Retail Limited_FRAT,Direct,Reliance Retail,East,Jharkhand,BBlunt,40000.0,60000.0,100.0
Mar'25,2025-03-01,FY_24-25,Reliance Retail Limited_FRAT,Direct,Reliance Retail,East,Jharkhand,Mamaearth,30000.0,50000.0,100.0
Mar'25,2025-03-01,FY_24-25,Reliance Retail Limited_FRAT,Direct,Reliance Retail,East,Jharkhand,The Derma Co,100000.0,170000.0,100.0
Mar'25,2025-03-01,FY_24-25,Reliance Retail Limited_Fraz,Direct,Reliance Retail,North,Punjab,Aqualogica,150000.0,240000.0,100.0
Mar'25,2025-03-01,FY_24-25,Reliance Retail Limited_Fraz,Direct,Reliance Retail,North,Punjab,Mamaearth,760000.0,1730000.0,100.0
Mar'25,2025-03-01,FY_24-25,Reliance Retail Limited_Fraz,Direct,Reliance Retail,North,Punjab,The Derma Co,60000.0,100000.0,100.0
Mar'25,2025-03-01,FY_24-25,Reliance Retail Limited_FRBD,Direct,Reliance Retail,North,Punjab,Mamaearth,20000.0,30000.0,100.0
Mar'25,2025-03-01,FY_24-25,Reliance Retail Limited_FRBR,Direct,Reliance Retail,East,West Bengal,Mamaearth,20000.0,30000.0,100.0
Mar'25,2025-03-01,FY_24-25,Reliance Retail Limited_FRBS,Direct,Reliance Retail,East,West Bengal,Aqualogica,30000.0,40000.0,100.0
Mar'25,2025-03-01,FY_24-25,Reliance Retail Limited_FRBS,Direct,Reliance Retail,East,West Bengal,BBlunt,20000.0,30000.0,100.0
Mar'25,2025-03-01,FY_24-25,Reliance Retail Limited_FRBS,Direct,Reliance Retail,East,West Bengal,The Derma Co,20000.0,30000.0,100.0
Mar'25,2025-03-01,FY_24-25,Reliance Retail Limited_FRBU,Direct,Reliance Retail,East,West Bengal,Aqualogica,40000.0,60000.0,100.0
Mar'25,2025-03-01,FY_24-25,Reliance Retail Limited_FRBU,Direct,Reliance Retail,East,West Bengal,BBlunt,20000.0,40000.0,100.0
Mar'25,2025-03-01,FY_24-25,Reliance Retail Limited_FRBU,Direct,Reliance Retail,East,West Bengal,The Derma Co,50000.0,80000.0,100.0
Mar'25,2025-03-01,FY_24-25,Reliance Retail Limited_FRBW,Direct,Reliance Retail,East,West Bengal,Mamaearth,40000.0,80000.0,100.0
Mar'25,2025-03-01,FY_24-25,Reliance Retail Limited_FRCH,Direct,Reliance Retail,East,West Bengal,Mamaearth,10000.0,20000.0,100.0
Mar'25,2025-03-01,FY_24-25,Reliance Retail Limited_FRCJ,Direct,Reliance Retail,East,West Bengal,Mamaearth,20000.0,30000.0,100.0
Mar'25,2025-03-01,FY_24-25,Reliance Retail Limited_FRCP,Direct,Reliance Retail,North,Haryana,Aqualogica,30000.0,40000.0,100.0
Mar'25,2025-03-01,FY_24-25,Reliance Retail Limited_FRCP,Direct,Reliance Retail,North,Haryana,BBlunt,10000.0,20000.0,100.0
Mar'25,2025-03-01,FY_24-25,Reliance Retail Limited_FRCP,Direct,Reliance Retail,North,Haryana,The Derma Co,30000.0,60000.0,100.0
Mar'25,2025-03-01,FY_24-25,Reliance Retail Limited_FRCQ,Direct,Reliance Retail,North,Haryana,Mamaearth,10000.0,30000.0,100.0
Mar'25,2025-03-01,FY_24-25,Reliance Retail Limited_FRCS,Direct,Reliance Retail,North,Delhi,Mamaearth,30000.0,50000.0,100.0
Mar'25,2025-03-01,FY_24-25,Reliance Retail Limited_FRDA,Direct,Reliance Retail,North,Delhi,Mamaearth,10000.0,20000.0,100.0
Mar'25,2025-03-01,FY_24-25,Reliance Retail Limited_FRDB,Direct,Reliance Retail,North,Delhi,Aqualogica,40000.0,60000.0,100.0
Mar'25,2025-03-01,FY_24-25,Reliance Retail Limited_FRDB,Direct,Reliance Retail,North,Delhi,BBlunt,10000.0,20000.0,100.0
Mar'25,2025-03-01,FY_24-25,Reliance Retail Limited_FRDB,Direct,Reliance Retail,North,Delhi,Mamaearth,50000.0,80000.0,100.0
Mar'25,2025-03-01,FY_24-25,Reliance Retail Limited_FRDB,Direct,Reliance Retail,North,Delhi,The Derma Co,80000.0,130000.0,100.0
Mar'25,2025-03-01,FY_24-25,Reliance Retail Limited_FRDI,Direct,Reliance Retail,North,UPW,Mamaearth,70000.0,120000.0,100.0
Mar'25,2025-03-01,FY_24-25,Reliance Retail Limited_FRDK,Direct,Reliance Retail,North,UPW,Aqualogica,70000.0,110000.0,100.0
Mar'25,2025-03-01,FY_24-25,Reliance Retail Limited_FRDK,Direct,Reliance Retail,North,UPW,BBlunt,10000.0,20000.0,100.0
Mar'25,2025-03-01,FY_24-25,Reliance Retail Limited_FRDK,Direct,Reliance Retail,North,UPW,Mamaearth,40000.0,80000.0,100.0
Mar'25,2025-03-01,FY_24-25,Reliance Retail Limited_FRDK,Direct,Reliance Retail,North,UPW,The Derma Co,60000.0,100000.0,100.0
Mar'25,2025-03-01,FY_24-25,Reliance Retail Limited_FRDL,Direct,Reliance Retail,North,UPW,Aqualogica,30000.0,50000.0,100.0
Mar'25,2025-03-01,FY_24-25,Reliance Retail Limited_FRDL,Direct,Reliance Retail,North,UPW,BBlunt,10000.0,20000.0,100.0
Mar'25,2025-03-01,FY_24-25,Reliance Retail Limited_FRDL,Direct,Reliance Retail,North,UPW,Mamaearth,20000.0,30000.0,100.0
Mar'25,2025-03-01,FY_24-25,Reliance Retail Limited_FRDL,Direct,Reliance Retail,North,UPW,The Derma Co,30000.0,50000.0,100.0
Mar'25,2025-03-01,FY_24-25,Reliance Retail Limited_FRDT,Direct,Reliance Retail,North,Rajasthan,Mamaearth,10000.0,20000.0,100.0
Mar'25,2025-03-01,FY_24-25,Reliance Retail Limited_FREM,Direct,Reliance Retail,North,Rajasthan,Mamaearth,30000.0,50000.0,100.0
Mar'25,2025-03-01,FY_24-25,Reliance Retail Limited_FRER,Direct,Reliance Retail,North,Rajasthan,Mamaearth,30000.0,70000.0,100.0
Mar'25,2025-03-01,FY_24-25,Reliance Retail Limited_FREX,Direct,Reliance Retail,North,Lucknow_UPE,Mamaearth,20000.0,30000.0,100.0
Mar'25,2025-03-01,FY_24-25,Reliance Retail Limited_FRFA,Direct,Reliance Retail,North,Lucknow_UPE,Mamaearth,20000.0,40000.0,100.0
Mar'25,2025-03-01,FY_24-25,Reliance Retail Limited_FRFD,Direct,Reliance Retail,East,Orissa,Mamaearth,40000.0,70000.0,100.0
Mar'25,2025-03-01,FY_24-25,Reliance Retail Limited_FRFK,Direct,Reliance Retail,North,Lucknow_UPE,Mamaearth,10000.0,20000.0,100.0
Mar'25,2025-03-01,FY_24-25,Reliance Retail Limited_FRFR,Direct,Reliance Retail,North,Uttarakhand,Mamaearth,40000.0,70000.0,100.0
Mar'25,2025-03-01,FY_24-25,Reliance Retail Limited_FRFU,Direct,Reliance Retail,East,Bihar,Mamaearth,100000.0,180000.0,100.0
Mar'25,2025-03-01,FY_24-25,Reliance Retail Limited_FRGC,Direct,Reliance Retail,North,Lucknow_UPE,Mamaearth,20000.0,40000.0,100.0
Mar'25,2025-03-01,FY_24-25,Reliance Retail Limited_FRGF,Direct,Reliance Retail,North,Lucknow_UPE,Mamaearth,20000.0,30000.0,100.0
Mar'25,2025-03-01,FY_24-25,Reliance Retail Limited_FRGK,Direct,Reliance Retail,North,Jammu,Mamaearth,70000.0,120000.0,100.0
Mar'25,2025-03-01,FY_24-25,Reliance Retail Limited_FRGM,Direct,Reliance Retail,West,Chattishgarh,Mamaearth,10000.0,10000.0,100.0
Mar'25,2025-03-01,FY_24-25,Reliance Retail Limited_FRGW,Direct,Reliance Retail,North,Lucknow_UPE,Mamaearth,30000.0,50000.0,100.0
Mar'25,2025-03-01,FY_24-25,Reliance Retail Limited_FRHF,Direct,Reliance Retail,North,Lucknow_UPE,Mamaearth,50000.0,80000.0,100.0
Mar'25,2025-03-01,FY_24-25,Reliance Retail Limited_FRHM,Direct,Reliance Retail,North,Madhya Pradesh,Mamaearth,10000.0,30000.0,100.0
Mar'25,2025-03-01,FY_24-25,Reliance Retail Limited_FRHR,Direct,Reliance Retail,North,Lucknow_UPE,Mamaearth,10000.0,30000.0,100.0
Mar'25,2025-03-01,FY_24-25,Reliance Retail Limited_Frhv,Direct,Reliance Retail,North,Lucknow_UPE,Mamaearth,-50000.0,-120000.0,100.0
Mar'25,2025-03-01,FY_24-25,RELIANCE RETAIL LIMITED_FRIA,Direct,Reliance Retail,East,Bihar,Aqualogica,170000.0,280000.0,100.0
Mar'25,2025-03-01,FY_24-25,RELIANCE RETAIL LIMITED_FRIA,Direct,Reliance Retail,East,Bihar,Mamaearth,1750000.0,4330000.0,100.0
Mar'25,2025-03-01,FY_24-25,RELIANCE RETAIL LIMITED_FRIA,Direct,Reliance Retail,East,Bihar,The Derma Co,60000.0,100000.0,100.0
Mar'25,2025-03-01,FY_24-25,Reliance Retail Limited_FRLF,Direct,Reliance Retail,East,West Bengal,Mamaearth,10000.0,20000.0,100.0
Mar'25,2025-03-01,FY_24-25,Reliance Retail Limited_S0IX,Direct,Reliance Retail,West,Pune,Aqualogica,110000.0,180000.0,100.0
Mar'25,2025-03-01,FY_24-25,Reliance Retail Limited_S0IX,Direct,Reliance Retail,West,Pune,Mamaearth,940000.0,2110000.0,100.0
Mar'25,2025-03-01,FY_24-25,Reliance Retail Limited_S0IX,Direct,Reliance Retail,West,Pune,The Derma Co,60000.0,100000.0,100.0
Mar'25,2025-03-01,FY_24-25,Reliance Retail Limited_S0XE,Direct,Reliance Retail,South-1,Kerala,Aqualogica,270000.0,440000.0,100.0
Mar'25,2025-03-01,FY_24-25,Reliance Retail Limited_S0XE,Direct,Reliance Retail,South-1,Kerala,Mamaearth,1050000.0,2280000.0,100.0
Mar'25,2025-03-01,FY_24-25,Reliance Retail Limited_S0XE,Direct,Reliance Retail,South-1,Kerala,The Derma Co,170000.0,270000.0,100.0
Mar'25,2025-03-01,FY_24-25,Reliance Retail Limited_SAHO,Direct,Reliance Retail,South-1,Tamil Nadu,Mamaearth,400000.0,860000.0,100.0
Mar'25,2025-03-01,FY_24-25,Reliance Retail Limited_SAHO,Direct,Reliance Retail,South-1,Tamil Nadu,The Derma Co,60000.0,100000.0,100.0
Mar'25,2025-03-01,FY_24-25,Reliance Retail Limited_SAOS,Direct,Reliance Retail,East,West Bengal,Aqualogica,20000.0,30000.0,100.0
Mar'25,2025-03-01,FY_24-25,Reliance Retail Limited_SAOS,Direct,Reliance Retail,East,West Bengal,Mamaearth,850000.0,2120000.0,100.0
Mar'25,2025-03-01,FY_24-25,Reliance Retail Limited_SAOS,Direct,Reliance Retail,East,West Bengal,The Derma Co,60000.0,100000.0,100.0
Mar'25,2025-03-01,FY_24-25,Reliance Retail Limited_Sb01,Direct,Reliance Retail,West,Mumbai,Aqualogica,110000.0,180000.0,100.0
Mar'25,2025-03-01,FY_24-25,Reliance Retail Limited_Sb01,Direct,Reliance Retail,West,Mumbai,Mamaearth,750000.0,1690000.0,100.0
Mar'25,2025-03-01,FY_24-25,Reliance Retail Limited_Sb01,Direct,Reliance Retail,West,Mumbai,Pure Origin,10000.0,10000.0,100.0
Mar'25,2025-03-01,FY_24-25,Reliance Retail Limited_Sb01,Direct,Reliance Retail,West,Mumbai,The Derma Co,90000.0,150000.0,100.0
Mar'25,2025-03-01,FY_24-25,Reliance Retail Limited_Sk8I,Direct,Reliance Retail,North,Uttarakhand,Mamaearth,520000.0,1060000.0,100.0
Mar'25,2025-03-01,FY_24-25,Reliance Retail Limited_Sk8I,Direct,Reliance Retail,North,Uttarakhand,The Derma Co,60000.0,100000.0,100.0
Mar'25,2025-03-01,FY_24-25,Reliance Retail Limited_SL6S,Direct,Reliance Retail,North,Rajasthan,Aqualogica,250000.0,410000.0,100.0
Mar'25,2025-03-01,FY_24-25,Reliance Retail Limited_SL6S,Direct,Reliance Retail,North,Rajasthan,Mamaearth,1910000.0,4430000.0,100.0
Mar'25,2025-03-01,FY_24-25,Reliance Retail Limited_SL6S,Direct,Reliance Retail,North,Rajasthan,The Derma Co,250000.0,400000.0,100.0
Mar'25,2025-03-01,FY_24-25,Reliance Retail Limited_SZ9J,Direct,Reliance Retail,North,Madhya Pradesh,Aqualogica,30000.0,40000.0,100.0
Mar'25,2025-03-01,FY_24-25,Reliance Retail Limited_SZ9J,Direct,Reliance Retail,North,Madhya Pradesh,Mamaearth,130000.0,300000.0,100.0
Mar'25,2025-03-01,FY_24-25,Reliance Retail Limited_SZ9J,Direct,Reliance Retail,North,Madhya Pradesh,The Derma Co,30000.0,50000.0,100.0
Mar'25,2025-03-01,FY_24-25,Reliance Retail Limited_T62I,Direct,Reliance Retail,West,Chattishgarh,Mamaearth,60000.0,110000.0,100.0
Mar'25,2025-03-01,FY_24-25,Reliance Retail Limited_T913,Direct,Reliance Retail,North,UPW,Aqualogica,30000.0,50000.0,100.0
Mar'25,2025-03-01,FY_24-25,Reliance Retail Limited_T913,Direct,Reliance Retail,North,UPW,BBlunt,20000.0,30000.0,100.0
Mar'25,2025-03-01,FY_24-25,Reliance Retail Limited_T913,Direct,Reliance Retail,North,UPW,Mamaearth,10000.0,20000.0,100.0
Mar'25,2025-03-01,FY_24-25,Reliance Retail Limited_T913,Direct,Reliance Retail,North,UPW,The Derma Co,40000.0,60000.0,100.0
Mar'25,2025-03-01,FY_24-25,Reliance Retail Limited_T946,Direct,Reliance Retail,North,Rajasthan,Mamaearth,40000.0,70000.0,100.0
Mar'25,2025-03-01,FY_24-25,Reliance Retail Limited_TB15,Direct,Reliance Retail,North,Madhya Pradesh,Mamaearth,40000.0,70000.0,100.0
Mar'25,2025-03-01,FY_24-25,Reliance Retail Limited_TDC7,Direct,Reliance Retail,East,Orissa,Mamaearth,10000.0,20000.0,100.0
Mar'25,2025-03-01,FY_24-25,Reliance Retail Limited_TDE3,Direct,Reliance Retail,West,Pune,Mamaearth,40000.0,90000.0,100.0
Mar'25,2025-03-01,FY_24-25,Reliance Retail Limited_TE57,Direct,Reliance Retail,North,Punjab,Mamaearth,30000.0,60000.0,100.0
Mar'25,2025-03-01,FY_24-25,Reliance Retail Limited_TFY8,Direct,Reliance Retail,North,Madhya Pradesh,Mamaearth,20000.0,30000.0,100.0
Mar'25,2025-03-01,FY_24-25,Reliance Retail Limited_TG87,Direct,Reliance Retail,South-1,Kerala,Mamaearth,20000.0,30000.0,100.0
Mar'25,2025-03-01,FY_24-25,Reliance Retail Limited_TH94,Direct,Reliance Retail,North,Rajasthan,Mamaearth,30000.0,60000.0,100.0
Mar'25,2025-03-01,FY_24-25,Reliance Retail Limited_TI77,Direct,Reliance Retail,North,UPW,Mamaearth,20000.0,40000.0,100.0
Mar'25,2025-03-01,FY_24-25,Reliance Retail Limited_TK48,Direct,Reliance Retail,East,Jharkhand,Mamaearth,30000.0,50000.0,100.0
Mar'25,2025-03-01,FY_24-25,Reliance Retail Limited_TMW7,Direct,Reliance Retail,West,Mumbai,Mamaearth,30000.0,60000.0,100.0
Mar'25,2025-03-01,FY_24-25,Reliance Retail Limited_TMZ5,Direct,Reliance Retail,East,West Bengal,Mamaearth,30000.0,50000.0,100.0
Mar'25,2025-03-01,FY_24-25,Reliance Retail Limited_TN55,Direct,Reliance Retail,East,West Bengal,Mamaearth,20000.0,40000.0,100.0
Mar'25,2025-03-01,FY_24-25,Reliance Retail Limited_TNB7,Direct,Reliance Retail,West,Chattishgarh,Mamaearth,20000.0,30000.0,100.0
Mar'25,2025-03-01,FY_24-25,Reliance Retail Limited_TNC1,Direct,Reliance Retail,North,Uttarakhand,Aqualogica,40000.0,60000.0,100.0
Mar'25,2025-03-01,FY_24-25,Reliance Retail Limited_TNC1,Direct,Reliance Retail,North,Uttarakhand,BBlunt,20000.0,30000.0,100.0
Mar'25,2025-03-01,FY_24-25,Reliance Retail Limited_TNC1,Direct,Reliance Retail,North,Uttarakhand,Mamaearth,30000.0,70000.0,100.0
Mar'25,2025-03-01,FY_24-25,Reliance Retail Limited_TNC1,Direct,Reliance Retail,North,Uttarakhand,The Derma Co,40000.0,60000.0,100.0
Mar'25,2025-03-01,FY_24-25,Reliance Retail Limited_TNC6,Direct,Reliance Retail,North,Punjab,Mamaearth,50000.0,100000.0,100.0
Mar'25,2025-03-01,FY_24-25,Reliance Retail Limited_TNC8,Direct,Reliance Retail,South-1,Karnataka,Mamaearth,20000.0,30000.0,100.0
Mar'25,2025-03-01,FY_24-25,Reliance Retail Limited_TND0,Direct,Reliance Retail,South-1,Karnataka,Mamaearth,20000.0,40000.0,100.0
Mar'25,2025-03-01,FY_24-25,Reliance Retail Limited_TNE3,Direct,Reliance Retail,North,Uttarakhand,Mamaearth,20000.0,40000.0,100.0
Mar'25,2025-03-01,FY_24-25,Reliance Retail Limited_TNP8,Direct,Reliance Retail,West,Pune,Mamaearth,40000.0,80000.0,100.0
Mar'25,2025-03-01,FY_24-25,Reliance Retail Limited_TO20,Direct,Reliance Retail,North,Madhya Pradesh,Mamaearth,20000.0,30000.0,100.0
Mar'25,2025-03-01,FY_24-25,Reliance Retail Limited_TOJ6,Direct,Reliance Retail,West,Mumbai,Mamaearth,30000.0,50000.0,100.0
Mar'25,2025-03-01,FY_24-25,Reliance Retail Limited_TP05,Direct,Reliance Retail,North,Haryana,Mamaearth,30000.0,60000.0,100.0
Mar'25,2025-03-01,FY_24-25,Reliance Retail Limited_TP75,Direct,Reliance Retail,North,Madhya Pradesh,Mamaearth,10000.0,20000.0,100.0
Mar'25,2025-03-01,FY_24-25,Reliance Retail Limited_TP76,Direct,Reliance Retail,North,Rajasthan,Mamaearth,40000.0,80000.0,100.0
Mar'25,2025-03-01,FY_24-25,Reliance Retail Limited_TQ21,Direct,Reliance Retail,West,Mumbai,Mamaearth,20000.0,30000.0,100.0
Mar'25,2025-03-01,FY_24-25,Reliance Retail Limited_TQ22,Direct,Reliance Retail,East,West Bengal,Mamaearth,20000.0,30000.0,100.0
Mar'25,2025-03-01,FY_24-25,Reliance Retail Limited_TU21,Direct,Reliance Retail,North,Delhi,Mamaearth,10000.0,10000.0,100.0
Mar'25,2025-03-01,FY_24-25,Reliance Retail Limited_TW60,Direct,Reliance Retail,East,Orissa,Mamaearth,50000.0,90000.0,100.0
Mar'25,2025-03-01,FY_24-25,Reliance Retail Limited_TY87,Direct,Reliance Retail,North,Rajasthan,Mamaearth,20000.0,30000.0,100.0
Mar'25,2025-03-01,FY_24-25,Reliance Retail Limited-6202,Direct,Reliance Retail,West,Gujarat,Aqualogica,20000.0,30000.0,100.0
Mar'25,2025-03-01,FY_24-25,Reliance Retail Limited-6202,Direct,Reliance Retail,West,Gujarat,BBlunt,20000.0,30000.0,100.0
Mar'25,2025-03-01,FY_24-25,Reliance Retail Limited-6202,Direct,Reliance Retail,West,Gujarat,Mamaearth,10000.0,30000.0,100.0
Mar'25,2025-03-01,FY_24-25,Reliance Retail Limited-6202,Direct,Reliance Retail,West,Gujarat,The Derma Co,30000.0,40000.0,100.0
Mar'25,2025-03-01,FY_24-25,Reliance Retail Limited-6205,Direct,Reliance Retail,North,Haryana,Aqualogica,30000.0,50000.0,100.0
Mar'25,2025-03-01,FY_24-25,Reliance Retail Limited-6205,Direct,Reliance Retail,North,Haryana,BBlunt,20000.0,40000.0,100.0
Mar'25,2025-03-01,FY_24-25,Reliance Retail Limited-6205,Direct,Reliance Retail,North,Haryana,Mamaearth,50000.0,90000.0,100.0
Mar'25,2025-03-01,FY_24-25,Reliance Retail Limited-6205,Direct,Reliance Retail,North,Haryana,The Derma Co,50000.0,80000.0,100.0
Mar'25,2025-03-01,FY_24-25,Reliance Retail Limited-6206,Direct,Reliance Retail,East,Jharkhand,Mamaearth,10000.0,20000.0,100.0
Mar'25,2025-03-01,FY_24-25,Reliance Retail Limited-6208,Direct,Reliance Retail,West,Pune,Mamaearth,10000.0,30000.0,100.0
Mar'25,2025-03-01,FY_24-25,Reliance Retail Limited-6210,Direct,Reliance Retail,West,Mumbai,Mamaearth,20000.0,30000.0,100.0
Mar'25,2025-03-01,FY_24-25,Reliance Retail Limited-6214,Direct,Reliance Retail,South-1,Tamil Nadu,Mamaearth,10000.0,20000.0,100.0
Mar'25,2025-03-01,FY_24-25,Reliance Retail Limited-6219,Direct,Reliance Retail,West,Pune,Mamaearth,10000.0,10000.0,100.0
Mar'25,2025-03-01,FY_24-25,Reliance Retail Limited-6220,Direct,Reliance Retail,West,Mumbai,Mamaearth,60000.0,110000.0,100.0
Mar'25,2025-03-01,FY_24-25,Reliance Retail Limited-6224,Direct,Reliance Retail,East,Orissa,Mamaearth,40000.0,80000.0,100.0
Mar'25,2025-03-01,FY_24-25,Reliance Retail Limited-6239,Direct,Reliance Retail,North,Delhi,Mamaearth,20000.0,30000.0,100.0
Mar'25,2025-03-01,FY_24-25,Reliance Retail Limited-6705,Direct,Reliance Retail,South-1,Kerala,Mamaearth,10000.0,30000.0,100.0
Mar'25,2025-03-01,FY_24-25,Reliance Retail Limited-6726,Direct,Reliance Retail,North,Rajasthan,Mamaearth,30000.0,60000.0,100.0
Mar'25,2025-03-01,FY_24-25,RELIANCE RETAIL LIMITED-Badli,Direct,Reliance Retail,North,Haryana,Aqualogica,190000.0,310000.0,100.0
Mar'25,2025-03-01,FY_24-25,RELIANCE RETAIL LIMITED-Badli,Direct,Reliance Retail,North,Haryana,Mamaearth,1370000.0,3220000.0,100.0
Mar'25,2025-03-01,FY_24-25,RELIANCE RETAIL LIMITED-Badli,Direct,Reliance Retail,North,Haryana,Pure Origin,20000.0,30000.0,100.0
Mar'25,2025-03-01,FY_24-25,RELIANCE RETAIL LIMITED-Badli,Direct,Reliance Retail,North,Haryana,The Derma Co,190000.0,300000.0,100.0
Mar'25,2025-03-01,FY_24-25,Reliance Retail Limited-FR04,Direct,Reliance Retail,West,Mumbai,Aqualogica,-10000.0,-10000.0,100.0
Mar'25,2025-03-01,FY_24-25,Reliance Retail Limited-FR04,Direct,Reliance Retail,West,Mumbai,Mamaearth,20000.0,30000.0,100.0
Mar'25,2025-03-01,FY_24-25,Reliance Retail Limited-FR04,Direct,Reliance Retail,West,Mumbai,The Derma Co,-120000.0,-190000.0,100.0
Mar'25,2025-03-01,FY_24-25,Reliance Retail Limited-FR08,Direct,Reliance Retail,West,Mumbai,Aqualogica,0.0,0.0,100.0
Mar'25,2025-03-01,FY_24-25,Reliance Retail Limited-FR08,Direct,Reliance Retail,West,Mumbai,Mamaearth,10000.0,40000.0,100.0
Mar'25,2025-03-01,FY_24-25,Reliance Retail Limited-FR08,Direct,Reliance Retail,West,Mumbai,The Derma Co,0.0,10000.0,100.0
Mar'25,2025-03-01,FY_24-25,Reliance Retail Limited-FR15,Direct,Reliance Retail,West,Mumbai,Mamaearth,60000.0,100000.0,100.0
Mar'25,2025-03-01,FY_24-25,Reliance Retail Limited-FR22,Direct,Reliance Retail,West,Mumbai,Mamaearth,10000.0,20000.0,100.0
Mar'25,2025-03-01,FY_24-25,Reliance Retail Limited-FR43,Direct,Reliance Retail,South-1,Karnataka,Mamaearth,20000.0,30000.0,100.0
Mar'25,2025-03-01,FY_24-25,Reliance Retail Limited-FR45,Direct,Reliance Retail,South-1,Karnataka,Aqualogica,20000.0,30000.0,100.0
Mar'25,2025-03-01,FY_24-25,Reliance Retail Limited-FR45,Direct,Reliance Retail,South-1,Karnataka,BBlunt,20000.0,30000.0,100.0
Mar'25,2025-03-01,FY_24-25,Reliance Retail Limited-FR45,Direct,Reliance Retail,South-1,Karnataka,Mamaearth,10000.0,30000.0,100.0
Mar'25,2025-03-01,FY_24-25,Reliance Retail Limited-FR45,Direct,Reliance Retail,South-1,Karnataka,The Derma Co,20000.0,40000.0,100.0
Mar'25,2025-03-01,FY_24-25,Reliance Retail Limited-FR48,Direct,Reliance Retail,South-1,Karnataka,Mamaearth,20000.0,40000.0,100.0
Mar'25,2025-03-01,FY_24-25,Reliance Retail Limited-FR63,Direct,Reliance Retail,East,Orissa,Aqualogica,10000.0,10000.0,100.0
Mar'25,2025-03-01,FY_24-25,Reliance Retail Limited-FR63,Direct,Reliance Retail,East,Orissa,BBlunt,10000.0,10000.0,100.0
Mar'25,2025-03-01,FY_24-25,Reliance Retail Limited-FR63,Direct,Reliance Retail,East,Orissa,Mamaearth,10000.0,30000.0,100.0
Mar'25,2025-03-01,FY_24-25,Reliance Retail Limited-FR63,Direct,Reliance Retail,East,Orissa,The Derma Co,10000.0,20000.0,100.0
Mar'25,2025-03-01,FY_24-25,Reliance Retail Limited-FR67,Direct,Reliance Retail,East,Orissa,Aqualogica,50000.0,80000.0,100.0
Mar'25,2025-03-01,FY_24-25,Reliance Retail Limited-FR67,Direct,Reliance Retail,East,Orissa,BBlunt,10000.0,20000.0,100.0
Mar'25,2025-03-01,FY_24-25,Reliance Retail Limited-FR67,Direct,Reliance Retail,East,Orissa,Mamaearth,30000.0,60000.0,100.0
Mar'25,2025-03-01,FY_24-25,Reliance Retail Limited-FR67,Direct,Reliance Retail,East,Orissa,The Derma Co,60000.0,90000.0,100.0
Mar'25,2025-03-01,FY_24-25,Reliance Retail Limited-FR73,Direct,Reliance Retail,East,West Bengal,Aqualogica,10000.0,10000.0,100.0
Mar'25,2025-03-01,FY_24-25,Reliance Retail Limited-FR73,Direct,Reliance Retail,East,West Bengal,BBlunt,10000.0,10000.0,100.0
Mar'25,2025-03-01,FY_24-25,Reliance Retail Limited-FR73,Direct,Reliance Retail,East,West Bengal,Mamaearth,30000.0,50000.0,100.0
Mar'25,2025-03-01,FY_24-25,Reliance Retail Limited-FR73,Direct,Reliance Retail,East,West Bengal,The Derma Co,20000.0,30000.0,100.0
Mar'25,2025-03-01,FY_24-25,Reliance Retail Limited-FR74,Direct,Reliance Retail,East,West Bengal,Mamaearth,60000.0,110000.0,100.0
Mar'25,2025-03-01,FY_24-25,Reliance Retail Limited-FR92,Direct,Reliance Retail,South-1,Kerala,Aqualogica,20000.0,30000.0,100.0
Mar'25,2025-03-01,FY_24-25,Reliance Retail Limited-FR92,Direct,Reliance Retail,South-1,Kerala,BBlunt,0.0,10000.0,100.0
Mar'25,2025-03-01,FY_24-25,Reliance Retail Limited-FR92,Direct,Reliance Retail,South-1,Kerala,The Derma Co,30000.0,60000.0,100.0
Mar'25,2025-03-01,FY_24-25,Reliance Retail Limited-FR93,Direct,Reliance Retail,South-1,Kerala,Aqualogica,30000.0,50000.0,100.0
Mar'25,2025-03-01,FY_24-25,Reliance Retail Limited-FR93,Direct,Reliance Retail,South-1,Kerala,BBlunt,0.0,10000.0,100.0
Mar'25,2025-03-01,FY_24-25,Reliance Retail Limited-FR93,Direct,Reliance Retail,South-1,Kerala,The Derma Co,50000.0,80000.0,100.0
Mar'25,2025-03-01,FY_24-25,Reliance Retail Limited-FR94,Direct,Reliance Retail,South-1,Kerala,Mamaearth,20000.0,30000.0,100.0
Mar'25,2025-03-01,FY_24-25,Reliance Retail Limited-FR95,Direct,Reliance Retail,South-1,Kerala,Mamaearth,30000.0,50000.0,100.0
Mar'25,2025-03-01,FY_24-25,Reliance Retail Limited-FR96,Direct,Reliance Retail,South-1,Kerala,Mamaearth,20000.0,30000.0,100.0
Mar'25,2025-03-01,FY_24-25,Reliance Retail Limited-FR97,Direct,Reliance Retail,South-1,Kerala,Aqualogica,20000.0,40000.0,100.0
Mar'25,2025-03-01,FY_24-25,Reliance Retail Limited-FR97,Direct,Reliance Retail,South-1,Kerala,The Derma Co,30000.0,50000.0,100.0
Mar'25,2025-03-01,FY_24-25,Reliance Retail Limited-FR98,Direct,Reliance Retail,South-1,Kerala,Aqualogica,30000.0,40000.0,100.0
Mar'25,2025-03-01,FY_24-25,Reliance Retail Limited-FR98,Direct,Reliance Retail,South-1,Kerala,BBlunt,10000.0,10000.0,100.0
Mar'25,2025-03-01,FY_24-25,Reliance Retail Limited-FR98,Direct,Reliance Retail,South-1,Kerala,The Derma Co,50000.0,80000.0,100.0
Mar'25,2025-03-01,FY_24-25,Reliance Retail Limited-FRAR,Direct,Reliance Retail,East,Jharkhand,Aqualogica,50000.0,90000.0,100.0
Mar'25,2025-03-01,FY_24-25,Reliance Retail Limited-FRAR,Direct,Reliance Retail,East,Jharkhand,BBlunt,10000.0,20000.0,100.0
Mar'25,2025-03-01,FY_24-25,Reliance Retail Limited-FRAR,Direct,Reliance Retail,East,Jharkhand,Mamaearth,60000.0,100000.0,100.0
Mar'25,2025-03-01,FY_24-25,Reliance Retail Limited-FRAR,Direct,Reliance Retail,East,Jharkhand,The Derma Co,90000.0,150000.0,100.0
Mar'25,2025-03-01,FY_24-25,Reliance Retail Limited-FRAU,Direct,Reliance Retail,East,Jharkhand,Aqualogica,50000.0,70000.0,100.0
Mar'25,2025-03-01,FY_24-25,Reliance Retail Limited-FRAU,Direct,Reliance Retail,East,Jharkhand,BBlunt,20000.0,30000.0,100.0
Mar'25,2025-03-01,FY_24-25,Reliance Retail Limited-FRAU,Direct,Reliance Retail,East,Jharkhand,Mamaearth,10000.0,20000.0,100.0
Mar'25,2025-03-01,FY_24-25,Reliance Retail Limited-FRAU,Direct,Reliance Retail,East,Jharkhand,The Derma Co,50000.0,70000.0,100.0
Mar'25,2025-03-01,FY_24-25,Reliance Retail Limited-FRAY,Direct,Reliance Retail,East,Jharkhand,Mamaearth,50000.0,100000.0,100.0
Mar'25,2025-03-01,FY_24-25,Reliance Retail Limited-FRBQ,Direct,Reliance Retail,South-1,Kerala,Mamaearth,20000.0,30000.0,100.0
Mar'25,2025-03-01,FY_24-25,Reliance Retail Limited-FRBV,Direct,Reliance Retail,East,West Bengal,Aqualogica,40000.0,70000.0,100.0
Mar'25,2025-03-01,FY_24-25,Reliance Retail Limited-FRBV,Direct,Reliance Retail,East,West Bengal,BBlunt,20000.0,30000.0,100.0
Mar'25,2025-03-01,FY_24-25,Reliance Retail Limited-FRBV,Direct,Reliance Retail,East,West Bengal,Mamaearth,20000.0,50000.0,100.0
Mar'25,2025-03-01,FY_24-25,Reliance Retail Limited-FRBV,Direct,Reliance Retail,East,West Bengal,The Derma Co,60000.0,90000.0,100.0
Mar'25,2025-03-01,FY_24-25,Reliance Retail Limited-FRCA,Direct,Reliance Retail,East,West Bengal,Mamaearth,20000.0,50000.0,100.0
Mar'25,2025-03-01,FY_24-25,Reliance Retail Limited-FRCB,Direct,Reliance Retail,East,West Bengal,Aqualogica,10000.0,10000.0,100.0
Mar'25,2025-03-01,FY_24-25,Reliance Retail Limited-FRCB,Direct,Reliance Retail,East,West Bengal,BBlunt,10000.0,20000.0,100.0
Mar'25,2025-03-01,FY_24-25,Reliance Retail Limited-FRCB,Direct,Reliance Retail,East,West Bengal,Mamaearth,20000.0,30000.0,100.0
Mar'25,2025-03-01,FY_24-25,Reliance Retail Limited-FRCB,Direct,Reliance Retail,East,West Bengal,The Derma Co,20000.0,30000.0,100.0
Mar'25,2025-03-01,FY_24-25,Reliance Retail Limited-FRCC,Direct,Reliance Retail,East,West Bengal,Aqualogica,20000.0,30000.0,100.0
Mar'25,2025-03-01,FY_24-25,Reliance Retail Limited-FRCC,Direct,Reliance Retail,East,West Bengal,BBlunt,10000.0,20000.0,100.0
Mar'25,2025-03-01,FY_24-25,Reliance Retail Limited-FRCC,Direct,Reliance Retail,East,West Bengal,Mamaearth,10000.0,20000.0,100.0
Mar'25,2025-03-01,FY_24-25,Reliance Retail Limited-FRCC,Direct,Reliance Retail,East,West Bengal,The Derma Co,20000.0,30000.0,100.0
Mar'25,2025-03-01,FY_24-25,Reliance Retail Limited-FRCF,Direct,Reliance Retail,East,West Bengal,Mamaearth,10000.0,30000.0,100.0
Mar'25,2025-03-01,FY_24-25,Reliance Retail Limited-FRCK,Direct,Reliance Retail,East,West Bengal,Aqualogica,50000.0,80000.0,100.0
Mar'25,2025-03-01,FY_24-25,Reliance Retail Limited-FRCK,Direct,Reliance Retail,East,West Bengal,BBlunt,30000.0,50000.0,100.0
Mar'25,2025-03-01,FY_24-25,Reliance Retail Limited-FRCK,Direct,Reliance Retail,East,West Bengal,Mamaearth,20000.0,40000.0,100.0
Mar'25,2025-03-01,FY_24-25,Reliance Retail Limited-FRCK,Direct,Reliance Retail,East,West Bengal,The Derma Co,60000.0,100000.0,100.0
Mar'25,2025-03-01,FY_24-25,Reliance Retail Limited-FRCL,Direct,Reliance Retail,East,West Bengal,Mamaearth,60000.0,110000.0,100.0
Mar'25,2025-03-01,FY_24-25,Reliance Retail Limited-FRCO,Direct,Reliance Retail,North,Haryana,Aqualogica,40000.0,60000.0,100.0
Mar'25,2025-03-01,FY_24-25,Reliance Retail Limited-FRCO,Direct,Reliance Retail,North,Haryana,BBlunt,10000.0,10000.0,100.0
Mar'25,2025-03-01,FY_24-25,Reliance Retail Limited-FRCO,Direct,Reliance Retail,North,Haryana,Mamaearth,70000.0,130000.0,100.0
Mar'25,2025-03-01,FY_24-25,Reliance Retail Limited-FRCO,Direct,Reliance Retail,North,Haryana,The Derma Co,40000.0,70000.0,100.0
Mar'25,2025-03-01,FY_24-25,Reliance Retail Limited-FRCX,Direct,Reliance Retail,North,Delhi,Aqualogica,10000.0,10000.0,100.0
Mar'25,2025-03-01,FY_24-25,Reliance Retail Limited-FRCX,Direct,Reliance Retail,North,Delhi,BBlunt,10000.0,10000.0,100.0
Mar'25,2025-03-01,FY_24-25,Reliance Retail Limited-FRCX,Direct,Reliance Retail,North,Delhi,Mamaearth,70000.0,130000.0,100.0
Mar'25,2025-03-01,FY_24-25,Reliance Retail Limited-FRCX,Direct,Reliance Retail,North,Delhi,The Derma Co,20000.0,40000.0,100.0
Mar'25,2025-03-01,FY_24-25,Reliance Retail Limited-FRDF,Direct,Reliance Retail,North,UPW,Mamaearth,30000.0,50000.0,100.0
Mar'25,2025-03-01,FY_24-25,Reliance Retail Limited-FRDH,Direct,Reliance Retail,North,UPW,Mamaearth,60000.0,100000.0,100.0
Mar'25,2025-03-01,FY_24-25,Reliance Retail Limited-FRDJ,Direct,Reliance Retail,North,UPW,Mamaearth,10000.0,20000.0,100.0
Mar'25,2025-03-01,FY_24-25,Reliance Retail Limited-FRDM,Direct,Reliance Retail,North,UPW,Mamaearth,30000.0,60000.0,100.0
Mar'25,2025-03-01,FY_24-25,Reliance Retail Limited-FRDU,Direct,Reliance Retail,West,Gujarat,Mamaearth,20000.0,40000.0,100.0
Mar'25,2025-03-01,FY_24-25,Reliance Retail Limited-FRDV,Direct,Reliance Retail,West,Gujarat,Mamaearth,10000.0,20000.0,100.0
Mar'25,2025-03-01,FY_24-25,Reliance Retail Limited-FRDZ,Direct,Reliance Retail,West,Gujarat,Mamaearth,20000.0,30000.0,100.0
Mar'25,2025-03-01,FY_24-25,Reliance Retail Limited-FREB,Direct,Reliance Retail,West,Gujarat,Mamaearth,10000.0,20000.0,100.0
Mar'25,2025-03-01,FY_24-25,RELIANCE RETAIL LIMITED-FREC,Direct,Reliance Retail,South-1,Karnataka,Aqualogica,260000.0,410000.0,100.0
Mar'25,2025-03-01,FY_24-25,RELIANCE RETAIL LIMITED-FREC,Direct,Reliance Retail,South-1,Karnataka,Mamaearth,2190000.0,5160000.0,100.0
Mar'25,2025-03-01,FY_24-25,RELIANCE RETAIL LIMITED-FREC,Direct,Reliance Retail,South-1,Karnataka,The Derma Co,90000.0,150000.0,100.0
Mar'25,2025-03-01,FY_24-25,RELIANCE RETAIL LIMITED-FREF,Direct,Reliance Retail,South-1,Tamil Nadu,Mamaearth,230000.0,460000.0,100.0
Mar'25,2025-03-01,FY_24-25,RELIANCE RETAIL LIMITED-FREF,Direct,Reliance Retail,South-1,Tamil Nadu,The Derma Co,30000.0,50000.0,100.0
Mar'25,2025-03-01,FY_24-25,RELIANCE RETAIL LIMITED-FREI,Direct,Reliance Retail,South-2,Telangana,Mamaearth,100000.0,190000.0,100.0
Mar'25,2025-03-01,FY_24-25,Reliance Retail Limited-FRFJ,Direct,Reliance Retail,South-1,Karnataka,Mamaearth,10000.0,20000.0,100.0
Mar'25,2025-03-01,FY_24-25,Reliance Retail Limited-FRFP,Direct,Reliance Retail,East,Bihar,Mamaearth,20000.0,40000.0,100.0
Mar'25,2025-03-01,FY_24-25,Reliance Retail Limited-FRFQ,Direct,Reliance Retail,South-1,Karnataka,Mamaearth,10000.0,20000.0,100.0
Mar'25,2025-03-01,FY_24-25,Reliance Retail Limited-FRGN,Direct,Reliance Retail,West,Gujarat,Mamaearth,10000.0,20000.0,100.0
Mar'25,2025-03-01,FY_24-25,Reliance Retail Limited-FRGQ,Direct,Reliance Retail,North,Uttarakhand,Mamaearth,100000.0,170000.0,100.0
Mar'25,2025-03-01,FY_24-25,Reliance Retail Limited-FRGS,Direct,Reliance Retail,East,Bihar,Aqualogica,30000.0,40000.0,100.0
Mar'25,2025-03-01,FY_24-25,Reliance Retail Limited-FRGS,Direct,Reliance Retail,East,Bihar,BBlunt,10000.0,10000.0,100.0
Mar'25,2025-03-01,FY_24-25,Reliance Retail Limited-FRGS,Direct,Reliance Retail,East,Bihar,Mamaearth,10000.0,20000.0,100.0
Mar'25,2025-03-01,FY_24-25,Reliance Retail Limited-FRGS,Direct,Reliance Retail,East,Bihar,The Derma Co,40000.0,60000.0,100.0
Mar'25,2025-03-01,FY_24-25,Reliance Retail Limited-FRHI,Direct,Reliance Retail,South-1,Karnataka,Mamaearth,10000.0,20000.0,100.0
Mar'25,2025-03-01,FY_24-25,Reliance Retail Limited-FRHT,Direct,Reliance Retail,East,Bihar,Mamaearth,10000.0,30000.0,100.0
Mar'25,2025-03-01,FY_24-25,Reliance Retail Limited-S0GK,Direct,Reliance Retail,South-1,Kerala,Aqualogica,280000.0,450000.0,100.0
Mar'25,2025-03-01,FY_24-25,Reliance Retail Limited-S0GK,Direct,Reliance Retail,South-1,Kerala,Mamaearth,890000.0,2020000.0,100.0
Mar'25,2025-03-01,FY_24-25,Reliance Retail Limited-S0GK,Direct,Reliance Retail,South-1,Kerala,The Derma Co,190000.0,300000.0,100.0
Mar'25,2025-03-01,FY_24-25,Reliance Retail Limited-S0KN,Direct,Reliance Retail,South-1,Karnataka,Aqualogica,90000.0,140000.0,100.0
Mar'25,2025-03-01,FY_24-25,Reliance Retail Limited-S0KN,Direct,Reliance Retail,South-1,Karnataka,Mamaearth,770000.0,1810000.0,100.0
Mar'25,2025-03-01,FY_24-25,Reliance Retail Limited-S0KN,Direct,Reliance Retail,South-1,Karnataka,The Derma Co,150000.0,250000.0,100.0
Mar'25,2025-03-01,FY_24-25,Reliance Retail Limited-S2BZ,Direct,Reliance Retail,North,Lucknow_UPE,Aqualogica,200000.0,320000.0,100.0
Mar'25,2025-03-01,FY_24-25,Reliance Retail Limited-S2BZ,Direct,Reliance Retail,North,Lucknow_UPE,Mamaearth,2250000.0,5560000.0,100.0
Mar'25,2025-03-01,FY_24-25,Reliance Retail Limited-S2BZ,Direct,Reliance Retail,North,Lucknow_UPE,Pure Origin,10000.0,10000.0,100.0
Mar'25,2025-03-01,FY_24-25,Reliance Retail Limited-S2BZ,Direct,Reliance Retail,North,Lucknow_UPE,The Derma Co,120000.0,190000.0,100.0
Mar'25,2025-03-01,FY_24-25,Reliance Retail Limited-SAAH,Direct,Reliance Retail,North,UPW,Aqualogica,260000.0,420000.0,100.0
Mar'25,2025-03-01,FY_24-25,Reliance Retail Limited-SAAH,Direct,Reliance Retail,North,UPW,Mamaearth,2100000.0,5620000.0,100.0
Mar'25,2025-03-01,FY_24-25,Reliance Retail Limited-SAAH,Direct,Reliance Retail,North,UPW,The Derma Co,150000.0,250000.0,100.0
Mar'25,2025-03-01,FY_24-25,RELIANCE RETAIL LIMITED-SF92,Direct,Reliance Retail,East,West Bengal,Aqualogica,110000.0,180000.0,100.0
Mar'25,2025-03-01,FY_24-25,RELIANCE RETAIL LIMITED-SF92,Direct,Reliance Retail,East,West Bengal,Mamaearth,1240000.0,3220000.0,100.0
Mar'25,2025-03-01,FY_24-25,RELIANCE RETAIL LIMITED-SF92,Direct,Reliance Retail,East,West Bengal,The Derma Co,60000.0,100000.0,100.0
Mar'25,2025-03-01,FY_24-25,RELIANCE RETAIL LIMITED-SH65,Direct,Reliance Retail,West,Pune,Aqualogica,180000.0,300000.0,100.0
Mar'25,2025-03-01,FY_24-25,RELIANCE RETAIL LIMITED-SH65,Direct,Reliance Retail,West,Pune,Mamaearth,950000.0,2070000.0,100.0
Mar'25,2025-03-01,FY_24-25,RELIANCE RETAIL LIMITED-SH65,Direct,Reliance Retail,West,Pune,The Derma Co,90000.0,150000.0,100.0
Mar'25,2025-03-01,FY_24-25,RELIANCE RETAIL LIMITED-SH69,Direct,Reliance Retail,North,Haryana,Aqualogica,140000.0,220000.0,100.0
Mar'25,2025-03-01,FY_24-25,RELIANCE RETAIL LIMITED-SH69,Direct,Reliance Retail,North,Haryana,Mamaearth,950000.0,2350000.0,100.0
Mar'25,2025-03-01,FY_24-25,RELIANCE RETAIL LIMITED-SH69,Direct,Reliance Retail,North,Haryana,The Derma Co,90000.0,150000.0,100.0
Mar'25,2025-03-01,FY_24-25,RELIANCE RETAIL LIMITED-SH71,Direct,Reliance Retail,North,Madhya Pradesh,Aqualogica,170000.0,270000.0,100.0
Mar'25,2025-03-01,FY_24-25,RELIANCE RETAIL LIMITED-SH71,Direct,Reliance Retail,North,Madhya Pradesh,Mamaearth,1350000.0,3260000.0,100.0
Mar'25,2025-03-01,FY_24-25,RELIANCE RETAIL LIMITED-SH71,Direct,Reliance Retail,North,Madhya Pradesh,The Derma Co,150000.0,250000.0,100.0
Mar'25,2025-03-01,FY_24-25,Reliance Retail Limited-SK6I,Direct,Reliance Retail,West,Gujarat,Aqualogica,280000.0,450000.0,100.0
Mar'25,2025-03-01,FY_24-25,Reliance Retail Limited-SK6I,Direct,Reliance Retail,West,Gujarat,Mamaearth,690000.0,1540000.0,100.0
Mar'25,2025-03-01,FY_24-25,Reliance Retail Limited-SK6I,Direct,Reliance Retail,West,Gujarat,The Derma Co,150000.0,250000.0,100.0
Mar'25,2025-03-01,FY_24-25,Reliance Retail Limited-SLET,Direct,Reliance Retail,East,Bihar,Mamaearth,830000.0,1670000.0,100.0
Mar'25,2025-03-01,FY_24-25,Reliance Retail Limited-SLET,Direct,Reliance Retail,East,Bihar,The Derma Co,150000.0,250000.0,100.0
Mar'25,2025-03-01,FY_24-25,Reliance Retail Limited-SLG3,Direct,Reliance Retail,South-1,Tamil Nadu,Aqualogica,130000.0,210000.0,100.0
Mar'25,2025-03-01,FY_24-25,Reliance Retail Limited-SLG3,Direct,Reliance Retail,South-1,Tamil Nadu,Mamaearth,1270000.0,2920000.0,100.0
Mar'25,2025-03-01,FY_24-25,Reliance Retail Limited-SLG3,Direct,Reliance Retail,South-1,Tamil Nadu,The Derma Co,120000.0,200000.0,100.0
Mar'25,2025-03-01,FY_24-25,RELIANCE RETAIL LIMITED-SLIG,Direct,Reliance Retail,East,Northeast-Assam,Aqualogica,30000.0,40000.0,100.0
Mar'25,2025-03-01,FY_24-25,RELIANCE RETAIL LIMITED-SLIG,Direct,Reliance Retail,East,Northeast-Assam,Mamaearth,500000.0,1150000.0,100.0
Mar'25,2025-03-01,FY_24-25,RELIANCE RETAIL LIMITED-SLIG,Direct,Reliance Retail,East,Northeast-Assam,The Derma Co,30000.0,50000.0,100.0
Mar'25,2025-03-01,FY_24-25,RELIANCE RETAIL LIMITED-SLII,Direct,Reliance Retail,North,Lucknow_UPE,Mamaearth,250000.0,540000.0,100.0
Mar'25,2025-03-01,FY_24-25,RELIANCE RETAIL LIMITED-SLII,Direct,Reliance Retail,North,Lucknow_UPE,The Derma Co,60000.0,100000.0,100.0
Mar'25,2025-03-01,FY_24-25,Reliance Retail Limited-SLMP,Direct,Reliance Retail,West,Gujarat,Mamaearth,50000.0,90000.0,100.0
Mar'25,2025-03-01,FY_24-25,Reliance Retail Limited-Slmr,Direct,Reliance Retail,East,Orissa,Aqualogica,30000.0,40000.0,100.0
Mar'25,2025-03-01,FY_24-25,Reliance Retail Limited-Slmr,Direct,Reliance Retail,East,Orissa,Mamaearth,580000.0,1140000.0,100.0
Mar'25,2025-03-01,FY_24-25,Reliance Retail Limited-Slmr,Direct,Reliance Retail,East,Orissa,The Derma Co,30000.0,50000.0,100.0
Mar'25,2025-03-01,FY_24-25,Reliance Retail Limited-SLS1,Direct,Reliance Retail,South-1,Tamil Nadu,Aqualogica,130000.0,200000.0,100.0
Mar'25,2025-03-01,FY_24-25,Reliance Retail Limited-SLS1,Direct,Reliance Retail,South-1,Tamil Nadu,Mamaearth,930000.0,2170000.0,100.0
Mar'25,2025-03-01,FY_24-25,Reliance Retail Limited-SLS1,Direct,Reliance Retail,South-1,Tamil Nadu,The Derma Co,120000.0,200000.0,100.0
Mar'25,2025-03-01,FY_24-25,Reliance Retail Limited-SLS2,Direct,Reliance Retail,South-2,Andhra Pradesh,Mamaearth,90000.0,240000.0,100.0
Mar'25,2025-03-01,FY_24-25,Reliance Retail Limited-SN1U,Direct,Reliance Retail,East,West Bengal,Aqualogica,50000.0,80000.0,100.0
Mar'25,2025-03-01,FY_24-25,Reliance Retail Limited-SN1U,Direct,Reliance Retail,East,West Bengal,Mamaearth,460000.0,960000.0,100.0
Mar'25,2025-03-01,FY_24-25,Reliance Retail Limited-SN1U,Direct,Reliance Retail,East,West Bengal,The Derma Co,30000.0,50000.0,100.0
Mar'25,2025-03-01,FY_24-25,Reliance Retail Limited-SP9K,Direct,Reliance Retail,West,Pune,Aqualogica,80000.0,120000.0,100.0
Mar'25,2025-03-01,FY_24-25,Reliance Retail Limited-SP9K,Direct,Reliance Retail,West,Pune,Mamaearth,730000.0,1520000.0,100.0
Mar'25,2025-03-01,FY_24-25,Reliance Retail Limited-SP9K,Direct,Reliance Retail,West,Pune,The Derma Co,60000.0,100000.0,100.0
Mar'25,2025-03-01,FY_24-25,Reliance Retail Limited-T0Z9,Direct,Reliance Retail,West,Gujarat,Mamaearth,30000.0,50000.0,100.0
Mar'25,2025-03-01,FY_24-25,Reliance Retail Limited-T1CT,Direct,Reliance Retail,East,West Bengal,Mamaearth,90000.0,170000.0,100.0
Mar'25,2025-03-01,FY_24-25,Reliance Retail Limited-T1NC,Direct,Reliance Retail,South-1,Kerala,Aqualogica,20000.0,40000.0,100.0
Mar'25,2025-03-01,FY_24-25,Reliance Retail Limited-T1NC,Direct,Reliance Retail,South-1,Kerala,BBlunt,0.0,0.0,100.0
Mar'25,2025-03-01,FY_24-25,Reliance Retail Limited-T1NC,Direct,Reliance Retail,South-1,Kerala,The Derma Co,40000.0,70000.0,100.0
Mar'25,2025-03-01,FY_24-25,Reliance Retail Limited-T1X4,Direct,Reliance Retail,South-1,Kerala,Mamaearth,30000.0,50000.0,100.0
Mar'25,2025-03-01,FY_24-25,Reliance Retail Limited-T2DI,Direct,Reliance Retail,South-1,Karnataka,Aqualogica,20000.0,30000.0,100.0
Mar'25,2025-03-01,FY_24-25,Reliance Retail Limited-T2DI,Direct,Reliance Retail,South-1,Karnataka,BBlunt,10000.0,10000.0,100.0
Mar'25,2025-03-01,FY_24-25,Reliance Retail Limited-T2DI,Direct,Reliance Retail,South-1,Karnataka,The Derma Co,40000.0,60000.0,100.0
Mar'25,2025-03-01,FY_24-25,Reliance Retail Limited-T37T,Direct,Reliance Retail,North,Lucknow_UPE,Mamaearth,60000.0,120000.0,100.0
Mar'25,2025-03-01,FY_24-25,Reliance Retail Limited-T48P,Direct,Reliance Retail,North,Haryana,Mamaearth,40000.0,70000.0,100.0
Mar'25,2025-03-01,FY_24-25,Reliance Retail Limited-T84I,Direct,Reliance Retail,North,Haryana,Aqualogica,30000.0,60000.0,100.0
Mar'25,2025-03-01,FY_24-25,Reliance Retail Limited-T84I,Direct,Reliance Retail,North,Haryana,BBlunt,20000.0,30000.0,100.0
Mar'25,2025-03-01,FY_24-25,Reliance Retail Limited-T84I,Direct,Reliance Retail,North,Haryana,The Derma Co,40000.0,60000.0,100.0
Mar'25,2025-03-01,FY_24-25,Reliance Retail Limited-T915,Direct,Reliance Retail,North,UPW,Mamaearth,20000.0,40000.0,100.0
Mar'25,2025-03-01,FY_24-25,Reliance Retail Limited-TA35,Direct,Reliance Retail,South-1,Kerala,Mamaearth,20000.0,40000.0,100.0
Mar'25,2025-03-01,FY_24-25,Reliance Retail Limited-TA36,Direct,Reliance Retail,South-1,Tamil Nadu,Aqualogica,20000.0,30000.0,100.0
Mar'25,2025-03-01,FY_24-25,Reliance Retail Limited-TA36,Direct,Reliance Retail,South-1,Tamil Nadu,BBlunt,20000.0,30000.0,100.0
Mar'25,2025-03-01,FY_24-25,Reliance Retail Limited-TA36,Direct,Reliance Retail,South-1,Tamil Nadu,The Derma Co,30000.0,50000.0,100.0
Mar'25,2025-03-01,FY_24-25,Reliance Retail Limited-TA9N,Direct,Reliance Retail,East,West Bengal,Mamaearth,70000.0,140000.0,100.0
Mar'25,2025-03-01,FY_24-25,Reliance Retail Limited-TAFW,Direct,Reliance Retail,West,Mumbai,Mamaearth,20000.0,40000.0,100.0
Mar'25,2025-03-01,FY_24-25,Reliance Retail Limited-TAIE,Direct,Reliance Retail,South-1,Tamil Nadu,Aqualogica,30000.0,50000.0,100.0
Mar'25,2025-03-01,FY_24-25,Reliance Retail Limited-TAIE,Direct,Reliance Retail,South-1,Tamil Nadu,BBlunt,20000.0,20000.0,100.0
Mar'25,2025-03-01,FY_24-25,Reliance Retail Limited-TAIE,Direct,Reliance Retail,South-1,Tamil Nadu,The Derma Co,50000.0,70000.0,100.0
Mar'25,2025-03-01,FY_24-25,Reliance Retail Limited-TAUX,Direct,Reliance Retail,West,Gujarat,Mamaearth,10000.0,20000.0,100.0
Mar'25,2025-03-01,FY_24-25,Reliance Retail Limited-TC74,Direct,Reliance Retail,North,Haryana,Mamaearth,20000.0,40000.0,100.0
Mar'25,2025-03-01,FY_24-25,Reliance Retail Limited-TCD6,Direct,Reliance Retail,South-1,Tamil Nadu,Mamaearth,20000.0,40000.0,100.0
Mar'25,2025-03-01,FY_24-25,Reliance Retail Limited-TD04,Direct,Reliance Retail,East,Jharkhand,Mamaearth,20000.0,30000.0,100.0
Mar'25,2025-03-01,FY_24-25,Reliance Retail Limited-TE39,Direct,Reliance Retail,South-1,Tamil Nadu,Mamaearth,20000.0,40000.0,100.0
Mar'25,2025-03-01,FY_24-25,Reliance Retail Limited-TFY6,Direct,Reliance Retail,South-1,Tamil Nadu,Mamaearth,30000.0,50000.0,100.0
Mar'25,2025-03-01,FY_24-25,Reliance Retail Limited-TG2K,Direct,Reliance Retail,West,Gujarat,Mamaearth,20000.0,40000.0,100.0
Mar'25,2025-03-01,FY_24-25,Reliance Retail Limited-TGL6,Direct,Reliance Retail,North,Madhya Pradesh,Mamaearth,40000.0,60000.0,100.0
Mar'25,2025-03-01,FY_24-25,Reliance Retail Limited-TH93,Direct,Reliance Retail,East,Orissa,Mamaearth,40000.0,70000.0,100.0
Mar'25,2025-03-01,FY_24-25,Reliance Retail Limited-TIU6,Direct,Reliance Retail,East,Jharkhand,Mamaearth,60000.0,100000.0,100.0
Mar'25,2025-03-01,FY_24-25,Reliance Retail Limited-TL30,Direct,Reliance Retail,North,Delhi,Aqualogica,20000.0,30000.0,100.0
Mar'25,2025-03-01,FY_24-25,Reliance Retail Limited-TL30,Direct,Reliance Retail,North,Delhi,BBlunt,10000.0,10000.0,100.0
Mar'25,2025-03-01,FY_24-25,Reliance Retail Limited-TL30,Direct,Reliance Retail,North,Delhi,Mamaearth,20000.0,30000.0,100.0
Mar'25,2025-03-01,FY_24-25,Reliance Retail Limited-TL30,Direct,Reliance Retail,North,Delhi,The Derma Co,40000.0,60000.0,100.0
Mar'25,2025-03-01,FY_24-25,Reliance Retail Limited-TM27,Direct,Reliance Retail,East,Orissa,Mamaearth,40000.0,80000.0,100.0
Mar'25,2025-03-01,FY_24-25,Reliance Retail Limited-TMI6,Direct,Reliance Retail,East,Orissa,Mamaearth,50000.0,80000.0,100.0
Mar'25,2025-03-01,FY_24-25,Reliance Retail Limited-TN54,Direct,Reliance Retail,West,Chattishgarh,Mamaearth,30000.0,60000.0,100.0
Mar'25,2025-03-01,FY_24-25,Reliance Retail Limited-Tna8,Direct,Reliance Retail,West,Gujarat,Mamaearth,20000.0,40000.0,100.0
Mar'25,2025-03-01,FY_24-25,Reliance Retail Limited-TNC2,Direct,Reliance Retail,South-1,Tamil Nadu,Aqualogica,20000.0,30000.0,100.0
Mar'25,2025-03-01,FY_24-25,Reliance Retail Limited-TNC2,Direct,Reliance Retail,South-1,Tamil Nadu,BBlunt,10000.0,20000.0,100.0
Mar'25,2025-03-01,FY_24-25,Reliance Retail Limited-TNC2,Direct,Reliance Retail,South-1,Tamil Nadu,The Derma Co,20000.0,40000.0,100.0
Mar'25,2025-03-01,FY_24-25,Reliance Retail Limited-TNC7,Direct,Reliance Retail,North,Punjab,Aqualogica,40000.0,60000.0,100.0
Mar'25,2025-03-01,FY_24-25,Reliance Retail Limited-TNC7,Direct,Reliance Retail,North,Punjab,BBlunt,10000.0,20000.0,100.0
Mar'25,2025-03-01,FY_24-25,Reliance Retail Limited-TNC7,Direct,Reliance Retail,North,Punjab,Mamaearth,30000.0,70000.0,100.0
Mar'25,2025-03-01,FY_24-25,Reliance Retail Limited-TNC7,Direct,Reliance Retail,North,Punjab,The Derma Co,40000.0,70000.0,100.0
Mar'25,2025-03-01,FY_24-25,Reliance Retail Limited-TND1,Direct,Reliance Retail,West,Gujarat,Mamaearth,20000.0,30000.0,100.0
Mar'25,2025-03-01,FY_24-25,Reliance Retail Limited-TND2,Direct,Reliance Retail,South-1,Tamil Nadu,Aqualogica,20000.0,30000.0,100.0
Mar'25,2025-03-01,FY_24-25,Reliance Retail Limited-TND2,Direct,Reliance Retail,South-1,Tamil Nadu,BBlunt,10000.0,20000.0,100.0
Mar'25,2025-03-01,FY_24-25,Reliance Retail Limited-TND2,Direct,Reliance Retail,South-1,Tamil Nadu,Mamaearth,20000.0,30000.0,100.0
Mar'25,2025-03-01,FY_24-25,Reliance Retail Limited-TND2,Direct,Reliance Retail,South-1,Tamil Nadu,The Derma Co,30000.0,50000.0,100.0
Mar'25,2025-03-01,FY_24-25,Reliance Retail Limited-TND4,Direct,Reliance Retail,East,West Bengal,Mamaearth,20000.0,50000.0,100.0
Mar'25,2025-03-01,FY_24-25,Reliance Retail Limited-Tnd5,Direct,Reliance Retail,West,Gujarat,Mamaearth,20000.0,40000.0,100.0
Mar'25,2025-03-01,FY_24-25,Reliance Retail Limited-TND6,Direct,Reliance Retail,South-1,Tamil Nadu,Mamaearth,30000.0,60000.0,100.0
Mar'25,2025-03-01,FY_24-25,Reliance Retail Limited-TND7,Direct,Reliance Retail,South-1,Tamil Nadu,Mamaearth,20000.0,40000.0,100.0
Mar'25,2025-03-01,FY_24-25,Reliance Retail Limited-TNE1,Direct,Reliance Retail,South-1,Karnataka,Mamaearth,30000.0,60000.0,100.0
Mar'25,2025-03-01,FY_24-25,Reliance Retail Limited-TO19,Direct,Reliance Retail,South-1,Kerala,Mamaearth,30000.0,50000.0,100.0
Mar'25,2025-03-01,FY_24-25,Reliance Retail Limited-TOG3,Direct,Reliance Retail,East,West Bengal,Mamaearth,50000.0,90000.0,100.0
Mar'25,2025-03-01,FY_24-25,Reliance Retail Limited-TOL2,Direct,Reliance Retail,North,Madhya Pradesh,Aqualogica,20000.0,30000.0,100.0
Mar'25,2025-03-01,FY_24-25,Reliance Retail Limited-TOL2,Direct,Reliance Retail,North,Madhya Pradesh,BBlunt,0.0,10000.0,100.0
Mar'25,2025-03-01,FY_24-25,Reliance Retail Limited-TOL2,Direct,Reliance Retail,North,Madhya Pradesh,The Derma Co,10000.0,20000.0,100.0
Mar'25,2025-03-01,FY_24-25,Reliance Retail Limited-TOM0,Direct,Reliance Retail,West,Mumbai,Mamaearth,20000.0,30000.0,100.0
Mar'25,2025-03-01,FY_24-25,Reliance Retail Limited-TP06,Direct,Reliance Retail,North,Delhi,Mamaearth,10000.0,20000.0,100.0
Mar'25,2025-03-01,FY_24-25,Reliance Retail Limited-TP23,Direct,Reliance Retail,South-1,Kerala,Mamaearth,20000.0,30000.0,100.0
Mar'25,2025-03-01,FY_24-25,Reliance Retail Limited-TQ61,Direct,Reliance Retail,South-1,Kerala,Mamaearth,30000.0,60000.0,100.0
Mar'25,2025-03-01,FY_24-25,Reliance Retail Limited-TW11,Direct,Reliance Retail,North,Delhi,Mamaearth,20000.0,30000.0,100.0
Mar'25,2025-03-01,FY_24-25,Reliance Retail Limited-TZ8R,Direct,Reliance Retail,North,Uttarakhand,Mamaearth,60000.0,100000.0,100.0
Mar'25,2025-03-01,FY_24-25,Reliance Retail Limited-TZL5,Direct,Reliance Retail,East,Bihar,Aqualogica,40000.0,60000.0,100.0
Mar'25,2025-03-01,FY_24-25,Reliance Retail Limited-TZL5,Direct,Reliance Retail,East,Bihar,BBlunt,20000.0,40000.0,100.0
Mar'25,2025-03-01,FY_24-25,Reliance Retail Limited-TZL5,Direct,Reliance Retail,East,Bihar,Mamaearth,30000.0,70000.0,100.0
Mar'25,2025-03-01,FY_24-25,Reliance Retail Limited-TZL5,Direct,Reliance Retail,East,Bihar,The Derma Co,70000.0,110000.0,100.0
Mar'25,2025-03-01,FY_24-25,Reliance Retail Limited-ZZI0-B,Direct,Reliance Retail,South-1,Kerala,Aqualogica,60000.0,90000.0,100.0
Mar'25,2025-03-01,FY_24-25,Reliance Retail Limited-ZZI0-B,Direct,Reliance Retail,South-1,Kerala,Mamaearth,180000.0,310000.0,100.0
Mar'25,2025-03-01,FY_24-25,Reliance Retail Ltd _Madhavaram- TNB8,Direct,Reliance Retail,South-1,Tamil Nadu,Mamaearth,80000.0,140000.0,100.0
Mar'25,2025-03-01,FY_24-25,Reliance Retail Ltd _Mysore_2994,Direct,Reliance Retail,South-1,Karnataka,Mamaearth,10000.0,10000.0,100.0
Mar'25,2025-03-01,FY_24-25,Reliance Retail Ltd _RAJAJI NAGAR- FR49,Direct,Reliance Retail,South-1,Karnataka,Aqualogica,50000.0,70000.0,100.0
Mar'25,2025-03-01,FY_24-25,Reliance Retail Ltd _RAJAJI NAGAR- FR49,Direct,Reliance Retail,South-1,Karnataka,BBlunt,10000.0,20000.0,100.0
Mar'25,2025-03-01,FY_24-25,Reliance Retail Ltd _RAJAJI NAGAR- FR49,Direct,Reliance Retail,South-1,Karnataka,Mamaearth,40000.0,70000.0,100.0
Mar'25,2025-03-01,FY_24-25,Reliance Retail Ltd _RAJAJI NAGAR- FR49,Direct,Reliance Retail,South-1,Karnataka,The Derma Co,60000.0,100000.0,100.0
Mar'25,2025-03-01,FY_24-25,Reliance Retail Ltd_Davanagere- TNC0,Direct,Reliance Retail,South-1,Karnataka,Mamaearth,20000.0,30000.0,100.0
Mar'25,2025-03-01,FY_24-25,Reliance Retail Ltd_Hubballi_2997,Direct,Reliance Retail,South-1,Karnataka,Mamaearth,20000.0,40000.0,100.0
Mar'25,2025-03-01,FY_24-25,RELIANCE RETAIL Ltd-SLEW,Direct,Reliance Retail,West,Chattishgarh,Aqualogica,170000.0,270000.0,100.0
Mar'25,2025-03-01,FY_24-25,RELIANCE RETAIL Ltd-SLEW,Direct,Reliance Retail,West,Chattishgarh,Mamaearth,1020000.0,2640000.0,100.0
Mar'25,2025-03-01,FY_24-25,RELIANCE RETAIL Ltd-SLEW,Direct,Reliance Retail,West,Chattishgarh,The Derma Co,90000.0,150000.0,100.0
Mar'25,2025-03-01,FY_24-25,Tnsi Retail Pvt Ltd_Sultanpur,Direct,WH-Smith,North,Haryana,Aqualogica,30000.0,60000.0,100.0
Mar'25,2025-03-01,FY_24-25,Tnsi Retail Pvt Ltd_Sultanpur,Direct,WH-Smith,North,Haryana,Mamaearth,90000.0,180000.0,100.0
Mar'25,2025-03-01,FY_24-25,Trent Hypermarket Private Limited_Blr,Direct,Trent,South-1,Karnataka,Mamaearth,140000.0,300000.0,100.0
Mar'25,2025-03-01,FY_24-25,Trent Hypermarket Private Limited_Mah,Direct,Trent,West,Mumbai,Mamaearth,130000.0,270000.0,100.0
Mar'25,2025-03-01,FY_24-25,Trent Hypermarket Private Limited-P,Direct,Trent,West,Pune,Mamaearth,160000.0,290000.0,100.0
Mar'25,2025-03-01,FY_24-25,Wal-Mart India Private Limited 4702,Direct,Walmart CNC,North,Punjab,Mamaearth,30000.0,50000.0,100.0
Mar'25,2025-03-01,FY_24-25,Wal-Mart India Private Limited 4703,Direct,Walmart CNC,North,Punjab,Mamaearth,90000.0,180000.0,100.0
Mar'25,2025-03-01,FY_24-25,Wal-Mart India Private Limited 4706,Direct,Walmart CNC,North,Punjab,Mamaearth,60000.0,110000.0,100.0
Mar'25,2025-03-01,FY_24-25,Wal-Mart India Private Limited 4712,Direct,Walmart CNC,North,Madhya Pradesh,Mamaearth,30000.0,60000.0,100.0
Mar'25,2025-03-01,FY_24-25,Wal-Mart India Private Limited 4713,Direct,Walmart CNC,North,Rajasthan,Mamaearth,-40000.0,-70000.0,100.0
Mar'25,2025-03-01,FY_24-25,Wal-Mart India Private Limited 4716,Direct,Walmart CNC,West,Chattishgarh,Mamaearth,80000.0,150000.0,100.0
Mar'25,2025-03-01,FY_24-25,Wal-Mart India Private Limited 4719,Direct,Walmart CNC,North,Jammu,Mamaearth,170000.0,330000.0,100.0
Mar'25,2025-03-01,FY_24-25,Wal-Mart India Private Limited 4720,Direct,Walmart CNC,North,UPW,Mamaearth,50000.0,90000.0,100.0
Mar'25,2025-03-01,FY_24-25,Wal-Mart India Private Limited 4721,Direct,Walmart CNC,South-2,Andhra Pradesh,Mamaearth,30000.0,50000.0,100.0
Mar'25,2025-03-01,FY_24-25,Wal-Mart India Private Limited 4723,Direct,Walmart CNC,North,Lucknow_UPE,Mamaearth,80000.0,160000.0,100.0
Mar'25,2025-03-01,FY_24-25,Wal-Mart India Private Limited 4724,Direct,Walmart CNC,West,Pune,Mamaearth,70000.0,130000.0,100.0
Mar'25,2025-03-01,FY_24-25,Wal-Mart India Private Limited 4727,Direct,Walmart CNC,North,Lucknow_UPE,Mamaearth,50000.0,90000.0,100.0
Mar'25,2025-03-01,FY_24-25,Wal-Mart India Private Limited 4729,Direct,Walmart CNC,North,Madhya Pradesh,Mamaearth,30000.0,50000.0,100.0
Mar'25,2025-03-01,FY_24-25,Wal-Mart India Private Limited 4734,Direct,Walmart CNC,South-2,Telangana,Mamaearth,30000.0,50000.0,100.0
Mar'25,2025-03-01,FY_24-25,Wal-Mart India Private Limited 4742,Direct,Walmart CNC,South-2,Andhra Pradesh,Mamaearth,60000.0,110000.0,100.0
Mar'25,2025-03-01,FY_24-25,Wal-Mart India Private Limited 4744,Direct,Walmart CNC,West,Pune,Mamaearth,60000.0,110000.0,100.0
Mar'25,2025-03-01,FY_24-25,Wal-Mart India Private Limited 4760,Direct,Walmart CNC,North,Madhya Pradesh,Mamaearth,40000.0,80000.0,100.0
Mar'25,2025-03-01,FY_24-25,Wal-Mart India Private Limited 4797,Direct,Walmart CNC,North,Lucknow_UPE,Mamaearth,50000.0,100000.0,100.0
Mar'25,2025-03-01,FY_24-25,Wal-Mart India Private Limited 4799,Direct,Walmart CNC,South-2,Andhra Pradesh,Mamaearth,60000.0,120000.0,100.0
Mar'25,2025-03-01,FY_24-25,Wal-Mart India Private Limited 4801,Direct,Walmart CNC,North,Punjab,Mamaearth,30000.0,50000.0,100.0
Mar'25,2025-03-01,FY_24-25,Wal-Mart India Private Limited 4803,Direct,Walmart CNC,North,Madhya Pradesh,Mamaearth,30000.0,60000.0,100.0
Mar'25,2025-03-01,FY_24-25,Wal-Mart India Private Limited 4805,Direct,Walmart CNC,South-2,Andhra Pradesh,Mamaearth,50000.0,90000.0,100.0
Mar'25,2025-03-01,FY_24-25,Wal-Mart India Private Limited 4814,Direct,Walmart CNC,South-2,Andhra Pradesh,Mamaearth,120000.0,220000.0,100.0
Mar'25,2025-03-01,FY_24-25,Wellness Forever Medicare Ltd,Direct,Wellness Forever,West,Mumbai,Aqualogica,730000.0,1230000.0,100.0
Mar'25,2025-03-01,FY_24-25,Wellness Forever Medicare Ltd,Direct,Wellness Forever,West,Mumbai,Mamaearth,2690000.0,4520000.0,100.0
Mar'25,2025-03-01,FY_24-25,Wellness Forever Medicare Ltd,Direct,Wellness Forever,West,Mumbai,The Derma Co,9300000.0,15680000.0,100.0
Mar'25,2025-03-01,FY_24-25,Aggarwal Associates,Dist.,VMM,North,Punjab,Mamaearth,-120000.0,-1100000.0,100.0
Mar'25,2025-03-01,FY_24-25,Arc Foods And Beverages_Mt_H&G,Dist.,H&G,South-1,Tamil Nadu,Aqualogica,300000.0,550000.0,88.24
Mar'25,2025-03-01,FY_24-25,Arc Foods And Beverages_Mt_H&G,Dist.,Apollo Healthco,South-1,Tamil Nadu,Aqualogica,40000.0,80000.0,11.76
Mar'25,2025-03-01,FY_24-25,Arc Foods And Beverages_Mt_H&G,Dist.,H&G,South-1,Tamil Nadu,BBlunt,80000.0,130000.0,100.0
Mar'25,2025-03-01,FY_24-25,Arc Foods And Beverages_Mt_H&G,Dist.,Apollo Healthco,South-1,Tamil Nadu,Mamaearth,610000.0,1160000.0,57.55
Mar'25,2025-03-01,FY_24-25,Arc Foods And Beverages_Mt_H&G,Dist.,H&G,South-1,Tamil Nadu,Mamaearth,450000.0,850000.0,42.45
Mar'25,2025-03-01,FY_24-25,Arc Foods And Beverages_Mt_H&G,Dist.,H&G,South-1,Tamil Nadu,The Derma Co,1020000.0,1860000.0,82.26
Mar'25,2025-03-01,FY_24-25,Arc Foods And Beverages_Mt_H&G,Dist.,Apollo Healthco,South-1,Tamil Nadu,The Derma Co,220000.0,400000.0,17.74
Mar'25,2025-03-01,FY_24-25,Az Enterprises(Apollo/More)Mt,Dist.,Apollo Healthco,South-1,Karnataka,Aqualogica,230000.0,370000.0,74.19
Mar'25,2025-03-01,FY_24-25,Az Enterprises(Apollo/More)Mt,Dist.,Trilife,South-1,Karnataka,Aqualogica,10000.0,10000.0,3.23
Mar'25,2025-03-01,FY_24-25,Az Enterprises(Apollo/More)Mt,Dist.,Lulu,South-1,Karnataka,Aqualogica,10000.0,10000.0,3.23
Mar'25,2025-03-01,FY_24-25,Az Enterprises(Apollo/More)Mt,Dist.,H&G,South-1,Karnataka,Aqualogica,60000.0,100000.0,19.35
Mar'25,2025-03-01,FY_24-25,Az Enterprises(Apollo/More)Mt,Dist.,Trilife,South-1,Karnataka,BBlunt,0.0,0.0,0.0
Mar'25,2025-03-01,FY_24-25,Az Enterprises(Apollo/More)Mt,Dist.,H&G,South-1,Karnataka,BBlunt,20000.0,40000.0,100.0
Mar'25,2025-03-01,FY_24-25,Az Enterprises(Apollo/More)Mt,Dist.,Apollo Healthco,South-1,Karnataka,Mamaearth,1660000.0,3360000.0,54.07
Mar'25,2025-03-01,FY_24-25,Az Enterprises(Apollo/More)Mt,Dist.,Trilife,South-1,Karnataka,Mamaearth,10000.0,10000.0,0.33
Mar'25,2025-03-01,FY_24-25,Az Enterprises(Apollo/More)Mt,Dist.,Lulu,South-1,Karnataka,Mamaearth,190000.0,390000.0,6.19
Mar'25,2025-03-01,FY_24-25,Az Enterprises(Apollo/More)Mt,Dist.,VMM,South-1,Karnataka,Mamaearth,90000.0,170000.0,2.93
Mar'25,2025-03-01,FY_24-25,Az Enterprises(Apollo/More)Mt,Dist.,Frankross,South-1,Karnataka,Mamaearth,10000.0,30000.0,0.33
Mar'25,2025-03-01,FY_24-25,Az Enterprises(Apollo/More)Mt,Dist.,Max Hyper,South-1,Karnataka,Mamaearth,20000.0,30000.0,0.65
Mar'25,2025-03-01,FY_24-25,Az Enterprises(Apollo/More)Mt,Dist.,H&G,South-1,Karnataka,Mamaearth,800000.0,1610000.0,26.06
Mar'25,2025-03-01,FY_24-25,Az Enterprises(Apollo/More)Mt,Dist.,More Retail,South-1,Karnataka,Mamaearth,290000.0,590000.0,9.45
Mar'25,2025-03-01,FY_24-25,Az Enterprises(Apollo/More)Mt,Dist.,Apollo Healthco,South-1,Karnataka,The Derma Co,940000.0,1580000.0,39.5
Mar'25,2025-03-01,FY_24-25,Az Enterprises(Apollo/More)Mt,Dist.,Trilife,South-1,Karnataka,The Derma Co,10000.0,20000.0,0.42
Mar'25,2025-03-01,FY_24-25,Az Enterprises(Apollo/More)Mt,Dist.,Lulu,South-1,Karnataka,The Derma Co,50000.0,80000.0,2.1
Mar'25,2025-03-01,FY_24-25,Az Enterprises(Apollo/More)Mt,Dist.,H&G,South-1,Karnataka,The Derma Co,1380000.0,2300000.0,57.98
Mar'25,2025-03-01,FY_24-25,BALAJI ASSOCIATES Distributor MT,Dist.,Reliance Retail,East,Northeast-Assam,Aqualogica,250000.0,450000.0,100.0
Mar'25,2025-03-01,FY_24-25,BALAJI ASSOCIATES Distributor MT,Dist.,Reliance Retail,East,Northeast-Assam,BBlunt,90000.0,160000.0,100.0
Mar'25,2025-03-01,FY_24-25,BALAJI ASSOCIATES Distributor MT,Dist.,Reliance Retail,East,Northeast-Assam,Mamaearth,1480000.0,3450000.0,77.49
Mar'25,2025-03-01,FY_24-25,BALAJI ASSOCIATES Distributor MT,Dist.,VMM,East,Northeast-Assam,Mamaearth,430000.0,1000000.0,22.51
Mar'25,2025-03-01,FY_24-25,BALAJI ASSOCIATES Distributor MT,Dist.,Reliance Retail,East,Northeast-Assam,The Derma Co,190000.0,340000.0,100.0
Mar'25,2025-03-01,FY_24-25,CHHABRA TRADERS_Ship To,Dist.,Spencer,North,Lucknow_UPE,BBlunt,10000.0,10000.0,100.0
Mar'25,2025-03-01,FY_24-25,CHHABRA TRADERS_Ship To,Dist.,Lulu,North,Lucknow_UPE,Mamaearth,640000.0,1200000.0,83.12
Mar'25,2025-03-01,FY_24-25,CHHABRA TRADERS_Ship To,Dist.,VMM,North,Lucknow_UPE,Mamaearth,130000.0,250000.0,16.88
Mar'25,2025-03-01,FY_24-25,CHHABRA TRADERS_Ship To,Dist.,Lulu,North,Lucknow_UPE,The Derma Co,180000.0,330000.0,100.0
Mar'25,2025-03-01,FY_24-25,D.L. Sales - MT,Dist.,Apollo Healthco,East,West Bengal,Aqualogica,10000.0,20000.0,16.67
Mar'25,2025-03-01,FY_24-25,D.L. Sales - MT,Dist.,H&G,East,West Bengal,Aqualogica,40000.0,80000.0,66.67
Mar'25,2025-03-01,FY_24-25,D.L. Sales - MT,Dist.,Frankross,East,West Bengal,Aqualogica,10000.0,10000.0,16.67
Mar'25,2025-03-01,FY_24-25,D.L. Sales - MT,Dist.,H&G,East,West Bengal,BBlunt,20000.0,30000.0,100.0
Mar'25,2025-03-01,FY_24-25,D.L. Sales - MT,Dist.,Spencer,East,West Bengal,BBlunt,0.0,0.0,0.0
Mar'25,2025-03-01,FY_24-25,D.L. Sales - MT,Dist.,Apollo Healthco,East,West Bengal,Mamaearth,500000.0,920000.0,35.97
Mar'25,2025-03-01,FY_24-25,D.L. Sales - MT,Dist.,H&G,East,West Bengal,Mamaearth,110000.0,210000.0,7.91
Mar'25,2025-03-01,FY_24-25,D.L. Sales - MT,Dist.,More Retail,East,West Bengal,Mamaearth,310000.0,560000.0,22.3
Mar'25,2025-03-01,FY_24-25,D.L. Sales - MT,Dist.,Spencer,East,West Bengal,Mamaearth,280000.0,510000.0,20.14
Mar'25,2025-03-01,FY_24-25,D.L. Sales - MT,Dist.,Arambagh,East,West Bengal,Mamaearth,70000.0,130000.0,5.04
Mar'25,2025-03-01,FY_24-25,D.L. Sales - MT,Dist.,Frankross,East,West Bengal,Mamaearth,70000.0,140000.0,5.04
Mar'25,2025-03-01,FY_24-25,D.L. Sales - MT,Dist.,VMM,East,West Bengal,Mamaearth,30000.0,60000.0,2.16
Mar'25,2025-03-01,FY_24-25,D.L. Sales - MT,Dist.,Sasta Sunder,East,West Bengal,Mamaearth,20000.0,30000.0,1.44
Mar'25,2025-03-01,FY_24-25,D.L. Sales - MT,Dist.,Apollo Healthco,East,West Bengal,The Derma Co,50000.0,80000.0,13.16
Mar'25,2025-03-01,FY_24-25,D.L. Sales - MT,Dist.,H&G,East,West Bengal,The Derma Co,260000.0,460000.0,68.42
Mar'25,2025-03-01,FY_24-25,D.L. Sales - MT,Dist.,Frankross,East,West Bengal,The Derma Co,70000.0,130000.0,18.42
Mar'25,2025-03-01,FY_24-25,G.V Enterprises,Dist.,Apollo Healthco,South-1,Tamil Nadu,Mamaearth,150000.0,340000.0,4.19
Mar'25,2025-03-01,FY_24-25,G.V Enterprises,Dist.,D-Mart,South-1,Tamil Nadu,Mamaearth,3240000.0,7430000.0,90.5
Mar'25,2025-03-01,FY_24-25,G.V Enterprises,Dist.,Lulu,South-1,Tamil Nadu,Mamaearth,140000.0,330000.0,3.91
Mar'25,2025-03-01,FY_24-25,G.V Enterprises,Dist.,Pothys,South-1,Tamil Nadu,Mamaearth,50000.0,110000.0,1.4
Mar'25,2025-03-01,FY_24-25,G.V Enterprises,Dist.,Apollo Healthco,South-1,Tamil Nadu,The Derma Co,60000.0,100000.0,50.0
Mar'25,2025-03-01,FY_24-25,G.V Enterprises,Dist.,Lulu,South-1,Tamil Nadu,The Derma Co,60000.0,110000.0,50.0
Mar'25,2025-03-01,FY_24-25,Ganapati Distributor MT,Dist.,VMM,East,Orissa,Mamaearth,0.0,10000.0,
Mar'25,2025-03-01,FY_24-25,JUST MARK-Dmart,Dist.,D-Mart,West,Gujarat,Mamaearth,2260000.0,6250000.0,100.0
Mar'25,2025-03-01,FY_24-25,JUST MARK-Dmart,Dist.,D-Mart,West,Gujarat,The Derma Co,-10000.0,-20000.0,100.0
Mar'25,2025-03-01,FY_24-25,JUST MARK-Dmart_ship to,Dist.,D-Mart,West,Gujarat,Mamaearth,11940000.0,32610000.0,100.0
Mar'25,2025-03-01,FY_24-25,Kiran Trading Co- Dmart,Dist.,D-Mart,West,Pune,Mamaearth,4010000.0,10830000.0,100.0
Mar'25,2025-03-01,FY_24-25,Kiran Trading Company_Ship to,Dist.,D-Mart,West,Pune,Mamaearth,6330000.0,17640000.0,100.0
Mar'25,2025-03-01,FY_24-25,M/S KOTTARAM BUSINESS CORPORATION-MT,Dist.,H&G,South-1,Kerala,Aqualogica,10000.0,20000.0,11.11
Mar'25,2025-03-01,FY_24-25,M/S KOTTARAM BUSINESS CORPORATION-MT,Dist.,Lulu,South-1,Kerala,Aqualogica,80000.0,150000.0,88.89
Mar'25,2025-03-01,FY_24-25,M/S KOTTARAM BUSINESS CORPORATION-MT,Dist.,H&G,South-1,Kerala,BBlunt,10000.0,10000.0,100.0
Mar'25,2025-03-01,FY_24-25,M/S KOTTARAM BUSINESS CORPORATION-MT,Dist.,H&G,South-1,Kerala,Mamaearth,10000.0,10000.0,0.68
Mar'25,2025-03-01,FY_24-25,M/S KOTTARAM BUSINESS CORPORATION-MT,Dist.,Lulu,South-1,Kerala,Mamaearth,1390000.0,2900000.0,95.21
Mar'25,2025-03-01,FY_24-25,M/S KOTTARAM BUSINESS CORPORATION-MT,Dist.,Apollo Healthco,South-1,Kerala,Mamaearth,60000.0,130000.0,4.11
Mar'25,2025-03-01,FY_24-25,M/S KOTTARAM BUSINESS CORPORATION-MT,Dist.,Apollo Healthco,South-1,Kerala,The Derma Co,30000.0,60000.0,7.14
Mar'25,2025-03-01,FY_24-25,M/S KOTTARAM BUSINESS CORPORATION-MT,Dist.,H&G,South-1,Kerala,The Derma Co,30000.0,50000.0,7.14
Mar'25,2025-03-01,FY_24-25,M/S KOTTARAM BUSINESS CORPORATION-MT,Dist.,Lulu,South-1,Kerala,The Derma Co,360000.0,650000.0,85.71
Mar'25,2025-03-01,FY_24-25,MARK ENTERPRISE,Dist.,Apollo Healthco,West,Gujarat,Mamaearth,590000.0,1090000.0,100.0
Mar'25,2025-03-01,FY_24-25,PRAGATI SALES-Apollo,Dist.,Apollo Healthco,West,Chattishgarh,Mamaearth,140000.0,270000.0,100.0
Mar'25,2025-03-01,FY_24-25,PRAGATI SALES-D-MART,Dist.,D-Mart,West,Chattishgarh,Mamaearth,1000000.0,2680000.0,100.0
Mar'25,2025-03-01,FY_24-25,R.C. Trade Link H&G,Dist.,H&G,West,Mumbai,Mamaearth,0.0,20000.0,
Mar'25,2025-03-01,FY_24-25,R.C. Trade Link H&G,Dist.,H&G,West,Mumbai,The Derma Co,60000.0,90000.0,100.0
Mar'25,2025-03-01,FY_24-25,Sancus Networks Private Limited-RMT,Dist.,RMT-Sancus,North,Delhi,BBlunt,0.0,0.0,
Mar'25,2025-03-01,FY_24-25,Sancus Networks Private Limited-RMT,Dist.,More Retail,North,Delhi,Mamaearth,180000.0,340000.0,10.84
Mar'25,2025-03-01,FY_24-25,Sancus Networks Private Limited-RMT,Dist.,RMT-Sancus,North,Delhi,Mamaearth,1480000.0,2840000.0,89.16
Mar'25,2025-03-01,FY_24-25,Sancus Networks Private Limited-RMT,Dist.,RMT-Sancus,North,Delhi,The Derma Co,240000.0,420000.0,100.0
Mar'25,2025-03-01,FY_24-25,Sathyashree Enterprises-Mt,Dist.,D-Mart,South-1,Karnataka,Mamaearth,600000.0,1410000.0,100.0
Mar'25,2025-03-01,FY_24-25,Sri Lalitha Enterprises,Dist.,B&N,South-1,Tamil Nadu,BBlunt,0.0,0.0,
Mar'25,2025-03-01,FY_24-25,Sri Lalitha Enterprises,Dist.,Grace Super MKT,South-1,Tamil Nadu,Mamaearth,140000.0,260000.0,16.87
Mar'25,2025-03-01,FY_24-25,Sri Lalitha Enterprises,Dist.,Pothys,South-1,Tamil Nadu,Mamaearth,130000.0,250000.0,15.66
Mar'25,2025-03-01,FY_24-25,Sri Lalitha Enterprises,Dist.,Sarvana,South-1,Tamil Nadu,Mamaearth,560000.0,1020000.0,67.47
Mar'25,2025-03-01,FY_24-25,Sri Lalitha Enterprises,Dist.,B&N,South-1,Tamil Nadu,The Derma Co,-10000.0,-10000.0,100.0
Mar'25,2025-03-01,FY_24-25,Sri Vijaya Durga Agencies_Mt,Dist.,H&G,South-2,Andhra Pradesh,Aqualogica,50000.0,80000.0,9.09
Mar'25,2025-03-01,FY_24-25,Sri Vijaya Durga Agencies_Mt,Dist.,Reliance Retail,South-2,Andhra Pradesh,Aqualogica,500000.0,930000.0,90.91
Mar'25,2025-03-01,FY_24-25,Sri Vijaya Durga Agencies_Mt,Dist.,H&G,South-2,Andhra Pradesh,BBlunt,60000.0,100000.0,100.0
Mar'25,2025-03-01,FY_24-25,Sri Vijaya Durga Agencies_Mt,Dist.,Apollo Healthco,South-2,Andhra Pradesh,Mamaearth,1460000.0,3570000.0,21.95
Mar'25,2025-03-01,FY_24-25,Sri Vijaya Durga Agencies_Mt,Dist.,D-Mart,South-2,Andhra Pradesh,Mamaearth,3120000.0,7620000.0,46.92
Mar'25,2025-03-01,FY_24-25,Sri Vijaya Durga Agencies_Mt,Dist.,H&G,South-2,Andhra Pradesh,Mamaearth,60000.0,160000.0,0.9
Mar'25,2025-03-01,FY_24-25,Sri Vijaya Durga Agencies_Mt,Dist.,Reliance Retail,South-2,Andhra Pradesh,Mamaearth,1910000.0,4660000.0,28.72
Mar'25,2025-03-01,FY_24-25,Sri Vijaya Durga Agencies_Mt,Dist.,More Retail,South-2,Andhra Pradesh,Mamaearth,100000.0,250000.0,1.5
Mar'25,2025-03-01,FY_24-25,Sri Vijaya Durga Agencies_Mt,Dist.,H&G,South-2,Andhra Pradesh,The Derma Co,200000.0,360000.0,50.0
Mar'25,2025-03-01,FY_24-25,Sri Vijaya Durga Agencies_Mt,Dist.,Reliance Retail,South-2,Andhra Pradesh,The Derma Co,200000.0,360000.0,50.0
Mar'25,2025-03-01,FY_24-25,United Marketing_Mt-Ship to,Dist.,Apollo Healthco,West,Goa,Mamaearth,50000.0,80000.0,100.0
Mar'25,2025-03-01,FY_24-25,Vanaja Agencies MT_Dmart,Dist.,D-Mart,South-2,Telangana,Mamaearth,-3390000.0,-8330000.0,100.0
Mar'25,2025-03-01,FY_24-25,Vanaja Agencies MT_Dmart,Dist.,D-Mart,South-2,Telangana,The Derma Co,140000.0,290000.0,100.0
Mar'25,2025-03-01,FY_24-25,Vanaja Agencies_Mt,Dist.,H&G,South-2,Telangana,Aqualogica,80000.0,150000.0,23.53
Mar'25,2025-03-01,FY_24-25,Vanaja Agencies_Mt,Dist.,Reliance Retail,South-2,Telangana,Aqualogica,200000.0,370000.0,58.82
Mar'25,2025-03-01,FY_24-25,Vanaja Agencies_Mt,Dist.,Lulu,South-2,Telangana,Aqualogica,0.0,0.0,0.0
Mar'25,2025-03-01,FY_24-25,Vanaja Agencies_Mt,Dist.,Apollo Healthco,South-2,Telangana,Aqualogica,20000.0,40000.0,5.88
Mar'25,2025-03-01,FY_24-25,Vanaja Agencies_Mt,Dist.,More Retail,South-2,Telangana,Aqualogica,40000.0,70000.0,11.76
Mar'25,2025-03-01,FY_24-25,Vanaja Agencies_Mt,Dist.,H&G,South-2,Telangana,BBlunt,80000.0,130000.0,66.67
Mar'25,2025-03-01,FY_24-25,Vanaja Agencies_Mt,Dist.,Reliance Retail,South-2,Telangana,BBlunt,40000.0,70000.0,33.33
Mar'25,2025-03-01,FY_24-25,Vanaja Agencies_Mt,Dist.,Apollo Healthco,South-2,Telangana,Mamaearth,-390000.0,-680000.0,21.79
Mar'25,2025-03-01,FY_24-25,Vanaja Agencies_Mt,Dist.,H&G,South-2,Telangana,Mamaearth,-130000.0,-220000.0,7.26
Mar'25,2025-03-01,FY_24-25,Vanaja Agencies_Mt,Dist.,More Retail,South-2,Telangana,Mamaearth,-140000.0,-250000.0,7.82
Mar'25,2025-03-01,FY_24-25,Vanaja Agencies_Mt,Dist.,Reliance Retail,South-2,Telangana,Mamaearth,-940000.0,-1630000.0,52.51
Mar'25,2025-03-01,FY_24-25,Vanaja Agencies_Mt,Dist.,Lulu,South-2,Telangana,Mamaearth,-10000.0,-20000.0,0.56
Mar'25,2025-03-01,FY_24-25,Vanaja Agencies_Mt,Dist.,Ratnadeep,South-2,Telangana,Mamaearth,-180000.0,-310000.0,10.06
Mar'25,2025-03-01,FY_24-25,Vanaja Agencies_Mt,Dist.,H&G,South-2,Telangana,The Derma Co,320000.0,570000.0,54.24
Mar'25,2025-03-01,FY_24-25,Vanaja Agencies_Mt,Dist.,Reliance Retail,South-2,Telangana,The Derma Co,90000.0,170000.0,15.25
Mar'25,2025-03-01,FY_24-25,Vanaja Agencies_Mt,Dist.,Lulu,South-2,Telangana,The Derma Co,0.0,10000.0,0.0
Mar'25,2025-03-01,FY_24-25,Vanaja Agencies_Mt,Dist.,Apollo Healthco,South-2,Telangana,The Derma Co,70000.0,120000.0,11.86
Mar'25,2025-03-01,FY_24-25,Vanaja Agencies_Mt,Dist.,More Retail,South-2,Telangana,The Derma Co,110000.0,190000.0,18.64
Mar'25,2025-03-01,FY_24-25,VISHAL ENTERPRISES_Solapur,Dist.,D-Mart,West,Pune,Mamaearth,1960000.0,5350000.0,100.0
Apr'24,2024-04-01,FY_24-25,Ascent Wellness,Direct,Ascent Wellness,West,Mumbai,Mamaearth,-50000.0,-80000.0,100.0
Apr'24,2024-04-01,FY_24-25,Ascent Wellness Pharma Solutions Pvt Ltd (A unit of AWPSPL),Direct,Ascent Wellness,West,Mumbai,The Derma Co,0.0,0.0,100.0
Apr'24,2024-04-01,FY_24-25,D.C. Agencies Pvt Ltd(Patparganj)(A unit of AWPSPL),Direct,Ascent Wellness,North,Delhi,Mamaearth,0.0,0.0,100.0
Apr'24,2024-04-01,FY_24-25,Eremedium Private Limited_Shipto,Direct,Eremedium,North,UPW,The Derma Co,210000.0,380000.0,100.0
Apr'24,2024-04-01,FY_24-25,Fsn Distribution Ltd_Bhiwandi,Direct,Nykaa SS(fsn),West,Mumbai,Mamaearth,-270000.0,-490000.0,100.0
Apr'24,2024-04-01,FY_24-25,Fsn Distribution Ltd_Gallops,Direct,Nykaa SS(fsn),West,Gujarat,Aqualogica,50000.0,80000.0,100.0
Apr'24,2024-04-01,FY_24-25,Fsn Distribution Ltd_Gallops,Direct,Nykaa SS(fsn),West,Gujarat,BBlunt,10000.0,20000.0,100.0
Apr'24,2024-04-01,FY_24-25,Fsn Distribution Ltd_Gallops,Direct,Nykaa SS(fsn),West,Gujarat,Mamaearth,350000.0,670000.0,100.0
Apr'24,2024-04-01,FY_24-25,Fsn Distribution Ltd_Gallops,Direct,Nykaa SS(fsn),West,Gujarat,The Derma Co,50000.0,80000.0,100.0
Apr'24,2024-04-01,FY_24-25,Fsn Distribution Ltd_Gondkheri,Direct,Nykaa SS(fsn),West,Mumbai,Aqualogica,70000.0,120000.0,100.0
Apr'24,2024-04-01,FY_24-25,Fsn Distribution Ltd_Gondkheri,Direct,Nykaa SS(fsn),West,Mumbai,BBlunt,20000.0,40000.0,100.0
Apr'24,2024-04-01,FY_24-25,Fsn Distribution Ltd_Gondkheri,Direct,Nykaa SS(fsn),West,Mumbai,Mamaearth,220000.0,410000.0,100.0
Apr'24,2024-04-01,FY_24-25,Fsn Distribution Ltd_Gondkheri,Direct,Nykaa SS(fsn),West,Mumbai,The Derma Co,210000.0,350000.0,100.0
Apr'24,2024-04-01,FY_24-25,Fsn Distribution Ltd_Hobli,Direct,Nykaa SS(fsn),South-1,Karnataka,Aqualogica,370000.0,610000.0,100.0
Apr'24,2024-04-01,FY_24-25,Fsn Distribution Ltd_Hobli,Direct,Nykaa SS(fsn),South-1,Karnataka,BBlunt,10000.0,20000.0,100.0
Apr'24,2024-04-01,FY_24-25,Fsn Distribution Ltd_Hobli,Direct,Nykaa SS(fsn),South-1,Karnataka,Mamaearth,1500000.0,2960000.0,100.0
Apr'24,2024-04-01,FY_24-25,Fsn Distribution Ltd_Hobli,Direct,Nykaa SS(fsn),South-1,Karnataka,The Derma Co,510000.0,830000.0,100.0
Apr'24,2024-04-01,FY_24-25,Fsn Distribution Ltd_Kairapari,Direct,Nykaa SS(fsn),East,Orissa,Aqualogica,50000.0,80000.0,100.0
Apr'24,2024-04-01,FY_24-25,Fsn Distribution Ltd_Kairapari,Direct,Nykaa SS(fsn),East,Orissa,BBlunt,10000.0,20000.0,100.0
Apr'24,2024-04-01,FY_24-25,Fsn Distribution Ltd_Kairapari,Direct,Nykaa SS(fsn),East,Orissa,Mamaearth,790000.0,1460000.0,100.0
Apr'24,2024-04-01,FY_24-25,Fsn Distribution Ltd_Kairapari,Direct,Nykaa SS(fsn),East,Orissa,The Derma Co,20000.0,40000.0,100.0
Apr'24,2024-04-01,FY_24-25,Fsn Distribution Ltd_Khasarwara,Direct,Nykaa SS(fsn),North,UPW,Aqualogica,70000.0,110000.0,100.0
Apr'24,2024-04-01,FY_24-25,Fsn Distribution Ltd_Khasarwara,Direct,Nykaa SS(fsn),North,UPW,BBlunt,10000.0,20000.0,100.0
Apr'24,2024-04-01,FY_24-25,Fsn Distribution Ltd_Khasarwara,Direct,Nykaa SS(fsn),North,UPW,Mamaearth,1010000.0,1920000.0,100.0
Apr'24,2024-04-01,FY_24-25,Fsn Distribution Ltd_Khasarwara,Direct,Nykaa SS(fsn),North,UPW,The Derma Co,120000.0,200000.0,100.0
Apr'24,2024-04-01,FY_24-25,Fsn Distribution Ltd_Mauja,Direct,Nykaa SS(fsn),East,Bihar,Aqualogica,50000.0,80000.0,100.0
Apr'24,2024-04-01,FY_24-25,Fsn Distribution Ltd_Mauja,Direct,Nykaa SS(fsn),East,Bihar,BBlunt,10000.0,20000.0,100.0
Apr'24,2024-04-01,FY_24-25,Fsn Distribution Ltd_Mauja,Direct,Nykaa SS(fsn),East,Bihar,Mamaearth,690000.0,1370000.0,100.0
Apr'24,2024-04-01,FY_24-25,Fsn Distribution Ltd_Mauja,Direct,Nykaa SS(fsn),East,Bihar,The Derma Co,30000.0,50000.0,100.0
Apr'24,2024-04-01,FY_24-25,Fsn Distribution Ltd_Rajpura,Direct,Nykaa SS(fsn),North,Punjab,Aqualogica,170000.0,280000.0,100.0
Apr'24,2024-04-01,FY_24-25,Fsn Distribution Ltd_Rajpura,Direct,Nykaa SS(fsn),North,Punjab,BBlunt,30000.0,50000.0,100.0
Apr'24,2024-04-01,FY_24-25,Fsn Distribution Ltd_Rajpura,Direct,Nykaa SS(fsn),North,Punjab,Mamaearth,-140000.0,-150000.0,100.0
Apr'24,2024-04-01,FY_24-25,Fsn Distribution Ltd_Rajpura,Direct,Nykaa SS(fsn),North,Punjab,The Derma Co,230000.0,370000.0,100.0
Apr'24,2024-04-01,FY_24-25,Fsn Distribution Ltd_Ranihat,Direct,Nykaa SS(fsn),East,West Bengal,Aqualogica,60000.0,100000.0,100.0
Apr'24,2024-04-01,FY_24-25,Fsn Distribution Ltd_Ranihat,Direct,Nykaa SS(fsn),East,West Bengal,BBlunt,10000.0,20000.0,100.0
Apr'24,2024-04-01,FY_24-25,Fsn Distribution Ltd_Ranihat,Direct,Nykaa SS(fsn),East,West Bengal,Mamaearth,210000.0,390000.0,100.0
Apr'24,2024-04-01,FY_24-25,Fsn Distribution Ltd_Ranihat,Direct,Nykaa SS(fsn),East,West Bengal,The Derma Co,100000.0,160000.0,100.0
Apr'24,2024-04-01,FY_24-25,Fsn Distribution Ltd_Revenue Village,Direct,Nykaa SS(fsn),East,Northeast-Assam,Mamaearth,0.0,0.0,100.0
Apr'24,2024-04-01,FY_24-25,Fsn Distribution Ltd_Sarpara,Direct,Nykaa SS(fsn),East,Northeast-Assam,Aqualogica,80000.0,130000.0,100.0
Apr'24,2024-04-01,FY_24-25,Fsn Distribution Ltd_Sarpara,Direct,Nykaa SS(fsn),East,Northeast-Assam,BBlunt,10000.0,20000.0,100.0
Apr'24,2024-04-01,FY_24-25,Fsn Distribution Ltd_Sarpara,Direct,Nykaa SS(fsn),East,Northeast-Assam,Mamaearth,1470000.0,2870000.0,100.0
Apr'24,2024-04-01,FY_24-25,Fsn Distribution Ltd_Sarpara,Direct,Nykaa SS(fsn),East,Northeast-Assam,The Derma Co,160000.0,260000.0,100.0
Apr'24,2024-04-01,FY_24-25,Fsn Distribution Ltd_Tiruvallur,Direct,Nykaa SS(fsn),South-1,Tamil Nadu,Aqualogica,40000.0,60000.0,100.0
Apr'24,2024-04-01,FY_24-25,Fsn Distribution Ltd_Tiruvallur,Direct,Nykaa SS(fsn),South-1,Tamil Nadu,Mamaearth,340000.0,610000.0,100.0
Apr'24,2024-04-01,FY_24-25,Fsn Distribution Ltd_Tiruvallur,Direct,Nykaa SS(fsn),South-1,Tamil Nadu,The Derma Co,60000.0,90000.0,100.0
Apr'24,2024-04-01,FY_24-25,Fsn Distribution Ltd_Village Gurhi,Direct,Nykaa SS(fsn),North,Haryana,Aqualogica,210000.0,420000.0,100.0
Apr'24,2024-04-01,FY_24-25,Fsn Distribution Ltd_Village Gurhi,Direct,Nykaa SS(fsn),North,Haryana,BBlunt,30000.0,50000.0,100.0
Apr'24,2024-04-01,FY_24-25,Fsn Distribution Ltd_Village Gurhi,Direct,Nykaa SS(fsn),North,Haryana,Mamaearth,430000.0,860000.0,100.0
Apr'24,2024-04-01,FY_24-25,Fsn Distribution Ltd_Village Gurhi,Direct,Nykaa SS(fsn),North,Haryana,The Derma Co,360000.0,620000.0,100.0
Apr'24,2024-04-01,FY_24-25,Fsn Distribution Ltd_Village Sonale,Direct,Nykaa SS(fsn),West,Mumbai,Aqualogica,60000.0,90000.0,100.0
Apr'24,2024-04-01,FY_24-25,Fsn Distribution Ltd_Village Sonale,Direct,Nykaa SS(fsn),West,Mumbai,BBlunt,70000.0,110000.0,100.0
Apr'24,2024-04-01,FY_24-25,Fsn Distribution Ltd_Village Sonale,Direct,Nykaa SS(fsn),West,Mumbai,Mamaearth,510000.0,960000.0,100.0
Apr'24,2024-04-01,FY_24-25,Fsn Distribution Ltd_Village Sonale,Direct,Nykaa SS(fsn),West,Mumbai,The Derma Co,510000.0,840000.0,100.0
Apr'24,2024-04-01,FY_24-25,Fsn Distribution Ltd_Yamjal Village,Direct,Nykaa SS(fsn),South-2,Telangana,Aqualogica,50000.0,80000.0,100.0
Apr'24,2024-04-01,FY_24-25,Fsn Distribution Ltd_Yamjal Village,Direct,Nykaa SS(fsn),South-2,Telangana,BBlunt,10000.0,20000.0,100.0
Apr'24,2024-04-01,FY_24-25,Fsn Distribution Ltd_Yamjal Village,Direct,Nykaa SS(fsn),South-2,Telangana,Mamaearth,280000.0,510000.0,100.0
Apr'24,2024-04-01,FY_24-25,Fsn Distribution Ltd_Yamjal Village,Direct,Nykaa SS(fsn),South-2,Telangana,The Derma Co,60000.0,90000.0,100.0
Apr'24,2024-04-01,FY_24-25,Mahaveer Medi-Sales Private Limited(A unit of AWPSPL),Direct,Ascent Wellness,South-1,Karnataka,Mamaearth,690000.0,1210000.0,100.0
Apr'24,2024-04-01,FY_24-25,Medicos Healthcare,Direct,Ascent Wellness,North,Punjab,Mamaearth,0.0,-10000.0,100.0
May'24,2024-05-01,FY_24-25,Ascent Wellness Pharma Solutions Pvt Ltd (A unit of AWPSPL),Direct,Ascent Wellness,West,Mumbai,Mamaearth,-30000.0,-50000.0,100.0
May'24,2024-05-01,FY_24-25,D.C. Agencies Pvt Ltd(Mayapuri)(A unit of AWPSPL),Direct,Ascent Wellness,North,Delhi,Mamaearth,-10000.0,-30000.0,100.0
May'24,2024-05-01,FY_24-25,Desai Pharma Distributors Pvt. Ltd,Direct,Ascent Wellness,West,Mumbai,Mamaearth,-40000.0,-60000.0,100.0
May'24,2024-05-01,FY_24-25,Eremedium Private Limited_Dosi,Direct,Eremedium,North,UPW,Mamaearth,-80000.0,-150000.0,100.0
May'24,2024-05-01,FY_24-25,Eremedium Private Limited_Dosi,Direct,Eremedium,North,UPW,The Derma Co,-230000.0,-430000.0,100.0
May'24,2024-05-01,FY_24-25,Eremedium Private Limited_Shipto,Direct,Eremedium,North,UPW,The Derma Co,310000.0,570000.0,100.0
May'24,2024-05-01,FY_24-25,Fsn Distribution Ltd_Gallops,Direct,Nykaa SS(fsn),West,Gujarat,Aqualogica,10000.0,20000.0,100.0
May'24,2024-05-01,FY_24-25,Fsn Distribution Ltd_Gallops,Direct,Nykaa SS(fsn),West,Gujarat,Mamaearth,480000.0,910000.0,100.0
May'24,2024-05-01,FY_24-25,Fsn Distribution Ltd_Gallops,Direct,Nykaa SS(fsn),West,Gujarat,The Derma Co,70000.0,120000.0,100.0
May'24,2024-05-01,FY_24-25,Fsn Distribution Ltd_Gondkheri,Direct,Nykaa SS(fsn),West,Mumbai,Aqualogica,30000.0,50000.0,100.0
May'24,2024-05-01,FY_24-25,Fsn Distribution Ltd_Gondkheri,Direct,Nykaa SS(fsn),West,Mumbai,BBlunt,10000.0,10000.0,100.0
May'24,2024-05-01,FY_24-25,Fsn Distribution Ltd_Gondkheri,Direct,Nykaa SS(fsn),West,Mumbai,Mamaearth,500000.0,910000.0,100.0
May'24,2024-05-01,FY_24-25,Fsn Distribution Ltd_Gondkheri,Direct,Nykaa SS(fsn),West,Mumbai,The Derma Co,160000.0,270000.0,100.0
May'24,2024-05-01,FY_24-25,Fsn Distribution Ltd_Hobli,Direct,Nykaa SS(fsn),South-1,Karnataka,Aqualogica,260000.0,420000.0,100.0
May'24,2024-05-01,FY_24-25,Fsn Distribution Ltd_Hobli,Direct,Nykaa SS(fsn),South-1,Karnataka,Mamaearth,1900000.0,3760000.0,100.0
May'24,2024-05-01,FY_24-25,Fsn Distribution Ltd_Hobli,Direct,Nykaa SS(fsn),South-1,Karnataka,The Derma Co,570000.0,1120000.0,100.0
May'24,2024-05-01,FY_24-25,Fsn Distribution Ltd_Kairapari,Direct,Nykaa SS(fsn),East,Orissa,Aqualogica,20000.0,30000.0,100.0
May'24,2024-05-01,FY_24-25,Fsn Distribution Ltd_Kairapari,Direct,Nykaa SS(fsn),East,Orissa,Mamaearth,1430000.0,2690000.0,100.0
May'24,2024-05-01,FY_24-25,Fsn Distribution Ltd_Kairapari,Direct,Nykaa SS(fsn),East,Orissa,The Derma Co,20000.0,40000.0,100.0
May'24,2024-05-01,FY_24-25,Fsn Distribution Ltd_Khasarwara,Direct,Nykaa SS(fsn),North,UPW,Aqualogica,60000.0,100000.0,100.0
May'24,2024-05-01,FY_24-25,Fsn Distribution Ltd_Khasarwara,Direct,Nykaa SS(fsn),North,UPW,Mamaearth,1450000.0,2870000.0,100.0
May'24,2024-05-01,FY_24-25,Fsn Distribution Ltd_Khasarwara,Direct,Nykaa SS(fsn),North,UPW,The Derma Co,100000.0,170000.0,100.0
May'24,2024-05-01,FY_24-25,Fsn Distribution Ltd_Mauja,Direct,Nykaa SS(fsn),East,Bihar,Aqualogica,10000.0,10000.0,100.0
May'24,2024-05-01,FY_24-25,Fsn Distribution Ltd_Mauja,Direct,Nykaa SS(fsn),East,Bihar,Mamaearth,1120000.0,2130000.0,100.0
May'24,2024-05-01,FY_24-25,Fsn Distribution Ltd_Mauja,Direct,Nykaa SS(fsn),East,Bihar,The Derma Co,10000.0,20000.0,100.0
May'24,2024-05-01,FY_24-25,Fsn Distribution Ltd_Rajpura,Direct,Nykaa SS(fsn),North,Punjab,Aqualogica,90000.0,150000.0,100.0
May'24,2024-05-01,FY_24-25,Fsn Distribution Ltd_Rajpura,Direct,Nykaa SS(fsn),North,Punjab,BBlunt,20000.0,30000.0,100.0
May'24,2024-05-01,FY_24-25,Fsn Distribution Ltd_Rajpura,Direct,Nykaa SS(fsn),North,Punjab,Mamaearth,790000.0,1540000.0,100.0
May'24,2024-05-01,FY_24-25,Fsn Distribution Ltd_Rajpura,Direct,Nykaa SS(fsn),North,Punjab,The Derma Co,230000.0,380000.0,100.0
May'24,2024-05-01,FY_24-25,Fsn Distribution Ltd_Ranihat,Direct,Nykaa SS(fsn),East,West Bengal,Aqualogica,90000.0,150000.0,100.0
May'24,2024-05-01,FY_24-25,Fsn Distribution Ltd_Ranihat,Direct,Nykaa SS(fsn),East,West Bengal,Mamaearth,1350000.0,2620000.0,100.0
May'24,2024-05-01,FY_24-25,Fsn Distribution Ltd_Ranihat,Direct,Nykaa SS(fsn),East,West Bengal,The Derma Co,130000.0,210000.0,100.0
May'24,2024-05-01,FY_24-25,Fsn Distribution Ltd_Sarpara,Direct,Nykaa SS(fsn),East,Northeast-Assam,Aqualogica,160000.0,250000.0,100.0
May'24,2024-05-01,FY_24-25,Fsn Distribution Ltd_Sarpara,Direct,Nykaa SS(fsn),East,Northeast-Assam,Mamaearth,1920000.0,3620000.0,100.0
May'24,2024-05-01,FY_24-25,Fsn Distribution Ltd_Sarpara,Direct,Nykaa SS(fsn),East,Northeast-Assam,The Derma Co,190000.0,340000.0,100.0
May'24,2024-05-01,FY_24-25,Fsn Distribution Ltd_Tiruvallur,Direct,Nykaa SS(fsn),South-1,Tamil Nadu,Aqualogica,30000.0,50000.0,100.0
May'24,2024-05-01,FY_24-25,Fsn Distribution Ltd_Tiruvallur,Direct,Nykaa SS(fsn),South-1,Tamil Nadu,Mamaearth,490000.0,890000.0,100.0
May'24,2024-05-01,FY_24-25,Fsn Distribution Ltd_Tiruvallur,Direct,Nykaa SS(fsn),South-1,Tamil Nadu,The Derma Co,70000.0,110000.0,100.0
May'24,2024-05-01,FY_24-25,Fsn Distribution Ltd_Village Gurhi,Direct,Nykaa SS(fsn),North,Haryana,Aqualogica,70000.0,110000.0,100.0
May'24,2024-05-01,FY_24-25,Fsn Distribution Ltd_Village Gurhi,Direct,Nykaa SS(fsn),North,Haryana,BBlunt,10000.0,10000.0,100.0
May'24,2024-05-01,FY_24-25,Fsn Distribution Ltd_Village Gurhi,Direct,Nykaa SS(fsn),North,Haryana,Mamaearth,1090000.0,2090000.0,100.0
May'24,2024-05-01,FY_24-25,Fsn Distribution Ltd_Village Gurhi,Direct,Nykaa SS(fsn),North,Haryana,The Derma Co,290000.0,470000.0,100.0
May'24,2024-05-01,FY_24-25,Fsn Distribution Ltd_Village Sonale,Direct,Nykaa SS(fsn),West,Mumbai,Aqualogica,60000.0,90000.0,100.0
May'24,2024-05-01,FY_24-25,Fsn Distribution Ltd_Village Sonale,Direct,Nykaa SS(fsn),West,Mumbai,BBlunt,70000.0,180000.0,100.0
May'24,2024-05-01,FY_24-25,Fsn Distribution Ltd_Village Sonale,Direct,Nykaa SS(fsn),West,Mumbai,Mamaearth,1200000.0,2280000.0,100.0
May'24,2024-05-01,FY_24-25,Fsn Distribution Ltd_Village Sonale,Direct,Nykaa SS(fsn),West,Mumbai,The Derma Co,320000.0,520000.0,100.0
May'24,2024-05-01,FY_24-25,Fsn Distribution Ltd_Yamjal Village,Direct,Nykaa SS(fsn),South-2,Telangana,Aqualogica,20000.0,30000.0,100.0
May'24,2024-05-01,FY_24-25,Fsn Distribution Ltd_Yamjal Village,Direct,Nykaa SS(fsn),South-2,Telangana,Mamaearth,1390000.0,2800000.0,100.0
May'24,2024-05-01,FY_24-25,Fsn Distribution Ltd_Yamjal Village,Direct,Nykaa SS(fsn),South-2,Telangana,The Derma Co,60000.0,100000.0,100.0
May'24,2024-05-01,FY_24-25,Mahaveer Medi-Sales Private Limited(A unit of AWPSPL),Direct,Ascent Wellness,South-1,Karnataka,Mamaearth,900000.0,1640000.0,100.0
May'24,2024-05-01,FY_24-25,Muthu Pharma-(A Unit of AWPSPL)(A unit of AWPSPL),Direct,Ascent Wellness,South-1,Tamil Nadu,Mamaearth,-40000.0,-70000.0,100.0
Jun'24,2024-06-01,FY_24-25,Aryan Wellness Private Limited(A unit of AWPSPL),Direct,Ascent Wellness,North,Haryana,Mamaearth,-90000.0,-150000.0,100.0
Jun'24,2024-06-01,FY_24-25,Ascent Wellness Pharma Solutions Pvt Ltd (A unit of AWPSPL),Direct,Ascent Wellness,West,Mumbai,Mamaearth,-240000.0,-8830000.0,100.0
Jun'24,2024-06-01,FY_24-25,D.C. Agencies Pvt Ltd(Mayapuri)(A unit of AWPSPL),Direct,Ascent Wellness,North,Delhi,Mamaearth,30000.0,60000.0,100.0
Jun'24,2024-06-01,FY_24-25,D.C. Agencies Pvt Ltd(Patparganj)(A unit of AWPSPL),Direct,Ascent Wellness,North,Delhi,Mamaearth,-20000.0,-30000.0,100.0
Jun'24,2024-06-01,FY_24-25,Desai Pharma-( A unit of AWPSPL)(A unit of AWPSPL),Direct,Ascent Wellness,West,Mumbai,Mamaearth,30000.0,60000.0,100.0
Jun'24,2024-06-01,FY_24-25,Eastern Agencies Healthcare Pvt Ltd(A unit of AWPSPL),Direct,Ascent Wellness,West,Mumbai,Mamaearth,-10000.0,-20000.0,100.0
Jun'24,2024-06-01,FY_24-25,Eremedium Private Limited_Dosi,Direct,Eremedium,North,UPW,The Derma Co,50000.0,100000.0,100.0
Jun'24,2024-06-01,FY_24-25,Eremedium Private Limited_Shipto,Direct,Eremedium,North,UPW,The Derma Co,400000.0,730000.0,100.0
Jun'24,2024-06-01,FY_24-25,Fsn Distribution Ltd_Gallops,Direct,Nykaa SS(fsn),West,Gujarat,Aqualogica,10000.0,10000.0,100.0
Jun'24,2024-06-01,FY_24-25,Fsn Distribution Ltd_Gallops,Direct,Nykaa SS(fsn),West,Gujarat,Mamaearth,370000.0,680000.0,100.0
Jun'24,2024-06-01,FY_24-25,Fsn Distribution Ltd_Gallops,Direct,Nykaa SS(fsn),West,Gujarat,The Derma Co,20000.0,30000.0,100.0
Jun'24,2024-06-01,FY_24-25,Fsn Distribution Ltd_Hobli,Direct,Nykaa SS(fsn),South-1,Karnataka,Aqualogica,100000.0,160000.0,100.0
Jun'24,2024-06-01,FY_24-25,Fsn Distribution Ltd_Hobli,Direct,Nykaa SS(fsn),South-1,Karnataka,Mamaearth,1020000.0,1920000.0,100.0
Jun'24,2024-06-01,FY_24-25,Fsn Distribution Ltd_Hobli,Direct,Nykaa SS(fsn),South-1,Karnataka,The Derma Co,180000.0,290000.0,100.0
Jun'24,2024-06-01,FY_24-25,Fsn Distribution Ltd_Kairapari,Direct,Nykaa SS(fsn),East,Orissa,Aqualogica,0.0,0.0,100.0
Jun'24,2024-06-01,FY_24-25,Fsn Distribution Ltd_Kairapari,Direct,Nykaa SS(fsn),East,Orissa,Mamaearth,590000.0,1140000.0,100.0
Jun'24,2024-06-01,FY_24-25,Fsn Distribution Ltd_Kairapari,Direct,Nykaa SS(fsn),East,Orissa,The Derma Co,10000.0,20000.0,100.0
Jun'24,2024-06-01,FY_24-25,Fsn Distribution Ltd_Khasarwara,Direct,Nykaa SS(fsn),North,UPW,Aqualogica,10000.0,20000.0,100.0
Jun'24,2024-06-01,FY_24-25,Fsn Distribution Ltd_Khasarwara,Direct,Nykaa SS(fsn),North,UPW,Mamaearth,760000.0,1400000.0,100.0
Jun'24,2024-06-01,FY_24-25,Fsn Distribution Ltd_Khasarwara,Direct,Nykaa SS(fsn),North,UPW,The Derma Co,40000.0,70000.0,100.0
Jun'24,2024-06-01,FY_24-25,Fsn Distribution Ltd_Mauja,Direct,Nykaa SS(fsn),East,Bihar,Mamaearth,520000.0,970000.0,100.0
Jun'24,2024-06-01,FY_24-25,Fsn Distribution Ltd_Mauja,Direct,Nykaa SS(fsn),East,Bihar,The Derma Co,10000.0,10000.0,100.0
Jun'24,2024-06-01,FY_24-25,Fsn Distribution Ltd_Rajpura,Direct,Nykaa SS(fsn),North,Punjab,Aqualogica,80000.0,130000.0,100.0
Jun'24,2024-06-01,FY_24-25,Fsn Distribution Ltd_Rajpura,Direct,Nykaa SS(fsn),North,Punjab,BBlunt,0.0,10000.0,100.0
Jun'24,2024-06-01,FY_24-25,Fsn Distribution Ltd_Rajpura,Direct,Nykaa SS(fsn),North,Punjab,Mamaearth,380000.0,700000.0,100.0
Jun'24,2024-06-01,FY_24-25,Fsn Distribution Ltd_Rajpura,Direct,Nykaa SS(fsn),North,Punjab,The Derma Co,120000.0,220000.0,100.0
Jun'24,2024-06-01,FY_24-25,Fsn Distribution Ltd_Ranihat,Direct,Nykaa SS(fsn),East,West Bengal,Aqualogica,20000.0,50000.0,100.0
Jun'24,2024-06-01,FY_24-25,Fsn Distribution Ltd_Ranihat,Direct,Nykaa SS(fsn),East,West Bengal,Mamaearth,750000.0,1420000.0,100.0
Jun'24,2024-06-01,FY_24-25,Fsn Distribution Ltd_Ranihat,Direct,Nykaa SS(fsn),East,West Bengal,The Derma Co,40000.0,60000.0,100.0
Jun'24,2024-06-01,FY_24-25,Fsn Distribution Ltd_Sarpara,Direct,Nykaa SS(fsn),East,Northeast-Assam,Aqualogica,10000.0,20000.0,100.0
Jun'24,2024-06-01,FY_24-25,Fsn Distribution Ltd_Sarpara,Direct,Nykaa SS(fsn),East,Northeast-Assam,Mamaearth,850000.0,1600000.0,100.0
Jun'24,2024-06-01,FY_24-25,Fsn Distribution Ltd_Sarpara,Direct,Nykaa SS(fsn),East,Northeast-Assam,The Derma Co,40000.0,70000.0,100.0
Jun'24,2024-06-01,FY_24-25,Fsn Distribution Ltd_Tiruvallur,Direct,Nykaa SS(fsn),South-1,Tamil Nadu,Aqualogica,20000.0,30000.0,100.0
Jun'24,2024-06-01,FY_24-25,Fsn Distribution Ltd_Tiruvallur,Direct,Nykaa SS(fsn),South-1,Tamil Nadu,Mamaearth,300000.0,540000.0,100.0
Jun'24,2024-06-01,FY_24-25,Fsn Distribution Ltd_Tiruvallur,Direct,Nykaa SS(fsn),South-1,Tamil Nadu,The Derma Co,30000.0,50000.0,100.0
Jun'24,2024-06-01,FY_24-25,Fsn Distribution Ltd_Village Gurhi,Direct,Nykaa SS(fsn),North,Haryana,Aqualogica,100000.0,160000.0,100.0
Jun'24,2024-06-01,FY_24-25,Fsn Distribution Ltd_Village Gurhi,Direct,Nykaa SS(fsn),North,Haryana,BBlunt,10000.0,10000.0,100.0
Jun'24,2024-06-01,FY_24-25,Fsn Distribution Ltd_Village Gurhi,Direct,Nykaa SS(fsn),North,Haryana,Mamaearth,490000.0,930000.0,100.0
Jun'24,2024-06-01,FY_24-25,Fsn Distribution Ltd_Village Gurhi,Direct,Nykaa SS(fsn),North,Haryana,The Derma Co,130000.0,240000.0,100.0
Jun'24,2024-06-01,FY_24-25,Fsn Distribution Ltd_Village Sonale,Direct,Nykaa SS(fsn),West,Mumbai,Aqualogica,50000.0,80000.0,100.0
Jun'24,2024-06-01,FY_24-25,Fsn Distribution Ltd_Village Sonale,Direct,Nykaa SS(fsn),West,Mumbai,BBlunt,20000.0,40000.0,100.0
Jun'24,2024-06-01,FY_24-25,Fsn Distribution Ltd_Village Sonale,Direct,Nykaa SS(fsn),West,Mumbai,Mamaearth,420000.0,810000.0,100.0
Jun'24,2024-06-01,FY_24-25,Fsn Distribution Ltd_Village Sonale,Direct,Nykaa SS(fsn),West,Mumbai,The Derma Co,40000.0,60000.0,100.0
Jun'24,2024-06-01,FY_24-25,Fsn Distribution Ltd_Yamjal Village,Direct,Nykaa SS(fsn),South-2,Telangana,Aqualogica,20000.0,30000.0,100.0
Jun'24,2024-06-01,FY_24-25,Fsn Distribution Ltd_Yamjal Village,Direct,Nykaa SS(fsn),South-2,Telangana,Mamaearth,1030000.0,2150000.0,100.0
Jun'24,2024-06-01,FY_24-25,Fsn Distribution Ltd_Yamjal Village,Direct,Nykaa SS(fsn),South-2,Telangana,The Derma Co,10000.0,20000.0,100.0
Jun'24,2024-06-01,FY_24-25,Mahaveer Medi-Sales Private Limited(A unit of AWPSPL),Direct,Ascent Wellness,South-1,Karnataka,Mamaearth,520000.0,880000.0,100.0
Jun'24,2024-06-01,FY_24-25,Medicos Healthcare,Direct,Ascent Wellness,North,Punjab,Mamaearth,30000.0,60000.0,100.0
Jun'24,2024-06-01,FY_24-25,Sachdeva Medicals -( A unit of AWPSPL)(A unit of AWPSPL),Direct,Ascent Wellness,North,UPW,Mamaearth,30000.0,50000.0,100.0
Jun'24,2024-06-01,FY_24-25,Vpi Medisales -(A Unit Of AWPSPL)(A unit of AWPSPL),Direct,Ascent Wellness,South-1,Karnataka,Mamaearth,50000.0,90000.0,100.0
Jul'24,2024-07-01,FY_24-25,Aashirwad Distributors-Ascent,Direct,Ascent Wellness,West,Chattishgarh,Mamaearth,40000.0,70000.0,100.0
Jul'24,2024-07-01,FY_24-25,AAYUSH PHARMA-Ascent,Direct,Ascent Wellness,East,Northeast-Assam,Mamaearth,20000.0,30000.0,100.0
Jul'24,2024-07-01,FY_24-25,Ashirwad Distributors-Ascent,Direct,Ascent Wellness,West,Pune,Mamaearth,40000.0,70000.0,100.0
Jul'24,2024-07-01,FY_24-25,Aspire Pharma-Ascent,Direct,Ascent Wellness,North,Jammu,Mamaearth,40000.0,70000.0,100.0
Jul'24,2024-07-01,FY_24-25,Aushad-Ascent,Direct,Ascent Wellness,South-1,Karnataka,Mamaearth,40000.0,60000.0,100.0
Jul'24,2024-07-01,FY_24-25,D.C. Agencies Pvt Ltd(Mayapuri)(A unit of AWPSPL),Direct,Ascent Wellness,North,Delhi,Mamaearth,-140000.0,-7370000.0,100.0
Jul'24,2024-07-01,FY_24-25,D.C. Agencies Pvt Ltd(Patparganj)(A unit of AWPSPL),Direct,Ascent Wellness,North,Delhi,Mamaearth,-10000.0,-20000.0,100.0
Jul'24,2024-07-01,FY_24-25,DC Agencies-Ascent,Direct,Ascent Wellness,North,Madhya Pradesh,Mamaearth,50000.0,80000.0,100.0
Jul'24,2024-07-01,FY_24-25,DCA Patna-Ascent,Direct,Ascent Wellness,East,Bihar,Mamaearth,20000.0,40000.0,100.0
Jul'24,2024-07-01,FY_24-25,Desai Pharma-( A unit of AWPSPL)(A unit of AWPSPL),Direct,Ascent Wellness,West,Mumbai,Mamaearth,-20000.0,-40000.0,100.0
Jul'24,2024-07-01,FY_24-25,E.C AGENCIES-Ascent,Direct,Ascent Wellness,West,Goa,Mamaearth,40000.0,70000.0,100.0
Jul'24,2024-07-01,FY_24-25,Eastern Agencies Healthcare Pvt Ltd(A unit of AWPSPL),Direct,Ascent Wellness,West,Mumbai,Mamaearth,-30000.0,-40000.0,100.0
Jul'24,2024-07-01,FY_24-25,EKDANTA PHARMATECH-Ascent,Direct,Ascent Wellness,West,Pune,Mamaearth,110000.0,190000.0,100.0
Jul'24,2024-07-01,FY_24-25,Eremedium Private Limited_Shipto,Direct,Eremedium,North,UPW,The Derma Co,410000.0,750000.0,100.0
Jul'24,2024-07-01,FY_24-25,Fsn Distribution Ltd_Bhiwandi,Direct,Nykaa SS(fsn),West,Mumbai,The Derma Co,0.0,0.0,100.0
Jul'24,2024-07-01,FY_24-25,Fsn Distribution Ltd_Gallops,Direct,Nykaa SS(fsn),West,Gujarat,Aqualogica,0.0,10000.0,100.0
Jul'24,2024-07-01,FY_24-25,Fsn Distribution Ltd_Gallops,Direct,Nykaa SS(fsn),West,Gujarat,BBlunt,30000.0,50000.0,100.0
Jul'24,2024-07-01,FY_24-25,Fsn Distribution Ltd_Gallops,Direct,Nykaa SS(fsn),West,Gujarat,Mamaearth,950000.0,1850000.0,100.0
Jul'24,2024-07-01,FY_24-25,Fsn Distribution Ltd_Gallops,Direct,Nykaa SS(fsn),West,Gujarat,The Derma Co,100000.0,160000.0,100.0
Jul'24,2024-07-01,FY_24-25,Fsn Distribution Ltd_Hobli,Direct,Nykaa SS(fsn),South-1,Karnataka,Aqualogica,80000.0,120000.0,100.0
Jul'24,2024-07-01,FY_24-25,Fsn Distribution Ltd_Hobli,Direct,Nykaa SS(fsn),South-1,Karnataka,BBlunt,30000.0,40000.0,100.0
Jul'24,2024-07-01,FY_24-25,Fsn Distribution Ltd_Hobli,Direct,Nykaa SS(fsn),South-1,Karnataka,Mamaearth,2090000.0,4240000.0,100.0
Jul'24,2024-07-01,FY_24-25,Fsn Distribution Ltd_Hobli,Direct,Nykaa SS(fsn),South-1,Karnataka,The Derma Co,620000.0,1010000.0,100.0
Jul'24,2024-07-01,FY_24-25,FSN Distribution Ltd_Indore,Direct,Nykaa SS(fsn),North,Madhya Pradesh,Aqualogica,70000.0,150000.0,100.0
Jul'24,2024-07-01,FY_24-25,FSN Distribution Ltd_Indore,Direct,Nykaa SS(fsn),North,Madhya Pradesh,BBlunt,20000.0,40000.0,100.0
Jul'24,2024-07-01,FY_24-25,FSN Distribution Ltd_Indore,Direct,Nykaa SS(fsn),North,Madhya Pradesh,Mamaearth,1150000.0,2460000.0,100.0
Jul'24,2024-07-01,FY_24-25,FSN Distribution Ltd_Indore,Direct,Nykaa SS(fsn),North,Madhya Pradesh,The Derma Co,270000.0,440000.0,100.0
Jul'24,2024-07-01,FY_24-25,Fsn Distribution Ltd_Kairapari,Direct,Nykaa SS(fsn),East,Orissa,Aqualogica,0.0,0.0,100.0
Jul'24,2024-07-01,FY_24-25,Fsn Distribution Ltd_Kairapari,Direct,Nykaa SS(fsn),East,Orissa,BBlunt,30000.0,50000.0,100.0
Jul'24,2024-07-01,FY_24-25,Fsn Distribution Ltd_Kairapari,Direct,Nykaa SS(fsn),East,Orissa,Mamaearth,2070000.0,3990000.0,100.0
Jul'24,2024-07-01,FY_24-25,Fsn Distribution Ltd_Kairapari,Direct,Nykaa SS(fsn),East,Orissa,The Derma Co,50000.0,90000.0,100.0
Jul'24,2024-07-01,FY_24-25,Fsn Distribution Ltd_Khasarwara,Direct,Nykaa SS(fsn),North,UPW,Aqualogica,10000.0,10000.0,100.0
Jul'24,2024-07-01,FY_24-25,Fsn Distribution Ltd_Khasarwara,Direct,Nykaa SS(fsn),North,UPW,BBlunt,30000.0,50000.0,100.0
Jul'24,2024-07-01,FY_24-25,Fsn Distribution Ltd_Khasarwara,Direct,Nykaa SS(fsn),North,UPW,Mamaearth,1970000.0,4180000.0,100.0
Jul'24,2024-07-01,FY_24-25,Fsn Distribution Ltd_Khasarwara,Direct,Nykaa SS(fsn),North,UPW,The Derma Co,120000.0,190000.0,100.0
Jul'24,2024-07-01,FY_24-25,Fsn Distribution Ltd_Mauja,Direct,Nykaa SS(fsn),East,Bihar,Aqualogica,0.0,10000.0,100.0
Jul'24,2024-07-01,FY_24-25,Fsn Distribution Ltd_Mauja,Direct,Nykaa SS(fsn),East,Bihar,BBlunt,30000.0,40000.0,100.0
Jul'24,2024-07-01,FY_24-25,Fsn Distribution Ltd_Mauja,Direct,Nykaa SS(fsn),East,Bihar,Mamaearth,1630000.0,3080000.0,100.0
Jul'24,2024-07-01,FY_24-25,Fsn Distribution Ltd_Mauja,Direct,Nykaa SS(fsn),East,Bihar,The Derma Co,50000.0,90000.0,100.0
Jul'24,2024-07-01,FY_24-25,Fsn Distribution Ltd_Rajpura,Direct,Nykaa SS(fsn),North,Punjab,Aqualogica,40000.0,70000.0,100.0
Jul'24,2024-07-01,FY_24-25,Fsn Distribution Ltd_Rajpura,Direct,Nykaa SS(fsn),North,Punjab,BBlunt,40000.0,60000.0,100.0
Jul'24,2024-07-01,FY_24-25,Fsn Distribution Ltd_Rajpura,Direct,Nykaa SS(fsn),North,Punjab,Mamaearth,1060000.0,1940000.0,100.0
Jul'24,2024-07-01,FY_24-25,Fsn Distribution Ltd_Rajpura,Direct,Nykaa SS(fsn),North,Punjab,The Derma Co,200000.0,330000.0,100.0
Jul'24,2024-07-01,FY_24-25,Fsn Distribution Ltd_Ranihat,Direct,Nykaa SS(fsn),East,West Bengal,Aqualogica,10000.0,10000.0,100.0
Jul'24,2024-07-01,FY_24-25,Fsn Distribution Ltd_Ranihat,Direct,Nykaa SS(fsn),East,West Bengal,BBlunt,30000.0,60000.0,100.0
Jul'24,2024-07-01,FY_24-25,Fsn Distribution Ltd_Ranihat,Direct,Nykaa SS(fsn),East,West Bengal,Mamaearth,1790000.0,3800000.0,100.0
Jul'24,2024-07-01,FY_24-25,Fsn Distribution Ltd_Ranihat,Direct,Nykaa SS(fsn),East,West Bengal,The Derma Co,140000.0,240000.0,100.0
Jul'24,2024-07-01,FY_24-25,Fsn Distribution Ltd_Sarpara,Direct,Nykaa SS(fsn),East,Northeast-Assam,Aqualogica,10000.0,10000.0,100.0
Jul'24,2024-07-01,FY_24-25,Fsn Distribution Ltd_Sarpara,Direct,Nykaa SS(fsn),East,Northeast-Assam,BBlunt,30000.0,50000.0,100.0
Jul'24,2024-07-01,FY_24-25,Fsn Distribution Ltd_Sarpara,Direct,Nykaa SS(fsn),East,Northeast-Assam,Mamaearth,2490000.0,4820000.0,100.0
Jul'24,2024-07-01,FY_24-25,Fsn Distribution Ltd_Sarpara,Direct,Nykaa SS(fsn),East,Northeast-Assam,The Derma Co,190000.0,330000.0,100.0
Jul'24,2024-07-01,FY_24-25,Fsn Distribution Ltd_Tiruvallur,Direct,Nykaa SS(fsn),South-1,Tamil Nadu,Aqualogica,10000.0,10000.0,100.0
Jul'24,2024-07-01,FY_24-25,Fsn Distribution Ltd_Tiruvallur,Direct,Nykaa SS(fsn),South-1,Tamil Nadu,Mamaearth,640000.0,1200000.0,100.0
Jul'24,2024-07-01,FY_24-25,Fsn Distribution Ltd_Tiruvallur,Direct,Nykaa SS(fsn),South-1,Tamil Nadu,The Derma Co,70000.0,110000.0,100.0
Jul'24,2024-07-01,FY_24-25,Fsn Distribution Ltd_Village Gurhi,Direct,Nykaa SS(fsn),North,Haryana,Aqualogica,10000.0,10000.0,100.0
Jul'24,2024-07-01,FY_24-25,Fsn Distribution Ltd_Village Gurhi,Direct,Nykaa SS(fsn),North,Haryana,BBlunt,40000.0,70000.0,100.0
Jul'24,2024-07-01,FY_24-25,Fsn Distribution Ltd_Village Gurhi,Direct,Nykaa SS(fsn),North,Haryana,Mamaearth,1220000.0,2320000.0,100.0
Jul'24,2024-07-01,FY_24-25,Fsn Distribution Ltd_Village Gurhi,Direct,Nykaa SS(fsn),North,Haryana,The Derma Co,190000.0,320000.0,100.0
Jul'24,2024-07-01,FY_24-25,Fsn Distribution Ltd_Village Sonale,Direct,Nykaa SS(fsn),West,Mumbai,Aqualogica,10000.0,10000.0,100.0
Jul'24,2024-07-01,FY_24-25,Fsn Distribution Ltd_Village Sonale,Direct,Nykaa SS(fsn),West,Mumbai,BBlunt,70000.0,110000.0,100.0
Jul'24,2024-07-01,FY_24-25,Fsn Distribution Ltd_Village Sonale,Direct,Nykaa SS(fsn),West,Mumbai,Mamaearth,1260000.0,2480000.0,100.0
Jul'24,2024-07-01,FY_24-25,Fsn Distribution Ltd_Village Sonale,Direct,Nykaa SS(fsn),West,Mumbai,The Derma Co,130000.0,240000.0,100.0
Jul'24,2024-07-01,FY_24-25,Fsn Distribution Ltd_Yamjal Village,Direct,Nykaa SS(fsn),South-2,Telangana,Aqualogica,10000.0,10000.0,100.0
Jul'24,2024-07-01,FY_24-25,Fsn Distribution Ltd_Yamjal Village,Direct,Nykaa SS(fsn),South-2,Telangana,BBlunt,30000.0,50000.0,100.0
Jul'24,2024-07-01,FY_24-25,Fsn Distribution Ltd_Yamjal Village,Direct,Nykaa SS(fsn),South-2,Telangana,Mamaearth,2220000.0,4260000.0,100.0
Jul'24,2024-07-01,FY_24-25,Fsn Distribution Ltd_Yamjal Village,Direct,Nykaa SS(fsn),South-2,Telangana,The Derma Co,60000.0,100000.0,100.0
Jul'24,2024-07-01,FY_24-25,Kalinga Pharmatech-Ascent,Direct,Ascent Wellness,East,Orissa,Mamaearth,30000.0,40000.0,100.0
Jul'24,2024-07-01,FY_24-25,Mahaveer Medi-Sales Private Limited(A unit of AWPSPL),Direct,Ascent Wellness,South-1,Karnataka,Mamaearth,640000.0,1240000.0,100.0
Jul'24,2024-07-01,FY_24-25,Muthu Pharma-(A Unit of AWPSPL)(A unit of AWPSPL),Direct,Ascent Wellness,South-1,Tamil Nadu,Mamaearth,-210000.0,-420000.0,100.0
Jul'24,2024-07-01,FY_24-25,Sachdeva Medicals -( A unit of AWPSPL)(A unit of AWPSPL),Direct,Ascent Wellness,North,UPW,Mamaearth,-220000.0,-2500000.0,100.0
Jul'24,2024-07-01,FY_24-25,Shree Simba Chemist-Ascent,Direct,Ascent Wellness,West,Mumbai,Mamaearth,70000.0,120000.0,100.0
Jul'24,2024-07-01,FY_24-25,SRI ALAGU PHARMA-Ascent,Direct,Ascent Wellness,South-1,Tamil Nadu,Mamaearth,30000.0,60000.0,100.0
Jul'24,2024-07-01,FY_24-25,VARMA MEDICALS-Ascent,Direct,Ascent Wellness,South-1,Tamil Nadu,Mamaearth,30000.0,60000.0,100.0
Jul'24,2024-07-01,FY_24-25,Vpi Medisales -(A Unit Of AWPSPL)(A unit of AWPSPL),Direct,Ascent Wellness,South-1,Karnataka,Mamaearth,0.0,0.0,100.0
Aug'24,2024-08-01,FY_24-25,Ascent Wellness Pharma (AWPSPL-Retailo),Direct,Ascent Wellness,West,Mumbai,Mamaearth,-20000.0,-40000.0,100.0
Aug'24,2024-08-01,FY_24-25,Aushad-Ascent,Direct,Ascent Wellness,South-1,Karnataka,Mamaearth,40000.0,60000.0,100.0
Aug'24,2024-08-01,FY_24-25,Aushad-Ascent,Direct,Ascent Wellness,South-1,Karnataka,The Derma Co,20000.0,40000.0,100.0
Aug'24,2024-08-01,FY_24-25,D.C. Agencies Pvt Ltd(Mayapuri)(A unit of AWPSPL),Direct,Ascent Wellness,North,Delhi,Mamaearth,-20000.0,-40000.0,100.0
Aug'24,2024-08-01,FY_24-25,D.C. Agencies Pvt Ltd(Patparganj)(A unit of AWPSPL),Direct,Ascent Wellness,North,Delhi,Mamaearth,-10000.0,-20000.0,100.0
Aug'24,2024-08-01,FY_24-25,Desai Pharma-( A unit of AWPSPL)(A unit of AWPSPL),Direct,Ascent Wellness,West,Mumbai,Mamaearth,-10000.0,-10000.0,100.0
Aug'24,2024-08-01,FY_24-25,Eastern Agencies Healthcare Pvt Ltd(A unit of AWPSPL),Direct,Ascent Wellness,West,Mumbai,Mamaearth,-10000.0,-10000.0,100.0
Aug'24,2024-08-01,FY_24-25,Eremedium Private Limited_Shipto,Direct,Eremedium,North,UPW,The Derma Co,410000.0,750000.0,100.0
Aug'24,2024-08-01,FY_24-25,Fsn Distribution Ltd_Gallops,Direct,Nykaa SS(fsn),West,Gujarat,Aqualogica,0.0,10000.0,100.0
Aug'24,2024-08-01,FY_24-25,Fsn Distribution Ltd_Gallops,Direct,Nykaa SS(fsn),West,Gujarat,BBlunt,0.0,10000.0,100.0
Aug'24,2024-08-01,FY_24-25,Fsn Distribution Ltd_Gallops,Direct,Nykaa SS(fsn),West,Gujarat,Mamaearth,260000.0,490000.0,100.0
Aug'24,2024-08-01,FY_24-25,Fsn Distribution Ltd_Gallops,Direct,Nykaa SS(fsn),West,Gujarat,The Derma Co,40000.0,60000.0,100.0
Aug'24,2024-08-01,FY_24-25,Fsn Distribution Ltd_Hobli,Direct,Nykaa SS(fsn),South-1,Karnataka,Aqualogica,180000.0,300000.0,100.0
Aug'24,2024-08-01,FY_24-25,Fsn Distribution Ltd_Hobli,Direct,Nykaa SS(fsn),South-1,Karnataka,Mamaearth,890000.0,1870000.0,100.0
Aug'24,2024-08-01,FY_24-25,Fsn Distribution Ltd_Hobli,Direct,Nykaa SS(fsn),South-1,Karnataka,The Derma Co,510000.0,850000.0,100.0
Aug'24,2024-08-01,FY_24-25,FSN Distribution Ltd_Indore,Direct,Nykaa SS(fsn),North,Madhya Pradesh,BBlunt,10000.0,10000.0,100.0
Aug'24,2024-08-01,FY_24-25,FSN Distribution Ltd_Indore,Direct,Nykaa SS(fsn),North,Madhya Pradesh,Mamaearth,40000.0,80000.0,100.0
Aug'24,2024-08-01,FY_24-25,FSN Distribution Ltd_Indore,Direct,Nykaa SS(fsn),North,Madhya Pradesh,The Derma Co,20000.0,40000.0,100.0
Aug'24,2024-08-01,FY_24-25,Fsn Distribution Ltd_Kairapari,Direct,Nykaa SS(fsn),East,Orissa,BBlunt,0.0,0.0,100.0
Aug'24,2024-08-01,FY_24-25,Fsn Distribution Ltd_Kairapari,Direct,Nykaa SS(fsn),East,Orissa,Mamaearth,-50000.0,-90000.0,100.0
Aug'24,2024-08-01,FY_24-25,Fsn Distribution Ltd_Kairapari,Direct,Nykaa SS(fsn),East,Orissa,The Derma Co,0.0,10000.0,100.0
Aug'24,2024-08-01,FY_24-25,Fsn Distribution Ltd_Khasarwara,Direct,Nykaa SS(fsn),North,UPW,BBlunt,0.0,0.0,100.0
Aug'24,2024-08-01,FY_24-25,Fsn Distribution Ltd_Khasarwara,Direct,Nykaa SS(fsn),North,UPW,Mamaearth,470000.0,930000.0,100.0
Aug'24,2024-08-01,FY_24-25,Fsn Distribution Ltd_Khasarwara,Direct,Nykaa SS(fsn),North,UPW,The Derma Co,50000.0,80000.0,100.0
Aug'24,2024-08-01,FY_24-25,Fsn Distribution Ltd_Mauja,Direct,Nykaa SS(fsn),East,Bihar,Aqualogica,10000.0,10000.0,100.0
Aug'24,2024-08-01,FY_24-25,Fsn Distribution Ltd_Mauja,Direct,Nykaa SS(fsn),East,Bihar,BBlunt,0.0,0.0,100.0
Aug'24,2024-08-01,FY_24-25,Fsn Distribution Ltd_Mauja,Direct,Nykaa SS(fsn),East,Bihar,Mamaearth,370000.0,670000.0,100.0
Aug'24,2024-08-01,FY_24-25,Fsn Distribution Ltd_Mauja,Direct,Nykaa SS(fsn),East,Bihar,The Derma Co,0.0,10000.0,100.0
Aug'24,2024-08-01,FY_24-25,Fsn Distribution Ltd_Mauja,Direct,Nykaa SS(fsn),West,Mumbai,Mamaearth,50000.0,80000.0,100.0
Aug'24,2024-08-01,FY_24-25,FSN Distribution Ltd_OR-NYKAA,Direct,Nykaa SS(fsn),East,Orissa,Mamaearth,480000.0,1050000.0,100.0
Aug'24,2024-08-01,FY_24-25,FSN Distribution Ltd_OR-NYKAA,Direct,Nykaa SS(fsn),East,Orissa,The Derma Co,20000.0,30000.0,100.0
Aug'24,2024-08-01,FY_24-25,Fsn Distribution Ltd_Rajpura,Direct,Nykaa SS(fsn),North,Madhya Pradesh,Mamaearth,10000.0,10000.0,100.0
Aug'24,2024-08-01,FY_24-25,Fsn Distribution Ltd_Rajpura,Direct,Nykaa SS(fsn),North,Punjab,Aqualogica,40000.0,60000.0,100.0
Aug'24,2024-08-01,FY_24-25,Fsn Distribution Ltd_Rajpura,Direct,Nykaa SS(fsn),North,Punjab,BBlunt,10000.0,20000.0,100.0
Aug'24,2024-08-01,FY_24-25,Fsn Distribution Ltd_Rajpura,Direct,Nykaa SS(fsn),North,Punjab,Mamaearth,350000.0,660000.0,100.0
Aug'24,2024-08-01,FY_24-25,Fsn Distribution Ltd_Rajpura,Direct,Nykaa SS(fsn),North,Punjab,The Derma Co,110000.0,190000.0,100.0
Aug'24,2024-08-01,FY_24-25,Fsn Distribution Ltd_Ranihat,Direct,Nykaa SS(fsn),East,West Bengal,Aqualogica,0.0,10000.0,100.0
Aug'24,2024-08-01,FY_24-25,Fsn Distribution Ltd_Ranihat,Direct,Nykaa SS(fsn),East,West Bengal,BBlunt,10000.0,20000.0,100.0
Aug'24,2024-08-01,FY_24-25,Fsn Distribution Ltd_Ranihat,Direct,Nykaa SS(fsn),East,West Bengal,Mamaearth,550000.0,1090000.0,100.0
Aug'24,2024-08-01,FY_24-25,Fsn Distribution Ltd_Ranihat,Direct,Nykaa SS(fsn),East,West Bengal,The Derma Co,40000.0,60000.0,100.0
Aug'24,2024-08-01,FY_24-25,Fsn Distribution Ltd_Sarpara,Direct,Nykaa SS(fsn),East,Northeast-Assam,Aqualogica,10000.0,10000.0,100.0
Aug'24,2024-08-01,FY_24-25,Fsn Distribution Ltd_Sarpara,Direct,Nykaa SS(fsn),East,Northeast-Assam,BBlunt,0.0,0.0,100.0
Aug'24,2024-08-01,FY_24-25,Fsn Distribution Ltd_Sarpara,Direct,Nykaa SS(fsn),East,Northeast-Assam,Mamaearth,910000.0,1790000.0,100.0
Aug'24,2024-08-01,FY_24-25,Fsn Distribution Ltd_Sarpara,Direct,Nykaa SS(fsn),East,Northeast-Assam,The Derma Co,90000.0,150000.0,100.0
Aug'24,2024-08-01,FY_24-25,Fsn Distribution Ltd_Tiruvallur,Direct,Nykaa SS(fsn),South-1,Tamil Nadu,Aqualogica,10000.0,20000.0,100.0
Aug'24,2024-08-01,FY_24-25,Fsn Distribution Ltd_Tiruvallur,Direct,Nykaa SS(fsn),South-1,Tamil Nadu,Mamaearth,300000.0,560000.0,100.0
Aug'24,2024-08-01,FY_24-25,Fsn Distribution Ltd_Tiruvallur,Direct,Nykaa SS(fsn),South-1,Tamil Nadu,The Derma Co,40000.0,70000.0,100.0
Aug'24,2024-08-01,FY_24-25,Fsn Distribution Ltd_Village Gurhi,Direct,Nykaa SS(fsn),North,Haryana,Aqualogica,10000.0,20000.0,100.0
Aug'24,2024-08-01,FY_24-25,Fsn Distribution Ltd_Village Gurhi,Direct,Nykaa SS(fsn),North,Haryana,BBlunt,20000.0,40000.0,100.0
Aug'24,2024-08-01,FY_24-25,Fsn Distribution Ltd_Village Gurhi,Direct,Nykaa SS(fsn),North,Haryana,Mamaearth,300000.0,650000.0,100.0
Aug'24,2024-08-01,FY_24-25,Fsn Distribution Ltd_Village Gurhi,Direct,Nykaa SS(fsn),North,Haryana,The Derma Co,110000.0,170000.0,100.0
Aug'24,2024-08-01,FY_24-25,Fsn Distribution Ltd_Village Sonale,Direct,Nykaa SS(fsn),West,Mumbai,Aqualogica,0.0,0.0,100.0
Aug'24,2024-08-01,FY_24-25,Fsn Distribution Ltd_Village Sonale,Direct,Nykaa SS(fsn),West,Mumbai,BBlunt,50000.0,80000.0,100.0
Aug'24,2024-08-01,FY_24-25,Fsn Distribution Ltd_Village Sonale,Direct,Nykaa SS(fsn),West,Mumbai,Mamaearth,480000.0,890000.0,100.0
Aug'24,2024-08-01,FY_24-25,Fsn Distribution Ltd_Village Sonale,Direct,Nykaa SS(fsn),West,Mumbai,The Derma Co,60000.0,100000.0,100.0
Aug'24,2024-08-01,FY_24-25,Fsn Distribution Ltd_Yamjal Village,Direct,Nykaa SS(fsn),South-2,Telangana,Aqualogica,10000.0,10000.0,100.0
Aug'24,2024-08-01,FY_24-25,Fsn Distribution Ltd_Yamjal Village,Direct,Nykaa SS(fsn),South-2,Telangana,Mamaearth,940000.0,2040000.0,100.0
Aug'24,2024-08-01,FY_24-25,Fsn Distribution Ltd_Yamjal Village,Direct,Nykaa SS(fsn),South-2,Telangana,The Derma Co,30000.0,50000.0,100.0
Aug'24,2024-08-01,FY_24-25,Hyper Grocers Private Limited,Direct,Hyper Grocer,North,Madhya Pradesh,Mamaearth,30000.0,60000.0,100.0
Aug'24,2024-08-01,FY_24-25,Mahaveer Medi-Sales Private Limited(A unit of AWPSPL),Direct,Ascent Wellness,South-1,Karnataka,Mamaearth,540000.0,1050000.0,100.0
Aug'24,2024-08-01,FY_24-25,Medicos Healthcare,Direct,Ascent Wellness,North,Punjab,Mamaearth,-10000.0,-10000.0,100.0
Aug'24,2024-08-01,FY_24-25,Muthu Pharma-(A Unit of AWPSPL)(A unit of AWPSPL),Direct,Ascent Wellness,South-1,Tamil Nadu,Mamaearth,-30000.0,-60000.0,100.0
Aug'24,2024-08-01,FY_24-25,Vpi Medisales -(A Unit Of AWPSPL)(A unit of AWPSPL),Direct,Ascent Wellness,South-1,Karnataka,Mamaearth,-30000.0,-50000.0,100.0
Sep'24,2024-09-01,FY_24-25,Eremedium Private Limited_Shipto,Direct,Eremedium,North,UPW,The Derma Co,380000.0,710000.0,100.0
Sep'24,2024-09-01,FY_24-25,Fsn Distribution Ltd_Bhiwandi,Direct,Nykaa SS(fsn),West,Mumbai,Mamaearth,-140000.0,-1100000.0,100.0
Sep'24,2024-09-01,FY_24-25,Fsn Distribution Ltd_Gallops,Direct,Nykaa SS(fsn),West,Gujarat,Aqualogica,0.0,0.0,100.0
Sep'24,2024-09-01,FY_24-25,Fsn Distribution Ltd_Gallops,Direct,Nykaa SS(fsn),West,Gujarat,Mamaearth,520000.0,960000.0,100.0
Sep'24,2024-09-01,FY_24-25,Fsn Distribution Ltd_Gallops,Direct,Nykaa SS(fsn),West,Gujarat,The Derma Co,40000.0,60000.0,100.0
Sep'24,2024-09-01,FY_24-25,Fsn Distribution Ltd_Hobli,Direct,Nykaa SS(fsn),South-1,Karnataka,Aqualogica,270000.0,520000.0,100.0
Sep'24,2024-09-01,FY_24-25,Fsn Distribution Ltd_Hobli,Direct,Nykaa SS(fsn),South-1,Karnataka,Mamaearth,1750000.0,3360000.0,100.0
Sep'24,2024-09-01,FY_24-25,Fsn Distribution Ltd_Hobli,Direct,Nykaa SS(fsn),South-1,Karnataka,The Derma Co,680000.0,1190000.0,100.0
Sep'24,2024-09-01,FY_24-25,FSN Distribution Ltd_Indore,Direct,Nykaa SS(fsn),North,Madhya Pradesh,Aqualogica,10000.0,10000.0,100.0
Sep'24,2024-09-01,FY_24-25,FSN Distribution Ltd_Indore,Direct,Nykaa SS(fsn),North,Madhya Pradesh,Mamaearth,190000.0,360000.0,100.0
Sep'24,2024-09-01,FY_24-25,FSN Distribution Ltd_Indore,Direct,Nykaa SS(fsn),North,Madhya Pradesh,The Derma Co,30000.0,60000.0,100.0
Sep'24,2024-09-01,FY_24-25,Fsn Distribution Ltd_Khasarwara,Direct,Nykaa SS(fsn),North,UPW,Aqualogica,10000.0,20000.0,100.0
Sep'24,2024-09-01,FY_24-25,Fsn Distribution Ltd_Khasarwara,Direct,Nykaa SS(fsn),North,UPW,Mamaearth,1380000.0,2600000.0,100.0
Sep'24,2024-09-01,FY_24-25,Fsn Distribution Ltd_Khasarwara,Direct,Nykaa SS(fsn),North,UPW,The Derma Co,60000.0,90000.0,100.0
Sep'24,2024-09-01,FY_24-25,Fsn Distribution Ltd_Mauja,Direct,Nykaa SS(fsn),East,Bihar,Aqualogica,10000.0,10000.0,100.0
Sep'24,2024-09-01,FY_24-25,Fsn Distribution Ltd_Mauja,Direct,Nykaa SS(fsn),East,Bihar,Mamaearth,910000.0,1670000.0,100.0
Sep'24,2024-09-01,FY_24-25,Fsn Distribution Ltd_Mauja,Direct,Nykaa SS(fsn),East,Bihar,The Derma Co,10000.0,10000.0,100.0
Sep'24,2024-09-01,FY_24-25,Fsn Distribution Ltd_Mewat,Direct,Nykaa SS(fsn),North,Haryana,Mamaearth,-20000.0,-40000.0,100.0
Sep'24,2024-09-01,FY_24-25,FSN Distribution Ltd_OR-NYKAA,Direct,Nykaa SS(fsn),East,Orissa,Aqualogica,10000.0,10000.0,100.0
Sep'24,2024-09-01,FY_24-25,FSN Distribution Ltd_OR-NYKAA,Direct,Nykaa SS(fsn),East,Orissa,Mamaearth,700000.0,1480000.0,100.0
Sep'24,2024-09-01,FY_24-25,FSN Distribution Ltd_OR-NYKAA,Direct,Nykaa SS(fsn),East,Orissa,The Derma Co,0.0,0.0,100.0
Sep'24,2024-09-01,FY_24-25,Fsn Distribution Ltd_Rajpura,Direct,Nykaa SS(fsn),North,Punjab,Aqualogica,20000.0,30000.0,100.0
Sep'24,2024-09-01,FY_24-25,Fsn Distribution Ltd_Rajpura,Direct,Nykaa SS(fsn),North,Punjab,BBlunt,20000.0,40000.0,100.0
Sep'24,2024-09-01,FY_24-25,Fsn Distribution Ltd_Rajpura,Direct,Nykaa SS(fsn),North,Punjab,Mamaearth,980000.0,1780000.0,100.0
Sep'24,2024-09-01,FY_24-25,Fsn Distribution Ltd_Rajpura,Direct,Nykaa SS(fsn),North,Punjab,The Derma Co,330000.0,560000.0,100.0
Sep'24,2024-09-01,FY_24-25,Fsn Distribution Ltd_Ranihat,Direct,Nykaa SS(fsn),East,West Bengal,Aqualogica,10000.0,20000.0,100.0
Sep'24,2024-09-01,FY_24-25,Fsn Distribution Ltd_Ranihat,Direct,Nykaa SS(fsn),East,West Bengal,BBlunt,0.0,0.0,100.0
Sep'24,2024-09-01,FY_24-25,Fsn Distribution Ltd_Ranihat,Direct,Nykaa SS(fsn),East,West Bengal,Mamaearth,1450000.0,3100000.0,100.0
Sep'24,2024-09-01,FY_24-25,Fsn Distribution Ltd_Ranihat,Direct,Nykaa SS(fsn),East,West Bengal,The Derma Co,80000.0,130000.0,100.0
Sep'24,2024-09-01,FY_24-25,Fsn Distribution Ltd_Sarpara,Direct,Nykaa SS(fsn),East,Northeast-Assam,Aqualogica,30000.0,50000.0,100.0
Sep'24,2024-09-01,FY_24-25,Fsn Distribution Ltd_Sarpara,Direct,Nykaa SS(fsn),East,Northeast-Assam,Mamaearth,1730000.0,3230000.0,100.0
Sep'24,2024-09-01,FY_24-25,Fsn Distribution Ltd_Sarpara,Direct,Nykaa SS(fsn),East,Northeast-Assam,The Derma Co,120000.0,200000.0,100.0
Sep'24,2024-09-01,FY_24-25,Fsn Distribution Ltd_Tiruvallur,Direct,Nykaa SS(fsn),South-1,Tamil Nadu,Aqualogica,10000.0,20000.0,100.0
Sep'24,2024-09-01,FY_24-25,Fsn Distribution Ltd_Tiruvallur,Direct,Nykaa SS(fsn),South-1,Tamil Nadu,Mamaearth,480000.0,900000.0,100.0
Sep'24,2024-09-01,FY_24-25,Fsn Distribution Ltd_Tiruvallur,Direct,Nykaa SS(fsn),South-1,Tamil Nadu,The Derma Co,30000.0,50000.0,100.0
Sep'24,2024-09-01,FY_24-25,Fsn Distribution Ltd_Village Gurhi,Direct,Nykaa SS(fsn),North,Haryana,Aqualogica,10000.0,10000.0,100.0
Sep'24,2024-09-01,FY_24-25,Fsn Distribution Ltd_Village Gurhi,Direct,Nykaa SS(fsn),North,Haryana,Mamaearth,880000.0,1820000.0,100.0
Sep'24,2024-09-01,FY_24-25,Fsn Distribution Ltd_Village Gurhi,Direct,Nykaa SS(fsn),North,Haryana,The Derma Co,60000.0,110000.0,100.0
Sep'24,2024-09-01,FY_24-25,Fsn Distribution Ltd_Village Sonale,Direct,Nykaa SS(fsn),West,Mumbai,Aqualogica,10000.0,20000.0,100.0
Sep'24,2024-09-01,FY_24-25,Fsn Distribution Ltd_Village Sonale,Direct,Nykaa SS(fsn),West,Mumbai,BBlunt,30000.0,50000.0,100.0
Sep'24,2024-09-01,FY_24-25,Fsn Distribution Ltd_Village Sonale,Direct,Nykaa SS(fsn),West,Mumbai,Mamaearth,1000000.0,1850000.0,100.0
Sep'24,2024-09-01,FY_24-25,Fsn Distribution Ltd_Village Sonale,Direct,Nykaa SS(fsn),West,Mumbai,The Derma Co,190000.0,310000.0,100.0
Sep'24,2024-09-01,FY_24-25,Fsn Distribution Ltd_Yamjal Village,Direct,Nykaa SS(fsn),South-2,Telangana,Aqualogica,20000.0,30000.0,100.0
Sep'24,2024-09-01,FY_24-25,Fsn Distribution Ltd_Yamjal Village,Direct,Nykaa SS(fsn),South-2,Telangana,Mamaearth,1410000.0,2900000.0,100.0
Sep'24,2024-09-01,FY_24-25,Fsn Distribution Ltd_Yamjal Village,Direct,Nykaa SS(fsn),South-2,Telangana,The Derma Co,50000.0,90000.0,100.0
Sep'24,2024-09-01,FY_24-25,Mahaveer Medi-Sales Private Limited(A unit of AWPSPL),Direct,Ascent Wellness,South-1,Karnataka,Mamaearth,170000.0,330000.0,100.0
Sep'24,2024-09-01,FY_24-25,Vpi Medisales -(A Unit Of AWPSPL)(A unit of AWPSPL),Direct,Ascent Wellness,South-1,Karnataka,Mamaearth,-100000.0,-170000.0,100.0
Sep'24,2024-09-01,FY_24-25,Vpi Medisales -(A Unit Of AWPSPL)(A unit of AWPSPL),Direct,Ascent Wellness,South-1,Karnataka,The Derma Co,-10000.0,-20000.0,100.0
Oct'24,2024-10-01,FY_24-25,Ascent Wellness Pharma Solutions Pvt Ltd (A unit of AWPSPL),Direct,Ascent Wellness,West,Mumbai,Mamaearth,-10000.0,-10000.0,100.0
Oct'24,2024-10-01,FY_24-25,Aushad-Ascent,Direct,Ascent Wellness,South-1,Karnataka,Mamaearth,10000.0,20000.0,100.0
Oct'24,2024-10-01,FY_24-25,Aushad-Ascent,Direct,Ascent Wellness,South-1,Karnataka,The Derma Co,20000.0,30000.0,100.0
Oct'24,2024-10-01,FY_24-25,D.C. Agencies Pvt Ltd(Patparganj)(A unit of AWPSPL),Direct,Ascent Wellness,North,Delhi,Mamaearth,-30000.0,-50000.0,100.0
Oct'24,2024-10-01,FY_24-25,Eastern Agencies Healthcare Pvt Ltd(A unit of AWPSPL),Direct,Ascent Wellness,West,Mumbai,Mamaearth,0.0,-10000.0,100.0
Oct'24,2024-10-01,FY_24-25,EKDANTA PHARMATECH-Ascent,Direct,Ascent Wellness,West,Pune,Mamaearth,-40000.0,-60000.0,100.0
Oct'24,2024-10-01,FY_24-25,Fsn Distribution Ltd_Anakapalle-AP,Direct,Nykaa SS(fsn),South-2,Andhra Pradesh,Aqualogica,10000.0,20000.0,100.0
Oct'24,2024-10-01,FY_24-25,Fsn Distribution Ltd_Anakapalle-AP,Direct,Nykaa SS(fsn),South-2,Andhra Pradesh,Mamaearth,740000.0,1480000.0,100.0
Oct'24,2024-10-01,FY_24-25,Fsn Distribution Ltd_Anakapalle-AP,Direct,Nykaa SS(fsn),South-2,Andhra Pradesh,The Derma Co,20000.0,40000.0,100.0
Oct'24,2024-10-01,FY_24-25,Fsn Distribution Ltd_Gallops,Direct,Nykaa SS(fsn),West,Gujarat,Aqualogica,0.0,10000.0,100.0
Oct'24,2024-10-01,FY_24-25,Fsn Distribution Ltd_Gallops,Direct,Nykaa SS(fsn),West,Gujarat,Mamaearth,550000.0,1020000.0,100.0
Oct'24,2024-10-01,FY_24-25,Fsn Distribution Ltd_Gallops,Direct,Nykaa SS(fsn),West,Gujarat,The Derma Co,50000.0,80000.0,100.0
Oct'24,2024-10-01,FY_24-25,Fsn Distribution Ltd_Hobli,Direct,Nykaa SS(fsn),South-1,Karnataka,Aqualogica,230000.0,470000.0,100.0
Oct'24,2024-10-01,FY_24-25,Fsn Distribution Ltd_Hobli,Direct,Nykaa SS(fsn),South-1,Karnataka,Mamaearth,1330000.0,2490000.0,100.0
Oct'24,2024-10-01,FY_24-25,Fsn Distribution Ltd_Hobli,Direct,Nykaa SS(fsn),South-1,Karnataka,The Derma Co,470000.0,770000.0,100.0
Oct'24,2024-10-01,FY_24-25,FSN Distribution Ltd_Indore,Direct,Nykaa SS(fsn),North,Madhya Pradesh,Aqualogica,20000.0,30000.0,100.0
Oct'24,2024-10-01,FY_24-25,FSN Distribution Ltd_Indore,Direct,Nykaa SS(fsn),North,Madhya Pradesh,BBlunt,0.0,10000.0,100.0
Oct'24,2024-10-01,FY_24-25,FSN Distribution Ltd_Indore,Direct,Nykaa SS(fsn),North,Madhya Pradesh,Mamaearth,350000.0,660000.0,100.0
Oct'24,2024-10-01,FY_24-25,FSN Distribution Ltd_Indore,Direct,Nykaa SS(fsn),North,Madhya Pradesh,The Derma Co,50000.0,90000.0,100.0
Oct'24,2024-10-01,FY_24-25,Fsn Distribution Ltd_Khasarwara,Direct,Nykaa SS(fsn),North,UPW,Aqualogica,0.0,0.0,100.0
Oct'24,2024-10-01,FY_24-25,Fsn Distribution Ltd_Khasarwara,Direct,Nykaa SS(fsn),North,UPW,BBlunt,0.0,0.0,100.0
Oct'24,2024-10-01,FY_24-25,Fsn Distribution Ltd_Khasarwara,Direct,Nykaa SS(fsn),North,UPW,Mamaearth,660000.0,1230000.0,100.0
Oct'24,2024-10-01,FY_24-25,Fsn Distribution Ltd_Khasarwara,Direct,Nykaa SS(fsn),North,UPW,The Derma Co,70000.0,110000.0,100.0
Oct'24,2024-10-01,FY_24-25,Fsn Distribution Ltd_Mauja,Direct,Nykaa SS(fsn),East,Bihar,Aqualogica,0.0,0.0,100.0
Oct'24,2024-10-01,FY_24-25,Fsn Distribution Ltd_Mauja,Direct,Nykaa SS(fsn),East,Bihar,Mamaearth,740000.0,1460000.0,100.0
Oct'24,2024-10-01,FY_24-25,Fsn Distribution Ltd_Mauja,Direct,Nykaa SS(fsn),East,Bihar,The Derma Co,10000.0,20000.0,100.0
Oct'24,2024-10-01,FY_24-25,FSN Distribution Ltd_OR-NYKAA,Direct,Nykaa SS(fsn),East,Orissa,Aqualogica,0.0,0.0,100.0
Oct'24,2024-10-01,FY_24-25,FSN Distribution Ltd_OR-NYKAA,Direct,Nykaa SS(fsn),East,Orissa,Mamaearth,910000.0,1910000.0,100.0
Oct'24,2024-10-01,FY_24-25,FSN Distribution Ltd_OR-NYKAA,Direct,Nykaa SS(fsn),East,Orissa,The Derma Co,20000.0,40000.0,100.0
Oct'24,2024-10-01,FY_24-25,Fsn Distribution Ltd_Rajpura,Direct,Nykaa SS(fsn),North,Punjab,Aqualogica,40000.0,60000.0,100.0
Oct'24,2024-10-01,FY_24-25,Fsn Distribution Ltd_Rajpura,Direct,Nykaa SS(fsn),North,Punjab,BBlunt,10000.0,10000.0,100.0
Oct'24,2024-10-01,FY_24-25,Fsn Distribution Ltd_Rajpura,Direct,Nykaa SS(fsn),North,Punjab,Mamaearth,430000.0,790000.0,100.0
Oct'24,2024-10-01,FY_24-25,Fsn Distribution Ltd_Rajpura,Direct,Nykaa SS(fsn),North,Punjab,The Derma Co,50000.0,80000.0,100.0
Oct'24,2024-10-01,FY_24-25,Fsn Distribution Ltd_Ranihat,Direct,Nykaa SS(fsn),East,West Bengal,Aqualogica,10000.0,20000.0,100.0
Oct'24,2024-10-01,FY_24-25,Fsn Distribution Ltd_Ranihat,Direct,Nykaa SS(fsn),East,West Bengal,Mamaearth,900000.0,1900000.0,100.0
Oct'24,2024-10-01,FY_24-25,Fsn Distribution Ltd_Ranihat,Direct,Nykaa SS(fsn),East,West Bengal,The Derma Co,50000.0,90000.0,100.0
Oct'24,2024-10-01,FY_24-25,Fsn Distribution Ltd_Sarpara,Direct,Nykaa SS(fsn),East,Northeast-Assam,Aqualogica,20000.0,30000.0,100.0
Oct'24,2024-10-01,FY_24-25,Fsn Distribution Ltd_Sarpara,Direct,Nykaa SS(fsn),East,Northeast-Assam,Mamaearth,1440000.0,3400000.0,100.0
Oct'24,2024-10-01,FY_24-25,Fsn Distribution Ltd_Sarpara,Direct,Nykaa SS(fsn),East,Northeast-Assam,The Derma Co,120000.0,220000.0,100.0
Oct'24,2024-10-01,FY_24-25,Fsn Distribution Ltd_Tiruvallur,Direct,Nykaa SS(fsn),South-1,Tamil Nadu,Aqualogica,30000.0,40000.0,100.0
Oct'24,2024-10-01,FY_24-25,Fsn Distribution Ltd_Tiruvallur,Direct,Nykaa SS(fsn),South-1,Tamil Nadu,Mamaearth,370000.0,670000.0,100.0
Oct'24,2024-10-01,FY_24-25,Fsn Distribution Ltd_Tiruvallur,Direct,Nykaa SS(fsn),South-1,Tamil Nadu,The Derma Co,50000.0,90000.0,100.0
Oct'24,2024-10-01,FY_24-25,Fsn Distribution Ltd_Village Gurhi,Direct,Nykaa SS(fsn),North,Haryana,Aqualogica,10000.0,10000.0,100.0
Oct'24,2024-10-01,FY_24-25,Fsn Distribution Ltd_Village Gurhi,Direct,Nykaa SS(fsn),North,Haryana,BBlunt,10000.0,10000.0,100.0
Oct'24,2024-10-01,FY_24-25,Fsn Distribution Ltd_Village Gurhi,Direct,Nykaa SS(fsn),North,Haryana,Mamaearth,640000.0,1170000.0,100.0
Oct'24,2024-10-01,FY_24-25,Fsn Distribution Ltd_Village Gurhi,Direct,Nykaa SS(fsn),North,Haryana,The Derma Co,90000.0,140000.0,100.0
Oct'24,2024-10-01,FY_24-25,Fsn Distribution Ltd_Village Sonale,Direct,Nykaa SS(fsn),West,Mumbai,Aqualogica,10000.0,20000.0,100.0
Oct'24,2024-10-01,FY_24-25,Fsn Distribution Ltd_Village Sonale,Direct,Nykaa SS(fsn),West,Mumbai,BBlunt,30000.0,50000.0,100.0
Oct'24,2024-10-01,FY_24-25,Fsn Distribution Ltd_Village Sonale,Direct,Nykaa SS(fsn),West,Mumbai,Mamaearth,470000.0,890000.0,100.0
Oct'24,2024-10-01,FY_24-25,Fsn Distribution Ltd_Village Sonale,Direct,Nykaa SS(fsn),West,Mumbai,The Derma Co,110000.0,170000.0,100.0
Oct'24,2024-10-01,FY_24-25,Fsn Distribution Ltd_Yamjal Village,Direct,Nykaa SS(fsn),South-2,Telangana,Aqualogica,40000.0,60000.0,100.0
Oct'24,2024-10-01,FY_24-25,Fsn Distribution Ltd_Yamjal Village,Direct,Nykaa SS(fsn),South-2,Telangana,Mamaearth,1010000.0,2110000.0,100.0
Oct'24,2024-10-01,FY_24-25,Fsn Distribution Ltd_Yamjal Village,Direct,Nykaa SS(fsn),South-2,Telangana,The Derma Co,50000.0,80000.0,100.0
Oct'24,2024-10-01,FY_24-25,Mahaveer Medi-Sales Private Limited(A unit of AWPSPL),Direct,Ascent Wellness,South-1,Karnataka,Mamaearth,810000.0,1730000.0,100.0
Oct'24,2024-10-01,FY_24-25,Medicos Healthcare,Direct,Ascent Wellness,North,Punjab,Mamaearth,-10000.0,-20000.0,100.0
Dec'24,2024-12-01,FY_24-25,Aushad-Ascent,Direct,Ascent Wellness,South-1,Karnataka,Mamaearth,40000.0,80000.0,100.0
Dec'24,2024-12-01,FY_24-25,D.C. Agencies Pvt Ltd(Mayapuri)(A unit of AWPSPL),Direct,Ascent Wellness,North,Delhi,Mamaearth,-90000.0,-160000.0,100.0
Dec'24,2024-12-01,FY_24-25,Desai Pharma Distributors Pvt. Ltd,Direct,Ascent Wellness,West,Mumbai,Mamaearth,-10000.0,-10000.0,100.0
Dec'24,2024-12-01,FY_24-25,Eastern Agencies Healthcare Pvt Ltd(A unit of AWPSPL),Direct,Ascent Wellness,West,Mumbai,Mamaearth,0.0,-10000.0,100.0
Dec'24,2024-12-01,FY_24-25,Eremedium Private Limited_Shipto,Direct,Eremedium,North,UPW,The Derma Co,790000.0,2100000.0,100.0
Dec'24,2024-12-01,FY_24-25,Fsn Distribution Ltd_Anakapalle-AP,Direct,Nykaa SS(fsn),South-2,Andhra Pradesh,Aqualogica,10000.0,20000.0,100.0
Dec'24,2024-12-01,FY_24-25,Fsn Distribution Ltd_Anakapalle-AP,Direct,Nykaa SS(fsn),South-2,Andhra Pradesh,Mamaearth,1640000.0,3330000.0,100.0
Dec'24,2024-12-01,FY_24-25,Fsn Distribution Ltd_Anakapalle-AP,Direct,Nykaa SS(fsn),South-2,Andhra Pradesh,The Derma Co,60000.0,100000.0,100.0
Dec'24,2024-12-01,FY_24-25,Fsn Distribution Ltd_Gallops,Direct,Nykaa SS(fsn),West,Gujarat,Aqualogica,10000.0,20000.0,100.0
Dec'24,2024-12-01,FY_24-25,Fsn Distribution Ltd_Gallops,Direct,Nykaa SS(fsn),West,Gujarat,Mamaearth,420000.0,890000.0,100.0
Dec'24,2024-12-01,FY_24-25,Fsn Distribution Ltd_Gallops,Direct,Nykaa SS(fsn),West,Gujarat,The Derma Co,50000.0,80000.0,100.0
Dec'24,2024-12-01,FY_24-25,Fsn Distribution Ltd_Gondkheri,Direct,Nykaa SS(fsn),West,Mumbai,Aqualogica,0.0,0.0,100.0
Dec'24,2024-12-01,FY_24-25,Fsn Distribution Ltd_Gondkheri,Direct,Nykaa SS(fsn),West,Mumbai,BBlunt,0.0,0.0,100.0
Dec'24,2024-12-01,FY_24-25,Fsn Distribution Ltd_Gondkheri,Direct,Nykaa SS(fsn),West,Mumbai,Mamaearth,0.0,0.0,100.0
Dec'24,2024-12-01,FY_24-25,Fsn Distribution Ltd_Gondkheri,Direct,Nykaa SS(fsn),West,Mumbai,The Derma Co,0.0,50000.0,100.0
Dec'24,2024-12-01,FY_24-25,Fsn Distribution Ltd_Hobli,Direct,Nykaa SS(fsn),South-1,Karnataka,Aqualogica,230000.0,370000.0,100.0
Dec'24,2024-12-01,FY_24-25,Fsn Distribution Ltd_Hobli,Direct,Nykaa SS(fsn),South-1,Karnataka,Mamaearth,1450000.0,3060000.0,100.0
Dec'24,2024-12-01,FY_24-25,Fsn Distribution Ltd_Hobli,Direct,Nykaa SS(fsn),South-1,Karnataka,The Derma Co,590000.0,1160000.0,100.0
Dec'24,2024-12-01,FY_24-25,FSN Distribution Ltd_Indore,Direct,Nykaa SS(fsn),North,Madhya Pradesh,Aqualogica,20000.0,30000.0,100.0
Dec'24,2024-12-01,FY_24-25,FSN Distribution Ltd_Indore,Direct,Nykaa SS(fsn),North,Madhya Pradesh,Mamaearth,220000.0,390000.0,100.0
Dec'24,2024-12-01,FY_24-25,FSN Distribution Ltd_Indore,Direct,Nykaa SS(fsn),North,Madhya Pradesh,The Derma Co,90000.0,170000.0,100.0
Dec'24,2024-12-01,FY_24-25,Fsn Distribution Ltd_Khasarwara,Direct,Nykaa SS(fsn),North,UPW,Aqualogica,40000.0,110000.0,100.0
Dec'24,2024-12-01,FY_24-25,Fsn Distribution Ltd_Khasarwara,Direct,Nykaa SS(fsn),North,UPW,Mamaearth,670000.0,1710000.0,100.0
Dec'24,2024-12-01,FY_24-25,Fsn Distribution Ltd_Khasarwara,Direct,Nykaa SS(fsn),North,UPW,The Derma Co,140000.0,300000.0,100.0
Dec'24,2024-12-01,FY_24-25,Fsn Distribution Ltd_Mauja,Direct,Nykaa SS(fsn),East,Bihar,Aqualogica,20000.0,30000.0,100.0
Dec'24,2024-12-01,FY_24-25,Fsn Distribution Ltd_Mauja,Direct,Nykaa SS(fsn),East,Bihar,Mamaearth,700000.0,1280000.0,100.0
Dec'24,2024-12-01,FY_24-25,Fsn Distribution Ltd_Mauja,Direct,Nykaa SS(fsn),East,Bihar,The Derma Co,20000.0,30000.0,100.0
Dec'24,2024-12-01,FY_24-25,FSN Distribution Ltd_OR-NYKAA,Direct,Nykaa SS(fsn),East,Orissa,Aqualogica,0.0,10000.0,100.0
Dec'24,2024-12-01,FY_24-25,FSN Distribution Ltd_OR-NYKAA,Direct,Nykaa SS(fsn),East,Orissa,Mamaearth,510000.0,1020000.0,100.0
Dec'24,2024-12-01,FY_24-25,FSN Distribution Ltd_OR-NYKAA,Direct,Nykaa SS(fsn),East,Orissa,The Derma Co,50000.0,100000.0,100.0
Dec'24,2024-12-01,FY_24-25,Fsn Distribution Ltd_Rajpura,Direct,Nykaa SS(fsn),North,Punjab,Aqualogica,30000.0,40000.0,100.0
Dec'24,2024-12-01,FY_24-25,Fsn Distribution Ltd_Rajpura,Direct,Nykaa SS(fsn),North,Punjab,BBlunt,10000.0,20000.0,100.0
Dec'24,2024-12-01,FY_24-25,Fsn Distribution Ltd_Rajpura,Direct,Nykaa SS(fsn),North,Punjab,Mamaearth,490000.0,990000.0,100.0
Dec'24,2024-12-01,FY_24-25,Fsn Distribution Ltd_Rajpura,Direct,Nykaa SS(fsn),North,Punjab,The Derma Co,200000.0,440000.0,100.0
Dec'24,2024-12-01,FY_24-25,Fsn Distribution Ltd_Ranihat,Direct,Nykaa SS(fsn),East,West Bengal,Aqualogica,10000.0,10000.0,100.0
Dec'24,2024-12-01,FY_24-25,Fsn Distribution Ltd_Ranihat,Direct,Nykaa SS(fsn),East,West Bengal,Mamaearth,940000.0,2000000.0,100.0
Dec'24,2024-12-01,FY_24-25,Fsn Distribution Ltd_Ranihat,Direct,Nykaa SS(fsn),East,West Bengal,The Derma Co,210000.0,470000.0,100.0
Dec'24,2024-12-01,FY_24-25,Fsn Distribution Ltd_Sarpara,Direct,Nykaa SS(fsn),East,Northeast-Assam,Aqualogica,60000.0,100000.0,100.0
Dec'24,2024-12-01,FY_24-25,Fsn Distribution Ltd_Sarpara,Direct,Nykaa SS(fsn),East,Northeast-Assam,Mamaearth,1540000.0,3230000.0,100.0
Dec'24,2024-12-01,FY_24-25,Fsn Distribution Ltd_Sarpara,Direct,Nykaa SS(fsn),East,Northeast-Assam,The Derma Co,200000.0,330000.0,100.0
Dec'24,2024-12-01,FY_24-25,Fsn Distribution Ltd_Tiruvallur,Direct,Nykaa SS(fsn),South-1,Tamil Nadu,Aqualogica,0.0,0.0,100.0
Dec'24,2024-12-01,FY_24-25,Fsn Distribution Ltd_Tiruvallur,Direct,Nykaa SS(fsn),South-1,Tamil Nadu,Mamaearth,460000.0,830000.0,100.0
Dec'24,2024-12-01,FY_24-25,Fsn Distribution Ltd_Tiruvallur,Direct,Nykaa SS(fsn),South-1,Tamil Nadu,The Derma Co,30000.0,60000.0,100.0
Dec'24,2024-12-01,FY_24-25,Fsn Distribution Ltd_Village Gurhi,Direct,Nykaa SS(fsn),North,Haryana,Aqualogica,20000.0,50000.0,100.0
Dec'24,2024-12-01,FY_24-25,Fsn Distribution Ltd_Village Gurhi,Direct,Nykaa SS(fsn),North,Haryana,Mamaearth,620000.0,1200000.0,100.0
Dec'24,2024-12-01,FY_24-25,Fsn Distribution Ltd_Village Gurhi,Direct,Nykaa SS(fsn),North,Haryana,The Derma Co,250000.0,540000.0,100.0
Dec'24,2024-12-01,FY_24-25,Fsn Distribution Ltd_Village Sonale,Direct,Nykaa SS(fsn),West,Mumbai,Aqualogica,50000.0,90000.0,100.0
Dec'24,2024-12-01,FY_24-25,Fsn Distribution Ltd_Village Sonale,Direct,Nykaa SS(fsn),West,Mumbai,BBlunt,20000.0,30000.0,100.0
Dec'24,2024-12-01,FY_24-25,Fsn Distribution Ltd_Village Sonale,Direct,Nykaa SS(fsn),West,Mumbai,Mamaearth,1070000.0,2250000.0,100.0
Dec'24,2024-12-01,FY_24-25,Fsn Distribution Ltd_Village Sonale,Direct,Nykaa SS(fsn),West,Mumbai,The Derma Co,270000.0,480000.0,100.0
Dec'24,2024-12-01,FY_24-25,Fsn Distribution Ltd_Yamjal Village,Direct,Nykaa SS(fsn),South-2,Telangana,Aqualogica,10000.0,10000.0,100.0
Dec'24,2024-12-01,FY_24-25,Fsn Distribution Ltd_Yamjal Village,Direct,Nykaa SS(fsn),South-2,Telangana,Mamaearth,180000.0,320000.0,100.0
Dec'24,2024-12-01,FY_24-25,Fsn Distribution Ltd_Yamjal Village,Direct,Nykaa SS(fsn),South-2,Telangana,The Derma Co,10000.0,20000.0,100.0
Dec'24,2024-12-01,FY_24-25,Mahaveer Medi-Sales Private Limited(A unit of AWPSPL),Direct,Ascent Wellness,South-1,Karnataka,Mamaearth,560000.0,1200000.0,100.0
Dec'24,2024-12-01,FY_24-25,Shree Simba Chemist-Ascent,Direct,Ascent Wellness,West,Mumbai,Mamaearth,-20000.0,-30000.0,100.0
Dec'24,2024-12-01,FY_24-25,Shree Simba Chemist-Ascent,Direct,Ascent Wellness,West,Mumbai,The Derma Co,0.0,0.0,100.0
Dec'24,2024-12-01,FY_24-25,Vpi Medisales -(A Unit Of AWPSPL)(A unit of AWPSPL),Direct,Ascent Wellness,South-1,Karnataka,Mamaearth,-20000.0,-40000.0,100.0
Dec'24,2024-12-01,FY_24-25,Vpi Medisales -(A Unit Of AWPSPL)(A unit of AWPSPL),Direct,Ascent Wellness,South-1,Karnataka,The Derma Co,-30000.0,-50000.0,100.0
Jan'25,2025-01-01,FY_24-25,Ascent Wellness Pharma (AWPSPL-Retailo),Direct,Ascent Wellness,West,Mumbai,Mamaearth,-10000.0,-10000.0,100.0
Jan'25,2025-01-01,FY_24-25,D.C. Agencies Pvt Ltd(Mayapuri)(A unit of AWPSPL),Direct,Ascent Wellness,North,Delhi,Mamaearth,20000.0,40000.0,100.0
Jan'25,2025-01-01,FY_24-25,D.C. Agencies Pvt Ltd(Mayapuri)(A unit of AWPSPL),Direct,Ascent Wellness,North,Delhi,The Derma Co,30000.0,40000.0,100.0
Jan'25,2025-01-01,FY_24-25,Eremedium Private Limited_Shipto,Direct,Eremedium,North,UPW,The Derma Co,760000.0,1520000.0,100.0
Jan'25,2025-01-01,FY_24-25,Fsn Distribution Ltd_Anakapalle-AP,Direct,Nykaa SS(fsn),South-2,Andhra Pradesh,Aqualogica,0.0,0.0,100.0
Jan'25,2025-01-01,FY_24-25,Fsn Distribution Ltd_Anakapalle-AP,Direct,Nykaa SS(fsn),South-2,Andhra Pradesh,Mamaearth,-430000.0,-780000.0,100.0
Jan'25,2025-01-01,FY_24-25,Fsn Distribution Ltd_Anakapalle-AP,Direct,Nykaa SS(fsn),South-2,Andhra Pradesh,The Derma Co,-10000.0,-20000.0,100.0
Jan'25,2025-01-01,FY_24-25,Fsn Distribution Ltd_Bhiwandi,Direct,Nykaa SS(fsn),West,Mumbai,Mamaearth,-20000.0,-30000.0,100.0
Jan'25,2025-01-01,FY_24-25,Fsn Distribution Ltd_Gallops,Direct,Nykaa SS(fsn),West,Gujarat,Aqualogica,0.0,10000.0,100.0
Jan'25,2025-01-01,FY_24-25,Fsn Distribution Ltd_Gallops,Direct,Nykaa SS(fsn),West,Gujarat,Mamaearth,130000.0,230000.0,100.0
Jan'25,2025-01-01,FY_24-25,Fsn Distribution Ltd_Gallops,Direct,Nykaa SS(fsn),West,Gujarat,The Derma Co,50000.0,90000.0,100.0
Jan'25,2025-01-01,FY_24-25,Fsn Distribution Ltd_Hobli,Direct,Nykaa SS(fsn),South-1,Karnataka,Aqualogica,350000.0,570000.0,100.0
Jan'25,2025-01-01,FY_24-25,Fsn Distribution Ltd_Hobli,Direct,Nykaa SS(fsn),South-1,Karnataka,Mamaearth,1380000.0,2710000.0,100.0
Jan'25,2025-01-01,FY_24-25,Fsn Distribution Ltd_Hobli,Direct,Nykaa SS(fsn),South-1,Karnataka,The Derma Co,410000.0,660000.0,100.0
Jan'25,2025-01-01,FY_24-25,FSN Distribution Ltd_Indore,Direct,Nykaa SS(fsn),North,Madhya Pradesh,Aqualogica,10000.0,10000.0,100.0
Jan'25,2025-01-01,FY_24-25,FSN Distribution Ltd_Indore,Direct,Nykaa SS(fsn),North,Madhya Pradesh,Mamaearth,170000.0,140000.0,100.0
Jan'25,2025-01-01,FY_24-25,FSN Distribution Ltd_Indore,Direct,Nykaa SS(fsn),North,Madhya Pradesh,The Derma Co,70000.0,130000.0,100.0
Jan'25,2025-01-01,FY_24-25,Fsn Distribution Ltd_Khasarwara,Direct,Nykaa SS(fsn),North,UPW,Aqualogica,0.0,0.0,100.0
Jan'25,2025-01-01,FY_24-25,Fsn Distribution Ltd_Khasarwara,Direct,Nykaa SS(fsn),North,UPW,Mamaearth,190000.0,350000.0,100.0
Jan'25,2025-01-01,FY_24-25,Fsn Distribution Ltd_Khasarwara,Direct,Nykaa SS(fsn),North,UPW,The Derma Co,10000.0,30000.0,100.0
Jan'25,2025-01-01,FY_24-25,Fsn Distribution Ltd_Mauja,Direct,Nykaa SS(fsn),East,Bihar,Aqualogica,0.0,0.0,100.0
Jan'25,2025-01-01,FY_24-25,Fsn Distribution Ltd_Mauja,Direct,Nykaa SS(fsn),East,Bihar,Mamaearth,510000.0,970000.0,100.0
Jan'25,2025-01-01,FY_24-25,Fsn Distribution Ltd_Mauja,Direct,Nykaa SS(fsn),East,Bihar,The Derma Co,40000.0,60000.0,100.0
Jan'25,2025-01-01,FY_24-25,FSN Distribution Ltd_NDG-GZB,Direct,Nykaa SS(fsn),North,UPW,Mamaearth,240000.0,410000.0,100.0
Jan'25,2025-01-01,FY_24-25,FSN Distribution Ltd_OR-NYKAA,Direct,Nykaa SS(fsn),East,Orissa,Aqualogica,0.0,0.0,100.0
Jan'25,2025-01-01,FY_24-25,FSN Distribution Ltd_OR-NYKAA,Direct,Nykaa SS(fsn),East,Orissa,Mamaearth,500000.0,950000.0,100.0
Jan'25,2025-01-01,FY_24-25,FSN Distribution Ltd_OR-NYKAA,Direct,Nykaa SS(fsn),East,Orissa,The Derma Co,30000.0,50000.0,100.0
Jan'25,2025-01-01,FY_24-25,Fsn Distribution Ltd_Rajpura,Direct,Nykaa SS(fsn),North,Punjab,Aqualogica,0.0,0.0,100.0
Jan'25,2025-01-01,FY_24-25,Fsn Distribution Ltd_Rajpura,Direct,Nykaa SS(fsn),North,Punjab,BBlunt,10000.0,10000.0,100.0
Jan'25,2025-01-01,FY_24-25,Fsn Distribution Ltd_Rajpura,Direct,Nykaa SS(fsn),North,Punjab,Mamaearth,320000.0,630000.0,100.0
Jan'25,2025-01-01,FY_24-25,Fsn Distribution Ltd_Rajpura,Direct,Nykaa SS(fsn),North,Punjab,The Derma Co,10000.0,20000.0,100.0
Jan'25,2025-01-01,FY_24-25,Fsn Distribution Ltd_Ranihat,Direct,Nykaa SS(fsn),East,West Bengal,Aqualogica,10000.0,20000.0,100.0
Jan'25,2025-01-01,FY_24-25,Fsn Distribution Ltd_Ranihat,Direct,Nykaa SS(fsn),East,West Bengal,BBlunt,0.0,0.0,100.0
Jan'25,2025-01-01,FY_24-25,Fsn Distribution Ltd_Ranihat,Direct,Nykaa SS(fsn),East,West Bengal,Mamaearth,650000.0,1180000.0,100.0
Jan'25,2025-01-01,FY_24-25,Fsn Distribution Ltd_Ranihat,Direct,Nykaa SS(fsn),East,West Bengal,The Derma Co,70000.0,110000.0,100.0
Jan'25,2025-01-01,FY_24-25,Fsn Distribution Ltd_Sarpara,Direct,Nykaa SS(fsn),East,Northeast-Assam,Aqualogica,20000.0,30000.0,100.0
Jan'25,2025-01-01,FY_24-25,Fsn Distribution Ltd_Sarpara,Direct,Nykaa SS(fsn),East,Northeast-Assam,Mamaearth,1420000.0,2720000.0,100.0
Jan'25,2025-01-01,FY_24-25,Fsn Distribution Ltd_Sarpara,Direct,Nykaa SS(fsn),East,Northeast-Assam,The Derma Co,180000.0,300000.0,100.0
Jan'25,2025-01-01,FY_24-25,Fsn Distribution Ltd_Tiruvallur,Direct,Nykaa SS(fsn),South-1,Tamil Nadu,Aqualogica,20000.0,30000.0,100.0
Jan'25,2025-01-01,FY_24-25,Fsn Distribution Ltd_Tiruvallur,Direct,Nykaa SS(fsn),South-1,Tamil Nadu,Mamaearth,240000.0,440000.0,100.0
Jan'25,2025-01-01,FY_24-25,Fsn Distribution Ltd_Tiruvallur,Direct,Nykaa SS(fsn),South-1,Tamil Nadu,The Derma Co,40000.0,60000.0,100.0
Jan'25,2025-01-01,FY_24-25,Fsn Distribution Ltd_Village Gurhi,Direct,Nykaa SS(fsn),North,Haryana,Aqualogica,10000.0,20000.0,100.0
Jan'25,2025-01-01,FY_24-25,Fsn Distribution Ltd_Village Gurhi,Direct,Nykaa SS(fsn),North,Haryana,Mamaearth,450000.0,870000.0,100.0
Jan'25,2025-01-01,FY_24-25,Fsn Distribution Ltd_Village Gurhi,Direct,Nykaa SS(fsn),North,Haryana,The Derma Co,120000.0,220000.0,100.0
Jan'25,2025-01-01,FY_24-25,Fsn Distribution Ltd_Village Sonale,Direct,Nykaa SS(fsn),West,Mumbai,Aqualogica,30000.0,50000.0,100.0
Jan'25,2025-01-01,FY_24-25,Fsn Distribution Ltd_Village Sonale,Direct,Nykaa SS(fsn),West,Mumbai,BBlunt,30000.0,50000.0,100.0
Jan'25,2025-01-01,FY_24-25,Fsn Distribution Ltd_Village Sonale,Direct,Nykaa SS(fsn),West,Mumbai,Mamaearth,670000.0,1250000.0,100.0
Jan'25,2025-01-01,FY_24-25,Fsn Distribution Ltd_Village Sonale,Direct,Nykaa SS(fsn),West,Mumbai,The Derma Co,200000.0,360000.0,100.0
Jan'25,2025-01-01,FY_24-25,Fsn Distribution Ltd_Yamjal Village,Direct,Nykaa SS(fsn),South-2,Telangana,Aqualogica,0.0,10000.0,100.0
Jan'25,2025-01-01,FY_24-25,Fsn Distribution Ltd_Yamjal Village,Direct,Nykaa SS(fsn),South-2,Telangana,BBlunt,0.0,0.0,100.0
Jan'25,2025-01-01,FY_24-25,Fsn Distribution Ltd_Yamjal Village,Direct,Nykaa SS(fsn),South-2,Telangana,Mamaearth,250000.0,470000.0,100.0
Jan'25,2025-01-01,FY_24-25,Fsn Distribution Ltd_Yamjal Village,Direct,Nykaa SS(fsn),South-2,Telangana,The Derma Co,30000.0,40000.0,100.0
Jan'25,2025-01-01,FY_24-25,Mahaveer Medi-Sales Private Limited(A unit of AWPSPL),Direct,Ascent Wellness,South-1,Karnataka,Mamaearth,770000.0,1340000.0,100.0
Feb'25,2025-02-01,FY_24-25,Ascent Wellness Pharma Solutions Pvt Ltd (A unit of AWPSPL),Direct,Ascent Wellness,West,Mumbai,Mamaearth,-10000.0,-20000.0,100.0
Feb'25,2025-02-01,FY_24-25,Eastern Agencies Healthcare Pvt Ltd(A unit of AWPSPL),Direct,Ascent Wellness,West,Mumbai,Mamaearth,-10000.0,-10000.0,100.0
Feb'25,2025-02-01,FY_24-25,Eremedium Private Limited_Shipto,Direct,Eremedium,North,UPW,The Derma Co,660000.0,1220000.0,100.0
Feb'25,2025-02-01,FY_24-25,Fsn Distribution Ltd_Anakapalle-AP,Direct,Nykaa SS(fsn),South-2,Andhra Pradesh,Aqualogica,30000.0,50000.0,100.0
Feb'25,2025-02-01,FY_24-25,Fsn Distribution Ltd_Anakapalle-AP,Direct,Nykaa SS(fsn),South-2,Andhra Pradesh,Mamaearth,570000.0,1050000.0,100.0
Feb'25,2025-02-01,FY_24-25,Fsn Distribution Ltd_Anakapalle-AP,Direct,Nykaa SS(fsn),South-2,Andhra Pradesh,The Derma Co,40000.0,70000.0,100.0
Feb'25,2025-02-01,FY_24-25,Fsn Distribution Ltd_Gallops,Direct,Nykaa SS(fsn),West,Gujarat,Aqualogica,10000.0,10000.0,100.0
Feb'25,2025-02-01,FY_24-25,Fsn Distribution Ltd_Gallops,Direct,Nykaa SS(fsn),West,Gujarat,Mamaearth,370000.0,700000.0,100.0
Feb'25,2025-02-01,FY_24-25,Fsn Distribution Ltd_Gallops,Direct,Nykaa SS(fsn),West,Gujarat,The Derma Co,120000.0,190000.0,100.0
Feb'25,2025-02-01,FY_24-25,Fsn Distribution Ltd_Hobli,Direct,Nykaa SS(fsn),South-1,Karnataka,Aqualogica,540000.0,910000.0,100.0
Feb'25,2025-02-01,FY_24-25,Fsn Distribution Ltd_Hobli,Direct,Nykaa SS(fsn),South-1,Karnataka,Mamaearth,1780000.0,3390000.0,100.0
Feb'25,2025-02-01,FY_24-25,Fsn Distribution Ltd_Hobli,Direct,Nykaa SS(fsn),South-1,Karnataka,The Derma Co,740000.0,1240000.0,100.0
Feb'25,2025-02-01,FY_24-25,FSN Distribution Ltd_Indore,Direct,Nykaa SS(fsn),North,Madhya Pradesh,Aqualogica,20000.0,40000.0,100.0
Feb'25,2025-02-01,FY_24-25,FSN Distribution Ltd_Indore,Direct,Nykaa SS(fsn),North,Madhya Pradesh,BBlunt,0.0,10000.0,100.0
Feb'25,2025-02-01,FY_24-25,FSN Distribution Ltd_Indore,Direct,Nykaa SS(fsn),North,Madhya Pradesh,Mamaearth,220000.0,400000.0,100.0
Feb'25,2025-02-01,FY_24-25,FSN Distribution Ltd_Indore,Direct,Nykaa SS(fsn),North,Madhya Pradesh,The Derma Co,160000.0,260000.0,100.0
Feb'25,2025-02-01,FY_24-25,Fsn Distribution Ltd_Khasarwara,Direct,Nykaa SS(fsn),North,UPW,Aqualogica,0.0,10000.0,100.0
Feb'25,2025-02-01,FY_24-25,Fsn Distribution Ltd_Khasarwara,Direct,Nykaa SS(fsn),North,UPW,Mamaearth,470000.0,910000.0,100.0
Feb'25,2025-02-01,FY_24-25,Fsn Distribution Ltd_Khasarwara,Direct,Nykaa SS(fsn),North,UPW,The Derma Co,80000.0,140000.0,100.0
Feb'25,2025-02-01,FY_24-25,Fsn Distribution Ltd_Mauja,Direct,Nykaa SS(fsn),East,Bihar,Aqualogica,0.0,0.0,100.0
Feb'25,2025-02-01,FY_24-25,Fsn Distribution Ltd_Mauja,Direct,Nykaa SS(fsn),East,Bihar,Mamaearth,640000.0,1170000.0,100.0
Feb'25,2025-02-01,FY_24-25,Fsn Distribution Ltd_Mauja,Direct,Nykaa SS(fsn),East,Bihar,The Derma Co,60000.0,90000.0,100.0
Feb'25,2025-02-01,FY_24-25,FSN Distribution Ltd_NDG-GZB,Direct,Nykaa SS(fsn),North,UPW,Aqualogica,20000.0,30000.0,100.0
Feb'25,2025-02-01,FY_24-25,FSN Distribution Ltd_NDG-GZB,Direct,Nykaa SS(fsn),North,UPW,Mamaearth,80000.0,230000.0,100.0
Feb'25,2025-02-01,FY_24-25,FSN Distribution Ltd_NDG-GZB,Direct,Nykaa SS(fsn),North,UPW,The Derma Co,70000.0,150000.0,100.0
Feb'25,2025-02-01,FY_24-25,FSN Distribution Ltd_OR-NYKAA,Direct,Nykaa SS(fsn),East,Orissa,Aqualogica,10000.0,20000.0,100.0
Feb'25,2025-02-01,FY_24-25,FSN Distribution Ltd_OR-NYKAA,Direct,Nykaa SS(fsn),East,Orissa,Mamaearth,700000.0,1290000.0,100.0
Feb'25,2025-02-01,FY_24-25,FSN Distribution Ltd_OR-NYKAA,Direct,Nykaa SS(fsn),East,Orissa,The Derma Co,30000.0,60000.0,100.0
Feb'25,2025-02-01,FY_24-25,Fsn Distribution Ltd_Rajpura,Direct,Nykaa SS(fsn),North,Punjab,Aqualogica,10000.0,30000.0,100.0
Feb'25,2025-02-01,FY_24-25,Fsn Distribution Ltd_Rajpura,Direct,Nykaa SS(fsn),North,Punjab,BBlunt,10000.0,20000.0,100.0
Feb'25,2025-02-01,FY_24-25,Fsn Distribution Ltd_Rajpura,Direct,Nykaa SS(fsn),North,Punjab,Mamaearth,330000.0,600000.0,100.0
Feb'25,2025-02-01,FY_24-25,Fsn Distribution Ltd_Rajpura,Direct,Nykaa SS(fsn),North,Punjab,The Derma Co,160000.0,280000.0,100.0
Feb'25,2025-02-01,FY_24-25,Fsn Distribution Ltd_Ranihat,Direct,Nykaa SS(fsn),East,West Bengal,Aqualogica,30000.0,50000.0,100.0
Feb'25,2025-02-01,FY_24-25,Fsn Distribution Ltd_Ranihat,Direct,Nykaa SS(fsn),East,West Bengal,Mamaearth,520000.0,930000.0,100.0
Feb'25,2025-02-01,FY_24-25,Fsn Distribution Ltd_Ranihat,Direct,Nykaa SS(fsn),East,West Bengal,The Derma Co,70000.0,110000.0,100.0
Feb'25,2025-02-01,FY_24-25,Fsn Distribution Ltd_Sarpara,Direct,Nykaa SS(fsn),East,Northeast-Assam,Aqualogica,30000.0,40000.0,100.0
Feb'25,2025-02-01,FY_24-25,Fsn Distribution Ltd_Sarpara,Direct,Nykaa SS(fsn),East,Northeast-Assam,Mamaearth,1260000.0,2280000.0,100.0
Feb'25,2025-02-01,FY_24-25,Fsn Distribution Ltd_Sarpara,Direct,Nykaa SS(fsn),East,Northeast-Assam,The Derma Co,130000.0,220000.0,100.0
Feb'25,2025-02-01,FY_24-25,Fsn Distribution Ltd_Tiruvallur,Direct,Nykaa SS(fsn),South-1,Tamil Nadu,Aqualogica,30000.0,40000.0,100.0
Feb'25,2025-02-01,FY_24-25,Fsn Distribution Ltd_Tiruvallur,Direct,Nykaa SS(fsn),South-1,Tamil Nadu,Mamaearth,360000.0,650000.0,100.0
Feb'25,2025-02-01,FY_24-25,Fsn Distribution Ltd_Tiruvallur,Direct,Nykaa SS(fsn),South-1,Tamil Nadu,The Derma Co,80000.0,120000.0,100.0
Feb'25,2025-02-01,FY_24-25,Fsn Distribution Ltd_Village Gurhi,Direct,Nykaa SS(fsn),North,Haryana,Aqualogica,60000.0,100000.0,100.0
Feb'25,2025-02-01,FY_24-25,Fsn Distribution Ltd_Village Gurhi,Direct,Nykaa SS(fsn),North,Haryana,BBlunt,10000.0,20000.0,100.0
Feb'25,2025-02-01,FY_24-25,Fsn Distribution Ltd_Village Gurhi,Direct,Nykaa SS(fsn),North,Haryana,Mamaearth,470000.0,850000.0,100.0
Feb'25,2025-02-01,FY_24-25,Fsn Distribution Ltd_Village Gurhi,Direct,Nykaa SS(fsn),North,Haryana,The Derma Co,240000.0,420000.0,100.0
Feb'25,2025-02-01,FY_24-25,Fsn Distribution Ltd_Village Sonale,Direct,Nykaa SS(fsn),West,Mumbai,Aqualogica,10000.0,10000.0,100.0
Feb'25,2025-02-01,FY_24-25,Fsn Distribution Ltd_Village Sonale,Direct,Nykaa SS(fsn),West,Mumbai,BBlunt,30000.0,50000.0,100.0
Feb'25,2025-02-01,FY_24-25,Fsn Distribution Ltd_Village Sonale,Direct,Nykaa SS(fsn),West,Mumbai,Mamaearth,270000.0,490000.0,100.0
Feb'25,2025-02-01,FY_24-25,Fsn Distribution Ltd_Village Sonale,Direct,Nykaa SS(fsn),West,Mumbai,The Derma Co,270000.0,480000.0,100.0
Feb'25,2025-02-01,FY_24-25,Fsn Distribution Ltd_Yamjal Village,Direct,Nykaa SS(fsn),South-2,Telangana,Aqualogica,30000.0,40000.0,100.0
Feb'25,2025-02-01,FY_24-25,Fsn Distribution Ltd_Yamjal Village,Direct,Nykaa SS(fsn),South-2,Telangana,Mamaearth,520000.0,1020000.0,100.0
Feb'25,2025-02-01,FY_24-25,Fsn Distribution Ltd_Yamjal Village,Direct,Nykaa SS(fsn),South-2,Telangana,The Derma Co,50000.0,90000.0,100.0
Feb'25,2025-02-01,FY_24-25,Mahaveer Medi-Sales Private Limited(A unit of AWPSPL),Direct,Ascent Wellness,South-1,Karnataka,Mamaearth,590000.0,1090000.0,100.0
Feb'25,2025-02-01,FY_24-25,Medicos Healthcare,Direct,Ascent Wellness,North,Punjab,Mamaearth,-60000.0,-100000.0,100.0
Mar'25,2025-03-01,FY_24-25,Fsn Distribution Ltd_Anakapalle-AP,Direct,Nykaa SS(fsn),South-2,Andhra Pradesh,Aqualogica,10000.0,20000.0,100.0
Mar'25,2025-03-01,FY_24-25,Fsn Distribution Ltd_Anakapalle-AP,Direct,Nykaa SS(fsn),South-2,Andhra Pradesh,Mamaearth,320000.0,630000.0,100.0
Mar'25,2025-03-01,FY_24-25,Fsn Distribution Ltd_Anakapalle-AP,Direct,Nykaa SS(fsn),South-2,Andhra Pradesh,The Derma Co,20000.0,40000.0,100.0
Mar'25,2025-03-01,FY_24-25,Fsn Distribution Ltd_Gallops,Direct,Nykaa SS(fsn),West,Gujarat,Aqualogica,20000.0,30000.0,100.0
Mar'25,2025-03-01,FY_24-25,Fsn Distribution Ltd_Gallops,Direct,Nykaa SS(fsn),West,Gujarat,Mamaearth,240000.0,440000.0,100.0
Mar'25,2025-03-01,FY_24-25,Fsn Distribution Ltd_Gallops,Direct,Nykaa SS(fsn),West,Gujarat,The Derma Co,90000.0,150000.0,100.0
Mar'25,2025-03-01,FY_24-25,Fsn Distribution Ltd_Hobli,Direct,Nykaa SS(fsn),South-1,Karnataka,Aqualogica,410000.0,670000.0,100.0
Mar'25,2025-03-01,FY_24-25,Fsn Distribution Ltd_Hobli,Direct,Nykaa SS(fsn),South-1,Karnataka,Mamaearth,1000000.0,1800000.0,100.0
Mar'25,2025-03-01,FY_24-25,Fsn Distribution Ltd_Hobli,Direct,Nykaa SS(fsn),South-1,Karnataka,The Derma Co,710000.0,1260000.0,100.0
Mar'25,2025-03-01,FY_24-25,FSN Distribution Ltd_Indore,Direct,Nykaa SS(fsn),North,Madhya Pradesh,Aqualogica,20000.0,40000.0,100.0
Mar'25,2025-03-01,FY_24-25,FSN Distribution Ltd_Indore,Direct,Nykaa SS(fsn),North,Madhya Pradesh,Mamaearth,30000.0,50000.0,100.0
Mar'25,2025-03-01,FY_24-25,FSN Distribution Ltd_Indore,Direct,Nykaa SS(fsn),North,Madhya Pradesh,The Derma Co,80000.0,130000.0,100.0
Mar'25,2025-03-01,FY_24-25,Fsn Distribution Ltd_Khasarwara,Direct,Nykaa SS(fsn),North,UPW,Aqualogica,10000.0,10000.0,100.0
Mar'25,2025-03-01,FY_24-25,Fsn Distribution Ltd_Khasarwara,Direct,Nykaa SS(fsn),North,UPW,Mamaearth,370000.0,660000.0,100.0
Mar'25,2025-03-01,FY_24-25,Fsn Distribution Ltd_Khasarwara,Direct,Nykaa SS(fsn),North,UPW,The Derma Co,80000.0,150000.0,100.0
Mar'25,2025-03-01,FY_24-25,Fsn Distribution Ltd_Mauja,Direct,Nykaa SS(fsn),East,Bihar,Aqualogica,0.0,0.0,100.0
Mar'25,2025-03-01,FY_24-25,Fsn Distribution Ltd_Mauja,Direct,Nykaa SS(fsn),East,Bihar,Mamaearth,480000.0,870000.0,100.0
Mar'25,2025-03-01,FY_24-25,Fsn Distribution Ltd_Mauja,Direct,Nykaa SS(fsn),East,Bihar,The Derma Co,50000.0,80000.0,100.0
Mar'25,2025-03-01,FY_24-25,FSN Distribution Ltd_NDG-GZB,Direct,Nykaa SS(fsn),North,UPW,Aqualogica,10000.0,20000.0,100.0
Mar'25,2025-03-01,FY_24-25,FSN Distribution Ltd_NDG-GZB,Direct,Nykaa SS(fsn),North,UPW,Mamaearth,170000.0,300000.0,100.0
Mar'25,2025-03-01,FY_24-25,FSN Distribution Ltd_NDG-GZB,Direct,Nykaa SS(fsn),North,UPW,The Derma Co,120000.0,200000.0,100.0
Mar'25,2025-03-01,FY_24-25,FSN Distribution Ltd_NKD-KL,Direct,Nykaa SS(fsn),South-1,Kerala,Mamaearth,410000.0,740000.0,100.0
Mar'25,2025-03-01,FY_24-25,FSN Distribution Ltd_OR-NYKAA,Direct,Nykaa SS(fsn),East,Orissa,Aqualogica,10000.0,10000.0,100.0
Mar'25,2025-03-01,FY_24-25,FSN Distribution Ltd_OR-NYKAA,Direct,Nykaa SS(fsn),East,Orissa,Mamaearth,660000.0,1220000.0,100.0
Mar'25,2025-03-01,FY_24-25,FSN Distribution Ltd_OR-NYKAA,Direct,Nykaa SS(fsn),East,Orissa,The Derma Co,60000.0,90000.0,100.0
Mar'25,2025-03-01,FY_24-25,Fsn Distribution Ltd_Rajpura,Direct,Nykaa SS(fsn),North,Punjab,Aqualogica,10000.0,20000.0,100.0
Mar'25,2025-03-01,FY_24-25,Fsn Distribution Ltd_Rajpura,Direct,Nykaa SS(fsn),North,Punjab,BBlunt,10000.0,10000.0,100.0
Mar'25,2025-03-01,FY_24-25,Fsn Distribution Ltd_Rajpura,Direct,Nykaa SS(fsn),North,Punjab,Mamaearth,280000.0,510000.0,100.0
Mar'25,2025-03-01,FY_24-25,Fsn Distribution Ltd_Rajpura,Direct,Nykaa SS(fsn),North,Punjab,The Derma Co,120000.0,260000.0,100.0
Mar'25,2025-03-01,FY_24-25,Fsn Distribution Ltd_Ranihat,Direct,Nykaa SS(fsn),East,West Bengal,Aqualogica,30000.0,50000.0,100.0
Mar'25,2025-03-01,FY_24-25,Fsn Distribution Ltd_Ranihat,Direct,Nykaa SS(fsn),East,West Bengal,Mamaearth,440000.0,800000.0,100.0
Mar'25,2025-03-01,FY_24-25,Fsn Distribution Ltd_Ranihat,Direct,Nykaa SS(fsn),East,West Bengal,The Derma Co,130000.0,230000.0,100.0
Mar'25,2025-03-01,FY_24-25,Fsn Distribution Ltd_Sarpara,Direct,Nykaa SS(fsn),East,Northeast-Assam,Aqualogica,20000.0,40000.0,100.0
Mar'25,2025-03-01,FY_24-25,Fsn Distribution Ltd_Sarpara,Direct,Nykaa SS(fsn),East,Northeast-Assam,Mamaearth,980000.0,1950000.0,100.0
Mar'25,2025-03-01,FY_24-25,Fsn Distribution Ltd_Sarpara,Direct,Nykaa SS(fsn),East,Northeast-Assam,The Derma Co,180000.0,300000.0,100.0
Mar'25,2025-03-01,FY_24-25,Fsn Distribution Ltd_Tiruvallur,Direct,Nykaa SS(fsn),South-1,Tamil Nadu,Aqualogica,30000.0,50000.0,100.0
Mar'25,2025-03-01,FY_24-25,Fsn Distribution Ltd_Tiruvallur,Direct,Nykaa SS(fsn),South-1,Tamil Nadu,Mamaearth,330000.0,590000.0,100.0
Mar'25,2025-03-01,FY_24-25,Fsn Distribution Ltd_Tiruvallur,Direct,Nykaa SS(fsn),South-1,Tamil Nadu,The Derma Co,90000.0,150000.0,100.0
Mar'25,2025-03-01,FY_24-25,Fsn Distribution Ltd_Village Gurhi,Direct,Nykaa SS(fsn),North,Haryana,Aqualogica,40000.0,80000.0,100.0
Mar'25,2025-03-01,FY_24-25,Fsn Distribution Ltd_Village Gurhi,Direct,Nykaa SS(fsn),North,Haryana,BBlunt,0.0,10000.0,100.0
Mar'25,2025-03-01,FY_24-25,Fsn Distribution Ltd_Village Gurhi,Direct,Nykaa SS(fsn),North,Haryana,Mamaearth,140000.0,250000.0,100.0
Mar'25,2025-03-01,FY_24-25,Fsn Distribution Ltd_Village Gurhi,Direct,Nykaa SS(fsn),North,Haryana,The Derma Co,130000.0,210000.0,100.0
Mar'25,2025-03-01,FY_24-25,Fsn Distribution Ltd_Village Sonale,Direct,Nykaa SS(fsn),West,Mumbai,Aqualogica,60000.0,90000.0,100.0
Mar'25,2025-03-01,FY_24-25,Fsn Distribution Ltd_Village Sonale,Direct,Nykaa SS(fsn),West,Mumbai,BBlunt,20000.0,40000.0,100.0
Mar'25,2025-03-01,FY_24-25,Fsn Distribution Ltd_Village Sonale,Direct,Nykaa SS(fsn),West,Mumbai,Mamaearth,510000.0,1050000.0,100.0
Mar'25,2025-03-01,FY_24-25,Fsn Distribution Ltd_Village Sonale,Direct,Nykaa SS(fsn),West,Mumbai,The Derma Co,340000.0,560000.0,100.0
Mar'25,2025-03-01,FY_24-25,Fsn Distribution Ltd_Yamjal Village,Direct,Nykaa SS(fsn),South-2,Telangana,Aqualogica,20000.0,30000.0,100.0
Mar'25,2025-03-01,FY_24-25,Fsn Distribution Ltd_Yamjal Village,Direct,Nykaa SS(fsn),South-2,Telangana,Mamaearth,150000.0,260000.0,100.0
Mar'25,2025-03-01,FY_24-25,Fsn Distribution Ltd_Yamjal Village,Direct,Nykaa SS(fsn),South-2,Telangana,The Derma Co,20000.0,30000.0,100.0
Mar'25,2025-03-01,FY_24-25,Mahaveer Medi-Sales Private Limited(A unit of AWPSPL),Direct,Ascent Wellness,South-1,Karnataka,Mamaearth,530000.0,890000.0,100.0
Mar'25,2025-03-01,FY_24-25,Medicos Healthcare,Direct,Ascent Wellness,North,Punjab,Mamaearth,-30000.0,-60000.0,100.0
Nov'24,2024-11-01,FY_24-25,Aushad-Ascent,Direct,Ascent Wellness,South-1,Karnataka,Mamaearth,10000.0,20000.0,100.0
Nov'24,2024-11-01,FY_24-25,Aushad-Ascent,Direct,Ascent Wellness,South-1,Karnataka,The Derma Co,10000.0,20000.0,100.0
Nov'24,2024-11-01,FY_24-25,Desai Pharma-( A unit of AWPSPL)(A unit of AWPSPL),Direct,Ascent Wellness,West,Mumbai,Mamaearth,0.0,-10000.0,100.0
Nov'24,2024-11-01,FY_24-25,Eremedium Private Limited_Shipto,Direct,Eremedium,North,UPW,The Derma Co,290000.0,530000.0,100.0
Nov'24,2024-11-01,FY_24-25,Fsn Distribution Ltd_Anakapalle-AP,Direct,Nykaa SS(fsn),South-2,Andhra Pradesh,Aqualogica,0.0,0.0,100.0
Nov'24,2024-11-01,FY_24-25,Fsn Distribution Ltd_Anakapalle-AP,Direct,Nykaa SS(fsn),South-2,Andhra Pradesh,Mamaearth,90000.0,160000.0,100.0
Nov'24,2024-11-01,FY_24-25,Fsn Distribution Ltd_Gallops,Direct,Nykaa SS(fsn),West,Gujarat,Aqualogica,0.0,10000.0,100.0
Nov'24,2024-11-01,FY_24-25,Fsn Distribution Ltd_Gallops,Direct,Nykaa SS(fsn),West,Gujarat,Mamaearth,340000.0,620000.0,100.0
Nov'24,2024-11-01,FY_24-25,Fsn Distribution Ltd_Gallops,Direct,Nykaa SS(fsn),West,Gujarat,The Derma Co,70000.0,110000.0,100.0
Nov'24,2024-11-01,FY_24-25,Fsn Distribution Ltd_Hobli,Direct,Nykaa SS(fsn),South-1,Karnataka,Aqualogica,210000.0,350000.0,100.0
Nov'24,2024-11-01,FY_24-25,Fsn Distribution Ltd_Hobli,Direct,Nykaa SS(fsn),South-1,Karnataka,Mamaearth,1170000.0,2120000.0,100.0
Nov'24,2024-11-01,FY_24-25,Fsn Distribution Ltd_Hobli,Direct,Nykaa SS(fsn),South-1,Karnataka,The Derma Co,430000.0,710000.0,100.0
Nov'24,2024-11-01,FY_24-25,FSN Distribution Ltd_Indore,Direct,Nykaa SS(fsn),North,Madhya Pradesh,Aqualogica,0.0,0.0,100.0
Nov'24,2024-11-01,FY_24-25,FSN Distribution Ltd_Indore,Direct,Nykaa SS(fsn),North,Madhya Pradesh,Mamaearth,210000.0,380000.0,100.0
Nov'24,2024-11-01,FY_24-25,FSN Distribution Ltd_Indore,Direct,Nykaa SS(fsn),North,Madhya Pradesh,The Derma Co,90000.0,140000.0,100.0
Nov'24,2024-11-01,FY_24-25,Fsn Distribution Ltd_Kairapari,Direct,Nykaa SS(fsn),East,Orissa,BBLUNT,-10000.0,-10000.0,100.0
Nov'24,2024-11-01,FY_24-25,Fsn Distribution Ltd_Kairapari,Direct,Nykaa SS(fsn),East,Orissa,Mamaearth,-20000.0,-40000.0,100.0
Nov'24,2024-11-01,FY_24-25,Fsn Distribution Ltd_Khasarwara,Direct,Nykaa SS(fsn),North,UPW,Aqualogica,0.0,0.0,100.0
Nov'24,2024-11-01,FY_24-25,Fsn Distribution Ltd_Khasarwara,Direct,Nykaa SS(fsn),North,UPW,Mamaearth,470000.0,860000.0,100.0
Nov'24,2024-11-01,FY_24-25,Fsn Distribution Ltd_Khasarwara,Direct,Nykaa SS(fsn),North,UPW,The Derma Co,40000.0,60000.0,100.0
Nov'24,2024-11-01,FY_24-25,Fsn Distribution Ltd_Mauja,Direct,Nykaa SS(fsn),East,Bihar,Aqualogica,0.0,0.0,100.0
Nov'24,2024-11-01,FY_24-25,Fsn Distribution Ltd_Mauja,Direct,Nykaa SS(fsn),East,Bihar,Mamaearth,670000.0,1210000.0,100.0
Nov'24,2024-11-01,FY_24-25,Fsn Distribution Ltd_Mauja,Direct,Nykaa SS(fsn),East,Bihar,The Derma Co,10000.0,20000.0,100.0
Nov'24,2024-11-01,FY_24-25,FSN Distribution Ltd_OR-NYKAA,Direct,Nykaa SS(fsn),East,Orissa,Aqualogica,0.0,0.0,100.0
Nov'24,2024-11-01,FY_24-25,FSN Distribution Ltd_OR-NYKAA,Direct,Nykaa SS(fsn),East,Orissa,Mamaearth,840000.0,1520000.0,100.0
Nov'24,2024-11-01,FY_24-25,FSN Distribution Ltd_OR-NYKAA,Direct,Nykaa SS(fsn),East,Orissa,The Derma Co,30000.0,50000.0,100.0
Nov'24,2024-11-01,FY_24-25,Fsn Distribution Ltd_Rajpura,Direct,Nykaa SS(fsn),North,Punjab,Aqualogica,30000.0,50000.0,100.0
Nov'24,2024-11-01,FY_24-25,Fsn Distribution Ltd_Rajpura,Direct,Nykaa SS(fsn),North,Punjab,BBLUNT,10000.0,20000.0,100.0
Nov'24,2024-11-01,FY_24-25,Fsn Distribution Ltd_Rajpura,Direct,Nykaa SS(fsn),North,Punjab,Mamaearth,210000.0,390000.0,100.0
Nov'24,2024-11-01,FY_24-25,Fsn Distribution Ltd_Rajpura,Direct,Nykaa SS(fsn),North,Punjab,The Derma Co,20000.0,30000.0,100.0
Nov'24,2024-11-01,FY_24-25,Fsn Distribution Ltd_Ranihat,Direct,Nykaa SS(fsn),East,West Bengal,Aqualogica,10000.0,20000.0,100.0
Nov'24,2024-11-01,FY_24-25,Fsn Distribution Ltd_Ranihat,Direct,Nykaa SS(fsn),East,West Bengal,Mamaearth,870000.0,1580000.0,100.0
Nov'24,2024-11-01,FY_24-25,Fsn Distribution Ltd_Ranihat,Direct,Nykaa SS(fsn),East,West Bengal,The Derma Co,70000.0,110000.0,100.0
Nov'24,2024-11-01,FY_24-25,Fsn Distribution Ltd_Sarpara,Direct,Nykaa SS(fsn),East,Northeast-Assam,Aqualogica,10000.0,20000.0,100.0
Nov'24,2024-11-01,FY_24-25,Fsn Distribution Ltd_Sarpara,Direct,Nykaa SS(fsn),East,Northeast-Assam,Mamaearth,1400000.0,2540000.0,100.0
Nov'24,2024-11-01,FY_24-25,Fsn Distribution Ltd_Sarpara,Direct,Nykaa SS(fsn),East,Northeast-Assam,The Derma Co,80000.0,130000.0,100.0
Nov'24,2024-11-01,FY_24-25,Fsn Distribution Ltd_Tiruvallur,Direct,Nykaa SS(fsn),South-1,Tamil Nadu,Aqualogica,20000.0,30000.0,100.0
Nov'24,2024-11-01,FY_24-25,Fsn Distribution Ltd_Tiruvallur,Direct,Nykaa SS(fsn),South-1,Tamil Nadu,Mamaearth,320000.0,580000.0,100.0
Nov'24,2024-11-01,FY_24-25,Fsn Distribution Ltd_Tiruvallur,Direct,Nykaa SS(fsn),South-1,Tamil Nadu,The Derma Co,30000.0,40000.0,100.0
Nov'24,2024-11-01,FY_24-25,Fsn Distribution Ltd_Village Gurhi,Direct,Nykaa SS(fsn),North,Haryana,Aqualogica,40000.0,60000.0,100.0
Nov'24,2024-11-01,FY_24-25,Fsn Distribution Ltd_Village Gurhi,Direct,Nykaa SS(fsn),North,Haryana,BBLUNT,10000.0,20000.0,100.0
Nov'24,2024-11-01,FY_24-25,Fsn Distribution Ltd_Village Gurhi,Direct,Nykaa SS(fsn),North,Haryana,Mamaearth,550000.0,990000.0,100.0
Nov'24,2024-11-01,FY_24-25,Fsn Distribution Ltd_Village Gurhi,Direct,Nykaa SS(fsn),North,Haryana,The Derma Co,190000.0,310000.0,100.0
Nov'24,2024-11-01,FY_24-25,Fsn Distribution Ltd_Village Sonale,Direct,Nykaa SS(fsn),West,Mumbai,Aqualogica,30000.0,50000.0,100.0
Nov'24,2024-11-01,FY_24-25,Fsn Distribution Ltd_Village Sonale,Direct,Nykaa SS(fsn),West,Mumbai,BBLUNT,30000.0,50000.0,100.0
Nov'24,2024-11-01,FY_24-25,Fsn Distribution Ltd_Village Sonale,Direct,Nykaa SS(fsn),West,Mumbai,Mamaearth,720000.0,1310000.0,100.0
Nov'24,2024-11-01,FY_24-25,Fsn Distribution Ltd_Village Sonale,Direct,Nykaa SS(fsn),West,Mumbai,The Derma Co,160000.0,260000.0,100.0
Nov'24,2024-11-01,FY_24-25,Fsn Distribution Ltd_Yamjal Village,Direct,Nykaa SS(fsn),South-2,Telangana,Aqualogica,10000.0,20000.0,100.0
Nov'24,2024-11-01,FY_24-25,Fsn Distribution Ltd_Yamjal Village,Direct,Nykaa SS(fsn),South-2,Telangana,Mamaearth,540000.0,970000.0,100.0
Nov'24,2024-11-01,FY_24-25,Fsn Distribution Ltd_Yamjal Village,Direct,Nykaa SS(fsn),South-2,Telangana,The Derma Co,40000.0,70000.0,100.0
Nov'24,2024-11-01,FY_24-25,Mahaveer Medi-Sales Private Limited(A unit of AWPSPL),Direct,Ascent Wellness,South-1,Karnataka,Mamaearth,250000.0,420000.0,100.0
