Chain,Month,Category,Account Sales Rs L,Honasa Sales Rs L,Common Category,Share %,Source,Level,Scope,Relevant For Us
Lulu,Jan 26,Baby Bath,10.0652,0.3158,Baby Care,3.1373,Compiled_Monthly_Files (Lulu),Category,Stores and categories where Honasa sells,Yes
Lulu,Jan 26,Baby Cream,5.4867,0.2299,Baby Care,4.1901,Compiled_Monthly_Files (Lulu),Category,Stores and categories where Honasa sells,Yes
Lulu,Jan 26,Baby Lotions,16.4459,0.4082,Baby Care,2.4821,Compiled_Monthly_Files (Lulu),Category,Stores and categories where Honasa sells,Yes
Lulu,Jan 26,Baby Oil,1.0588,0.0664,Baby Care,6.2756,Compiled_Monthly_Files (Lulu),Category,Stores and categories where Honasa sells,Yes
Lulu,Jan 26,Baby Powder,1.1613,0.0372,Baby Care,3.205,Compiled_Monthly_Files (Lulu),Category,Stores and categories where Honasa sells,Yes
Lulu,Jan 26,Baby Shampoos,7.6439,0.4267,Baby Care,5.5822,Compiled_Monthly_Files (Lulu),Category,Stores and categories where Honasa sells,Yes
Lulu,Jan 26,Baby Soap,10.797,0.3004,Baby Care,2.7819,Compiled_Monthly_Files (Lulu),Category,Stores and categories where Honasa sells,Yes
Lulu,Jan 26,Bath Soaps,446.8021,0.8713,Body Wash & Soap,0.195,Compiled_Monthly_Files (Lulu),Category,Stores and categories where Honasa sells,Yes
Lulu,Jan 26,Body Lotion,129.9303,10.1112,Body Lotion & Care,7.782,Compiled_Monthly_Files (Lulu),Category,Stores and categories where Honasa sells,Yes
Lulu,Jan 26,Conditioners,52.6137,1.7667,Conditioner,3.3578,Compiled_Monthly_Files (Lulu),Category,Stores and categories where Honasa sells,Yes
Lulu,Jan 26,Eye Care,0.4475,0.0089,Face Moisturiser & Cream,1.981,Compiled_Monthly_Files (Lulu),Category,Stores and categories where Honasa sells,Yes
Lulu,Jan 26,Face Mask,13.047,0.2579,Face Mask & Scrub,1.9766,Compiled_Monthly_Files (Lulu),Category,Stores and categories where Honasa sells,Yes
Lulu,Jan 26,Face Wash,122.5675,32.1252,Face Wash & Cleanser,26.2102,Compiled_Monthly_Files (Lulu),Category,Stores and categories where Honasa sells,Yes
Lulu,Jan 26,Facial Cleanser,13.9229,0.1538,Face Wash & Cleanser,1.1047,Compiled_Monthly_Files (Lulu),Category,Stores and categories where Honasa sells,Yes
Lulu,Jan 26,Facial Scrub,6.2753,0.8786,Face Mask & Scrub,14.0011,Compiled_Monthly_Files (Lulu),Category,Stores and categories where Honasa sells,Yes
Lulu,Jan 26,Fairness/Whtng.Cream,30.5305,1.3409,Face Moisturiser & Cream,4.3922,Compiled_Monthly_Files (Lulu),Category,Stores and categories where Honasa sells,Yes
Lulu,Jan 26,Hair Gel,1.365,0.1791,Hair Treatment & Styling,13.1191,Compiled_Monthly_Files (Lulu),Category,Stores and categories where Honasa sells,No
Lulu,Jan 26,Hair Oils,83.2066,1.0926,Hair Oil,1.3131,Compiled_Monthly_Files (Lulu),Category,Stores and categories where Honasa sells,Yes
Lulu,Jan 26,Hair Treatments&Mask,38.4115,0.6985,Hair Treatment & Styling,1.8183,Compiled_Monthly_Files (Lulu),Category,Stores and categories where Honasa sells,No
Lulu,Jan 26,Henna Colorants,1.4438,0.2336,Hair Treatment & Styling,16.1813,Compiled_Monthly_Files (Lulu),Category,Stores and categories where Honasa sells,No
Lulu,Jan 26,Lip Balms,20.1538,3.1397,Lip Care,15.5787,Compiled_Monthly_Files (Lulu),Category,Stores and categories where Honasa sells,No
Lulu,Jan 26,Moistur.Cream/Fluid,116.728,7.642,Face Moisturiser & Cream,6.5469,Compiled_Monthly_Files (Lulu),Category,Stores and categories where Honasa sells,Yes
Lulu,Jan 26,Other Baby care,10.9321,0.0913,Baby Care,0.8354,Compiled_Monthly_Files (Lulu),Category,Stores and categories where Honasa sells,Yes
Lulu,Jan 26,Other Facial Care,55.0778,6.4641,Face Moisturiser & Cream,11.7363,Compiled_Monthly_Files (Lulu),Category,Stores and categories where Honasa sells,Yes
Lulu,Jan 26,Other Skin Care,6.263,0.279,Face Moisturiser & Cream,4.4543,Compiled_Monthly_Files (Lulu),Category,Stores and categories where Honasa sells,Yes
Lulu,Jan 26,Shampoo,262.8874,15.2189,Shampoo,5.7891,Compiled_Monthly_Files (Lulu),Category,Stores and categories where Honasa sells,Yes
Lulu,Jan 26,Shower Gel&Body Wash,101.3945,2.6771,Body Wash & Soap,2.6403,Compiled_Monthly_Files (Lulu),Category,Stores and categories where Honasa sells,Yes
Lulu,Jan 26,Sun Care,64.6118,18.3565,Sun Care,28.4104,Compiled_Monthly_Files (Lulu),Category,Stores and categories where Honasa sells,Yes
Lulu,Jan 26,Tooth Paste,279.8588,0.5461,Oral Care,0.1951,Compiled_Monthly_Files (Lulu),Category,Stores and categories where Honasa sells,No
Lulu,Feb 26,Baby Bath,7.6188,0.3283,Baby Care,4.3088,Compiled_Monthly_Files (Lulu),Category,Stores and categories where Honasa sells,Yes
Lulu,Feb 26,Baby Cream,4.1569,0.1822,Baby Care,4.3826,Compiled_Monthly_Files (Lulu),Category,Stores and categories where Honasa sells,Yes
Lulu,Feb 26,Baby Lotions,13.205,0.2931,Baby Care,2.2193,Compiled_Monthly_Files (Lulu),Category,Stores and categories where Honasa sells,Yes
Lulu,Feb 26,Baby Oil,1.0039,0.0655,Baby Care,6.5284,Compiled_Monthly_Files (Lulu),Category,Stores and categories where Honasa sells,Yes
Lulu,Feb 26,Baby Powder,0.9417,0.0275,Baby Care,2.9228,Compiled_Monthly_Files (Lulu),Category,Stores and categories where Honasa sells,Yes
Lulu,Feb 26,Baby Shampoos,5.7752,0.3186,Baby Care,5.5175,Compiled_Monthly_Files (Lulu),Category,Stores and categories where Honasa sells,Yes
Lulu,Feb 26,Baby Soap,7.6371,0.2026,Baby Care,2.653,Compiled_Monthly_Files (Lulu),Category,Stores and categories where Honasa sells,Yes
Lulu,Feb 26,Bath Soaps,261.7324,1.093,Body Wash & Soap,0.4176,Compiled_Monthly_Files (Lulu),Category,Stores and categories where Honasa sells,Yes
Lulu,Feb 26,Body Lotion,74.2543,5.5361,Body Lotion & Care,7.4556,Compiled_Monthly_Files (Lulu),Category,Stores and categories where Honasa sells,Yes
Lulu,Feb 26,Conditioners,41.2415,1.4975,Conditioner,3.631,Compiled_Monthly_Files (Lulu),Category,Stores and categories where Honasa sells,Yes
Lulu,Feb 26,Eye Care,0.8243,0.0844,Face Moisturiser & Cream,10.2351,Compiled_Monthly_Files (Lulu),Category,Stores and categories where Honasa sells,Yes
Lulu,Feb 26,Face Mask,6.2341,0.174,Face Mask & Scrub,2.7912,Compiled_Monthly_Files (Lulu),Category,Stores and categories where Honasa sells,Yes
Lulu,Feb 26,Face Wash,88.0934,21.7811,Face Wash & Cleanser,24.725,Compiled_Monthly_Files (Lulu),Category,Stores and categories where Honasa sells,Yes
Lulu,Feb 26,Facial Cleanser,10.0499,0.0857,Face Wash & Cleanser,0.8523,Compiled_Monthly_Files (Lulu),Category,Stores and categories where Honasa sells,Yes
Lulu,Feb 26,Facial Scrub,5.4742,0.6714,Face Mask & Scrub,12.2646,Compiled_Monthly_Files (Lulu),Category,Stores and categories where Honasa sells,Yes
Lulu,Feb 26,Fairness/Whtng.Cream,22.667,0.7795,Face Moisturiser & Cream,3.439,Compiled_Monthly_Files (Lulu),Category,Stores and categories where Honasa sells,Yes
Lulu,Feb 26,Hair Gel,0.8304,0.0882,Hair Treatment & Styling,10.617,Compiled_Monthly_Files (Lulu),Category,Stores and categories where Honasa sells,No
Lulu,Feb 26,Hair Oils,55.2894,0.8844,Hair Oil,1.5996,Compiled_Monthly_Files (Lulu),Category,Stores and categories where Honasa sells,Yes
Lulu,Feb 26,Hair Treatments&Mask,26.201,0.6599,Hair Treatment & Styling,2.5185,Compiled_Monthly_Files (Lulu),Category,Stores and categories where Honasa sells,No
Lulu,Feb 26,Henna Colorants,1.2221,0.1791,Hair Treatment & Styling,14.6529,Compiled_Monthly_Files (Lulu),Category,Stores and categories where Honasa sells,No
Lulu,Feb 26,Lip Balms,12.8171,2.1807,Lip Care,17.0138,Compiled_Monthly_Files (Lulu),Category,Stores and categories where Honasa sells,No
Lulu,Feb 26,Moistur.Cream/Fluid,78.6307,5.136,Face Moisturiser & Cream,6.5317,Compiled_Monthly_Files (Lulu),Category,Stores and categories where Honasa sells,Yes
Lulu,Feb 26,Other Baby care,6.5296,0.0623,Baby Care,0.9537,Compiled_Monthly_Files (Lulu),Category,Stores and categories where Honasa sells,Yes
Lulu,Feb 26,Other Facial Care,39.4572,5.2289,Face Moisturiser & Cream,13.252,Compiled_Monthly_Files (Lulu),Category,Stores and categories where Honasa sells,Yes
Lulu,Feb 26,Other Skin Care,4.3193,0.1199,Face Moisturiser & Cream,2.7755,Compiled_Monthly_Files (Lulu),Category,Stores and categories where Honasa sells,Yes
Lulu,Feb 26,Shampoo,166.4163,9.1435,Shampoo,5.4943,Compiled_Monthly_Files (Lulu),Category,Stores and categories where Honasa sells,Yes
Lulu,Feb 26,Shower Gel&Body Wash,65.7848,1.5836,Body Wash & Soap,2.4073,Compiled_Monthly_Files (Lulu),Category,Stores and categories where Honasa sells,Yes
Lulu,Feb 26,Sun Care,50.4098,15.6383,Sun Care,31.0224,Compiled_Monthly_Files (Lulu),Category,Stores and categories where Honasa sells,Yes
Lulu,Feb 26,Tooth Paste,173.8133,0.5632,Oral Care,0.324,Compiled_Monthly_Files (Lulu),Category,Stores and categories where Honasa sells,No
Lulu,Mar 26,Baby Bath,8.9776,0.3185,Baby Care,3.5476,Compiled_Monthly_Files (Lulu),Category,Stores and categories where Honasa sells,Yes
Lulu,Mar 26,Baby Cream,4.4243,0.1933,Baby Care,4.3692,Compiled_Monthly_Files (Lulu),Category,Stores and categories where Honasa sells,Yes
Lulu,Mar 26,Baby Lotions,14.4051,0.1982,Baby Care,1.376,Compiled_Monthly_Files (Lulu),Category,Stores and categories where Honasa sells,Yes
Lulu,Mar 26,Baby Oil,1.1049,0.0452,Baby Care,4.0889,Compiled_Monthly_Files (Lulu),Category,Stores and categories where Honasa sells,Yes
Lulu,Mar 26,Baby Powder,1.1719,0.0237,Baby Care,2.0212,Compiled_Monthly_Files (Lulu),Category,Stores and categories where Honasa sells,Yes
Lulu,Mar 26,Baby Shampoos,6.4999,0.3809,Baby Care,5.8602,Compiled_Monthly_Files (Lulu),Category,Stores and categories where Honasa sells,Yes
Lulu,Mar 26,Baby Soap,9.885,0.2776,Baby Care,2.8082,Compiled_Monthly_Files (Lulu),Category,Stores and categories where Honasa sells,Yes
Lulu,Mar 26,Bath Soaps,313.0481,1.9059,Body Wash & Soap,0.6088,Compiled_Monthly_Files (Lulu),Category,Stores and categories where Honasa sells,Yes
Lulu,Mar 26,Body Lotion,76.7022,5.0744,Body Lotion & Care,6.6157,Compiled_Monthly_Files (Lulu),Category,Stores and categories where Honasa sells,Yes
Lulu,Mar 26,Conditioners,49.4668,1.4035,Conditioner,2.8372,Compiled_Monthly_Files (Lulu),Category,Stores and categories where Honasa sells,Yes
Lulu,Mar 26,Eye Care,1.1097,0.1424,Face Moisturiser & Cream,12.8295,Compiled_Monthly_Files (Lulu),Category,Stores and categories where Honasa sells,Yes
Lulu,Mar 26,Face Mask,12.4265,0.2484,Face Mask & Scrub,1.9993,Compiled_Monthly_Files (Lulu),Category,Stores and categories where Honasa sells,Yes
Lulu,Mar 26,Face Wash,100.5012,24.0586,Face Wash & Cleanser,23.9386,Compiled_Monthly_Files (Lulu),Category,Stores and categories where Honasa sells,Yes
Lulu,Mar 26,Facial Cleanser,11.2881,0.1031,Face Wash & Cleanser,0.9134,Compiled_Monthly_Files (Lulu),Category,Stores and categories where Honasa sells,Yes
Lulu,Mar 26,Facial Scrub,5.7536,0.5559,Face Mask & Scrub,9.6617,Compiled_Monthly_Files (Lulu),Category,Stores and categories where Honasa sells,Yes
Lulu,Mar 26,Fairness/Whtng.Cream,25.7945,0.7019,Face Moisturiser & Cream,2.721,Compiled_Monthly_Files (Lulu),Category,Stores and categories where Honasa sells,Yes
Lulu,Mar 26,Hair Gel,0.9064,0.1189,Hair Treatment & Styling,13.116,Compiled_Monthly_Files (Lulu),Category,Stores and categories where Honasa sells,No
Lulu,Mar 26,Hair Oils,55.924,0.8375,Hair Oil,1.4976,Compiled_Monthly_Files (Lulu),Category,Stores and categories where Honasa sells,Yes
Lulu,Mar 26,Hair Treatments&Mask,28.6525,0.6196,Hair Treatment & Styling,2.1624,Compiled_Monthly_Files (Lulu),Category,Stores and categories where Honasa sells,No
Lulu,Mar 26,Henna Colorants,1.9536,0.2002,Hair Treatment & Styling,10.2471,Compiled_Monthly_Files (Lulu),Category,Stores and categories where Honasa sells,No
Lulu,Mar 26,Lip Balms,13.7754,2.0753,Lip Care,15.0651,Compiled_Monthly_Files (Lulu),Category,Stores and categories where Honasa sells,No
Lulu,Mar 26,Moistur.Cream/Fluid,86.3066,5.3781,Face Moisturiser & Cream,6.2314,Compiled_Monthly_Files (Lulu),Category,Stores and categories where Honasa sells,Yes
Lulu,Mar 26,Other Baby care,10.0109,0.0736,Baby Care,0.7347,Compiled_Monthly_Files (Lulu),Category,Stores and categories where Honasa sells,Yes
Lulu,Mar 26,Other Facial Care,44.1331,5.2895,Face Moisturiser & Cream,11.9852,Compiled_Monthly_Files (Lulu),Category,Stores and categories where Honasa sells,Yes
Lulu,Mar 26,Other Skin Care,4.5965,0.1086,Face Moisturiser & Cream,2.3622,Compiled_Monthly_Files (Lulu),Category,Stores and categories where Honasa sells,Yes
Lulu,Mar 26,Shampoo,189.2499,8.7644,Shampoo,4.6311,Compiled_Monthly_Files (Lulu),Category,Stores and categories where Honasa sells,Yes
Lulu,Mar 26,Shower Gel&Body Wash,79.7884,2.2359,Body Wash & Soap,2.8023,Compiled_Monthly_Files (Lulu),Category,Stores and categories where Honasa sells,Yes
Lulu,Mar 26,Sun Care,64.1964,18.5986,Sun Care,28.9715,Compiled_Monthly_Files (Lulu),Category,Stores and categories where Honasa sells,Yes
Lulu,Mar 26,Tooth Paste,194.9135,0.6204,Oral Care,0.3183,Compiled_Monthly_Files (Lulu),Category,Stores and categories where Honasa sells,No
Lulu,Apr 26,Baby Bath,9.0546,0.3638,Baby Care,4.0176,Compiled_Monthly_Files (Lulu),Category,Stores and categories where Honasa sells,Yes
Lulu,Apr 26,Baby Cream,4.2777,0.1227,Baby Care,2.8681,Compiled_Monthly_Files (Lulu),Category,Stores and categories where Honasa sells,Yes
Lulu,Apr 26,Baby Lotions,12.8318,0.2028,Baby Care,1.5803,Compiled_Monthly_Files (Lulu),Category,Stores and categories where Honasa sells,Yes
Lulu,Apr 26,Baby Oil,0.8607,0.0478,Baby Care,5.5579,Compiled_Monthly_Files (Lulu),Category,Stores and categories where Honasa sells,Yes
Lulu,Apr 26,Baby Powder,0.9854,0.0164,Baby Care,1.6663,Compiled_Monthly_Files (Lulu),Category,Stores and categories where Honasa sells,Yes
Lulu,Apr 26,Baby Shampoos,6.5793,0.3465,Baby Care,5.266,Compiled_Monthly_Files (Lulu),Category,Stores and categories where Honasa sells,Yes
Lulu,Apr 26,Baby Soap,8.8554,0.2124,Baby Care,2.3984,Compiled_Monthly_Files (Lulu),Category,Stores and categories where Honasa sells,Yes
Lulu,Apr 26,Bath Soaps,319.6021,2.2402,Body Wash & Soap,0.7009,Compiled_Monthly_Files (Lulu),Category,Stores and categories where Honasa sells,Yes
Lulu,Apr 26,Body Lotion,73.7197,4.5341,Body Lotion & Care,6.1504,Compiled_Monthly_Files (Lulu),Category,Stores and categories where Honasa sells,Yes
Lulu,Apr 26,Conditioners,51.4491,1.1076,Conditioner,2.1529,Compiled_Monthly_Files (Lulu),Category,Stores and categories where Honasa sells,Yes
Lulu,Apr 26,Eye Care,4.285,0.3912,Face Moisturiser & Cream,9.13,Compiled_Monthly_Files (Lulu),Category,Stores and categories where Honasa sells,Yes
Lulu,Apr 26,Face Mask,13.3938,0.255,Face Mask & Scrub,1.9037,Compiled_Monthly_Files (Lulu),Category,Stores and categories where Honasa sells,Yes
Lulu,Apr 26,Face Wash,113.1108,29.9078,Face Wash & Cleanser,26.4412,Compiled_Monthly_Files (Lulu),Category,Stores and categories where Honasa sells,Yes
Lulu,Apr 26,Facial Cleanser,10.2055,0.1,Face Wash & Cleanser,0.9803,Compiled_Monthly_Files (Lulu),Category,Stores and categories where Honasa sells,Yes
Lulu,Apr 26,Facial Scrub,4.9893,0.5564,Face Mask & Scrub,11.1526,Compiled_Monthly_Files (Lulu),Category,Stores and categories where Honasa sells,Yes
Lulu,Apr 26,Fairness/Whtng.Cream,24.3244,0.7856,Face Moisturiser & Cream,3.2297,Compiled_Monthly_Files (Lulu),Category,Stores and categories where Honasa sells,Yes
Lulu,Apr 26,Hair Gel,0.8924,0.0877,Hair Treatment & Styling,9.8271,Compiled_Monthly_Files (Lulu),Category,Stores and categories where Honasa sells,No
Lulu,Apr 26,Hair Oils,57.1169,1.1153,Hair Oil,1.9527,Compiled_Monthly_Files (Lulu),Category,Stores and categories where Honasa sells,Yes
Lulu,Apr 26,Hair Treatments&Mask,31.5743,0.7689,Hair Treatment & Styling,2.4353,Compiled_Monthly_Files (Lulu),Category,Stores and categories where Honasa sells,No
Lulu,Apr 26,Henna Colorants,1.4238,0.2303,Hair Treatment & Styling,16.178,Compiled_Monthly_Files (Lulu),Category,Stores and categories where Honasa sells,No
Lulu,Apr 26,Lip Balms,18.0158,1.8786,Lip Care,10.4277,Compiled_Monthly_Files (Lulu),Category,Stores and categories where Honasa sells,No
Lulu,Apr 26,Moistur.Cream/Fluid,91.6397,7.1962,Face Moisturiser & Cream,7.8527,Compiled_Monthly_Files (Lulu),Category,Stores and categories where Honasa sells,Yes
Lulu,Apr 26,Other Baby care,10.725,0.1166,Baby Care,1.0869,Compiled_Monthly_Files (Lulu),Category,Stores and categories where Honasa sells,Yes
Lulu,Apr 26,Other Facial Care,50.5534,6.9745,Face Moisturiser & Cream,13.7962,Compiled_Monthly_Files (Lulu),Category,Stores and categories where Honasa sells,Yes
Lulu,Apr 26,Other Skin Care,5.832,0.1971,Face Moisturiser & Cream,3.3802,Compiled_Monthly_Files (Lulu),Category,Stores and categories where Honasa sells,Yes
Lulu,Apr 26,Shampoo,199.5119,8.9734,Shampoo,4.4977,Compiled_Monthly_Files (Lulu),Category,Stores and categories where Honasa sells,Yes
Lulu,Apr 26,Shower Gel&Body Wash,87.4646,1.9761,Body Wash & Soap,2.2593,Compiled_Monthly_Files (Lulu),Category,Stores and categories where Honasa sells,Yes
Lulu,Apr 26,Sun Care,83.6024,28.2869,Sun Care,33.8351,Compiled_Monthly_Files (Lulu),Category,Stores and categories where Honasa sells,Yes
Lulu,Apr 26,Tooth Paste,115.1641,0.4109,Oral Care,0.3568,Compiled_Monthly_Files (Lulu),Category,Stores and categories where Honasa sells,No
Lulu,May 26,Baby Bath,10.8051,0.4569,Baby Care,4.2282,Compiled_Monthly_Files (Lulu),Category,Stores and categories where Honasa sells,Yes
Lulu,May 26,Baby Cream,5.8117,0.2139,Baby Care,3.6811,Compiled_Monthly_Files (Lulu),Category,Stores and categories where Honasa sells,Yes
Lulu,May 26,Baby Lotions,18.8159,0.2844,Baby Care,1.5116,Compiled_Monthly_Files (Lulu),Category,Stores and categories where Honasa sells,Yes
Lulu,May 26,Baby Oil,1.029,0.0448,Baby Care,4.3492,Compiled_Monthly_Files (Lulu),Category,Stores and categories where Honasa sells,Yes
Lulu,May 26,Baby Powder,0.8263,0.0168,Baby Care,2.0384,Compiled_Monthly_Files (Lulu),Category,Stores and categories where Honasa sells,Yes
Lulu,May 26,Baby Shampoos,8.7956,0.4294,Baby Care,4.8825,Compiled_Monthly_Files (Lulu),Category,Stores and categories where Honasa sells,Yes
Lulu,May 26,Baby Soap,10.7861,0.2772,Baby Care,2.5701,Compiled_Monthly_Files (Lulu),Category,Stores and categories where Honasa sells,Yes
Lulu,May 26,Bath Soaps,383.6984,2.6262,Body Wash & Soap,0.6844,Compiled_Monthly_Files (Lulu),Category,Stores and categories where Honasa sells,Yes
Lulu,May 26,Body Lotion,82.5845,4.4185,Body Lotion & Care,5.3503,Compiled_Monthly_Files (Lulu),Category,Stores and categories where Honasa sells,Yes
Lulu,May 26,Conditioners,57.0545,2.0817,Conditioner,3.6486,Compiled_Monthly_Files (Lulu),Category,Stores and categories where Honasa sells,Yes
Lulu,May 26,Eye Care,4.1469,0.5188,Face Moisturiser & Cream,12.5102,Compiled_Monthly_Files (Lulu),Category,Stores and categories where Honasa sells,Yes
Lulu,May 26,Face Mask,18.7586,0.746,Face Mask & Scrub,3.9766,Compiled_Monthly_Files (Lulu),Category,Stores and categories where Honasa sells,Yes
Lulu,May 26,Face Wash,133.9725,36.6347,Face Wash & Cleanser,27.3449,Compiled_Monthly_Files (Lulu),Category,Stores and categories where Honasa sells,Yes
Lulu,May 26,Facial Cleanser,12.6345,0.1206,Face Wash & Cleanser,0.9546,Compiled_Monthly_Files (Lulu),Category,Stores and categories where Honasa sells,Yes
Lulu,May 26,Facial Scrub,5.7777,0.6656,Face Mask & Scrub,11.5209,Compiled_Monthly_Files (Lulu),Category,Stores and categories where Honasa sells,Yes
Lulu,May 26,Fairness/Whtng.Cream,28.6518,0.9876,Face Moisturiser & Cream,3.4468,Compiled_Monthly_Files (Lulu),Category,Stores and categories where Honasa sells,Yes
Lulu,May 26,Female & Unisex Deo,25.0628,0.1715,Deodorant,0.6844,Compiled_Monthly_Files (Lulu),Category,Stores and categories where Honasa sells,No
Lulu,May 26,Hair Gel,1.5861,0.1253,Hair Treatment & Styling,7.9009,Compiled_Monthly_Files (Lulu),Category,Stores and categories where Honasa sells,No
Lulu,May 26,Hair Oils,67.9328,1.0914,Hair Oil,1.6066,Compiled_Monthly_Files (Lulu),Category,Stores and categories where Honasa sells,Yes
Lulu,May 26,Hair Treatments&Mask,35.4916,0.7079,Hair Treatment & Styling,1.9947,Compiled_Monthly_Files (Lulu),Category,Stores and categories where Honasa sells,No
Lulu,May 26,Henna Colorants,2.1723,0.2739,Hair Treatment & Styling,12.6066,Compiled_Monthly_Files (Lulu),Category,Stores and categories where Honasa sells,No
Lulu,May 26,Lip Balms,23.2148,2.1665,Lip Care,9.3323,Compiled_Monthly_Files (Lulu),Category,Stores and categories where Honasa sells,No
Lulu,May 26,Moistur.Cream/Fluid,100.7021,7.5216,Face Moisturiser & Cream,7.4692,Compiled_Monthly_Files (Lulu),Category,Stores and categories where Honasa sells,Yes
Lulu,May 26,Other Baby care,9.0313,0.1347,Baby Care,1.4917,Compiled_Monthly_Files (Lulu),Category,Stores and categories where Honasa sells,Yes
Lulu,May 26,Other Facial Care,63.0701,7.6063,Face Moisturiser & Cream,12.06,Compiled_Monthly_Files (Lulu),Category,Stores and categories where Honasa sells,Yes
Lulu,May 26,Other Skin Care,6.4865,0.1865,Face Moisturiser & Cream,2.8752,Compiled_Monthly_Files (Lulu),Category,Stores and categories where Honasa sells,Yes
Lulu,May 26,Shampoo,233.7385,12.7872,Shampoo,5.4707,Compiled_Monthly_Files (Lulu),Category,Stores and categories where Honasa sells,Yes
Lulu,May 26,Shower Gel&Body Wash,110.8107,2.0451,Body Wash & Soap,1.8456,Compiled_Monthly_Files (Lulu),Category,Stores and categories where Honasa sells,Yes
Lulu,May 26,Sun Care,83.4182,27.9961,Sun Care,33.5612,Compiled_Monthly_Files (Lulu),Category,Stores and categories where Honasa sells,Yes
Lulu,May 26,Tooth Paste,258.9351,0.7328,Oral Care,0.283,Compiled_Monthly_Files (Lulu),Category,Stores and categories where Honasa sells,No
Lulu,Jun 26,Baby Bath,10.2368,0.3174,Baby Care,3.1008,Compiled_Monthly_Files (Lulu),Category,Stores and categories where Honasa sells,Yes
Lulu,Jun 26,Baby Cream,2.5541,0.0884,Baby Care,3.4601,Compiled_Monthly_Files (Lulu),Category,Stores and categories where Honasa sells,Yes
Lulu,Jun 26,Baby Lotions,13.3202,0.2432,Baby Care,1.8257,Compiled_Monthly_Files (Lulu),Category,Stores and categories where Honasa sells,Yes
Lulu,Jun 26,Baby Oil,0.9437,0.0612,Baby Care,6.4879,Compiled_Monthly_Files (Lulu),Category,Stores and categories where Honasa sells,Yes
Lulu,Jun 26,Baby Powder,1.3974,0.0289,Baby Care,2.0655,Compiled_Monthly_Files (Lulu),Category,Stores and categories where Honasa sells,Yes
Lulu,Jun 26,Baby Shampoos,7.055,0.325,Baby Care,4.6071,Compiled_Monthly_Files (Lulu),Category,Stores and categories where Honasa sells,Yes
Lulu,Jun 26,Baby Soap,11.9319,0.2636,Baby Care,2.2091,Compiled_Monthly_Files (Lulu),Category,Stores and categories where Honasa sells,Yes
Lulu,Jun 26,Bath Soaps,336.7808,2.6631,Body Wash & Soap,0.7907,Compiled_Monthly_Files (Lulu),Category,Stores and categories where Honasa sells,Yes
Lulu,Jun 26,Body Lotion,67.6723,4.6455,Body Lotion & Care,6.8647,Compiled_Monthly_Files (Lulu),Category,Stores and categories where Honasa sells,Yes
Lulu,Jun 26,Conditioners,51.6052,2.2706,Conditioner,4.3999,Compiled_Monthly_Files (Lulu),Category,Stores and categories where Honasa sells,Yes
Lulu,Jun 26,Eye Care,5.107,1.0418,Face Moisturiser & Cream,20.4001,Compiled_Monthly_Files (Lulu),Category,Stores and categories where Honasa sells,Yes
Lulu,Jun 26,Face Mask,15.8107,1.1069,Face Mask & Scrub,7.0012,Compiled_Monthly_Files (Lulu),Category,Stores and categories where Honasa sells,Yes
Lulu,Jun 26,Face Wash,116.4222,33.5673,Face Wash & Cleanser,28.8324,Compiled_Monthly_Files (Lulu),Category,Stores and categories where Honasa sells,Yes
Lulu,Jun 26,Facial Cleanser,6.436,0.0652,Face Wash & Cleanser,1.0123,Compiled_Monthly_Files (Lulu),Category,Stores and categories where Honasa sells,Yes
Lulu,Jun 26,Facial Scrub,5.2541,0.7137,Face Mask & Scrub,13.5843,Compiled_Monthly_Files (Lulu),Category,Stores and categories where Honasa sells,Yes
Lulu,Jun 26,Fairness/Whtng.Cream,24.414,0.8835,Face Moisturiser & Cream,3.619,Compiled_Monthly_Files (Lulu),Category,Stores and categories where Honasa sells,Yes
Lulu,Jun 26,Female & Unisex Deo,25.776,0.6757,Deodorant,2.6216,Compiled_Monthly_Files (Lulu),Category,Stores and categories where Honasa sells,No
Lulu,Jun 26,Hair Gel,1.6365,0.1052,Hair Treatment & Styling,6.4295,Compiled_Monthly_Files (Lulu),Category,Stores and categories where Honasa sells,No
Lulu,Jun 26,Hair Oils,61.0858,1.0077,Hair Oil,1.6496,Compiled_Monthly_Files (Lulu),Category,Stores and categories where Honasa sells,Yes
Lulu,Jun 26,Hair Treatments&Mask,24.6663,0.544,Hair Treatment & Styling,2.2054,Compiled_Monthly_Files (Lulu),Category,Stores and categories where Honasa sells,No
Lulu,Jun 26,Henna Colorants,1.0739,0.1812,Hair Treatment & Styling,16.874,Compiled_Monthly_Files (Lulu),Category,Stores and categories where Honasa sells,No
Lulu,Jun 26,Lip Balms,16.9279,1.8018,Lip Care,10.6442,Compiled_Monthly_Files (Lulu),Category,Stores and categories where Honasa sells,No
Lulu,Jun 26,Moistur.Cream/Fluid,84.4068,7.1619,Face Moisturiser & Cream,8.485,Compiled_Monthly_Files (Lulu),Category,Stores and categories where Honasa sells,Yes
Lulu,Jun 26,Other Baby care,8.0518,0.1067,Baby Care,1.3255,Compiled_Monthly_Files (Lulu),Category,Stores and categories where Honasa sells,Yes
Lulu,Jun 26,Other Facial Care,55.1768,8.0767,Face Moisturiser & Cream,14.6379,Compiled_Monthly_Files (Lulu),Category,Stores and categories where Honasa sells,Yes
Lulu,Jun 26,Other Skin Care,5.7434,0.2088,Face Moisturiser & Cream,3.6354,Compiled_Monthly_Files (Lulu),Category,Stores and categories where Honasa sells,Yes
Lulu,Jun 26,Shampoo,218.0423,16.3125,Shampoo,7.4813,Compiled_Monthly_Files (Lulu),Category,Stores and categories where Honasa sells,Yes
Lulu,Jun 26,Shower Gel&Body Wash,99.1569,3.0383,Body Wash & Soap,3.0642,Compiled_Monthly_Files (Lulu),Category,Stores and categories where Honasa sells,Yes
Lulu,Jun 26,Sun Care,59.8946,23.2311,Sun Care,38.7866,Compiled_Monthly_Files (Lulu),Category,Stores and categories where Honasa sells,Yes
Lulu,Jun 26,Tooth Paste,230.7744,0.5436,Oral Care,0.2356,Compiled_Monthly_Files (Lulu),Category,Stores and categories where Honasa sells,No
Lulu,Jul 26,Baby Bath,10.7285,0.3489,Baby Care,3.2518,Compiled_Monthly_Files (Lulu),Category,Stores and categories where Honasa sells,Yes
Lulu,Jul 26,Baby Cream,2.5239,0.078,Baby Care,3.0891,Compiled_Monthly_Files (Lulu),Category,Stores and categories where Honasa sells,Yes
Lulu,Jul 26,Baby Lotions,20.7863,0.2769,Baby Care,1.332,Compiled_Monthly_Files (Lulu),Category,Stores and categories where Honasa sells,Yes
Lulu,Jul 26,Baby Oil,0.6675,0.0479,Baby Care,7.1693,Compiled_Monthly_Files (Lulu),Category,Stores and categories where Honasa sells,Yes
Lulu,Jul 26,Baby Powder,1.3988,0.0227,Baby Care,1.62,Compiled_Monthly_Files (Lulu),Category,Stores and categories where Honasa sells,Yes
Lulu,Jul 26,Baby Shampoos,9.0869,0.4212,Baby Care,4.6349,Compiled_Monthly_Files (Lulu),Category,Stores and categories where Honasa sells,Yes
Lulu,Jul 26,Baby Soap,17.4762,0.3157,Baby Care,1.8062,Compiled_Monthly_Files (Lulu),Category,Stores and categories where Honasa sells,Yes
Lulu,Jul 26,Bath Soaps,550.2728,2.658,Body Wash & Soap,0.483,Compiled_Monthly_Files (Lulu),Category,Stores and categories where Honasa sells,Yes
Lulu,Jul 26,Body Lotion,105.8029,7.7365,Body Lotion & Care,7.3122,Compiled_Monthly_Files (Lulu),Category,Stores and categories where Honasa sells,Yes
Lulu,Jul 26,Conditioners,52.819,2.3978,Conditioner,4.5396,Compiled_Monthly_Files (Lulu),Category,Stores and categories where Honasa sells,Yes
Lulu,Jul 26,Eye Care,7.3235,0.4103,Face Moisturiser & Cream,5.6022,Compiled_Monthly_Files (Lulu),Category,Stores and categories where Honasa sells,Yes
Lulu,Jul 26,Face Mask,16.7739,1.3472,Face Mask & Scrub,8.0317,Compiled_Monthly_Files (Lulu),Category,Stores and categories where Honasa sells,Yes
Lulu,Jul 26,Face Wash,147.7485,45.9645,Face Wash & Cleanser,31.11,Compiled_Monthly_Files (Lulu),Category,Stores and categories where Honasa sells,Yes
Lulu,Jul 26,Facial Cleanser,6.8483,0.049,Face Wash & Cleanser,0.7149,Compiled_Monthly_Files (Lulu),Category,Stores and categories where Honasa sells,Yes
Lulu,Jul 26,Facial Scrub,5.0677,0.5342,Face Mask & Scrub,10.5405,Compiled_Monthly_Files (Lulu),Category,Stores and categories where Honasa sells,Yes
Lulu,Jul 26,Fairness/Whtng.Cream,26.7162,0.6363,Face Moisturiser & Cream,2.3819,Compiled_Monthly_Files (Lulu),Category,Stores and categories where Honasa sells,Yes
Lulu,Jul 26,Female & Unisex Deo,40.7536,0.9159,Deodorant,2.2474,Compiled_Monthly_Files (Lulu),Category,Stores and categories where Honasa sells,No
Lulu,Jul 26,Hair Gel,1.1039,0.0943,Hair Treatment & Styling,8.544,Compiled_Monthly_Files (Lulu),Category,Stores and categories where Honasa sells,No
Lulu,Jul 26,Hair Oils,73.6861,1.0417,Hair Oil,1.4137,Compiled_Monthly_Files (Lulu),Category,Stores and categories where Honasa sells,Yes
Lulu,Jul 26,Hair Treatments&Mask,31.3969,0.7076,Hair Treatment & Styling,2.2538,Compiled_Monthly_Files (Lulu),Category,Stores and categories where Honasa sells,No
Lulu,Jul 26,Henna Colorants,1.5223,0.2326,Hair Treatment & Styling,15.2817,Compiled_Monthly_Files (Lulu),Category,Stores and categories where Honasa sells,No
Lulu,Jul 26,Lip Balms,19.1033,1.6849,Lip Care,8.8199,Compiled_Monthly_Files (Lulu),Category,Stores and categories where Honasa sells,No
Lulu,Jul 26,Moistur.Cream/Fluid,116.9432,8.1929,Face Moisturiser & Cream,7.0059,Compiled_Monthly_Files (Lulu),Category,Stores and categories where Honasa sells,Yes
Lulu,Jul 26,Other Baby care,7.525,0.1095,Baby Care,1.4551,Compiled_Monthly_Files (Lulu),Category,Stores and categories where Honasa sells,Yes
Lulu,Jul 26,Other Facial Care,72.4304,10.3332,Face Moisturiser & Cream,14.2664,Compiled_Monthly_Files (Lulu),Category,Stores and categories where Honasa sells,Yes
Lulu,Jul 26,Other Skin Care,5.8752,0.1817,Face Moisturiser & Cream,3.0924,Compiled_Monthly_Files (Lulu),Category,Stores and categories where Honasa sells,Yes
Lulu,Jul 26,Shampoo,287.2906,25.6454,Shampoo,8.9266,Compiled_Monthly_Files (Lulu),Category,Stores and categories where Honasa sells,Yes
Lulu,Jul 26,Shower Gel&Body Wash,167.0573,3.5616,Body Wash & Soap,2.132,Compiled_Monthly_Files (Lulu),Category,Stores and categories where Honasa sells,Yes
Lulu,Jul 26,Sun Care,69.9099,29.3177,Sun Care,41.9363,Compiled_Monthly_Files (Lulu),Category,Stores and categories where Honasa sells,Yes
Lulu,Jul 26,Tooth Paste,257.1961,0.5687,Oral Care,0.2211,Compiled_Monthly_Files (Lulu),Category,Stores and categories where Honasa sells,No
Lulu,Aug 26,Baby Bath,10.3786,0.468,Baby Care,4.5088,Compiled_Monthly_Files (Lulu),Category,Stores and categories where Honasa sells,Yes
Lulu,Aug 26,Baby Cream,2.6899,0.0944,Baby Care,3.5104,Compiled_Monthly_Files (Lulu),Category,Stores and categories where Honasa sells,Yes
Lulu,Aug 26,Baby Lotions,16.5471,0.2604,Baby Care,1.5734,Compiled_Monthly_Files (Lulu),Category,Stores and categories where Honasa sells,Yes
Lulu,Aug 26,Baby Oil,1.0438,0.09,Baby Care,8.624,Compiled_Monthly_Files (Lulu),Category,Stores and categories where Honasa sells,Yes
Lulu,Aug 26,Baby Powder,1.3795,0.0326,Baby Care,2.3614,Compiled_Monthly_Files (Lulu),Category,Stores and categories where Honasa sells,Yes
Lulu,Aug 26,Baby Shampoos,7.0554,0.363,Baby Care,5.1452,Compiled_Monthly_Files (Lulu),Category,Stores and categories where Honasa sells,Yes
Lulu,Aug 26,Baby Soap,14.9784,0.2895,Baby Care,1.9326,Compiled_Monthly_Files (Lulu),Category,Stores and categories where Honasa sells,Yes
Lulu,Aug 26,Bath Soaps,374.5231,2.438,Body Wash & Soap,0.651,Compiled_Monthly_Files (Lulu),Category,Stores and categories where Honasa sells,Yes
Lulu,Aug 26,Body Lotion,82.1894,7.775,Body Lotion & Care,9.4599,Compiled_Monthly_Files (Lulu),Category,Stores and categories where Honasa sells,Yes
Lulu,Aug 26,Conditioners,46.2953,1.9954,Conditioner,4.3103,Compiled_Monthly_Files (Lulu),Category,Stores and categories where Honasa sells,Yes
Lulu,Aug 26,Eye Care,7.1993,0.432,Face Moisturiser & Cream,6.0011,Compiled_Monthly_Files (Lulu),Category,Stores and categories where Honasa sells,Yes
Lulu,Aug 26,Face Mask,17.3587,1.2654,Face Mask & Scrub,7.2896,Compiled_Monthly_Files (Lulu),Category,Stores and categories where Honasa sells,Yes
Lulu,Aug 26,Face Wash,127.0154,34.5266,Face Wash & Cleanser,27.183,Compiled_Monthly_Files (Lulu),Category,Stores and categories where Honasa sells,Yes
Lulu,Aug 26,Facial Cleanser,5.8576,0.0389,Face Wash & Cleanser,0.6642,Compiled_Monthly_Files (Lulu),Category,Stores and categories where Honasa sells,Yes
Lulu,Aug 26,Facial Scrub,2.905,0.3621,Face Mask & Scrub,12.4657,Compiled_Monthly_Files (Lulu),Category,Stores and categories where Honasa sells,Yes
Lulu,Aug 26,Fairness/Whtng.Cream,28.1326,0.7959,Face Moisturiser & Cream,2.8293,Compiled_Monthly_Files (Lulu),Category,Stores and categories where Honasa sells,Yes
Lulu,Aug 26,Female & Unisex Deo,32.9131,0.6667,Deodorant,2.0255,Compiled_Monthly_Files (Lulu),Category,Stores and categories where Honasa sells,No
Lulu,Aug 26,Hair Gel,1.5439,0.1202,Hair Treatment & Styling,7.7857,Compiled_Monthly_Files (Lulu),Category,Stores and categories where Honasa sells,No
Lulu,Aug 26,Hair Oils,62.8777,1.2491,Hair Oil,1.9866,Compiled_Monthly_Files (Lulu),Category,Stores and categories where Honasa sells,Yes
Lulu,Aug 26,Hair Treatments&Mask,38.3408,0.7466,Hair Treatment & Styling,1.9474,Compiled_Monthly_Files (Lulu),Category,Stores and categories where Honasa sells,No
Lulu,Aug 26,Henna Colorants,1.2445,0.1245,Hair Treatment & Styling,10.0036,Compiled_Monthly_Files (Lulu),Category,Stores and categories where Honasa sells,No
Lulu,Aug 26,Lip Balms,17.934,1.6013,Lip Care,8.9289,Compiled_Monthly_Files (Lulu),Category,Stores and categories where Honasa sells,No
Lulu,Aug 26,Moistur.Cream/Fluid,98.9225,7.1819,Face Moisturiser & Cream,7.2601,Compiled_Monthly_Files (Lulu),Category,Stores and categories where Honasa sells,Yes
Lulu,Aug 26,Other Baby care,6.3074,0.1241,Baby Care,1.9682,Compiled_Monthly_Files (Lulu),Category,Stores and categories where Honasa sells,Yes
Lulu,Aug 26,Other Facial Care,62.7943,8.5641,Face Moisturiser & Cream,13.6383,Compiled_Monthly_Files (Lulu),Category,Stores and categories where Honasa sells,Yes
Lulu,Aug 26,Other Skin Care,5.1109,0.1042,Face Moisturiser & Cream,2.0383,Compiled_Monthly_Files (Lulu),Category,Stores and categories where Honasa sells,Yes
Lulu,Aug 26,Shampoo,232.5909,19.5918,Shampoo,8.4233,Compiled_Monthly_Files (Lulu),Category,Stores and categories where Honasa sells,Yes
Lulu,Aug 26,Shower Gel&Body Wash,118.5155,2.9802,Body Wash & Soap,2.5146,Compiled_Monthly_Files (Lulu),Category,Stores and categories where Honasa sells,Yes
Lulu,Aug 26,Sun Care,59.4804,20.3323,Sun Care,34.1831,Compiled_Monthly_Files (Lulu),Category,Stores and categories where Honasa sells,Yes
Lulu,Aug 26,Tooth Paste,201.704,0.6942,Oral Care,0.3442,Compiled_Monthly_Files (Lulu),Category,Stores and categories where Honasa sells,No
More Retail,Mar 25,Baby / Baby Hygiene,179.4929,8.6842,Baby Care,4.8382,More_MS (class level),Category,Sub-categories where Honasa sells (to May 26),Yes
More Retail,Mar 25,Baby / Baby Hygiene / Baby Hair Oil,5.2609,0.7378,Baby Care,14.0234,More_MS (sub-class level),Sub-Class,Sub-categories where Honasa sells (to May 26),Yes
More Retail,Mar 25,Baby / Baby Hygiene / Baby Massage Oil,10.4167,0.1039,Baby Care,0.9971,More_MS (sub-class level),Sub-Class,Sub-categories where Honasa sells (to May 26),Yes
More Retail,Mar 25,Baby / Baby Hygiene / Baby Moisturizer,60.9967,2.4735,Baby Care,4.0552,More_MS (sub-class level),Sub-Class,Sub-categories where Honasa sells (to May 26),Yes
More Retail,Mar 25,Baby / Baby Hygiene / Baby Powder,21.3147,0.4227,Baby Care,1.9832,More_MS (sub-class level),Sub-Class,Sub-categories where Honasa sells (to May 26),Yes
More Retail,Mar 25,Baby / Baby Hygiene / Baby Shampoo,30.0085,2.0192,Baby Care,6.7287,More_MS (sub-class level),Sub-Class,Sub-categories where Honasa sells (to May 26),Yes
More Retail,Mar 25,Baby / Baby Hygiene / Baby Soap,30.2228,2.4293,Baby Care,8.0378,More_MS (sub-class level),Sub-Class,Sub-categories where Honasa sells (to May 26),Yes
More Retail,Mar 25,Baby / Baby Hygiene / Baby Toothbrush,0.0,0.0,Baby Care,,More_MS (sub-class level),Sub-Class,Sub-categories where Honasa sells (to May 26),Yes
More Retail,Mar 25,Baby / Baby Hygiene / Baby Wash,20.5896,0.3556,Baby Care,1.7272,More_MS (sub-class level),Sub-Class,Sub-categories where Honasa sells (to May 26),Yes
More Retail,Mar 25,Baby / Baby Hygiene / Others,0.683,0.1423,Baby Care,20.8354,More_MS (sub-class level),Sub-Class,Sub-categories where Honasa sells (to May 26),Yes
More Retail,Mar 25,Hair Care / Conditioner,70.5833,0.4481,Conditioner,0.6348,More_MS (class level),Category,Sub-categories where Honasa sells (to May 26),Yes
More Retail,Mar 25,Hair Care / Conditioner / Rinsing Off,70.5833,0.4481,Conditioner,0.6348,More_MS (sub-class level),Sub-Class,Sub-categories where Honasa sells (to May 26),Yes
More Retail,Mar 25,Hair Care / Hair Oil,12.0611,0.6141,Hair Oil,5.0917,More_MS (class level),Category,Sub-categories where Honasa sells (to May 26),Yes
More Retail,Mar 25,Hair Care / Hair Oil / Others,12.0611,0.6141,Hair Oil,5.0917,More_MS (sub-class level),Sub-Class,Sub-categories where Honasa sells (to May 26),Yes
More Retail,Mar 25,Hair Care / Shampoo,88.2112,7.6377,Shampoo,8.6584,More_MS (class level),Category,Sub-categories where Honasa sells (to May 26),Yes
More Retail,Mar 25,Hair Care / Shampoo / Functional Shampoo,0.0,0.0,Shampoo,,More_MS (sub-class level),Sub-Class,Sub-categories where Honasa sells (to May 26),Yes
More Retail,Mar 25,Hair Care / Shampoo / Herbal Shampoo,88.2112,7.6377,Shampoo,8.6584,More_MS (sub-class level),Sub-Class,Sub-categories where Honasa sells (to May 26),Yes
More Retail,Mar 25,Hair Care / Shampoo / Premium Beauty,0.0,0.0,Shampoo,,More_MS (sub-class level),Sub-Class,Sub-categories where Honasa sells (to May 26),Yes
More Retail,Mar 25,Hair Care / Shampoo / Regular Shampoo,0.0,0.0,Shampoo,,More_MS (sub-class level),Sub-Class,Sub-categories where Honasa sells (to May 26),Yes
More Retail,Mar 25,Hair Care / Treatment & Styling,40.0741,0.003,Hair Treatment & Styling,0.0075,More_MS (class level),Category,Sub-categories where Honasa sells (to May 26),No
More Retail,Mar 25,Hair Care / Treatment & Styling / Mousse Serum & Cream,40.0741,0.003,Face Serum & Treatment,0.0075,More_MS (sub-class level),Sub-Class,Sub-categories where Honasa sells (to May 26),Yes
More Retail,Mar 25,Insecticide / Repellant / Fly Insecticide / Repellant,44.9077,0.6339,Other,1.4115,More_MS (class level),Category,Sub-categories where Honasa sells (to May 26),No
More Retail,Mar 25,Insecticide / Repellant / Fly Insecticide / Repellant / Spray FIK,44.9077,0.6339,Hair Treatment & Styling,1.4115,More_MS (sub-class level),Sub-Class,Sub-categories where Honasa sells (to May 26),No
More Retail,Mar 25,Insecticide / Repellant / Multi-function Insecticide / Repellant,0.0,0.0,Other,,More_MS (class level),Category,Sub-categories where Honasa sells (to May 26),No
More Retail,Mar 25,Insecticide / Repellant / Multi-function Insecticide / Repellant / Others,0.0,0.0,Other,,More_MS (sub-class level),Sub-Class,Sub-categories where Honasa sells (to May 26),No
More Retail,Mar 25,OTC / Pain & Relief,9.7086,0.2258,Other,2.3261,More_MS (class level),Category,Sub-categories where Honasa sells (to May 26),No
More Retail,Mar 25,OTC / Pain & Relief / Cough and Cold,9.7086,0.2258,Other,2.3261,More_MS (sub-class level),Sub-Class,Sub-categories where Honasa sells (to May 26),No
More Retail,Mar 25,Oral Care / Tooth Paste,16.7394,2.2381,Oral Care,13.3702,More_MS (class level),Category,Sub-categories where Honasa sells (to May 26),No
More Retail,Mar 25,Oral Care / Tooth Paste / Kids Toothpaste,16.7394,2.2381,Oral Care,13.3702,More_MS (sub-class level),Sub-Class,Sub-categories where Honasa sells (to May 26),No
More Retail,Mar 25,Personal Wash / Soap,467.0682,1.5987,Body Wash & Soap,0.3423,More_MS (class level),Category,Sub-categories where Honasa sells (to May 26),Yes
More Retail,Mar 25,Personal Wash / Soap / Premium Soap,467.0682,1.5987,Body Wash & Soap,0.3423,More_MS (sub-class level),Sub-Class,Sub-categories where Honasa sells (to May 26),Yes
More Retail,Mar 25,Skin Care / Body Care,193.7938,1.4845,Body Lotion & Care,0.766,More_MS (class level),Category,Sub-categories where Honasa sells (to May 26),Yes
More Retail,Mar 25,Skin Care / Body Care / Cream & Lotion Body,193.7938,1.4845,Body Lotion & Care,0.766,More_MS (sub-class level),Sub-Class,Sub-categories where Honasa sells (to May 26),Yes
More Retail,Mar 25,Skin Care / Body Care / Others,0.0,0.0,Body Lotion & Care,,More_MS (sub-class level),Sub-Class,Sub-categories where Honasa sells (to May 26),Yes
More Retail,Mar 25,Skin Care / Face Care,153.8699,2.4681,Face Moisturiser & Cream,1.604,More_MS (class level),Category,Sub-categories where Honasa sells (to May 26),Yes
More Retail,Mar 25,Skin Care / Face Care / Cream & Lotion Body,60.9759,0.006,Body Lotion & Care,0.0098,More_MS (sub-class level),Sub-Class,Sub-categories where Honasa sells (to May 26),Yes
More Retail,Mar 25,Skin Care / Face Care / Fairness,0.0,0.0,Face Moisturiser & Cream,,More_MS (sub-class level),Sub-Class,Sub-categories where Honasa sells (to May 26),Yes
More Retail,Mar 25,Skin Care / Face Care / Moisturising,27.5471,0.6383,Face Moisturiser & Cream,2.3171,More_MS (sub-class level),Sub-Class,Sub-categories where Honasa sells (to May 26),Yes
More Retail,Mar 25,Skin Care / Face Care / Others,24.012,0.0238,Face Moisturiser & Cream,0.0992,More_MS (sub-class level),Sub-Class,Sub-categories where Honasa sells (to May 26),Yes
More Retail,Mar 25,Skin Care / Face Care / Sunscreen,41.3349,1.8,Sun Care,4.3547,More_MS (sub-class level),Sub-Class,Sub-categories where Honasa sells (to May 26),Yes
More Retail,Mar 25,Skin Care / Facial Cleanser,158.0345,9.124,Face Wash & Cleanser,5.7734,More_MS (class level),Category,Sub-categories where Honasa sells (to May 26),Yes
More Retail,Mar 25,Skin Care / Facial Cleanser / Facewashes,149.0479,9.1225,Face Wash & Cleanser,6.1205,More_MS (sub-class level),Sub-Class,Sub-categories where Honasa sells (to May 26),Yes
More Retail,Mar 25,Skin Care / Facial Cleanser / Mask/ pack,8.9866,0.0015,Face Wash & Cleanser,0.0166,More_MS (sub-class level),Sub-Class,Sub-categories where Honasa sells (to May 26),Yes
More Retail,Aug 25,Baby / Baby Hygiene,201.4343,8.3991,Baby Care,4.1696,More_MS (class level),Category,Sub-categories where Honasa sells (to May 26),Yes
More Retail,Aug 25,Baby / Baby Hygiene / Baby Hair Oil,4.2693,0.642,Baby Care,15.0365,More_MS (sub-class level),Sub-Class,Sub-categories where Honasa sells (to May 26),Yes
More Retail,Aug 25,Baby / Baby Hygiene / Baby Massage Oil,7.6086,0.0403,Baby Care,0.5293,More_MS (sub-class level),Sub-Class,Sub-categories where Honasa sells (to May 26),Yes
More Retail,Aug 25,Baby / Baby Hygiene / Baby Moisturizer,51.4678,1.5176,Baby Care,2.9486,More_MS (sub-class level),Sub-Class,Sub-categories where Honasa sells (to May 26),Yes
More Retail,Aug 25,Baby / Baby Hygiene / Baby Powder,33.0764,0.5559,Baby Care,1.6806,More_MS (sub-class level),Sub-Class,Sub-categories where Honasa sells (to May 26),Yes
More Retail,Aug 25,Baby / Baby Hygiene / Baby Shampoo,46.3296,1.8016,Baby Care,3.8887,More_MS (sub-class level),Sub-Class,Sub-categories where Honasa sells (to May 26),Yes
More Retail,Aug 25,Baby / Baby Hygiene / Baby Soap,38.4624,3.4108,Baby Care,8.8678,More_MS (sub-class level),Sub-Class,Sub-categories where Honasa sells (to May 26),Yes
More Retail,Aug 25,Baby / Baby Hygiene / Baby Toothbrush,0.0,0.0,Baby Care,,More_MS (sub-class level),Sub-Class,Sub-categories where Honasa sells (to May 26),Yes
More Retail,Aug 25,Baby / Baby Hygiene / Baby Wash,19.6249,0.2477,Baby Care,1.2622,More_MS (sub-class level),Sub-Class,Sub-categories where Honasa sells (to May 26),Yes
More Retail,Aug 25,Baby / Baby Hygiene / Others,0.5952,0.1833,Baby Care,30.7943,More_MS (sub-class level),Sub-Class,Sub-categories where Honasa sells (to May 26),Yes
More Retail,Aug 25,Hair Care / Conditioner,69.1094,0.6398,Conditioner,0.9257,More_MS (class level),Category,Sub-categories where Honasa sells (to May 26),Yes
More Retail,Aug 25,Hair Care / Conditioner / Rinsing Off,69.1094,0.6398,Conditioner,0.9257,More_MS (sub-class level),Sub-Class,Sub-categories where Honasa sells (to May 26),Yes
More Retail,Aug 25,Hair Care / Hair Oil,11.8741,0.736,Hair Oil,6.1983,More_MS (class level),Category,Sub-categories where Honasa sells (to May 26),Yes
More Retail,Aug 25,Hair Care / Hair Oil / Others,11.8741,0.736,Hair Oil,6.1983,More_MS (sub-class level),Sub-Class,Sub-categories where Honasa sells (to May 26),Yes
More Retail,Aug 25,Hair Care / Shampoo,92.9324,7.9981,Shampoo,8.6064,More_MS (class level),Category,Sub-categories where Honasa sells (to May 26),Yes
More Retail,Aug 25,Hair Care / Shampoo / Functional Shampoo,0.0,0.0,Shampoo,,More_MS (sub-class level),Sub-Class,Sub-categories where Honasa sells (to May 26),Yes
More Retail,Aug 25,Hair Care / Shampoo / Herbal Shampoo,92.9324,7.9981,Shampoo,8.6064,More_MS (sub-class level),Sub-Class,Sub-categories where Honasa sells (to May 26),Yes
More Retail,Aug 25,Hair Care / Shampoo / Premium Beauty,0.0,0.0,Shampoo,,More_MS (sub-class level),Sub-Class,Sub-categories where Honasa sells (to May 26),Yes
More Retail,Aug 25,Hair Care / Shampoo / Regular Shampoo,0.0,0.0,Shampoo,,More_MS (sub-class level),Sub-Class,Sub-categories where Honasa sells (to May 26),Yes
More Retail,Aug 25,Hair Care / Treatment & Styling,31.5874,0.0597,Hair Treatment & Styling,0.1889,More_MS (class level),Category,Sub-categories where Honasa sells (to May 26),No
More Retail,Aug 25,Hair Care / Treatment & Styling / Mousse Serum & Cream,31.5874,0.0597,Face Serum & Treatment,0.1889,More_MS (sub-class level),Sub-Class,Sub-categories where Honasa sells (to May 26),Yes
More Retail,Aug 25,Insecticide / Repellant / Fly Insecticide / Repellant,30.9364,0.5113,Other,1.6527,More_MS (class level),Category,Sub-categories where Honasa sells (to May 26),No
More Retail,Aug 25,Insecticide / Repellant / Fly Insecticide / Repellant / Spray FIK,30.9364,0.5113,Hair Treatment & Styling,1.6527,More_MS (sub-class level),Sub-Class,Sub-categories where Honasa sells (to May 26),No
More Retail,Aug 25,Insecticide / Repellant / Multi-function Insecticide / Repellant,0.0,0.0,Other,,More_MS (class level),Category,Sub-categories where Honasa sells (to May 26),No
More Retail,Aug 25,Insecticide / Repellant / Multi-function Insecticide / Repellant / Others,0.0,0.0,Other,,More_MS (sub-class level),Sub-Class,Sub-categories where Honasa sells (to May 26),No
More Retail,Aug 25,OTC / Pain & Relief,12.3777,0.187,Other,1.5109,More_MS (class level),Category,Sub-categories where Honasa sells (to May 26),No
More Retail,Aug 25,OTC / Pain & Relief / Cough and Cold,12.3777,0.187,Other,1.5109,More_MS (sub-class level),Sub-Class,Sub-categories where Honasa sells (to May 26),No
More Retail,Aug 25,Oral Care / Tooth Paste,15.8272,2.2087,Oral Care,13.9549,More_MS (class level),Category,Sub-categories where Honasa sells (to May 26),No
More Retail,Aug 25,Oral Care / Tooth Paste / Kids Toothpaste,15.8272,2.2087,Oral Care,13.9549,More_MS (sub-class level),Sub-Class,Sub-categories where Honasa sells (to May 26),No
More Retail,Aug 25,Personal Wash / Soap,530.1839,1.3882,Body Wash & Soap,0.2618,More_MS (class level),Category,Sub-categories where Honasa sells (to May 26),Yes
More Retail,Aug 25,Personal Wash / Soap / Premium Soap,530.1839,1.3882,Body Wash & Soap,0.2618,More_MS (sub-class level),Sub-Class,Sub-categories where Honasa sells (to May 26),Yes
More Retail,Aug 25,Skin Care / Body Care,159.5303,0.6022,Body Lotion & Care,0.3775,More_MS (class level),Category,Sub-categories where Honasa sells (to May 26),Yes
More Retail,Aug 25,Skin Care / Body Care / Cream & Lotion Body,159.5303,0.6022,Body Lotion & Care,0.3775,More_MS (sub-class level),Sub-Class,Sub-categories where Honasa sells (to May 26),Yes
More Retail,Aug 25,Skin Care / Body Care / Others,0.0,0.0,Body Lotion & Care,,More_MS (sub-class level),Sub-Class,Sub-categories where Honasa sells (to May 26),Yes
More Retail,Aug 25,Skin Care / Face Care,123.731,12.6787,Face Moisturiser & Cream,10.247,More_MS (class level),Category,Sub-categories where Honasa sells (to May 26),Yes
More Retail,Aug 25,Skin Care / Face Care / Cream & Lotion Body,44.7493,0.006,Body Lotion & Care,0.0134,More_MS (sub-class level),Sub-Class,Sub-categories where Honasa sells (to May 26),Yes
More Retail,Aug 25,Skin Care / Face Care / Fairness,0.0,0.0,Face Moisturiser & Cream,,More_MS (sub-class level),Sub-Class,Sub-categories where Honasa sells (to May 26),Yes
More Retail,Aug 25,Skin Care / Face Care / Moisturising,22.3735,0.3008,Face Moisturiser & Cream,1.3444,More_MS (sub-class level),Sub-Class,Sub-categories where Honasa sells (to May 26),Yes
More Retail,Aug 25,Skin Care / Face Care / Others,26.7807,6.7702,Face Moisturiser & Cream,25.2801,More_MS (sub-class level),Sub-Class,Sub-categories where Honasa sells (to May 26),Yes
More Retail,Aug 25,Skin Care / Face Care / Sunscreen,29.8275,5.6018,Sun Care,18.7805,More_MS (sub-class level),Sub-Class,Sub-categories where Honasa sells (to May 26),Yes
More Retail,Aug 25,Skin Care / Facial Cleanser,190.1949,14.7435,Face Wash & Cleanser,7.7518,More_MS (class level),Category,Sub-categories where Honasa sells (to May 26),Yes
More Retail,Aug 25,Skin Care / Facial Cleanser / Facewashes,182.5098,14.742,Face Wash & Cleanser,8.0774,More_MS (sub-class level),Sub-Class,Sub-categories where Honasa sells (to May 26),Yes
More Retail,Aug 25,Skin Care / Facial Cleanser / Mask/ pack,7.6851,0.0015,Face Wash & Cleanser,0.0194,More_MS (sub-class level),Sub-Class,Sub-categories where Honasa sells (to May 26),Yes
More Retail,Sep 25,Baby / Baby Hygiene,179.5749,8.559,Baby Care,4.7663,More_MS (class level),Category,Sub-categories where Honasa sells (to May 26),Yes
More Retail,Sep 25,Baby / Baby Hygiene / Baby Hair Oil,4.5188,0.7255,Baby Care,16.0555,More_MS (sub-class level),Sub-Class,Sub-categories where Honasa sells (to May 26),Yes
More Retail,Sep 25,Baby / Baby Hygiene / Baby Massage Oil,7.2291,0.0988,Baby Care,1.3666,More_MS (sub-class level),Sub-Class,Sub-categories where Honasa sells (to May 26),Yes
More Retail,Sep 25,Baby / Baby Hygiene / Baby Moisturizer,50.8768,1.7455,Baby Care,3.4309,More_MS (sub-class level),Sub-Class,Sub-categories where Honasa sells (to May 26),Yes
More Retail,Sep 25,Baby / Baby Hygiene / Baby Powder,19.7104,0.4742,Baby Care,2.4056,More_MS (sub-class level),Sub-Class,Sub-categories where Honasa sells (to May 26),Yes
More Retail,Sep 25,Baby / Baby Hygiene / Baby Shampoo,32.5399,1.8232,Baby Care,5.6028,More_MS (sub-class level),Sub-Class,Sub-categories where Honasa sells (to May 26),Yes
More Retail,Sep 25,Baby / Baby Hygiene / Baby Soap,43.5029,3.3947,Baby Care,7.8034,More_MS (sub-class level),Sub-Class,Sub-categories where Honasa sells (to May 26),Yes
More Retail,Sep 25,Baby / Baby Hygiene / Baby Toothbrush,0.0,0.0,Baby Care,,More_MS (sub-class level),Sub-Class,Sub-categories where Honasa sells (to May 26),Yes
More Retail,Sep 25,Baby / Baby Hygiene / Baby Wash,20.5538,0.1833,Baby Care,0.8917,More_MS (sub-class level),Sub-Class,Sub-categories where Honasa sells (to May 26),Yes
More Retail,Sep 25,Baby / Baby Hygiene / Others,0.6433,0.1139,Baby Care,17.7031,More_MS (sub-class level),Sub-Class,Sub-categories where Honasa sells (to May 26),Yes
More Retail,Sep 25,Hair Care / Conditioner,75.6596,0.5984,Conditioner,0.7909,More_MS (class level),Category,Sub-categories where Honasa sells (to May 26),Yes
More Retail,Sep 25,Hair Care / Conditioner / Rinsing Off,75.6596,0.5984,Conditioner,0.7909,More_MS (sub-class level),Sub-Class,Sub-categories where Honasa sells (to May 26),Yes
More Retail,Sep 25,Hair Care / Hair Oil,12.673,0.7178,Hair Oil,5.6643,More_MS (class level),Category,Sub-categories where Honasa sells (to May 26),Yes
More Retail,Sep 25,Hair Care / Hair Oil / Others,12.673,0.7178,Hair Oil,5.6643,More_MS (sub-class level),Sub-Class,Sub-categories where Honasa sells (to May 26),Yes
More Retail,Sep 25,Hair Care / Shampoo,92.5469,7.5083,Shampoo,8.113,More_MS (class level),Category,Sub-categories where Honasa sells (to May 26),Yes
More Retail,Sep 25,Hair Care / Shampoo / Functional Shampoo,0.0,0.0,Shampoo,,More_MS (sub-class level),Sub-Class,Sub-categories where Honasa sells (to May 26),Yes
More Retail,Sep 25,Hair Care / Shampoo / Herbal Shampoo,92.5469,7.5083,Shampoo,8.113,More_MS (sub-class level),Sub-Class,Sub-categories where Honasa sells (to May 26),Yes
More Retail,Sep 25,Hair Care / Shampoo / Premium Beauty,0.0,0.0,Shampoo,,More_MS (sub-class level),Sub-Class,Sub-categories where Honasa sells (to May 26),Yes
More Retail,Sep 25,Hair Care / Shampoo / Regular Shampoo,0.0,0.0,Shampoo,,More_MS (sub-class level),Sub-Class,Sub-categories where Honasa sells (to May 26),Yes
More Retail,Sep 25,Hair Care / Treatment & Styling,37.3381,0.0448,Hair Treatment & Styling,0.1201,More_MS (class level),Category,Sub-categories where Honasa sells (to May 26),No
More Retail,Sep 25,Hair Care / Treatment & Styling / Mousse Serum & Cream,37.3381,0.0448,Face Serum & Treatment,0.1201,More_MS (sub-class level),Sub-Class,Sub-categories where Honasa sells (to May 26),Yes
More Retail,Sep 25,Insecticide / Repellant / Fly Insecticide / Repellant,29.8108,0.4105,Other,1.3771,More_MS (class level),Category,Sub-categories where Honasa sells (to May 26),No
More Retail,Sep 25,Insecticide / Repellant / Fly Insecticide / Repellant / Spray FIK,29.8108,0.4105,Hair Treatment & Styling,1.3771,More_MS (sub-class level),Sub-Class,Sub-categories where Honasa sells (to May 26),No
More Retail,Sep 25,Insecticide / Repellant / Multi-function Insecticide / Repellant,0.0,0.0,Other,,More_MS (class level),Category,Sub-categories where Honasa sells (to May 26),No
More Retail,Sep 25,Insecticide / Repellant / Multi-function Insecticide / Repellant / Others,0.0,0.0,Other,,More_MS (sub-class level),Sub-Class,Sub-categories where Honasa sells (to May 26),No
More Retail,Sep 25,OTC / Pain & Relief,11.7214,0.1298,Other,1.1078,More_MS (class level),Category,Sub-categories where Honasa sells (to May 26),No
More Retail,Sep 25,OTC / Pain & Relief / Cough and Cold,11.7214,0.1298,Other,1.1078,More_MS (sub-class level),Sub-Class,Sub-categories where Honasa sells (to May 26),No
More Retail,Sep 25,Oral Care / Tooth Paste,17.445,2.3329,Oral Care,13.3727,More_MS (class level),Category,Sub-categories where Honasa sells (to May 26),No
More Retail,Sep 25,Oral Care / Tooth Paste / Kids Toothpaste,17.445,2.3329,Oral Care,13.3727,More_MS (sub-class level),Sub-Class,Sub-categories where Honasa sells (to May 26),No
More Retail,Sep 25,Personal Wash / Soap,249.6386,1.3392,Body Wash & Soap,0.5365,More_MS (class level),Category,Sub-categories where Honasa sells (to May 26),Yes
More Retail,Sep 25,Personal Wash / Soap / Premium Soap,249.6386,1.3392,Body Wash & Soap,0.5365,More_MS (sub-class level),Sub-Class,Sub-categories where Honasa sells (to May 26),Yes
More Retail,Sep 25,Skin Care / Body Care,533.178,0.7479,Body Lotion & Care,0.1403,More_MS (class level),Category,Sub-categories where Honasa sells (to May 26),Yes
More Retail,Sep 25,Skin Care / Body Care / Cream & Lotion Body,533.178,0.7479,Body Lotion & Care,0.1403,More_MS (sub-class level),Sub-Class,Sub-categories where Honasa sells (to May 26),Yes
More Retail,Sep 25,Skin Care / Body Care / Others,0.0,0.0,Body Lotion & Care,,More_MS (sub-class level),Sub-Class,Sub-categories where Honasa sells (to May 26),Yes
More Retail,Sep 25,Skin Care / Face Care,125.1792,13.6445,Face Moisturiser & Cream,10.9,More_MS (class level),Category,Sub-categories where Honasa sells (to May 26),Yes
More Retail,Sep 25,Skin Care / Face Care / Cream & Lotion Body,61.8692,0.003,Body Lotion & Care,0.0048,More_MS (sub-class level),Sub-Class,Sub-categories where Honasa sells (to May 26),Yes
More Retail,Sep 25,Skin Care / Face Care / Fairness,0.0,0.0,Face Moisturiser & Cream,,More_MS (sub-class level),Sub-Class,Sub-categories where Honasa sells (to May 26),Yes
More Retail,Sep 25,Skin Care / Face Care / Moisturising,21.4535,0.3523,Face Moisturiser & Cream,1.642,More_MS (sub-class level),Sub-Class,Sub-categories where Honasa sells (to May 26),Yes
More Retail,Sep 25,Skin Care / Face Care / Others,10.2947,7.223,Face Moisturiser & Cream,70.1626,More_MS (sub-class level),Sub-Class,Sub-categories where Honasa sells (to May 26),Yes
More Retail,Sep 25,Skin Care / Face Care / Sunscreen,31.5618,6.0662,Sun Care,19.2202,More_MS (sub-class level),Sub-Class,Sub-categories where Honasa sells (to May 26),Yes
More Retail,Sep 25,Skin Care / Facial Cleanser,131.4394,15.6055,Face Wash & Cleanser,11.8728,More_MS (class level),Category,Sub-categories where Honasa sells (to May 26),Yes
More Retail,Sep 25,Skin Care / Facial Cleanser / Facewashes,131.4394,15.6055,Face Wash & Cleanser,11.8728,More_MS (sub-class level),Sub-Class,Sub-categories where Honasa sells (to May 26),Yes
More Retail,Sep 25,Skin Care / Facial Cleanser / Mask/ pack,0.0,0.0,Face Wash & Cleanser,,More_MS (sub-class level),Sub-Class,Sub-categories where Honasa sells (to May 26),Yes
More Retail,Oct 25,Baby / Baby Hygiene,160.3104,7.0154,Baby Care,4.3761,More_MS (class level),Category,Sub-categories where Honasa sells (to May 26),Yes
More Retail,Oct 25,Baby / Baby Hygiene / Baby Hair Oil,3.8593,0.7171,Baby Care,18.5821,More_MS (sub-class level),Sub-Class,Sub-categories where Honasa sells (to May 26),Yes
More Retail,Oct 25,Baby / Baby Hygiene / Baby Massage Oil,10.2837,0.0655,Baby Care,0.6369,More_MS (sub-class level),Sub-Class,Sub-categories where Honasa sells (to May 26),Yes
More Retail,Oct 25,Baby / Baby Hygiene / Baby Moisturizer,46.7634,1.2686,Baby Care,2.7127,More_MS (sub-class level),Sub-Class,Sub-categories where Honasa sells (to May 26),Yes
More Retail,Oct 25,Baby / Baby Hygiene / Baby Powder,22.029,0.2186,Baby Care,0.9925,More_MS (sub-class level),Sub-Class,Sub-categories where Honasa sells (to May 26),Yes
More Retail,Oct 25,Baby / Baby Hygiene / Baby Shampoo,24.087,1.6357,Baby Care,6.7907,More_MS (sub-class level),Sub-Class,Sub-categories where Honasa sells (to May 26),Yes
More Retail,Oct 25,Baby / Baby Hygiene / Baby Soap,36.5211,2.8291,Baby Care,7.7465,More_MS (sub-class level),Sub-Class,Sub-categories where Honasa sells (to May 26),Yes
More Retail,Oct 25,Baby / Baby Hygiene / Baby Toothbrush,0.0,0.0,Baby Care,,More_MS (sub-class level),Sub-Class,Sub-categories where Honasa sells (to May 26),Yes
More Retail,Oct 25,Baby / Baby Hygiene / Baby Wash,16.1692,0.1757,Baby Care,1.0869,More_MS (sub-class level),Sub-Class,Sub-categories where Honasa sells (to May 26),Yes
More Retail,Oct 25,Baby / Baby Hygiene / Others,0.5977,0.105,Baby Care,17.575,More_MS (sub-class level),Sub-Class,Sub-categories where Honasa sells (to May 26),Yes
More Retail,Oct 25,Hair Care / Conditioner,77.7603,0.5353,Conditioner,0.6883,More_MS (class level),Category,Sub-categories where Honasa sells (to May 26),Yes
More Retail,Oct 25,Hair Care / Conditioner / Rinsing Off,77.7603,0.5353,Conditioner,0.6883,More_MS (sub-class level),Sub-Class,Sub-categories where Honasa sells (to May 26),Yes
More Retail,Oct 25,Hair Care / Hair Oil,12.9354,0.7603,Hair Oil,5.8781,More_MS (class level),Category,Sub-categories where Honasa sells (to May 26),Yes
More Retail,Oct 25,Hair Care / Hair Oil / Others,12.9354,0.7603,Hair Oil,5.8781,More_MS (sub-class level),Sub-Class,Sub-categories where Honasa sells (to May 26),Yes
More Retail,Oct 25,Hair Care / Shampoo,90.1499,7.6084,Shampoo,8.4398,More_MS (class level),Category,Sub-categories where Honasa sells (to May 26),Yes
More Retail,Oct 25,Hair Care / Shampoo / Functional Shampoo,0.0,0.0,Shampoo,,More_MS (sub-class level),Sub-Class,Sub-categories where Honasa sells (to May 26),Yes
More Retail,Oct 25,Hair Care / Shampoo / Herbal Shampoo,90.1499,7.6084,Shampoo,8.4398,More_MS (sub-class level),Sub-Class,Sub-categories where Honasa sells (to May 26),Yes
More Retail,Oct 25,Hair Care / Shampoo / Premium Beauty,0.0,0.0,Shampoo,,More_MS (sub-class level),Sub-Class,Sub-categories where Honasa sells (to May 26),Yes
More Retail,Oct 25,Hair Care / Shampoo / Regular Shampoo,0.0,0.0,Shampoo,,More_MS (sub-class level),Sub-Class,Sub-categories where Honasa sells (to May 26),Yes
More Retail,Oct 25,Hair Care / Treatment & Styling,43.229,0.0389,Hair Treatment & Styling,0.0899,More_MS (class level),Category,Sub-categories where Honasa sells (to May 26),No
More Retail,Oct 25,Hair Care / Treatment & Styling / Mousse Serum & Cream,43.229,0.0389,Face Serum & Treatment,0.0899,More_MS (sub-class level),Sub-Class,Sub-categories where Honasa sells (to May 26),Yes
More Retail,Oct 25,Insecticide / Repellant / Fly Insecticide / Repellant,30.2403,0.2853,Other,0.9436,More_MS (class level),Category,Sub-categories where Honasa sells (to May 26),No
More Retail,Oct 25,Insecticide / Repellant / Fly Insecticide / Repellant / Spray FIK,30.2403,0.2853,Hair Treatment & Styling,0.9436,More_MS (sub-class level),Sub-Class,Sub-categories where Honasa sells (to May 26),No
More Retail,Oct 25,Insecticide / Repellant / Multi-function Insecticide / Repellant,0.0,0.0,Other,,More_MS (class level),Category,Sub-categories where Honasa sells (to May 26),No
More Retail,Oct 25,Insecticide / Repellant / Multi-function Insecticide / Repellant / Others,0.0,0.0,Other,,More_MS (sub-class level),Sub-Class,Sub-categories where Honasa sells (to May 26),No
More Retail,Oct 25,OTC / Pain & Relief,11.1043,0.1591,Other,1.4327,More_MS (class level),Category,Sub-categories where Honasa sells (to May 26),No
More Retail,Oct 25,OTC / Pain & Relief / Cough and Cold,11.1043,0.1591,Other,1.4327,More_MS (sub-class level),Sub-Class,Sub-categories where Honasa sells (to May 26),No
More Retail,Oct 25,Oral Care / Tooth Paste,15.9413,1.6047,Oral Care,10.0665,More_MS (class level),Category,Sub-categories where Honasa sells (to May 26),No
More Retail,Oct 25,Oral Care / Tooth Paste / Kids Toothpaste,15.9413,1.6047,Oral Care,10.0665,More_MS (sub-class level),Sub-Class,Sub-categories where Honasa sells (to May 26),No
More Retail,Oct 25,Personal Wash / Soap,218.5952,1.498,Body Wash & Soap,0.6853,More_MS (class level),Category,Sub-categories where Honasa sells (to May 26),Yes
More Retail,Oct 25,Personal Wash / Soap / Premium Soap,218.5952,1.498,Body Wash & Soap,0.6853,More_MS (sub-class level),Sub-Class,Sub-categories where Honasa sells (to May 26),Yes
More Retail,Oct 25,Skin Care / Body Care,700.6478,2.1476,Body Lotion & Care,0.3065,More_MS (class level),Category,Sub-categories where Honasa sells (to May 26),Yes
More Retail,Oct 25,Skin Care / Body Care / Cream & Lotion Body,700.6478,2.1476,Body Lotion & Care,0.3065,More_MS (sub-class level),Sub-Class,Sub-categories where Honasa sells (to May 26),Yes
More Retail,Oct 25,Skin Care / Body Care / Others,0.0,0.0,Body Lotion & Care,,More_MS (sub-class level),Sub-Class,Sub-categories where Honasa sells (to May 26),Yes
More Retail,Oct 25,Skin Care / Face Care,82.0779,14.2167,Face Moisturiser & Cream,17.321,More_MS (class level),Category,Sub-categories where Honasa sells (to May 26),Yes
More Retail,Oct 25,Skin Care / Face Care / Cream & Lotion Body,0.0,0.0,Body Lotion & Care,,More_MS (sub-class level),Sub-Class,Sub-categories where Honasa sells (to May 26),Yes
More Retail,Oct 25,Skin Care / Face Care / Fairness,0.0,0.0,Face Moisturiser & Cream,,More_MS (sub-class level),Sub-Class,Sub-categories where Honasa sells (to May 26),Yes
More Retail,Oct 25,Skin Care / Face Care / Moisturising,27.8465,0.5012,Face Moisturiser & Cream,1.7997,More_MS (sub-class level),Sub-Class,Sub-categories where Honasa sells (to May 26),Yes
More Retail,Oct 25,Skin Care / Face Care / Others,18.5588,6.9967,Face Moisturiser & Cream,37.7001,More_MS (sub-class level),Sub-Class,Sub-categories where Honasa sells (to May 26),Yes
More Retail,Oct 25,Skin Care / Face Care / Sunscreen,35.6726,6.7189,Sun Care,18.8348,More_MS (sub-class level),Sub-Class,Sub-categories where Honasa sells (to May 26),Yes
More Retail,Oct 25,Skin Care / Facial Cleanser,130.7526,17.0383,Face Wash & Cleanser,13.031,More_MS (class level),Category,Sub-categories where Honasa sells (to May 26),Yes
More Retail,Oct 25,Skin Care / Facial Cleanser / Facewashes,130.7526,17.0383,Face Wash & Cleanser,13.031,More_MS (sub-class level),Sub-Class,Sub-categories where Honasa sells (to May 26),Yes
More Retail,Oct 25,Skin Care / Facial Cleanser / Mask/ pack,0.0,0.0,Face Wash & Cleanser,,More_MS (sub-class level),Sub-Class,Sub-categories where Honasa sells (to May 26),Yes
More Retail,Nov 25,Baby / Baby Hygiene,180.9548,7.3317,Baby Care,4.0517,More_MS (class level),Category,Sub-categories where Honasa sells (to May 26),Yes
More Retail,Nov 25,Baby / Baby Hygiene / Baby Hair Oil,4.1844,0.5823,Baby Care,13.9156,More_MS (sub-class level),Sub-Class,Sub-categories where Honasa sells (to May 26),Yes
More Retail,Nov 25,Baby / Baby Hygiene / Baby Massage Oil,8.2799,0.0541,Baby Care,0.6534,More_MS (sub-class level),Sub-Class,Sub-categories where Honasa sells (to May 26),Yes
More Retail,Nov 25,Baby / Baby Hygiene / Baby Moisturizer,70.2136,2.5705,Baby Care,3.661,More_MS (sub-class level),Sub-Class,Sub-categories where Honasa sells (to May 26),Yes
More Retail,Nov 25,Baby / Baby Hygiene / Baby Powder,17.0611,0.1613,Baby Care,0.9455,More_MS (sub-class level),Sub-Class,Sub-categories where Honasa sells (to May 26),Yes
More Retail,Nov 25,Baby / Baby Hygiene / Baby Shampoo,26.8019,1.3879,Baby Care,5.1784,More_MS (sub-class level),Sub-Class,Sub-categories where Honasa sells (to May 26),Yes
More Retail,Nov 25,Baby / Baby Hygiene / Baby Soap,41.1624,2.3216,Baby Care,5.64,More_MS (sub-class level),Sub-Class,Sub-categories where Honasa sells (to May 26),Yes
More Retail,Nov 25,Baby / Baby Hygiene / Baby Toothbrush,0.0,0.0,Baby Care,,More_MS (sub-class level),Sub-Class,Sub-categories where Honasa sells (to May 26),Yes
More Retail,Nov 25,Baby / Baby Hygiene / Baby Wash,12.7243,0.1916,Baby Care,1.5062,More_MS (sub-class level),Sub-Class,Sub-categories where Honasa sells (to May 26),Yes
More Retail,Nov 25,Baby / Baby Hygiene / Others,0.5272,0.0623,Baby Care,11.8225,More_MS (sub-class level),Sub-Class,Sub-categories where Honasa sells (to May 26),Yes
More Retail,Nov 25,Hair Care / Conditioner,79.6009,0.5692,Conditioner,0.715,More_MS (class level),Category,Sub-categories where Honasa sells (to May 26),Yes
More Retail,Nov 25,Hair Care / Conditioner / Rinsing Off,79.6009,0.5692,Conditioner,0.715,More_MS (sub-class level),Sub-Class,Sub-categories where Honasa sells (to May 26),Yes
More Retail,Nov 25,Hair Care / Hair Oil,11.7514,0.6488,Hair Oil,5.5212,More_MS (class level),Category,Sub-categories where Honasa sells (to May 26),Yes
More Retail,Nov 25,Hair Care / Hair Oil / Others,11.7514,0.6488,Hair Oil,5.5212,More_MS (sub-class level),Sub-Class,Sub-categories where Honasa sells (to May 26),Yes
More Retail,Nov 25,Hair Care / Shampoo,90.3334,6.3639,Shampoo,7.0449,More_MS (class level),Category,Sub-categories where Honasa sells (to May 26),Yes
More Retail,Nov 25,Hair Care / Shampoo / Functional Shampoo,0.0,0.0,Shampoo,,More_MS (sub-class level),Sub-Class,Sub-categories where Honasa sells (to May 26),Yes
More Retail,Nov 25,Hair Care / Shampoo / Herbal Shampoo,90.3334,6.3639,Shampoo,7.0449,More_MS (sub-class level),Sub-Class,Sub-categories where Honasa sells (to May 26),Yes
More Retail,Nov 25,Hair Care / Shampoo / Premium Beauty,0.0,0.0,Shampoo,,More_MS (sub-class level),Sub-Class,Sub-categories where Honasa sells (to May 26),Yes
More Retail,Nov 25,Hair Care / Shampoo / Regular Shampoo,0.0,0.0,Shampoo,,More_MS (sub-class level),Sub-Class,Sub-categories where Honasa sells (to May 26),Yes
More Retail,Nov 25,Hair Care / Treatment & Styling,45.696,0.0191,Hair Treatment & Styling,0.0418,More_MS (class level),Category,Sub-categories where Honasa sells (to May 26),No
More Retail,Nov 25,Hair Care / Treatment & Styling / Mousse Serum & Cream,45.696,0.0191,Face Serum & Treatment,0.0418,More_MS (sub-class level),Sub-Class,Sub-categories where Honasa sells (to May 26),Yes
More Retail,Nov 25,Insecticide / Repellant / Fly Insecticide / Repellant,30.8564,0.2347,Other,0.7607,More_MS (class level),Category,Sub-categories where Honasa sells (to May 26),No
More Retail,Nov 25,Insecticide / Repellant / Fly Insecticide / Repellant / Spray FIK,30.8564,0.2347,Hair Treatment & Styling,0.7607,More_MS (sub-class level),Sub-Class,Sub-categories where Honasa sells (to May 26),No
More Retail,Nov 25,Insecticide / Repellant / Multi-function Insecticide / Repellant,0.0,0.0,Other,,More_MS (class level),Category,Sub-categories where Honasa sells (to May 26),No
More Retail,Nov 25,Insecticide / Repellant / Multi-function Insecticide / Repellant / Others,0.0,0.0,Other,,More_MS (sub-class level),Sub-Class,Sub-categories where Honasa sells (to May 26),No
More Retail,Nov 25,OTC / Pain & Relief,12.2624,0.1992,Other,1.6246,More_MS (class level),Category,Sub-categories where Honasa sells (to May 26),No
More Retail,Nov 25,OTC / Pain & Relief / Cough and Cold,12.2624,0.1992,Other,1.6246,More_MS (sub-class level),Sub-Class,Sub-categories where Honasa sells (to May 26),No
More Retail,Nov 25,Oral Care / Tooth Paste,15.8563,1.4306,Oral Care,9.022,More_MS (class level),Category,Sub-categories where Honasa sells (to May 26),No
More Retail,Nov 25,Oral Care / Tooth Paste / Kids Toothpaste,15.8563,1.4306,Oral Care,9.022,More_MS (sub-class level),Sub-Class,Sub-categories where Honasa sells (to May 26),No
More Retail,Nov 25,Personal Wash / Soap,265.0896,1.1915,Body Wash & Soap,0.4495,More_MS (class level),Category,Sub-categories where Honasa sells (to May 26),Yes
More Retail,Nov 25,Personal Wash / Soap / Premium Soap,265.0896,1.1915,Body Wash & Soap,0.4495,More_MS (sub-class level),Sub-Class,Sub-categories where Honasa sells (to May 26),Yes
More Retail,Nov 25,Skin Care / Body Care,1482.0607,5.2384,Body Lotion & Care,0.3535,More_MS (class level),Category,Sub-categories where Honasa sells (to May 26),Yes
More Retail,Nov 25,Skin Care / Body Care / Cream & Lotion Body,1482.0607,5.2384,Body Lotion & Care,0.3535,More_MS (sub-class level),Sub-Class,Sub-categories where Honasa sells (to May 26),Yes
More Retail,Nov 25,Skin Care / Body Care / Others,0.0,0.0,Body Lotion & Care,,More_MS (sub-class level),Sub-Class,Sub-categories where Honasa sells (to May 26),Yes
More Retail,Nov 25,Skin Care / Face Care,115.8277,18.1083,Face Moisturiser & Cream,15.6339,More_MS (class level),Category,Sub-categories where Honasa sells (to May 26),Yes
More Retail,Nov 25,Skin Care / Face Care / Cream & Lotion Body,0.0,0.0,Body Lotion & Care,,More_MS (sub-class level),Sub-Class,Sub-categories where Honasa sells (to May 26),Yes
More Retail,Nov 25,Skin Care / Face Care / Fairness,0.0,0.0,Face Moisturiser & Cream,,More_MS (sub-class level),Sub-Class,Sub-categories where Honasa sells (to May 26),Yes
More Retail,Nov 25,Skin Care / Face Care / Moisturising,43.681,1.1672,Face Moisturiser & Cream,2.6722,More_MS (sub-class level),Sub-Class,Sub-categories where Honasa sells (to May 26),Yes
More Retail,Nov 25,Skin Care / Face Care / Others,35.0842,8.5076,Face Moisturiser & Cream,24.249,More_MS (sub-class level),Sub-Class,Sub-categories where Honasa sells (to May 26),Yes
More Retail,Nov 25,Skin Care / Face Care / Sunscreen,37.0624,8.4335,Sun Care,22.7549,More_MS (sub-class level),Sub-Class,Sub-categories where Honasa sells (to May 26),Yes
More Retail,Nov 25,Skin Care / Facial Cleanser,133.0536,16.5633,Face Wash & Cleanser,12.4486,More_MS (class level),Category,Sub-categories where Honasa sells (to May 26),Yes
More Retail,Nov 25,Skin Care / Facial Cleanser / Facewashes,124.9468,16.5628,Face Wash & Cleanser,13.2558,More_MS (sub-class level),Sub-Class,Sub-categories where Honasa sells (to May 26),Yes
More Retail,Nov 25,Skin Care / Facial Cleanser / Mask/ pack,8.1069,0.0005,Face Wash & Cleanser,0.0064,More_MS (sub-class level),Sub-Class,Sub-categories where Honasa sells (to May 26),Yes
More Retail,Dec 25,Baby / Baby Hygiene,146.5421,5.7702,Baby Care,3.9376,More_MS (class level),Category,Sub-categories where Honasa sells (to May 26),Yes
More Retail,Dec 25,Baby / Baby Hygiene / Baby Hair Oil,3.3947,0.4744,Baby Care,13.975,More_MS (sub-class level),Sub-Class,Sub-categories where Honasa sells (to May 26),Yes
More Retail,Dec 25,Baby / Baby Hygiene / Baby Massage Oil,9.6667,0.0375,Baby Care,0.3878,More_MS (sub-class level),Sub-Class,Sub-categories where Honasa sells (to May 26),Yes
More Retail,Dec 25,Baby / Baby Hygiene / Baby Moisturizer,48.7564,2.1772,Baby Care,4.4656,More_MS (sub-class level),Sub-Class,Sub-categories where Honasa sells (to May 26),Yes
More Retail,Dec 25,Baby / Baby Hygiene / Baby Powder,21.101,0.1213,Baby Care,0.5747,More_MS (sub-class level),Sub-Class,Sub-categories where Honasa sells (to May 26),Yes
More Retail,Dec 25,Baby / Baby Hygiene / Baby Shampoo,25.8152,1.1027,Baby Care,4.2714,More_MS (sub-class level),Sub-Class,Sub-categories where Honasa sells (to May 26),Yes
More Retail,Dec 25,Baby / Baby Hygiene / Baby Soap,28.1227,1.6867,Baby Care,5.9976,More_MS (sub-class level),Sub-Class,Sub-categories where Honasa sells (to May 26),Yes
More Retail,Dec 25,Baby / Baby Hygiene / Baby Toothbrush,0.0,0.0,Baby Care,,More_MS (sub-class level),Sub-Class,Sub-categories where Honasa sells (to May 26),Yes
More Retail,Dec 25,Baby / Baby Hygiene / Baby Wash,9.1471,0.1414,Baby Care,1.546,More_MS (sub-class level),Sub-Class,Sub-categories where Honasa sells (to May 26),Yes
More Retail,Dec 25,Baby / Baby Hygiene / Others,0.5383,0.0291,Baby Care,5.3989,More_MS (sub-class level),Sub-Class,Sub-categories where Honasa sells (to May 26),Yes
More Retail,Dec 25,Hair Care / Conditioner,74.3729,0.4105,Conditioner,0.552,More_MS (class level),Category,Sub-categories where Honasa sells (to May 26),Yes
More Retail,Dec 25,Hair Care / Conditioner / Rinsing Off,74.3729,0.4105,Conditioner,0.552,More_MS (sub-class level),Sub-Class,Sub-categories where Honasa sells (to May 26),Yes
More Retail,Dec 25,Hair Care / Hair Oil,10.5075,0.7631,Hair Oil,7.2621,More_MS (class level),Category,Sub-categories where Honasa sells (to May 26),Yes
More Retail,Dec 25,Hair Care / Hair Oil / Others,10.5075,0.7631,Hair Oil,7.2621,More_MS (sub-class level),Sub-Class,Sub-categories where Honasa sells (to May 26),Yes
More Retail,Dec 25,Hair Care / Shampoo,78.1422,6.1085,Shampoo,7.8172,More_MS (class level),Category,Sub-categories where Honasa sells (to May 26),Yes
More Retail,Dec 25,Hair Care / Shampoo / Functional Shampoo,0.0,0.0,Shampoo,,More_MS (sub-class level),Sub-Class,Sub-categories where Honasa sells (to May 26),Yes
More Retail,Dec 25,Hair Care / Shampoo / Herbal Shampoo,78.1422,6.1085,Shampoo,7.8172,More_MS (sub-class level),Sub-Class,Sub-categories where Honasa sells (to May 26),Yes
More Retail,Dec 25,Hair Care / Shampoo / Premium Beauty,0.0,0.0,Shampoo,,More_MS (sub-class level),Sub-Class,Sub-categories where Honasa sells (to May 26),Yes
More Retail,Dec 25,Hair Care / Shampoo / Regular Shampoo,0.0,0.0,Shampoo,,More_MS (sub-class level),Sub-Class,Sub-categories where Honasa sells (to May 26),Yes
More Retail,Dec 25,Hair Care / Treatment & Styling,44.1985,0.0761,Hair Treatment & Styling,0.1721,More_MS (class level),Category,Sub-categories where Honasa sells (to May 26),No
More Retail,Dec 25,Hair Care / Treatment & Styling / Mousse Serum & Cream,44.1985,0.0761,Face Serum & Treatment,0.1721,More_MS (sub-class level),Sub-Class,Sub-categories where Honasa sells (to May 26),Yes
More Retail,Dec 25,Insecticide / Repellant / Fly Insecticide / Repellant,24.8126,0.1542,Other,0.6213,More_MS (class level),Category,Sub-categories where Honasa sells (to May 26),No
More Retail,Dec 25,Insecticide / Repellant / Fly Insecticide / Repellant / Spray FIK,24.8126,0.1542,Hair Treatment & Styling,0.6213,More_MS (sub-class level),Sub-Class,Sub-categories where Honasa sells (to May 26),No
More Retail,Dec 25,Insecticide / Repellant / Multi-function Insecticide / Repellant,3.3634,0.0026,Other,0.0767,More_MS (class level),Category,Sub-categories where Honasa sells (to May 26),No
More Retail,Dec 25,Insecticide / Repellant / Multi-function Insecticide / Repellant / Others,3.3634,0.0026,Other,0.0767,More_MS (sub-class level),Sub-Class,Sub-categories where Honasa sells (to May 26),No
More Retail,Dec 25,OTC / Pain & Relief,11.7286,0.087,Other,0.7422,More_MS (class level),Category,Sub-categories where Honasa sells (to May 26),No
More Retail,Dec 25,OTC / Pain & Relief / Cough and Cold,11.7286,0.087,Other,0.7422,More_MS (sub-class level),Sub-Class,Sub-categories where Honasa sells (to May 26),No
More Retail,Dec 25,Oral Care / Tooth Paste,15.2388,1.4396,Oral Care,9.4468,More_MS (class level),Category,Sub-categories where Honasa sells (to May 26),No
More Retail,Dec 25,Oral Care / Tooth Paste / Kids Toothpaste,15.2388,1.4396,Oral Care,9.4468,More_MS (sub-class level),Sub-Class,Sub-categories where Honasa sells (to May 26),No
More Retail,Dec 25,Personal Wash / Soap,595.812,1.2847,Body Wash & Soap,0.2156,More_MS (class level),Category,Sub-categories where Honasa sells (to May 26),Yes
More Retail,Dec 25,Personal Wash / Soap / Premium Soap,595.812,1.2847,Body Wash & Soap,0.2156,More_MS (sub-class level),Sub-Class,Sub-categories where Honasa sells (to May 26),Yes
More Retail,Dec 25,Skin Care / Body Care,740.0648,4.8277,Body Lotion & Care,0.6523,More_MS (class level),Category,Sub-categories where Honasa sells (to May 26),Yes
More Retail,Dec 25,Skin Care / Body Care / Cream & Lotion Body,740.0648,4.8277,Body Lotion & Care,0.6523,More_MS (sub-class level),Sub-Class,Sub-categories where Honasa sells (to May 26),Yes
More Retail,Dec 25,Skin Care / Body Care / Others,0.0,0.0,Body Lotion & Care,,More_MS (sub-class level),Sub-Class,Sub-categories where Honasa sells (to May 26),Yes
More Retail,Dec 25,Skin Care / Face Care,97.3501,17.7488,Face Moisturiser & Cream,18.2319,More_MS (class level),Category,Sub-categories where Honasa sells (to May 26),Yes
More Retail,Dec 25,Skin Care / Face Care / Cream & Lotion Body,0.0,0.0,Body Lotion & Care,,More_MS (sub-class level),Sub-Class,Sub-categories where Honasa sells (to May 26),Yes
More Retail,Dec 25,Skin Care / Face Care / Fairness,0.0,0.0,Face Moisturiser & Cream,,More_MS (sub-class level),Sub-Class,Sub-categories where Honasa sells (to May 26),Yes
More Retail,Dec 25,Skin Care / Face Care / Moisturising,37.3661,1.2381,Face Moisturiser & Cream,3.3136,More_MS (sub-class level),Sub-Class,Sub-categories where Honasa sells (to May 26),Yes
More Retail,Dec 25,Skin Care / Face Care / Others,24.406,7.7901,Face Moisturiser & Cream,31.9189,More_MS (sub-class level),Sub-Class,Sub-categories where Honasa sells (to May 26),Yes
More Retail,Dec 25,Skin Care / Face Care / Sunscreen,35.578,8.7205,Sun Care,24.5109,More_MS (sub-class level),Sub-Class,Sub-categories where Honasa sells (to May 26),Yes
More Retail,Dec 25,Skin Care / Facial Cleanser,122.0997,16.2492,Face Wash & Cleanser,13.3081,More_MS (class level),Category,Sub-categories where Honasa sells (to May 26),Yes
More Retail,Dec 25,Skin Care / Facial Cleanser / Facewashes,114.8153,16.2477,Face Wash & Cleanser,14.1511,More_MS (sub-class level),Sub-Class,Sub-categories where Honasa sells (to May 26),Yes
More Retail,Dec 25,Skin Care / Facial Cleanser / Mask/ pack,7.2844,0.0015,Face Wash & Cleanser,0.0205,More_MS (sub-class level),Sub-Class,Sub-categories where Honasa sells (to May 26),Yes
More Retail,Jan 26,Baby / Baby Hygiene,106.2466,6.2665,Baby Care,5.8981,More_MS (class level),Category,Sub-categories where Honasa sells (to May 26),Yes
More Retail,Jan 26,Baby / Baby Hygiene / Baby Hair Oil,2.8021,0.5185,Baby Care,18.5034,More_MS (sub-class level),Sub-Class,Sub-categories where Honasa sells (to May 26),Yes
More Retail,Jan 26,Baby / Baby Hygiene / Baby Massage Oil,3.6284,0.0563,Baby Care,1.5525,More_MS (sub-class level),Sub-Class,Sub-categories where Honasa sells (to May 26),Yes
More Retail,Jan 26,Baby / Baby Hygiene / Baby Moisturizer,39.7762,1.9388,Baby Care,4.8744,More_MS (sub-class level),Sub-Class,Sub-categories where Honasa sells (to May 26),Yes
More Retail,Jan 26,Baby / Baby Hygiene / Baby Powder,6.3456,0.162,Baby Care,2.5532,More_MS (sub-class level),Sub-Class,Sub-categories where Honasa sells (to May 26),Yes
More Retail,Jan 26,Baby / Baby Hygiene / Baby Shampoo,18.8755,1.4988,Baby Care,7.9403,More_MS (sub-class level),Sub-Class,Sub-categories where Honasa sells (to May 26),Yes
More Retail,Jan 26,Baby / Baby Hygiene / Baby Soap,22.4547,1.9594,Baby Care,8.726,More_MS (sub-class level),Sub-Class,Sub-categories where Honasa sells (to May 26),Yes
More Retail,Jan 26,Baby / Baby Hygiene / Baby Toothbrush,0.0,0.0,Baby Care,,More_MS (sub-class level),Sub-Class,Sub-categories where Honasa sells (to May 26),Yes
More Retail,Jan 26,Baby / Baby Hygiene / Baby Wash,11.8746,0.1238,Baby Care,1.0427,More_MS (sub-class level),Sub-Class,Sub-categories where Honasa sells (to May 26),Yes
More Retail,Jan 26,Baby / Baby Hygiene / Others,0.4895,0.0089,Baby Care,1.8141,More_MS (sub-class level),Sub-Class,Sub-categories where Honasa sells (to May 26),Yes
More Retail,Jan 26,Hair Care / Conditioner,81.4952,0.4759,Conditioner,0.584,More_MS (class level),Category,Sub-categories where Honasa sells (to May 26),Yes
More Retail,Jan 26,Hair Care / Conditioner / Rinsing Off,81.4952,0.4759,Conditioner,0.584,More_MS (sub-class level),Sub-Class,Sub-categories where Honasa sells (to May 26),Yes
More Retail,Jan 26,Hair Care / Hair Oil,9.5576,0.7844,Hair Oil,8.2075,More_MS (class level),Category,Sub-categories where Honasa sells (to May 26),Yes
More Retail,Jan 26,Hair Care / Hair Oil / Others,9.5576,0.7844,Hair Oil,8.2075,More_MS (sub-class level),Sub-Class,Sub-categories where Honasa sells (to May 26),Yes
More Retail,Jan 26,Hair Care / Shampoo,79.3853,5.9329,Shampoo,7.4736,More_MS (class level),Category,Sub-categories where Honasa sells (to May 26),Yes
More Retail,Jan 26,Hair Care / Shampoo / Functional Shampoo,0.0,0.0,Shampoo,,More_MS (sub-class level),Sub-Class,Sub-categories where Honasa sells (to May 26),Yes
More Retail,Jan 26,Hair Care / Shampoo / Herbal Shampoo,79.3853,5.9329,Shampoo,7.4736,More_MS (sub-class level),Sub-Class,Sub-categories where Honasa sells (to May 26),Yes
More Retail,Jan 26,Hair Care / Shampoo / Premium Beauty,0.0,0.0,Shampoo,,More_MS (sub-class level),Sub-Class,Sub-categories where Honasa sells (to May 26),Yes
More Retail,Jan 26,Hair Care / Shampoo / Regular Shampoo,0.0,0.0,Shampoo,,More_MS (sub-class level),Sub-Class,Sub-categories where Honasa sells (to May 26),Yes
More Retail,Jan 26,Hair Care / Treatment & Styling,47.5516,0.0531,Hair Treatment & Styling,0.1118,More_MS (class level),Category,Sub-categories where Honasa sells (to May 26),No
More Retail,Jan 26,Hair Care / Treatment & Styling / Mousse Serum & Cream,47.5516,0.0531,Face Serum & Treatment,0.1118,More_MS (sub-class level),Sub-Class,Sub-categories where Honasa sells (to May 26),Yes
More Retail,Jan 26,Insecticide / Repellant / Fly Insecticide / Repellant,0.0,0.1319,Other,,More_MS (class level),Category,Sub-categories where Honasa sells (to May 26),No
More Retail,Jan 26,Insecticide / Repellant / Fly Insecticide / Repellant / Spray FIK,0.0,0.1319,Hair Treatment & Styling,,More_MS (sub-class level),Sub-Class,Sub-categories where Honasa sells (to May 26),No
More Retail,Jan 26,Insecticide / Repellant / Multi-function Insecticide / Repellant,0.0,0.0,Other,,More_MS (class level),Category,Sub-categories where Honasa sells (to May 26),No
More Retail,Jan 26,Insecticide / Repellant / Multi-function Insecticide / Repellant / Others,0.0,0.0,Other,,More_MS (sub-class level),Sub-Class,Sub-categories where Honasa sells (to May 26),No
More Retail,Jan 26,OTC / Pain & Relief,11.7481,0.1365,Other,1.1618,More_MS (class level),Category,Sub-categories where Honasa sells (to May 26),No
More Retail,Jan 26,OTC / Pain & Relief / Cough and Cold,11.7481,0.1365,Other,1.1618,More_MS (sub-class level),Sub-Class,Sub-categories where Honasa sells (to May 26),No
More Retail,Jan 26,Oral Care / Tooth Paste,15.5074,1.7067,Oral Care,11.0058,More_MS (class level),Category,Sub-categories where Honasa sells (to May 26),No
More Retail,Jan 26,Oral Care / Tooth Paste / Kids Toothpaste,15.5074,1.7067,Oral Care,11.0058,More_MS (sub-class level),Sub-Class,Sub-categories where Honasa sells (to May 26),No
More Retail,Jan 26,Personal Wash / Soap,349.2039,1.7425,Body Wash & Soap,0.499,More_MS (class level),Category,Sub-categories where Honasa sells (to May 26),Yes
More Retail,Jan 26,Personal Wash / Soap / Premium Soap,349.2039,1.7425,Body Wash & Soap,0.499,More_MS (sub-class level),Sub-Class,Sub-categories where Honasa sells (to May 26),Yes
More Retail,Jan 26,Skin Care / Body Care,319.8358,2.5008,Body Lotion & Care,0.7819,More_MS (class level),Category,Sub-categories where Honasa sells (to May 26),Yes
More Retail,Jan 26,Skin Care / Body Care / Cream & Lotion Body,319.8358,2.5008,Body Lotion & Care,0.7819,More_MS (sub-class level),Sub-Class,Sub-categories where Honasa sells (to May 26),Yes
More Retail,Jan 26,Skin Care / Body Care / Others,0.0,0.0,Body Lotion & Care,,More_MS (sub-class level),Sub-Class,Sub-categories where Honasa sells (to May 26),Yes
More Retail,Jan 26,Skin Care / Face Care,180.2582,17.503,Face Moisturiser & Cream,9.71,More_MS (class level),Category,Sub-categories where Honasa sells (to May 26),Yes
More Retail,Jan 26,Skin Care / Face Care / Cream & Lotion Body,89.9797,0.006,Body Lotion & Care,0.0067,More_MS (sub-class level),Sub-Class,Sub-categories where Honasa sells (to May 26),Yes
More Retail,Jan 26,Skin Care / Face Care / Fairness,0.0,0.0,Face Moisturiser & Cream,,More_MS (sub-class level),Sub-Class,Sub-categories where Honasa sells (to May 26),Yes
More Retail,Jan 26,Skin Care / Face Care / Moisturising,32.0801,1.0434,Face Moisturiser & Cream,3.2524,More_MS (sub-class level),Sub-Class,Sub-categories where Honasa sells (to May 26),Yes
More Retail,Jan 26,Skin Care / Face Care / Others,19.3165,7.5928,Face Moisturiser & Cream,39.3074,More_MS (sub-class level),Sub-Class,Sub-categories where Honasa sells (to May 26),Yes
More Retail,Jan 26,Skin Care / Face Care / Sunscreen,38.882,8.8608,Sun Care,22.789,More_MS (sub-class level),Sub-Class,Sub-categories where Honasa sells (to May 26),Yes
More Retail,Jan 26,Skin Care / Facial Cleanser,111.7383,15.7739,Face Wash & Cleanser,14.1168,More_MS (class level),Category,Sub-categories where Honasa sells (to May 26),Yes
More Retail,Jan 26,Skin Care / Facial Cleanser / Facewashes,111.7383,15.7739,Face Wash & Cleanser,14.1168,More_MS (sub-class level),Sub-Class,Sub-categories where Honasa sells (to May 26),Yes
More Retail,Jan 26,Skin Care / Facial Cleanser / Mask/ pack,0.0,0.0,Face Wash & Cleanser,,More_MS (sub-class level),Sub-Class,Sub-categories where Honasa sells (to May 26),Yes
More Retail,Feb 26,Baby / Baby Hygiene,149.8427,6.2743,Baby Care,4.1873,More_MS (class level),Category,Sub-categories where Honasa sells (to May 26),Yes
More Retail,Feb 26,Baby / Baby Hygiene / Baby Hair Oil,3.6354,0.6412,Baby Care,17.6373,More_MS (sub-class level),Sub-Class,Sub-categories where Honasa sells (to May 26),Yes
More Retail,Feb 26,Baby / Baby Hygiene / Baby Massage Oil,5.1856,0.0362,Baby Care,0.6971,More_MS (sub-class level),Sub-Class,Sub-categories where Honasa sells (to May 26),Yes
More Retail,Feb 26,Baby / Baby Hygiene / Baby Moisturizer,42.8585,1.7732,Baby Care,4.1372,More_MS (sub-class level),Sub-Class,Sub-categories where Honasa sells (to May 26),Yes
More Retail,Feb 26,Baby / Baby Hygiene / Baby Powder,14.8878,0.3145,Baby Care,2.1124,More_MS (sub-class level),Sub-Class,Sub-categories where Honasa sells (to May 26),Yes
More Retail,Feb 26,Baby / Baby Hygiene / Baby Shampoo,33.4903,1.3591,Baby Care,4.0583,More_MS (sub-class level),Sub-Class,Sub-categories where Honasa sells (to May 26),Yes
More Retail,Feb 26,Baby / Baby Hygiene / Baby Soap,32.3901,1.9634,Baby Care,6.0619,More_MS (sub-class level),Sub-Class,Sub-categories where Honasa sells (to May 26),Yes
More Retail,Feb 26,Baby / Baby Hygiene / Baby Toothbrush,0.0,0.0,Baby Care,,More_MS (sub-class level),Sub-Class,Sub-categories where Honasa sells (to May 26),Yes
More Retail,Feb 26,Baby / Baby Hygiene / Baby Wash,16.9191,0.1616,Baby Care,0.9554,More_MS (sub-class level),Sub-Class,Sub-categories where Honasa sells (to May 26),Yes
More Retail,Feb 26,Baby / Baby Hygiene / Others,0.4759,0.0252,Baby Care,5.285,More_MS (sub-class level),Sub-Class,Sub-categories where Honasa sells (to May 26),Yes
More Retail,Feb 26,Hair Care / Conditioner,89.0037,0.414,Conditioner,0.4652,More_MS (class level),Category,Sub-categories where Honasa sells (to May 26),Yes
More Retail,Feb 26,Hair Care / Conditioner / Rinsing Off,89.0037,0.414,Conditioner,0.4652,More_MS (sub-class level),Sub-Class,Sub-categories where Honasa sells (to May 26),Yes
More Retail,Feb 26,Hair Care / Hair Oil,8.8954,0.7012,Hair Oil,7.8824,More_MS (class level),Category,Sub-categories where Honasa sells (to May 26),Yes
More Retail,Feb 26,Hair Care / Hair Oil / Others,8.8954,0.7012,Hair Oil,7.8824,More_MS (sub-class level),Sub-Class,Sub-categories where Honasa sells (to May 26),Yes
More Retail,Feb 26,Hair Care / Shampoo,75.154,4.9274,Shampoo,6.5564,More_MS (class level),Category,Sub-categories where Honasa sells (to May 26),Yes
More Retail,Feb 26,Hair Care / Shampoo / Functional Shampoo,0.0,0.0,Shampoo,,More_MS (sub-class level),Sub-Class,Sub-categories where Honasa sells (to May 26),Yes
More Retail,Feb 26,Hair Care / Shampoo / Herbal Shampoo,75.154,4.9274,Shampoo,6.5564,More_MS (sub-class level),Sub-Class,Sub-categories where Honasa sells (to May 26),Yes
More Retail,Feb 26,Hair Care / Shampoo / Premium Beauty,0.0,0.0,Shampoo,,More_MS (sub-class level),Sub-Class,Sub-categories where Honasa sells (to May 26),Yes
More Retail,Feb 26,Hair Care / Shampoo / Regular Shampoo,0.0,0.0,Shampoo,,More_MS (sub-class level),Sub-Class,Sub-categories where Honasa sells (to May 26),Yes
More Retail,Feb 26,Hair Care / Treatment & Styling,48.0249,0.0342,Hair Treatment & Styling,0.0711,More_MS (class level),Category,Sub-categories where Honasa sells (to May 26),No
More Retail,Feb 26,Hair Care / Treatment & Styling / Mousse Serum & Cream,48.0249,0.0342,Face Serum & Treatment,0.0711,More_MS (sub-class level),Sub-Class,Sub-categories where Honasa sells (to May 26),Yes
More Retail,Feb 26,Insecticide / Repellant / Fly Insecticide / Repellant,29.8807,0.2431,Other,0.8136,More_MS (class level),Category,Sub-categories where Honasa sells (to May 26),No
More Retail,Feb 26,Insecticide / Repellant / Fly Insecticide / Repellant / Spray FIK,29.8807,0.2431,Hair Treatment & Styling,0.8136,More_MS (sub-class level),Sub-Class,Sub-categories where Honasa sells (to May 26),No
More Retail,Feb 26,Insecticide / Repellant / Multi-function Insecticide / Repellant,4.1927,0.0039,Other,0.0923,More_MS (class level),Category,Sub-categories where Honasa sells (to May 26),No
More Retail,Feb 26,Insecticide / Repellant / Multi-function Insecticide / Repellant / Others,4.1927,0.0039,Other,0.0923,More_MS (sub-class level),Sub-Class,Sub-categories where Honasa sells (to May 26),No
More Retail,Feb 26,OTC / Pain & Relief,9.7709,0.2905,Other,2.9732,More_MS (class level),Category,Sub-categories where Honasa sells (to May 26),No
More Retail,Feb 26,OTC / Pain & Relief / Cough and Cold,9.7709,0.2905,Other,2.9732,More_MS (sub-class level),Sub-Class,Sub-categories where Honasa sells (to May 26),No
More Retail,Feb 26,Oral Care / Tooth Paste,15.9238,1.4295,Oral Care,8.9771,More_MS (class level),Category,Sub-categories where Honasa sells (to May 26),No
More Retail,Feb 26,Oral Care / Tooth Paste / Kids Toothpaste,15.9238,1.4295,Oral Care,8.9771,More_MS (sub-class level),Sub-Class,Sub-categories where Honasa sells (to May 26),No
More Retail,Feb 26,Personal Wash / Soap,308.832,1.4943,Body Wash & Soap,0.4838,More_MS (class level),Category,Sub-categories where Honasa sells (to May 26),Yes
More Retail,Feb 26,Personal Wash / Soap / Premium Soap,308.832,1.4943,Body Wash & Soap,0.4838,More_MS (sub-class level),Sub-Class,Sub-categories where Honasa sells (to May 26),Yes
More Retail,Feb 26,Skin Care / Body Care,250.258,1.5036,Body Lotion & Care,0.6008,More_MS (class level),Category,Sub-categories where Honasa sells (to May 26),Yes
More Retail,Feb 26,Skin Care / Body Care / Cream & Lotion Body,250.258,1.5036,Body Lotion & Care,0.6008,More_MS (sub-class level),Sub-Class,Sub-categories where Honasa sells (to May 26),Yes
More Retail,Feb 26,Skin Care / Body Care / Others,0.0,0.0,Body Lotion & Care,,More_MS (sub-class level),Sub-Class,Sub-categories where Honasa sells (to May 26),Yes
More Retail,Feb 26,Skin Care / Face Care,177.483,19.1529,Face Moisturiser & Cream,10.7914,More_MS (class level),Category,Sub-categories where Honasa sells (to May 26),Yes
More Retail,Feb 26,Skin Care / Face Care / Cream & Lotion Body,88.6852,0.012,Body Lotion & Care,0.0135,More_MS (sub-class level),Sub-Class,Sub-categories where Honasa sells (to May 26),Yes
More Retail,Feb 26,Skin Care / Face Care / Fairness,0.0,0.0,Face Moisturiser & Cream,,More_MS (sub-class level),Sub-Class,Sub-categories where Honasa sells (to May 26),Yes
More Retail,Feb 26,Skin Care / Face Care / Moisturising,28.365,0.8199,Face Moisturiser & Cream,2.8905,More_MS (sub-class level),Sub-Class,Sub-categories where Honasa sells (to May 26),Yes
More Retail,Feb 26,Skin Care / Face Care / Others,15.6778,8.053,Face Moisturiser & Cream,51.3655,More_MS (sub-class level),Sub-Class,Sub-categories where Honasa sells (to May 26),Yes
More Retail,Feb 26,Skin Care / Face Care / Sunscreen,44.7549,10.268,Sun Care,22.9427,More_MS (sub-class level),Sub-Class,Sub-categories where Honasa sells (to May 26),Yes
More Retail,Feb 26,Skin Care / Facial Cleanser,116.9863,15.8797,Face Wash & Cleanser,13.574,More_MS (class level),Category,Sub-categories where Honasa sells (to May 26),Yes
More Retail,Feb 26,Skin Care / Facial Cleanser / Facewashes,110.9061,15.8753,Face Wash & Cleanser,14.3142,More_MS (sub-class level),Sub-Class,Sub-categories where Honasa sells (to May 26),Yes
More Retail,Feb 26,Skin Care / Facial Cleanser / Mask/ pack,6.0802,0.0044,Face Wash & Cleanser,0.0727,More_MS (sub-class level),Sub-Class,Sub-categories where Honasa sells (to May 26),Yes
More Retail,Mar 26,Baby / Baby Hygiene,227.983,5.8092,Baby Care,2.5481,More_MS (class level),Category,Sub-categories where Honasa sells (to May 26),Yes
More Retail,Mar 26,Baby / Baby Hygiene / Baby Hair Oil,3.8513,0.4807,Baby Care,12.482,More_MS (sub-class level),Sub-Class,Sub-categories where Honasa sells (to May 26),Yes
More Retail,Mar 26,Baby / Baby Hygiene / Baby Massage Oil,19.4793,0.0517,Baby Care,0.2652,More_MS (sub-class level),Sub-Class,Sub-categories where Honasa sells (to May 26),Yes
More Retail,Mar 26,Baby / Baby Hygiene / Baby Moisturizer,47.8361,1.4943,Baby Care,3.1238,More_MS (sub-class level),Sub-Class,Sub-categories where Honasa sells (to May 26),Yes
More Retail,Mar 26,Baby / Baby Hygiene / Baby Powder,63.6562,0.3854,Baby Care,0.6055,More_MS (sub-class level),Sub-Class,Sub-categories where Honasa sells (to May 26),Yes
More Retail,Mar 26,Baby / Baby Hygiene / Baby Shampoo,35.028,0.7396,Baby Care,2.1115,More_MS (sub-class level),Sub-Class,Sub-categories where Honasa sells (to May 26),Yes
More Retail,Mar 26,Baby / Baby Hygiene / Baby Soap,36.2294,2.3174,Baby Care,6.3965,More_MS (sub-class level),Sub-Class,Sub-categories where Honasa sells (to May 26),Yes
More Retail,Mar 26,Baby / Baby Hygiene / Baby Toothbrush,0.0,0.0,Baby Care,,More_MS (sub-class level),Sub-Class,Sub-categories where Honasa sells (to May 26),Yes
More Retail,Mar 26,Baby / Baby Hygiene / Baby Wash,20.9573,0.2363,Baby Care,1.1277,More_MS (sub-class level),Sub-Class,Sub-categories where Honasa sells (to May 26),Yes
More Retail,Mar 26,Baby / Baby Hygiene / Others,0.9454,0.1037,Baby Care,10.9726,More_MS (sub-class level),Sub-Class,Sub-categories where Honasa sells (to May 26),Yes
More Retail,Mar 26,Hair Care / Conditioner,94.0657,0.3877,Conditioner,0.4122,More_MS (class level),Category,Sub-categories where Honasa sells (to May 26),Yes
More Retail,Mar 26,Hair Care / Conditioner / Rinsing Off,94.0657,0.3877,Conditioner,0.4122,More_MS (sub-class level),Sub-Class,Sub-categories where Honasa sells (to May 26),Yes
More Retail,Mar 26,Hair Care / Hair Oil,12.9415,0.7415,Hair Oil,5.7298,More_MS (class level),Category,Sub-categories where Honasa sells (to May 26),Yes
More Retail,Mar 26,Hair Care / Hair Oil / Others,12.9415,0.7415,Hair Oil,5.7298,More_MS (sub-class level),Sub-Class,Sub-categories where Honasa sells (to May 26),Yes
More Retail,Mar 26,Hair Care / Shampoo,86.7431,5.3559,Shampoo,6.1745,More_MS (class level),Category,Sub-categories where Honasa sells (to May 26),Yes
More Retail,Mar 26,Hair Care / Shampoo / Functional Shampoo,0.0,0.0,Shampoo,,More_MS (sub-class level),Sub-Class,Sub-categories where Honasa sells (to May 26),Yes
More Retail,Mar 26,Hair Care / Shampoo / Herbal Shampoo,86.7431,5.3559,Shampoo,6.1745,More_MS (sub-class level),Sub-Class,Sub-categories where Honasa sells (to May 26),Yes
More Retail,Mar 26,Hair Care / Shampoo / Premium Beauty,0.0,0.0,Shampoo,,More_MS (sub-class level),Sub-Class,Sub-categories where Honasa sells (to May 26),Yes
More Retail,Mar 26,Hair Care / Shampoo / Regular Shampoo,0.0,0.0,Shampoo,,More_MS (sub-class level),Sub-Class,Sub-categories where Honasa sells (to May 26),Yes
More Retail,Mar 26,Hair Care / Treatment & Styling,51.5057,0.0676,Hair Treatment & Styling,0.1313,More_MS (class level),Category,Sub-categories where Honasa sells (to May 26),No
More Retail,Mar 26,Hair Care / Treatment & Styling / Mousse Serum & Cream,51.5057,0.0676,Face Serum & Treatment,0.1313,More_MS (sub-class level),Sub-Class,Sub-categories where Honasa sells (to May 26),Yes
More Retail,Mar 26,Insecticide / Repellant / Fly Insecticide / Repellant,48.5416,0.9333,Other,1.9227,More_MS (class level),Category,Sub-categories where Honasa sells (to May 26),No
More Retail,Mar 26,Insecticide / Repellant / Fly Insecticide / Repellant / Spray FIK,48.5416,0.9333,Hair Treatment & Styling,1.9227,More_MS (sub-class level),Sub-Class,Sub-categories where Honasa sells (to May 26),No
More Retail,Mar 26,Insecticide / Repellant / Multi-function Insecticide / Repellant,7.3375,0.0051,Other,0.0696,More_MS (class level),Category,Sub-categories where Honasa sells (to May 26),No
More Retail,Mar 26,Insecticide / Repellant / Multi-function Insecticide / Repellant / Others,7.3375,0.0051,Other,0.0696,More_MS (sub-class level),Sub-Class,Sub-categories where Honasa sells (to May 26),No
More Retail,Mar 26,OTC / Pain & Relief,8.5022,0.3044,Other,3.5802,More_MS (class level),Category,Sub-categories where Honasa sells (to May 26),No
More Retail,Mar 26,OTC / Pain & Relief / Cough and Cold,8.5022,0.3044,Other,3.5802,More_MS (sub-class level),Sub-Class,Sub-categories where Honasa sells (to May 26),No
More Retail,Mar 26,Oral Care / Tooth Paste,15.9293,1.8331,Oral Care,11.5078,More_MS (class level),Category,Sub-categories where Honasa sells (to May 26),No
More Retail,Mar 26,Oral Care / Tooth Paste / Kids Toothpaste,15.9293,1.8331,Oral Care,11.5078,More_MS (sub-class level),Sub-Class,Sub-categories where Honasa sells (to May 26),No
More Retail,Mar 26,Personal Wash / Soap,261.6256,1.7119,Body Wash & Soap,0.6543,More_MS (class level),Category,Sub-categories where Honasa sells (to May 26),Yes
More Retail,Mar 26,Personal Wash / Soap / Premium Soap,261.6256,1.7119,Body Wash & Soap,0.6543,More_MS (sub-class level),Sub-Class,Sub-categories where Honasa sells (to May 26),Yes
More Retail,Mar 26,Skin Care / Body Care,172.5463,1.3133,Body Lotion & Care,0.7611,More_MS (class level),Category,Sub-categories where Honasa sells (to May 26),Yes
More Retail,Mar 26,Skin Care / Body Care / Cream & Lotion Body,172.5463,1.3133,Body Lotion & Care,0.7611,More_MS (sub-class level),Sub-Class,Sub-categories where Honasa sells (to May 26),Yes
More Retail,Mar 26,Skin Care / Body Care / Others,0.0,0.0,Body Lotion & Care,,More_MS (sub-class level),Sub-Class,Sub-categories where Honasa sells (to May 26),Yes
More Retail,Mar 26,Skin Care / Face Care,179.5187,23.8927,Face Moisturiser & Cream,13.3093,More_MS (class level),Category,Sub-categories where Honasa sells (to May 26),Yes
More Retail,Mar 26,Skin Care / Face Care / Cream & Lotion Body,72.8742,0.024,Body Lotion & Care,0.0329,More_MS (sub-class level),Sub-Class,Sub-categories where Honasa sells (to May 26),Yes
More Retail,Mar 26,Skin Care / Face Care / Fairness,0.0,0.0,Face Moisturiser & Cream,,More_MS (sub-class level),Sub-Class,Sub-categories where Honasa sells (to May 26),Yes
More Retail,Mar 26,Skin Care / Face Care / Moisturising,29.0017,0.6865,Face Moisturiser & Cream,2.3672,More_MS (sub-class level),Sub-Class,Sub-categories where Honasa sells (to May 26),Yes
More Retail,Mar 26,Skin Care / Face Care / Others,14.4958,8.157,Face Moisturiser & Cream,56.2716,More_MS (sub-class level),Sub-Class,Sub-categories where Honasa sells (to May 26),Yes
More Retail,Mar 26,Skin Care / Face Care / Sunscreen,63.1471,15.0252,Sun Care,23.794,More_MS (sub-class level),Sub-Class,Sub-categories where Honasa sells (to May 26),Yes
More Retail,Mar 26,Skin Care / Facial Cleanser,206.8834,19.471,Face Wash & Cleanser,9.4116,More_MS (class level),Category,Sub-categories where Honasa sells (to May 26),Yes
More Retail,Mar 26,Skin Care / Facial Cleanser / Facewashes,199.8584,19.4365,Face Wash & Cleanser,9.7252,More_MS (sub-class level),Sub-Class,Sub-categories where Honasa sells (to May 26),Yes
More Retail,Mar 26,Skin Care / Facial Cleanser / Mask/ pack,7.025,0.0345,Face Wash & Cleanser,0.4906,More_MS (sub-class level),Sub-Class,Sub-categories where Honasa sells (to May 26),Yes
More Retail,Apr 26,Baby / Baby Hygiene,161.8656,5.0701,Baby Care,3.1323,More_MS (class level),Category,Sub-categories where Honasa sells (to May 26),Yes
More Retail,Apr 26,Baby / Baby Hygiene / Baby Hair Oil,3.3386,0.3947,Baby Care,11.8235,More_MS (sub-class level),Sub-Class,Sub-categories where Honasa sells (to May 26),Yes
More Retail,Apr 26,Baby / Baby Hygiene / Baby Massage Oil,15.5953,0.0623,Baby Care,0.3997,More_MS (sub-class level),Sub-Class,Sub-categories where Honasa sells (to May 26),Yes
More Retail,Apr 26,Baby / Baby Hygiene / Baby Moisturizer,33.4215,1.1224,Baby Care,3.3582,More_MS (sub-class level),Sub-Class,Sub-categories where Honasa sells (to May 26),Yes
More Retail,Apr 26,Baby / Baby Hygiene / Baby Powder,34.4526,0.4136,Baby Care,1.2005,More_MS (sub-class level),Sub-Class,Sub-categories where Honasa sells (to May 26),Yes
More Retail,Apr 26,Baby / Baby Hygiene / Baby Shampoo,33.727,0.7683,Baby Care,2.2779,More_MS (sub-class level),Sub-Class,Sub-categories where Honasa sells (to May 26),Yes
More Retail,Apr 26,Baby / Baby Hygiene / Baby Soap,24.9863,2.0707,Baby Care,8.2873,More_MS (sub-class level),Sub-Class,Sub-categories where Honasa sells (to May 26),Yes
More Retail,Apr 26,Baby / Baby Hygiene / Baby Toothbrush,0.0,0.0,Baby Care,,More_MS (sub-class level),Sub-Class,Sub-categories where Honasa sells (to May 26),Yes
More Retail,Apr 26,Baby / Baby Hygiene / Baby Wash,15.8347,0.2177,Baby Care,1.3748,More_MS (sub-class level),Sub-Class,Sub-categories where Honasa sells (to May 26),Yes
More Retail,Apr 26,Baby / Baby Hygiene / Others,0.5097,0.0204,Baby Care,4.0024,More_MS (sub-class level),Sub-Class,Sub-categories where Honasa sells (to May 26),Yes
More Retail,Apr 26,Hair Care / Conditioner,78.8877,0.4232,Conditioner,0.5364,More_MS (class level),Category,Sub-categories where Honasa sells (to May 26),Yes
More Retail,Apr 26,Hair Care / Conditioner / Rinsing Off,78.8877,0.4232,Conditioner,0.5364,More_MS (sub-class level),Sub-Class,Sub-categories where Honasa sells (to May 26),Yes
More Retail,Apr 26,Hair Care / Hair Oil,14.6955,0.623,Hair Oil,4.2395,More_MS (class level),Category,Sub-categories where Honasa sells (to May 26),Yes
More Retail,Apr 26,Hair Care / Hair Oil / Others,14.6955,0.623,Hair Oil,4.2395,More_MS (sub-class level),Sub-Class,Sub-categories where Honasa sells (to May 26),Yes
More Retail,Apr 26,Hair Care / Shampoo,71.9179,5.2293,Shampoo,7.2711,More_MS (class level),Category,Sub-categories where Honasa sells (to May 26),Yes
More Retail,Apr 26,Hair Care / Shampoo / Functional Shampoo,0.0,0.0,Shampoo,,More_MS (sub-class level),Sub-Class,Sub-categories where Honasa sells (to May 26),Yes
More Retail,Apr 26,Hair Care / Shampoo / Herbal Shampoo,71.9179,5.2293,Shampoo,7.2711,More_MS (sub-class level),Sub-Class,Sub-categories where Honasa sells (to May 26),Yes
More Retail,Apr 26,Hair Care / Shampoo / Premium Beauty,0.0,0.0,Shampoo,,More_MS (sub-class level),Sub-Class,Sub-categories where Honasa sells (to May 26),Yes
More Retail,Apr 26,Hair Care / Shampoo / Regular Shampoo,0.0,0.0,Shampoo,,More_MS (sub-class level),Sub-Class,Sub-categories where Honasa sells (to May 26),Yes
More Retail,Apr 26,Hair Care / Treatment & Styling,41.0528,0.0489,Hair Treatment & Styling,0.119,More_MS (class level),Category,Sub-categories where Honasa sells (to May 26),No
More Retail,Apr 26,Hair Care / Treatment & Styling / Mousse Serum & Cream,41.0528,0.0489,Face Serum & Treatment,0.119,More_MS (sub-class level),Sub-Class,Sub-categories where Honasa sells (to May 26),Yes
More Retail,Apr 26,Insecticide / Repellant / Fly Insecticide / Repellant,39.752,0.4183,Other,1.0522,More_MS (class level),Category,Sub-categories where Honasa sells (to May 26),No
More Retail,Apr 26,Insecticide / Repellant / Fly Insecticide / Repellant / Spray FIK,39.752,0.4183,Hair Treatment & Styling,1.0522,More_MS (sub-class level),Sub-Class,Sub-categories where Honasa sells (to May 26),No
More Retail,Apr 26,Insecticide / Repellant / Multi-function Insecticide / Repellant,6.4835,0.0039,Other,0.0597,More_MS (class level),Category,Sub-categories where Honasa sells (to May 26),No
More Retail,Apr 26,Insecticide / Repellant / Multi-function Insecticide / Repellant / Others,6.4835,0.0039,Other,0.0597,More_MS (sub-class level),Sub-Class,Sub-categories where Honasa sells (to May 26),No
More Retail,Apr 26,OTC / Pain & Relief,6.241,0.2121,Other,3.3986,More_MS (class level),Category,Sub-categories where Honasa sells (to May 26),No
More Retail,Apr 26,OTC / Pain & Relief / Cough and Cold,6.241,0.2121,Other,3.3986,More_MS (sub-class level),Sub-Class,Sub-categories where Honasa sells (to May 26),No
More Retail,Apr 26,Oral Care / Tooth Paste,14.6131,1.1302,Oral Care,7.7344,More_MS (class level),Category,Sub-categories where Honasa sells (to May 26),No
More Retail,Apr 26,Oral Care / Tooth Paste / Kids Toothpaste,14.6131,1.1302,Oral Care,7.7344,More_MS (sub-class level),Sub-Class,Sub-categories where Honasa sells (to May 26),No
More Retail,Apr 26,Personal Wash / Soap,246.7179,1.514,Body Wash & Soap,0.6137,More_MS (class level),Category,Sub-categories where Honasa sells (to May 26),Yes
More Retail,Apr 26,Personal Wash / Soap / Premium Soap,246.7179,1.514,Body Wash & Soap,0.6137,More_MS (sub-class level),Sub-Class,Sub-categories where Honasa sells (to May 26),Yes
More Retail,Apr 26,Skin Care / Body Care,151.8041,1.2357,Body Lotion & Care,0.814,More_MS (class level),Category,Sub-categories where Honasa sells (to May 26),Yes
More Retail,Apr 26,Skin Care / Body Care / Cream & Lotion Body,151.8041,1.2357,Body Lotion & Care,0.814,More_MS (sub-class level),Sub-Class,Sub-categories where Honasa sells (to May 26),Yes
More Retail,Apr 26,Skin Care / Body Care / Others,0.0,0.0,Body Lotion & Care,,More_MS (sub-class level),Sub-Class,Sub-categories where Honasa sells (to May 26),Yes
More Retail,Apr 26,Skin Care / Face Care,183.9995,22.4173,Face Moisturiser & Cream,12.1834,More_MS (class level),Category,Sub-categories where Honasa sells (to May 26),Yes
More Retail,Apr 26,Skin Care / Face Care / Cream & Lotion Body,74.0073,0.018,Body Lotion & Care,0.0243,More_MS (sub-class level),Sub-Class,Sub-categories where Honasa sells (to May 26),Yes
More Retail,Apr 26,Skin Care / Face Care / Fairness,0.0,0.0,Face Moisturiser & Cream,,More_MS (sub-class level),Sub-Class,Sub-categories where Honasa sells (to May 26),Yes
More Retail,Apr 26,Skin Care / Face Care / Moisturising,23.1304,0.6168,Face Moisturiser & Cream,2.6668,More_MS (sub-class level),Sub-Class,Sub-categories where Honasa sells (to May 26),Yes
More Retail,Apr 26,Skin Care / Face Care / Others,22.3934,8.2371,Face Moisturiser & Cream,36.7837,More_MS (sub-class level),Sub-Class,Sub-categories where Honasa sells (to May 26),Yes
More Retail,Apr 26,Skin Care / Face Care / Sunscreen,64.4684,13.5454,Sun Care,21.0109,More_MS (sub-class level),Sub-Class,Sub-categories where Honasa sells (to May 26),Yes
More Retail,Apr 26,Skin Care / Facial Cleanser,139.6074,18.8153,Face Wash & Cleanser,13.4773,More_MS (class level),Category,Sub-categories where Honasa sells (to May 26),Yes
More Retail,Apr 26,Skin Care / Facial Cleanser / Facewashes,131.0936,18.6434,Face Wash & Cleanser,14.2214,More_MS (sub-class level),Sub-Class,Sub-categories where Honasa sells (to May 26),Yes
More Retail,Apr 26,Skin Care / Facial Cleanser / Mask/ pack,8.5138,0.1719,Face Wash & Cleanser,2.0193,More_MS (sub-class level),Sub-Class,Sub-categories where Honasa sells (to May 26),Yes
More Retail,May 26,Baby / Baby Hygiene,207.1977,5.7242,Baby Care,2.7627,More_MS (class level),Category,Sub-categories where Honasa sells (to May 26),Yes
More Retail,May 26,Baby / Baby Hygiene / Baby Hair Oil,4.7419,0.4251,Baby Care,8.9646,More_MS (sub-class level),Sub-Class,Sub-categories where Honasa sells (to May 26),Yes
More Retail,May 26,Baby / Baby Hygiene / Baby Massage Oil,17.2364,0.0129,Baby Care,0.0748,More_MS (sub-class level),Sub-Class,Sub-categories where Honasa sells (to May 26),Yes
More Retail,May 26,Baby / Baby Hygiene / Baby Moisturizer,45.6714,1.0279,Baby Care,2.2506,More_MS (sub-class level),Sub-Class,Sub-categories where Honasa sells (to May 26),Yes
More Retail,May 26,Baby / Baby Hygiene / Baby Powder,35.492,0.2203,Baby Care,0.6208,More_MS (sub-class level),Sub-Class,Sub-categories where Honasa sells (to May 26),Yes
More Retail,May 26,Baby / Baby Hygiene / Baby Shampoo,42.8586,1.3379,Baby Care,3.1216,More_MS (sub-class level),Sub-Class,Sub-categories where Honasa sells (to May 26),Yes
More Retail,May 26,Baby / Baby Hygiene / Baby Soap,41.0291,2.439,Baby Care,5.9445,More_MS (sub-class level),Sub-Class,Sub-categories where Honasa sells (to May 26),Yes
More Retail,May 26,Baby / Baby Hygiene / Baby Toothbrush,0.0,0.0,Baby Care,,More_MS (sub-class level),Sub-Class,Sub-categories where Honasa sells (to May 26),Yes
More Retail,May 26,Baby / Baby Hygiene / Baby Wash,19.5708,0.2105,Baby Care,1.0757,More_MS (sub-class level),Sub-Class,Sub-categories where Honasa sells (to May 26),Yes
More Retail,May 26,Baby / Baby Hygiene / Others,0.5975,0.0507,Baby Care,8.4822,More_MS (sub-class level),Sub-Class,Sub-categories where Honasa sells (to May 26),Yes
More Retail,May 26,Hair Care / Conditioner,85.9926,0.3875,Conditioner,0.4506,More_MS (class level),Category,Sub-categories where Honasa sells (to May 26),Yes
More Retail,May 26,Hair Care / Conditioner / Rinsing Off,85.9926,0.3875,Conditioner,0.4506,More_MS (sub-class level),Sub-Class,Sub-categories where Honasa sells (to May 26),Yes
More Retail,May 26,Hair Care / Hair Oil,16.1074,1.9181,Hair Oil,11.9083,More_MS (class level),Category,Sub-categories where Honasa sells (to May 26),Yes
More Retail,May 26,Hair Care / Hair Oil / Others,16.1074,1.9181,Hair Oil,11.9083,More_MS (sub-class level),Sub-Class,Sub-categories where Honasa sells (to May 26),Yes
More Retail,May 26,Hair Care / Shampoo,77.6633,5.6995,Shampoo,7.3387,More_MS (class level),Category,Sub-categories where Honasa sells (to May 26),Yes
More Retail,May 26,Hair Care / Shampoo / Functional Shampoo,0.0,0.0,Shampoo,,More_MS (sub-class level),Sub-Class,Sub-categories where Honasa sells (to May 26),Yes
More Retail,May 26,Hair Care / Shampoo / Herbal Shampoo,77.6633,5.6995,Shampoo,7.3387,More_MS (sub-class level),Sub-Class,Sub-categories where Honasa sells (to May 26),Yes
More Retail,May 26,Hair Care / Shampoo / Premium Beauty,0.0,0.0,Shampoo,,More_MS (sub-class level),Sub-Class,Sub-categories where Honasa sells (to May 26),Yes
More Retail,May 26,Hair Care / Shampoo / Regular Shampoo,0.0,0.0,Shampoo,,More_MS (sub-class level),Sub-Class,Sub-categories where Honasa sells (to May 26),Yes
More Retail,May 26,Hair Care / Treatment & Styling,49.3859,0.0424,Hair Treatment & Styling,0.086,More_MS (class level),Category,Sub-categories where Honasa sells (to May 26),No
More Retail,May 26,Hair Care / Treatment & Styling / Mousse Serum & Cream,49.3859,0.0424,Face Serum & Treatment,0.086,More_MS (sub-class level),Sub-Class,Sub-categories where Honasa sells (to May 26),Yes
More Retail,May 26,Insecticide / Repellant / Fly Insecticide / Repellant,40.3972,0.2182,Other,0.5401,More_MS (class level),Category,Sub-categories where Honasa sells (to May 26),No
More Retail,May 26,Insecticide / Repellant / Fly Insecticide / Repellant / Spray FIK,40.3972,0.2182,Hair Treatment & Styling,0.5401,More_MS (sub-class level),Sub-Class,Sub-categories where Honasa sells (to May 26),No
More Retail,May 26,Insecticide / Repellant / Multi-function Insecticide / Repellant,4.3996,0.0025,Other,0.0561,More_MS (class level),Category,Sub-categories where Honasa sells (to May 26),No
More Retail,May 26,Insecticide / Repellant / Multi-function Insecticide / Repellant / Others,4.3996,0.0025,Other,0.0561,More_MS (sub-class level),Sub-Class,Sub-categories where Honasa sells (to May 26),No
More Retail,May 26,OTC / Pain & Relief,6.2625,0.1609,Other,2.5687,More_MS (class level),Category,Sub-categories where Honasa sells (to May 26),No
More Retail,May 26,OTC / Pain & Relief / Cough and Cold,6.2625,0.1609,Other,2.5687,More_MS (sub-class level),Sub-Class,Sub-categories where Honasa sells (to May 26),No
More Retail,May 26,Oral Care / Tooth Paste,14.3689,0.7203,Oral Care,5.0131,More_MS (class level),Category,Sub-categories where Honasa sells (to May 26),No
More Retail,May 26,Oral Care / Tooth Paste / Kids Toothpaste,14.3689,0.7203,Oral Care,5.0131,More_MS (sub-class level),Sub-Class,Sub-categories where Honasa sells (to May 26),No
More Retail,May 26,Personal Wash / Soap,221.7306,1.7768,Body Wash & Soap,0.8013,More_MS (class level),Category,Sub-categories where Honasa sells (to May 26),Yes
More Retail,May 26,Personal Wash / Soap / Premium Soap,221.7306,1.7768,Body Wash & Soap,0.8013,More_MS (sub-class level),Sub-Class,Sub-categories where Honasa sells (to May 26),Yes
More Retail,May 26,Skin Care / Body Care,214.047,0.9097,Body Lotion & Care,0.425,More_MS (class level),Category,Sub-categories where Honasa sells (to May 26),Yes
More Retail,May 26,Skin Care / Body Care / Cream & Lotion Body,214.047,0.9097,Body Lotion & Care,0.425,More_MS (sub-class level),Sub-Class,Sub-categories where Honasa sells (to May 26),Yes
More Retail,May 26,Skin Care / Body Care / Others,0.0,0.0,Body Lotion & Care,,More_MS (sub-class level),Sub-Class,Sub-categories where Honasa sells (to May 26),Yes
More Retail,May 26,Skin Care / Face Care,147.5398,27.3819,Face Moisturiser & Cream,18.559,More_MS (class level),Category,Sub-categories where Honasa sells (to May 26),Yes
More Retail,May 26,Skin Care / Face Care / Cream & Lotion Body,48.7353,0.017,Body Lotion & Care,0.035,More_MS (sub-class level),Sub-Class,Sub-categories where Honasa sells (to May 26),Yes
More Retail,May 26,Skin Care / Face Care / Fairness,0.0,0.0,Face Moisturiser & Cream,,More_MS (sub-class level),Sub-Class,Sub-categories where Honasa sells (to May 26),Yes
More Retail,May 26,Skin Care / Face Care / Moisturising,24.0646,0.6306,Face Moisturiser & Cream,2.6203,More_MS (sub-class level),Sub-Class,Sub-categories where Honasa sells (to May 26),Yes
More Retail,May 26,Skin Care / Face Care / Others,12.3777,9.2993,Face Moisturiser & Cream,75.1294,More_MS (sub-class level),Sub-Class,Sub-categories where Honasa sells (to May 26),Yes
More Retail,May 26,Skin Care / Face Care / Sunscreen,62.3623,17.435,Sun Care,27.9576,More_MS (sub-class level),Sub-Class,Sub-categories where Honasa sells (to May 26),Yes
More Retail,May 26,Skin Care / Facial Cleanser,148.0246,26.3246,Face Wash & Cleanser,17.784,More_MS (class level),Category,Sub-categories where Honasa sells (to May 26),Yes
More Retail,May 26,Skin Care / Facial Cleanser / Facewashes,140.926,26.1614,Face Wash & Cleanser,18.5639,More_MS (sub-class level),Sub-Class,Sub-categories where Honasa sells (to May 26),Yes
More Retail,May 26,Skin Care / Facial Cleanser / Mask/ pack,7.0985,0.1632,Face Wash & Cleanser,2.2995,More_MS (sub-class level),Sub-Class,Sub-categories where Honasa sells (to May 26),Yes
More Retail,Jun 26,Baby / Baby Hygiene,175.8574,4.9935,Baby Care,2.8395,More_MS (class level),Category,Full account category report (from Jun 26),Yes
More Retail,Jun 26,Baby / Baby Hygiene / Baby Hair Oil,3.6538,0.4912,Baby Care,13.443,More_MS (sub-class level),Sub-Class,Full account category report (from Jun 26),Yes
More Retail,Jun 26,Baby / Baby Hygiene / Baby Massage Oil,14.1055,0.0657,Baby Care,0.4658,More_MS (sub-class level),Sub-Class,Full account category report (from Jun 26),Yes
More Retail,Jun 26,Baby / Baby Hygiene / Baby Moisturizer,28.5139,1.2448,Baby Care,4.3655,More_MS (sub-class level),Sub-Class,Full account category report (from Jun 26),Yes
More Retail,Jun 26,Baby / Baby Hygiene / Baby Powder,27.0526,0.2526,Baby Care,0.9338,More_MS (sub-class level),Sub-Class,Full account category report (from Jun 26),Yes
More Retail,Jun 26,Baby / Baby Hygiene / Baby Shampoo,52.1637,0.2796,Baby Care,0.536,More_MS (sub-class level),Sub-Class,Full account category report (from Jun 26),Yes
More Retail,Jun 26,Baby / Baby Hygiene / Baby Soap,26.4719,2.0856,Baby Care,7.8785,More_MS (sub-class level),Sub-Class,Full account category report (from Jun 26),Yes
More Retail,Jun 26,Baby / Baby Hygiene / Baby Toothbrush,2.5863,0.4586,Baby Care,17.7335,More_MS (sub-class level),Sub-Class,Full account category report (from Jun 26),Yes
More Retail,Jun 26,Baby / Baby Hygiene / Baby Wash,17.3405,0.0276,Baby Care,0.1593,More_MS (sub-class level),Sub-Class,Full account category report (from Jun 26),Yes
More Retail,Jun 26,Baby / Baby Hygiene / Others,0.5277,0.0877,Baby Care,16.6177,More_MS (sub-class level),Sub-Class,Full account category report (from Jun 26),Yes
More Retail,Jun 26,Hair Care / Conditioner,79.7809,0.3929,Conditioner,0.4925,More_MS (class level),Category,Full account category report (from Jun 26),Yes
More Retail,Jun 26,Hair Care / Conditioner / Rinsing Off,73.8649,0.3929,Conditioner,0.5319,More_MS (sub-class level),Sub-Class,Full account category report (from Jun 26),Yes
More Retail,Jun 26,Hair Care / Hair Oil,358.6082,0.7523,Hair Oil,0.2098,More_MS (class level),Category,Full account category report (from Jun 26),Yes
More Retail,Jun 26,Hair Care / Hair Oil / Others,13.2267,0.7523,Hair Oil,5.6877,More_MS (sub-class level),Sub-Class,Full account category report (from Jun 26),Yes
More Retail,Jun 26,Hair Care / Shampoo,852.2964,6.5174,Shampoo,0.7647,More_MS (class level),Category,Full account category report (from Jun 26),Yes
More Retail,Jun 26,Hair Care / Shampoo / Functional Shampoo,5.1952,1.2421,Shampoo,23.9093,More_MS (sub-class level),Sub-Class,Full account category report (from Jun 26),Yes
More Retail,Jun 26,Hair Care / Shampoo / Herbal Shampoo,71.389,0.0,Shampoo,0.0,More_MS (sub-class level),Sub-Class,Full account category report (from Jun 26),Yes
More Retail,Jun 26,Hair Care / Shampoo / Premium Beauty,480.2915,2.6406,Shampoo,0.5498,More_MS (sub-class level),Sub-Class,Full account category report (from Jun 26),Yes
More Retail,Jun 26,Hair Care / Shampoo / Regular Shampoo,6.3096,2.6347,Shampoo,41.7565,More_MS (sub-class level),Sub-Class,Full account category report (from Jun 26),Yes
More Retail,Jun 26,Hair Care / Treatment & Styling,56.129,4.3854,Hair Treatment & Styling,7.813,More_MS (class level),Category,Full account category report (from Jun 26),No
More Retail,Jun 26,Hair Care / Treatment & Styling / Mousse Serum & Cream,43.3243,4.3854,Face Serum & Treatment,10.1222,More_MS (sub-class level),Sub-Class,Full account category report (from Jun 26),Yes
More Retail,Jun 26,Insecticide / Repellant / Fly Insecticide / Repellant,262.7435,0.006,Other,0.0023,More_MS (class level),Category,Full account category report (from Jun 26),No
More Retail,Jun 26,Insecticide / Repellant / Fly Insecticide / Repellant / Spray FIK,32.7565,0.006,Hair Treatment & Styling,0.0183,More_MS (sub-class level),Sub-Class,Full account category report (from Jun 26),No
More Retail,Jun 26,Insecticide / Repellant / Multi-function Insecticide / Repellant,11.2236,0.0012,Other,0.011,More_MS (class level),Category,Full account category report (from Jun 26),No
More Retail,Jun 26,Insecticide / Repellant / Multi-function Insecticide / Repellant / Others,4.1763,0.0012,Other,0.0295,More_MS (sub-class level),Sub-Class,Full account category report (from Jun 26),No
More Retail,Jun 26,OTC / Pain & Relief,47.8396,0.14,Other,0.2927,More_MS (class level),Category,Full account category report (from Jun 26),No
More Retail,Jun 26,OTC / Pain & Relief / Cough and Cold,6.7743,0.14,Other,2.0667,More_MS (sub-class level),Sub-Class,Full account category report (from Jun 26),No
More Retail,Jun 26,Oral Care / Tooth Paste,507.0083,0.3598,Oral Care,0.071,More_MS (class level),Category,Full account category report (from Jun 26),No
More Retail,Jun 26,Oral Care / Tooth Paste / Kids Toothpaste,14.0549,0.3598,Oral Care,2.5599,More_MS (sub-class level),Sub-Class,Full account category report (from Jun 26),No
More Retail,Jun 26,Personal Wash / Soap,655.4419,1.722,Body Wash & Soap,0.2627,More_MS (class level),Category,Full account category report (from Jun 26),Yes
More Retail,Jun 26,Personal Wash / Soap / Premium Soap,225.7571,1.722,Body Wash & Soap,0.7628,More_MS (sub-class level),Sub-Class,Full account category report (from Jun 26),Yes
More Retail,Jun 26,Skin Care / Body Care,138.0401,2.7058,Body Lotion & Care,1.9602,More_MS (class level),Category,Full account category report (from Jun 26),Yes
More Retail,Jun 26,Skin Care / Body Care / Cream & Lotion Body,106.6079,0.6413,Body Lotion & Care,0.6015,More_MS (sub-class level),Sub-Class,Full account category report (from Jun 26),Yes
More Retail,Jun 26,Skin Care / Body Care / Others,4.7546,2.0645,Body Lotion & Care,43.422,More_MS (sub-class level),Sub-Class,Full account category report (from Jun 26),Yes
More Retail,Jun 26,Skin Care / Face Care,713.5017,13.4282,Face Moisturiser & Cream,1.882,More_MS (class level),Category,Full account category report (from Jun 26),Yes
More Retail,Jun 26,Skin Care / Face Care / Cream & Lotion Body,41.0555,2.7015,Body Lotion & Care,6.5801,More_MS (sub-class level),Sub-Class,Full account category report (from Jun 26),Yes
More Retail,Jun 26,Skin Care / Face Care / Fairness,556.4424,0.4881,Face Moisturiser & Cream,0.0877,More_MS (sub-class level),Sub-Class,Full account category report (from Jun 26),Yes
More Retail,Jun 26,Skin Care / Face Care / Moisturising,18.9635,0.0542,Face Moisturiser & Cream,0.2858,More_MS (sub-class level),Sub-Class,Full account category report (from Jun 26),Yes
More Retail,Jun 26,Skin Care / Face Care / Others,10.321,0.0223,Face Moisturiser & Cream,0.2161,More_MS (sub-class level),Sub-Class,Full account category report (from Jun 26),Yes
More Retail,Jun 26,Skin Care / Face Care / Sunscreen,43.1147,10.1621,Sun Care,23.5699,More_MS (sub-class level),Sub-Class,Full account category report (from Jun 26),Yes
More Retail,Jun 26,Skin Care / Facial Cleanser,200.0572,22.5693,Face Wash & Cleanser,11.2814,More_MS (class level),Category,Full account category report (from Jun 26),Yes
More Retail,Jun 26,Skin Care / Facial Cleanser / Facewashes,133.5764,22.4669,Face Wash & Cleanser,16.8195,More_MS (sub-class level),Sub-Class,Full account category report (from Jun 26),Yes
More Retail,Jun 26,Skin Care / Facial Cleanser / Mask/ pack,6.5319,0.1024,Face Wash & Cleanser,1.5682,More_MS (sub-class level),Sub-Class,Full account category report (from Jun 26),Yes
More Retail,Jul 26,Baby / Baby Hygiene,110.9025,4.6714,Baby Care,4.2122,More_MS (class level),Category,Full account category report (from Jun 26),Yes
More Retail,Jul 26,Baby / Baby Hygiene / Baby Hair Oil,3.5628,0.4474,Baby Care,12.5582,More_MS (sub-class level),Sub-Class,Full account category report (from Jun 26),Yes
More Retail,Jul 26,Baby / Baby Hygiene / Baby Massage Oil,5.2575,0.0278,Baby Care,0.5288,More_MS (sub-class level),Sub-Class,Full account category report (from Jun 26),Yes
More Retail,Jul 26,Baby / Baby Hygiene / Baby Moisturizer,24.7393,1.2827,Baby Care,5.1849,More_MS (sub-class level),Sub-Class,Full account category report (from Jun 26),Yes
More Retail,Jul 26,Baby / Baby Hygiene / Baby Powder,9.0539,0.2212,Baby Care,2.4431,More_MS (sub-class level),Sub-Class,Full account category report (from Jun 26),Yes
More Retail,Jul 26,Baby / Baby Hygiene / Baby Shampoo,22.9724,0.1931,Baby Care,0.8407,More_MS (sub-class level),Sub-Class,Full account category report (from Jun 26),Yes
More Retail,Jul 26,Baby / Baby Hygiene / Baby Soap,24.3622,1.7807,Baby Care,7.3094,More_MS (sub-class level),Sub-Class,Full account category report (from Jun 26),Yes
More Retail,Jul 26,Baby / Baby Hygiene / Baby Toothbrush,2.8409,0.6442,Baby Care,22.6778,More_MS (sub-class level),Sub-Class,Full account category report (from Jun 26),Yes
More Retail,Jul 26,Baby / Baby Hygiene / Baby Wash,14.26,0.0167,Baby Care,0.1169,More_MS (sub-class level),Sub-Class,Full account category report (from Jun 26),Yes
More Retail,Jul 26,Baby / Baby Hygiene / Others,0.6188,0.0575,Baby Care,9.296,More_MS (sub-class level),Sub-Class,Full account category report (from Jun 26),Yes
More Retail,Jul 26,Hair Care / Conditioner,119.1842,0.4009,Conditioner,0.3363,More_MS (class level),Category,Full account category report (from Jun 26),Yes
More Retail,Jul 26,Hair Care / Conditioner / Rinsing Off,71.6856,0.4009,Conditioner,0.5592,More_MS (sub-class level),Sub-Class,Full account category report (from Jun 26),Yes
More Retail,Jul 26,Hair Care / Hair Oil,312.3392,0.7144,Hair Oil,0.2287,More_MS (class level),Category,Full account category report (from Jun 26),Yes
More Retail,Jul 26,Hair Care / Hair Oil / Others,10.5248,0.7144,Hair Oil,6.7874,More_MS (sub-class level),Sub-Class,Full account category report (from Jun 26),Yes
More Retail,Jul 26,Hair Care / Shampoo,431.5598,6.204,Shampoo,1.4376,More_MS (class level),Category,Full account category report (from Jun 26),Yes
More Retail,Jul 26,Hair Care / Shampoo / Functional Shampoo,4.6088,0.9801,Shampoo,21.2651,More_MS (sub-class level),Sub-Class,Full account category report (from Jun 26),Yes
More Retail,Jul 26,Hair Care / Shampoo / Herbal Shampoo,67.149,0.0,Shampoo,0.0,More_MS (sub-class level),Sub-Class,Full account category report (from Jun 26),Yes
More Retail,Jul 26,Hair Care / Shampoo / Premium Beauty,223.7687,2.7089,Shampoo,1.2106,More_MS (sub-class level),Sub-Class,Full account category report (from Jun 26),Yes
More Retail,Jul 26,Hair Care / Shampoo / Regular Shampoo,5.9584,2.515,Shampoo,42.2102,More_MS (sub-class level),Sub-Class,Full account category report (from Jun 26),Yes
More Retail,Jul 26,Hair Care / Treatment & Styling,53.9902,3.8931,Hair Treatment & Styling,7.2108,More_MS (class level),Category,Full account category report (from Jun 26),No
More Retail,Jul 26,Hair Care / Treatment & Styling / Mousse Serum & Cream,39.6813,3.8931,Face Serum & Treatment,9.8109,More_MS (sub-class level),Sub-Class,Full account category report (from Jun 26),Yes
More Retail,Jul 26,Insecticide / Repellant / Fly Insecticide / Repellant,252.6425,0.0043,Other,0.0017,More_MS (class level),Category,Full account category report (from Jun 26),No
More Retail,Jul 26,Insecticide / Repellant / Fly Insecticide / Repellant / Spray FIK,34.4217,0.0043,Hair Treatment & Styling,0.0125,More_MS (sub-class level),Sub-Class,Full account category report (from Jun 26),No
More Retail,Jul 26,Insecticide / Repellant / Multi-function Insecticide / Repellant,0.0,0.0,Other,,More_MS (class level),Category,Full account category report (from Jun 26),No
More Retail,Jul 26,Insecticide / Repellant / Multi-function Insecticide / Repellant / Others,0.0,0.0,Other,,More_MS (sub-class level),Sub-Class,Full account category report (from Jun 26),No
More Retail,Jul 26,OTC / Pain & Relief,45.2864,0.1261,Other,0.2784,More_MS (class level),Category,Full account category report (from Jun 26),No
More Retail,Jul 26,OTC / Pain & Relief / Cough and Cold,6.7878,0.1261,Other,1.8577,More_MS (sub-class level),Sub-Class,Full account category report (from Jun 26),No
More Retail,Jul 26,Oral Care / Tooth Paste,563.6861,0.2897,Oral Care,0.0514,More_MS (class level),Category,Full account category report (from Jun 26),No
More Retail,Jul 26,Oral Care / Tooth Paste / Kids Toothpaste,14.107,0.2897,Oral Care,2.0533,More_MS (sub-class level),Sub-Class,Full account category report (from Jun 26),No
More Retail,Jul 26,Personal Wash / Soap,743.083,1.6093,Body Wash & Soap,0.2166,More_MS (class level),Category,Full account category report (from Jun 26),Yes
More Retail,Jul 26,Personal Wash / Soap / Premium Soap,198.4025,1.6093,Body Wash & Soap,0.8111,More_MS (sub-class level),Sub-Class,Full account category report (from Jun 26),Yes
More Retail,Jul 26,Skin Care / Body Care,251.8875,2.0653,Body Lotion & Care,0.8199,More_MS (class level),Category,Full account category report (from Jun 26),Yes
More Retail,Jul 26,Skin Care / Body Care / Cream & Lotion Body,229.2654,0.7502,Body Lotion & Care,0.3272,More_MS (sub-class level),Sub-Class,Full account category report (from Jun 26),Yes
More Retail,Jul 26,Skin Care / Body Care / Others,2.6129,1.3151,Body Lotion & Care,50.3296,More_MS (sub-class level),Sub-Class,Full account category report (from Jun 26),Yes
More Retail,Jul 26,Skin Care / Face Care,509.8056,10.0835,Face Moisturiser & Cream,1.9779,More_MS (class level),Category,Full account category report (from Jun 26),Yes
More Retail,Jul 26,Skin Care / Face Care / Cream & Lotion Body,32.3228,2.6463,Body Lotion & Care,8.1871,More_MS (sub-class level),Sub-Class,Full account category report (from Jun 26),Yes
More Retail,Jul 26,Skin Care / Face Care / Fairness,378.5457,0.5297,Face Moisturiser & Cream,0.1399,More_MS (sub-class level),Sub-Class,Full account category report (from Jun 26),Yes
More Retail,Jul 26,Skin Care / Face Care / Moisturising,17.3399,0.0457,Face Moisturiser & Cream,0.2634,More_MS (sub-class level),Sub-Class,Full account category report (from Jun 26),Yes
More Retail,Jul 26,Skin Care / Face Care / Others,10.849,0.0547,Face Moisturiser & Cream,0.5045,More_MS (sub-class level),Sub-Class,Full account category report (from Jun 26),Yes
More Retail,Jul 26,Skin Care / Face Care / Sunscreen,33.8379,6.8071,Sun Care,20.1167,More_MS (sub-class level),Sub-Class,Full account category report (from Jun 26),Yes
More Retail,Jul 26,Skin Care / Facial Cleanser,183.4219,21.9054,Face Wash & Cleanser,11.9426,More_MS (class level),Category,Full account category report (from Jun 26),Yes
More Retail,Jul 26,Skin Care / Facial Cleanser / Facewashes,120.4973,21.7987,Face Wash & Cleanser,18.0906,More_MS (sub-class level),Sub-Class,Full account category report (from Jun 26),Yes
More Retail,Jul 26,Skin Care / Facial Cleanser / Mask/ pack,6.1318,0.1067,Face Wash & Cleanser,1.7407,More_MS (sub-class level),Sub-Class,Full account category report (from Jun 26),Yes
More Retail,Aug 26,Baby / Baby Hygiene,174.9409,3.142,Baby Care,1.796,More_MS (class level),Category,Full account category report (from Jun 26),Yes
More Retail,Aug 26,Baby / Baby Hygiene / Baby Hair Oil,2.7616,0.1556,Baby Care,5.6329,More_MS (sub-class level),Sub-Class,Full account category report (from Jun 26),Yes
More Retail,Aug 26,Baby / Baby Hygiene / Baby Massage Oil,23.4668,0.0038,Baby Care,0.0161,More_MS (sub-class level),Sub-Class,Full account category report (from Jun 26),Yes
More Retail,Aug 26,Baby / Baby Hygiene / Baby Moisturizer,46.3191,0.6768,Baby Care,1.4612,More_MS (sub-class level),Sub-Class,Full account category report (from Jun 26),Yes
More Retail,Aug 26,Baby / Baby Hygiene / Baby Powder,15.8173,0.1235,Baby Care,0.7805,More_MS (sub-class level),Sub-Class,Full account category report (from Jun 26),Yes
More Retail,Aug 26,Baby / Baby Hygiene / Baby Shampoo,49.3811,0.1162,Baby Care,0.2353,More_MS (sub-class level),Sub-Class,Full account category report (from Jun 26),Yes
More Retail,Aug 26,Baby / Baby Hygiene / Baby Soap,21.6682,1.6008,Baby Care,7.3879,More_MS (sub-class level),Sub-Class,Full account category report (from Jun 26),Yes
More Retail,Aug 26,Baby / Baby Hygiene / Baby Toothbrush,3.12,0.4412,Baby Care,14.1402,More_MS (sub-class level),Sub-Class,Full account category report (from Jun 26),Yes
More Retail,Aug 26,Baby / Baby Hygiene / Baby Wash,9.0944,0.0,Baby Care,0.0,More_MS (sub-class level),Sub-Class,Full account category report (from Jun 26),Yes
More Retail,Aug 26,Baby / Baby Hygiene / Others,0.342,0.0242,Baby Care,7.0783,More_MS (sub-class level),Sub-Class,Full account category report (from Jun 26),Yes
More Retail,Aug 26,Hair Care / Conditioner,176.0075,0.2194,Conditioner,0.1247,More_MS (class level),Category,Full account category report (from Jun 26),Yes
More Retail,Aug 26,Hair Care / Conditioner / Rinsing Off,58.6715,0.2194,Conditioner,0.374,More_MS (sub-class level),Sub-Class,Full account category report (from Jun 26),Yes
More Retail,Aug 26,Hair Care / Hair Oil,268.2143,0.6146,Hair Oil,0.2292,More_MS (class level),Category,Full account category report (from Jun 26),Yes
More Retail,Aug 26,Hair Care / Hair Oil / Others,9.2681,0.6146,Hair Oil,6.6316,More_MS (sub-class level),Sub-Class,Full account category report (from Jun 26),Yes
More Retail,Aug 26,Hair Care / Shampoo,444.1302,5.6774,Shampoo,1.2783,More_MS (class level),Category,Full account category report (from Jun 26),Yes
More Retail,Aug 26,Hair Care / Shampoo / Functional Shampoo,3.328,0.6661,Shampoo,20.016,More_MS (sub-class level),Sub-Class,Full account category report (from Jun 26),Yes
More Retail,Aug 26,Hair Care / Shampoo / Herbal Shampoo,61.7142,0.0,Shampoo,0.0,More_MS (sub-class level),Sub-Class,Full account category report (from Jun 26),Yes
More Retail,Aug 26,Hair Care / Shampoo / Premium Beauty,172.2831,2.5114,Shampoo,1.4577,More_MS (sub-class level),Sub-Class,Full account category report (from Jun 26),Yes
More Retail,Aug 26,Hair Care / Shampoo / Regular Shampoo,5.7972,2.4999,Shampoo,43.1219,More_MS (sub-class level),Sub-Class,Full account category report (from Jun 26),Yes
More Retail,Aug 26,Hair Care / Treatment & Styling,46.3217,2.5109,Hair Treatment & Styling,5.4205,More_MS (class level),Category,Full account category report (from Jun 26),No
More Retail,Aug 26,Hair Care / Treatment & Styling / Mousse Serum & Cream,32.465,2.5109,Face Serum & Treatment,7.7341,More_MS (sub-class level),Sub-Class,Full account category report (from Jun 26),Yes
More Retail,Aug 26,Insecticide / Repellant / Fly Insecticide / Repellant,298.1803,0.003,Other,0.001,More_MS (class level),Category,Full account category report (from Jun 26),No
More Retail,Aug 26,Insecticide / Repellant / Fly Insecticide / Repellant / Spray FIK,37.2298,0.003,Hair Treatment & Styling,0.008,More_MS (sub-class level),Sub-Class,Full account category report (from Jun 26),No
More Retail,Aug 26,Insecticide / Repellant / Multi-function Insecticide / Repellant,0.0,0.0,Other,,More_MS (class level),Category,Full account category report (from Jun 26),No
More Retail,Aug 26,Insecticide / Repellant / Multi-function Insecticide / Repellant / Others,0.0,0.0,Other,,More_MS (sub-class level),Sub-Class,Full account category report (from Jun 26),No
More Retail,Aug 26,OTC / Pain & Relief,44.3239,0.0396,Other,0.0894,More_MS (class level),Category,Full account category report (from Jun 26),No
More Retail,Aug 26,OTC / Pain & Relief / Cough and Cold,6.5778,0.0396,Other,0.6022,More_MS (sub-class level),Sub-Class,Full account category report (from Jun 26),No
More Retail,Aug 26,Oral Care / Tooth Paste,563.7899,0.3373,Oral Care,0.0598,More_MS (class level),Category,Full account category report (from Jun 26),No
More Retail,Aug 26,Oral Care / Tooth Paste / Kids Toothpaste,12.2705,0.3373,Oral Care,2.7492,More_MS (sub-class level),Sub-Class,Full account category report (from Jun 26),No
More Retail,Aug 26,Personal Wash / Soap,613.9342,1.3003,Body Wash & Soap,0.2118,More_MS (class level),Category,Full account category report (from Jun 26),Yes
More Retail,Aug 26,Personal Wash / Soap / Premium Soap,211.8206,1.3003,Body Wash & Soap,0.6139,More_MS (sub-class level),Sub-Class,Full account category report (from Jun 26),Yes
More Retail,Aug 26,Skin Care / Body Care,190.6102,1.0873,Body Lotion & Care,0.5704,More_MS (class level),Category,Full account category report (from Jun 26),Yes
More Retail,Aug 26,Skin Care / Body Care / Cream & Lotion Body,171.4667,0.4901,Body Lotion & Care,0.2858,More_MS (sub-class level),Sub-Class,Full account category report (from Jun 26),Yes
More Retail,Aug 26,Skin Care / Body Care / Others,1.0673,0.5972,Body Lotion & Care,55.95,More_MS (sub-class level),Sub-Class,Full account category report (from Jun 26),Yes
More Retail,Aug 26,Skin Care / Face Care,692.2506,7.9528,Face Moisturiser & Cream,1.1488,More_MS (class level),Category,Full account category report (from Jun 26),Yes
More Retail,Aug 26,Skin Care / Face Care / Cream & Lotion Body,58.3006,2.1905,Body Lotion & Care,3.7573,More_MS (sub-class level),Sub-Class,Full account category report (from Jun 26),Yes
More Retail,Aug 26,Skin Care / Face Care / Fairness,524.3241,0.4705,Face Moisturiser & Cream,0.0897,More_MS (sub-class level),Sub-Class,Full account category report (from Jun 26),Yes
More Retail,Aug 26,Skin Care / Face Care / Moisturising,15.6729,0.0498,Face Moisturiser & Cream,0.3179,More_MS (sub-class level),Sub-Class,Full account category report (from Jun 26),Yes
More Retail,Aug 26,Skin Care / Face Care / Others,9.8304,0.0114,Face Moisturiser & Cream,0.1158,More_MS (sub-class level),Sub-Class,Full account category report (from Jun 26),Yes
More Retail,Aug 26,Skin Care / Face Care / Sunscreen,27.0091,5.2306,Sun Care,19.3662,More_MS (sub-class level),Sub-Class,Full account category report (from Jun 26),Yes
More Retail,Aug 26,Skin Care / Facial Cleanser,169.5869,18.9851,Face Wash & Cleanser,11.1949,More_MS (class level),Category,Full account category report (from Jun 26),Yes
More Retail,Aug 26,Skin Care / Facial Cleanser / Facewashes,111.1727,18.8958,Face Wash & Cleanser,16.9968,More_MS (sub-class level),Sub-Class,Full account category report (from Jun 26),Yes
More Retail,Aug 26,Skin Care / Facial Cleanser / Mask/ pack,7.398,0.0893,Face Wash & Cleanser,1.2071,More_MS (sub-class level),Sub-Class,Full account category report (from Jun 26),Yes
Reliance Brand Counter,Jan 26,Aloe Vera Gel,54.2277,1.3408,Face Moisturiser & Cream,2.4726,RIL_BA_Store_MS (BA Store),Category,Staffed brand-counter (BA) stores only; RRL Others left out,Yes
Reliance Brand Counter,Jan 26,Amla Hair Oil,61.793,0.0876,Hair Oil,0.1417,RIL_BA_Store_MS (BA Store),Category,Staffed brand-counter (BA) stores only; RRL Others left out,Yes
Reliance Brand Counter,Jan 26,Baby Hygn Others,26.4043,4.0532,Baby Care,15.3505,RIL_BA_Store_MS (BA Store),Category,Staffed brand-counter (BA) stores only; RRL Others left out,Yes
Reliance Brand Counter,Jan 26,Baby Lotion/Cream,120.9699,2.8631,Baby Care,2.3668,RIL_BA_Store_MS (BA Store),Category,Staffed brand-counter (BA) stores only; RRL Others left out,Yes
Reliance Brand Counter,Jan 26,Baby Massage Oil,22.7497,0.185,Baby Care,0.813,RIL_BA_Store_MS (BA Store),Category,Staffed brand-counter (BA) stores only; RRL Others left out,Yes
Reliance Brand Counter,Jan 26,Baby Powder,37.1423,1.0693,Baby Care,2.8788,RIL_BA_Store_MS (BA Store),Category,Staffed brand-counter (BA) stores only; RRL Others left out,Yes
Reliance Brand Counter,Jan 26,Baby Shampoo,69.3143,8.1952,Baby Care,11.8233,RIL_BA_Store_MS (BA Store),Category,Staffed brand-counter (BA) stores only; RRL Others left out,Yes
Reliance Brand Counter,Jan 26,Baby Soap,98.198,6.4571,Baby Care,6.5756,RIL_BA_Store_MS (BA Store),Category,Staffed brand-counter (BA) stores only; RRL Others left out,Yes
Reliance Brand Counter,Jan 26,Body Wash/Shower Gel,524.3874,37.4435,Body Wash & Soap,7.1404,RIL_BA_Store_MS (BA Store),Category,Staffed brand-counter (BA) stores only; RRL Others left out,Yes
Reliance Brand Counter,Jan 26,Face Scrubs/Masks,129.3268,11.3881,Face Mask & Scrub,8.8057,RIL_BA_Store_MS (BA Store),Category,Staffed brand-counter (BA) stores only; RRL Others left out,Yes
Reliance Brand Counter,Jan 26,Face Serum,118.4649,19.3686,Face Serum & Treatment,16.3496,RIL_BA_Store_MS (BA Store),Category,Staffed brand-counter (BA) stores only; RRL Others left out,Yes
Reliance Brand Counter,Jan 26,Face Wash,1331.465,331.2685,Face Wash & Cleanser,24.88,RIL_BA_Store_MS (BA Store),Category,Staffed brand-counter (BA) stores only; RRL Others left out,Yes
Reliance Brand Counter,Jan 26,Facial Kit,60.6314,6.3455,Face Mask & Scrub,10.4656,RIL_BA_Store_MS (BA Store),Category,Staffed brand-counter (BA) stores only; RRL Others left out,Yes
Reliance Brand Counter,Jan 26,Fairness - Women,309.5335,4.2106,Face Moisturiser & Cream,1.3603,RIL_BA_Store_MS (BA Store),Category,Staffed brand-counter (BA) stores only; RRL Others left out,Yes
Reliance Brand Counter,Jan 26,Hair - Conditioner,322.2198,13.1191,Conditioner,4.0715,RIL_BA_Store_MS (BA Store),Category,Staffed brand-counter (BA) stores only; RRL Others left out,Yes
Reliance Brand Counter,Jan 26,Hair - Leave On,0.2156,0.6124,Hair Treatment & Styling,,RIL_BA_Store_MS (BA Store),Category,Staffed brand-counter (BA) stores only; RRL Others left out,No
Reliance Brand Counter,Jan 26,Hair Color Cream Kit,346.6749,0.7349,Hair Treatment & Styling,0.212,RIL_BA_Store_MS (BA Store),Category,Staffed brand-counter (BA) stores only; RRL Others left out,No
Reliance Brand Counter,Jan 26,Hair Mask,17.9836,2.8524,Hair Treatment & Styling,15.8609,RIL_BA_Store_MS (BA Store),Category,Staffed brand-counter (BA) stores only; RRL Others left out,No
Reliance Brand Counter,Jan 26,Hair Oil Others,1.0507,2.4825,Hair Oil,,RIL_BA_Store_MS (BA Store),Category,Staffed brand-counter (BA) stores only; RRL Others left out,Yes
Reliance Brand Counter,Jan 26,Hair Serum,144.1522,2.5022,Hair Treatment & Styling,1.7358,RIL_BA_Store_MS (BA Store),Category,Staffed brand-counter (BA) stores only; RRL Others left out,No
Reliance Brand Counter,Jan 26,Kajal,0.0,0.6408,Other,,RIL_BA_Store_MS (BA Store),Category,Staffed brand-counter (BA) stores only; RRL Others left out,No
Reliance Brand Counter,Jan 26,Lip Balm,6.2494,1.5619,Lip Care,24.9934,RIL_BA_Store_MS (BA Store),Category,Staffed brand-counter (BA) stores only; RRL Others left out,No
Reliance Brand Counter,Jan 26,Moisturizing Cream,1120.8247,52.0699,Face Moisturiser & Cream,4.6457,RIL_BA_Store_MS (BA Store),Category,Staffed brand-counter (BA) stores only; RRL Others left out,Yes
Reliance Brand Counter,Jan 26,Moisturizing Lotion,1642.616,88.2667,Body Lotion & Care,5.3735,RIL_BA_Store_MS (BA Store),Category,Staffed brand-counter (BA) stores only; RRL Others left out,Yes
Reliance Brand Counter,Jan 26,Mos Rep Crm/Lotions,7.1748,0.4265,Other,5.9439,RIL_BA_Store_MS (BA Store),Category,Staffed brand-counter (BA) stores only; RRL Others left out,No
Reliance Brand Counter,Jan 26,Onion Hair Oil,21.4457,17.8698,Hair Oil,83.3256,RIL_BA_Store_MS (BA Store),Category,Staffed brand-counter (BA) stores only; RRL Others left out,Yes
Reliance Brand Counter,Jan 26,Perfume - Men,0.1189,1.5751,Fragrance,,RIL_BA_Store_MS (BA Store),Category,Staffed brand-counter (BA) stores only; RRL Others left out,No
Reliance Brand Counter,Jan 26,Perfume - Women,0.2145,2.33,Fragrance,,RIL_BA_Store_MS (BA Store),Category,Staffed brand-counter (BA) stores only; RRL Others left out,No
Reliance Brand Counter,Jan 26,Shampoo Herbal,806.7437,465.9651,Shampoo,57.7588,RIL_BA_Store_MS (BA Store),Category,Staffed brand-counter (BA) stores only; RRL Others left out,Yes
Reliance Brand Counter,Jan 26,Sheet Mask,138.1221,2.1076,Face Mask & Scrub,1.5259,RIL_BA_Store_MS (BA Store),Category,Staffed brand-counter (BA) stores only; RRL Others left out,Yes
Reliance Brand Counter,Jan 26,Soaps Moisturiser,814.9242,22.6236,Face Moisturiser & Cream,2.7762,RIL_BA_Store_MS (BA Store),Category,Staffed brand-counter (BA) stores only; RRL Others left out,Yes
Reliance Brand Counter,Jan 26,Sunscreens,197.5832,67.8039,Sun Care,34.3166,RIL_BA_Store_MS (BA Store),Category,Staffed brand-counter (BA) stores only; RRL Others left out,Yes
Reliance Brand Counter,Jan 26,Tooth Paste Kids,42.4159,1.3031,Oral Care,3.0721,RIL_BA_Store_MS (BA Store),Category,Staffed brand-counter (BA) stores only; RRL Others left out,No
Reliance Brand Counter,Feb 26,Aloe Vera Gel,53.1014,0.8774,Face Moisturiser & Cream,1.6523,RIL_BA_Store_MS (BA Store),Category,Staffed brand-counter (BA) stores only; RRL Others left out,Yes
Reliance Brand Counter,Feb 26,Amla Hair Oil,55.0695,0.5218,Hair Oil,0.9476,RIL_BA_Store_MS (BA Store),Category,Staffed brand-counter (BA) stores only; RRL Others left out,Yes
Reliance Brand Counter,Feb 26,Baby Hygn Others,36.1944,3.9837,Baby Care,11.0065,RIL_BA_Store_MS (BA Store),Category,Staffed brand-counter (BA) stores only; RRL Others left out,Yes
Reliance Brand Counter,Feb 26,Baby Lotion/Cream,79.7821,1.7157,Baby Care,2.1505,RIL_BA_Store_MS (BA Store),Category,Staffed brand-counter (BA) stores only; RRL Others left out,Yes
Reliance Brand Counter,Feb 26,Baby Massage Oil,21.8385,0.5217,Baby Care,2.3891,RIL_BA_Store_MS (BA Store),Category,Staffed brand-counter (BA) stores only; RRL Others left out,Yes
Reliance Brand Counter,Feb 26,Baby Powder,43.5858,2.8499,Baby Care,6.5385,RIL_BA_Store_MS (BA Store),Category,Staffed brand-counter (BA) stores only; RRL Others left out,Yes
Reliance Brand Counter,Feb 26,Baby Shampoo,58.551,6.6592,Baby Care,11.3733,RIL_BA_Store_MS (BA Store),Category,Staffed brand-counter (BA) stores only; RRL Others left out,Yes
Reliance Brand Counter,Feb 26,Baby Soap,74.7735,8.3815,Baby Care,11.2092,RIL_BA_Store_MS (BA Store),Category,Staffed brand-counter (BA) stores only; RRL Others left out,Yes
Reliance Brand Counter,Feb 26,Baby Wipes,96.7246,0.006,Baby Care,0.0062,RIL_BA_Store_MS (BA Store),Category,Staffed brand-counter (BA) stores only; RRL Others left out,Yes
Reliance Brand Counter,Feb 26,Bb Cream,1.8955,0.0197,Other,1.0414,RIL_BA_Store_MS (BA Store),Category,Staffed brand-counter (BA) stores only; RRL Others left out,No
Reliance Brand Counter,Feb 26,Body Wash/Shower Gel,546.6953,31.6392,Body Wash & Soap,5.7874,RIL_BA_Store_MS (BA Store),Category,Staffed brand-counter (BA) stores only; RRL Others left out,Yes
Reliance Brand Counter,Feb 26,Compact Powder,25.9727,0.0556,Other,0.2142,RIL_BA_Store_MS (BA Store),Category,Staffed brand-counter (BA) stores only; RRL Others left out,No
Reliance Brand Counter,Feb 26,Eye Liner,6.398,0.008,Other,0.1247,RIL_BA_Store_MS (BA Store),Category,Staffed brand-counter (BA) stores only; RRL Others left out,No
Reliance Brand Counter,Feb 26,Face Scrubs/Masks,150.1298,9.591,Face Mask & Scrub,6.3885,RIL_BA_Store_MS (BA Store),Category,Staffed brand-counter (BA) stores only; RRL Others left out,Yes
Reliance Brand Counter,Feb 26,Face Serum,128.3751,14.814,Face Serum & Treatment,11.5396,RIL_BA_Store_MS (BA Store),Category,Staffed brand-counter (BA) stores only; RRL Others left out,Yes
Reliance Brand Counter,Feb 26,Face Wash,1087.2345,264.091,Face Wash & Cleanser,24.2902,RIL_BA_Store_MS (BA Store),Category,Staffed brand-counter (BA) stores only; RRL Others left out,Yes
Reliance Brand Counter,Feb 26,Facial Kit,79.5855,5.7763,Face Mask & Scrub,7.2579,RIL_BA_Store_MS (BA Store),Category,Staffed brand-counter (BA) stores only; RRL Others left out,Yes
Reliance Brand Counter,Feb 26,Fairness - Women,234.8116,6.5587,Face Moisturiser & Cream,2.7932,RIL_BA_Store_MS (BA Store),Category,Staffed brand-counter (BA) stores only; RRL Others left out,Yes
Reliance Brand Counter,Feb 26,Foundation,51.5051,0.0215,Other,0.0417,RIL_BA_Store_MS (BA Store),Category,Staffed brand-counter (BA) stores only; RRL Others left out,No
Reliance Brand Counter,Feb 26,Hair - Conditioner,284.8341,10.026,Conditioner,3.52,RIL_BA_Store_MS (BA Store),Category,Staffed brand-counter (BA) stores only; RRL Others left out,Yes
Reliance Brand Counter,Feb 26,Hair - Leave On,0.5537,1.0746,Hair Treatment & Styling,,RIL_BA_Store_MS (BA Store),Category,Staffed brand-counter (BA) stores only; RRL Others left out,No
Reliance Brand Counter,Feb 26,Hair Color Cream Kit,220.573,0.6546,Hair Treatment & Styling,0.2968,RIL_BA_Store_MS (BA Store),Category,Staffed brand-counter (BA) stores only; RRL Others left out,No
Reliance Brand Counter,Feb 26,Hair Mask,18.889,4.8704,Hair Treatment & Styling,25.7844,RIL_BA_Store_MS (BA Store),Category,Staffed brand-counter (BA) stores only; RRL Others left out,No
Reliance Brand Counter,Feb 26,Hair Oil Others,2.1911,2.5087,Hair Oil,,RIL_BA_Store_MS (BA Store),Category,Staffed brand-counter (BA) stores only; RRL Others left out,Yes
Reliance Brand Counter,Feb 26,Hair Serum,175.8439,2.8248,Hair Treatment & Styling,1.6064,RIL_BA_Store_MS (BA Store),Category,Staffed brand-counter (BA) stores only; RRL Others left out,No
Reliance Brand Counter,Feb 26,Kajal,9.0304,1.3017,Other,14.4143,RIL_BA_Store_MS (BA Store),Category,Staffed brand-counter (BA) stores only; RRL Others left out,No
Reliance Brand Counter,Feb 26,Lip Balm,7.852,4.0888,Lip Care,52.0734,RIL_BA_Store_MS (BA Store),Category,Staffed brand-counter (BA) stores only; RRL Others left out,No
Reliance Brand Counter,Feb 26,Lipstick,140.5295,0.1886,Lip Care,0.1342,RIL_BA_Store_MS (BA Store),Category,Staffed brand-counter (BA) stores only; RRL Others left out,No
Reliance Brand Counter,Feb 26,Makeup Remover,0.0,0.003,Other,,RIL_BA_Store_MS (BA Store),Category,Staffed brand-counter (BA) stores only; RRL Others left out,No
Reliance Brand Counter,Feb 26,Mascara,3.5789,0.02,Other,0.5577,RIL_BA_Store_MS (BA Store),Category,Staffed brand-counter (BA) stores only; RRL Others left out,No
Reliance Brand Counter,Feb 26,Moisturizing Cream,724.8218,39.0452,Face Moisturiser & Cream,5.3869,RIL_BA_Store_MS (BA Store),Category,Staffed brand-counter (BA) stores only; RRL Others left out,Yes
Reliance Brand Counter,Feb 26,Moisturizing Lotion,852.7683,37.984,Body Lotion & Care,4.4542,RIL_BA_Store_MS (BA Store),Category,Staffed brand-counter (BA) stores only; RRL Others left out,Yes
Reliance Brand Counter,Feb 26,Mos Rep Crm/Lotions,15.3211,3.5206,Other,22.9785,RIL_BA_Store_MS (BA Store),Category,Staffed brand-counter (BA) stores only; RRL Others left out,No
Reliance Brand Counter,Feb 26,Onion Hair Oil,18.1064,13.1917,Hair Oil,72.8567,RIL_BA_Store_MS (BA Store),Category,Staffed brand-counter (BA) stores only; RRL Others left out,Yes
Reliance Brand Counter,Feb 26,Perfume - Men,0.2113,3.2603,Fragrance,,RIL_BA_Store_MS (BA Store),Category,Staffed brand-counter (BA) stores only; RRL Others left out,No
Reliance Brand Counter,Feb 26,Perfume - Women,0.384,7.876,Fragrance,,RIL_BA_Store_MS (BA Store),Category,Staffed brand-counter (BA) stores only; RRL Others left out,No
Reliance Brand Counter,Feb 26,Shampoo Herbal,554.6578,223.8986,Shampoo,40.367,RIL_BA_Store_MS (BA Store),Category,Staffed brand-counter (BA) stores only; RRL Others left out,Yes
Reliance Brand Counter,Feb 26,Sheet Mask,153.8944,3.3958,Face Mask & Scrub,2.2066,RIL_BA_Store_MS (BA Store),Category,Staffed brand-counter (BA) stores only; RRL Others left out,Yes
Reliance Brand Counter,Feb 26,Soaps Moisturiser,490.6787,21.7247,Face Moisturiser & Cream,4.4275,RIL_BA_Store_MS (BA Store),Category,Staffed brand-counter (BA) stores only; RRL Others left out,Yes
Reliance Brand Counter,Feb 26,Sunscreens,451.903,84.2112,Sun Care,18.6348,RIL_BA_Store_MS (BA Store),Category,Staffed brand-counter (BA) stores only; RRL Others left out,Yes
Reliance Brand Counter,Feb 26,Tooth Paste Kids,0.0,1.3306,Oral Care,,RIL_BA_Store_MS (BA Store),Category,Staffed brand-counter (BA) stores only; RRL Others left out,No
Reliance Brand Counter,Mar 26,Aloe Vera Gel,61.4084,0.5083,Face Moisturiser & Cream,0.8277,RIL_BA_Store_MS (BA Store),Category,Staffed brand-counter (BA) stores only; RRL Others left out,Yes
Reliance Brand Counter,Mar 26,Amla Hair Oil,60.8753,0.2956,Hair Oil,0.4856,RIL_BA_Store_MS (BA Store),Category,Staffed brand-counter (BA) stores only; RRL Others left out,Yes
Reliance Brand Counter,Mar 26,Baby Hygn Others,34.9557,3.6564,Baby Care,10.4602,RIL_BA_Store_MS (BA Store),Category,Staffed brand-counter (BA) stores only; RRL Others left out,Yes
Reliance Brand Counter,Mar 26,Baby Lotion/Cream,91.6859,2.3249,Baby Care,2.5358,RIL_BA_Store_MS (BA Store),Category,Staffed brand-counter (BA) stores only; RRL Others left out,Yes
Reliance Brand Counter,Mar 26,Baby Massage Oil,20.6739,0.8491,Baby Care,4.1069,RIL_BA_Store_MS (BA Store),Category,Staffed brand-counter (BA) stores only; RRL Others left out,Yes
Reliance Brand Counter,Mar 26,Baby Powder,40.4113,2.3895,Baby Care,5.9129,RIL_BA_Store_MS (BA Store),Category,Staffed brand-counter (BA) stores only; RRL Others left out,Yes
Reliance Brand Counter,Mar 26,Baby Shampoo,63.1798,7.4521,Baby Care,11.7951,RIL_BA_Store_MS (BA Store),Category,Staffed brand-counter (BA) stores only; RRL Others left out,Yes
Reliance Brand Counter,Mar 26,Baby Soap,75.8549,7.7965,Baby Care,10.2781,RIL_BA_Store_MS (BA Store),Category,Staffed brand-counter (BA) stores only; RRL Others left out,Yes
Reliance Brand Counter,Mar 26,Bb Cream,0.9652,0.0286,Other,2.9655,RIL_BA_Store_MS (BA Store),Category,Staffed brand-counter (BA) stores only; RRL Others left out,No
Reliance Brand Counter,Mar 26,Body Wash/Shower Gel,587.6608,31.8636,Body Wash & Soap,5.4221,RIL_BA_Store_MS (BA Store),Category,Staffed brand-counter (BA) stores only; RRL Others left out,Yes
Reliance Brand Counter,Mar 26,Compact Powder,20.02,0.0449,Other,0.2243,RIL_BA_Store_MS (BA Store),Category,Staffed brand-counter (BA) stores only; RRL Others left out,No
Reliance Brand Counter,Mar 26,Face Scrubs/Masks,136.9672,6.3456,Face Mask & Scrub,4.6329,RIL_BA_Store_MS (BA Store),Category,Staffed brand-counter (BA) stores only; RRL Others left out,Yes
Reliance Brand Counter,Mar 26,Face Serum,104.4608,10.2435,Face Serum & Treatment,9.8061,RIL_BA_Store_MS (BA Store),Category,Staffed brand-counter (BA) stores only; RRL Others left out,Yes
Reliance Brand Counter,Mar 26,Face Wash,1210.3043,282.1405,Face Wash & Cleanser,23.3115,RIL_BA_Store_MS (BA Store),Category,Staffed brand-counter (BA) stores only; RRL Others left out,Yes
Reliance Brand Counter,Mar 26,Facial Kit,55.1119,3.8864,Face Mask & Scrub,7.0519,RIL_BA_Store_MS (BA Store),Category,Staffed brand-counter (BA) stores only; RRL Others left out,Yes
Reliance Brand Counter,Mar 26,Fairness - Women,237.5233,3.3247,Face Moisturiser & Cream,1.3998,RIL_BA_Store_MS (BA Store),Category,Staffed brand-counter (BA) stores only; RRL Others left out,Yes
Reliance Brand Counter,Mar 26,Foundation,36.3743,0.1616,Other,0.4443,RIL_BA_Store_MS (BA Store),Category,Staffed brand-counter (BA) stores only; RRL Others left out,No
Reliance Brand Counter,Mar 26,Hair - Conditioner,318.2774,8.7996,Conditioner,2.7648,RIL_BA_Store_MS (BA Store),Category,Staffed brand-counter (BA) stores only; RRL Others left out,Yes
Reliance Brand Counter,Mar 26,Hair - Leave On,0.4636,0.7564,Hair Treatment & Styling,,RIL_BA_Store_MS (BA Store),Category,Staffed brand-counter (BA) stores only; RRL Others left out,No
Reliance Brand Counter,Mar 26,Hair Color Cream Kit,258.791,0.5382,Hair Treatment & Styling,0.208,RIL_BA_Store_MS (BA Store),Category,Staffed brand-counter (BA) stores only; RRL Others left out,No
Reliance Brand Counter,Mar 26,Hair Mask,22.1808,3.1082,Hair Treatment & Styling,14.0132,RIL_BA_Store_MS (BA Store),Category,Staffed brand-counter (BA) stores only; RRL Others left out,No
Reliance Brand Counter,Mar 26,Hair Oil Others,2.0665,2.458,Hair Oil,,RIL_BA_Store_MS (BA Store),Category,Staffed brand-counter (BA) stores only; RRL Others left out,Yes
Reliance Brand Counter,Mar 26,Hair Serum,148.7477,2.6995,Hair Treatment & Styling,1.8148,RIL_BA_Store_MS (BA Store),Category,Staffed brand-counter (BA) stores only; RRL Others left out,No
Reliance Brand Counter,Mar 26,Kajal,6.9783,0.8808,Other,12.6216,RIL_BA_Store_MS (BA Store),Category,Staffed brand-counter (BA) stores only; RRL Others left out,No
Reliance Brand Counter,Mar 26,Lip Balm,6.1929,2.6865,Lip Care,43.3806,RIL_BA_Store_MS (BA Store),Category,Staffed brand-counter (BA) stores only; RRL Others left out,No
Reliance Brand Counter,Mar 26,Lipstick,116.3126,0.1287,Lip Care,0.1106,RIL_BA_Store_MS (BA Store),Category,Staffed brand-counter (BA) stores only; RRL Others left out,No
Reliance Brand Counter,Mar 26,Makeup Remover,0.0032,0.003,Other,92.284,RIL_BA_Store_MS (BA Store),Category,Staffed brand-counter (BA) stores only; RRL Others left out,No
Reliance Brand Counter,Mar 26,Mascara,2.8375,0.01,Other,0.3517,RIL_BA_Store_MS (BA Store),Category,Staffed brand-counter (BA) stores only; RRL Others left out,No
Reliance Brand Counter,Mar 26,Moisturizing Cream,765.3303,36.008,Face Moisturiser & Cream,4.7049,RIL_BA_Store_MS (BA Store),Category,Staffed brand-counter (BA) stores only; RRL Others left out,Yes
Reliance Brand Counter,Mar 26,Moisturizing Lotion,828.53,44.2903,Body Lotion & Care,5.3457,RIL_BA_Store_MS (BA Store),Category,Staffed brand-counter (BA) stores only; RRL Others left out,Yes
Reliance Brand Counter,Mar 26,Mos Rep Crm/Lotions,16.615,3.017,Other,18.1584,RIL_BA_Store_MS (BA Store),Category,Staffed brand-counter (BA) stores only; RRL Others left out,No
Reliance Brand Counter,Mar 26,Onion Hair Oil,17.5417,13.9945,Hair Oil,79.7788,RIL_BA_Store_MS (BA Store),Category,Staffed brand-counter (BA) stores only; RRL Others left out,Yes
Reliance Brand Counter,Mar 26,Perfume - Men,0.7594,1.9267,Fragrance,,RIL_BA_Store_MS (BA Store),Category,Staffed brand-counter (BA) stores only; RRL Others left out,No
Reliance Brand Counter,Mar 26,Perfume - Women,0.5429,4.4148,Fragrance,,RIL_BA_Store_MS (BA Store),Category,Staffed brand-counter (BA) stores only; RRL Others left out,No
Reliance Brand Counter,Mar 26,Shampoo Herbal,649.1111,263.4633,Shampoo,40.5883,RIL_BA_Store_MS (BA Store),Category,Staffed brand-counter (BA) stores only; RRL Others left out,Yes
Reliance Brand Counter,Mar 26,Sheet Mask,163.996,2.3896,Face Mask & Scrub,1.4571,RIL_BA_Store_MS (BA Store),Category,Staffed brand-counter (BA) stores only; RRL Others left out,Yes
Reliance Brand Counter,Mar 26,Soaps Moisturiser,443.4453,25.7262,Face Moisturiser & Cream,5.8014,RIL_BA_Store_MS (BA Store),Category,Staffed brand-counter (BA) stores only; RRL Others left out,Yes
Reliance Brand Counter,Mar 26,Sunscreens,387.127,85.8596,Sun Care,22.1787,RIL_BA_Store_MS (BA Store),Category,Staffed brand-counter (BA) stores only; RRL Others left out,Yes
Reliance Brand Counter,Mar 26,Tooth Paste Kids,0.0,0.437,Oral Care,,RIL_BA_Store_MS (BA Store),Category,Staffed brand-counter (BA) stores only; RRL Others left out,No
Reliance Brand Counter,Apr 26,Aloe Vera Gel,52.3044,0.2135,Face Moisturiser & Cream,0.4082,RIL_BA_Store_MS (BA Store),Category,Staffed brand-counter (BA) stores only; RRL Others left out,Yes
Reliance Brand Counter,Apr 26,Amla Hair Oil,57.2141,0.0239,Hair Oil,0.0417,RIL_BA_Store_MS (BA Store),Category,Staffed brand-counter (BA) stores only; RRL Others left out,Yes
Reliance Brand Counter,Apr 26,Baby Hygn Others,24.7941,2.6908,Baby Care,10.8526,RIL_BA_Store_MS (BA Store),Category,Staffed brand-counter (BA) stores only; RRL Others left out,Yes
Reliance Brand Counter,Apr 26,Baby Lotion/Cream,79.8549,1.99,Baby Care,2.4921,RIL_BA_Store_MS (BA Store),Category,Staffed brand-counter (BA) stores only; RRL Others left out,Yes
Reliance Brand Counter,Apr 26,Baby Massage Oil,19.0429,0.0998,Baby Care,0.5242,RIL_BA_Store_MS (BA Store),Category,Staffed brand-counter (BA) stores only; RRL Others left out,Yes
Reliance Brand Counter,Apr 26,Baby Powder,58.765,0.7808,Baby Care,1.3287,RIL_BA_Store_MS (BA Store),Category,Staffed brand-counter (BA) stores only; RRL Others left out,Yes
Reliance Brand Counter,Apr 26,Baby Shampoo,64.3401,7.2858,Baby Care,11.3239,RIL_BA_Store_MS (BA Store),Category,Staffed brand-counter (BA) stores only; RRL Others left out,Yes
Reliance Brand Counter,Apr 26,Baby Soap,81.8509,5.0229,Baby Care,6.1366,RIL_BA_Store_MS (BA Store),Category,Staffed brand-counter (BA) stores only; RRL Others left out,Yes
Reliance Brand Counter,Apr 26,Bb Cream,0.262,0.0033,Other,1.2556,RIL_BA_Store_MS (BA Store),Category,Staffed brand-counter (BA) stores only; RRL Others left out,No
Reliance Brand Counter,Apr 26,Body Wash/Shower Gel,502.5436,28.1642,Body Wash & Soap,5.6043,RIL_BA_Store_MS (BA Store),Category,Staffed brand-counter (BA) stores only; RRL Others left out,Yes
Reliance Brand Counter,Apr 26,Face Scrubs/Masks,121.5609,6.8179,Face Mask & Scrub,5.6086,RIL_BA_Store_MS (BA Store),Category,Staffed brand-counter (BA) stores only; RRL Others left out,Yes
Reliance Brand Counter,Apr 26,Face Serum,70.4296,8.4725,Face Serum & Treatment,12.0297,RIL_BA_Store_MS (BA Store),Category,Staffed brand-counter (BA) stores only; RRL Others left out,Yes
Reliance Brand Counter,Apr 26,Face Wash,1230.2462,304.4558,Face Wash & Cleanser,24.7475,RIL_BA_Store_MS (BA Store),Category,Staffed brand-counter (BA) stores only; RRL Others left out,Yes
Reliance Brand Counter,Apr 26,Facial Kit,38.655,4.6169,Face Mask & Scrub,11.9439,RIL_BA_Store_MS (BA Store),Category,Staffed brand-counter (BA) stores only; RRL Others left out,Yes
Reliance Brand Counter,Apr 26,Fairness - Women,255.2511,2.4491,Face Moisturiser & Cream,0.9595,RIL_BA_Store_MS (BA Store),Category,Staffed brand-counter (BA) stores only; RRL Others left out,Yes
Reliance Brand Counter,Apr 26,Foundation,0.0,0.0007,Other,,RIL_BA_Store_MS (BA Store),Category,Staffed brand-counter (BA) stores only; RRL Others left out,No
Reliance Brand Counter,Apr 26,Hair - Conditioner,287.8975,8.9043,Conditioner,3.0929,RIL_BA_Store_MS (BA Store),Category,Staffed brand-counter (BA) stores only; RRL Others left out,Yes
Reliance Brand Counter,Apr 26,Hair - Leave On,0.0126,0.0186,Hair Treatment & Styling,,RIL_BA_Store_MS (BA Store),Category,Staffed brand-counter (BA) stores only; RRL Others left out,No
Reliance Brand Counter,Apr 26,Hair Color Cream Kit,0.0,0.305,Hair Treatment & Styling,,RIL_BA_Store_MS (BA Store),Category,Staffed brand-counter (BA) stores only; RRL Others left out,No
Reliance Brand Counter,Apr 26,Hair Mask,22.6935,1.98,Hair Treatment & Styling,8.7251,RIL_BA_Store_MS (BA Store),Category,Staffed brand-counter (BA) stores only; RRL Others left out,No
Reliance Brand Counter,Apr 26,Hair Oil Others,0.8062,1.53,Hair Oil,,RIL_BA_Store_MS (BA Store),Category,Staffed brand-counter (BA) stores only; RRL Others left out,Yes
Reliance Brand Counter,Apr 26,Hair Serum,107.6363,1.3922,Hair Treatment & Styling,1.2934,RIL_BA_Store_MS (BA Store),Category,Staffed brand-counter (BA) stores only; RRL Others left out,No
Reliance Brand Counter,Apr 26,Kajal,0.0,0.7586,Other,,RIL_BA_Store_MS (BA Store),Category,Staffed brand-counter (BA) stores only; RRL Others left out,No
Reliance Brand Counter,Apr 26,Lip Balm,2.9253,0.6851,Lip Care,23.4192,RIL_BA_Store_MS (BA Store),Category,Staffed brand-counter (BA) stores only; RRL Others left out,No
Reliance Brand Counter,Apr 26,Moisturizing Cream,717.7968,42.1435,Face Moisturiser & Cream,5.8712,RIL_BA_Store_MS (BA Store),Category,Staffed brand-counter (BA) stores only; RRL Others left out,Yes
Reliance Brand Counter,Apr 26,Moisturizing Lotion,741.4399,43.4025,Body Lotion & Care,5.8538,RIL_BA_Store_MS (BA Store),Category,Staffed brand-counter (BA) stores only; RRL Others left out,Yes
Reliance Brand Counter,Apr 26,Mos Rep Crm/Lotions,10.1104,0.3153,Other,3.1185,RIL_BA_Store_MS (BA Store),Category,Staffed brand-counter (BA) stores only; RRL Others left out,No
Reliance Brand Counter,Apr 26,Onion Hair Oil,14.1216,11.3755,Hair Oil,80.5539,RIL_BA_Store_MS (BA Store),Category,Staffed brand-counter (BA) stores only; RRL Others left out,Yes
Reliance Brand Counter,Apr 26,Perfume - Men,0.5622,0.1554,Fragrance,27.6413,RIL_BA_Store_MS (BA Store),Category,Staffed brand-counter (BA) stores only; RRL Others left out,No
Reliance Brand Counter,Apr 26,Perfume - Women,0.039,0.4046,Fragrance,,RIL_BA_Store_MS (BA Store),Category,Staffed brand-counter (BA) stores only; RRL Others left out,No
Reliance Brand Counter,Apr 26,Shampoo Herbal,655.3713,332.0014,Shampoo,50.6585,RIL_BA_Store_MS (BA Store),Category,Staffed brand-counter (BA) stores only; RRL Others left out,Yes
Reliance Brand Counter,Apr 26,Sheet Mask,136.788,2.2318,Face Mask & Scrub,1.6315,RIL_BA_Store_MS (BA Store),Category,Staffed brand-counter (BA) stores only; RRL Others left out,Yes
Reliance Brand Counter,Apr 26,Soaps Moisturiser,459.6824,22.7526,Face Moisturiser & Cream,4.9496,RIL_BA_Store_MS (BA Store),Category,Staffed brand-counter (BA) stores only; RRL Others left out,Yes
Reliance Brand Counter,Apr 26,Sunscreens,457.7153,101.7851,Sun Care,22.2376,RIL_BA_Store_MS (BA Store),Category,Staffed brand-counter (BA) stores only; RRL Others left out,Yes
Reliance Brand Counter,Apr 26,Tooth Paste Kids,0.0,1.2191,Oral Care,,RIL_BA_Store_MS (BA Store),Category,Staffed brand-counter (BA) stores only; RRL Others left out,No
Reliance Brand Counter,May 26,Aloe Vera Gel,63.9459,0.1652,Face Moisturiser & Cream,0.2584,RIL_BA_Store_MS (BA Store),Category,Staffed brand-counter (BA) stores only; RRL Others left out,Yes
Reliance Brand Counter,May 26,Amla Hair Oil,75.4293,0.0499,Hair Oil,0.0662,RIL_BA_Store_MS (BA Store),Category,Staffed brand-counter (BA) stores only; RRL Others left out,Yes
Reliance Brand Counter,May 26,Baby Hygn Others,33.5529,2.9222,Baby Care,8.7092,RIL_BA_Store_MS (BA Store),Category,Staffed brand-counter (BA) stores only; RRL Others left out,Yes
Reliance Brand Counter,May 26,Baby Lotion/Cream,105.4095,1.7377,Baby Care,1.6485,RIL_BA_Store_MS (BA Store),Category,Staffed brand-counter (BA) stores only; RRL Others left out,Yes
Reliance Brand Counter,May 26,Baby Massage Oil,21.4151,0.2406,Baby Care,1.1234,RIL_BA_Store_MS (BA Store),Category,Staffed brand-counter (BA) stores only; RRL Others left out,Yes
Reliance Brand Counter,May 26,Baby Powder,71.1526,1.1116,Baby Care,1.5623,RIL_BA_Store_MS (BA Store),Category,Staffed brand-counter (BA) stores only; RRL Others left out,Yes
Reliance Brand Counter,May 26,Baby Shampoo,81.5227,7.5495,Baby Care,9.2606,RIL_BA_Store_MS (BA Store),Category,Staffed brand-counter (BA) stores only; RRL Others left out,Yes
Reliance Brand Counter,May 26,Baby Soap,109.9431,5.2746,Baby Care,4.7975,RIL_BA_Store_MS (BA Store),Category,Staffed brand-counter (BA) stores only; RRL Others left out,Yes
Reliance Brand Counter,May 26,Bb Cream,0.2818,0.0033,Other,1.1674,RIL_BA_Store_MS (BA Store),Category,Staffed brand-counter (BA) stores only; RRL Others left out,No
Reliance Brand Counter,May 26,Body Wash/Shower Gel,734.4768,25.0408,Body Wash & Soap,3.4093,RIL_BA_Store_MS (BA Store),Category,Staffed brand-counter (BA) stores only; RRL Others left out,Yes
Reliance Brand Counter,May 26,Face Scrubs/Masks,152.9695,6.6551,Face Mask & Scrub,4.3506,RIL_BA_Store_MS (BA Store),Category,Staffed brand-counter (BA) stores only; RRL Others left out,Yes
Reliance Brand Counter,May 26,Face Serum,100.5334,10.4487,Face Serum & Treatment,10.3933,RIL_BA_Store_MS (BA Store),Category,Staffed brand-counter (BA) stores only; RRL Others left out,Yes
Reliance Brand Counter,May 26,Face Wash,1525.3279,394.0986,Face Wash & Cleanser,25.837,RIL_BA_Store_MS (BA Store),Category,Staffed brand-counter (BA) stores only; RRL Others left out,Yes
Reliance Brand Counter,May 26,Facial Kit,81.9804,6.1971,Face Mask & Scrub,7.5593,RIL_BA_Store_MS (BA Store),Category,Staffed brand-counter (BA) stores only; RRL Others left out,Yes
Reliance Brand Counter,May 26,Fairness - Women,323.0637,3.4846,Face Moisturiser & Cream,1.0786,RIL_BA_Store_MS (BA Store),Category,Staffed brand-counter (BA) stores only; RRL Others left out,Yes
Reliance Brand Counter,May 26,Foundation,0.0,0.0007,Other,,RIL_BA_Store_MS (BA Store),Category,Staffed brand-counter (BA) stores only; RRL Others left out,No
Reliance Brand Counter,May 26,Hair - Conditioner,358.4596,10.3034,Conditioner,2.8743,RIL_BA_Store_MS (BA Store),Category,Staffed brand-counter (BA) stores only; RRL Others left out,Yes
Reliance Brand Counter,May 26,Hair - Leave On,0.012,0.0205,Hair Treatment & Styling,,RIL_BA_Store_MS (BA Store),Category,Staffed brand-counter (BA) stores only; RRL Others left out,No
Reliance Brand Counter,May 26,Hair Color Cream Kit,0.0,0.2385,Hair Treatment & Styling,,RIL_BA_Store_MS (BA Store),Category,Staffed brand-counter (BA) stores only; RRL Others left out,No
Reliance Brand Counter,May 26,Hair Mask,31.4769,4.0715,Hair Treatment & Styling,12.9348,RIL_BA_Store_MS (BA Store),Category,Staffed brand-counter (BA) stores only; RRL Others left out,No
Reliance Brand Counter,May 26,Hair Oil Others,2.4606,1.6184,Hair Oil,65.7709,RIL_BA_Store_MS (BA Store),Category,Staffed brand-counter (BA) stores only; RRL Others left out,Yes
Reliance Brand Counter,May 26,Hair Serum,150.0256,1.0689,Hair Treatment & Styling,0.7125,RIL_BA_Store_MS (BA Store),Category,Staffed brand-counter (BA) stores only; RRL Others left out,No
Reliance Brand Counter,May 26,Kajal,0.0,0.8048,Other,,RIL_BA_Store_MS (BA Store),Category,Staffed brand-counter (BA) stores only; RRL Others left out,No
Reliance Brand Counter,May 26,Lip Balm,3.6833,0.7273,Lip Care,19.747,RIL_BA_Store_MS (BA Store),Category,Staffed brand-counter (BA) stores only; RRL Others left out,No
Reliance Brand Counter,May 26,Moisturizing Cream,771.3369,45.4608,Face Moisturiser & Cream,5.8938,RIL_BA_Store_MS (BA Store),Category,Staffed brand-counter (BA) stores only; RRL Others left out,Yes
Reliance Brand Counter,May 26,Moisturizing Lotion,771.277,35.9469,Body Lotion & Care,4.6607,RIL_BA_Store_MS (BA Store),Category,Staffed brand-counter (BA) stores only; RRL Others left out,Yes
Reliance Brand Counter,May 26,Mos Rep Crm/Lotions,9.6032,0.7911,Other,8.2382,RIL_BA_Store_MS (BA Store),Category,Staffed brand-counter (BA) stores only; RRL Others left out,No
Reliance Brand Counter,May 26,Onion Hair Oil,19.5734,16.1418,Hair Oil,82.4678,RIL_BA_Store_MS (BA Store),Category,Staffed brand-counter (BA) stores only; RRL Others left out,Yes
Reliance Brand Counter,May 26,Perfume - Men,0.8288,0.2112,Fragrance,25.4859,RIL_BA_Store_MS (BA Store),Category,Staffed brand-counter (BA) stores only; RRL Others left out,No
Reliance Brand Counter,May 26,Perfume - Women,0.0449,0.5142,Fragrance,,RIL_BA_Store_MS (BA Store),Category,Staffed brand-counter (BA) stores only; RRL Others left out,No
Reliance Brand Counter,May 26,Shampoo Herbal,829.6077,360.6456,Shampoo,43.4718,RIL_BA_Store_MS (BA Store),Category,Staffed brand-counter (BA) stores only; RRL Others left out,Yes
Reliance Brand Counter,May 26,Sheet Mask,190.1896,2.4371,Face Mask & Scrub,1.2814,RIL_BA_Store_MS (BA Store),Category,Staffed brand-counter (BA) stores only; RRL Others left out,Yes
Reliance Brand Counter,May 26,Soaps Beauty,461.1201,0.168,Beauty Soap,0.0364,RIL_BA_Store_MS (BA Store),Category,Staffed brand-counter (BA) stores only; RRL Others left out,No
Reliance Brand Counter,May 26,Soaps Moisturiser,773.4911,25.1631,Face Moisturiser & Cream,3.2532,RIL_BA_Store_MS (BA Store),Category,Staffed brand-counter (BA) stores only; RRL Others left out,Yes
Reliance Brand Counter,May 26,Sunscreens,470.4835,128.6949,Sun Care,27.3538,RIL_BA_Store_MS (BA Store),Category,Staffed brand-counter (BA) stores only; RRL Others left out,Yes
Reliance Brand Counter,May 26,Tooth Paste Kids,0.0,1.4879,Oral Care,,RIL_BA_Store_MS (BA Store),Category,Staffed brand-counter (BA) stores only; RRL Others left out,No
Reliance Brand Counter,Jun 26,Aloe Vera Gel,64.1762,0.1483,Face Moisturiser & Cream,0.2311,RIL_BA_Store_MS (BA Store),Category,Staffed brand-counter (BA) stores only; RRL Others left out,Yes
Reliance Brand Counter,Jun 26,Amla Hair Oil,61.3788,0.0349,Hair Oil,0.0569,RIL_BA_Store_MS (BA Store),Category,Staffed brand-counter (BA) stores only; RRL Others left out,Yes
Reliance Brand Counter,Jun 26,Baby Hygn Others,39.7811,4.3462,Baby Care,10.9253,RIL_BA_Store_MS (BA Store),Category,Staffed brand-counter (BA) stores only; RRL Others left out,Yes
Reliance Brand Counter,Jun 26,Baby Lotion/Cream,120.2923,1.6198,Baby Care,1.3466,RIL_BA_Store_MS (BA Store),Category,Staffed brand-counter (BA) stores only; RRL Others left out,Yes
Reliance Brand Counter,Jun 26,Baby Massage Oil,22.1263,0.1284,Baby Care,0.5801,RIL_BA_Store_MS (BA Store),Category,Staffed brand-counter (BA) stores only; RRL Others left out,Yes
Reliance Brand Counter,Jun 26,Baby Powder,51.8783,1.074,Baby Care,2.0703,RIL_BA_Store_MS (BA Store),Category,Staffed brand-counter (BA) stores only; RRL Others left out,Yes
Reliance Brand Counter,Jun 26,Baby Shampoo,77.1183,8.6121,Baby Care,11.1674,RIL_BA_Store_MS (BA Store),Category,Staffed brand-counter (BA) stores only; RRL Others left out,Yes
Reliance Brand Counter,Jun 26,Baby Soap,101.1972,4.2246,Baby Care,4.1746,RIL_BA_Store_MS (BA Store),Category,Staffed brand-counter (BA) stores only; RRL Others left out,Yes
Reliance Brand Counter,Jun 26,Body Wash/Shower Gel,664.4725,29.7892,Body Wash & Soap,4.4831,RIL_BA_Store_MS (BA Store),Category,Staffed brand-counter (BA) stores only; RRL Others left out,Yes
Reliance Brand Counter,Jun 26,Face Scrubs/Masks,149.3695,4.3383,Face Mask & Scrub,2.9044,RIL_BA_Store_MS (BA Store),Category,Staffed brand-counter (BA) stores only; RRL Others left out,Yes
Reliance Brand Counter,Jun 26,Face Serum,131.3272,18.0824,Face Serum & Treatment,13.769,RIL_BA_Store_MS (BA Store),Category,Staffed brand-counter (BA) stores only; RRL Others left out,Yes
Reliance Brand Counter,Jun 26,Face Wash,1361.0709,371.3723,Face Wash & Cleanser,27.2853,RIL_BA_Store_MS (BA Store),Category,Staffed brand-counter (BA) stores only; RRL Others left out,Yes
Reliance Brand Counter,Jun 26,Facial Kit,70.4849,5.5787,Face Mask & Scrub,7.9148,RIL_BA_Store_MS (BA Store),Category,Staffed brand-counter (BA) stores only; RRL Others left out,Yes
Reliance Brand Counter,Jun 26,Fairness - Women,208.135,3.6211,Face Moisturiser & Cream,1.7398,RIL_BA_Store_MS (BA Store),Category,Staffed brand-counter (BA) stores only; RRL Others left out,Yes
Reliance Brand Counter,Jun 26,Hair - Conditioner,367.2731,7.598,Conditioner,2.0688,RIL_BA_Store_MS (BA Store),Category,Staffed brand-counter (BA) stores only; RRL Others left out,Yes
Reliance Brand Counter,Jun 26,Hair - Leave On,0.1791,0.3109,Hair Treatment & Styling,,RIL_BA_Store_MS (BA Store),Category,Staffed brand-counter (BA) stores only; RRL Others left out,No
Reliance Brand Counter,Jun 26,Hair Color Cream Kit,0.0,0.1697,Hair Treatment & Styling,,RIL_BA_Store_MS (BA Store),Category,Staffed brand-counter (BA) stores only; RRL Others left out,No
Reliance Brand Counter,Jun 26,Hair Mask,36.1438,2.4787,Hair Treatment & Styling,6.8578,RIL_BA_Store_MS (BA Store),Category,Staffed brand-counter (BA) stores only; RRL Others left out,No
Reliance Brand Counter,Jun 26,Hair Oil Others,2.3108,2.4002,Hair Oil,,RIL_BA_Store_MS (BA Store),Category,Staffed brand-counter (BA) stores only; RRL Others left out,Yes
Reliance Brand Counter,Jun 26,Hair Serum,189.9126,0.5263,Hair Treatment & Styling,0.2771,RIL_BA_Store_MS (BA Store),Category,Staffed brand-counter (BA) stores only; RRL Others left out,No
Reliance Brand Counter,Jun 26,Kajal,8.2549,1.981,Other,23.9981,RIL_BA_Store_MS (BA Store),Category,Staffed brand-counter (BA) stores only; RRL Others left out,No
Reliance Brand Counter,Jun 26,Lip Balm,8.0309,1.0183,Lip Care,12.6795,RIL_BA_Store_MS (BA Store),Category,Staffed brand-counter (BA) stores only; RRL Others left out,No
Reliance Brand Counter,Jun 26,Lipstick,257.2255,0.2117,Lip Care,0.0823,RIL_BA_Store_MS (BA Store),Category,Staffed brand-counter (BA) stores only; RRL Others left out,No
Reliance Brand Counter,Jun 26,Moisturizing Cream,688.3674,52.6567,Face Moisturiser & Cream,7.6495,RIL_BA_Store_MS (BA Store),Category,Staffed brand-counter (BA) stores only; RRL Others left out,Yes
Reliance Brand Counter,Jun 26,Moisturizing Lotion,809.8584,36.6709,Body Lotion & Care,4.5281,RIL_BA_Store_MS (BA Store),Category,Staffed brand-counter (BA) stores only; RRL Others left out,Yes
Reliance Brand Counter,Jun 26,Mos Rep Crm/Lotions,9.4099,1.2645,Other,13.4375,RIL_BA_Store_MS (BA Store),Category,Staffed brand-counter (BA) stores only; RRL Others left out,No
Reliance Brand Counter,Jun 26,Onion Hair Oil,18.1473,14.1762,Hair Oil,78.1174,RIL_BA_Store_MS (BA Store),Category,Staffed brand-counter (BA) stores only; RRL Others left out,Yes
Reliance Brand Counter,Jun 26,Perfume - Men,4.4792,0.4645,Fragrance,10.3696,RIL_BA_Store_MS (BA Store),Category,Staffed brand-counter (BA) stores only; RRL Others left out,No
Reliance Brand Counter,Jun 26,Perfume - Women,0.0898,1.8448,Fragrance,,RIL_BA_Store_MS (BA Store),Category,Staffed brand-counter (BA) stores only; RRL Others left out,No
Reliance Brand Counter,Jun 26,Shampoo Herbal,808.8536,325.0185,Shampoo,40.1826,RIL_BA_Store_MS (BA Store),Category,Staffed brand-counter (BA) stores only; RRL Others left out,Yes
Reliance Brand Counter,Jun 26,Sheet Mask,165.2461,3.0156,Face Mask & Scrub,1.8249,RIL_BA_Store_MS (BA Store),Category,Staffed brand-counter (BA) stores only; RRL Others left out,Yes
Reliance Brand Counter,Jun 26,Soaps Beauty,426.0246,0.9614,Beauty Soap,0.2257,RIL_BA_Store_MS (BA Store),Category,Staffed brand-counter (BA) stores only; RRL Others left out,No
Reliance Brand Counter,Jun 26,Soaps Moisturiser,567.4342,23.7192,Face Moisturiser & Cream,4.1801,RIL_BA_Store_MS (BA Store),Category,Staffed brand-counter (BA) stores only; RRL Others left out,Yes
Reliance Brand Counter,Jun 26,Sunscreens,270.5502,83.657,Sun Care,30.9211,RIL_BA_Store_MS (BA Store),Category,Staffed brand-counter (BA) stores only; RRL Others left out,Yes
Reliance Brand Counter,Jun 26,Tooth Paste Kids,0.0,1.2148,Oral Care,,RIL_BA_Store_MS (BA Store),Category,Staffed brand-counter (BA) stores only; RRL Others left out,No
Reliance Brand Counter,Jul 26,Aloe Vera Gel,60.0888,0.5768,Face Moisturiser & Cream,0.9599,RIL_BA_Store_MS (BA Store),Category,Staffed brand-counter (BA) stores only; RRL Others left out,Yes
Reliance Brand Counter,Jul 26,Amla Hair Oil,60.6709,0.01,Hair Oil,0.0165,RIL_BA_Store_MS (BA Store),Category,Staffed brand-counter (BA) stores only; RRL Others left out,Yes
Reliance Brand Counter,Jul 26,Baby Hygn Others,37.6892,3.1584,Baby Care,8.38,RIL_BA_Store_MS (BA Store),Category,Staffed brand-counter (BA) stores only; RRL Others left out,Yes
Reliance Brand Counter,Jul 26,Baby Lotion/Cream,119.5295,1.9818,Baby Care,1.658,RIL_BA_Store_MS (BA Store),Category,Staffed brand-counter (BA) stores only; RRL Others left out,Yes
Reliance Brand Counter,Jul 26,Baby Massage Oil,18.3194,0.0985,Baby Care,0.5379,RIL_BA_Store_MS (BA Store),Category,Staffed brand-counter (BA) stores only; RRL Others left out,Yes
Reliance Brand Counter,Jul 26,Baby Powder,60.1898,0.4228,Baby Care,0.7025,RIL_BA_Store_MS (BA Store),Category,Staffed brand-counter (BA) stores only; RRL Others left out,Yes
Reliance Brand Counter,Jul 26,Baby Shampoo,98.3517,8.4119,Baby Care,8.5529,RIL_BA_Store_MS (BA Store),Category,Staffed brand-counter (BA) stores only; RRL Others left out,Yes
Reliance Brand Counter,Jul 26,Baby Soap,110.6041,3.6825,Baby Care,3.3294,RIL_BA_Store_MS (BA Store),Category,Staffed brand-counter (BA) stores only; RRL Others left out,Yes
Reliance Brand Counter,Jul 26,Body Wash/Shower Gel,565.9253,15.4802,Body Wash & Soap,2.7354,RIL_BA_Store_MS (BA Store),Category,Staffed brand-counter (BA) stores only; RRL Others left out,Yes
Reliance Brand Counter,Jul 26,Face Scrubs/Masks,151.8048,3.3682,Face Mask & Scrub,2.2187,RIL_BA_Store_MS (BA Store),Category,Staffed brand-counter (BA) stores only; RRL Others left out,Yes
Reliance Brand Counter,Jul 26,Face Serum,70.2214,17.0248,Face Serum & Treatment,24.2445,RIL_BA_Store_MS (BA Store),Category,Staffed brand-counter (BA) stores only; RRL Others left out,Yes
Reliance Brand Counter,Jul 26,Face Wash,1407.9388,402.0005,Face Wash & Cleanser,28.5524,RIL_BA_Store_MS (BA Store),Category,Staffed brand-counter (BA) stores only; RRL Others left out,Yes
Reliance Brand Counter,Jul 26,Facial Kit,35.0209,4.8129,Face Mask & Scrub,13.743,RIL_BA_Store_MS (BA Store),Category,Staffed brand-counter (BA) stores only; RRL Others left out,Yes
Reliance Brand Counter,Jul 26,Fairness - Women,173.9153,3.8058,Face Moisturiser & Cream,2.1883,RIL_BA_Store_MS (BA Store),Category,Staffed brand-counter (BA) stores only; RRL Others left out,Yes
Reliance Brand Counter,Jul 26,Hair - Conditioner,325.6915,7.9717,Conditioner,2.4476,RIL_BA_Store_MS (BA Store),Category,Staffed brand-counter (BA) stores only; RRL Others left out,Yes
Reliance Brand Counter,Jul 26,Hair - Leave On,0.0309,0.0489,Hair Treatment & Styling,,RIL_BA_Store_MS (BA Store),Category,Staffed brand-counter (BA) stores only; RRL Others left out,No
Reliance Brand Counter,Jul 26,Hair Color Cream Kit,0.0,0.0274,Hair Treatment & Styling,,RIL_BA_Store_MS (BA Store),Category,Staffed brand-counter (BA) stores only; RRL Others left out,No
Reliance Brand Counter,Jul 26,Hair Mask,29.7033,0.2474,Hair Treatment & Styling,0.8328,RIL_BA_Store_MS (BA Store),Category,Staffed brand-counter (BA) stores only; RRL Others left out,No
Reliance Brand Counter,Jul 26,Hair Oil Others,1.4794,1.9604,Hair Oil,,RIL_BA_Store_MS (BA Store),Category,Staffed brand-counter (BA) stores only; RRL Others left out,Yes
Reliance Brand Counter,Jul 26,Hair Serum,142.1246,0.1503,Hair Treatment & Styling,0.1058,RIL_BA_Store_MS (BA Store),Category,Staffed brand-counter (BA) stores only; RRL Others left out,No
Reliance Brand Counter,Jul 26,Kajal,0.0,0.6047,Other,,RIL_BA_Store_MS (BA Store),Category,Staffed brand-counter (BA) stores only; RRL Others left out,No
Reliance Brand Counter,Jul 26,Lip Balm,4.5015,1.0353,Lip Care,23.0,RIL_BA_Store_MS (BA Store),Category,Staffed brand-counter (BA) stores only; RRL Others left out,No
Reliance Brand Counter,Jul 26,Lipstick,38.4457,0.004,Lip Care,0.0104,RIL_BA_Store_MS (BA Store),Category,Staffed brand-counter (BA) stores only; RRL Others left out,No
Reliance Brand Counter,Jul 26,Moisturizing Cream,572.5399,38.1472,Face Moisturiser & Cream,6.6628,RIL_BA_Store_MS (BA Store),Category,Staffed brand-counter (BA) stores only; RRL Others left out,Yes
Reliance Brand Counter,Jul 26,Moisturizing Lotion,666.3959,30.7943,Body Lotion & Care,4.621,RIL_BA_Store_MS (BA Store),Category,Staffed brand-counter (BA) stores only; RRL Others left out,Yes
Reliance Brand Counter,Jul 26,Mos Rep Crm/Lotions,12.6928,1.4784,Other,11.6475,RIL_BA_Store_MS (BA Store),Category,Staffed brand-counter (BA) stores only; RRL Others left out,No
Reliance Brand Counter,Jul 26,Onion Hair Oil,15.3247,12.0293,Hair Oil,78.4964,RIL_BA_Store_MS (BA Store),Category,Staffed brand-counter (BA) stores only; RRL Others left out,Yes
Reliance Brand Counter,Jul 26,Perfume - Men,3.8183,0.0545,Fragrance,1.4282,RIL_BA_Store_MS (BA Store),Category,Staffed brand-counter (BA) stores only; RRL Others left out,No
Reliance Brand Counter,Jul 26,Perfume - Women,0.0505,0.2749,Fragrance,,RIL_BA_Store_MS (BA Store),Category,Staffed brand-counter (BA) stores only; RRL Others left out,No
Reliance Brand Counter,Jul 26,Shampoo Herbal,697.7436,269.4092,Shampoo,38.6115,RIL_BA_Store_MS (BA Store),Category,Staffed brand-counter (BA) stores only; RRL Others left out,Yes
Reliance Brand Counter,Jul 26,Sheet Mask,135.3367,4.5767,Face Mask & Scrub,3.3817,RIL_BA_Store_MS (BA Store),Category,Staffed brand-counter (BA) stores only; RRL Others left out,Yes
Reliance Brand Counter,Jul 26,Soaps Beauty,379.8829,1.6949,Beauty Soap,0.4462,RIL_BA_Store_MS (BA Store),Category,Staffed brand-counter (BA) stores only; RRL Others left out,No
Reliance Brand Counter,Jul 26,Soaps Moisturiser,471.4748,20.7498,Face Moisturiser & Cream,4.401,RIL_BA_Store_MS (BA Store),Category,Staffed brand-counter (BA) stores only; RRL Others left out,Yes
Reliance Brand Counter,Jul 26,Sunscreens,191.7459,77.2816,Sun Care,40.3042,RIL_BA_Store_MS (BA Store),Category,Staffed brand-counter (BA) stores only; RRL Others left out,Yes
Reliance Brand Counter,Jul 26,Tooth Paste Kids,0.0,1.309,Oral Care,,RIL_BA_Store_MS (BA Store),Category,Staffed brand-counter (BA) stores only; RRL Others left out,No
Reliance Brand Counter,Aug 26,Aloe Vera Gel,56.7256,1.253,Face Moisturiser & Cream,2.2088,RIL_BA_Store_MS (BA Store),Category,Staffed brand-counter (BA) stores only; RRL Others left out,Yes
Reliance Brand Counter,Aug 26,Baby Hygn Others,32.3069,4.755,Baby Care,14.7183,RIL_BA_Store_MS (BA Store),Category,Staffed brand-counter (BA) stores only; RRL Others left out,Yes
Reliance Brand Counter,Aug 26,Baby Lotion/Cream,114.3592,2.9893,Baby Care,2.614,RIL_BA_Store_MS (BA Store),Category,Staffed brand-counter (BA) stores only; RRL Others left out,Yes
Reliance Brand Counter,Aug 26,Baby Massage Oil,18.4474,0.1109,Baby Care,0.6013,RIL_BA_Store_MS (BA Store),Category,Staffed brand-counter (BA) stores only; RRL Others left out,Yes
Reliance Brand Counter,Aug 26,Baby Powder,56.4666,0.3468,Baby Care,0.6142,RIL_BA_Store_MS (BA Store),Category,Staffed brand-counter (BA) stores only; RRL Others left out,Yes
Reliance Brand Counter,Aug 26,Baby Shampoo,86.7897,6.8694,Baby Care,7.915,RIL_BA_Store_MS (BA Store),Category,Staffed brand-counter (BA) stores only; RRL Others left out,Yes
Reliance Brand Counter,Aug 26,Baby Soap,115.8866,3.2187,Baby Care,2.7775,RIL_BA_Store_MS (BA Store),Category,Staffed brand-counter (BA) stores only; RRL Others left out,Yes
Reliance Brand Counter,Aug 26,Bb Cream,0.0,0.0011,Other,,RIL_BA_Store_MS (BA Store),Category,Staffed brand-counter (BA) stores only; RRL Others left out,No
Reliance Brand Counter,Aug 26,Body Wash/Shower Gel,587.3413,10.7836,Body Wash & Soap,1.836,RIL_BA_Store_MS (BA Store),Category,Staffed brand-counter (BA) stores only; RRL Others left out,Yes
Reliance Brand Counter,Aug 26,Face Make-Up Others,0.0,0.0047,Other,,RIL_BA_Store_MS (BA Store),Category,Staffed brand-counter (BA) stores only; RRL Others left out,No
Reliance Brand Counter,Aug 26,Face Scrubs/Masks,145.5662,3.7363,Face Mask & Scrub,2.5667,RIL_BA_Store_MS (BA Store),Category,Staffed brand-counter (BA) stores only; RRL Others left out,Yes
Reliance Brand Counter,Aug 26,Face Serum,118.1253,43.8872,Face Serum & Treatment,37.1531,RIL_BA_Store_MS (BA Store),Category,Staffed brand-counter (BA) stores only; RRL Others left out,Yes
Reliance Brand Counter,Aug 26,Face Wash,1824.2157,630.9381,Face Wash & Cleanser,34.5868,RIL_BA_Store_MS (BA Store),Category,Staffed brand-counter (BA) stores only; RRL Others left out,Yes
Reliance Brand Counter,Aug 26,Facial Kit,65.4091,9.0251,Face Mask & Scrub,13.7979,RIL_BA_Store_MS (BA Store),Category,Staffed brand-counter (BA) stores only; RRL Others left out,Yes
Reliance Brand Counter,Aug 26,Fairness - Women,291.2087,4.874,Face Moisturiser & Cream,1.6737,RIL_BA_Store_MS (BA Store),Category,Staffed brand-counter (BA) stores only; RRL Others left out,Yes
Reliance Brand Counter,Aug 26,Hair - Conditioner,353.4961,8.3746,Conditioner,2.3691,RIL_BA_Store_MS (BA Store),Category,Staffed brand-counter (BA) stores only; RRL Others left out,Yes
Reliance Brand Counter,Aug 26,Hair - Leave On,0.0141,0.0141,Hair Treatment & Styling,100.0,RIL_BA_Store_MS (BA Store),Category,Staffed brand-counter (BA) stores only; RRL Others left out,No
Reliance Brand Counter,Aug 26,Hair Color Cream Kit,0.0,0.0154,Hair Treatment & Styling,,RIL_BA_Store_MS (BA Store),Category,Staffed brand-counter (BA) stores only; RRL Others left out,No
Reliance Brand Counter,Aug 26,Hair Mask,32.5779,0.0878,Hair Treatment & Styling,0.2695,RIL_BA_Store_MS (BA Store),Category,Staffed brand-counter (BA) stores only; RRL Others left out,No
Reliance Brand Counter,Aug 26,Hair Oil Others,1.3902,2.0871,Hair Oil,,RIL_BA_Store_MS (BA Store),Category,Staffed brand-counter (BA) stores only; RRL Others left out,Yes
Reliance Brand Counter,Aug 26,Hair Serum,158.0537,0.2696,Hair Treatment & Styling,0.1706,RIL_BA_Store_MS (BA Store),Category,Staffed brand-counter (BA) stores only; RRL Others left out,No
Reliance Brand Counter,Aug 26,Kajal,0.0,0.6813,Other,,RIL_BA_Store_MS (BA Store),Category,Staffed brand-counter (BA) stores only; RRL Others left out,No
Reliance Brand Counter,Aug 26,Lip Balm,4.559,0.5234,Lip Care,11.4797,RIL_BA_Store_MS (BA Store),Category,Staffed brand-counter (BA) stores only; RRL Others left out,No
Reliance Brand Counter,Aug 26,Lipstick,68.3905,0.0017,Lip Care,0.0025,RIL_BA_Store_MS (BA Store),Category,Staffed brand-counter (BA) stores only; RRL Others left out,No
Reliance Brand Counter,Aug 26,Moisturizing Cream,665.9633,49.0775,Face Moisturiser & Cream,7.3694,RIL_BA_Store_MS (BA Store),Category,Staffed brand-counter (BA) stores only; RRL Others left out,Yes
Reliance Brand Counter,Aug 26,Moisturizing Lotion,571.8779,40.807,Body Lotion & Care,7.1356,RIL_BA_Store_MS (BA Store),Category,Staffed brand-counter (BA) stores only; RRL Others left out,Yes
Reliance Brand Counter,Aug 26,Mos Rep Crm/Lotions,11.7862,1.0115,Other,8.5824,RIL_BA_Store_MS (BA Store),Category,Staffed brand-counter (BA) stores only; RRL Others left out,No
Reliance Brand Counter,Aug 26,Onion Hair Oil,15.702,12.3957,Hair Oil,78.944,RIL_BA_Store_MS (BA Store),Category,Staffed brand-counter (BA) stores only; RRL Others left out,Yes
Reliance Brand Counter,Aug 26,Perfume - Men,5.2702,0.006,Fragrance,0.1137,RIL_BA_Store_MS (BA Store),Category,Staffed brand-counter (BA) stores only; RRL Others left out,No
Reliance Brand Counter,Aug 26,Perfume - Women,0.0,0.1104,Fragrance,,RIL_BA_Store_MS (BA Store),Category,Staffed brand-counter (BA) stores only; RRL Others left out,No
Reliance Brand Counter,Aug 26,Shampoo Herbal,1206.2423,650.5082,Shampoo,53.9285,RIL_BA_Store_MS (BA Store),Category,Staffed brand-counter (BA) stores only; RRL Others left out,Yes
Reliance Brand Counter,Aug 26,Sheet Mask,145.139,20.4813,Face Mask & Scrub,14.1115,RIL_BA_Store_MS (BA Store),Category,Staffed brand-counter (BA) stores only; RRL Others left out,Yes
Reliance Brand Counter,Aug 26,Soaps Beauty,618.7792,1.6509,Beauty Soap,0.2668,RIL_BA_Store_MS (BA Store),Category,Staffed brand-counter (BA) stores only; RRL Others left out,No
Reliance Brand Counter,Aug 26,Soaps Moisturiser,918.6894,20.6081,Face Moisturiser & Cream,2.2432,RIL_BA_Store_MS (BA Store),Category,Staffed brand-counter (BA) stores only; RRL Others left out,Yes
Reliance Brand Counter,Aug 26,Sunscreens,186.8129,67.3625,Sun Care,36.0588,RIL_BA_Store_MS (BA Store),Category,Staffed brand-counter (BA) stores only; RRL Others left out,Yes
Reliance Brand Counter,Aug 26,Tooth Paste Kids,0.0,1.4308,Oral Care,,RIL_BA_Store_MS (BA Store),Category,Staffed brand-counter (BA) stores only; RRL Others left out,No
Reliance Retail,Nov 25,Aloe Vera Gel,155.8485,2.1219,Face Moisturiser & Cream,1.3615,RIL_BA_Store_MS (Article MS Source),Category,Reliance stores outside the brand counters; RRL Others left out,Yes
Reliance Retail,Nov 25,Amla Hair Oil,174.2114,0.2543,Hair Oil,0.146,RIL_BA_Store_MS (Article MS Source),Category,Reliance stores outside the brand counters; RRL Others left out,Yes
Reliance Retail,Nov 25,Baby Hair Oil,26.2329,0.009,Baby Care,0.0342,RIL_BA_Store_MS (Article MS Source),Category,Reliance stores outside the brand counters; RRL Others left out,Yes
Reliance Retail,Nov 25,Baby Hygn Others,75.5519,7.3042,Baby Care,9.6678,RIL_BA_Store_MS (Article MS Source),Category,Reliance stores outside the brand counters; RRL Others left out,Yes
Reliance Retail,Nov 25,Baby Lotion/Cream,362.3304,9.8767,Baby Care,2.7259,RIL_BA_Store_MS (Article MS Source),Category,Reliance stores outside the brand counters; RRL Others left out,Yes
Reliance Retail,Nov 25,Baby Massage Oil,76.0997,0.3635,Baby Care,0.4776,RIL_BA_Store_MS (Article MS Source),Category,Reliance stores outside the brand counters; RRL Others left out,Yes
Reliance Retail,Nov 25,Baby Powder,122.458,2.4915,Baby Care,2.0346,RIL_BA_Store_MS (Article MS Source),Category,Reliance stores outside the brand counters; RRL Others left out,Yes
Reliance Retail,Nov 25,Baby Shampoo,183.8089,14.2207,Baby Care,7.7367,RIL_BA_Store_MS (Article MS Source),Category,Reliance stores outside the brand counters; RRL Others left out,Yes
Reliance Retail,Nov 25,Baby Soap,227.0082,14.0776,Baby Care,6.2014,RIL_BA_Store_MS (Article MS Source),Category,Reliance stores outside the brand counters; RRL Others left out,Yes
Reliance Retail,Nov 25,Baby Wipes,246.3391,0.009,Baby Care,0.0036,RIL_BA_Store_MS (Article MS Source),Category,Reliance stores outside the brand counters; RRL Others left out,Yes
Reliance Retail,Nov 25,Body Wash/Shower Gel,1236.5861,26.1831,Body Wash & Soap,2.1174,RIL_BA_Store_MS (Article MS Source),Category,Reliance stores outside the brand counters; RRL Others left out,Yes
Reliance Retail,Nov 25,Face Scrubs/Masks,271.8366,18.2874,Face Mask & Scrub,6.7274,RIL_BA_Store_MS (Article MS Source),Category,Reliance stores outside the brand counters; RRL Others left out,Yes
Reliance Retail,Nov 25,Face Serum,122.0371,13.1688,Face Serum & Treatment,10.7908,RIL_BA_Store_MS (Article MS Source),Category,Reliance stores outside the brand counters; RRL Others left out,Yes
Reliance Retail,Nov 25,Face Wash,2355.2462,418.4086,Face Wash & Cleanser,17.765,RIL_BA_Store_MS (Article MS Source),Category,Reliance stores outside the brand counters; RRL Others left out,Yes
Reliance Retail,Nov 25,Facial Kit,131.6265,4.1616,Face Mask & Scrub,3.1617,RIL_BA_Store_MS (Article MS Source),Category,Reliance stores outside the brand counters; RRL Others left out,Yes
Reliance Retail,Nov 25,Fairness - Women,664.6351,4.9617,Face Moisturiser & Cream,0.7465,RIL_BA_Store_MS (Article MS Source),Category,Reliance stores outside the brand counters; RRL Others left out,Yes
Reliance Retail,Nov 25,Foundation,27.3582,0.0012,Other,0.0044,RIL_BA_Store_MS (Article MS Source),Category,Reliance stores outside the brand counters; RRL Others left out,No
Reliance Retail,Nov 25,Hair - Conditioner,646.6672,20.6214,Conditioner,3.1889,RIL_BA_Store_MS (Article MS Source),Category,Reliance stores outside the brand counters; RRL Others left out,Yes
Reliance Retail,Nov 25,Hair - Leave On,0.1408,0.3824,Hair Treatment & Styling,,RIL_BA_Store_MS (Article MS Source),Category,Reliance stores outside the brand counters; RRL Others left out,No
Reliance Retail,Nov 25,Hair Color Cream Kit,504.9988,0.991,Hair Treatment & Styling,0.1962,RIL_BA_Store_MS (Article MS Source),Category,Reliance stores outside the brand counters; RRL Others left out,No
Reliance Retail,Nov 25,Hair Mask,28.6678,2.822,Hair Treatment & Styling,9.8439,RIL_BA_Store_MS (Article MS Source),Category,Reliance stores outside the brand counters; RRL Others left out,No
Reliance Retail,Nov 25,Hair Oil Others,2.3551,2.5708,Hair Oil,,RIL_BA_Store_MS (Article MS Source),Category,Reliance stores outside the brand counters; RRL Others left out,Yes
Reliance Retail,Nov 25,Hair Serum,325.5281,4.8648,Hair Treatment & Styling,1.4944,RIL_BA_Store_MS (Article MS Source),Category,Reliance stores outside the brand counters; RRL Others left out,No
Reliance Retail,Nov 25,Kajal,0.0,0.003,Other,,RIL_BA_Store_MS (Article MS Source),Category,Reliance stores outside the brand counters; RRL Others left out,No
Reliance Retail,Nov 25,Lip Balm,38.3412,4.3456,Lip Care,11.334,RIL_BA_Store_MS (Article MS Source),Category,Reliance stores outside the brand counters; RRL Others left out,No
Reliance Retail,Nov 25,Makeup Remover,0.0,0.015,Other,,RIL_BA_Store_MS (Article MS Source),Category,Reliance stores outside the brand counters; RRL Others left out,No
Reliance Retail,Nov 25,Moisturizing Cream,4598.1905,99.7087,Face Moisturiser & Cream,2.1684,RIL_BA_Store_MS (Article MS Source),Category,Reliance stores outside the brand counters; RRL Others left out,Yes
Reliance Retail,Nov 25,Moisturizing Lotion,9393.879,210.9514,Body Lotion & Care,2.2456,RIL_BA_Store_MS (Article MS Source),Category,Reliance stores outside the brand counters; RRL Others left out,Yes
Reliance Retail,Nov 25,Mos Rep Crm/Lotions,39.9823,5.6577,Other,14.1505,RIL_BA_Store_MS (Article MS Source),Category,Reliance stores outside the brand counters; RRL Others left out,No
Reliance Retail,Nov 25,Onion Hair Oil,42.0603,30.2906,Hair Oil,72.017,RIL_BA_Store_MS (Article MS Source),Category,Reliance stores outside the brand counters; RRL Others left out,Yes
Reliance Retail,Nov 25,Perfume - Men,0.1733,2.908,Fragrance,,RIL_BA_Store_MS (Article MS Source),Category,Reliance stores outside the brand counters; RRL Others left out,No
Reliance Retail,Nov 25,Perfume - Women,0.2405,3.5356,Fragrance,,RIL_BA_Store_MS (Article MS Source),Category,Reliance stores outside the brand counters; RRL Others left out,No
Reliance Retail,Nov 25,Shampoo Herbal,875.974,430.6961,Shampoo,49.1677,RIL_BA_Store_MS (Article MS Source),Category,Reliance stores outside the brand counters; RRL Others left out,Yes
Reliance Retail,Nov 25,Sheet Mask,300.3449,3.0239,Face Mask & Scrub,1.0068,RIL_BA_Store_MS (Article MS Source),Category,Reliance stores outside the brand counters; RRL Others left out,Yes
Reliance Retail,Nov 25,Soaps Moisturiser,1276.5302,38.788,Face Moisturiser & Cream,3.0385,RIL_BA_Store_MS (Article MS Source),Category,Reliance stores outside the brand counters; RRL Others left out,Yes
Reliance Retail,Nov 25,Sunscreens,387.9026,85.7785,Sun Care,22.1134,RIL_BA_Store_MS (Article MS Source),Category,Reliance stores outside the brand counters; RRL Others left out,Yes
Reliance Retail,Nov 25,Toners/Astringents,102.9099,0.0004,Toner,0.0004,RIL_BA_Store_MS (Article MS Source),Category,Reliance stores outside the brand counters; RRL Others left out,No
Reliance Retail,Nov 25,Tooth Paste Kids,127.0923,1.2158,Oral Care,0.9566,RIL_BA_Store_MS (Article MS Source),Category,Reliance stores outside the brand counters; RRL Others left out,No
Reliance Retail,Dec 25,Aloe Vera Gel,149.6001,2.2687,Face Moisturiser & Cream,1.5165,RIL_BA_Store_MS (Article MS Source),Category,Reliance stores outside the brand counters; RRL Others left out,Yes
Reliance Retail,Dec 25,Amla Hair Oil,167.8992,0.1754,Hair Oil,0.1045,RIL_BA_Store_MS (Article MS Source),Category,Reliance stores outside the brand counters; RRL Others left out,Yes
Reliance Retail,Dec 25,Baby Hair Oil,24.8935,0.012,Baby Care,0.048,RIL_BA_Store_MS (Article MS Source),Category,Reliance stores outside the brand counters; RRL Others left out,Yes
Reliance Retail,Dec 25,Baby Hygn Others,74.632,6.6957,Baby Care,8.9717,RIL_BA_Store_MS (Article MS Source),Category,Reliance stores outside the brand counters; RRL Others left out,Yes
Reliance Retail,Dec 25,Baby Lotion/Cream,360.3072,8.4679,Baby Care,2.3502,RIL_BA_Store_MS (Article MS Source),Category,Reliance stores outside the brand counters; RRL Others left out,Yes
Reliance Retail,Dec 25,Baby Massage Oil,77.4,0.3332,Baby Care,0.4306,RIL_BA_Store_MS (Article MS Source),Category,Reliance stores outside the brand counters; RRL Others left out,Yes
Reliance Retail,Dec 25,Baby Powder,102.9153,2.1913,Baby Care,2.1292,RIL_BA_Store_MS (Article MS Source),Category,Reliance stores outside the brand counters; RRL Others left out,Yes
Reliance Retail,Dec 25,Baby Shampoo,178.0605,14.7614,Baby Care,8.2901,RIL_BA_Store_MS (Article MS Source),Category,Reliance stores outside the brand counters; RRL Others left out,Yes
Reliance Retail,Dec 25,Baby Soap,240.0954,13.9786,Baby Care,5.8221,RIL_BA_Store_MS (Article MS Source),Category,Reliance stores outside the brand counters; RRL Others left out,Yes
Reliance Retail,Dec 25,Baby Wipes,335.0635,0.006,Baby Care,0.0018,RIL_BA_Store_MS (Article MS Source),Category,Reliance stores outside the brand counters; RRL Others left out,Yes
Reliance Retail,Dec 25,Bb Cream,1.1524,0.0033,Other,0.2855,RIL_BA_Store_MS (Article MS Source),Category,Reliance stores outside the brand counters; RRL Others left out,No
Reliance Retail,Dec 25,Body Wash/Shower Gel,1105.3218,27.9281,Body Wash & Soap,2.5267,RIL_BA_Store_MS (Article MS Source),Category,Reliance stores outside the brand counters; RRL Others left out,Yes
Reliance Retail,Dec 25,Face Scrubs/Masks,247.1843,17.5784,Face Mask & Scrub,7.1115,RIL_BA_Store_MS (Article MS Source),Category,Reliance stores outside the brand counters; RRL Others left out,Yes
Reliance Retail,Dec 25,Face Serum,151.1751,12.483,Face Serum & Treatment,8.2573,RIL_BA_Store_MS (Article MS Source),Category,Reliance stores outside the brand counters; RRL Others left out,Yes
Reliance Retail,Dec 25,Face Wash,2272.3325,439.6951,Face Wash & Cleanser,19.3499,RIL_BA_Store_MS (Article MS Source),Category,Reliance stores outside the brand counters; RRL Others left out,Yes
Reliance Retail,Dec 25,Facial Kit,89.0727,2.39,Face Mask & Scrub,2.6832,RIL_BA_Store_MS (Article MS Source),Category,Reliance stores outside the brand counters; RRL Others left out,Yes
Reliance Retail,Dec 25,Fairness - Women,676.5482,4.7746,Face Moisturiser & Cream,0.7057,RIL_BA_Store_MS (Article MS Source),Category,Reliance stores outside the brand counters; RRL Others left out,Yes
Reliance Retail,Dec 25,Foundation,13.0341,0.0024,Other,0.0184,RIL_BA_Store_MS (Article MS Source),Category,Reliance stores outside the brand counters; RRL Others left out,No
Reliance Retail,Dec 25,Hair - Conditioner,664.7106,20.2669,Conditioner,3.049,RIL_BA_Store_MS (Article MS Source),Category,Reliance stores outside the brand counters; RRL Others left out,Yes
Reliance Retail,Dec 25,Hair - Leave On,0.1473,0.331,Hair Treatment & Styling,,RIL_BA_Store_MS (Article MS Source),Category,Reliance stores outside the brand counters; RRL Others left out,No
Reliance Retail,Dec 25,Hair Color Cream Kit,523.1721,0.8432,Hair Treatment & Styling,0.1612,RIL_BA_Store_MS (Article MS Source),Category,Reliance stores outside the brand counters; RRL Others left out,No
Reliance Retail,Dec 25,Hair Mask,28.7749,2.8232,Hair Treatment & Styling,9.8113,RIL_BA_Store_MS (Article MS Source),Category,Reliance stores outside the brand counters; RRL Others left out,No
Reliance Retail,Dec 25,Hair Oil Others,2.1921,2.8829,Hair Oil,,RIL_BA_Store_MS (Article MS Source),Category,Reliance stores outside the brand counters; RRL Others left out,Yes
Reliance Retail,Dec 25,Hair Serum,295.0427,4.493,Hair Treatment & Styling,1.5228,RIL_BA_Store_MS (Article MS Source),Category,Reliance stores outside the brand counters; RRL Others left out,No
Reliance Retail,Dec 25,Kajal,0.0,0.006,Other,,RIL_BA_Store_MS (Article MS Source),Category,Reliance stores outside the brand counters; RRL Others left out,No
Reliance Retail,Dec 25,Lip Balm,22.917,3.0443,Lip Care,13.2842,RIL_BA_Store_MS (Article MS Source),Category,Reliance stores outside the brand counters; RRL Others left out,No
Reliance Retail,Dec 25,Lipstick,44.9019,0.0028,Lip Care,0.0062,RIL_BA_Store_MS (Article MS Source),Category,Reliance stores outside the brand counters; RRL Others left out,No
Reliance Retail,Dec 25,Makeup Remover,0.0,0.003,Other,,RIL_BA_Store_MS (Article MS Source),Category,Reliance stores outside the brand counters; RRL Others left out,No
Reliance Retail,Dec 25,Moisturizing Cream,3654.4272,54.5117,Face Moisturiser & Cream,1.4917,RIL_BA_Store_MS (Article MS Source),Category,Reliance stores outside the brand counters; RRL Others left out,Yes
Reliance Retail,Dec 25,Moisturizing Lotion,6550.9049,142.2225,Body Lotion & Care,2.171,RIL_BA_Store_MS (Article MS Source),Category,Reliance stores outside the brand counters; RRL Others left out,Yes
Reliance Retail,Dec 25,Mos Rep Crm/Lotions,27.5077,3.7724,Other,13.7138,RIL_BA_Store_MS (Article MS Source),Category,Reliance stores outside the brand counters; RRL Others left out,No
Reliance Retail,Dec 25,Onion Hair Oil,37.0025,27.2779,Hair Oil,73.7191,RIL_BA_Store_MS (Article MS Source),Category,Reliance stores outside the brand counters; RRL Others left out,Yes
Reliance Retail,Dec 25,Perfume - Men,0.517,1.8923,Fragrance,,RIL_BA_Store_MS (Article MS Source),Category,Reliance stores outside the brand counters; RRL Others left out,No
Reliance Retail,Dec 25,Perfume - Women,0.4603,2.8663,Fragrance,,RIL_BA_Store_MS (Article MS Source),Category,Reliance stores outside the brand counters; RRL Others left out,No
Reliance Retail,Dec 25,Shampoo Herbal,778.4807,621.6633,Shampoo,79.856,RIL_BA_Store_MS (Article MS Source),Category,Reliance stores outside the brand counters; RRL Others left out,Yes
Reliance Retail,Dec 25,Sheet Mask,269.6029,1.8932,Face Mask & Scrub,0.7022,RIL_BA_Store_MS (Article MS Source),Category,Reliance stores outside the brand counters; RRL Others left out,Yes
Reliance Retail,Dec 25,Soaps Moisturiser,1195.0158,37.1357,Face Moisturiser & Cream,3.1075,RIL_BA_Store_MS (Article MS Source),Category,Reliance stores outside the brand counters; RRL Others left out,Yes
Reliance Retail,Dec 25,Sunscreens,369.8206,92.0381,Sun Care,24.8872,RIL_BA_Store_MS (Article MS Source),Category,Reliance stores outside the brand counters; RRL Others left out,Yes
Reliance Retail,Dec 25,Tooth Paste Kids,117.5603,0.9479,Oral Care,0.8063,RIL_BA_Store_MS (Article MS Source),Category,Reliance stores outside the brand counters; RRL Others left out,No
Reliance Retail,Jan 26,Aloe Vera Gel,146.2421,1.3804,Face Moisturiser & Cream,0.9439,RIL_BA_Store_MS (Article MS Source),Category,Reliance stores outside the brand counters; RRL Others left out,Yes
Reliance Retail,Jan 26,Amla Hair Oil,196.4344,0.1018,Hair Oil,0.0518,RIL_BA_Store_MS (Article MS Source),Category,Reliance stores outside the brand counters; RRL Others left out,Yes
Reliance Retail,Jan 26,Baby Hair Oil,24.8767,0.0079,Baby Care,0.0316,RIL_BA_Store_MS (Article MS Source),Category,Reliance stores outside the brand counters; RRL Others left out,Yes
Reliance Retail,Jan 26,Baby Hygn Others,66.2862,7.001,Baby Care,10.5618,RIL_BA_Store_MS (Article MS Source),Category,Reliance stores outside the brand counters; RRL Others left out,Yes
Reliance Retail,Jan 26,Baby Lotion/Cream,307.9041,6.4371,Baby Care,2.0906,RIL_BA_Store_MS (Article MS Source),Category,Reliance stores outside the brand counters; RRL Others left out,Yes
Reliance Retail,Jan 26,Baby Massage Oil,75.7456,0.3347,Baby Care,0.4419,RIL_BA_Store_MS (Article MS Source),Category,Reliance stores outside the brand counters; RRL Others left out,Yes
Reliance Retail,Jan 26,Baby Powder,116.9855,2.2695,Baby Care,1.94,RIL_BA_Store_MS (Article MS Source),Category,Reliance stores outside the brand counters; RRL Others left out,Yes
Reliance Retail,Jan 26,Baby Shampoo,186.7066,16.5994,Baby Care,8.8906,RIL_BA_Store_MS (Article MS Source),Category,Reliance stores outside the brand counters; RRL Others left out,Yes
Reliance Retail,Jan 26,Baby Soap,270.872,14.5251,Baby Care,5.3624,RIL_BA_Store_MS (Article MS Source),Category,Reliance stores outside the brand counters; RRL Others left out,Yes
Reliance Retail,Jan 26,Baby Wipes,342.4243,0.0,Baby Care,0.0,RIL_BA_Store_MS (Article MS Source),Category,Reliance stores outside the brand counters; RRL Others left out,Yes
Reliance Retail,Jan 26,Bb Cream,1.3649,0.0,Other,0.0,RIL_BA_Store_MS (Article MS Source),Category,Reliance stores outside the brand counters; RRL Others left out,No
Reliance Retail,Jan 26,Body Wash/Shower Gel,1264.8118,53.9934,Body Wash & Soap,4.2689,RIL_BA_Store_MS (Article MS Source),Category,Reliance stores outside the brand counters; RRL Others left out,Yes
Reliance Retail,Jan 26,Face Scrubs/Masks,300.4314,20.6268,Face Mask & Scrub,6.8657,RIL_BA_Store_MS (Article MS Source),Category,Reliance stores outside the brand counters; RRL Others left out,Yes
Reliance Retail,Jan 26,Face Serum,182.7661,20.4368,Face Serum & Treatment,11.1819,RIL_BA_Store_MS (Article MS Source),Category,Reliance stores outside the brand counters; RRL Others left out,Yes
Reliance Retail,Jan 26,Face Wash,3018.9722,618.9918,Face Wash & Cleanser,20.5034,RIL_BA_Store_MS (Article MS Source),Category,Reliance stores outside the brand counters; RRL Others left out,Yes
Reliance Retail,Jan 26,Facial Kit,122.3065,7.0466,Face Mask & Scrub,5.7614,RIL_BA_Store_MS (Article MS Source),Category,Reliance stores outside the brand counters; RRL Others left out,Yes
Reliance Retail,Jan 26,Fairness - Women,925.6208,4.2581,Face Moisturiser & Cream,0.46,RIL_BA_Store_MS (Article MS Source),Category,Reliance stores outside the brand counters; RRL Others left out,Yes
Reliance Retail,Jan 26,Foundation,114.043,0.0,Other,0.0,RIL_BA_Store_MS (Article MS Source),Category,Reliance stores outside the brand counters; RRL Others left out,No
Reliance Retail,Jan 26,Hair - Conditioner,751.036,22.3635,Conditioner,2.9777,RIL_BA_Store_MS (Article MS Source),Category,Reliance stores outside the brand counters; RRL Others left out,Yes
Reliance Retail,Jan 26,Hair - Leave On,0.2156,0.6124,Hair Treatment & Styling,,RIL_BA_Store_MS (Article MS Source),Category,Reliance stores outside the brand counters; RRL Others left out,No
Reliance Retail,Jan 26,Hair Color Cream Kit,752.8516,0.7349,Hair Treatment & Styling,0.0976,RIL_BA_Store_MS (Article MS Source),Category,Reliance stores outside the brand counters; RRL Others left out,No
Reliance Retail,Jan 26,Hair Mask,33.5045,3.1753,Hair Treatment & Styling,9.4773,RIL_BA_Store_MS (Article MS Source),Category,Reliance stores outside the brand counters; RRL Others left out,No
Reliance Retail,Jan 26,Hair Oil Others,2.4421,3.1968,Hair Oil,,RIL_BA_Store_MS (Article MS Source),Category,Reliance stores outside the brand counters; RRL Others left out,Yes
Reliance Retail,Jan 26,Hair Serum,346.9696,5.3441,Hair Treatment & Styling,1.5402,RIL_BA_Store_MS (Article MS Source),Category,Reliance stores outside the brand counters; RRL Others left out,No
Reliance Retail,Jan 26,Kajal,0.0,0.6618,Other,,RIL_BA_Store_MS (Article MS Source),Category,Reliance stores outside the brand counters; RRL Others left out,No
Reliance Retail,Jan 26,Lip Balm,13.2179,1.9812,Lip Care,14.9887,RIL_BA_Store_MS (Article MS Source),Category,Reliance stores outside the brand counters; RRL Others left out,No
Reliance Retail,Jan 26,Lipstick,115.8427,0.0,Lip Care,0.0,RIL_BA_Store_MS (Article MS Source),Category,Reliance stores outside the brand counters; RRL Others left out,No
Reliance Retail,Jan 26,Moisturizing Cream,2787.788,65.5089,Face Moisturiser & Cream,2.3499,RIL_BA_Store_MS (Article MS Source),Category,Reliance stores outside the brand counters; RRL Others left out,Yes
Reliance Retail,Jan 26,Moisturizing Lotion,4073.4839,138.5045,Body Lotion & Care,3.4001,RIL_BA_Store_MS (Article MS Source),Category,Reliance stores outside the brand counters; RRL Others left out,Yes
Reliance Retail,Jan 26,Mos Rep Crm/Lotions,21.7804,0.5029,Other,2.3089,RIL_BA_Store_MS (Article MS Source),Category,Reliance stores outside the brand counters; RRL Others left out,No
Reliance Retail,Jan 26,Onion Hair Oil,41.416,31.393,Hair Oil,75.7993,RIL_BA_Store_MS (Article MS Source),Category,Reliance stores outside the brand counters; RRL Others left out,Yes
Reliance Retail,Jan 26,Perfume - Men,0.2508,1.5751,Fragrance,,RIL_BA_Store_MS (Article MS Source),Category,Reliance stores outside the brand counters; RRL Others left out,No
Reliance Retail,Jan 26,Perfume - Women,0.3705,2.33,Fragrance,,RIL_BA_Store_MS (Article MS Source),Category,Reliance stores outside the brand counters; RRL Others left out,No
Reliance Retail,Jan 26,Shampoo Herbal,1665.0623,770.8903,Shampoo,46.298,RIL_BA_Store_MS (Article MS Source),Category,Reliance stores outside the brand counters; RRL Others left out,Yes
Reliance Retail,Jan 26,Sheet Mask,292.7764,2.5313,Face Mask & Scrub,0.8646,RIL_BA_Store_MS (Article MS Source),Category,Reliance stores outside the brand counters; RRL Others left out,Yes
Reliance Retail,Jan 26,Soaps Moisturiser,1974.6216,40.2717,Face Moisturiser & Cream,2.0395,RIL_BA_Store_MS (Article MS Source),Category,Reliance stores outside the brand counters; RRL Others left out,Yes
Reliance Retail,Jan 26,Sunscreens,427.8139,124.7194,Sun Care,29.1527,RIL_BA_Store_MS (Article MS Source),Category,Reliance stores outside the brand counters; RRL Others left out,Yes
Reliance Retail,Jan 26,Tooth Paste Kids,122.4648,1.3141,Oral Care,1.0731,RIL_BA_Store_MS (Article MS Source),Category,Reliance stores outside the brand counters; RRL Others left out,No
Reliance Retail,Feb 26,Aloe Vera Gel,148.7165,0.9131,Face Moisturiser & Cream,0.614,RIL_BA_Store_MS (Article MS Source),Category,Reliance stores outside the brand counters; RRL Others left out,Yes
Reliance Retail,Feb 26,Amla Hair Oil,192.0527,0.5653,Hair Oil,0.2944,RIL_BA_Store_MS (Article MS Source),Category,Reliance stores outside the brand counters; RRL Others left out,Yes
Reliance Retail,Feb 26,Baby Hair Oil,36.4821,0.1348,Baby Care,0.3694,RIL_BA_Store_MS (Article MS Source),Category,Reliance stores outside the brand counters; RRL Others left out,Yes
Reliance Retail,Feb 26,Baby Hygn Others,97.1493,7.2268,Baby Care,7.4388,RIL_BA_Store_MS (Article MS Source),Category,Reliance stores outside the brand counters; RRL Others left out,Yes
Reliance Retail,Feb 26,Baby Lotion/Cream,228.7952,4.3584,Baby Care,1.9049,RIL_BA_Store_MS (Article MS Source),Category,Reliance stores outside the brand counters; RRL Others left out,Yes
Reliance Retail,Feb 26,Baby Massage Oil,88.6359,0.8527,Baby Care,0.962,RIL_BA_Store_MS (Article MS Source),Category,Reliance stores outside the brand counters; RRL Others left out,Yes
Reliance Retail,Feb 26,Baby Powder,141.1157,5.4764,Baby Care,3.8808,RIL_BA_Store_MS (Article MS Source),Category,Reliance stores outside the brand counters; RRL Others left out,Yes
Reliance Retail,Feb 26,Baby Shampoo,180.1081,14.9733,Baby Care,8.3135,RIL_BA_Store_MS (Article MS Source),Category,Reliance stores outside the brand counters; RRL Others left out,Yes
Reliance Retail,Feb 26,Baby Soap,238.828,17.1668,Baby Care,7.1879,RIL_BA_Store_MS (Article MS Source),Category,Reliance stores outside the brand counters; RRL Others left out,Yes
Reliance Retail,Feb 26,Baby Wipes,255.7903,0.006,Baby Care,0.0023,RIL_BA_Store_MS (Article MS Source),Category,Reliance stores outside the brand counters; RRL Others left out,Yes
Reliance Retail,Feb 26,Bb Cream,2.7104,0.0197,Other,0.7283,RIL_BA_Store_MS (Article MS Source),Category,Reliance stores outside the brand counters; RRL Others left out,No
Reliance Retail,Feb 26,Body Wash/Shower Gel,1308.6436,50.7468,Body Wash & Soap,3.8778,RIL_BA_Store_MS (Article MS Source),Category,Reliance stores outside the brand counters; RRL Others left out,Yes
Reliance Retail,Feb 26,Compact Powder,32.0982,0.0556,Other,0.1733,RIL_BA_Store_MS (Article MS Source),Category,Reliance stores outside the brand counters; RRL Others left out,No
Reliance Retail,Feb 26,Eye Liner,13.5013,0.008,Other,0.0591,RIL_BA_Store_MS (Article MS Source),Category,Reliance stores outside the brand counters; RRL Others left out,No
Reliance Retail,Feb 26,Face Scrubs/Masks,331.4007,18.8193,Face Mask & Scrub,5.6787,RIL_BA_Store_MS (Article MS Source),Category,Reliance stores outside the brand counters; RRL Others left out,Yes
Reliance Retail,Feb 26,Face Serum,201.4931,17.1846,Face Serum & Treatment,8.5286,RIL_BA_Store_MS (Article MS Source),Category,Reliance stores outside the brand counters; RRL Others left out,Yes
Reliance Retail,Feb 26,Face Wash,2565.3154,513.2611,Face Wash & Cleanser,20.0077,RIL_BA_Store_MS (Article MS Source),Category,Reliance stores outside the brand counters; RRL Others left out,Yes
Reliance Retail,Feb 26,Facial Kit,173.8837,6.7263,Face Mask & Scrub,3.8683,RIL_BA_Store_MS (Article MS Source),Category,Reliance stores outside the brand counters; RRL Others left out,Yes
Reliance Retail,Feb 26,Fairness - Women,735.8736,6.5845,Face Moisturiser & Cream,0.8948,RIL_BA_Store_MS (Article MS Source),Category,Reliance stores outside the brand counters; RRL Others left out,Yes
Reliance Retail,Feb 26,Foundation,57.791,0.0215,Other,0.0371,RIL_BA_Store_MS (Article MS Source),Category,Reliance stores outside the brand counters; RRL Others left out,No
Reliance Retail,Feb 26,Hair - Conditioner,694.8933,18.5238,Conditioner,2.6657,RIL_BA_Store_MS (Article MS Source),Category,Reliance stores outside the brand counters; RRL Others left out,Yes
Reliance Retail,Feb 26,Hair - Leave On,0.5636,1.0746,Hair Treatment & Styling,,RIL_BA_Store_MS (Article MS Source),Category,Reliance stores outside the brand counters; RRL Others left out,No
Reliance Retail,Feb 26,Hair Color Cream Kit,564.3558,0.6546,Hair Treatment & Styling,0.116,RIL_BA_Store_MS (Article MS Source),Category,Reliance stores outside the brand counters; RRL Others left out,No
Reliance Retail,Feb 26,Hair Mask,34.8655,5.1442,Hair Treatment & Styling,14.7543,RIL_BA_Store_MS (Article MS Source),Category,Reliance stores outside the brand counters; RRL Others left out,No
Reliance Retail,Feb 26,Hair Oil Others,5.3646,3.3986,Hair Oil,63.3532,RIL_BA_Store_MS (Article MS Source),Category,Reliance stores outside the brand counters; RRL Others left out,Yes
Reliance Retail,Feb 26,Hair Serum,408.6319,5.8511,Hair Treatment & Styling,1.4319,RIL_BA_Store_MS (Article MS Source),Category,Reliance stores outside the brand counters; RRL Others left out,No
Reliance Retail,Feb 26,Kajal,11.4499,1.3047,Other,11.3945,RIL_BA_Store_MS (Article MS Source),Category,Reliance stores outside the brand counters; RRL Others left out,No
Reliance Retail,Feb 26,Lip Balm,14.3749,4.5419,Lip Care,31.5959,RIL_BA_Store_MS (Article MS Source),Category,Reliance stores outside the brand counters; RRL Others left out,No
Reliance Retail,Feb 26,Lipstick,161.8946,0.1933,Lip Care,0.1194,RIL_BA_Store_MS (Article MS Source),Category,Reliance stores outside the brand counters; RRL Others left out,No
Reliance Retail,Feb 26,Makeup Remover,12.7281,0.003,Other,0.0235,RIL_BA_Store_MS (Article MS Source),Category,Reliance stores outside the brand counters; RRL Others left out,No
Reliance Retail,Feb 26,Mascara,4.5603,0.02,Other,0.4377,RIL_BA_Store_MS (Article MS Source),Category,Reliance stores outside the brand counters; RRL Others left out,No
Reliance Retail,Feb 26,Moisturizing Cream,1785.0168,47.0176,Face Moisturiser & Cream,2.634,RIL_BA_Store_MS (Article MS Source),Category,Reliance stores outside the brand counters; RRL Others left out,Yes
Reliance Retail,Feb 26,Moisturizing Lotion,2136.2719,72.8062,Body Lotion & Care,3.4081,RIL_BA_Store_MS (Article MS Source),Category,Reliance stores outside the brand counters; RRL Others left out,Yes
Reliance Retail,Feb 26,Mos Rep Crm/Lotions,52.3776,3.7781,Other,7.2132,RIL_BA_Store_MS (Article MS Source),Category,Reliance stores outside the brand counters; RRL Others left out,No
Reliance Retail,Feb 26,Onion Hair Oil,47.2823,33.6001,Hair Oil,71.0627,RIL_BA_Store_MS (Article MS Source),Category,Reliance stores outside the brand counters; RRL Others left out,Yes
Reliance Retail,Feb 26,Perfume - Men,0.368,3.2603,Fragrance,,RIL_BA_Store_MS (Article MS Source),Category,Reliance stores outside the brand counters; RRL Others left out,No
Reliance Retail,Feb 26,Perfume - Women,0.6292,7.876,Fragrance,,RIL_BA_Store_MS (Article MS Source),Category,Reliance stores outside the brand counters; RRL Others left out,No
Reliance Retail,Feb 26,Shampoo Herbal,1293.3369,452.0409,Shampoo,34.9515,RIL_BA_Store_MS (Article MS Source),Category,Reliance stores outside the brand counters; RRL Others left out,Yes
Reliance Retail,Feb 26,Sheet Mask,318.2174,3.8561,Face Mask & Scrub,1.2118,RIL_BA_Store_MS (Article MS Source),Category,Reliance stores outside the brand counters; RRL Others left out,Yes
Reliance Retail,Feb 26,Soaps Moisturiser,1305.3744,40.516,Face Moisturiser & Cream,3.1038,RIL_BA_Store_MS (Article MS Source),Category,Reliance stores outside the brand counters; RRL Others left out,Yes
Reliance Retail,Feb 26,Sunscreens,1008.6209,152.0237,Sun Care,15.0724,RIL_BA_Store_MS (Article MS Source),Category,Reliance stores outside the brand counters; RRL Others left out,Yes
Reliance Retail,Feb 26,Tooth Paste Kids,0.0,1.3306,Oral Care,,RIL_BA_Store_MS (Article MS Source),Category,Reliance stores outside the brand counters; RRL Others left out,No
Reliance Retail,Feb 26,Toothpaste Kids,122.6983,0.0,Oral Care,0.0,RIL_BA_Store_MS (Article MS Source),Category,Reliance stores outside the brand counters; RRL Others left out,No
Reliance Retail,Mar 26,Aloe Vera Gel,173.8132,0.5568,Face Moisturiser & Cream,0.3203,RIL_BA_Store_MS (Article MS Source),Category,Reliance stores outside the brand counters; RRL Others left out,Yes
Reliance Retail,Mar 26,Amla Hair Oil,211.5625,0.3368,Hair Oil,0.1592,RIL_BA_Store_MS (Article MS Source),Category,Reliance stores outside the brand counters; RRL Others left out,Yes
Reliance Retail,Mar 26,Baby Hair Oil,32.4452,0.1184,Baby Care,0.3651,RIL_BA_Store_MS (Article MS Source),Category,Reliance stores outside the brand counters; RRL Others left out,Yes
Reliance Retail,Mar 26,Baby Hygn Others,100.0512,7.3077,Baby Care,7.304,RIL_BA_Store_MS (Article MS Source),Category,Reliance stores outside the brand counters; RRL Others left out,Yes
Reliance Retail,Mar 26,Baby Lotion/Cream,253.859,5.4021,Baby Care,2.128,RIL_BA_Store_MS (Article MS Source),Category,Reliance stores outside the brand counters; RRL Others left out,Yes
Reliance Retail,Mar 26,Baby Massage Oil,85.164,1.395,Baby Care,1.6381,RIL_BA_Store_MS (Article MS Source),Category,Reliance stores outside the brand counters; RRL Others left out,Yes
Reliance Retail,Mar 26,Baby Powder,138.9675,5.5317,Baby Care,3.9805,RIL_BA_Store_MS (Article MS Source),Category,Reliance stores outside the brand counters; RRL Others left out,Yes
Reliance Retail,Mar 26,Baby Shampoo,198.515,16.2371,Baby Care,8.1793,RIL_BA_Store_MS (Article MS Source),Category,Reliance stores outside the brand counters; RRL Others left out,Yes
Reliance Retail,Mar 26,Baby Soap,241.9566,17.4488,Baby Care,7.2115,RIL_BA_Store_MS (Article MS Source),Category,Reliance stores outside the brand counters; RRL Others left out,Yes
Reliance Retail,Mar 26,Bb Cream,1.5159,0.0286,Other,1.8882,RIL_BA_Store_MS (Article MS Source),Category,Reliance stores outside the brand counters; RRL Others left out,No
Reliance Retail,Mar 26,Body Wash/Shower Gel,1482.539,54.2887,Body Wash & Soap,3.6619,RIL_BA_Store_MS (Article MS Source),Category,Reliance stores outside the brand counters; RRL Others left out,Yes
Reliance Retail,Mar 26,Compact Powder,24.0942,0.0449,Other,0.1864,RIL_BA_Store_MS (Article MS Source),Category,Reliance stores outside the brand counters; RRL Others left out,No
Reliance Retail,Mar 26,Face Scrubs/Masks,339.9536,14.6431,Face Mask & Scrub,4.3074,RIL_BA_Store_MS (Article MS Source),Category,Reliance stores outside the brand counters; RRL Others left out,Yes
Reliance Retail,Mar 26,Face Serum,185.738,13.2365,Face Serum & Treatment,7.1264,RIL_BA_Store_MS (Article MS Source),Category,Reliance stores outside the brand counters; RRL Others left out,Yes
Reliance Retail,Mar 26,Face Wash,2957.5697,612.7624,Face Wash & Cleanser,20.7184,RIL_BA_Store_MS (Article MS Source),Category,Reliance stores outside the brand counters; RRL Others left out,Yes
Reliance Retail,Mar 26,Facial Kit,141.4392,4.8533,Face Mask & Scrub,3.4314,RIL_BA_Store_MS (Article MS Source),Category,Reliance stores outside the brand counters; RRL Others left out,Yes
Reliance Retail,Mar 26,Fairness - Women,790.3859,3.4108,Face Moisturiser & Cream,0.4315,RIL_BA_Store_MS (Article MS Source),Category,Reliance stores outside the brand counters; RRL Others left out,Yes
Reliance Retail,Mar 26,Foundation,42.4377,0.1616,Other,0.3809,RIL_BA_Store_MS (Article MS Source),Category,Reliance stores outside the brand counters; RRL Others left out,No
Reliance Retail,Mar 26,Hair - Conditioner,788.2347,18.2575,Conditioner,2.3162,RIL_BA_Store_MS (Article MS Source),Category,Reliance stores outside the brand counters; RRL Others left out,Yes
Reliance Retail,Mar 26,Hair - Leave On,0.4736,0.7564,Hair Treatment & Styling,,RIL_BA_Store_MS (Article MS Source),Category,Reliance stores outside the brand counters; RRL Others left out,No
Reliance Retail,Mar 26,Hair Color Cream Kit,627.8803,0.5382,Hair Treatment & Styling,0.0857,RIL_BA_Store_MS (Article MS Source),Category,Reliance stores outside the brand counters; RRL Others left out,No
Reliance Retail,Mar 26,Hair Mask,41.6783,3.4563,Hair Treatment & Styling,8.2929,RIL_BA_Store_MS (Article MS Source),Category,Reliance stores outside the brand counters; RRL Others left out,No
Reliance Retail,Mar 26,Hair Oil Others,4.2046,3.6595,Hair Oil,87.0364,RIL_BA_Store_MS (Article MS Source),Category,Reliance stores outside the brand counters; RRL Others left out,Yes
Reliance Retail,Mar 26,Hair Serum,377.0132,5.957,Hair Treatment & Styling,1.58,RIL_BA_Store_MS (Article MS Source),Category,Reliance stores outside the brand counters; RRL Others left out,No
Reliance Retail,Mar 26,Kajal,9.7675,0.8808,Other,9.0174,RIL_BA_Store_MS (Article MS Source),Category,Reliance stores outside the brand counters; RRL Others left out,No
Reliance Retail,Mar 26,Lip Balm,11.264,3.5979,Lip Care,31.942,RIL_BA_Store_MS (Article MS Source),Category,Reliance stores outside the brand counters; RRL Others left out,No
Reliance Retail,Mar 26,Lipstick,134.5264,0.1324,Lip Care,0.0984,RIL_BA_Store_MS (Article MS Source),Category,Reliance stores outside the brand counters; RRL Others left out,No
Reliance Retail,Mar 26,Makeup Remover,0.0032,0.003,Other,92.284,RIL_BA_Store_MS (Article MS Source),Category,Reliance stores outside the brand counters; RRL Others left out,No
Reliance Retail,Mar 26,Mascara,3.5648,0.01,Other,0.28,RIL_BA_Store_MS (Article MS Source),Category,Reliance stores outside the brand counters; RRL Others left out,No
Reliance Retail,Mar 26,Moisturizing Cream,1930.4169,46.4264,Face Moisturiser & Cream,2.405,RIL_BA_Store_MS (Article MS Source),Category,Reliance stores outside the brand counters; RRL Others left out,Yes
Reliance Retail,Mar 26,Moisturizing Lotion,2039.4916,79.4342,Body Lotion & Care,3.8948,RIL_BA_Store_MS (Article MS Source),Category,Reliance stores outside the brand counters; RRL Others left out,Yes
Reliance Retail,Mar 26,Mos Rep Crm/Lotions,70.1156,5.6323,Other,8.0328,RIL_BA_Store_MS (Article MS Source),Category,Reliance stores outside the brand counters; RRL Others left out,No
Reliance Retail,Mar 26,Onion Hair Oil,42.0866,31.1873,Hair Oil,74.1028,RIL_BA_Store_MS (Article MS Source),Category,Reliance stores outside the brand counters; RRL Others left out,Yes
Reliance Retail,Mar 26,Perfume - Men,1.0891,1.9267,Fragrance,,RIL_BA_Store_MS (Article MS Source),Category,Reliance stores outside the brand counters; RRL Others left out,No
Reliance Retail,Mar 26,Perfume - Women,0.7527,4.4148,Fragrance,,RIL_BA_Store_MS (Article MS Source),Category,Reliance stores outside the brand counters; RRL Others left out,No
Reliance Retail,Mar 26,Shampoo Herbal,1463.9426,518.1129,Shampoo,35.3916,RIL_BA_Store_MS (Article MS Source),Category,Reliance stores outside the brand counters; RRL Others left out,Yes
Reliance Retail,Mar 26,Sheet Mask,330.5634,2.9402,Face Mask & Scrub,0.8895,RIL_BA_Store_MS (Article MS Source),Category,Reliance stores outside the brand counters; RRL Others left out,Yes
Reliance Retail,Mar 26,Soaps Moisturiser,1302.6347,47.4829,Face Moisturiser & Cream,3.6451,RIL_BA_Store_MS (Article MS Source),Category,Reliance stores outside the brand counters; RRL Others left out,Yes
Reliance Retail,Mar 26,Sunscreens,893.8647,171.774,Sun Care,19.217,RIL_BA_Store_MS (Article MS Source),Category,Reliance stores outside the brand counters; RRL Others left out,Yes
Reliance Retail,Mar 26,Tooth Paste Kids,0.0,0.437,Oral Care,,RIL_BA_Store_MS (Article MS Source),Category,Reliance stores outside the brand counters; RRL Others left out,No
Reliance Retail,Apr 26,Aloe Vera Gel,160.8138,0.2746,Face Moisturiser & Cream,0.1707,RIL_BA_Store_MS (Article MS Source),Category,Reliance stores outside the brand counters; RRL Others left out,Yes
Reliance Retail,Apr 26,Amla Hair Oil,210.7554,0.0305,Hair Oil,0.0145,RIL_BA_Store_MS (Article MS Source),Category,Reliance stores outside the brand counters; RRL Others left out,Yes
Reliance Retail,Apr 26,Baby Hair Oil,24.4947,0.0004,Baby Care,0.0018,RIL_BA_Store_MS (Article MS Source),Category,Reliance stores outside the brand counters; RRL Others left out,Yes
Reliance Retail,Apr 26,Baby Hygn Others,66.77,5.0082,Baby Care,7.5007,RIL_BA_Store_MS (Article MS Source),Category,Reliance stores outside the brand counters; RRL Others left out,Yes
Reliance Retail,Apr 26,Baby Lotion/Cream,216.7488,4.2741,Baby Care,1.9719,RIL_BA_Store_MS (Article MS Source),Category,Reliance stores outside the brand counters; RRL Others left out,Yes
Reliance Retail,Apr 26,Baby Massage Oil,68.9799,0.216,Baby Care,0.3132,RIL_BA_Store_MS (Article MS Source),Category,Reliance stores outside the brand counters; RRL Others left out,Yes
Reliance Retail,Apr 26,Baby Powder,168.2845,1.7968,Baby Care,1.0677,RIL_BA_Store_MS (Article MS Source),Category,Reliance stores outside the brand counters; RRL Others left out,Yes
Reliance Retail,Apr 26,Baby Shampoo,190.1975,15.0097,Baby Care,7.8917,RIL_BA_Store_MS (Article MS Source),Category,Reliance stores outside the brand counters; RRL Others left out,Yes
Reliance Retail,Apr 26,Baby Soap,251.517,11.6613,Baby Care,4.6364,RIL_BA_Store_MS (Article MS Source),Category,Reliance stores outside the brand counters; RRL Others left out,Yes
Reliance Retail,Apr 26,Bb Cream,0.6898,0.0033,Other,0.4769,RIL_BA_Store_MS (Article MS Source),Category,Reliance stores outside the brand counters; RRL Others left out,No
Reliance Retail,Apr 26,Body Wash/Shower Gel,1257.4185,43.2854,Body Wash & Soap,3.4424,RIL_BA_Store_MS (Article MS Source),Category,Reliance stores outside the brand counters; RRL Others left out,Yes
Reliance Retail,Apr 26,Face Scrubs/Masks,317.4032,12.1064,Face Mask & Scrub,3.8142,RIL_BA_Store_MS (Article MS Source),Category,Reliance stores outside the brand counters; RRL Others left out,Yes
Reliance Retail,Apr 26,Face Serum,129.2275,9.5924,Face Serum & Treatment,7.4229,RIL_BA_Store_MS (Article MS Source),Category,Reliance stores outside the brand counters; RRL Others left out,Yes
Reliance Retail,Apr 26,Face Wash,2931.1481,625.6907,Face Wash & Cleanser,21.3463,RIL_BA_Store_MS (Article MS Source),Category,Reliance stores outside the brand counters; RRL Others left out,Yes
Reliance Retail,Apr 26,Facial Kit,87.6061,4.9611,Face Mask & Scrub,5.663,RIL_BA_Store_MS (Article MS Source),Category,Reliance stores outside the brand counters; RRL Others left out,Yes
Reliance Retail,Apr 26,Fairness - Women,841.1619,2.4559,Face Moisturiser & Cream,0.292,RIL_BA_Store_MS (Article MS Source),Category,Reliance stores outside the brand counters; RRL Others left out,Yes
Reliance Retail,Apr 26,Foundation,0.0,0.0007,Other,,RIL_BA_Store_MS (Article MS Source),Category,Reliance stores outside the brand counters; RRL Others left out,No
Reliance Retail,Apr 26,Hair - Conditioner,717.8422,16.2914,Conditioner,2.2695,RIL_BA_Store_MS (Article MS Source),Category,Reliance stores outside the brand counters; RRL Others left out,Yes
Reliance Retail,Apr 26,Hair - Leave On,0.0232,0.0186,Hair Treatment & Styling,80.1467,RIL_BA_Store_MS (Article MS Source),Category,Reliance stores outside the brand counters; RRL Others left out,No
Reliance Retail,Apr 26,Hair Color Cream Kit,559.2154,0.3055,Hair Treatment & Styling,0.0546,RIL_BA_Store_MS (Article MS Source),Category,Reliance stores outside the brand counters; RRL Others left out,No
Reliance Retail,Apr 26,Hair Mask,40.995,2.2276,Hair Treatment & Styling,5.4338,RIL_BA_Store_MS (Article MS Source),Category,Reliance stores outside the brand counters; RRL Others left out,No
Reliance Retail,Apr 26,Hair Oil Others,1.7431,2.1079,Hair Oil,,RIL_BA_Store_MS (Article MS Source),Category,Reliance stores outside the brand counters; RRL Others left out,Yes
Reliance Retail,Apr 26,Hair Serum,276.6039,3.3144,Hair Treatment & Styling,1.1982,RIL_BA_Store_MS (Article MS Source),Category,Reliance stores outside the brand counters; RRL Others left out,No
Reliance Retail,Apr 26,Kajal,0.0,0.7586,Other,,RIL_BA_Store_MS (Article MS Source),Category,Reliance stores outside the brand counters; RRL Others left out,No
Reliance Retail,Apr 26,Lip Balm,5.3099,1.0095,Lip Care,19.0116,RIL_BA_Store_MS (Article MS Source),Category,Reliance stores outside the brand counters; RRL Others left out,No
Reliance Retail,Apr 26,Moisturizing Cream,1757.0426,58.8163,Face Moisturiser & Cream,3.3475,RIL_BA_Store_MS (Article MS Source),Category,Reliance stores outside the brand counters; RRL Others left out,Yes
Reliance Retail,Apr 26,Moisturizing Lotion,1732.9676,69.8615,Body Lotion & Care,4.0313,RIL_BA_Store_MS (Article MS Source),Category,Reliance stores outside the brand counters; RRL Others left out,Yes
Reliance Retail,Apr 26,Mos Rep Crm/Lotions,40.6939,1.0192,Other,2.5045,RIL_BA_Store_MS (Article MS Source),Category,Reliance stores outside the brand counters; RRL Others left out,No
Reliance Retail,Apr 26,Onion Hair Oil,29.9844,21.1988,Hair Oil,70.6993,RIL_BA_Store_MS (Article MS Source),Category,Reliance stores outside the brand counters; RRL Others left out,Yes
Reliance Retail,Apr 26,Perfume - Men,0.6153,0.1554,Fragrance,25.2572,RIL_BA_Store_MS (Article MS Source),Category,Reliance stores outside the brand counters; RRL Others left out,No
Reliance Retail,Apr 26,Perfume - Women,0.1684,0.4046,Fragrance,,RIL_BA_Store_MS (Article MS Source),Category,Reliance stores outside the brand counters; RRL Others left out,No
Reliance Retail,Apr 26,Shampoo Herbal,1418.6277,620.3418,Shampoo,43.7283,RIL_BA_Store_MS (Article MS Source),Category,Reliance stores outside the brand counters; RRL Others left out,Yes
Reliance Retail,Apr 26,Sheet Mask,270.1184,2.5218,Face Mask & Scrub,0.9336,RIL_BA_Store_MS (Article MS Source),Category,Reliance stores outside the brand counters; RRL Others left out,Yes
Reliance Retail,Apr 26,Soaps Moisturiser,1334.6202,42.2095,Face Moisturiser & Cream,3.1627,RIL_BA_Store_MS (Article MS Source),Category,Reliance stores outside the brand counters; RRL Others left out,Yes
Reliance Retail,Apr 26,Sunscreens,1024.7424,196.9175,Sun Care,19.2163,RIL_BA_Store_MS (Article MS Source),Category,Reliance stores outside the brand counters; RRL Others left out,Yes
Reliance Retail,Apr 26,Tooth Paste Kids,0.0,1.2198,Oral Care,,RIL_BA_Store_MS (Article MS Source),Category,Reliance stores outside the brand counters; RRL Others left out,No
Reliance Retail,May 26,Aloe Vera Gel,184.0023,0.2163,Face Moisturiser & Cream,0.1175,RIL_BA_Store_MS (Article MS Source),Category,Reliance stores outside the brand counters; RRL Others left out,Yes
Reliance Retail,May 26,Amla Hair Oil,253.2418,0.0519,Hair Oil,0.0205,RIL_BA_Store_MS (Article MS Source),Category,Reliance stores outside the brand counters; RRL Others left out,Yes
Reliance Retail,May 26,Baby Hygn Others,88.3541,5.2739,Baby Care,5.9691,RIL_BA_Store_MS (Article MS Source),Category,Reliance stores outside the brand counters; RRL Others left out,Yes
Reliance Retail,May 26,Baby Lotion/Cream,270.2811,4.2053,Baby Care,1.5559,RIL_BA_Store_MS (Article MS Source),Category,Reliance stores outside the brand counters; RRL Others left out,Yes
Reliance Retail,May 26,Baby Massage Oil,77.2858,0.6548,Baby Care,0.8472,RIL_BA_Store_MS (Article MS Source),Category,Reliance stores outside the brand counters; RRL Others left out,Yes
Reliance Retail,May 26,Baby Powder,200.6377,2.8547,Baby Care,1.4228,RIL_BA_Store_MS (Article MS Source),Category,Reliance stores outside the brand counters; RRL Others left out,Yes
Reliance Retail,May 26,Baby Shampoo,228.2541,17.2709,Baby Care,7.5665,RIL_BA_Store_MS (Article MS Source),Category,Reliance stores outside the brand counters; RRL Others left out,Yes
Reliance Retail,May 26,Baby Soap,320.0685,11.5051,Baby Care,3.5946,RIL_BA_Store_MS (Article MS Source),Category,Reliance stores outside the brand counters; RRL Others left out,Yes
Reliance Retail,May 26,Bb Cream,0.7806,0.0033,Other,0.4215,RIL_BA_Store_MS (Article MS Source),Category,Reliance stores outside the brand counters; RRL Others left out,No
Reliance Retail,May 26,Body Wash/Shower Gel,1678.0315,39.4647,Body Wash & Soap,2.3518,RIL_BA_Store_MS (Article MS Source),Category,Reliance stores outside the brand counters; RRL Others left out,Yes
Reliance Retail,May 26,Face Scrubs/Masks,386.9077,10.4648,Face Mask & Scrub,2.7047,RIL_BA_Store_MS (Article MS Source),Category,Reliance stores outside the brand counters; RRL Others left out,Yes
Reliance Retail,May 26,Face Serum,175.8087,11.7348,Face Serum & Treatment,6.6748,RIL_BA_Store_MS (Article MS Source),Category,Reliance stores outside the brand counters; RRL Others left out,Yes
Reliance Retail,May 26,Face Wash,3546.4725,792.2525,Face Wash & Cleanser,22.3392,RIL_BA_Store_MS (Article MS Source),Category,Reliance stores outside the brand counters; RRL Others left out,Yes
Reliance Retail,May 26,Facial Kit,147.9393,6.6881,Face Mask & Scrub,4.5208,RIL_BA_Store_MS (Article MS Source),Category,Reliance stores outside the brand counters; RRL Others left out,Yes
Reliance Retail,May 26,Fairness - Women,911.7424,3.5135,Face Moisturiser & Cream,0.3854,RIL_BA_Store_MS (Article MS Source),Category,Reliance stores outside the brand counters; RRL Others left out,Yes
Reliance Retail,May 26,Foundation,0.0,0.0007,Other,,RIL_BA_Store_MS (Article MS Source),Category,Reliance stores outside the brand counters; RRL Others left out,No
Reliance Retail,May 26,Hair - Conditioner,896.7942,20.2261,Conditioner,2.2554,RIL_BA_Store_MS (Article MS Source),Category,Reliance stores outside the brand counters; RRL Others left out,Yes
Reliance Retail,May 26,Hair - Leave On,0.025,0.0205,Hair Treatment & Styling,81.9784,RIL_BA_Store_MS (Article MS Source),Category,Reliance stores outside the brand counters; RRL Others left out,No
Reliance Retail,May 26,Hair Color Cream Kit,0.0,0.2887,Hair Treatment & Styling,,RIL_BA_Store_MS (Article MS Source),Category,Reliance stores outside the brand counters; RRL Others left out,No
Reliance Retail,May 26,Hair Mask,57.8308,4.3157,Hair Treatment & Styling,7.4626,RIL_BA_Store_MS (Article MS Source),Category,Reliance stores outside the brand counters; RRL Others left out,No
Reliance Retail,May 26,Hair Oil Others,3.5925,2.3485,Hair Oil,65.3719,RIL_BA_Store_MS (Article MS Source),Category,Reliance stores outside the brand counters; RRL Others left out,Yes
Reliance Retail,May 26,Hair Serum,391.1058,3.0092,Hair Treatment & Styling,0.7694,RIL_BA_Store_MS (Article MS Source),Category,Reliance stores outside the brand counters; RRL Others left out,No
Reliance Retail,May 26,Kajal,0.0,0.8108,Other,,RIL_BA_Store_MS (Article MS Source),Category,Reliance stores outside the brand counters; RRL Others left out,No
Reliance Retail,May 26,Lip Balm,6.2765,0.9863,Lip Care,15.7148,RIL_BA_Store_MS (Article MS Source),Category,Reliance stores outside the brand counters; RRL Others left out,No
Reliance Retail,May 26,Moisturizing Cream,1833.0695,65.433,Face Moisturiser & Cream,3.5696,RIL_BA_Store_MS (Article MS Source),Category,Reliance stores outside the brand counters; RRL Others left out,Yes
Reliance Retail,May 26,Moisturizing Lotion,1736.8557,62.2308,Body Lotion & Care,3.583,RIL_BA_Store_MS (Article MS Source),Category,Reliance stores outside the brand counters; RRL Others left out,Yes
Reliance Retail,May 26,Mos Rep Crm/Lotions,35.2826,1.1201,Other,3.1747,RIL_BA_Store_MS (Article MS Source),Category,Reliance stores outside the brand counters; RRL Others left out,No
Reliance Retail,May 26,Onion Hair Oil,44.1061,31.839,Hair Oil,72.1873,RIL_BA_Store_MS (Article MS Source),Category,Reliance stores outside the brand counters; RRL Others left out,Yes
Reliance Retail,May 26,Perfume - Men,0.9051,0.2112,Fragrance,23.3362,RIL_BA_Store_MS (Article MS Source),Category,Reliance stores outside the brand counters; RRL Others left out,No
Reliance Retail,May 26,Perfume - Women,0.0839,0.5142,Fragrance,,RIL_BA_Store_MS (Article MS Source),Category,Reliance stores outside the brand counters; RRL Others left out,No
Reliance Retail,May 26,Shampoo Herbal,1801.5254,675.8809,Shampoo,37.5171,RIL_BA_Store_MS (Article MS Source),Category,Reliance stores outside the brand counters; RRL Others left out,Yes
Reliance Retail,May 26,Sheet Mask,360.7448,2.7713,Face Mask & Scrub,0.7682,RIL_BA_Store_MS (Article MS Source),Category,Reliance stores outside the brand counters; RRL Others left out,Yes
Reliance Retail,May 26,Soaps Beauty,1471.482,0.168,Beauty Soap,0.0114,RIL_BA_Store_MS (Article MS Source),Category,Reliance stores outside the brand counters; RRL Others left out,No
Reliance Retail,May 26,Soaps Moisturiser,1958.7174,47.1566,Face Moisturiser & Cream,2.4075,RIL_BA_Store_MS (Article MS Source),Category,Reliance stores outside the brand counters; RRL Others left out,Yes
Reliance Retail,May 26,Sunscreens,1004.6344,225.0144,Sun Care,22.3976,RIL_BA_Store_MS (Article MS Source),Category,Reliance stores outside the brand counters; RRL Others left out,Yes
Reliance Retail,May 26,Tooth Paste Kids,0.0,1.4922,Oral Care,,RIL_BA_Store_MS (Article MS Source),Category,Reliance stores outside the brand counters; RRL Others left out,No
Reliance Retail,Jun 26,Aloe Vera Gel,193.0378,0.1803,Face Moisturiser & Cream,0.0934,RIL_BA_Store_MS (Article MS Source),Category,Reliance stores outside the brand counters; RRL Others left out,Yes
Reliance Retail,Jun 26,Amla Hair Oil,238.0348,0.0424,Hair Oil,0.0178,RIL_BA_Store_MS (Article MS Source),Category,Reliance stores outside the brand counters; RRL Others left out,Yes
Reliance Retail,Jun 26,Baby Hygn Others,112.4193,7.6794,Baby Care,6.831,RIL_BA_Store_MS (Article MS Source),Category,Reliance stores outside the brand counters; RRL Others left out,Yes
Reliance Retail,Jun 26,Baby Lotion/Cream,328.1487,6.1195,Baby Care,1.8649,RIL_BA_Store_MS (Article MS Source),Category,Reliance stores outside the brand counters; RRL Others left out,Yes
Reliance Retail,Jun 26,Baby Massage Oil,81.8334,0.6795,Baby Care,0.8303,RIL_BA_Store_MS (Article MS Source),Category,Reliance stores outside the brand counters; RRL Others left out,Yes
Reliance Retail,Jun 26,Baby Powder,169.0395,4.1603,Baby Care,2.4612,RIL_BA_Store_MS (Article MS Source),Category,Reliance stores outside the brand counters; RRL Others left out,Yes
Reliance Retail,Jun 26,Baby Shampoo,227.7446,21.0811,Baby Care,9.2565,RIL_BA_Store_MS (Article MS Source),Category,Reliance stores outside the brand counters; RRL Others left out,Yes
Reliance Retail,Jun 26,Baby Soap,307.0473,11.4238,Baby Care,3.7205,RIL_BA_Store_MS (Article MS Source),Category,Reliance stores outside the brand counters; RRL Others left out,Yes
Reliance Retail,Jun 26,Body Wash/Shower Gel,1695.0854,44.53,Body Wash & Soap,2.627,RIL_BA_Store_MS (Article MS Source),Category,Reliance stores outside the brand counters; RRL Others left out,Yes
Reliance Retail,Jun 26,Cough/Cold,0.0057,0.0025,Other,43.3798,RIL_BA_Store_MS (Article MS Source),Category,Reliance stores outside the brand counters; RRL Others left out,No
Reliance Retail,Jun 26,Face Scrubs/Masks,387.2591,8.3603,Face Mask & Scrub,2.1588,RIL_BA_Store_MS (Article MS Source),Category,Reliance stores outside the brand counters; RRL Others left out,Yes
Reliance Retail,Jun 26,Face Serum,215.2859,19.5915,Face Serum & Treatment,9.1002,RIL_BA_Store_MS (Article MS Source),Category,Reliance stores outside the brand counters; RRL Others left out,Yes
Reliance Retail,Jun 26,Face Wash,3347.9552,798.4221,Face Wash & Cleanser,23.8481,RIL_BA_Store_MS (Article MS Source),Category,Reliance stores outside the brand counters; RRL Others left out,Yes
Reliance Retail,Jun 26,Facial Kit,143.0784,5.9695,Face Mask & Scrub,4.1722,RIL_BA_Store_MS (Article MS Source),Category,Reliance stores outside the brand counters; RRL Others left out,Yes
Reliance Retail,Jun 26,Fairness - Women,653.5121,3.6236,Face Moisturiser & Cream,0.5545,RIL_BA_Store_MS (Article MS Source),Category,Reliance stores outside the brand counters; RRL Others left out,Yes
Reliance Retail,Jun 26,Hair - Conditioner,972.2731,20.2884,Conditioner,2.0867,RIL_BA_Store_MS (Article MS Source),Category,Reliance stores outside the brand counters; RRL Others left out,Yes
Reliance Retail,Jun 26,Hair - Leave On,0.1851,0.3109,Hair Treatment & Styling,,RIL_BA_Store_MS (Article MS Source),Category,Reliance stores outside the brand counters; RRL Others left out,No
Reliance Retail,Jun 26,Hair Color Cream Kit,0.0,0.1697,Hair Treatment & Styling,,RIL_BA_Store_MS (Article MS Source),Category,Reliance stores outside the brand counters; RRL Others left out,No
Reliance Retail,Jun 26,Hair Mask,74.6158,2.8097,Hair Treatment & Styling,3.7655,RIL_BA_Store_MS (Article MS Source),Category,Reliance stores outside the brand counters; RRL Others left out,No
Reliance Retail,Jun 26,Hair Oil Others,4.246,4.2749,Hair Oil,,RIL_BA_Store_MS (Article MS Source),Category,Reliance stores outside the brand counters; RRL Others left out,Yes
Reliance Retail,Jun 26,Hair Serum,546.4505,1.9883,Hair Treatment & Styling,0.3639,RIL_BA_Store_MS (Article MS Source),Category,Reliance stores outside the brand counters; RRL Others left out,No
Reliance Retail,Jun 26,Kajal,11.129,1.982,Other,17.8095,RIL_BA_Store_MS (Article MS Source),Category,Reliance stores outside the brand counters; RRL Others left out,No
Reliance Retail,Jun 26,Lip Balm,12.086,1.4921,Lip Care,12.3459,RIL_BA_Store_MS (Article MS Source),Category,Reliance stores outside the brand counters; RRL Others left out,No
Reliance Retail,Jun 26,Lipstick,320.328,0.2566,Lip Care,0.0801,RIL_BA_Store_MS (Article MS Source),Category,Reliance stores outside the brand counters; RRL Others left out,No
Reliance Retail,Jun 26,Moisturizing Cream,1728.0413,72.773,Face Moisturiser & Cream,4.2113,RIL_BA_Store_MS (Article MS Source),Category,Reliance stores outside the brand counters; RRL Others left out,Yes
Reliance Retail,Jun 26,Moisturizing Lotion,2009.5904,69.5717,Body Lotion & Care,3.462,RIL_BA_Store_MS (Article MS Source),Category,Reliance stores outside the brand counters; RRL Others left out,Yes
Reliance Retail,Jun 26,Mos Rep Crm/Lotions,36.4151,2.0823,Other,5.7182,RIL_BA_Store_MS (Article MS Source),Category,Reliance stores outside the brand counters; RRL Others left out,No
Reliance Retail,Jun 26,Onion Hair Oil,49.3612,32.9228,Hair Oil,66.6976,RIL_BA_Store_MS (Article MS Source),Category,Reliance stores outside the brand counters; RRL Others left out,Yes
Reliance Retail,Jun 26,Perfume - Men,4.7087,0.4645,Fragrance,9.8642,RIL_BA_Store_MS (Article MS Source),Category,Reliance stores outside the brand counters; RRL Others left out,No
Reliance Retail,Jun 26,Perfume - Women,0.1607,1.8488,Fragrance,,RIL_BA_Store_MS (Article MS Source),Category,Reliance stores outside the brand counters; RRL Others left out,No
Reliance Retail,Jun 26,Shampoo Herbal,1906.7998,697.2963,Shampoo,36.5689,RIL_BA_Store_MS (Article MS Source),Category,Reliance stores outside the brand counters; RRL Others left out,Yes
Reliance Retail,Jun 26,Sheet Mask,328.3968,2.9037,Face Mask & Scrub,0.8842,RIL_BA_Store_MS (Article MS Source),Category,Reliance stores outside the brand counters; RRL Others left out,Yes
Reliance Retail,Jun 26,Soaps Beauty,1515.2294,0.9614,Beauty Soap,0.0635,RIL_BA_Store_MS (Article MS Source),Category,Reliance stores outside the brand counters; RRL Others left out,No
Reliance Retail,Jun 26,Soaps Moisturiser,1692.4269,55.2084,Face Moisturiser & Cream,3.2621,RIL_BA_Store_MS (Article MS Source),Category,Reliance stores outside the brand counters; RRL Others left out,Yes
Reliance Retail,Jun 26,Sunscreens,681.4547,158.3888,Sun Care,23.2427,RIL_BA_Store_MS (Article MS Source),Category,Reliance stores outside the brand counters; RRL Others left out,Yes
Reliance Retail,Jun 26,Tooth Paste Kids,0.0,1.2174,Oral Care,,RIL_BA_Store_MS (Article MS Source),Category,Reliance stores outside the brand counters; RRL Others left out,No
Reliance Retail,Jul 26,Aloe Vera Gel,147.3782,0.596,Face Moisturiser & Cream,0.4044,RIL_BA_Store_MS (Article MS Source),Category,Reliance stores outside the brand counters; RRL Others left out,Yes
Reliance Retail,Jul 26,Amla Hair Oil,203.537,0.0133,Hair Oil,0.0065,RIL_BA_Store_MS (Article MS Source),Category,Reliance stores outside the brand counters; RRL Others left out,Yes
Reliance Retail,Jul 26,Baby Hair Oil,24.3517,0.4731,Baby Care,1.9427,RIL_BA_Store_MS (Article MS Source),Category,Reliance stores outside the brand counters; RRL Others left out,Yes
Reliance Retail,Jul 26,Baby Hygn Others,87.0667,3.9646,Baby Care,4.5535,RIL_BA_Store_MS (Article MS Source),Category,Reliance stores outside the brand counters; RRL Others left out,Yes
Reliance Retail,Jul 26,Baby Lotion/Cream,278.6231,3.8003,Baby Care,1.3639,RIL_BA_Store_MS (Article MS Source),Category,Reliance stores outside the brand counters; RRL Others left out,Yes
Reliance Retail,Jul 26,Baby Massage Oil,59.1287,0.2654,Baby Care,0.4489,RIL_BA_Store_MS (Article MS Source),Category,Reliance stores outside the brand counters; RRL Others left out,Yes
Reliance Retail,Jul 26,Baby Powder,172.3077,1.0227,Baby Care,0.5935,RIL_BA_Store_MS (Article MS Source),Category,Reliance stores outside the brand counters; RRL Others left out,Yes
Reliance Retail,Jul 26,Baby Shampoo,247.8195,17.4322,Baby Care,7.0342,RIL_BA_Store_MS (Article MS Source),Category,Reliance stores outside the brand counters; RRL Others left out,Yes
Reliance Retail,Jul 26,Baby Soap,322.7114,6.1829,Baby Care,1.9159,RIL_BA_Store_MS (Article MS Source),Category,Reliance stores outside the brand counters; RRL Others left out,Yes
Reliance Retail,Jul 26,Body Wash/Shower Gel,1354.325,19.9343,Body Wash & Soap,1.4719,RIL_BA_Store_MS (Article MS Source),Category,Reliance stores outside the brand counters; RRL Others left out,Yes
Reliance Retail,Jul 26,Face Scrubs/Masks,351.4689,4.3797,Face Mask & Scrub,1.2461,RIL_BA_Store_MS (Article MS Source),Category,Reliance stores outside the brand counters; RRL Others left out,Yes
Reliance Retail,Jul 26,Face Serum,120.4393,17.8283,Face Serum & Treatment,14.8027,RIL_BA_Store_MS (Article MS Source),Category,Reliance stores outside the brand counters; RRL Others left out,Yes
Reliance Retail,Jul 26,Face Wash,3114.6384,735.2282,Face Wash & Cleanser,23.6056,RIL_BA_Store_MS (Article MS Source),Category,Reliance stores outside the brand counters; RRL Others left out,Yes
Reliance Retail,Jul 26,Facial Kit,67.0018,5.0471,Face Mask & Scrub,7.5327,RIL_BA_Store_MS (Article MS Source),Category,Reliance stores outside the brand counters; RRL Others left out,Yes
Reliance Retail,Jul 26,Fairness - Women,578.76,3.9962,Face Moisturiser & Cream,0.6905,RIL_BA_Store_MS (Article MS Source),Category,Reliance stores outside the brand counters; RRL Others left out,Yes
Reliance Retail,Jul 26,Hair - Conditioner,793.7481,16.8006,Conditioner,2.1166,RIL_BA_Store_MS (Article MS Source),Category,Reliance stores outside the brand counters; RRL Others left out,Yes
Reliance Retail,Jul 26,Hair - Leave On,0.0569,0.0489,Hair Treatment & Styling,85.92,RIL_BA_Store_MS (Article MS Source),Category,Reliance stores outside the brand counters; RRL Others left out,No
Reliance Retail,Jul 26,Hair Color Cream Kit,0.0,0.0274,Hair Treatment & Styling,,RIL_BA_Store_MS (Article MS Source),Category,Reliance stores outside the brand counters; RRL Others left out,No
Reliance Retail,Jul 26,Hair Mask,55.7543,0.3794,Hair Treatment & Styling,0.6804,RIL_BA_Store_MS (Article MS Source),Category,Reliance stores outside the brand counters; RRL Others left out,No
Reliance Retail,Jul 26,Hair Oil Others,2.8734,2.7155,Hair Oil,94.5054,RIL_BA_Store_MS (Article MS Source),Category,Reliance stores outside the brand counters; RRL Others left out,Yes
Reliance Retail,Jul 26,Hair Serum,353.1963,0.4179,Hair Treatment & Styling,0.1183,RIL_BA_Store_MS (Article MS Source),Category,Reliance stores outside the brand counters; RRL Others left out,No
Reliance Retail,Jul 26,Kajal,0.0,0.6047,Other,,RIL_BA_Store_MS (Article MS Source),Category,Reliance stores outside the brand counters; RRL Others left out,No
Reliance Retail,Jul 26,Lip Balm,7.9068,1.5339,Lip Care,19.3997,RIL_BA_Store_MS (Article MS Source),Category,Reliance stores outside the brand counters; RRL Others left out,No
Reliance Retail,Jul 26,Lipstick,45.0551,0.004,Lip Care,0.0089,RIL_BA_Store_MS (Article MS Source),Category,Reliance stores outside the brand counters; RRL Others left out,No
Reliance Retail,Jul 26,Moisturizing Cream,1341.9954,52.405,Face Moisturiser & Cream,3.905,RIL_BA_Store_MS (Article MS Source),Category,Reliance stores outside the brand counters; RRL Others left out,Yes
Reliance Retail,Jul 26,Moisturizing Lotion,1385.003,50.8458,Body Lotion & Care,3.6712,RIL_BA_Store_MS (Article MS Source),Category,Reliance stores outside the brand counters; RRL Others left out,Yes
Reliance Retail,Jul 26,Mos Rep Crm/Lotions,38.5827,1.848,Other,4.7897,RIL_BA_Store_MS (Article MS Source),Category,Reliance stores outside the brand counters; RRL Others left out,No
Reliance Retail,Jul 26,Onion Hair Oil,37.8413,26.3182,Hair Oil,69.5489,RIL_BA_Store_MS (Article MS Source),Category,Reliance stores outside the brand counters; RRL Others left out,Yes
Reliance Retail,Jul 26,Perfume - Men,3.9076,0.0545,Fragrance,1.3955,RIL_BA_Store_MS (Article MS Source),Category,Reliance stores outside the brand counters; RRL Others left out,No
Reliance Retail,Jul 26,Perfume - Women,0.073,0.2749,Fragrance,,RIL_BA_Store_MS (Article MS Source),Category,Reliance stores outside the brand counters; RRL Others left out,No
Reliance Retail,Jul 26,Shampoo Herbal,1536.6522,545.867,Shampoo,35.5231,RIL_BA_Store_MS (Article MS Source),Category,Reliance stores outside the brand counters; RRL Others left out,Yes
Reliance Retail,Jul 26,Sheet Mask,259.7619,4.7236,Face Mask & Scrub,1.8184,RIL_BA_Store_MS (Article MS Source),Category,Reliance stores outside the brand counters; RRL Others left out,Yes
Reliance Retail,Jul 26,Soaps Beauty,1248.9013,1.6949,Beauty Soap,0.1357,RIL_BA_Store_MS (Article MS Source),Category,Reliance stores outside the brand counters; RRL Others left out,No
Reliance Retail,Jul 26,Soaps Moisturiser,1338.9501,41.3661,Face Moisturiser & Cream,3.0894,RIL_BA_Store_MS (Article MS Source),Category,Reliance stores outside the brand counters; RRL Others left out,Yes
Reliance Retail,Jul 26,Sunscreens,413.2131,119.3361,Sun Care,28.88,RIL_BA_Store_MS (Article MS Source),Category,Reliance stores outside the brand counters; RRL Others left out,Yes
Reliance Retail,Jul 26,Toners/Astringents,102.4382,0.1421,Toner,0.1387,RIL_BA_Store_MS (Article MS Source),Category,Reliance stores outside the brand counters; RRL Others left out,No
Reliance Retail,Jul 26,Tooth Paste Kids,0.0,1.3129,Oral Care,,RIL_BA_Store_MS (Article MS Source),Category,Reliance stores outside the brand counters; RRL Others left out,No
Reliance Retail,Aug 26,Aloe Vera Gel,163.3378,1.2835,Face Moisturiser & Cream,0.7858,RIL_BA_Store_MS (Article MS Source),Category,Reliance stores outside the brand counters; RRL Others left out,Yes
Reliance Retail,Aug 26,Baby Hair Oil,24.7102,0.006,Baby Care,0.0242,RIL_BA_Store_MS (Article MS Source),Category,Reliance stores outside the brand counters; RRL Others left out,Yes
Reliance Retail,Aug 26,Baby Hygn Others,74.536,5.3745,Baby Care,7.2107,RIL_BA_Store_MS (Article MS Source),Category,Reliance stores outside the brand counters; RRL Others left out,Yes
Reliance Retail,Aug 26,Baby Lotion/Cream,262.1353,4.4223,Baby Care,1.687,RIL_BA_Store_MS (Article MS Source),Category,Reliance stores outside the brand counters; RRL Others left out,Yes
Reliance Retail,Aug 26,Baby Massage Oil,58.0129,0.1754,Baby Care,0.3023,RIL_BA_Store_MS (Article MS Source),Category,Reliance stores outside the brand counters; RRL Others left out,Yes
Reliance Retail,Aug 26,Baby Powder,158.3435,0.7656,Baby Care,0.4835,RIL_BA_Store_MS (Article MS Source),Category,Reliance stores outside the brand counters; RRL Others left out,Yes
Reliance Retail,Aug 26,Baby Shampoo,220.9654,14.4269,Baby Care,6.529,RIL_BA_Store_MS (Article MS Source),Category,Reliance stores outside the brand counters; RRL Others left out,Yes
Reliance Retail,Aug 26,Baby Soap,321.9455,5.2983,Baby Care,1.6457,RIL_BA_Store_MS (Article MS Source),Category,Reliance stores outside the brand counters; RRL Others left out,Yes
Reliance Retail,Aug 26,Bb Cream,0.7609,0.0011,Other,0.1428,RIL_BA_Store_MS (Article MS Source),Category,Reliance stores outside the brand counters; RRL Others left out,No
Reliance Retail,Aug 26,Body Wash/Shower Gel,1375.5281,14.0683,Body Wash & Soap,1.0228,RIL_BA_Store_MS (Article MS Source),Category,Reliance stores outside the brand counters; RRL Others left out,Yes
Reliance Retail,Aug 26,Face Make-Up Others,0.0,0.0047,Other,,RIL_BA_Store_MS (Article MS Source),Category,Reliance stores outside the brand counters; RRL Others left out,No
Reliance Retail,Aug 26,Face Scrubs/Masks,328.3371,4.4653,Face Mask & Scrub,1.36,RIL_BA_Store_MS (Article MS Source),Category,Reliance stores outside the brand counters; RRL Others left out,Yes
Reliance Retail,Aug 26,Face Serum,170.7797,44.8539,Face Serum & Treatment,26.2642,RIL_BA_Store_MS (Article MS Source),Category,Reliance stores outside the brand counters; RRL Others left out,Yes
Reliance Retail,Aug 26,Face Wash,3765.4997,1023.5455,Face Wash & Cleanser,27.1822,RIL_BA_Store_MS (Article MS Source),Category,Reliance stores outside the brand counters; RRL Others left out,Yes
Reliance Retail,Aug 26,Facial Kit,107.8284,9.2349,Face Mask & Scrub,8.5644,RIL_BA_Store_MS (Article MS Source),Category,Reliance stores outside the brand counters; RRL Others left out,Yes
Reliance Retail,Aug 26,Fairness - Women,835.5057,4.9087,Face Moisturiser & Cream,0.5875,RIL_BA_Store_MS (Article MS Source),Category,Reliance stores outside the brand counters; RRL Others left out,Yes
Reliance Retail,Aug 26,Hair - Conditioner,839.4566,16.719,Conditioner,1.9916,RIL_BA_Store_MS (Article MS Source),Category,Reliance stores outside the brand counters; RRL Others left out,Yes
Reliance Retail,Aug 26,Hair - Leave On,0.0271,0.0141,Hair Treatment & Styling,52.0089,RIL_BA_Store_MS (Article MS Source),Category,Reliance stores outside the brand counters; RRL Others left out,No
Reliance Retail,Aug 26,Hair Color Cream Kit,0.0,0.0154,Hair Treatment & Styling,,RIL_BA_Store_MS (Article MS Source),Category,Reliance stores outside the brand counters; RRL Others left out,No
Reliance Retail,Aug 26,Hair Mask,60.7534,0.2002,Hair Treatment & Styling,0.3296,RIL_BA_Store_MS (Article MS Source),Category,Reliance stores outside the brand counters; RRL Others left out,No
Reliance Retail,Aug 26,Hair Oil Others,2.3361,2.8138,Hair Oil,,RIL_BA_Store_MS (Article MS Source),Category,Reliance stores outside the brand counters; RRL Others left out,Yes
Reliance Retail,Aug 26,Hair Serum,368.9214,0.4409,Hair Treatment & Styling,0.1195,RIL_BA_Store_MS (Article MS Source),Category,Reliance stores outside the brand counters; RRL Others left out,No
Reliance Retail,Aug 26,Kajal,0.0,0.6995,Other,,RIL_BA_Store_MS (Article MS Source),Category,Reliance stores outside the brand counters; RRL Others left out,No
Reliance Retail,Aug 26,Lip Balm,8.0649,0.8309,Lip Care,10.3022,RIL_BA_Store_MS (Article MS Source),Category,Reliance stores outside the brand counters; RRL Others left out,No
Reliance Retail,Aug 26,Lipstick,79.8105,0.0017,Lip Care,0.0021,RIL_BA_Store_MS (Article MS Source),Category,Reliance stores outside the brand counters; RRL Others left out,No
Reliance Retail,Aug 26,Moisturizing Cream,1483.5068,68.5793,Face Moisturiser & Cream,4.6228,RIL_BA_Store_MS (Article MS Source),Category,Reliance stores outside the brand counters; RRL Others left out,Yes
Reliance Retail,Aug 26,Moisturizing Lotion,1390.5792,68.4786,Body Lotion & Care,4.9245,RIL_BA_Store_MS (Article MS Source),Category,Reliance stores outside the brand counters; RRL Others left out,Yes
Reliance Retail,Aug 26,Mos Rep Crm/Lotions,40.8501,1.3527,Other,3.3114,RIL_BA_Store_MS (Article MS Source),Category,Reliance stores outside the brand counters; RRL Others left out,No
Reliance Retail,Aug 26,Onion Hair Oil,33.9906,24.0303,Hair Oil,70.6971,RIL_BA_Store_MS (Article MS Source),Category,Reliance stores outside the brand counters; RRL Others left out,Yes
Reliance Retail,Aug 26,Perfume - Men,5.3824,0.006,Fragrance,0.1113,RIL_BA_Store_MS (Article MS Source),Category,Reliance stores outside the brand counters; RRL Others left out,No
Reliance Retail,Aug 26,Perfume - Women,0.0065,0.1104,Fragrance,,RIL_BA_Store_MS (Article MS Source),Category,Reliance stores outside the brand counters; RRL Others left out,No
Reliance Retail,Aug 26,Shampoo Herbal,2324.4772,1111.1678,Shampoo,47.8029,RIL_BA_Store_MS (Article MS Source),Category,Reliance stores outside the brand counters; RRL Others left out,Yes
Reliance Retail,Aug 26,Sheet Mask,273.1179,20.5948,Face Mask & Scrub,7.5406,RIL_BA_Store_MS (Article MS Source),Category,Reliance stores outside the brand counters; RRL Others left out,Yes
Reliance Retail,Aug 26,Soaps Beauty,1922.2707,1.6659,Beauty Soap,0.0867,RIL_BA_Store_MS (Article MS Source),Category,Reliance stores outside the brand counters; RRL Others left out,No
Reliance Retail,Aug 26,Soaps Moisturiser,2465.6631,39.9582,Face Moisturiser & Cream,1.6206,RIL_BA_Store_MS (Article MS Source),Category,Reliance stores outside the brand counters; RRL Others left out,Yes
Reliance Retail,Aug 26,Sunscreens,399.5338,110.8972,Sun Care,27.7566,RIL_BA_Store_MS (Article MS Source),Category,Reliance stores outside the brand counters; RRL Others left out,Yes
Reliance Retail,Aug 26,Tooth Paste Kids,0.0,1.4454,Oral Care,,RIL_BA_Store_MS (Article MS Source),Category,Reliance stores outside the brand counters; RRL Others left out,No
Reliance Retail,Aug 26,Toothpaste Kids,132.204,0.0,Oral Care,0.0,RIL_BA_Store_MS (Article MS Source),Category,Reliance stores outside the brand counters; RRL Others left out,No
Wellness Forever,Mar 26,Acne Patches,5.5071,2.3081,Face Serum & Treatment,41.9107,Wellness_MS (Sheet1),Category,All categories in the account file,Yes
Wellness Forever,Mar 26,Anti Acne,7.0633,3.958,Face Serum & Treatment,56.0352,Wellness_MS (Sheet1),Category,All categories in the account file,Yes
Wellness Forever,Mar 26,Anti Ageing,7.0244,1.2411,Face Serum & Treatment,17.6688,Wellness_MS (Sheet1),Category,All categories in the account file,Yes
Wellness Forever,Mar 26,Baby Body Washes,9.2714,0.031,Baby Care,0.3339,Wellness_MS (Sheet1),Category,All categories in the account file,Yes
Wellness Forever,Mar 26,Baby Cream,5.4522,0.0,Baby Care,0.0,Wellness_MS (Sheet1),Category,All categories in the account file,Yes
Wellness Forever,Mar 26,Baby Diaper Rashes Cream,4.4888,0.0,Baby Care,0.0,Wellness_MS (Sheet1),Category,All categories in the account file,Yes
Wellness Forever,Mar 26,Baby Hair Oil,5.0428,0.0072,Baby Care,0.1425,Wellness_MS (Sheet1),Category,All categories in the account file,Yes
Wellness Forever,Mar 26,Baby Laundry & Detergents,0.063,0.0063,Baby Care,10.0658,Wellness_MS (Sheet1),Category,All categories in the account file,Yes
Wellness Forever,Mar 26,Baby Lotions,27.3699,1.3047,Baby Care,4.7669,Wellness_MS (Sheet1),Category,All categories in the account file,Yes
Wellness Forever,Mar 26,Baby Moisturizers,2.3503,0.0068,Baby Care,0.2874,Wellness_MS (Sheet1),Category,All categories in the account file,Yes
Wellness Forever,Mar 26,Baby Shampoos,29.2184,0.8801,Baby Care,3.0123,Wellness_MS (Sheet1),Category,All categories in the account file,Yes
Wellness Forever,Mar 26,Baby Soap,31.5599,1.2612,Baby Care,3.9963,Wellness_MS (Sheet1),Category,All categories in the account file,Yes
Wellness Forever,Mar 26,Baby Sunscreen,17.2178,0.08,Baby Care,0.4646,Wellness_MS (Sheet1),Category,All categories in the account file,Yes
Wellness Forever,Mar 26,Baby Talc,1.8964,0.477,Baby Care,25.1557,Wellness_MS (Sheet1),Category,All categories in the account file,Yes
Wellness Forever,Mar 26,Baby Toothpaste,11.4847,1.7824,Baby Care,15.5201,Wellness_MS (Sheet1),Category,All categories in the account file,Yes
Wellness Forever,Mar 26,Baby Wet Wipes,22.7079,0.4199,Baby Care,1.849,Wellness_MS (Sheet1),Category,All categories in the account file,Yes
Wellness Forever,Mar 26,Body Lotions,95.78,0.1193,Body Lotion & Care,0.1245,Wellness_MS (Sheet1),Category,All categories in the account file,Yes
Wellness Forever,Mar 26,Body Moisturising Wash,0.0449,0.0412,Body Lotion & Care,91.762,Wellness_MS (Sheet1),Category,All categories in the account file,Yes
Wellness Forever,Mar 26,Brightening & Depigmentation,9.4797,3.6442,Face Serum & Treatment,38.4423,Wellness_MS (Sheet1),Category,All categories in the account file,Yes
Wellness Forever,Mar 26,Clay Mask,0.2234,0.0171,Face Mask & Scrub,7.6655,Wellness_MS (Sheet1),Category,All categories in the account file,Yes
Wellness Forever,Mar 26,Cleanser,2.5697,0.0674,Face Wash & Cleanser,2.6231,Wellness_MS (Sheet1),Category,All categories in the account file,Yes
Wellness Forever,Mar 26,Compact,0.0587,0.0211,Other,36.0483,Wellness_MS (Sheet1),Category,All categories in the account file,No
Wellness Forever,Mar 26,Conditioner Anti-Hairfall,4.3425,0.6208,Conditioner,14.2967,Wellness_MS (Sheet1),Category,All categories in the account file,Yes
Wellness Forever,Mar 26,Conditioner Regular,27.8557,0.727,Conditioner,2.61,Wellness_MS (Sheet1),Category,All categories in the account file,Yes
Wellness Forever,Mar 26,Cough & Cold Roll-Ons,2.791,0.0,Other,0.0,Wellness_MS (Sheet1),Category,All categories in the account file,No
Wellness Forever,Mar 26,Creams & Others,0.6373,0.1508,Other,23.6686,Wellness_MS (Sheet1),Category,All categories in the account file,No
Wellness Forever,Mar 26,Digestive Remedies,3.7789,1.1635,Other,30.7896,Wellness_MS (Sheet1),Category,All categories in the account file,No
Wellness Forever,Mar 26,Face Cleansers,106.7208,2.0841,Face Wash & Cleanser,1.9529,Wellness_MS (Sheet1),Category,All categories in the account file,Yes
Wellness Forever,Mar 26,Face Creams,60.0543,10.9707,Face Moisturiser & Cream,18.268,Wellness_MS (Sheet1),Category,All categories in the account file,Yes
Wellness Forever,Mar 26,Face Creams & Gels,3.7802,0.0055,Face Moisturiser & Cream,0.1455,Wellness_MS (Sheet1),Category,All categories in the account file,Yes
Wellness Forever,Mar 26,Face Moisturizer,8.0451,0.8015,Face Moisturiser & Cream,9.9627,Wellness_MS (Sheet1),Category,All categories in the account file,Yes
Wellness Forever,Mar 26,Face Moisturizer & Day Cream,0.2067,0.0257,Face Moisturiser & Cream,12.4179,Wellness_MS (Sheet1),Category,All categories in the account file,Yes
Wellness Forever,Mar 26,Face Pack,0.5971,0.3997,Face Mask & Scrub,66.9364,Wellness_MS (Sheet1),Category,All categories in the account file,Yes
Wellness Forever,Mar 26,Face Sheet Masks,8.0075,1.2947,Face Mask & Scrub,16.1683,Wellness_MS (Sheet1),Category,All categories in the account file,Yes
Wellness Forever,Mar 26,Face Wash,129.9019,33.0343,Face Wash & Cleanser,25.4302,Wellness_MS (Sheet1),Category,All categories in the account file,Yes
Wellness Forever,Mar 26,Facial Kits,0.3521,0.0211,Face Mask & Scrub,6.0034,Wellness_MS (Sheet1),Category,All categories in the account file,Yes
Wellness Forever,Mar 26,Foundation,0.0621,0.0203,Other,32.6831,Wellness_MS (Sheet1),Category,All categories in the account file,No
Wellness Forever,Mar 26,Hair Colour Crm,37.1141,0.1067,Hair Treatment & Styling,0.2876,Wellness_MS (Sheet1),Category,All categories in the account file,No
Wellness Forever,Mar 26,Hair Oil,30.415,1.8611,Hair Oil,6.1189,Wellness_MS (Sheet1),Category,All categories in the account file,Yes
Wellness Forever,Mar 26,Hair Serum,33.1598,0.8369,Hair Treatment & Styling,2.524,Wellness_MS (Sheet1),Category,All categories in the account file,No
Wellness Forever,Mar 26,Hair Shampoo,68.7662,4.3155,Shampoo,6.2756,Wellness_MS (Sheet1),Category,All categories in the account file,Yes
Wellness Forever,Mar 26,Hair Spray,2.6707,0.0195,Hair Treatment & Styling,0.7286,Wellness_MS (Sheet1),Category,All categories in the account file,No
Wellness Forever,Mar 26,Insect Repellents,0.2338,0.2137,Other,91.4116,Wellness_MS (Sheet1),Category,All categories in the account file,No
Wellness Forever,Mar 26,Kajal,1.7529,0.0182,Other,1.036,Wellness_MS (Sheet1),Category,All categories in the account file,No
Wellness Forever,Mar 26,Lip Balm,24.721,0.3258,Lip Care,1.3177,Wellness_MS (Sheet1),Category,All categories in the account file,No
Wellness Forever,Mar 26,Lipsticks,0.0929,0.0042,Lip Care,4.5508,Wellness_MS (Sheet1),Category,All categories in the account file,No
Wellness Forever,Mar 26,Muscle,5.9302,0.0159,Other,0.2682,Wellness_MS (Sheet1),Category,All categories in the account file,No
Wellness Forever,Mar 26,Niacinamide,9.9498,4.0932,Face Serum & Treatment,41.1382,Wellness_MS (Sheet1),Category,All categories in the account file,Yes
Wellness Forever,Mar 26,Night Cream,0.0977,0.0093,Face Moisturiser & Cream,9.5351,Wellness_MS (Sheet1),Category,All categories in the account file,Yes
Wellness Forever,Mar 26,Peeling Solutions,1.0043,0.2646,Face Serum & Treatment,26.3431,Wellness_MS (Sheet1),Category,All categories in the account file,Yes
Wellness Forever,Mar 26,Professional Shampoo,0.1238,0.0,Shampoo,0.0,Wellness_MS (Sheet1),Category,All categories in the account file,Yes
Wellness Forever,Mar 26,Regular Shampoo,7.8172,0.206,Shampoo,2.6354,Wellness_MS (Sheet1),Category,All categories in the account file,Yes
Wellness Forever,Mar 26,Scrubs,6.9634,1.4216,Face Mask & Scrub,20.4153,Wellness_MS (Sheet1),Category,All categories in the account file,Yes
Wellness Forever,Mar 26,Serums & Essence,3.8681,0.3895,Face Serum & Treatment,10.0703,Wellness_MS (Sheet1),Category,All categories in the account file,Yes
Wellness Forever,Mar 26,Serums Vitamin C,19.034,8.6317,Face Serum & Treatment,45.3488,Wellness_MS (Sheet1),Category,All categories in the account file,Yes
Wellness Forever,Mar 26,Shower Gels & Body Wash,34.5022,0.0951,Body Wash & Soap,0.2756,Wellness_MS (Sheet1),Category,All categories in the account file,Yes
Wellness Forever,Mar 26,Soaps,3.1133,0.0758,Body Wash & Soap,2.4352,Wellness_MS (Sheet1),Category,All categories in the account file,Yes
Wellness Forever,Mar 26,Sun Protection,7.3507,0.6676,Sun Care,9.0827,Wellness_MS (Sheet1),Category,All categories in the account file,Yes
Wellness Forever,Mar 26,Sunscreen Cream,48.5832,8.5897,Sun Care,17.6805,Wellness_MS (Sheet1),Category,All categories in the account file,Yes
Wellness Forever,Mar 26,Sunscreen Gel,68.143,28.0969,Sun Care,41.2323,Wellness_MS (Sheet1),Category,All categories in the account file,Yes
Wellness Forever,Mar 26,Sunscreen Lotion,9.1437,2.787,Sun Care,30.4806,Wellness_MS (Sheet1),Category,All categories in the account file,Yes
Wellness Forever,Mar 26,Toners,0.1846,0.007,Toner,3.7835,Wellness_MS (Sheet1),Category,All categories in the account file,No
Wellness Forever,Mar 26,Under Eye Cream & Serums,0.313,0.0166,Face Serum & Treatment,5.2935,Wellness_MS (Sheet1),Category,All categories in the account file,Yes
Wellness Forever,Apr 26,Acne Patches,5.613,2.4855,Face Serum & Treatment,44.281,Wellness_MS (Sheet1),Category,All categories in the account file,Yes
Wellness Forever,Apr 26,Anti Acne,7.1605,4.0265,Face Serum & Treatment,56.2322,Wellness_MS (Sheet1),Category,All categories in the account file,Yes
Wellness Forever,Apr 26,Anti Ageing,6.8856,1.0961,Face Serum & Treatment,15.9179,Wellness_MS (Sheet1),Category,All categories in the account file,Yes
Wellness Forever,Apr 26,Baby Body Washes,17.8904,0.0285,Baby Care,0.1594,Wellness_MS (Sheet1),Category,All categories in the account file,Yes
Wellness Forever,Apr 26,Baby Cream,4.584,0.0,Baby Care,0.0,Wellness_MS (Sheet1),Category,All categories in the account file,Yes
Wellness Forever,Apr 26,Baby Diaper Rashes Cream,4.5077,0.0,Baby Care,0.0,Wellness_MS (Sheet1),Category,All categories in the account file,Yes
Wellness Forever,Apr 26,Baby Hair Oil,4.7026,0.0076,Baby Care,0.1616,Wellness_MS (Sheet1),Category,All categories in the account file,Yes
Wellness Forever,Apr 26,Baby Laundry & Detergents,0.0614,0.0042,Baby Care,6.884,Wellness_MS (Sheet1),Category,All categories in the account file,Yes
Wellness Forever,Apr 26,Baby Lotions,23.6049,1.1357,Baby Care,4.8114,Wellness_MS (Sheet1),Category,All categories in the account file,Yes
Wellness Forever,Apr 26,Baby Moisturizers,2.5066,0.0135,Baby Care,0.5393,Wellness_MS (Sheet1),Category,All categories in the account file,Yes
Wellness Forever,Apr 26,Baby Shampoos,21.4911,0.8543,Baby Care,3.9749,Wellness_MS (Sheet1),Category,All categories in the account file,Yes
Wellness Forever,Apr 26,Baby Soap,36.5285,1.2817,Baby Care,3.5087,Wellness_MS (Sheet1),Category,All categories in the account file,Yes
Wellness Forever,Apr 26,Baby Sunscreen,18.6101,0.0662,Baby Care,0.3557,Wellness_MS (Sheet1),Category,All categories in the account file,Yes
Wellness Forever,Apr 26,Baby Talc,2.0889,0.5003,Baby Care,23.9515,Wellness_MS (Sheet1),Category,All categories in the account file,Yes
Wellness Forever,Apr 26,Baby Toothpaste,11.7468,1.8221,Baby Care,15.5117,Wellness_MS (Sheet1),Category,All categories in the account file,Yes
Wellness Forever,Apr 26,Baby Wet Wipes,21.672,0.2147,Baby Care,0.9907,Wellness_MS (Sheet1),Category,All categories in the account file,Yes
Wellness Forever,Apr 26,Body Lotions,71.906,0.0687,Body Lotion & Care,0.0955,Wellness_MS (Sheet1),Category,All categories in the account file,Yes
Wellness Forever,Apr 26,Body Moisturising Wash,0.0796,0.0779,Body Lotion & Care,97.8476,Wellness_MS (Sheet1),Category,All categories in the account file,Yes
Wellness Forever,Apr 26,Brightening & Depigmentation,9.9101,3.5985,Face Serum & Treatment,36.3114,Wellness_MS (Sheet1),Category,All categories in the account file,Yes
Wellness Forever,Apr 26,Clay Mask,0.2204,0.0072,Face Mask & Scrub,3.261,Wellness_MS (Sheet1),Category,All categories in the account file,Yes
Wellness Forever,Apr 26,Cleanser,2.7863,0.0612,Face Wash & Cleanser,2.1972,Wellness_MS (Sheet1),Category,All categories in the account file,Yes
Wellness Forever,Apr 26,Compact,0.0435,0.0169,Other,38.8804,Wellness_MS (Sheet1),Category,All categories in the account file,No
Wellness Forever,Apr 26,Conditioner Anti-Hairfall,4.3515,0.5614,Conditioner,12.9012,Wellness_MS (Sheet1),Category,All categories in the account file,Yes
Wellness Forever,Apr 26,Conditioner Regular,22.5611,0.7551,Conditioner,3.3468,Wellness_MS (Sheet1),Category,All categories in the account file,Yes
Wellness Forever,Apr 26,Cough & Cold Roll-Ons,2.5503,0.0,Other,0.0,Wellness_MS (Sheet1),Category,All categories in the account file,No
Wellness Forever,Apr 26,Creams & Others,0.5459,0.1006,Other,18.4278,Wellness_MS (Sheet1),Category,All categories in the account file,No
Wellness Forever,Apr 26,Digestive Remedies,3.9636,1.087,Other,27.4237,Wellness_MS (Sheet1),Category,All categories in the account file,No
Wellness Forever,Apr 26,Face Cleansers,109.6357,2.1927,Face Wash & Cleanser,2.0,Wellness_MS (Sheet1),Category,All categories in the account file,Yes
Wellness Forever,Apr 26,Face Creams,58.5581,11.8789,Face Moisturiser & Cream,20.2856,Wellness_MS (Sheet1),Category,All categories in the account file,Yes
Wellness Forever,Apr 26,Face Creams & Gels,5.2754,0.0207,Face Moisturiser & Cream,0.3929,Wellness_MS (Sheet1),Category,All categories in the account file,Yes
Wellness Forever,Apr 26,Face Moisturizer,12.3223,1.088,Face Moisturiser & Cream,8.8295,Wellness_MS (Sheet1),Category,All categories in the account file,Yes
Wellness Forever,Apr 26,Face Moisturizer & Day Cream,0.1831,0.0075,Face Moisturiser & Cream,4.0826,Wellness_MS (Sheet1),Category,All categories in the account file,Yes
Wellness Forever,Apr 26,Face Pack,0.7857,0.5545,Face Mask & Scrub,70.5702,Wellness_MS (Sheet1),Category,All categories in the account file,Yes
Wellness Forever,Apr 26,Face Sheet Masks,9.3475,1.527,Face Mask & Scrub,16.3362,Wellness_MS (Sheet1),Category,All categories in the account file,Yes
Wellness Forever,Apr 26,Face Wash,131.0241,36.949,Face Wash & Cleanser,28.2001,Wellness_MS (Sheet1),Category,All categories in the account file,Yes
Wellness Forever,Apr 26,Facial Kits,0.5844,0.0334,Face Mask & Scrub,5.7131,Wellness_MS (Sheet1),Category,All categories in the account file,Yes
Wellness Forever,Apr 26,Foundation,0.0379,0.0152,Other,40.2193,Wellness_MS (Sheet1),Category,All categories in the account file,No
Wellness Forever,Apr 26,Hair Colour Crm,38.2887,0.1086,Hair Treatment & Styling,0.2836,Wellness_MS (Sheet1),Category,All categories in the account file,No
Wellness Forever,Apr 26,Hair Oil,27.8049,1.6939,Hair Oil,6.092,Wellness_MS (Sheet1),Category,All categories in the account file,Yes
Wellness Forever,Apr 26,Hair Serum,33.6288,0.7705,Hair Treatment & Styling,2.2912,Wellness_MS (Sheet1),Category,All categories in the account file,No
Wellness Forever,Apr 26,Hair Shampoo,70.68,4.3763,Shampoo,6.1918,Wellness_MS (Sheet1),Category,All categories in the account file,Yes
Wellness Forever,Apr 26,Hair Spray,2.8069,0.0051,Hair Treatment & Styling,0.1808,Wellness_MS (Sheet1),Category,All categories in the account file,No
Wellness Forever,Apr 26,Insect Repellents,0.592,0.214,Other,36.1551,Wellness_MS (Sheet1),Category,All categories in the account file,No
Wellness Forever,Apr 26,Kajal,1.82,0.0127,Other,0.6961,Wellness_MS (Sheet1),Category,All categories in the account file,No
Wellness Forever,Apr 26,Lip Balm,20.4464,0.2405,Lip Care,1.1761,Wellness_MS (Sheet1),Category,All categories in the account file,No
Wellness Forever,Apr 26,Lipsticks,0.0972,0.0025,Lip Care,2.6075,Wellness_MS (Sheet1),Category,All categories in the account file,No
Wellness Forever,Apr 26,Muscle,5.3413,0.0199,Other,0.3732,Wellness_MS (Sheet1),Category,All categories in the account file,No
Wellness Forever,Apr 26,Niacinamide,10.6259,4.3721,Face Serum & Treatment,41.1459,Wellness_MS (Sheet1),Category,All categories in the account file,Yes
Wellness Forever,Apr 26,Night Cream,0.1272,0.0,Face Moisturiser & Cream,0.0,Wellness_MS (Sheet1),Category,All categories in the account file,Yes
Wellness Forever,Apr 26,Peeling Solutions,1.0434,0.3204,Face Serum & Treatment,30.7054,Wellness_MS (Sheet1),Category,All categories in the account file,Yes
Wellness Forever,Apr 26,Professional Shampoo,0.1098,0.0038,Shampoo,3.4647,Wellness_MS (Sheet1),Category,All categories in the account file,Yes
Wellness Forever,Apr 26,Regular Shampoo,7.9964,0.158,Shampoo,1.9761,Wellness_MS (Sheet1),Category,All categories in the account file,Yes
Wellness Forever,Apr 26,Scrubs,7.4049,1.5765,Face Mask & Scrub,21.2904,Wellness_MS (Sheet1),Category,All categories in the account file,Yes
Wellness Forever,Apr 26,Serums & Essence,3.7454,0.3613,Face Serum & Treatment,9.6453,Wellness_MS (Sheet1),Category,All categories in the account file,Yes
Wellness Forever,Apr 26,Serums Vitamin C,19.8279,8.9748,Face Serum & Treatment,45.2635,Wellness_MS (Sheet1),Category,All categories in the account file,Yes
Wellness Forever,Apr 26,Shower Gels & Body Wash,34.9151,0.0743,Body Wash & Soap,0.2127,Wellness_MS (Sheet1),Category,All categories in the account file,Yes
Wellness Forever,Apr 26,Soaps,2.8619,0.1017,Body Wash & Soap,3.5529,Wellness_MS (Sheet1),Category,All categories in the account file,Yes
Wellness Forever,Apr 26,Sun Protection,8.1278,2.086,Sun Care,25.665,Wellness_MS (Sheet1),Category,All categories in the account file,Yes
Wellness Forever,Apr 26,Sunscreen Cream,48.6245,9.1286,Sun Care,18.7737,Wellness_MS (Sheet1),Category,All categories in the account file,Yes
Wellness Forever,Apr 26,Sunscreen Gel,64.4785,30.8887,Sun Care,47.9055,Wellness_MS (Sheet1),Category,All categories in the account file,Yes
Wellness Forever,Apr 26,Sunscreen Lotion,12.0614,3.0091,Sun Care,24.9481,Wellness_MS (Sheet1),Category,All categories in the account file,Yes
Wellness Forever,Apr 26,Toners,0.1151,0.0065,Toner,5.6628,Wellness_MS (Sheet1),Category,All categories in the account file,No
Wellness Forever,Apr 26,Under Eye Cream & Serums,0.2444,0.0072,Face Serum & Treatment,2.9443,Wellness_MS (Sheet1),Category,All categories in the account file,Yes
Wellness Forever,May 26,Acne Patches,5.5326,2.5403,Face Serum & Treatment,45.9144,Wellness_MS (Sheet1),Category,All categories in the account file,Yes
Wellness Forever,May 26,Anti Acne,7.4371,4.1579,Face Serum & Treatment,55.9075,Wellness_MS (Sheet1),Category,All categories in the account file,Yes
Wellness Forever,May 26,Anti Ageing,6.4902,0.9719,Face Serum & Treatment,14.9742,Wellness_MS (Sheet1),Category,All categories in the account file,Yes
Wellness Forever,May 26,Baby Body Washes,19.3605,0.0385,Baby Care,0.1986,Wellness_MS (Sheet1),Category,All categories in the account file,Yes
Wellness Forever,May 26,Baby Cream,6.6312,0.0034,Baby Care,0.0509,Wellness_MS (Sheet1),Category,All categories in the account file,Yes
Wellness Forever,May 26,Baby Diaper Rashes Cream,4.4231,0.0,Baby Care,0.0,Wellness_MS (Sheet1),Category,All categories in the account file,Yes
Wellness Forever,May 26,Baby Hair Oil,4.519,0.0051,Baby Care,0.1134,Wellness_MS (Sheet1),Category,All categories in the account file,Yes
Wellness Forever,May 26,Baby Laundry & Detergents,0.0,0.0,Baby Care,,Wellness_MS (Sheet1),Category,All categories in the account file,Yes
Wellness Forever,May 26,Baby Lotions,22.1731,1.1023,Baby Care,4.9715,Wellness_MS (Sheet1),Category,All categories in the account file,Yes
Wellness Forever,May 26,Baby Moisturizers,0.0,0.0,Baby Care,,Wellness_MS (Sheet1),Category,All categories in the account file,Yes
Wellness Forever,May 26,Baby Shampoos,21.5903,0.8281,Baby Care,3.8353,Wellness_MS (Sheet1),Category,All categories in the account file,Yes
Wellness Forever,May 26,Baby Soap,39.3383,1.3642,Baby Care,3.4679,Wellness_MS (Sheet1),Category,All categories in the account file,Yes
Wellness Forever,May 26,Baby Sunscreen,14.5214,0.0834,Baby Care,0.5746,Wellness_MS (Sheet1),Category,All categories in the account file,Yes
Wellness Forever,May 26,Baby Talc,2.188,0.5061,Baby Care,23.1295,Wellness_MS (Sheet1),Category,All categories in the account file,Yes
Wellness Forever,May 26,Baby Toothpaste,11.2358,1.886,Baby Care,16.7854,Wellness_MS (Sheet1),Category,All categories in the account file,Yes
Wellness Forever,May 26,Baby Wet Wipes,22.625,0.1372,Baby Care,0.6062,Wellness_MS (Sheet1),Category,All categories in the account file,Yes
Wellness Forever,May 26,Body Lotions,61.8078,0.0403,Body Lotion & Care,0.0652,Wellness_MS (Sheet1),Category,All categories in the account file,Yes
Wellness Forever,May 26,Body Moisturising Wash,0.0858,0.0802,Body Lotion & Care,93.4749,Wellness_MS (Sheet1),Category,All categories in the account file,Yes
Wellness Forever,May 26,Brightening & Depigmentation,8.9455,3.5384,Face Serum & Treatment,39.5549,Wellness_MS (Sheet1),Category,All categories in the account file,Yes
Wellness Forever,May 26,Clay Mask,0.2175,0.0287,Face Mask & Scrub,13.2185,Wellness_MS (Sheet1),Category,All categories in the account file,Yes
Wellness Forever,May 26,Cleanser,3.739,0.0994,Face Wash & Cleanser,2.6574,Wellness_MS (Sheet1),Category,All categories in the account file,Yes
Wellness Forever,May 26,Compact,0.033,0.0042,Other,12.8105,Wellness_MS (Sheet1),Category,All categories in the account file,No
Wellness Forever,May 26,Conditioner Anti-Hairfall,4.5876,0.6535,Conditioner,14.2442,Wellness_MS (Sheet1),Category,All categories in the account file,Yes
Wellness Forever,May 26,Conditioner Regular,24.7688,0.7019,Conditioner,2.8337,Wellness_MS (Sheet1),Category,All categories in the account file,Yes
Wellness Forever,May 26,Cough & Cold Roll-Ons,2.7513,0.0021,Other,0.0758,Wellness_MS (Sheet1),Category,All categories in the account file,No
Wellness Forever,May 26,Creams & Others,0.3657,0.0646,Other,17.66,Wellness_MS (Sheet1),Category,All categories in the account file,No
Wellness Forever,May 26,Digestive Remedies,3.9737,1.0697,Other,26.9187,Wellness_MS (Sheet1),Category,All categories in the account file,No
Wellness Forever,May 26,Face Cleansers,100.4252,2.304,Face Wash & Cleanser,2.2943,Wellness_MS (Sheet1),Category,All categories in the account file,Yes
Wellness Forever,May 26,Face Creams,53.2342,11.0943,Face Moisturiser & Cream,20.8406,Wellness_MS (Sheet1),Category,All categories in the account file,Yes
Wellness Forever,May 26,Face Creams & Gels,5.7103,0.0,Face Moisturiser & Cream,0.0,Wellness_MS (Sheet1),Category,All categories in the account file,Yes
Wellness Forever,May 26,Face Moisturizer,14.0657,0.8765,Face Moisturiser & Cream,6.2314,Wellness_MS (Sheet1),Category,All categories in the account file,Yes
Wellness Forever,May 26,Face Moisturizer & Day Cream,0.1422,0.013,Face Moisturiser & Cream,9.1145,Wellness_MS (Sheet1),Category,All categories in the account file,Yes
Wellness Forever,May 26,Face Pack,0.5211,0.2886,Face Mask & Scrub,55.382,Wellness_MS (Sheet1),Category,All categories in the account file,Yes
Wellness Forever,May 26,Face Sheet Masks,10.0107,1.5131,Face Mask & Scrub,15.1152,Wellness_MS (Sheet1),Category,All categories in the account file,Yes
Wellness Forever,May 26,Face Wash,146.3396,41.4467,Face Wash & Cleanser,28.3223,Wellness_MS (Sheet1),Category,All categories in the account file,Yes
Wellness Forever,May 26,Facial Kits,0.5584,0.0182,Face Mask & Scrub,3.2556,Wellness_MS (Sheet1),Category,All categories in the account file,Yes
Wellness Forever,May 26,Foundation,0.0377,0.0102,Other,26.9395,Wellness_MS (Sheet1),Category,All categories in the account file,No
Wellness Forever,May 26,Hair Colour Crm,36.7301,0.0873,Hair Treatment & Styling,0.2378,Wellness_MS (Sheet1),Category,All categories in the account file,No
Wellness Forever,May 26,Hair Oil,28.9011,1.7487,Hair Oil,6.0505,Wellness_MS (Sheet1),Category,All categories in the account file,Yes
Wellness Forever,May 26,Hair Serum,35.5437,0.7483,Hair Treatment & Styling,2.1052,Wellness_MS (Sheet1),Category,All categories in the account file,No
Wellness Forever,May 26,Hair Shampoo,75.484,4.1516,Shampoo,5.5,Wellness_MS (Sheet1),Category,All categories in the account file,Yes
Wellness Forever,May 26,Hair Spray,2.9336,0.0,Hair Treatment & Styling,0.0,Wellness_MS (Sheet1),Category,All categories in the account file,No
Wellness Forever,May 26,Insect Repellents,0.4689,0.1473,Other,31.4173,Wellness_MS (Sheet1),Category,All categories in the account file,No
Wellness Forever,May 26,Kajal,1.8125,0.0076,Other,0.4194,Wellness_MS (Sheet1),Category,All categories in the account file,No
Wellness Forever,May 26,Lip Balm,18.1176,0.258,Lip Care,1.4239,Wellness_MS (Sheet1),Category,All categories in the account file,No
Wellness Forever,May 26,Lipsticks,0.0874,0.0051,Lip Care,5.8054,Wellness_MS (Sheet1),Category,All categories in the account file,No
Wellness Forever,May 26,Muscle,5.3086,0.0028,Other,0.0536,Wellness_MS (Sheet1),Category,All categories in the account file,No
Wellness Forever,May 26,Niacinamide,9.621,3.7522,Face Serum & Treatment,39.0004,Wellness_MS (Sheet1),Category,All categories in the account file,Yes
Wellness Forever,May 26,Night Cream,0.0663,0.0,Face Moisturiser & Cream,0.0,Wellness_MS (Sheet1),Category,All categories in the account file,Yes
Wellness Forever,May 26,Peeling Solutions,0.8668,0.3143,Face Serum & Treatment,36.2574,Wellness_MS (Sheet1),Category,All categories in the account file,Yes
Wellness Forever,May 26,Professional Shampoo,0.1061,0.0,Shampoo,0.0,Wellness_MS (Sheet1),Category,All categories in the account file,Yes
Wellness Forever,May 26,Regular Shampoo,8.6996,0.1762,Shampoo,2.0251,Wellness_MS (Sheet1),Category,All categories in the account file,Yes
Wellness Forever,May 26,Scrubs,7.8225,1.5437,Face Mask & Scrub,19.7345,Wellness_MS (Sheet1),Category,All categories in the account file,Yes
Wellness Forever,May 26,Serums & Essence,3.6293,0.324,Face Serum & Treatment,8.9264,Wellness_MS (Sheet1),Category,All categories in the account file,Yes
Wellness Forever,May 26,Serums Vitamin C,18.0331,8.1941,Face Serum & Treatment,45.4393,Wellness_MS (Sheet1),Category,All categories in the account file,Yes
Wellness Forever,May 26,Shower Gels & Body Wash,39.5118,0.0617,Body Wash & Soap,0.1561,Wellness_MS (Sheet1),Category,All categories in the account file,Yes
Wellness Forever,May 26,Soaps,3.45,0.1917,Body Wash & Soap,5.5578,Wellness_MS (Sheet1),Category,All categories in the account file,Yes
Wellness Forever,May 26,Sun Protection,7.9813,1.7112,Sun Care,21.4405,Wellness_MS (Sheet1),Category,All categories in the account file,Yes
Wellness Forever,May 26,Sunscreen Cream,43.5261,8.0247,Sun Care,18.4366,Wellness_MS (Sheet1),Category,All categories in the account file,Yes
Wellness Forever,May 26,Sunscreen Gel,56.5972,26.4569,Sun Care,46.7459,Wellness_MS (Sheet1),Category,All categories in the account file,Yes
Wellness Forever,May 26,Sunscreen Lotion,10.8008,2.4132,Sun Care,22.3429,Wellness_MS (Sheet1),Category,All categories in the account file,Yes
Wellness Forever,May 26,Toners,0.1504,0.0,Toner,0.0,Wellness_MS (Sheet1),Category,All categories in the account file,No
Wellness Forever,May 26,Under Eye Cream & Serums,0.2987,0.0076,Face Serum & Treatment,2.5505,Wellness_MS (Sheet1),Category,All categories in the account file,Yes
Wellness Forever,Jun 26,Acne Patches,4.81,2.0754,Face Serum & Treatment,43.1477,Wellness_MS (Sheet1),Category,All categories in the account file,Yes
Wellness Forever,Jun 26,Anti Acne,6.9971,3.9314,Face Serum & Treatment,56.1864,Wellness_MS (Sheet1),Category,All categories in the account file,Yes
Wellness Forever,Jun 26,Anti Ageing,5.7495,0.9751,Face Serum & Treatment,16.9598,Wellness_MS (Sheet1),Category,All categories in the account file,Yes
Wellness Forever,Jun 26,Baby Body Washes,18.2756,0.0237,Baby Care,0.1294,Wellness_MS (Sheet1),Category,All categories in the account file,Yes
Wellness Forever,Jun 26,Baby Cream,6.1272,0.0055,Baby Care,0.0896,Wellness_MS (Sheet1),Category,All categories in the account file,Yes
Wellness Forever,Jun 26,Baby Diaper Rashes Cream,3.9038,0.0028,Baby Care,0.0729,Wellness_MS (Sheet1),Category,All categories in the account file,Yes
Wellness Forever,Jun 26,Baby Hair Oil,4.0541,0.0077,Baby Care,0.1891,Wellness_MS (Sheet1),Category,All categories in the account file,Yes
Wellness Forever,Jun 26,Baby Laundry & Detergents,0.0,0.0,Baby Care,,Wellness_MS (Sheet1),Category,All categories in the account file,Yes
Wellness Forever,Jun 26,Baby Lotions,20.416,0.9678,Baby Care,4.7403,Wellness_MS (Sheet1),Category,All categories in the account file,Yes
Wellness Forever,Jun 26,Baby Moisturizers,0.0,0.0,Baby Care,,Wellness_MS (Sheet1),Category,All categories in the account file,Yes
Wellness Forever,Jun 26,Baby Shampoos,20.4924,0.7831,Baby Care,3.8216,Wellness_MS (Sheet1),Category,All categories in the account file,Yes
Wellness Forever,Jun 26,Baby Soap,37.5717,1.3191,Baby Care,3.511,Wellness_MS (Sheet1),Category,All categories in the account file,Yes
Wellness Forever,Jun 26,Baby Sunscreen,7.713,0.0309,Baby Care,0.4001,Wellness_MS (Sheet1),Category,All categories in the account file,Yes
Wellness Forever,Jun 26,Baby Talc,2.0789,0.4735,Baby Care,22.7769,Wellness_MS (Sheet1),Category,All categories in the account file,Yes
Wellness Forever,Jun 26,Baby Toothpaste,11.5435,1.8629,Baby Care,16.1384,Wellness_MS (Sheet1),Category,All categories in the account file,Yes
Wellness Forever,Jun 26,Baby Wet Wipes,19.243,0.0844,Baby Care,0.4386,Wellness_MS (Sheet1),Category,All categories in the account file,Yes
Wellness Forever,Jun 26,Body Lotions,43.8322,0.0471,Body Lotion & Care,0.1075,Wellness_MS (Sheet1),Category,All categories in the account file,Yes
Wellness Forever,Jun 26,Body Moisturising Wash,0.0744,0.0574,Body Lotion & Care,77.1792,Wellness_MS (Sheet1),Category,All categories in the account file,Yes
Wellness Forever,Jun 26,Brightening & Depigmentation,7.1235,2.7944,Face Serum & Treatment,39.2278,Wellness_MS (Sheet1),Category,All categories in the account file,Yes
Wellness Forever,Jun 26,Clay Mask,0.1635,0.0042,Face Mask & Scrub,2.5859,Wellness_MS (Sheet1),Category,All categories in the account file,Yes
Wellness Forever,Jun 26,Cleanser,2.865,0.0783,Face Wash & Cleanser,2.7341,Wellness_MS (Sheet1),Category,All categories in the account file,Yes
Wellness Forever,Jun 26,Compact,0.0259,0.0127,Other,49.0698,Wellness_MS (Sheet1),Category,All categories in the account file,No
Wellness Forever,Jun 26,Conditioner Anti-Hairfall,3.9691,0.581,Conditioner,14.6379,Wellness_MS (Sheet1),Category,All categories in the account file,Yes
Wellness Forever,Jun 26,Conditioner Regular,21.8537,0.7039,Conditioner,3.2208,Wellness_MS (Sheet1),Category,All categories in the account file,Yes
Wellness Forever,Jun 26,Cough & Cold Roll-Ons,2.9191,0.0,Other,0.0,Wellness_MS (Sheet1),Category,All categories in the account file,No
Wellness Forever,Jun 26,Creams & Others,0.3079,0.0503,Other,16.3501,Wellness_MS (Sheet1),Category,All categories in the account file,No
Wellness Forever,Jun 26,Digestive Remedies,3.5336,0.8767,Other,24.8093,Wellness_MS (Sheet1),Category,All categories in the account file,No
Wellness Forever,Jun 26,Face Cleansers,65.5698,2.0354,Face Wash & Cleanser,3.1042,Wellness_MS (Sheet1),Category,All categories in the account file,Yes
Wellness Forever,Jun 26,Face Creams,47.5754,7.7234,Face Moisturiser & Cream,16.234,Wellness_MS (Sheet1),Category,All categories in the account file,Yes
Wellness Forever,Jun 26,Face Creams & Gels,0.3559,0.0,Face Moisturiser & Cream,0.0,Wellness_MS (Sheet1),Category,All categories in the account file,Yes
Wellness Forever,Jun 26,Face Moisturizer,17.4071,0.9024,Face Moisturiser & Cream,5.184,Wellness_MS (Sheet1),Category,All categories in the account file,Yes
Wellness Forever,Jun 26,Face Moisturizer & Day Cream,0.113,0.0046,Face Moisturiser & Cream,4.1011,Wellness_MS (Sheet1),Category,All categories in the account file,Yes
Wellness Forever,Jun 26,Face Pack,0.3094,0.0836,Face Mask & Scrub,27.0072,Wellness_MS (Sheet1),Category,All categories in the account file,Yes
Wellness Forever,Jun 26,Face Sheet Masks,6.6931,1.0649,Face Mask & Scrub,15.9106,Wellness_MS (Sheet1),Category,All categories in the account file,Yes
Wellness Forever,Jun 26,Face Wash,162.9733,38.8245,Face Wash & Cleanser,23.8226,Wellness_MS (Sheet1),Category,All categories in the account file,Yes
Wellness Forever,Jun 26,Facial Kits,0.9791,0.0106,Face Mask & Scrub,1.0794,Wellness_MS (Sheet1),Category,All categories in the account file,Yes
Wellness Forever,Jun 26,Foundation,0.0129,0.0,Other,0.0,Wellness_MS (Sheet1),Category,All categories in the account file,No
Wellness Forever,Jun 26,Hair Colour Crm,33.5399,0.085,Hair Treatment & Styling,0.2534,Wellness_MS (Sheet1),Category,All categories in the account file,No
Wellness Forever,Jun 26,Hair Oil,27.463,1.9798,Hair Oil,7.2091,Wellness_MS (Sheet1),Category,All categories in the account file,Yes
Wellness Forever,Jun 26,Hair Serum,36.4106,0.6989,Hair Treatment & Styling,1.9195,Wellness_MS (Sheet1),Category,All categories in the account file,No
Wellness Forever,Jun 26,Hair Shampoo,74.9131,4.4842,Shampoo,5.9858,Wellness_MS (Sheet1),Category,All categories in the account file,Yes
Wellness Forever,Jun 26,Hair Spray,2.3733,0.0,Hair Treatment & Styling,0.0,Wellness_MS (Sheet1),Category,All categories in the account file,No
Wellness Forever,Jun 26,Insect Repellents,0.4739,0.1706,Other,36.0122,Wellness_MS (Sheet1),Category,All categories in the account file,No
Wellness Forever,Jun 26,Kajal,1.5498,0.0287,Other,1.8532,Wellness_MS (Sheet1),Category,All categories in the account file,No
Wellness Forever,Jun 26,Lip Balm,14.9469,0.2463,Lip Care,1.6475,Wellness_MS (Sheet1),Category,All categories in the account file,No
Wellness Forever,Jun 26,Lipsticks,0.0461,0.0,Lip Care,0.0,Wellness_MS (Sheet1),Category,All categories in the account file,No
Wellness Forever,Jun 26,Muscle,5.1495,0.0057,Other,0.1106,Wellness_MS (Sheet1),Category,All categories in the account file,No
Wellness Forever,Jun 26,Niacinamide,9.3033,3.8674,Face Serum & Treatment,41.57,Wellness_MS (Sheet1),Category,All categories in the account file,Yes
Wellness Forever,Jun 26,Night Cream,0.4165,0.0051,Face Moisturiser & Cream,1.2188,Wellness_MS (Sheet1),Category,All categories in the account file,Yes
Wellness Forever,Jun 26,Peeling Solutions,0.7703,0.215,Face Serum & Treatment,27.9085,Wellness_MS (Sheet1),Category,All categories in the account file,Yes
Wellness Forever,Jun 26,Professional Shampoo,0.1066,0.0,Shampoo,0.0,Wellness_MS (Sheet1),Category,All categories in the account file,Yes
Wellness Forever,Jun 26,Regular Shampoo,2.3436,0.1421,Shampoo,6.064,Wellness_MS (Sheet1),Category,All categories in the account file,Yes
Wellness Forever,Jun 26,Scrubs,6.5763,1.3261,Face Mask & Scrub,20.1649,Wellness_MS (Sheet1),Category,All categories in the account file,Yes
Wellness Forever,Jun 26,Serums & Essence,3.7465,0.3581,Face Serum & Treatment,9.5581,Wellness_MS (Sheet1),Category,All categories in the account file,Yes
Wellness Forever,Jun 26,Serums Vitamin C,16.5441,7.376,Face Serum & Treatment,44.584,Wellness_MS (Sheet1),Category,All categories in the account file,Yes
Wellness Forever,Jun 26,Shower Gels & Body Wash,36.2983,0.0683,Body Wash & Soap,0.1882,Wellness_MS (Sheet1),Category,All categories in the account file,Yes
Wellness Forever,Jun 26,Soaps,2.6606,0.1402,Body Wash & Soap,5.2695,Wellness_MS (Sheet1),Category,All categories in the account file,Yes
Wellness Forever,Jun 26,Sun Protection,2.5933,0.1938,Sun Care,7.4716,Wellness_MS (Sheet1),Category,All categories in the account file,Yes
Wellness Forever,Jun 26,Sunscreen Cream,32.1697,5.949,Sun Care,18.4925,Wellness_MS (Sheet1),Category,All categories in the account file,Yes
Wellness Forever,Jun 26,Sunscreen Gel,34.2815,15.7982,Sun Care,46.0836,Wellness_MS (Sheet1),Category,All categories in the account file,Yes
Wellness Forever,Jun 26,Sunscreen Lotion,6.5977,1.1117,Sun Care,16.8499,Wellness_MS (Sheet1),Category,All categories in the account file,Yes
Wellness Forever,Jun 26,Toners,0.1255,0.0034,Toner,2.6947,Wellness_MS (Sheet1),Category,All categories in the account file,No
Wellness Forever,Jun 26,Under Eye Cream & Serums,0.3401,0.0198,Face Serum & Treatment,5.8082,Wellness_MS (Sheet1),Category,All categories in the account file,Yes
Wellness Forever,Jul 26,Acne Patches,4.3017,2.1598,Face Serum & Treatment,50.2078,Wellness_MS (Sheet1),Category,All categories in the account file,Yes
Wellness Forever,Jul 26,Anti Acne,7.068,4.0009,Face Serum & Treatment,56.6063,Wellness_MS (Sheet1),Category,All categories in the account file,Yes
Wellness Forever,Jul 26,Anti Ageing,5.5137,0.8007,Face Serum & Treatment,14.5215,Wellness_MS (Sheet1),Category,All categories in the account file,Yes
Wellness Forever,Jul 26,Baby Body Washes,15.8789,0.0351,Baby Care,0.2208,Wellness_MS (Sheet1),Category,All categories in the account file,Yes
Wellness Forever,Jul 26,Baby Cream,5.6294,0.0089,Baby Care,0.1575,Wellness_MS (Sheet1),Category,All categories in the account file,Yes
Wellness Forever,Jul 26,Baby Diaper Rashes Cream,5.0659,0.0,Baby Care,0.0,Wellness_MS (Sheet1),Category,All categories in the account file,Yes
Wellness Forever,Jul 26,Baby Hair Oil,3.8167,0.0028,Baby Care,0.0746,Wellness_MS (Sheet1),Category,All categories in the account file,Yes
Wellness Forever,Jul 26,Baby Laundry & Detergents,0.0,0.0,Baby Care,,Wellness_MS (Sheet1),Category,All categories in the account file,Yes
Wellness Forever,Jul 26,Baby Lotions,19.581,0.828,Baby Care,4.2286,Wellness_MS (Sheet1),Category,All categories in the account file,Yes
Wellness Forever,Jul 26,Baby Moisturizers,0.0011,0.0,Baby Care,0.0,Wellness_MS (Sheet1),Category,All categories in the account file,Yes
Wellness Forever,Jul 26,Baby Shampoos,19.2034,0.7425,Baby Care,3.8663,Wellness_MS (Sheet1),Category,All categories in the account file,Yes
Wellness Forever,Jul 26,Baby Soap,34.5556,1.2177,Baby Care,3.524,Wellness_MS (Sheet1),Category,All categories in the account file,Yes
Wellness Forever,Jul 26,Baby Sunscreen,4.2372,0.0209,Baby Care,0.493,Wellness_MS (Sheet1),Category,All categories in the account file,Yes
Wellness Forever,Jul 26,Baby Talc,2.0055,0.4643,Baby Care,23.1487,Wellness_MS (Sheet1),Category,All categories in the account file,Yes
Wellness Forever,Jul 26,Baby Toothpaste,11.3308,1.9664,Baby Care,17.3541,Wellness_MS (Sheet1),Category,All categories in the account file,Yes
Wellness Forever,Jul 26,Baby Wet Wipes,20.1957,0.0565,Baby Care,0.2797,Wellness_MS (Sheet1),Category,All categories in the account file,Yes
Wellness Forever,Jul 26,Body Lotions,37.0348,0.026,Body Lotion & Care,0.0703,Wellness_MS (Sheet1),Category,All categories in the account file,Yes
Wellness Forever,Jul 26,Body Moisturising Wash,0.0508,0.0374,Body Lotion & Care,73.6079,Wellness_MS (Sheet1),Category,All categories in the account file,Yes
Wellness Forever,Jul 26,Brightening & Depigmentation,6.4235,2.3216,Face Serum & Treatment,36.1416,Wellness_MS (Sheet1),Category,All categories in the account file,Yes
Wellness Forever,Jul 26,Clay Mask,0.118,0.0085,Face Mask & Scrub,7.1691,Wellness_MS (Sheet1),Category,All categories in the account file,Yes
Wellness Forever,Jul 26,Cleanser,3.1039,0.0861,Face Wash & Cleanser,2.7735,Wellness_MS (Sheet1),Category,All categories in the account file,Yes
Wellness Forever,Jul 26,Compact,0.0277,0.0,Other,0.0,Wellness_MS (Sheet1),Category,All categories in the account file,No
Wellness Forever,Jul 26,Conditioner Anti-Hairfall,3.9354,0.5159,Conditioner,13.1086,Wellness_MS (Sheet1),Category,All categories in the account file,Yes
Wellness Forever,Jul 26,Conditioner Regular,21.54,0.5905,Conditioner,2.7412,Wellness_MS (Sheet1),Category,All categories in the account file,Yes
Wellness Forever,Jul 26,Cough & Cold Roll-Ons,3.2652,0.0093,Other,0.2842,Wellness_MS (Sheet1),Category,All categories in the account file,No
Wellness Forever,Jul 26,Creams & Others,0.4958,0.1333,Other,26.8875,Wellness_MS (Sheet1),Category,All categories in the account file,No
Wellness Forever,Jul 26,Digestive Remedies,3.8404,1.1546,Other,30.0638,Wellness_MS (Sheet1),Category,All categories in the account file,No
Wellness Forever,Jul 26,Face Cleansers,47.4628,1.9484,Face Wash & Cleanser,4.105,Wellness_MS (Sheet1),Category,All categories in the account file,Yes
Wellness Forever,Jul 26,Face Creams,43.7817,6.2673,Face Moisturiser & Cream,14.3149,Wellness_MS (Sheet1),Category,All categories in the account file,Yes
Wellness Forever,Jul 26,Face Creams & Gels,0.3031,0.0,Face Moisturiser & Cream,0.0,Wellness_MS (Sheet1),Category,All categories in the account file,Yes
Wellness Forever,Jul 26,Face Moisturizer,24.3677,0.6516,Face Moisturiser & Cream,2.6741,Wellness_MS (Sheet1),Category,All categories in the account file,Yes
Wellness Forever,Jul 26,Face Moisturizer & Day Cream,0.106,0.0046,Face Moisturiser & Cream,4.3792,Wellness_MS (Sheet1),Category,All categories in the account file,Yes
Wellness Forever,Jul 26,Face Pack,0.2555,0.0634,Face Mask & Scrub,24.8194,Wellness_MS (Sheet1),Category,All categories in the account file,Yes
Wellness Forever,Jul 26,Face Sheet Masks,5.0516,0.8636,Face Mask & Scrub,17.0953,Wellness_MS (Sheet1),Category,All categories in the account file,Yes
Wellness Forever,Jul 26,Face Wash,159.2999,35.0372,Face Wash & Cleanser,21.9945,Wellness_MS (Sheet1),Category,All categories in the account file,Yes
Wellness Forever,Jul 26,Facial Kits,1.0666,0.0135,Face Mask & Scrub,1.2682,Wellness_MS (Sheet1),Category,All categories in the account file,Yes
Wellness Forever,Jul 26,Foundation,0.0184,0.0051,Other,27.5908,Wellness_MS (Sheet1),Category,All categories in the account file,No
Wellness Forever,Jul 26,Hair Colour Crm,30.1412,0.1002,Hair Treatment & Styling,0.3326,Wellness_MS (Sheet1),Category,All categories in the account file,No
Wellness Forever,Jul 26,Hair Oil,26.1201,2.0707,Hair Oil,7.9275,Wellness_MS (Sheet1),Category,All categories in the account file,Yes
Wellness Forever,Jul 26,Hair Serum,35.8285,0.7325,Hair Treatment & Styling,2.0443,Wellness_MS (Sheet1),Category,All categories in the account file,No
Wellness Forever,Jul 26,Hair Shampoo,73.0125,4.3031,Shampoo,5.8936,Wellness_MS (Sheet1),Category,All categories in the account file,Yes
Wellness Forever,Jul 26,Hair Spray,2.9505,0.0145,Hair Treatment & Styling,0.4926,Wellness_MS (Sheet1),Category,All categories in the account file,No
Wellness Forever,Jul 26,Insect Repellents,0.7933,0.2573,Other,32.4394,Wellness_MS (Sheet1),Category,All categories in the account file,No
Wellness Forever,Jul 26,Kajal,1.8849,0.0101,Other,0.5377,Wellness_MS (Sheet1),Category,All categories in the account file,No
Wellness Forever,Jul 26,Lip Balm,14.1902,0.231,Lip Care,1.6278,Wellness_MS (Sheet1),Category,All categories in the account file,No
Wellness Forever,Jul 26,Lipsticks,0.0651,0.0,Lip Care,0.0,Wellness_MS (Sheet1),Category,All categories in the account file,No
Wellness Forever,Jul 26,Muscle,9.1655,0.0085,Other,0.0932,Wellness_MS (Sheet1),Category,All categories in the account file,No
Wellness Forever,Jul 26,Niacinamide,8.3379,3.1525,Face Serum & Treatment,37.8085,Wellness_MS (Sheet1),Category,All categories in the account file,Yes
Wellness Forever,Jul 26,Night Cream,0.6219,0.0,Face Moisturiser & Cream,0.0,Wellness_MS (Sheet1),Category,All categories in the account file,Yes
Wellness Forever,Jul 26,Peeling Solutions,0.439,0.0837,Face Serum & Treatment,19.0665,Wellness_MS (Sheet1),Category,All categories in the account file,Yes
Wellness Forever,Jul 26,Professional Shampoo,0.1075,0.0,Shampoo,0.0,Wellness_MS (Sheet1),Category,All categories in the account file,Yes
Wellness Forever,Jul 26,Regular Shampoo,2.4674,0.1586,Shampoo,6.4296,Wellness_MS (Sheet1),Category,All categories in the account file,Yes
Wellness Forever,Jul 26,Scrubs,5.477,1.28,Face Mask & Scrub,23.3707,Wellness_MS (Sheet1),Category,All categories in the account file,Yes
Wellness Forever,Jul 26,Serums & Essence,3.8581,0.2825,Face Serum & Treatment,7.3231,Wellness_MS (Sheet1),Category,All categories in the account file,Yes
Wellness Forever,Jul 26,Serums Vitamin C,15.1994,6.5643,Face Serum & Treatment,43.1881,Wellness_MS (Sheet1),Category,All categories in the account file,Yes
Wellness Forever,Jul 26,Shower Gels & Body Wash,32.0158,0.0888,Body Wash & Soap,0.2773,Wellness_MS (Sheet1),Category,All categories in the account file,Yes
Wellness Forever,Jul 26,Soaps,2.1025,0.1583,Body Wash & Soap,7.528,Wellness_MS (Sheet1),Category,All categories in the account file,Yes
Wellness Forever,Jul 26,Sun Protection,1.7256,0.1218,Sun Care,7.0587,Wellness_MS (Sheet1),Category,All categories in the account file,Yes
Wellness Forever,Jul 26,Sunscreen Cream,20.1161,3.447,Sun Care,17.1357,Wellness_MS (Sheet1),Category,All categories in the account file,Yes
Wellness Forever,Jul 26,Sunscreen Gel,19.9275,9.2778,Sun Care,46.5576,Wellness_MS (Sheet1),Category,All categories in the account file,Yes
Wellness Forever,Jul 26,Sunscreen Lotion,4.6368,0.7029,Sun Care,15.1587,Wellness_MS (Sheet1),Category,All categories in the account file,Yes
Wellness Forever,Jul 26,Toners,0.0871,0.0,Toner,0.0,Wellness_MS (Sheet1),Category,All categories in the account file,No
Wellness Forever,Jul 26,Under Eye Cream & Serums,0.2767,0.0274,Face Serum & Treatment,9.8882,Wellness_MS (Sheet1),Category,All categories in the account file,Yes
Wellness Forever,Aug 26,Acne Patches,4.5783,2.1384,Face Serum & Treatment,46.7081,Wellness_MS (Sheet1),Category,All categories in the account file,Yes
Wellness Forever,Aug 26,Anti Acne,7.1737,4.0331,Face Serum & Treatment,56.2208,Wellness_MS (Sheet1),Category,All categories in the account file,Yes
Wellness Forever,Aug 26,Anti Ageing,6.5846,0.9871,Face Serum & Treatment,14.9912,Wellness_MS (Sheet1),Category,All categories in the account file,Yes
Wellness Forever,Aug 26,Baby Body Washes,17.7712,0.0228,Baby Care,0.1284,Wellness_MS (Sheet1),Category,All categories in the account file,Yes
Wellness Forever,Aug 26,Baby Cream,6.1923,0.0101,Baby Care,0.1637,Wellness_MS (Sheet1),Category,All categories in the account file,Yes
Wellness Forever,Aug 26,Baby Diaper Rashes Cream,5.4667,0.0,Baby Care,0.0,Wellness_MS (Sheet1),Category,All categories in the account file,Yes
Wellness Forever,Aug 26,Baby Hair Oil,4.1117,0.0082,Baby Care,0.2001,Wellness_MS (Sheet1),Category,All categories in the account file,Yes
Wellness Forever,Aug 26,Baby Laundry & Detergents,0.0,0.0,Baby Care,,Wellness_MS (Sheet1),Category,All categories in the account file,Yes
Wellness Forever,Aug 26,Baby Lotions,20.021,0.7709,Baby Care,3.8504,Wellness_MS (Sheet1),Category,All categories in the account file,Yes
Wellness Forever,Aug 26,Baby Moisturizers,0.0,0.0,Baby Care,,Wellness_MS (Sheet1),Category,All categories in the account file,Yes
Wellness Forever,Aug 26,Baby Shampoos,19.6742,0.7313,Baby Care,3.717,Wellness_MS (Sheet1),Category,All categories in the account file,Yes
Wellness Forever,Aug 26,Baby Soap,36.0668,1.0451,Baby Care,2.8977,Wellness_MS (Sheet1),Category,All categories in the account file,Yes
Wellness Forever,Aug 26,Baby Sunscreen,4.8699,0.0235,Baby Care,0.4833,Wellness_MS (Sheet1),Category,All categories in the account file,Yes
Wellness Forever,Aug 26,Baby Talc,2.1547,0.387,Baby Care,17.961,Wellness_MS (Sheet1),Category,All categories in the account file,Yes
Wellness Forever,Aug 26,Baby Toothpaste,12.5645,1.8068,Baby Care,14.3798,Wellness_MS (Sheet1),Category,All categories in the account file,Yes
Wellness Forever,Aug 26,Baby Wet Wipes,21.1449,0.0549,Baby Care,0.2595,Wellness_MS (Sheet1),Category,All categories in the account file,Yes
Wellness Forever,Aug 26,Body Lotions,39.983,0.0218,Body Lotion & Care,0.0546,Wellness_MS (Sheet1),Category,All categories in the account file,Yes
Wellness Forever,Aug 26,Body Moisturising Wash,0.0629,0.0608,Body Lotion & Care,96.7247,Wellness_MS (Sheet1),Category,All categories in the account file,Yes
Wellness Forever,Aug 26,Brightening & Depigmentation,7.8539,3.1136,Face Serum & Treatment,39.6436,Wellness_MS (Sheet1),Category,All categories in the account file,Yes
Wellness Forever,Aug 26,Clay Mask,0.1573,0.0065,Face Mask & Scrub,4.1525,Wellness_MS (Sheet1),Category,All categories in the account file,Yes
Wellness Forever,Aug 26,Cleanser,3.6541,0.0846,Face Wash & Cleanser,2.3164,Wellness_MS (Sheet1),Category,All categories in the account file,Yes
Wellness Forever,Aug 26,Compact,0.0356,0.0,Other,0.0,Wellness_MS (Sheet1),Category,All categories in the account file,No
Wellness Forever,Aug 26,Conditioner Anti-Hairfall,4.2696,0.607,Conditioner,14.2158,Wellness_MS (Sheet1),Category,All categories in the account file,Yes
Wellness Forever,Aug 26,Conditioner Regular,21.6987,0.5973,Conditioner,2.7529,Wellness_MS (Sheet1),Category,All categories in the account file,Yes
Wellness Forever,Aug 26,Cough & Cold Roll-Ons,4.1666,0.0116,Other,0.2782,Wellness_MS (Sheet1),Category,All categories in the account file,No
Wellness Forever,Aug 26,Creams & Others,0.5965,0.1369,Other,22.9408,Wellness_MS (Sheet1),Category,All categories in the account file,No
Wellness Forever,Aug 26,Digestive Remedies,3.6999,0.9845,Other,26.6091,Wellness_MS (Sheet1),Category,All categories in the account file,No
Wellness Forever,Aug 26,Face Cleansers,44.5418,2.0279,Face Wash & Cleanser,4.5528,Wellness_MS (Sheet1),Category,All categories in the account file,Yes
Wellness Forever,Aug 26,Face Creams,49.3642,7.1895,Face Moisturiser & Cream,14.5643,Wellness_MS (Sheet1),Category,All categories in the account file,Yes
Wellness Forever,Aug 26,Face Creams & Gels,0.2908,0.0066,Face Moisturiser & Cream,2.267,Wellness_MS (Sheet1),Category,All categories in the account file,Yes
Wellness Forever,Aug 26,Face Moisturizer,30.1776,0.6555,Face Moisturiser & Cream,2.1721,Wellness_MS (Sheet1),Category,All categories in the account file,Yes
Wellness Forever,Aug 26,Face Moisturizer & Day Cream,0.1025,0.0124,Face Moisturiser & Cream,12.1176,Wellness_MS (Sheet1),Category,All categories in the account file,Yes
Wellness Forever,Aug 26,Face Pack,0.2286,0.0516,Face Mask & Scrub,22.5673,Wellness_MS (Sheet1),Category,All categories in the account file,Yes
Wellness Forever,Aug 26,Face Sheet Masks,6.2522,0.9252,Face Mask & Scrub,14.7985,Wellness_MS (Sheet1),Category,All categories in the account file,Yes
Wellness Forever,Aug 26,Face Wash,173.6232,35.5321,Face Wash & Cleanser,20.4651,Wellness_MS (Sheet1),Category,All categories in the account file,Yes
Wellness Forever,Aug 26,Facial Kits,1.0084,0.0203,Face Mask & Scrub,2.012,Wellness_MS (Sheet1),Category,All categories in the account file,Yes
Wellness Forever,Aug 26,Foundation,0.0259,0.0,Other,0.0,Wellness_MS (Sheet1),Category,All categories in the account file,No
Wellness Forever,Aug 26,Hair Colour Crm,47.8339,0.0685,Hair Treatment & Styling,0.1431,Wellness_MS (Sheet1),Category,All categories in the account file,No
Wellness Forever,Aug 26,Hair Oil,28.9835,2.0632,Hair Oil,7.1186,Wellness_MS (Sheet1),Category,All categories in the account file,Yes
Wellness Forever,Aug 26,Hair Serum,34.3598,0.6348,Hair Treatment & Styling,1.8476,Wellness_MS (Sheet1),Category,All categories in the account file,No
Wellness Forever,Aug 26,Hair Shampoo,76.0773,4.0595,Shampoo,5.336,Wellness_MS (Sheet1),Category,All categories in the account file,Yes
Wellness Forever,Aug 26,Hair Spray,2.537,0.0,Hair Treatment & Styling,0.0,Wellness_MS (Sheet1),Category,All categories in the account file,No
Wellness Forever,Aug 26,Insect Repellents,1.0777,0.2455,Other,22.7839,Wellness_MS (Sheet1),Category,All categories in the account file,No
Wellness Forever,Aug 26,Kajal,1.9647,0.0177,Other,0.9028,Wellness_MS (Sheet1),Category,All categories in the account file,No
Wellness Forever,Aug 26,Lip Balm,15.7368,0.2108,Lip Care,1.3393,Wellness_MS (Sheet1),Category,All categories in the account file,No
Wellness Forever,Aug 26,Lipsticks,0.06,0.0,Lip Care,0.0,Wellness_MS (Sheet1),Category,All categories in the account file,No
Wellness Forever,Aug 26,Muscle,13.3377,0.0054,Other,0.0403,Wellness_MS (Sheet1),Category,All categories in the account file,No
Wellness Forever,Aug 26,Niacinamide,9.2075,3.464,Face Serum & Treatment,37.6213,Wellness_MS (Sheet1),Category,All categories in the account file,Yes
Wellness Forever,Aug 26,Night Cream,0.7154,0.0047,Face Moisturiser & Cream,0.6516,Wellness_MS (Sheet1),Category,All categories in the account file,Yes
Wellness Forever,Aug 26,Peeling Solutions,0.4419,0.0807,Face Serum & Treatment,18.2662,Wellness_MS (Sheet1),Category,All categories in the account file,Yes
Wellness Forever,Aug 26,Professional Shampoo,0.075,0.0,Shampoo,0.0,Wellness_MS (Sheet1),Category,All categories in the account file,Yes
Wellness Forever,Aug 26,Regular Shampoo,2.507,0.1588,Shampoo,6.3359,Wellness_MS (Sheet1),Category,All categories in the account file,Yes
Wellness Forever,Aug 26,Scrubs,5.4653,1.1922,Face Mask & Scrub,21.8142,Wellness_MS (Sheet1),Category,All categories in the account file,Yes
Wellness Forever,Aug 26,Serums & Essence,4.5167,0.2046,Face Serum & Treatment,4.529,Wellness_MS (Sheet1),Category,All categories in the account file,Yes
Wellness Forever,Aug 26,Serums Vitamin C,16.0355,6.1942,Face Serum & Treatment,38.6278,Wellness_MS (Sheet1),Category,All categories in the account file,Yes
Wellness Forever,Aug 26,Shower Gels & Body Wash,33.246,0.0545,Body Wash & Soap,0.1639,Wellness_MS (Sheet1),Category,All categories in the account file,Yes
Wellness Forever,Aug 26,Soaps,2.1702,0.2505,Body Wash & Soap,11.5427,Wellness_MS (Sheet1),Category,All categories in the account file,Yes
Wellness Forever,Aug 26,Sun Protection,1.9054,0.1882,Sun Care,9.8779,Wellness_MS (Sheet1),Category,All categories in the account file,Yes
Wellness Forever,Aug 26,Sunscreen Cream,23.2396,3.8389,Sun Care,16.5187,Wellness_MS (Sheet1),Category,All categories in the account file,Yes
Wellness Forever,Aug 26,Sunscreen Gel,24.036,10.7575,Sun Care,44.7558,Wellness_MS (Sheet1),Category,All categories in the account file,Yes
Wellness Forever,Aug 26,Sunscreen Lotion,5.4975,0.7118,Sun Care,12.9474,Wellness_MS (Sheet1),Category,All categories in the account file,Yes
Wellness Forever,Aug 26,Toners,0.1063,0.0038,Toner,3.5868,Wellness_MS (Sheet1),Category,All categories in the account file,No
Wellness Forever,Aug 26,Under Eye Cream & Serums,0.1878,0.0068,Face Serum & Treatment,3.6012,Wellness_MS (Sheet1),Category,All categories in the account file,Yes
