Chain,Month,Zone,State,City,Category,Account Sales Rs L,Honasa Sales Rs L,Stores,Common Category,Share %,Source
Lulu,Jan 26,North,Uttar Pradesh,Lucknow,Baby Bath,0.8369,0.0338,1.0,Baby Care,4.0343,Compiled_Monthly_Files (Lulu)
Lulu,Jan 26,North,Uttar Pradesh,Lucknow,Baby Lotions,1.1045,0.0338,1.0,Baby Care,3.0568,Compiled_Monthly_Files (Lulu)
Lulu,Jan 26,North,Uttar Pradesh,Lucknow,Baby Oil,0.3421,0.0227,1.0,Baby Care,6.6368,Compiled_Monthly_Files (Lulu)
Lulu,Jan 26,North,Uttar Pradesh,Lucknow,Baby Powder,0.4829,0.0075,1.0,Baby Care,1.562,Compiled_Monthly_Files (Lulu)
Lulu,Jan 26,North,Uttar Pradesh,Lucknow,Baby Shampoos,1.1292,0.0624,1.0,Baby Care,5.5261,Compiled_Monthly_Files (Lulu)
Lulu,Jan 26,North,Uttar Pradesh,Lucknow,Baby Soap,0.6272,0.0165,1.0,Baby Care,2.6362,Compiled_Monthly_Files (Lulu)
Lulu,Jan 26,North,Uttar Pradesh,Lucknow,Bath Soaps,32.4845,0.2521,1.0,Body Wash & Soap,0.776,Compiled_Monthly_Files (Lulu)
Lulu,Jan 26,North,Uttar Pradesh,Lucknow,Body Lotion,14.6269,1.9367,1.0,Body Lotion & Care,13.241,Compiled_Monthly_Files (Lulu)
Lulu,Jan 26,North,Uttar Pradesh,Lucknow,Conditioners,5.516,0.115,1.0,Conditioner,2.0852,Compiled_Monthly_Files (Lulu)
Lulu,Jan 26,North,Uttar Pradesh,Lucknow,Eye Care,0.2792,0.0076,1.0,Face Moisturiser & Cream,2.7225,Compiled_Monthly_Files (Lulu)
Lulu,Jan 26,North,Uttar Pradesh,Lucknow,Face Wash,16.5052,6.3818,1.0,Face Wash & Cleanser,38.6654,Compiled_Monthly_Files (Lulu)
Lulu,Jan 26,North,Uttar Pradesh,Lucknow,Facial Cleanser,1.2301,0.0169,1.0,Face Wash & Cleanser,1.371,Compiled_Monthly_Files (Lulu)
Lulu,Jan 26,North,Uttar Pradesh,Lucknow,Facial Scrub,1.0412,0.1032,1.0,Face Mask & Scrub,9.9133,Compiled_Monthly_Files (Lulu)
Lulu,Jan 26,North,Uttar Pradesh,Lucknow,Fairness/Whtng.Cream,4.85,0.0902,1.0,Face Moisturiser & Cream,1.859,Compiled_Monthly_Files (Lulu)
Lulu,Jan 26,North,Uttar Pradesh,Lucknow,Hair Oils,13.4108,0.1206,1.0,Hair Oil,0.8991,Compiled_Monthly_Files (Lulu)
Lulu,Jan 26,North,Uttar Pradesh,Lucknow,Hair Treatments&Mask,3.7324,0.0177,1.0,Hair Treatment & Styling,0.4736,Compiled_Monthly_Files (Lulu)
Lulu,Jan 26,North,Uttar Pradesh,Lucknow,Lip Balms,1.0192,0.0734,1.0,Lip Care,7.2035,Compiled_Monthly_Files (Lulu)
Lulu,Jan 26,North,Uttar Pradesh,Lucknow,Moistur.Cream/Fluid,12.9055,1.5353,1.0,Face Moisturiser & Cream,11.8962,Compiled_Monthly_Files (Lulu)
Lulu,Jan 26,North,Uttar Pradesh,Lucknow,Other Baby care,1.5101,0.0066,1.0,Baby Care,0.4344,Compiled_Monthly_Files (Lulu)
Lulu,Jan 26,North,Uttar Pradesh,Lucknow,Other Facial Care,4.6734,0.4715,1.0,Face Moisturiser & Cream,10.0897,Compiled_Monthly_Files (Lulu)
Lulu,Jan 26,North,Uttar Pradesh,Lucknow,Other Skin Care,0.7897,0.0102,1.0,Face Moisturiser & Cream,1.2855,Compiled_Monthly_Files (Lulu)
Lulu,Jan 26,North,Uttar Pradesh,Lucknow,Shampoo,37.8838,2.6402,1.0,Shampoo,6.9691,Compiled_Monthly_Files (Lulu)
Lulu,Jan 26,North,Uttar Pradesh,Lucknow,Shower Gel&Body Wash,8.67,0.4175,1.0,Body Wash & Soap,4.8158,Compiled_Monthly_Files (Lulu)
Lulu,Jan 26,North,Uttar Pradesh,Lucknow,Sun Care,3.2981,0.9185,1.0,Sun Care,27.8481,Compiled_Monthly_Files (Lulu)
Lulu,Jan 26,North,Uttar Pradesh,Lucknow,Tooth Paste,26.771,0.088,1.0,Oral Care,0.3287,Compiled_Monthly_Files (Lulu)
Lulu,Jan 26,South-1,Karnataka,Bangalore,Baby Bath,1.1741,0.004,1.0,Baby Care,0.3407,Compiled_Monthly_Files (Lulu)
Lulu,Jan 26,South-1,Karnataka,,Baby Bath,1.5796,0.022,3.0,Baby Care,1.3927,Compiled_Monthly_Files (Lulu)
Lulu,Jan 26,South-1,Karnataka,Bangalore,Baby Lotions,1.332,0.013,1.0,Baby Care,0.9753,Compiled_Monthly_Files (Lulu)
Lulu,Jan 26,South-1,Karnataka,,Baby Lotions,1.5834,0.0687,3.0,Baby Care,4.3369,Compiled_Monthly_Files (Lulu)
Lulu,Jan 26,South-1,Karnataka,,Baby Oil,0.111,0.0135,2.0,Baby Care,12.1803,Compiled_Monthly_Files (Lulu)
Lulu,Jan 26,South-1,Karnataka,Bangalore,Baby Powder,0.3983,0.0016,1.0,Baby Care,0.4042,Compiled_Monthly_Files (Lulu)
Lulu,Jan 26,South-1,Karnataka,,Baby Powder,0.1203,0.0016,1.0,Baby Care,1.338,Compiled_Monthly_Files (Lulu)
Lulu,Jan 26,South-1,Karnataka,Bangalore,Baby Shampoos,0.7153,0.025,1.0,Baby Care,3.5006,Compiled_Monthly_Files (Lulu)
Lulu,Jan 26,South-1,Karnataka,,Baby Shampoos,0.9264,0.0621,3.0,Baby Care,6.7016,Compiled_Monthly_Files (Lulu)
Lulu,Jan 26,South-1,Karnataka,Bangalore,Baby Soap,0.9962,0.02,1.0,Baby Care,2.0047,Compiled_Monthly_Files (Lulu)
Lulu,Jan 26,South-1,Karnataka,,Baby Soap,0.8592,0.0492,3.0,Baby Care,5.7316,Compiled_Monthly_Files (Lulu)
Lulu,Jan 26,South-1,Karnataka,Bangalore,Bath Soaps,24.542,0.0239,1.0,Body Wash & Soap,0.0975,Compiled_Monthly_Files (Lulu)
Lulu,Jan 26,South-1,Karnataka,,Bath Soaps,16.8716,0.0661,2.0,Body Wash & Soap,0.3916,Compiled_Monthly_Files (Lulu)
Lulu,Jan 26,South-1,Karnataka,Bangalore,Body Lotion,10.7618,1.1296,1.0,Body Lotion & Care,10.4964,Compiled_Monthly_Files (Lulu)
Lulu,Jan 26,South-1,Karnataka,,Body Lotion,14.3415,1.1322,3.0,Body Lotion & Care,7.8949,Compiled_Monthly_Files (Lulu)
Lulu,Jan 26,South-1,Karnataka,Bangalore,Conditioners,3.0705,0.2378,1.0,Conditioner,7.7433,Compiled_Monthly_Files (Lulu)
Lulu,Jan 26,South-1,Karnataka,,Conditioners,4.544,0.1628,3.0,Conditioner,3.5836,Compiled_Monthly_Files (Lulu)
Lulu,Jan 26,South-1,Karnataka,,Face Mask,0.2836,0.019,1.0,Face Mask & Scrub,6.6909,Compiled_Monthly_Files (Lulu)
Lulu,Jan 26,South-1,Karnataka,Bangalore,Face Wash,7.8089,2.2704,1.0,Face Wash & Cleanser,29.074,Compiled_Monthly_Files (Lulu)
Lulu,Jan 26,South-1,Karnataka,,Face Wash,9.7434,3.2707,3.0,Face Wash & Cleanser,33.5687,Compiled_Monthly_Files (Lulu)
Lulu,Jan 26,South-1,Karnataka,Bangalore,Facial Cleanser,1.2296,0.0057,1.0,Face Wash & Cleanser,0.4673,Compiled_Monthly_Files (Lulu)
Lulu,Jan 26,South-1,Karnataka,,Facial Cleanser,1.07,0.0172,2.0,Face Wash & Cleanser,1.611,Compiled_Monthly_Files (Lulu)
Lulu,Jan 26,South-1,Karnataka,Bangalore,Facial Scrub,0.5759,0.0878,1.0,Face Mask & Scrub,15.2448,Compiled_Monthly_Files (Lulu)
Lulu,Jan 26,South-1,Karnataka,,Facial Scrub,0.5887,0.1028,3.0,Face Mask & Scrub,17.4706,Compiled_Monthly_Files (Lulu)
Lulu,Jan 26,South-1,Karnataka,Bangalore,Fairness/Whtng.Cream,1.8071,0.0429,1.0,Face Moisturiser & Cream,2.3724,Compiled_Monthly_Files (Lulu)
Lulu,Jan 26,South-1,Karnataka,,Fairness/Whtng.Cream,2.2364,0.0936,3.0,Face Moisturiser & Cream,4.1861,Compiled_Monthly_Files (Lulu)
Lulu,Jan 26,South-1,Karnataka,Bangalore,Hair Gel,0.2931,0.0297,1.0,Hair Treatment & Styling,10.1456,Compiled_Monthly_Files (Lulu)
Lulu,Jan 26,South-1,Karnataka,,Hair Gel,0.1841,0.027,2.0,Hair Treatment & Styling,14.6858,Compiled_Monthly_Files (Lulu)
Lulu,Jan 26,South-1,Karnataka,Bangalore,Hair Oils,4.932,0.1928,1.0,Hair Oil,3.9086,Compiled_Monthly_Files (Lulu)
Lulu,Jan 26,South-1,Karnataka,,Hair Oils,4.5604,0.1682,3.0,Hair Oil,3.6882,Compiled_Monthly_Files (Lulu)
Lulu,Jan 26,South-1,Karnataka,Bangalore,Hair Treatments&Mask,2.1031,0.094,1.0,Hair Treatment & Styling,4.4681,Compiled_Monthly_Files (Lulu)
Lulu,Jan 26,South-1,Karnataka,,Hair Treatments&Mask,1.9269,0.077,3.0,Hair Treatment & Styling,3.9942,Compiled_Monthly_Files (Lulu)
Lulu,Jan 26,South-1,Karnataka,Bangalore,Lip Balms,0.8221,0.0918,1.0,Lip Care,11.1714,Compiled_Monthly_Files (Lulu)
Lulu,Jan 26,South-1,Karnataka,,Lip Balms,1.7325,0.276,3.0,Lip Care,15.9289,Compiled_Monthly_Files (Lulu)
Lulu,Jan 26,South-1,Karnataka,Bangalore,Moistur.Cream/Fluid,6.4424,0.2474,1.0,Face Moisturiser & Cream,3.8405,Compiled_Monthly_Files (Lulu)
Lulu,Jan 26,South-1,Karnataka,,Moistur.Cream/Fluid,8.3544,0.1989,3.0,Face Moisturiser & Cream,2.3804,Compiled_Monthly_Files (Lulu)
Lulu,Jan 26,South-1,Karnataka,Bangalore,Other Baby care,0.8132,0.0042,1.0,Baby Care,0.5128,Compiled_Monthly_Files (Lulu)
Lulu,Jan 26,South-1,Karnataka,,Other Baby care,1.2031,0.0188,3.0,Baby Care,1.5596,Compiled_Monthly_Files (Lulu)
Lulu,Jan 26,South-1,Karnataka,Bangalore,Other Facial Care,4.1151,0.4863,1.0,Face Moisturiser & Cream,11.8176,Compiled_Monthly_Files (Lulu)
Lulu,Jan 26,South-1,Karnataka,,Other Facial Care,5.4487,0.2156,3.0,Face Moisturiser & Cream,3.9569,Compiled_Monthly_Files (Lulu)
Lulu,Jan 26,South-1,Karnataka,Bangalore,Other Skin Care,0.7308,0.0228,1.0,Face Moisturiser & Cream,3.1251,Compiled_Monthly_Files (Lulu)
Lulu,Jan 26,South-1,Karnataka,Bangalore,Shampoo,23.6759,1.027,1.0,Shampoo,4.3375,Compiled_Monthly_Files (Lulu)
Lulu,Jan 26,South-1,Karnataka,,Shampoo,25.7218,1.2029,3.0,Shampoo,4.6768,Compiled_Monthly_Files (Lulu)
Lulu,Jan 26,South-1,Karnataka,Bangalore,Shower Gel&Body Wash,8.9696,0.1316,1.0,Body Wash & Soap,1.4673,Compiled_Monthly_Files (Lulu)
Lulu,Jan 26,South-1,Karnataka,,Shower Gel&Body Wash,8.0783,0.1047,2.0,Body Wash & Soap,1.2964,Compiled_Monthly_Files (Lulu)
Lulu,Jan 26,South-1,Karnataka,Bangalore,Sun Care,3.2682,1.4054,1.0,Sun Care,43.0012,Compiled_Monthly_Files (Lulu)
Lulu,Jan 26,South-1,Karnataka,,Sun Care,4.1964,1.9685,3.0,Sun Care,46.9091,Compiled_Monthly_Files (Lulu)
Lulu,Jan 26,South-1,Karnataka,Bangalore,Tooth Paste,20.4898,0.0012,1.0,Oral Care,0.0059,Compiled_Monthly_Files (Lulu)
Lulu,Jan 26,South-1,Karnataka,,Tooth Paste,25.7336,0.0961,3.0,Oral Care,0.3734,Compiled_Monthly_Files (Lulu)
Lulu,Jan 26,South-1,Kerala,Calicut,Baby Bath,0.715,0.0506,1.0,Baby Care,7.0708,Compiled_Monthly_Files (Lulu)
Lulu,Jan 26,South-1,Kerala,Kochi,Baby Bath,1.7872,0.0694,2.0,Baby Care,3.8806,Compiled_Monthly_Files (Lulu)
Lulu,Jan 26,South-1,Kerala,Kottayam,Baby Bath,1.0476,0.0147,1.0,Baby Care,1.4043,Compiled_Monthly_Files (Lulu)
Lulu,Jan 26,South-1,Kerala,Kottiyam,Baby Bath,0.1209,0.0147,1.0,Baby Care,12.1684,Compiled_Monthly_Files (Lulu)
Lulu,Jan 26,South-1,Kerala,Thrissur,Baby Bath,0.0942,0.0084,1.0,Baby Care,8.92,Compiled_Monthly_Files (Lulu)
Lulu,Jan 26,South-1,Kerala,Trivandrum,Baby Bath,1.5087,0.0611,1.0,Baby Care,4.0466,Compiled_Monthly_Files (Lulu)
Lulu,Jan 26,South-1,Kerala,,Baby Bath,0.1045,0.0105,1.0,Baby Care,10.0546,Compiled_Monthly_Files (Lulu)
Lulu,Jan 26,South-1,Kerala,Calicut,Baby Cream,0.4617,0.0186,1.0,Baby Care,4.0179,Compiled_Monthly_Files (Lulu)
Lulu,Jan 26,South-1,Kerala,Kochi,Baby Cream,1.158,0.0657,2.0,Baby Care,5.6745,Compiled_Monthly_Files (Lulu)
Lulu,Jan 26,South-1,Kerala,Kottayam,Baby Cream,0.7547,0.0067,1.0,Baby Care,0.8894,Compiled_Monthly_Files (Lulu)
Lulu,Jan 26,South-1,Kerala,Palakkad,Baby Cream,0.5334,0.047,1.0,Baby Care,8.8081,Compiled_Monthly_Files (Lulu)
Lulu,Jan 26,South-1,Kerala,Thrissur,Baby Cream,0.1554,0.0101,1.0,Baby Care,6.4779,Compiled_Monthly_Files (Lulu)
Lulu,Jan 26,South-1,Kerala,Trivandrum,Baby Cream,1.6762,0.0537,1.0,Baby Care,3.2034,Compiled_Monthly_Files (Lulu)
Lulu,Jan 26,South-1,Kerala,Calicut,Baby Lotions,1.538,0.0273,1.0,Baby Care,1.7764,Compiled_Monthly_Files (Lulu)
Lulu,Jan 26,South-1,Kerala,Kochi,Baby Lotions,3.2255,0.0652,2.0,Baby Care,2.0199,Compiled_Monthly_Files (Lulu)
Lulu,Jan 26,South-1,Kerala,Kottayam,Baby Lotions,2.283,0.0294,1.0,Baby Care,1.2888,Compiled_Monthly_Files (Lulu)
Lulu,Jan 26,South-1,Kerala,Thrissur,Baby Lotions,0.4316,0.021,1.0,Baby Care,4.8696,Compiled_Monthly_Files (Lulu)
Lulu,Jan 26,South-1,Kerala,Trivandrum,Baby Lotions,3.0389,0.0504,1.0,Baby Care,1.6598,Compiled_Monthly_Files (Lulu)
Lulu,Jan 26,South-1,Kerala,,Baby Lotions,0.3424,0.0441,1.0,Baby Care,12.8908,Compiled_Monthly_Files (Lulu)
Lulu,Jan 26,South-1,Kerala,Kochi,Baby Oil,0.113,0.005,1.0,Baby Care,4.4672,Compiled_Monthly_Files (Lulu)
Lulu,Jan 26,South-1,Kerala,Kottayam,Baby Oil,0.3106,0.0057,1.0,Baby Care,1.8274,Compiled_Monthly_Files (Lulu)
Lulu,Jan 26,South-1,Kerala,Kottiyam,Baby Oil,0.0135,0.0057,1.0,Baby Care,41.8924,Compiled_Monthly_Files (Lulu)
Lulu,Jan 26,South-1,Kerala,Thrissur,Baby Oil,0.0648,0.0057,1.0,Baby Care,8.7598,Compiled_Monthly_Files (Lulu)
Lulu,Jan 26,South-1,Kerala,,Baby Powder,0.0851,0.017,1.0,Baby Care,19.9369,Compiled_Monthly_Files (Lulu)
Lulu,Jan 26,South-1,Kerala,Calicut,Baby Shampoos,0.3495,0.0189,1.0,Baby Care,5.395,Compiled_Monthly_Files (Lulu)
Lulu,Jan 26,South-1,Kerala,Kochi,Baby Shampoos,0.9097,0.065,2.0,Baby Care,7.14,Compiled_Monthly_Files (Lulu)
Lulu,Jan 26,South-1,Kerala,Kottayam,Baby Shampoos,0.448,0.0157,1.0,Baby Care,3.5122,Compiled_Monthly_Files (Lulu)
Lulu,Jan 26,South-1,Kerala,Kottiyam,Baby Shampoos,0.0685,0.0105,1.0,Baby Care,15.3538,Compiled_Monthly_Files (Lulu)
Lulu,Jan 26,South-1,Kerala,Palakkad,Baby Shampoos,0.4019,0.0356,1.0,Baby Care,8.8512,Compiled_Monthly_Files (Lulu)
Lulu,Jan 26,South-1,Kerala,Thrissur,Baby Shampoos,0.1865,0.0142,1.0,Baby Care,7.599,Compiled_Monthly_Files (Lulu)
Lulu,Jan 26,South-1,Kerala,Trivandrum,Baby Shampoos,1.2634,0.0276,1.0,Baby Care,2.1823,Compiled_Monthly_Files (Lulu)
Lulu,Jan 26,South-1,Kerala,Calicut,Baby Soap,0.7012,0.0105,1.0,Baby Care,1.5008,Compiled_Monthly_Files (Lulu)
Lulu,Jan 26,South-1,Kerala,Kochi,Baby Soap,1.8991,0.0323,2.0,Baby Care,1.7011,Compiled_Monthly_Files (Lulu)
Lulu,Jan 26,South-1,Kerala,Palakkad,Baby Soap,0.8077,0.0189,1.0,Baby Care,2.3393,Compiled_Monthly_Files (Lulu)
Lulu,Jan 26,South-1,Kerala,Thrissur,Baby Soap,0.2107,0.0118,1.0,Baby Care,5.6052,Compiled_Monthly_Files (Lulu)
Lulu,Jan 26,South-1,Kerala,Trivandrum,Baby Soap,2.1741,0.0379,1.0,Baby Care,1.7426,Compiled_Monthly_Files (Lulu)
Lulu,Jan 26,South-1,Kerala,,Baby Soap,0.2691,0.0236,1.0,Baby Care,8.7761,Compiled_Monthly_Files (Lulu)
Lulu,Jan 26,South-1,Kerala,Calicut,Bath Soaps,32.199,0.0843,1.0,Body Wash & Soap,0.2618,Compiled_Monthly_Files (Lulu)
Lulu,Jan 26,South-1,Kerala,Kochi,Bath Soaps,104.3986,0.099,2.0,Body Wash & Soap,0.0948,Compiled_Monthly_Files (Lulu)
Lulu,Jan 26,South-1,Kerala,Palakkad,Bath Soaps,37.6899,0.0524,1.0,Body Wash & Soap,0.139,Compiled_Monthly_Files (Lulu)
Lulu,Jan 26,South-1,Kerala,Thrissur,Bath Soaps,15.7505,0.0866,1.0,Body Wash & Soap,0.5501,Compiled_Monthly_Files (Lulu)
Lulu,Jan 26,South-1,Kerala,Trivandrum,Bath Soaps,97.7047,0.0697,1.0,Body Wash & Soap,0.0714,Compiled_Monthly_Files (Lulu)
Lulu,Jan 26,South-1,Kerala,,Bath Soaps,17.3974,0.0042,1.0,Body Wash & Soap,0.0241,Compiled_Monthly_Files (Lulu)
Lulu,Jan 26,South-1,Kerala,Calicut,Body Lotion,5.7422,0.434,1.0,Body Lotion & Care,7.5579,Compiled_Monthly_Files (Lulu)
Lulu,Jan 26,South-1,Kerala,Kochi,Body Lotion,26.3254,0.3509,2.0,Body Lotion & Care,1.3328,Compiled_Monthly_Files (Lulu)
Lulu,Jan 26,South-1,Kerala,Kottayam,Body Lotion,9.956,1.1066,1.0,Body Lotion & Care,11.1146,Compiled_Monthly_Files (Lulu)
Lulu,Jan 26,South-1,Kerala,Kottiyam,Body Lotion,2.4829,0.2281,1.0,Body Lotion & Care,9.1871,Compiled_Monthly_Files (Lulu)
Lulu,Jan 26,South-1,Kerala,Palakkad,Body Lotion,6.6178,0.2047,1.0,Body Lotion & Care,3.093,Compiled_Monthly_Files (Lulu)
Lulu,Jan 26,South-1,Kerala,Thrissur,Body Lotion,3.4236,0.0803,1.0,Body Lotion & Care,2.3442,Compiled_Monthly_Files (Lulu)
Lulu,Jan 26,South-1,Kerala,Trivandrum,Body Lotion,15.9957,0.2882,1.0,Body Lotion & Care,1.8019,Compiled_Monthly_Files (Lulu)
Lulu,Jan 26,South-1,Kerala,Calicut,Conditioners,3.0837,0.1918,1.0,Conditioner,6.2197,Compiled_Monthly_Files (Lulu)
Lulu,Jan 26,South-1,Kerala,Kochi,Conditioners,10.9627,0.2688,2.0,Conditioner,2.4524,Compiled_Monthly_Files (Lulu)
Lulu,Jan 26,South-1,Kerala,Kottayam,Conditioners,5.24,0.1742,1.0,Conditioner,3.325,Compiled_Monthly_Files (Lulu)
Lulu,Jan 26,South-1,Kerala,Kottiyam,Conditioners,1.0336,0.0177,1.0,Conditioner,1.712,Compiled_Monthly_Files (Lulu)
Lulu,Jan 26,South-1,Kerala,Thrissur,Conditioners,1.8874,0.1653,1.0,Conditioner,8.7568,Compiled_Monthly_Files (Lulu)
Lulu,Jan 26,South-1,Kerala,Trivandrum,Conditioners,9.1922,0.177,1.0,Conditioner,1.9254,Compiled_Monthly_Files (Lulu)
Lulu,Jan 26,South-1,Kerala,,Conditioners,1.24,0.0531,1.0,Conditioner,4.2809,Compiled_Monthly_Files (Lulu)
Lulu,Jan 26,South-1,Kerala,Calicut,Face Mask,0.6341,0.0177,1.0,Face Mask & Scrub,2.7972,Compiled_Monthly_Files (Lulu)
Lulu,Jan 26,South-1,Kerala,Kochi,Face Mask,4.5001,0.0317,2.0,Face Mask & Scrub,0.7036,Compiled_Monthly_Files (Lulu)
Lulu,Jan 26,South-1,Kerala,Kottayam,Face Mask,1.856,0.0354,1.0,Face Mask & Scrub,1.9049,Compiled_Monthly_Files (Lulu)
Lulu,Jan 26,South-1,Kerala,Thrissur,Face Mask,0.5867,0.018,1.0,Face Mask & Scrub,3.0709,Compiled_Monthly_Files (Lulu)
Lulu,Jan 26,South-1,Kerala,Trivandrum,Face Mask,2.7984,0.0755,1.0,Face Mask & Scrub,2.6994,Compiled_Monthly_Files (Lulu)
Lulu,Jan 26,South-1,Kerala,,Face Mask,0.6142,0.0127,1.0,Face Mask & Scrub,2.0626,Compiled_Monthly_Files (Lulu)
Lulu,Jan 26,South-1,Kerala,Calicut,Face Wash,8.4933,3.2881,1.0,Face Wash & Cleanser,38.7139,Compiled_Monthly_Files (Lulu)
Lulu,Jan 26,South-1,Kerala,Kochi,Face Wash,21.9399,3.3526,2.0,Face Wash & Cleanser,15.281,Compiled_Monthly_Files (Lulu)
Lulu,Jan 26,South-1,Kerala,Kottayam,Face Wash,9.8242,2.7033,1.0,Face Wash & Cleanser,27.5168,Compiled_Monthly_Files (Lulu)
Lulu,Jan 26,South-1,Kerala,Kottiyam,Face Wash,2.8718,0.265,1.0,Face Wash & Cleanser,9.2276,Compiled_Monthly_Files (Lulu)
Lulu,Jan 26,South-1,Kerala,Palakkad,Face Wash,5.2535,0.8028,1.0,Face Wash & Cleanser,15.2813,Compiled_Monthly_Files (Lulu)
Lulu,Jan 26,South-1,Kerala,Thrissur,Face Wash,3.4297,0.9524,1.0,Face Wash & Cleanser,27.7677,Compiled_Monthly_Files (Lulu)
Lulu,Jan 26,South-1,Kerala,Trivandrum,Face Wash,16.8187,2.8921,1.0,Face Wash & Cleanser,17.1957,Compiled_Monthly_Files (Lulu)
Lulu,Jan 26,South-1,Kerala,,Face Wash,2.9431,0.1464,1.0,Face Wash & Cleanser,4.974,Compiled_Monthly_Files (Lulu)
Lulu,Jan 26,South-1,Kerala,Calicut,Facial Cleanser,0.8321,0.0046,1.0,Face Wash & Cleanser,0.5499,Compiled_Monthly_Files (Lulu)
Lulu,Jan 26,South-1,Kerala,Kochi,Facial Cleanser,2.3876,0.0438,2.0,Face Wash & Cleanser,1.8365,Compiled_Monthly_Files (Lulu)
Lulu,Jan 26,South-1,Kerala,Kottayam,Facial Cleanser,1.3937,0.0135,1.0,Face Wash & Cleanser,0.968,Compiled_Monthly_Files (Lulu)
Lulu,Jan 26,South-1,Kerala,Palakkad,Facial Cleanser,0.8734,0.011,1.0,Face Wash & Cleanser,1.2556,Compiled_Monthly_Files (Lulu)
Lulu,Jan 26,South-1,Kerala,Thrissur,Facial Cleanser,0.3303,0.0169,1.0,Face Wash & Cleanser,5.1062,Compiled_Monthly_Files (Lulu)
Lulu,Jan 26,South-1,Kerala,Trivandrum,Facial Cleanser,1.9283,0.0059,1.0,Face Wash & Cleanser,0.3059,Compiled_Monthly_Files (Lulu)
Lulu,Jan 26,South-1,Kerala,Calicut,Facial Scrub,0.2671,0.0147,1.0,Face Mask & Scrub,5.5215,Compiled_Monthly_Files (Lulu)
Lulu,Jan 26,South-1,Kerala,Kochi,Facial Scrub,0.12,0.0383,1.0,Face Mask & Scrub,31.9402,Compiled_Monthly_Files (Lulu)
Lulu,Jan 26,South-1,Kerala,Kottayam,Facial Scrub,0.8101,0.1563,1.0,Face Mask & Scrub,19.2937,Compiled_Monthly_Files (Lulu)
Lulu,Jan 26,South-1,Kerala,Palakkad,Facial Scrub,0.2911,0.0649,1.0,Face Mask & Scrub,22.2897,Compiled_Monthly_Files (Lulu)
Lulu,Jan 26,South-1,Kerala,Thrissur,Facial Scrub,0.3123,0.0236,1.0,Face Mask & Scrub,7.554,Compiled_Monthly_Files (Lulu)
Lulu,Jan 26,South-1,Kerala,Trivandrum,Facial Scrub,1.4527,0.1593,1.0,Face Mask & Scrub,10.9628,Compiled_Monthly_Files (Lulu)
Lulu,Jan 26,South-1,Kerala,,Facial Scrub,0.1714,0.0324,1.0,Face Mask & Scrub,18.9216,Compiled_Monthly_Files (Lulu)
Lulu,Jan 26,South-1,Kerala,Calicut,Fairness/Whtng.Cream,1.3584,0.0287,1.0,Face Moisturiser & Cream,2.1125,Compiled_Monthly_Files (Lulu)
Lulu,Jan 26,South-1,Kerala,Kochi,Fairness/Whtng.Cream,5.2178,0.3951,2.0,Face Moisturiser & Cream,7.5717,Compiled_Monthly_Files (Lulu)
Lulu,Jan 26,South-1,Kerala,Kottayam,Fairness/Whtng.Cream,3.0352,0.0934,1.0,Face Moisturiser & Cream,3.0763,Compiled_Monthly_Files (Lulu)
Lulu,Jan 26,South-1,Kerala,Palakkad,Fairness/Whtng.Cream,1.4674,0.0369,1.0,Face Moisturiser & Cream,2.5157,Compiled_Monthly_Files (Lulu)
Lulu,Jan 26,South-1,Kerala,Thrissur,Fairness/Whtng.Cream,0.8805,0.0021,1.0,Face Moisturiser & Cream,0.2387,Compiled_Monthly_Files (Lulu)
Lulu,Jan 26,South-1,Kerala,Trivandrum,Fairness/Whtng.Cream,4.7008,0.2469,1.0,Face Moisturiser & Cream,5.2518,Compiled_Monthly_Files (Lulu)
Lulu,Jan 26,South-1,Kerala,,Fairness/Whtng.Cream,0.8198,0.0405,1.0,Face Moisturiser & Cream,4.9456,Compiled_Monthly_Files (Lulu)
Lulu,Jan 26,South-1,Kerala,Thrissur,Hair Gel,0.2199,0.0354,1.0,Hair Treatment & Styling,16.0963,Compiled_Monthly_Files (Lulu)
Lulu,Jan 26,South-1,Kerala,,Hair Gel,0.199,0.0029,1.0,Hair Treatment & Styling,1.4821,Compiled_Monthly_Files (Lulu)
Lulu,Jan 26,South-1,Kerala,Calicut,Hair Oils,4.0524,0.0692,1.0,Hair Oil,1.7088,Compiled_Monthly_Files (Lulu)
Lulu,Jan 26,South-1,Kerala,Kochi,Hair Oils,16.3254,0.2238,2.0,Hair Oil,1.3707,Compiled_Monthly_Files (Lulu)
Lulu,Jan 26,South-1,Kerala,Kottayam,Hair Oils,5.7409,0.0362,1.0,Hair Oil,0.6299,Compiled_Monthly_Files (Lulu)
Lulu,Jan 26,South-1,Kerala,Kottiyam,Hair Oils,0.777,0.0177,1.0,Hair Oil,2.2773,Compiled_Monthly_Files (Lulu)
Lulu,Jan 26,South-1,Kerala,Palakkad,Hair Oils,3.6146,0.0286,1.0,Hair Oil,0.7918,Compiled_Monthly_Files (Lulu)
Lulu,Jan 26,South-1,Kerala,Thrissur,Hair Oils,1.6633,0.0602,1.0,Hair Oil,3.6189,Compiled_Monthly_Files (Lulu)
Lulu,Jan 26,South-1,Kerala,Trivandrum,Hair Oils,12.6635,0.0283,1.0,Hair Oil,0.2238,Compiled_Monthly_Files (Lulu)
Lulu,Jan 26,South-1,Kerala,,Hair Oils,2.1797,0.0354,1.0,Hair Oil,1.624,Compiled_Monthly_Files (Lulu)
Lulu,Jan 26,South-1,Kerala,Calicut,Hair Treatments&Mask,2.2478,0.0783,1.0,Hair Treatment & Styling,3.4851,Compiled_Monthly_Files (Lulu)
Lulu,Jan 26,South-1,Kerala,Kochi,Hair Treatments&Mask,11.8302,0.1164,2.0,Hair Treatment & Styling,0.984,Compiled_Monthly_Files (Lulu)
Lulu,Jan 26,South-1,Kerala,Kottiyam,Hair Treatments&Mask,0.496,0.0328,1.0,Hair Treatment & Styling,6.6188,Compiled_Monthly_Files (Lulu)
Lulu,Jan 26,South-1,Kerala,Palakkad,Hair Treatments&Mask,1.1627,0.0177,1.0,Hair Treatment & Styling,1.5234,Compiled_Monthly_Files (Lulu)
Lulu,Jan 26,South-1,Kerala,Thrissur,Hair Treatments&Mask,0.9933,0.0607,1.0,Hair Treatment & Styling,6.1068,Compiled_Monthly_Files (Lulu)
Lulu,Jan 26,South-1,Kerala,Trivandrum,Hair Treatments&Mask,7.4235,0.0253,1.0,Hair Treatment & Styling,0.3402,Compiled_Monthly_Files (Lulu)
Lulu,Jan 26,South-1,Kerala,,Hair Treatments&Mask,0.8602,0.0177,1.0,Hair Treatment & Styling,2.055,Compiled_Monthly_Files (Lulu)
Lulu,Jan 26,South-1,Kerala,Kochi,Henna Colorants,0.2182,0.0464,1.0,Hair Treatment & Styling,21.2786,Compiled_Monthly_Files (Lulu)
Lulu,Jan 26,South-1,Kerala,Kottiyam,Henna Colorants,0.1417,0.0021,1.0,Hair Treatment & Styling,1.4888,Compiled_Monthly_Files (Lulu)
Lulu,Jan 26,South-1,Kerala,Thrissur,Henna Colorants,0.1792,0.0338,1.0,Hair Treatment & Styling,18.8371,Compiled_Monthly_Files (Lulu)
Lulu,Jan 26,South-1,Kerala,Calicut,Lip Balms,1.3051,0.1253,1.0,Lip Care,9.597,Compiled_Monthly_Files (Lulu)
Lulu,Jan 26,South-1,Kerala,Kochi,Lip Balms,3.7003,0.8546,2.0,Lip Care,23.0967,Compiled_Monthly_Files (Lulu)
Lulu,Jan 26,South-1,Kerala,Kottayam,Lip Balms,1.8957,0.417,1.0,Lip Care,21.9952,Compiled_Monthly_Files (Lulu)
Lulu,Jan 26,South-1,Kerala,Kottiyam,Lip Balms,0.5363,0.0227,1.0,Lip Care,4.2376,Compiled_Monthly_Files (Lulu)
Lulu,Jan 26,South-1,Kerala,Palakkad,Lip Balms,1.1075,0.0112,1.0,Lip Care,1.007,Compiled_Monthly_Files (Lulu)
Lulu,Jan 26,South-1,Kerala,Thrissur,Lip Balms,0.6312,0.1769,1.0,Lip Care,28.0242,Compiled_Monthly_Files (Lulu)
Lulu,Jan 26,South-1,Kerala,Trivandrum,Lip Balms,4.3341,0.5629,1.0,Lip Care,12.9889,Compiled_Monthly_Files (Lulu)
Lulu,Jan 26,South-1,Kerala,,Lip Balms,0.4084,0.1277,1.0,Lip Care,31.2817,Compiled_Monthly_Files (Lulu)
Lulu,Jan 26,South-1,Kerala,Calicut,Moistur.Cream/Fluid,6.4145,0.3043,1.0,Face Moisturiser & Cream,4.7435,Compiled_Monthly_Files (Lulu)
Lulu,Jan 26,South-1,Kerala,Kochi,Moistur.Cream/Fluid,21.9075,1.154,2.0,Face Moisturiser & Cream,5.2678,Compiled_Monthly_Files (Lulu)
Lulu,Jan 26,South-1,Kerala,Kottayam,Moistur.Cream/Fluid,12.3218,0.2979,1.0,Face Moisturiser & Cream,2.418,Compiled_Monthly_Files (Lulu)
Lulu,Jan 26,South-1,Kerala,Kottiyam,Moistur.Cream/Fluid,2.6272,0.0236,1.0,Face Moisturiser & Cream,0.9,Compiled_Monthly_Files (Lulu)
Lulu,Jan 26,South-1,Kerala,Palakkad,Moistur.Cream/Fluid,5.45,0.4594,1.0,Face Moisturiser & Cream,8.4298,Compiled_Monthly_Files (Lulu)
Lulu,Jan 26,South-1,Kerala,Thrissur,Moistur.Cream/Fluid,4.3093,0.7104,1.0,Face Moisturiser & Cream,16.4843,Compiled_Monthly_Files (Lulu)
Lulu,Jan 26,South-1,Kerala,Trivandrum,Moistur.Cream/Fluid,15.1494,1.2034,1.0,Face Moisturiser & Cream,7.9435,Compiled_Monthly_Files (Lulu)
Lulu,Jan 26,South-1,Kerala,,Moistur.Cream/Fluid,2.328,0.1089,1.0,Face Moisturiser & Cream,4.6791,Compiled_Monthly_Files (Lulu)
Lulu,Jan 26,South-1,Kerala,Calicut,Other Baby care,0.8098,0.0033,1.0,Baby Care,0.4019,Compiled_Monthly_Files (Lulu)
Lulu,Jan 26,South-1,Kerala,Kochi,Other Baby care,2.4611,0.0239,2.0,Baby Care,0.9697,Compiled_Monthly_Files (Lulu)
Lulu,Jan 26,South-1,Kerala,Kottiyam,Other Baby care,0.2105,0.0033,1.0,Baby Care,1.5461,Compiled_Monthly_Files (Lulu)
Lulu,Jan 26,South-1,Kerala,Palakkad,Other Baby care,0.5385,0.0087,1.0,Baby Care,1.6116,Compiled_Monthly_Files (Lulu)
Lulu,Jan 26,South-1,Kerala,Thrissur,Other Baby care,0.226,0.0043,1.0,Baby Care,1.92,Compiled_Monthly_Files (Lulu)
Lulu,Jan 26,South-1,Kerala,Trivandrum,Other Baby care,2.9075,0.0174,1.0,Baby Care,0.5969,Compiled_Monthly_Files (Lulu)
Lulu,Jan 26,South-1,Kerala,,Other Baby care,0.2523,0.0011,1.0,Baby Care,0.4299,Compiled_Monthly_Files (Lulu)
Lulu,Jan 26,South-1,Kerala,Calicut,Other Facial Care,3.7102,0.2041,1.0,Face Moisturiser & Cream,5.5006,Compiled_Monthly_Files (Lulu)
Lulu,Jan 26,South-1,Kerala,Kochi,Other Facial Care,9.5539,1.5279,2.0,Face Moisturiser & Cream,15.9926,Compiled_Monthly_Files (Lulu)
Lulu,Jan 26,South-1,Kerala,Kottayam,Other Facial Care,4.9703,0.4979,1.0,Face Moisturiser & Cream,10.0168,Compiled_Monthly_Files (Lulu)
Lulu,Jan 26,South-1,Kerala,Palakkad,Other Facial Care,2.6126,0.4964,1.0,Face Moisturiser & Cream,19.0017,Compiled_Monthly_Files (Lulu)
Lulu,Jan 26,South-1,Kerala,Thrissur,Other Facial Care,1.4609,0.2281,1.0,Face Moisturiser & Cream,15.6105,Compiled_Monthly_Files (Lulu)
Lulu,Jan 26,South-1,Kerala,Trivandrum,Other Facial Care,8.5765,1.0475,1.0,Face Moisturiser & Cream,12.2136,Compiled_Monthly_Files (Lulu)
Lulu,Jan 26,South-1,Kerala,,Other Facial Care,0.5746,0.0874,1.0,Face Moisturiser & Cream,15.2144,Compiled_Monthly_Files (Lulu)
Lulu,Jan 26,South-1,Kerala,Kochi,Other Skin Care,1.558,0.0253,1.0,Face Moisturiser & Cream,1.6264,Compiled_Monthly_Files (Lulu)
Lulu,Jan 26,South-1,Kerala,Palakkad,Other Skin Care,0.3425,0.0253,1.0,Face Moisturiser & Cream,7.3988,Compiled_Monthly_Files (Lulu)
Lulu,Jan 26,South-1,Kerala,Trivandrum,Other Skin Care,1.2411,0.0507,1.0,Face Moisturiser & Cream,4.0832,Compiled_Monthly_Files (Lulu)
Lulu,Jan 26,South-1,Kerala,Calicut,Shampoo,10.1312,0.4332,1.0,Shampoo,4.276,Compiled_Monthly_Files (Lulu)
Lulu,Jan 26,South-1,Kerala,Kochi,Shampoo,46.0594,1.0904,2.0,Shampoo,2.3675,Compiled_Monthly_Files (Lulu)
Lulu,Jan 26,South-1,Kerala,Kottayam,Shampoo,17.9784,0.9565,1.0,Shampoo,5.3205,Compiled_Monthly_Files (Lulu)
Lulu,Jan 26,South-1,Kerala,Kottiyam,Shampoo,3.0451,0.1003,1.0,Shampoo,3.2943,Compiled_Monthly_Files (Lulu)
Lulu,Jan 26,South-1,Kerala,Palakkad,Shampoo,10.3882,0.2493,1.0,Shampoo,2.3997,Compiled_Monthly_Files (Lulu)
Lulu,Jan 26,South-1,Kerala,Thrissur,Shampoo,6.1225,0.5827,1.0,Shampoo,9.5166,Compiled_Monthly_Files (Lulu)
Lulu,Jan 26,South-1,Kerala,Trivandrum,Shampoo,28.3775,0.8713,1.0,Shampoo,3.0703,Compiled_Monthly_Files (Lulu)
Lulu,Jan 26,South-1,Kerala,,Shampoo,6.0415,0.131,1.0,Shampoo,2.1686,Compiled_Monthly_Files (Lulu)
Lulu,Jan 26,South-1,Kerala,Calicut,Shower Gel&Body Wash,5.8642,0.1216,1.0,Body Wash & Soap,2.074,Compiled_Monthly_Files (Lulu)
Lulu,Jan 26,South-1,Kerala,Kochi,Shower Gel&Body Wash,19.312,0.281,1.0,Body Wash & Soap,1.455,Compiled_Monthly_Files (Lulu)
Lulu,Jan 26,South-1,Kerala,Kottayam,Shower Gel&Body Wash,9.4854,0.7603,1.0,Body Wash & Soap,8.0153,Compiled_Monthly_Files (Lulu)
Lulu,Jan 26,South-1,Kerala,Palakkad,Shower Gel&Body Wash,4.3752,0.0696,1.0,Body Wash & Soap,1.5917,Compiled_Monthly_Files (Lulu)
Lulu,Jan 26,South-1,Kerala,Thrissur,Shower Gel&Body Wash,3.1412,0.4414,1.0,Body Wash & Soap,14.0518,Compiled_Monthly_Files (Lulu)
Lulu,Jan 26,South-1,Kerala,Trivandrum,Shower Gel&Body Wash,17.5494,0.2411,1.0,Body Wash & Soap,1.3738,Compiled_Monthly_Files (Lulu)
Lulu,Jan 26,South-1,Kerala,Calicut,Sun Care,4.0307,1.0167,1.0,Sun Care,25.2225,Compiled_Monthly_Files (Lulu)
Lulu,Jan 26,South-1,Kerala,Kochi,Sun Care,15.1482,3.4824,2.0,Sun Care,22.989,Compiled_Monthly_Files (Lulu)
Lulu,Jan 26,South-1,Kerala,Kottayam,Sun Care,6.1337,2.1042,1.0,Sun Care,34.3047,Compiled_Monthly_Files (Lulu)
Lulu,Jan 26,South-1,Kerala,Kottiyam,Sun Care,1.3038,0.1011,1.0,Sun Care,7.7567,Compiled_Monthly_Files (Lulu)
Lulu,Jan 26,South-1,Kerala,Palakkad,Sun Care,3.8055,0.8995,1.0,Sun Care,23.6359,Compiled_Monthly_Files (Lulu)
Lulu,Jan 26,South-1,Kerala,Thrissur,Sun Care,2.2263,1.0556,1.0,Sun Care,47.4142,Compiled_Monthly_Files (Lulu)
Lulu,Jan 26,South-1,Kerala,Trivandrum,Sun Care,12.4856,2.7594,1.0,Sun Care,22.1009,Compiled_Monthly_Files (Lulu)
Lulu,Jan 26,South-1,Kerala,,Sun Care,1.2702,0.1871,1.0,Sun Care,14.7317,Compiled_Monthly_Files (Lulu)
Lulu,Jan 26,South-1,Kerala,Calicut,Tooth Paste,15.1545,0.005,1.0,Oral Care,0.0329,Compiled_Monthly_Files (Lulu)
Lulu,Jan 26,South-1,Kerala,Kochi,Tooth Paste,62.8044,0.0353,2.0,Oral Care,0.0561,Compiled_Monthly_Files (Lulu)
Lulu,Jan 26,South-1,Kerala,Kottayam,Tooth Paste,30.6434,0.0649,1.0,Oral Care,0.2117,Compiled_Monthly_Files (Lulu)
Lulu,Jan 26,South-1,Kerala,Thrissur,Tooth Paste,9.2627,0.0586,1.0,Oral Care,0.6331,Compiled_Monthly_Files (Lulu)
Lulu,Jan 26,South-1,Kerala,Trivandrum,Tooth Paste,45.185,0.0661,1.0,Oral Care,0.1463,Compiled_Monthly_Files (Lulu)
Lulu,Jan 26,South-1,Tamil Nadu,Coimbatore,Baby Bath,0.8014,0.0145,1.0,Baby Care,1.8062,Compiled_Monthly_Files (Lulu)
Lulu,Jan 26,South-1,Tamil Nadu,Coimbatore,Baby Cream,0.7473,0.0282,1.0,Baby Care,3.7708,Compiled_Monthly_Files (Lulu)
Lulu,Jan 26,South-1,Tamil Nadu,Coimbatore,Baby Lotions,1.5665,0.0553,1.0,Baby Care,3.53,Compiled_Monthly_Files (Lulu)
Lulu,Jan 26,South-1,Tamil Nadu,Coimbatore,Baby Oil,0.1037,0.0081,1.0,Baby Care,7.85,Compiled_Monthly_Files (Lulu)
Lulu,Jan 26,South-1,Tamil Nadu,Coimbatore,Baby Shampoos,0.9579,0.0799,1.0,Baby Care,8.3437,Compiled_Monthly_Files (Lulu)
Lulu,Jan 26,South-1,Tamil Nadu,Coimbatore,Baby Soap,1.6222,0.043,1.0,Baby Care,2.6507,Compiled_Monthly_Files (Lulu)
Lulu,Jan 26,South-1,Tamil Nadu,Coimbatore,Bath Soaps,46.685,0.1015,1.0,Body Wash & Soap,0.2173,Compiled_Monthly_Files (Lulu)
Lulu,Jan 26,South-1,Tamil Nadu,Coimbatore,Body Lotion,10.5068,2.7749,1.0,Body Lotion & Care,26.4103,Compiled_Monthly_Files (Lulu)
Lulu,Jan 26,South-1,Tamil Nadu,Coimbatore,Conditioners,5.0269,0.1127,1.0,Conditioner,2.2422,Compiled_Monthly_Files (Lulu)
Lulu,Jan 26,South-1,Tamil Nadu,Coimbatore,Face Mask,0.9783,0.0396,1.0,Face Mask & Scrub,4.0437,Compiled_Monthly_Files (Lulu)
Lulu,Jan 26,South-1,Tamil Nadu,Coimbatore,Face Wash,12.0468,4.2028,1.0,Face Wash & Cleanser,34.8872,Compiled_Monthly_Files (Lulu)
Lulu,Jan 26,South-1,Tamil Nadu,Coimbatore,Facial Cleanser,1.8656,0.0029,1.0,Face Wash & Cleanser,0.1544,Compiled_Monthly_Files (Lulu)
Lulu,Jan 26,South-1,Tamil Nadu,Coimbatore,Facial Scrub,0.3575,0.0804,1.0,Face Mask & Scrub,22.5018,Compiled_Monthly_Files (Lulu)
Lulu,Jan 26,South-1,Tamil Nadu,Coimbatore,Fairness/Whtng.Cream,2.7916,0.2442,1.0,Face Moisturiser & Cream,8.7479,Compiled_Monthly_Files (Lulu)
Lulu,Jan 26,South-1,Tamil Nadu,Coimbatore,Hair Gel,0.2972,0.0781,1.0,Hair Treatment & Styling,26.2698,Compiled_Monthly_Files (Lulu)
Lulu,Jan 26,South-1,Tamil Nadu,Coimbatore,Hair Oils,7.5971,0.1088,1.0,Hair Oil,1.432,Compiled_Monthly_Files (Lulu)
Lulu,Jan 26,South-1,Tamil Nadu,Coimbatore,Hair Treatments&Mask,3.7751,0.0835,1.0,Hair Treatment & Styling,2.211,Compiled_Monthly_Files (Lulu)
Lulu,Jan 26,South-1,Tamil Nadu,Coimbatore,Henna Colorants,0.6126,0.1134,1.0,Hair Treatment & Styling,18.5155,Compiled_Monthly_Files (Lulu)
Lulu,Jan 26,South-1,Tamil Nadu,Coimbatore,Lip Balms,1.8617,0.3091,1.0,Lip Care,16.6017,Compiled_Monthly_Files (Lulu)
Lulu,Jan 26,South-1,Tamil Nadu,Coimbatore,Moistur.Cream/Fluid,13.3568,0.9855,1.0,Face Moisturiser & Cream,7.378,Compiled_Monthly_Files (Lulu)
Lulu,Jan 26,South-1,Tamil Nadu,Coimbatore,Other Facial Care,7.5793,0.9878,1.0,Face Moisturiser & Cream,13.033,Compiled_Monthly_Files (Lulu)
Lulu,Jan 26,South-1,Tamil Nadu,Coimbatore,Other Skin Care,1.0085,0.1064,1.0,Face Moisturiser & Cream,10.5529,Compiled_Monthly_Files (Lulu)
Lulu,Jan 26,South-1,Tamil Nadu,Coimbatore,Shampoo,30.651,4.1,1.0,Shampoo,13.3766,Compiled_Monthly_Files (Lulu)
Lulu,Jan 26,South-1,Tamil Nadu,Coimbatore,Shower Gel&Body Wash,10.773,0.0914,1.0,Body Wash & Soap,0.8482,Compiled_Monthly_Files (Lulu)
Lulu,Jan 26,South-1,Tamil Nadu,Coimbatore,Sun Care,5.6296,1.8968,1.0,Sun Care,33.6941,Compiled_Monthly_Files (Lulu)
Lulu,Jan 26,South-1,Tamil Nadu,Coimbatore,Tooth Paste,30.5496,0.1292,1.0,Oral Care,0.423,Compiled_Monthly_Files (Lulu)
Lulu,Jan 26,South-2,Telangana,Hyderabad,Baby Bath,0.295,0.0122,1.0,Baby Care,4.1482,Compiled_Monthly_Files (Lulu)
Lulu,Jan 26,South-2,Telangana,Hyderabad,Baby Powder,0.0747,0.0095,1.0,Baby Care,12.6989,Compiled_Monthly_Files (Lulu)
Lulu,Jan 26,South-2,Telangana,Hyderabad,Baby Shampoos,0.2876,0.0099,1.0,Baby Care,3.4303,Compiled_Monthly_Files (Lulu)
Lulu,Jan 26,South-2,Telangana,Hyderabad,Baby Soap,0.6301,0.0366,1.0,Baby Care,5.8041,Compiled_Monthly_Files (Lulu)
Lulu,Jan 26,South-2,Telangana,Hyderabad,Bath Soaps,21.0788,0.0316,1.0,Body Wash & Soap,0.1498,Compiled_Monthly_Files (Lulu)
Lulu,Jan 26,South-2,Telangana,Hyderabad,Body Lotion,9.1497,0.445,1.0,Body Lotion & Care,4.8635,Compiled_Monthly_Files (Lulu)
Lulu,Jan 26,South-2,Telangana,Hyderabad,Conditioners,1.8169,0.0904,1.0,Conditioner,4.9769,Compiled_Monthly_Files (Lulu)
Lulu,Jan 26,South-2,Telangana,Hyderabad,Eye Care,0.1682,0.0013,1.0,Face Moisturiser & Cream,0.7506,Compiled_Monthly_Files (Lulu)
Lulu,Jan 26,South-2,Telangana,Hyderabad,Face Mask,0.7955,0.0084,1.0,Face Mask & Scrub,1.0515,Compiled_Monthly_Files (Lulu)
Lulu,Jan 26,South-2,Telangana,Hyderabad,Face Wash,4.889,1.5968,1.0,Face Wash & Cleanser,32.6613,Compiled_Monthly_Files (Lulu)
Lulu,Jan 26,South-2,Telangana,Hyderabad,Facial Cleanser,0.7823,0.0154,1.0,Face Wash & Cleanser,1.9738,Compiled_Monthly_Files (Lulu)
Lulu,Jan 26,South-2,Telangana,Hyderabad,Facial Scrub,0.2872,0.0147,1.0,Face Mask & Scrub,5.1345,Compiled_Monthly_Files (Lulu)
Lulu,Jan 26,South-2,Telangana,Hyderabad,Fairness/Whtng.Cream,1.3655,0.0265,1.0,Face Moisturiser & Cream,1.9413,Compiled_Monthly_Files (Lulu)
Lulu,Jan 26,South-2,Telangana,Hyderabad,Hair Gel,0.1718,0.0059,1.0,Hair Treatment & Styling,3.4333,Compiled_Monthly_Files (Lulu)
Lulu,Jan 26,South-2,Telangana,Hyderabad,Hair Oils,5.6895,0.0028,1.0,Hair Oil,0.049,Compiled_Monthly_Files (Lulu)
Lulu,Jan 26,South-2,Telangana,Hyderabad,Hair Treatments&Mask,1.8603,0.0775,1.0,Hair Treatment & Styling,4.1659,Compiled_Monthly_Files (Lulu)
Lulu,Jan 26,South-2,Telangana,Hyderabad,Henna Colorants,0.292,0.0379,1.0,Hair Treatment & Styling,12.9778,Compiled_Monthly_Files (Lulu)
Lulu,Jan 26,South-2,Telangana,Hyderabad,Lip Balms,0.7997,0.0911,1.0,Lip Care,11.389,Compiled_Monthly_Files (Lulu)
Lulu,Jan 26,South-2,Telangana,Hyderabad,Moistur.Cream/Fluid,5.161,0.413,1.0,Face Moisturiser & Cream,8.0027,Compiled_Monthly_Files (Lulu)
Lulu,Jan 26,South-2,Telangana,Hyderabad,Other Facial Care,1.8022,0.2136,1.0,Face Moisturiser & Cream,11.8505,Compiled_Monthly_Files (Lulu)
Lulu,Jan 26,South-2,Telangana,Hyderabad,Other Skin Care,0.5924,0.0382,1.0,Face Moisturiser & Cream,6.4491,Compiled_Monthly_Files (Lulu)
Lulu,Jan 26,South-2,Telangana,Hyderabad,Shampoo,16.8112,1.8341,1.0,Shampoo,10.9101,Compiled_Monthly_Files (Lulu)
Lulu,Jan 26,South-2,Telangana,Hyderabad,Shower Gel&Body Wash,5.1762,0.0169,1.0,Body Wash & Soap,0.3263,Compiled_Monthly_Files (Lulu)
Lulu,Jan 26,South-2,Telangana,Hyderabad,Sun Care,1.8153,0.5613,1.0,Sun Care,30.9215,Compiled_Monthly_Files (Lulu)
Lulu,Jan 26,South-2,Telangana,Hyderabad,Tooth Paste,13.2649,0.0017,1.0,Oral Care,0.0131,Compiled_Monthly_Files (Lulu)
Lulu,Feb 26,North,Uttar Pradesh,Lucknow,Baby Bath,0.7026,0.0464,1.0,Baby Care,6.6078,Compiled_Monthly_Files (Lulu)
Lulu,Feb 26,North,Uttar Pradesh,Lucknow,Baby Lotions,0.9618,0.0232,1.0,Baby Care,2.4134,Compiled_Monthly_Files (Lulu)
Lulu,Feb 26,North,Uttar Pradesh,Lucknow,Baby Oil,0.286,0.0085,1.0,Baby Care,2.9772,Compiled_Monthly_Files (Lulu)
Lulu,Feb 26,North,Uttar Pradesh,Lucknow,Baby Powder,0.4748,0.0151,1.0,Baby Care,3.1773,Compiled_Monthly_Files (Lulu)
Lulu,Feb 26,North,Uttar Pradesh,Lucknow,Baby Shampoos,1.122,0.0463,1.0,Baby Care,4.127,Compiled_Monthly_Files (Lulu)
Lulu,Feb 26,North,Uttar Pradesh,Lucknow,Baby Soap,0.5734,0.0142,1.0,Baby Care,2.4714,Compiled_Monthly_Files (Lulu)
Lulu,Feb 26,North,Uttar Pradesh,Lucknow,Bath Soaps,23.2622,0.1703,1.0,Body Wash & Soap,0.732,Compiled_Monthly_Files (Lulu)
Lulu,Feb 26,North,Uttar Pradesh,Lucknow,Body Lotion,7.2143,0.5377,1.0,Body Lotion & Care,7.4529,Compiled_Monthly_Files (Lulu)
Lulu,Feb 26,North,Uttar Pradesh,Lucknow,Conditioners,4.6577,0.1386,1.0,Conditioner,2.9759,Compiled_Monthly_Files (Lulu)
Lulu,Feb 26,North,Uttar Pradesh,Lucknow,Eye Care,0.2173,0.0329,1.0,Face Moisturiser & Cream,15.1597,Compiled_Monthly_Files (Lulu)
Lulu,Feb 26,North,Uttar Pradesh,Lucknow,Face Wash,12.9021,4.4994,1.0,Face Wash & Cleanser,34.8731,Compiled_Monthly_Files (Lulu)
Lulu,Feb 26,North,Uttar Pradesh,Lucknow,Facial Cleanser,1.23,0.0177,1.0,Face Wash & Cleanser,1.4399,Compiled_Monthly_Files (Lulu)
Lulu,Feb 26,North,Uttar Pradesh,Lucknow,Facial Scrub,0.9477,0.1003,1.0,Face Mask & Scrub,10.5809,Compiled_Monthly_Files (Lulu)
Lulu,Feb 26,North,Uttar Pradesh,Lucknow,Fairness/Whtng.Cream,4.0575,0.0613,1.0,Face Moisturiser & Cream,1.5099,Compiled_Monthly_Files (Lulu)
Lulu,Feb 26,North,Uttar Pradesh,Lucknow,Hair Oils,10.4582,0.1017,1.0,Hair Oil,0.972,Compiled_Monthly_Files (Lulu)
Lulu,Feb 26,North,Uttar Pradesh,Lucknow,Hair Treatments&Mask,3.2278,0.0253,1.0,Hair Treatment & Styling,0.7824,Compiled_Monthly_Files (Lulu)
Lulu,Feb 26,North,Uttar Pradesh,Lucknow,Lip Balms,0.3743,0.0279,1.0,Lip Care,7.4491,Compiled_Monthly_Files (Lulu)
Lulu,Feb 26,North,Uttar Pradesh,Lucknow,Moistur.Cream/Fluid,8.5795,1.0069,1.0,Face Moisturiser & Cream,11.7357,Compiled_Monthly_Files (Lulu)
Lulu,Feb 26,North,Uttar Pradesh,Lucknow,Other Baby care,1.171,0.0098,1.0,Baby Care,0.8402,Compiled_Monthly_Files (Lulu)
Lulu,Feb 26,North,Uttar Pradesh,Lucknow,Other Facial Care,4.2359,0.4808,1.0,Face Moisturiser & Cream,11.3516,Compiled_Monthly_Files (Lulu)
Lulu,Feb 26,North,Uttar Pradesh,Lucknow,Other Skin Care,0.6783,0.0046,1.0,Face Moisturiser & Cream,0.6734,Compiled_Monthly_Files (Lulu)
Lulu,Feb 26,North,Uttar Pradesh,Lucknow,Shampoo,28.5615,2.0266,1.0,Shampoo,7.0956,Compiled_Monthly_Files (Lulu)
Lulu,Feb 26,North,Uttar Pradesh,Lucknow,Shower Gel&Body Wash,7.3805,0.3745,1.0,Body Wash & Soap,5.0743,Compiled_Monthly_Files (Lulu)
Lulu,Feb 26,North,Uttar Pradesh,Lucknow,Sun Care,4.0005,1.2958,1.0,Sun Care,32.3917,Compiled_Monthly_Files (Lulu)
Lulu,Feb 26,North,Uttar Pradesh,Lucknow,Tooth Paste,20.5446,0.0817,1.0,Oral Care,0.3977,Compiled_Monthly_Files (Lulu)
Lulu,Feb 26,South-1,Karnataka,Bangalore,Baby Bath,0.6739,0.008,1.0,Baby Care,1.1872,Compiled_Monthly_Files (Lulu)
Lulu,Feb 26,South-1,Karnataka,,Baby Bath,0.898,0.026,3.0,Baby Care,2.8953,Compiled_Monthly_Files (Lulu)
Lulu,Feb 26,South-1,Karnataka,Bangalore,Baby Lotions,1.294,0.013,1.0,Baby Care,1.004,Compiled_Monthly_Files (Lulu)
Lulu,Feb 26,South-1,Karnataka,,Baby Lotions,1.8429,0.0353,3.0,Baby Care,1.9135,Compiled_Monthly_Files (Lulu)
Lulu,Feb 26,South-1,Karnataka,Bangalore,Baby Oil,0.0959,0.0081,1.0,Baby Care,8.4591,Compiled_Monthly_Files (Lulu)
Lulu,Feb 26,South-1,Karnataka,,Baby Oil,0.1344,0.0135,3.0,Baby Care,10.0659,Compiled_Monthly_Files (Lulu)
Lulu,Feb 26,South-1,Karnataka,Bangalore,Baby Powder,0.2493,0.0032,1.0,Baby Care,1.2911,Compiled_Monthly_Files (Lulu)
Lulu,Feb 26,South-1,Karnataka,Bangalore,Baby Shampoos,0.5432,0.0091,1.0,Baby Care,1.676,Compiled_Monthly_Files (Lulu)
Lulu,Feb 26,South-1,Karnataka,,Baby Shampoos,0.8606,0.0429,4.0,Baby Care,4.9897,Compiled_Monthly_Files (Lulu)
Lulu,Feb 26,South-1,Karnataka,Bangalore,Baby Soap,0.593,0.0259,1.0,Baby Care,4.3636,Compiled_Monthly_Files (Lulu)
Lulu,Feb 26,South-1,Karnataka,,Baby Soap,0.9108,0.0396,4.0,Baby Care,4.3476,Compiled_Monthly_Files (Lulu)
Lulu,Feb 26,South-1,Karnataka,Bangalore,Bath Soaps,10.4527,0.0153,1.0,Body Wash & Soap,0.1464,Compiled_Monthly_Files (Lulu)
Lulu,Feb 26,South-1,Karnataka,,Bath Soaps,14.7099,0.0586,3.0,Body Wash & Soap,0.3986,Compiled_Monthly_Files (Lulu)
Lulu,Feb 26,South-1,Karnataka,Bangalore,Body Lotion,5.3011,0.2793,1.0,Body Lotion & Care,5.2693,Compiled_Monthly_Files (Lulu)
Lulu,Feb 26,South-1,Karnataka,,Body Lotion,11.3362,0.8645,4.0,Body Lotion & Care,7.6256,Compiled_Monthly_Files (Lulu)
Lulu,Feb 26,South-1,Karnataka,Bangalore,Conditioners,2.1188,0.1078,1.0,Conditioner,5.0888,Compiled_Monthly_Files (Lulu)
Lulu,Feb 26,South-1,Karnataka,,Conditioners,3.7977,0.1435,4.0,Conditioner,3.7775,Compiled_Monthly_Files (Lulu)
Lulu,Feb 26,South-1,Karnataka,,Face Mask,0.7402,0.0216,2.0,Face Mask & Scrub,2.9128,Compiled_Monthly_Files (Lulu)
Lulu,Feb 26,South-1,Karnataka,Bangalore,Face Wash,4.0347,0.8933,1.0,Face Wash & Cleanser,22.1402,Compiled_Monthly_Files (Lulu)
Lulu,Feb 26,South-1,Karnataka,,Face Wash,8.3595,2.3349,4.0,Face Wash & Cleanser,27.9311,Compiled_Monthly_Files (Lulu)
Lulu,Feb 26,South-1,Karnataka,Bangalore,Facial Cleanser,0.9147,0.0086,1.0,Face Wash & Cleanser,0.9423,Compiled_Monthly_Files (Lulu)
Lulu,Feb 26,South-1,Karnataka,,Facial Cleanser,1.0135,0.0115,2.0,Face Wash & Cleanser,1.1338,Compiled_Monthly_Files (Lulu)
Lulu,Feb 26,South-1,Karnataka,Bangalore,Facial Scrub,0.3049,0.0301,1.0,Face Mask & Scrub,9.8711,Compiled_Monthly_Files (Lulu)
Lulu,Feb 26,South-1,Karnataka,,Facial Scrub,0.5866,0.0828,4.0,Face Mask & Scrub,14.1123,Compiled_Monthly_Files (Lulu)
Lulu,Feb 26,South-1,Karnataka,Bangalore,Fairness/Whtng.Cream,1.3643,0.0114,1.0,Face Moisturiser & Cream,0.8367,Compiled_Monthly_Files (Lulu)
Lulu,Feb 26,South-1,Karnataka,,Fairness/Whtng.Cream,2.0144,0.0963,4.0,Face Moisturiser & Cream,4.7812,Compiled_Monthly_Files (Lulu)
Lulu,Feb 26,South-1,Karnataka,Bangalore,Hair Gel,0.2039,0.027,1.0,Hair Treatment & Styling,13.2605,Compiled_Monthly_Files (Lulu)
Lulu,Feb 26,South-1,Karnataka,,Hair Gel,0.1832,0.027,2.0,Hair Treatment & Styling,14.7579,Compiled_Monthly_Files (Lulu)
Lulu,Feb 26,South-1,Karnataka,Bangalore,Hair Oils,2.6762,0.1109,1.0,Hair Oil,4.1427,Compiled_Monthly_Files (Lulu)
Lulu,Feb 26,South-1,Karnataka,,Hair Oils,4.1506,0.0841,4.0,Hair Oil,2.0273,Compiled_Monthly_Files (Lulu)
Lulu,Feb 26,South-1,Karnataka,Bangalore,Hair Treatments&Mask,1.362,0.0254,1.0,Hair Treatment & Styling,1.8666,Compiled_Monthly_Files (Lulu)
Lulu,Feb 26,South-1,Karnataka,,Hair Treatments&Mask,1.4923,0.1136,4.0,Hair Treatment & Styling,7.6119,Compiled_Monthly_Files (Lulu)
Lulu,Feb 26,South-1,Karnataka,Bangalore,Lip Balms,0.4527,0.0725,1.0,Lip Care,16.0234,Compiled_Monthly_Files (Lulu)
Lulu,Feb 26,South-1,Karnataka,,Lip Balms,1.6575,0.2244,4.0,Lip Care,13.5353,Compiled_Monthly_Files (Lulu)
Lulu,Feb 26,South-1,Karnataka,Bangalore,Moistur.Cream/Fluid,4.2633,0.0978,1.0,Face Moisturiser & Cream,2.2935,Compiled_Monthly_Files (Lulu)
Lulu,Feb 26,South-1,Karnataka,,Moistur.Cream/Fluid,7.8415,0.1628,4.0,Face Moisturiser & Cream,2.0767,Compiled_Monthly_Files (Lulu)
Lulu,Feb 26,South-1,Karnataka,Bangalore,Other Baby care,0.5283,0.0052,1.0,Baby Care,0.9865,Compiled_Monthly_Files (Lulu)
Lulu,Feb 26,South-1,Karnataka,,Other Baby care,0.6122,0.0125,2.0,Baby Care,2.0433,Compiled_Monthly_Files (Lulu)
Lulu,Feb 26,South-1,Karnataka,Bangalore,Other Facial Care,2.2052,0.2135,1.0,Face Moisturiser & Cream,9.6804,Compiled_Monthly_Files (Lulu)
Lulu,Feb 26,South-1,Karnataka,,Other Facial Care,3.6501,0.216,4.0,Face Moisturiser & Cream,5.919,Compiled_Monthly_Files (Lulu)
Lulu,Feb 26,South-1,Karnataka,Bangalore,Shampoo,11.5635,0.6089,1.0,Shampoo,5.2655,Compiled_Monthly_Files (Lulu)
Lulu,Feb 26,South-1,Karnataka,,Shampoo,19.3689,1.0169,4.0,Shampoo,5.2501,Compiled_Monthly_Files (Lulu)
Lulu,Feb 26,South-1,Karnataka,Bangalore,Shower Gel&Body Wash,4.1134,0.0101,1.0,Body Wash & Soap,0.2446,Compiled_Monthly_Files (Lulu)
Lulu,Feb 26,South-1,Karnataka,,Shower Gel&Body Wash,4.7824,0.0346,2.0,Body Wash & Soap,0.7244,Compiled_Monthly_Files (Lulu)
Lulu,Feb 26,South-1,Karnataka,Bangalore,Sun Care,2.2458,0.6955,1.0,Sun Care,30.9672,Compiled_Monthly_Files (Lulu)
Lulu,Feb 26,South-1,Karnataka,,Sun Care,4.0728,1.5203,4.0,Sun Care,37.3285,Compiled_Monthly_Files (Lulu)
Lulu,Feb 26,South-1,Karnataka,Bangalore,Tooth Paste,10.0007,0.0465,1.0,Oral Care,0.4645,Compiled_Monthly_Files (Lulu)
Lulu,Feb 26,South-1,Karnataka,,Tooth Paste,20.2672,0.0948,4.0,Oral Care,0.468,Compiled_Monthly_Files (Lulu)
Lulu,Feb 26,South-1,Kerala,Calicut,Baby Bath,0.6506,0.0484,1.0,Baby Care,7.4451,Compiled_Monthly_Files (Lulu)
Lulu,Feb 26,South-1,Kerala,Kochi,Baby Bath,1.4789,0.0757,2.0,Baby Care,5.116,Compiled_Monthly_Files (Lulu)
Lulu,Feb 26,South-1,Kerala,Kottayam,Baby Bath,0.8503,0.0252,1.0,Baby Care,2.9658,Compiled_Monthly_Files (Lulu)
Lulu,Feb 26,South-1,Kerala,Kottiyam,Baby Bath,0.0934,0.0084,1.0,Baby Care,9.003,Compiled_Monthly_Files (Lulu)
Lulu,Feb 26,South-1,Kerala,Thrissur,Baby Bath,0.1206,0.0084,1.0,Baby Care,6.9684,Compiled_Monthly_Files (Lulu)
Lulu,Feb 26,South-1,Kerala,Trivandrum,Baby Bath,1.5024,0.0399,1.0,Baby Care,2.6578,Compiled_Monthly_Files (Lulu)
Lulu,Feb 26,South-1,Kerala,,Baby Bath,0.1266,0.0084,1.0,Baby Care,6.6399,Compiled_Monthly_Files (Lulu)
Lulu,Feb 26,South-1,Kerala,Calicut,Baby Cream,0.4514,0.0186,1.0,Baby Care,4.1099,Compiled_Monthly_Files (Lulu)
Lulu,Feb 26,South-1,Kerala,Kochi,Baby Cream,0.8773,0.0623,2.0,Baby Care,7.1042,Compiled_Monthly_Files (Lulu)
Lulu,Feb 26,South-1,Kerala,Kottayam,Baby Cream,0.564,0.0218,1.0,Baby Care,3.8676,Compiled_Monthly_Files (Lulu)
Lulu,Feb 26,South-1,Kerala,Palakkad,Baby Cream,0.3223,0.0403,1.0,Baby Care,12.4954,Compiled_Monthly_Files (Lulu)
Lulu,Feb 26,South-1,Kerala,Thrissur,Baby Cream,0.121,0.0101,1.0,Baby Care,8.3181,Compiled_Monthly_Files (Lulu)
Lulu,Feb 26,South-1,Kerala,Trivandrum,Baby Cream,1.0645,0.0067,1.0,Baby Care,0.6305,Compiled_Monthly_Files (Lulu)
Lulu,Feb 26,South-1,Kerala,Calicut,Baby Lotions,1.0908,0.021,1.0,Baby Care,1.9268,Compiled_Monthly_Files (Lulu)
Lulu,Feb 26,South-1,Kerala,Kochi,Baby Lotions,2.3787,0.0504,2.0,Baby Care,2.1205,Compiled_Monthly_Files (Lulu)
Lulu,Feb 26,South-1,Kerala,Kottayam,Baby Lotions,1.4588,0.0315,1.0,Baby Care,2.161,Compiled_Monthly_Files (Lulu)
Lulu,Feb 26,South-1,Kerala,Thrissur,Baby Lotions,0.3222,0.0168,1.0,Baby Care,5.2183,Compiled_Monthly_Files (Lulu)
Lulu,Feb 26,South-1,Kerala,Trivandrum,Baby Lotions,2.2027,0.063,1.0,Baby Care,2.8624,Compiled_Monthly_Files (Lulu)
Lulu,Feb 26,South-1,Kerala,Kochi,Baby Oil,0.0649,0.0101,1.0,Baby Care,15.5493,Compiled_Monthly_Files (Lulu)
Lulu,Feb 26,South-1,Kerala,Kottayam,Baby Oil,0.2111,0.0057,1.0,Baby Care,2.6887,Compiled_Monthly_Files (Lulu)
Lulu,Feb 26,South-1,Kerala,Kottiyam,Baby Oil,0.0133,0.0057,1.0,Baby Care,42.6934,Compiled_Monthly_Files (Lulu)
Lulu,Feb 26,South-1,Kerala,Palakkad,Baby Oil,0.0391,0.0028,1.0,Baby Care,7.2503,Compiled_Monthly_Files (Lulu)
Lulu,Feb 26,South-1,Kerala,Kottiyam,Baby Powder,0.0315,0.0017,1.0,Baby Care,5.3197,Compiled_Monthly_Files (Lulu)
Lulu,Feb 26,South-1,Kerala,,Baby Powder,0.0514,0.0057,1.0,Baby Care,11.0009,Compiled_Monthly_Files (Lulu)
Lulu,Feb 26,South-1,Kerala,Calicut,Baby Shampoos,0.2325,0.023,1.0,Baby Care,9.9123,Compiled_Monthly_Files (Lulu)
Lulu,Feb 26,South-1,Kerala,Kochi,Baby Shampoos,1.0135,0.0314,2.0,Baby Care,3.1009,Compiled_Monthly_Files (Lulu)
Lulu,Feb 26,South-1,Kerala,Kottayam,Baby Shampoos,0.3786,0.021,1.0,Baby Care,5.5343,Compiled_Monthly_Files (Lulu)
Lulu,Feb 26,South-1,Kerala,Kottiyam,Baby Shampoos,0.0439,0.0105,1.0,Baby Care,23.949,Compiled_Monthly_Files (Lulu)
Lulu,Feb 26,South-1,Kerala,Palakkad,Baby Shampoos,0.1858,0.0087,1.0,Baby Care,4.6594,Compiled_Monthly_Files (Lulu)
Lulu,Feb 26,South-1,Kerala,Trivandrum,Baby Shampoos,0.7916,0.0423,1.0,Baby Care,5.3408,Compiled_Monthly_Files (Lulu)
Lulu,Feb 26,South-1,Kerala,Calicut,Baby Soap,0.5643,0.0084,1.0,Baby Care,1.492,Compiled_Monthly_Files (Lulu)
Lulu,Feb 26,South-1,Kerala,Kochi,Baby Soap,1.3582,0.0189,2.0,Baby Care,1.3912,Compiled_Monthly_Files (Lulu)
Lulu,Feb 26,South-1,Kerala,Palakkad,Baby Soap,0.613,0.0189,1.0,Baby Care,3.0824,Compiled_Monthly_Files (Lulu)
Lulu,Feb 26,South-1,Kerala,Thrissur,Baby Soap,0.2467,0.0236,1.0,Baby Care,9.575,Compiled_Monthly_Files (Lulu)
Lulu,Feb 26,South-1,Kerala,Trivandrum,Baby Soap,2.0337,0.0274,1.0,Baby Care,1.3454,Compiled_Monthly_Files (Lulu)
Lulu,Feb 26,South-1,Kerala,,Baby Soap,0.2157,0.0047,1.0,Baby Care,2.1899,Compiled_Monthly_Files (Lulu)
Lulu,Feb 26,South-1,Kerala,Calicut,Bath Soaps,18.6996,0.2832,1.0,Body Wash & Soap,1.5145,Compiled_Monthly_Files (Lulu)
Lulu,Feb 26,South-1,Kerala,Kochi,Bath Soaps,60.351,0.1011,2.0,Body Wash & Soap,0.1676,Compiled_Monthly_Files (Lulu)
Lulu,Feb 26,South-1,Kerala,Kottiyam,Bath Soaps,8.1483,0.0025,1.0,Body Wash & Soap,0.0311,Compiled_Monthly_Files (Lulu)
Lulu,Feb 26,South-1,Kerala,Palakkad,Bath Soaps,17.2213,0.0793,1.0,Body Wash & Soap,0.4604,Compiled_Monthly_Files (Lulu)
Lulu,Feb 26,South-1,Kerala,Thrissur,Bath Soaps,9.533,0.08,1.0,Body Wash & Soap,0.8396,Compiled_Monthly_Files (Lulu)
Lulu,Feb 26,South-1,Kerala,Trivandrum,Bath Soaps,53.6601,0.1755,1.0,Body Wash & Soap,0.3271,Compiled_Monthly_Files (Lulu)
Lulu,Feb 26,South-1,Kerala,,Bath Soaps,10.1672,0.0063,1.0,Body Wash & Soap,0.0618,Compiled_Monthly_Files (Lulu)
Lulu,Feb 26,South-1,Kerala,Calicut,Body Lotion,3.0653,0.1876,1.0,Body Lotion & Care,6.1186,Compiled_Monthly_Files (Lulu)
Lulu,Feb 26,South-1,Kerala,Kochi,Body Lotion,13.8589,0.8436,2.0,Body Lotion & Care,6.0872,Compiled_Monthly_Files (Lulu)
Lulu,Feb 26,South-1,Kerala,Kottayam,Body Lotion,5.7397,0.619,1.0,Body Lotion & Care,10.784,Compiled_Monthly_Files (Lulu)
Lulu,Feb 26,South-1,Kerala,Kottiyam,Body Lotion,1.0732,0.1224,1.0,Body Lotion & Care,11.4047,Compiled_Monthly_Files (Lulu)
Lulu,Feb 26,South-1,Kerala,Palakkad,Body Lotion,3.4634,0.0169,1.0,Body Lotion & Care,0.4874,Compiled_Monthly_Files (Lulu)
Lulu,Feb 26,South-1,Kerala,Thrissur,Body Lotion,2.1976,0.0467,1.0,Body Lotion & Care,2.1269,Compiled_Monthly_Files (Lulu)
Lulu,Feb 26,South-1,Kerala,Trivandrum,Body Lotion,10.6571,0.8609,1.0,Body Lotion & Care,8.078,Compiled_Monthly_Files (Lulu)
Lulu,Feb 26,South-1,Kerala,Calicut,Conditioners,2.3157,0.1357,1.0,Conditioner,5.8598,Compiled_Monthly_Files (Lulu)
Lulu,Feb 26,South-1,Kerala,Kochi,Conditioners,9.5165,0.1595,2.0,Conditioner,1.6756,Compiled_Monthly_Files (Lulu)
Lulu,Feb 26,South-1,Kerala,Kottayam,Conditioners,3.1851,0.1064,1.0,Conditioner,3.3397,Compiled_Monthly_Files (Lulu)
Lulu,Feb 26,South-1,Kerala,Kottiyam,Conditioners,0.7723,0.0265,1.0,Conditioner,3.4367,Compiled_Monthly_Files (Lulu)
Lulu,Feb 26,South-1,Kerala,Thrissur,Conditioners,1.2355,0.0797,1.0,Conditioner,6.4516,Compiled_Monthly_Files (Lulu)
Lulu,Feb 26,South-1,Kerala,Trivandrum,Conditioners,7.4462,0.3218,1.0,Conditioner,4.3222,Compiled_Monthly_Files (Lulu)
Lulu,Feb 26,South-1,Kerala,,Conditioners,1.1607,0.056,1.0,Conditioner,4.8278,Compiled_Monthly_Files (Lulu)
Lulu,Feb 26,South-1,Kerala,Calicut,Face Mask,0.4427,0.0152,1.0,Face Mask & Scrub,3.4344,Compiled_Monthly_Files (Lulu)
Lulu,Feb 26,South-1,Kerala,Kottayam,Face Mask,0.984,0.0202,1.0,Face Mask & Scrub,2.0532,Compiled_Monthly_Files (Lulu)
Lulu,Feb 26,South-1,Kerala,Kottiyam,Face Mask,0.3146,0.0025,1.0,Face Mask & Scrub,0.7974,Compiled_Monthly_Files (Lulu)
Lulu,Feb 26,South-1,Kerala,Thrissur,Face Mask,0.4445,0.0042,1.0,Face Mask & Scrub,0.9494,Compiled_Monthly_Files (Lulu)
Lulu,Feb 26,South-1,Kerala,Trivandrum,Face Mask,2.2106,0.0743,1.0,Face Mask & Scrub,3.3621,Compiled_Monthly_Files (Lulu)
Lulu,Feb 26,South-1,Kerala,,Face Mask,0.3973,0.0025,1.0,Face Mask & Scrub,0.6377,Compiled_Monthly_Files (Lulu)
Lulu,Feb 26,South-1,Kerala,Calicut,Face Wash,5.3347,2.0682,1.0,Face Wash & Cleanser,38.7694,Compiled_Monthly_Files (Lulu)
Lulu,Feb 26,South-1,Kerala,Kochi,Face Wash,15.6269,2.7398,2.0,Face Wash & Cleanser,17.5324,Compiled_Monthly_Files (Lulu)
Lulu,Feb 26,South-1,Kerala,Kottayam,Face Wash,6.2912,1.3073,1.0,Face Wash & Cleanser,20.7791,Compiled_Monthly_Files (Lulu)
Lulu,Feb 26,South-1,Kerala,Kottiyam,Face Wash,1.7993,0.2274,1.0,Face Wash & Cleanser,12.6396,Compiled_Monthly_Files (Lulu)
Lulu,Feb 26,South-1,Kerala,Palakkad,Face Wash,3.3153,0.447,1.0,Face Wash & Cleanser,13.4816,Compiled_Monthly_Files (Lulu)
Lulu,Feb 26,South-1,Kerala,Thrissur,Face Wash,2.5036,0.5795,1.0,Face Wash & Cleanser,23.1469,Compiled_Monthly_Files (Lulu)
Lulu,Feb 26,South-1,Kerala,Trivandrum,Face Wash,13.6085,2.2887,1.0,Face Wash & Cleanser,16.8183,Compiled_Monthly_Files (Lulu)
Lulu,Feb 26,South-1,Kerala,,Face Wash,2.4597,0.0931,1.0,Face Wash & Cleanser,3.7858,Compiled_Monthly_Files (Lulu)
Lulu,Feb 26,South-1,Kerala,Kochi,Facial Cleanser,2.2963,0.0135,2.0,Face Wash & Cleanser,0.5875,Compiled_Monthly_Files (Lulu)
Lulu,Feb 26,South-1,Kerala,Palakkad,Facial Cleanser,0.4578,0.0105,1.0,Face Wash & Cleanser,2.3029,Compiled_Monthly_Files (Lulu)
Lulu,Feb 26,South-1,Kerala,Thrissur,Facial Cleanser,0.2118,0.0034,1.0,Face Wash & Cleanser,1.5927,Compiled_Monthly_Files (Lulu)
Lulu,Feb 26,South-1,Kerala,Trivandrum,Facial Cleanser,2.0718,0.0088,1.0,Face Wash & Cleanser,0.4271,Compiled_Monthly_Files (Lulu)
Lulu,Feb 26,South-1,Kerala,Calicut,Facial Scrub,0.2205,0.0265,1.0,Face Mask & Scrub,12.0385,Compiled_Monthly_Files (Lulu)
Lulu,Feb 26,South-1,Kerala,Kochi,Facial Scrub,1.2052,0.0973,2.0,Face Mask & Scrub,8.075,Compiled_Monthly_Files (Lulu)
Lulu,Feb 26,South-1,Kerala,Kottayam,Facial Scrub,0.546,0.056,1.0,Face Mask & Scrub,10.2623,Compiled_Monthly_Files (Lulu)
Lulu,Feb 26,South-1,Kerala,Thrissur,Facial Scrub,0.1485,0.0236,1.0,Face Mask & Scrub,15.8879,Compiled_Monthly_Files (Lulu)
Lulu,Feb 26,South-1,Kerala,Trivandrum,Facial Scrub,1.0254,0.1622,1.0,Face Mask & Scrub,15.8179,Compiled_Monthly_Files (Lulu)
Lulu,Feb 26,South-1,Kerala,Calicut,Fairness/Whtng.Cream,1.0716,0.0376,1.0,Face Moisturiser & Cream,3.5043,Compiled_Monthly_Files (Lulu)
Lulu,Feb 26,South-1,Kerala,Kochi,Fairness/Whtng.Cream,4.1043,0.1459,2.0,Face Moisturiser & Cream,3.5544,Compiled_Monthly_Files (Lulu)
Lulu,Feb 26,South-1,Kerala,Kottayam,Fairness/Whtng.Cream,1.9209,0.0479,1.0,Face Moisturiser & Cream,2.4957,Compiled_Monthly_Files (Lulu)
Lulu,Feb 26,South-1,Kerala,Palakkad,Fairness/Whtng.Cream,0.9812,0.0527,1.0,Face Moisturiser & Cream,5.3732,Compiled_Monthly_Files (Lulu)
Lulu,Feb 26,South-1,Kerala,Thrissur,Fairness/Whtng.Cream,0.5247,0.0198,1.0,Face Moisturiser & Cream,3.7698,Compiled_Monthly_Files (Lulu)
Lulu,Feb 26,South-1,Kerala,Trivandrum,Fairness/Whtng.Cream,3.9225,0.1525,1.0,Face Moisturiser & Cream,3.8889,Compiled_Monthly_Files (Lulu)
Lulu,Feb 26,South-1,Kerala,Thrissur,Hair Gel,0.1199,0.0059,1.0,Hair Treatment & Styling,4.9181,Compiled_Monthly_Files (Lulu)
Lulu,Feb 26,South-1,Kerala,Calicut,Hair Oils,2.5067,0.0389,1.0,Hair Oil,1.5513,Compiled_Monthly_Files (Lulu)
Lulu,Feb 26,South-1,Kerala,Kochi,Hair Oils,11.583,0.1151,2.0,Hair Oil,0.9938,Compiled_Monthly_Files (Lulu)
Lulu,Feb 26,South-1,Kerala,Kottayam,Hair Oils,3.0809,0.0473,1.0,Hair Oil,1.5345,Compiled_Monthly_Files (Lulu)
Lulu,Feb 26,South-1,Kerala,Kottiyam,Hair Oils,0.4969,0.012,1.0,Hair Oil,2.4133,Compiled_Monthly_Files (Lulu)
Lulu,Feb 26,South-1,Kerala,Palakkad,Hair Oils,2.098,0.0316,1.0,Hair Oil,1.5045,Compiled_Monthly_Files (Lulu)
Lulu,Feb 26,South-1,Kerala,Thrissur,Hair Oils,1.0236,0.0309,1.0,Hair Oil,3.02,Compiled_Monthly_Files (Lulu)
Lulu,Feb 26,South-1,Kerala,Trivandrum,Hair Oils,7.9986,0.2367,1.0,Hair Oil,2.9597,Compiled_Monthly_Files (Lulu)
Lulu,Feb 26,South-1,Kerala,,Hair Oils,1.1501,0.0111,1.0,Hair Oil,0.9636,Compiled_Monthly_Files (Lulu)
Lulu,Feb 26,South-1,Kerala,Calicut,Hair Treatments&Mask,1.7369,0.0506,1.0,Hair Treatment & Styling,2.9118,Compiled_Monthly_Files (Lulu)
Lulu,Feb 26,South-1,Kerala,Kochi,Hair Treatments&Mask,6.031,0.1012,2.0,Hair Treatment & Styling,1.678,Compiled_Monthly_Files (Lulu)
Lulu,Feb 26,South-1,Kerala,Kottayam,Hair Treatments&Mask,2.0147,0.0278,1.0,Hair Treatment & Styling,1.3789,Compiled_Monthly_Files (Lulu)
Lulu,Feb 26,South-1,Kerala,Kottiyam,Hair Treatments&Mask,0.3834,0.0202,1.0,Hair Treatment & Styling,5.2689,Compiled_Monthly_Files (Lulu)
Lulu,Feb 26,South-1,Kerala,Palakkad,Hair Treatments&Mask,0.7583,0.0051,1.0,Hair Treatment & Styling,0.6683,Compiled_Monthly_Files (Lulu)
Lulu,Feb 26,South-1,Kerala,Thrissur,Hair Treatments&Mask,0.7586,0.0253,1.0,Hair Treatment & Styling,3.3358,Compiled_Monthly_Files (Lulu)
Lulu,Feb 26,South-1,Kerala,Trivandrum,Hair Treatments&Mask,4.7704,0.0986,1.0,Hair Treatment & Styling,2.0671,Compiled_Monthly_Files (Lulu)
Lulu,Feb 26,South-1,Kerala,Kochi,Henna Colorants,0.153,0.0169,1.0,Hair Treatment & Styling,11.0368,Compiled_Monthly_Files (Lulu)
Lulu,Feb 26,South-1,Kerala,Kottiyam,Henna Colorants,0.0758,0.0106,1.0,Hair Treatment & Styling,13.9132,Compiled_Monthly_Files (Lulu)
Lulu,Feb 26,South-1,Kerala,Thrissur,Henna Colorants,0.1483,0.019,1.0,Hair Treatment & Styling,12.8022,Compiled_Monthly_Files (Lulu)
Lulu,Feb 26,South-1,Kerala,Calicut,Lip Balms,0.7984,0.0982,1.0,Lip Care,12.2966,Compiled_Monthly_Files (Lulu)
Lulu,Feb 26,South-1,Kerala,Kochi,Lip Balms,2.5339,0.3222,2.0,Lip Care,12.7136,Compiled_Monthly_Files (Lulu)
Lulu,Feb 26,South-1,Kerala,Kottayam,Lip Balms,1.0712,0.1287,1.0,Lip Care,12.0188,Compiled_Monthly_Files (Lulu)
Lulu,Feb 26,South-1,Kerala,Kottiyam,Lip Balms,0.2997,0.0462,1.0,Lip Care,15.4253,Compiled_Monthly_Files (Lulu)
Lulu,Feb 26,South-1,Kerala,Thrissur,Lip Balms,0.4144,0.1374,1.0,Lip Care,33.1485,Compiled_Monthly_Files (Lulu)
Lulu,Feb 26,South-1,Kerala,Trivandrum,Lip Balms,3.0237,0.7863,1.0,Lip Care,26.0044,Compiled_Monthly_Files (Lulu)
Lulu,Feb 26,South-1,Kerala,,Lip Balms,0.3263,0.0307,1.0,Lip Care,9.4002,Compiled_Monthly_Files (Lulu)
Lulu,Feb 26,South-1,Kerala,Calicut,Moistur.Cream/Fluid,4.2137,0.3079,1.0,Face Moisturiser & Cream,7.3065,Compiled_Monthly_Files (Lulu)
Lulu,Feb 26,South-1,Kerala,Kochi,Moistur.Cream/Fluid,14.2826,0.4675,2.0,Face Moisturiser & Cream,3.2733,Compiled_Monthly_Files (Lulu)
Lulu,Feb 26,South-1,Kerala,Kottayam,Moistur.Cream/Fluid,6.7831,0.3095,1.0,Face Moisturiser & Cream,4.5628,Compiled_Monthly_Files (Lulu)
Lulu,Feb 26,South-1,Kerala,Kottiyam,Moistur.Cream/Fluid,1.2846,0.0308,1.0,Face Moisturiser & Cream,2.4,Compiled_Monthly_Files (Lulu)
Lulu,Feb 26,South-1,Kerala,Palakkad,Moistur.Cream/Fluid,3.6501,0.3032,1.0,Face Moisturiser & Cream,8.3073,Compiled_Monthly_Files (Lulu)
Lulu,Feb 26,South-1,Kerala,Thrissur,Moistur.Cream/Fluid,2.5595,0.4157,1.0,Face Moisturiser & Cream,16.2415,Compiled_Monthly_Files (Lulu)
Lulu,Feb 26,South-1,Kerala,Trivandrum,Moistur.Cream/Fluid,11.7943,0.8972,1.0,Face Moisturiser & Cream,7.6074,Compiled_Monthly_Files (Lulu)
Lulu,Feb 26,South-1,Kerala,,Moistur.Cream/Fluid,1.8638,0.0579,1.0,Face Moisturiser & Cream,3.1042,Compiled_Monthly_Files (Lulu)
Lulu,Feb 26,South-1,Kerala,Calicut,Other Baby care,0.6812,0.0043,1.0,Baby Care,0.637,Compiled_Monthly_Files (Lulu)
Lulu,Feb 26,South-1,Kerala,Kochi,Other Baby care,0.1971,0.0087,1.0,Baby Care,4.4027,Compiled_Monthly_Files (Lulu)
Lulu,Feb 26,South-1,Kerala,Kottiyam,Other Baby care,0.1526,0.0011,1.0,Baby Care,0.7109,Compiled_Monthly_Files (Lulu)
Lulu,Feb 26,South-1,Kerala,Palakkad,Other Baby care,0.3512,0.0043,1.0,Baby Care,1.2356,Compiled_Monthly_Files (Lulu)
Lulu,Feb 26,South-1,Kerala,Thrissur,Other Baby care,0.1833,0.0033,1.0,Baby Care,1.7753,Compiled_Monthly_Files (Lulu)
Lulu,Feb 26,South-1,Kerala,Trivandrum,Other Baby care,2.5072,0.0054,1.0,Baby Care,0.2163,Compiled_Monthly_Files (Lulu)
Lulu,Feb 26,South-1,Kerala,,Other Baby care,0.1455,0.0076,1.0,Baby Care,5.2203,Compiled_Monthly_Files (Lulu)
Lulu,Feb 26,South-1,Kerala,Calicut,Other Facial Care,3.0445,0.2603,1.0,Face Moisturiser & Cream,8.5507,Compiled_Monthly_Files (Lulu)
Lulu,Feb 26,South-1,Kerala,Kochi,Other Facial Care,6.6796,0.9581,2.0,Face Moisturiser & Cream,14.3443,Compiled_Monthly_Files (Lulu)
Lulu,Feb 26,South-1,Kerala,Kottayam,Other Facial Care,3.2353,0.5079,1.0,Face Moisturiser & Cream,15.6981,Compiled_Monthly_Files (Lulu)
Lulu,Feb 26,South-1,Kerala,Palakkad,Other Facial Care,2.0323,0.4327,1.0,Face Moisturiser & Cream,21.2934,Compiled_Monthly_Files (Lulu)
Lulu,Feb 26,South-1,Kerala,Thrissur,Other Facial Care,1.2066,0.1415,1.0,Face Moisturiser & Cream,11.7252,Compiled_Monthly_Files (Lulu)
Lulu,Feb 26,South-1,Kerala,Trivandrum,Other Facial Care,5.8817,0.7148,1.0,Face Moisturiser & Cream,12.1535,Compiled_Monthly_Files (Lulu)
Lulu,Feb 26,South-1,Kerala,,Other Facial Care,0.4674,0.1285,1.0,Face Moisturiser & Cream,27.489,Compiled_Monthly_Files (Lulu)
Lulu,Feb 26,South-1,Kerala,Calicut,Other Skin Care,0.2254,0.0051,1.0,Face Moisturiser & Cream,2.2482,Compiled_Monthly_Files (Lulu)
Lulu,Feb 26,South-1,Kerala,Kochi,Other Skin Care,1.2678,0.0203,1.0,Face Moisturiser & Cream,1.5989,Compiled_Monthly_Files (Lulu)
Lulu,Feb 26,South-1,Kerala,Palakkad,Other Skin Care,0.135,0.0051,1.0,Face Moisturiser & Cream,3.7529,Compiled_Monthly_Files (Lulu)
Lulu,Feb 26,South-1,Kerala,Trivandrum,Other Skin Care,1.0571,0.0304,1.0,Face Moisturiser & Cream,2.8764,Compiled_Monthly_Files (Lulu)
Lulu,Feb 26,South-1,Kerala,Calicut,Shampoo,6.8141,0.3984,1.0,Shampoo,5.8461,Compiled_Monthly_Files (Lulu)
Lulu,Feb 26,South-1,Kerala,Kochi,Shampoo,27.0367,0.5312,2.0,Shampoo,1.9649,Compiled_Monthly_Files (Lulu)
Lulu,Feb 26,South-1,Kerala,Kottayam,Shampoo,10.4021,0.473,1.0,Shampoo,4.5471,Compiled_Monthly_Files (Lulu)
Lulu,Feb 26,South-1,Kerala,Kottiyam,Shampoo,1.7703,0.0909,1.0,Shampoo,5.1361,Compiled_Monthly_Files (Lulu)
Lulu,Feb 26,South-1,Kerala,Palakkad,Shampoo,5.9278,0.1288,1.0,Shampoo,2.1733,Compiled_Monthly_Files (Lulu)
Lulu,Feb 26,South-1,Kerala,Thrissur,Shampoo,4.0564,0.284,1.0,Shampoo,7.0019,Compiled_Monthly_Files (Lulu)
Lulu,Feb 26,South-1,Kerala,Trivandrum,Shampoo,18.6695,0.437,1.0,Shampoo,2.341,Compiled_Monthly_Files (Lulu)
Lulu,Feb 26,South-1,Kerala,,Shampoo,3.3704,0.0926,1.0,Shampoo,2.7486,Compiled_Monthly_Files (Lulu)
Lulu,Feb 26,South-1,Kerala,Calicut,Shower Gel&Body Wash,4.1315,0.1622,1.0,Body Wash & Soap,3.9252,Compiled_Monthly_Files (Lulu)
Lulu,Feb 26,South-1,Kerala,Kochi,Shower Gel&Body Wash,12.3846,0.1653,1.0,Body Wash & Soap,1.335,Compiled_Monthly_Files (Lulu)
Lulu,Feb 26,South-1,Kerala,Kottayam,Shower Gel&Body Wash,5.9149,0.2306,1.0,Body Wash & Soap,3.8987,Compiled_Monthly_Files (Lulu)
Lulu,Feb 26,South-1,Kerala,Palakkad,Shower Gel&Body Wash,2.5072,0.0558,1.0,Body Wash & Soap,2.2267,Compiled_Monthly_Files (Lulu)
Lulu,Feb 26,South-1,Kerala,Thrissur,Shower Gel&Body Wash,1.9712,0.2411,1.0,Body Wash & Soap,12.2318,Compiled_Monthly_Files (Lulu)
Lulu,Feb 26,South-1,Kerala,Trivandrum,Shower Gel&Body Wash,13.2466,0.1723,1.0,Body Wash & Soap,1.3011,Compiled_Monthly_Files (Lulu)
Lulu,Feb 26,South-1,Kerala,Calicut,Sun Care,2.8145,0.7999,1.0,Sun Care,28.4204,Compiled_Monthly_Files (Lulu)
Lulu,Feb 26,South-1,Kerala,Kochi,Sun Care,10.0919,1.5055,2.0,Sun Care,14.9184,Compiled_Monthly_Files (Lulu)
Lulu,Feb 26,South-1,Kerala,Kottayam,Sun Care,3.9945,1.3982,1.0,Sun Care,35.0034,Compiled_Monthly_Files (Lulu)
Lulu,Feb 26,South-1,Kerala,Kottiyam,Sun Care,1.1279,0.1395,1.0,Sun Care,12.3682,Compiled_Monthly_Files (Lulu)
Lulu,Feb 26,South-1,Kerala,Palakkad,Sun Care,3.1731,0.8487,1.0,Sun Care,26.7464,Compiled_Monthly_Files (Lulu)
Lulu,Feb 26,South-1,Kerala,Thrissur,Sun Care,1.7458,0.8472,1.0,Sun Care,48.5258,Compiled_Monthly_Files (Lulu)
Lulu,Feb 26,South-1,Kerala,Trivandrum,Sun Care,10.0252,3.2098,1.0,Sun Care,32.0171,Compiled_Monthly_Files (Lulu)
Lulu,Feb 26,South-1,Kerala,Calicut,Tooth Paste,10.7745,0.0287,1.0,Oral Care,0.2663,Compiled_Monthly_Files (Lulu)
Lulu,Feb 26,South-1,Kerala,Kochi,Tooth Paste,42.0061,0.0724,2.0,Oral Care,0.1723,Compiled_Monthly_Files (Lulu)
Lulu,Feb 26,South-1,Kerala,Kottayam,Tooth Paste,17.5298,0.0611,1.0,Oral Care,0.3487,Compiled_Monthly_Files (Lulu)
Lulu,Feb 26,South-1,Kerala,Thrissur,Tooth Paste,6.9226,0.0474,1.0,Oral Care,0.6848,Compiled_Monthly_Files (Lulu)
Lulu,Feb 26,South-1,Kerala,Trivandrum,Tooth Paste,29.3277,0.0599,1.0,Oral Care,0.2042,Compiled_Monthly_Files (Lulu)
Lulu,Feb 26,South-1,Tamil Nadu,Coimbatore,Baby Bath,0.2974,0.0186,1.0,Baby Care,6.2578,Compiled_Monthly_Files (Lulu)
Lulu,Feb 26,South-1,Tamil Nadu,Coimbatore,Baby Cream,0.56,0.0208,1.0,Baby Care,3.7077,Compiled_Monthly_Files (Lulu)
Lulu,Feb 26,South-1,Tamil Nadu,Coimbatore,Baby Lotions,1.0062,0.0324,1.0,Baby Care,3.2217,Compiled_Monthly_Files (Lulu)
Lulu,Feb 26,South-1,Tamil Nadu,Coimbatore,Baby Oil,0.0748,0.0054,1.0,Baby Care,7.2563,Compiled_Monthly_Files (Lulu)
Lulu,Feb 26,South-1,Tamil Nadu,Coimbatore,Baby Shampoos,0.352,0.0685,1.0,Baby Care,19.4617,Compiled_Monthly_Files (Lulu)
Lulu,Feb 26,South-1,Tamil Nadu,Coimbatore,Bath Soaps,23.2952,0.0849,1.0,Body Wash & Soap,0.3644,Compiled_Monthly_Files (Lulu)
Lulu,Feb 26,South-1,Tamil Nadu,Coimbatore,Body Lotion,5.7814,0.8483,1.0,Body Lotion & Care,14.6725,Compiled_Monthly_Files (Lulu)
Lulu,Feb 26,South-1,Tamil Nadu,Coimbatore,Conditioners,3.5266,0.1394,1.0,Conditioner,3.9516,Compiled_Monthly_Files (Lulu)
Lulu,Feb 26,South-1,Tamil Nadu,Coimbatore,Eye Care,0.6071,0.0514,1.0,Face Moisturiser & Cream,8.4724,Compiled_Monthly_Files (Lulu)
Lulu,Feb 26,South-1,Tamil Nadu,Coimbatore,Face Mask,0.7003,0.0335,1.0,Face Mask & Scrub,4.7776,Compiled_Monthly_Files (Lulu)
Lulu,Feb 26,South-1,Tamil Nadu,Coimbatore,Face Wash,7.6948,2.3589,1.0,Face Wash & Cleanser,30.6562,Compiled_Monthly_Files (Lulu)
Lulu,Feb 26,South-1,Tamil Nadu,Coimbatore,Facial Cleanser,1.3414,0.0058,1.0,Face Wash & Cleanser,0.4296,Compiled_Monthly_Files (Lulu)
Lulu,Feb 26,South-1,Tamil Nadu,Coimbatore,Facial Scrub,0.2602,0.0689,1.0,Face Mask & Scrub,26.4987,Compiled_Monthly_Files (Lulu)
Lulu,Feb 26,South-1,Tamil Nadu,Coimbatore,Fairness/Whtng.Cream,1.7638,0.0984,1.0,Face Moisturiser & Cream,5.577,Compiled_Monthly_Files (Lulu)
Lulu,Feb 26,South-1,Tamil Nadu,Coimbatore,Hair Gel,0.203,0.0195,1.0,Hair Treatment & Styling,9.6148,Compiled_Monthly_Files (Lulu)
Lulu,Feb 26,South-1,Tamil Nadu,Coimbatore,Hair Oils,4.2738,0.0422,1.0,Hair Oil,0.9881,Compiled_Monthly_Files (Lulu)
Lulu,Feb 26,South-1,Tamil Nadu,Coimbatore,Hair Treatments&Mask,2.4453,0.1193,1.0,Hair Treatment & Styling,4.8782,Compiled_Monthly_Files (Lulu)
Lulu,Feb 26,South-1,Tamil Nadu,Coimbatore,Henna Colorants,0.5576,0.1053,1.0,Hair Treatment & Styling,18.8871,Compiled_Monthly_Files (Lulu)
Lulu,Feb 26,South-1,Tamil Nadu,Coimbatore,Lip Balms,1.2666,0.2257,1.0,Lip Care,17.8169,Compiled_Monthly_Files (Lulu)
Lulu,Feb 26,South-1,Tamil Nadu,Coimbatore,Moistur.Cream/Fluid,8.4485,0.683,1.0,Face Moisturiser & Cream,8.0838,Compiled_Monthly_Files (Lulu)
Lulu,Feb 26,South-1,Tamil Nadu,Coimbatore,Other Facial Care,5.5842,0.8872,1.0,Face Moisturiser & Cream,15.8874,Compiled_Monthly_Files (Lulu)
Lulu,Feb 26,South-1,Tamil Nadu,Coimbatore,Other Skin Care,0.6447,0.0494,1.0,Face Moisturiser & Cream,7.6671,Compiled_Monthly_Files (Lulu)
Lulu,Feb 26,South-1,Tamil Nadu,Coimbatore,Shampoo,16.9873,1.8969,1.0,Shampoo,11.1664,Compiled_Monthly_Files (Lulu)
Lulu,Feb 26,South-1,Tamil Nadu,Coimbatore,Shower Gel&Body Wash,6.0185,0.1066,1.0,Body Wash & Soap,1.7712,Compiled_Monthly_Files (Lulu)
Lulu,Feb 26,South-1,Tamil Nadu,Coimbatore,Sun Care,4.9877,2.414,1.0,Sun Care,48.3997,Compiled_Monthly_Files (Lulu)
Lulu,Feb 26,South-1,Tamil Nadu,Coimbatore,Tooth Paste,16.4401,0.0707,1.0,Oral Care,0.4301,Compiled_Monthly_Files (Lulu)
Lulu,Feb 26,South-2,Telangana,Hyderabad,Baby Bath,0.224,0.0148,1.0,Baby Care,6.593,Compiled_Monthly_Files (Lulu)
Lulu,Feb 26,South-2,Telangana,Hyderabad,Baby Cream,0.1964,0.0017,1.0,Baby Care,0.8544,Compiled_Monthly_Files (Lulu)
Lulu,Feb 26,South-2,Telangana,Hyderabad,Baby Lotions,0.647,0.0063,1.0,Baby Care,0.9784,Compiled_Monthly_Files (Lulu)
Lulu,Feb 26,South-2,Telangana,Hyderabad,Baby Oil,0.0844,0.0057,1.0,Baby Care,6.7237,Compiled_Monthly_Files (Lulu)
Lulu,Feb 26,South-2,Telangana,Hyderabad,Baby Powder,0.1346,0.0019,1.0,Baby Care,1.4006,Compiled_Monthly_Files (Lulu)
Lulu,Feb 26,South-2,Telangana,Hyderabad,Baby Shampoos,0.2513,0.0149,1.0,Baby Care,5.9268,Compiled_Monthly_Files (Lulu)
Lulu,Feb 26,South-2,Telangana,Hyderabad,Baby Soap,0.5282,0.021,1.0,Baby Care,3.9849,Compiled_Monthly_Files (Lulu)
Lulu,Feb 26,South-2,Telangana,Hyderabad,Bath Soaps,12.2319,0.0359,1.0,Body Wash & Soap,0.2933,Compiled_Monthly_Files (Lulu)
Lulu,Feb 26,South-2,Telangana,Hyderabad,Body Lotion,4.5661,0.3094,1.0,Body Lotion & Care,6.7751,Compiled_Monthly_Files (Lulu)
Lulu,Feb 26,South-2,Telangana,Hyderabad,Conditioners,1.5085,0.0826,1.0,Conditioner,5.474,Compiled_Monthly_Files (Lulu)
Lulu,Feb 26,South-2,Telangana,Hyderabad,Face Wash,4.1631,1.9436,1.0,Face Wash & Cleanser,46.6877,Compiled_Monthly_Files (Lulu)
Lulu,Feb 26,South-2,Telangana,Hyderabad,Facial Cleanser,0.5126,0.0058,1.0,Face Wash & Cleanser,1.1358,Compiled_Monthly_Files (Lulu)
Lulu,Feb 26,South-2,Telangana,Hyderabad,Facial Scrub,0.2291,0.0236,1.0,Face Mask & Scrub,10.2964,Compiled_Monthly_Files (Lulu)
Lulu,Feb 26,South-2,Telangana,Hyderabad,Fairness/Whtng.Cream,0.9419,0.0557,1.0,Face Moisturiser & Cream,5.9173,Compiled_Monthly_Files (Lulu)
Lulu,Feb 26,South-2,Telangana,Hyderabad,Hair Gel,0.1204,0.0087,1.0,Hair Treatment & Styling,7.2072,Compiled_Monthly_Files (Lulu)
Lulu,Feb 26,South-2,Telangana,Hyderabad,Hair Oils,3.7928,0.0219,1.0,Hair Oil,0.5785,Compiled_Monthly_Files (Lulu)
Lulu,Feb 26,South-2,Telangana,Hyderabad,Hair Treatments&Mask,1.2203,0.0476,1.0,Hair Treatment & Styling,3.8972,Compiled_Monthly_Files (Lulu)
Lulu,Feb 26,South-2,Telangana,Hyderabad,Henna Colorants,0.2873,0.0273,1.0,Hair Treatment & Styling,9.5102,Compiled_Monthly_Files (Lulu)
Lulu,Feb 26,South-2,Telangana,Hyderabad,Lip Balms,0.5985,0.0806,1.0,Lip Care,13.4724,Compiled_Monthly_Files (Lulu)
Lulu,Feb 26,South-2,Telangana,Hyderabad,Moistur.Cream/Fluid,3.066,0.3958,1.0,Face Moisturiser & Cream,12.9075,Compiled_Monthly_Files (Lulu)
Lulu,Feb 26,South-2,Telangana,Hyderabad,Other Facial Care,1.2346,0.2874,1.0,Face Moisturiser & Cream,23.2831,Compiled_Monthly_Files (Lulu)
Lulu,Feb 26,South-2,Telangana,Hyderabad,Other Skin Care,0.3108,0.0051,1.0,Face Moisturiser & Cream,1.6304,Compiled_Monthly_Files (Lulu)
Lulu,Feb 26,South-2,Telangana,Hyderabad,Shampoo,11.8878,1.1582,1.0,Shampoo,9.7425,Compiled_Monthly_Files (Lulu)
Lulu,Feb 26,South-2,Telangana,Hyderabad,Shower Gel&Body Wash,3.3339,0.0304,1.0,Body Wash & Soap,0.912,Compiled_Monthly_Files (Lulu)
Lulu,Feb 26,South-2,Telangana,Hyderabad,Sun Care,2.1301,0.9639,1.0,Sun Care,45.2525,Compiled_Monthly_Files (Lulu)
Lulu,Mar 26,North,Uttar Pradesh,Lucknow,Baby Bath,0.9886,0.0528,1.0,Baby Care,5.3364,Compiled_Monthly_Files (Lulu)
Lulu,Mar 26,North,Uttar Pradesh,Lucknow,Baby Lotions,1.2247,0.0295,1.0,Baby Care,2.4122,Compiled_Monthly_Files (Lulu)
Lulu,Mar 26,North,Uttar Pradesh,Lucknow,Baby Oil,0.4079,0.0085,1.0,Baby Care,2.0871,Compiled_Monthly_Files (Lulu)
Lulu,Mar 26,North,Uttar Pradesh,Lucknow,Baby Powder,0.7216,0.0151,1.0,Baby Care,2.0908,Compiled_Monthly_Files (Lulu)
Lulu,Mar 26,North,Uttar Pradesh,Lucknow,Baby Shampoos,1.4376,0.0968,1.0,Baby Care,6.735,Compiled_Monthly_Files (Lulu)
Lulu,Mar 26,North,Uttar Pradesh,Lucknow,Baby Soap,0.8065,0.0354,1.0,Baby Care,4.3931,Compiled_Monthly_Files (Lulu)
Lulu,Mar 26,North,Uttar Pradesh,Lucknow,Bath Soaps,26.6567,0.9545,1.0,Body Wash & Soap,3.5808,Compiled_Monthly_Files (Lulu)
Lulu,Mar 26,North,Uttar Pradesh,Lucknow,Body Lotion,8.1441,0.3408,1.0,Body Lotion & Care,4.1847,Compiled_Monthly_Files (Lulu)
Lulu,Mar 26,North,Uttar Pradesh,Lucknow,Conditioners,5.39,0.1593,1.0,Conditioner,2.9547,Compiled_Monthly_Files (Lulu)
Lulu,Mar 26,North,Uttar Pradesh,Lucknow,Eye Care,0.2023,0.0025,1.0,Face Moisturiser & Cream,1.2526,Compiled_Monthly_Files (Lulu)
Lulu,Mar 26,North,Uttar Pradesh,Lucknow,Face Wash,14.868,5.4145,1.0,Face Wash & Cleanser,36.4174,Compiled_Monthly_Files (Lulu)
Lulu,Mar 26,North,Uttar Pradesh,Lucknow,Facial Cleanser,1.2283,0.0202,1.0,Face Wash & Cleanser,1.6475,Compiled_Monthly_Files (Lulu)
Lulu,Mar 26,North,Uttar Pradesh,Lucknow,Facial Scrub,0.9851,0.1032,1.0,Face Mask & Scrub,10.4779,Compiled_Monthly_Files (Lulu)
Lulu,Mar 26,North,Uttar Pradesh,Lucknow,Fairness/Whtng.Cream,4.5428,0.0677,1.0,Face Moisturiser & Cream,1.4896,Compiled_Monthly_Files (Lulu)
Lulu,Mar 26,North,Uttar Pradesh,Lucknow,Hair Oils,10.2287,0.1041,1.0,Hair Oil,1.0173,Compiled_Monthly_Files (Lulu)
Lulu,Mar 26,North,Uttar Pradesh,Lucknow,Hair Treatments&Mask,3.2293,0.0152,1.0,Hair Treatment & Styling,0.4692,Compiled_Monthly_Files (Lulu)
Lulu,Mar 26,North,Uttar Pradesh,Lucknow,Lip Balms,0.3941,0.0279,1.0,Lip Care,7.0752,Compiled_Monthly_Files (Lulu)
Lulu,Mar 26,North,Uttar Pradesh,Lucknow,Moistur.Cream/Fluid,9.7521,1.0692,1.0,Face Moisturiser & Cream,10.9638,Compiled_Monthly_Files (Lulu)
Lulu,Mar 26,North,Uttar Pradesh,Lucknow,Other Baby care,1.3878,0.0262,1.0,Baby Care,1.8906,Compiled_Monthly_Files (Lulu)
Lulu,Mar 26,North,Uttar Pradesh,Lucknow,Other Facial Care,4.4698,0.4781,1.0,Face Moisturiser & Cream,10.6966,Compiled_Monthly_Files (Lulu)
Lulu,Mar 26,North,Uttar Pradesh,Lucknow,Other Skin Care,0.715,0.0091,1.0,Face Moisturiser & Cream,1.2778,Compiled_Monthly_Files (Lulu)
Lulu,Mar 26,North,Uttar Pradesh,Lucknow,Shampoo,30.6336,1.6506,1.0,Shampoo,5.3881,Compiled_Monthly_Files (Lulu)
Lulu,Mar 26,North,Uttar Pradesh,Lucknow,Shower Gel&Body Wash,8.2039,0.4195,1.0,Body Wash & Soap,5.1134,Compiled_Monthly_Files (Lulu)
Lulu,Mar 26,North,Uttar Pradesh,Lucknow,Sun Care,6.8823,1.747,1.0,Sun Care,25.3842,Compiled_Monthly_Files (Lulu)
Lulu,Mar 26,North,Uttar Pradesh,Lucknow,Tooth Paste,20.3044,0.0805,1.0,Oral Care,0.3963,Compiled_Monthly_Files (Lulu)
Lulu,Mar 26,South-1,Karnataka,Bangalore,Baby Bath,0.5437,0.004,1.0,Baby Care,0.7357,Compiled_Monthly_Files (Lulu)
Lulu,Mar 26,South-1,Karnataka,,Baby Bath,1.1178,0.026,3.0,Baby Care,2.3259,Compiled_Monthly_Files (Lulu)
Lulu,Mar 26,South-1,Karnataka,Bangalore,Baby Lotions,1.0738,0.0111,1.0,Baby Care,1.0371,Compiled_Monthly_Files (Lulu)
Lulu,Mar 26,South-1,Karnataka,,Baby Lotions,1.6978,0.0204,3.0,Baby Care,1.2025,Compiled_Monthly_Files (Lulu)
Lulu,Mar 26,South-1,Karnataka,Bangalore,Baby Oil,0.0726,0.0081,1.0,Baby Care,11.1839,Compiled_Monthly_Files (Lulu)
Lulu,Mar 26,South-1,Karnataka,,Baby Oil,0.0773,0.0021,1.0,Baby Care,2.6981,Compiled_Monthly_Files (Lulu)
Lulu,Mar 26,South-1,Karnataka,Bangalore,Baby Powder,0.2571,0.0016,1.0,Baby Care,0.6261,Compiled_Monthly_Files (Lulu)
Lulu,Mar 26,South-1,Karnataka,,Baby Powder,0.0798,0.0032,1.0,Baby Care,4.0346,Compiled_Monthly_Files (Lulu)
Lulu,Mar 26,South-1,Karnataka,Bangalore,Baby Shampoos,0.6066,0.0068,1.0,Baby Care,1.1256,Compiled_Monthly_Files (Lulu)
Lulu,Mar 26,South-1,Karnataka,,Baby Shampoos,1.0041,0.0522,4.0,Baby Care,5.1961,Compiled_Monthly_Files (Lulu)
Lulu,Mar 26,South-1,Karnataka,Bangalore,Baby Soap,0.6517,0.0199,1.0,Baby Care,3.0544,Compiled_Monthly_Files (Lulu)
Lulu,Mar 26,South-1,Karnataka,,Baby Soap,1.1221,0.0723,4.0,Baby Care,6.4453,Compiled_Monthly_Files (Lulu)
Lulu,Mar 26,South-1,Karnataka,Bangalore,Bath Soaps,11.4143,0.0145,1.0,Body Wash & Soap,0.1272,Compiled_Monthly_Files (Lulu)
Lulu,Mar 26,South-1,Karnataka,,Bath Soaps,21.2739,0.0696,4.0,Body Wash & Soap,0.3272,Compiled_Monthly_Files (Lulu)
Lulu,Mar 26,South-1,Karnataka,Bangalore,Body Lotion,5.1245,0.3269,1.0,Body Lotion & Care,6.3786,Compiled_Monthly_Files (Lulu)
Lulu,Mar 26,South-1,Karnataka,,Body Lotion,10.7347,0.8795,4.0,Body Lotion & Care,8.1927,Compiled_Monthly_Files (Lulu)
Lulu,Mar 26,South-1,Karnataka,Bangalore,Conditioners,2.2669,0.1469,1.0,Conditioner,6.4797,Compiled_Monthly_Files (Lulu)
Lulu,Mar 26,South-1,Karnataka,,Conditioners,4.8432,0.2103,4.0,Conditioner,4.3421,Compiled_Monthly_Files (Lulu)
Lulu,Mar 26,South-1,Karnataka,,Face Mask,1.3704,0.0132,3.0,Face Mask & Scrub,0.9659,Compiled_Monthly_Files (Lulu)
Lulu,Mar 26,South-1,Karnataka,Bangalore,Face Wash,4.6116,0.8223,1.0,Face Wash & Cleanser,17.8301,Compiled_Monthly_Files (Lulu)
Lulu,Mar 26,South-1,Karnataka,,Face Wash,9.7357,2.6537,4.0,Face Wash & Cleanser,27.2575,Compiled_Monthly_Files (Lulu)
Lulu,Mar 26,South-1,Karnataka,Bangalore,Facial Cleanser,0.8713,0.0057,1.0,Face Wash & Cleanser,0.6594,Compiled_Monthly_Files (Lulu)
Lulu,Mar 26,South-1,Karnataka,,Facial Cleanser,0.661,0.0029,1.0,Face Wash & Cleanser,0.4346,Compiled_Monthly_Files (Lulu)
Lulu,Mar 26,South-1,Karnataka,Bangalore,Facial Scrub,0.3041,0.0477,1.0,Face Mask & Scrub,15.6724,Compiled_Monthly_Files (Lulu)
Lulu,Mar 26,South-1,Karnataka,,Facial Scrub,0.6307,0.0828,4.0,Face Mask & Scrub,13.1246,Compiled_Monthly_Files (Lulu)
Lulu,Mar 26,South-1,Karnataka,Bangalore,Fairness/Whtng.Cream,1.4202,0.0152,1.0,Face Moisturiser & Cream,1.0717,Compiled_Monthly_Files (Lulu)
Lulu,Mar 26,South-1,Karnataka,,Fairness/Whtng.Cream,2.3954,0.0486,4.0,Face Moisturiser & Cream,2.0296,Compiled_Monthly_Files (Lulu)
Lulu,Mar 26,South-1,Karnataka,Bangalore,Hair Gel,0.191,0.0243,1.0,Hair Treatment & Styling,12.7414,Compiled_Monthly_Files (Lulu)
Lulu,Mar 26,South-1,Karnataka,,Hair Gel,0.218,0.027,2.0,Hair Treatment & Styling,12.3996,Compiled_Monthly_Files (Lulu)
Lulu,Mar 26,South-1,Karnataka,Bangalore,Hair Oils,2.3718,0.065,1.0,Hair Oil,2.7425,Compiled_Monthly_Files (Lulu)
Lulu,Mar 26,South-1,Karnataka,,Hair Oils,4.1835,0.1201,4.0,Hair Oil,2.8699,Compiled_Monthly_Files (Lulu)
Lulu,Mar 26,South-1,Karnataka,Bangalore,Hair Treatments&Mask,1.4714,0.044,1.0,Hair Treatment & Styling,2.991,Compiled_Monthly_Files (Lulu)
Lulu,Mar 26,South-1,Karnataka,,Hair Treatments&Mask,1.6475,0.064,3.0,Hair Treatment & Styling,3.8836,Compiled_Monthly_Files (Lulu)
Lulu,Mar 26,South-1,Karnataka,Bangalore,Lip Balms,0.5554,0.0829,1.0,Lip Care,14.9224,Compiled_Monthly_Files (Lulu)
Lulu,Mar 26,South-1,Karnataka,,Lip Balms,1.7515,0.2925,4.0,Lip Care,16.6983,Compiled_Monthly_Files (Lulu)
Lulu,Mar 26,South-1,Karnataka,Bangalore,Moistur.Cream/Fluid,4.2836,0.1346,1.0,Face Moisturiser & Cream,3.1417,Compiled_Monthly_Files (Lulu)
Lulu,Mar 26,South-1,Karnataka,,Moistur.Cream/Fluid,8.2816,0.1347,4.0,Face Moisturiser & Cream,1.6268,Compiled_Monthly_Files (Lulu)
Lulu,Mar 26,South-1,Karnataka,Bangalore,Other Baby care,0.5458,0.0031,1.0,Baby Care,0.573,Compiled_Monthly_Files (Lulu)
Lulu,Mar 26,South-1,Karnataka,,Other Baby care,0.8781,0.0125,4.0,Baby Care,1.4245,Compiled_Monthly_Files (Lulu)
Lulu,Mar 26,South-1,Karnataka,Bangalore,Other Facial Care,2.4587,0.3057,1.0,Face Moisturiser & Cream,12.4351,Compiled_Monthly_Files (Lulu)
Lulu,Mar 26,South-1,Karnataka,,Other Facial Care,5.7891,0.2105,4.0,Face Moisturiser & Cream,3.6353,Compiled_Monthly_Files (Lulu)
Lulu,Mar 26,South-1,Karnataka,Bangalore,Other Skin Care,0.3501,0.0137,1.0,Face Moisturiser & Cream,3.9136,Compiled_Monthly_Files (Lulu)
Lulu,Mar 26,South-1,Karnataka,Bangalore,Shampoo,12.2474,0.5846,1.0,Shampoo,4.7737,Compiled_Monthly_Files (Lulu)
Lulu,Mar 26,South-1,Karnataka,,Shampoo,23.1105,1.0526,4.0,Shampoo,4.5545,Compiled_Monthly_Files (Lulu)
Lulu,Mar 26,South-1,Karnataka,Bangalore,Shower Gel&Body Wash,5.1046,0.02,1.0,Body Wash & Soap,0.3911,Compiled_Monthly_Files (Lulu)
Lulu,Mar 26,South-1,Karnataka,,Shower Gel&Body Wash,6.0872,0.1276,2.0,Body Wash & Soap,2.0955,Compiled_Monthly_Files (Lulu)
Lulu,Mar 26,South-1,Karnataka,Bangalore,Sun Care,2.7995,0.8224,1.0,Sun Care,29.3764,Compiled_Monthly_Files (Lulu)
Lulu,Mar 26,South-1,Karnataka,,Sun Care,5.681,2.2944,4.0,Sun Care,40.3876,Compiled_Monthly_Files (Lulu)
Lulu,Mar 26,South-1,Karnataka,Bangalore,Tooth Paste,10.4993,0.0405,1.0,Oral Care,0.3862,Compiled_Monthly_Files (Lulu)
Lulu,Mar 26,South-1,Karnataka,,Tooth Paste,23.0124,0.0848,4.0,Oral Care,0.3684,Compiled_Monthly_Files (Lulu)
Lulu,Mar 26,South-1,Kerala,Calicut,Baby Bath,0.7238,0.0358,1.0,Baby Care,4.9479,Compiled_Monthly_Files (Lulu)
Lulu,Mar 26,South-1,Kerala,Kochi,Baby Bath,1.6834,0.0462,2.0,Baby Care,2.7466,Compiled_Monthly_Files (Lulu)
Lulu,Mar 26,South-1,Kerala,Kottayam,Baby Bath,1.1353,0.0084,1.0,Baby Care,0.7405,Compiled_Monthly_Files (Lulu)
Lulu,Mar 26,South-1,Kerala,Kottiyam,Baby Bath,0.1269,0.0042,1.0,Baby Care,3.3116,Compiled_Monthly_Files (Lulu)
Lulu,Mar 26,South-1,Kerala,Thrissur,Baby Bath,0.2773,0.0109,1.0,Baby Care,3.9417,Compiled_Monthly_Files (Lulu)
Lulu,Mar 26,South-1,Kerala,Trivandrum,Baby Bath,1.4051,0.0675,1.0,Baby Care,4.801,Compiled_Monthly_Files (Lulu)
Lulu,Mar 26,South-1,Kerala,,Baby Bath,0.1391,0.0189,1.0,Baby Care,13.6009,Compiled_Monthly_Files (Lulu)
Lulu,Mar 26,South-1,Kerala,Calicut,Baby Cream,0.4032,0.0118,1.0,Baby Care,2.9277,Compiled_Monthly_Files (Lulu)
Lulu,Mar 26,South-1,Kerala,Kochi,Baby Cream,0.859,0.0151,2.0,Baby Care,1.7629,Compiled_Monthly_Files (Lulu)
Lulu,Mar 26,South-1,Kerala,Kottayam,Baby Cream,0.6405,0.0134,1.0,Baby Care,2.0957,Compiled_Monthly_Files (Lulu)
Lulu,Mar 26,South-1,Kerala,Palakkad,Baby Cream,0.2363,0.0151,1.0,Baby Care,6.3918,Compiled_Monthly_Files (Lulu)
Lulu,Mar 26,South-1,Kerala,Thrissur,Baby Cream,0.1269,0.0102,1.0,Baby Care,8.0389,Compiled_Monthly_Files (Lulu)
Lulu,Mar 26,South-1,Kerala,Trivandrum,Baby Cream,1.4133,0.0554,1.0,Baby Care,3.9181,Compiled_Monthly_Files (Lulu)
Lulu,Mar 26,South-1,Kerala,,Baby Cream,0.1258,0.027,1.0,Baby Care,21.4529,Compiled_Monthly_Files (Lulu)
Lulu,Mar 26,South-1,Kerala,Calicut,Baby Lotions,1.21,0.0168,1.0,Baby Care,1.3895,Compiled_Monthly_Files (Lulu)
Lulu,Mar 26,South-1,Kerala,Kochi,Baby Lotions,2.5794,0.0231,1.0,Baby Care,0.8962,Compiled_Monthly_Files (Lulu)
Lulu,Mar 26,South-1,Kerala,Kottayam,Baby Lotions,1.7019,0.0105,1.0,Baby Care,0.6174,Compiled_Monthly_Files (Lulu)
Lulu,Mar 26,South-1,Kerala,Thrissur,Baby Lotions,0.4685,0.0146,1.0,Baby Care,3.1112,Compiled_Monthly_Files (Lulu)
Lulu,Mar 26,South-1,Kerala,Trivandrum,Baby Lotions,2.3671,0.0147,1.0,Baby Care,0.6215,Compiled_Monthly_Files (Lulu)
Lulu,Mar 26,South-1,Kerala,,Baby Lotions,0.2332,0.0168,1.0,Baby Care,7.2083,Compiled_Monthly_Files (Lulu)
Lulu,Mar 26,South-1,Kerala,Kochi,Baby Oil,0.075,0.005,1.0,Baby Care,6.7304,Compiled_Monthly_Files (Lulu)
Lulu,Mar 26,South-1,Kerala,Kottayam,Baby Oil,0.2414,0.0057,1.0,Baby Care,2.3548,Compiled_Monthly_Files (Lulu)
Lulu,Mar 26,South-1,Kerala,Kottiyam,Baby Oil,0.0082,0.0028,1.0,Baby Care,34.4217,Compiled_Monthly_Files (Lulu)
Lulu,Mar 26,South-1,Kerala,Palakkad,Baby Oil,0.0744,0.0028,1.0,Baby Care,3.8129,Compiled_Monthly_Files (Lulu)
Lulu,Mar 26,South-1,Kerala,Thrissur,Baby Oil,0.0604,0.0044,1.0,Baby Care,7.252,Compiled_Monthly_Files (Lulu)
Lulu,Mar 26,South-1,Kerala,Calicut,Baby Shampoos,0.3193,0.0189,1.0,Baby Care,5.9051,Compiled_Monthly_Files (Lulu)
Lulu,Mar 26,South-1,Kerala,Kochi,Baby Shampoos,0.1007,0.0147,1.0,Baby Care,14.564,Compiled_Monthly_Files (Lulu)
Lulu,Mar 26,South-1,Kerala,Kottayam,Baby Shampoos,0.3651,0.0147,1.0,Baby Care,4.0166,Compiled_Monthly_Files (Lulu)
Lulu,Mar 26,South-1,Kerala,Kottiyam,Baby Shampoos,0.0956,0.0084,1.0,Baby Care,8.8067,Compiled_Monthly_Files (Lulu)
Lulu,Mar 26,South-1,Kerala,Palakkad,Baby Shampoos,0.2898,0.0168,1.0,Baby Care,5.7848,Compiled_Monthly_Files (Lulu)
Lulu,Mar 26,South-1,Kerala,Trivandrum,Baby Shampoos,1.0194,0.0368,1.0,Baby Care,3.606,Compiled_Monthly_Files (Lulu)
Lulu,Mar 26,South-1,Kerala,,Baby Shampoos,0.1186,0.021,1.0,Baby Care,17.6648,Compiled_Monthly_Files (Lulu)
Lulu,Mar 26,South-1,Kerala,Calicut,Baby Soap,0.6181,0.0463,1.0,Baby Care,7.4911,Compiled_Monthly_Files (Lulu)
Lulu,Mar 26,South-1,Kerala,Kochi,Baby Soap,1.7748,0.0213,2.0,Baby Care,1.1978,Compiled_Monthly_Files (Lulu)
Lulu,Mar 26,South-1,Kerala,Palakkad,Baby Soap,0.7182,0.0071,1.0,Baby Care,0.9867,Compiled_Monthly_Files (Lulu)
Lulu,Mar 26,South-1,Kerala,Thrissur,Baby Soap,0.2718,0.0165,1.0,Baby Care,6.0549,Compiled_Monthly_Files (Lulu)
Lulu,Mar 26,South-1,Kerala,Trivandrum,Baby Soap,1.9622,0.0253,1.0,Baby Care,1.2872,Compiled_Monthly_Files (Lulu)
Lulu,Mar 26,South-1,Kerala,,Baby Soap,0.2128,0.0105,1.0,Baby Care,4.9232,Compiled_Monthly_Files (Lulu)
Lulu,Mar 26,South-1,Kerala,Calicut,Bath Soaps,19.6781,0.2139,1.0,Body Wash & Soap,1.0872,Compiled_Monthly_Files (Lulu)
Lulu,Mar 26,South-1,Kerala,Kochi,Bath Soaps,70.1056,0.1254,2.0,Body Wash & Soap,0.1789,Compiled_Monthly_Files (Lulu)
Lulu,Mar 26,South-1,Kerala,Kottiyam,Bath Soaps,10.6622,0.0375,1.0,Body Wash & Soap,0.3521,Compiled_Monthly_Files (Lulu)
Lulu,Mar 26,South-1,Kerala,Palakkad,Bath Soaps,20.6833,0.0401,1.0,Body Wash & Soap,0.194,Compiled_Monthly_Files (Lulu)
Lulu,Mar 26,South-1,Kerala,Thrissur,Bath Soaps,11.8579,0.0825,1.0,Body Wash & Soap,0.6961,Compiled_Monthly_Files (Lulu)
Lulu,Mar 26,South-1,Kerala,Trivandrum,Bath Soaps,65.9874,0.1556,1.0,Body Wash & Soap,0.2358,Compiled_Monthly_Files (Lulu)
Lulu,Mar 26,South-1,Kerala,,Bath Soaps,12.637,0.0063,1.0,Body Wash & Soap,0.0497,Compiled_Monthly_Files (Lulu)
Lulu,Mar 26,South-1,Kerala,Calicut,Body Lotion,2.8671,0.1806,1.0,Body Lotion & Care,6.2974,Compiled_Monthly_Files (Lulu)
Lulu,Mar 26,South-1,Kerala,Kochi,Body Lotion,13.3432,0.3938,2.0,Body Lotion & Care,2.9515,Compiled_Monthly_Files (Lulu)
Lulu,Mar 26,South-1,Kerala,Kottayam,Body Lotion,5.9869,0.6542,1.0,Body Lotion & Care,10.9265,Compiled_Monthly_Files (Lulu)
Lulu,Mar 26,South-1,Kerala,Kottiyam,Body Lotion,1.4528,0.3566,1.0,Body Lotion & Care,24.5478,Compiled_Monthly_Files (Lulu)
Lulu,Mar 26,South-1,Kerala,Palakkad,Body Lotion,2.9681,0.0701,1.0,Body Lotion & Care,2.3604,Compiled_Monthly_Files (Lulu)
Lulu,Mar 26,South-1,Kerala,Thrissur,Body Lotion,2.1083,0.3217,1.0,Body Lotion & Care,15.2584,Compiled_Monthly_Files (Lulu)
Lulu,Mar 26,South-1,Kerala,Trivandrum,Body Lotion,11.0316,0.4971,1.0,Body Lotion & Care,4.5065,Compiled_Monthly_Files (Lulu)
Lulu,Mar 26,South-1,Kerala,,Body Lotion,1.7478,0.1015,1.0,Body Lotion & Care,5.8067,Compiled_Monthly_Files (Lulu)
Lulu,Mar 26,South-1,Kerala,Calicut,Conditioners,2.3169,0.0737,1.0,Conditioner,3.1823,Compiled_Monthly_Files (Lulu)
Lulu,Mar 26,South-1,Kerala,Kochi,Conditioners,12.2092,0.1656,2.0,Conditioner,1.3562,Compiled_Monthly_Files (Lulu)
Lulu,Mar 26,South-1,Kerala,Kottayam,Conditioners,3.7728,0.0828,1.0,Conditioner,2.195,Compiled_Monthly_Files (Lulu)
Lulu,Mar 26,South-1,Kerala,Kottiyam,Conditioners,0.835,0.0236,1.0,Conditioner,2.8255,Compiled_Monthly_Files (Lulu)
Lulu,Mar 26,South-1,Kerala,Thrissur,Conditioners,1.4357,0.0845,1.0,Conditioner,5.8826,Compiled_Monthly_Files (Lulu)
Lulu,Mar 26,South-1,Kerala,Trivandrum,Conditioners,8.7021,0.1917,1.0,Conditioner,2.2029,Compiled_Monthly_Files (Lulu)
Lulu,Mar 26,South-1,Kerala,,Conditioners,1.3538,0.0383,1.0,Conditioner,2.8319,Compiled_Monthly_Files (Lulu)
Lulu,Mar 26,South-1,Kerala,Calicut,Face Mask,0.5958,0.0177,1.0,Face Mask & Scrub,2.9767,Compiled_Monthly_Files (Lulu)
Lulu,Mar 26,South-1,Kerala,Kochi,Face Mask,3.9245,0.0329,2.0,Face Mask & Scrub,0.8379,Compiled_Monthly_Files (Lulu)
Lulu,Mar 26,South-1,Kerala,Kottayam,Face Mask,1.15,0.048,1.0,Face Mask & Scrub,4.1723,Compiled_Monthly_Files (Lulu)
Lulu,Mar 26,South-1,Kerala,Kottiyam,Face Mask,0.3293,0.0125,1.0,Face Mask & Scrub,3.8085,Compiled_Monthly_Files (Lulu)
Lulu,Mar 26,South-1,Kerala,Thrissur,Face Mask,0.556,0.0079,1.0,Face Mask & Scrub,1.4266,Compiled_Monthly_Files (Lulu)
Lulu,Mar 26,South-1,Kerala,Trivandrum,Face Mask,2.4982,0.0479,1.0,Face Mask & Scrub,1.9193,Compiled_Monthly_Files (Lulu)
Lulu,Mar 26,South-1,Kerala,,Face Mask,0.479,0.0076,1.0,Face Mask & Scrub,1.587,Compiled_Monthly_Files (Lulu)
Lulu,Mar 26,South-1,Kerala,Calicut,Face Wash,5.7674,2.0565,1.0,Face Wash & Cleanser,35.6568,Compiled_Monthly_Files (Lulu)
Lulu,Mar 26,South-1,Kerala,Kochi,Face Wash,17.846,2.77,2.0,Face Wash & Cleanser,15.5218,Compiled_Monthly_Files (Lulu)
Lulu,Mar 26,South-1,Kerala,Kottayam,Face Wash,6.9785,1.3102,1.0,Face Wash & Cleanser,18.7747,Compiled_Monthly_Files (Lulu)
Lulu,Mar 26,South-1,Kerala,Kottiyam,Face Wash,2.0755,0.3127,1.0,Face Wash & Cleanser,15.0669,Compiled_Monthly_Files (Lulu)
Lulu,Mar 26,South-1,Kerala,Palakkad,Face Wash,3.5574,0.4799,1.0,Face Wash & Cleanser,13.49,Compiled_Monthly_Files (Lulu)
Lulu,Mar 26,South-1,Kerala,Thrissur,Face Wash,2.8093,0.9332,1.0,Face Wash & Cleanser,33.2167,Compiled_Monthly_Files (Lulu)
Lulu,Mar 26,South-1,Kerala,Trivandrum,Face Wash,16.0207,2.4576,1.0,Face Wash & Cleanser,15.34,Compiled_Monthly_Files (Lulu)
Lulu,Mar 26,South-1,Kerala,,Face Wash,2.4339,0.161,1.0,Face Wash & Cleanser,6.6141,Compiled_Monthly_Files (Lulu)
Lulu,Mar 26,South-1,Kerala,Calicut,Facial Cleanser,0.6528,0.0023,1.0,Face Wash & Cleanser,0.3505,Compiled_Monthly_Files (Lulu)
Lulu,Mar 26,South-1,Kerala,Kochi,Facial Cleanser,1.7862,0.0371,1.0,Face Wash & Cleanser,2.0771,Compiled_Monthly_Files (Lulu)
Lulu,Mar 26,South-1,Kerala,Kottayam,Facial Cleanser,1.1153,0.0101,1.0,Face Wash & Cleanser,0.9072,Compiled_Monthly_Files (Lulu)
Lulu,Mar 26,South-1,Kerala,Palakkad,Facial Cleanser,0.528,0.0097,1.0,Face Wash & Cleanser,1.8362,Compiled_Monthly_Files (Lulu)
Lulu,Mar 26,South-1,Kerala,Thrissur,Facial Cleanser,0.3654,0.0058,1.0,Face Wash & Cleanser,1.6001,Compiled_Monthly_Files (Lulu)
Lulu,Mar 26,South-1,Kerala,Trivandrum,Facial Cleanser,2.0214,0.0029,1.0,Face Wash & Cleanser,0.1459,Compiled_Monthly_Files (Lulu)
Lulu,Mar 26,South-1,Kerala,Calicut,Facial Scrub,0.2307,0.0295,1.0,Face Mask & Scrub,12.7822,Compiled_Monthly_Files (Lulu)
Lulu,Mar 26,South-1,Kerala,Kochi,Facial Scrub,1.1348,0.059,2.0,Face Mask & Scrub,5.1978,Compiled_Monthly_Files (Lulu)
Lulu,Mar 26,South-1,Kerala,Kottayam,Facial Scrub,0.5274,0.0767,1.0,Face Mask & Scrub,14.5378,Compiled_Monthly_Files (Lulu)
Lulu,Mar 26,South-1,Kerala,Thrissur,Facial Scrub,0.2165,0.0285,1.0,Face Mask & Scrub,13.1865,Compiled_Monthly_Files (Lulu)
Lulu,Mar 26,South-1,Kerala,Trivandrum,Facial Scrub,1.068,0.0059,1.0,Face Mask & Scrub,0.5523,Compiled_Monthly_Files (Lulu)
Lulu,Mar 26,South-1,Kerala,,Facial Scrub,0.1194,0.0206,1.0,Face Mask & Scrub,17.2842,Compiled_Monthly_Files (Lulu)
Lulu,Mar 26,South-1,Kerala,Calicut,Fairness/Whtng.Cream,0.9763,0.031,1.0,Face Moisturiser & Cream,3.1736,Compiled_Monthly_Files (Lulu)
Lulu,Mar 26,South-1,Kerala,Kochi,Fairness/Whtng.Cream,4.6675,0.1219,2.0,Face Moisturiser & Cream,2.6113,Compiled_Monthly_Files (Lulu)
Lulu,Mar 26,South-1,Kerala,Kottayam,Fairness/Whtng.Cream,1.7676,0.0726,1.0,Face Moisturiser & Cream,4.1049,Compiled_Monthly_Files (Lulu)
Lulu,Mar 26,South-1,Kerala,Palakkad,Fairness/Whtng.Cream,1.2011,0.0194,1.0,Face Moisturiser & Cream,1.6171,Compiled_Monthly_Files (Lulu)
Lulu,Mar 26,South-1,Kerala,Thrissur,Fairness/Whtng.Cream,0.6607,0.0071,1.0,Face Moisturiser & Cream,1.0748,Compiled_Monthly_Files (Lulu)
Lulu,Mar 26,South-1,Kerala,Trivandrum,Fairness/Whtng.Cream,4.3767,0.1373,1.0,Face Moisturiser & Cream,3.138,Compiled_Monthly_Files (Lulu)
Lulu,Mar 26,South-1,Kerala,,Fairness/Whtng.Cream,0.7261,0.0152,1.0,Face Moisturiser & Cream,2.0939,Compiled_Monthly_Files (Lulu)
Lulu,Mar 26,South-1,Kerala,Thrissur,Hair Gel,0.0854,0.0077,1.0,Hair Treatment & Styling,8.9899,Compiled_Monthly_Files (Lulu)
Lulu,Mar 26,South-1,Kerala,Calicut,Hair Oils,2.6017,0.0339,1.0,Hair Oil,1.3024,Compiled_Monthly_Files (Lulu)
Lulu,Mar 26,South-1,Kerala,Kochi,Hair Oils,11.0028,0.114,2.0,Hair Oil,1.0365,Compiled_Monthly_Files (Lulu)
Lulu,Mar 26,South-1,Kerala,Kottayam,Hair Oils,3.3934,0.0574,1.0,Hair Oil,1.6924,Compiled_Monthly_Files (Lulu)
Lulu,Mar 26,South-1,Kerala,Kottiyam,Hair Oils,0.5875,0.0071,1.0,Hair Oil,1.2028,Compiled_Monthly_Files (Lulu)
Lulu,Mar 26,South-1,Kerala,Palakkad,Hair Oils,2.0306,0.0184,1.0,Hair Oil,0.9045,Compiled_Monthly_Files (Lulu)
Lulu,Mar 26,South-1,Kerala,Thrissur,Hair Oils,1.0473,0.0425,1.0,Hair Oil,4.0557,Compiled_Monthly_Files (Lulu)
Lulu,Mar 26,South-1,Kerala,Trivandrum,Hair Oils,8.2145,0.1343,1.0,Hair Oil,1.6345,Compiled_Monthly_Files (Lulu)
Lulu,Mar 26,South-1,Kerala,,Hair Oils,1.4136,0.0247,1.0,Hair Oil,1.7497,Compiled_Monthly_Files (Lulu)
Lulu,Mar 26,South-1,Kerala,Calicut,Hair Treatments&Mask,1.47,0.0253,1.0,Hair Treatment & Styling,1.7191,Compiled_Monthly_Files (Lulu)
Lulu,Mar 26,South-1,Kerala,Kochi,Hair Treatments&Mask,7.1118,0.048,2.0,Hair Treatment & Styling,0.6749,Compiled_Monthly_Files (Lulu)
Lulu,Mar 26,South-1,Kerala,Kottayam,Hair Treatments&Mask,2.0401,0.0152,1.0,Hair Treatment & Styling,0.7427,Compiled_Monthly_Files (Lulu)
Lulu,Mar 26,South-1,Kerala,Kottiyam,Hair Treatments&Mask,0.3627,0.0278,1.0,Hair Treatment & Styling,7.6593,Compiled_Monthly_Files (Lulu)
Lulu,Mar 26,South-1,Kerala,Palakkad,Hair Treatments&Mask,0.8479,0.0152,1.0,Hair Treatment & Styling,1.7931,Compiled_Monthly_Files (Lulu)
Lulu,Mar 26,South-1,Kerala,Thrissur,Hair Treatments&Mask,0.6097,0.0387,1.0,Hair Treatment & Styling,6.341,Compiled_Monthly_Files (Lulu)
Lulu,Mar 26,South-1,Kerala,Trivandrum,Hair Treatments&Mask,5.1921,0.1214,1.0,Hair Treatment & Styling,2.3386,Compiled_Monthly_Files (Lulu)
Lulu,Mar 26,South-1,Kerala,,Hair Treatments&Mask,0.5363,0.0177,1.0,Hair Treatment & Styling,3.2964,Compiled_Monthly_Files (Lulu)
Lulu,Mar 26,South-1,Kerala,Kochi,Henna Colorants,0.2374,0.0148,1.0,Hair Treatment & Styling,6.221,Compiled_Monthly_Files (Lulu)
Lulu,Mar 26,South-1,Kerala,Kottiyam,Henna Colorants,0.3698,0.0253,1.0,Hair Treatment & Styling,6.8474,Compiled_Monthly_Files (Lulu)
Lulu,Mar 26,South-1,Kerala,Thrissur,Henna Colorants,0.2658,0.0185,1.0,Hair Treatment & Styling,6.9628,Compiled_Monthly_Files (Lulu)
Lulu,Mar 26,South-1,Kerala,Calicut,Lip Balms,0.6924,0.065,1.0,Lip Care,9.3905,Compiled_Monthly_Files (Lulu)
Lulu,Mar 26,South-1,Kerala,Kochi,Lip Balms,2.8775,0.3335,2.0,Lip Care,11.5899,Compiled_Monthly_Files (Lulu)
Lulu,Mar 26,South-1,Kerala,Kottayam,Lip Balms,1.2651,0.1589,1.0,Lip Care,12.5594,Compiled_Monthly_Files (Lulu)
Lulu,Mar 26,South-1,Kerala,Kottiyam,Lip Balms,0.3532,0.0352,1.0,Lip Care,9.9737,Compiled_Monthly_Files (Lulu)
Lulu,Mar 26,South-1,Kerala,Thrissur,Lip Balms,0.2741,0.0859,1.0,Lip Care,31.3242,Compiled_Monthly_Files (Lulu)
Lulu,Mar 26,South-1,Kerala,Trivandrum,Lip Balms,3.1321,0.5785,1.0,Lip Care,18.4699,Compiled_Monthly_Files (Lulu)
Lulu,Mar 26,South-1,Kerala,,Lip Balms,0.2363,0.075,1.0,Lip Care,31.7436,Compiled_Monthly_Files (Lulu)
Lulu,Mar 26,South-1,Kerala,Calicut,Moistur.Cream/Fluid,4.2649,0.2982,1.0,Face Moisturiser & Cream,6.9909,Compiled_Monthly_Files (Lulu)
Lulu,Mar 26,South-1,Kerala,Kochi,Moistur.Cream/Fluid,17.7786,0.4697,2.0,Face Moisturiser & Cream,2.642,Compiled_Monthly_Files (Lulu)
Lulu,Mar 26,South-1,Kerala,Kottayam,Moistur.Cream/Fluid,7.6584,0.4338,1.0,Face Moisturiser & Cream,5.6647,Compiled_Monthly_Files (Lulu)
Lulu,Mar 26,South-1,Kerala,Kottiyam,Moistur.Cream/Fluid,1.8627,0.0622,1.0,Face Moisturiser & Cream,3.3382,Compiled_Monthly_Files (Lulu)
Lulu,Mar 26,South-1,Kerala,Palakkad,Moistur.Cream/Fluid,3.9273,0.2438,1.0,Face Moisturiser & Cream,6.2082,Compiled_Monthly_Files (Lulu)
Lulu,Mar 26,South-1,Kerala,Thrissur,Moistur.Cream/Fluid,2.7276,0.3529,1.0,Face Moisturiser & Cream,12.9392,Compiled_Monthly_Files (Lulu)
Lulu,Mar 26,South-1,Kerala,Trivandrum,Moistur.Cream/Fluid,12.1517,1.0467,1.0,Face Moisturiser & Cream,8.6138,Compiled_Monthly_Files (Lulu)
Lulu,Mar 26,South-1,Kerala,,Moistur.Cream/Fluid,1.9971,0.0976,1.0,Face Moisturiser & Cream,4.8855,Compiled_Monthly_Files (Lulu)
Lulu,Mar 26,South-1,Kerala,Calicut,Other Baby care,0.6941,0.0011,1.0,Baby Care,0.1563,Compiled_Monthly_Files (Lulu)
Lulu,Mar 26,South-1,Kerala,Kochi,Other Baby care,2.4923,0.0033,2.0,Baby Care,0.1306,Compiled_Monthly_Files (Lulu)
Lulu,Mar 26,South-1,Kerala,Kottiyam,Other Baby care,0.2062,0.0011,1.0,Baby Care,0.526,Compiled_Monthly_Files (Lulu)
Lulu,Mar 26,South-1,Kerala,Palakkad,Other Baby care,0.4755,0.0033,1.0,Baby Care,0.6844,Compiled_Monthly_Files (Lulu)
Lulu,Mar 26,South-1,Kerala,Thrissur,Other Baby care,0.1627,0.0056,1.0,Baby Care,3.4688,Compiled_Monthly_Files (Lulu)
Lulu,Mar 26,South-1,Kerala,Trivandrum,Other Baby care,3.0638,0.013,1.0,Baby Care,0.4249,Compiled_Monthly_Files (Lulu)
Lulu,Mar 26,South-1,Kerala,,Other Baby care,0.1045,0.0043,1.0,Baby Care,4.1535,Compiled_Monthly_Files (Lulu)
Lulu,Mar 26,South-1,Kerala,Calicut,Other Facial Care,2.5655,0.1775,1.0,Face Moisturiser & Cream,6.9169,Compiled_Monthly_Files (Lulu)
Lulu,Mar 26,South-1,Kerala,Kochi,Other Facial Care,6.8675,1.0195,2.0,Face Moisturiser & Cream,14.8447,Compiled_Monthly_Files (Lulu)
Lulu,Mar 26,South-1,Kerala,Kottayam,Other Facial Care,3.4813,0.5387,1.0,Face Moisturiser & Cream,15.4736,Compiled_Monthly_Files (Lulu)
Lulu,Mar 26,South-1,Kerala,Palakkad,Other Facial Care,2.2241,0.3401,1.0,Face Moisturiser & Cream,15.2918,Compiled_Monthly_Files (Lulu)
Lulu,Mar 26,South-1,Kerala,Thrissur,Other Facial Care,1.2794,0.1916,1.0,Face Moisturiser & Cream,14.9764,Compiled_Monthly_Files (Lulu)
Lulu,Mar 26,South-1,Kerala,Trivandrum,Other Facial Care,6.3475,0.6678,1.0,Face Moisturiser & Cream,10.5212,Compiled_Monthly_Files (Lulu)
Lulu,Mar 26,South-1,Kerala,,Other Facial Care,0.4975,0.0908,1.0,Face Moisturiser & Cream,18.2516,Compiled_Monthly_Files (Lulu)
Lulu,Mar 26,South-1,Kerala,Kochi,Other Skin Care,1.2772,0.0355,1.0,Face Moisturiser & Cream,2.7776,Compiled_Monthly_Files (Lulu)
Lulu,Mar 26,South-1,Kerala,Palakkad,Other Skin Care,0.1734,0.0051,1.0,Face Moisturiser & Cream,2.9219,Compiled_Monthly_Files (Lulu)
Lulu,Mar 26,South-1,Kerala,Trivandrum,Other Skin Care,1.0681,0.0304,1.0,Face Moisturiser & Cream,2.8468,Compiled_Monthly_Files (Lulu)
Lulu,Mar 26,South-1,Kerala,Calicut,Shampoo,6.5772,0.3179,1.0,Shampoo,4.8327,Compiled_Monthly_Files (Lulu)
Lulu,Mar 26,South-1,Kerala,Kochi,Shampoo,34.1261,0.5978,2.0,Shampoo,1.7518,Compiled_Monthly_Files (Lulu)
Lulu,Mar 26,South-1,Kerala,Kottayam,Shampoo,11.2135,0.4717,1.0,Shampoo,4.2065,Compiled_Monthly_Files (Lulu)
Lulu,Mar 26,South-1,Kerala,Kottiyam,Shampoo,2.1839,0.0419,1.0,Shampoo,1.9179,Compiled_Monthly_Files (Lulu)
Lulu,Mar 26,South-1,Kerala,Palakkad,Shampoo,6.3334,0.2065,1.0,Shampoo,3.2608,Compiled_Monthly_Files (Lulu)
Lulu,Mar 26,South-1,Kerala,Thrissur,Shampoo,4.5184,0.364,1.0,Shampoo,8.0562,Compiled_Monthly_Files (Lulu)
Lulu,Mar 26,South-1,Kerala,Trivandrum,Shampoo,21.1974,0.5843,1.0,Shampoo,2.7563,Compiled_Monthly_Files (Lulu)
Lulu,Mar 26,South-1,Kerala,,Shampoo,4.2238,0.1656,1.0,Shampoo,3.9215,Compiled_Monthly_Files (Lulu)
Lulu,Mar 26,South-1,Kerala,Calicut,Shower Gel&Body Wash,4.0019,0.1571,1.0,Body Wash & Soap,3.9256,Compiled_Monthly_Files (Lulu)
Lulu,Mar 26,South-1,Kerala,Kochi,Shower Gel&Body Wash,17.1753,0.2109,1.0,Body Wash & Soap,1.2281,Compiled_Monthly_Files (Lulu)
Lulu,Mar 26,South-1,Kerala,Kottayam,Shower Gel&Body Wash,7.3015,0.4409,1.0,Body Wash & Soap,6.0384,Compiled_Monthly_Files (Lulu)
Lulu,Mar 26,South-1,Kerala,Palakkad,Shower Gel&Body Wash,3.1301,0.0722,1.0,Body Wash & Soap,2.3054,Compiled_Monthly_Files (Lulu)
Lulu,Mar 26,South-1,Kerala,Thrissur,Shower Gel&Body Wash,3.1079,0.4481,1.0,Body Wash & Soap,14.4193,Compiled_Monthly_Files (Lulu)
Lulu,Mar 26,South-1,Kerala,Trivandrum,Shower Gel&Body Wash,15.5836,0.2635,1.0,Body Wash & Soap,1.6912,Compiled_Monthly_Files (Lulu)
Lulu,Mar 26,South-1,Kerala,Calicut,Sun Care,3.3378,1.156,1.0,Sun Care,34.6326,Compiled_Monthly_Files (Lulu)
Lulu,Mar 26,South-1,Kerala,Kochi,Sun Care,11.6976,1.6282,2.0,Sun Care,13.9194,Compiled_Monthly_Files (Lulu)
Lulu,Mar 26,South-1,Kerala,Kottayam,Sun Care,5.2043,1.3112,1.0,Sun Care,25.1949,Compiled_Monthly_Files (Lulu)
Lulu,Mar 26,South-1,Kerala,Kottiyam,Sun Care,1.4179,0.2545,1.0,Sun Care,17.9512,Compiled_Monthly_Files (Lulu)
Lulu,Mar 26,South-1,Kerala,Palakkad,Sun Care,3.1742,0.7031,1.0,Sun Care,22.1513,Compiled_Monthly_Files (Lulu)
Lulu,Mar 26,South-1,Kerala,Thrissur,Sun Care,1.7069,0.9491,1.0,Sun Care,55.6037,Compiled_Monthly_Files (Lulu)
Lulu,Mar 26,South-1,Kerala,Trivandrum,Sun Care,11.9615,3.203,1.0,Sun Care,26.7774,Compiled_Monthly_Files (Lulu)
Lulu,Mar 26,South-1,Kerala,,Sun Care,1.0058,0.1948,1.0,Sun Care,19.3644,Compiled_Monthly_Files (Lulu)
Lulu,Mar 26,South-1,Kerala,Calicut,Tooth Paste,10.7109,0.0399,1.0,Oral Care,0.3727,Compiled_Monthly_Files (Lulu)
Lulu,Mar 26,South-1,Kerala,Kochi,Tooth Paste,45.5342,0.0886,2.0,Oral Care,0.1945,Compiled_Monthly_Files (Lulu)
Lulu,Mar 26,South-1,Kerala,Kottayam,Tooth Paste,20.5264,0.0711,1.0,Oral Care,0.3464,Compiled_Monthly_Files (Lulu)
Lulu,Mar 26,South-1,Kerala,Thrissur,Tooth Paste,7.3812,0.0405,1.0,Oral Care,0.5486,Compiled_Monthly_Files (Lulu)
Lulu,Mar 26,South-1,Kerala,Trivandrum,Tooth Paste,36.7949,0.0599,1.0,Oral Care,0.1628,Compiled_Monthly_Files (Lulu)
Lulu,Mar 26,South-1,Tamil Nadu,Coimbatore,Baby Bath,0.5862,0.0269,1.0,Baby Care,4.5858,Compiled_Monthly_Files (Lulu)
Lulu,Mar 26,South-1,Tamil Nadu,Coimbatore,Baby Cream,0.456,0.0386,1.0,Baby Care,8.4552,Compiled_Monthly_Files (Lulu)
Lulu,Mar 26,South-1,Tamil Nadu,Coimbatore,Baby Lotions,1.0423,0.0153,1.0,Baby Care,1.4635,Compiled_Monthly_Files (Lulu)
Lulu,Mar 26,South-1,Tamil Nadu,Coimbatore,Baby Shampoos,0.6687,0.0519,1.0,Baby Care,7.7618,Compiled_Monthly_Files (Lulu)
Lulu,Mar 26,South-1,Tamil Nadu,Coimbatore,Baby Soap,1.2222,0.002,1.0,Baby Care,0.1675,Compiled_Monthly_Files (Lulu)
Lulu,Mar 26,South-1,Tamil Nadu,Coimbatore,Bath Soaps,28.3815,0.1368,1.0,Body Wash & Soap,0.482,Compiled_Monthly_Files (Lulu)
Lulu,Mar 26,South-1,Tamil Nadu,Coimbatore,Body Lotion,6.3996,0.6309,1.0,Body Lotion & Care,9.8591,Compiled_Monthly_Files (Lulu)
Lulu,Mar 26,South-1,Tamil Nadu,Coimbatore,Conditioners,4.3544,0.1561,1.0,Conditioner,3.5842,Compiled_Monthly_Files (Lulu)
Lulu,Mar 26,South-1,Tamil Nadu,Coimbatore,Eye Care,0.649,0.1323,1.0,Face Moisturiser & Cream,20.3787,Compiled_Monthly_Files (Lulu)
Lulu,Mar 26,South-1,Tamil Nadu,Coimbatore,Face Mask,0.8189,0.0437,1.0,Face Mask & Scrub,5.3368,Compiled_Monthly_Files (Lulu)
Lulu,Mar 26,South-1,Tamil Nadu,Coimbatore,Face Wash,9.3158,2.5775,1.0,Face Wash & Cleanser,27.6684,Compiled_Monthly_Files (Lulu)
Lulu,Mar 26,South-1,Tamil Nadu,Coimbatore,Facial Cleanser,1.4957,0.0029,1.0,Face Wash & Cleanser,0.1926,Compiled_Monthly_Files (Lulu)
Lulu,Mar 26,South-1,Tamil Nadu,Coimbatore,Facial Scrub,0.2905,0.046,1.0,Face Mask & Scrub,15.8211,Compiled_Monthly_Files (Lulu)
Lulu,Mar 26,South-1,Tamil Nadu,Coimbatore,Fairness/Whtng.Cream,2.0179,0.0887,1.0,Face Moisturiser & Cream,4.3979,Compiled_Monthly_Files (Lulu)
Lulu,Mar 26,South-1,Tamil Nadu,Coimbatore,Hair Gel,0.263,0.0362,1.0,Hair Treatment & Styling,13.7831,Compiled_Monthly_Files (Lulu)
Lulu,Mar 26,South-1,Tamil Nadu,Coimbatore,Hair Oils,4.5511,0.08,1.0,Hair Oil,1.7568,Compiled_Monthly_Files (Lulu)
Lulu,Mar 26,South-1,Tamil Nadu,Coimbatore,Hair Treatments&Mask,2.7657,0.1595,1.0,Hair Treatment & Styling,5.7665,Compiled_Monthly_Files (Lulu)
Lulu,Mar 26,South-1,Tamil Nadu,Coimbatore,Henna Colorants,0.7656,0.0911,1.0,Hair Treatment & Styling,11.9046,Compiled_Monthly_Files (Lulu)
Lulu,Mar 26,South-1,Tamil Nadu,Coimbatore,Lip Balms,1.4814,0.2374,1.0,Lip Care,16.027,Compiled_Monthly_Files (Lulu)
Lulu,Mar 26,South-1,Tamil Nadu,Coimbatore,Moistur.Cream/Fluid,8.065,0.7254,1.0,Face Moisturiser & Cream,8.9942,Compiled_Monthly_Files (Lulu)
Lulu,Mar 26,South-1,Tamil Nadu,Coimbatore,Other Facial Care,6.4123,1.0079,1.0,Face Moisturiser & Cream,15.7184,Compiled_Monthly_Files (Lulu)
Lulu,Mar 26,South-1,Tamil Nadu,Coimbatore,Other Skin Care,0.6567,0.0047,1.0,Face Moisturiser & Cream,0.7085,Compiled_Monthly_Files (Lulu)
Lulu,Mar 26,South-1,Tamil Nadu,Coimbatore,Shampoo,19.7921,1.8846,1.0,Shampoo,9.5218,Compiled_Monthly_Files (Lulu)
Lulu,Mar 26,South-1,Tamil Nadu,Coimbatore,Shower Gel&Body Wash,6.3758,0.066,1.0,Body Wash & Soap,1.0348,Compiled_Monthly_Files (Lulu)
Lulu,Mar 26,South-1,Tamil Nadu,Coimbatore,Sun Care,6.2698,3.0324,1.0,Sun Care,48.3652,Compiled_Monthly_Files (Lulu)
Lulu,Mar 26,South-1,Tamil Nadu,Coimbatore,Tooth Paste,20.1499,0.1146,1.0,Oral Care,0.5687,Compiled_Monthly_Files (Lulu)
Lulu,Mar 26,South-2,Telangana,Hyderabad,Baby Bath,0.2504,0.0169,1.0,Baby Care,6.7461,Compiled_Monthly_Files (Lulu)
Lulu,Mar 26,South-2,Telangana,Hyderabad,Baby Cream,0.1632,0.0067,1.0,Baby Care,4.1128,Compiled_Monthly_Files (Lulu)
Lulu,Mar 26,South-2,Telangana,Hyderabad,Baby Lotions,0.8063,0.0253,1.0,Baby Care,3.1407,Compiled_Monthly_Files (Lulu)
Lulu,Mar 26,South-2,Telangana,Hyderabad,Baby Oil,0.0876,0.0057,1.0,Baby Care,6.4782,Compiled_Monthly_Files (Lulu)
Lulu,Mar 26,South-2,Telangana,Hyderabad,Baby Powder,0.1135,0.0038,1.0,Baby Care,3.3244,Compiled_Monthly_Files (Lulu)
Lulu,Mar 26,South-2,Telangana,Hyderabad,Baby Shampoos,0.4743,0.0421,1.0,Baby Care,8.8754,Compiled_Monthly_Files (Lulu)
Lulu,Mar 26,South-2,Telangana,Hyderabad,Baby Soap,0.5247,0.021,1.0,Baby Care,4.0111,Compiled_Monthly_Files (Lulu)
Lulu,Mar 26,South-2,Telangana,Hyderabad,Bath Soaps,13.7101,0.069,1.0,Body Wash & Soap,0.5034,Compiled_Monthly_Files (Lulu)
Lulu,Mar 26,South-2,Telangana,Hyderabad,Body Lotion,4.7936,0.3207,1.0,Body Lotion & Care,6.6912,Compiled_Monthly_Files (Lulu)
Lulu,Mar 26,South-2,Telangana,Hyderabad,Conditioners,1.9868,0.0708,1.0,Conditioner,3.5625,Compiled_Monthly_Files (Lulu)
Lulu,Mar 26,South-2,Telangana,Hyderabad,Eye Care,0.2584,0.0076,1.0,Face Moisturiser & Cream,2.9319,Compiled_Monthly_Files (Lulu)
Lulu,Mar 26,South-2,Telangana,Hyderabad,Face Mask,0.7043,0.0169,1.0,Face Mask & Scrub,2.3969,Compiled_Monthly_Files (Lulu)
Lulu,Mar 26,South-2,Telangana,Hyderabad,Face Wash,4.4814,2.1095,1.0,Face Wash & Cleanser,47.0726,Compiled_Monthly_Files (Lulu)
Lulu,Mar 26,South-2,Telangana,Hyderabad,Facial Cleanser,0.5626,0.0034,1.0,Face Wash & Cleanser,0.5995,Compiled_Monthly_Files (Lulu)
Lulu,Mar 26,South-2,Telangana,Hyderabad,Facial Scrub,0.2463,0.056,1.0,Face Mask & Scrub,22.7485,Compiled_Monthly_Files (Lulu)
Lulu,Mar 26,South-2,Telangana,Hyderabad,Fairness/Whtng.Cream,1.0422,0.0771,1.0,Face Moisturiser & Cream,7.3998,Compiled_Monthly_Files (Lulu)
Lulu,Mar 26,South-2,Telangana,Hyderabad,Hair Gel,0.149,0.0236,1.0,Hair Treatment & Styling,15.8317,Compiled_Monthly_Files (Lulu)
Lulu,Mar 26,South-2,Telangana,Hyderabad,Hair Oils,4.2976,0.0361,1.0,Hair Oil,0.8403,Compiled_Monthly_Files (Lulu)
Lulu,Mar 26,South-2,Telangana,Hyderabad,Hair Treatments&Mask,1.3681,0.0278,1.0,Hair Treatment & Styling,2.0317,Compiled_Monthly_Files (Lulu)
Lulu,Mar 26,South-2,Telangana,Hyderabad,Henna Colorants,0.3149,0.0504,1.0,Hair Treatment & Styling,16.0175,Compiled_Monthly_Files (Lulu)
Lulu,Mar 26,South-2,Telangana,Hyderabad,Lip Balms,0.7624,0.1026,1.0,Lip Care,13.4607,Compiled_Monthly_Files (Lulu)
Lulu,Mar 26,South-2,Telangana,Hyderabad,Moistur.Cream/Fluid,3.5559,0.3093,1.0,Face Moisturiser & Cream,8.6976,Compiled_Monthly_Files (Lulu)
Lulu,Mar 26,South-2,Telangana,Hyderabad,Other Facial Care,1.7403,0.2613,1.0,Face Moisturiser & Cream,15.0136,Compiled_Monthly_Files (Lulu)
Lulu,Mar 26,South-2,Telangana,Hyderabad,Other Skin Care,0.356,0.0101,1.0,Face Moisturiser & Cream,2.8473,Compiled_Monthly_Files (Lulu)
Lulu,Mar 26,South-2,Telangana,Hyderabad,Shampoo,13.0926,0.8423,1.0,Shampoo,6.4338,Compiled_Monthly_Files (Lulu)
Lulu,Mar 26,South-2,Telangana,Hyderabad,Shower Gel&Body Wash,3.7168,0.0101,1.0,Body Wash & Soap,0.2727,Compiled_Monthly_Files (Lulu)
Lulu,Mar 26,South-2,Telangana,Hyderabad,Sun Care,3.0578,1.3025,1.0,Sun Care,42.5956,Compiled_Monthly_Files (Lulu)
Lulu,Apr 26,North,Uttar Pradesh,Lucknow,Baby Bath,1.1424,0.0633,1.0,Baby Care,5.5416,Compiled_Monthly_Files (Lulu)
Lulu,Apr 26,North,Uttar Pradesh,Lucknow,Baby Lotions,1.3401,0.038,1.0,Baby Care,2.8343,Compiled_Monthly_Files (Lulu)
Lulu,Apr 26,North,Uttar Pradesh,Lucknow,Baby Oil,0.3755,0.0142,1.0,Baby Care,3.7792,Compiled_Monthly_Files (Lulu)
Lulu,Apr 26,North,Uttar Pradesh,Lucknow,Baby Powder,0.7592,0.0094,1.0,Baby Care,1.2419,Compiled_Monthly_Files (Lulu)
Lulu,Apr 26,North,Uttar Pradesh,Lucknow,Baby Shampoos,1.6096,0.0884,1.0,Baby Care,5.492,Compiled_Monthly_Files (Lulu)
Lulu,Apr 26,North,Uttar Pradesh,Lucknow,Baby Soap,0.8101,0.0213,1.0,Baby Care,2.6243,Compiled_Monthly_Files (Lulu)
Lulu,Apr 26,North,Uttar Pradesh,Lucknow,Bath Soaps,28.9905,0.6871,1.0,Body Wash & Soap,2.37,Compiled_Monthly_Files (Lulu)
Lulu,Apr 26,North,Uttar Pradesh,Lucknow,Body Lotion,8.2974,0.4447,1.0,Body Lotion & Care,5.3599,Compiled_Monthly_Files (Lulu)
Lulu,Apr 26,North,Uttar Pradesh,Lucknow,Conditioners,5.5253,0.1239,1.0,Conditioner,2.2418,Compiled_Monthly_Files (Lulu)
Lulu,Apr 26,North,Uttar Pradesh,Lucknow,Face Wash,16.2485,5.3046,1.0,Face Wash & Cleanser,32.6465,Compiled_Monthly_Files (Lulu)
Lulu,Apr 26,North,Uttar Pradesh,Lucknow,Facial Cleanser,1.2955,0.03,1.0,Face Wash & Cleanser,2.3163,Compiled_Monthly_Files (Lulu)
Lulu,Apr 26,North,Uttar Pradesh,Lucknow,Facial Scrub,1.0198,0.1032,1.0,Face Mask & Scrub,10.1212,Compiled_Monthly_Files (Lulu)
Lulu,Apr 26,North,Uttar Pradesh,Lucknow,Fairness/Whtng.Cream,4.5977,0.0914,1.0,Face Moisturiser & Cream,1.987,Compiled_Monthly_Files (Lulu)
Lulu,Apr 26,North,Uttar Pradesh,Lucknow,Hair Oils,11.6255,0.1051,1.0,Hair Oil,0.9044,Compiled_Monthly_Files (Lulu)
Lulu,Apr 26,North,Uttar Pradesh,Lucknow,Hair Treatments&Mask,2.9591,0.0076,1.0,Hair Treatment & Styling,0.256,Compiled_Monthly_Files (Lulu)
Lulu,Apr 26,North,Uttar Pradesh,Lucknow,Lip Balms,0.7756,0.039,1.0,Lip Care,5.0326,Compiled_Monthly_Files (Lulu)
Lulu,Apr 26,North,Uttar Pradesh,Lucknow,Moistur.Cream/Fluid,10.2984,1.0569,1.0,Face Moisturiser & Cream,10.2623,Compiled_Monthly_Files (Lulu)
Lulu,Apr 26,North,Uttar Pradesh,Lucknow,Other Baby care,1.5988,0.0208,1.0,Baby Care,1.2991,Compiled_Monthly_Files (Lulu)
Lulu,Apr 26,North,Uttar Pradesh,Lucknow,Other Facial Care,4.7788,0.5677,1.0,Face Moisturiser & Cream,11.8804,Compiled_Monthly_Files (Lulu)
Lulu,Apr 26,North,Uttar Pradesh,Lucknow,Other Skin Care,0.9379,0.0137,1.0,Face Moisturiser & Cream,1.461,Compiled_Monthly_Files (Lulu)
Lulu,Apr 26,North,Uttar Pradesh,Lucknow,Shampoo,32.5716,1.7174,1.0,Shampoo,5.2726,Compiled_Monthly_Files (Lulu)
Lulu,Apr 26,North,Uttar Pradesh,Lucknow,Shower Gel&Body Wash,8.7406,0.4551,1.0,Body Wash & Soap,5.2066,Compiled_Monthly_Files (Lulu)
Lulu,Apr 26,North,Uttar Pradesh,Lucknow,Sun Care,8.8482,2.8604,1.0,Sun Care,32.3272,Compiled_Monthly_Files (Lulu)
Lulu,Apr 26,North,Uttar Pradesh,Lucknow,Tooth Paste,22.2576,0.0779,1.0,Oral Care,0.3502,Compiled_Monthly_Files (Lulu)
Lulu,Apr 26,South-1,Karnataka,Bangalore,Baby Bath,0.5437,0.004,1.0,Baby Care,0.7358,Compiled_Monthly_Files (Lulu)
Lulu,Apr 26,South-1,Karnataka,,Baby Bath,0.9538,0.038,3.0,Baby Care,3.984,Compiled_Monthly_Files (Lulu)
Lulu,Apr 26,South-1,Karnataka,Bangalore,Baby Lotions,1.2565,0.0056,1.0,Baby Care,0.4431,Compiled_Monthly_Files (Lulu)
Lulu,Apr 26,South-1,Karnataka,,Baby Lotions,1.614,0.0186,3.0,Baby Care,1.1499,Compiled_Monthly_Files (Lulu)
Lulu,Apr 26,South-1,Karnataka,Bangalore,Baby Oil,0.0735,0.0054,1.0,Baby Care,7.3642,Compiled_Monthly_Files (Lulu)
Lulu,Apr 26,South-1,Karnataka,,Baby Oil,0.0216,0.005,1.0,Baby Care,22.9318,Compiled_Monthly_Files (Lulu)
Lulu,Apr 26,South-1,Karnataka,,Baby Powder,0.1416,0.0032,1.0,Baby Care,2.2737,Compiled_Monthly_Files (Lulu)
Lulu,Apr 26,South-1,Karnataka,Bangalore,Baby Shampoos,0.6778,0.0023,1.0,Baby Care,0.3358,Compiled_Monthly_Files (Lulu)
Lulu,Apr 26,South-1,Karnataka,,Baby Shampoos,0.8941,0.0424,4.0,Baby Care,4.7439,Compiled_Monthly_Files (Lulu)
Lulu,Apr 26,South-1,Karnataka,Bangalore,Baby Soap,0.8595,0.0159,1.0,Baby Care,1.8528,Compiled_Monthly_Files (Lulu)
Lulu,Apr 26,South-1,Karnataka,,Baby Soap,1.1493,0.0714,4.0,Baby Care,6.2155,Compiled_Monthly_Files (Lulu)
Lulu,Apr 26,South-1,Karnataka,Bangalore,Bath Soaps,10.7266,0.0695,1.0,Body Wash & Soap,0.6477,Compiled_Monthly_Files (Lulu)
Lulu,Apr 26,South-1,Karnataka,,Bath Soaps,11.985,0.1051,3.0,Body Wash & Soap,0.8773,Compiled_Monthly_Files (Lulu)
Lulu,Apr 26,South-1,Karnataka,Bangalore,Body Lotion,4.1266,0.1339,1.0,Body Lotion & Care,3.245,Compiled_Monthly_Files (Lulu)
Lulu,Apr 26,South-1,Karnataka,,Body Lotion,9.7987,0.5606,4.0,Body Lotion & Care,5.7207,Compiled_Monthly_Files (Lulu)
Lulu,Apr 26,South-1,Karnataka,Bangalore,Conditioners,2.2699,0.1174,1.0,Conditioner,5.1726,Compiled_Monthly_Files (Lulu)
Lulu,Apr 26,South-1,Karnataka,,Conditioners,4.8231,0.1305,4.0,Conditioner,2.7049,Compiled_Monthly_Files (Lulu)
Lulu,Apr 26,South-1,Karnataka,,Face Mask,1.3072,0.04,3.0,Face Mask & Scrub,3.0618,Compiled_Monthly_Files (Lulu)
Lulu,Apr 26,South-1,Karnataka,Bangalore,Face Wash,5.1551,1.1778,1.0,Face Wash & Cleanser,22.8481,Compiled_Monthly_Files (Lulu)
Lulu,Apr 26,South-1,Karnataka,,Face Wash,9.0739,2.6118,4.0,Face Wash & Cleanser,28.7834,Compiled_Monthly_Files (Lulu)
Lulu,Apr 26,South-1,Karnataka,Bangalore,Facial Cleanser,0.8992,0.0029,1.0,Face Wash & Cleanser,0.3195,Compiled_Monthly_Files (Lulu)
Lulu,Apr 26,South-1,Karnataka,,Facial Cleanser,1.2894,0.0086,2.0,Face Wash & Cleanser,0.6684,Compiled_Monthly_Files (Lulu)
Lulu,Apr 26,South-1,Karnataka,Bangalore,Facial Scrub,0.3605,0.0351,1.0,Face Mask & Scrub,9.7421,Compiled_Monthly_Files (Lulu)
Lulu,Apr 26,South-1,Karnataka,,Facial Scrub,0.6475,0.0778,4.0,Face Mask & Scrub,12.0093,Compiled_Monthly_Files (Lulu)
Lulu,Apr 26,South-1,Karnataka,Bangalore,Fairness/Whtng.Cream,1.36,0.0076,1.0,Face Moisturiser & Cream,0.5596,Compiled_Monthly_Files (Lulu)
Lulu,Apr 26,South-1,Karnataka,,Fairness/Whtng.Cream,1.2609,0.0407,3.0,Face Moisturiser & Cream,3.2255,Compiled_Monthly_Files (Lulu)
Lulu,Apr 26,South-1,Karnataka,Bangalore,Hair Gel,0.1181,0.0135,1.0,Hair Treatment & Styling,11.447,Compiled_Monthly_Files (Lulu)
Lulu,Apr 26,South-1,Karnataka,,Hair Gel,0.1576,0.0111,2.0,Hair Treatment & Styling,7.0235,Compiled_Monthly_Files (Lulu)
Lulu,Apr 26,South-1,Karnataka,Bangalore,Hair Oils,1.8838,0.1037,1.0,Hair Oil,5.5042,Compiled_Monthly_Files (Lulu)
Lulu,Apr 26,South-1,Karnataka,,Hair Oils,3.4576,0.0907,4.0,Hair Oil,2.623,Compiled_Monthly_Files (Lulu)
Lulu,Apr 26,South-1,Karnataka,Bangalore,Hair Treatments&Mask,1.2218,0.0486,1.0,Hair Treatment & Styling,3.9751,Compiled_Monthly_Files (Lulu)
Lulu,Apr 26,South-1,Karnataka,,Hair Treatments&Mask,1.84,0.0806,4.0,Hair Treatment & Styling,4.3823,Compiled_Monthly_Files (Lulu)
Lulu,Apr 26,South-1,Karnataka,Bangalore,Lip Balms,0.9126,0.0549,1.0,Lip Care,6.0119,Compiled_Monthly_Files (Lulu)
Lulu,Apr 26,South-1,Karnataka,,Lip Balms,2.0304,0.1783,4.0,Lip Care,8.7818,Compiled_Monthly_Files (Lulu)
Lulu,Apr 26,South-1,Karnataka,Bangalore,Moistur.Cream/Fluid,4.8188,0.123,1.0,Face Moisturiser & Cream,2.5528,Compiled_Monthly_Files (Lulu)
Lulu,Apr 26,South-1,Karnataka,,Moistur.Cream/Fluid,7.5191,0.146,4.0,Face Moisturiser & Cream,1.9423,Compiled_Monthly_Files (Lulu)
Lulu,Apr 26,South-1,Karnataka,Bangalore,Other Baby care,0.841,0.0146,1.0,Baby Care,1.7353,Compiled_Monthly_Files (Lulu)
Lulu,Apr 26,South-1,Karnataka,,Other Baby care,0.7956,0.0198,4.0,Baby Care,2.4894,Compiled_Monthly_Files (Lulu)
Lulu,Apr 26,South-1,Karnataka,Bangalore,Other Facial Care,2.9773,0.274,1.0,Face Moisturiser & Cream,9.2021,Compiled_Monthly_Files (Lulu)
Lulu,Apr 26,South-1,Karnataka,,Other Facial Care,6.2065,0.2527,4.0,Face Moisturiser & Cream,4.0719,Compiled_Monthly_Files (Lulu)
Lulu,Apr 26,South-1,Karnataka,Bangalore,Other Skin Care,0.5316,0.0183,1.0,Face Moisturiser & Cream,3.4372,Compiled_Monthly_Files (Lulu)
Lulu,Apr 26,South-1,Karnataka,Bangalore,Shampoo,11.167,0.4862,1.0,Shampoo,4.3541,Compiled_Monthly_Files (Lulu)
Lulu,Apr 26,South-1,Karnataka,,Shampoo,21.3925,0.9184,4.0,Shampoo,4.2933,Compiled_Monthly_Files (Lulu)
Lulu,Apr 26,South-1,Karnataka,Bangalore,Shower Gel&Body Wash,4.906,0.0365,1.0,Body Wash & Soap,0.7445,Compiled_Monthly_Files (Lulu)
Lulu,Apr 26,South-1,Karnataka,,Shower Gel&Body Wash,8.842,0.1278,3.0,Body Wash & Soap,1.4459,Compiled_Monthly_Files (Lulu)
Lulu,Apr 26,South-1,Karnataka,Bangalore,Sun Care,3.4394,1.1682,1.0,Sun Care,33.9642,Compiled_Monthly_Files (Lulu)
Lulu,Apr 26,South-1,Karnataka,,Sun Care,7.0523,3.3057,4.0,Sun Care,46.8749,Compiled_Monthly_Files (Lulu)
Lulu,Apr 26,South-1,Karnataka,Bangalore,Tooth Paste,10.8046,0.0369,1.0,Oral Care,0.3411,Compiled_Monthly_Files (Lulu)
Lulu,Apr 26,South-1,Karnataka,,Tooth Paste,12.1641,0.0479,3.0,Oral Care,0.3939,Compiled_Monthly_Files (Lulu)
Lulu,Apr 26,South-1,Kerala,Calicut,Baby Bath,0.7749,0.0274,1.0,Baby Care,3.5323,Compiled_Monthly_Files (Lulu)
Lulu,Apr 26,South-1,Kerala,Kochi,Baby Bath,1.9767,0.0441,2.0,Baby Care,2.2328,Compiled_Monthly_Files (Lulu)
Lulu,Apr 26,South-1,Kerala,Kottayam,Baby Bath,1.0364,0.0168,1.0,Baby Care,1.6222,Compiled_Monthly_Files (Lulu)
Lulu,Apr 26,South-1,Kerala,Kottiyam,Baby Bath,0.1392,0.0042,1.0,Baby Care,3.0193,Compiled_Monthly_Files (Lulu)
Lulu,Apr 26,South-1,Kerala,Thrissur,Baby Bath,0.3094,0.0121,1.0,Baby Care,3.8953,Compiled_Monthly_Files (Lulu)
Lulu,Apr 26,South-1,Kerala,Trivandrum,Baby Bath,1.1288,0.0653,1.0,Baby Care,5.787,Compiled_Monthly_Files (Lulu)
Lulu,Apr 26,South-1,Kerala,,Baby Bath,0.1018,0.0105,1.0,Baby Care,10.3204,Compiled_Monthly_Files (Lulu)
Lulu,Apr 26,South-1,Kerala,Calicut,Baby Cream,0.5039,0.0034,1.0,Baby Care,0.6693,Compiled_Monthly_Files (Lulu)
Lulu,Apr 26,South-1,Kerala,Kochi,Baby Cream,0.9067,0.0404,2.0,Baby Care,4.4529,Compiled_Monthly_Files (Lulu)
Lulu,Apr 26,South-1,Kerala,Kottayam,Baby Cream,0.7697,0.0185,1.0,Baby Care,2.3982,Compiled_Monthly_Files (Lulu)
Lulu,Apr 26,South-1,Kerala,Thrissur,Baby Cream,0.1583,0.005,1.0,Baby Care,3.1801,Compiled_Monthly_Files (Lulu)
Lulu,Apr 26,South-1,Kerala,Trivandrum,Baby Cream,1.1555,0.0151,1.0,Baby Care,1.307,Compiled_Monthly_Files (Lulu)
Lulu,Apr 26,South-1,Kerala,,Baby Cream,0.1311,0.0067,1.0,Baby Care,5.144,Compiled_Monthly_Files (Lulu)
Lulu,Apr 26,South-1,Kerala,Calicut,Baby Lotions,1.2294,0.0189,1.0,Baby Care,1.5385,Compiled_Monthly_Files (Lulu)
Lulu,Apr 26,South-1,Kerala,Kochi,Baby Lotions,3.1817,0.0126,2.0,Baby Care,0.3963,Compiled_Monthly_Files (Lulu)
Lulu,Apr 26,South-1,Kerala,Kottayam,Baby Lotions,1.717,0.0315,1.0,Baby Care,1.8361,Compiled_Monthly_Files (Lulu)
Lulu,Apr 26,South-1,Kerala,Thrissur,Baby Lotions,0.5005,0.0078,1.0,Baby Care,1.5679,Compiled_Monthly_Files (Lulu)
Lulu,Apr 26,South-1,Kerala,,Baby Lotions,0.26,0.0336,1.0,Baby Care,12.9343,Compiled_Monthly_Files (Lulu)
Lulu,Apr 26,South-1,Kerala,Kochi,Baby Oil,0.1073,0.0025,1.0,Baby Care,2.3514,Compiled_Monthly_Files (Lulu)
Lulu,Apr 26,South-1,Kerala,Kottayam,Baby Oil,0.1837,0.0069,1.0,Baby Care,3.7793,Compiled_Monthly_Files (Lulu)
Lulu,Apr 26,South-1,Kerala,Thrissur,Baby Oil,0.0536,0.0028,1.0,Baby Care,5.297,Compiled_Monthly_Files (Lulu)
Lulu,Apr 26,South-1,Kerala,Calicut,Baby Shampoos,0.305,0.0105,1.0,Baby Care,3.4348,Compiled_Monthly_Files (Lulu)
Lulu,Apr 26,South-1,Kerala,Kochi,Baby Shampoos,1.0062,0.0314,2.0,Baby Care,3.1235,Compiled_Monthly_Files (Lulu)
Lulu,Apr 26,South-1,Kerala,Kottayam,Baby Shampoos,0.4972,0.0293,1.0,Baby Care,5.8994,Compiled_Monthly_Files (Lulu)
Lulu,Apr 26,South-1,Kerala,Kottiyam,Baby Shampoos,0.0606,0.0126,1.0,Baby Care,20.8494,Compiled_Monthly_Files (Lulu)
Lulu,Apr 26,South-1,Kerala,Palakkad,Baby Shampoos,0.2808,0.0272,1.0,Baby Care,9.7015,Compiled_Monthly_Files (Lulu)
Lulu,Apr 26,South-1,Kerala,,Baby Shampoos,0.1382,0.021,1.0,Baby Care,15.1576,Compiled_Monthly_Files (Lulu)
Lulu,Apr 26,South-1,Kerala,Calicut,Baby Soap,0.6707,0.021,1.0,Baby Care,3.1381,Compiled_Monthly_Files (Lulu)
Lulu,Apr 26,South-1,Kerala,Kochi,Baby Soap,1.9446,0.0084,2.0,Baby Care,0.431,Compiled_Monthly_Files (Lulu)
Lulu,Apr 26,South-1,Kerala,Thrissur,Baby Soap,0.3167,0.0071,1.0,Baby Care,2.2373,Compiled_Monthly_Files (Lulu)
Lulu,Apr 26,South-1,Kerala,Trivandrum,Baby Soap,2.4096,0.0126,1.0,Baby Care,0.5241,Compiled_Monthly_Files (Lulu)
Lulu,Apr 26,South-1,Kerala,,Baby Soap,0.2822,0.021,1.0,Baby Care,7.4237,Compiled_Monthly_Files (Lulu)
Lulu,Apr 26,South-1,Kerala,Calicut,Bath Soaps,25.9979,0.2976,1.0,Body Wash & Soap,1.1447,Compiled_Monthly_Files (Lulu)
Lulu,Apr 26,South-1,Kerala,Kochi,Bath Soaps,77.1291,0.1863,2.0,Body Wash & Soap,0.2415,Compiled_Monthly_Files (Lulu)
Lulu,Apr 26,South-1,Kerala,Kottiyam,Bath Soaps,12.4502,0.025,1.0,Body Wash & Soap,0.201,Compiled_Monthly_Files (Lulu)
Lulu,Apr 26,South-1,Kerala,Palakkad,Bath Soaps,23.9891,0.0428,1.0,Body Wash & Soap,0.1783,Compiled_Monthly_Files (Lulu)
Lulu,Apr 26,South-1,Kerala,Thrissur,Bath Soaps,12.3516,0.0525,1.0,Body Wash & Soap,0.4252,Compiled_Monthly_Files (Lulu)
Lulu,Apr 26,South-1,Kerala,Trivandrum,Bath Soaps,76.3392,0.1844,1.0,Body Wash & Soap,0.2415,Compiled_Monthly_Files (Lulu)
Lulu,Apr 26,South-1,Kerala,Calicut,Body Lotion,3.2454,0.1164,1.0,Body Lotion & Care,3.5866,Compiled_Monthly_Files (Lulu)
Lulu,Apr 26,South-1,Kerala,Kochi,Body Lotion,14.8428,0.6556,2.0,Body Lotion & Care,4.4169,Compiled_Monthly_Files (Lulu)
Lulu,Apr 26,South-1,Kerala,Kottayam,Body Lotion,6.7654,0.483,1.0,Body Lotion & Care,7.139,Compiled_Monthly_Files (Lulu)
Lulu,Apr 26,South-1,Kerala,Kottiyam,Body Lotion,1.672,0.3714,1.0,Body Lotion & Care,22.2125,Compiled_Monthly_Files (Lulu)
Lulu,Apr 26,South-1,Kerala,Palakkad,Body Lotion,2.7684,0.0741,1.0,Body Lotion & Care,2.6748,Compiled_Monthly_Files (Lulu)
Lulu,Apr 26,South-1,Kerala,Thrissur,Body Lotion,1.8574,0.222,1.0,Body Lotion & Care,11.9507,Compiled_Monthly_Files (Lulu)
Lulu,Apr 26,South-1,Kerala,Trivandrum,Body Lotion,11.2891,0.4216,1.0,Body Lotion & Care,3.7347,Compiled_Monthly_Files (Lulu)
Lulu,Apr 26,South-1,Kerala,Calicut,Conditioners,2.969,0.0472,1.0,Conditioner,1.5893,Compiled_Monthly_Files (Lulu)
Lulu,Apr 26,South-1,Kerala,Kochi,Conditioners,11.7603,0.0737,2.0,Conditioner,0.6271,Compiled_Monthly_Files (Lulu)
Lulu,Apr 26,South-1,Kerala,Kottayam,Conditioners,4.431,0.1417,1.0,Conditioner,3.1986,Compiled_Monthly_Files (Lulu)
Lulu,Apr 26,South-1,Kerala,Kottiyam,Conditioners,1.0224,0.0059,1.0,Conditioner,0.5769,Compiled_Monthly_Files (Lulu)
Lulu,Apr 26,South-1,Kerala,Thrissur,Conditioners,1.8048,0.0964,1.0,Conditioner,5.3419,Compiled_Monthly_Files (Lulu)
Lulu,Apr 26,South-1,Kerala,Trivandrum,Conditioners,10.0262,0.0501,1.0,Conditioner,0.5,Compiled_Monthly_Files (Lulu)
Lulu,Apr 26,South-1,Kerala,,Conditioners,1.605,0.0501,1.0,Conditioner,3.1238,Compiled_Monthly_Files (Lulu)
Lulu,Apr 26,South-1,Kerala,Palakkad,Eye Care,0.3014,0.0024,1.0,Face Moisturiser & Cream,0.7985,Compiled_Monthly_Files (Lulu)
Lulu,Apr 26,South-1,Kerala,Trivandrum,Eye Care,3.1783,0.2424,1.0,Face Moisturiser & Cream,7.6279,Compiled_Monthly_Files (Lulu)
Lulu,Apr 26,South-1,Kerala,Calicut,Face Mask,0.6799,0.0152,1.0,Face Mask & Scrub,2.2361,Compiled_Monthly_Files (Lulu)
Lulu,Apr 26,South-1,Kerala,Kochi,Face Mask,3.8564,0.0234,2.0,Face Mask & Scrub,0.607,Compiled_Monthly_Files (Lulu)
Lulu,Apr 26,South-1,Kerala,Kottayam,Face Mask,1.6792,0.0326,1.0,Face Mask & Scrub,1.9431,Compiled_Monthly_Files (Lulu)
Lulu,Apr 26,South-1,Kerala,Kottiyam,Face Mask,0.5146,0.0238,1.0,Face Mask & Scrub,4.6304,Compiled_Monthly_Files (Lulu)
Lulu,Apr 26,South-1,Kerala,Thrissur,Face Mask,0.7519,0.0326,1.0,Face Mask & Scrub,4.3414,Compiled_Monthly_Files (Lulu)
Lulu,Apr 26,South-1,Kerala,Trivandrum,Face Mask,3.1585,0.0379,1.0,Face Mask & Scrub,1.1993,Compiled_Monthly_Files (Lulu)
Lulu,Apr 26,South-1,Kerala,,Face Mask,0.6296,0.0089,1.0,Face Mask & Scrub,1.4079,Compiled_Monthly_Files (Lulu)
Lulu,Apr 26,South-1,Kerala,Calicut,Face Wash,7.1725,1.9635,1.0,Face Wash & Cleanser,27.3752,Compiled_Monthly_Files (Lulu)
Lulu,Apr 26,South-1,Kerala,Kochi,Face Wash,21.3828,4.7165,2.0,Face Wash & Cleanser,22.0574,Compiled_Monthly_Files (Lulu)
Lulu,Apr 26,South-1,Kerala,Kottayam,Face Wash,8.7938,2.3924,1.0,Face Wash & Cleanser,27.2059,Compiled_Monthly_Files (Lulu)
Lulu,Apr 26,South-1,Kerala,Kottiyam,Face Wash,2.6797,0.5696,1.0,Face Wash & Cleanser,21.255,Compiled_Monthly_Files (Lulu)
Lulu,Apr 26,South-1,Kerala,Palakkad,Face Wash,4.6208,0.7568,1.0,Face Wash & Cleanser,16.3788,Compiled_Monthly_Files (Lulu)
Lulu,Apr 26,South-1,Kerala,Thrissur,Face Wash,3.8037,1.335,1.0,Face Wash & Cleanser,35.0967,Compiled_Monthly_Files (Lulu)
Lulu,Apr 26,South-1,Kerala,Trivandrum,Face Wash,16.3588,3.3809,1.0,Face Wash & Cleanser,20.6669,Compiled_Monthly_Files (Lulu)
Lulu,Apr 26,South-1,Kerala,,Face Wash,3.1757,0.2094,1.0,Face Wash & Cleanser,6.5931,Compiled_Monthly_Files (Lulu)
Lulu,Apr 26,South-1,Kerala,Kochi,Facial Cleanser,2.5116,0.0236,2.0,Face Wash & Cleanser,0.94,Compiled_Monthly_Files (Lulu)
Lulu,Apr 26,South-1,Kerala,Kottayam,Facial Cleanser,1.4553,0.0067,1.0,Face Wash & Cleanser,0.4635,Compiled_Monthly_Files (Lulu)
Lulu,Apr 26,South-1,Kerala,Palakkad,Facial Cleanser,0.6604,0.0059,1.0,Face Wash & Cleanser,0.8931,Compiled_Monthly_Files (Lulu)
Lulu,Apr 26,South-1,Kerala,,Facial Cleanser,0.2328,0.0034,1.0,Face Wash & Cleanser,1.4487,Compiled_Monthly_Files (Lulu)
Lulu,Apr 26,South-1,Kerala,Calicut,Facial Scrub,0.2182,0.0206,1.0,Face Mask & Scrub,9.4607,Compiled_Monthly_Files (Lulu)
Lulu,Apr 26,South-1,Kerala,Kochi,Facial Scrub,1.2676,0.0796,2.0,Face Mask & Scrub,6.2817,Compiled_Monthly_Files (Lulu)
Lulu,Apr 26,South-1,Kerala,Kottayam,Facial Scrub,0.5329,0.1003,1.0,Face Mask & Scrub,18.8178,Compiled_Monthly_Files (Lulu)
Lulu,Apr 26,South-1,Kerala,Thrissur,Facial Scrub,0.1797,0.0258,1.0,Face Mask & Scrub,14.3344,Compiled_Monthly_Files (Lulu)
Lulu,Apr 26,South-1,Kerala,,Facial Scrub,0.2112,0.0442,1.0,Face Mask & Scrub,20.949,Compiled_Monthly_Files (Lulu)
Lulu,Apr 26,South-1,Kerala,Calicut,Fairness/Whtng.Cream,1.3817,0.0274,1.0,Face Moisturiser & Cream,1.9841,Compiled_Monthly_Files (Lulu)
Lulu,Apr 26,South-1,Kerala,Kochi,Fairness/Whtng.Cream,4.5914,0.1632,2.0,Face Moisturiser & Cream,3.5551,Compiled_Monthly_Files (Lulu)
Lulu,Apr 26,South-1,Kerala,Kottayam,Fairness/Whtng.Cream,2.0286,0.043,1.0,Face Moisturiser & Cream,2.1181,Compiled_Monthly_Files (Lulu)
Lulu,Apr 26,South-1,Kerala,Palakkad,Fairness/Whtng.Cream,1.257,0.0426,1.0,Face Moisturiser & Cream,3.3919,Compiled_Monthly_Files (Lulu)
Lulu,Apr 26,South-1,Kerala,Thrissur,Fairness/Whtng.Cream,0.7216,0.0116,1.0,Face Moisturiser & Cream,1.6065,Compiled_Monthly_Files (Lulu)
Lulu,Apr 26,South-1,Kerala,Trivandrum,Fairness/Whtng.Cream,4.3306,0.2427,1.0,Face Moisturiser & Cream,5.6034,Compiled_Monthly_Files (Lulu)
Lulu,Apr 26,South-1,Kerala,Thrissur,Hair Gel,0.2649,0.0118,1.0,Hair Treatment & Styling,4.4525,Compiled_Monthly_Files (Lulu)
Lulu,Apr 26,South-1,Kerala,Calicut,Hair Oils,3.041,0.0367,1.0,Hair Oil,1.2073,Compiled_Monthly_Files (Lulu)
Lulu,Apr 26,South-1,Kerala,Kochi,Hair Oils,11.0233,0.1376,2.0,Hair Oil,1.2485,Compiled_Monthly_Files (Lulu)
Lulu,Apr 26,South-1,Kerala,Kottayam,Hair Oils,3.629,0.1201,1.0,Hair Oil,3.3104,Compiled_Monthly_Files (Lulu)
Lulu,Apr 26,South-1,Kerala,Kottiyam,Hair Oils,0.7308,0.0179,1.0,Hair Oil,2.4539,Compiled_Monthly_Files (Lulu)
Lulu,Apr 26,South-1,Kerala,Palakkad,Hair Oils,1.944,0.0303,1.0,Hair Oil,1.5606,Compiled_Monthly_Files (Lulu)
Lulu,Apr 26,South-1,Kerala,Thrissur,Hair Oils,1.1558,0.0484,1.0,Hair Oil,4.186,Compiled_Monthly_Files (Lulu)
Lulu,Apr 26,South-1,Kerala,Trivandrum,Hair Oils,8.9292,0.2685,1.0,Hair Oil,3.0074,Compiled_Monthly_Files (Lulu)
Lulu,Apr 26,South-1,Kerala,,Hair Oils,1.5711,0.0424,1.0,Hair Oil,2.6998,Compiled_Monthly_Files (Lulu)
Lulu,Apr 26,South-1,Kerala,Calicut,Hair Treatments&Mask,1.778,0.0354,1.0,Hair Treatment & Styling,1.9894,Compiled_Monthly_Files (Lulu)
Lulu,Apr 26,South-1,Kerala,Kochi,Hair Treatments&Mask,7.1246,0.1593,2.0,Hair Treatment & Styling,2.236,Compiled_Monthly_Files (Lulu)
Lulu,Apr 26,South-1,Kerala,Kottayam,Hair Treatments&Mask,2.9848,0.0227,1.0,Hair Treatment & Styling,0.7615,Compiled_Monthly_Files (Lulu)
Lulu,Apr 26,South-1,Kerala,Kottiyam,Hair Treatments&Mask,0.6168,0.0379,1.0,Hair Treatment & Styling,6.1416,Compiled_Monthly_Files (Lulu)
Lulu,Apr 26,South-1,Kerala,Palakkad,Hair Treatments&Mask,1.3673,0.0051,1.0,Hair Treatment & Styling,0.3706,Compiled_Monthly_Files (Lulu)
Lulu,Apr 26,South-1,Kerala,Thrissur,Hair Treatments&Mask,1.0652,0.0457,1.0,Hair Treatment & Styling,4.289,Compiled_Monthly_Files (Lulu)
Lulu,Apr 26,South-1,Kerala,Trivandrum,Hair Treatments&Mask,5.9597,0.1441,1.0,Hair Treatment & Styling,2.4176,Compiled_Monthly_Files (Lulu)
Lulu,Apr 26,South-1,Kerala,,Hair Treatments&Mask,0.6617,0.0455,1.0,Hair Treatment & Styling,6.8699,Compiled_Monthly_Files (Lulu)
Lulu,Apr 26,South-1,Kerala,Kochi,Henna Colorants,0.1801,0.0211,1.0,Hair Treatment & Styling,11.7193,Compiled_Monthly_Files (Lulu)
Lulu,Apr 26,South-1,Kerala,Kottiyam,Henna Colorants,0.1286,0.0106,1.0,Hair Treatment & Styling,8.2042,Compiled_Monthly_Files (Lulu)
Lulu,Apr 26,South-1,Kerala,Thrissur,Henna Colorants,0.2211,0.0365,1.0,Hair Treatment & Styling,16.5312,Compiled_Monthly_Files (Lulu)
Lulu,Apr 26,South-1,Kerala,Calicut,Lip Balms,1.0516,0.0695,1.0,Lip Care,6.6107,Compiled_Monthly_Files (Lulu)
Lulu,Apr 26,South-1,Kerala,Kochi,Lip Balms,3.5835,0.2835,2.0,Lip Care,7.9106,Compiled_Monthly_Files (Lulu)
Lulu,Apr 26,South-1,Kerala,Kottayam,Lip Balms,1.6689,0.2334,1.0,Lip Care,13.9863,Compiled_Monthly_Files (Lulu)
Lulu,Apr 26,South-1,Kerala,Kottiyam,Lip Balms,0.3338,0.0231,1.0,Lip Care,6.9251,Compiled_Monthly_Files (Lulu)
Lulu,Apr 26,South-1,Kerala,Thrissur,Lip Balms,0.4616,0.1497,1.0,Lip Care,32.4358,Compiled_Monthly_Files (Lulu)
Lulu,Apr 26,South-1,Kerala,Trivandrum,Lip Balms,3.9197,0.464,1.0,Lip Care,11.8367,Compiled_Monthly_Files (Lulu)
Lulu,Apr 26,South-1,Kerala,,Lip Balms,0.4337,0.111,1.0,Lip Care,25.6081,Compiled_Monthly_Files (Lulu)
Lulu,Apr 26,South-1,Kerala,Calicut,Moistur.Cream/Fluid,5.2905,0.3743,1.0,Face Moisturiser & Cream,7.0757,Compiled_Monthly_Files (Lulu)
Lulu,Apr 26,South-1,Kerala,Kochi,Moistur.Cream/Fluid,20.3042,1.4579,2.0,Face Moisturiser & Cream,7.1804,Compiled_Monthly_Files (Lulu)
Lulu,Apr 26,South-1,Kerala,Kottayam,Moistur.Cream/Fluid,8.2312,0.4828,1.0,Face Moisturiser & Cream,5.866,Compiled_Monthly_Files (Lulu)
Lulu,Apr 26,South-1,Kerala,Kottiyam,Moistur.Cream/Fluid,1.8908,0.0674,1.0,Face Moisturiser & Cream,3.5628,Compiled_Monthly_Files (Lulu)
Lulu,Apr 26,South-1,Kerala,Palakkad,Moistur.Cream/Fluid,4.0926,0.3112,1.0,Face Moisturiser & Cream,7.6028,Compiled_Monthly_Files (Lulu)
Lulu,Apr 26,South-1,Kerala,Thrissur,Moistur.Cream/Fluid,3.0417,0.3782,1.0,Face Moisturiser & Cream,12.4343,Compiled_Monthly_Files (Lulu)
Lulu,Apr 26,South-1,Kerala,Trivandrum,Moistur.Cream/Fluid,12.7163,1.4426,1.0,Face Moisturiser & Cream,11.3441,Compiled_Monthly_Files (Lulu)
Lulu,Apr 26,South-1,Kerala,,Moistur.Cream/Fluid,2.2178,0.1458,1.0,Face Moisturiser & Cream,6.5731,Compiled_Monthly_Files (Lulu)
Lulu,Apr 26,South-1,Kerala,Calicut,Other Baby care,0.7376,0.0033,1.0,Baby Care,0.4412,Compiled_Monthly_Files (Lulu)
Lulu,Apr 26,South-1,Kerala,Kochi,Other Baby care,2.5257,0.0249,2.0,Baby Care,0.9878,Compiled_Monthly_Files (Lulu)
Lulu,Apr 26,South-1,Kerala,Kottiyam,Other Baby care,0.2789,0.0054,1.0,Baby Care,1.9445,Compiled_Monthly_Files (Lulu)
Lulu,Apr 26,South-1,Kerala,Palakkad,Other Baby care,0.4914,0.0043,1.0,Baby Care,0.8829,Compiled_Monthly_Files (Lulu)
Lulu,Apr 26,South-1,Kerala,Thrissur,Other Baby care,0.2482,0.005,1.0,Baby Care,2.0111,Compiled_Monthly_Files (Lulu)
Lulu,Apr 26,South-1,Kerala,Trivandrum,Other Baby care,3.0349,0.013,1.0,Baby Care,0.4289,Compiled_Monthly_Files (Lulu)
Lulu,Apr 26,South-1,Kerala,,Other Baby care,0.1728,0.0054,1.0,Baby Care,3.138,Compiled_Monthly_Files (Lulu)
Lulu,Apr 26,South-1,Kerala,Calicut,Other Facial Care,3.3436,0.3022,1.0,Face Moisturiser & Cream,9.0388,Compiled_Monthly_Files (Lulu)
Lulu,Apr 26,South-1,Kerala,Kochi,Other Facial Care,8.3979,1.3412,2.0,Face Moisturiser & Cream,15.9712,Compiled_Monthly_Files (Lulu)
Lulu,Apr 26,South-1,Kerala,Kottayam,Other Facial Care,4.4453,0.9551,1.0,Face Moisturiser & Cream,21.4856,Compiled_Monthly_Files (Lulu)
Lulu,Apr 26,South-1,Kerala,Palakkad,Other Facial Care,2.6605,0.4574,1.0,Face Moisturiser & Cream,17.1942,Compiled_Monthly_Files (Lulu)
Lulu,Apr 26,South-1,Kerala,Thrissur,Other Facial Care,1.5366,0.2632,1.0,Face Moisturiser & Cream,17.13,Compiled_Monthly_Files (Lulu)
Lulu,Apr 26,South-1,Kerala,Trivandrum,Other Facial Care,7.2391,1.2287,1.0,Face Moisturiser & Cream,16.9734,Compiled_Monthly_Files (Lulu)
Lulu,Apr 26,South-1,Kerala,,Other Facial Care,0.7123,0.1432,1.0,Face Moisturiser & Cream,20.0967,Compiled_Monthly_Files (Lulu)
Lulu,Apr 26,South-1,Kerala,Calicut,Other Skin Care,0.3846,0.0152,1.0,Face Moisturiser & Cream,3.9534,Compiled_Monthly_Files (Lulu)
Lulu,Apr 26,South-1,Kerala,Kochi,Other Skin Care,1.4729,0.0659,1.0,Face Moisturiser & Cream,4.473,Compiled_Monthly_Files (Lulu)
Lulu,Apr 26,South-1,Kerala,Trivandrum,Other Skin Care,1.2011,0.0557,1.0,Face Moisturiser & Cream,4.6413,Compiled_Monthly_Files (Lulu)
Lulu,Apr 26,South-1,Kerala,Calicut,Shampoo,8.4583,0.2407,1.0,Shampoo,2.846,Compiled_Monthly_Files (Lulu)
Lulu,Apr 26,South-1,Kerala,Kochi,Shampoo,37.36,0.6619,2.0,Shampoo,1.7716,Compiled_Monthly_Files (Lulu)
Lulu,Apr 26,South-1,Kerala,Kottayam,Shampoo,14.1034,0.5342,1.0,Shampoo,3.7879,Compiled_Monthly_Files (Lulu)
Lulu,Apr 26,South-1,Kerala,Kottiyam,Shampoo,2.3395,0.0617,1.0,Shampoo,2.6379,Compiled_Monthly_Files (Lulu)
Lulu,Apr 26,South-1,Kerala,Palakkad,Shampoo,7.9723,0.2207,1.0,Shampoo,2.7689,Compiled_Monthly_Files (Lulu)
Lulu,Apr 26,South-1,Kerala,Thrissur,Shampoo,5.3095,0.2762,1.0,Shampoo,5.2014,Compiled_Monthly_Files (Lulu)
Lulu,Apr 26,South-1,Kerala,Trivandrum,Shampoo,23.7498,0.6144,1.0,Shampoo,2.5868,Compiled_Monthly_Files (Lulu)
Lulu,Apr 26,South-1,Kerala,,Shampoo,5.022,0.1322,1.0,Shampoo,2.6316,Compiled_Monthly_Files (Lulu)
Lulu,Apr 26,South-1,Kerala,Calicut,Shower Gel&Body Wash,6.4592,0.0836,1.0,Body Wash & Soap,1.2947,Compiled_Monthly_Files (Lulu)
Lulu,Apr 26,South-1,Kerala,Kochi,Shower Gel&Body Wash,15.3258,0.2248,1.0,Body Wash & Soap,1.4667,Compiled_Monthly_Files (Lulu)
Lulu,Apr 26,South-1,Kerala,Kottayam,Shower Gel&Body Wash,7.468,0.3269,1.0,Body Wash & Soap,4.3769,Compiled_Monthly_Files (Lulu)
Lulu,Apr 26,South-1,Kerala,Palakkad,Shower Gel&Body Wash,4.438,0.0101,1.0,Body Wash & Soap,0.2286,Compiled_Monthly_Files (Lulu)
Lulu,Apr 26,South-1,Kerala,Thrissur,Shower Gel&Body Wash,2.9652,0.2951,1.0,Body Wash & Soap,9.9511,Compiled_Monthly_Files (Lulu)
Lulu,Apr 26,South-1,Kerala,Trivandrum,Shower Gel&Body Wash,15.9592,0.3418,1.0,Body Wash & Soap,2.1415,Compiled_Monthly_Files (Lulu)
Lulu,Apr 26,South-1,Kerala,Calicut,Sun Care,5.1316,1.812,1.0,Sun Care,35.3112,Compiled_Monthly_Files (Lulu)
Lulu,Apr 26,South-1,Kerala,Kochi,Sun Care,14.3877,3.1808,2.0,Sun Care,22.1075,Compiled_Monthly_Files (Lulu)
Lulu,Apr 26,South-1,Kerala,Kottayam,Sun Care,7.6891,2.1296,1.0,Sun Care,27.6963,Compiled_Monthly_Files (Lulu)
Lulu,Apr 26,South-1,Kerala,Kottiyam,Sun Care,1.567,0.2242,1.0,Sun Care,14.3108,Compiled_Monthly_Files (Lulu)
Lulu,Apr 26,South-1,Kerala,Palakkad,Sun Care,4.4837,1.163,1.0,Sun Care,25.9389,Compiled_Monthly_Files (Lulu)
Lulu,Apr 26,South-1,Kerala,Thrissur,Sun Care,2.6079,1.3707,1.0,Sun Care,52.5603,Compiled_Monthly_Files (Lulu)
Lulu,Apr 26,South-1,Kerala,Trivandrum,Sun Care,15.3107,4.7402,1.0,Sun Care,30.9599,Compiled_Monthly_Files (Lulu)
Lulu,Apr 26,South-1,Kerala,,Sun Care,1.0727,0.0124,1.0,Sun Care,1.1526,Compiled_Monthly_Files (Lulu)
Lulu,Apr 26,South-1,Kerala,Calicut,Tooth Paste,13.3451,0.0324,1.0,Oral Care,0.2431,Compiled_Monthly_Files (Lulu)
Lulu,Apr 26,South-1,Kerala,Kochi,Tooth Paste,7.2322,0.0187,1.0,Oral Care,0.2588,Compiled_Monthly_Files (Lulu)
Lulu,Apr 26,South-1,Kerala,Kottayam,Tooth Paste,22.8281,0.0649,1.0,Oral Care,0.2842,Compiled_Monthly_Files (Lulu)
Lulu,Apr 26,South-1,Kerala,Thrissur,Tooth Paste,7.4827,0.0237,1.0,Oral Care,0.3162,Compiled_Monthly_Files (Lulu)
Lulu,Apr 26,South-1,Tamil Nadu,Coimbatore,Baby Bath,0.6057,0.0434,1.0,Baby Care,7.1691,Compiled_Monthly_Files (Lulu)
Lulu,Apr 26,South-1,Tamil Nadu,Coimbatore,Baby Cream,0.4675,0.0252,1.0,Baby Care,5.3924,Compiled_Monthly_Files (Lulu)
Lulu,Apr 26,South-1,Tamil Nadu,Coimbatore,Baby Lotions,1.0359,0.0172,1.0,Baby Care,1.6567,Compiled_Monthly_Files (Lulu)
Lulu,Apr 26,South-1,Tamil Nadu,Coimbatore,Baby Oil,0.0238,0.0081,1.0,Baby Care,34.2077,Compiled_Monthly_Files (Lulu)
Lulu,Apr 26,South-1,Tamil Nadu,Coimbatore,Baby Shampoos,0.7737,0.0561,1.0,Baby Care,7.2455,Compiled_Monthly_Files (Lulu)
Lulu,Apr 26,South-1,Tamil Nadu,Coimbatore,Bath Soaps,27.2198,0.4478,1.0,Body Wash & Soap,1.6449,Compiled_Monthly_Files (Lulu)
Lulu,Apr 26,South-1,Tamil Nadu,Coimbatore,Body Lotion,5.7615,0.8356,1.0,Body Lotion & Care,14.5037,Compiled_Monthly_Files (Lulu)
Lulu,Apr 26,South-1,Tamil Nadu,Coimbatore,Conditioners,3.9527,0.1822,1.0,Conditioner,4.6092,Compiled_Monthly_Files (Lulu)
Lulu,Apr 26,South-1,Tamil Nadu,Coimbatore,Eye Care,0.5338,0.1176,1.0,Face Moisturiser & Cream,22.0244,Compiled_Monthly_Files (Lulu)
Lulu,Apr 26,South-1,Tamil Nadu,Coimbatore,Face Mask,0.8164,0.0405,1.0,Face Mask & Scrub,4.9607,Compiled_Monthly_Files (Lulu)
Lulu,Apr 26,South-1,Tamil Nadu,Coimbatore,Face Wash,9.9714,3.3058,1.0,Face Wash & Cleanser,33.1528,Compiled_Monthly_Files (Lulu)
Lulu,Apr 26,South-1,Tamil Nadu,Coimbatore,Facial Cleanser,1.3819,0.0029,1.0,Face Wash & Cleanser,0.2085,Compiled_Monthly_Files (Lulu)
Lulu,Apr 26,South-1,Tamil Nadu,Coimbatore,Facial Scrub,0.2965,0.0373,1.0,Face Mask & Scrub,12.5967,Compiled_Monthly_Files (Lulu)
Lulu,Apr 26,South-1,Tamil Nadu,Coimbatore,Fairness/Whtng.Cream,1.7019,0.0408,1.0,Face Moisturiser & Cream,2.398,Compiled_Monthly_Files (Lulu)
Lulu,Apr 26,South-1,Tamil Nadu,Coimbatore,Hair Gel,0.2347,0.0307,1.0,Hair Treatment & Styling,13.0674,Compiled_Monthly_Files (Lulu)
Lulu,Apr 26,South-1,Tamil Nadu,Coimbatore,Hair Oils,4.8731,0.0805,1.0,Hair Oil,1.6513,Compiled_Monthly_Files (Lulu)
Lulu,Apr 26,South-1,Tamil Nadu,Coimbatore,Hair Treatments&Mask,2.5182,0.1113,1.0,Hair Treatment & Styling,4.42,Compiled_Monthly_Files (Lulu)
Lulu,Apr 26,South-1,Tamil Nadu,Coimbatore,Henna Colorants,0.6231,0.1033,1.0,Hair Treatment & Styling,16.5786,Compiled_Monthly_Files (Lulu)
Lulu,Apr 26,South-1,Tamil Nadu,Coimbatore,Lip Balms,1.6809,0.1644,1.0,Lip Care,9.7813,Compiled_Monthly_Files (Lulu)
Lulu,Apr 26,South-1,Tamil Nadu,Coimbatore,Moistur.Cream/Fluid,7.9241,0.9124,1.0,Face Moisturiser & Cream,11.5146,Compiled_Monthly_Files (Lulu)
Lulu,Apr 26,South-1,Tamil Nadu,Coimbatore,Other Facial Care,6.5737,0.8526,1.0,Face Moisturiser & Cream,12.9695,Compiled_Monthly_Files (Lulu)
Lulu,Apr 26,South-1,Tamil Nadu,Coimbatore,Other Skin Care,0.8359,0.0233,1.0,Face Moisturiser & Cream,2.7829,Compiled_Monthly_Files (Lulu)
Lulu,Apr 26,South-1,Tamil Nadu,Coimbatore,Shampoo,19.3376,2.1456,1.0,Shampoo,11.0954,Compiled_Monthly_Files (Lulu)
Lulu,Apr 26,South-1,Tamil Nadu,Coimbatore,Shower Gel&Body Wash,7.8196,0.0592,1.0,Body Wash & Soap,0.7571,Compiled_Monthly_Files (Lulu)
Lulu,Apr 26,South-1,Tamil Nadu,Coimbatore,Sun Care,7.814,3.9517,1.0,Sun Care,50.5714,Compiled_Monthly_Files (Lulu)
Lulu,Apr 26,South-1,Tamil Nadu,Coimbatore,Tooth Paste,19.0497,0.1085,1.0,Oral Care,0.5695,Compiled_Monthly_Files (Lulu)
Lulu,Apr 26,South-2,Telangana,Hyderabad,Baby Bath,0.3418,0.0346,1.0,Baby Care,10.1348,Compiled_Monthly_Files (Lulu)
Lulu,Apr 26,South-2,Telangana,Hyderabad,Baby Cream,0.185,0.0084,1.0,Baby Care,4.535,Compiled_Monthly_Files (Lulu)
Lulu,Apr 26,South-2,Telangana,Hyderabad,Baby Lotions,0.6966,0.019,1.0,Baby Care,2.7263,Compiled_Monthly_Files (Lulu)
Lulu,Apr 26,South-2,Telangana,Hyderabad,Baby Oil,0.0218,0.0028,1.0,Baby Care,13.0404,Compiled_Monthly_Files (Lulu)
Lulu,Apr 26,South-2,Telangana,Hyderabad,Baby Powder,0.0846,0.0038,1.0,Baby Care,4.4587,Compiled_Monthly_Files (Lulu)
Lulu,Apr 26,South-2,Telangana,Hyderabad,Baby Shampoos,0.3362,0.0253,1.0,Baby Care,7.5133,Compiled_Monthly_Files (Lulu)
Lulu,Apr 26,South-2,Telangana,Hyderabad,Baby Soap,0.4127,0.0337,1.0,Baby Care,8.1597,Compiled_Monthly_Files (Lulu)
Lulu,Apr 26,South-2,Telangana,Hyderabad,Bath Soaps,12.4231,0.1422,1.0,Body Wash & Soap,1.1446,Compiled_Monthly_Files (Lulu)
Lulu,Apr 26,South-2,Telangana,Hyderabad,Body Lotion,3.2951,0.2152,1.0,Body Lotion & Care,6.5321,Compiled_Monthly_Files (Lulu)
Lulu,Apr 26,South-2,Telangana,Hyderabad,Conditioners,1.2595,0.0885,1.0,Conditioner,7.025,Compiled_Monthly_Files (Lulu)
Lulu,Apr 26,South-2,Telangana,Hyderabad,Eye Care,0.2715,0.0288,1.0,Face Moisturiser & Cream,10.6139,Compiled_Monthly_Files (Lulu)
Lulu,Apr 26,South-2,Telangana,Hyderabad,Face Wash,4.674,2.1838,1.0,Face Wash & Cleanser,46.7225,Compiled_Monthly_Files (Lulu)
Lulu,Apr 26,South-2,Telangana,Hyderabad,Facial Cleanser,0.4794,0.016,1.0,Face Wash & Cleanser,3.3448,Compiled_Monthly_Files (Lulu)
Lulu,Apr 26,South-2,Telangana,Hyderabad,Facial Scrub,0.2554,0.0324,1.0,Face Mask & Scrub,12.7034,Compiled_Monthly_Files (Lulu)
Lulu,Apr 26,South-2,Telangana,Hyderabad,Fairness/Whtng.Cream,1.093,0.0747,1.0,Face Moisturiser & Cream,6.8309,Compiled_Monthly_Files (Lulu)
Lulu,Apr 26,South-2,Telangana,Hyderabad,Hair Gel,0.1171,0.0206,1.0,Hair Treatment & Styling,17.6345,Compiled_Monthly_Files (Lulu)
Lulu,Apr 26,South-2,Telangana,Hyderabad,Hair Oils,3.2529,0.0333,1.0,Hair Oil,1.0224,Compiled_Monthly_Files (Lulu)
Lulu,Apr 26,South-2,Telangana,Hyderabad,Hair Treatments&Mask,1.4772,0.0253,1.0,Hair Treatment & Styling,1.7096,Compiled_Monthly_Files (Lulu)
Lulu,Apr 26,South-2,Telangana,Hyderabad,Henna Colorants,0.271,0.0588,1.0,Hair Treatment & Styling,21.7156,Compiled_Monthly_Files (Lulu)
Lulu,Apr 26,South-2,Telangana,Hyderabad,Lip Balms,1.1634,0.1077,1.0,Lip Care,9.2602,Compiled_Monthly_Files (Lulu)
Lulu,Apr 26,South-2,Telangana,Hyderabad,Moistur.Cream/Fluid,3.2942,0.2977,1.0,Face Moisturiser & Cream,9.0364,Compiled_Monthly_Files (Lulu)
Lulu,Apr 26,South-2,Telangana,Hyderabad,Other Facial Care,1.6818,0.3363,1.0,Face Moisturiser & Cream,19.9993,Compiled_Monthly_Files (Lulu)
Lulu,Apr 26,South-2,Telangana,Hyderabad,Other Skin Care,0.4681,0.0051,1.0,Face Moisturiser & Cream,1.0826,Compiled_Monthly_Files (Lulu)
Lulu,Apr 26,South-2,Telangana,Hyderabad,Shampoo,10.7283,0.9638,1.0,Shampoo,8.984,Compiled_Monthly_Files (Lulu)
Lulu,Apr 26,South-2,Telangana,Hyderabad,Shower Gel&Body Wash,4.541,0.0152,1.0,Body Wash & Soap,0.3348,Compiled_Monthly_Files (Lulu)
Lulu,Apr 26,South-2,Telangana,Hyderabad,Sun Care,4.1979,2.368,1.0,Sun Care,56.4091,Compiled_Monthly_Files (Lulu)
Lulu,May 26,North,Uttar Pradesh,Lucknow,Baby Bath,1.2276,0.058,1.0,Baby Care,4.7274,Compiled_Monthly_Files (Lulu)
Lulu,May 26,North,Uttar Pradesh,Lucknow,Baby Lotions,1.3526,0.0507,1.0,Baby Care,3.7449,Compiled_Monthly_Files (Lulu)
Lulu,May 26,North,Uttar Pradesh,Lucknow,Baby Oil,0.3698,0.0085,1.0,Baby Care,2.3025,Compiled_Monthly_Files (Lulu)
Lulu,May 26,North,Uttar Pradesh,Lucknow,Baby Powder,0.8263,0.0168,1.0,Baby Care,2.0384,Compiled_Monthly_Files (Lulu)
Lulu,May 26,North,Uttar Pradesh,Lucknow,Baby Shampoos,1.7957,0.1215,1.0,Baby Care,6.767,Compiled_Monthly_Files (Lulu)
Lulu,May 26,North,Uttar Pradesh,Lucknow,Baby Soap,0.8993,0.039,1.0,Baby Care,4.3349,Compiled_Monthly_Files (Lulu)
Lulu,May 26,North,Uttar Pradesh,Lucknow,Bath Soaps,32.8612,0.5887,1.0,Body Wash & Soap,1.7915,Compiled_Monthly_Files (Lulu)
Lulu,May 26,North,Uttar Pradesh,Lucknow,Body Lotion,7.5908,0.5176,1.0,Body Lotion & Care,6.819,Compiled_Monthly_Files (Lulu)
Lulu,May 26,North,Uttar Pradesh,Lucknow,Conditioners,6.773,0.1198,1.0,Conditioner,1.7695,Compiled_Monthly_Files (Lulu)
Lulu,May 26,North,Uttar Pradesh,Lucknow,Eye Care,0.2141,0.0127,1.0,Face Moisturiser & Cream,5.9162,Compiled_Monthly_Files (Lulu)
Lulu,May 26,North,Uttar Pradesh,Lucknow,Face Mask,2.7079,0.0678,1.0,Face Mask & Scrub,2.5056,Compiled_Monthly_Files (Lulu)
Lulu,May 26,North,Uttar Pradesh,Lucknow,Face Wash,18.3614,6.4182,1.0,Face Wash & Cleanser,34.9547,Compiled_Monthly_Files (Lulu)
Lulu,May 26,North,Uttar Pradesh,Lucknow,Facial Cleanser,1.3323,0.0101,1.0,Face Wash & Cleanser,0.7595,Compiled_Monthly_Files (Lulu)
Lulu,May 26,North,Uttar Pradesh,Lucknow,Facial Scrub,1.1461,0.124,1.0,Face Mask & Scrub,10.8167,Compiled_Monthly_Files (Lulu)
Lulu,May 26,North,Uttar Pradesh,Lucknow,Fairness/Whtng.Cream,5.3086,0.0678,1.0,Face Moisturiser & Cream,1.2768,Compiled_Monthly_Files (Lulu)
Lulu,May 26,North,Uttar Pradesh,Lucknow,Female & Unisex Deo,2.0588,0.0196,1.0,Deodorant,0.9537,Compiled_Monthly_Files (Lulu)
Lulu,May 26,North,Uttar Pradesh,Lucknow,Hair Oils,13.8781,0.1624,1.0,Hair Oil,1.1705,Compiled_Monthly_Files (Lulu)
Lulu,May 26,North,Uttar Pradesh,Lucknow,Hair Treatments&Mask,3.649,0.0076,1.0,Hair Treatment & Styling,0.2076,Compiled_Monthly_Files (Lulu)
Lulu,May 26,North,Uttar Pradesh,Lucknow,Lip Balms,0.7253,0.0364,1.0,Lip Care,5.0206,Compiled_Monthly_Files (Lulu)
Lulu,May 26,North,Uttar Pradesh,Lucknow,Moistur.Cream/Fluid,9.0564,1.044,1.0,Face Moisturiser & Cream,11.5283,Compiled_Monthly_Files (Lulu)
Lulu,May 26,North,Uttar Pradesh,Lucknow,Other Baby care,1.3205,0.0232,1.0,Baby Care,1.7597,Compiled_Monthly_Files (Lulu)
Lulu,May 26,North,Uttar Pradesh,Lucknow,Other Facial Care,5.0898,0.524,1.0,Face Moisturiser & Cream,10.2958,Compiled_Monthly_Files (Lulu)
Lulu,May 26,North,Uttar Pradesh,Lucknow,Other Skin Care,1.1535,0.0228,1.0,Face Moisturiser & Cream,1.98,Compiled_Monthly_Files (Lulu)
Lulu,May 26,North,Uttar Pradesh,Lucknow,Shampoo,36.1672,2.6273,1.0,Shampoo,7.2644,Compiled_Monthly_Files (Lulu)
Lulu,May 26,North,Uttar Pradesh,Lucknow,Shower Gel&Body Wash,10.4424,0.4246,1.0,Body Wash & Soap,4.0659,Compiled_Monthly_Files (Lulu)
Lulu,May 26,North,Uttar Pradesh,Lucknow,Sun Care,8.9225,3.0432,1.0,Sun Care,34.107,Compiled_Monthly_Files (Lulu)
Lulu,May 26,North,Uttar Pradesh,Lucknow,Tooth Paste,24.6896,0.0877,1.0,Oral Care,0.3553,Compiled_Monthly_Files (Lulu)
Lulu,May 26,South-1,Karnataka,Bangalore,Baby Bath,0.9311,0.016,1.0,Baby Care,1.7183,Compiled_Monthly_Files (Lulu)
Lulu,May 26,South-1,Karnataka,,Baby Bath,1.1929,0.028,3.0,Baby Care,2.3473,Compiled_Monthly_Files (Lulu)
Lulu,May 26,South-1,Karnataka,Bangalore,Baby Lotions,1.6025,0.0111,1.0,Baby Care,0.6949,Compiled_Monthly_Files (Lulu)
Lulu,May 26,South-1,Karnataka,,Baby Lotions,2.1028,0.026,3.0,Baby Care,1.2357,Compiled_Monthly_Files (Lulu)
Lulu,May 26,South-1,Karnataka,,Baby Oil,0.1026,0.0104,2.0,Baby Care,10.0954,Compiled_Monthly_Files (Lulu)
Lulu,May 26,South-1,Karnataka,,Baby Shampoos,1.3587,0.0334,4.0,Baby Care,2.4586,Compiled_Monthly_Files (Lulu)
Lulu,May 26,South-1,Karnataka,Bangalore,Baby Soap,1.2218,0.0219,1.0,Baby Care,1.792,Compiled_Monthly_Files (Lulu)
Lulu,May 26,South-1,Karnataka,,Baby Soap,1.2152,0.0424,3.0,Baby Care,3.4914,Compiled_Monthly_Files (Lulu)
Lulu,May 26,South-1,Karnataka,Bangalore,Bath Soaps,14.2025,0.0765,1.0,Body Wash & Soap,0.5387,Compiled_Monthly_Files (Lulu)
Lulu,May 26,South-1,Karnataka,,Bath Soaps,25.4594,0.2367,4.0,Body Wash & Soap,0.9298,Compiled_Monthly_Files (Lulu)
Lulu,May 26,South-1,Karnataka,Bangalore,Body Lotion,5.0767,0.2095,1.0,Body Lotion & Care,4.1265,Compiled_Monthly_Files (Lulu)
Lulu,May 26,South-1,Karnataka,,Body Lotion,10.3562,0.6722,4.0,Body Lotion & Care,6.4909,Compiled_Monthly_Files (Lulu)
Lulu,May 26,South-1,Karnataka,Bangalore,Conditioners,3.0106,0.1074,1.0,Conditioner,3.5668,Compiled_Monthly_Files (Lulu)
Lulu,May 26,South-1,Karnataka,,Conditioners,5.8919,0.2089,4.0,Conditioner,3.5452,Compiled_Monthly_Files (Lulu)
Lulu,May 26,South-1,Karnataka,Bangalore,Face Mask,1.3959,0.0121,1.0,Face Mask & Scrub,0.8669,Compiled_Monthly_Files (Lulu)
Lulu,May 26,South-1,Karnataka,,Face Mask,1.5601,0.0391,3.0,Face Mask & Scrub,2.509,Compiled_Monthly_Files (Lulu)
Lulu,May 26,South-1,Karnataka,Bangalore,Face Wash,7.0705,1.7712,1.0,Face Wash & Cleanser,25.0509,Compiled_Monthly_Files (Lulu)
Lulu,May 26,South-1,Karnataka,,Face Wash,11.6705,3.7298,4.0,Face Wash & Cleanser,31.9592,Compiled_Monthly_Files (Lulu)
Lulu,May 26,South-1,Karnataka,Bangalore,Facial Cleanser,1.1296,0.0115,1.0,Face Wash & Cleanser,1.0172,Compiled_Monthly_Files (Lulu)
Lulu,May 26,South-1,Karnataka,,Facial Cleanser,2.1404,0.023,3.0,Face Wash & Cleanser,1.0738,Compiled_Monthly_Files (Lulu)
Lulu,May 26,South-1,Karnataka,Bangalore,Facial Scrub,0.3425,0.0251,1.0,Face Mask & Scrub,7.3232,Compiled_Monthly_Files (Lulu)
Lulu,May 26,South-1,Karnataka,,Facial Scrub,0.7519,0.1179,4.0,Face Mask & Scrub,15.6804,Compiled_Monthly_Files (Lulu)
Lulu,May 26,South-1,Karnataka,Bangalore,Fairness/Whtng.Cream,1.6024,0.0277,1.0,Face Moisturiser & Cream,1.7257,Compiled_Monthly_Files (Lulu)
Lulu,May 26,South-1,Karnataka,,Fairness/Whtng.Cream,2.5645,0.0384,4.0,Face Moisturiser & Cream,1.497,Compiled_Monthly_Files (Lulu)
Lulu,May 26,South-1,Karnataka,Bangalore,Female & Unisex Deo,1.7901,0.0042,1.0,Deodorant,0.2362,Compiled_Monthly_Files (Lulu)
Lulu,May 26,South-1,Karnataka,,Female & Unisex Deo,0.9146,0.0041,1.0,Deodorant,0.4531,Compiled_Monthly_Files (Lulu)
Lulu,May 26,South-1,Karnataka,Bangalore,Hair Gel,0.1915,0.0135,1.0,Hair Treatment & Styling,7.0586,Compiled_Monthly_Files (Lulu)
Lulu,May 26,South-1,Karnataka,,Hair Gel,0.3244,0.0335,3.0,Hair Treatment & Styling,10.3133,Compiled_Monthly_Files (Lulu)
Lulu,May 26,South-1,Karnataka,Bangalore,Hair Oils,2.265,0.1081,1.0,Hair Oil,4.7724,Compiled_Monthly_Files (Lulu)
Lulu,May 26,South-1,Karnataka,,Hair Oils,4.4743,0.1331,4.0,Hair Oil,2.975,Compiled_Monthly_Files (Lulu)
Lulu,May 26,South-1,Karnataka,Bangalore,Hair Treatments&Mask,1.8334,0.0189,1.0,Hair Treatment & Styling,1.0326,Compiled_Monthly_Files (Lulu)
Lulu,May 26,South-1,Karnataka,,Hair Treatments&Mask,2.578,0.0969,4.0,Hair Treatment & Styling,3.7602,Compiled_Monthly_Files (Lulu)
Lulu,May 26,South-1,Karnataka,Bangalore,Lip Balms,1.1265,0.0188,1.0,Lip Care,1.6671,Compiled_Monthly_Files (Lulu)
Lulu,May 26,South-1,Karnataka,,Lip Balms,2.2784,0.2291,4.0,Lip Care,10.0566,Compiled_Monthly_Files (Lulu)
Lulu,May 26,South-1,Karnataka,Bangalore,Moistur.Cream/Fluid,6.2722,0.2179,1.0,Face Moisturiser & Cream,3.4742,Compiled_Monthly_Files (Lulu)
Lulu,May 26,South-1,Karnataka,,Moistur.Cream/Fluid,8.9475,0.1982,4.0,Face Moisturiser & Cream,2.2149,Compiled_Monthly_Files (Lulu)
Lulu,May 26,South-1,Karnataka,Bangalore,Other Baby care,1.1453,0.0198,1.0,Baby Care,1.7293,Compiled_Monthly_Files (Lulu)
Lulu,May 26,South-1,Karnataka,,Other Baby care,0.9452,0.0396,4.0,Baby Care,4.1908,Compiled_Monthly_Files (Lulu)
Lulu,May 26,South-1,Karnataka,Bangalore,Other Facial Care,4.5031,0.3323,1.0,Face Moisturiser & Cream,7.379,Compiled_Monthly_Files (Lulu)
Lulu,May 26,South-1,Karnataka,,Other Facial Care,8.0318,0.2945,4.0,Face Moisturiser & Cream,3.6664,Compiled_Monthly_Files (Lulu)
Lulu,May 26,South-1,Karnataka,Bangalore,Other Skin Care,0.6638,0.0137,1.0,Face Moisturiser & Cream,2.0645,Compiled_Monthly_Files (Lulu)
Lulu,May 26,South-1,Karnataka,Bangalore,Shampoo,16.2605,0.6199,1.0,Shampoo,3.8122,Compiled_Monthly_Files (Lulu)
Lulu,May 26,South-1,Karnataka,,Shampoo,28.0899,1.5521,4.0,Shampoo,5.5254,Compiled_Monthly_Files (Lulu)
Lulu,May 26,South-1,Karnataka,Bangalore,Shower Gel&Body Wash,6.3187,0.0639,1.0,Body Wash & Soap,1.0111,Compiled_Monthly_Files (Lulu)
Lulu,May 26,South-1,Karnataka,,Shower Gel&Body Wash,11.5621,0.2495,3.0,Body Wash & Soap,2.1577,Compiled_Monthly_Files (Lulu)
Lulu,May 26,South-1,Karnataka,Bangalore,Sun Care,3.8173,1.1913,1.0,Sun Care,31.2077,Compiled_Monthly_Files (Lulu)
Lulu,May 26,South-1,Karnataka,,Sun Care,7.2383,3.3821,4.0,Sun Care,46.7256,Compiled_Monthly_Files (Lulu)
Lulu,May 26,South-1,Karnataka,Bangalore,Tooth Paste,13.9205,0.0491,1.0,Oral Care,0.353,Compiled_Monthly_Files (Lulu)
Lulu,May 26,South-1,Karnataka,,Tooth Paste,25.9459,0.0835,4.0,Oral Care,0.322,Compiled_Monthly_Files (Lulu)
Lulu,May 26,South-1,Kerala,Calicut,Baby Bath,0.8862,0.0316,1.0,Baby Care,3.569,Compiled_Monthly_Files (Lulu)
Lulu,May 26,South-1,Kerala,Kochi,Baby Bath,1.7221,0.0441,2.0,Baby Care,2.5628,Compiled_Monthly_Files (Lulu)
Lulu,May 26,South-1,Kerala,Kottayam,Baby Bath,1.4363,0.042,1.0,Baby Care,2.9265,Compiled_Monthly_Files (Lulu)
Lulu,May 26,South-1,Kerala,Kottiyam,Baby Bath,0.1432,0.0168,1.0,Baby Care,11.7386,Compiled_Monthly_Files (Lulu)
Lulu,May 26,South-1,Kerala,Thrissur,Baby Bath,0.2754,0.0231,1.0,Baby Care,8.3939,Compiled_Monthly_Files (Lulu)
Lulu,May 26,South-1,Kerala,Trivandrum,Baby Bath,1.6232,0.1056,1.0,Baby Care,6.5075,Compiled_Monthly_Files (Lulu)
Lulu,May 26,South-1,Kerala,,Baby Bath,0.0989,0.0105,1.0,Baby Care,10.6215,Compiled_Monthly_Files (Lulu)
Lulu,May 26,South-1,Kerala,Calicut,Baby Cream,0.6454,0.0135,1.0,Baby Care,2.0903,Compiled_Monthly_Files (Lulu)
Lulu,May 26,South-1,Kerala,Kochi,Baby Cream,1.4489,0.0236,2.0,Baby Care,1.6254,Compiled_Monthly_Files (Lulu)
Lulu,May 26,South-1,Kerala,Kottayam,Baby Cream,0.8482,0.047,1.0,Baby Care,5.5392,Compiled_Monthly_Files (Lulu)
Lulu,May 26,South-1,Kerala,Palakkad,Baby Cream,0.3869,0.0252,1.0,Baby Care,6.5053,Compiled_Monthly_Files (Lulu)
Lulu,May 26,South-1,Kerala,Thrissur,Baby Cream,0.2285,0.0084,1.0,Baby Care,3.672,Compiled_Monthly_Files (Lulu)
Lulu,May 26,South-1,Kerala,Trivandrum,Baby Cream,1.2691,0.0218,1.0,Baby Care,1.7188,Compiled_Monthly_Files (Lulu)
Lulu,May 26,South-1,Kerala,,Baby Cream,0.2152,0.0304,1.0,Baby Care,14.1051,Compiled_Monthly_Files (Lulu)
Lulu,May 26,South-1,Kerala,Calicut,Baby Lotions,1.4199,0.0084,1.0,Baby Care,0.5921,Compiled_Monthly_Files (Lulu)
Lulu,May 26,South-1,Kerala,Kochi,Baby Lotions,3.7986,0.0441,2.0,Baby Care,1.1619,Compiled_Monthly_Files (Lulu)
Lulu,May 26,South-1,Kerala,Kottayam,Baby Lotions,2.4293,0.0189,1.0,Baby Care,0.7786,Compiled_Monthly_Files (Lulu)
Lulu,May 26,South-1,Kerala,Thrissur,Baby Lotions,0.4308,0.0231,1.0,Baby Care,5.3665,Compiled_Monthly_Files (Lulu)
Lulu,May 26,South-1,Kerala,Trivandrum,Baby Lotions,2.9718,0.0105,1.0,Baby Care,0.3536,Compiled_Monthly_Files (Lulu)
Lulu,May 26,South-1,Kerala,,Baby Lotions,0.2013,0.0336,1.0,Baby Care,16.7034,Compiled_Monthly_Files (Lulu)
Lulu,May 26,South-1,Kerala,Kochi,Baby Oil,0.0902,0.005,1.0,Baby Care,5.5951,Compiled_Monthly_Files (Lulu)
Lulu,May 26,South-1,Kerala,Kottayam,Baby Oil,0.2453,0.005,1.0,Baby Care,2.0579,Compiled_Monthly_Files (Lulu)
Lulu,May 26,South-1,Kerala,Kottiyam,Baby Oil,0.0271,0.0028,1.0,Baby Care,10.4718,Compiled_Monthly_Files (Lulu)
Lulu,May 26,South-1,Kerala,Palakkad,Baby Oil,0.1237,0.0047,1.0,Baby Care,3.8277,Compiled_Monthly_Files (Lulu)
Lulu,May 26,South-1,Kerala,Calicut,Baby Shampoos,0.3447,0.021,1.0,Baby Care,6.078,Compiled_Monthly_Files (Lulu)
Lulu,May 26,South-1,Kerala,Kochi,Baby Shampoos,1.1775,0.0524,2.0,Baby Care,4.4482,Compiled_Monthly_Files (Lulu)
Lulu,May 26,South-1,Kerala,Kottayam,Baby Shampoos,0.5876,0.0377,1.0,Baby Care,6.4186,Compiled_Monthly_Files (Lulu)
Lulu,May 26,South-1,Kerala,Kottiyam,Baby Shampoos,0.1169,0.0084,1.0,Baby Care,7.2023,Compiled_Monthly_Files (Lulu)
Lulu,May 26,South-1,Kerala,Palakkad,Baby Shampoos,0.2752,0.0251,1.0,Baby Care,9.1371,Compiled_Monthly_Files (Lulu)
Lulu,May 26,South-1,Kerala,Thrissur,Baby Shampoos,0.1198,0.0063,1.0,Baby Care,5.2468,Compiled_Monthly_Files (Lulu)
Lulu,May 26,South-1,Kerala,Trivandrum,Baby Shampoos,1.4122,0.0039,1.0,Baby Care,0.2792,Compiled_Monthly_Files (Lulu)
Lulu,May 26,South-1,Kerala,,Baby Shampoos,0.1521,0.0189,1.0,Baby Care,12.3981,Compiled_Monthly_Files (Lulu)
Lulu,May 26,South-1,Kerala,Calicut,Baby Soap,0.9391,0.0105,1.0,Baby Care,1.1207,Compiled_Monthly_Files (Lulu)
Lulu,May 26,South-1,Kerala,Kochi,Baby Soap,2.1944,0.0272,2.0,Baby Care,1.2413,Compiled_Monthly_Files (Lulu)
Lulu,May 26,South-1,Kerala,Palakkad,Baby Soap,1.1962,0.0532,1.0,Baby Care,4.4489,Compiled_Monthly_Files (Lulu)
Lulu,May 26,South-1,Kerala,Thrissur,Baby Soap,0.3844,0.0024,1.0,Baby Care,0.6145,Compiled_Monthly_Files (Lulu)
Lulu,May 26,South-1,Kerala,,Baby Soap,0.3825,0.0105,1.0,Baby Care,2.7386,Compiled_Monthly_Files (Lulu)
Lulu,May 26,South-1,Kerala,Calicut,Bath Soaps,26.8748,0.2089,1.0,Body Wash & Soap,0.7771,Compiled_Monthly_Files (Lulu)
Lulu,May 26,South-1,Kerala,Kochi,Bath Soaps,87.4226,0.2132,2.0,Body Wash & Soap,0.2438,Compiled_Monthly_Files (Lulu)
Lulu,May 26,South-1,Kerala,Kottiyam,Bath Soaps,13.0701,0.0417,1.0,Body Wash & Soap,0.3192,Compiled_Monthly_Files (Lulu)
Lulu,May 26,South-1,Kerala,Palakkad,Bath Soaps,27.5581,0.0434,1.0,Body Wash & Soap,0.1573,Compiled_Monthly_Files (Lulu)
Lulu,May 26,South-1,Kerala,Thrissur,Bath Soaps,14.3198,0.1035,1.0,Body Wash & Soap,0.7231,Compiled_Monthly_Files (Lulu)
Lulu,May 26,South-1,Kerala,Trivandrum,Bath Soaps,81.5657,0.2513,1.0,Body Wash & Soap,0.3081,Compiled_Monthly_Files (Lulu)
Lulu,May 26,South-1,Kerala,,Bath Soaps,13.8811,0.0105,1.0,Body Wash & Soap,0.0755,Compiled_Monthly_Files (Lulu)
Lulu,May 26,South-1,Kerala,Calicut,Body Lotion,3.4454,0.1801,1.0,Body Lotion & Care,5.2276,Compiled_Monthly_Files (Lulu)
Lulu,May 26,South-1,Kerala,Kochi,Body Lotion,16.0761,0.4691,2.0,Body Lotion & Care,2.9181,Compiled_Monthly_Files (Lulu)
Lulu,May 26,South-1,Kerala,Kottayam,Body Lotion,8.1163,0.3502,1.0,Body Lotion & Care,4.3148,Compiled_Monthly_Files (Lulu)
Lulu,May 26,South-1,Kerala,Kottiyam,Body Lotion,1.5215,0.2935,1.0,Body Lotion & Care,19.2917,Compiled_Monthly_Files (Lulu)
Lulu,May 26,South-1,Kerala,Palakkad,Body Lotion,2.8871,0.0251,1.0,Body Lotion & Care,0.87,Compiled_Monthly_Files (Lulu)
Lulu,May 26,South-1,Kerala,Thrissur,Body Lotion,2.0669,0.2305,1.0,Body Lotion & Care,11.1517,Compiled_Monthly_Files (Lulu)
Lulu,May 26,South-1,Kerala,Trivandrum,Body Lotion,12.3123,0.1852,1.0,Body Lotion & Care,1.5042,Compiled_Monthly_Files (Lulu)
Lulu,May 26,South-1,Kerala,,Body Lotion,2.087,0.2323,1.0,Body Lotion & Care,11.1289,Compiled_Monthly_Files (Lulu)
Lulu,May 26,South-1,Kerala,Calicut,Conditioners,3.1274,0.1505,1.0,Conditioner,4.8115,Compiled_Monthly_Files (Lulu)
Lulu,May 26,South-1,Kerala,Kochi,Conditioners,10.7839,0.4717,2.0,Conditioner,4.3744,Compiled_Monthly_Files (Lulu)
Lulu,May 26,South-1,Kerala,Kottayam,Conditioners,4.9481,0.186,1.0,Conditioner,3.759,Compiled_Monthly_Files (Lulu)
Lulu,May 26,South-1,Kerala,Kottiyam,Conditioners,1.2233,0.0265,1.0,Conditioner,2.1698,Compiled_Monthly_Files (Lulu)
Lulu,May 26,South-1,Kerala,Palakkad,Conditioners,2.2682,0.0678,1.0,Conditioner,2.9906,Compiled_Monthly_Files (Lulu)
Lulu,May 26,South-1,Kerala,Thrissur,Conditioners,1.4333,0.236,1.0,Conditioner,16.4691,Compiled_Monthly_Files (Lulu)
Lulu,May 26,South-1,Kerala,Trivandrum,Conditioners,9.2443,0.0603,1.0,Conditioner,0.6522,Compiled_Monthly_Files (Lulu)
Lulu,May 26,South-1,Kerala,,Conditioners,1.3159,0.1003,1.0,Conditioner,7.6198,Compiled_Monthly_Files (Lulu)
Lulu,May 26,South-1,Kerala,Calicut,Eye Care,0.8204,0.0547,1.0,Face Moisturiser & Cream,6.6728,Compiled_Monthly_Files (Lulu)
Lulu,May 26,South-1,Kerala,Palakkad,Eye Care,0.3222,0.1067,1.0,Face Moisturiser & Cream,33.1121,Compiled_Monthly_Files (Lulu)
Lulu,May 26,South-1,Kerala,Trivandrum,Eye Care,1.8361,0.2046,1.0,Face Moisturiser & Cream,11.1411,Compiled_Monthly_Files (Lulu)
Lulu,May 26,South-1,Kerala,Calicut,Face Mask,0.6963,0.0177,1.0,Face Mask & Scrub,2.5437,Compiled_Monthly_Files (Lulu)
Lulu,May 26,South-1,Kerala,Kochi,Face Mask,4.482,0.2365,2.0,Face Mask & Scrub,5.2759,Compiled_Monthly_Files (Lulu)
Lulu,May 26,South-1,Kerala,Kottayam,Face Mask,1.3531,0.1123,1.0,Face Mask & Scrub,8.2958,Compiled_Monthly_Files (Lulu)
Lulu,May 26,South-1,Kerala,Kottiyam,Face Mask,0.5265,0.0088,1.0,Face Mask & Scrub,1.6675,Compiled_Monthly_Files (Lulu)
Lulu,May 26,South-1,Kerala,Palakkad,Face Mask,0.6648,0.0694,1.0,Face Mask & Scrub,10.4396,Compiled_Monthly_Files (Lulu)
Lulu,May 26,South-1,Kerala,Thrissur,Face Mask,0.6513,0.0376,1.0,Face Mask & Scrub,5.7771,Compiled_Monthly_Files (Lulu)
Lulu,May 26,South-1,Kerala,Trivandrum,Face Mask,2.4303,0.063,1.0,Face Mask & Scrub,2.5922,Compiled_Monthly_Files (Lulu)
Lulu,May 26,South-1,Kerala,,Face Mask,0.5838,0.0072,1.0,Face Mask & Scrub,1.2368,Compiled_Monthly_Files (Lulu)
Lulu,May 26,South-1,Kerala,Calicut,Face Wash,7.6229,2.5165,1.0,Face Wash & Cleanser,33.0119,Compiled_Monthly_Files (Lulu)
Lulu,May 26,South-1,Kerala,Kochi,Face Wash,24.5696,5.2679,2.0,Face Wash & Cleanser,21.4408,Compiled_Monthly_Files (Lulu)
Lulu,May 26,South-1,Kerala,Kottayam,Face Wash,10.2007,2.1609,1.0,Face Wash & Cleanser,21.1838,Compiled_Monthly_Files (Lulu)
Lulu,May 26,South-1,Kerala,Kottiyam,Face Wash,2.8814,0.6397,1.0,Face Wash & Cleanser,22.2029,Compiled_Monthly_Files (Lulu)
Lulu,May 26,South-1,Kerala,Palakkad,Face Wash,5.7525,1.2479,1.0,Face Wash & Cleanser,21.6932,Compiled_Monthly_Files (Lulu)
Lulu,May 26,South-1,Kerala,Thrissur,Face Wash,4.4389,1.6978,1.0,Face Wash & Cleanser,38.2496,Compiled_Monthly_Files (Lulu)
Lulu,May 26,South-1,Kerala,Trivandrum,Face Wash,18.2074,3.0582,1.0,Face Wash & Cleanser,16.7965,Compiled_Monthly_Files (Lulu)
Lulu,May 26,South-1,Kerala,,Face Wash,3.4763,0.2415,1.0,Face Wash & Cleanser,6.9478,Compiled_Monthly_Files (Lulu)
Lulu,May 26,South-1,Kerala,Calicut,Facial Cleanser,0.8284,0.0023,1.0,Face Wash & Cleanser,0.2762,Compiled_Monthly_Files (Lulu)
Lulu,May 26,South-1,Kerala,Kochi,Facial Cleanser,2.6779,0.0405,2.0,Face Wash & Cleanser,1.5114,Compiled_Monthly_Files (Lulu)
Lulu,May 26,South-1,Kerala,Kottayam,Facial Cleanser,1.5322,0.0135,1.0,Face Wash & Cleanser,0.8805,Compiled_Monthly_Files (Lulu)
Lulu,May 26,South-1,Kerala,Palakkad,Facial Cleanser,0.6735,0.0101,1.0,Face Wash & Cleanser,1.5049,Compiled_Monthly_Files (Lulu)
Lulu,May 26,South-1,Kerala,,Facial Cleanser,0.315,0.0034,1.0,Face Wash & Cleanser,1.0706,Compiled_Monthly_Files (Lulu)
Lulu,May 26,South-1,Kerala,Calicut,Facial Scrub,0.3145,0.0442,1.0,Face Mask & Scrub,14.0672,Compiled_Monthly_Files (Lulu)
Lulu,May 26,South-1,Kerala,Kochi,Facial Scrub,0.2423,0.0413,1.0,Face Mask & Scrub,17.0405,Compiled_Monthly_Files (Lulu)
Lulu,May 26,South-1,Kerala,Kottayam,Facial Scrub,0.7012,0.1032,1.0,Face Mask & Scrub,14.7209,Compiled_Monthly_Files (Lulu)
Lulu,May 26,South-1,Kerala,Thrissur,Facial Scrub,0.1658,0.0177,1.0,Face Mask & Scrub,10.6723,Compiled_Monthly_Files (Lulu)
Lulu,May 26,South-1,Kerala,Trivandrum,Facial Scrub,1.2708,0.0619,1.0,Face Mask & Scrub,4.8735,Compiled_Monthly_Files (Lulu)
Lulu,May 26,South-1,Kerala,,Facial Scrub,0.2028,0.0324,1.0,Face Mask & Scrub,15.9994,Compiled_Monthly_Files (Lulu)
Lulu,May 26,South-1,Kerala,Calicut,Fairness/Whtng.Cream,1.2484,0.0295,1.0,Face Moisturiser & Cream,2.3658,Compiled_Monthly_Files (Lulu)
Lulu,May 26,South-1,Kerala,Kochi,Fairness/Whtng.Cream,4.5626,0.1691,2.0,Face Moisturiser & Cream,3.7063,Compiled_Monthly_Files (Lulu)
Lulu,May 26,South-1,Kerala,Kottayam,Fairness/Whtng.Cream,2.663,0.1113,1.0,Face Moisturiser & Cream,4.1778,Compiled_Monthly_Files (Lulu)
Lulu,May 26,South-1,Kerala,Palakkad,Fairness/Whtng.Cream,1.3196,0.0789,1.0,Face Moisturiser & Cream,5.9798,Compiled_Monthly_Files (Lulu)
Lulu,May 26,South-1,Kerala,Thrissur,Fairness/Whtng.Cream,0.6634,0.0084,1.0,Face Moisturiser & Cream,1.2698,Compiled_Monthly_Files (Lulu)
Lulu,May 26,South-1,Kerala,Trivandrum,Fairness/Whtng.Cream,5.3516,0.3194,1.0,Face Moisturiser & Cream,5.9688,Compiled_Monthly_Files (Lulu)
Lulu,May 26,South-1,Kerala,Calicut,Female & Unisex Deo,2.9126,0.038,1.0,Deodorant,1.3049,Compiled_Monthly_Files (Lulu)
Lulu,May 26,South-1,Kerala,Kochi,Female & Unisex Deo,7.6855,0.0633,1.0,Deodorant,0.8237,Compiled_Monthly_Files (Lulu)
Lulu,May 26,South-1,Kerala,Kottayam,Female & Unisex Deo,4.5934,0.0127,1.0,Deodorant,0.2756,Compiled_Monthly_Files (Lulu)
Lulu,May 26,South-1,Kerala,Palakkad,Female & Unisex Deo,1.6307,0.0084,1.0,Deodorant,0.5176,Compiled_Monthly_Files (Lulu)
Lulu,May 26,South-1,Kerala,Thrissur,Hair Gel,0.2367,0.0206,1.0,Hair Treatment & Styling,8.721,Compiled_Monthly_Files (Lulu)
Lulu,May 26,South-1,Kerala,,Hair Gel,0.3028,0.0059,1.0,Hair Treatment & Styling,1.9479,Compiled_Monthly_Files (Lulu)
Lulu,May 26,South-1,Kerala,Calicut,Hair Oils,3.3451,0.0429,1.0,Hair Oil,1.2838,Compiled_Monthly_Files (Lulu)
Lulu,May 26,South-1,Kerala,Kochi,Hair Oils,12.2533,0.1615,2.0,Hair Oil,1.3181,Compiled_Monthly_Files (Lulu)
Lulu,May 26,South-1,Kerala,Kottayam,Hair Oils,5.1395,0.0813,1.0,Hair Oil,1.5812,Compiled_Monthly_Files (Lulu)
Lulu,May 26,South-1,Kerala,Kottiyam,Hair Oils,0.796,0.0111,1.0,Hair Oil,1.3988,Compiled_Monthly_Files (Lulu)
Lulu,May 26,South-1,Kerala,Palakkad,Hair Oils,2.4114,0.0382,1.0,Hair Oil,1.5841,Compiled_Monthly_Files (Lulu)
Lulu,May 26,South-1,Kerala,Thrissur,Hair Oils,1.0957,0.0456,1.0,Hair Oil,4.1634,Compiled_Monthly_Files (Lulu)
Lulu,May 26,South-1,Kerala,Trivandrum,Hair Oils,10.5039,0.1166,1.0,Hair Oil,1.1101,Compiled_Monthly_Files (Lulu)
Lulu,May 26,South-1,Kerala,,Hair Oils,1.4634,0.0353,1.0,Hair Oil,2.4145,Compiled_Monthly_Files (Lulu)
Lulu,May 26,South-1,Kerala,Calicut,Hair Treatments&Mask,1.8859,0.0354,1.0,Hair Treatment & Styling,1.8756,Compiled_Monthly_Files (Lulu)
Lulu,May 26,South-1,Kerala,Kochi,Hair Treatments&Mask,7.8851,0.081,2.0,Hair Treatment & Styling,1.0268,Compiled_Monthly_Files (Lulu)
Lulu,May 26,South-1,Kerala,Kottayam,Hair Treatments&Mask,2.899,0.0732,1.0,Hair Treatment & Styling,2.5263,Compiled_Monthly_Files (Lulu)
Lulu,May 26,South-1,Kerala,Kottiyam,Hair Treatments&Mask,0.687,0.0581,1.0,Hair Treatment & Styling,8.4553,Compiled_Monthly_Files (Lulu)
Lulu,May 26,South-1,Kerala,Palakkad,Hair Treatments&Mask,1.2831,0.0051,1.0,Hair Treatment & Styling,0.395,Compiled_Monthly_Files (Lulu)
Lulu,May 26,South-1,Kerala,Thrissur,Hair Treatments&Mask,1.3235,0.043,1.0,Hair Treatment & Styling,3.2476,Compiled_Monthly_Files (Lulu)
Lulu,May 26,South-1,Kerala,Trivandrum,Hair Treatments&Mask,6.0004,0.0911,1.0,Hair Treatment & Styling,1.518,Compiled_Monthly_Files (Lulu)
Lulu,May 26,South-1,Kerala,Kochi,Henna Colorants,0.2596,0.0401,1.0,Hair Treatment & Styling,15.4445,Compiled_Monthly_Files (Lulu)
Lulu,May 26,South-1,Kerala,Kottiyam,Henna Colorants,0.2241,0.019,1.0,Hair Treatment & Styling,8.4753,Compiled_Monthly_Files (Lulu)
Lulu,May 26,South-1,Kerala,Palakkad,Henna Colorants,0.4677,0.0528,1.0,Hair Treatment & Styling,11.279,Compiled_Monthly_Files (Lulu)
Lulu,May 26,South-1,Kerala,Thrissur,Henna Colorants,0.2123,0.0359,1.0,Hair Treatment & Styling,16.899,Compiled_Monthly_Files (Lulu)
Lulu,May 26,South-1,Kerala,Calicut,Lip Balms,1.1583,0.0881,1.0,Lip Care,7.6062,Compiled_Monthly_Files (Lulu)
Lulu,May 26,South-1,Kerala,Kochi,Lip Balms,4.9608,0.5606,2.0,Lip Care,11.3015,Compiled_Monthly_Files (Lulu)
Lulu,May 26,South-1,Kerala,Kottayam,Lip Balms,2.1455,0.2213,1.0,Lip Care,10.3147,Compiled_Monthly_Files (Lulu)
Lulu,May 26,South-1,Kerala,Kottiyam,Lip Balms,0.3845,0.0399,1.0,Lip Care,10.3852,Compiled_Monthly_Files (Lulu)
Lulu,May 26,South-1,Kerala,Palakkad,Lip Balms,0.6256,0.049,1.0,Lip Care,7.837,Compiled_Monthly_Files (Lulu)
Lulu,May 26,South-1,Kerala,Thrissur,Lip Balms,0.5769,0.1735,1.0,Lip Care,30.0741,Compiled_Monthly_Files (Lulu)
Lulu,May 26,South-1,Kerala,Trivandrum,Lip Balms,5.0001,0.3656,1.0,Lip Care,7.3117,Compiled_Monthly_Files (Lulu)
Lulu,May 26,South-1,Kerala,,Lip Balms,0.4179,0.0856,1.0,Lip Care,20.4802,Compiled_Monthly_Files (Lulu)
Lulu,May 26,South-1,Kerala,Calicut,Moistur.Cream/Fluid,5.0966,0.4247,1.0,Face Moisturiser & Cream,8.3332,Compiled_Monthly_Files (Lulu)
Lulu,May 26,South-1,Kerala,Kochi,Moistur.Cream/Fluid,20.3585,1.3951,2.0,Face Moisturiser & Cream,6.8528,Compiled_Monthly_Files (Lulu)
Lulu,May 26,South-1,Kerala,Kottayam,Moistur.Cream/Fluid,9.7,0.4729,1.0,Face Moisturiser & Cream,4.8748,Compiled_Monthly_Files (Lulu)
Lulu,May 26,South-1,Kerala,Kottiyam,Moistur.Cream/Fluid,2.0585,0.1156,1.0,Face Moisturiser & Cream,5.6163,Compiled_Monthly_Files (Lulu)
Lulu,May 26,South-1,Kerala,Palakkad,Moistur.Cream/Fluid,3.9861,0.2977,1.0,Face Moisturiser & Cream,7.4695,Compiled_Monthly_Files (Lulu)
Lulu,May 26,South-1,Kerala,Thrissur,Moistur.Cream/Fluid,2.9449,0.4657,1.0,Face Moisturiser & Cream,15.8139,Compiled_Monthly_Files (Lulu)
Lulu,May 26,South-1,Kerala,Trivandrum,Moistur.Cream/Fluid,15.566,1.3744,1.0,Face Moisturiser & Cream,8.8292,Compiled_Monthly_Files (Lulu)
Lulu,May 26,South-1,Kerala,,Moistur.Cream/Fluid,2.1561,0.1708,1.0,Face Moisturiser & Cream,7.9211,Compiled_Monthly_Files (Lulu)
Lulu,May 26,South-1,Kerala,Calicut,Other Baby care,0.7844,0.0065,1.0,Baby Care,0.8298,Compiled_Monthly_Files (Lulu)
Lulu,May 26,South-1,Kerala,Kochi,Other Baby care,0.2765,0.0065,1.0,Baby Care,2.354,Compiled_Monthly_Files (Lulu)
Lulu,May 26,South-1,Kerala,Kottiyam,Other Baby care,0.256,0.0022,1.0,Baby Care,0.8475,Compiled_Monthly_Files (Lulu)
Lulu,May 26,South-1,Kerala,Palakkad,Other Baby care,0.5275,0.0054,1.0,Baby Care,1.0283,Compiled_Monthly_Files (Lulu)
Lulu,May 26,South-1,Kerala,Thrissur,Other Baby care,0.3057,0.0141,1.0,Baby Care,4.6123,Compiled_Monthly_Files (Lulu)
Lulu,May 26,South-1,Kerala,Trivandrum,Other Baby care,3.2486,0.0141,1.0,Baby Care,0.4341,Compiled_Monthly_Files (Lulu)
Lulu,May 26,South-1,Kerala,,Other Baby care,0.2217,0.0033,1.0,Baby Care,1.4682,Compiled_Monthly_Files (Lulu)
Lulu,May 26,South-1,Kerala,Calicut,Other Facial Care,3.7363,0.2585,1.0,Face Moisturiser & Cream,6.9174,Compiled_Monthly_Files (Lulu)
Lulu,May 26,South-1,Kerala,Kochi,Other Facial Care,9.8907,1.6201,2.0,Face Moisturiser & Cream,16.38,Compiled_Monthly_Files (Lulu)
Lulu,May 26,South-1,Kerala,Kottayam,Other Facial Care,5.5977,0.8878,1.0,Face Moisturiser & Cream,15.8593,Compiled_Monthly_Files (Lulu)
Lulu,May 26,South-1,Kerala,Palakkad,Other Facial Care,2.9105,0.4687,1.0,Face Moisturiser & Cream,16.102,Compiled_Monthly_Files (Lulu)
Lulu,May 26,South-1,Kerala,Thrissur,Other Facial Care,1.3451,0.2682,1.0,Face Moisturiser & Cream,19.94,Compiled_Monthly_Files (Lulu)
Lulu,May 26,South-1,Kerala,Trivandrum,Other Facial Care,9.2368,1.4255,1.0,Face Moisturiser & Cream,15.4327,Compiled_Monthly_Files (Lulu)
Lulu,May 26,South-1,Kerala,,Other Facial Care,0.5325,0.1347,1.0,Face Moisturiser & Cream,25.2966,Compiled_Monthly_Files (Lulu)
Lulu,May 26,South-1,Kerala,Kochi,Other Skin Care,1.4921,0.0608,1.0,Face Moisturiser & Cream,4.0757,Compiled_Monthly_Files (Lulu)
Lulu,May 26,South-1,Kerala,Palakkad,Other Skin Care,0.2327,0.0051,1.0,Face Moisturiser & Cream,2.1778,Compiled_Monthly_Files (Lulu)
Lulu,May 26,South-1,Kerala,Trivandrum,Other Skin Care,1.4343,0.0557,1.0,Face Moisturiser & Cream,3.8865,Compiled_Monthly_Files (Lulu)
Lulu,May 26,South-1,Kerala,Calicut,Shampoo,9.2597,0.3489,1.0,Shampoo,3.7682,Compiled_Monthly_Files (Lulu)
Lulu,May 26,South-1,Kerala,Kochi,Shampoo,39.0809,0.8974,2.0,Shampoo,2.2963,Compiled_Monthly_Files (Lulu)
Lulu,May 26,South-1,Kerala,Kottayam,Shampoo,16.3442,0.7625,1.0,Shampoo,4.6655,Compiled_Monthly_Files (Lulu)
Lulu,May 26,South-1,Kerala,Kottiyam,Shampoo,2.7404,0.1336,1.0,Shampoo,4.8742,Compiled_Monthly_Files (Lulu)
Lulu,May 26,South-1,Kerala,Palakkad,Shampoo,8.9315,0.2644,1.0,Shampoo,2.9603,Compiled_Monthly_Files (Lulu)
Lulu,May 26,South-1,Kerala,Thrissur,Shampoo,5.8479,0.4936,1.0,Shampoo,8.4404,Compiled_Monthly_Files (Lulu)
Lulu,May 26,South-1,Kerala,Trivandrum,Shampoo,25.4643,0.5046,1.0,Shampoo,1.9815,Compiled_Monthly_Files (Lulu)
Lulu,May 26,South-1,Kerala,,Shampoo,5.5926,0.3218,1.0,Shampoo,5.7535,Compiled_Monthly_Files (Lulu)
Lulu,May 26,South-1,Kerala,Calicut,Shower Gel&Body Wash,6.6151,0.1546,1.0,Body Wash & Soap,2.3369,Compiled_Monthly_Files (Lulu)
Lulu,May 26,South-1,Kerala,Kochi,Shower Gel&Body Wash,19.465,0.2725,1.0,Body Wash & Soap,1.3998,Compiled_Monthly_Files (Lulu)
Lulu,May 26,South-1,Kerala,Kottayam,Shower Gel&Body Wash,10.9063,0.2889,1.0,Body Wash & Soap,2.6487,Compiled_Monthly_Files (Lulu)
Lulu,May 26,South-1,Kerala,Palakkad,Shower Gel&Body Wash,4.5557,0.1037,1.0,Body Wash & Soap,2.2767,Compiled_Monthly_Files (Lulu)
Lulu,May 26,South-1,Kerala,Thrissur,Shower Gel&Body Wash,3.4693,0.2596,1.0,Body Wash & Soap,7.4815,Compiled_Monthly_Files (Lulu)
Lulu,May 26,South-1,Kerala,Trivandrum,Shower Gel&Body Wash,19.4185,0.1471,1.0,Body Wash & Soap,0.7574,Compiled_Monthly_Files (Lulu)
Lulu,May 26,South-1,Kerala,Calicut,Sun Care,4.6124,1.5827,1.0,Sun Care,34.3145,Compiled_Monthly_Files (Lulu)
Lulu,May 26,South-1,Kerala,Kochi,Sun Care,14.7194,2.7761,2.0,Sun Care,18.86,Compiled_Monthly_Files (Lulu)
Lulu,May 26,South-1,Kerala,Kottayam,Sun Care,7.5432,2.4417,1.0,Sun Care,32.3692,Compiled_Monthly_Files (Lulu)
Lulu,May 26,South-1,Kerala,Kottiyam,Sun Care,1.763,0.4405,1.0,Sun Care,24.9883,Compiled_Monthly_Files (Lulu)
Lulu,May 26,South-1,Kerala,Palakkad,Sun Care,4.0693,1.4565,1.0,Sun Care,35.7929,Compiled_Monthly_Files (Lulu)
Lulu,May 26,South-1,Kerala,Thrissur,Sun Care,2.826,1.4688,1.0,Sun Care,51.974,Compiled_Monthly_Files (Lulu)
Lulu,May 26,South-1,Kerala,Trivandrum,Sun Care,13.3005,2.5619,1.0,Sun Care,19.2617,Compiled_Monthly_Files (Lulu)
Lulu,May 26,South-1,Kerala,,Sun Care,1.0136,0.2033,1.0,Sun Care,20.0594,Compiled_Monthly_Files (Lulu)
Lulu,May 26,South-1,Kerala,Calicut,Tooth Paste,14.3673,0.0412,1.0,Oral Care,0.2866,Compiled_Monthly_Files (Lulu)
Lulu,May 26,South-1,Kerala,Kochi,Tooth Paste,53.3508,0.0711,2.0,Oral Care,0.1333,Compiled_Monthly_Files (Lulu)
Lulu,May 26,South-1,Kerala,Kottayam,Tooth Paste,26.9815,0.1185,1.0,Oral Care,0.4393,Compiled_Monthly_Files (Lulu)
Lulu,May 26,South-1,Kerala,Palakkad,Tooth Paste,14.4283,0.0549,1.0,Oral Care,0.3805,Compiled_Monthly_Files (Lulu)
Lulu,May 26,South-1,Kerala,Thrissur,Tooth Paste,8.5222,0.0362,1.0,Oral Care,0.4245,Compiled_Monthly_Files (Lulu)
Lulu,May 26,South-1,Kerala,Trivandrum,Tooth Paste,43.6761,0.0162,1.0,Oral Care,0.0371,Compiled_Monthly_Files (Lulu)
Lulu,May 26,South-1,Kerala,,Tooth Paste,6.8058,0.0262,1.0,Oral Care,0.385,Compiled_Monthly_Files (Lulu)
Lulu,May 26,South-1,Tamil Nadu,Coimbatore,Baby Bath,0.8368,0.0246,1.0,Baby Care,2.9391,Compiled_Monthly_Files (Lulu)
Lulu,May 26,South-1,Tamil Nadu,Coimbatore,Baby Cream,0.591,0.0341,1.0,Baby Care,5.7716,Compiled_Monthly_Files (Lulu)
Lulu,May 26,South-1,Tamil Nadu,Coimbatore,Baby Lotions,1.4817,0.0305,1.0,Baby Care,2.0591,Compiled_Monthly_Files (Lulu)
Lulu,May 26,South-1,Tamil Nadu,Coimbatore,Baby Shampoos,0.9172,0.0573,1.0,Baby Care,6.249,Compiled_Monthly_Files (Lulu)
Lulu,May 26,South-1,Tamil Nadu,Coimbatore,Baby Soap,1.4849,0.0184,1.0,Baby Care,1.241,Compiled_Monthly_Files (Lulu)
Lulu,May 26,South-1,Tamil Nadu,Coimbatore,Bath Soaps,31.9151,0.657,1.0,Body Wash & Soap,2.0586,Compiled_Monthly_Files (Lulu)
Lulu,May 26,South-1,Tamil Nadu,Coimbatore,Body Lotion,6.6991,0.8007,1.0,Body Lotion & Care,11.953,Compiled_Monthly_Files (Lulu)
Lulu,May 26,South-1,Tamil Nadu,Coimbatore,Conditioners,4.9067,0.1702,1.0,Conditioner,3.4685,Compiled_Monthly_Files (Lulu)
Lulu,May 26,South-1,Tamil Nadu,Coimbatore,Eye Care,0.796,0.113,1.0,Face Moisturiser & Cream,14.1963,Compiled_Monthly_Files (Lulu)
Lulu,May 26,South-1,Tamil Nadu,Coimbatore,Face Mask,0.9909,0.0706,1.0,Face Mask & Scrub,7.1258,Compiled_Monthly_Files (Lulu)
Lulu,May 26,South-1,Tamil Nadu,Coimbatore,Face Wash,11.3132,3.6838,1.0,Face Wash & Cleanser,32.5618,Compiled_Monthly_Files (Lulu)
Lulu,May 26,South-1,Tamil Nadu,Coimbatore,Facial Cleanser,1.4146,0.0029,1.0,Face Wash & Cleanser,0.2037,Compiled_Monthly_Files (Lulu)
Lulu,May 26,South-1,Tamil Nadu,Coimbatore,Facial Scrub,0.3303,0.0632,1.0,Face Mask & Scrub,19.1326,Compiled_Monthly_Files (Lulu)
Lulu,May 26,South-1,Tamil Nadu,Coimbatore,Fairness/Whtng.Cream,2.1971,0.0641,1.0,Face Moisturiser & Cream,2.9179,Compiled_Monthly_Files (Lulu)
Lulu,May 26,South-1,Tamil Nadu,Coimbatore,Female & Unisex Deo,3.4772,0.0211,1.0,Deodorant,0.6069,Compiled_Monthly_Files (Lulu)
Lulu,May 26,South-1,Tamil Nadu,Coimbatore,Hair Gel,0.3671,0.0223,1.0,Hair Treatment & Styling,6.076,Compiled_Monthly_Files (Lulu)
Lulu,May 26,South-1,Tamil Nadu,Coimbatore,Hair Oils,5.4325,0.0561,1.0,Hair Oil,1.0333,Compiled_Monthly_Files (Lulu)
Lulu,May 26,South-1,Tamil Nadu,Coimbatore,Hair Treatments&Mask,4.0173,0.1345,1.0,Hair Treatment & Styling,3.3478,Compiled_Monthly_Files (Lulu)
Lulu,May 26,South-1,Tamil Nadu,Coimbatore,Henna Colorants,0.6633,0.0547,1.0,Hair Treatment & Styling,8.2448,Compiled_Monthly_Files (Lulu)
Lulu,May 26,South-1,Tamil Nadu,Coimbatore,Lip Balms,2.082,0.1858,1.0,Lip Care,8.9229,Compiled_Monthly_Files (Lulu)
Lulu,May 26,South-1,Tamil Nadu,Coimbatore,Moistur.Cream/Fluid,9.8634,0.9169,1.0,Face Moisturiser & Cream,9.2956,Compiled_Monthly_Files (Lulu)
Lulu,May 26,South-1,Tamil Nadu,Coimbatore,Other Facial Care,8.5265,0.9025,1.0,Face Moisturiser & Cream,10.585,Compiled_Monthly_Files (Lulu)
Lulu,May 26,South-1,Tamil Nadu,Coimbatore,Other Skin Care,0.9381,0.0233,1.0,Face Moisturiser & Cream,2.4797,Compiled_Monthly_Files (Lulu)
Lulu,May 26,South-1,Tamil Nadu,Coimbatore,Shampoo,23.919,2.6235,1.0,Shampoo,10.9681,Compiled_Monthly_Files (Lulu)
Lulu,May 26,South-1,Tamil Nadu,Coimbatore,Shower Gel&Body Wash,9.8211,0.0347,1.0,Body Wash & Soap,0.3537,Compiled_Monthly_Files (Lulu)
Lulu,May 26,South-1,Tamil Nadu,Coimbatore,Sun Care,7.7151,3.3853,1.0,Sun Care,43.8795,Compiled_Monthly_Files (Lulu)
Lulu,May 26,South-1,Tamil Nadu,Coimbatore,Tooth Paste,22.6284,0.1326,1.0,Oral Care,0.5861,Compiled_Monthly_Files (Lulu)
Lulu,May 26,South-2,Telangana,Hyderabad,Baby Bath,0.4313,0.0564,1.0,Baby Care,13.0678,Compiled_Monthly_Files (Lulu)
Lulu,May 26,South-2,Telangana,Hyderabad,Baby Cream,0.1784,0.0101,1.0,Baby Care,5.6446,Compiled_Monthly_Files (Lulu)
Lulu,May 26,South-2,Telangana,Hyderabad,Baby Lotions,1.0246,0.0274,1.0,Baby Care,2.6775,Compiled_Monthly_Files (Lulu)
Lulu,May 26,South-2,Telangana,Hyderabad,Baby Oil,0.0703,0.0082,1.0,Baby Care,11.6755,Compiled_Monthly_Files (Lulu)
Lulu,May 26,South-2,Telangana,Hyderabad,Baby Shampoos,0.3923,0.0316,1.0,Baby Care,8.0486,Compiled_Monthly_Files (Lulu)
Lulu,May 26,South-2,Telangana,Hyderabad,Baby Soap,0.6265,0.0337,1.0,Baby Care,5.3756,Compiled_Monthly_Files (Lulu)
Lulu,May 26,South-2,Telangana,Hyderabad,Bath Soaps,14.568,0.1948,1.0,Body Wash & Soap,1.3369,Compiled_Monthly_Files (Lulu)
Lulu,May 26,South-2,Telangana,Hyderabad,Body Lotion,3.2035,0.1575,1.0,Body Lotion & Care,4.915,Compiled_Monthly_Files (Lulu)
Lulu,May 26,South-2,Telangana,Hyderabad,Conditioners,1.5714,0.1622,1.0,Conditioner,10.3221,Compiled_Monthly_Files (Lulu)
Lulu,May 26,South-2,Telangana,Hyderabad,Eye Care,0.1581,0.0271,1.0,Face Moisturiser & Cream,17.1569,Compiled_Monthly_Files (Lulu)
Lulu,May 26,South-2,Telangana,Hyderabad,Face Mask,0.7157,0.0038,1.0,Face Mask & Scrub,0.5293,Compiled_Monthly_Files (Lulu)
Lulu,May 26,South-2,Telangana,Hyderabad,Face Wash,6.745,3.5619,1.0,Face Wash & Cleanser,52.8076,Compiled_Monthly_Files (Lulu)
Lulu,May 26,South-2,Telangana,Hyderabad,Facial Cleanser,0.5906,0.0034,1.0,Face Wash & Cleanser,0.5711,Compiled_Monthly_Files (Lulu)
Lulu,May 26,South-2,Telangana,Hyderabad,Facial Scrub,0.2647,0.0206,1.0,Face Mask & Scrub,7.7997,Compiled_Monthly_Files (Lulu)
Lulu,May 26,South-2,Telangana,Hyderabad,Fairness/Whtng.Cream,1.1707,0.073,1.0,Face Moisturiser & Cream,6.234,Compiled_Monthly_Files (Lulu)
Lulu,May 26,South-2,Telangana,Hyderabad,Hair Gel,0.1635,0.0295,1.0,Hair Treatment & Styling,18.0351,Compiled_Monthly_Files (Lulu)
Lulu,May 26,South-2,Telangana,Hyderabad,Hair Oils,4.2352,0.0957,1.0,Hair Oil,2.2586,Compiled_Monthly_Files (Lulu)
Lulu,May 26,South-2,Telangana,Hyderabad,Hair Treatments&Mask,1.4499,0.0632,1.0,Hair Treatment & Styling,4.3592,Compiled_Monthly_Files (Lulu)
Lulu,May 26,South-2,Telangana,Hyderabad,Henna Colorants,0.3453,0.0715,1.0,Hair Treatment & Styling,20.691,Compiled_Monthly_Files (Lulu)
Lulu,May 26,South-2,Telangana,Hyderabad,Lip Balms,1.5148,0.0832,1.0,Lip Care,5.4899,Compiled_Monthly_Files (Lulu)
Lulu,May 26,South-2,Telangana,Hyderabad,Moistur.Cream/Fluid,3.8341,0.4248,1.0,Face Moisturiser & Cream,11.0794,Compiled_Monthly_Files (Lulu)
Lulu,May 26,South-2,Telangana,Hyderabad,Other Facial Care,2.5632,0.4013,1.0,Face Moisturiser & Cream,15.6566,Compiled_Monthly_Files (Lulu)
Lulu,May 26,South-2,Telangana,Hyderabad,Other Skin Care,0.572,0.0051,1.0,Face Moisturiser & Cream,0.886,Compiled_Monthly_Files (Lulu)
Lulu,May 26,South-2,Telangana,Hyderabad,Shampoo,12.7659,1.504,1.0,Shampoo,11.7814,Compiled_Monthly_Files (Lulu)
Lulu,May 26,South-2,Telangana,Hyderabad,Shower Gel&Body Wash,6.4507,0.0127,1.0,Body Wash & Soap,0.1964,Compiled_Monthly_Files (Lulu)
Lulu,May 26,South-2,Telangana,Hyderabad,Sun Care,5.0635,3.5185,1.0,Sun Care,69.4877,Compiled_Monthly_Files (Lulu)
Lulu,May 26,,,,Baby Shampoos,0.1458,0.0119,1.0,Baby Care,8.1933,Compiled_Monthly_Files (Lulu)
Lulu,May 26,,,,Baby Soap,0.2419,0.018,1.0,Baby Care,7.4345,Compiled_Monthly_Files (Lulu)
Lulu,May 26,,,,Body Lotion,1.1459,0.095,1.0,Body Lotion & Care,8.2868,Compiled_Monthly_Files (Lulu)
Lulu,May 26,,,,Conditioners,0.5565,0.014,1.0,Conditioner,2.5205,Compiled_Monthly_Files (Lulu)
Lulu,May 26,,,,Face Wash,1.6623,0.6393,1.0,Face Wash & Cleanser,38.4616,Compiled_Monthly_Files (Lulu)
Lulu,May 26,,,,Facial Scrub,0.0448,0.014,1.0,Face Mask & Scrub,31.2789,Compiled_Monthly_Files (Lulu)
Lulu,May 26,,,,Hair Oils,0.6394,0.0034,1.0,Hair Oil,0.5258,Compiled_Monthly_Files (Lulu)
Lulu,May 26,,,,Lip Balms,0.2181,0.0295,1.0,Lip Care,13.5369,Compiled_Monthly_Files (Lulu)
Lulu,May 26,,,,Moistur.Cream/Fluid,0.8619,0.003,1.0,Face Moisturiser & Cream,0.3442,Compiled_Monthly_Files (Lulu)
Lulu,May 26,,,,Other Facial Care,1.1061,0.0883,1.0,Face Moisturiser & Cream,7.979,Compiled_Monthly_Files (Lulu)
Lulu,May 26,,,,Shampoo,3.2745,0.1337,1.0,Shampoo,4.0832,Compiled_Monthly_Files (Lulu)
Lulu,May 26,,,,Shower Gel&Body Wash,1.7858,0.0335,1.0,Body Wash & Soap,1.874,Compiled_Monthly_Files (Lulu)
Lulu,May 26,,,,Sun Care,0.814,0.5441,1.0,Sun Care,66.834,Compiled_Monthly_Files (Lulu)
Lulu,May 26,,,,Tooth Paste,3.6188,0.0155,1.0,Oral Care,0.4277,Compiled_Monthly_Files (Lulu)
Lulu,Jun 26,North,Uttar Pradesh,Lucknow,Baby Bath,1.314,0.0591,1.0,Baby Care,4.4965,Compiled_Monthly_Files (Lulu)
Lulu,Jun 26,North,Uttar Pradesh,Lucknow,Baby Lotions,1.1673,0.0419,1.0,Baby Care,3.5931,Compiled_Monthly_Files (Lulu)
Lulu,Jun 26,North,Uttar Pradesh,Lucknow,Baby Oil,0.4296,0.0244,1.0,Baby Care,5.6814,Compiled_Monthly_Files (Lulu)
Lulu,Jun 26,North,Uttar Pradesh,Lucknow,Baby Powder,0.7982,0.0169,1.0,Baby Care,2.1129,Compiled_Monthly_Files (Lulu)
Lulu,Jun 26,North,Uttar Pradesh,Lucknow,Baby Shampoos,1.8443,0.09,1.0,Baby Care,4.8779,Compiled_Monthly_Files (Lulu)
Lulu,Jun 26,North,Uttar Pradesh,Lucknow,Baby Soap,1.079,0.0539,1.0,Baby Care,4.9912,Compiled_Monthly_Files (Lulu)
Lulu,Jun 26,North,Uttar Pradesh,Lucknow,Bath Soaps,37.6828,0.5745,1.0,Body Wash & Soap,1.5245,Compiled_Monthly_Files (Lulu)
Lulu,Jun 26,North,Uttar Pradesh,Lucknow,Body Lotion,6.552,0.4645,1.0,Body Lotion & Care,7.0895,Compiled_Monthly_Files (Lulu)
Lulu,Jun 26,North,Uttar Pradesh,Lucknow,Conditioners,6.3325,0.1496,1.0,Conditioner,2.3627,Compiled_Monthly_Files (Lulu)
Lulu,Jun 26,North,Uttar Pradesh,Lucknow,Eye Care,0.185,0.0123,1.0,Face Moisturiser & Cream,6.6513,Compiled_Monthly_Files (Lulu)
Lulu,Jun 26,North,Uttar Pradesh,Lucknow,Face Mask,2.69,0.1835,1.0,Face Mask & Scrub,6.8231,Compiled_Monthly_Files (Lulu)
Lulu,Jun 26,North,Uttar Pradesh,Lucknow,Face Wash,18.7103,6.6118,1.0,Face Wash & Cleanser,35.3376,Compiled_Monthly_Files (Lulu)
Lulu,Jun 26,North,Uttar Pradesh,Lucknow,Facial Cleanser,1.4418,0.0368,1.0,Face Wash & Cleanser,2.551,Compiled_Monthly_Files (Lulu)
Lulu,Jun 26,North,Uttar Pradesh,Lucknow,Facial Scrub,1.1874,0.1065,1.0,Face Mask & Scrub,8.967,Compiled_Monthly_Files (Lulu)
Lulu,Jun 26,North,Uttar Pradesh,Lucknow,Fairness/Whtng.Cream,4.5892,0.0713,1.0,Face Moisturiser & Cream,1.5534,Compiled_Monthly_Files (Lulu)
Lulu,Jun 26,North,Uttar Pradesh,Lucknow,Female & Unisex Deo,2.1532,0.1131,1.0,Deodorant,5.2545,Compiled_Monthly_Files (Lulu)
Lulu,Jun 26,North,Uttar Pradesh,Lucknow,Hair Oils,14.7122,0.1033,1.0,Hair Oil,0.7024,Compiled_Monthly_Files (Lulu)
Lulu,Jun 26,North,Uttar Pradesh,Lucknow,Hair Treatments&Mask,3.6396,0.025,1.0,Hair Treatment & Styling,0.6876,Compiled_Monthly_Files (Lulu)
Lulu,Jun 26,North,Uttar Pradesh,Lucknow,Lip Balms,0.591,0.0491,1.0,Lip Care,8.307,Compiled_Monthly_Files (Lulu)
Lulu,Jun 26,North,Uttar Pradesh,Lucknow,Moistur.Cream/Fluid,7.8858,0.834,1.0,Face Moisturiser & Cream,10.5754,Compiled_Monthly_Files (Lulu)
Lulu,Jun 26,North,Uttar Pradesh,Lucknow,Other Baby care,1.4273,0.0163,1.0,Baby Care,1.1394,Compiled_Monthly_Files (Lulu)
Lulu,Jun 26,North,Uttar Pradesh,Lucknow,Other Facial Care,5.1704,0.5862,1.0,Face Moisturiser & Cream,11.3381,Compiled_Monthly_Files (Lulu)
Lulu,Jun 26,North,Uttar Pradesh,Lucknow,Other Skin Care,1.1562,0.0152,1.0,Face Moisturiser & Cream,1.3171,Compiled_Monthly_Files (Lulu)
Lulu,Jun 26,North,Uttar Pradesh,Lucknow,Shampoo,38.8601,2.5196,1.0,Shampoo,6.4838,Compiled_Monthly_Files (Lulu)
Lulu,Jun 26,North,Uttar Pradesh,Lucknow,Shower Gel&Body Wash,10.5973,0.5334,1.0,Body Wash & Soap,5.0329,Compiled_Monthly_Files (Lulu)
Lulu,Jun 26,North,Uttar Pradesh,Lucknow,Sun Care,7.3383,3.0715,1.0,Sun Care,41.856,Compiled_Monthly_Files (Lulu)
Lulu,Jun 26,North,Uttar Pradesh,Lucknow,Tooth Paste,26.2239,0.0976,1.0,Oral Care,0.3722,Compiled_Monthly_Files (Lulu)
Lulu,Jun 26,South-1,Karnataka,Bangalore,Baby Bath,0.528,0.008,1.0,Baby Care,1.5151,Compiled_Monthly_Files (Lulu)
Lulu,Jun 26,South-1,Karnataka,,Baby Bath,0.6933,0.024,3.0,Baby Care,3.4618,Compiled_Monthly_Files (Lulu)
Lulu,Jun 26,South-1,Karnataka,Bangalore,Baby Lotions,0.9266,0.0019,1.0,Baby Care,0.2003,Compiled_Monthly_Files (Lulu)
Lulu,Jun 26,South-1,Karnataka,,Baby Lotions,1.7736,0.0353,3.0,Baby Care,1.9882,Compiled_Monthly_Files (Lulu)
Lulu,Jun 26,South-1,Karnataka,,Baby Oil,0.0703,0.0098,2.0,Baby Care,13.9939,Compiled_Monthly_Files (Lulu)
Lulu,Jun 26,South-1,Karnataka,,Baby Shampoos,0.9602,0.0402,4.0,Baby Care,4.1906,Compiled_Monthly_Files (Lulu)
Lulu,Jun 26,South-1,Karnataka,Bangalore,Baby Soap,0.7473,0.0119,1.0,Baby Care,1.5982,Compiled_Monthly_Files (Lulu)
Lulu,Jun 26,South-1,Karnataka,,Baby Soap,1.2934,0.0475,4.0,Baby Care,3.6692,Compiled_Monthly_Files (Lulu)
Lulu,Jun 26,South-1,Karnataka,Bangalore,Bath Soaps,10.784,0.0813,1.0,Body Wash & Soap,0.7538,Compiled_Monthly_Files (Lulu)
Lulu,Jun 26,South-1,Karnataka,,Bath Soaps,19.5088,0.2078,4.0,Body Wash & Soap,1.0649,Compiled_Monthly_Files (Lulu)
Lulu,Jun 26,South-1,Karnataka,Bangalore,Body Lotion,4.0944,0.1748,1.0,Body Lotion & Care,4.2683,Compiled_Monthly_Files (Lulu)
Lulu,Jun 26,South-1,Karnataka,,Body Lotion,8.5327,0.4366,4.0,Body Lotion & Care,5.1169,Compiled_Monthly_Files (Lulu)
Lulu,Jun 26,South-1,Karnataka,Bangalore,Conditioners,2.2621,0.085,1.0,Conditioner,3.7557,Compiled_Monthly_Files (Lulu)
Lulu,Jun 26,South-1,Karnataka,,Conditioners,4.7516,0.1687,4.0,Conditioner,3.5506,Compiled_Monthly_Files (Lulu)
Lulu,Jun 26,South-1,Karnataka,Bangalore,Face Mask,1.2455,0.1934,1.0,Face Mask & Scrub,15.529,Compiled_Monthly_Files (Lulu)
Lulu,Jun 26,South-1,Karnataka,,Face Mask,1.4119,0.0243,3.0,Face Mask & Scrub,1.7232,Compiled_Monthly_Files (Lulu)
Lulu,Jun 26,South-1,Karnataka,Bangalore,Face Wash,5.3602,1.0683,1.0,Face Wash & Cleanser,19.9302,Compiled_Monthly_Files (Lulu)
Lulu,Jun 26,South-1,Karnataka,,Face Wash,9.7868,2.9853,4.0,Face Wash & Cleanser,30.5028,Compiled_Monthly_Files (Lulu)
Lulu,Jun 26,South-1,Karnataka,,Facial Cleanser,1.1944,0.0057,2.0,Face Wash & Cleanser,0.481,Compiled_Monthly_Files (Lulu)
Lulu,Jun 26,South-1,Karnataka,Bangalore,Facial Scrub,0.3107,0.0125,1.0,Face Mask & Scrub,4.037,Compiled_Monthly_Files (Lulu)
Lulu,Jun 26,South-1,Karnataka,,Facial Scrub,0.5986,0.0978,4.0,Face Mask & Scrub,16.3443,Compiled_Monthly_Files (Lulu)
Lulu,Jun 26,South-1,Karnataka,Bangalore,Fairness/Whtng.Cream,1.4178,0.0233,1.0,Face Moisturiser & Cream,1.6462,Compiled_Monthly_Files (Lulu)
Lulu,Jun 26,South-1,Karnataka,,Fairness/Whtng.Cream,2.1531,0.0694,4.0,Face Moisturiser & Cream,3.2239,Compiled_Monthly_Files (Lulu)
Lulu,Jun 26,South-1,Karnataka,Bangalore,Female & Unisex Deo,1.2466,0.0296,1.0,Deodorant,2.3746,Compiled_Monthly_Files (Lulu)
Lulu,Jun 26,South-1,Karnataka,,Female & Unisex Deo,0.6266,0.0481,1.0,Deodorant,7.6838,Compiled_Monthly_Files (Lulu)
Lulu,Jun 26,South-1,Karnataka,Bangalore,Hair Gel,0.1369,0.0189,1.0,Hair Treatment & Styling,13.8183,Compiled_Monthly_Files (Lulu)
Lulu,Jun 26,South-1,Karnataka,,Hair Gel,0.2133,0.0111,3.0,Hair Treatment & Styling,5.1894,Compiled_Monthly_Files (Lulu)
Lulu,Jun 26,South-1,Karnataka,Bangalore,Hair Oils,1.8699,0.0736,1.0,Hair Oil,3.9386,Compiled_Monthly_Files (Lulu)
Lulu,Jun 26,South-1,Karnataka,,Hair Oils,2.6708,0.0831,3.0,Hair Oil,3.11,Compiled_Monthly_Files (Lulu)
Lulu,Jun 26,South-1,Karnataka,Bangalore,Hair Treatments&Mask,1.5089,0.0205,1.0,Hair Treatment & Styling,1.3598,Compiled_Monthly_Files (Lulu)
Lulu,Jun 26,South-1,Karnataka,,Hair Treatments&Mask,1.9489,0.061,3.0,Hair Treatment & Styling,3.1304,Compiled_Monthly_Files (Lulu)
Lulu,Jun 26,South-1,Karnataka,Bangalore,Lip Balms,0.784,0.0149,1.0,Lip Care,1.896,Compiled_Monthly_Files (Lulu)
Lulu,Jun 26,South-1,Karnataka,,Lip Balms,1.9888,0.1497,4.0,Lip Care,7.525,Compiled_Monthly_Files (Lulu)
Lulu,Jun 26,South-1,Karnataka,Bangalore,Moistur.Cream/Fluid,4.453,0.2537,1.0,Face Moisturiser & Cream,5.6964,Compiled_Monthly_Files (Lulu)
Lulu,Jun 26,South-1,Karnataka,,Moistur.Cream/Fluid,6.9168,0.1968,4.0,Face Moisturiser & Cream,2.8454,Compiled_Monthly_Files (Lulu)
Lulu,Jun 26,South-1,Karnataka,Bangalore,Other Baby care,0.931,0.0073,1.0,Baby Care,0.7838,Compiled_Monthly_Files (Lulu)
Lulu,Jun 26,South-1,Karnataka,,Other Baby care,0.8522,0.0354,4.0,Baby Care,4.159,Compiled_Monthly_Files (Lulu)
Lulu,Jun 26,South-1,Karnataka,Bangalore,Other Facial Care,3.0738,0.4318,1.0,Face Moisturiser & Cream,14.0466,Compiled_Monthly_Files (Lulu)
Lulu,Jun 26,South-1,Karnataka,,Other Facial Care,4.3846,0.2488,4.0,Face Moisturiser & Cream,5.6739,Compiled_Monthly_Files (Lulu)
Lulu,Jun 26,South-1,Karnataka,Bangalore,Other Skin Care,0.5265,0.0274,1.0,Face Moisturiser & Cream,5.2051,Compiled_Monthly_Files (Lulu)
Lulu,Jun 26,South-1,Karnataka,Bangalore,Shampoo,11.8479,0.4906,1.0,Shampoo,4.1408,Compiled_Monthly_Files (Lulu)
Lulu,Jun 26,South-1,Karnataka,,Shampoo,22.3359,1.1473,4.0,Shampoo,5.1365,Compiled_Monthly_Files (Lulu)
Lulu,Jun 26,South-1,Karnataka,Bangalore,Shower Gel&Body Wash,5.4941,0.025,1.0,Body Wash & Soap,0.4543,Compiled_Monthly_Files (Lulu)
Lulu,Jun 26,South-1,Karnataka,,Shower Gel&Body Wash,9.3275,0.2676,3.0,Body Wash & Soap,2.869,Compiled_Monthly_Files (Lulu)
Lulu,Jun 26,South-1,Karnataka,Bangalore,Sun Care,2.5691,0.8828,1.0,Sun Care,34.3617,Compiled_Monthly_Files (Lulu)
Lulu,Jun 26,South-1,Karnataka,,Sun Care,4.4332,1.9962,4.0,Sun Care,45.0271,Compiled_Monthly_Files (Lulu)
Lulu,Jun 26,South-1,Karnataka,Bangalore,Tooth Paste,12.3997,0.0246,1.0,Oral Care,0.1982,Compiled_Monthly_Files (Lulu)
Lulu,Jun 26,South-1,Karnataka,,Tooth Paste,21.5757,0.0651,4.0,Oral Care,0.3018,Compiled_Monthly_Files (Lulu)
Lulu,Jun 26,South-1,Kerala,Calicut,Baby Bath,0.8012,0.0253,1.0,Baby Care,3.1543,Compiled_Monthly_Files (Lulu)
Lulu,Jun 26,South-1,Kerala,Kochi,Baby Bath,1.982,0.0357,2.0,Baby Care,1.8026,Compiled_Monthly_Files (Lulu)
Lulu,Jun 26,South-1,Kerala,Kottayam,Baby Bath,0.9412,0.0189,1.0,Baby Care,2.0096,Compiled_Monthly_Files (Lulu)
Lulu,Jun 26,South-1,Kerala,Kottiyam,Baby Bath,0.1073,0.0084,1.0,Baby Care,7.8323,Compiled_Monthly_Files (Lulu)
Lulu,Jun 26,South-1,Kerala,Thrissur,Baby Bath,0.3993,0.0063,1.0,Baby Care,1.579,Compiled_Monthly_Files (Lulu)
Lulu,Jun 26,South-1,Kerala,Trivandrum,Baby Bath,1.722,0.0462,1.0,Baby Care,2.6851,Compiled_Monthly_Files (Lulu)
Lulu,Jun 26,South-1,Kerala,,Baby Bath,0.1724,0.0105,1.0,Baby Care,6.097,Compiled_Monthly_Files (Lulu)
Lulu,Jun 26,South-1,Kerala,Calicut,Baby Cream,0.402,0.0084,1.0,Baby Care,2.0977,Compiled_Monthly_Files (Lulu)
Lulu,Jun 26,South-1,Kerala,Kochi,Baby Cream,0.161,0.0084,1.0,Baby Care,5.2098,Compiled_Monthly_Files (Lulu)
Lulu,Jun 26,South-1,Kerala,Kottayam,Baby Cream,0.5591,0.0201,1.0,Baby Care,3.6016,Compiled_Monthly_Files (Lulu)
Lulu,Jun 26,South-1,Kerala,Palakkad,Baby Cream,0.3081,0.005,1.0,Baby Care,1.6338,Compiled_Monthly_Files (Lulu)
Lulu,Jun 26,South-1,Kerala,Thrissur,Baby Cream,0.1836,0.0067,1.0,Baby Care,3.656,Compiled_Monthly_Files (Lulu)
Lulu,Jun 26,South-1,Kerala,,Baby Cream,0.1736,0.0118,1.0,Baby Care,6.7983,Compiled_Monthly_Files (Lulu)
Lulu,Jun 26,South-1,Kerala,Calicut,Baby Lotions,1.3787,0.0231,1.0,Baby Care,1.6768,Compiled_Monthly_Files (Lulu)
Lulu,Jun 26,South-1,Kerala,Kochi,Baby Lotions,0.5235,0.0105,1.0,Baby Care,2.0072,Compiled_Monthly_Files (Lulu)
Lulu,Jun 26,South-1,Kerala,Kottayam,Baby Lotions,1.5359,0.021,1.0,Baby Care,1.3683,Compiled_Monthly_Files (Lulu)
Lulu,Jun 26,South-1,Kerala,Thrissur,Baby Lotions,0.3739,0.0126,1.0,Baby Care,3.3729,Compiled_Monthly_Files (Lulu)
Lulu,Jun 26,South-1,Kerala,Trivandrum,Baby Lotions,2.6761,0.0546,1.0,Baby Care,2.0419,Compiled_Monthly_Files (Lulu)
Lulu,Jun 26,South-1,Kerala,Kochi,Baby Oil,0.0609,0.005,1.0,Baby Care,8.2912,Compiled_Monthly_Files (Lulu)
Lulu,Jun 26,South-1,Kerala,Kottayam,Baby Oil,0.2524,0.0025,1.0,Baby Care,0.9999,Compiled_Monthly_Files (Lulu)
Lulu,Jun 26,South-1,Kerala,Calicut,Baby Shampoos,0.34,0.0218,1.0,Baby Care,6.3983,Compiled_Monthly_Files (Lulu)
Lulu,Jun 26,South-1,Kerala,Kottayam,Baby Shampoos,0.4123,0.0168,1.0,Baby Care,4.0652,Compiled_Monthly_Files (Lulu)
Lulu,Jun 26,South-1,Kerala,Palakkad,Baby Shampoos,0.2903,0.0042,1.0,Baby Care,1.4433,Compiled_Monthly_Files (Lulu)
Lulu,Jun 26,South-1,Kerala,Thrissur,Baby Shampoos,0.155,0.0189,1.0,Baby Care,12.1672,Compiled_Monthly_Files (Lulu)
Lulu,Jun 26,South-1,Kerala,Trivandrum,Baby Shampoos,1.0943,0.0463,1.0,Baby Care,4.2313,Compiled_Monthly_Files (Lulu)
Lulu,Jun 26,South-1,Kerala,,Baby Shampoos,0.1458,0.0126,1.0,Baby Care,8.6211,Compiled_Monthly_Files (Lulu)
Lulu,Jun 26,South-1,Kerala,Calicut,Baby Soap,0.9188,0.0105,1.0,Baby Care,1.1454,Compiled_Monthly_Files (Lulu)
Lulu,Jun 26,South-1,Kerala,Kochi,Baby Soap,0.2845,0.0126,1.0,Baby Care,4.4182,Compiled_Monthly_Files (Lulu)
Lulu,Jun 26,South-1,Kerala,Palakkad,Baby Soap,0.8936,0.0272,1.0,Baby Care,3.0482,Compiled_Monthly_Files (Lulu)
Lulu,Jun 26,South-1,Kerala,Thrissur,Baby Soap,0.2855,0.0071,1.0,Baby Care,2.4822,Compiled_Monthly_Files (Lulu)
Lulu,Jun 26,South-1,Kerala,Trivandrum,Baby Soap,2.2459,0.0272,1.0,Baby Care,1.2128,Compiled_Monthly_Files (Lulu)
Lulu,Jun 26,South-1,Kerala,,Baby Soap,0.2636,0.0063,1.0,Baby Care,2.3848,Compiled_Monthly_Files (Lulu)
Lulu,Jun 26,South-1,Kerala,Calicut,Bath Soaps,23.6476,0.2025,2.0,Body Wash & Soap,0.8564,Compiled_Monthly_Files (Lulu)
Lulu,Jun 26,South-1,Kerala,Kochi,Bath Soaps,66.9331,0.1089,2.0,Body Wash & Soap,0.1626,Compiled_Monthly_Files (Lulu)
Lulu,Jun 26,South-1,Kerala,Kottiyam,Bath Soaps,9.5657,0.0252,1.0,Body Wash & Soap,0.2637,Compiled_Monthly_Files (Lulu)
Lulu,Jun 26,South-1,Kerala,Palakkad,Bath Soaps,21.3809,0.0178,1.0,Body Wash & Soap,0.0834,Compiled_Monthly_Files (Lulu)
Lulu,Jun 26,South-1,Kerala,Thrissur,Bath Soaps,10.5894,0.1146,1.0,Body Wash & Soap,1.0821,Compiled_Monthly_Files (Lulu)
Lulu,Jun 26,South-1,Kerala,Trivandrum,Bath Soaps,59.8211,0.1625,1.0,Body Wash & Soap,0.2716,Compiled_Monthly_Files (Lulu)
Lulu,Jun 26,South-1,Kerala,,Bath Soaps,10.9039,0.0063,1.0,Body Wash & Soap,0.0576,Compiled_Monthly_Files (Lulu)
Lulu,Jun 26,South-1,Kerala,Calicut,Body Lotion,3.2445,0.1556,2.0,Body Lotion & Care,4.7943,Compiled_Monthly_Files (Lulu)
Lulu,Jun 26,South-1,Kerala,Kochi,Body Lotion,10.7868,0.2526,1.0,Body Lotion & Care,2.3421,Compiled_Monthly_Files (Lulu)
Lulu,Jun 26,South-1,Kerala,Kottayam,Body Lotion,5.1254,0.1487,1.0,Body Lotion & Care,2.9006,Compiled_Monthly_Files (Lulu)
Lulu,Jun 26,South-1,Kerala,Kottiyam,Body Lotion,1.1621,0.271,1.0,Body Lotion & Care,23.3222,Compiled_Monthly_Files (Lulu)
Lulu,Jun 26,South-1,Kerala,Palakkad,Body Lotion,2.1139,0.045,1.0,Body Lotion & Care,2.1279,Compiled_Monthly_Files (Lulu)
Lulu,Jun 26,South-1,Kerala,Thrissur,Body Lotion,1.6558,0.1353,1.0,Body Lotion & Care,8.1732,Compiled_Monthly_Files (Lulu)
Lulu,Jun 26,South-1,Kerala,Trivandrum,Body Lotion,9.8436,0.3631,1.0,Body Lotion & Care,3.6889,Compiled_Monthly_Files (Lulu)
Lulu,Jun 26,South-1,Kerala,,Body Lotion,1.5172,0.1222,1.0,Body Lotion & Care,8.0534,Compiled_Monthly_Files (Lulu)
Lulu,Jun 26,South-1,Kerala,Calicut,Conditioners,3.2534,0.0999,2.0,Conditioner,3.0706,Compiled_Monthly_Files (Lulu)
Lulu,Jun 26,South-1,Kerala,Kochi,Conditioners,10.3323,0.8119,2.0,Conditioner,7.8574,Compiled_Monthly_Files (Lulu)
Lulu,Jun 26,South-1,Kerala,Kottayam,Conditioners,4.0966,0.2181,1.0,Conditioner,5.3233,Compiled_Monthly_Files (Lulu)
Lulu,Jun 26,South-1,Kerala,Kottiyam,Conditioners,0.9137,0.0206,1.0,Conditioner,2.2595,Compiled_Monthly_Files (Lulu)
Lulu,Jun 26,South-1,Kerala,Palakkad,Conditioners,1.8166,0.059,1.0,Conditioner,3.247,Compiled_Monthly_Files (Lulu)
Lulu,Jun 26,South-1,Kerala,Thrissur,Conditioners,1.3341,0.1003,1.0,Conditioner,7.521,Compiled_Monthly_Files (Lulu)
Lulu,Jun 26,South-1,Kerala,Trivandrum,Conditioners,7.6529,0.2003,1.0,Conditioner,2.6167,Compiled_Monthly_Files (Lulu)
Lulu,Jun 26,South-1,Kerala,,Conditioners,1.163,0.0324,1.0,Conditioner,2.7894,Compiled_Monthly_Files (Lulu)
Lulu,Jun 26,South-1,Kerala,Calicut,Eye Care,0.8178,0.0775,2.0,Face Moisturiser & Cream,9.4774,Compiled_Monthly_Files (Lulu)
Lulu,Jun 26,South-1,Kerala,Kochi,Eye Care,0.3678,0.0253,1.0,Face Moisturiser & Cream,6.8655,Compiled_Monthly_Files (Lulu)
Lulu,Jun 26,South-1,Kerala,Palakkad,Eye Care,0.2457,0.0521,1.0,Face Moisturiser & Cream,21.2114,Compiled_Monthly_Files (Lulu)
Lulu,Jun 26,South-1,Kerala,Trivandrum,Eye Care,2.2417,0.6718,1.0,Face Moisturiser & Cream,29.9672,Compiled_Monthly_Files (Lulu)
Lulu,Jun 26,South-1,Kerala,Calicut,Face Mask,0.6435,0.0877,2.0,Face Mask & Scrub,13.6216,Compiled_Monthly_Files (Lulu)
Lulu,Jun 26,South-1,Kerala,Kochi,Face Mask,3.2995,0.0225,2.0,Face Mask & Scrub,0.6812,Compiled_Monthly_Files (Lulu)
Lulu,Jun 26,South-1,Kerala,Kottayam,Face Mask,1.255,0.0983,1.0,Face Mask & Scrub,7.8305,Compiled_Monthly_Files (Lulu)
Lulu,Jun 26,South-1,Kerala,Kottiyam,Face Mask,0.2983,0.0013,1.0,Face Mask & Scrub,0.4204,Compiled_Monthly_Files (Lulu)
Lulu,Jun 26,South-1,Kerala,Palakkad,Face Mask,0.4244,0.0785,1.0,Face Mask & Scrub,18.5065,Compiled_Monthly_Files (Lulu)
Lulu,Jun 26,South-1,Kerala,Thrissur,Face Mask,0.4402,0.0454,1.0,Face Mask & Scrub,10.3182,Compiled_Monthly_Files (Lulu)
Lulu,Jun 26,South-1,Kerala,Trivandrum,Face Mask,2.1697,0.0502,1.0,Face Mask & Scrub,2.3154,Compiled_Monthly_Files (Lulu)
Lulu,Jun 26,South-1,Kerala,Calicut,Face Wash,7.0592,2.2652,2.0,Face Wash & Cleanser,32.0887,Compiled_Monthly_Files (Lulu)
Lulu,Jun 26,South-1,Kerala,Kochi,Face Wash,18.6819,3.6283,2.0,Face Wash & Cleanser,19.4216,Compiled_Monthly_Files (Lulu)
Lulu,Jun 26,South-1,Kerala,Kottayam,Face Wash,7.2523,1.0796,1.0,Face Wash & Cleanser,14.8857,Compiled_Monthly_Files (Lulu)
Lulu,Jun 26,South-1,Kerala,Kottiyam,Face Wash,2.2535,0.6654,1.0,Face Wash & Cleanser,29.527,Compiled_Monthly_Files (Lulu)
Lulu,Jun 26,South-1,Kerala,Palakkad,Face Wash,4.5466,0.8309,1.0,Face Wash & Cleanser,18.2746,Compiled_Monthly_Files (Lulu)
Lulu,Jun 26,South-1,Kerala,Thrissur,Face Wash,3.2296,1.2324,1.0,Face Wash & Cleanser,38.1604,Compiled_Monthly_Files (Lulu)
Lulu,Jun 26,South-1,Kerala,Trivandrum,Face Wash,14.1958,2.4841,1.0,Face Wash & Cleanser,17.4988,Compiled_Monthly_Files (Lulu)
Lulu,Jun 26,South-1,Kerala,,Face Wash,2.3195,0.1369,1.0,Face Wash & Cleanser,5.9039,Compiled_Monthly_Files (Lulu)
Lulu,Jun 26,South-1,Kerala,Kochi,Facial Cleanser,0.456,0.0034,1.0,Face Wash & Cleanser,0.7397,Compiled_Monthly_Files (Lulu)
Lulu,Jun 26,South-1,Kerala,Kottayam,Facial Cleanser,1.2573,0.0034,1.0,Face Wash & Cleanser,0.2682,Compiled_Monthly_Files (Lulu)
Lulu,Jun 26,South-1,Kerala,,Facial Cleanser,0.2526,0.0101,1.0,Face Wash & Cleanser,4.0062,Compiled_Monthly_Files (Lulu)
Lulu,Jun 26,South-1,Kerala,Calicut,Facial Scrub,0.22,0.0236,1.0,Face Mask & Scrub,10.7264,Compiled_Monthly_Files (Lulu)
Lulu,Jun 26,South-1,Kerala,Kochi,Facial Scrub,0.1692,0.0354,1.0,Face Mask & Scrub,20.9149,Compiled_Monthly_Files (Lulu)
Lulu,Jun 26,South-1,Kerala,Kottayam,Facial Scrub,0.6623,0.1003,1.0,Face Mask & Scrub,15.1394,Compiled_Monthly_Files (Lulu)
Lulu,Jun 26,South-1,Kerala,Thrissur,Facial Scrub,0.1808,0.0265,1.0,Face Mask & Scrub,14.6845,Compiled_Monthly_Files (Lulu)
Lulu,Jun 26,South-1,Kerala,Trivandrum,Facial Scrub,1.1292,0.233,1.0,Face Mask & Scrub,20.6332,Compiled_Monthly_Files (Lulu)
Lulu,Jun 26,South-1,Kerala,,Facial Scrub,0.1476,0.0059,1.0,Face Mask & Scrub,3.9966,Compiled_Monthly_Files (Lulu)
Lulu,Jun 26,South-1,Kerala,Calicut,Fairness/Whtng.Cream,0.9959,0.0093,1.0,Face Moisturiser & Cream,0.9317,Compiled_Monthly_Files (Lulu)
Lulu,Jun 26,South-1,Kerala,Kochi,Fairness/Whtng.Cream,4.3502,0.0951,2.0,Face Moisturiser & Cream,2.1866,Compiled_Monthly_Files (Lulu)
Lulu,Jun 26,South-1,Kerala,Kottayam,Fairness/Whtng.Cream,1.7566,0.0539,1.0,Face Moisturiser & Cream,3.0713,Compiled_Monthly_Files (Lulu)
Lulu,Jun 26,South-1,Kerala,Palakkad,Fairness/Whtng.Cream,1.0437,0.0504,1.0,Face Moisturiser & Cream,4.833,Compiled_Monthly_Files (Lulu)
Lulu,Jun 26,South-1,Kerala,Thrissur,Fairness/Whtng.Cream,0.4696,0.0101,1.0,Face Moisturiser & Cream,2.1548,Compiled_Monthly_Files (Lulu)
Lulu,Jun 26,South-1,Kerala,Trivandrum,Fairness/Whtng.Cream,3.7451,0.2196,1.0,Face Moisturiser & Cream,5.8647,Compiled_Monthly_Files (Lulu)
Lulu,Jun 26,South-1,Kerala,Calicut,Female & Unisex Deo,3.1001,0.0828,2.0,Deodorant,2.6699,Compiled_Monthly_Files (Lulu)
Lulu,Jun 26,South-1,Kerala,Kochi,Female & Unisex Deo,6.6279,0.0913,1.0,Deodorant,1.3768,Compiled_Monthly_Files (Lulu)
Lulu,Jun 26,South-1,Kerala,Kottayam,Female & Unisex Deo,3.5791,0.0583,1.0,Deodorant,1.6281,Compiled_Monthly_Files (Lulu)
Lulu,Jun 26,South-1,Kerala,Palakkad,Female & Unisex Deo,1.3812,0.033,1.0,Deodorant,2.3868,Compiled_Monthly_Files (Lulu)
Lulu,Jun 26,South-1,Kerala,Thrissur,Female & Unisex Deo,1.1861,0.0888,1.0,Deodorant,7.487,Compiled_Monthly_Files (Lulu)
Lulu,Jun 26,South-1,Kerala,Kochi,Hair Gel,0.1418,0.0088,1.0,Hair Treatment & Styling,6.2377,Compiled_Monthly_Files (Lulu)
Lulu,Jun 26,South-1,Kerala,Kottayam,Hair Gel,0.2604,0.0147,1.0,Hair Treatment & Styling,5.6638,Compiled_Monthly_Files (Lulu)
Lulu,Jun 26,South-1,Kerala,Thrissur,Hair Gel,0.1861,0.0029,1.0,Hair Treatment & Styling,1.5848,Compiled_Monthly_Files (Lulu)
Lulu,Jun 26,South-1,Kerala,,Hair Gel,0.1844,0.0088,1.0,Hair Treatment & Styling,4.7968,Compiled_Monthly_Files (Lulu)
Lulu,Jun 26,South-1,Kerala,Calicut,Hair Oils,2.7728,0.0429,1.0,Hair Oil,1.5484,Compiled_Monthly_Files (Lulu)
Lulu,Jun 26,South-1,Kerala,Kochi,Hair Oils,10.3025,0.116,2.0,Hair Oil,1.1261,Compiled_Monthly_Files (Lulu)
Lulu,Jun 26,South-1,Kerala,Kottayam,Hair Oils,4.255,0.0763,1.0,Hair Oil,1.7922,Compiled_Monthly_Files (Lulu)
Lulu,Jun 26,South-1,Kerala,Kottiyam,Hair Oils,0.6055,0.0152,1.0,Hair Oil,2.5102,Compiled_Monthly_Files (Lulu)
Lulu,Jun 26,South-1,Kerala,Palakkad,Hair Oils,1.986,0.0369,1.0,Hair Oil,1.8592,Compiled_Monthly_Files (Lulu)
Lulu,Jun 26,South-1,Kerala,Thrissur,Hair Oils,0.7505,0.071,1.0,Hair Oil,9.4548,Compiled_Monthly_Files (Lulu)
Lulu,Jun 26,South-1,Kerala,Trivandrum,Hair Oils,8.3601,0.1696,1.0,Hair Oil,2.0287,Compiled_Monthly_Files (Lulu)
Lulu,Jun 26,South-1,Kerala,,Hair Oils,1.4005,0.0177,1.0,Hair Oil,1.2615,Compiled_Monthly_Files (Lulu)
Lulu,Jun 26,South-1,Kerala,Calicut,Hair Treatments&Mask,1.8366,0.0404,1.0,Hair Treatment & Styling,2.2009,Compiled_Monthly_Files (Lulu)
Lulu,Jun 26,South-1,Kerala,Kochi,Hair Treatments&Mask,0.9556,0.0025,1.0,Hair Treatment & Styling,0.2643,Compiled_Monthly_Files (Lulu)
Lulu,Jun 26,South-1,Kerala,Kottayam,Hair Treatments&Mask,2.1029,0.0556,1.0,Hair Treatment & Styling,2.6419,Compiled_Monthly_Files (Lulu)
Lulu,Jun 26,South-1,Kerala,Kottiyam,Hair Treatments&Mask,0.4933,0.0303,1.0,Hair Treatment & Styling,6.1429,Compiled_Monthly_Files (Lulu)
Lulu,Jun 26,South-1,Kerala,Thrissur,Hair Treatments&Mask,0.8675,0.0379,1.0,Hair Treatment & Styling,4.3727,Compiled_Monthly_Files (Lulu)
Lulu,Jun 26,South-1,Kerala,Trivandrum,Hair Treatments&Mask,4.4914,0.0936,1.0,Hair Treatment & Styling,2.0842,Compiled_Monthly_Files (Lulu)
Lulu,Jun 26,South-1,Kerala,Kochi,Henna Colorants,0.1232,0.0253,1.0,Hair Treatment & Styling,20.5569,Compiled_Monthly_Files (Lulu)
Lulu,Jun 26,South-1,Kerala,Kottiyam,Henna Colorants,0.1111,0.0084,1.0,Hair Treatment & Styling,7.5992,Compiled_Monthly_Files (Lulu)
Lulu,Jun 26,South-1,Kerala,Palakkad,Henna Colorants,0.4006,0.0675,1.0,Hair Treatment & Styling,16.8545,Compiled_Monthly_Files (Lulu)
Lulu,Jun 26,South-1,Kerala,Thrissur,Henna Colorants,0.1381,0.0127,1.0,Hair Treatment & Styling,9.1664,Compiled_Monthly_Files (Lulu)
Lulu,Jun 26,South-1,Kerala,Calicut,Lip Balms,0.9854,0.0845,2.0,Lip Care,8.5716,Compiled_Monthly_Files (Lulu)
Lulu,Jun 26,South-1,Kerala,Kochi,Lip Balms,3.0395,0.3429,2.0,Lip Care,11.2812,Compiled_Monthly_Files (Lulu)
Lulu,Jun 26,South-1,Kerala,Kottayam,Lip Balms,1.4368,0.1476,1.0,Lip Care,10.2754,Compiled_Monthly_Files (Lulu)
Lulu,Jun 26,South-1,Kerala,Kottiyam,Lip Balms,0.2713,0.0168,1.0,Lip Care,6.1973,Compiled_Monthly_Files (Lulu)
Lulu,Jun 26,South-1,Kerala,Palakkad,Lip Balms,0.5312,0.0682,1.0,Lip Care,12.8407,Compiled_Monthly_Files (Lulu)
Lulu,Jun 26,South-1,Kerala,Thrissur,Lip Balms,0.3025,0.0902,1.0,Lip Care,29.8096,Compiled_Monthly_Files (Lulu)
Lulu,Jun 26,South-1,Kerala,Trivandrum,Lip Balms,3.0889,0.6824,1.0,Lip Care,22.0912,Compiled_Monthly_Files (Lulu)
Lulu,Jun 26,South-1,Kerala,,Lip Balms,0.3152,0.0349,1.0,Lip Care,11.0708,Compiled_Monthly_Files (Lulu)
Lulu,Jun 26,South-1,Kerala,Calicut,Moistur.Cream/Fluid,5.6094,0.4066,2.0,Face Moisturiser & Cream,7.2491,Compiled_Monthly_Files (Lulu)
Lulu,Jun 26,South-1,Kerala,Kochi,Moistur.Cream/Fluid,15.6216,1.1154,2.0,Face Moisturiser & Cream,7.1402,Compiled_Monthly_Files (Lulu)
Lulu,Jun 26,South-1,Kerala,Kottayam,Moistur.Cream/Fluid,7.0875,0.3937,1.0,Face Moisturiser & Cream,5.5543,Compiled_Monthly_Files (Lulu)
Lulu,Jun 26,South-1,Kerala,Kottiyam,Moistur.Cream/Fluid,1.615,0.1137,1.0,Face Moisturiser & Cream,7.0375,Compiled_Monthly_Files (Lulu)
Lulu,Jun 26,South-1,Kerala,Palakkad,Moistur.Cream/Fluid,3.3864,0.3204,1.0,Face Moisturiser & Cream,9.4613,Compiled_Monthly_Files (Lulu)
Lulu,Jun 26,South-1,Kerala,Thrissur,Moistur.Cream/Fluid,2.4242,0.3588,1.0,Face Moisturiser & Cream,14.8007,Compiled_Monthly_Files (Lulu)
Lulu,Jun 26,South-1,Kerala,Trivandrum,Moistur.Cream/Fluid,11.1926,1.2585,1.0,Face Moisturiser & Cream,11.244,Compiled_Monthly_Files (Lulu)
Lulu,Jun 26,South-1,Kerala,,Moistur.Cream/Fluid,1.9059,0.0664,1.0,Face Moisturiser & Cream,3.4856,Compiled_Monthly_Files (Lulu)
Lulu,Jun 26,South-1,Kerala,Calicut,Other Baby care,0.7582,0.0076,1.0,Baby Care,1.0015,Compiled_Monthly_Files (Lulu)
Lulu,Jun 26,South-1,Kerala,Kochi,Other Baby care,0.2565,0.0087,1.0,Baby Care,3.3839,Compiled_Monthly_Files (Lulu)
Lulu,Jun 26,South-1,Kerala,Kottiyam,Other Baby care,0.2592,0.0033,1.0,Baby Care,1.2554,Compiled_Monthly_Files (Lulu)
Lulu,Jun 26,South-1,Kerala,Palakkad,Other Baby care,0.5563,0.0098,1.0,Baby Care,1.7549,Compiled_Monthly_Files (Lulu)
Lulu,Jun 26,South-1,Kerala,Thrissur,Other Baby care,0.1915,0.0119,1.0,Baby Care,6.2322,Compiled_Monthly_Files (Lulu)
Lulu,Jun 26,South-1,Kerala,Trivandrum,Other Baby care,2.8197,0.0065,1.0,Baby Care,0.2308,Compiled_Monthly_Files (Lulu)
Lulu,Jun 26,South-1,Kerala,Calicut,Other Facial Care,4.059,0.4255,2.0,Face Moisturiser & Cream,10.484,Compiled_Monthly_Files (Lulu)
Lulu,Jun 26,South-1,Kerala,Kochi,Other Facial Care,8.7727,1.1298,2.0,Face Moisturiser & Cream,12.8784,Compiled_Monthly_Files (Lulu)
Lulu,Jun 26,South-1,Kerala,Kottayam,Other Facial Care,4.4905,0.7988,1.0,Face Moisturiser & Cream,17.7887,Compiled_Monthly_Files (Lulu)
Lulu,Jun 26,South-1,Kerala,Palakkad,Other Facial Care,2.4341,0.3912,1.0,Face Moisturiser & Cream,16.0726,Compiled_Monthly_Files (Lulu)
Lulu,Jun 26,South-1,Kerala,Thrissur,Other Facial Care,1.6425,0.381,1.0,Face Moisturiser & Cream,23.1973,Compiled_Monthly_Files (Lulu)
Lulu,Jun 26,South-1,Kerala,Trivandrum,Other Facial Care,7.0703,0.9106,1.0,Face Moisturiser & Cream,12.8787,Compiled_Monthly_Files (Lulu)
Lulu,Jun 26,South-1,Kerala,,Other Facial Care,0.4239,0.0731,1.0,Face Moisturiser & Cream,17.235,Compiled_Monthly_Files (Lulu)
Lulu,Jun 26,South-1,Kerala,Calicut,Other Skin Care,0.2716,0.0051,1.0,Face Moisturiser & Cream,1.866,Compiled_Monthly_Files (Lulu)
Lulu,Jun 26,South-1,Kerala,Kochi,Other Skin Care,1.1128,0.0405,1.0,Face Moisturiser & Cream,3.6434,Compiled_Monthly_Files (Lulu)
Lulu,Jun 26,South-1,Kerala,Palakkad,Other Skin Care,0.192,0.0101,1.0,Face Moisturiser & Cream,5.2792,Compiled_Monthly_Files (Lulu)
Lulu,Jun 26,South-1,Kerala,Trivandrum,Other Skin Care,1.0149,0.0608,1.0,Face Moisturiser & Cream,5.992,Compiled_Monthly_Files (Lulu)
Lulu,Jun 26,South-1,Kerala,Calicut,Shampoo,9.5406,0.4418,2.0,Shampoo,4.6302,Compiled_Monthly_Files (Lulu)
Lulu,Jun 26,South-1,Kerala,Kochi,Shampoo,31.7951,1.4763,2.0,Shampoo,4.643,Compiled_Monthly_Files (Lulu)
Lulu,Jun 26,South-1,Kerala,Kottayam,Shampoo,12.0826,0.5698,1.0,Shampoo,4.716,Compiled_Monthly_Files (Lulu)
Lulu,Jun 26,South-1,Kerala,Kottiyam,Shampoo,2.2274,0.0825,1.0,Shampoo,3.704,Compiled_Monthly_Files (Lulu)
Lulu,Jun 26,South-1,Kerala,Palakkad,Shampoo,6.7396,0.2296,1.0,Shampoo,3.4066,Compiled_Monthly_Files (Lulu)
Lulu,Jun 26,South-1,Kerala,Thrissur,Shampoo,4.4687,0.3441,1.0,Shampoo,7.6992,Compiled_Monthly_Files (Lulu)
Lulu,Jun 26,South-1,Kerala,Trivandrum,Shampoo,22.6218,1.0688,1.0,Shampoo,4.7245,Compiled_Monthly_Files (Lulu)
Lulu,Jun 26,South-1,Kerala,,Shampoo,4.1403,0.0335,1.0,Shampoo,0.8095,Compiled_Monthly_Files (Lulu)
Lulu,Jun 26,South-1,Kerala,Calicut,Shower Gel&Body Wash,7.5699,0.1696,2.0,Body Wash & Soap,2.2401,Compiled_Monthly_Files (Lulu)
Lulu,Jun 26,South-1,Kerala,Kochi,Shower Gel&Body Wash,16.517,0.2228,1.0,Body Wash & Soap,1.3488,Compiled_Monthly_Files (Lulu)
Lulu,Jun 26,South-1,Kerala,Kottayam,Shower Gel&Body Wash,8.9296,0.4992,1.0,Body Wash & Soap,5.5908,Compiled_Monthly_Files (Lulu)
Lulu,Jun 26,South-1,Kerala,Palakkad,Shower Gel&Body Wash,4.028,0.0611,1.0,Body Wash & Soap,1.5157,Compiled_Monthly_Files (Lulu)
Lulu,Jun 26,South-1,Kerala,Thrissur,Shower Gel&Body Wash,2.9803,0.2575,1.0,Body Wash & Soap,8.6401,Compiled_Monthly_Files (Lulu)
Lulu,Jun 26,South-1,Kerala,Trivandrum,Shower Gel&Body Wash,18.1441,0.9654,1.0,Body Wash & Soap,5.3209,Compiled_Monthly_Files (Lulu)
Lulu,Jun 26,South-1,Kerala,Calicut,Sun Care,3.0667,1.153,2.0,Sun Care,37.598,Compiled_Monthly_Files (Lulu)
Lulu,Jun 26,South-1,Kerala,Kochi,Sun Care,9.8396,2.274,2.0,Sun Care,23.111,Compiled_Monthly_Files (Lulu)
Lulu,Jun 26,South-1,Kerala,Kottayam,Sun Care,3.8791,1.0383,1.0,Sun Care,26.7654,Compiled_Monthly_Files (Lulu)
Lulu,Jun 26,South-1,Kerala,Kottiyam,Sun Care,1.0412,0.3281,1.0,Sun Care,31.5106,Compiled_Monthly_Files (Lulu)
Lulu,Jun 26,South-1,Kerala,Palakkad,Sun Care,2.6594,1.0411,1.0,Sun Care,39.1488,Compiled_Monthly_Files (Lulu)
Lulu,Jun 26,South-1,Kerala,Thrissur,Sun Care,1.5209,0.8924,1.0,Sun Care,58.6772,Compiled_Monthly_Files (Lulu)
Lulu,Jun 26,South-1,Kerala,Trivandrum,Sun Care,10.0392,3.4915,1.0,Sun Care,34.7789,Compiled_Monthly_Files (Lulu)
Lulu,Jun 26,South-1,Kerala,,Sun Care,0.5267,0.1003,1.0,Sun Care,19.0494,Compiled_Monthly_Files (Lulu)
Lulu,Jun 26,South-1,Kerala,Calicut,Tooth Paste,11.6618,0.0312,1.0,Oral Care,0.2675,Compiled_Monthly_Files (Lulu)
Lulu,Jun 26,South-1,Kerala,Kochi,Tooth Paste,38.2519,0.0662,1.0,Oral Care,0.1731,Compiled_Monthly_Files (Lulu)
Lulu,Jun 26,South-1,Kerala,Kottayam,Tooth Paste,21.4631,0.0786,1.0,Oral Care,0.3662,Compiled_Monthly_Files (Lulu)
Lulu,Jun 26,South-1,Kerala,Palakkad,Tooth Paste,11.6231,0.0724,1.0,Oral Care,0.6226,Compiled_Monthly_Files (Lulu)
Lulu,Jun 26,South-1,Kerala,Thrissur,Tooth Paste,7.0331,0.0424,1.0,Oral Care,0.6031,Compiled_Monthly_Files (Lulu)
Lulu,Jun 26,South-1,Kerala,Trivandrum,Tooth Paste,37.6031,0.0087,1.0,Oral Care,0.0232,Compiled_Monthly_Files (Lulu)
Lulu,Jun 26,South-1,Kerala,,Tooth Paste,5.7547,0.005,1.0,Oral Care,0.0867,Compiled_Monthly_Files (Lulu)
Lulu,Jun 26,South-1,Tamil Nadu,Coimbatore,Baby Bath,1.1993,0.0287,1.0,Baby Care,2.3904,Compiled_Monthly_Files (Lulu)
Lulu,Jun 26,South-1,Tamil Nadu,Coimbatore,Baby Cream,0.5472,0.0178,1.0,Baby Care,3.2521,Compiled_Monthly_Files (Lulu)
Lulu,Jun 26,South-1,Tamil Nadu,Coimbatore,Baby Lotions,2.0152,0.0248,1.0,Baby Care,1.2301,Compiled_Monthly_Files (Lulu)
Lulu,Jun 26,South-1,Tamil Nadu,Coimbatore,Baby Oil,0.0504,0.0096,1.0,Baby Care,19.0395,Compiled_Monthly_Files (Lulu)
Lulu,Jun 26,South-1,Tamil Nadu,Coimbatore,Baby Powder,0.5993,0.012,1.0,Baby Care,2.0024,Compiled_Monthly_Files (Lulu)
Lulu,Jun 26,South-1,Tamil Nadu,Coimbatore,Baby Shampoos,1.222,0.036,1.0,Baby Care,2.9468,Compiled_Monthly_Files (Lulu)
Lulu,Jun 26,South-1,Tamil Nadu,Coimbatore,Baby Soap,1.7456,0.0532,1.0,Baby Care,3.0499,Compiled_Monthly_Files (Lulu)
Lulu,Jun 26,South-1,Tamil Nadu,Coimbatore,Bath Soaps,51.4031,0.9566,1.0,Body Wash & Soap,1.8611,Compiled_Monthly_Files (Lulu)
Lulu,Jun 26,South-1,Tamil Nadu,Coimbatore,Body Lotion,8.6084,1.8855,1.0,Body Lotion & Care,21.9027,Compiled_Monthly_Files (Lulu)
Lulu,Jun 26,South-1,Tamil Nadu,Coimbatore,Conditioners,5.8917,0.1748,1.0,Conditioner,2.9675,Compiled_Monthly_Files (Lulu)
Lulu,Jun 26,South-1,Tamil Nadu,Coimbatore,Eye Care,1.0413,0.1797,1.0,Face Moisturiser & Cream,17.2539,Compiled_Monthly_Files (Lulu)
Lulu,Jun 26,South-1,Tamil Nadu,Coimbatore,Face Mask,1.1908,0.2716,1.0,Face Mask & Scrub,22.812,Compiled_Monthly_Files (Lulu)
Lulu,Jun 26,South-1,Tamil Nadu,Coimbatore,Face Wash,15.307,6.5925,1.0,Face Wash & Cleanser,43.0681,Compiled_Monthly_Files (Lulu)
Lulu,Jun 26,South-1,Tamil Nadu,Coimbatore,Facial Cleanser,1.8339,0.0058,1.0,Face Wash & Cleanser,0.3142,Compiled_Monthly_Files (Lulu)
Lulu,Jun 26,South-1,Tamil Nadu,Coimbatore,Facial Scrub,0.2776,0.0086,1.0,Face Mask & Scrub,3.1043,Compiled_Monthly_Files (Lulu)
Lulu,Jun 26,South-1,Tamil Nadu,Coimbatore,Fairness/Whtng.Cream,2.8005,0.2308,1.0,Face Moisturiser & Cream,8.2417,Compiled_Monthly_Files (Lulu)
Lulu,Jun 26,South-1,Tamil Nadu,Coimbatore,Female & Unisex Deo,4.5062,0.1186,1.0,Deodorant,2.6324,Compiled_Monthly_Files (Lulu)
Lulu,Jun 26,South-1,Tamil Nadu,Coimbatore,Hair Gel,0.3852,0.0251,1.0,Hair Treatment & Styling,6.5152,Compiled_Monthly_Files (Lulu)
Lulu,Jun 26,South-1,Tamil Nadu,Coimbatore,Hair Oils,7.7317,0.1112,1.0,Hair Oil,1.4387,Compiled_Monthly_Files (Lulu)
Lulu,Jun 26,South-1,Tamil Nadu,Coimbatore,Hair Treatments&Mask,5.791,0.167,1.0,Hair Treatment & Styling,2.8832,Compiled_Monthly_Files (Lulu)
Lulu,Jun 26,South-1,Tamil Nadu,Coimbatore,Lip Balms,2.0485,0.0547,1.0,Lip Care,2.6724,Compiled_Monthly_Files (Lulu)
Lulu,Jun 26,South-1,Tamil Nadu,Coimbatore,Moistur.Cream/Fluid,11.9104,1.4213,1.0,Face Moisturiser & Cream,11.9329,Compiled_Monthly_Files (Lulu)
Lulu,Jun 26,South-1,Tamil Nadu,Coimbatore,Other Facial Care,10.7205,2.257,1.0,Face Moisturiser & Cream,21.0535,Compiled_Monthly_Files (Lulu)
Lulu,Jun 26,South-1,Tamil Nadu,Coimbatore,Other Skin Care,0.8264,0.0326,1.0,Face Moisturiser & Cream,3.9411,Compiled_Monthly_Files (Lulu)
Lulu,Jun 26,South-1,Tamil Nadu,Coimbatore,Shampoo,35.4321,5.6156,1.0,Shampoo,15.849,Compiled_Monthly_Files (Lulu)
Lulu,Jun 26,South-1,Tamil Nadu,Coimbatore,Shower Gel&Body Wash,14.0489,0.0272,1.0,Body Wash & Soap,0.1935,Compiled_Monthly_Files (Lulu)
Lulu,Jun 26,South-1,Tamil Nadu,Coimbatore,Sun Care,9.1628,4.4872,1.0,Sun Care,48.9715,Compiled_Monthly_Files (Lulu)
Lulu,Jun 26,South-1,Tamil Nadu,Coimbatore,Tooth Paste,33.6319,0.034,1.0,Oral Care,0.1011,Compiled_Monthly_Files (Lulu)
Lulu,Jun 26,South-2,Telangana,Hyderabad,Baby Bath,0.3769,0.0463,1.0,Baby Care,12.2841,Compiled_Monthly_Files (Lulu)
Lulu,Jun 26,South-2,Telangana,Hyderabad,Baby Cream,0.2194,0.0101,1.0,Baby Care,4.5884,Compiled_Monthly_Files (Lulu)
Lulu,Jun 26,South-2,Telangana,Hyderabad,Baby Lotions,0.9495,0.0174,1.0,Baby Care,1.8377,Compiled_Monthly_Files (Lulu)
Lulu,Jun 26,South-2,Telangana,Hyderabad,Baby Oil,0.0801,0.0098,1.0,Baby Care,12.2477,Compiled_Monthly_Files (Lulu)
Lulu,Jun 26,South-2,Telangana,Hyderabad,Baby Shampoos,0.4262,0.0323,1.0,Baby Care,7.569,Compiled_Monthly_Files (Lulu)
Lulu,Jun 26,South-2,Telangana,Hyderabad,Baby Soap,1.9353,0.0039,1.0,Baby Care,0.2018,Compiled_Monthly_Files (Lulu)
Lulu,Jun 26,South-2,Telangana,Hyderabad,Bath Soaps,14.5604,0.2052,1.0,Body Wash & Soap,1.409,Compiled_Monthly_Files (Lulu)
Lulu,Jun 26,South-2,Telangana,Hyderabad,Body Lotion,3.2171,0.124,1.0,Body Lotion & Care,3.8534,Compiled_Monthly_Files (Lulu)
Lulu,Jun 26,South-2,Telangana,Hyderabad,Conditioners,1.1973,0.1331,1.0,Conditioner,11.1202,Compiled_Monthly_Files (Lulu)
Lulu,Jun 26,South-2,Telangana,Hyderabad,Eye Care,0.2076,0.0232,1.0,Face Moisturiser & Cream,11.1791,Compiled_Monthly_Files (Lulu)
Lulu,Jun 26,South-2,Telangana,Hyderabad,Face Mask,0.7419,0.0502,1.0,Face Mask & Scrub,6.7597,Compiled_Monthly_Files (Lulu)
Lulu,Jun 26,South-2,Telangana,Hyderabad,Face Wash,6.248,3.469,1.0,Face Wash & Cleanser,55.5226,Compiled_Monthly_Files (Lulu)
Lulu,Jun 26,South-2,Telangana,Hyderabad,Facial Scrub,0.2927,0.0383,1.0,Face Mask & Scrub,13.0999,Compiled_Monthly_Files (Lulu)
Lulu,Jun 26,South-2,Telangana,Hyderabad,Fairness/Whtng.Cream,1.0922,0.0501,1.0,Face Moisturiser & Cream,4.5909,Compiled_Monthly_Files (Lulu)
Lulu,Jun 26,South-2,Telangana,Hyderabad,Female & Unisex Deo,1.3692,0.0122,1.0,Deodorant,0.8888,Compiled_Monthly_Files (Lulu)
Lulu,Jun 26,South-2,Telangana,Hyderabad,Hair Gel,0.1284,0.0147,1.0,Hair Treatment & Styling,11.483,Compiled_Monthly_Files (Lulu)
Lulu,Jun 26,South-2,Telangana,Hyderabad,Hair Oils,3.6684,0.0908,1.0,Hair Oil,2.4762,Compiled_Monthly_Files (Lulu)
Lulu,Jun 26,South-2,Telangana,Hyderabad,Hair Treatments&Mask,1.0305,0.0101,1.0,Hair Treatment & Styling,0.9819,Compiled_Monthly_Files (Lulu)
Lulu,Jun 26,South-2,Telangana,Hyderabad,Henna Colorants,0.3008,0.0673,1.0,Hair Treatment & Styling,22.3553,Compiled_Monthly_Files (Lulu)
Lulu,Jun 26,South-2,Telangana,Hyderabad,Lip Balms,1.3589,0.0501,1.0,Lip Care,3.6838,Compiled_Monthly_Files (Lulu)
Lulu,Jun 26,South-2,Telangana,Hyderabad,Moistur.Cream/Fluid,3.3915,0.4085,1.0,Face Moisturiser & Cream,12.0453,Compiled_Monthly_Files (Lulu)
Lulu,Jun 26,South-2,Telangana,Hyderabad,Other Facial Care,2.2255,0.4076,1.0,Face Moisturiser & Cream,18.3155,Compiled_Monthly_Files (Lulu)
Lulu,Jun 26,South-2,Telangana,Hyderabad,Other Skin Care,0.643,0.017,1.0,Face Moisturiser & Cream,2.6492,Compiled_Monthly_Files (Lulu)
Lulu,Jun 26,South-2,Telangana,Hyderabad,Shampoo,12.889,2.0287,1.0,Shampoo,15.74,Compiled_Monthly_Files (Lulu)
Lulu,Jun 26,South-2,Telangana,Hyderabad,Sun Care,3.2309,2.1835,1.0,Sun Care,67.5812,Compiled_Monthly_Files (Lulu)
Lulu,Jun 26,,,,Baby Shampoos,0.1646,0.0061,1.0,Baby Care,3.7203,Compiled_Monthly_Files (Lulu)
Lulu,Jun 26,,,,Baby Soap,0.2394,0.0022,1.0,Baby Care,0.9387,Compiled_Monthly_Files (Lulu)
Lulu,Jun 26,,,,Body Lotion,1.2185,0.0667,1.0,Body Lotion & Care,5.4716,Compiled_Monthly_Files (Lulu)
Lulu,Jun 26,,,,Conditioners,0.6073,0.0168,1.0,Conditioner,2.7714,Compiled_Monthly_Files (Lulu)
Lulu,Jun 26,,,,Face Wash,1.4714,0.5177,1.0,Face Wash & Cleanser,35.1801,Compiled_Monthly_Files (Lulu)
Lulu,Jun 26,,,,Facial Scrub,0.0782,0.0252,1.0,Face Mask & Scrub,32.2957,Compiled_Monthly_Files (Lulu)
Lulu,Jun 26,,,,Lip Balms,0.1859,0.016,1.0,Lip Care,8.5915,Compiled_Monthly_Files (Lulu)
Lulu,Jun 26,,,,Moistur.Cream/Fluid,1.0067,0.0142,1.0,Face Moisturiser & Cream,1.4117,Compiled_Monthly_Files (Lulu)
Lulu,Jun 26,,,,Other Facial Care,0.7089,0.0353,1.0,Face Moisturiser & Cream,4.9812,Compiled_Monthly_Files (Lulu)
Lulu,Jun 26,,,,Shampoo,3.0613,0.2644,1.0,Shampoo,8.6375,Compiled_Monthly_Files (Lulu)
Lulu,Jun 26,,,,Shower Gel&Body Wash,1.52,0.0096,1.0,Body Wash & Soap,0.6345,Compiled_Monthly_Files (Lulu)
Lulu,Jun 26,,,,Sun Care,0.5874,0.2911,1.0,Sun Care,49.563,Compiled_Monthly_Files (Lulu)
Lulu,Jun 26,,,,Tooth Paste,3.5524,0.0179,1.0,Oral Care,0.5027,Compiled_Monthly_Files (Lulu)
Lulu,Jul 26,North,Uttar Pradesh,Lucknow,Baby Bath,1.3965,0.0443,1.0,Baby Care,3.1733,Compiled_Monthly_Files (Lulu)
Lulu,Jul 26,North,Uttar Pradesh,Lucknow,Baby Lotions,1.3296,0.0591,1.0,Baby Care,4.4439,Compiled_Monthly_Files (Lulu)
Lulu,Jul 26,North,Uttar Pradesh,Lucknow,Baby Oil,0.3236,0.0089,1.0,Baby Care,2.7426,Compiled_Monthly_Files (Lulu)
Lulu,Jul 26,North,Uttar Pradesh,Lucknow,Baby Powder,0.8521,0.0118,1.0,Baby Care,1.3854,Compiled_Monthly_Files (Lulu)
Lulu,Jul 26,North,Uttar Pradesh,Lucknow,Baby Shampoos,1.6907,0.1386,1.0,Baby Care,8.1988,Compiled_Monthly_Files (Lulu)
Lulu,Jul 26,North,Uttar Pradesh,Lucknow,Baby Soap,1.1377,0.052,1.0,Baby Care,4.5704,Compiled_Monthly_Files (Lulu)
Lulu,Jul 26,North,Uttar Pradesh,Lucknow,Bath Soaps,46.9312,0.4684,1.0,Body Wash & Soap,0.998,Compiled_Monthly_Files (Lulu)
Lulu,Jul 26,North,Uttar Pradesh,Lucknow,Body Lotion,8.6867,0.6528,1.0,Body Lotion & Care,7.5154,Compiled_Monthly_Files (Lulu)
Lulu,Jul 26,North,Uttar Pradesh,Lucknow,Conditioners,7.6791,0.1217,1.0,Conditioner,1.5852,Compiled_Monthly_Files (Lulu)
Lulu,Jul 26,North,Uttar Pradesh,Lucknow,Eye Care,0.1853,0.0034,1.0,Face Moisturiser & Cream,1.8293,Compiled_Monthly_Files (Lulu)
Lulu,Jul 26,North,Uttar Pradesh,Lucknow,Face Mask,2.6785,0.2316,1.0,Face Mask & Scrub,8.6485,Compiled_Monthly_Files (Lulu)
Lulu,Jul 26,North,Uttar Pradesh,Lucknow,Face Wash,23.5749,7.76,1.0,Face Wash & Cleanser,32.9162,Compiled_Monthly_Files (Lulu)
Lulu,Jul 26,North,Uttar Pradesh,Lucknow,Facial Scrub,1.2326,0.0651,1.0,Face Mask & Scrub,5.279,Compiled_Monthly_Files (Lulu)
Lulu,Jul 26,North,Uttar Pradesh,Lucknow,Fairness/Whtng.Cream,4.7023,0.0443,1.0,Face Moisturiser & Cream,0.9431,Compiled_Monthly_Files (Lulu)
Lulu,Jul 26,North,Uttar Pradesh,Lucknow,Female & Unisex Deo,2.7724,0.1658,1.0,Deodorant,5.9786,Compiled_Monthly_Files (Lulu)
Lulu,Jul 26,North,Uttar Pradesh,Lucknow,Hair Oils,18.2086,0.1937,1.0,Hair Oil,1.0637,Compiled_Monthly_Files (Lulu)
Lulu,Jul 26,North,Uttar Pradesh,Lucknow,Hair Treatments&Mask,5.3163,0.0203,1.0,Hair Treatment & Styling,0.3813,Compiled_Monthly_Files (Lulu)
Lulu,Jul 26,North,Uttar Pradesh,Lucknow,Lip Balms,0.5389,0.0394,1.0,Lip Care,7.3198,Compiled_Monthly_Files (Lulu)
Lulu,Jul 26,North,Uttar Pradesh,Lucknow,Moistur.Cream/Fluid,10.3059,1.3917,1.0,Face Moisturiser & Cream,13.5036,Compiled_Monthly_Files (Lulu)
Lulu,Jul 26,North,Uttar Pradesh,Lucknow,Other Baby care,1.6898,0.0383,1.0,Baby Care,2.2643,Compiled_Monthly_Files (Lulu)
Lulu,Jul 26,North,Uttar Pradesh,Lucknow,Other Facial Care,5.4553,0.6364,1.0,Face Moisturiser & Cream,11.6663,Compiled_Monthly_Files (Lulu)
Lulu,Jul 26,North,Uttar Pradesh,Lucknow,Other Skin Care,1.1124,0.0034,1.0,Face Moisturiser & Cream,0.3055,Compiled_Monthly_Files (Lulu)
Lulu,Jul 26,North,Uttar Pradesh,Lucknow,Shampoo,52.6108,5.3745,1.0,Shampoo,10.2156,Compiled_Monthly_Files (Lulu)
Lulu,Jul 26,North,Uttar Pradesh,Lucknow,Shower Gel&Body Wash,13.7109,0.6051,1.0,Body Wash & Soap,4.4132,Compiled_Monthly_Files (Lulu)
Lulu,Jul 26,North,Uttar Pradesh,Lucknow,Sun Care,6.0831,2.3202,1.0,Sun Care,38.1408,Compiled_Monthly_Files (Lulu)
Lulu,Jul 26,North,Uttar Pradesh,Lucknow,Tooth Paste,33.7849,0.1018,1.0,Oral Care,0.3014,Compiled_Monthly_Files (Lulu)
Lulu,Jul 26,South-1,Karnataka,Bangalore,Baby Bath,0.6475,0.014,1.0,Baby Care,2.1621,Compiled_Monthly_Files (Lulu)
Lulu,Jul 26,South-1,Karnataka,,Baby Bath,0.6042,0.016,2.0,Baby Care,2.648,Compiled_Monthly_Files (Lulu)
Lulu,Jul 26,South-1,Karnataka,Bangalore,Baby Lotions,2.5032,0.0167,1.0,Baby Care,0.6673,Compiled_Monthly_Files (Lulu)
Lulu,Jul 26,South-1,Karnataka,,Baby Lotions,2.846,0.026,3.0,Baby Care,0.913,Compiled_Monthly_Files (Lulu)
Lulu,Jul 26,South-1,Karnataka,,Baby Oil,0.1,0.0174,2.0,Baby Care,17.3816,Compiled_Monthly_Files (Lulu)
Lulu,Jul 26,South-1,Karnataka,Bangalore,Baby Shampoos,0.835,0.0023,1.0,Baby Care,0.2783,Compiled_Monthly_Files (Lulu)
Lulu,Jul 26,South-1,Karnataka,,Baby Shampoos,1.1422,0.0522,4.0,Baby Care,4.5725,Compiled_Monthly_Files (Lulu)
Lulu,Jul 26,South-1,Karnataka,Bangalore,Baby Soap,1.5006,0.0179,1.0,Baby Care,1.1938,Compiled_Monthly_Files (Lulu)
Lulu,Jul 26,South-1,Karnataka,,Baby Soap,1.8702,0.0423,4.0,Baby Care,2.261,Compiled_Monthly_Files (Lulu)
Lulu,Jul 26,South-1,Karnataka,Bangalore,Bath Soaps,20.8215,0.156,1.0,Body Wash & Soap,0.749,Compiled_Monthly_Files (Lulu)
Lulu,Jul 26,South-1,Karnataka,,Bath Soaps,28.4052,0.177,4.0,Body Wash & Soap,0.6232,Compiled_Monthly_Files (Lulu)
Lulu,Jul 26,South-1,Karnataka,Bangalore,Body Lotion,7.8673,0.2682,1.0,Body Lotion & Care,3.4088,Compiled_Monthly_Files (Lulu)
Lulu,Jul 26,South-1,Karnataka,,Body Lotion,13.1012,0.7907,4.0,Body Lotion & Care,6.0355,Compiled_Monthly_Files (Lulu)
Lulu,Jul 26,South-1,Karnataka,Bangalore,Conditioners,3.6595,0.1703,1.0,Conditioner,4.6544,Compiled_Monthly_Files (Lulu)
Lulu,Jul 26,South-1,Karnataka,,Conditioners,6.2401,0.2022,4.0,Conditioner,3.2405,Compiled_Monthly_Files (Lulu)
Lulu,Jul 26,South-1,Karnataka,Bangalore,Face Mask,1.8056,0.1642,1.0,Face Mask & Scrub,9.096,Compiled_Monthly_Files (Lulu)
Lulu,Jul 26,South-1,Karnataka,,Face Mask,0.9354,0.0249,2.0,Face Mask & Scrub,2.6618,Compiled_Monthly_Files (Lulu)
Lulu,Jul 26,South-1,Karnataka,Bangalore,Face Wash,9.3556,2.8054,1.0,Face Wash & Cleanser,29.9864,Compiled_Monthly_Files (Lulu)
Lulu,Jul 26,South-1,Karnataka,,Face Wash,13.216,5.1463,4.0,Face Wash & Cleanser,38.9397,Compiled_Monthly_Files (Lulu)
Lulu,Jul 26,South-1,Karnataka,Bangalore,Facial Cleanser,1.1389,0.0115,1.0,Face Wash & Cleanser,1.0089,Compiled_Monthly_Files (Lulu)
Lulu,Jul 26,South-1,Karnataka,,Facial Cleanser,1.4157,0.0057,2.0,Face Wash & Cleanser,0.4059,Compiled_Monthly_Files (Lulu)
Lulu,Jul 26,South-1,Karnataka,Bangalore,Facial Scrub,0.4384,0.0276,1.0,Face Mask & Scrub,6.294,Compiled_Monthly_Files (Lulu)
Lulu,Jul 26,South-1,Karnataka,,Facial Scrub,0.6583,0.1028,4.0,Face Mask & Scrub,15.6221,Compiled_Monthly_Files (Lulu)
Lulu,Jul 26,South-1,Karnataka,Bangalore,Fairness/Whtng.Cream,1.7239,0.0271,1.0,Face Moisturiser & Cream,1.5692,Compiled_Monthly_Files (Lulu)
Lulu,Jul 26,South-1,Karnataka,,Fairness/Whtng.Cream,2.3297,0.0557,4.0,Face Moisturiser & Cream,2.3892,Compiled_Monthly_Files (Lulu)
Lulu,Jul 26,South-1,Karnataka,Bangalore,Female & Unisex Deo,1.9405,0.0782,1.0,Deodorant,4.0316,Compiled_Monthly_Files (Lulu)
Lulu,Jul 26,South-1,Karnataka,,Female & Unisex Deo,0.8126,0.0909,1.0,Deodorant,11.1887,Compiled_Monthly_Files (Lulu)
Lulu,Jul 26,South-1,Karnataka,Bangalore,Hair Gel,0.1042,0.0108,1.0,Hair Treatment & Styling,10.3817,Compiled_Monthly_Files (Lulu)
Lulu,Jul 26,South-1,Karnataka,,Hair Gel,0.3138,0.0219,3.0,Hair Treatment & Styling,6.972,Compiled_Monthly_Files (Lulu)
Lulu,Jul 26,South-1,Karnataka,Bangalore,Hair Oils,2.4221,0.0545,1.0,Hair Oil,2.2495,Compiled_Monthly_Files (Lulu)
Lulu,Jul 26,South-1,Karnataka,,Hair Oils,3.4206,0.1323,3.0,Hair Oil,3.8666,Compiled_Monthly_Files (Lulu)
Lulu,Jul 26,South-1,Karnataka,Bangalore,Hair Treatments&Mask,1.8822,0.0349,1.0,Hair Treatment & Styling,1.8551,Compiled_Monthly_Files (Lulu)
Lulu,Jul 26,South-1,Karnataka,,Hair Treatments&Mask,2.6416,0.1018,4.0,Hair Treatment & Styling,3.8555,Compiled_Monthly_Files (Lulu)
Lulu,Jul 26,South-1,Karnataka,Bangalore,Lip Balms,1.1201,0.0249,1.0,Lip Care,2.2198,Compiled_Monthly_Files (Lulu)
Lulu,Jul 26,South-1,Karnataka,,Lip Balms,2.1307,0.1661,4.0,Lip Care,7.7955,Compiled_Monthly_Files (Lulu)
Lulu,Jul 26,South-1,Karnataka,Bangalore,Moistur.Cream/Fluid,7.4768,0.2475,1.0,Face Moisturiser & Cream,3.3101,Compiled_Monthly_Files (Lulu)
Lulu,Jul 26,South-1,Karnataka,,Moistur.Cream/Fluid,9.4357,0.2123,4.0,Face Moisturiser & Cream,2.2499,Compiled_Monthly_Files (Lulu)
Lulu,Jul 26,South-1,Karnataka,Bangalore,Other Baby care,0.8641,0.0052,1.0,Baby Care,0.6032,Compiled_Monthly_Files (Lulu)
Lulu,Jul 26,South-1,Karnataka,,Other Baby care,0.7782,0.0259,4.0,Baby Care,3.3261,Compiled_Monthly_Files (Lulu)
Lulu,Jul 26,South-1,Karnataka,Bangalore,Other Facial Care,5.0998,0.8241,1.0,Face Moisturiser & Cream,16.1594,Compiled_Monthly_Files (Lulu)
Lulu,Jul 26,South-1,Karnataka,,Other Facial Care,9.1814,0.8612,4.0,Face Moisturiser & Cream,9.38,Compiled_Monthly_Files (Lulu)
Lulu,Jul 26,South-1,Karnataka,Bangalore,Other Skin Care,0.5884,0.034,1.0,Face Moisturiser & Cream,5.7769,Compiled_Monthly_Files (Lulu)
Lulu,Jul 26,South-1,Karnataka,Bangalore,Shampoo,19.584,1.7998,1.0,Shampoo,9.1902,Compiled_Monthly_Files (Lulu)
Lulu,Jul 26,South-1,Karnataka,,Shampoo,30.6007,2.2337,4.0,Shampoo,7.2994,Compiled_Monthly_Files (Lulu)
Lulu,Jul 26,South-1,Karnataka,Bangalore,Shower Gel&Body Wash,8.7846,0.132,1.0,Body Wash & Soap,1.5024,Compiled_Monthly_Files (Lulu)
Lulu,Jul 26,South-1,Karnataka,,Shower Gel&Body Wash,15.891,0.8446,4.0,Body Wash & Soap,5.3149,Compiled_Monthly_Files (Lulu)
Lulu,Jul 26,South-1,Karnataka,Bangalore,Sun Care,4.5191,2.0548,1.0,Sun Care,45.4686,Compiled_Monthly_Files (Lulu)
Lulu,Jul 26,South-1,Karnataka,,Sun Care,6.1459,3.3618,4.0,Sun Care,54.7,Compiled_Monthly_Files (Lulu)
Lulu,Jul 26,South-1,Karnataka,Bangalore,Tooth Paste,20.1516,0.0541,1.0,Oral Care,0.2683,Compiled_Monthly_Files (Lulu)
Lulu,Jul 26,South-1,Karnataka,,Tooth Paste,28.6641,0.0762,4.0,Oral Care,0.2657,Compiled_Monthly_Files (Lulu)
Lulu,Jul 26,South-1,Kerala,Calicut,Baby Bath,0.7764,0.0295,1.0,Baby Care,3.7941,Compiled_Monthly_Files (Lulu)
Lulu,Jul 26,South-1,Kerala,Kochi,Baby Bath,2.2114,0.0357,2.0,Baby Care,1.6156,Compiled_Monthly_Files (Lulu)
Lulu,Jul 26,South-1,Kerala,Kottayam,Baby Bath,1.1443,0.0379,1.0,Baby Care,3.3164,Compiled_Monthly_Files (Lulu)
Lulu,Jul 26,South-1,Kerala,Kottiyam,Baby Bath,0.0702,0.0084,1.0,Baby Care,11.9787,Compiled_Monthly_Files (Lulu)
Lulu,Jul 26,South-1,Kerala,Thrissur,Baby Bath,0.4244,0.0063,1.0,Baby Care,1.4855,Compiled_Monthly_Files (Lulu)
Lulu,Jul 26,South-1,Kerala,Trivandrum,Baby Bath,1.7313,0.0442,1.0,Baby Care,2.5531,Compiled_Monthly_Files (Lulu)
Lulu,Jul 26,South-1,Kerala,,Baby Bath,0.3251,0.0126,1.0,Baby Care,3.8788,Compiled_Monthly_Files (Lulu)
Lulu,Jul 26,South-1,Kerala,Calicut,Baby Cream,0.5574,0.0135,1.0,Baby Care,2.4203,Compiled_Monthly_Files (Lulu)
Lulu,Jul 26,South-1,Kerala,Kochi,Baby Cream,0.0903,0.0084,1.0,Baby Care,9.29,Compiled_Monthly_Files (Lulu)
Lulu,Jul 26,South-1,Kerala,Kottayam,Baby Cream,0.672,0.0168,1.0,Baby Care,2.4969,Compiled_Monthly_Files (Lulu)
Lulu,Jul 26,South-1,Kerala,Palakkad,Baby Cream,0.4594,0.0084,1.0,Baby Care,1.8261,Compiled_Monthly_Files (Lulu)
Lulu,Jul 26,South-1,Kerala,Thrissur,Baby Cream,0.1806,0.005,1.0,Baby Care,2.7878,Compiled_Monthly_Files (Lulu)
Lulu,Jul 26,South-1,Kerala,Calicut,Baby Lotions,1.4551,0.0021,1.0,Baby Care,0.1444,Compiled_Monthly_Files (Lulu)
Lulu,Jul 26,South-1,Kerala,Kochi,Baby Lotions,4.2467,0.0336,2.0,Baby Care,0.7918,Compiled_Monthly_Files (Lulu)
Lulu,Jul 26,South-1,Kerala,Kottayam,Baby Lotions,2.0185,0.0336,1.0,Baby Care,1.6659,Compiled_Monthly_Files (Lulu)
Lulu,Jul 26,South-1,Kerala,Thrissur,Baby Lotions,0.6512,0.0084,1.0,Baby Care,1.2909,Compiled_Monthly_Files (Lulu)
Lulu,Jul 26,South-1,Kerala,Trivandrum,Baby Lotions,2.6113,0.0546,1.0,Baby Care,2.0926,Compiled_Monthly_Files (Lulu)
Lulu,Jul 26,South-1,Kerala,Kochi,Baby Oil,0.0945,0.005,1.0,Baby Care,5.3412,Compiled_Monthly_Files (Lulu)
Lulu,Jul 26,South-1,Kerala,Thrissur,Baby Powder,0.1037,0.0034,1.0,Baby Care,3.2366,Compiled_Monthly_Files (Lulu)
Lulu,Jul 26,South-1,Kerala,Calicut,Baby Shampoos,0.452,0.0094,1.0,Baby Care,2.0903,Compiled_Monthly_Files (Lulu)
Lulu,Jul 26,South-1,Kerala,Kochi,Baby Shampoos,1.3355,0.0419,2.0,Baby Care,3.1377,Compiled_Monthly_Files (Lulu)
Lulu,Jul 26,South-1,Kerala,Kottayam,Baby Shampoos,0.5281,0.0168,1.0,Baby Care,3.1738,Compiled_Monthly_Files (Lulu)
Lulu,Jul 26,South-1,Kerala,Kottiyam,Baby Shampoos,0.109,0.0168,1.0,Baby Care,15.4506,Compiled_Monthly_Files (Lulu)
Lulu,Jul 26,South-1,Kerala,Palakkad,Baby Shampoos,0.3925,0.0147,1.0,Baby Care,3.7363,Compiled_Monthly_Files (Lulu)
Lulu,Jul 26,South-1,Kerala,Thrissur,Baby Shampoos,0.1426,0.0236,1.0,Baby Care,16.5331,Compiled_Monthly_Files (Lulu)
Lulu,Jul 26,South-1,Kerala,Trivandrum,Baby Shampoos,1.1538,0.0421,1.0,Baby Care,3.6485,Compiled_Monthly_Files (Lulu)
Lulu,Jul 26,South-1,Kerala,Calicut,Baby Soap,1.3748,0.0189,2.0,Baby Care,1.3758,Compiled_Monthly_Files (Lulu)
Lulu,Jul 26,South-1,Kerala,Kochi,Baby Soap,2.0888,0.0251,1.0,Baby Care,1.2037,Compiled_Monthly_Files (Lulu)
Lulu,Jul 26,South-1,Kerala,Kottayam,Baby Soap,0.9273,0.0024,1.0,Baby Care,0.2547,Compiled_Monthly_Files (Lulu)
Lulu,Jul 26,South-1,Kerala,Palakkad,Baby Soap,1.1449,0.023,1.0,Baby Care,2.0131,Compiled_Monthly_Files (Lulu)
Lulu,Jul 26,South-1,Kerala,Thrissur,Baby Soap,0.3448,0.0118,1.0,Baby Care,3.4249,Compiled_Monthly_Files (Lulu)
Lulu,Jul 26,South-1,Kerala,Trivandrum,Baby Soap,2.0568,0.0419,1.0,Baby Care,2.0374,Compiled_Monthly_Files (Lulu)
Lulu,Jul 26,South-1,Kerala,,Baby Soap,0.3384,0.0126,1.0,Baby Care,3.7152,Compiled_Monthly_Files (Lulu)
Lulu,Jul 26,South-1,Kerala,Calicut,Bath Soaps,39.9892,0.2301,2.0,Body Wash & Soap,0.5754,Compiled_Monthly_Files (Lulu)
Lulu,Jul 26,South-1,Kerala,Kochi,Bath Soaps,96.5052,0.0691,2.0,Body Wash & Soap,0.0716,Compiled_Monthly_Files (Lulu)
Lulu,Jul 26,South-1,Kerala,Kottayam,Bath Soaps,46.023,0.0714,1.0,Body Wash & Soap,0.1552,Compiled_Monthly_Files (Lulu)
Lulu,Jul 26,South-1,Kerala,Kottiyam,Bath Soaps,20.5525,0.0291,1.0,Body Wash & Soap,0.1414,Compiled_Monthly_Files (Lulu)
Lulu,Jul 26,South-1,Kerala,Palakkad,Bath Soaps,40.7958,0.068,1.0,Body Wash & Soap,0.1666,Compiled_Monthly_Files (Lulu)
Lulu,Jul 26,South-1,Kerala,Thrissur,Bath Soaps,17.6973,0.1079,1.0,Body Wash & Soap,0.6098,Compiled_Monthly_Files (Lulu)
Lulu,Jul 26,South-1,Kerala,Trivandrum,Bath Soaps,110.9941,0.0948,1.0,Body Wash & Soap,0.0855,Compiled_Monthly_Files (Lulu)
Lulu,Jul 26,South-1,Kerala,,Bath Soaps,20.2624,0.0084,1.0,Body Wash & Soap,0.0414,Compiled_Monthly_Files (Lulu)
Lulu,Jul 26,South-1,Kerala,Calicut,Body Lotion,4.4677,0.2871,2.0,Body Lotion & Care,6.4262,Compiled_Monthly_Files (Lulu)
Lulu,Jul 26,South-1,Kerala,Kochi,Body Lotion,22.2093,1.3453,2.0,Body Lotion & Care,6.0572,Compiled_Monthly_Files (Lulu)
Lulu,Jul 26,South-1,Kerala,Kottayam,Body Lotion,7.3755,0.9325,1.0,Body Lotion & Care,12.643,Compiled_Monthly_Files (Lulu)
Lulu,Jul 26,South-1,Kerala,Kottiyam,Body Lotion,2.4765,0.5644,1.0,Body Lotion & Care,22.7887,Compiled_Monthly_Files (Lulu)
Lulu,Jul 26,South-1,Kerala,Palakkad,Body Lotion,4.1777,0.1755,1.0,Body Lotion & Care,4.2019,Compiled_Monthly_Files (Lulu)
Lulu,Jul 26,South-1,Kerala,Thrissur,Body Lotion,2.4572,0.4642,1.0,Body Lotion & Care,18.8936,Compiled_Monthly_Files (Lulu)
Lulu,Jul 26,South-1,Kerala,Trivandrum,Body Lotion,13.8592,0.7176,1.0,Body Lotion & Care,5.1777,Compiled_Monthly_Files (Lulu)
Lulu,Jul 26,South-1,Kerala,,Body Lotion,3.23,0.1828,1.0,Body Lotion & Care,5.6606,Compiled_Monthly_Files (Lulu)
Lulu,Jul 26,South-1,Kerala,Calicut,Conditioners,3.9724,0.1151,2.0,Conditioner,2.8962,Compiled_Monthly_Files (Lulu)
Lulu,Jul 26,South-1,Kerala,Kochi,Conditioners,11.918,0.9114,2.0,Conditioner,7.647,Compiled_Monthly_Files (Lulu)
Lulu,Jul 26,South-1,Kerala,Kottayam,Conditioners,4.904,0.2708,1.0,Conditioner,5.5222,Compiled_Monthly_Files (Lulu)
Lulu,Jul 26,South-1,Kerala,Kottiyam,Conditioners,1.2669,0.0147,1.0,Conditioner,1.1639,Compiled_Monthly_Files (Lulu)
Lulu,Jul 26,South-1,Kerala,Palakkad,Conditioners,2.2697,0.0531,1.0,Conditioner,2.3389,Compiled_Monthly_Files (Lulu)
Lulu,Jul 26,South-1,Kerala,Thrissur,Conditioners,1.4291,0.124,1.0,Conditioner,8.6751,Compiled_Monthly_Files (Lulu)
Lulu,Jul 26,South-1,Kerala,,Conditioners,1.9787,0.0442,1.0,Conditioner,2.2357,Compiled_Monthly_Files (Lulu)
Lulu,Jul 26,South-1,Kerala,Calicut,Eye Care,0.9517,0.0081,2.0,Face Moisturiser & Cream,0.846,Compiled_Monthly_Files (Lulu)
Lulu,Jul 26,South-1,Kerala,Kochi,Eye Care,0.4212,0.0884,1.0,Face Moisturiser & Cream,20.9837,Compiled_Monthly_Files (Lulu)
Lulu,Jul 26,South-1,Kerala,Kottayam,Eye Care,1.7545,0.0449,1.0,Face Moisturiser & Cream,2.5571,Compiled_Monthly_Files (Lulu)
Lulu,Jul 26,South-1,Kerala,Palakkad,Eye Care,0.3289,0.048,1.0,Face Moisturiser & Cream,14.5908,Compiled_Monthly_Files (Lulu)
Lulu,Jul 26,South-1,Kerala,Trivandrum,Eye Care,2.7295,0.0758,1.0,Face Moisturiser & Cream,2.7757,Compiled_Monthly_Files (Lulu)
Lulu,Jul 26,South-1,Kerala,Calicut,Face Mask,0.7997,0.1295,2.0,Face Mask & Scrub,16.1947,Compiled_Monthly_Files (Lulu)
Lulu,Jul 26,South-1,Kerala,Kochi,Face Mask,3.2164,0.058,2.0,Face Mask & Scrub,1.8025,Compiled_Monthly_Files (Lulu)
Lulu,Jul 26,South-1,Kerala,Kottayam,Face Mask,1.3014,0.1231,1.0,Face Mask & Scrub,9.4573,Compiled_Monthly_Files (Lulu)
Lulu,Jul 26,South-1,Kerala,Kottiyam,Face Mask,0.3906,0.0188,1.0,Face Mask & Scrub,4.8166,Compiled_Monthly_Files (Lulu)
Lulu,Jul 26,South-1,Kerala,Palakkad,Face Mask,0.6106,0.0693,1.0,Face Mask & Scrub,11.3516,Compiled_Monthly_Files (Lulu)
Lulu,Jul 26,South-1,Kerala,Thrissur,Face Mask,0.5642,0.0439,1.0,Face Mask & Scrub,7.781,Compiled_Monthly_Files (Lulu)
Lulu,Jul 26,South-1,Kerala,Trivandrum,Face Mask,2.6006,0.2335,1.0,Face Mask & Scrub,8.9796,Compiled_Monthly_Files (Lulu)
Lulu,Jul 26,South-1,Kerala,Calicut,Face Wash,8.9973,3.2,2.0,Face Wash & Cleanser,35.5659,Compiled_Monthly_Files (Lulu)
Lulu,Jul 26,South-1,Kerala,Kochi,Face Wash,26.3954,6.9078,2.0,Face Wash & Cleanser,26.1705,Compiled_Monthly_Files (Lulu)
Lulu,Jul 26,South-1,Kerala,Kottayam,Face Wash,9.2574,2.3369,1.0,Face Wash & Cleanser,25.2432,Compiled_Monthly_Files (Lulu)
Lulu,Jul 26,South-1,Kerala,Kottiyam,Face Wash,3.9536,1.0447,1.0,Face Wash & Cleanser,26.4242,Compiled_Monthly_Files (Lulu)
Lulu,Jul 26,South-1,Kerala,Palakkad,Face Wash,5.7091,1.8941,1.0,Face Wash & Cleanser,33.1775,Compiled_Monthly_Files (Lulu)
Lulu,Jul 26,South-1,Kerala,Thrissur,Face Wash,3.7978,0.7326,1.0,Face Wash & Cleanser,19.2898,Compiled_Monthly_Files (Lulu)
Lulu,Jul 26,South-1,Kerala,Trivandrum,Face Wash,18.1584,4.2241,1.0,Face Wash & Cleanser,23.2623,Compiled_Monthly_Files (Lulu)
Lulu,Jul 26,South-1,Kerala,,Face Wash,4.0453,0.5395,1.0,Face Wash & Cleanser,13.3372,Compiled_Monthly_Files (Lulu)
Lulu,Jul 26,South-1,Kerala,Kochi,Facial Cleanser,0.5081,0.0067,1.0,Face Wash & Cleanser,1.3277,Compiled_Monthly_Files (Lulu)
Lulu,Jul 26,South-1,Kerala,Kottayam,Facial Cleanser,1.3492,0.0067,1.0,Face Wash & Cleanser,0.5,Compiled_Monthly_Files (Lulu)
Lulu,Jul 26,South-1,Kerala,Thrissur,Facial Cleanser,0.3319,0.0034,1.0,Face Wash & Cleanser,1.0161,Compiled_Monthly_Files (Lulu)
Lulu,Jul 26,South-1,Kerala,Calicut,Facial Scrub,0.2486,0.0147,1.0,Face Mask & Scrub,5.932,Compiled_Monthly_Files (Lulu)
Lulu,Jul 26,South-1,Kerala,Kochi,Facial Scrub,0.2741,0.0472,1.0,Face Mask & Scrub,17.2141,Compiled_Monthly_Files (Lulu)
Lulu,Jul 26,South-1,Kerala,Kottayam,Facial Scrub,0.6495,0.1091,1.0,Face Mask & Scrub,16.8007,Compiled_Monthly_Files (Lulu)
Lulu,Jul 26,South-1,Kerala,Palakkad,Facial Scrub,0.2309,0.0354,1.0,Face Mask & Scrub,15.3284,Compiled_Monthly_Files (Lulu)
Lulu,Jul 26,South-1,Kerala,Thrissur,Facial Scrub,0.2057,0.0206,1.0,Face Mask & Scrub,10.0352,Compiled_Monthly_Files (Lulu)
Lulu,Jul 26,South-1,Kerala,Trivandrum,Facial Scrub,0.7566,0.059,1.0,Face Mask & Scrub,7.7961,Compiled_Monthly_Files (Lulu)
Lulu,Jul 26,South-1,Kerala,Calicut,Fairness/Whtng.Cream,1.2476,0.0354,1.0,Face Moisturiser & Cream,2.8407,Compiled_Monthly_Files (Lulu)
Lulu,Jul 26,South-1,Kerala,Kochi,Fairness/Whtng.Cream,4.4853,0.0343,2.0,Face Moisturiser & Cream,0.7648,Compiled_Monthly_Files (Lulu)
Lulu,Jul 26,South-1,Kerala,Kottayam,Fairness/Whtng.Cream,2.3056,0.0997,1.0,Face Moisturiser & Cream,4.3233,Compiled_Monthly_Files (Lulu)
Lulu,Jul 26,South-1,Kerala,Palakkad,Fairness/Whtng.Cream,1.188,0.051,1.0,Face Moisturiser & Cream,4.295,Compiled_Monthly_Files (Lulu)
Lulu,Jul 26,South-1,Kerala,Thrissur,Fairness/Whtng.Cream,0.6245,0.0215,1.0,Face Moisturiser & Cream,3.4497,Compiled_Monthly_Files (Lulu)
Lulu,Jul 26,South-1,Kerala,Trivandrum,Fairness/Whtng.Cream,4.6122,0.1208,1.0,Face Moisturiser & Cream,2.6196,Compiled_Monthly_Files (Lulu)
Lulu,Jul 26,South-1,Kerala,Calicut,Female & Unisex Deo,3.8089,0.0806,2.0,Deodorant,2.1172,Compiled_Monthly_Files (Lulu)
Lulu,Jul 26,South-1,Kerala,Kochi,Female & Unisex Deo,9.1005,0.0882,1.0,Deodorant,0.9695,Compiled_Monthly_Files (Lulu)
Lulu,Jul 26,South-1,Kerala,Kottayam,Female & Unisex Deo,4.685,0.0865,1.0,Deodorant,1.8467,Compiled_Monthly_Files (Lulu)
Lulu,Jul 26,South-1,Kerala,Palakkad,Female & Unisex Deo,2.0394,0.0422,1.0,Deodorant,2.0694,Compiled_Monthly_Files (Lulu)
Lulu,Jul 26,South-1,Kerala,Thrissur,Female & Unisex Deo,1.8366,0.0591,1.0,Deodorant,3.2171,Compiled_Monthly_Files (Lulu)
Lulu,Jul 26,South-1,Kerala,Trivandrum,Female & Unisex Deo,8.5783,0.038,1.0,Deodorant,0.4428,Compiled_Monthly_Files (Lulu)
Lulu,Jul 26,South-1,Kerala,Kochi,Hair Gel,0.0784,0.0088,1.0,Hair Treatment & Styling,11.2807,Compiled_Monthly_Files (Lulu)
Lulu,Jul 26,South-1,Kerala,Kottayam,Hair Gel,0.3355,0.0236,1.0,Hair Treatment & Styling,7.0333,Compiled_Monthly_Files (Lulu)
Lulu,Jul 26,South-1,Kerala,Thrissur,Hair Gel,0.1682,0.0147,1.0,Hair Treatment & Styling,8.7676,Compiled_Monthly_Files (Lulu)
Lulu,Jul 26,South-1,Kerala,Calicut,Hair Oils,3.1527,0.0253,1.0,Hair Oil,0.8014,Compiled_Monthly_Files (Lulu)
Lulu,Jul 26,South-1,Kerala,Kochi,Hair Oils,13.4502,0.1242,2.0,Hair Oil,0.9238,Compiled_Monthly_Files (Lulu)
Lulu,Jul 26,South-1,Kerala,Kottayam,Hair Oils,4.6877,0.1286,1.0,Hair Oil,2.7428,Compiled_Monthly_Files (Lulu)
Lulu,Jul 26,South-1,Kerala,Kottiyam,Hair Oils,0.9749,0.0291,1.0,Hair Oil,2.9815,Compiled_Monthly_Files (Lulu)
Lulu,Jul 26,South-1,Kerala,Palakkad,Hair Oils,2.4038,0.0202,1.0,Hair Oil,0.8419,Compiled_Monthly_Files (Lulu)
Lulu,Jul 26,South-1,Kerala,Thrissur,Hair Oils,1.2367,0.0634,1.0,Hair Oil,5.1257,Compiled_Monthly_Files (Lulu)
Lulu,Jul 26,South-1,Kerala,Trivandrum,Hair Oils,9.9496,0.1755,1.0,Hair Oil,1.7636,Compiled_Monthly_Files (Lulu)
Lulu,Jul 26,South-1,Kerala,,Hair Oils,1.9731,0.0247,1.0,Hair Oil,1.2536,Compiled_Monthly_Files (Lulu)
Lulu,Jul 26,South-1,Kerala,Calicut,Hair Treatments&Mask,1.8305,0.0632,1.0,Hair Treatment & Styling,3.4528,Compiled_Monthly_Files (Lulu)
Lulu,Jul 26,South-1,Kerala,Kochi,Hair Treatments&Mask,1.3403,0.0505,1.0,Hair Treatment & Styling,3.7698,Compiled_Monthly_Files (Lulu)
Lulu,Jul 26,South-1,Kerala,Kottayam,Hair Treatments&Mask,2.761,0.0506,1.0,Hair Treatment & Styling,1.8318,Compiled_Monthly_Files (Lulu)
Lulu,Jul 26,South-1,Kerala,Kottiyam,Hair Treatments&Mask,0.6149,0.0278,1.0,Hair Treatment & Styling,4.5176,Compiled_Monthly_Files (Lulu)
Lulu,Jul 26,South-1,Kerala,Palakkad,Hair Treatments&Mask,1.3902,0.0051,1.0,Hair Treatment & Styling,0.3645,Compiled_Monthly_Files (Lulu)
Lulu,Jul 26,South-1,Kerala,Thrissur,Hair Treatments&Mask,0.9839,0.0405,1.0,Hair Treatment & Styling,4.1138,Compiled_Monthly_Files (Lulu)
Lulu,Jul 26,South-1,Kerala,Trivandrum,Hair Treatments&Mask,6.1589,0.1239,1.0,Hair Treatment & Styling,2.0125,Compiled_Monthly_Files (Lulu)
Lulu,Jul 26,South-1,Kerala,Kochi,Henna Colorants,0.215,0.0232,1.0,Hair Treatment & Styling,10.7969,Compiled_Monthly_Files (Lulu)
Lulu,Jul 26,South-1,Kerala,Palakkad,Henna Colorants,0.4856,0.038,1.0,Hair Treatment & Styling,7.8222,Compiled_Monthly_Files (Lulu)
Lulu,Jul 26,South-1,Kerala,Thrissur,Henna Colorants,0.0841,0.0021,1.0,Hair Treatment & Styling,2.5093,Compiled_Monthly_Files (Lulu)
Lulu,Jul 26,South-1,Kerala,Calicut,Lip Balms,1.2074,0.0416,2.0,Lip Care,3.4491,Compiled_Monthly_Files (Lulu)
Lulu,Jul 26,South-1,Kerala,Kochi,Lip Balms,4.0459,0.2966,2.0,Lip Care,7.3316,Compiled_Monthly_Files (Lulu)
Lulu,Jul 26,South-1,Kerala,Kottayam,Lip Balms,1.9282,0.1659,1.0,Lip Care,8.6052,Compiled_Monthly_Files (Lulu)
Lulu,Jul 26,South-1,Kerala,Kottiyam,Lip Balms,0.3326,0.0126,1.0,Lip Care,3.791,Compiled_Monthly_Files (Lulu)
Lulu,Jul 26,South-1,Kerala,Palakkad,Lip Balms,0.6644,0.0524,1.0,Lip Care,7.8884,Compiled_Monthly_Files (Lulu)
Lulu,Jul 26,South-1,Kerala,Thrissur,Lip Balms,0.4927,0.0908,1.0,Lip Care,18.4254,Compiled_Monthly_Files (Lulu)
Lulu,Jul 26,South-1,Kerala,Trivandrum,Lip Balms,3.3627,0.6147,1.0,Lip Care,18.2801,Compiled_Monthly_Files (Lulu)
Lulu,Jul 26,South-1,Kerala,,Lip Balms,0.3889,0.0491,1.0,Lip Care,12.6334,Compiled_Monthly_Files (Lulu)
Lulu,Jul 26,South-1,Kerala,Calicut,Moistur.Cream/Fluid,7.0632,0.4902,2.0,Face Moisturiser & Cream,6.9396,Compiled_Monthly_Files (Lulu)
Lulu,Jul 26,South-1,Kerala,Kochi,Moistur.Cream/Fluid,26.9591,1.2107,2.0,Face Moisturiser & Cream,4.4908,Compiled_Monthly_Files (Lulu)
Lulu,Jul 26,South-1,Kerala,Kottayam,Moistur.Cream/Fluid,9.4669,0.5841,1.0,Face Moisturiser & Cream,6.17,Compiled_Monthly_Files (Lulu)
Lulu,Jul 26,South-1,Kerala,Kottiyam,Moistur.Cream/Fluid,2.9915,0.1514,1.0,Face Moisturiser & Cream,5.0618,Compiled_Monthly_Files (Lulu)
Lulu,Jul 26,South-1,Kerala,Palakkad,Moistur.Cream/Fluid,4.8713,0.3385,1.0,Face Moisturiser & Cream,6.9494,Compiled_Monthly_Files (Lulu)
Lulu,Jul 26,South-1,Kerala,Thrissur,Moistur.Cream/Fluid,3.0445,0.3982,1.0,Face Moisturiser & Cream,13.0779,Compiled_Monthly_Files (Lulu)
Lulu,Jul 26,South-1,Kerala,Trivandrum,Moistur.Cream/Fluid,16.4192,1.5594,1.0,Face Moisturiser & Cream,9.4976,Compiled_Monthly_Files (Lulu)
Lulu,Jul 26,South-1,Kerala,,Moistur.Cream/Fluid,2.4146,0.1524,1.0,Face Moisturiser & Cream,6.31,Compiled_Monthly_Files (Lulu)
Lulu,Jul 26,South-1,Kerala,Calicut,Other Baby care,0.8502,0.0033,1.0,Baby Care,0.3828,Compiled_Monthly_Files (Lulu)
Lulu,Jul 26,South-1,Kerala,Kochi,Other Baby care,0.2833,0.0108,1.0,Baby Care,3.8297,Compiled_Monthly_Files (Lulu)
Lulu,Jul 26,South-1,Kerala,Kottayam,Other Baby care,2.1011,0.0043,1.0,Baby Care,0.2065,Compiled_Monthly_Files (Lulu)
Lulu,Jul 26,South-1,Kerala,Kottiyam,Other Baby care,0.2445,0.0054,1.0,Baby Care,2.2186,Compiled_Monthly_Files (Lulu)
Lulu,Jul 26,South-1,Kerala,Palakkad,Other Baby care,0.5465,0.0108,1.0,Baby Care,1.9848,Compiled_Monthly_Files (Lulu)
Lulu,Jul 26,South-1,Kerala,Thrissur,Other Baby care,0.1673,0.0054,1.0,Baby Care,3.2418,Compiled_Monthly_Files (Lulu)
Lulu,Jul 26,South-1,Kerala,Calicut,Other Facial Care,4.696,0.5547,2.0,Face Moisturiser & Cream,11.8115,Compiled_Monthly_Files (Lulu)
Lulu,Jul 26,South-1,Kerala,Kochi,Other Facial Care,13.2391,1.6712,2.0,Face Moisturiser & Cream,12.6234,Compiled_Monthly_Files (Lulu)
Lulu,Jul 26,South-1,Kerala,Kottayam,Other Facial Care,5.3285,0.8408,1.0,Face Moisturiser & Cream,15.7801,Compiled_Monthly_Files (Lulu)
Lulu,Jul 26,South-1,Kerala,Kottiyam,Other Facial Care,1.3337,0.1677,1.0,Face Moisturiser & Cream,12.5753,Compiled_Monthly_Files (Lulu)
Lulu,Jul 26,South-1,Kerala,Palakkad,Other Facial Care,2.5926,0.3358,1.0,Face Moisturiser & Cream,12.9535,Compiled_Monthly_Files (Lulu)
Lulu,Jul 26,South-1,Kerala,Thrissur,Other Facial Care,1.9194,0.3645,1.0,Face Moisturiser & Cream,18.9925,Compiled_Monthly_Files (Lulu)
Lulu,Jul 26,South-1,Kerala,Trivandrum,Other Facial Care,9.2003,1.343,1.0,Face Moisturiser & Cream,14.5977,Compiled_Monthly_Files (Lulu)
Lulu,Jul 26,South-1,Kerala,,Other Facial Care,0.5398,0.0676,1.0,Face Moisturiser & Cream,12.5158,Compiled_Monthly_Files (Lulu)
Lulu,Jul 26,South-1,Kerala,Kochi,Other Skin Care,1.3401,0.0405,1.0,Face Moisturiser & Cream,3.0253,Compiled_Monthly_Files (Lulu)
Lulu,Jul 26,South-1,Kerala,Palakkad,Other Skin Care,0.2056,0.0101,1.0,Face Moisturiser & Cream,4.9294,Compiled_Monthly_Files (Lulu)
Lulu,Jul 26,South-1,Kerala,Trivandrum,Other Skin Care,1.1189,0.0456,1.0,Face Moisturiser & Cream,4.0764,Compiled_Monthly_Files (Lulu)
Lulu,Jul 26,South-1,Kerala,Calicut,Shampoo,11.6938,0.5123,2.0,Shampoo,4.3809,Compiled_Monthly_Files (Lulu)
Lulu,Jul 26,South-1,Kerala,Kochi,Shampoo,48.9933,2.6947,2.0,Shampoo,5.5001,Compiled_Monthly_Files (Lulu)
Lulu,Jul 26,South-1,Kerala,Kottayam,Shampoo,16.6187,0.8355,1.0,Shampoo,5.0278,Compiled_Monthly_Files (Lulu)
Lulu,Jul 26,South-1,Kerala,Kottiyam,Shampoo,3.4888,0.1862,1.0,Shampoo,5.3372,Compiled_Monthly_Files (Lulu)
Lulu,Jul 26,South-1,Kerala,Palakkad,Shampoo,10.3018,0.3835,1.0,Shampoo,3.7226,Compiled_Monthly_Files (Lulu)
Lulu,Jul 26,South-1,Kerala,Thrissur,Shampoo,6.4693,0.5926,1.0,Shampoo,9.1609,Compiled_Monthly_Files (Lulu)
Lulu,Jul 26,South-1,Kerala,Trivandrum,Shampoo,27.7885,1.4008,1.0,Shampoo,5.0409,Compiled_Monthly_Files (Lulu)
Lulu,Jul 26,South-1,Kerala,,Shampoo,7.6549,0.1615,1.0,Shampoo,2.1101,Compiled_Monthly_Files (Lulu)
Lulu,Jul 26,South-1,Kerala,Calicut,Shower Gel&Body Wash,10.8462,0.1875,2.0,Body Wash & Soap,1.7288,Compiled_Monthly_Files (Lulu)
Lulu,Jul 26,South-1,Kerala,Kochi,Shower Gel&Body Wash,33.9346,0.35,1.0,Body Wash & Soap,1.0314,Compiled_Monthly_Files (Lulu)
Lulu,Jul 26,South-1,Kerala,Kottayam,Shower Gel&Body Wash,14.0806,0.5144,1.0,Body Wash & Soap,3.6535,Compiled_Monthly_Files (Lulu)
Lulu,Jul 26,South-1,Kerala,Palakkad,Shower Gel&Body Wash,6.4844,0.0051,1.0,Body Wash & Soap,0.0782,Compiled_Monthly_Files (Lulu)
Lulu,Jul 26,South-1,Kerala,Thrissur,Shower Gel&Body Wash,7.6827,0.3547,1.0,Body Wash & Soap,4.6175,Compiled_Monthly_Files (Lulu)
Lulu,Jul 26,South-1,Kerala,Trivandrum,Shower Gel&Body Wash,35.2008,0.3937,1.0,Body Wash & Soap,1.1183,Compiled_Monthly_Files (Lulu)
Lulu,Jul 26,South-1,Kerala,Calicut,Sun Care,3.8249,1.1385,2.0,Sun Care,29.7665,Compiled_Monthly_Files (Lulu)
Lulu,Jul 26,South-1,Kerala,Kochi,Sun Care,13.1965,4.022,2.0,Sun Care,30.4776,Compiled_Monthly_Files (Lulu)
Lulu,Jul 26,South-1,Kerala,Kottayam,Sun Care,4.7008,1.9125,1.0,Sun Care,40.6844,Compiled_Monthly_Files (Lulu)
Lulu,Jul 26,South-1,Kerala,Kottiyam,Sun Care,1.7497,0.5701,1.0,Sun Care,32.5833,Compiled_Monthly_Files (Lulu)
Lulu,Jul 26,South-1,Kerala,Palakkad,Sun Care,2.9138,1.1805,1.0,Sun Care,40.5137,Compiled_Monthly_Files (Lulu)
Lulu,Jul 26,South-1,Kerala,Thrissur,Sun Care,1.7896,0.8676,1.0,Sun Care,48.478,Compiled_Monthly_Files (Lulu)
Lulu,Jul 26,South-1,Kerala,Trivandrum,Sun Care,12.0029,4.6731,1.0,Sun Care,38.9333,Compiled_Monthly_Files (Lulu)
Lulu,Jul 26,South-1,Kerala,,Sun Care,1.3896,0.5383,1.0,Sun Care,38.7352,Compiled_Monthly_Files (Lulu)
Lulu,Jul 26,South-1,Kerala,Calicut,Tooth Paste,17.0342,0.0424,1.0,Oral Care,0.249,Compiled_Monthly_Files (Lulu)
Lulu,Jul 26,South-1,Kerala,Kochi,Tooth Paste,64.7152,0.0337,2.0,Oral Care,0.0521,Compiled_Monthly_Files (Lulu)
Lulu,Jul 26,South-1,Kerala,Kottayam,Tooth Paste,29.1666,0.0798,1.0,Oral Care,0.2738,Compiled_Monthly_Files (Lulu)
Lulu,Jul 26,South-1,Kerala,Palakkad,Tooth Paste,19.4939,0.0599,1.0,Oral Care,0.3072,Compiled_Monthly_Files (Lulu)
Lulu,Jul 26,South-1,Kerala,Thrissur,Tooth Paste,11.7734,0.0312,1.0,Oral Care,0.2649,Compiled_Monthly_Files (Lulu)
Lulu,Jul 26,South-1,Tamil Nadu,Coimbatore,Baby Bath,0.9872,0.0651,1.0,Baby Care,6.591,Compiled_Monthly_Files (Lulu)
Lulu,Jul 26,South-1,Tamil Nadu,Coimbatore,Baby Cream,0.3473,0.0104,1.0,Baby Care,2.9888,Compiled_Monthly_Files (Lulu)
Lulu,Jul 26,South-1,Tamil Nadu,Coimbatore,Baby Lotions,1.9239,0.0153,1.0,Baby Care,0.7929,Compiled_Monthly_Files (Lulu)
Lulu,Jul 26,South-1,Tamil Nadu,Coimbatore,Baby Oil,0.0507,0.0096,1.0,Baby Care,18.9282,Compiled_Monthly_Files (Lulu)
Lulu,Jul 26,South-1,Tamil Nadu,Coimbatore,Baby Powder,0.443,0.0075,1.0,Baby Care,1.6928,Compiled_Monthly_Files (Lulu)
Lulu,Jul 26,South-1,Tamil Nadu,Coimbatore,Baby Shampoos,0.7392,0.0133,1.0,Baby Care,1.7947,Compiled_Monthly_Files (Lulu)
Lulu,Jul 26,South-1,Tamil Nadu,Coimbatore,Baby Soap,1.558,0.0225,1.0,Baby Care,1.4457,Compiled_Monthly_Files (Lulu)
Lulu,Jul 26,South-1,Tamil Nadu,Coimbatore,Bath Soaps,40.1475,0.7635,1.0,Body Wash & Soap,1.9017,Compiled_Monthly_Files (Lulu)
Lulu,Jul 26,South-1,Tamil Nadu,Coimbatore,Body Lotion,8.0372,1.086,1.0,Body Lotion & Care,13.5125,Compiled_Monthly_Files (Lulu)
Lulu,Jul 26,South-1,Tamil Nadu,Coimbatore,Conditioners,5.2664,0.2074,1.0,Conditioner,3.9377,Compiled_Monthly_Files (Lulu)
Lulu,Jul 26,South-1,Tamil Nadu,Coimbatore,Eye Care,0.7309,0.0898,1.0,Face Moisturiser & Cream,12.29,Compiled_Monthly_Files (Lulu)
Lulu,Jul 26,South-1,Tamil Nadu,Coimbatore,Face Mask,0.9208,0.1392,1.0,Face Mask & Scrub,15.1146,Compiled_Monthly_Files (Lulu)
Lulu,Jul 26,South-1,Tamil Nadu,Coimbatore,Face Wash,11.2596,3.2854,1.0,Face Wash & Cleanser,29.1788,Compiled_Monthly_Files (Lulu)
Lulu,Jul 26,South-1,Tamil Nadu,Coimbatore,Facial Cleanser,1.437,0.0029,1.0,Face Wash & Cleanser,0.2005,Compiled_Monthly_Files (Lulu)
Lulu,Jul 26,South-1,Tamil Nadu,Coimbatore,Fairness/Whtng.Cream,2.1566,0.0759,1.0,Face Moisturiser & Cream,3.5209,Compiled_Monthly_Files (Lulu)
Lulu,Jul 26,South-1,Tamil Nadu,Coimbatore,Female & Unisex Deo,3.4441,0.1053,1.0,Deodorant,3.0588,Compiled_Monthly_Files (Lulu)
Lulu,Jul 26,South-1,Tamil Nadu,Coimbatore,Hair Oils,6.6551,0.0382,1.0,Hair Oil,0.5746,Compiled_Monthly_Files (Lulu)
Lulu,Jul 26,South-1,Tamil Nadu,Coimbatore,Hair Treatments&Mask,4.9981,0.1566,1.0,Hair Treatment & Styling,3.1341,Compiled_Monthly_Files (Lulu)
Lulu,Jul 26,South-1,Tamil Nadu,Coimbatore,Henna Colorants,0.4766,0.0709,1.0,Hair Treatment & Styling,14.8751,Compiled_Monthly_Files (Lulu)
Lulu,Jul 26,South-1,Tamil Nadu,Coimbatore,Lip Balms,1.5746,0.0438,1.0,Lip Care,2.7841,Compiled_Monthly_Files (Lulu)
Lulu,Jul 26,South-1,Tamil Nadu,Coimbatore,Moistur.Cream/Fluid,9.8973,0.9202,1.0,Face Moisturiser & Cream,9.2976,Compiled_Monthly_Files (Lulu)
Lulu,Jul 26,South-1,Tamil Nadu,Coimbatore,Other Facial Care,8.8977,1.3017,1.0,Face Moisturiser & Cream,14.63,Compiled_Monthly_Files (Lulu)
Lulu,Jul 26,South-1,Tamil Nadu,Coimbatore,Other Skin Care,0.9134,0.0233,1.0,Face Moisturiser & Cream,2.5468,Compiled_Monthly_Files (Lulu)
Lulu,Jul 26,South-1,Tamil Nadu,Coimbatore,Shampoo,28.6227,4.1733,1.0,Shampoo,14.5805,Compiled_Monthly_Files (Lulu)
Lulu,Jul 26,South-1,Tamil Nadu,Coimbatore,Shower Gel&Body Wash,11.5487,0.0782,1.0,Body Wash & Soap,0.6768,Compiled_Monthly_Files (Lulu)
Lulu,Jul 26,South-1,Tamil Nadu,Coimbatore,Sun Care,7.085,3.4851,1.0,Sun Care,49.1896,Compiled_Monthly_Files (Lulu)
Lulu,Jul 26,South-1,Tamil Nadu,Coimbatore,Tooth Paste,28.3157,0.0635,1.0,Oral Care,0.2241,Compiled_Monthly_Files (Lulu)
Lulu,Jul 26,South-2,Telangana,Hyderabad,Baby Bath,0.4099,0.0348,1.0,Baby Care,8.4961,Compiled_Monthly_Files (Lulu)
Lulu,Jul 26,South-2,Telangana,Hyderabad,Baby Cream,0.2168,0.0155,1.0,Baby Care,7.1496,Compiled_Monthly_Files (Lulu)
Lulu,Jul 26,South-2,Telangana,Hyderabad,Baby Lotions,1.2009,0.0274,1.0,Baby Care,2.2847,Compiled_Monthly_Files (Lulu)
Lulu,Jul 26,South-2,Telangana,Hyderabad,Baby Oil,0.0987,0.007,1.0,Baby Care,7.0454,Compiled_Monthly_Files (Lulu)
Lulu,Jul 26,South-2,Telangana,Hyderabad,Baby Shampoos,0.4294,0.0391,1.0,Baby Care,9.1065,Compiled_Monthly_Files (Lulu)
Lulu,Jul 26,South-2,Telangana,Hyderabad,Baby Soap,2.7793,0.0339,1.0,Baby Care,1.2212,Compiled_Monthly_Files (Lulu)
Lulu,Jul 26,South-2,Telangana,Hyderabad,Bath Soaps,21.1479,0.4145,1.0,Body Wash & Soap,1.9599,Compiled_Monthly_Files (Lulu)
Lulu,Jul 26,South-2,Telangana,Hyderabad,Body Lotion,6.0847,0.1207,1.0,Body Lotion & Care,1.9843,Compiled_Monthly_Files (Lulu)
Lulu,Jul 26,South-2,Telangana,Hyderabad,Conditioners,1.6601,0.145,1.0,Conditioner,8.7347,Compiled_Monthly_Files (Lulu)
Lulu,Jul 26,South-2,Telangana,Hyderabad,Eye Care,0.2215,0.052,1.0,Face Moisturiser & Cream,23.48,Compiled_Monthly_Files (Lulu)
Lulu,Jul 26,South-2,Telangana,Hyderabad,Face Mask,0.9504,0.1112,1.0,Face Mask & Scrub,11.6978,Compiled_Monthly_Files (Lulu)
Lulu,Jul 26,South-2,Telangana,Hyderabad,Face Wash,7.9501,5.0599,1.0,Face Wash & Cleanser,63.6454,Compiled_Monthly_Files (Lulu)
Lulu,Jul 26,South-2,Telangana,Hyderabad,Facial Cleanser,0.6674,0.012,1.0,Face Wash & Cleanser,1.7945,Compiled_Monthly_Files (Lulu)
Lulu,Jul 26,South-2,Telangana,Hyderabad,Facial Scrub,0.3035,0.0329,1.0,Face Mask & Scrub,10.8538,Compiled_Monthly_Files (Lulu)
Lulu,Jul 26,South-2,Telangana,Hyderabad,Fairness/Whtng.Cream,1.3405,0.0705,1.0,Face Moisturiser & Cream,5.2626,Compiled_Monthly_Files (Lulu)
Lulu,Jul 26,South-2,Telangana,Hyderabad,Female & Unisex Deo,1.7353,0.081,1.0,Deodorant,4.6679,Compiled_Monthly_Files (Lulu)
Lulu,Jul 26,South-2,Telangana,Hyderabad,Hair Gel,0.1038,0.0144,1.0,Hair Treatment & Styling,13.9031,Compiled_Monthly_Files (Lulu)
Lulu,Jul 26,South-2,Telangana,Hyderabad,Hair Oils,5.1509,0.032,1.0,Hair Oil,0.6216,Compiled_Monthly_Files (Lulu)
Lulu,Jul 26,South-2,Telangana,Hyderabad,Hair Treatments&Mask,1.4791,0.0324,1.0,Hair Treatment & Styling,2.1879,Compiled_Monthly_Files (Lulu)
Lulu,Jul 26,South-2,Telangana,Hyderabad,Henna Colorants,0.261,0.0984,1.0,Hair Treatment & Styling,37.7094,Compiled_Monthly_Files (Lulu)
Lulu,Jul 26,South-2,Telangana,Hyderabad,Lip Balms,1.1047,0.0648,1.0,Lip Care,5.8632,Compiled_Monthly_Files (Lulu)
Lulu,Jul 26,South-2,Telangana,Hyderabad,Moistur.Cream/Fluid,5.0653,0.5275,1.0,Face Moisturiser & Cream,10.4144,Compiled_Monthly_Files (Lulu)
Lulu,Jul 26,South-2,Telangana,Hyderabad,Other Facial Care,3.6404,1.2285,1.0,Face Moisturiser & Cream,33.7458,Compiled_Monthly_Files (Lulu)
Lulu,Jul 26,South-2,Telangana,Hyderabad,Other Skin Care,0.5964,0.0247,1.0,Face Moisturiser & Cream,4.1489,Compiled_Monthly_Files (Lulu)
Lulu,Jul 26,South-2,Telangana,Hyderabad,Shampoo,19.4363,4.9729,1.0,Shampoo,25.5856,Compiled_Monthly_Files (Lulu)
Lulu,Jul 26,South-2,Telangana,Hyderabad,Shower Gel&Body Wash,6.6692,0.0329,1.0,Body Wash & Soap,0.4939,Compiled_Monthly_Files (Lulu)
Lulu,Jul 26,South-2,Telangana,Hyderabad,Sun Care,3.524,2.515,1.0,Sun Care,71.3673,Compiled_Monthly_Files (Lulu)
Lulu,Jul 26,,,,Baby Shampoos,0.1368,0.0103,1.0,Baby Care,7.556,Compiled_Monthly_Files (Lulu)
Lulu,Jul 26,,,,Baby Soap,0.3545,0.0112,1.0,Baby Care,3.1697,Compiled_Monthly_Files (Lulu)
Lulu,Jul 26,,,,Body Lotion,1.7727,0.1486,1.0,Body Lotion & Care,8.3803,Compiled_Monthly_Files (Lulu)
Lulu,Jul 26,,,,Conditioners,0.5749,0.0178,1.0,Conditioner,3.1045,Compiled_Monthly_Files (Lulu)
Lulu,Jul 26,,,,Face Wash,2.0781,1.0279,1.0,Face Wash & Cleanser,49.4639,Compiled_Monthly_Files (Lulu)
Lulu,Jul 26,,,,Facial Scrub,0.0695,0.0196,1.0,Face Mask & Scrub,28.2659,Compiled_Monthly_Files (Lulu)
Lulu,Jul 26,,,,Lip Balms,0.2115,0.022,1.0,Lip Care,10.4184,Compiled_Monthly_Files (Lulu)
Lulu,Jul 26,,,,Moistur.Cream/Fluid,1.5319,0.0089,1.0,Face Moisturiser & Cream,0.5792,Compiled_Monthly_Files (Lulu)
Lulu,Jul 26,,,,Other Facial Care,1.3062,0.1358,1.0,Face Moisturiser & Cream,10.3945,Compiled_Monthly_Files (Lulu)
Lulu,Jul 26,,,,Shampoo,3.427,0.324,1.0,Shampoo,9.4537,Compiled_Monthly_Files (Lulu)
Lulu,Jul 26,,,,Shower Gel&Body Wash,2.2236,0.0634,1.0,Body Wash & Soap,2.8533,Compiled_Monthly_Files (Lulu)
Lulu,Jul 26,,,,Sun Care,0.9849,0.6783,1.0,Sun Care,68.8682,Compiled_Monthly_Files (Lulu)
Lulu,Jul 26,,,,Tooth Paste,4.0965,0.0262,1.0,Oral Care,0.6393,Compiled_Monthly_Files (Lulu)
Lulu,Aug 26,North,Uttar Pradesh,Lucknow,Baby Bath,1.3196,0.0549,1.0,Baby Care,4.1577,Compiled_Monthly_Files (Lulu)
Lulu,Aug 26,North,Uttar Pradesh,Lucknow,Baby Lotions,1.4268,0.0317,1.0,Baby Care,2.2185,Compiled_Monthly_Files (Lulu)
Lulu,Aug 26,North,Uttar Pradesh,Lucknow,Baby Oil,0.3936,0.0272,1.0,Baby Care,6.9207,Compiled_Monthly_Files (Lulu)
Lulu,Aug 26,North,Uttar Pradesh,Lucknow,Baby Powder,0.8412,0.0169,1.0,Baby Care,2.0048,Compiled_Monthly_Files (Lulu)
Lulu,Aug 26,North,Uttar Pradesh,Lucknow,Baby Shampoos,1.493,0.1324,1.0,Baby Care,8.8674,Compiled_Monthly_Files (Lulu)
Lulu,Aug 26,North,Uttar Pradesh,Lucknow,Baby Soap,0.9515,0.0483,1.0,Baby Care,5.0714,Compiled_Monthly_Files (Lulu)
Lulu,Aug 26,North,Uttar Pradesh,Lucknow,Bath Soaps,38.4419,0.5873,1.0,Body Wash & Soap,1.5277,Compiled_Monthly_Files (Lulu)
Lulu,Aug 26,North,Uttar Pradesh,Lucknow,Body Lotion,6.8303,0.5037,1.0,Body Lotion & Care,7.3749,Compiled_Monthly_Files (Lulu)
Lulu,Aug 26,North,Uttar Pradesh,Lucknow,Conditioners,6.6356,0.1638,1.0,Conditioner,2.4691,Compiled_Monthly_Files (Lulu)
Lulu,Aug 26,North,Uttar Pradesh,Lucknow,Eye Care,0.1749,0.0138,1.0,Face Moisturiser & Cream,7.9045,Compiled_Monthly_Files (Lulu)
Lulu,Aug 26,North,Uttar Pradesh,Lucknow,Face Mask,2.9504,0.0995,1.0,Face Mask & Scrub,3.3719,Compiled_Monthly_Files (Lulu)
Lulu,Aug 26,North,Uttar Pradesh,Lucknow,Face Wash,19.6277,6.1397,1.0,Face Wash & Cleanser,31.2809,Compiled_Monthly_Files (Lulu)
Lulu,Aug 26,North,Uttar Pradesh,Lucknow,Facial Cleanser,1.6078,0.0042,1.0,Face Wash & Cleanser,0.263,Compiled_Monthly_Files (Lulu)
Lulu,Aug 26,North,Uttar Pradesh,Lucknow,Fairness/Whtng.Cream,4.4377,0.0474,1.0,Face Moisturiser & Cream,1.0675,Compiled_Monthly_Files (Lulu)
Lulu,Aug 26,North,Uttar Pradesh,Lucknow,Female & Unisex Deo,2.3151,0.0834,1.0,Deodorant,3.6028,Compiled_Monthly_Files (Lulu)
Lulu,Aug 26,North,Uttar Pradesh,Lucknow,Hair Oils,15.0048,0.1209,1.0,Hair Oil,0.8058,Compiled_Monthly_Files (Lulu)
Lulu,Aug 26,North,Uttar Pradesh,Lucknow,Hair Treatments&Mask,4.4599,0.0025,1.0,Hair Treatment & Styling,0.0568,Compiled_Monthly_Files (Lulu)
Lulu,Aug 26,North,Uttar Pradesh,Lucknow,Lip Balms,0.536,0.0261,1.0,Lip Care,4.8717,Compiled_Monthly_Files (Lulu)
Lulu,Aug 26,North,Uttar Pradesh,Lucknow,Moistur.Cream/Fluid,8.7622,1.0431,1.0,Face Moisturiser & Cream,11.9049,Compiled_Monthly_Files (Lulu)
Lulu,Aug 26,North,Uttar Pradesh,Lucknow,Other Baby care,1.4747,0.059,1.0,Baby Care,4.0031,Compiled_Monthly_Files (Lulu)
Lulu,Aug 26,North,Uttar Pradesh,Lucknow,Other Facial Care,4.8544,0.53,1.0,Face Moisturiser & Cream,10.9172,Compiled_Monthly_Files (Lulu)
Lulu,Aug 26,North,Uttar Pradesh,Lucknow,Shampoo,41.523,3.3861,1.0,Shampoo,8.1549,Compiled_Monthly_Files (Lulu)
Lulu,Aug 26,North,Uttar Pradesh,Lucknow,Shower Gel&Body Wash,11.8777,0.4449,1.0,Body Wash & Soap,3.7458,Compiled_Monthly_Files (Lulu)
Lulu,Aug 26,North,Uttar Pradesh,Lucknow,Sun Care,4.3867,1.3622,1.0,Sun Care,31.0517,Compiled_Monthly_Files (Lulu)
Lulu,Aug 26,North,Uttar Pradesh,Lucknow,Tooth Paste,27.3988,0.1094,1.0,Oral Care,0.3992,Compiled_Monthly_Files (Lulu)
Lulu,Aug 26,South-1,Karnataka,Bangalore,Baby Bath,0.4567,0.006,1.0,Baby Care,1.3137,Compiled_Monthly_Files (Lulu)
Lulu,Aug 26,South-1,Karnataka,,Baby Bath,1.1743,0.026,4.0,Baby Care,2.214,Compiled_Monthly_Files (Lulu)
Lulu,Aug 26,South-1,Karnataka,Bangalore,Baby Lotions,1.4137,0.0186,1.0,Baby Care,1.3128,Compiled_Monthly_Files (Lulu)
Lulu,Aug 26,South-1,Karnataka,,Baby Lotions,1.3718,0.0167,2.0,Baby Care,1.2176,Compiled_Monthly_Files (Lulu)
Lulu,Aug 26,South-1,Karnataka,,Baby Oil,0.0956,0.0099,2.0,Baby Care,10.3816,Compiled_Monthly_Files (Lulu)
Lulu,Aug 26,South-1,Karnataka,Bangalore,Baby Shampoos,0.7849,0.0247,1.0,Baby Care,3.145,Compiled_Monthly_Files (Lulu)
Lulu,Aug 26,South-1,Karnataka,,Baby Shampoos,0.6725,0.0372,3.0,Baby Care,5.5285,Compiled_Monthly_Files (Lulu)
Lulu,Aug 26,South-1,Karnataka,Bangalore,Baby Soap,1.0005,0.0119,1.0,Baby Care,1.1936,Compiled_Monthly_Files (Lulu)
Lulu,Aug 26,South-1,Karnataka,,Baby Soap,1.6451,0.0478,4.0,Baby Care,2.9073,Compiled_Monthly_Files (Lulu)
Lulu,Aug 26,South-1,Karnataka,Bangalore,Bath Soaps,13.2572,0.1299,1.0,Body Wash & Soap,0.9802,Compiled_Monthly_Files (Lulu)
Lulu,Aug 26,South-1,Karnataka,,Bath Soaps,23.7339,0.2761,4.0,Body Wash & Soap,1.1635,Compiled_Monthly_Files (Lulu)
Lulu,Aug 26,South-1,Karnataka,Bangalore,Body Lotion,4.8558,0.2631,1.0,Body Lotion & Care,5.419,Compiled_Monthly_Files (Lulu)
Lulu,Aug 26,South-1,Karnataka,,Body Lotion,10.8412,0.7156,4.0,Body Lotion & Care,6.601,Compiled_Monthly_Files (Lulu)
Lulu,Aug 26,South-1,Karnataka,Bangalore,Conditioners,2.746,0.0995,1.0,Conditioner,3.6241,Compiled_Monthly_Files (Lulu)
Lulu,Aug 26,South-1,Karnataka,,Conditioners,5.7062,0.1697,4.0,Conditioner,2.9745,Compiled_Monthly_Files (Lulu)
Lulu,Aug 26,South-1,Karnataka,Bangalore,Face Mask,0.9678,0.063,1.0,Face Mask & Scrub,6.5086,Compiled_Monthly_Files (Lulu)
Lulu,Aug 26,South-1,Karnataka,,Face Mask,1.255,0.0262,2.0,Face Mask & Scrub,2.0892,Compiled_Monthly_Files (Lulu)
Lulu,Aug 26,South-1,Karnataka,Bangalore,Face Wash,6.2589,1.4928,1.0,Face Wash & Cleanser,23.8502,Compiled_Monthly_Files (Lulu)
Lulu,Aug 26,South-1,Karnataka,,Face Wash,11.1539,3.7804,4.0,Face Wash & Cleanser,33.8931,Compiled_Monthly_Files (Lulu)
Lulu,Aug 26,South-1,Karnataka,Bangalore,Facial Cleanser,0.8557,0.0115,1.0,Face Wash & Cleanser,1.343,Compiled_Monthly_Files (Lulu)
Lulu,Aug 26,South-1,Karnataka,Bangalore,Facial Scrub,0.416,0.0376,1.0,Face Mask & Scrub,9.0444,Compiled_Monthly_Files (Lulu)
Lulu,Aug 26,South-1,Karnataka,,Facial Scrub,0.6582,0.1129,4.0,Face Mask & Scrub,17.1502,Compiled_Monthly_Files (Lulu)
Lulu,Aug 26,South-1,Karnataka,Bangalore,Fairness/Whtng.Cream,1.4424,0.0114,1.0,Face Moisturiser & Cream,0.7914,Compiled_Monthly_Files (Lulu)
Lulu,Aug 26,South-1,Karnataka,,Fairness/Whtng.Cream,2.3088,0.0484,4.0,Face Moisturiser & Cream,2.0984,Compiled_Monthly_Files (Lulu)
Lulu,Aug 26,South-1,Karnataka,Bangalore,Female & Unisex Deo,1.3128,0.0125,1.0,Deodorant,0.9534,Compiled_Monthly_Files (Lulu)
Lulu,Aug 26,South-1,Karnataka,,Female & Unisex Deo,0.7991,0.0756,1.0,Deodorant,9.4627,Compiled_Monthly_Files (Lulu)
Lulu,Aug 26,South-1,Karnataka,Bangalore,Hair Gel,0.0744,0.0216,1.0,Hair Treatment & Styling,29.0802,Compiled_Monthly_Files (Lulu)
Lulu,Aug 26,South-1,Karnataka,,Hair Gel,0.2992,0.0278,3.0,Hair Treatment & Styling,9.2903,Compiled_Monthly_Files (Lulu)
Lulu,Aug 26,South-1,Karnataka,Bangalore,Hair Oils,2.0293,0.0484,1.0,Hair Oil,2.386,Compiled_Monthly_Files (Lulu)
Lulu,Aug 26,South-1,Karnataka,,Hair Oils,3.2135,0.1582,3.0,Hair Oil,4.9217,Compiled_Monthly_Files (Lulu)
Lulu,Aug 26,South-1,Karnataka,Bangalore,Hair Treatments&Mask,1.5541,0.0356,1.0,Hair Treatment & Styling,2.2897,Compiled_Monthly_Files (Lulu)
Lulu,Aug 26,South-1,Karnataka,,Hair Treatments&Mask,2.8229,0.1141,4.0,Hair Treatment & Styling,4.0431,Compiled_Monthly_Files (Lulu)
Lulu,Aug 26,South-1,Karnataka,Bangalore,Lip Balms,0.7534,0.0554,1.0,Lip Care,7.3472,Compiled_Monthly_Files (Lulu)
Lulu,Aug 26,South-1,Karnataka,,Lip Balms,1.6069,0.1321,3.0,Lip Care,8.2185,Compiled_Monthly_Files (Lulu)
Lulu,Aug 26,South-1,Karnataka,Bangalore,Moistur.Cream/Fluid,4.7899,0.1682,1.0,Face Moisturiser & Cream,3.512,Compiled_Monthly_Files (Lulu)
Lulu,Aug 26,South-1,Karnataka,,Moistur.Cream/Fluid,8.9517,0.2544,4.0,Face Moisturiser & Cream,2.842,Compiled_Monthly_Files (Lulu)
Lulu,Aug 26,South-1,Karnataka,,Other Baby care,0.6916,0.0261,3.0,Baby Care,3.7679,Compiled_Monthly_Files (Lulu)
Lulu,Aug 26,South-1,Karnataka,Bangalore,Other Facial Care,2.8715,0.4318,1.0,Face Moisturiser & Cream,15.036,Compiled_Monthly_Files (Lulu)
Lulu,Aug 26,South-1,Karnataka,,Other Facial Care,6.1369,0.4187,4.0,Face Moisturiser & Cream,6.8224,Compiled_Monthly_Files (Lulu)
Lulu,Aug 26,South-1,Karnataka,Bangalore,Other Skin Care,0.414,0.0091,1.0,Face Moisturiser & Cream,2.2069,Compiled_Monthly_Files (Lulu)
Lulu,Aug 26,South-1,Karnataka,Bangalore,Shampoo,13.9744,1.8653,1.0,Shampoo,13.3477,Compiled_Monthly_Files (Lulu)
Lulu,Aug 26,South-1,Karnataka,,Shampoo,26.9626,2.5466,4.0,Shampoo,9.4451,Compiled_Monthly_Files (Lulu)
Lulu,Aug 26,South-1,Karnataka,Bangalore,Shower Gel&Body Wash,5.808,0.1411,1.0,Body Wash & Soap,2.4297,Compiled_Monthly_Files (Lulu)
Lulu,Aug 26,South-1,Karnataka,,Shower Gel&Body Wash,15.1807,0.5069,4.0,Body Wash & Soap,3.3389,Compiled_Monthly_Files (Lulu)
Lulu,Aug 26,South-1,Karnataka,Bangalore,Sun Care,2.7594,1.0195,1.0,Sun Care,36.9485,Compiled_Monthly_Files (Lulu)
Lulu,Aug 26,South-1,Karnataka,,Sun Care,4.7442,1.9025,4.0,Sun Care,40.1016,Compiled_Monthly_Files (Lulu)
Lulu,Aug 26,South-1,Karnataka,Bangalore,Tooth Paste,14.1343,0.0258,1.0,Oral Care,0.1825,Compiled_Monthly_Files (Lulu)
Lulu,Aug 26,South-1,Karnataka,,Tooth Paste,22.7519,0.086,3.0,Oral Care,0.378,Compiled_Monthly_Files (Lulu)
Lulu,Aug 26,South-1,Kerala,Calicut,Baby Bath,0.8767,0.0437,2.0,Baby Care,4.9819,Compiled_Monthly_Files (Lulu)
Lulu,Aug 26,South-1,Kerala,Kochi,Baby Bath,2.043,0.0694,2.0,Baby Care,3.3947,Compiled_Monthly_Files (Lulu)
Lulu,Aug 26,South-1,Kerala,Kottayam,Baby Bath,1.0829,0.0441,1.0,Baby Care,4.0702,Compiled_Monthly_Files (Lulu)
Lulu,Aug 26,South-1,Kerala,Kottiyam,Baby Bath,0.1157,0.0084,1.0,Baby Care,7.2688,Compiled_Monthly_Files (Lulu)
Lulu,Aug 26,South-1,Kerala,Thrissur,Baby Bath,0.321,0.0147,1.0,Baby Care,4.5825,Compiled_Monthly_Files (Lulu)
Lulu,Aug 26,South-1,Kerala,Trivandrum,Baby Bath,1.4337,0.0884,1.0,Baby Care,6.1691,Compiled_Monthly_Files (Lulu)
Lulu,Aug 26,South-1,Kerala,Calicut,Baby Cream,0.4979,0.0051,1.0,Baby Care,1.0162,Compiled_Monthly_Files (Lulu)
Lulu,Aug 26,South-1,Kerala,Kochi,Baby Cream,0.1714,0.0201,1.0,Baby Care,11.7457,Compiled_Monthly_Files (Lulu)
Lulu,Aug 26,South-1,Kerala,Kottayam,Baby Cream,0.7948,0.0235,1.0,Baby Care,2.9555,Compiled_Monthly_Files (Lulu)
Lulu,Aug 26,South-1,Kerala,Palakkad,Baby Cream,0.3766,0.0117,1.0,Baby Care,3.1189,Compiled_Monthly_Files (Lulu)
Lulu,Aug 26,South-1,Kerala,Thrissur,Baby Cream,0.1841,0.0084,1.0,Baby Care,4.5569,Compiled_Monthly_Files (Lulu)
Lulu,Aug 26,South-1,Kerala,Calicut,Baby Lotions,1.4558,0.0084,1.0,Baby Care,0.5775,Compiled_Monthly_Files (Lulu)
Lulu,Aug 26,South-1,Kerala,Kochi,Baby Lotions,3.6147,0.0504,2.0,Baby Care,1.3954,Compiled_Monthly_Files (Lulu)
Lulu,Aug 26,South-1,Kerala,Kottayam,Baby Lotions,2.0393,0.0252,1.0,Baby Care,1.2367,Compiled_Monthly_Files (Lulu)
Lulu,Aug 26,South-1,Kerala,Trivandrum,Baby Lotions,2.7348,0.0462,1.0,Baby Care,1.6907,Compiled_Monthly_Files (Lulu)
Lulu,Aug 26,South-1,Kerala,,Baby Lotions,0.2699,0.0231,1.0,Baby Care,8.5656,Compiled_Monthly_Files (Lulu)
Lulu,Aug 26,South-1,Kerala,Kochi,Baby Oil,0.1087,0.0151,1.0,Baby Care,13.9246,Compiled_Monthly_Files (Lulu)
Lulu,Aug 26,South-1,Kerala,Kottayam,Baby Oil,0.2399,0.0126,1.0,Baby Care,5.2592,Compiled_Monthly_Files (Lulu)
Lulu,Aug 26,South-1,Kerala,Kottiyam,Baby Oil,0.0199,0.0028,1.0,Baby Care,14.2387,Compiled_Monthly_Files (Lulu)
Lulu,Aug 26,South-1,Kerala,Thrissur,Baby Oil,0.0525,0.0025,1.0,Baby Care,4.8088,Compiled_Monthly_Files (Lulu)
Lulu,Aug 26,South-1,Kerala,Thrissur,Baby Powder,0.1233,0.0067,1.0,Baby Care,5.4458,Compiled_Monthly_Files (Lulu)
Lulu,Aug 26,South-1,Kerala,Calicut,Baby Shampoos,0.3989,0.0071,1.0,Baby Care,1.7765,Compiled_Monthly_Files (Lulu)
Lulu,Aug 26,South-1,Kerala,Kochi,Baby Shampoos,0.1955,0.0385,1.0,Baby Care,19.7008,Compiled_Monthly_Files (Lulu)
Lulu,Aug 26,South-1,Kerala,Kottayam,Baby Shampoos,0.4526,0.0189,1.0,Baby Care,4.1666,Compiled_Monthly_Files (Lulu)
Lulu,Aug 26,South-1,Kerala,Kottiyam,Baby Shampoos,0.115,0.0105,1.0,Baby Care,9.1527,Compiled_Monthly_Files (Lulu)
Lulu,Aug 26,South-1,Kerala,Palakkad,Baby Shampoos,0.2985,0.0105,1.0,Baby Care,3.5097,Compiled_Monthly_Files (Lulu)
Lulu,Aug 26,South-1,Kerala,Thrissur,Baby Shampoos,0.1637,0.0024,1.0,Baby Care,1.4426,Compiled_Monthly_Files (Lulu)
Lulu,Aug 26,South-1,Kerala,Trivandrum,Baby Shampoos,1.4177,0.0337,1.0,Baby Care,2.3755,Compiled_Monthly_Files (Lulu)
Lulu,Aug 26,South-1,Kerala,Calicut,Baby Soap,1.0653,0.0042,1.0,Baby Care,0.3933,Compiled_Monthly_Files (Lulu)
Lulu,Aug 26,South-1,Kerala,Kochi,Baby Soap,2.1843,0.0314,2.0,Baby Care,1.4388,Compiled_Monthly_Files (Lulu)
Lulu,Aug 26,South-1,Kerala,Kottayam,Baby Soap,0.9362,0.0047,1.0,Baby Care,0.5046,Compiled_Monthly_Files (Lulu)
Lulu,Aug 26,South-1,Kerala,Palakkad,Baby Soap,1.007,0.0272,1.0,Baby Care,2.7047,Compiled_Monthly_Files (Lulu)
Lulu,Aug 26,South-1,Kerala,Thrissur,Baby Soap,0.3968,0.0094,1.0,Baby Care,2.3808,Compiled_Monthly_Files (Lulu)
Lulu,Aug 26,South-1,Kerala,Trivandrum,Baby Soap,2.1914,0.0307,1.0,Baby Care,1.3994,Compiled_Monthly_Files (Lulu)
Lulu,Aug 26,South-1,Kerala,,Baby Soap,0.3143,0.0168,1.0,Baby Care,5.3334,Compiled_Monthly_Files (Lulu)
Lulu,Aug 26,South-1,Kerala,Calicut,Bath Soaps,24.4425,0.0981,2.0,Body Wash & Soap,0.4013,Compiled_Monthly_Files (Lulu)
Lulu,Aug 26,South-1,Kerala,Kochi,Bath Soaps,70.117,0.1816,2.0,Body Wash & Soap,0.259,Compiled_Monthly_Files (Lulu)
Lulu,Aug 26,South-1,Kerala,Kottayam,Bath Soaps,33.963,0.0735,1.0,Body Wash & Soap,0.2163,Compiled_Monthly_Files (Lulu)
Lulu,Aug 26,South-1,Kerala,Kottiyam,Bath Soaps,11.9227,0.025,1.0,Body Wash & Soap,0.21,Compiled_Monthly_Files (Lulu)
Lulu,Aug 26,South-1,Kerala,Palakkad,Bath Soaps,21.8152,0.0516,1.0,Body Wash & Soap,0.2364,Compiled_Monthly_Files (Lulu)
Lulu,Aug 26,South-1,Kerala,Thrissur,Bath Soaps,11.3116,0.0626,1.0,Body Wash & Soap,0.5537,Compiled_Monthly_Files (Lulu)
Lulu,Aug 26,South-1,Kerala,Trivandrum,Bath Soaps,73.6869,0.2068,1.0,Body Wash & Soap,0.2807,Compiled_Monthly_Files (Lulu)
Lulu,Aug 26,South-1,Kerala,,Bath Soaps,11.9725,0.0063,1.0,Body Wash & Soap,0.0525,Compiled_Monthly_Files (Lulu)
Lulu,Aug 26,South-1,Kerala,Calicut,Body Lotion,3.6809,0.2347,2.0,Body Lotion & Care,6.3769,Compiled_Monthly_Files (Lulu)
Lulu,Aug 26,South-1,Kerala,Kochi,Body Lotion,15.564,1.0433,2.0,Body Lotion & Care,6.7035,Compiled_Monthly_Files (Lulu)
Lulu,Aug 26,South-1,Kerala,Kottayam,Body Lotion,7.0386,0.9889,1.0,Body Lotion & Care,14.0492,Compiled_Monthly_Files (Lulu)
Lulu,Aug 26,South-1,Kerala,Kottiyam,Body Lotion,1.6922,0.1281,1.0,Body Lotion & Care,7.5708,Compiled_Monthly_Files (Lulu)
Lulu,Aug 26,South-1,Kerala,Palakkad,Body Lotion,2.7972,0.0747,1.0,Body Lotion & Care,2.6721,Compiled_Monthly_Files (Lulu)
Lulu,Aug 26,South-1,Kerala,Thrissur,Body Lotion,2.0705,0.2612,1.0,Body Lotion & Care,12.6138,Compiled_Monthly_Files (Lulu)
Lulu,Aug 26,South-1,Kerala,Trivandrum,Body Lotion,13.2643,1.3755,1.0,Body Lotion & Care,10.3698,Compiled_Monthly_Files (Lulu)
Lulu,Aug 26,South-1,Kerala,,Body Lotion,2.5023,0.8797,1.0,Body Lotion & Care,35.1554,Compiled_Monthly_Files (Lulu)
Lulu,Aug 26,South-1,Kerala,Calicut,Conditioners,3.5105,0.1589,2.0,Conditioner,4.5275,Compiled_Monthly_Files (Lulu)
Lulu,Aug 26,South-1,Kerala,Kochi,Conditioners,10.7265,0.6224,2.0,Conditioner,5.8025,Compiled_Monthly_Files (Lulu)
Lulu,Aug 26,South-1,Kerala,Kottayam,Conditioners,4.5511,0.2433,1.0,Conditioner,5.3462,Compiled_Monthly_Files (Lulu)
Lulu,Aug 26,South-1,Kerala,Kottiyam,Conditioners,1.0634,0.0223,1.0,Conditioner,2.0975,Compiled_Monthly_Files (Lulu)
Lulu,Aug 26,South-1,Kerala,Palakkad,Conditioners,1.6551,0.0029,1.0,Conditioner,0.1782,Compiled_Monthly_Files (Lulu)
Lulu,Aug 26,South-1,Kerala,Thrissur,Conditioners,1.603,0.0831,1.0,Conditioner,5.1863,Compiled_Monthly_Files (Lulu)
Lulu,Aug 26,South-1,Kerala,,Conditioners,1.7981,0.0843,1.0,Conditioner,4.6896,Compiled_Monthly_Files (Lulu)
Lulu,Aug 26,South-1,Kerala,Calicut,Eye Care,0.8771,0.066,2.0,Face Moisturiser & Cream,7.5266,Compiled_Monthly_Files (Lulu)
Lulu,Aug 26,South-1,Kerala,Kochi,Eye Care,0.3556,0.0093,1.0,Face Moisturiser & Cream,2.6166,Compiled_Monthly_Files (Lulu)
Lulu,Aug 26,South-1,Kerala,Kottayam,Eye Care,1.6343,0.0676,1.0,Face Moisturiser & Cream,4.1339,Compiled_Monthly_Files (Lulu)
Lulu,Aug 26,South-1,Kerala,Palakkad,Eye Care,0.2243,0.0593,1.0,Face Moisturiser & Cream,26.4228,Compiled_Monthly_Files (Lulu)
Lulu,Aug 26,South-1,Kerala,Thrissur,Eye Care,0.1646,0.039,1.0,Face Moisturiser & Cream,23.6834,Compiled_Monthly_Files (Lulu)
Lulu,Aug 26,South-1,Kerala,Trivandrum,Eye Care,2.9798,0.0859,1.0,Face Moisturiser & Cream,2.8815,Compiled_Monthly_Files (Lulu)
Lulu,Aug 26,South-1,Kerala,Calicut,Face Mask,0.7843,0.1593,2.0,Face Mask & Scrub,20.3165,Compiled_Monthly_Files (Lulu)
Lulu,Aug 26,South-1,Kerala,Kochi,Face Mask,3.6717,0.3004,2.0,Face Mask & Scrub,8.1814,Compiled_Monthly_Files (Lulu)
Lulu,Aug 26,South-1,Kerala,Kottayam,Face Mask,1.665,0.1457,1.0,Face Mask & Scrub,8.7478,Compiled_Monthly_Files (Lulu)
Lulu,Aug 26,South-1,Kerala,Kottiyam,Face Mask,0.4823,0.0188,1.0,Face Mask & Scrub,3.9009,Compiled_Monthly_Files (Lulu)
Lulu,Aug 26,South-1,Kerala,Palakkad,Face Mask,0.5703,0.0411,1.0,Face Mask & Scrub,7.2132,Compiled_Monthly_Files (Lulu)
Lulu,Aug 26,South-1,Kerala,Thrissur,Face Mask,0.4907,0.042,1.0,Face Mask & Scrub,8.5628,Compiled_Monthly_Files (Lulu)
Lulu,Aug 26,South-1,Kerala,Trivandrum,Face Mask,3.0138,0.2022,1.0,Face Mask & Scrub,6.7101,Compiled_Monthly_Files (Lulu)
Lulu,Aug 26,South-1,Kerala,Calicut,Face Wash,8.4427,2.7333,2.0,Face Wash & Cleanser,32.3749,Compiled_Monthly_Files (Lulu)
Lulu,Aug 26,South-1,Kerala,Kochi,Face Wash,21.5412,4.2026,2.0,Face Wash & Cleanser,19.5098,Compiled_Monthly_Files (Lulu)
Lulu,Aug 26,South-1,Kerala,Kottayam,Face Wash,9.3038,2.3764,1.0,Face Wash & Cleanser,25.5424,Compiled_Monthly_Files (Lulu)
Lulu,Aug 26,South-1,Kerala,Kottiyam,Face Wash,3.2043,0.4876,1.0,Face Wash & Cleanser,15.2154,Compiled_Monthly_Files (Lulu)
Lulu,Aug 26,South-1,Kerala,Palakkad,Face Wash,4.8934,1.1657,1.0,Face Wash & Cleanser,23.8223,Compiled_Monthly_Files (Lulu)
Lulu,Aug 26,South-1,Kerala,Thrissur,Face Wash,3.817,0.8952,1.0,Face Wash & Cleanser,23.4539,Compiled_Monthly_Files (Lulu)
Lulu,Aug 26,South-1,Kerala,Trivandrum,Face Wash,17.3049,3.7105,1.0,Face Wash & Cleanser,21.4422,Compiled_Monthly_Files (Lulu)
Lulu,Aug 26,South-1,Kerala,,Face Wash,3.9417,0.506,1.0,Face Wash & Cleanser,12.8379,Compiled_Monthly_Files (Lulu)
Lulu,Aug 26,South-1,Kerala,Kochi,Facial Cleanser,0.6516,0.0034,1.0,Face Wash & Cleanser,0.5176,Compiled_Monthly_Files (Lulu)
Lulu,Aug 26,South-1,Kerala,Kottayam,Facial Cleanser,1.2336,0.0034,1.0,Face Wash & Cleanser,0.2734,Compiled_Monthly_Files (Lulu)
Lulu,Aug 26,South-1,Kerala,Palakkad,Facial Cleanser,0.686,0.0029,1.0,Face Wash & Cleanser,0.4299,Compiled_Monthly_Files (Lulu)
Lulu,Aug 26,South-1,Kerala,,Facial Cleanser,0.255,0.0034,1.0,Face Wash & Cleanser,1.3229,Compiled_Monthly_Files (Lulu)
Lulu,Aug 26,South-1,Kerala,Calicut,Facial Scrub,0.2561,0.0354,1.0,Face Mask & Scrub,13.8184,Compiled_Monthly_Files (Lulu)
Lulu,Aug 26,South-1,Kerala,Kochi,Facial Scrub,0.2408,0.0088,1.0,Face Mask & Scrub,3.6744,Compiled_Monthly_Files (Lulu)
Lulu,Aug 26,South-1,Kerala,Kottayam,Facial Scrub,0.638,0.0708,1.0,Face Mask & Scrub,11.0939,Compiled_Monthly_Files (Lulu)
Lulu,Aug 26,South-1,Kerala,Palakkad,Facial Scrub,0.2111,0.056,1.0,Face Mask & Scrub,26.5418,Compiled_Monthly_Files (Lulu)
Lulu,Aug 26,South-1,Kerala,Thrissur,Facial Scrub,0.1918,0.0118,1.0,Face Mask & Scrub,6.1521,Compiled_Monthly_Files (Lulu)
Lulu,Aug 26,South-1,Kerala,Calicut,Fairness/Whtng.Cream,1.2395,0.0346,1.0,Face Moisturiser & Cream,2.791,Compiled_Monthly_Files (Lulu)
Lulu,Aug 26,South-1,Kerala,Kochi,Fairness/Whtng.Cream,5.464,0.099,2.0,Face Moisturiser & Cream,1.8117,Compiled_Monthly_Files (Lulu)
Lulu,Aug 26,South-1,Kerala,Kottayam,Fairness/Whtng.Cream,2.3548,0.155,1.0,Face Moisturiser & Cream,6.5835,Compiled_Monthly_Files (Lulu)
Lulu,Aug 26,South-1,Kerala,Palakkad,Fairness/Whtng.Cream,1.2008,0.0634,1.0,Face Moisturiser & Cream,5.2802,Compiled_Monthly_Files (Lulu)
Lulu,Aug 26,South-1,Kerala,Thrissur,Fairness/Whtng.Cream,0.6721,0.0072,1.0,Face Moisturiser & Cream,1.0767,Compiled_Monthly_Files (Lulu)
Lulu,Aug 26,South-1,Kerala,Trivandrum,Fairness/Whtng.Cream,5.6476,0.188,1.0,Face Moisturiser & Cream,3.329,Compiled_Monthly_Files (Lulu)
Lulu,Aug 26,South-1,Kerala,Calicut,Female & Unisex Deo,2.7796,0.0355,2.0,Deodorant,1.2762,Compiled_Monthly_Files (Lulu)
Lulu,Aug 26,South-1,Kerala,Kochi,Female & Unisex Deo,6.5983,0.076,1.0,Deodorant,1.1513,Compiled_Monthly_Files (Lulu)
Lulu,Aug 26,South-1,Kerala,Kottayam,Female & Unisex Deo,3.846,0.0457,1.0,Deodorant,1.1875,Compiled_Monthly_Files (Lulu)
Lulu,Aug 26,South-1,Kerala,Palakkad,Female & Unisex Deo,1.2563,0.0211,1.0,Deodorant,1.6797,Compiled_Monthly_Files (Lulu)
Lulu,Aug 26,South-1,Kerala,Thrissur,Female & Unisex Deo,1.4399,0.0675,1.0,Deodorant,4.6897,Compiled_Monthly_Files (Lulu)
Lulu,Aug 26,South-1,Kerala,Trivandrum,Female & Unisex Deo,8.2796,0.114,1.0,Deodorant,1.3771,Compiled_Monthly_Files (Lulu)
Lulu,Aug 26,South-1,Kerala,Kochi,Hair Gel,0.2491,0.0177,1.0,Hair Treatment & Styling,7.1029,Compiled_Monthly_Files (Lulu)
Lulu,Aug 26,South-1,Kerala,Kottayam,Hair Gel,0.3713,0.0206,1.0,Hair Treatment & Styling,5.5596,Compiled_Monthly_Files (Lulu)
Lulu,Aug 26,South-1,Kerala,Thrissur,Hair Gel,0.1834,0.0059,1.0,Hair Treatment & Styling,3.2162,Compiled_Monthly_Files (Lulu)
Lulu,Aug 26,South-1,Kerala,,Hair Gel,0.2315,0.0059,1.0,Hair Treatment & Styling,2.5482,Compiled_Monthly_Files (Lulu)
Lulu,Aug 26,South-1,Kerala,Calicut,Hair Oils,2.9266,0.0539,1.0,Hair Oil,1.8432,Compiled_Monthly_Files (Lulu)
Lulu,Aug 26,South-1,Kerala,Kochi,Hair Oils,11.931,0.2828,2.0,Hair Oil,2.37,Compiled_Monthly_Files (Lulu)
Lulu,Aug 26,South-1,Kerala,Kottayam,Hair Oils,4.0683,0.1314,1.0,Hair Oil,3.2303,Compiled_Monthly_Files (Lulu)
Lulu,Aug 26,South-1,Kerala,Kottiyam,Hair Oils,0.8383,0.0177,1.0,Hair Oil,2.1074,Compiled_Monthly_Files (Lulu)
Lulu,Aug 26,South-1,Kerala,Palakkad,Hair Oils,2.0299,0.0342,1.0,Hair Oil,1.6858,Compiled_Monthly_Files (Lulu)
Lulu,Aug 26,South-1,Kerala,Thrissur,Hair Oils,1.1638,0.0518,1.0,Hair Oil,4.4467,Compiled_Monthly_Files (Lulu)
Lulu,Aug 26,South-1,Kerala,Trivandrum,Hair Oils,9.3292,0.1354,1.0,Hair Oil,1.4509,Compiled_Monthly_Files (Lulu)
Lulu,Aug 26,South-1,Kerala,,Hair Oils,1.5851,0.0318,1.0,Hair Oil,2.0092,Compiled_Monthly_Files (Lulu)
Lulu,Aug 26,South-1,Kerala,Calicut,Hair Treatments&Mask,2.0051,0.0429,1.0,Hair Treatment & Styling,2.142,Compiled_Monthly_Files (Lulu)
Lulu,Aug 26,South-1,Kerala,Kochi,Hair Treatments&Mask,9.0197,0.1215,2.0,Hair Treatment & Styling,1.3475,Compiled_Monthly_Files (Lulu)
Lulu,Aug 26,South-1,Kerala,Kottayam,Hair Treatments&Mask,3.7515,0.0531,1.0,Hair Treatment & Styling,1.4164,Compiled_Monthly_Files (Lulu)
Lulu,Aug 26,South-1,Kerala,Kottiyam,Hair Treatments&Mask,0.7408,0.0227,1.0,Hair Treatment & Styling,3.068,Compiled_Monthly_Files (Lulu)
Lulu,Aug 26,South-1,Kerala,Thrissur,Hair Treatments&Mask,1.2499,0.0683,1.0,Hair Treatment & Styling,5.4634,Compiled_Monthly_Files (Lulu)
Lulu,Aug 26,South-1,Kerala,Trivandrum,Hair Treatments&Mask,6.769,0.0911,1.0,Hair Treatment & Styling,1.3459,Compiled_Monthly_Files (Lulu)
Lulu,Aug 26,South-1,Kerala,,Hair Treatments&Mask,1.0546,0.0404,1.0,Hair Treatment & Styling,3.8313,Compiled_Monthly_Files (Lulu)
Lulu,Aug 26,South-1,Kerala,Kochi,Henna Colorants,0.2007,0.0148,1.0,Hair Treatment & Styling,7.3592,Compiled_Monthly_Files (Lulu)
Lulu,Aug 26,South-1,Kerala,Palakkad,Henna Colorants,0.4028,0.0338,1.0,Hair Treatment & Styling,8.3819,Compiled_Monthly_Files (Lulu)
Lulu,Aug 26,South-1,Kerala,Thrissur,Henna Colorants,0.2005,0.0253,1.0,Hair Treatment & Styling,12.6327,Compiled_Monthly_Files (Lulu)
Lulu,Aug 26,South-1,Kerala,Calicut,Lip Balms,1.1446,0.0755,2.0,Lip Care,6.5978,Compiled_Monthly_Files (Lulu)
Lulu,Aug 26,South-1,Kerala,Kochi,Lip Balms,3.674,0.3897,2.0,Lip Care,10.6071,Compiled_Monthly_Files (Lulu)
Lulu,Aug 26,South-1,Kerala,Kottayam,Lip Balms,2.2289,0.2518,1.0,Lip Care,11.296,Compiled_Monthly_Files (Lulu)
Lulu,Aug 26,South-1,Kerala,Kottiyam,Lip Balms,0.3358,0.0147,1.0,Lip Care,4.3808,Compiled_Monthly_Files (Lulu)
Lulu,Aug 26,South-1,Kerala,Palakkad,Lip Balms,0.8604,0.0613,1.0,Lip Care,7.1238,Compiled_Monthly_Files (Lulu)
Lulu,Aug 26,South-1,Kerala,Thrissur,Lip Balms,0.5491,0.0634,1.0,Lip Care,11.5522,Compiled_Monthly_Files (Lulu)
Lulu,Aug 26,South-1,Kerala,Trivandrum,Lip Balms,3.3158,0.3476,1.0,Lip Care,10.4844,Compiled_Monthly_Files (Lulu)
Lulu,Aug 26,South-1,Kerala,,Lip Balms,0.4233,0.103,1.0,Lip Care,24.3308,Compiled_Monthly_Files (Lulu)
Lulu,Aug 26,South-1,Kerala,Calicut,Moistur.Cream/Fluid,6.1384,0.4503,2.0,Face Moisturiser & Cream,7.3359,Compiled_Monthly_Files (Lulu)
Lulu,Aug 26,South-1,Kerala,Kochi,Moistur.Cream/Fluid,18.0975,1.221,2.0,Face Moisturiser & Cream,6.7466,Compiled_Monthly_Files (Lulu)
Lulu,Aug 26,South-1,Kerala,Kottayam,Moistur.Cream/Fluid,9.4271,0.4317,1.0,Face Moisturiser & Cream,4.5798,Compiled_Monthly_Files (Lulu)
Lulu,Aug 26,South-1,Kerala,Kottiyam,Moistur.Cream/Fluid,2.3964,0.1082,1.0,Face Moisturiser & Cream,4.5135,Compiled_Monthly_Files (Lulu)
Lulu,Aug 26,South-1,Kerala,Palakkad,Moistur.Cream/Fluid,4.1993,0.2243,1.0,Face Moisturiser & Cream,5.3423,Compiled_Monthly_Files (Lulu)
Lulu,Aug 26,South-1,Kerala,Thrissur,Moistur.Cream/Fluid,2.933,0.2567,1.0,Face Moisturiser & Cream,8.7527,Compiled_Monthly_Files (Lulu)
Lulu,Aug 26,South-1,Kerala,Trivandrum,Moistur.Cream/Fluid,17.5733,1.6883,1.0,Face Moisturiser & Cream,9.6073,Compiled_Monthly_Files (Lulu)
Lulu,Aug 26,South-1,Kerala,,Moistur.Cream/Fluid,1.8984,0.1151,1.0,Face Moisturiser & Cream,6.0654,Compiled_Monthly_Files (Lulu)
Lulu,Aug 26,South-1,Kerala,Calicut,Other Baby care,0.6729,0.0054,1.0,Baby Care,0.806,Compiled_Monthly_Files (Lulu)
Lulu,Aug 26,South-1,Kerala,Kochi,Other Baby care,0.2988,0.0043,1.0,Baby Care,1.4524,Compiled_Monthly_Files (Lulu)
Lulu,Aug 26,South-1,Kerala,Kottayam,Other Baby care,1.9844,0.0141,1.0,Baby Care,0.7106,Compiled_Monthly_Files (Lulu)
Lulu,Aug 26,South-1,Kerala,Kottiyam,Other Baby care,0.451,0.0033,1.0,Baby Care,0.7215,Compiled_Monthly_Files (Lulu)
Lulu,Aug 26,South-1,Kerala,Palakkad,Other Baby care,0.5366,0.0076,1.0,Baby Care,1.4152,Compiled_Monthly_Files (Lulu)
Lulu,Aug 26,South-1,Kerala,Thrissur,Other Baby care,0.1975,0.0043,1.0,Baby Care,2.1973,Compiled_Monthly_Files (Lulu)
Lulu,Aug 26,South-1,Kerala,Calicut,Other Facial Care,4.489,0.4564,2.0,Face Moisturiser & Cream,10.1666,Compiled_Monthly_Files (Lulu)
Lulu,Aug 26,South-1,Kerala,Kochi,Other Facial Care,11.0016,1.9989,2.0,Face Moisturiser & Cream,18.1693,Compiled_Monthly_Files (Lulu)
Lulu,Aug 26,South-1,Kerala,Kottayam,Other Facial Care,5.6036,0.9095,1.0,Face Moisturiser & Cream,16.2306,Compiled_Monthly_Files (Lulu)
Lulu,Aug 26,South-1,Kerala,Kottiyam,Other Facial Care,1.2819,0.0735,1.0,Face Moisturiser & Cream,5.7362,Compiled_Monthly_Files (Lulu)
Lulu,Aug 26,South-1,Kerala,Palakkad,Other Facial Care,2.378,0.2307,1.0,Face Moisturiser & Cream,9.7021,Compiled_Monthly_Files (Lulu)
Lulu,Aug 26,South-1,Kerala,Thrissur,Other Facial Care,1.9069,0.1916,1.0,Face Moisturiser & Cream,10.0483,Compiled_Monthly_Files (Lulu)
Lulu,Aug 26,South-1,Kerala,Trivandrum,Other Facial Care,10.8258,1.5131,1.0,Face Moisturiser & Cream,13.9769,Compiled_Monthly_Files (Lulu)
Lulu,Aug 26,South-1,Kerala,,Other Facial Care,0.6188,0.065,1.0,Face Moisturiser & Cream,10.5101,Compiled_Monthly_Files (Lulu)
Lulu,Aug 26,South-1,Kerala,Kochi,Other Skin Care,1.6102,0.0304,1.0,Face Moisturiser & Cream,1.8884,Compiled_Monthly_Files (Lulu)
Lulu,Aug 26,South-1,Kerala,Palakkad,Other Skin Care,0.258,0.0203,1.0,Face Moisturiser & Cream,7.8567,Compiled_Monthly_Files (Lulu)
Lulu,Aug 26,South-1,Kerala,Trivandrum,Other Skin Care,1.3253,0.0203,1.0,Face Moisturiser & Cream,1.5296,Compiled_Monthly_Files (Lulu)
Lulu,Aug 26,South-1,Kerala,Calicut,Shampoo,9.9665,0.4929,2.0,Shampoo,4.9451,Compiled_Monthly_Files (Lulu)
Lulu,Aug 26,South-1,Kerala,Kochi,Shampoo,37.1685,1.525,2.0,Shampoo,4.103,Compiled_Monthly_Files (Lulu)
Lulu,Aug 26,South-1,Kerala,Kottayam,Shampoo,15.1684,0.7246,1.0,Shampoo,4.7772,Compiled_Monthly_Files (Lulu)
Lulu,Aug 26,South-1,Kerala,Kottiyam,Shampoo,2.7429,0.1636,1.0,Shampoo,5.964,Compiled_Monthly_Files (Lulu)
Lulu,Aug 26,South-1,Kerala,Palakkad,Shampoo,7.7443,0.2353,1.0,Shampoo,3.0385,Compiled_Monthly_Files (Lulu)
Lulu,Aug 26,South-1,Kerala,Thrissur,Shampoo,5.2084,0.353,1.0,Shampoo,6.7768,Compiled_Monthly_Files (Lulu)
Lulu,Aug 26,South-1,Kerala,Trivandrum,Shampoo,28.0885,1.7879,1.0,Shampoo,6.3651,Compiled_Monthly_Files (Lulu)
Lulu,Aug 26,South-1,Kerala,,Shampoo,5.4593,0.2322,1.0,Shampoo,4.2538,Compiled_Monthly_Files (Lulu)
Lulu,Aug 26,South-1,Kerala,Calicut,Shower Gel&Body Wash,7.338,0.114,1.0,Body Wash & Soap,1.5539,Compiled_Monthly_Files (Lulu)
Lulu,Aug 26,South-1,Kerala,Kochi,Shower Gel&Body Wash,19.5882,0.3198,1.0,Body Wash & Soap,1.6326,Compiled_Monthly_Files (Lulu)
Lulu,Aug 26,South-1,Kerala,Kottayam,Shower Gel&Body Wash,9.9095,0.4643,1.0,Body Wash & Soap,4.6854,Compiled_Monthly_Files (Lulu)
Lulu,Aug 26,South-1,Kerala,Thrissur,Shower Gel&Body Wash,4.9977,0.3066,1.0,Body Wash & Soap,6.1351,Compiled_Monthly_Files (Lulu)
Lulu,Aug 26,South-1,Kerala,Trivandrum,Shower Gel&Body Wash,26.1138,0.6394,1.0,Body Wash & Soap,2.4486,Compiled_Monthly_Files (Lulu)
Lulu,Aug 26,South-1,Kerala,Calicut,Sun Care,3.7864,1.2833,2.0,Sun Care,33.8923,Compiled_Monthly_Files (Lulu)
Lulu,Aug 26,South-1,Kerala,Kochi,Sun Care,10.813,2.6656,2.0,Sun Care,24.6519,Compiled_Monthly_Files (Lulu)
Lulu,Aug 26,South-1,Kerala,Kottayam,Sun Care,4.6729,1.5458,1.0,Sun Care,33.0807,Compiled_Monthly_Files (Lulu)
Lulu,Aug 26,South-1,Kerala,Kottiyam,Sun Care,1.4568,0.4054,1.0,Sun Care,27.832,Compiled_Monthly_Files (Lulu)
Lulu,Aug 26,South-1,Kerala,Palakkad,Sun Care,3.0707,0.9903,1.0,Sun Care,32.2503,Compiled_Monthly_Files (Lulu)
Lulu,Aug 26,South-1,Kerala,Thrissur,Sun Care,1.7187,0.7807,1.0,Sun Care,45.4262,Compiled_Monthly_Files (Lulu)
Lulu,Aug 26,South-1,Kerala,Trivandrum,Sun Care,11.8156,3.3303,1.0,Sun Care,28.1853,Compiled_Monthly_Files (Lulu)
Lulu,Aug 26,South-1,Kerala,,Sun Care,1.368,0.5293,1.0,Sun Care,38.6921,Compiled_Monthly_Files (Lulu)
Lulu,Aug 26,South-1,Kerala,Calicut,Tooth Paste,15.4593,0.0694,2.0,Oral Care,0.4491,Compiled_Monthly_Files (Lulu)
Lulu,Aug 26,South-1,Kerala,Kochi,Tooth Paste,52.5452,0.0911,2.0,Oral Care,0.1733,Compiled_Monthly_Files (Lulu)
Lulu,Aug 26,South-1,Kerala,Kottayam,Tooth Paste,24.6423,0.0911,1.0,Oral Care,0.3696,Compiled_Monthly_Files (Lulu)
Lulu,Aug 26,South-1,Kerala,Palakkad,Tooth Paste,12.9512,0.0736,1.0,Oral Care,0.5684,Compiled_Monthly_Files (Lulu)
Lulu,Aug 26,South-1,Kerala,Thrissur,Tooth Paste,7.6583,0.0349,1.0,Oral Care,0.4561,Compiled_Monthly_Files (Lulu)
Lulu,Aug 26,South-1,Tamil Nadu,Coimbatore,Baby Bath,1.0679,0.0725,1.0,Baby Care,6.7929,Compiled_Monthly_Files (Lulu)
Lulu,Aug 26,South-1,Tamil Nadu,Coimbatore,Baby Cream,0.4544,0.0222,1.0,Baby Care,4.896,Compiled_Monthly_Files (Lulu)
Lulu,Aug 26,South-1,Tamil Nadu,Coimbatore,Baby Lotions,1.1737,0.0038,1.0,Baby Care,0.3249,Compiled_Monthly_Files (Lulu)
Lulu,Aug 26,South-1,Tamil Nadu,Coimbatore,Baby Oil,0.0325,0.0096,1.0,Baby Care,29.5709,Compiled_Monthly_Files (Lulu)
Lulu,Aug 26,South-1,Tamil Nadu,Coimbatore,Baby Powder,0.4151,0.009,1.0,Baby Care,2.1682,Compiled_Monthly_Files (Lulu)
Lulu,Aug 26,South-1,Tamil Nadu,Coimbatore,Baby Shampoos,0.5401,0.0234,1.0,Baby Care,4.3361,Compiled_Monthly_Files (Lulu)
Lulu,Aug 26,South-1,Tamil Nadu,Coimbatore,Baby Soap,1.5774,0.0336,1.0,Baby Care,2.133,Compiled_Monthly_Files (Lulu)
Lulu,Aug 26,South-1,Tamil Nadu,Coimbatore,Bath Soaps,26.5749,0.4011,1.0,Body Wash & Soap,1.5093,Compiled_Monthly_Files (Lulu)
Lulu,Aug 26,South-1,Tamil Nadu,Coimbatore,Body Lotion,5.8915,1.0256,1.0,Body Lotion & Care,17.4077,Compiled_Monthly_Files (Lulu)
Lulu,Aug 26,South-1,Tamil Nadu,Coimbatore,Conditioners,4.2588,0.1805,1.0,Conditioner,4.2383,Compiled_Monthly_Files (Lulu)
Lulu,Aug 26,South-1,Tamil Nadu,Coimbatore,Eye Care,0.5201,0.0414,1.0,Face Moisturiser & Cream,7.9658,Compiled_Monthly_Files (Lulu)
Lulu,Aug 26,South-1,Tamil Nadu,Coimbatore,Face Mask,0.8694,0.1024,1.0,Face Mask & Scrub,11.7732,Compiled_Monthly_Files (Lulu)
Lulu,Aug 26,South-1,Tamil Nadu,Coimbatore,Face Wash,10.1916,3.1357,1.0,Face Wash & Cleanser,30.7676,Compiled_Monthly_Files (Lulu)
Lulu,Aug 26,South-1,Tamil Nadu,Coimbatore,Fairness/Whtng.Cream,2.1479,0.0818,1.0,Face Moisturiser & Cream,3.8078,Compiled_Monthly_Files (Lulu)
Lulu,Aug 26,South-1,Tamil Nadu,Coimbatore,Female & Unisex Deo,3.0283,0.0537,1.0,Deodorant,1.7726,Compiled_Monthly_Files (Lulu)
Lulu,Aug 26,South-1,Tamil Nadu,Coimbatore,Hair Oils,5.0543,0.0793,1.0,Hair Oil,1.5683,Compiled_Monthly_Files (Lulu)
Lulu,Aug 26,South-1,Tamil Nadu,Coimbatore,Hair Treatments&Mask,3.7791,0.1289,1.0,Hair Treatment & Styling,3.4111,Compiled_Monthly_Files (Lulu)
Lulu,Aug 26,South-1,Tamil Nadu,Coimbatore,Henna Colorants,0.4405,0.0506,1.0,Hair Treatment & Styling,11.4951,Compiled_Monthly_Files (Lulu)
Lulu,Aug 26,South-1,Tamil Nadu,Coimbatore,Lip Balms,1.3728,0.0559,1.0,Lip Care,4.0755,Compiled_Monthly_Files (Lulu)
Lulu,Aug 26,South-1,Tamil Nadu,Coimbatore,Moistur.Cream/Fluid,9.2656,0.7923,1.0,Face Moisturiser & Cream,8.5506,Compiled_Monthly_Files (Lulu)
Lulu,Aug 26,South-1,Tamil Nadu,Coimbatore,Other Facial Care,7.4818,1.0847,1.0,Face Moisturiser & Cream,14.4979,Compiled_Monthly_Files (Lulu)
Lulu,Aug 26,South-1,Tamil Nadu,Coimbatore,Other Skin Care,0.7855,0.014,1.0,Face Moisturiser & Cream,1.7769,Compiled_Monthly_Files (Lulu)
Lulu,Aug 26,South-1,Tamil Nadu,Coimbatore,Shampoo,22.1785,2.763,1.0,Shampoo,12.4579,Compiled_Monthly_Files (Lulu)
Lulu,Aug 26,South-1,Tamil Nadu,Coimbatore,Shower Gel&Body Wash,10.2743,0.0042,1.0,Body Wash & Soap,0.0412,Compiled_Monthly_Files (Lulu)
Lulu,Aug 26,South-1,Tamil Nadu,Coimbatore,Sun Care,5.8181,2.762,1.0,Sun Care,47.4721,Compiled_Monthly_Files (Lulu)
Lulu,Aug 26,South-1,Tamil Nadu,Coimbatore,Tooth Paste,21.1098,0.0975,1.0,Oral Care,0.4617,Compiled_Monthly_Files (Lulu)
Lulu,Aug 26,South-2,Telangana,Hyderabad,Baby Bath,0.4068,0.0359,1.0,Baby Care,8.8187,Compiled_Monthly_Files (Lulu)
Lulu,Aug 26,South-2,Telangana,Hyderabad,Baby Cream,0.2107,0.0034,1.0,Baby Care,1.593,Compiled_Monthly_Files (Lulu)
Lulu,Aug 26,South-2,Telangana,Hyderabad,Baby Lotions,0.9074,0.0232,1.0,Baby Care,2.558,Compiled_Monthly_Files (Lulu)
Lulu,Aug 26,South-2,Telangana,Hyderabad,Baby Oil,0.1011,0.0101,1.0,Baby Care,10.025,Compiled_Monthly_Files (Lulu)
Lulu,Aug 26,South-2,Telangana,Hyderabad,Baby Shampoos,0.4305,0.0218,1.0,Baby Care,5.0577,Compiled_Monthly_Files (Lulu)
Lulu,Aug 26,South-2,Telangana,Hyderabad,Baby Soap,1.4922,0.0166,1.0,Baby Care,1.1124,Compiled_Monthly_Files (Lulu)
Lulu,Aug 26,South-2,Telangana,Hyderabad,Bath Soaps,13.2837,0.338,1.0,Body Wash & Soap,2.5445,Compiled_Monthly_Files (Lulu)
Lulu,Aug 26,South-2,Telangana,Hyderabad,Body Lotion,3.9463,0.149,1.0,Body Lotion & Care,3.7766,Compiled_Monthly_Files (Lulu)
Lulu,Aug 26,South-2,Telangana,Hyderabad,Conditioners,1.5314,0.1533,1.0,Conditioner,10.0085,Compiled_Monthly_Files (Lulu)
Lulu,Aug 26,South-2,Telangana,Hyderabad,Eye Care,0.2686,0.0498,1.0,Face Moisturiser & Cream,18.5377,Compiled_Monthly_Files (Lulu)
Lulu,Aug 26,South-2,Telangana,Hyderabad,Face Mask,0.638,0.0647,1.0,Face Mask & Scrub,10.1459,Compiled_Monthly_Files (Lulu)
Lulu,Aug 26,South-2,Telangana,Hyderabad,Face Wash,5.8304,3.3087,1.0,Face Wash & Cleanser,56.7498,Compiled_Monthly_Files (Lulu)
Lulu,Aug 26,South-2,Telangana,Hyderabad,Facial Cleanser,0.5679,0.0101,1.0,Face Wash & Cleanser,1.7817,Compiled_Monthly_Files (Lulu)
Lulu,Aug 26,South-2,Telangana,Hyderabad,Facial Scrub,0.2622,0.0147,1.0,Face Mask & Scrub,5.6235,Compiled_Monthly_Files (Lulu)
Lulu,Aug 26,South-2,Telangana,Hyderabad,Fairness/Whtng.Cream,1.2169,0.0597,1.0,Face Moisturiser & Cream,4.9027,Compiled_Monthly_Files (Lulu)
Lulu,Aug 26,South-2,Telangana,Hyderabad,Female & Unisex Deo,1.2582,0.0817,1.0,Deodorant,6.4925,Compiled_Monthly_Files (Lulu)
Lulu,Aug 26,South-2,Telangana,Hyderabad,Hair Gel,0.135,0.0206,1.0,Hair Treatment & Styling,15.2901,Compiled_Monthly_Files (Lulu)
Lulu,Aug 26,South-2,Telangana,Hyderabad,Hair Oils,3.278,0.1,1.0,Hair Oil,3.0518,Compiled_Monthly_Files (Lulu)
Lulu,Aug 26,South-2,Telangana,Hyderabad,Hair Treatments&Mask,1.1341,0.0253,1.0,Hair Treatment & Styling,2.2344,Compiled_Monthly_Files (Lulu)
Lulu,Aug 26,South-2,Telangana,Hyderabad,Lip Balms,0.9388,0.0122,1.0,Lip Care,1.2963,Compiled_Monthly_Files (Lulu)
Lulu,Aug 26,South-2,Telangana,Hyderabad,Moistur.Cream/Fluid,3.6215,0.4186,1.0,Face Moisturiser & Cream,11.5594,Compiled_Monthly_Files (Lulu)
Lulu,Aug 26,South-2,Telangana,Hyderabad,Other Facial Care,2.6487,0.6353,1.0,Face Moisturiser & Cream,23.9838,Compiled_Monthly_Files (Lulu)
Lulu,Aug 26,South-2,Telangana,Hyderabad,Other Skin Care,0.718,0.0101,1.0,Face Moisturiser & Cream,1.4117,Compiled_Monthly_Files (Lulu)
Lulu,Aug 26,South-2,Telangana,Hyderabad,Shampoo,14.0705,3.2104,1.0,Shampoo,22.8168,Compiled_Monthly_Files (Lulu)
Lulu,Aug 26,South-2,Telangana,Hyderabad,Shower Gel&Body Wash,6.0067,0.0201,1.0,Body Wash & Soap,0.3346,Compiled_Monthly_Files (Lulu)
Lulu,Aug 26,South-2,Telangana,Hyderabad,Sun Care,2.4801,1.4147,1.0,Sun Care,57.0412,Compiled_Monthly_Files (Lulu)
Lulu,Aug 26,,,,Baby Bath,0.0803,0.004,1.0,Baby Care,4.9831,Compiled_Monthly_Files (Lulu)
Lulu,Aug 26,,,,Baby Lotions,0.1392,0.013,1.0,Baby Care,9.3317,Compiled_Monthly_Files (Lulu)
Lulu,Aug 26,,,,Baby Shampoos,0.0925,0.0021,1.0,Baby Care,2.2336,Compiled_Monthly_Files (Lulu)
Lulu,Aug 26,,,,Baby Soap,0.2163,0.0067,1.0,Baby Care,3.1175,Compiled_Monthly_Files (Lulu)
Lulu,Aug 26,,,,Body Lotion,1.2142,0.1318,1.0,Body Lotion & Care,10.8556,Compiled_Monthly_Files (Lulu)
Lulu,Aug 26,,,,Conditioners,0.5095,0.0112,1.0,Conditioner,2.2021,Compiled_Monthly_Files (Lulu)
Lulu,Aug 26,,,,Face Wash,1.5038,0.5917,1.0,Face Wash & Cleanser,39.3493,Compiled_Monthly_Files (Lulu)
Lulu,Aug 26,,,,Facial Scrub,0.0308,0.014,1.0,Face Mask & Scrub,45.5671,Compiled_Monthly_Files (Lulu)
Lulu,Aug 26,,,,Hair Oils,0.4256,0.0034,1.0,Hair Oil,0.79,Compiled_Monthly_Files (Lulu)
Lulu,Aug 26,,,,Lip Balms,0.194,0.0126,1.0,Lip Care,6.473,Compiled_Monthly_Files (Lulu)
Lulu,Aug 26,,,,Moistur.Cream/Fluid,0.8682,0.0095,1.0,Face Moisturiser & Cream,1.0972,Compiled_Monthly_Files (Lulu)
Lulu,Aug 26,,,,Other Facial Care,0.6953,0.0249,1.0,Face Moisturiser & Cream,3.5834,Compiled_Monthly_Files (Lulu)
Lulu,Aug 26,,,,Shampoo,2.3352,0.3059,1.0,Shampoo,13.099,Compiled_Monthly_Files (Lulu)
Lulu,Aug 26,,,,Shower Gel&Body Wash,1.4209,0.0188,1.0,Body Wash & Soap,1.3211,Compiled_Monthly_Files (Lulu)
Lulu,Aug 26,,,,Sun Care,0.5898,0.3406,1.0,Sun Care,57.7459,Compiled_Monthly_Files (Lulu)
Lulu,Aug 26,,,,Tooth Paste,3.0528,0.0155,1.0,Oral Care,0.5069,Compiled_Monthly_Files (Lulu)
More Retail,Jun 26,East,West Bengal,Kolkata,Baby / Baby Hygiene,13.5483,0.5076,,Baby Care,3.7469,More_MS Data Sheet (DC city)
More Retail,Jun 26,East,West Bengal,Kolkata,Hair Care / Conditioner,17.226,0.1039,,Conditioner,0.6034,More_MS Data Sheet (DC city)
More Retail,Jun 26,East,West Bengal,Kolkata,Hair Care / Hair Oil,41.1329,0.1779,,Hair Oil,0.4325,More_MS Data Sheet (DC city)
More Retail,Jun 26,East,West Bengal,Kolkata,Hair Care / Shampoo,93.8996,1.5448,,Shampoo,1.6452,More_MS Data Sheet (DC city)
More Retail,Jun 26,East,West Bengal,Kolkata,Hair Care / Treatment & Styling,10.5184,0.9021,,Hair Treatment & Styling,8.5767,More_MS Data Sheet (DC city)
More Retail,Jun 26,East,West Bengal,Kolkata,Insecticide / Repellant / Fly Insecticide / Repellant,32.8177,0.0,,Other,0.0,More_MS Data Sheet (DC city)
More Retail,Jun 26,East,West Bengal,Kolkata,Insecticide / Repellant / Multi-function Insecticide / Repellant,2.9139,0.0,,Other,0.0,More_MS Data Sheet (DC city)
More Retail,Jun 26,East,West Bengal,Kolkata,OTC / Pain & Relief,11.0656,0.0186,,Other,0.1684,More_MS Data Sheet (DC city)
More Retail,Jun 26,East,West Bengal,Kolkata,Oral Care / Tooth Paste,71.3481,0.1438,,Oral Care,0.2015,More_MS Data Sheet (DC city)
More Retail,Jun 26,East,West Bengal,Kolkata,Personal Wash / Soap,72.1867,0.3246,,Body Wash & Soap,0.4497,More_MS Data Sheet (DC city)
More Retail,Jun 26,East,West Bengal,Kolkata,Skin Care / Body Care,18.6969,0.5133,,Body Lotion & Care,2.7455,More_MS Data Sheet (DC city)
More Retail,Jun 26,East,West Bengal,Kolkata,Skin Care / Face Care,54.8663,3.1569,,Face Moisturiser & Cream,5.7537,More_MS Data Sheet (DC city)
More Retail,Jun 26,East,West Bengal,Kolkata,Skin Care / Facial Cleanser,40.4145,5.3248,,Face Wash & Cleanser,13.1755,More_MS Data Sheet (DC city)
More Retail,Jun 26,North,Delhi NCR,Delhi,Baby / Baby Hygiene,36.6769,0.8405,,Baby Care,2.2916,More_MS Data Sheet (DC city)
More Retail,Jun 26,North,Delhi NCR,Delhi,Hair Care / Conditioner,7.1338,0.0345,,Conditioner,0.4837,More_MS Data Sheet (DC city)
More Retail,Jun 26,North,Delhi NCR,Delhi,Hair Care / Hair Oil,22.5403,0.0338,,Hair Oil,0.1498,More_MS Data Sheet (DC city)
More Retail,Jun 26,North,Delhi NCR,Delhi,Hair Care / Shampoo,191.9936,0.7199,,Shampoo,0.375,More_MS Data Sheet (DC city)
More Retail,Jun 26,North,Delhi NCR,Delhi,Hair Care / Treatment & Styling,6.0749,1.1163,,Hair Treatment & Styling,18.3762,More_MS Data Sheet (DC city)
More Retail,Jun 26,North,Delhi NCR,Delhi,Insecticide / Repellant / Fly Insecticide / Repellant,31.0778,0.0,,Other,0.0,More_MS Data Sheet (DC city)
More Retail,Jun 26,North,Delhi NCR,Delhi,Insecticide / Repellant / Multi-function Insecticide / Repellant,0.9559,0.0012,,Other,0.1287,More_MS Data Sheet (DC city)
More Retail,Jun 26,North,Delhi NCR,Delhi,OTC / Pain & Relief,4.653,0.0711,,Other,1.5278,More_MS Data Sheet (DC city)
More Retail,Jun 26,North,Delhi NCR,Delhi,Oral Care / Tooth Paste,66.2049,0.0511,,Oral Care,0.0772,More_MS Data Sheet (DC city)
More Retail,Jun 26,North,Delhi NCR,Delhi,Personal Wash / Soap,29.9939,0.2144,,Body Wash & Soap,0.7148,More_MS Data Sheet (DC city)
More Retail,Jun 26,North,Delhi NCR,Delhi,Skin Care / Body Care,14.4992,0.7344,,Body Lotion & Care,5.0649,More_MS Data Sheet (DC city)
More Retail,Jun 26,North,Delhi NCR,Delhi,Skin Care / Face Care,38.465,2.5983,,Face Moisturiser & Cream,6.755,More_MS Data Sheet (DC city)
More Retail,Jun 26,North,Delhi NCR,Delhi,Skin Care / Facial Cleanser,17.7344,4.5449,,Face Wash & Cleanser,25.6277,More_MS Data Sheet (DC city)
More Retail,Jun 26,North,Punjab,Punjab,Baby / Baby Hygiene,18.6895,0.1009,,Baby Care,0.5397,More_MS Data Sheet (DC city)
More Retail,Jun 26,North,Punjab,Punjab,Hair Care / Conditioner,7.7375,0.0403,,Conditioner,0.5202,More_MS Data Sheet (DC city)
More Retail,Jun 26,North,Punjab,Punjab,Hair Care / Hair Oil,21.5666,0.0884,,Hair Oil,0.41,More_MS Data Sheet (DC city)
More Retail,Jun 26,North,Punjab,Punjab,Hair Care / Shampoo,235.145,0.4047,,Shampoo,0.1721,More_MS Data Sheet (DC city)
More Retail,Jun 26,North,Punjab,Punjab,Hair Care / Treatment & Styling,3.8101,0.0,,Hair Treatment & Styling,0.0,More_MS Data Sheet (DC city)
More Retail,Jun 26,North,Punjab,Punjab,Insecticide / Repellant / Fly Insecticide / Repellant,27.8678,0.0,,Other,0.0,More_MS Data Sheet (DC city)
More Retail,Jun 26,North,Punjab,Punjab,Insecticide / Repellant / Multi-function Insecticide / Repellant,0.9656,0.0,,Other,0.0,More_MS Data Sheet (DC city)
More Retail,Jun 26,North,Punjab,Punjab,OTC / Pain & Relief,4.0627,0.0,,Other,0.0,More_MS Data Sheet (DC city)
More Retail,Jun 26,North,Punjab,Punjab,Oral Care / Tooth Paste,58.8524,0.0,,Oral Care,0.0,More_MS Data Sheet (DC city)
More Retail,Jun 26,North,Punjab,Punjab,Personal Wash / Soap,77.4186,0.0,,Body Wash & Soap,0.0,More_MS Data Sheet (DC city)
More Retail,Jun 26,North,Punjab,Punjab,Skin Care / Body Care,14.8873,0.1924,,Body Lotion & Care,1.2926,More_MS Data Sheet (DC city)
More Retail,Jun 26,North,Punjab,Punjab,Skin Care / Face Care,32.6473,0.7132,,Face Moisturiser & Cream,2.1845,More_MS Data Sheet (DC city)
More Retail,Jun 26,North,Punjab,Punjab,Skin Care / Facial Cleanser,19.7598,1.2983,,Face Wash & Cleanser,6.5706,More_MS Data Sheet (DC city)
More Retail,Jun 26,South,Andhra Pradesh,Vijayawada,Baby / Baby Hygiene,1.5344,0.1744,,Baby Care,11.369,More_MS Data Sheet (DC city)
More Retail,Jun 26,South,Andhra Pradesh,Visakhapatnam,Baby / Baby Hygiene,3.3462,0.2311,,Baby Care,6.9056,More_MS Data Sheet (DC city)
More Retail,Jun 26,South,Andhra Pradesh,Vijayawada,Hair Care / Conditioner,1.837,0.0099,,Conditioner,0.5415,More_MS Data Sheet (DC city)
More Retail,Jun 26,South,Andhra Pradesh,Visakhapatnam,Hair Care / Conditioner,3.2366,0.0097,,Conditioner,0.3001,More_MS Data Sheet (DC city)
More Retail,Jun 26,South,Andhra Pradesh,Vijayawada,Hair Care / Hair Oil,8.6215,0.0408,,Hair Oil,0.4737,More_MS Data Sheet (DC city)
More Retail,Jun 26,South,Andhra Pradesh,Visakhapatnam,Hair Care / Hair Oil,12.5167,0.0976,,Hair Oil,0.7799,More_MS Data Sheet (DC city)
More Retail,Jun 26,South,Andhra Pradesh,Vijayawada,Hair Care / Shampoo,13.3925,0.3908,,Shampoo,2.9184,More_MS Data Sheet (DC city)
More Retail,Jun 26,South,Andhra Pradesh,Visakhapatnam,Hair Care / Shampoo,22.8275,0.3996,,Shampoo,1.7505,More_MS Data Sheet (DC city)
More Retail,Jun 26,South,Andhra Pradesh,Vijayawada,Hair Care / Treatment & Styling,1.1415,0.0,,Hair Treatment & Styling,0.0,More_MS Data Sheet (DC city)
More Retail,Jun 26,South,Andhra Pradesh,Visakhapatnam,Hair Care / Treatment & Styling,2.1132,0.0,,Hair Treatment & Styling,0.0,More_MS Data Sheet (DC city)
More Retail,Jun 26,South,Andhra Pradesh,Vijayawada,Insecticide / Repellant / Fly Insecticide / Repellant,2.5071,0.0,,Other,0.0,More_MS Data Sheet (DC city)
More Retail,Jun 26,South,Andhra Pradesh,Visakhapatnam,Insecticide / Repellant / Fly Insecticide / Repellant,4.3442,0.0,,Other,0.0,More_MS Data Sheet (DC city)
More Retail,Jun 26,South,Andhra Pradesh,Vijayawada,Insecticide / Repellant / Multi-function Insecticide / Repellant,0.3099,0.0,,Other,0.0,More_MS Data Sheet (DC city)
More Retail,Jun 26,South,Andhra Pradesh,Visakhapatnam,Insecticide / Repellant / Multi-function Insecticide / Repellant,0.4001,0.0,,Other,0.0,More_MS Data Sheet (DC city)
More Retail,Jun 26,South,Andhra Pradesh,Vijayawada,OTC / Pain & Relief,0.8843,0.0,,Other,0.0,More_MS Data Sheet (DC city)
More Retail,Jun 26,South,Andhra Pradesh,Visakhapatnam,OTC / Pain & Relief,1.8662,0.007,,Other,0.3729,More_MS Data Sheet (DC city)
More Retail,Jun 26,South,Andhra Pradesh,Vijayawada,Oral Care / Tooth Paste,15.8244,0.0,,Oral Care,0.0,More_MS Data Sheet (DC city)
More Retail,Jun 26,South,Andhra Pradesh,Visakhapatnam,Oral Care / Tooth Paste,29.6579,0.0,,Oral Care,0.0,More_MS Data Sheet (DC city)
More Retail,Jun 26,South,Andhra Pradesh,Vijayawada,Personal Wash / Soap,28.3996,0.148,,Body Wash & Soap,0.5213,More_MS Data Sheet (DC city)
More Retail,Jun 26,South,Andhra Pradesh,Visakhapatnam,Personal Wash / Soap,43.8137,0.0,,Body Wash & Soap,0.0,More_MS Data Sheet (DC city)
More Retail,Jun 26,South,Andhra Pradesh,Vijayawada,Skin Care / Body Care,3.1613,0.0227,,Body Lotion & Care,0.7182,More_MS Data Sheet (DC city)
More Retail,Jun 26,South,Andhra Pradesh,Visakhapatnam,Skin Care / Body Care,5.4454,0.0,,Body Lotion & Care,0.0,More_MS Data Sheet (DC city)
More Retail,Jun 26,South,Andhra Pradesh,Vijayawada,Skin Care / Face Care,5.2749,0.2612,,Face Moisturiser & Cream,4.9517,More_MS Data Sheet (DC city)
More Retail,Jun 26,South,Andhra Pradesh,Visakhapatnam,Skin Care / Face Care,11.9496,0.3174,,Face Moisturiser & Cream,2.6559,More_MS Data Sheet (DC city)
More Retail,Jun 26,South,Andhra Pradesh,Vijayawada,Skin Care / Facial Cleanser,4.5309,0.8672,,Face Wash & Cleanser,19.1397,More_MS Data Sheet (DC city)
More Retail,Jun 26,South,Andhra Pradesh,Visakhapatnam,Skin Care / Facial Cleanser,9.2685,1.0755,,Face Wash & Cleanser,11.6036,More_MS Data Sheet (DC city)
More Retail,Jun 26,South,Karnataka,Bangalore,Baby / Baby Hygiene,50.3492,1.1886,,Baby Care,2.3607,More_MS Data Sheet (DC city)
More Retail,Jun 26,South,Karnataka,Hubli,Baby / Baby Hygiene,6.905,0.1571,,Baby Care,2.2757,More_MS Data Sheet (DC city)
More Retail,Jun 26,South,Karnataka,Bangalore,Hair Care / Conditioner,14.2363,0.058,,Conditioner,0.4071,More_MS Data Sheet (DC city)
More Retail,Jun 26,South,Karnataka,Hubli,Hair Care / Conditioner,4.8953,0.0246,,Conditioner,0.5029,More_MS Data Sheet (DC city)
More Retail,Jun 26,South,Karnataka,Bangalore,Hair Care / Hair Oil,75.9725,0.1086,,Hair Oil,0.1429,More_MS Data Sheet (DC city)
More Retail,Jun 26,South,Karnataka,Hubli,Hair Care / Hair Oil,24.0453,0.0582,,Hair Oil,0.242,More_MS Data Sheet (DC city)
More Retail,Jun 26,South,Karnataka,Bangalore,Hair Care / Shampoo,85.5831,0.8044,,Shampoo,0.9399,More_MS Data Sheet (DC city)
More Retail,Jun 26,South,Karnataka,Hubli,Hair Care / Shampoo,26.0214,0.3849,,Shampoo,1.4792,More_MS Data Sheet (DC city)
More Retail,Jun 26,South,Karnataka,Bangalore,Hair Care / Treatment & Styling,11.2318,1.2187,,Hair Treatment & Styling,10.8502,More_MS Data Sheet (DC city)
More Retail,Jun 26,South,Karnataka,Hubli,Hair Care / Treatment & Styling,3.9913,0.0,,Hair Treatment & Styling,0.0,More_MS Data Sheet (DC city)
More Retail,Jun 26,South,Karnataka,Bangalore,Insecticide / Repellant / Fly Insecticide / Repellant,63.0799,0.006,,Other,0.0095,More_MS Data Sheet (DC city)
More Retail,Jun 26,South,Karnataka,Hubli,Insecticide / Repellant / Fly Insecticide / Repellant,15.8934,0.0,,Other,0.0,More_MS Data Sheet (DC city)
More Retail,Jun 26,South,Karnataka,Bangalore,Insecticide / Repellant / Multi-function Insecticide / Repellant,2.6684,0.0,,Other,0.0,More_MS Data Sheet (DC city)
More Retail,Jun 26,South,Karnataka,Hubli,Insecticide / Repellant / Multi-function Insecticide / Repellant,1.1194,0.0,,Other,0.0,More_MS Data Sheet (DC city)
More Retail,Jun 26,South,Karnataka,Bangalore,OTC / Pain & Relief,8.7643,0.034,,Other,0.3885,More_MS Data Sheet (DC city)
More Retail,Jun 26,South,Karnataka,Hubli,OTC / Pain & Relief,4.8409,0.0,,Other,0.0,More_MS Data Sheet (DC city)
More Retail,Jun 26,South,Karnataka,Bangalore,Oral Care / Tooth Paste,96.6492,0.0699,,Oral Care,0.0723,More_MS Data Sheet (DC city)
More Retail,Jun 26,South,Karnataka,Hubli,Oral Care / Tooth Paste,40.1984,0.0,,Oral Care,0.0,More_MS Data Sheet (DC city)
More Retail,Jun 26,South,Karnataka,Bangalore,Personal Wash / Soap,121.7678,0.4501,,Body Wash & Soap,0.3697,More_MS Data Sheet (DC city)
More Retail,Jun 26,South,Karnataka,Hubli,Personal Wash / Soap,52.9886,0.0,,Body Wash & Soap,0.0,More_MS Data Sheet (DC city)
More Retail,Jun 26,South,Karnataka,Bangalore,Skin Care / Body Care,27.902,0.6508,,Body Lotion & Care,2.3325,More_MS Data Sheet (DC city)
More Retail,Jun 26,South,Karnataka,Hubli,Skin Care / Body Care,8.9534,0.0,,Body Lotion & Care,0.0,More_MS Data Sheet (DC city)
More Retail,Jun 26,South,Karnataka,Bangalore,Skin Care / Face Care,258.7196,3.329,,Face Moisturiser & Cream,1.2867,More_MS Data Sheet (DC city)
More Retail,Jun 26,South,Karnataka,Hubli,Skin Care / Face Care,15.5688,0.0,,Face Moisturiser & Cream,0.0,More_MS Data Sheet (DC city)
More Retail,Jun 26,South,Karnataka,Bangalore,Skin Care / Facial Cleanser,39.883,4.1677,,Face Wash & Cleanser,10.4498,More_MS Data Sheet (DC city)
More Retail,Jun 26,South,Karnataka,Hubli,Skin Care / Facial Cleanser,17.3904,0.4509,,Face Wash & Cleanser,2.5928,More_MS Data Sheet (DC city)
More Retail,Jun 26,South,Kerala,Cochin,Baby / Baby Hygiene,3.4759,0.0,,Baby Care,0.0,More_MS Data Sheet (DC city)
More Retail,Jun 26,South,Kerala,Cochin,Hair Care / Conditioner,5.8028,0.0,,Conditioner,0.0,More_MS Data Sheet (DC city)
More Retail,Jun 26,South,Kerala,Cochin,Hair Care / Hair Oil,10.942,0.0,,Hair Oil,0.0,More_MS Data Sheet (DC city)
More Retail,Jun 26,South,Kerala,Cochin,Hair Care / Shampoo,13.202,0.0,,Shampoo,0.0,More_MS Data Sheet (DC city)
More Retail,Jun 26,South,Kerala,Cochin,Hair Care / Treatment & Styling,4.4551,0.0,,Hair Treatment & Styling,0.0,More_MS Data Sheet (DC city)
More Retail,Jun 26,South,Kerala,Cochin,Insecticide / Repellant / Fly Insecticide / Repellant,6.3592,0.0,,Other,0.0,More_MS Data Sheet (DC city)
More Retail,Jun 26,South,Kerala,Cochin,Insecticide / Repellant / Multi-function Insecticide / Repellant,0.3843,0.0,,Other,0.0,More_MS Data Sheet (DC city)
More Retail,Jun 26,South,Kerala,Cochin,OTC / Pain & Relief,1.8938,0.0,,Other,0.0,More_MS Data Sheet (DC city)
More Retail,Jun 26,South,Kerala,Cochin,Oral Care / Tooth Paste,23.0415,0.0,,Oral Care,0.0,More_MS Data Sheet (DC city)
More Retail,Jun 26,South,Kerala,Cochin,Personal Wash / Soap,32.1715,0.0,,Body Wash & Soap,0.0,More_MS Data Sheet (DC city)
More Retail,Jun 26,South,Kerala,Cochin,Skin Care / Body Care,8.3147,0.0,,Body Lotion & Care,0.0,More_MS Data Sheet (DC city)
More Retail,Jun 26,South,Kerala,Cochin,Skin Care / Face Care,9.9598,0.0,,Face Moisturiser & Cream,0.0,More_MS Data Sheet (DC city)
More Retail,Jun 26,South,Kerala,Cochin,Skin Care / Facial Cleanser,8.8177,0.3532,,Face Wash & Cleanser,4.0054,More_MS Data Sheet (DC city)
More Retail,Jun 26,South,Tamil Nadu,Chennai,Baby / Baby Hygiene,16.9605,0.0813,,Baby Care,0.4795,More_MS Data Sheet (DC city)
More Retail,Jun 26,South,Tamil Nadu,Chennai,Hair Care / Conditioner,6.2787,0.0,,Conditioner,0.0,More_MS Data Sheet (DC city)
More Retail,Jun 26,South,Tamil Nadu,Chennai,Hair Care / Hair Oil,18.0633,0.0,,Hair Oil,0.0,More_MS Data Sheet (DC city)
More Retail,Jun 26,South,Tamil Nadu,Chennai,Hair Care / Shampoo,34.8544,0.012,,Shampoo,0.0343,More_MS Data Sheet (DC city)
More Retail,Jun 26,South,Tamil Nadu,Chennai,Hair Care / Treatment & Styling,4.8773,0.0,,Hair Treatment & Styling,0.0,More_MS Data Sheet (DC city)
More Retail,Jun 26,South,Tamil Nadu,Chennai,Insecticide / Repellant / Fly Insecticide / Repellant,14.4412,0.0,,Other,0.0,More_MS Data Sheet (DC city)
More Retail,Jun 26,South,Tamil Nadu,Chennai,Insecticide / Repellant / Multi-function Insecticide / Repellant,0.644,0.0,,Other,0.0,More_MS Data Sheet (DC city)
More Retail,Jun 26,South,Tamil Nadu,Chennai,OTC / Pain & Relief,4.255,0.0,,Other,0.0,More_MS Data Sheet (DC city)
More Retail,Jun 26,South,Tamil Nadu,Chennai,Oral Care / Tooth Paste,33.6172,0.0093,,Oral Care,0.0276,More_MS Data Sheet (DC city)
More Retail,Jun 26,South,Tamil Nadu,Chennai,Personal Wash / Soap,72.0998,0.0,,Body Wash & Soap,0.0,More_MS Data Sheet (DC city)
More Retail,Jun 26,South,Tamil Nadu,Chennai,Skin Care / Body Care,14.6794,0.0,,Body Lotion & Care,0.0,More_MS Data Sheet (DC city)
More Retail,Jun 26,South,Tamil Nadu,Chennai,Skin Care / Face Care,18.5549,0.0073,,Face Moisturiser & Cream,0.0393,More_MS Data Sheet (DC city)
More Retail,Jun 26,South,Tamil Nadu,Chennai,Skin Care / Facial Cleanser,15.437,0.3961,,Face Wash & Cleanser,2.5656,More_MS Data Sheet (DC city)
More Retail,Jun 26,South,Telangana,Hyderabad,Baby / Baby Hygiene,24.3713,1.7119,,Baby Care,7.0241,More_MS Data Sheet (DC city)
More Retail,Jun 26,South,Telangana,Hyderabad,Hair Care / Conditioner,11.3969,0.112,,Conditioner,0.9825,More_MS Data Sheet (DC city)
More Retail,Jun 26,South,Telangana,Hyderabad,Hair Care / Hair Oil,123.2071,0.147,,Hair Oil,0.1193,More_MS Data Sheet (DC city)
More Retail,Jun 26,South,Telangana,Hyderabad,Hair Care / Shampoo,135.3773,1.8564,,Shampoo,1.3712,More_MS Data Sheet (DC city)
More Retail,Jun 26,South,Telangana,Hyderabad,Hair Care / Treatment & Styling,7.9155,1.1482,,Hair Treatment & Styling,14.506,More_MS Data Sheet (DC city)
More Retail,Jun 26,South,Telangana,Hyderabad,Insecticide / Repellant / Fly Insecticide / Repellant,64.3552,0.0,,Other,0.0,More_MS Data Sheet (DC city)
More Retail,Jun 26,South,Telangana,Hyderabad,Insecticide / Repellant / Multi-function Insecticide / Repellant,0.8619,0.0,,Other,0.0,More_MS Data Sheet (DC city)
More Retail,Jun 26,South,Telangana,Hyderabad,OTC / Pain & Relief,5.5538,0.0093,,Other,0.1669,More_MS Data Sheet (DC city)
More Retail,Jun 26,South,Telangana,Hyderabad,Oral Care / Tooth Paste,71.6142,0.0858,,Oral Care,0.1198,More_MS Data Sheet (DC city)
More Retail,Jun 26,South,Telangana,Hyderabad,Personal Wash / Soap,124.6018,0.5848,,Body Wash & Soap,0.4693,More_MS Data Sheet (DC city)
More Retail,Jun 26,South,Telangana,Hyderabad,Skin Care / Body Care,21.5004,0.5921,,Body Lotion & Care,2.7541,More_MS Data Sheet (DC city)
More Retail,Jun 26,South,Telangana,Hyderabad,Skin Care / Face Care,267.4954,3.045,,Face Moisturiser & Cream,1.1383,More_MS Data Sheet (DC city)
More Retail,Jun 26,South,Telangana,Hyderabad,Skin Care / Facial Cleanser,26.8211,4.0908,,Face Wash & Cleanser,15.2522,More_MS Data Sheet (DC city)
More Retail,Jul 26,East,West Bengal,Kolkata,Baby / Baby Hygiene,13.7813,0.5187,,Baby Care,3.7637,More_MS Data Sheet (DC city)
More Retail,Jul 26,East,West Bengal,Kolkata,Hair Care / Conditioner,37.6578,0.1005,,Conditioner,0.267,More_MS Data Sheet (DC city)
More Retail,Jul 26,East,West Bengal,Kolkata,Hair Care / Hair Oil,33.6199,0.1488,,Hair Oil,0.4426,More_MS Data Sheet (DC city)
More Retail,Jul 26,East,West Bengal,Kolkata,Hair Care / Shampoo,91.587,1.6951,,Shampoo,1.8509,More_MS Data Sheet (DC city)
More Retail,Jul 26,East,West Bengal,Kolkata,Hair Care / Treatment & Styling,10.3809,0.7784,,Hair Treatment & Styling,7.4979,More_MS Data Sheet (DC city)
More Retail,Jul 26,East,West Bengal,Kolkata,Insecticide / Repellant / Fly Insecticide / Repellant,34.0041,0.0013,,Other,0.0038,More_MS Data Sheet (DC city)
More Retail,Jul 26,East,West Bengal,Kolkata,OTC / Pain & Relief,11.1909,0.021,,Other,0.1872,More_MS Data Sheet (DC city)
More Retail,Jul 26,East,West Bengal,Kolkata,Oral Care / Tooth Paste,78.6046,0.1125,,Oral Care,0.1432,More_MS Data Sheet (DC city)
More Retail,Jul 26,East,West Bengal,Kolkata,Personal Wash / Soap,70.7014,0.3502,,Body Wash & Soap,0.4953,More_MS Data Sheet (DC city)
More Retail,Jul 26,East,West Bengal,Kolkata,Skin Care / Body Care,18.8135,0.4076,,Body Lotion & Care,2.1664,More_MS Data Sheet (DC city)
More Retail,Jul 26,East,West Bengal,Kolkata,Skin Care / Face Care,50.2669,2.1723,,Face Moisturiser & Cream,4.3216,More_MS Data Sheet (DC city)
More Retail,Jul 26,East,West Bengal,Kolkata,Skin Care / Facial Cleanser,39.8658,5.4173,,Face Wash & Cleanser,13.5888,More_MS Data Sheet (DC city)
More Retail,Jul 26,North,Delhi NCR,Delhi,Baby / Baby Hygiene,13.1809,0.8503,,Baby Care,6.4506,More_MS Data Sheet (DC city)
More Retail,Jul 26,North,Delhi NCR,Delhi,Hair Care / Conditioner,6.227,0.0577,,Conditioner,0.9263,More_MS Data Sheet (DC city)
More Retail,Jul 26,North,Delhi NCR,Delhi,Hair Care / Hair Oil,43.8369,0.0264,,Hair Oil,0.0602,More_MS Data Sheet (DC city)
More Retail,Jul 26,North,Delhi NCR,Delhi,Hair Care / Shampoo,38.9062,0.772,,Shampoo,1.9843,More_MS Data Sheet (DC city)
More Retail,Jul 26,North,Delhi NCR,Delhi,Hair Care / Treatment & Styling,5.9126,1.0404,,Hair Treatment & Styling,17.5966,More_MS Data Sheet (DC city)
More Retail,Jul 26,North,Delhi NCR,Delhi,Insecticide / Repellant / Fly Insecticide / Repellant,30.2275,0.0,,Other,0.0,More_MS Data Sheet (DC city)
More Retail,Jul 26,North,Delhi NCR,Delhi,OTC / Pain & Relief,3.709,0.0696,,Other,1.8752,More_MS Data Sheet (DC city)
More Retail,Jul 26,North,Delhi NCR,Delhi,Oral Care / Tooth Paste,104.8251,0.0695,,Oral Care,0.0663,More_MS Data Sheet (DC city)
More Retail,Jul 26,North,Delhi NCR,Delhi,Personal Wash / Soap,30.7984,0.177,,Body Wash & Soap,0.5746,More_MS Data Sheet (DC city)
More Retail,Jul 26,North,Delhi NCR,Delhi,Skin Care / Body Care,10.6024,0.4978,,Body Lotion & Care,4.6951,More_MS Data Sheet (DC city)
More Retail,Jul 26,North,Delhi NCR,Delhi,Skin Care / Face Care,13.311,1.7667,,Face Moisturiser & Cream,13.2725,More_MS Data Sheet (DC city)
More Retail,Jul 26,North,Delhi NCR,Delhi,Skin Care / Facial Cleanser,15.6057,4.215,,Face Wash & Cleanser,27.0096,More_MS Data Sheet (DC city)
More Retail,Jul 26,North,Punjab,Punjab,Baby / Baby Hygiene,13.294,0.1242,,Baby Care,0.9344,More_MS Data Sheet (DC city)
More Retail,Jul 26,North,Punjab,Punjab,Hair Care / Conditioner,8.2834,0.0706,,Conditioner,0.8529,More_MS Data Sheet (DC city)
More Retail,Jul 26,North,Punjab,Punjab,Hair Care / Hair Oil,52.9425,0.1162,,Hair Oil,0.2194,More_MS Data Sheet (DC city)
More Retail,Jul 26,North,Punjab,Punjab,Hair Care / Shampoo,42.5751,0.4608,,Shampoo,1.0823,More_MS Data Sheet (DC city)
More Retail,Jul 26,North,Punjab,Punjab,Hair Care / Treatment & Styling,3.6759,0.0,,Hair Treatment & Styling,0.0,More_MS Data Sheet (DC city)
More Retail,Jul 26,North,Punjab,Punjab,Insecticide / Repellant / Fly Insecticide / Repellant,27.7038,0.0,,Other,0.0,More_MS Data Sheet (DC city)
More Retail,Jul 26,North,Punjab,Punjab,OTC / Pain & Relief,4.1412,0.0,,Other,0.0,More_MS Data Sheet (DC city)
More Retail,Jul 26,North,Punjab,Punjab,Oral Care / Tooth Paste,82.1041,0.0,,Oral Care,0.0,More_MS Data Sheet (DC city)
More Retail,Jul 26,North,Punjab,Punjab,Personal Wash / Soap,49.7039,0.0,,Body Wash & Soap,0.0,More_MS Data Sheet (DC city)
More Retail,Jul 26,North,Punjab,Punjab,Skin Care / Body Care,11.9069,0.1596,,Body Lotion & Care,1.3404,More_MS Data Sheet (DC city)
More Retail,Jul 26,North,Punjab,Punjab,Skin Care / Face Care,12.449,0.7813,,Face Moisturiser & Cream,6.2762,More_MS Data Sheet (DC city)
More Retail,Jul 26,North,Punjab,Punjab,Skin Care / Facial Cleanser,20.3765,1.8934,,Face Wash & Cleanser,9.2919,More_MS Data Sheet (DC city)
More Retail,Jul 26,South,Andhra Pradesh,Vijayawada,Baby / Baby Hygiene,1.4373,0.1751,,Baby Care,12.1811,More_MS Data Sheet (DC city)
More Retail,Jul 26,South,Andhra Pradesh,Visakhapatnam,Baby / Baby Hygiene,3.0413,0.2269,,Baby Care,7.4607,More_MS Data Sheet (DC city)
More Retail,Jul 26,South,Andhra Pradesh,Vijayawada,Hair Care / Conditioner,1.8218,0.0099,,Conditioner,0.5425,More_MS Data Sheet (DC city)
More Retail,Jul 26,South,Andhra Pradesh,Visakhapatnam,Hair Care / Conditioner,3.1725,0.0093,,Conditioner,0.2938,More_MS Data Sheet (DC city)
More Retail,Jul 26,South,Andhra Pradesh,Vijayawada,Hair Care / Hair Oil,9.8056,0.0539,,Hair Oil,0.5496,More_MS Data Sheet (DC city)
More Retail,Jul 26,South,Andhra Pradesh,Visakhapatnam,Hair Care / Hair Oil,13.7381,0.0589,,Hair Oil,0.429,More_MS Data Sheet (DC city)
More Retail,Jul 26,South,Andhra Pradesh,Vijayawada,Hair Care / Shampoo,13.4852,0.3516,,Shampoo,2.6072,More_MS Data Sheet (DC city)
More Retail,Jul 26,South,Andhra Pradesh,Visakhapatnam,Hair Care / Shampoo,19.6168,0.322,,Shampoo,1.6412,More_MS Data Sheet (DC city)
More Retail,Jul 26,South,Andhra Pradesh,Vijayawada,Hair Care / Treatment & Styling,1.3456,0.0,,Hair Treatment & Styling,0.0,More_MS Data Sheet (DC city)
More Retail,Jul 26,South,Andhra Pradesh,Visakhapatnam,Hair Care / Treatment & Styling,1.972,0.0,,Hair Treatment & Styling,0.0,More_MS Data Sheet (DC city)
More Retail,Jul 26,South,Andhra Pradesh,Vijayawada,Insecticide / Repellant / Fly Insecticide / Repellant,5.9615,0.0,,Other,0.0,More_MS Data Sheet (DC city)
More Retail,Jul 26,South,Andhra Pradesh,Visakhapatnam,Insecticide / Repellant / Fly Insecticide / Repellant,6.7003,0.0,,Other,0.0,More_MS Data Sheet (DC city)
More Retail,Jul 26,South,Andhra Pradesh,Vijayawada,OTC / Pain & Relief,0.7689,0.0,,Other,0.0,More_MS Data Sheet (DC city)
More Retail,Jul 26,South,Andhra Pradesh,Visakhapatnam,OTC / Pain & Relief,1.7414,0.0062,,Other,0.3583,More_MS Data Sheet (DC city)
More Retail,Jul 26,South,Andhra Pradesh,Vijayawada,Oral Care / Tooth Paste,15.6903,0.0,,Oral Care,0.0,More_MS Data Sheet (DC city)
More Retail,Jul 26,South,Andhra Pradesh,Visakhapatnam,Oral Care / Tooth Paste,27.5342,0.0,,Oral Care,0.0,More_MS Data Sheet (DC city)
More Retail,Jul 26,South,Andhra Pradesh,Vijayawada,Personal Wash / Soap,24.9679,0.1296,,Body Wash & Soap,0.5192,More_MS Data Sheet (DC city)
More Retail,Jul 26,South,Andhra Pradesh,Visakhapatnam,Personal Wash / Soap,44.1891,0.0,,Body Wash & Soap,0.0,More_MS Data Sheet (DC city)
More Retail,Jul 26,South,Andhra Pradesh,Vijayawada,Skin Care / Body Care,32.6045,0.0178,,Body Lotion & Care,0.0546,More_MS Data Sheet (DC city)
More Retail,Jul 26,South,Andhra Pradesh,Visakhapatnam,Skin Care / Body Care,4.9646,0.0,,Body Lotion & Care,0.0,More_MS Data Sheet (DC city)
More Retail,Jul 26,South,Andhra Pradesh,Vijayawada,Skin Care / Face Care,5.2045,0.1734,,Face Moisturiser & Cream,3.3312,More_MS Data Sheet (DC city)
More Retail,Jul 26,South,Andhra Pradesh,Visakhapatnam,Skin Care / Face Care,10.1774,0.2001,,Face Moisturiser & Cream,1.9663,More_MS Data Sheet (DC city)
More Retail,Jul 26,South,Andhra Pradesh,Vijayawada,Skin Care / Facial Cleanser,4.2828,0.8108,,Face Wash & Cleanser,18.9311,More_MS Data Sheet (DC city)
More Retail,Jul 26,South,Andhra Pradesh,Visakhapatnam,Skin Care / Facial Cleanser,7.2506,0.8001,,Face Wash & Cleanser,11.0353,More_MS Data Sheet (DC city)
More Retail,Jul 26,South,Karnataka,Bangalore,Baby / Baby Hygiene,27.789,1.1206,,Baby Care,4.0325,More_MS Data Sheet (DC city)
More Retail,Jul 26,South,Karnataka,Hubli,Baby / Baby Hygiene,6.4727,0.0792,,Baby Care,1.2234,More_MS Data Sheet (DC city)
More Retail,Jul 26,South,Karnataka,Bangalore,Hair Care / Conditioner,13.355,0.0482,,Conditioner,0.3611,More_MS Data Sheet (DC city)
More Retail,Jul 26,South,Karnataka,Hubli,Hair Care / Conditioner,4.8331,0.0195,,Conditioner,0.4043,More_MS Data Sheet (DC city)
More Retail,Jul 26,South,Karnataka,Bangalore,Hair Care / Hair Oil,46.8319,0.0552,,Hair Oil,0.1178,More_MS Data Sheet (DC city)
More Retail,Jul 26,South,Karnataka,Hubli,Hair Care / Hair Oil,22.7646,0.0635,,Hair Oil,0.2792,More_MS Data Sheet (DC city)
More Retail,Jul 26,South,Karnataka,Bangalore,Hair Care / Shampoo,76.5466,0.7451,,Shampoo,0.9735,More_MS Data Sheet (DC city)
More Retail,Jul 26,South,Karnataka,Hubli,Hair Care / Shampoo,23.9811,0.12,,Shampoo,0.5004,More_MS Data Sheet (DC city)
More Retail,Jul 26,South,Karnataka,Bangalore,Hair Care / Treatment & Styling,10.1574,0.9253,,Hair Treatment & Styling,9.1097,More_MS Data Sheet (DC city)
More Retail,Jul 26,South,Karnataka,Hubli,Hair Care / Treatment & Styling,4.1802,0.0,,Hair Treatment & Styling,0.0,More_MS Data Sheet (DC city)
More Retail,Jul 26,South,Karnataka,Bangalore,Insecticide / Repellant / Fly Insecticide / Repellant,50.7636,0.003,,Other,0.0059,More_MS Data Sheet (DC city)
More Retail,Jul 26,South,Karnataka,Hubli,Insecticide / Repellant / Fly Insecticide / Repellant,15.5935,0.0,,Other,0.0,More_MS Data Sheet (DC city)
More Retail,Jul 26,South,Karnataka,Bangalore,OTC / Pain & Relief,8.4124,0.0218,,Other,0.2594,More_MS Data Sheet (DC city)
More Retail,Jul 26,South,Karnataka,Hubli,OTC / Pain & Relief,4.4941,0.0,,Other,0.0,More_MS Data Sheet (DC city)
More Retail,Jul 26,South,Karnataka,Bangalore,Oral Care / Tooth Paste,85.1523,0.0577,,Oral Care,0.0678,More_MS Data Sheet (DC city)
More Retail,Jul 26,South,Karnataka,Hubli,Oral Care / Tooth Paste,40.4956,0.0,,Oral Care,0.0,More_MS Data Sheet (DC city)
More Retail,Jul 26,South,Karnataka,Bangalore,Personal Wash / Soap,180.9835,0.4109,,Body Wash & Soap,0.227,More_MS Data Sheet (DC city)
More Retail,Jul 26,South,Karnataka,Hubli,Personal Wash / Soap,49.6345,0.0,,Body Wash & Soap,0.0,More_MS Data Sheet (DC city)
More Retail,Jul 26,South,Karnataka,Bangalore,Skin Care / Body Care,25.6282,0.4604,,Body Lotion & Care,1.7963,More_MS Data Sheet (DC city)
More Retail,Jul 26,South,Karnataka,Hubli,Skin Care / Body Care,8.6132,0.0,,Body Lotion & Care,0.0,More_MS Data Sheet (DC city)
More Retail,Jul 26,South,Karnataka,Bangalore,Skin Care / Face Care,129.695,2.3762,,Face Moisturiser & Cream,1.8322,More_MS Data Sheet (DC city)
More Retail,Jul 26,South,Karnataka,Hubli,Skin Care / Face Care,14.4435,0.0,,Face Moisturiser & Cream,0.0,More_MS Data Sheet (DC city)
More Retail,Jul 26,South,Karnataka,Bangalore,Skin Care / Facial Cleanser,34.2046,3.9792,,Face Wash & Cleanser,11.6335,More_MS Data Sheet (DC city)
More Retail,Jul 26,South,Karnataka,Hubli,Skin Care / Facial Cleanser,15.5726,0.0685,,Face Wash & Cleanser,0.4399,More_MS Data Sheet (DC city)
More Retail,Jul 26,South,Kerala,Cochin,Baby / Baby Hygiene,3.3249,0.0,,Baby Care,0.0,More_MS Data Sheet (DC city)
More Retail,Jul 26,South,Kerala,Cochin,Hair Care / Conditioner,6.5999,0.0,,Conditioner,0.0,More_MS Data Sheet (DC city)
More Retail,Jul 26,South,Kerala,Cochin,Hair Care / Hair Oil,7.6169,0.0,,Hair Oil,0.0,More_MS Data Sheet (DC city)
More Retail,Jul 26,South,Kerala,Cochin,Hair Care / Shampoo,14.0472,0.0,,Shampoo,0.0,More_MS Data Sheet (DC city)
More Retail,Jul 26,South,Kerala,Cochin,Hair Care / Treatment & Styling,4.6025,0.0,,Hair Treatment & Styling,0.0,More_MS Data Sheet (DC city)
More Retail,Jul 26,South,Kerala,Cochin,Insecticide / Repellant / Fly Insecticide / Repellant,5.2501,0.0,,Other,0.0,More_MS Data Sheet (DC city)
More Retail,Jul 26,South,Kerala,Cochin,OTC / Pain & Relief,1.9063,0.0,,Other,0.0,More_MS Data Sheet (DC city)
More Retail,Jul 26,South,Kerala,Cochin,Oral Care / Tooth Paste,29.0536,0.0,,Oral Care,0.0,More_MS Data Sheet (DC city)
More Retail,Jul 26,South,Kerala,Cochin,Personal Wash / Soap,33.2013,0.0,,Body Wash & Soap,0.0,More_MS Data Sheet (DC city)
More Retail,Jul 26,South,Kerala,Cochin,Skin Care / Body Care,9.2143,0.0,,Body Lotion & Care,0.0,More_MS Data Sheet (DC city)
More Retail,Jul 26,South,Kerala,Cochin,Skin Care / Face Care,11.3678,0.0,,Face Moisturiser & Cream,0.0,More_MS Data Sheet (DC city)
More Retail,Jul 26,South,Kerala,Cochin,Skin Care / Facial Cleanser,9.8911,0.1782,,Face Wash & Cleanser,1.8012,More_MS Data Sheet (DC city)
More Retail,Jul 26,South,Tamil Nadu,Chennai,Baby / Baby Hygiene,8.338,0.0651,,Baby Care,0.7808,More_MS Data Sheet (DC city)
More Retail,Jul 26,South,Tamil Nadu,Chennai,Hair Care / Conditioner,6.0875,0.0,,Conditioner,0.0,More_MS Data Sheet (DC city)
More Retail,Jul 26,South,Tamil Nadu,Chennai,Hair Care / Hair Oil,18.0788,0.0,,Hair Oil,0.0,More_MS Data Sheet (DC city)
More Retail,Jul 26,South,Tamil Nadu,Chennai,Hair Care / Shampoo,33.8183,0.0051,,Shampoo,0.0152,More_MS Data Sheet (DC city)
More Retail,Jul 26,South,Tamil Nadu,Chennai,Hair Care / Treatment & Styling,4.6077,0.0,,Hair Treatment & Styling,0.0,More_MS Data Sheet (DC city)
More Retail,Jul 26,South,Tamil Nadu,Chennai,Insecticide / Repellant / Fly Insecticide / Repellant,15.6791,0.0,,Other,0.0,More_MS Data Sheet (DC city)
More Retail,Jul 26,South,Tamil Nadu,Chennai,OTC / Pain & Relief,4.1243,0.0,,Other,0.0,More_MS Data Sheet (DC city)
More Retail,Jul 26,South,Tamil Nadu,Chennai,Oral Care / Tooth Paste,35.5272,0.013,,Oral Care,0.0365,More_MS Data Sheet (DC city)
More Retail,Jul 26,South,Tamil Nadu,Chennai,Personal Wash / Soap,110.9244,0.0,,Body Wash & Soap,0.0,More_MS Data Sheet (DC city)
More Retail,Jul 26,South,Tamil Nadu,Chennai,Skin Care / Body Care,8.3273,0.0,,Body Lotion & Care,0.0,More_MS Data Sheet (DC city)
More Retail,Jul 26,South,Tamil Nadu,Chennai,Skin Care / Face Care,14.059,0.0074,,Face Moisturiser & Cream,0.0528,More_MS Data Sheet (DC city)
More Retail,Jul 26,South,Tamil Nadu,Chennai,Skin Care / Facial Cleanser,12.1799,0.2411,,Face Wash & Cleanser,1.9794,More_MS Data Sheet (DC city)
More Retail,Jul 26,South,Telangana,Hyderabad,Baby / Baby Hygiene,20.2432,1.5114,,Baby Care,7.4662,More_MS Data Sheet (DC city)
More Retail,Jul 26,South,Telangana,Hyderabad,Hair Care / Conditioner,31.1464,0.085,,Conditioner,0.273,More_MS Data Sheet (DC city)
More Retail,Jul 26,South,Telangana,Hyderabad,Hair Care / Hair Oil,63.104,0.1915,,Hair Oil,0.3034,More_MS Data Sheet (DC city)
More Retail,Jul 26,South,Telangana,Hyderabad,Hair Care / Shampoo,76.9963,1.7323,,Shampoo,2.2498,More_MS Data Sheet (DC city)
More Retail,Jul 26,South,Telangana,Hyderabad,Hair Care / Treatment & Styling,7.1552,1.149,,Hair Treatment & Styling,16.0585,More_MS Data Sheet (DC city)
More Retail,Jul 26,South,Telangana,Hyderabad,Insecticide / Repellant / Fly Insecticide / Repellant,60.7589,0.0,,Other,0.0,More_MS Data Sheet (DC city)
More Retail,Jul 26,South,Telangana,Hyderabad,OTC / Pain & Relief,4.798,0.0075,,Other,0.1571,More_MS Data Sheet (DC city)
More Retail,Jul 26,South,Telangana,Hyderabad,Oral Care / Tooth Paste,64.6992,0.0369,,Oral Care,0.0571,More_MS Data Sheet (DC city)
More Retail,Jul 26,South,Telangana,Hyderabad,Personal Wash / Soap,147.9785,0.5417,,Body Wash & Soap,0.3661,More_MS Data Sheet (DC city)
More Retail,Jul 26,South,Telangana,Hyderabad,Skin Care / Body Care,121.2125,0.5222,,Body Lotion & Care,0.4308,More_MS Data Sheet (DC city)
More Retail,Jul 26,South,Telangana,Hyderabad,Skin Care / Face Care,248.8316,2.606,,Face Moisturiser & Cream,1.0473,More_MS Data Sheet (DC city)
More Retail,Jul 26,South,Telangana,Hyderabad,Skin Care / Facial Cleanser,24.1925,4.3019,,Face Wash & Cleanser,17.782,More_MS Data Sheet (DC city)
More Retail,Aug 26,East,West Bengal,Kolkata,Baby / Baby Hygiene,68.8199,0.4607,,Baby Care,0.6694,More_MS Data Sheet (DC city)
More Retail,Aug 26,East,West Bengal,Kolkata,Hair Care / Conditioner,34.8724,0.0779,,Conditioner,0.2233,More_MS Data Sheet (DC city)
More Retail,Aug 26,East,West Bengal,Kolkata,Hair Care / Hair Oil,31.9186,0.1599,,Hair Oil,0.5008,More_MS Data Sheet (DC city)
More Retail,Aug 26,East,West Bengal,Kolkata,Hair Care / Shampoo,79.9521,1.8366,,Shampoo,2.2971,More_MS Data Sheet (DC city)
More Retail,Aug 26,East,West Bengal,Kolkata,Hair Care / Treatment & Styling,8.8875,0.7195,,Hair Treatment & Styling,8.0952,More_MS Data Sheet (DC city)
More Retail,Aug 26,East,West Bengal,Kolkata,Insecticide / Repellant / Fly Insecticide / Repellant,37.5355,0.0,,Other,0.0,More_MS Data Sheet (DC city)
More Retail,Aug 26,East,West Bengal,Kolkata,OTC / Pain & Relief,11.9847,0.0112,,Other,0.0933,More_MS Data Sheet (DC city)
More Retail,Aug 26,East,West Bengal,Kolkata,Oral Care / Tooth Paste,76.4897,0.1335,,Oral Care,0.1745,More_MS Data Sheet (DC city)
More Retail,Aug 26,East,West Bengal,Kolkata,Personal Wash / Soap,67.904,0.2631,,Body Wash & Soap,0.3875,More_MS Data Sheet (DC city)
More Retail,Aug 26,East,West Bengal,Kolkata,Skin Care / Body Care,18.4487,0.3008,,Body Lotion & Care,1.6305,More_MS Data Sheet (DC city)
More Retail,Aug 26,East,West Bengal,Kolkata,Skin Care / Face Care,33.3882,2.0143,,Face Moisturiser & Cream,6.0329,More_MS Data Sheet (DC city)
More Retail,Aug 26,East,West Bengal,Kolkata,Skin Care / Facial Cleanser,37.1992,4.9204,,Face Wash & Cleanser,13.2272,More_MS Data Sheet (DC city)
More Retail,Aug 26,North,Delhi NCR,Delhi,Baby / Baby Hygiene,14.2592,0.3116,,Baby Care,2.1855,More_MS Data Sheet (DC city)
More Retail,Aug 26,North,Delhi NCR,Delhi,Hair Care / Conditioner,23.5638,0.0161,,Conditioner,0.0685,More_MS Data Sheet (DC city)
More Retail,Aug 26,North,Delhi NCR,Delhi,Hair Care / Hair Oil,27.9769,0.0122,,Hair Oil,0.0434,More_MS Data Sheet (DC city)
More Retail,Aug 26,North,Delhi NCR,Delhi,Hair Care / Shampoo,105.1229,0.3493,,Shampoo,0.3323,More_MS Data Sheet (DC city)
More Retail,Aug 26,North,Delhi NCR,Delhi,Hair Care / Treatment & Styling,2.8509,0.3764,,Hair Treatment & Styling,13.2047,More_MS Data Sheet (DC city)
More Retail,Aug 26,North,Delhi NCR,Delhi,Insecticide / Repellant / Fly Insecticide / Repellant,21.1762,0.0,,Other,0.0,More_MS Data Sheet (DC city)
More Retail,Aug 26,North,Delhi NCR,Delhi,OTC / Pain & Relief,2.2053,0.0194,,Other,0.8774,More_MS Data Sheet (DC city)
More Retail,Aug 26,North,Delhi NCR,Delhi,Oral Care / Tooth Paste,79.7039,0.0176,,Oral Care,0.0221,More_MS Data Sheet (DC city)
More Retail,Aug 26,North,Delhi NCR,Delhi,Personal Wash / Soap,19.2123,0.0614,,Body Wash & Soap,0.3195,More_MS Data Sheet (DC city)
More Retail,Aug 26,North,Delhi NCR,Delhi,Skin Care / Body Care,6.4323,0.1386,,Body Lotion & Care,2.155,More_MS Data Sheet (DC city)
More Retail,Aug 26,North,Delhi NCR,Delhi,Skin Care / Face Care,73.5783,0.5835,,Face Moisturiser & Cream,0.793,More_MS Data Sheet (DC city)
More Retail,Aug 26,North,Delhi NCR,Delhi,Skin Care / Facial Cleanser,7.9383,1.2462,,Face Wash & Cleanser,15.6985,More_MS Data Sheet (DC city)
More Retail,Aug 26,North,Punjab,Punjab,Baby / Baby Hygiene,17.9922,0.1264,,Baby Care,0.7028,More_MS Data Sheet (DC city)
More Retail,Aug 26,North,Punjab,Punjab,Hair Care / Conditioner,37.8098,0.0301,,Conditioner,0.0797,More_MS Data Sheet (DC city)
More Retail,Aug 26,North,Punjab,Punjab,Hair Care / Hair Oil,43.4682,0.1152,,Hair Oil,0.2651,More_MS Data Sheet (DC city)
More Retail,Aug 26,North,Punjab,Punjab,Hair Care / Shampoo,37.8715,0.4846,,Shampoo,1.2797,More_MS Data Sheet (DC city)
More Retail,Aug 26,North,Punjab,Punjab,Hair Care / Treatment & Styling,3.8365,0.0,,Hair Treatment & Styling,0.0,More_MS Data Sheet (DC city)
More Retail,Aug 26,North,Punjab,Punjab,Insecticide / Repellant / Fly Insecticide / Repellant,24.8103,0.0,,Other,0.0,More_MS Data Sheet (DC city)
More Retail,Aug 26,North,Punjab,Punjab,OTC / Pain & Relief,4.9267,0.0,,Other,0.0,More_MS Data Sheet (DC city)
More Retail,Aug 26,North,Punjab,Punjab,Oral Care / Tooth Paste,62.0911,0.0,,Oral Care,0.0,More_MS Data Sheet (DC city)
More Retail,Aug 26,North,Punjab,Punjab,Personal Wash / Soap,81.1741,0.0,,Body Wash & Soap,0.0,More_MS Data Sheet (DC city)
More Retail,Aug 26,North,Punjab,Punjab,Skin Care / Body Care,11.605,0.1307,,Body Lotion & Care,1.1259,More_MS Data Sheet (DC city)
More Retail,Aug 26,North,Punjab,Punjab,Skin Care / Face Care,83.8817,0.667,,Face Moisturiser & Cream,0.7952,More_MS Data Sheet (DC city)
More Retail,Aug 26,North,Punjab,Punjab,Skin Care / Facial Cleanser,20.3569,1.9372,,Face Wash & Cleanser,9.5162,More_MS Data Sheet (DC city)
More Retail,Aug 26,South,Andhra Pradesh,Vijayawada,Baby / Baby Hygiene,1.3945,0.1184,,Baby Care,8.4929,More_MS Data Sheet (DC city)
More Retail,Aug 26,South,Andhra Pradesh,Visakhapatnam,Baby / Baby Hygiene,2.8145,0.141,,Baby Care,5.0103,More_MS Data Sheet (DC city)
More Retail,Aug 26,South,Andhra Pradesh,Vijayawada,Hair Care / Conditioner,1.6332,0.0033,,Conditioner,0.2015,More_MS Data Sheet (DC city)
More Retail,Aug 26,South,Andhra Pradesh,Visakhapatnam,Hair Care / Conditioner,2.6794,0.0033,,Conditioner,0.1228,More_MS Data Sheet (DC city)
More Retail,Aug 26,South,Andhra Pradesh,Vijayawada,Hair Care / Hair Oil,10.624,0.0474,,Hair Oil,0.4463,More_MS Data Sheet (DC city)
More Retail,Aug 26,South,Andhra Pradesh,Visakhapatnam,Hair Care / Hair Oil,12.6183,0.037,,Hair Oil,0.2929,More_MS Data Sheet (DC city)
More Retail,Aug 26,South,Andhra Pradesh,Vijayawada,Hair Care / Shampoo,13.545,0.3398,,Shampoo,2.5087,More_MS Data Sheet (DC city)
More Retail,Aug 26,South,Andhra Pradesh,Visakhapatnam,Hair Care / Shampoo,17.2694,0.349,,Shampoo,2.021,More_MS Data Sheet (DC city)
More Retail,Aug 26,South,Andhra Pradesh,Vijayawada,Hair Care / Treatment & Styling,1.3808,0.0,,Hair Treatment & Styling,0.0,More_MS Data Sheet (DC city)
More Retail,Aug 26,South,Andhra Pradesh,Visakhapatnam,Hair Care / Treatment & Styling,1.5477,0.0,,Hair Treatment & Styling,0.0,More_MS Data Sheet (DC city)
More Retail,Aug 26,South,Andhra Pradesh,Vijayawada,Insecticide / Repellant / Fly Insecticide / Repellant,8.0691,0.0,,Other,0.0,More_MS Data Sheet (DC city)
More Retail,Aug 26,South,Andhra Pradesh,Visakhapatnam,Insecticide / Repellant / Fly Insecticide / Repellant,7.2663,0.0,,Other,0.0,More_MS Data Sheet (DC city)
More Retail,Aug 26,South,Andhra Pradesh,Vijayawada,OTC / Pain & Relief,0.6815,0.0,,Other,0.0,More_MS Data Sheet (DC city)
More Retail,Aug 26,South,Andhra Pradesh,Visakhapatnam,OTC / Pain & Relief,1.5791,0.0066,,Other,0.4173,More_MS Data Sheet (DC city)
More Retail,Aug 26,South,Andhra Pradesh,Vijayawada,Oral Care / Tooth Paste,15.9025,0.0,,Oral Care,0.0,More_MS Data Sheet (DC city)
More Retail,Aug 26,South,Andhra Pradesh,Visakhapatnam,Oral Care / Tooth Paste,26.8194,0.0,,Oral Care,0.0,More_MS Data Sheet (DC city)
More Retail,Aug 26,South,Andhra Pradesh,Vijayawada,Personal Wash / Soap,24.4059,0.1254,,Body Wash & Soap,0.5139,More_MS Data Sheet (DC city)
More Retail,Aug 26,South,Andhra Pradesh,Visakhapatnam,Personal Wash / Soap,41.6962,0.0,,Body Wash & Soap,0.0,More_MS Data Sheet (DC city)
More Retail,Aug 26,South,Andhra Pradesh,Vijayawada,Skin Care / Body Care,3.451,0.0264,,Body Lotion & Care,0.7644,More_MS Data Sheet (DC city)
More Retail,Aug 26,South,Andhra Pradesh,Visakhapatnam,Skin Care / Body Care,4.6605,0.0,,Body Lotion & Care,0.0,More_MS Data Sheet (DC city)
More Retail,Aug 26,South,Andhra Pradesh,Vijayawada,Skin Care / Face Care,5.3262,0.2094,,Face Moisturiser & Cream,3.9307,More_MS Data Sheet (DC city)
More Retail,Aug 26,South,Andhra Pradesh,Visakhapatnam,Skin Care / Face Care,10.043,0.2156,,Face Moisturiser & Cream,2.1468,More_MS Data Sheet (DC city)
More Retail,Aug 26,South,Andhra Pradesh,Vijayawada,Skin Care / Facial Cleanser,4.4774,0.7712,,Face Wash & Cleanser,17.2246,More_MS Data Sheet (DC city)
More Retail,Aug 26,South,Andhra Pradesh,Visakhapatnam,Skin Care / Facial Cleanser,7.3817,0.9233,,Face Wash & Cleanser,12.5082,More_MS Data Sheet (DC city)
More Retail,Aug 26,South,Karnataka,Bangalore,Baby / Baby Hygiene,30.7413,0.6307,,Baby Care,2.0518,More_MS Data Sheet (DC city)
More Retail,Aug 26,South,Karnataka,Hubli,Baby / Baby Hygiene,6.1258,0.1167,,Baby Care,1.9048,More_MS Data Sheet (DC city)
More Retail,Aug 26,South,Karnataka,Bangalore,Hair Care / Conditioner,10.9298,0.0164,,Conditioner,0.1503,More_MS Data Sheet (DC city)
More Retail,Aug 26,South,Karnataka,Hubli,Hair Care / Conditioner,4.8129,0.0097,,Conditioner,0.2012,More_MS Data Sheet (DC city)
More Retail,Aug 26,South,Karnataka,Bangalore,Hair Care / Hair Oil,41.0987,0.064,,Hair Oil,0.1557,More_MS Data Sheet (DC city)
More Retail,Aug 26,South,Karnataka,Hubli,Hair Care / Hair Oil,21.6629,0.0317,,Hair Oil,0.1461,More_MS Data Sheet (DC city)
More Retail,Aug 26,South,Karnataka,Bangalore,Hair Care / Shampoo,67.5524,0.5607,,Shampoo,0.83,More_MS Data Sheet (DC city)
More Retail,Aug 26,South,Karnataka,Hubli,Hair Care / Shampoo,24.1424,0.2366,,Shampoo,0.9802,More_MS Data Sheet (DC city)
More Retail,Aug 26,South,Karnataka,Bangalore,Hair Care / Treatment & Styling,9.3986,0.7322,,Hair Treatment & Styling,7.7902,More_MS Data Sheet (DC city)
More Retail,Aug 26,South,Karnataka,Hubli,Hair Care / Treatment & Styling,4.1858,0.0,,Hair Treatment & Styling,0.0,More_MS Data Sheet (DC city)
More Retail,Aug 26,South,Karnataka,Bangalore,Insecticide / Repellant / Fly Insecticide / Repellant,46.5709,0.003,,Other,0.0064,More_MS Data Sheet (DC city)
More Retail,Aug 26,South,Karnataka,Hubli,Insecticide / Repellant / Fly Insecticide / Repellant,15.3434,0.0,,Other,0.0,More_MS Data Sheet (DC city)
More Retail,Aug 26,South,Karnataka,Bangalore,OTC / Pain & Relief,7.8292,0.0,,Other,0.0,More_MS Data Sheet (DC city)
More Retail,Aug 26,South,Karnataka,Hubli,OTC / Pain & Relief,4.4958,0.0,,Other,0.0,More_MS Data Sheet (DC city)
More Retail,Aug 26,South,Karnataka,Bangalore,Oral Care / Tooth Paste,84.1621,0.0407,,Oral Care,0.0483,More_MS Data Sheet (DC city)
More Retail,Aug 26,South,Karnataka,Hubli,Oral Care / Tooth Paste,38.9887,0.0,,Oral Care,0.0,More_MS Data Sheet (DC city)
More Retail,Aug 26,South,Karnataka,Bangalore,Personal Wash / Soap,115.5093,0.3595,,Body Wash & Soap,0.3113,More_MS Data Sheet (DC city)
More Retail,Aug 26,South,Karnataka,Hubli,Personal Wash / Soap,47.0061,0.0,,Body Wash & Soap,0.0,More_MS Data Sheet (DC city)
More Retail,Aug 26,South,Karnataka,Bangalore,Skin Care / Body Care,101.5391,0.2713,,Body Lotion & Care,0.2672,More_MS Data Sheet (DC city)
More Retail,Aug 26,South,Karnataka,Hubli,Skin Care / Body Care,8.7017,0.0,,Body Lotion & Care,0.0,More_MS Data Sheet (DC city)
More Retail,Aug 26,South,Karnataka,Bangalore,Skin Care / Face Care,343.0303,2.2266,,Face Moisturiser & Cream,0.6491,More_MS Data Sheet (DC city)
More Retail,Aug 26,South,Karnataka,Hubli,Skin Care / Face Care,14.6825,0.0,,Face Moisturiser & Cream,0.0,More_MS Data Sheet (DC city)
More Retail,Aug 26,South,Karnataka,Bangalore,Skin Care / Facial Cleanser,33.4781,3.7588,,Face Wash & Cleanser,11.2275,More_MS Data Sheet (DC city)
More Retail,Aug 26,South,Karnataka,Hubli,Skin Care / Facial Cleanser,15.7276,0.7188,,Face Wash & Cleanser,4.57,More_MS Data Sheet (DC city)
More Retail,Aug 26,South,Kerala,Cochin,Baby / Baby Hygiene,3.0604,0.0,,Baby Care,0.0,More_MS Data Sheet (DC city)
More Retail,Aug 26,South,Kerala,Cochin,Hair Care / Conditioner,5.6309,0.0,,Conditioner,0.0,More_MS Data Sheet (DC city)
More Retail,Aug 26,South,Kerala,Cochin,Hair Care / Hair Oil,7.0204,0.0,,Hair Oil,0.0,More_MS Data Sheet (DC city)
More Retail,Aug 26,South,Kerala,Cochin,Hair Care / Shampoo,12.777,0.0,,Shampoo,0.0,More_MS Data Sheet (DC city)
More Retail,Aug 26,South,Kerala,Cochin,Hair Care / Treatment & Styling,4.2164,0.0,,Hair Treatment & Styling,0.0,More_MS Data Sheet (DC city)
More Retail,Aug 26,South,Kerala,Cochin,Insecticide / Repellant / Fly Insecticide / Repellant,4.6459,0.0,,Other,0.0,More_MS Data Sheet (DC city)
More Retail,Aug 26,South,Kerala,Cochin,OTC / Pain & Relief,1.9689,0.0,,Other,0.0,More_MS Data Sheet (DC city)
More Retail,Aug 26,South,Kerala,Cochin,Oral Care / Tooth Paste,43.3905,0.0,,Oral Care,0.0,More_MS Data Sheet (DC city)
More Retail,Aug 26,South,Kerala,Cochin,Personal Wash / Soap,30.9442,0.0,,Body Wash & Soap,0.0,More_MS Data Sheet (DC city)
More Retail,Aug 26,South,Kerala,Cochin,Skin Care / Body Care,8.3526,0.0,,Body Lotion & Care,0.0,More_MS Data Sheet (DC city)
More Retail,Aug 26,South,Kerala,Cochin,Skin Care / Face Care,11.125,0.0,,Face Moisturiser & Cream,0.0,More_MS Data Sheet (DC city)
More Retail,Aug 26,South,Kerala,Cochin,Skin Care / Facial Cleanser,9.5536,0.4523,,Face Wash & Cleanser,4.7345,More_MS Data Sheet (DC city)
More Retail,Aug 26,South,Tamil Nadu,Chennai,Baby / Baby Hygiene,15.5709,0.0194,,Baby Care,0.1244,More_MS Data Sheet (DC city)
More Retail,Aug 26,South,Tamil Nadu,Chennai,Hair Care / Conditioner,4.8804,0.0,,Conditioner,0.0,More_MS Data Sheet (DC city)
More Retail,Aug 26,South,Tamil Nadu,Chennai,Hair Care / Hair Oil,18.7844,0.0,,Hair Oil,0.0,More_MS Data Sheet (DC city)
More Retail,Aug 26,South,Tamil Nadu,Chennai,Hair Care / Shampoo,26.6271,0.0,,Shampoo,0.0,More_MS Data Sheet (DC city)
More Retail,Aug 26,South,Tamil Nadu,Chennai,Hair Care / Treatment & Styling,4.2857,0.0,,Hair Treatment & Styling,0.0,More_MS Data Sheet (DC city)
More Retail,Aug 26,South,Tamil Nadu,Chennai,Insecticide / Repellant / Fly Insecticide / Repellant,19.7743,0.0,,Other,0.0,More_MS Data Sheet (DC city)
More Retail,Aug 26,South,Tamil Nadu,Chennai,OTC / Pain & Relief,3.6476,0.0,,Other,0.0,More_MS Data Sheet (DC city)
More Retail,Aug 26,South,Tamil Nadu,Chennai,Oral Care / Tooth Paste,31.2128,0.0025,,Oral Care,0.0079,More_MS Data Sheet (DC city)
More Retail,Aug 26,South,Tamil Nadu,Chennai,Personal Wash / Soap,63.464,0.0,,Body Wash & Soap,0.0,More_MS Data Sheet (DC city)
More Retail,Aug 26,South,Tamil Nadu,Chennai,Skin Care / Body Care,6.9014,0.0,,Body Lotion & Care,0.0,More_MS Data Sheet (DC city)
More Retail,Aug 26,South,Tamil Nadu,Chennai,Skin Care / Face Care,23.2569,0.0,,Face Moisturiser & Cream,0.0,More_MS Data Sheet (DC city)
More Retail,Aug 26,South,Tamil Nadu,Chennai,Skin Care / Facial Cleanser,10.9307,0.436,,Face Wash & Cleanser,3.9887,More_MS Data Sheet (DC city)
More Retail,Aug 26,South,Telangana,Hyderabad,Baby / Baby Hygiene,14.1622,1.217,,Baby Care,8.5933,More_MS Data Sheet (DC city)
More Retail,Aug 26,South,Telangana,Hyderabad,Hair Care / Conditioner,49.1949,0.0626,,Conditioner,0.1272,More_MS Data Sheet (DC city)
More Retail,Aug 26,South,Telangana,Hyderabad,Hair Care / Hair Oil,53.042,0.1473,,Hair Oil,0.2778,More_MS Data Sheet (DC city)
More Retail,Aug 26,South,Telangana,Hyderabad,Hair Care / Shampoo,59.2705,1.5207,,Shampoo,2.5657,More_MS Data Sheet (DC city)
More Retail,Aug 26,South,Telangana,Hyderabad,Hair Care / Treatment & Styling,5.7318,0.6828,,Hair Treatment & Styling,11.9125,More_MS Data Sheet (DC city)
More Retail,Aug 26,South,Telangana,Hyderabad,Insecticide / Repellant / Fly Insecticide / Repellant,112.9883,0.0,,Other,0.0,More_MS Data Sheet (DC city)
More Retail,Aug 26,South,Telangana,Hyderabad,OTC / Pain & Relief,5.0052,0.0025,,Other,0.0497,More_MS Data Sheet (DC city)
More Retail,Aug 26,South,Telangana,Hyderabad,Oral Care / Tooth Paste,105.0292,0.1431,,Oral Care,0.1362,More_MS Data Sheet (DC city)
More Retail,Aug 26,South,Telangana,Hyderabad,Personal Wash / Soap,122.6181,0.4908,,Body Wash & Soap,0.4003,More_MS Data Sheet (DC city)
More Retail,Aug 26,South,Telangana,Hyderabad,Skin Care / Body Care,20.5181,0.2195,,Body Lotion & Care,1.0699,More_MS Data Sheet (DC city)
More Retail,Aug 26,South,Telangana,Hyderabad,Skin Care / Face Care,93.9386,2.0366,,Face Moisturiser & Cream,2.168,More_MS Data Sheet (DC city)
More Retail,Aug 26,South,Telangana,Hyderabad,Skin Care / Facial Cleanser,22.5434,3.8209,,Face Wash & Cleanser,16.9491,More_MS Data Sheet (DC city)
