Chain Name,Ship-To Name,Bill-To / Account (inferred),Direct/Distributor,Brand,Month Logic,Months Covered,Month Range,Avg Cont%,Min Cont%,Max Cont%,Mapping Confidence,Remarks,Pri: Low Confidence,Pri: Medium Confidence,Pri: Multi-Chain Distributor,Pri: Negative NSV/Cont,Pri: Name Variant (Merge Candidate),Validation Status,Validated Chain,Validated Account / Bill-To,Mapping Action,Validation Remarks,Validated By,Validated Date
Apna Klub,Octopolis Technologies Pvt Ltd,Octopolis Technologies Pvt Ltd,Direct,Mamaearth,Monthly dynamic Cont% (secondary-driven),1,May'25–May'25,100.0,100.0,100.0,High,Direct ship-to → single chain (1:1),,,,,,Validated (Cross-Ref),Octopolis Technologies Pvt Ltd (HO),Octopolis Technologies Pvt Ltd (HO),Keep,fuzzy match on Ship-To Name against Confirmed row in CustomerCode_Zone_State_Mapping.csv (Customer Code 1101735),mtagent pbi audit (cross-ref CustomerCode_Zone_State_Mapping.csv),2026-07-14
Apna Mart,D.L. Sales - MT,D.L. Sales,Dist.,Mamaearth,Monthly dynamic Cont% (secondary-driven),3,Feb'26–Apr'26,3.74,0.21,8.89,Medium,Multi-chain distributor; split by secondary Cont% — validate (13 chains),,Y,Y,,,Validated (Cross-Ref),D.L. Sales - MT,D.L. Sales - MT,Keep,fuzzy match on Ship-To Name against Confirmed row in CustomerCode_Zone_State_Mapping.csv (Customer Code 1102945),mtagent pbi audit (cross-ref CustomerCode_Zone_State_Mapping.csv),2026-07-14
Apna Mart,D.L. Sales - MT,D.L. Sales,Dist.,The Derma Co.,Monthly dynamic Cont% (secondary-driven),2,Feb'26–Apr'26,8.03,3.9,12.16,Medium,Multi-chain distributor; split by secondary Cont% — validate (13 chains),,Y,Y,,,Validated (Cross-Ref),D.L. Sales - MT,D.L. Sales - MT,Keep,fuzzy match on Ship-To Name against Confirmed row in CustomerCode_Zone_State_Mapping.csv (Customer Code 1102945),mtagent pbi audit (cross-ref CustomerCode_Zone_State_Mapping.csv),2026-07-14
Apna Mart,SRIJAN ENTERPRISES-MT-JH,SRIJAN ENTERPRISES,Dist.,Mamaearth,Monthly dynamic Cont% (secondary-driven),3,Feb'26–Apr'26,94.63,86.58,100.0,Medium,Multi-chain distributor; split by secondary Cont% — validate (2 chains),,Y,Y,,,Validated (Cross-Ref),SRIJAN ENTERPRISES-MT-JH,SRIJAN ENTERPRISES-MT-JH,Keep,fuzzy match on Ship-To Name against Confirmed row in CustomerCode_Zone_State_Mapping.csv (Customer Code 1103817),mtagent pbi audit (cross-ref CustomerCode_Zone_State_Mapping.csv),2026-07-14
Apollo,APOLLO HEALTHCO LIMITED-WB,APOLLO HEALTHCO LIMITED,Direct,Aqualogica,Monthly dynamic Cont% (secondary-driven),1,May'25–May'25,100.0,100.0,100.0,High,Direct ship-to → single chain (1:1); account has 2 ship-to variants/branches — confirm roll-up,,,,,Y,Validated (Cross-Ref),Apollo Healthco,Apollo Healthco,Merge,exact match on Ship-To Name against Confirmed row in CustomerCode_Zone_State_Mapping.csv (Customer Code 1102407),mtagent pbi audit (cross-ref CustomerCode_Zone_State_Mapping.csv),2026-07-14
Apollo,APOLLO HEALTHCO LIMITED-WB,APOLLO HEALTHCO LIMITED,Direct,Mamaearth,Monthly dynamic Cont% (secondary-driven),1,May'25–May'25,100.0,100.0,100.0,High,Direct ship-to → single chain (1:1); account has 2 ship-to variants/branches — confirm roll-up,,,,,Y,Validated (Cross-Ref),Apollo Healthco,Apollo Healthco,Merge,exact match on Ship-To Name against Confirmed row in CustomerCode_Zone_State_Mapping.csv (Customer Code 1102407),mtagent pbi audit (cross-ref CustomerCode_Zone_State_Mapping.csv),2026-07-14
Apollo,APOLLO HEALTHCO LIMITED-WB,APOLLO HEALTHCO LIMITED,Direct,The Derma Co.,Monthly dynamic Cont% (secondary-driven),1,May'25–May'25,100.0,100.0,100.0,High,Direct ship-to → single chain (1:1); account has 2 ship-to variants/branches — confirm roll-up,,,,,Y,Validated (Cross-Ref),Apollo Healthco,Apollo Healthco,Merge,exact match on Ship-To Name against Confirmed row in CustomerCode_Zone_State_Mapping.csv (Customer Code 1102407),mtagent pbi audit (cross-ref CustomerCode_Zone_State_Mapping.csv),2026-07-14
Apollo,APOLLO HEALTHCO LIMITED-WB-2,APOLLO HEALTHCO LIMITED,Direct,Aqualogica,Monthly dynamic Cont% (secondary-driven),3,May'25–Aug'25,100.0,100.0,100.0,High,Direct ship-to → single chain (1:1); account has 2 ship-to variants/branches — confirm roll-up,,,,,Y,Validated (Cross-Ref),Apollo Healthco,Apollo Healthco,Merge,exact match on Ship-To Name against Confirmed row in CustomerCode_Zone_State_Mapping.csv (Customer Code 1102406),mtagent pbi audit (cross-ref CustomerCode_Zone_State_Mapping.csv),2026-07-14
Apollo,APOLLO HEALTHCO LIMITED-WB-2,APOLLO HEALTHCO LIMITED,Direct,Mamaearth,Monthly dynamic Cont% (secondary-driven),14,Apr'25–May'26,100.0,100.0,100.0,High,Direct ship-to → single chain (1:1); account has 2 ship-to variants/branches — confirm roll-up,,,,,Y,Validated (Cross-Ref),Apollo Healthco,Apollo Healthco,Merge,exact match on Ship-To Name against Confirmed row in CustomerCode_Zone_State_Mapping.csv (Customer Code 1102406),mtagent pbi audit (cross-ref CustomerCode_Zone_State_Mapping.csv),2026-07-14
Apollo,APOLLO HEALTHCO LIMITED-WB-2,APOLLO HEALTHCO LIMITED,Direct,The Derma Co.,Monthly dynamic Cont% (secondary-driven),9,Sep'25–May'26,100.0,100.0,100.0,High,Direct ship-to → single chain (1:1); account has 2 ship-to variants/branches — confirm roll-up,,,,,Y,Validated (Cross-Ref),Apollo Healthco,Apollo Healthco,Merge,exact match on Ship-To Name against Confirmed row in CustomerCode_Zone_State_Mapping.csv (Customer Code 1102406),mtagent pbi audit (cross-ref CustomerCode_Zone_State_Mapping.csv),2026-07-14
Apollo,APOLLO HEALTHCO LIMITED-Chittor,APOLLO HEALTHCO LIMITED-Chittor,Direct,Aqualogica,Monthly dynamic Cont% (secondary-driven),2,Jun'25–Aug'25,100.0,100.0,100.0,High,Direct ship-to → single chain (1:1),,,,,,Validated (Cross-Ref),Apollo Healthco,Apollo Healthco,Keep,exact match on Ship-To Name against Confirmed row in CustomerCode_Zone_State_Mapping.csv (Customer Code 1102412),mtagent pbi audit (cross-ref CustomerCode_Zone_State_Mapping.csv),2026-07-14
Apollo,APOLLO HEALTHCO LIMITED-Chittor,APOLLO HEALTHCO LIMITED-Chittor,Direct,Mamaearth,Monthly dynamic Cont% (secondary-driven),14,Apr'25–May'26,100.0,100.0,100.0,High,Direct ship-to → single chain (1:1),,,,,,Validated (Cross-Ref),Apollo Healthco,Apollo Healthco,Keep,exact match on Ship-To Name against Confirmed row in CustomerCode_Zone_State_Mapping.csv (Customer Code 1102412),mtagent pbi audit (cross-ref CustomerCode_Zone_State_Mapping.csv),2026-07-14
Apollo,APOLLO HEALTHCO LIMITED-Chittor,APOLLO HEALTHCO LIMITED-Chittor,Direct,The Derma Co.,Monthly dynamic Cont% (secondary-driven),9,Sep'25–May'26,100.0,100.0,100.0,High,Direct ship-to → single chain (1:1),,,,,,Validated (Cross-Ref),Apollo Healthco,Apollo Healthco,Keep,exact match on Ship-To Name against Confirmed row in CustomerCode_Zone_State_Mapping.csv (Customer Code 1102412),mtagent pbi audit (cross-ref CustomerCode_Zone_State_Mapping.csv),2026-07-14
Apollo,APOLLO HEALTHCO LIMITED-HYD,APOLLO HEALTHCO LIMITED-HYD,Direct,Mamaearth,Monthly dynamic Cont% (secondary-driven),14,Apr'25–May'26,100.0,100.0,100.0,High,Direct ship-to → single chain (1:1),,,,,,Validated (Cross-Ref),Apollo Healthco,Apollo Healthco,Keep,exact match on Ship-To Name against Confirmed row in CustomerCode_Zone_State_Mapping.csv (Customer Code 1102408),mtagent pbi audit (cross-ref CustomerCode_Zone_State_Mapping.csv),2026-07-14
Apollo,APOLLO HEALTHCO LIMITED-HYD,APOLLO HEALTHCO LIMITED-HYD,Direct,The Derma Co.,Monthly dynamic Cont% (secondary-driven),9,Sep'25–May'26,100.0,100.0,100.0,High,Direct ship-to → single chain (1:1),,,,,,Validated (Cross-Ref),Apollo Healthco,Apollo Healthco,Keep,exact match on Ship-To Name against Confirmed row in CustomerCode_Zone_State_Mapping.csv (Customer Code 1102408),mtagent pbi audit (cross-ref CustomerCode_Zone_State_Mapping.csv),2026-07-14
Apollo,APOLLO HEALTHCO LIMITED-Madurai,APOLLO HEALTHCO LIMITED-Madurai,Direct,Aqualogica,Monthly dynamic Cont% (secondary-driven),1,May'25–May'25,100.0,100.0,100.0,High,Direct ship-to → single chain (1:1),,,,,,Validated (Cross-Ref),Apollo Healthco,Apollo Healthco,Keep,exact match on Ship-To Name against Confirmed row in CustomerCode_Zone_State_Mapping.csv (Customer Code 1102416),mtagent pbi audit (cross-ref CustomerCode_Zone_State_Mapping.csv),2026-07-14
Apollo,APOLLO HEALTHCO LIMITED-Madurai,APOLLO HEALTHCO LIMITED-Madurai,Direct,Mamaearth,Monthly dynamic Cont% (secondary-driven),14,Apr'25–May'26,100.0,100.0,100.0,High,Direct ship-to → single chain (1:1),,,,,,Validated (Cross-Ref),Apollo Healthco,Apollo Healthco,Keep,exact match on Ship-To Name against Confirmed row in CustomerCode_Zone_State_Mapping.csv (Customer Code 1102416),mtagent pbi audit (cross-ref CustomerCode_Zone_State_Mapping.csv),2026-07-14
Apollo,APOLLO HEALTHCO LIMITED-Madurai,APOLLO HEALTHCO LIMITED-Madurai,Direct,The Derma Co.,Monthly dynamic Cont% (secondary-driven),9,May'25–May'26,100.0,100.0,100.0,High,Direct ship-to → single chain (1:1),,,,,,Validated (Cross-Ref),Apollo Healthco,Apollo Healthco,Keep,exact match on Ship-To Name against Confirmed row in CustomerCode_Zone_State_Mapping.csv (Customer Code 1102416),mtagent pbi audit (cross-ref CustomerCode_Zone_State_Mapping.csv),2026-07-14
Apollo,APOLLO HEALTHCO LIMITED-Vijayawada,APOLLO HEALTHCO LIMITED-Vijayawada,Direct,Aqualogica,Monthly dynamic Cont% (secondary-driven),1,Sep'25–Sep'25,100.0,100.0,100.0,High,Direct ship-to → single chain (1:1),,,,,,Validated (Cross-Ref),Apollo Healthco,Apollo Healthco,Keep,exact match on Ship-To Name against Confirmed row in CustomerCode_Zone_State_Mapping.csv (Customer Code 1102409),mtagent pbi audit (cross-ref CustomerCode_Zone_State_Mapping.csv),2026-07-14
Apollo,APOLLO HEALTHCO LIMITED-Vijayawada,APOLLO HEALTHCO LIMITED-Vijayawada,Direct,Mamaearth,Monthly dynamic Cont% (secondary-driven),14,Apr'25–May'26,100.0,100.0,100.0,High,Direct ship-to → single chain (1:1),,,,,,Validated (Cross-Ref),Apollo Healthco,Apollo Healthco,Keep,exact match on Ship-To Name against Confirmed row in CustomerCode_Zone_State_Mapping.csv (Customer Code 1102409),mtagent pbi audit (cross-ref CustomerCode_Zone_State_Mapping.csv),2026-07-14
Apollo,APOLLO HEALTHCO LIMITED-Vijayawada,APOLLO HEALTHCO LIMITED-Vijayawada,Direct,The Derma Co.,Monthly dynamic Cont% (secondary-driven),8,Sep'25–May'26,100.0,100.0,100.0,High,Direct ship-to → single chain (1:1),,,,,,Validated (Cross-Ref),Apollo Healthco,Apollo Healthco,Keep,exact match on Ship-To Name against Confirmed row in CustomerCode_Zone_State_Mapping.csv (Customer Code 1102409),mtagent pbi audit (cross-ref CustomerCode_Zone_State_Mapping.csv),2026-07-14
Apollo,APOLLO HEALTHCO LIMITED_AHMEDABAD,APOLLO HEALTHCO LIMITED_AHMEDABAD,Direct,Mamaearth,Monthly dynamic Cont% (secondary-driven),14,Apr'25–May'26,100.0,100.0,100.0,High,Direct ship-to → single chain (1:1),,,,,,Validated (Cross-Ref),Apollo Healthco,Apollo Healthco,Keep,exact match on Ship-To Name against Confirmed row in CustomerCode_Zone_State_Mapping.csv (Customer Code 1104211),mtagent pbi audit (cross-ref CustomerCode_Zone_State_Mapping.csv),2026-07-14
Apollo,APOLLO HEALTHCO LIMITED_AHMEDABAD,APOLLO HEALTHCO LIMITED_AHMEDABAD,Direct,The Derma Co.,Monthly dynamic Cont% (secondary-driven),8,Sep'25–May'26,100.0,100.0,100.0,High,Direct ship-to → single chain (1:1),,,,,,Validated (Cross-Ref),Apollo Healthco,Apollo Healthco,Keep,exact match on Ship-To Name against Confirmed row in CustomerCode_Zone_State_Mapping.csv (Customer Code 1104211),mtagent pbi audit (cross-ref CustomerCode_Zone_State_Mapping.csv),2026-07-14
Apollo,Apollo Healthco Limited Faridabad_ShipTo,Apollo Healthco Limited Faridabad,Direct,Aqualogica,Monthly dynamic Cont% (secondary-driven),3,Apr'25–Jun'25,100.0,100.0,100.0,High,Direct ship-to → single chain (1:1),,,,,,Validated (Cross-Ref),Apollo Healthco,Apollo Healthco,Keep,fuzzy match on Ship-To Name against Confirmed row in CustomerCode_Zone_State_Mapping.csv (Customer Code 1101092),mtagent pbi audit (cross-ref CustomerCode_Zone_State_Mapping.csv),2026-07-14
Apollo,Apollo Healthco Limited Faridabad_ShipTo,Apollo Healthco Limited Faridabad,Direct,Mamaearth,Monthly dynamic Cont% (secondary-driven),5,Apr'25–Aug'25,100.0,100.0,100.0,High,Direct ship-to → single chain (1:1),,,,,,Validated (Cross-Ref),Apollo Healthco,Apollo Healthco,Keep,fuzzy match on Ship-To Name against Confirmed row in CustomerCode_Zone_State_Mapping.csv (Customer Code 1101092),mtagent pbi audit (cross-ref CustomerCode_Zone_State_Mapping.csv),2026-07-14
Apollo,Apollo Healthco Limited Faridabad_ShipTo,Apollo Healthco Limited Faridabad,Direct,The Derma Co.,Monthly dynamic Cont% (secondary-driven),3,Apr'25–Jun'25,100.0,100.0,100.0,High,Direct ship-to → single chain (1:1),,,,,,Validated (Cross-Ref),Apollo Healthco,Apollo Healthco,Keep,fuzzy match on Ship-To Name against Confirmed row in CustomerCode_Zone_State_Mapping.csv (Customer Code 1101092),mtagent pbi audit (cross-ref CustomerCode_Zone_State_Mapping.csv),2026-07-14
Apollo,Apollo Healthco Limited-Assam,Apollo Healthco Limited-Assam,Direct,Mamaearth,Monthly dynamic Cont% (secondary-driven),3,Mar'26–May'26,100.0,100.0,100.0,High,Direct ship-to → single chain (1:1),,,,,,Validated (Cross-Ref),Apollo Healthco,Apollo Healthco,Keep,exact match on Ship-To Name against Confirmed row in CustomerCode_Zone_State_Mapping.csv (Customer Code 1104729),mtagent pbi audit (cross-ref CustomerCode_Zone_State_Mapping.csv),2026-07-14
Apollo,Apollo Healthco Limited-Assam,Apollo Healthco Limited-Assam,Direct,The Derma Co.,Monthly dynamic Cont% (secondary-driven),2,Mar'26–May'26,100.0,100.0,100.0,High,Direct ship-to → single chain (1:1),,,,,,Validated (Cross-Ref),Apollo Healthco,Apollo Healthco,Keep,exact match on Ship-To Name against Confirmed row in CustomerCode_Zone_State_Mapping.csv (Customer Code 1104729),mtagent pbi audit (cross-ref CustomerCode_Zone_State_Mapping.csv),2026-07-14
Apollo,Apollo Healthco Limited-Bangalore,Apollo Healthco Limited-Bangalore,Direct,Mamaearth,Monthly dynamic Cont% (secondary-driven),14,Apr'25–May'26,100.0,100.0,100.0,High,Direct ship-to → single chain (1:1),,,,,,Validated (Cross-Ref),Apollo Healthco,Apollo Healthco,Keep,exact match on Ship-To Name against Confirmed row in CustomerCode_Zone_State_Mapping.csv (Customer Code 1102411),mtagent pbi audit (cross-ref CustomerCode_Zone_State_Mapping.csv),2026-07-14
Apollo,Apollo Healthco Limited-Bangalore,Apollo Healthco Limited-Bangalore,Direct,The Derma Co.,Monthly dynamic Cont% (secondary-driven),9,Sep'25–May'26,100.0,100.0,100.0,High,Direct ship-to → single chain (1:1),,,,,,Validated (Cross-Ref),Apollo Healthco,Apollo Healthco,Keep,exact match on Ship-To Name against Confirmed row in CustomerCode_Zone_State_Mapping.csv (Customer Code 1102411),mtagent pbi audit (cross-ref CustomerCode_Zone_State_Mapping.csv),2026-07-14
Apollo,Apollo Healthco Limited-Chennai,Apollo Healthco Limited-Chennai,Direct,Aqualogica,Monthly dynamic Cont% (secondary-driven),1,Feb'26–Feb'26,100.0,100.0,100.0,High,Direct ship-to → single chain (1:1),,,,,,Validated (Cross-Ref),Apollo Healthco,Apollo Healthco,Keep,exact match on Ship-To Name against Confirmed row in CustomerCode_Zone_State_Mapping.csv (Customer Code 1102413),mtagent pbi audit (cross-ref CustomerCode_Zone_State_Mapping.csv),2026-07-14
Apollo,Apollo Healthco Limited-Chennai,Apollo Healthco Limited-Chennai,Direct,Mamaearth,Monthly dynamic Cont% (secondary-driven),14,Apr'25–May'26,100.0,100.0,100.0,High,Direct ship-to → single chain (1:1),,,,,,Validated (Cross-Ref),Apollo Healthco,Apollo Healthco,Keep,exact match on Ship-To Name against Confirmed row in CustomerCode_Zone_State_Mapping.csv (Customer Code 1102413),mtagent pbi audit (cross-ref CustomerCode_Zone_State_Mapping.csv),2026-07-14
Apollo,Apollo Healthco Limited-Chennai,Apollo Healthco Limited-Chennai,Direct,The Derma Co.,Monthly dynamic Cont% (secondary-driven),8,Oct'25–May'26,100.0,100.0,100.0,High,Direct ship-to → single chain (1:1),,,,,,Validated (Cross-Ref),Apollo Healthco,Apollo Healthco,Keep,exact match on Ship-To Name against Confirmed row in CustomerCode_Zone_State_Mapping.csv (Customer Code 1102413),mtagent pbi audit (cross-ref CustomerCode_Zone_State_Mapping.csv),2026-07-14
Apollo,Apollo Healthco Limited-Goa,Apollo Healthco Limited-Goa,Direct,Aqualogica,Monthly dynamic Cont% (secondary-driven),1,May'25–May'25,100.0,100.0,100.0,High,Direct ship-to → single chain (1:1),,,,,,Validated (Cross-Ref),Apollo Healthco,Apollo Healthco,Keep,exact match on Ship-To Name against Confirmed row in CustomerCode_Zone_State_Mapping.csv (Customer Code 1102417),mtagent pbi audit (cross-ref CustomerCode_Zone_State_Mapping.csv),2026-07-14
Apollo,Apollo Healthco Limited-Goa,Apollo Healthco Limited-Goa,Direct,Mamaearth,Monthly dynamic Cont% (secondary-driven),14,Apr'25–May'26,100.0,100.0,100.0,High,Direct ship-to → single chain (1:1),,,,,,Validated (Cross-Ref),Apollo Healthco,Apollo Healthco,Keep,exact match on Ship-To Name against Confirmed row in CustomerCode_Zone_State_Mapping.csv (Customer Code 1102417),mtagent pbi audit (cross-ref CustomerCode_Zone_State_Mapping.csv),2026-07-14
Apollo,Apollo Healthco Limited-Goa,Apollo Healthco Limited-Goa,Direct,The Derma Co.,Monthly dynamic Cont% (secondary-driven),14,Apr'25–May'26,100.0,100.0,100.0,High,Direct ship-to → single chain (1:1),,,,,,Validated (Cross-Ref),Apollo Healthco,Apollo Healthco,Keep,exact match on Ship-To Name against Confirmed row in CustomerCode_Zone_State_Mapping.csv (Customer Code 1102417),mtagent pbi audit (cross-ref CustomerCode_Zone_State_Mapping.csv),2026-07-14
Apollo,Apollo Healthco Limited-Hubbli,Apollo Healthco Limited-Hubbli,Direct,Mamaearth,Monthly dynamic Cont% (secondary-driven),14,Apr'25–May'26,100.0,100.0,100.0,High,Direct ship-to → single chain (1:1),,,,,,Validated (Cross-Ref),Apollo Healthco,Apollo Healthco,Keep,exact match on Ship-To Name against Confirmed row in CustomerCode_Zone_State_Mapping.csv (Customer Code 1102414),mtagent pbi audit (cross-ref CustomerCode_Zone_State_Mapping.csv),2026-07-14
Apollo,Apollo Healthco Limited-Hubbli,Apollo Healthco Limited-Hubbli,Direct,The Derma Co.,Monthly dynamic Cont% (secondary-driven),9,Sep'25–May'26,100.0,100.0,100.0,High,Direct ship-to → single chain (1:1),,,,,,Validated (Cross-Ref),Apollo Healthco,Apollo Healthco,Keep,exact match on Ship-To Name against Confirmed row in CustomerCode_Zone_State_Mapping.csv (Customer Code 1102414),mtagent pbi audit (cross-ref CustomerCode_Zone_State_Mapping.csv),2026-07-14
Apollo,Apollo Healthco Limited-Kochi,Apollo Healthco Limited-Kochi,Direct,Aqualogica,Monthly dynamic Cont% (secondary-driven),3,Apr'25–Jun'25,100.0,100.0,100.0,High,Direct ship-to → single chain (1:1),,,,,,Validated (Cross-Ref),Apollo Healthco,Apollo Healthco,Keep,exact match on Ship-To Name against Confirmed row in CustomerCode_Zone_State_Mapping.csv (Customer Code 1102987),mtagent pbi audit (cross-ref CustomerCode_Zone_State_Mapping.csv),2026-07-14
Apollo,Apollo Healthco Limited-Kochi,Apollo Healthco Limited-Kochi,Direct,Mamaearth,Monthly dynamic Cont% (secondary-driven),14,Apr'25–May'26,100.0,100.0,100.0,High,Direct ship-to → single chain (1:1),,,,,,Validated (Cross-Ref),Apollo Healthco,Apollo Healthco,Keep,exact match on Ship-To Name against Confirmed row in CustomerCode_Zone_State_Mapping.csv (Customer Code 1102987),mtagent pbi audit (cross-ref CustomerCode_Zone_State_Mapping.csv),2026-07-14
Apollo,Apollo Healthco Limited-Kochi,Apollo Healthco Limited-Kochi,Direct,The Derma Co.,Monthly dynamic Cont% (secondary-driven),14,Apr'25–May'26,100.0,100.0,100.0,High,Direct ship-to → single chain (1:1),,,,,,Validated (Cross-Ref),Apollo Healthco,Apollo Healthco,Keep,exact match on Ship-To Name against Confirmed row in CustomerCode_Zone_State_Mapping.csv (Customer Code 1102987),mtagent pbi audit (cross-ref CustomerCode_Zone_State_Mapping.csv),2026-07-14
Apollo,Apollo Healthco Limited-Ore,Apollo Healthco Limited-Ore,Direct,Mamaearth,Monthly dynamic Cont% (secondary-driven),14,Apr'25–May'26,100.0,100.0,100.0,High,Direct ship-to → single chain (1:1),,,,,,Validated (High-Confidence Auto),Apollo,Apollo Healthco Limited-Ore,Keep,no Confirmed cross-reference found; auto-accepted as a direct 1:1 ship-to->chain mapping (High confidence per the file's own methodology),mtagent pbi audit (cross-ref CustomerCode_Zone_State_Mapping.csv),2026-07-14
Apollo,Apollo Healthco Limited-Ore,Apollo Healthco Limited-Ore,Direct,The Derma Co.,Monthly dynamic Cont% (secondary-driven),14,Apr'25–May'26,100.0,100.0,100.0,High,Direct ship-to → single chain (1:1),,,,,,Validated (High-Confidence Auto),Apollo,Apollo Healthco Limited-Ore,Keep,no Confirmed cross-reference found; auto-accepted as a direct 1:1 ship-to->chain mapping (High confidence per the file's own methodology),mtagent pbi audit (cross-ref CustomerCode_Zone_State_Mapping.csv),2026-07-14
Apollo,Apollo Healthco Limited-Sanath Nagar,Apollo Healthco Limited-Sanath Nagar,Direct,Mamaearth,Monthly dynamic Cont% (secondary-driven),14,Apr'25–May'26,100.0,100.0,100.0,High,Direct ship-to → single chain (1:1),,,,,,Validated (Cross-Ref),Apollo Healthco,Apollo Healthco,Keep,fuzzy match on Ship-To Name against Confirmed row in CustomerCode_Zone_State_Mapping.csv (Customer Code 1102410),mtagent pbi audit (cross-ref CustomerCode_Zone_State_Mapping.csv),2026-07-14
Apollo,Apollo Healthco Limited-Sanath Nagar,Apollo Healthco Limited-Sanath Nagar,Direct,The Derma Co.,Monthly dynamic Cont% (secondary-driven),9,Sep'25–May'26,100.0,100.0,100.0,High,Direct ship-to → single chain (1:1),,,,,,Validated (Cross-Ref),Apollo Healthco,Apollo Healthco,Keep,fuzzy match on Ship-To Name against Confirmed row in CustomerCode_Zone_State_Mapping.csv (Customer Code 1102410),mtagent pbi audit (cross-ref CustomerCode_Zone_State_Mapping.csv),2026-07-14
Apollo,Apollo Healthco Limited_Bhiwandi,Apollo Healthco Limited_Bhiwandi,Direct,Aqualogica,Monthly dynamic Cont% (secondary-driven),7,Apr'25–Mar'26,100.0,100.0,100.0,High,Direct ship-to → single chain (1:1),,,,,,Validated (Cross-Ref),Apollo Healthco,Apollo Healthco,Keep,exact match on Ship-To Name against Confirmed row in CustomerCode_Zone_State_Mapping.csv (Customer Code 1101099),mtagent pbi audit (cross-ref CustomerCode_Zone_State_Mapping.csv),2026-07-14
Apollo,Apollo Healthco Limited_Bhiwandi,Apollo Healthco Limited_Bhiwandi,Direct,Mamaearth,Monthly dynamic Cont% (secondary-driven),14,Apr'25–May'26,100.0,100.0,100.0,High,Direct ship-to → single chain (1:1),,,,,,Validated (Cross-Ref),Apollo Healthco,Apollo Healthco,Keep,exact match on Ship-To Name against Confirmed row in CustomerCode_Zone_State_Mapping.csv (Customer Code 1101099),mtagent pbi audit (cross-ref CustomerCode_Zone_State_Mapping.csv),2026-07-14
Apollo,Apollo Healthco Limited_Bhiwandi,Apollo Healthco Limited_Bhiwandi,Direct,The Derma Co.,Monthly dynamic Cont% (secondary-driven),14,Apr'25–May'26,100.0,100.0,100.0,High,Direct ship-to → single chain (1:1),,,,,,Validated (Cross-Ref),Apollo Healthco,Apollo Healthco,Keep,exact match on Ship-To Name against Confirmed row in CustomerCode_Zone_State_Mapping.csv (Customer Code 1101099),mtagent pbi audit (cross-ref CustomerCode_Zone_State_Mapping.csv),2026-07-14
Apollo,Apollo Healthco Limited_Faridabad,Apollo Healthco Limited_Faridabad,Direct,Aqualogica,Monthly dynamic Cont% (secondary-driven),10,Apr'25–May'26,100.0,100.0,100.0,High,Direct ship-to → single chain (1:1),,,,,,Validated (Cross-Ref),Apollo Healthco,Apollo Healthco,Keep,exact match on Ship-To Name against Confirmed row in CustomerCode_Zone_State_Mapping.csv (Customer Code 1101092),mtagent pbi audit (cross-ref CustomerCode_Zone_State_Mapping.csv),2026-07-14
Apollo,Apollo Healthco Limited_Faridabad,Apollo Healthco Limited_Faridabad,Direct,BBlunt,Monthly dynamic Cont% (secondary-driven),3,Mar'26–May'26,100.0,100.0,100.0,High,Direct ship-to → single chain (1:1),,,,,,Validated (Cross-Ref),Apollo Healthco,Apollo Healthco,Keep,exact match on Ship-To Name against Confirmed row in CustomerCode_Zone_State_Mapping.csv (Customer Code 1101092),mtagent pbi audit (cross-ref CustomerCode_Zone_State_Mapping.csv),2026-07-14
Apollo,Apollo Healthco Limited_Faridabad,Apollo Healthco Limited_Faridabad,Direct,Mamaearth,Monthly dynamic Cont% (secondary-driven),14,Apr'25–May'26,100.0,100.0,100.0,High,Direct ship-to → single chain (1:1),,,,,,Validated (Cross-Ref),Apollo Healthco,Apollo Healthco,Keep,exact match on Ship-To Name against Confirmed row in CustomerCode_Zone_State_Mapping.csv (Customer Code 1101092),mtagent pbi audit (cross-ref CustomerCode_Zone_State_Mapping.csv),2026-07-14
Apollo,Apollo Healthco Limited_Faridabad,Apollo Healthco Limited_Faridabad,Direct,The Derma Co.,Monthly dynamic Cont% (secondary-driven),14,Apr'25–May'26,100.0,100.0,100.0,High,Direct ship-to → single chain (1:1),,,,,,Validated (Cross-Ref),Apollo Healthco,Apollo Healthco,Keep,exact match on Ship-To Name against Confirmed row in CustomerCode_Zone_State_Mapping.csv (Customer Code 1101092),mtagent pbi audit (cross-ref CustomerCode_Zone_State_Mapping.csv),2026-07-14
Apollo,Apollo Healthco Limited_Rajasthan,Apollo Healthco Limited_Rajasthan,Direct,Aqualogica,Monthly dynamic Cont% (secondary-driven),3,Apr'25–Jul'25,100.0,100.0,100.0,High,Direct ship-to → single chain (1:1),,,,,,Validated (Cross-Ref),Apollo Healthco,Apollo Healthco,Keep,exact match on Ship-To Name against Confirmed row in CustomerCode_Zone_State_Mapping.csv (Customer Code 1101093),mtagent pbi audit (cross-ref CustomerCode_Zone_State_Mapping.csv),2026-07-14
Apollo,Apollo Healthco Limited_Rajasthan,Apollo Healthco Limited_Rajasthan,Direct,Mamaearth,Monthly dynamic Cont% (secondary-driven),14,Apr'25–May'26,100.0,100.0,100.0,High,Direct ship-to → single chain (1:1),,,,,,Validated (Cross-Ref),Apollo Healthco,Apollo Healthco,Keep,exact match on Ship-To Name against Confirmed row in CustomerCode_Zone_State_Mapping.csv (Customer Code 1101093),mtagent pbi audit (cross-ref CustomerCode_Zone_State_Mapping.csv),2026-07-14
Apollo,Apollo Healthco Limited_Rajasthan,Apollo Healthco Limited_Rajasthan,Direct,The Derma Co.,Monthly dynamic Cont% (secondary-driven),14,Apr'25–May'26,100.0,100.0,100.0,High,Direct ship-to → single chain (1:1),,,,,,Validated (Cross-Ref),Apollo Healthco,Apollo Healthco,Keep,exact match on Ship-To Name against Confirmed row in CustomerCode_Zone_State_Mapping.csv (Customer Code 1101093),mtagent pbi audit (cross-ref CustomerCode_Zone_State_Mapping.csv),2026-07-14
Apollo,Apollo Healthco Ltd_Raipur,Apollo Healthco Ltd_Raipur,Direct,Aqualogica,Monthly dynamic Cont% (secondary-driven),2,May'25–Jun'25,100.0,100.0,100.0,High,Direct ship-to → single chain (1:1),,,,,,Validated (High-Confidence Auto),Apollo,Apollo Healthco Ltd_Raipur,Keep,no Confirmed cross-reference found; auto-accepted as a direct 1:1 ship-to->chain mapping (High confidence per the file's own methodology),mtagent pbi audit (cross-ref CustomerCode_Zone_State_Mapping.csv),2026-07-14
Apollo,Apollo Healthco Ltd_Raipur,Apollo Healthco Ltd_Raipur,Direct,Mamaearth,Monthly dynamic Cont% (secondary-driven),14,Apr'25–May'26,100.0,100.0,100.0,High,Direct ship-to → single chain (1:1),,,,,,Validated (High-Confidence Auto),Apollo,Apollo Healthco Ltd_Raipur,Keep,no Confirmed cross-reference found; auto-accepted as a direct 1:1 ship-to->chain mapping (High confidence per the file's own methodology),mtagent pbi audit (cross-ref CustomerCode_Zone_State_Mapping.csv),2026-07-14
Apollo,Apollo Healthco Ltd_Raipur,Apollo Healthco Ltd_Raipur,Direct,The Derma Co.,Monthly dynamic Cont% (secondary-driven),14,Apr'25–May'26,100.0,100.0,100.0,High,Direct ship-to → single chain (1:1),,,,,,Validated (High-Confidence Auto),Apollo,Apollo Healthco Ltd_Raipur,Keep,no Confirmed cross-reference found; auto-accepted as a direct 1:1 ship-to->chain mapping (High confidence per the file's own methodology),mtagent pbi audit (cross-ref CustomerCode_Zone_State_Mapping.csv),2026-07-14
Apollo,Arc Foods And Beverages_Mt_H&G,Arc Foods And Beverages_Mt_H&G,Dist.,Aqualogica,Monthly dynamic Cont% (secondary-driven),6,Apr'25–Sep'25,12.1,2.85,31.76,Medium,Multi-chain distributor; split by secondary Cont% — validate (3 chains),,Y,Y,,,Validated (Cross-Ref),Arc Foods And Beverages,Arc Foods And Beverages,Keep,exact match on Ship-To Name against Confirmed row in CustomerCode_Zone_State_Mapping.csv (Customer Code 1101156),mtagent pbi audit (cross-ref CustomerCode_Zone_State_Mapping.csv),2026-07-14
Apollo,Arc Foods And Beverages_Mt_H&G,Arc Foods And Beverages_Mt_H&G,Dist.,Mamaearth,Monthly dynamic Cont% (secondary-driven),9,Apr'25–Dec'25,53.09,42.34,64.15,Medium,Multi-chain distributor; split by secondary Cont% — validate (3 chains),,Y,Y,,,Validated (Cross-Ref),Arc Foods And Beverages,Arc Foods And Beverages,Keep,exact match on Ship-To Name against Confirmed row in CustomerCode_Zone_State_Mapping.csv (Customer Code 1101156),mtagent pbi audit (cross-ref CustomerCode_Zone_State_Mapping.csv),2026-07-14
Apollo,Arc Foods And Beverages_Mt_H&G,Arc Foods And Beverages_Mt_H&G,Dist.,The Derma Co.,Monthly dynamic Cont% (secondary-driven),9,Apr'25–Dec'25,26.15,13.76,36.58,Medium,Multi-chain distributor; split by secondary Cont% — validate (3 chains),,Y,Y,,,Validated (Cross-Ref),Arc Foods And Beverages,Arc Foods And Beverages,Keep,exact match on Ship-To Name against Confirmed row in CustomerCode_Zone_State_Mapping.csv (Customer Code 1101156),mtagent pbi audit (cross-ref CustomerCode_Zone_State_Mapping.csv),2026-07-14
Apollo,Az Enterprises,Az Enterprises,Dist.,BBlunt,Monthly dynamic Cont% (secondary-driven),1,Apr'26–Apr'26,13.71,13.71,13.71,Medium,Multi-chain distributor; split by secondary Cont% — validate (9 chains); account has 2 ship-to variants/branches — confirm roll-up,,Y,Y,,Y,Validated (Cross-Ref),Az Enterprises-H&G,Az Enterprises-H&G,Merge,exact match on Ship-To Name against Confirmed row in CustomerCode_Zone_State_Mapping.csv (Customer Code 1100298),mtagent pbi audit (cross-ref CustomerCode_Zone_State_Mapping.csv),2026-07-14
Apollo,Az Enterprises,Az Enterprises,Dist.,Mamaearth,Monthly dynamic Cont% (secondary-driven),5,Dec'25–May'26,39.87,16.6,59.0,Medium,Multi-chain distributor; split by secondary Cont% — validate (9 chains); account has 2 ship-to variants/branches — confirm roll-up,,Y,Y,,Y,Validated (Cross-Ref),Az Enterprises-H&G,Az Enterprises-H&G,Merge,exact match on Ship-To Name against Confirmed row in CustomerCode_Zone_State_Mapping.csv (Customer Code 1100298),mtagent pbi audit (cross-ref CustomerCode_Zone_State_Mapping.csv),2026-07-14
Apollo,Az Enterprises,Az Enterprises,Dist.,The Derma Co.,Monthly dynamic Cont% (secondary-driven),5,Dec'25–May'26,43.52,16.43,61.29,Medium,Multi-chain distributor; split by secondary Cont% — validate (9 chains); account has 2 ship-to variants/branches — confirm roll-up,,Y,Y,,Y,Validated (Cross-Ref),Az Enterprises-H&G,Az Enterprises-H&G,Merge,exact match on Ship-To Name against Confirmed row in CustomerCode_Zone_State_Mapping.csv (Customer Code 1100298),mtagent pbi audit (cross-ref CustomerCode_Zone_State_Mapping.csv),2026-07-14
Apollo,Az Enterprises(Apollo/More)Mt,Az Enterprises,Dist.,Aqualogica,Monthly dynamic Cont% (secondary-driven),6,Apr'25–Sep'25,10.19,0.86,31.39,High,Multi-chain distributor; chain name in ship-to (9 chains); account has 2 ship-to variants/branches — confirm roll-up,,,Y,,Y,Validated (Cross-Ref),Az Enterprises-MT,Az Enterprises-MT,Merge,exact match on Ship-To Name against Confirmed row in CustomerCode_Zone_State_Mapping.csv (Customer Code 1101158),mtagent pbi audit (cross-ref CustomerCode_Zone_State_Mapping.csv),2026-07-14
Apollo,Az Enterprises(Apollo/More)Mt,Az Enterprises,Dist.,BBlunt,Monthly dynamic Cont% (secondary-driven),1,Mar'26–Mar'26,100.0,100.0,100.0,High,Multi-chain distributor; chain name in ship-to (9 chains); account has 2 ship-to variants/branches — confirm roll-up,,,Y,,Y,Validated (Cross-Ref),Az Enterprises-MT,Az Enterprises-MT,Merge,exact match on Ship-To Name against Confirmed row in CustomerCode_Zone_State_Mapping.csv (Customer Code 1101158),mtagent pbi audit (cross-ref CustomerCode_Zone_State_Mapping.csv),2026-07-14
Apollo,Az Enterprises(Apollo/More)Mt,Az Enterprises,Dist.,Mamaearth,Monthly dynamic Cont% (secondary-driven),9,Apr'25–Feb'26,36.57,0.69,63.07,High,Multi-chain distributor; chain name in ship-to (9 chains); account has 2 ship-to variants/branches — confirm roll-up,,,Y,,Y,Validated (Cross-Ref),Az Enterprises-MT,Az Enterprises-MT,Merge,exact match on Ship-To Name against Confirmed row in CustomerCode_Zone_State_Mapping.csv (Customer Code 1101158),mtagent pbi audit (cross-ref CustomerCode_Zone_State_Mapping.csv),2026-07-14
Apollo,Az Enterprises(Apollo/More)Mt,Az Enterprises,Dist.,The Derma Co.,Monthly dynamic Cont% (secondary-driven),8,Apr'25–Feb'26,35.92,20.73,62.01,High,Multi-chain distributor; chain name in ship-to (9 chains); account has 2 ship-to variants/branches — confirm roll-up,,,Y,,Y,Validated (Cross-Ref),Az Enterprises-MT,Az Enterprises-MT,Merge,exact match on Ship-To Name against Confirmed row in CustomerCode_Zone_State_Mapping.csv (Customer Code 1101158),mtagent pbi audit (cross-ref CustomerCode_Zone_State_Mapping.csv),2026-07-14
Apollo,BALAJI ASSOCIATES Distributor MT,BALAJI ASSOCIATES Distributor MT,Dist.,Mamaearth,Monthly dynamic Cont% (secondary-driven),3,Mar'26–May'26,0.43,0.34,0.6,Medium,Multi-chain distributor; split by secondary Cont% — validate (3 chains),,Y,Y,,,Validated (Cross-Ref),Balaji Associates Distributor MT,Balaji Associates Distributor MT,Keep,exact match on Ship-To Name against Confirmed row in CustomerCode_Zone_State_Mapping.csv (Customer Code 1103031),mtagent pbi audit (cross-ref CustomerCode_Zone_State_Mapping.csv),2026-07-14
Apollo,BALAJI ASSOCIATES Distributor MT,BALAJI ASSOCIATES Distributor MT,Dist.,The Derma Co.,Monthly dynamic Cont% (secondary-driven),2,Apr'26–May'26,57.54,15.07,100.0,Medium,Multi-chain distributor; split by secondary Cont% — validate (3 chains),,Y,Y,,,Validated (Cross-Ref),Balaji Associates Distributor MT,Balaji Associates Distributor MT,Keep,exact match on Ship-To Name against Confirmed row in CustomerCode_Zone_State_Mapping.csv (Customer Code 1103031),mtagent pbi audit (cross-ref CustomerCode_Zone_State_Mapping.csv),2026-07-14
Apollo,D.L. Sales - MT,D.L. Sales,Dist.,Aqualogica,Monthly dynamic Cont% (secondary-driven),6,Apr'25–Sep'25,19.93,3.63,44.67,Medium,Multi-chain distributor; split by secondary Cont% — validate (13 chains),,Y,Y,,,Validated (Cross-Ref),D.L. Sales - MT,D.L. Sales - MT,Keep,fuzzy match on Ship-To Name against Confirmed row in CustomerCode_Zone_State_Mapping.csv (Customer Code 1102945),mtagent pbi audit (cross-ref CustomerCode_Zone_State_Mapping.csv),2026-07-14
Apollo,D.L. Sales - MT,D.L. Sales,Dist.,Mamaearth,Monthly dynamic Cont% (secondary-driven),14,Apr'25–May'26,27.83,3.86,47.02,Medium,Multi-chain distributor; split by secondary Cont% — validate (13 chains),,Y,Y,,,Validated (Cross-Ref),D.L. Sales - MT,D.L. Sales - MT,Keep,fuzzy match on Ship-To Name against Confirmed row in CustomerCode_Zone_State_Mapping.csv (Customer Code 1102945),mtagent pbi audit (cross-ref CustomerCode_Zone_State_Mapping.csv),2026-07-14
Apollo,D.L. Sales - MT,D.L. Sales,Dist.,The Derma Co.,Monthly dynamic Cont% (secondary-driven),14,Apr'25–May'26,30.43,0.6,79.55,Medium,Multi-chain distributor; split by secondary Cont% — validate (13 chains),,Y,Y,,,Validated (Cross-Ref),D.L. Sales - MT,D.L. Sales - MT,Keep,fuzzy match on Ship-To Name against Confirmed row in CustomerCode_Zone_State_Mapping.csv (Customer Code 1102945),mtagent pbi audit (cross-ref CustomerCode_Zone_State_Mapping.csv),2026-07-14
Apollo,G.V Enterprises,G.V Enterprises,Dist.,Aqualogica,Monthly dynamic Cont% (secondary-driven),3,Apr'25–Jun'25,12.66,8.51,17.73,Medium,Multi-chain distributor; split by secondary Cont% — validate (4 chains),,Y,Y,,,Validated (Cross-Ref),G.V Enterprises,G.V Enterprises,Keep,fuzzy match on Ship-To Name against Confirmed row in CustomerCode_Zone_State_Mapping.csv (Customer Code 1101211),mtagent pbi audit (cross-ref CustomerCode_Zone_State_Mapping.csv),2026-07-14
Apollo,G.V Enterprises,G.V Enterprises,Dist.,Mamaearth,Monthly dynamic Cont% (secondary-driven),14,Apr'25–May'26,6.9,1.07,10.58,Medium,Multi-chain distributor; split by secondary Cont% — validate (4 chains),,Y,Y,,,Validated (Cross-Ref),G.V Enterprises,G.V Enterprises,Keep,fuzzy match on Ship-To Name against Confirmed row in CustomerCode_Zone_State_Mapping.csv (Customer Code 1101211),mtagent pbi audit (cross-ref CustomerCode_Zone_State_Mapping.csv),2026-07-14
Apollo,G.V Enterprises,G.V Enterprises,Dist.,The Derma Co.,Monthly dynamic Cont% (secondary-driven),13,Apr'25–May'26,35.37,5.23,63.77,Medium,Multi-chain distributor; split by secondary Cont% — validate (4 chains),,Y,Y,,,Validated (Cross-Ref),G.V Enterprises,G.V Enterprises,Keep,fuzzy match on Ship-To Name against Confirmed row in CustomerCode_Zone_State_Mapping.csv (Customer Code 1101211),mtagent pbi audit (cross-ref CustomerCode_Zone_State_Mapping.csv),2026-07-14
Apollo,M/S KOTTARAM BUSINESS CORPORATION-MT,M/S KOTTARAM BUSINESS CORPORATION,Dist.,Mamaearth,Monthly dynamic Cont% (secondary-driven),1,Apr'25–Apr'25,6.01,6.01,6.01,Medium,Multi-chain distributor; split by secondary Cont% — validate (3 chains),,Y,Y,,,Validated (Cross-Ref),M/S KOTTARAM BUSINESS,M/S KOTTARAM BUSINESS,Keep,exact match on Ship-To Name against Confirmed row in CustomerCode_Zone_State_Mapping.csv (Customer Code 1101841),mtagent pbi audit (cross-ref CustomerCode_Zone_State_Mapping.csv),2026-07-14
Apollo,M/S KOTTARAM BUSINESS CORPORATION-MT,M/S KOTTARAM BUSINESS CORPORATION,Dist.,The Derma Co.,Monthly dynamic Cont% (secondary-driven),1,Apr'25–Apr'25,13.08,13.08,13.08,Medium,Multi-chain distributor; split by secondary Cont% — validate (3 chains),,Y,Y,,,Validated (Cross-Ref),M/S KOTTARAM BUSINESS,M/S KOTTARAM BUSINESS,Keep,exact match on Ship-To Name against Confirmed row in CustomerCode_Zone_State_Mapping.csv (Customer Code 1101841),mtagent pbi audit (cross-ref CustomerCode_Zone_State_Mapping.csv),2026-07-14
Apollo,MARK ENTERPRISE,MARK ENTERPRISE,Dist.,Mamaearth,Monthly dynamic Cont% (secondary-driven),14,Apr'25–May'26,100.0,100.0,100.0,High,Distributor serving a single chain,,,,,,Validated (Cross-Ref),Mark Enterprise-Apollo,Mark Enterprise-Apollo,Keep,fuzzy match on Ship-To Name against Confirmed row in CustomerCode_Zone_State_Mapping.csv (Customer Code 1101535),mtagent pbi audit (cross-ref CustomerCode_Zone_State_Mapping.csv),2026-07-14
Apollo,MARK ENTERPRISE,MARK ENTERPRISE,Dist.,The Derma Co.,Monthly dynamic Cont% (secondary-driven),10,Aug'25–May'26,100.0,100.0,100.0,High,Distributor serving a single chain,,,,,,Validated (Cross-Ref),Mark Enterprise-Apollo,Mark Enterprise-Apollo,Keep,fuzzy match on Ship-To Name against Confirmed row in CustomerCode_Zone_State_Mapping.csv (Customer Code 1101535),mtagent pbi audit (cross-ref CustomerCode_Zone_State_Mapping.csv),2026-07-14
Apollo,PRAGATI SALES-Apollo,PRAGATI SALES-Apollo,Dist.,Mamaearth,Monthly dynamic Cont% (secondary-driven),13,Apr'25–May'26,100.0,100.0,100.0,High,Distributor serving a single chain,,,,,,Validated (Cross-Ref),PRAGATI SALES-Apollo,PRAGATI SALES-Apollo,Keep,fuzzy match on Ship-To Name against Confirmed row in CustomerCode_Zone_State_Mapping.csv (Customer Code 1103109),mtagent pbi audit (cross-ref CustomerCode_Zone_State_Mapping.csv),2026-07-14
Apollo,PRAGATI SALES-D-MART,PRAGATI SALES-D-MART,Dist.,Aqualogica,Monthly dynamic Cont% (secondary-driven),1,Mar'26–Mar'26,100.0,100.0,100.0,Medium,Multi-chain distributor; split by secondary Cont% — validate (2 chains),,Y,Y,,,Validated (Cross-Ref),PRAGATI SALES-D-MART,PRAGATI SALES-D-MART,Keep,fuzzy match on Ship-To Name against Confirmed row in CustomerCode_Zone_State_Mapping.csv (Customer Code 1103110),mtagent pbi audit (cross-ref CustomerCode_Zone_State_Mapping.csv),2026-07-14
Apollo,PRAGATI SALES-D-MART,PRAGATI SALES-D-MART,Dist.,Mamaearth,Monthly dynamic Cont% (secondary-driven),3,Feb'26–Apr'26,36.95,4.93,100.0,Medium,Multi-chain distributor; split by secondary Cont% — validate (2 chains),,Y,Y,,,Validated (Cross-Ref),PRAGATI SALES-D-MART,PRAGATI SALES-D-MART,Keep,fuzzy match on Ship-To Name against Confirmed row in CustomerCode_Zone_State_Mapping.csv (Customer Code 1103110),mtagent pbi audit (cross-ref CustomerCode_Zone_State_Mapping.csv),2026-07-14
Apollo,PRAGATI SALES-D-MART,PRAGATI SALES-D-MART,Dist.,The Derma Co.,Monthly dynamic Cont% (secondary-driven),1,Mar'26–Mar'26,100.0,100.0,100.0,Medium,Multi-chain distributor; split by secondary Cont% — validate (2 chains),,Y,Y,,,Validated (Cross-Ref),PRAGATI SALES-D-MART,PRAGATI SALES-D-MART,Keep,fuzzy match on Ship-To Name against Confirmed row in CustomerCode_Zone_State_Mapping.csv (Customer Code 1103110),mtagent pbi audit (cross-ref CustomerCode_Zone_State_Mapping.csv),2026-07-14
Apollo,Sri Vijaya Durga Agencies_Mt,Sri Vijaya Durga Agencies,Dist.,Aqualogica,Monthly dynamic Cont% (secondary-driven),3,Apr'25–Jun'25,13.21,6.22,25.82,Medium,Multi-chain distributor; split by secondary Cont% — validate (7 chains),,Y,Y,,,Validated (Cross-Ref),Sri Vijaya Durga Agencies,Sri Vijaya Durga Agencies,Keep,exact match on Ship-To Name against Confirmed row in CustomerCode_Zone_State_Mapping.csv (Customer Code 1101181),mtagent pbi audit (cross-ref CustomerCode_Zone_State_Mapping.csv),2026-07-14
Apollo,Sri Vijaya Durga Agencies_Mt,Sri Vijaya Durga Agencies,Dist.,Mamaearth,Monthly dynamic Cont% (secondary-driven),14,Apr'25–May'26,25.6,4.27,44.29,Medium,Multi-chain distributor; split by secondary Cont% — validate (7 chains),,Y,Y,,,Validated (Cross-Ref),Sri Vijaya Durga Agencies,Sri Vijaya Durga Agencies,Keep,exact match on Ship-To Name against Confirmed row in CustomerCode_Zone_State_Mapping.csv (Customer Code 1101181),mtagent pbi audit (cross-ref CustomerCode_Zone_State_Mapping.csv),2026-07-14
Apollo,Sri Vijaya Durga Agencies_Mt,Sri Vijaya Durga Agencies,Dist.,The Derma Co.,Monthly dynamic Cont% (secondary-driven),13,Apr'25–May'26,20.78,2.26,77.55,Medium,Multi-chain distributor; split by secondary Cont% — validate (7 chains),,Y,Y,,,Validated (Cross-Ref),Sri Vijaya Durga Agencies,Sri Vijaya Durga Agencies,Keep,exact match on Ship-To Name against Confirmed row in CustomerCode_Zone_State_Mapping.csv (Customer Code 1101181),mtagent pbi audit (cross-ref CustomerCode_Zone_State_Mapping.csv),2026-07-14
Apollo,United Marketing_Mt,United Marketing,Dist.,Mamaearth,Monthly dynamic Cont% (secondary-driven),2,Sep'25–Feb'26,100.0,100.0,100.0,High,Distributor serving a single chain; account has 2 ship-to variants/branches — confirm roll-up,,,,,Y,Validated (Cross-Ref),United Marketing,United Marketing,Merge,exact match on Ship-To Name against Confirmed row in CustomerCode_Zone_State_Mapping.csv (Customer Code 1101182),mtagent pbi audit (cross-ref CustomerCode_Zone_State_Mapping.csv),2026-07-14
Apollo,United Marketing_Mt,United Marketing,Dist.,The Derma Co.,Monthly dynamic Cont% (secondary-driven),1,Feb'26–Feb'26,100.0,100.0,100.0,High,Distributor serving a single chain; account has 2 ship-to variants/branches — confirm roll-up,,,,,Y,Validated (Cross-Ref),United Marketing,United Marketing,Merge,exact match on Ship-To Name against Confirmed row in CustomerCode_Zone_State_Mapping.csv (Customer Code 1101182),mtagent pbi audit (cross-ref CustomerCode_Zone_State_Mapping.csv),2026-07-14
Apollo,United Marketing_Mt-Ship to,United Marketing,Dist.,Mamaearth,Monthly dynamic Cont% (secondary-driven),14,Apr'25–May'26,100.0,100.0,100.0,High,Distributor serving a single chain; account has 2 ship-to variants/branches — confirm roll-up,,,,,Y,Validated (Cross-Ref),United Marketing,United Marketing,Merge,fuzzy match on Ship-To Name against Confirmed row in CustomerCode_Zone_State_Mapping.csv (Customer Code 1101182),mtagent pbi audit (cross-ref CustomerCode_Zone_State_Mapping.csv),2026-07-14
Apollo,VENKATESHWARA AGENCIES-TG,VENKATESHWARA AGENCIES,Dist.,Aqualogica,Monthly dynamic Cont% (secondary-driven),2,Apr'26–May'26,4.32,4.09,4.54,Medium,Multi-chain distributor; split by secondary Cont% — validate (8 chains),,Y,Y,,,Validated (Cross-Ref),VENKATESHWARA AGENCIES-TG,VENKATESHWARA AGENCIES-TG,Keep,exact match on Ship-To Name against Confirmed row in CustomerCode_Zone_State_Mapping.csv (Customer Code 1104539),mtagent pbi audit (cross-ref CustomerCode_Zone_State_Mapping.csv),2026-07-14
Apollo,VENKATESHWARA AGENCIES-TG,VENKATESHWARA AGENCIES,Dist.,BBlunt,Monthly dynamic Cont% (secondary-driven),2,Apr'26–May'26,22.66,15.64,29.67,Medium,Multi-chain distributor; split by secondary Cont% — validate (8 chains),,Y,Y,,,Validated (Cross-Ref),VENKATESHWARA AGENCIES-TG,VENKATESHWARA AGENCIES-TG,Keep,exact match on Ship-To Name against Confirmed row in CustomerCode_Zone_State_Mapping.csv (Customer Code 1104539),mtagent pbi audit (cross-ref CustomerCode_Zone_State_Mapping.csv),2026-07-14
Apollo,VENKATESHWARA AGENCIES-TG,VENKATESHWARA AGENCIES,Dist.,Mamaearth,Monthly dynamic Cont% (secondary-driven),6,Dec'25–May'26,22.59,0.04,47.96,Medium,Multi-chain distributor; split by secondary Cont% — validate (8 chains),,Y,Y,,,Validated (Cross-Ref),VENKATESHWARA AGENCIES-TG,VENKATESHWARA AGENCIES-TG,Keep,exact match on Ship-To Name against Confirmed row in CustomerCode_Zone_State_Mapping.csv (Customer Code 1104539),mtagent pbi audit (cross-ref CustomerCode_Zone_State_Mapping.csv),2026-07-14
Apollo,VENKATESHWARA AGENCIES-TG,VENKATESHWARA AGENCIES,Dist.,The Derma Co.,Monthly dynamic Cont% (secondary-driven),6,Dec'25–May'26,40.68,1.09,100.0,Medium,Multi-chain distributor; split by secondary Cont% — validate (8 chains),,Y,Y,,,Validated (Cross-Ref),VENKATESHWARA AGENCIES-TG,VENKATESHWARA AGENCIES-TG,Keep,exact match on Ship-To Name against Confirmed row in CustomerCode_Zone_State_Mapping.csv (Customer Code 1104539),mtagent pbi audit (cross-ref CustomerCode_Zone_State_Mapping.csv),2026-07-14
Apollo,Vanaja Agencies_Mt,Vanaja Agencies,Dist.,Aqualogica,Monthly dynamic Cont% (secondary-driven),6,Apr'25–Dec'25,10.82,3.62,22.87,Medium,Multi-chain distributor; split by secondary Cont% — validate (9 chains),,Y,Y,,,Validated (Cross-Ref),Vanaja Agencies-MT,Vanaja Agencies-MT,Keep,exact match on Ship-To Name against Confirmed row in CustomerCode_Zone_State_Mapping.csv (Customer Code 1100998),mtagent pbi audit (cross-ref CustomerCode_Zone_State_Mapping.csv),2026-07-14
Apollo,Vanaja Agencies_Mt,Vanaja Agencies,Dist.,Mamaearth,Monthly dynamic Cont% (secondary-driven),6,Apr'25–Dec'25,31.64,26.25,38.59,Medium,Multi-chain distributor; split by secondary Cont% — validate (9 chains),,Y,Y,,,Validated (Cross-Ref),Vanaja Agencies-MT,Vanaja Agencies-MT,Keep,exact match on Ship-To Name against Confirmed row in CustomerCode_Zone_State_Mapping.csv (Customer Code 1100998),mtagent pbi audit (cross-ref CustomerCode_Zone_State_Mapping.csv),2026-07-14
Apollo,Vanaja Agencies_Mt,Vanaja Agencies,Dist.,The Derma Co.,Monthly dynamic Cont% (secondary-driven),6,Apr'25–Dec'25,31.4,13.29,66.54,Medium,Multi-chain distributor; split by secondary Cont% — validate (9 chains),,Y,Y,,,Validated (Cross-Ref),Vanaja Agencies-MT,Vanaja Agencies-MT,Keep,exact match on Ship-To Name against Confirmed row in CustomerCode_Zone_State_Mapping.csv (Customer Code 1100998),mtagent pbi audit (cross-ref CustomerCode_Zone_State_Mapping.csv),2026-07-14
Arambagh,D.L. Sales - MT,D.L. Sales,Dist.,Aqualogica,Monthly dynamic Cont% (secondary-driven),2,Jul'25–Aug'25,29.08,24.19,33.97,Medium,Multi-chain distributor; split by secondary Cont% — validate (13 chains),,Y,Y,,,Validated (Cross-Ref),D.L. Sales - MT,D.L. Sales - MT,Keep,fuzzy match on Ship-To Name against Confirmed row in CustomerCode_Zone_State_Mapping.csv (Customer Code 1102945),mtagent pbi audit (cross-ref CustomerCode_Zone_State_Mapping.csv),2026-07-14
Arambagh,D.L. Sales - MT,D.L. Sales,Dist.,Mamaearth,Monthly dynamic Cont% (secondary-driven),14,Apr'25–May'26,7.93,1.27,23.42,Medium,Multi-chain distributor; split by secondary Cont% — validate (13 chains),,Y,Y,,,Validated (Cross-Ref),D.L. Sales - MT,D.L. Sales - MT,Keep,fuzzy match on Ship-To Name against Confirmed row in CustomerCode_Zone_State_Mapping.csv (Customer Code 1102945),mtagent pbi audit (cross-ref CustomerCode_Zone_State_Mapping.csv),2026-07-14
Arambagh,D.L. Sales - MT,D.L. Sales,Dist.,The Derma Co.,Monthly dynamic Cont% (secondary-driven),8,Jul'25–May'26,3.37,0.44,7.98,Medium,Multi-chain distributor; split by secondary Cont% — validate (13 chains),,Y,Y,,,Validated (Cross-Ref),D.L. Sales - MT,D.L. Sales - MT,Keep,fuzzy match on Ship-To Name against Confirmed row in CustomerCode_Zone_State_Mapping.csv (Customer Code 1102945),mtagent pbi audit (cross-ref CustomerCode_Zone_State_Mapping.csv),2026-07-14
Ascent Wellness,Aryan Wellness Private Limited(A unit of AWPSPL),Aryan Wellness Private Limited,Direct,Mamaearth,Monthly dynamic Cont% (secondary-driven),1,Jun'25–Jun'25,100.0,100.0,100.0,High,Direct ship-to → single chain (1:1),,,,,,Validated (High-Confidence Auto),Ascent Wellness,Aryan Wellness Private Limited,Keep,no Confirmed cross-reference found; auto-accepted as a direct 1:1 ship-to->chain mapping (High confidence per the file's own methodology),mtagent pbi audit (cross-ref CustomerCode_Zone_State_Mapping.csv),2026-07-14
Ascent Wellness,Ascent Wellness Pharma Solutions Pvt Ltd (A unit of AWPSPL),Ascent Wellness Pharma Solutions Pvt Ltd,Direct,Mamaearth,Monthly dynamic Cont% (secondary-driven),2,May'25–Jul'25,100.0,100.0,100.0,High,Direct ship-to → single chain (1:1),,,,,,Validated (Cross-Ref),Ascent Wellness,Ascent Wellness,Keep,fuzzy match on Ship-To Name against Confirmed row in CustomerCode_Zone_State_Mapping.csv (Customer Code 1100725),mtagent pbi audit (cross-ref CustomerCode_Zone_State_Mapping.csv),2026-07-14
Ascent Wellness,Ascent Wellness Pharma Solutions Pvt Ltd (A unit of AWPSPL),Ascent Wellness Pharma Solutions Pvt Ltd,Direct,The Derma Co.,Monthly dynamic Cont% (secondary-driven),2,May'25–Jul'25,100.0,100.0,100.0,High,Direct ship-to → single chain (1:1),,,,,,Validated (Cross-Ref),Ascent Wellness,Ascent Wellness,Keep,fuzzy match on Ship-To Name against Confirmed row in CustomerCode_Zone_State_Mapping.csv (Customer Code 1100725),mtagent pbi audit (cross-ref CustomerCode_Zone_State_Mapping.csv),2026-07-14
Ascent Wellness,D.C. Agencies Pvt Ltd(Mayapuri)(A unit of AWPSPL),D.C. Agencies Pvt Ltd,Direct,Mamaearth,Monthly dynamic Cont% (secondary-driven),1,Aug'25–Aug'25,100.0,100.0,100.0,High,Direct ship-to → single chain (1:1),,,,,,Validated (High-Confidence Auto),Ascent Wellness,D.C. Agencies Pvt Ltd,Keep,no Confirmed cross-reference found; auto-accepted as a direct 1:1 ship-to->chain mapping (High confidence per the file's own methodology),mtagent pbi audit (cross-ref CustomerCode_Zone_State_Mapping.csv),2026-07-14
Ascent Wellness,DC Agencies-Ascent,DC Agencies-Ascent,Direct,Mamaearth,Monthly dynamic Cont% (secondary-driven),2,Aug'25–Sep'25,100.0,100.0,100.0,High,Direct ship-to → single chain (1:1),,,,,,Validated (Cross-Ref),Ascent Wellness,Ascent Wellness,Keep,fuzzy match on Ship-To Name against Confirmed row in CustomerCode_Zone_State_Mapping.csv (Customer Code 1103050),mtagent pbi audit (cross-ref CustomerCode_Zone_State_Mapping.csv),2026-07-14
Ascent Wellness,DC Agencies-Ascent,DC Agencies-Ascent,Direct,The Derma Co.,Monthly dynamic Cont% (secondary-driven),1,Sep'25–Sep'25,100.0,100.0,100.0,High,Direct ship-to → single chain (1:1),,,,,,Validated (Cross-Ref),Ascent Wellness,Ascent Wellness,Keep,fuzzy match on Ship-To Name against Confirmed row in CustomerCode_Zone_State_Mapping.csv (Customer Code 1103050),mtagent pbi audit (cross-ref CustomerCode_Zone_State_Mapping.csv),2026-07-14
Ascent Wellness,Eastern Agencies Healthcare Pvt Ltd(A unit of AWPSPL),Eastern Agencies Healthcare Pvt Ltd,Direct,Mamaearth,Monthly dynamic Cont% (secondary-driven),1,Jul'25–Jul'25,100.0,100.0,100.0,High,Direct ship-to → single chain (1:1),,,,,,Validated (High-Confidence Auto),Ascent Wellness,Eastern Agencies Healthcare Pvt Ltd,Keep,no Confirmed cross-reference found; auto-accepted as a direct 1:1 ship-to->chain mapping (High confidence per the file's own methodology),mtagent pbi audit (cross-ref CustomerCode_Zone_State_Mapping.csv),2026-07-14
Ascent Wellness,Mahaveer Medi-Sales Private Limited(A unit of AWPSPL),Mahaveer Medi-Sales Private Limited,Direct,Mamaearth,Monthly dynamic Cont% (secondary-driven),4,Apr'25–Jul'25,100.0,100.0,100.0,High,Direct ship-to → single chain (1:1),,,,,,Validated (High-Confidence Auto),Ascent Wellness,Mahaveer Medi-Sales Private Limited,Keep,no Confirmed cross-reference found; auto-accepted as a direct 1:1 ship-to->chain mapping (High confidence per the file's own methodology),mtagent pbi audit (cross-ref CustomerCode_Zone_State_Mapping.csv),2026-07-14
Azorte,Reliance Retail Ltd (Azorte),Reliance Retail Ltd,Direct,Aqualogica,Monthly dynamic Cont% (secondary-driven),3,Sep'25–Nov'25,100.0,100.0,100.0,High,Direct ship-to → single chain (1:1); account has 2 ship-to variants/branches — confirm roll-up,,,,,Y,Validated (Cross-Ref),Reliance Retail-(Azorte),Reliance Retail-(Azorte),Merge,fuzzy match on Ship-To Name against Confirmed row in CustomerCode_Zone_State_Mapping.csv (Customer Code 1103798),mtagent pbi audit (cross-ref CustomerCode_Zone_State_Mapping.csv),2026-07-14
Azorte,Reliance Retail Ltd (Azorte),Reliance Retail Ltd,Direct,Mamaearth,Monthly dynamic Cont% (secondary-driven),3,Sep'25–Nov'25,100.0,100.0,100.0,High,Direct ship-to → single chain (1:1); account has 2 ship-to variants/branches — confirm roll-up,,,,,Y,Validated (Cross-Ref),Reliance Retail-(Azorte),Reliance Retail-(Azorte),Merge,fuzzy match on Ship-To Name against Confirmed row in CustomerCode_Zone_State_Mapping.csv (Customer Code 1103798),mtagent pbi audit (cross-ref CustomerCode_Zone_State_Mapping.csv),2026-07-14
Azorte,Reliance Retail Ltd (Azorte),Reliance Retail Ltd,Direct,The Derma Co.,Monthly dynamic Cont% (secondary-driven),3,Sep'25–Nov'25,100.0,100.0,100.0,High,Direct ship-to → single chain (1:1); account has 2 ship-to variants/branches — confirm roll-up,,,,,Y,Validated (Cross-Ref),Reliance Retail-(Azorte),Reliance Retail-(Azorte),Merge,fuzzy match on Ship-To Name against Confirmed row in CustomerCode_Zone_State_Mapping.csv (Customer Code 1103798),mtagent pbi audit (cross-ref CustomerCode_Zone_State_Mapping.csv),2026-07-14
Azorte,Reliance Retail Ltd (Azorte)_Shipto,Reliance Retail Ltd,Direct,Aqualogica,Monthly dynamic Cont% (secondary-driven),10,Aug'25–May'26,100.0,100.0,100.0,High,Direct ship-to → single chain (1:1); account has 2 ship-to variants/branches — confirm roll-up,,,,,Y,Validated (Cross-Ref),Reliance Retail-(Azorte),Reliance Retail-(Azorte),Merge,fuzzy match on Ship-To Name against Confirmed row in CustomerCode_Zone_State_Mapping.csv (Customer Code 1103799),mtagent pbi audit (cross-ref CustomerCode_Zone_State_Mapping.csv),2026-07-14
Azorte,Reliance Retail Ltd (Azorte)_Shipto,Reliance Retail Ltd,Direct,BBlunt,Monthly dynamic Cont% (secondary-driven),2,Sep'25–Oct'25,100.0,100.0,100.0,High,Direct ship-to → single chain (1:1); account has 2 ship-to variants/branches — confirm roll-up,,,,,Y,Validated (Cross-Ref),Reliance Retail-(Azorte),Reliance Retail-(Azorte),Merge,fuzzy match on Ship-To Name against Confirmed row in CustomerCode_Zone_State_Mapping.csv (Customer Code 1103799),mtagent pbi audit (cross-ref CustomerCode_Zone_State_Mapping.csv),2026-07-14
Azorte,Reliance Retail Ltd (Azorte)_Shipto,Reliance Retail Ltd,Direct,Dr. Sheth's,Monthly dynamic Cont% (secondary-driven),4,Sep'25–Mar'26,100.0,100.0,100.0,High,Direct ship-to → single chain (1:1); account has 2 ship-to variants/branches — confirm roll-up,,,,,Y,Validated (Cross-Ref),Reliance Retail-(Azorte),Reliance Retail-(Azorte),Merge,fuzzy match on Ship-To Name against Confirmed row in CustomerCode_Zone_State_Mapping.csv (Customer Code 1103799),mtagent pbi audit (cross-ref CustomerCode_Zone_State_Mapping.csv),2026-07-14
Azorte,Reliance Retail Ltd (Azorte)_Shipto,Reliance Retail Ltd,Direct,Mamaearth,Monthly dynamic Cont% (secondary-driven),11,May'25–May'26,100.0,100.0,100.0,High,Direct ship-to → single chain (1:1); account has 2 ship-to variants/branches — confirm roll-up,,,,,Y,Validated (Cross-Ref),Reliance Retail-(Azorte),Reliance Retail-(Azorte),Merge,fuzzy match on Ship-To Name against Confirmed row in CustomerCode_Zone_State_Mapping.csv (Customer Code 1103799),mtagent pbi audit (cross-ref CustomerCode_Zone_State_Mapping.csv),2026-07-14
Azorte,Reliance Retail Ltd (Azorte)_Shipto,Reliance Retail Ltd,Direct,The Derma Co.,Monthly dynamic Cont% (secondary-driven),11,May'25–May'26,100.0,100.0,100.0,High,Direct ship-to → single chain (1:1); account has 2 ship-to variants/branches — confirm roll-up,,,,,Y,Validated (Cross-Ref),Reliance Retail-(Azorte),Reliance Retail-(Azorte),Merge,fuzzy match on Ship-To Name against Confirmed row in CustomerCode_Zone_State_Mapping.csv (Customer Code 1103799),mtagent pbi audit (cross-ref CustomerCode_Zone_State_Mapping.csv),2026-07-14
B&N,Arc Foods And Beverages_Mt_H&G,Arc Foods And Beverages_Mt_H&G,Dist.,Aqualogica,Monthly dynamic Cont% (secondary-driven),1,Oct'25–Oct'25,14.84,14.84,14.84,Medium,Multi-chain distributor; split by secondary Cont% — validate (3 chains),,Y,Y,,,Validated (Cross-Ref),Arc Foods And Beverages,Arc Foods And Beverages,Keep,exact match on Ship-To Name against Confirmed row in CustomerCode_Zone_State_Mapping.csv (Customer Code 1101156),mtagent pbi audit (cross-ref CustomerCode_Zone_State_Mapping.csv),2026-07-14
B&N,Arc Foods And Beverages_Mt_H&G,Arc Foods And Beverages_Mt_H&G,Dist.,BBlunt,Monthly dynamic Cont% (secondary-driven),2,Aug'25–Oct'25,51.64,8.08,95.21,Medium,Multi-chain distributor; split by secondary Cont% — validate (3 chains),,Y,Y,,,Validated (Cross-Ref),Arc Foods And Beverages,Arc Foods And Beverages,Keep,exact match on Ship-To Name against Confirmed row in CustomerCode_Zone_State_Mapping.csv (Customer Code 1101156),mtagent pbi audit (cross-ref CustomerCode_Zone_State_Mapping.csv),2026-07-14
B&N,Arc Foods And Beverages_Mt_H&G,Arc Foods And Beverages_Mt_H&G,Dist.,Mamaearth,Monthly dynamic Cont% (secondary-driven),2,Aug'25–Oct'25,0.43,0.2,0.66,Medium,Multi-chain distributor; split by secondary Cont% — validate (3 chains),,Y,Y,,,Validated (Cross-Ref),Arc Foods And Beverages,Arc Foods And Beverages,Keep,exact match on Ship-To Name against Confirmed row in CustomerCode_Zone_State_Mapping.csv (Customer Code 1101156),mtagent pbi audit (cross-ref CustomerCode_Zone_State_Mapping.csv),2026-07-14
B&N,Arc Foods And Beverages_Mt_H&G,Arc Foods And Beverages_Mt_H&G,Dist.,The Derma Co.,Monthly dynamic Cont% (secondary-driven),2,Aug'25–Oct'25,0.54,0.53,0.55,Medium,Multi-chain distributor; split by secondary Cont% — validate (3 chains),,Y,Y,,,Validated (Cross-Ref),Arc Foods And Beverages,Arc Foods And Beverages,Keep,exact match on Ship-To Name against Confirmed row in CustomerCode_Zone_State_Mapping.csv (Customer Code 1101156),mtagent pbi audit (cross-ref CustomerCode_Zone_State_Mapping.csv),2026-07-14
B&N,Az Enterprises,Az Enterprises,Dist.,Aqualogica,Monthly dynamic Cont% (secondary-driven),5,Dec'25–May'26,4.61,-0.24,16.33,Low,Multi-chain distributor; split by secondary Cont% — validate (9 chains); account has 2 ship-to variants/branches — confirm roll-up; NEGATIVE NSV/Cont — review,Y,,Y,Y,Y,Validated (Cross-Ref),Az Enterprises-H&G,Az Enterprises-H&G,Merge,exact match on Ship-To Name against Confirmed row in CustomerCode_Zone_State_Mapping.csv (Customer Code 1100298),mtagent pbi audit (cross-ref CustomerCode_Zone_State_Mapping.csv),2026-07-14
B&N,Az Enterprises,Az Enterprises,Dist.,BBlunt,Monthly dynamic Cont% (secondary-driven),2,Apr'26–May'26,5.79,2.92,8.67,Medium,Multi-chain distributor; split by secondary Cont% — validate (9 chains); account has 2 ship-to variants/branches — confirm roll-up,,Y,Y,,Y,Validated (Cross-Ref),Az Enterprises-H&G,Az Enterprises-H&G,Merge,exact match on Ship-To Name against Confirmed row in CustomerCode_Zone_State_Mapping.csv (Customer Code 1100298),mtagent pbi audit (cross-ref CustomerCode_Zone_State_Mapping.csv),2026-07-14
B&N,Az Enterprises,Az Enterprises,Dist.,Mamaearth,Monthly dynamic Cont% (secondary-driven),4,Dec'25–May'26,0.35,0.06,0.76,Medium,Multi-chain distributor; split by secondary Cont% — validate (9 chains); account has 2 ship-to variants/branches — confirm roll-up,,Y,Y,,Y,Validated (Cross-Ref),Az Enterprises-H&G,Az Enterprises-H&G,Merge,exact match on Ship-To Name against Confirmed row in CustomerCode_Zone_State_Mapping.csv (Customer Code 1100298),mtagent pbi audit (cross-ref CustomerCode_Zone_State_Mapping.csv),2026-07-14
B&N,Az Enterprises,Az Enterprises,Dist.,The Derma Co.,Monthly dynamic Cont% (secondary-driven),4,Dec'25–May'26,0.77,0.38,1.23,Medium,Multi-chain distributor; split by secondary Cont% — validate (9 chains); account has 2 ship-to variants/branches — confirm roll-up,,Y,Y,,Y,Validated (Cross-Ref),Az Enterprises-H&G,Az Enterprises-H&G,Merge,exact match on Ship-To Name against Confirmed row in CustomerCode_Zone_State_Mapping.csv (Customer Code 1100298),mtagent pbi audit (cross-ref CustomerCode_Zone_State_Mapping.csv),2026-07-14
B&N,Az Enterprises(Apollo/More)Mt,Az Enterprises,Dist.,Aqualogica,Monthly dynamic Cont% (secondary-driven),2,Jul'25–Aug'25,12.21,4.81,19.6,Medium,Multi-chain distributor; split by secondary Cont% — validate (9 chains); account has 2 ship-to variants/branches — confirm roll-up,,Y,Y,,Y,Validated (Cross-Ref),Az Enterprises-MT,Az Enterprises-MT,Merge,exact match on Ship-To Name against Confirmed row in CustomerCode_Zone_State_Mapping.csv (Customer Code 1101158),mtagent pbi audit (cross-ref CustomerCode_Zone_State_Mapping.csv),2026-07-14
B&N,Az Enterprises(Apollo/More)Mt,Az Enterprises,Dist.,BBlunt,Monthly dynamic Cont% (secondary-driven),7,Jul'25–Feb'26,47.97,2.6,100.0,Medium,Multi-chain distributor; split by secondary Cont% — validate (9 chains); account has 2 ship-to variants/branches — confirm roll-up,,Y,Y,,Y,Validated (Cross-Ref),Az Enterprises-MT,Az Enterprises-MT,Merge,exact match on Ship-To Name against Confirmed row in CustomerCode_Zone_State_Mapping.csv (Customer Code 1101158),mtagent pbi audit (cross-ref CustomerCode_Zone_State_Mapping.csv),2026-07-14
B&N,Az Enterprises(Apollo/More)Mt,Az Enterprises,Dist.,Mamaearth,Monthly dynamic Cont% (secondary-driven),5,Jul'25–Feb'26,0.16,-0.02,0.46,Low,Multi-chain distributor; split by secondary Cont% — validate (9 chains); account has 2 ship-to variants/branches — confirm roll-up; NEGATIVE NSV/Cont — review,Y,,Y,Y,Y,Validated (Cross-Ref),Az Enterprises-MT,Az Enterprises-MT,Merge,exact match on Ship-To Name against Confirmed row in CustomerCode_Zone_State_Mapping.csv (Customer Code 1101158),mtagent pbi audit (cross-ref CustomerCode_Zone_State_Mapping.csv),2026-07-14
B&N,Az Enterprises(Apollo/More)Mt,Az Enterprises,Dist.,The Derma Co.,Monthly dynamic Cont% (secondary-driven),4,Jul'25–Feb'26,0.76,0.29,2.02,Medium,Multi-chain distributor; split by secondary Cont% — validate (9 chains); account has 2 ship-to variants/branches — confirm roll-up,,Y,Y,,Y,Validated (Cross-Ref),Az Enterprises-MT,Az Enterprises-MT,Merge,exact match on Ship-To Name against Confirmed row in CustomerCode_Zone_State_Mapping.csv (Customer Code 1101158),mtagent pbi audit (cross-ref CustomerCode_Zone_State_Mapping.csv),2026-07-14
B&N,VENKATESHWARA AGENCIES-TG,VENKATESHWARA AGENCIES,Dist.,Aqualogica,Monthly dynamic Cont% (secondary-driven),3,Jan'26–Mar'26,5.8,-4.35,14.93,Low,Multi-chain distributor; split by secondary Cont% — validate (8 chains); NEGATIVE NSV/Cont — review,Y,,Y,Y,,Validated (Cross-Ref),VENKATESHWARA AGENCIES-TG,VENKATESHWARA AGENCIES-TG,Keep,exact match on Ship-To Name against Confirmed row in CustomerCode_Zone_State_Mapping.csv (Customer Code 1104539),mtagent pbi audit (cross-ref CustomerCode_Zone_State_Mapping.csv),2026-07-14
B&N,VENKATESHWARA AGENCIES-TG,VENKATESHWARA AGENCIES,Dist.,BBlunt,Monthly dynamic Cont% (secondary-driven),3,Jan'26–Mar'26,17.45,-4.51,39.33,Low,Multi-chain distributor; split by secondary Cont% — validate (8 chains); NEGATIVE NSV/Cont — review,Y,,Y,Y,,Validated (Cross-Ref),VENKATESHWARA AGENCIES-TG,VENKATESHWARA AGENCIES-TG,Keep,exact match on Ship-To Name against Confirmed row in CustomerCode_Zone_State_Mapping.csv (Customer Code 1104539),mtagent pbi audit (cross-ref CustomerCode_Zone_State_Mapping.csv),2026-07-14
B&N,VENKATESHWARA AGENCIES-TG,VENKATESHWARA AGENCIES,Dist.,Mamaearth,Monthly dynamic Cont% (secondary-driven),3,Jan'26–Mar'26,0.45,-0.01,0.72,Low,Multi-chain distributor; split by secondary Cont% — validate (8 chains); NEGATIVE NSV/Cont — review,Y,,Y,Y,,Validated (Cross-Ref),VENKATESHWARA AGENCIES-TG,VENKATESHWARA AGENCIES-TG,Keep,exact match on Ship-To Name against Confirmed row in CustomerCode_Zone_State_Mapping.csv (Customer Code 1104539),mtagent pbi audit (cross-ref CustomerCode_Zone_State_Mapping.csv),2026-07-14
B&N,VENKATESHWARA AGENCIES-TG,VENKATESHWARA AGENCIES,Dist.,The Derma Co.,Monthly dynamic Cont% (secondary-driven),2,Jan'26–Feb'26,1.79,1.02,2.56,Medium,Multi-chain distributor; split by secondary Cont% — validate (8 chains),,Y,Y,,,Validated (Cross-Ref),VENKATESHWARA AGENCIES-TG,VENKATESHWARA AGENCIES-TG,Keep,exact match on Ship-To Name against Confirmed row in CustomerCode_Zone_State_Mapping.csv (Customer Code 1104539),mtagent pbi audit (cross-ref CustomerCode_Zone_State_Mapping.csv),2026-07-14
B&N,Vanaja Agencies_Mt,Vanaja Agencies,Dist.,Aqualogica,Monthly dynamic Cont% (secondary-driven),3,Jul'25–Dec'25,13.45,3.0,30.3,Medium,Multi-chain distributor; split by secondary Cont% — validate (9 chains),,Y,Y,,,Validated (Cross-Ref),Vanaja Agencies-MT,Vanaja Agencies-MT,Keep,exact match on Ship-To Name against Confirmed row in CustomerCode_Zone_State_Mapping.csv (Customer Code 1100998),mtagent pbi audit (cross-ref CustomerCode_Zone_State_Mapping.csv),2026-07-14
B&N,Vanaja Agencies_Mt,Vanaja Agencies,Dist.,BBlunt,Monthly dynamic Cont% (secondary-driven),3,Jul'25–Dec'25,52.74,19.46,100.0,Medium,Multi-chain distributor; split by secondary Cont% — validate (9 chains),,Y,Y,,,Validated (Cross-Ref),Vanaja Agencies-MT,Vanaja Agencies-MT,Keep,exact match on Ship-To Name against Confirmed row in CustomerCode_Zone_State_Mapping.csv (Customer Code 1100998),mtagent pbi audit (cross-ref CustomerCode_Zone_State_Mapping.csv),2026-07-14
B&N,Vanaja Agencies_Mt,Vanaja Agencies,Dist.,Mamaearth,Monthly dynamic Cont% (secondary-driven),3,Jul'25–Dec'25,0.35,0.1,0.82,Medium,Multi-chain distributor; split by secondary Cont% — validate (9 chains),,Y,Y,,,Validated (Cross-Ref),Vanaja Agencies-MT,Vanaja Agencies-MT,Keep,exact match on Ship-To Name against Confirmed row in CustomerCode_Zone_State_Mapping.csv (Customer Code 1100998),mtagent pbi audit (cross-ref CustomerCode_Zone_State_Mapping.csv),2026-07-14
B&N,Vanaja Agencies_Mt,Vanaja Agencies,Dist.,The Derma Co.,Monthly dynamic Cont% (secondary-driven),3,Jul'25–Dec'25,3.15,1.4,4.57,Medium,Multi-chain distributor; split by secondary Cont% — validate (9 chains),,Y,Y,,,Validated (Cross-Ref),Vanaja Agencies-MT,Vanaja Agencies-MT,Keep,exact match on Ship-To Name against Confirmed row in CustomerCode_Zone_State_Mapping.csv (Customer Code 1100998),mtagent pbi audit (cross-ref CustomerCode_Zone_State_Mapping.csv),2026-07-14
Broadway,THINK9 RETAIL PRIVATE LIMITED_Ship To,THINK9 RETAIL PRIVATE LIMITED,Direct,Aqualogica,Monthly dynamic Cont% (secondary-driven),1,Feb'26–Feb'26,100.0,100.0,100.0,High,Direct ship-to → single chain (1:1),,,,,,Validated (High-Confidence Auto),Broadway,THINK9 RETAIL PRIVATE LIMITED,Keep,no Confirmed cross-reference found; auto-accepted as a direct 1:1 ship-to->chain mapping (High confidence per the file's own methodology),mtagent pbi audit (cross-ref CustomerCode_Zone_State_Mapping.csv),2026-07-14
Broadway,THINK9 RETAIL PRIVATE LIMITED_Ship To,THINK9 RETAIL PRIVATE LIMITED,Direct,BBlunt,Monthly dynamic Cont% (secondary-driven),1,Feb'26–Feb'26,100.0,100.0,100.0,High,Direct ship-to → single chain (1:1),,,,,,Validated (High-Confidence Auto),Broadway,THINK9 RETAIL PRIVATE LIMITED,Keep,no Confirmed cross-reference found; auto-accepted as a direct 1:1 ship-to->chain mapping (High confidence per the file's own methodology),mtagent pbi audit (cross-ref CustomerCode_Zone_State_Mapping.csv),2026-07-14
Broadway,THINK9 RETAIL PRIVATE LIMITED_Ship To,THINK9 RETAIL PRIVATE LIMITED,Direct,Mamaearth,Monthly dynamic Cont% (secondary-driven),1,Feb'26–Feb'26,100.0,100.0,100.0,High,Direct ship-to → single chain (1:1),,,,,,Validated (High-Confidence Auto),Broadway,THINK9 RETAIL PRIVATE LIMITED,Keep,no Confirmed cross-reference found; auto-accepted as a direct 1:1 ship-to->chain mapping (High confidence per the file's own methodology),mtagent pbi audit (cross-ref CustomerCode_Zone_State_Mapping.csv),2026-07-14
Broadway,THINK9 RETAIL PRIVATE LIMITED_Ship To,THINK9 RETAIL PRIVATE LIMITED,Direct,STAZE,Monthly dynamic Cont% (secondary-driven),1,Feb'26–Feb'26,100.0,100.0,100.0,High,Direct ship-to → single chain (1:1),,,,,,Validated (High-Confidence Auto),Broadway,THINK9 RETAIL PRIVATE LIMITED,Keep,no Confirmed cross-reference found; auto-accepted as a direct 1:1 ship-to->chain mapping (High confidence per the file's own methodology),mtagent pbi audit (cross-ref CustomerCode_Zone_State_Mapping.csv),2026-07-14
Broadway,THINK9 RETAIL PRIVATE LIMITED_Ship To,THINK9 RETAIL PRIVATE LIMITED,Direct,The Derma Co.,Monthly dynamic Cont% (secondary-driven),1,Feb'26–Feb'26,100.0,100.0,100.0,High,Direct ship-to → single chain (1:1),,,,,,Validated (High-Confidence Auto),Broadway,THINK9 RETAIL PRIVATE LIMITED,Keep,no Confirmed cross-reference found; auto-accepted as a direct 1:1 ship-to->chain mapping (High confidence per the file's own methodology),mtagent pbi audit (cross-ref CustomerCode_Zone_State_Mapping.csv),2026-07-14
Broadway,Think9 Retail Private Ltd,Think9 Retail Private Ltd,Direct,Aqualogica,Monthly dynamic Cont% (secondary-driven),8,May'25–Feb'26,100.0,100.0,100.0,High,Direct ship-to → single chain (1:1),,,,,,Validated (Cross-Ref),Think9 Retail,Think9 Retail,Keep,fuzzy match on Ship-To Name against Confirmed row in CustomerCode_Zone_State_Mapping.csv (Customer Code 1103811),mtagent pbi audit (cross-ref CustomerCode_Zone_State_Mapping.csv),2026-07-14
Broadway,Think9 Retail Private Ltd,Think9 Retail Private Ltd,Direct,BBlunt,Monthly dynamic Cont% (secondary-driven),7,May'25–Feb'26,100.0,100.0,100.0,High,Direct ship-to → single chain (1:1),,,,,,Validated (Cross-Ref),Think9 Retail,Think9 Retail,Keep,fuzzy match on Ship-To Name against Confirmed row in CustomerCode_Zone_State_Mapping.csv (Customer Code 1103811),mtagent pbi audit (cross-ref CustomerCode_Zone_State_Mapping.csv),2026-07-14
Broadway,Think9 Retail Private Ltd,Think9 Retail Private Ltd,Direct,Mamaearth,Monthly dynamic Cont% (secondary-driven),7,May'25–Feb'26,100.0,100.0,100.0,High,Direct ship-to → single chain (1:1),,,,,,Validated (Cross-Ref),Think9 Retail,Think9 Retail,Keep,fuzzy match on Ship-To Name against Confirmed row in CustomerCode_Zone_State_Mapping.csv (Customer Code 1103811),mtagent pbi audit (cross-ref CustomerCode_Zone_State_Mapping.csv),2026-07-14
Broadway,Think9 Retail Private Ltd,Think9 Retail Private Ltd,Direct,STAZE,Monthly dynamic Cont% (secondary-driven),7,May'25–Feb'26,100.0,100.0,100.0,High,Direct ship-to → single chain (1:1),,,,,,Validated (Cross-Ref),Think9 Retail,Think9 Retail,Keep,fuzzy match on Ship-To Name against Confirmed row in CustomerCode_Zone_State_Mapping.csv (Customer Code 1103811),mtagent pbi audit (cross-ref CustomerCode_Zone_State_Mapping.csv),2026-07-14
Broadway,Think9 Retail Private Ltd,Think9 Retail Private Ltd,Direct,The Derma Co.,Monthly dynamic Cont% (secondary-driven),7,May'25–Feb'26,100.0,100.0,100.0,High,Direct ship-to → single chain (1:1),,,,,,Validated (Cross-Ref),Think9 Retail,Think9 Retail,Keep,fuzzy match on Ship-To Name against Confirmed row in CustomerCode_Zone_State_Mapping.csv (Customer Code 1103811),mtagent pbi audit (cross-ref CustomerCode_Zone_State_Mapping.csv),2026-07-14
Broadway,Think9 Retail Private Ltd_Bill To,Think9 Retail Private Ltd_Bill To,Direct,Aqualogica,Monthly dynamic Cont% (secondary-driven),7,Jun'25–Feb'26,100.0,100.0,100.0,High,Direct ship-to → single chain (1:1),,,,,,Validated (Cross-Ref),Think9 Retail,Think9 Retail,Keep,fuzzy match on Ship-To Name against Confirmed row in CustomerCode_Zone_State_Mapping.csv (Customer Code 1103812),mtagent pbi audit (cross-ref CustomerCode_Zone_State_Mapping.csv),2026-07-14
Broadway,Think9 Retail Private Ltd_Bill To,Think9 Retail Private Ltd_Bill To,Direct,BBlunt,Monthly dynamic Cont% (secondary-driven),6,Jun'25–Feb'26,100.0,100.0,100.0,High,Direct ship-to → single chain (1:1),,,,,,Validated (Cross-Ref),Think9 Retail,Think9 Retail,Keep,fuzzy match on Ship-To Name against Confirmed row in CustomerCode_Zone_State_Mapping.csv (Customer Code 1103812),mtagent pbi audit (cross-ref CustomerCode_Zone_State_Mapping.csv),2026-07-14
Broadway,Think9 Retail Private Ltd_Bill To,Think9 Retail Private Ltd_Bill To,Direct,Mamaearth,Monthly dynamic Cont% (secondary-driven),5,Jun'25–Jan'26,100.0,100.0,100.0,High,Direct ship-to → single chain (1:1),,,,,,Validated (Cross-Ref),Think9 Retail,Think9 Retail,Keep,fuzzy match on Ship-To Name against Confirmed row in CustomerCode_Zone_State_Mapping.csv (Customer Code 1103812),mtagent pbi audit (cross-ref CustomerCode_Zone_State_Mapping.csv),2026-07-14
Broadway,Think9 Retail Private Ltd_Bill To,Think9 Retail Private Ltd_Bill To,Direct,STAZE,Monthly dynamic Cont% (secondary-driven),6,Jun'25–Feb'26,100.0,100.0,100.0,High,Direct ship-to → single chain (1:1),,,,,,Validated (Cross-Ref),Think9 Retail,Think9 Retail,Keep,fuzzy match on Ship-To Name against Confirmed row in CustomerCode_Zone_State_Mapping.csv (Customer Code 1103812),mtagent pbi audit (cross-ref CustomerCode_Zone_State_Mapping.csv),2026-07-14
Broadway,Think9 Retail Private Ltd_Bill To,Think9 Retail Private Ltd_Bill To,Direct,The Derma Co.,Monthly dynamic Cont% (secondary-driven),6,Jun'25–Feb'26,100.0,100.0,100.0,High,Direct ship-to → single chain (1:1),,,,,,Validated (Cross-Ref),Think9 Retail,Think9 Retail,Keep,fuzzy match on Ship-To Name against Confirmed row in CustomerCode_Zone_State_Mapping.csv (Customer Code 1103812),mtagent pbi audit (cross-ref CustomerCode_Zone_State_Mapping.csv),2026-07-14
D-Mart,Avenue E Commerce Limited(Belapur),Avenue E Commerce Limited,Direct,Aqualogica,Monthly dynamic Cont% (secondary-driven),9,Apr'25–Dec'25,100.0,100.0,100.0,High,Direct ship-to → single chain (1:1); account has 7 ship-to variants/branches — confirm roll-up,,,,,,Validated (Cross-Ref),D-Mart-Store-E-Com,D-Mart-Offline,Keep,fuzzy match on Ship-To Name against Confirmed row in CustomerCode_Zone_State_Mapping.csv (Customer Code 1100537),mtagent pbi audit (cross-ref CustomerCode_Zone_State_Mapping.csv),2026-07-14
D-Mart,Avenue E Commerce Limited(Belapur),Avenue E Commerce Limited,Direct,The Derma Co.,Monthly dynamic Cont% (secondary-driven),9,Apr'25–Dec'25,100.0,100.0,100.0,High,Direct ship-to → single chain (1:1); account has 7 ship-to variants/branches — confirm roll-up,,,,,,Validated (Cross-Ref),D-Mart-Store-E-Com,D-Mart-Offline,Keep,fuzzy match on Ship-To Name against Confirmed row in CustomerCode_Zone_State_Mapping.csv (Customer Code 1100537),mtagent pbi audit (cross-ref CustomerCode_Zone_State_Mapping.csv),2026-07-14
D-Mart,Avenue E Commerce Limited(Ck Palya),Avenue E Commerce Limited,Direct,Aqualogica,Monthly dynamic Cont% (secondary-driven),3,Apr'25–Jul'25,100.0,100.0,100.0,High,Direct ship-to → single chain (1:1); account has 7 ship-to variants/branches — confirm roll-up,,,,,,Validated (Cross-Ref),D-Mart-Store-E-Com,D-Mart-Offline,Keep,fuzzy match on Ship-To Name against Confirmed row in CustomerCode_Zone_State_Mapping.csv (Customer Code 1100539),mtagent pbi audit (cross-ref CustomerCode_Zone_State_Mapping.csv),2026-07-14
D-Mart,Avenue E Commerce Limited(Ck Palya),Avenue E Commerce Limited,Direct,Dr. Sheth's,Monthly dynamic Cont% (secondary-driven),1,Dec'25–Dec'25,100.0,100.0,100.0,High,Direct ship-to → single chain (1:1); account has 7 ship-to variants/branches — confirm roll-up,,,,,,Validated (Cross-Ref),D-Mart-Store-E-Com,D-Mart-Offline,Keep,fuzzy match on Ship-To Name against Confirmed row in CustomerCode_Zone_State_Mapping.csv (Customer Code 1100539),mtagent pbi audit (cross-ref CustomerCode_Zone_State_Mapping.csv),2026-07-14
D-Mart,Avenue E Commerce Limited(Ck Palya),Avenue E Commerce Limited,Direct,The Derma Co.,Monthly dynamic Cont% (secondary-driven),4,Apr'25–Jul'25,100.0,100.0,100.0,High,Direct ship-to → single chain (1:1); account has 7 ship-to variants/branches — confirm roll-up,,,,,,Validated (Cross-Ref),D-Mart-Store-E-Com,D-Mart-Offline,Keep,fuzzy match on Ship-To Name against Confirmed row in CustomerCode_Zone_State_Mapping.csv (Customer Code 1100539),mtagent pbi audit (cross-ref CustomerCode_Zone_State_Mapping.csv),2026-07-14
D-Mart,Avenue E Commerce Limited(Kanjur),Avenue E Commerce Limited,Direct,Aqualogica,Monthly dynamic Cont% (secondary-driven),9,Apr'25–Dec'25,100.0,100.0,100.0,High,Direct ship-to → single chain (1:1); account has 7 ship-to variants/branches — confirm roll-up,,,,,,Validated (Cross-Ref),D-Mart-Store-E-Com,D-Mart-Offline,Keep,fuzzy match on Ship-To Name against Confirmed row in CustomerCode_Zone_State_Mapping.csv (Customer Code 1100489),mtagent pbi audit (cross-ref CustomerCode_Zone_State_Mapping.csv),2026-07-14
D-Mart,Avenue E Commerce Limited(Kanjur),Avenue E Commerce Limited,Direct,Dr. Sheth's,Monthly dynamic Cont% (secondary-driven),1,Dec'25–Dec'25,100.0,100.0,100.0,High,Direct ship-to → single chain (1:1); account has 7 ship-to variants/branches — confirm roll-up,,,,,,Validated (Cross-Ref),D-Mart-Store-E-Com,D-Mart-Offline,Keep,fuzzy match on Ship-To Name against Confirmed row in CustomerCode_Zone_State_Mapping.csv (Customer Code 1100489),mtagent pbi audit (cross-ref CustomerCode_Zone_State_Mapping.csv),2026-07-14
D-Mart,Avenue E Commerce Limited(Kanjur),Avenue E Commerce Limited,Direct,The Derma Co.,Monthly dynamic Cont% (secondary-driven),9,Apr'25–Dec'25,100.0,100.0,100.0,High,Direct ship-to → single chain (1:1); account has 7 ship-to variants/branches — confirm roll-up,,,,,,Validated (Cross-Ref),D-Mart-Store-E-Com,D-Mart-Offline,Keep,fuzzy match on Ship-To Name against Confirmed row in CustomerCode_Zone_State_Mapping.csv (Customer Code 1100489),mtagent pbi audit (cross-ref CustomerCode_Zone_State_Mapping.csv),2026-07-14
D-Mart,Avenue E Commerce Limited(Kiwale),Avenue E Commerce Limited,Direct,Aqualogica,Monthly dynamic Cont% (secondary-driven),11,Apr'25–May'26,100.0,100.0,100.0,High,Direct ship-to → single chain (1:1); account has 7 ship-to variants/branches — confirm roll-up,,,,,,Validated (High-Confidence Auto),D-Mart,Avenue E Commerce Limited,Keep,no Confirmed cross-reference found; auto-accepted as a direct 1:1 ship-to->chain mapping (High confidence per the file's own methodology),mtagent pbi audit (cross-ref CustomerCode_Zone_State_Mapping.csv),2026-07-14
D-Mart,Avenue E Commerce Limited(Kiwale),Avenue E Commerce Limited,Direct,Mamaearth,Monthly dynamic Cont% (secondary-driven),1,Jun'25–Jun'25,100.0,100.0,100.0,High,Direct ship-to → single chain (1:1); account has 7 ship-to variants/branches — confirm roll-up,,,,,,Validated (High-Confidence Auto),D-Mart,Avenue E Commerce Limited,Keep,no Confirmed cross-reference found; auto-accepted as a direct 1:1 ship-to->chain mapping (High confidence per the file's own methodology),mtagent pbi audit (cross-ref CustomerCode_Zone_State_Mapping.csv),2026-07-14
D-Mart,Avenue E Commerce Limited(Kiwale),Avenue E Commerce Limited,Direct,The Derma Co.,Monthly dynamic Cont% (secondary-driven),11,Apr'25–May'26,100.0,100.0,100.0,High,Direct ship-to → single chain (1:1); account has 7 ship-to variants/branches — confirm roll-up,,,,,,Validated (High-Confidence Auto),D-Mart,Avenue E Commerce Limited,Keep,no Confirmed cross-reference found; auto-accepted as a direct 1:1 ship-to->chain mapping (High confidence per the file's own methodology),mtagent pbi audit (cross-ref CustomerCode_Zone_State_Mapping.csv),2026-07-14
D-Mart,Avenue E Commerce Limited(Kushaiguda),Avenue E Commerce Limited,Direct,Aqualogica,Monthly dynamic Cont% (secondary-driven),2,Jun'25–Jul'25,100.0,100.0,100.0,High,Direct ship-to → single chain (1:1); account has 7 ship-to variants/branches — confirm roll-up,,,,,,Validated (High-Confidence Auto),D-Mart,Avenue E Commerce Limited,Keep,no Confirmed cross-reference found; auto-accepted as a direct 1:1 ship-to->chain mapping (High confidence per the file's own methodology),mtagent pbi audit (cross-ref CustomerCode_Zone_State_Mapping.csv),2026-07-14
D-Mart,Avenue E Commerce Limited(Kushaiguda),Avenue E Commerce Limited,Direct,The Derma Co.,Monthly dynamic Cont% (secondary-driven),2,Jun'25–Jul'25,100.0,100.0,100.0,High,Direct ship-to → single chain (1:1); account has 7 ship-to variants/branches — confirm roll-up,,,,,,Validated (High-Confidence Auto),D-Mart,Avenue E Commerce Limited,Keep,no Confirmed cross-reference found; auto-accepted as a direct 1:1 ship-to->chain mapping (High confidence per the file's own methodology),mtagent pbi audit (cross-ref CustomerCode_Zone_State_Mapping.csv),2026-07-14
D-Mart,Avenue E Commerce Limited(Mira Road) N2,Avenue E Commerce Limited,Direct,Aqualogica,Monthly dynamic Cont% (secondary-driven),9,Apr'25–Dec'25,100.0,100.0,100.0,High,Direct ship-to → single chain (1:1); account has 7 ship-to variants/branches — confirm roll-up,,,,,,Validated (Cross-Ref),D-Mart-Store-E-Com,D-Mart-Offline,Keep,fuzzy match on Ship-To Name against Confirmed row in CustomerCode_Zone_State_Mapping.csv (Customer Code 1100561),mtagent pbi audit (cross-ref CustomerCode_Zone_State_Mapping.csv),2026-07-14
D-Mart,Avenue E Commerce Limited(Mira Road) N2,Avenue E Commerce Limited,Direct,Dr. Sheth's,Monthly dynamic Cont% (secondary-driven),1,Dec'25–Dec'25,100.0,100.0,100.0,High,Direct ship-to → single chain (1:1); account has 7 ship-to variants/branches — confirm roll-up,,,,,,Validated (Cross-Ref),D-Mart-Store-E-Com,D-Mart-Offline,Keep,fuzzy match on Ship-To Name against Confirmed row in CustomerCode_Zone_State_Mapping.csv (Customer Code 1100561),mtagent pbi audit (cross-ref CustomerCode_Zone_State_Mapping.csv),2026-07-14
D-Mart,Avenue E Commerce Limited(Mira Road) N2,Avenue E Commerce Limited,Direct,Mamaearth,Monthly dynamic Cont% (secondary-driven),1,Jun'25–Jun'25,100.0,100.0,100.0,High,Direct ship-to → single chain (1:1); account has 7 ship-to variants/branches — confirm roll-up,,,,,,Validated (Cross-Ref),D-Mart-Store-E-Com,D-Mart-Offline,Keep,fuzzy match on Ship-To Name against Confirmed row in CustomerCode_Zone_State_Mapping.csv (Customer Code 1100561),mtagent pbi audit (cross-ref CustomerCode_Zone_State_Mapping.csv),2026-07-14
D-Mart,Avenue E Commerce Limited(Mira Road) N2,Avenue E Commerce Limited,Direct,The Derma Co.,Monthly dynamic Cont% (secondary-driven),10,Apr'25–Mar'26,100.0,100.0,100.0,High,Direct ship-to → single chain (1:1); account has 7 ship-to variants/branches — confirm roll-up,,,,,,Validated (Cross-Ref),D-Mart-Store-E-Com,D-Mart-Offline,Keep,fuzzy match on Ship-To Name against Confirmed row in CustomerCode_Zone_State_Mapping.csv (Customer Code 1100561),mtagent pbi audit (cross-ref CustomerCode_Zone_State_Mapping.csv),2026-07-14
D-Mart,Avenue E Commerce Limited(Nahur),Avenue E Commerce Limited,Direct,Aqualogica,Monthly dynamic Cont% (secondary-driven),9,Apr'25–Dec'25,100.0,100.0,100.0,High,Direct ship-to → single chain (1:1); account has 7 ship-to variants/branches — confirm roll-up,,,,,,Validated (High-Confidence Auto),D-Mart,Avenue E Commerce Limited,Keep,no Confirmed cross-reference found; auto-accepted as a direct 1:1 ship-to->chain mapping (High confidence per the file's own methodology),mtagent pbi audit (cross-ref CustomerCode_Zone_State_Mapping.csv),2026-07-14
D-Mart,Avenue E Commerce Limited(Nahur),Avenue E Commerce Limited,Direct,Dr. Sheth's,Monthly dynamic Cont% (secondary-driven),1,Dec'25–Dec'25,100.0,100.0,100.0,High,Direct ship-to → single chain (1:1); account has 7 ship-to variants/branches — confirm roll-up,,,,,,Validated (High-Confidence Auto),D-Mart,Avenue E Commerce Limited,Keep,no Confirmed cross-reference found; auto-accepted as a direct 1:1 ship-to->chain mapping (High confidence per the file's own methodology),mtagent pbi audit (cross-ref CustomerCode_Zone_State_Mapping.csv),2026-07-14
D-Mart,Avenue E Commerce Limited(Nahur),Avenue E Commerce Limited,Direct,The Derma Co.,Monthly dynamic Cont% (secondary-driven),9,Apr'25–Dec'25,100.0,100.0,100.0,High,Direct ship-to → single chain (1:1); account has 7 ship-to variants/branches — confirm roll-up,,,,,,Validated (High-Confidence Auto),D-Mart,Avenue E Commerce Limited,Keep,no Confirmed cross-reference found; auto-accepted as a direct 1:1 ship-to->chain mapping (High confidence per the file's own methodology),mtagent pbi audit (cross-ref CustomerCode_Zone_State_Mapping.csv),2026-07-14
D-Mart,Avenue E Commerce Limited_3826,Avenue E Commerce Limited_3826,Direct,Aqualogica,Monthly dynamic Cont% (secondary-driven),9,Apr'25–Apr'26,100.0,100.0,100.0,High,Direct ship-to → single chain (1:1),,,,,,Validated (High-Confidence Auto),D-Mart,Avenue E Commerce Limited_3826,Keep,no Confirmed cross-reference found; auto-accepted as a direct 1:1 ship-to->chain mapping (High confidence per the file's own methodology),mtagent pbi audit (cross-ref CustomerCode_Zone_State_Mapping.csv),2026-07-14
D-Mart,Avenue E Commerce Limited_3826,Avenue E Commerce Limited_3826,Direct,The Derma Co.,Monthly dynamic Cont% (secondary-driven),9,Apr'25–Apr'26,100.0,100.0,100.0,High,Direct ship-to → single chain (1:1),,,,,,Validated (High-Confidence Auto),D-Mart,Avenue E Commerce Limited_3826,Keep,no Confirmed cross-reference found; auto-accepted as a direct 1:1 ship-to->chain mapping (High confidence per the file's own methodology),mtagent pbi audit (cross-ref CustomerCode_Zone_State_Mapping.csv),2026-07-14
D-Mart,Avenue E Commerce Limited_GachibowlI,Avenue E Commerce Limited_GachibowlI,Direct,Aqualogica,Monthly dynamic Cont% (secondary-driven),2,Apr'25–Jun'25,100.0,100.0,100.0,High,Direct ship-to → single chain (1:1),,,,,,Validated (Cross-Ref),D-Mart-Store-E-Com,D-Mart-Offline,Keep,fuzzy match on Ship-To Name against Confirmed row in CustomerCode_Zone_State_Mapping.csv (Customer Code 1101074),mtagent pbi audit (cross-ref CustomerCode_Zone_State_Mapping.csv),2026-07-14
D-Mart,Avenue E Commerce Limited_GachibowlI,Avenue E Commerce Limited_GachibowlI,Direct,Mamaearth,Monthly dynamic Cont% (secondary-driven),1,Jun'25–Jun'25,100.0,100.0,100.0,High,Direct ship-to → single chain (1:1),,,,,,Validated (Cross-Ref),D-Mart-Store-E-Com,D-Mart-Offline,Keep,fuzzy match on Ship-To Name against Confirmed row in CustomerCode_Zone_State_Mapping.csv (Customer Code 1101074),mtagent pbi audit (cross-ref CustomerCode_Zone_State_Mapping.csv),2026-07-14
D-Mart,Avenue E Commerce Limited_GachibowlI,Avenue E Commerce Limited_GachibowlI,Direct,The Derma Co.,Monthly dynamic Cont% (secondary-driven),3,Apr'25–Jul'25,100.0,100.0,100.0,High,Direct ship-to → single chain (1:1),,,,,,Validated (Cross-Ref),D-Mart-Store-E-Com,D-Mart-Offline,Keep,fuzzy match on Ship-To Name against Confirmed row in CustomerCode_Zone_State_Mapping.csv (Customer Code 1101074),mtagent pbi audit (cross-ref CustomerCode_Zone_State_Mapping.csv),2026-07-14
D-Mart,Avenue E Commerce Limited_Panvel-2,Avenue E Commerce Limited_Panvel-2,Direct,Aqualogica,Monthly dynamic Cont% (secondary-driven),9,Apr'25–Jan'26,100.0,100.0,100.0,High,Direct ship-to → single chain (1:1),,,,,,Validated (Cross-Ref),D-Mart-Store-E-Com,D-Mart-Offline,Keep,fuzzy match on Ship-To Name against Confirmed row in CustomerCode_Zone_State_Mapping.csv (Customer Code 1100947),mtagent pbi audit (cross-ref CustomerCode_Zone_State_Mapping.csv),2026-07-14
D-Mart,Avenue E Commerce Limited_Panvel-2,Avenue E Commerce Limited_Panvel-2,Direct,The Derma Co.,Monthly dynamic Cont% (secondary-driven),9,Apr'25–Jan'26,100.0,100.0,100.0,High,Direct ship-to → single chain (1:1),,,,,,Validated (Cross-Ref),D-Mart-Store-E-Com,D-Mart-Offline,Keep,fuzzy match on Ship-To Name against Confirmed row in CustomerCode_Zone_State_Mapping.csv (Customer Code 1100947),mtagent pbi audit (cross-ref CustomerCode_Zone_State_Mapping.csv),2026-07-14
D-Mart,Avenue E Commerce Ltd -  IAA0-KanadiaFC-MP,Avenue E Commerce Ltd - IAA0-KanadiaFC-MP,Direct,Aqualogica,Monthly dynamic Cont% (secondary-driven),6,Jun'25–Apr'26,100.0,100.0,100.0,High,Direct ship-to → single chain (1:1),,,,,,Validated (Cross-Ref),D-Mart-Store-E-Com,D-Mart-Offline,Keep,exact match on Ship-To Name against Confirmed row in CustomerCode_Zone_State_Mapping.csv (Customer Code 1104006),mtagent pbi audit (cross-ref CustomerCode_Zone_State_Mapping.csv),2026-07-14
D-Mart,Avenue E Commerce Ltd -  IAA0-KanadiaFC-MP,Avenue E Commerce Ltd - IAA0-KanadiaFC-MP,Direct,Mamaearth,Monthly dynamic Cont% (secondary-driven),1,Jun'25–Jun'25,100.0,100.0,100.0,High,Direct ship-to → single chain (1:1),,,,,,Validated (Cross-Ref),D-Mart-Store-E-Com,D-Mart-Offline,Keep,exact match on Ship-To Name against Confirmed row in CustomerCode_Zone_State_Mapping.csv (Customer Code 1104006),mtagent pbi audit (cross-ref CustomerCode_Zone_State_Mapping.csv),2026-07-14
D-Mart,Avenue E Commerce Ltd -  IAA0-KanadiaFC-MP,Avenue E Commerce Ltd - IAA0-KanadiaFC-MP,Direct,The Derma Co.,Monthly dynamic Cont% (secondary-driven),6,Jun'25–Apr'26,100.0,100.0,100.0,High,Direct ship-to → single chain (1:1),,,,,,Validated (Cross-Ref),D-Mart-Store-E-Com,D-Mart-Offline,Keep,exact match on Ship-To Name against Confirmed row in CustomerCode_Zone_State_Mapping.csv (Customer Code 1104006),mtagent pbi audit (cross-ref CustomerCode_Zone_State_Mapping.csv),2026-07-14
D-Mart,"Avenue E Commerce Ltd -ABC0, Wadki FC-Pune","Avenue E Commerce Ltd -ABC0, Wadki FC-Pune",Direct,Aqualogica,Monthly dynamic Cont% (secondary-driven),4,Jul'25–Mar'26,100.0,100.0,100.0,High,Direct ship-to → single chain (1:1),,,,,,Validated (Cross-Ref),D-Mart-Store-E-Com,D-Mart-Offline,Keep,exact match on Ship-To Name against Confirmed row in CustomerCode_Zone_State_Mapping.csv (Customer Code 1103917),mtagent pbi audit (cross-ref CustomerCode_Zone_State_Mapping.csv),2026-07-14
D-Mart,"Avenue E Commerce Ltd -ABC0, Wadki FC-Pune","Avenue E Commerce Ltd -ABC0, Wadki FC-Pune",Direct,The Derma Co.,Monthly dynamic Cont% (secondary-driven),6,Jul'25–Apr'26,100.0,100.0,100.0,High,Direct ship-to → single chain (1:1),,,,,,Validated (Cross-Ref),D-Mart-Store-E-Com,D-Mart-Offline,Keep,exact match on Ship-To Name against Confirmed row in CustomerCode_Zone_State_Mapping.csv (Customer Code 1103917),mtagent pbi audit (cross-ref CustomerCode_Zone_State_Mapping.csv),2026-07-14
D-Mart,Avenue E Commerce Ltd -ABF0Mazgaon FC-Mumbai,Avenue E Commerce Ltd -ABF0Mazgaon FC-Mumbai,Direct,Aqualogica,Monthly dynamic Cont% (secondary-driven),1,Nov'25–Nov'25,100.0,100.0,100.0,High,Direct ship-to → single chain (1:1),,,,,,Validated (Cross-Ref),D-Mart-Store-E-Com,D-Mart-Offline,Keep,fuzzy match on Ship-To Name against Confirmed row in CustomerCode_Zone_State_Mapping.csv (Customer Code 1104377),mtagent pbi audit (cross-ref CustomerCode_Zone_State_Mapping.csv),2026-07-14
D-Mart,Avenue E Commerce Ltd -ABF0Mazgaon FC-Mumbai,Avenue E Commerce Ltd -ABF0Mazgaon FC-Mumbai,Direct,The Derma Co.,Monthly dynamic Cont% (secondary-driven),1,Nov'25–Nov'25,100.0,100.0,100.0,High,Direct ship-to → single chain (1:1),,,,,,Validated (Cross-Ref),D-Mart-Store-E-Com,D-Mart-Offline,Keep,fuzzy match on Ship-To Name against Confirmed row in CustomerCode_Zone_State_Mapping.csv (Customer Code 1104377),mtagent pbi audit (cross-ref CustomerCode_Zone_State_Mapping.csv),2026-07-14
D-Mart,Avenue E Commerce Ltd -ABG0-Kondhwa FC,Avenue E Commerce Ltd -ABG0-Kondhwa FC,Direct,Aqualogica,Monthly dynamic Cont% (secondary-driven),3,Dec'25–Mar'26,100.0,100.0,100.0,High,Direct ship-to → single chain (1:1),,,,,,Validated (High-Confidence Auto),D-Mart,Avenue E Commerce Ltd -ABG0-Kondhwa FC,Keep,no Confirmed cross-reference found; auto-accepted as a direct 1:1 ship-to->chain mapping (High confidence per the file's own methodology),mtagent pbi audit (cross-ref CustomerCode_Zone_State_Mapping.csv),2026-07-14
D-Mart,Avenue E Commerce Ltd -ABG0-Kondhwa FC,Avenue E Commerce Ltd -ABG0-Kondhwa FC,Direct,The Derma Co.,Monthly dynamic Cont% (secondary-driven),3,Dec'25–Mar'26,100.0,100.0,100.0,High,Direct ship-to → single chain (1:1),,,,,,Validated (High-Confidence Auto),D-Mart,Avenue E Commerce Ltd -ABG0-Kondhwa FC,Keep,no Confirmed cross-reference found; auto-accepted as a direct 1:1 ship-to->chain mapping (High confidence per the file's own methodology),mtagent pbi audit (cross-ref CustomerCode_Zone_State_Mapping.csv),2026-07-14
D-Mart,Avenue E Commerce Ltd -AE00-IFC-Kukse,Avenue E Commerce Ltd -AE00-IFC-Kukse,Direct,Aqualogica,Monthly dynamic Cont% (secondary-driven),5,Jan'26–May'26,100.0,100.0,100.0,High,Direct ship-to → single chain (1:1),,,,,,Validated (High-Confidence Auto),D-Mart,Avenue E Commerce Ltd -AE00-IFC-Kukse,Keep,no Confirmed cross-reference found; auto-accepted as a direct 1:1 ship-to->chain mapping (High confidence per the file's own methodology),mtagent pbi audit (cross-ref CustomerCode_Zone_State_Mapping.csv),2026-07-14
D-Mart,Avenue E Commerce Ltd -AE00-IFC-Kukse,Avenue E Commerce Ltd -AE00-IFC-Kukse,Direct,Dr. Sheth's,Monthly dynamic Cont% (secondary-driven),1,May'26–May'26,100.0,100.0,100.0,High,Direct ship-to → single chain (1:1),,,,,,Validated (High-Confidence Auto),D-Mart,Avenue E Commerce Ltd -AE00-IFC-Kukse,Keep,no Confirmed cross-reference found; auto-accepted as a direct 1:1 ship-to->chain mapping (High confidence per the file's own methodology),mtagent pbi audit (cross-ref CustomerCode_Zone_State_Mapping.csv),2026-07-14
D-Mart,Avenue E Commerce Ltd -AE00-IFC-Kukse,Avenue E Commerce Ltd -AE00-IFC-Kukse,Direct,The Derma Co.,Monthly dynamic Cont% (secondary-driven),5,Jan'26–May'26,100.0,100.0,100.0,High,Direct ship-to → single chain (1:1),,,,,,Validated (High-Confidence Auto),D-Mart,Avenue E Commerce Ltd -AE00-IFC-Kukse,Keep,no Confirmed cross-reference found; auto-accepted as a direct 1:1 ship-to->chain mapping (High confidence per the file's own methodology),mtagent pbi audit (cross-ref CustomerCode_Zone_State_Mapping.csv),2026-07-14
D-Mart,Avenue E Commerce Ltd -Andheri FC,Avenue E Commerce Ltd -Andheri FC,Direct,Aqualogica,Monthly dynamic Cont% (secondary-driven),4,May'25–Nov'25,100.0,100.0,100.0,High,Direct ship-to → single chain (1:1),,,,,,Validated (High-Confidence Auto),D-Mart,Avenue E Commerce Ltd -Andheri FC,Keep,no Confirmed cross-reference found; auto-accepted as a direct 1:1 ship-to->chain mapping (High confidence per the file's own methodology),mtagent pbi audit (cross-ref CustomerCode_Zone_State_Mapping.csv),2026-07-14
D-Mart,Avenue E Commerce Ltd -Andheri FC,Avenue E Commerce Ltd -Andheri FC,Direct,The Derma Co.,Monthly dynamic Cont% (secondary-driven),6,May'25–Dec'25,100.0,100.0,100.0,High,Direct ship-to → single chain (1:1),,,,,,Validated (High-Confidence Auto),D-Mart,Avenue E Commerce Ltd -Andheri FC,Keep,no Confirmed cross-reference found; auto-accepted as a direct 1:1 ship-to->chain mapping (High confidence per the file's own methodology),mtagent pbi audit (cross-ref CustomerCode_Zone_State_Mapping.csv),2026-07-14
D-Mart,Avenue E Commerce Ltd -Bachupally FC,Avenue E Commerce Ltd -Bachupally FC,Direct,Aqualogica,Monthly dynamic Cont% (secondary-driven),1,Apr'25–Apr'25,100.0,100.0,100.0,High,Direct ship-to → single chain (1:1),,,,,,Validated (Cross-Ref),D-Mart-Store-E-Com,D-Mart-Offline,Keep,exact match on Ship-To Name against Confirmed row in CustomerCode_Zone_State_Mapping.csv (Customer Code 1103524),mtagent pbi audit (cross-ref CustomerCode_Zone_State_Mapping.csv),2026-07-14
D-Mart,Avenue E Commerce Ltd -Bachupally FC,Avenue E Commerce Ltd -Bachupally FC,Direct,The Derma Co.,Monthly dynamic Cont% (secondary-driven),3,Apr'25–Jul'25,100.0,100.0,100.0,High,Direct ship-to → single chain (1:1),,,,,,Validated (Cross-Ref),D-Mart-Store-E-Com,D-Mart-Offline,Keep,exact match on Ship-To Name against Confirmed row in CustomerCode_Zone_State_Mapping.csv (Customer Code 1103524),mtagent pbi audit (cross-ref CustomerCode_Zone_State_Mapping.csv),2026-07-14
D-Mart,Avenue E Commerce Ltd -Ganguru FC,Avenue E Commerce Ltd -Ganguru FC,Direct,Aqualogica,Monthly dynamic Cont% (secondary-driven),1,Apr'25–Apr'25,100.0,100.0,100.0,High,Direct ship-to → single chain (1:1),,,,,,Validated (Cross-Ref),D-Mart-Store-E-Com,D-Mart-Offline,Keep,exact match on Ship-To Name against Confirmed row in CustomerCode_Zone_State_Mapping.csv (Customer Code 1103730),mtagent pbi audit (cross-ref CustomerCode_Zone_State_Mapping.csv),2026-07-14
D-Mart,Avenue E Commerce Ltd -Ganguru FC,Avenue E Commerce Ltd -Ganguru FC,Direct,Mamaearth,Monthly dynamic Cont% (secondary-driven),1,Jun'25–Jun'25,100.0,100.0,100.0,High,Direct ship-to → single chain (1:1),,,,,,Validated (Cross-Ref),D-Mart-Store-E-Com,D-Mart-Offline,Keep,exact match on Ship-To Name against Confirmed row in CustomerCode_Zone_State_Mapping.csv (Customer Code 1103730),mtagent pbi audit (cross-ref CustomerCode_Zone_State_Mapping.csv),2026-07-14
D-Mart,Avenue E Commerce Ltd -Ganguru FC,Avenue E Commerce Ltd -Ganguru FC,Direct,The Derma Co.,Monthly dynamic Cont% (secondary-driven),1,Jun'25–Jun'25,100.0,100.0,100.0,High,Direct ship-to → single chain (1:1),,,,,,Validated (Cross-Ref),D-Mart-Store-E-Com,D-Mart-Offline,Keep,exact match on Ship-To Name against Confirmed row in CustomerCode_Zone_State_Mapping.csv (Customer Code 1103730),mtagent pbi audit (cross-ref CustomerCode_Zone_State_Mapping.csv),2026-07-14
D-Mart,"Avenue E Commerce Ltd -IAB0-AyodhyaBypass FC, MP","Avenue E Commerce Ltd -IAB0-AyodhyaBypass FC, MP",Direct,Aqualogica,Monthly dynamic Cont% (secondary-driven),6,Jun'25–May'26,100.0,100.0,100.0,High,Direct ship-to → single chain (1:1),,,,,,Validated (Cross-Ref),D-Mart-Store-E-Com,D-Mart-Offline,Keep,exact match on Ship-To Name against Confirmed row in CustomerCode_Zone_State_Mapping.csv (Customer Code 1104005),mtagent pbi audit (cross-ref CustomerCode_Zone_State_Mapping.csv),2026-07-14
D-Mart,"Avenue E Commerce Ltd -IAB0-AyodhyaBypass FC, MP","Avenue E Commerce Ltd -IAB0-AyodhyaBypass FC, MP",Direct,The Derma Co.,Monthly dynamic Cont% (secondary-driven),7,Jun'25–May'26,100.0,100.0,100.0,High,Direct ship-to → single chain (1:1),,,,,,Validated (Cross-Ref),D-Mart-Store-E-Com,D-Mart-Offline,Keep,exact match on Ship-To Name against Confirmed row in CustomerCode_Zone_State_Mapping.csv (Customer Code 1104005),mtagent pbi audit (cross-ref CustomerCode_Zone_State_Mapping.csv),2026-07-14
D-Mart,Avenue E Commerce Ltd -Kancharapalem FC,Avenue E Commerce Ltd -Kancharapalem FC,Direct,Aqualogica,Monthly dynamic Cont% (secondary-driven),3,Apr'25–Nov'25,100.0,100.0,100.0,High,Direct ship-to → single chain (1:1),,,,,,Validated (Cross-Ref),D-Mart-Store-E-Com,D-Mart-Offline,Keep,exact match on Ship-To Name against Confirmed row in CustomerCode_Zone_State_Mapping.csv (Customer Code 1103731),mtagent pbi audit (cross-ref CustomerCode_Zone_State_Mapping.csv),2026-07-14
D-Mart,Avenue E Commerce Ltd -Kancharapalem FC,Avenue E Commerce Ltd -Kancharapalem FC,Direct,The Derma Co.,Monthly dynamic Cont% (secondary-driven),4,Apr'25–Nov'25,100.0,100.0,100.0,High,Direct ship-to → single chain (1:1),,,,,,Validated (Cross-Ref),D-Mart-Store-E-Com,D-Mart-Offline,Keep,exact match on Ship-To Name against Confirmed row in CustomerCode_Zone_State_Mapping.csv (Customer Code 1103731),mtagent pbi audit (cross-ref CustomerCode_Zone_State_Mapping.csv),2026-07-14
D-Mart,Avenue E Commerce Ltd -Kurla FC,Avenue E Commerce Ltd -Kurla FC,Direct,Aqualogica,Monthly dynamic Cont% (secondary-driven),7,May'25–Dec'25,100.0,100.0,100.0,High,Direct ship-to → single chain (1:1),,,,,,Validated (Cross-Ref),D-Mart-Store-E-Com,D-Mart-Offline,Keep,fuzzy match on Ship-To Name against Confirmed row in CustomerCode_Zone_State_Mapping.csv (Customer Code 1103786),mtagent pbi audit (cross-ref CustomerCode_Zone_State_Mapping.csv),2026-07-14
D-Mart,Avenue E Commerce Ltd -Kurla FC,Avenue E Commerce Ltd -Kurla FC,Direct,The Derma Co.,Monthly dynamic Cont% (secondary-driven),7,May'25–Dec'25,100.0,100.0,100.0,High,Direct ship-to → single chain (1:1),,,,,,Validated (Cross-Ref),D-Mart-Store-E-Com,D-Mart-Offline,Keep,fuzzy match on Ship-To Name against Confirmed row in CustomerCode_Zone_State_Mapping.csv (Customer Code 1103786),mtagent pbi audit (cross-ref CustomerCode_Zone_State_Mapping.csv),2026-07-14
D-Mart,Avenue E Commerce Ltd -MAA0-GurugramFC-HR,Avenue E Commerce Ltd -MAA0-GurugramFC-HR,Direct,Aqualogica,Monthly dynamic Cont% (secondary-driven),2,Jun'25–Oct'25,100.0,100.0,100.0,High,Direct ship-to → single chain (1:1),,,,,,Validated (Cross-Ref),D-Mart-Store-E-Com,D-Mart-Offline,Keep,exact match on Ship-To Name against Confirmed row in CustomerCode_Zone_State_Mapping.csv (Customer Code 1104004),mtagent pbi audit (cross-ref CustomerCode_Zone_State_Mapping.csv),2026-07-14
D-Mart,Avenue E Commerce Ltd -MAA0-GurugramFC-HR,Avenue E Commerce Ltd -MAA0-GurugramFC-HR,Direct,The Derma Co.,Monthly dynamic Cont% (secondary-driven),2,Jun'25–Oct'25,100.0,100.0,100.0,High,Direct ship-to → single chain (1:1),,,,,,Validated (Cross-Ref),D-Mart-Store-E-Com,D-Mart-Offline,Keep,exact match on Ship-To Name against Confirmed row in CustomerCode_Zone_State_Mapping.csv (Customer Code 1104004),mtagent pbi audit (cross-ref CustomerCode_Zone_State_Mapping.csv),2026-07-14
D-Mart,Avenue E Commerce Ltd -Nagpur-FC,Avenue E Commerce Ltd -Nagpur-FC,Direct,Aqualogica,Monthly dynamic Cont% (secondary-driven),9,Apr'25–May'26,100.0,100.0,100.0,High,Direct ship-to → single chain (1:1),,,,,,Validated (Cross-Ref),D-Mart-Store-E-Com,D-Mart-Offline,Keep,exact match on Ship-To Name against Confirmed row in CustomerCode_Zone_State_Mapping.csv (Customer Code 1103071),mtagent pbi audit (cross-ref CustomerCode_Zone_State_Mapping.csv),2026-07-14
D-Mart,Avenue E Commerce Ltd -Nagpur-FC,Avenue E Commerce Ltd -Nagpur-FC,Direct,The Derma Co.,Monthly dynamic Cont% (secondary-driven),10,Apr'25–May'26,100.0,100.0,100.0,High,Direct ship-to → single chain (1:1),,,,,,Validated (Cross-Ref),D-Mart-Store-E-Com,D-Mart-Offline,Keep,exact match on Ship-To Name against Confirmed row in CustomerCode_Zone_State_Mapping.csv (Customer Code 1103071),mtagent pbi audit (cross-ref CustomerCode_Zone_State_Mapping.csv),2026-07-14
D-Mart,Avenue E Commerce Ltd -Nashik AAR0-FC,Avenue E Commerce Ltd -Nashik AAR0-FC,Direct,Aqualogica,Monthly dynamic Cont% (secondary-driven),1,Apr'25–Apr'25,100.0,100.0,100.0,High,Direct ship-to → single chain (1:1),,,,,,Validated (High-Confidence Auto),D-Mart,Avenue E Commerce Ltd -Nashik AAR0-FC,Keep,no Confirmed cross-reference found; auto-accepted as a direct 1:1 ship-to->chain mapping (High confidence per the file's own methodology),mtagent pbi audit (cross-ref CustomerCode_Zone_State_Mapping.csv),2026-07-14
D-Mart,Avenue E Commerce Ltd -Nashik AAR0-FC,Avenue E Commerce Ltd -Nashik AAR0-FC,Direct,The Derma Co.,Monthly dynamic Cont% (secondary-driven),1,Apr'25–Apr'25,100.0,100.0,100.0,High,Direct ship-to → single chain (1:1),,,,,,Validated (High-Confidence Auto),D-Mart,Avenue E Commerce Ltd -Nashik AAR0-FC,Keep,no Confirmed cross-reference found; auto-accepted as a direct 1:1 ship-to->chain mapping (High confidence per the file's own methodology),mtagent pbi audit (cross-ref CustomerCode_Zone_State_Mapping.csv),2026-07-14
D-Mart,Avenue E Commerce Ltd -Perungudi Chennai-FC,Avenue E Commerce Ltd -Perungudi Chennai-FC,Direct,Aqualogica,Monthly dynamic Cont% (secondary-driven),3,Apr'25–Sep'25,100.0,100.0,100.0,High,Direct ship-to → single chain (1:1),,,,,,Validated (Cross-Ref),D-Mart-Store-E-Com,D-Mart-Offline,Keep,fuzzy match on Ship-To Name against Confirmed row in CustomerCode_Zone_State_Mapping.csv (Customer Code 1103732),mtagent pbi audit (cross-ref CustomerCode_Zone_State_Mapping.csv),2026-07-14
D-Mart,Avenue E Commerce Ltd -Perungudi Chennai-FC,Avenue E Commerce Ltd -Perungudi Chennai-FC,Direct,Mamaearth,Monthly dynamic Cont% (secondary-driven),1,Jun'25–Jun'25,100.0,100.0,100.0,High,Direct ship-to → single chain (1:1),,,,,,Validated (Cross-Ref),D-Mart-Store-E-Com,D-Mart-Offline,Keep,fuzzy match on Ship-To Name against Confirmed row in CustomerCode_Zone_State_Mapping.csv (Customer Code 1103732),mtagent pbi audit (cross-ref CustomerCode_Zone_State_Mapping.csv),2026-07-14
D-Mart,Avenue E Commerce Ltd -Perungudi Chennai-FC,Avenue E Commerce Ltd -Perungudi Chennai-FC,Direct,The Derma Co.,Monthly dynamic Cont% (secondary-driven),4,Apr'25–Sep'25,100.0,100.0,100.0,High,Direct ship-to → single chain (1:1),,,,,,Validated (Cross-Ref),D-Mart-Store-E-Com,D-Mart-Offline,Keep,fuzzy match on Ship-To Name against Confirmed row in CustomerCode_Zone_State_Mapping.csv (Customer Code 1103732),mtagent pbi audit (cross-ref CustomerCode_Zone_State_Mapping.csv),2026-07-14
D-Mart,Avenue E Commerce Ltd -Taloja FC-MH,Avenue E Commerce Ltd -Taloja FC-MH,Direct,Aqualogica,Monthly dynamic Cont% (secondary-driven),4,Apr'25–Nov'25,100.0,100.0,100.0,High,Direct ship-to → single chain (1:1),,,,,,Validated (Cross-Ref),D-Mart-Store-E-Com,D-Mart-Offline,Keep,exact match on Ship-To Name against Confirmed row in CustomerCode_Zone_State_Mapping.csv (Customer Code 1103505),mtagent pbi audit (cross-ref CustomerCode_Zone_State_Mapping.csv),2026-07-14
D-Mart,Avenue E Commerce Ltd -Taloja FC-MH,Avenue E Commerce Ltd -Taloja FC-MH,Direct,The Derma Co.,Monthly dynamic Cont% (secondary-driven),4,Apr'25–Dec'25,100.0,100.0,100.0,High,Direct ship-to → single chain (1:1),,,,,,Validated (Cross-Ref),D-Mart-Store-E-Com,D-Mart-Offline,Keep,exact match on Ship-To Name against Confirmed row in CustomerCode_Zone_State_Mapping.csv (Customer Code 1103505),mtagent pbi audit (cross-ref CustomerCode_Zone_State_Mapping.csv),2026-07-14
D-Mart,Avenue E Commerce Ltd -UPPAL FC,Avenue E Commerce Ltd -UPPAL FC,Direct,Aqualogica,Monthly dynamic Cont% (secondary-driven),1,Apr'25–Apr'25,100.0,100.0,100.0,High,Direct ship-to → single chain (1:1),,,,,,Validated (Cross-Ref),D-Mart-Store-E-Com,D-Mart-Offline,Keep,exact match on Ship-To Name against Confirmed row in CustomerCode_Zone_State_Mapping.csv (Customer Code 1103523),mtagent pbi audit (cross-ref CustomerCode_Zone_State_Mapping.csv),2026-07-14
D-Mart,Avenue E Commerce Ltd -UPPAL FC,Avenue E Commerce Ltd -UPPAL FC,Direct,Mamaearth,Monthly dynamic Cont% (secondary-driven),1,Jun'25–Jun'25,100.0,100.0,100.0,High,Direct ship-to → single chain (1:1),,,,,,Validated (Cross-Ref),D-Mart-Store-E-Com,D-Mart-Offline,Keep,exact match on Ship-To Name against Confirmed row in CustomerCode_Zone_State_Mapping.csv (Customer Code 1103523),mtagent pbi audit (cross-ref CustomerCode_Zone_State_Mapping.csv),2026-07-14
D-Mart,Avenue E Commerce Ltd -UPPAL FC,Avenue E Commerce Ltd -UPPAL FC,Direct,The Derma Co.,Monthly dynamic Cont% (secondary-driven),1,Jun'25–Jun'25,100.0,100.0,100.0,High,Direct ship-to → single chain (1:1),,,,,,Validated (Cross-Ref),D-Mart-Store-E-Com,D-Mart-Offline,Keep,exact match on Ship-To Name against Confirmed row in CustomerCode_Zone_State_Mapping.csv (Customer Code 1103523),mtagent pbi audit (cross-ref CustomerCode_Zone_State_Mapping.csv),2026-07-14
D-Mart,Avenue E Commerce Ltd -Vashi FC-E,Avenue E Commerce Ltd -Vashi FC-E,Direct,Aqualogica,Monthly dynamic Cont% (secondary-driven),8,May'25–Dec'25,100.0,100.0,100.0,High,Direct ship-to → single chain (1:1),,,,,,Validated (High-Confidence Auto),D-Mart,Avenue E Commerce Ltd -Vashi FC-E,Keep,no Confirmed cross-reference found; auto-accepted as a direct 1:1 ship-to->chain mapping (High confidence per the file's own methodology),mtagent pbi audit (cross-ref CustomerCode_Zone_State_Mapping.csv),2026-07-14
D-Mart,Avenue E Commerce Ltd -Vashi FC-E,Avenue E Commerce Ltd -Vashi FC-E,Direct,The Derma Co.,Monthly dynamic Cont% (secondary-driven),8,May'25–Dec'25,100.0,100.0,100.0,High,Direct ship-to → single chain (1:1),,,,,,Validated (High-Confidence Auto),D-Mart,Avenue E Commerce Ltd -Vashi FC-E,Keep,no Confirmed cross-reference found; auto-accepted as a direct 1:1 ship-to->chain mapping (High confidence per the file's own methodology),mtagent pbi audit (cross-ref CustomerCode_Zone_State_Mapping.csv),2026-07-14
D-Mart,Avenue E Commerce Ltd -Yelahanka FC,Avenue E Commerce Ltd -Yelahanka FC,Direct,Aqualogica,Monthly dynamic Cont% (secondary-driven),1,Apr'25–Apr'25,100.0,100.0,100.0,High,Direct ship-to → single chain (1:1),,,,,,Validated (Cross-Ref),D-Mart-Store-E-Com,D-Mart-Offline,Keep,exact match on Ship-To Name against Confirmed row in CustomerCode_Zone_State_Mapping.csv (Customer Code 1103525),mtagent pbi audit (cross-ref CustomerCode_Zone_State_Mapping.csv),2026-07-14
D-Mart,Avenue E Commerce Ltd -Yelahanka FC,Avenue E Commerce Ltd -Yelahanka FC,Direct,The Derma Co.,Monthly dynamic Cont% (secondary-driven),2,May'25–Jun'25,100.0,100.0,100.0,High,Direct ship-to → single chain (1:1),,,,,,Validated (Cross-Ref),D-Mart-Store-E-Com,D-Mart-Offline,Keep,exact match on Ship-To Name against Confirmed row in CustomerCode_Zone_State_Mapping.csv (Customer Code 1103525),mtagent pbi audit (cross-ref CustomerCode_Zone_State_Mapping.csv),2026-07-14
D-Mart,Avenue E Commerce Ltd-ABE0-Kurla FC-2,Avenue E Commerce Ltd-ABE0-Kurla FC-2,Direct,Aqualogica,Monthly dynamic Cont% (secondary-driven),6,May'25–Dec'25,100.0,100.0,100.0,High,Direct ship-to → single chain (1:1),,,,,,Validated (High-Confidence Auto),D-Mart,Avenue E Commerce Ltd-ABE0-Kurla FC-2,Keep,no Confirmed cross-reference found; auto-accepted as a direct 1:1 ship-to->chain mapping (High confidence per the file's own methodology),mtagent pbi audit (cross-ref CustomerCode_Zone_State_Mapping.csv),2026-07-14
D-Mart,Avenue E Commerce Ltd-ABE0-Kurla FC-2,Avenue E Commerce Ltd-ABE0-Kurla FC-2,Direct,The Derma Co.,Monthly dynamic Cont% (secondary-driven),6,May'25–Dec'25,100.0,100.0,100.0,High,Direct ship-to → single chain (1:1),,,,,,Validated (High-Confidence Auto),D-Mart,Avenue E Commerce Ltd-ABE0-Kurla FC-2,Keep,no Confirmed cross-reference found; auto-accepted as a direct 1:1 ship-to->chain mapping (High confidence per the file's own methodology),mtagent pbi audit (cross-ref CustomerCode_Zone_State_Mapping.csv),2026-07-14
D-Mart,Avenue E Commerce Ltd._Hennur Fc-Ka,Avenue E Commerce Ltd._Hennur Fc-Ka,Direct,Aqualogica,Monthly dynamic Cont% (secondary-driven),11,Apr'25–May'26,100.0,100.0,100.0,High,Direct ship-to → single chain (1:1),,,,,,Validated (Cross-Ref),D-Mart-Store-E-Com,D-Mart-Offline,Keep,exact match on Ship-To Name against Confirmed row in CustomerCode_Zone_State_Mapping.csv (Customer Code 1101036),mtagent pbi audit (cross-ref CustomerCode_Zone_State_Mapping.csv),2026-07-14
D-Mart,Avenue E Commerce Ltd._Hennur Fc-Ka,Avenue E Commerce Ltd._Hennur Fc-Ka,Direct,The Derma Co.,Monthly dynamic Cont% (secondary-driven),10,May'25–May'26,100.0,100.0,100.0,High,Direct ship-to → single chain (1:1),,,,,,Validated (Cross-Ref),D-Mart-Store-E-Com,D-Mart-Offline,Keep,exact match on Ship-To Name against Confirmed row in CustomerCode_Zone_State_Mapping.csv (Customer Code 1101036),mtagent pbi audit (cross-ref CustomerCode_Zone_State_Mapping.csv),2026-07-14
D-Mart,Avenue E Commerce Ltd_3919-Sardarnagar,Avenue E Commerce Ltd_3919-Sardarnagar,Direct,Aqualogica,Monthly dynamic Cont% (secondary-driven),6,Jun'25–Mar'26,100.0,100.0,100.0,High,Direct ship-to → single chain (1:1),,,,,,Validated (Cross-Ref),D-Mart-Store-E-Com,D-Mart-Offline,Keep,exact match on Ship-To Name against Confirmed row in CustomerCode_Zone_State_Mapping.csv (Customer Code 1102883),mtagent pbi audit (cross-ref CustomerCode_Zone_State_Mapping.csv),2026-07-14
D-Mart,Avenue E Commerce Ltd_3919-Sardarnagar,Avenue E Commerce Ltd_3919-Sardarnagar,Direct,The Derma Co.,Monthly dynamic Cont% (secondary-driven),7,Jun'25–Mar'26,100.0,100.0,100.0,High,Direct ship-to → single chain (1:1),,,,,,Validated (Cross-Ref),D-Mart-Store-E-Com,D-Mart-Offline,Keep,exact match on Ship-To Name against Confirmed row in CustomerCode_Zone_State_Mapping.csv (Customer Code 1102883),mtagent pbi audit (cross-ref CustomerCode_Zone_State_Mapping.csv),2026-07-14
D-Mart,Avenue E Commerce Ltd_3925-Jahangirabad.,Avenue E Commerce Ltd_3925-Jahangirabad,Direct,Aqualogica,Monthly dynamic Cont% (secondary-driven),4,Aug'25–Mar'26,100.0,100.0,100.0,High,Direct ship-to → single chain (1:1),,,,,,Validated (Cross-Ref),D-Mart-Store-E-Com,D-Mart-Offline,Keep,exact match on Ship-To Name against Confirmed row in CustomerCode_Zone_State_Mapping.csv (Customer Code 1102884),mtagent pbi audit (cross-ref CustomerCode_Zone_State_Mapping.csv),2026-07-14
D-Mart,Avenue E Commerce Ltd_3925-Jahangirabad.,Avenue E Commerce Ltd_3925-Jahangirabad,Direct,The Derma Co.,Monthly dynamic Cont% (secondary-driven),6,Aug'25–Apr'26,100.0,100.0,100.0,High,Direct ship-to → single chain (1:1),,,,,,Validated (Cross-Ref),D-Mart-Store-E-Com,D-Mart-Offline,Keep,exact match on Ship-To Name against Confirmed row in CustomerCode_Zone_State_Mapping.csv (Customer Code 1102884),mtagent pbi audit (cross-ref CustomerCode_Zone_State_Mapping.csv),2026-07-14
D-Mart,Avenue E Commerce Ltd_4047-Vasai Waliv,Avenue E Commerce Ltd_4047-Vasai Waliv,Direct,Aqualogica,Monthly dynamic Cont% (secondary-driven),9,Apr'25–Dec'25,100.0,100.0,100.0,High,Direct ship-to → single chain (1:1),,,,,,Validated (High-Confidence Auto),D-Mart,Avenue E Commerce Ltd_4047-Vasai Waliv,Keep,no Confirmed cross-reference found; auto-accepted as a direct 1:1 ship-to->chain mapping (High confidence per the file's own methodology),mtagent pbi audit (cross-ref CustomerCode_Zone_State_Mapping.csv),2026-07-14
D-Mart,Avenue E Commerce Ltd_4047-Vasai Waliv,Avenue E Commerce Ltd_4047-Vasai Waliv,Direct,Mamaearth,Monthly dynamic Cont% (secondary-driven),1,Jun'25–Jun'25,100.0,100.0,100.0,High,Direct ship-to → single chain (1:1),,,,,,Validated (High-Confidence Auto),D-Mart,Avenue E Commerce Ltd_4047-Vasai Waliv,Keep,no Confirmed cross-reference found; auto-accepted as a direct 1:1 ship-to->chain mapping (High confidence per the file's own methodology),mtagent pbi audit (cross-ref CustomerCode_Zone_State_Mapping.csv),2026-07-14
D-Mart,Avenue E Commerce Ltd_4047-Vasai Waliv,Avenue E Commerce Ltd_4047-Vasai Waliv,Direct,The Derma Co.,Monthly dynamic Cont% (secondary-driven),10,Apr'25–Mar'26,100.0,100.0,100.0,High,Direct ship-to → single chain (1:1),,,,,,Validated (High-Confidence Auto),D-Mart,Avenue E Commerce Ltd_4047-Vasai Waliv,Keep,no Confirmed cross-reference found; auto-accepted as a direct 1:1 ship-to->chain mapping (High confidence per the file's own methodology),mtagent pbi audit (cross-ref CustomerCode_Zone_State_Mapping.csv),2026-07-14
D-Mart,Avenue E Commerce Ltd_CadburyFC.,Avenue E Commerce Ltd_CadburyFC,Direct,Aqualogica,Monthly dynamic Cont% (secondary-driven),9,Apr'25–Dec'25,100.0,100.0,100.0,High,Direct ship-to → single chain (1:1),,,,,,Validated (Cross-Ref),D-Mart-Store-E-Com,D-Mart-Offline,Keep,exact match on Ship-To Name against Confirmed row in CustomerCode_Zone_State_Mapping.csv (Customer Code 1102878),mtagent pbi audit (cross-ref CustomerCode_Zone_State_Mapping.csv),2026-07-14
D-Mart,Avenue E Commerce Ltd_CadburyFC.,Avenue E Commerce Ltd_CadburyFC,Direct,Dr. Sheth's,Monthly dynamic Cont% (secondary-driven),1,Dec'25–Dec'25,100.0,100.0,100.0,High,Direct ship-to → single chain (1:1),,,,,,Validated (Cross-Ref),D-Mart-Store-E-Com,D-Mart-Offline,Keep,exact match on Ship-To Name against Confirmed row in CustomerCode_Zone_State_Mapping.csv (Customer Code 1102878),mtagent pbi audit (cross-ref CustomerCode_Zone_State_Mapping.csv),2026-07-14
D-Mart,Avenue E Commerce Ltd_CadburyFC.,Avenue E Commerce Ltd_CadburyFC,Direct,The Derma Co.,Monthly dynamic Cont% (secondary-driven),9,Apr'25–Dec'25,100.0,100.0,100.0,High,Direct ship-to → single chain (1:1),,,,,,Validated (Cross-Ref),D-Mart-Store-E-Com,D-Mart-Offline,Keep,exact match on Ship-To Name against Confirmed row in CustomerCode_Zone_State_Mapping.csv (Customer Code 1102878),mtagent pbi audit (cross-ref CustomerCode_Zone_State_Mapping.csv),2026-07-14
D-Mart,Avenue E Commerce Ltd_Goregaon,Avenue E Commerce Ltd_Goregaon,Direct,Aqualogica,Monthly dynamic Cont% (secondary-driven),8,May'25–Dec'25,100.0,100.0,100.0,High,Direct ship-to → single chain (1:1),,,,,,Validated (Cross-Ref),D-Mart-Store-E-Com,D-Mart-Offline,Keep,exact match on Ship-To Name against Confirmed row in CustomerCode_Zone_State_Mapping.csv (Customer Code 1102880),mtagent pbi audit (cross-ref CustomerCode_Zone_State_Mapping.csv),2026-07-14
D-Mart,Avenue E Commerce Ltd_Goregaon,Avenue E Commerce Ltd_Goregaon,Direct,The Derma Co.,Monthly dynamic Cont% (secondary-driven),8,May'25–Dec'25,100.0,100.0,100.0,High,Direct ship-to → single chain (1:1),,,,,,Validated (Cross-Ref),D-Mart-Store-E-Com,D-Mart-Offline,Keep,exact match on Ship-To Name against Confirmed row in CustomerCode_Zone_State_Mapping.csv (Customer Code 1102880),mtagent pbi audit (cross-ref CustomerCode_Zone_State_Mapping.csv),2026-07-14
D-Mart,Avenue E Commerce Ltd_Hoodi FC,Avenue E Commerce Ltd_Hoodi FC,Direct,Aqualogica,Monthly dynamic Cont% (secondary-driven),3,Apr'25–Jun'25,100.0,100.0,100.0,High,Direct ship-to → single chain (1:1),,,,,,Validated (Cross-Ref),D-Mart-Store-E-Com,D-Mart-Offline,Keep,exact match on Ship-To Name against Confirmed row in CustomerCode_Zone_State_Mapping.csv (Customer Code 1102882),mtagent pbi audit (cross-ref CustomerCode_Zone_State_Mapping.csv),2026-07-14
D-Mart,Avenue E Commerce Ltd_Hoodi FC,Avenue E Commerce Ltd_Hoodi FC,Direct,The Derma Co.,Monthly dynamic Cont% (secondary-driven),3,Apr'25–Jun'25,100.0,100.0,100.0,High,Direct ship-to → single chain (1:1),,,,,,Validated (Cross-Ref),D-Mart-Store-E-Com,D-Mart-Offline,Keep,exact match on Ship-To Name against Confirmed row in CustomerCode_Zone_State_Mapping.csv (Customer Code 1102882),mtagent pbi audit (cross-ref CustomerCode_Zone_State_Mapping.csv),2026-07-14
D-Mart,Avenue E Commerce Ltd_Manpada,Avenue E Commerce Ltd_Manpada,Direct,Aqualogica,Monthly dynamic Cont% (secondary-driven),9,Apr'25–Dec'25,100.0,100.0,100.0,High,Direct ship-to → single chain (1:1),,,,,,Validated (High-Confidence Auto),D-Mart,Avenue E Commerce Ltd_Manpada,Keep,no Confirmed cross-reference found; auto-accepted as a direct 1:1 ship-to->chain mapping (High confidence per the file's own methodology),mtagent pbi audit (cross-ref CustomerCode_Zone_State_Mapping.csv),2026-07-14
D-Mart,Avenue E Commerce Ltd_Manpada,Avenue E Commerce Ltd_Manpada,Direct,Dr. Sheth's,Monthly dynamic Cont% (secondary-driven),1,Dec'25–Dec'25,100.0,100.0,100.0,High,Direct ship-to → single chain (1:1),,,,,,Validated (High-Confidence Auto),D-Mart,Avenue E Commerce Ltd_Manpada,Keep,no Confirmed cross-reference found; auto-accepted as a direct 1:1 ship-to->chain mapping (High confidence per the file's own methodology),mtagent pbi audit (cross-ref CustomerCode_Zone_State_Mapping.csv),2026-07-14
D-Mart,Avenue E Commerce Ltd_Manpada,Avenue E Commerce Ltd_Manpada,Direct,The Derma Co.,Monthly dynamic Cont% (secondary-driven),9,Apr'25–Dec'25,100.0,100.0,100.0,High,Direct ship-to → single chain (1:1),,,,,,Validated (High-Confidence Auto),D-Mart,Avenue E Commerce Ltd_Manpada,Keep,no Confirmed cross-reference found; auto-accepted as a direct 1:1 ship-to->chain mapping (High confidence per the file's own methodology),mtagent pbi audit (cross-ref CustomerCode_Zone_State_Mapping.csv),2026-07-14
D-Mart,Avenue E Commerce Ltd_PeddaAmberpetFC,Avenue E Commerce Ltd_PeddaAmberpetFC,Direct,Aqualogica,Monthly dynamic Cont% (secondary-driven),8,Jun'25–May'26,100.0,100.0,100.0,High,Direct ship-to → single chain (1:1),,,,,,Validated (Cross-Ref),D-Mart-Store-E-Com,D-Mart-Offline,Keep,exact match on Ship-To Name against Confirmed row in CustomerCode_Zone_State_Mapping.csv (Customer Code 1102881),mtagent pbi audit (cross-ref CustomerCode_Zone_State_Mapping.csv),2026-07-14
D-Mart,Avenue E Commerce Ltd_PeddaAmberpetFC,Avenue E Commerce Ltd_PeddaAmberpetFC,Direct,Mamaearth,Monthly dynamic Cont% (secondary-driven),1,Jun'25–Jun'25,100.0,100.0,100.0,High,Direct ship-to → single chain (1:1),,,,,,Validated (Cross-Ref),D-Mart-Store-E-Com,D-Mart-Offline,Keep,exact match on Ship-To Name against Confirmed row in CustomerCode_Zone_State_Mapping.csv (Customer Code 1102881),mtagent pbi audit (cross-ref CustomerCode_Zone_State_Mapping.csv),2026-07-14
D-Mart,Avenue E Commerce Ltd_PeddaAmberpetFC,Avenue E Commerce Ltd_PeddaAmberpetFC,Direct,The Derma Co.,Monthly dynamic Cont% (secondary-driven),9,Jun'25–May'26,100.0,100.0,100.0,High,Direct ship-to → single chain (1:1),,,,,,Validated (Cross-Ref),D-Mart-Store-E-Com,D-Mart-Offline,Keep,exact match on Ship-To Name against Confirmed row in CustomerCode_Zone_State_Mapping.csv (Customer Code 1102881),mtagent pbi audit (cross-ref CustomerCode_Zone_State_Mapping.csv),2026-07-14
D-Mart,Avenue E Commerce Ltd_SanandFC,Avenue E Commerce Ltd_SanandFC,Direct,Aqualogica,Monthly dynamic Cont% (secondary-driven),7,Jun'25–Mar'26,100.0,100.0,100.0,High,Direct ship-to → single chain (1:1),,,,,,Validated (Cross-Ref),D-Mart-Store-E-Com,D-Mart-Offline,Keep,exact match on Ship-To Name against Confirmed row in CustomerCode_Zone_State_Mapping.csv (Customer Code 1102885),mtagent pbi audit (cross-ref CustomerCode_Zone_State_Mapping.csv),2026-07-14
D-Mart,Avenue E Commerce Ltd_SanandFC,Avenue E Commerce Ltd_SanandFC,Direct,Mamaearth,Monthly dynamic Cont% (secondary-driven),1,Jun'25–Jun'25,100.0,100.0,100.0,High,Direct ship-to → single chain (1:1),,,,,,Validated (Cross-Ref),D-Mart-Store-E-Com,D-Mart-Offline,Keep,exact match on Ship-To Name against Confirmed row in CustomerCode_Zone_State_Mapping.csv (Customer Code 1102885),mtagent pbi audit (cross-ref CustomerCode_Zone_State_Mapping.csv),2026-07-14
D-Mart,Avenue E Commerce Ltd_SanandFC,Avenue E Commerce Ltd_SanandFC,Direct,The Derma Co.,Monthly dynamic Cont% (secondary-driven),8,Jun'25–Apr'26,100.0,100.0,100.0,High,Direct ship-to → single chain (1:1),,,,,,Validated (Cross-Ref),D-Mart-Store-E-Com,D-Mart-Offline,Keep,exact match on Ship-To Name against Confirmed row in CustomerCode_Zone_State_Mapping.csv (Customer Code 1102885),mtagent pbi audit (cross-ref CustomerCode_Zone_State_Mapping.csv),2026-07-14
D-Mart,Avenue E Commerce Ltd_Wagholi,Avenue E Commerce Ltd_Wagholi,Direct,Aqualogica,Monthly dynamic Cont% (secondary-driven),12,Apr'25–May'26,100.0,100.0,100.0,High,Direct ship-to → single chain (1:1),,,,,,Validated (Cross-Ref),D-Mart-Store-E-Com,D-Mart-Offline,Keep,exact match on Ship-To Name against Confirmed row in CustomerCode_Zone_State_Mapping.csv (Customer Code 1102879),mtagent pbi audit (cross-ref CustomerCode_Zone_State_Mapping.csv),2026-07-14
D-Mart,Avenue E Commerce Ltd_Wagholi,Avenue E Commerce Ltd_Wagholi,Direct,The Derma Co.,Monthly dynamic Cont% (secondary-driven),12,Apr'25–May'26,100.0,100.0,100.0,High,Direct ship-to → single chain (1:1),,,,,,Validated (Cross-Ref),D-Mart-Store-E-Com,D-Mart-Offline,Keep,exact match on Ship-To Name against Confirmed row in CustomerCode_Zone_State_Mapping.csv (Customer Code 1102879),mtagent pbi audit (cross-ref CustomerCode_Zone_State_Mapping.csv),2026-07-14
D-Mart,Avenue Supermarts Ltd.-DC-1032,Avenue Supermarts Ltd.-DC-1032,Direct,Aqualogica,Monthly dynamic Cont% (secondary-driven),2,Feb'26–Apr'26,100.0,100.0,100.0,High,Direct ship-to → single chain (1:1),,,,,,Validated (High-Confidence Auto),D-Mart,Avenue Supermarts Ltd.-DC-1032,Keep,no Confirmed cross-reference found; auto-accepted as a direct 1:1 ship-to->chain mapping (High confidence per the file's own methodology),mtagent pbi audit (cross-ref CustomerCode_Zone_State_Mapping.csv),2026-07-14
D-Mart,Avenue Supermarts Ltd.-DC-1032,Avenue Supermarts Ltd.-DC-1032,Direct,Mamaearth,Monthly dynamic Cont% (secondary-driven),14,Apr'25–May'26,100.0,100.0,100.0,High,Direct ship-to → single chain (1:1),,,,,,Validated (High-Confidence Auto),D-Mart,Avenue Supermarts Ltd.-DC-1032,Keep,no Confirmed cross-reference found; auto-accepted as a direct 1:1 ship-to->chain mapping (High confidence per the file's own methodology),mtagent pbi audit (cross-ref CustomerCode_Zone_State_Mapping.csv),2026-07-14
D-Mart,Avenue Supermarts Ltd.-DC-1032,Avenue Supermarts Ltd.-DC-1032,Direct,The Derma Co.,Monthly dynamic Cont% (secondary-driven),14,Apr'25–May'26,100.0,100.0,100.0,High,Direct ship-to → single chain (1:1),,,,,,Validated (High-Confidence Auto),D-Mart,Avenue Supermarts Ltd.-DC-1032,Keep,no Confirmed cross-reference found; auto-accepted as a direct 1:1 ship-to->chain mapping (High confidence per the file's own methodology),mtagent pbi audit (cross-ref CustomerCode_Zone_State_Mapping.csv),2026-07-14
D-Mart,Avenue Supermarts Ltd.-DC-1039,Avenue Supermarts Ltd.-DC-1039,Direct,Aqualogica,Monthly dynamic Cont% (secondary-driven),3,Feb'26–May'26,100.0,100.0,100.0,High,Direct ship-to → single chain (1:1),,,,,,Validated (High-Confidence Auto),D-Mart,Avenue Supermarts Ltd.-DC-1039,Keep,no Confirmed cross-reference found; auto-accepted as a direct 1:1 ship-to->chain mapping (High confidence per the file's own methodology),mtagent pbi audit (cross-ref CustomerCode_Zone_State_Mapping.csv),2026-07-14
D-Mart,Avenue Supermarts Ltd.-DC-1039,Avenue Supermarts Ltd.-DC-1039,Direct,Mamaearth,Monthly dynamic Cont% (secondary-driven),14,Apr'25–May'26,100.0,100.0,100.0,High,Direct ship-to → single chain (1:1),,,,,,Validated (High-Confidence Auto),D-Mart,Avenue Supermarts Ltd.-DC-1039,Keep,no Confirmed cross-reference found; auto-accepted as a direct 1:1 ship-to->chain mapping (High confidence per the file's own methodology),mtagent pbi audit (cross-ref CustomerCode_Zone_State_Mapping.csv),2026-07-14
D-Mart,Avenue Supermarts Ltd.-DC-1039,Avenue Supermarts Ltd.-DC-1039,Direct,The Derma Co.,Monthly dynamic Cont% (secondary-driven),14,Apr'25–May'26,100.0,100.0,100.0,High,Direct ship-to → single chain (1:1),,,,,,Validated (High-Confidence Auto),D-Mart,Avenue Supermarts Ltd.-DC-1039,Keep,no Confirmed cross-reference found; auto-accepted as a direct 1:1 ship-to->chain mapping (High confidence per the file's own methodology),mtagent pbi audit (cross-ref CustomerCode_Zone_State_Mapping.csv),2026-07-14
D-Mart,Avenue Supermarts Ltd.-DC-1049,Avenue Supermarts Ltd.-DC-1049,Direct,Aqualogica,Monthly dynamic Cont% (secondary-driven),3,Feb'26–May'26,100.0,100.0,100.0,High,Direct ship-to → single chain (1:1),,,,,,Validated (High-Confidence Auto),D-Mart,Avenue Supermarts Ltd.-DC-1049,Keep,no Confirmed cross-reference found; auto-accepted as a direct 1:1 ship-to->chain mapping (High confidence per the file's own methodology),mtagent pbi audit (cross-ref CustomerCode_Zone_State_Mapping.csv),2026-07-14
D-Mart,Avenue Supermarts Ltd.-DC-1049,Avenue Supermarts Ltd.-DC-1049,Direct,Mamaearth,Monthly dynamic Cont% (secondary-driven),14,Apr'25–May'26,100.0,100.0,100.0,High,Direct ship-to → single chain (1:1),,,,,,Validated (High-Confidence Auto),D-Mart,Avenue Supermarts Ltd.-DC-1049,Keep,no Confirmed cross-reference found; auto-accepted as a direct 1:1 ship-to->chain mapping (High confidence per the file's own methodology),mtagent pbi audit (cross-ref CustomerCode_Zone_State_Mapping.csv),2026-07-14
D-Mart,Avenue Supermarts Ltd.-DC-1049,Avenue Supermarts Ltd.-DC-1049,Direct,The Derma Co.,Monthly dynamic Cont% (secondary-driven),13,May'25–May'26,100.0,100.0,100.0,High,Direct ship-to → single chain (1:1),,,,,,Validated (High-Confidence Auto),D-Mart,Avenue Supermarts Ltd.-DC-1049,Keep,no Confirmed cross-reference found; auto-accepted as a direct 1:1 ship-to->chain mapping (High confidence per the file's own methodology),mtagent pbi audit (cross-ref CustomerCode_Zone_State_Mapping.csv),2026-07-14
D-Mart,Avenue Supermarts Ltd.-DC-1050,Avenue Supermarts Ltd.-DC-1050,Direct,Aqualogica,Monthly dynamic Cont% (secondary-driven),3,Feb'26–Apr'26,100.0,100.0,100.0,High,Direct ship-to → single chain (1:1),,,,,,Validated (High-Confidence Auto),D-Mart,Avenue Supermarts Ltd.-DC-1050,Keep,no Confirmed cross-reference found; auto-accepted as a direct 1:1 ship-to->chain mapping (High confidence per the file's own methodology),mtagent pbi audit (cross-ref CustomerCode_Zone_State_Mapping.csv),2026-07-14
D-Mart,Avenue Supermarts Ltd.-DC-1050,Avenue Supermarts Ltd.-DC-1050,Direct,Mamaearth,Monthly dynamic Cont% (secondary-driven),14,Apr'25–May'26,100.0,100.0,100.0,High,Direct ship-to → single chain (1:1),,,,,,Validated (High-Confidence Auto),D-Mart,Avenue Supermarts Ltd.-DC-1050,Keep,no Confirmed cross-reference found; auto-accepted as a direct 1:1 ship-to->chain mapping (High confidence per the file's own methodology),mtagent pbi audit (cross-ref CustomerCode_Zone_State_Mapping.csv),2026-07-14
D-Mart,Avenue Supermarts Ltd.-DC-1050,Avenue Supermarts Ltd.-DC-1050,Direct,The Derma Co.,Monthly dynamic Cont% (secondary-driven),14,Apr'25–May'26,100.0,100.0,100.0,High,Direct ship-to → single chain (1:1),,,,,,Validated (High-Confidence Auto),D-Mart,Avenue Supermarts Ltd.-DC-1050,Keep,no Confirmed cross-reference found; auto-accepted as a direct 1:1 ship-to->chain mapping (High confidence per the file's own methodology),mtagent pbi audit (cross-ref CustomerCode_Zone_State_Mapping.csv),2026-07-14
D-Mart,Avenue Supermarts Ltd.-DC-1054,Avenue Supermarts Ltd.-DC-1054,Direct,Aqualogica,Monthly dynamic Cont% (secondary-driven),1,Feb'26–Feb'26,100.0,100.0,100.0,High,Direct ship-to → single chain (1:1),,,,,,Validated (High-Confidence Auto),D-Mart,Avenue Supermarts Ltd.-DC-1054,Keep,no Confirmed cross-reference found; auto-accepted as a direct 1:1 ship-to->chain mapping (High confidence per the file's own methodology),mtagent pbi audit (cross-ref CustomerCode_Zone_State_Mapping.csv),2026-07-14
D-Mart,Avenue Supermarts Ltd.-DC-1054,Avenue Supermarts Ltd.-DC-1054,Direct,Mamaearth,Monthly dynamic Cont% (secondary-driven),8,Oct'25–May'26,100.0,100.0,100.0,High,Direct ship-to → single chain (1:1),,,,,,Validated (High-Confidence Auto),D-Mart,Avenue Supermarts Ltd.-DC-1054,Keep,no Confirmed cross-reference found; auto-accepted as a direct 1:1 ship-to->chain mapping (High confidence per the file's own methodology),mtagent pbi audit (cross-ref CustomerCode_Zone_State_Mapping.csv),2026-07-14
D-Mart,Avenue Supermarts Ltd.-DC-1054,Avenue Supermarts Ltd.-DC-1054,Direct,The Derma Co.,Monthly dynamic Cont% (secondary-driven),6,Dec'25–May'26,100.0,100.0,100.0,High,Direct ship-to → single chain (1:1),,,,,,Validated (High-Confidence Auto),D-Mart,Avenue Supermarts Ltd.-DC-1054,Keep,no Confirmed cross-reference found; auto-accepted as a direct 1:1 ship-to->chain mapping (High confidence per the file's own methodology),mtagent pbi audit (cross-ref CustomerCode_Zone_State_Mapping.csv),2026-07-14
D-Mart,Avenue Supermarts Ltd.-DC-1068,Avenue Supermarts Ltd.-DC-1068,Direct,Aqualogica,Monthly dynamic Cont% (secondary-driven),3,Feb'26–Apr'26,100.0,100.0,100.0,High,Direct ship-to → single chain (1:1),,,,,,Validated (High-Confidence Auto),D-Mart,Avenue Supermarts Ltd.-DC-1068,Keep,no Confirmed cross-reference found; auto-accepted as a direct 1:1 ship-to->chain mapping (High confidence per the file's own methodology),mtagent pbi audit (cross-ref CustomerCode_Zone_State_Mapping.csv),2026-07-14
D-Mart,Avenue Supermarts Ltd.-DC-1068,Avenue Supermarts Ltd.-DC-1068,Direct,Mamaearth,Monthly dynamic Cont% (secondary-driven),14,Apr'25–May'26,100.0,100.0,100.0,High,Direct ship-to → single chain (1:1),,,,,,Validated (High-Confidence Auto),D-Mart,Avenue Supermarts Ltd.-DC-1068,Keep,no Confirmed cross-reference found; auto-accepted as a direct 1:1 ship-to->chain mapping (High confidence per the file's own methodology),mtagent pbi audit (cross-ref CustomerCode_Zone_State_Mapping.csv),2026-07-14
D-Mart,Avenue Supermarts Ltd.-DC-1068,Avenue Supermarts Ltd.-DC-1068,Direct,The Derma Co.,Monthly dynamic Cont% (secondary-driven),13,May'25–May'26,100.0,100.0,100.0,High,Direct ship-to → single chain (1:1),,,,,,Validated (High-Confidence Auto),D-Mart,Avenue Supermarts Ltd.-DC-1068,Keep,no Confirmed cross-reference found; auto-accepted as a direct 1:1 ship-to->chain mapping (High confidence per the file's own methodology),mtagent pbi audit (cross-ref CustomerCode_Zone_State_Mapping.csv),2026-07-14
D-Mart,Avenue Supermarts Ltd.-DC-1091,Avenue Supermarts Ltd.-DC-1091,Direct,Aqualogica,Monthly dynamic Cont% (secondary-driven),4,Feb'26–May'26,100.0,100.0,100.0,High,Direct ship-to → single chain (1:1),,,,,,Validated (High-Confidence Auto),D-Mart,Avenue Supermarts Ltd.-DC-1091,Keep,no Confirmed cross-reference found; auto-accepted as a direct 1:1 ship-to->chain mapping (High confidence per the file's own methodology),mtagent pbi audit (cross-ref CustomerCode_Zone_State_Mapping.csv),2026-07-14
D-Mart,Avenue Supermarts Ltd.-DC-1091,Avenue Supermarts Ltd.-DC-1091,Direct,Mamaearth,Monthly dynamic Cont% (secondary-driven),14,Apr'25–May'26,100.0,100.0,100.0,High,Direct ship-to → single chain (1:1),,,,,,Validated (High-Confidence Auto),D-Mart,Avenue Supermarts Ltd.-DC-1091,Keep,no Confirmed cross-reference found; auto-accepted as a direct 1:1 ship-to->chain mapping (High confidence per the file's own methodology),mtagent pbi audit (cross-ref CustomerCode_Zone_State_Mapping.csv),2026-07-14
D-Mart,Avenue Supermarts Ltd.-DC-1091,Avenue Supermarts Ltd.-DC-1091,Direct,The Derma Co.,Monthly dynamic Cont% (secondary-driven),14,Apr'25–May'26,100.0,100.0,100.0,High,Direct ship-to → single chain (1:1),,,,,,Validated (High-Confidence Auto),D-Mart,Avenue Supermarts Ltd.-DC-1091,Keep,no Confirmed cross-reference found; auto-accepted as a direct 1:1 ship-to->chain mapping (High confidence per the file's own methodology),mtagent pbi audit (cross-ref CustomerCode_Zone_State_Mapping.csv),2026-07-14
D-Mart,Avenue Supermarts Ltd.-DC-8009,Avenue Supermarts Ltd.-DC-8009,Direct,Mamaearth,Monthly dynamic Cont% (secondary-driven),1,May'26–May'26,100.0,100.0,100.0,High,Direct ship-to → single chain (1:1),,,,,,Validated (High-Confidence Auto),D-Mart,Avenue Supermarts Ltd.-DC-8009,Keep,no Confirmed cross-reference found; auto-accepted as a direct 1:1 ship-to->chain mapping (High confidence per the file's own methodology),mtagent pbi audit (cross-ref CustomerCode_Zone_State_Mapping.csv),2026-07-14
D-Mart,Avenue Supermarts Ltd.-DC-8009,Avenue Supermarts Ltd.-DC-8009,Direct,The Derma Co.,Monthly dynamic Cont% (secondary-driven),1,May'26–May'26,100.0,100.0,100.0,High,Direct ship-to → single chain (1:1),,,,,,Validated (High-Confidence Auto),D-Mart,Avenue Supermarts Ltd.-DC-8009,Keep,no Confirmed cross-reference found; auto-accepted as a direct 1:1 ship-to->chain mapping (High confidence per the file's own methodology),mtagent pbi audit (cross-ref CustomerCode_Zone_State_Mapping.csv),2026-07-14
D-Mart,Avenue Supermarts Ltd.-DC-8012,Avenue Supermarts Ltd.-DC-8012,Direct,Aqualogica,Monthly dynamic Cont% (secondary-driven),1,May'26–May'26,100.0,100.0,100.0,High,Direct ship-to → single chain (1:1),,,,,,Validated (High-Confidence Auto),D-Mart,Avenue Supermarts Ltd.-DC-8012,Keep,no Confirmed cross-reference found; auto-accepted as a direct 1:1 ship-to->chain mapping (High confidence per the file's own methodology),mtagent pbi audit (cross-ref CustomerCode_Zone_State_Mapping.csv),2026-07-14
D-Mart,Avenue Supermarts Ltd.-DC-8012,Avenue Supermarts Ltd.-DC-8012,Direct,Mamaearth,Monthly dynamic Cont% (secondary-driven),3,Mar'26–May'26,100.0,100.0,100.0,High,Direct ship-to → single chain (1:1),,,,,,Validated (High-Confidence Auto),D-Mart,Avenue Supermarts Ltd.-DC-8012,Keep,no Confirmed cross-reference found; auto-accepted as a direct 1:1 ship-to->chain mapping (High confidence per the file's own methodology),mtagent pbi audit (cross-ref CustomerCode_Zone_State_Mapping.csv),2026-07-14
D-Mart,Avenue Supermarts Ltd.-DC-8012,Avenue Supermarts Ltd.-DC-8012,Direct,The Derma Co.,Monthly dynamic Cont% (secondary-driven),3,Mar'26–May'26,100.0,100.0,100.0,High,Direct ship-to → single chain (1:1),,,,,,Validated (High-Confidence Auto),D-Mart,Avenue Supermarts Ltd.-DC-8012,Keep,no Confirmed cross-reference found; auto-accepted as a direct 1:1 ship-to->chain mapping (High confidence per the file's own methodology),mtagent pbi audit (cross-ref CustomerCode_Zone_State_Mapping.csv),2026-07-14
D-Mart,CHHABRA TRADERS_Ship To,CHHABRA TRADERS,Dist.,The Derma Co.,Monthly dynamic Cont% (secondary-driven),2,Apr'26–May'26,6.46,1.04,11.87,Medium,Multi-chain distributor; split by secondary Cont% — validate (5 chains),,Y,Y,,,Pending,,,Needs Check,,,
D-Mart,Chhabra Traders,Chhabra Traders,Dist.,Mamaearth,Monthly dynamic Cont% (secondary-driven),2,Apr'26–May'26,3.67,0.34,7.0,Medium,Multi-chain distributor; split by secondary Cont% — validate (5 chains),,Y,Y,,,Validated (Cross-Ref),CHHABRA TRADERS,CHHABRA TRADERS,Keep,fuzzy match on Ship-To Name against Confirmed row in CustomerCode_Zone_State_Mapping.csv (Customer Code 1103093),mtagent pbi audit (cross-ref CustomerCode_Zone_State_Mapping.csv),2026-07-14
D-Mart,G.V Enterprises,G.V Enterprises,Dist.,Aqualogica,Monthly dynamic Cont% (secondary-driven),2,Mar'26–May'26,88.02,79.56,96.48,Medium,Multi-chain distributor; split by secondary Cont% — validate (4 chains),,Y,Y,,,Validated (Cross-Ref),G.V Enterprises,G.V Enterprises,Keep,fuzzy match on Ship-To Name against Confirmed row in CustomerCode_Zone_State_Mapping.csv (Customer Code 1101211),mtagent pbi audit (cross-ref CustomerCode_Zone_State_Mapping.csv),2026-07-14
D-Mart,G.V Enterprises,G.V Enterprises,Dist.,Mamaearth,Monthly dynamic Cont% (secondary-driven),14,Apr'25–May'26,56.07,7.75,92.06,Medium,Multi-chain distributor; split by secondary Cont% — validate (4 chains),,Y,Y,,,Validated (Cross-Ref),G.V Enterprises,G.V Enterprises,Keep,fuzzy match on Ship-To Name against Confirmed row in CustomerCode_Zone_State_Mapping.csv (Customer Code 1101211),mtagent pbi audit (cross-ref CustomerCode_Zone_State_Mapping.csv),2026-07-14
D-Mart,G.V Enterprises,G.V Enterprises,Dist.,The Derma Co.,Monthly dynamic Cont% (secondary-driven),6,Dec'25–May'26,38.42,10.24,71.08,Medium,Multi-chain distributor; split by secondary Cont% — validate (4 chains),,Y,Y,,,Validated (Cross-Ref),G.V Enterprises,G.V Enterprises,Keep,fuzzy match on Ship-To Name against Confirmed row in CustomerCode_Zone_State_Mapping.csv (Customer Code 1101211),mtagent pbi audit (cross-ref CustomerCode_Zone_State_Mapping.csv),2026-07-14
D-Mart,JUST MARK-Dmart,JUST MARK-Dmart,Dist.,Mamaearth,Monthly dynamic Cont% (secondary-driven),9,Apr'25–May'26,100.0,100.0,100.0,High,Distributor serving a single chain; account has 2 ship-to variants/branches — confirm roll-up,,,,,Y,Validated (Cross-Ref),JUST MARK-D-Mart,JUST MARK-D-Mart,Merge,fuzzy match on Ship-To Name against Confirmed row in CustomerCode_Zone_State_Mapping.csv (Customer Code 1102442),mtagent pbi audit (cross-ref CustomerCode_Zone_State_Mapping.csv),2026-07-14
D-Mart,JUST MARK-Dmart,JUST MARK-Dmart,Dist.,The Derma Co.,Monthly dynamic Cont% (secondary-driven),2,Jan'26–Feb'26,100.0,100.0,100.0,High,Distributor serving a single chain; account has 2 ship-to variants/branches — confirm roll-up,,,,,Y,Validated (Cross-Ref),JUST MARK-D-Mart,JUST MARK-D-Mart,Merge,fuzzy match on Ship-To Name against Confirmed row in CustomerCode_Zone_State_Mapping.csv (Customer Code 1102442),mtagent pbi audit (cross-ref CustomerCode_Zone_State_Mapping.csv),2026-07-14
D-Mart,JUST MARK-Dmart_ship to,JUST MARK-Dmart,Dist.,Mamaearth,Monthly dynamic Cont% (secondary-driven),14,Apr'25–May'26,100.0,100.0,100.0,High,Distributor serving a single chain; account has 2 ship-to variants/branches — confirm roll-up,,,,,Y,Validated (High-Confidence Auto),D-Mart,JUST MARK-Dmart,Keep,no Confirmed cross-reference found; auto-accepted as a direct 1:1 ship-to->chain mapping (High confidence per the file's own methodology),mtagent pbi audit (cross-ref CustomerCode_Zone_State_Mapping.csv),2026-07-14
D-Mart,JUST MARK-Dmart_ship to,JUST MARK-Dmart,Dist.,The Derma Co.,Monthly dynamic Cont% (secondary-driven),6,Dec'25–May'26,100.0,100.0,100.0,High,Distributor serving a single chain; account has 2 ship-to variants/branches — confirm roll-up,,,,,Y,Validated (High-Confidence Auto),D-Mart,JUST MARK-Dmart,Keep,no Confirmed cross-reference found; auto-accepted as a direct 1:1 ship-to->chain mapping (High confidence per the file's own methodology),mtagent pbi audit (cross-ref CustomerCode_Zone_State_Mapping.csv),2026-07-14
D-Mart,Kiran Trading Co_Shipto (Solapur),Kiran Trading Co,Dist.,Aqualogica,Monthly dynamic Cont% (secondary-driven),2,Mar'26–Apr'26,100.0,100.0,100.0,High,Distributor serving a single chain,,,,,,Validated (High-Confidence Auto),D-Mart,Kiran Trading Co,Keep,no Confirmed cross-reference found; auto-accepted as a direct 1:1 ship-to->chain mapping (High confidence per the file's own methodology),mtagent pbi audit (cross-ref CustomerCode_Zone_State_Mapping.csv),2026-07-14
D-Mart,Kiran Trading Co_Shipto (Solapur),Kiran Trading Co,Dist.,Mamaearth,Monthly dynamic Cont% (secondary-driven),9,Sep'25–May'26,100.0,100.0,100.0,High,Distributor serving a single chain,,,,,,Validated (High-Confidence Auto),D-Mart,Kiran Trading Co,Keep,no Confirmed cross-reference found; auto-accepted as a direct 1:1 ship-to->chain mapping (High confidence per the file's own methodology),mtagent pbi audit (cross-ref CustomerCode_Zone_State_Mapping.csv),2026-07-14
D-Mart,Kiran Trading Co_Shipto (Solapur),Kiran Trading Co,Dist.,The Derma Co.,Monthly dynamic Cont% (secondary-driven),6,Dec'25–May'26,100.0,100.0,100.0,High,Distributor serving a single chain,,,,,,Validated (High-Confidence Auto),D-Mart,Kiran Trading Co,Keep,no Confirmed cross-reference found; auto-accepted as a direct 1:1 ship-to->chain mapping (High confidence per the file's own methodology),mtagent pbi audit (cross-ref CustomerCode_Zone_State_Mapping.csv),2026-07-14
D-Mart,Kiran Trading Co- Dmart,Kiran Trading Co- Dmart,Dist.,Aqualogica,Monthly dynamic Cont% (secondary-driven),2,Apr'26–May'26,100.0,100.0,100.0,High,Distributor serving a single chain,,,,,,Validated (High-Confidence Auto),D-Mart,Kiran Trading Co- Dmart,Keep,no Confirmed cross-reference found; auto-accepted as a direct 1:1 ship-to->chain mapping (High confidence per the file's own methodology),mtagent pbi audit (cross-ref CustomerCode_Zone_State_Mapping.csv),2026-07-14
D-Mart,Kiran Trading Co- Dmart,Kiran Trading Co- Dmart,Dist.,Mamaearth,Monthly dynamic Cont% (secondary-driven),11,Apr'25–May'26,100.0,100.0,100.0,High,Distributor serving a single chain,,,,,,Validated (High-Confidence Auto),D-Mart,Kiran Trading Co- Dmart,Keep,no Confirmed cross-reference found; auto-accepted as a direct 1:1 ship-to->chain mapping (High confidence per the file's own methodology),mtagent pbi audit (cross-ref CustomerCode_Zone_State_Mapping.csv),2026-07-14
D-Mart,Kiran Trading Co- Dmart,Kiran Trading Co- Dmart,Dist.,The Derma Co.,Monthly dynamic Cont% (secondary-driven),2,Feb'26–Apr'26,100.0,100.0,100.0,High,Distributor serving a single chain,,,,,,Validated (High-Confidence Auto),D-Mart,Kiran Trading Co- Dmart,Keep,no Confirmed cross-reference found; auto-accepted as a direct 1:1 ship-to->chain mapping (High confidence per the file's own methodology),mtagent pbi audit (cross-ref CustomerCode_Zone_State_Mapping.csv),2026-07-14
D-Mart,Kiran Trading Company_Ship to,Kiran Trading Company,Dist.,Aqualogica,Monthly dynamic Cont% (secondary-driven),3,Mar'26–May'26,100.0,100.0,100.0,High,Distributor serving a single chain,,,,,,Validated (High-Confidence Auto),D-Mart,Kiran Trading Company,Keep,no Confirmed cross-reference found; auto-accepted as a direct 1:1 ship-to->chain mapping (High confidence per the file's own methodology),mtagent pbi audit (cross-ref CustomerCode_Zone_State_Mapping.csv),2026-07-14
D-Mart,Kiran Trading Company_Ship to,Kiran Trading Company,Dist.,Mamaearth,Monthly dynamic Cont% (secondary-driven),14,Apr'25–May'26,87.5,0.0,100.0,High,Distributor serving a single chain,,,,,,Validated (High-Confidence Auto),D-Mart,Kiran Trading Company,Keep,no Confirmed cross-reference found; auto-accepted as a direct 1:1 ship-to->chain mapping (High confidence per the file's own methodology),mtagent pbi audit (cross-ref CustomerCode_Zone_State_Mapping.csv),2026-07-14
D-Mart,Kiran Trading Company_Ship to,Kiran Trading Company,Dist.,The Derma Co.,Monthly dynamic Cont% (secondary-driven),6,Dec'25–May'26,100.0,100.0,100.0,High,Distributor serving a single chain,,,,,,Validated (High-Confidence Auto),D-Mart,Kiran Trading Company,Keep,no Confirmed cross-reference found; auto-accepted as a direct 1:1 ship-to->chain mapping (High confidence per the file's own methodology),mtagent pbi audit (cross-ref CustomerCode_Zone_State_Mapping.csv),2026-07-14
D-Mart,PRAGATI SALES-D-MART,PRAGATI SALES-D-MART,Dist.,Aqualogica,Monthly dynamic Cont% (secondary-driven),2,Apr'26–May'26,100.0,100.0,100.0,High,Multi-chain distributor; chain name in ship-to (2 chains),,,Y,,,Validated (Cross-Ref),PRAGATI SALES-D-MART,PRAGATI SALES-D-MART,Keep,fuzzy match on Ship-To Name against Confirmed row in CustomerCode_Zone_State_Mapping.csv (Customer Code 1103110),mtagent pbi audit (cross-ref CustomerCode_Zone_State_Mapping.csv),2026-07-14
D-Mart,PRAGATI SALES-D-MART,PRAGATI SALES-D-MART,Dist.,Mamaearth,Monthly dynamic Cont% (secondary-driven),13,Apr'25–May'26,99.17,94.08,100.0,High,Multi-chain distributor; chain name in ship-to (2 chains),,,Y,,,Validated (Cross-Ref),PRAGATI SALES-D-MART,PRAGATI SALES-D-MART,Keep,fuzzy match on Ship-To Name against Confirmed row in CustomerCode_Zone_State_Mapping.csv (Customer Code 1103110),mtagent pbi audit (cross-ref CustomerCode_Zone_State_Mapping.csv),2026-07-14
D-Mart,PRAGATI SALES-D-MART,PRAGATI SALES-D-MART,Dist.,The Derma Co.,Monthly dynamic Cont% (secondary-driven),5,Dec'25–May'26,100.0,100.0,100.0,High,Multi-chain distributor; chain name in ship-to (2 chains),,,Y,,,Validated (Cross-Ref),PRAGATI SALES-D-MART,PRAGATI SALES-D-MART,Keep,fuzzy match on Ship-To Name against Confirmed row in CustomerCode_Zone_State_Mapping.csv (Customer Code 1103110),mtagent pbi audit (cross-ref CustomerCode_Zone_State_Mapping.csv),2026-07-14
D-Mart,SAI SAACHI ASSOCIATES-MT-OR,SAI SAACHI ASSOCIATES,Dist.,Mamaearth,Monthly dynamic Cont% (secondary-driven),1,Apr'26–Apr'26,41.31,41.31,41.31,Medium,Multi-chain distributor; split by secondary Cont% — validate (4 chains),,Y,Y,,,Validated (Cross-Ref),SAI SAACHI ASSOCIATES-MT-OR,SAI SAACHI ASSOCIATES-MT-OR,Keep,fuzzy match on Ship-To Name against Confirmed row in CustomerCode_Zone_State_Mapping.csv (Customer Code 1103818),mtagent pbi audit (cross-ref CustomerCode_Zone_State_Mapping.csv),2026-07-14
D-Mart,Sathyashree Enterprises-Mt,Sathyashree Enterprises,Dist.,Mamaearth,Monthly dynamic Cont% (secondary-driven),5,Apr'25–Nov'25,100.0,100.0,100.0,High,Distributor serving a single chain,,,,,,Validated (Cross-Ref),Sathyashree Enterprises-D-Mart,Sathyashree Enterprises-D-Mart,Keep,exact match on Ship-To Name against Confirmed row in CustomerCode_Zone_State_Mapping.csv (Customer Code 1102289),mtagent pbi audit (cross-ref CustomerCode_Zone_State_Mapping.csv),2026-07-14
D-Mart,Sri Vijaya Durga Agencies_Mt,Sri Vijaya Durga Agencies,Dist.,Aqualogica,Monthly dynamic Cont% (secondary-driven),2,Mar'26–May'26,90.9,82.19,99.61,Medium,Multi-chain distributor; split by secondary Cont% — validate (7 chains),,Y,Y,,,Validated (Cross-Ref),Sri Vijaya Durga Agencies,Sri Vijaya Durga Agencies,Keep,exact match on Ship-To Name against Confirmed row in CustomerCode_Zone_State_Mapping.csv (Customer Code 1101181),mtagent pbi audit (cross-ref CustomerCode_Zone_State_Mapping.csv),2026-07-14
D-Mart,Sri Vijaya Durga Agencies_Mt,Sri Vijaya Durga Agencies,Dist.,Mamaearth,Monthly dynamic Cont% (secondary-driven),14,Apr'25–May'26,31.36,6.93,60.28,Medium,Multi-chain distributor; split by secondary Cont% — validate (7 chains),,Y,Y,,,Validated (Cross-Ref),Sri Vijaya Durga Agencies,Sri Vijaya Durga Agencies,Keep,exact match on Ship-To Name against Confirmed row in CustomerCode_Zone_State_Mapping.csv (Customer Code 1101181),mtagent pbi audit (cross-ref CustomerCode_Zone_State_Mapping.csv),2026-07-14
D-Mart,Sri Vijaya Durga Agencies_Mt,Sri Vijaya Durga Agencies,Dist.,The Derma Co.,Monthly dynamic Cont% (secondary-driven),6,Dec'25–May'26,40.66,1.78,88.55,Medium,Multi-chain distributor; split by secondary Cont% — validate (7 chains),,Y,Y,,,Validated (Cross-Ref),Sri Vijaya Durga Agencies,Sri Vijaya Durga Agencies,Keep,exact match on Ship-To Name against Confirmed row in CustomerCode_Zone_State_Mapping.csv (Customer Code 1101181),mtagent pbi audit (cross-ref CustomerCode_Zone_State_Mapping.csv),2026-07-14
D-Mart,VISHAL ENTERPRISES_Solapur,VISHAL ENTERPRISES_Solapur,Dist.,Aqualogica,Monthly dynamic Cont% (secondary-driven),1,Mar'26–Mar'26,100.0,100.0,100.0,High,Distributor serving a single chain,,,,,,Validated (Cross-Ref),VISHAL ENTERPRISES-D-Mart,VISHAL ENTERPRISES-D-Mart,Keep,exact match on Ship-To Name against Confirmed row in CustomerCode_Zone_State_Mapping.csv (Customer Code 1101548),mtagent pbi audit (cross-ref CustomerCode_Zone_State_Mapping.csv),2026-07-14
D-Mart,VISHAL ENTERPRISES_Solapur,VISHAL ENTERPRISES_Solapur,Dist.,Mamaearth,Monthly dynamic Cont% (secondary-driven),14,Apr'25–May'26,100.0,100.0,100.0,High,Distributor serving a single chain,,,,,,Validated (Cross-Ref),VISHAL ENTERPRISES-D-Mart,VISHAL ENTERPRISES-D-Mart,Keep,exact match on Ship-To Name against Confirmed row in CustomerCode_Zone_State_Mapping.csv (Customer Code 1101548),mtagent pbi audit (cross-ref CustomerCode_Zone_State_Mapping.csv),2026-07-14
D-Mart,VISHAL ENTERPRISES_Solapur,VISHAL ENTERPRISES_Solapur,Dist.,The Derma Co.,Monthly dynamic Cont% (secondary-driven),2,Dec'25–Jan'26,100.0,100.0,100.0,High,Distributor serving a single chain,,,,,,Validated (Cross-Ref),VISHAL ENTERPRISES-D-Mart,VISHAL ENTERPRISES-D-Mart,Keep,exact match on Ship-To Name against Confirmed row in CustomerCode_Zone_State_Mapping.csv (Customer Code 1101548),mtagent pbi audit (cross-ref CustomerCode_Zone_State_Mapping.csv),2026-07-14
D-Mart,Vanaja Agencies_Mt,Vanaja Agencies,Dist.,Mamaearth,Monthly dynamic Cont% (secondary-driven),1,May'26–May'26,100.0,100.0,100.0,Medium,Multi-chain distributor; split by secondary Cont% — validate (9 chains),,Y,Y,,,Validated (Cross-Ref),Vanaja Agencies-MT,Vanaja Agencies-MT,Keep,exact match on Ship-To Name against Confirmed row in CustomerCode_Zone_State_Mapping.csv (Customer Code 1100998),mtagent pbi audit (cross-ref CustomerCode_Zone_State_Mapping.csv),2026-07-14
D-Mart,Vanaja Agencies MT_Dmart,Vanaja Agencies MT_Dmart,Dist.,Mamaearth,Monthly dynamic Cont% (secondary-driven),8,Apr'25–May'26,100.0,100.0,100.0,High,Distributor serving a single chain,,,,,,Validated (Cross-Ref),Vanaja Agencies MT_D-Mart,Vanaja Agencies MT_D-Mart,Keep,exact match on Ship-To Name against Confirmed row in CustomerCode_Zone_State_Mapping.csv (Customer Code 1102420),mtagent pbi audit (cross-ref CustomerCode_Zone_State_Mapping.csv),2026-07-14
D-Mart,Vanaja Agencies MT_Dmart,Vanaja Agencies MT_Dmart,Dist.,The Derma Co.,Monthly dynamic Cont% (secondary-driven),1,Apr'25–Apr'25,100.0,100.0,100.0,High,Distributor serving a single chain,,,,,,Validated (Cross-Ref),Vanaja Agencies MT_D-Mart,Vanaja Agencies MT_D-Mart,Keep,exact match on Ship-To Name against Confirmed row in CustomerCode_Zone_State_Mapping.csv (Customer Code 1102420),mtagent pbi audit (cross-ref CustomerCode_Zone_State_Mapping.csv),2026-07-14
Deal Share,CHHABRA TRADERS_Ship To,CHHABRA TRADERS,Dist.,Mamaearth,Monthly dynamic Cont% (secondary-driven),1,Dec'25–Dec'25,12.15,12.15,12.15,Medium,Multi-chain distributor; split by secondary Cont% — validate (5 chains),,Y,Y,,,Pending,,,Needs Check,,,
Deal Share,Chhabra Traders,Chhabra Traders,Dist.,Mamaearth,Monthly dynamic Cont% (secondary-driven),1,Mar'26–Mar'26,0.16,0.16,0.16,Medium,Multi-chain distributor; split by secondary Cont% — validate (5 chains),,Y,Y,,,Validated (Cross-Ref),CHHABRA TRADERS,CHHABRA TRADERS,Keep,fuzzy match on Ship-To Name against Confirmed row in CustomerCode_Zone_State_Mapping.csv (Customer Code 1103093),mtagent pbi audit (cross-ref CustomerCode_Zone_State_Mapping.csv),2026-07-14
Deal Share,D.L. Sales - MT,D.L. Sales,Dist.,Mamaearth,Monthly dynamic Cont% (secondary-driven),2,Dec'25–Feb'26,5.82,1.25,11.08,Medium,Multi-chain distributor; split by secondary Cont% — validate (13 chains),,Y,Y,,,Validated (Cross-Ref),D.L. Sales - MT,D.L. Sales - MT,Keep,fuzzy match on Ship-To Name against Confirmed row in CustomerCode_Zone_State_Mapping.csv (Customer Code 1102945),mtagent pbi audit (cross-ref CustomerCode_Zone_State_Mapping.csv),2026-07-14
Deal Share,MANOJ SOAP AGENCY-MT,MANOJ SOAP AGENCY,Dist.,Mamaearth,Monthly dynamic Cont% (secondary-driven),1,May'26–May'26,100.0,100.0,100.0,Medium,Multi-chain distributor; split by secondary Cont% — validate (2 chains),,Y,Y,,,Validated (Cross-Ref),MANOJ SOAP AGENCY-MT,MANOJ SOAP AGENCY-MT,Keep,fuzzy match on Ship-To Name against Confirmed row in CustomerCode_Zone_State_Mapping.csv (Customer Code 1104761),mtagent pbi audit (cross-ref CustomerCode_Zone_State_Mapping.csv),2026-07-14
Deal Share,MANOJ SOAP AGENCY-MT,MANOJ SOAP AGENCY,Dist.,The Derma Co.,Monthly dynamic Cont% (secondary-driven),2,Apr'26–May'26,100.0,100.0,100.0,Medium,Multi-chain distributor; split by secondary Cont% — validate (2 chains),,Y,Y,,,Validated (Cross-Ref),MANOJ SOAP AGENCY-MT,MANOJ SOAP AGENCY-MT,Keep,fuzzy match on Ship-To Name against Confirmed row in CustomerCode_Zone_State_Mapping.csv (Customer Code 1104761),mtagent pbi audit (cross-ref CustomerCode_Zone_State_Mapping.csv),2026-07-14
Deal Share,Sancus Networks Private Limited-RMT,Sancus Networks Private Limited,Dist.,Mamaearth,Monthly dynamic Cont% (secondary-driven),1,Mar'26–Mar'26,5.93,5.93,5.93,Medium,Multi-chain distributor; split by secondary Cont% — validate (5 chains),,Y,Y,,,Pending,,,Needs Check,,,
Eremedium,Eremedium Private Limited_Shipto,Eremedium Private Limited,Direct,The Derma Co.,Monthly dynamic Cont% (secondary-driven),10,Apr'25–May'26,100.0,100.0,100.0,High,Direct ship-to → single chain (1:1),,,,,,Validated (High-Confidence Auto),Eremedium,Eremedium Private Limited,Keep,no Confirmed cross-reference found; auto-accepted as a direct 1:1 ship-to->chain mapping (High confidence per the file's own methodology),mtagent pbi audit (cross-ref CustomerCode_Zone_State_Mapping.csv),2026-07-14
Eremedium,Eremedium Private Limited_Dosi,Eremedium Private Limited_Dosi,Direct,The Derma Co.,Monthly dynamic Cont% (secondary-driven),2,Apr'25–May'25,100.0,100.0,100.0,High,Direct ship-to → single chain (1:1),,,,,,Validated (High-Confidence Auto),Eremedium,Eremedium Private Limited_Dosi,Keep,no Confirmed cross-reference found; auto-accepted as a direct 1:1 ship-to->chain mapping (High confidence per the file's own methodology),mtagent pbi audit (cross-ref CustomerCode_Zone_State_Mapping.csv),2026-07-14
Frank Ross,Az Enterprises,Az Enterprises,Dist.,Mamaearth,Monthly dynamic Cont% (secondary-driven),2,Dec'25–Jan'26,0.95,0.56,1.33,Medium,Multi-chain distributor; split by secondary Cont% — validate (9 chains); account has 2 ship-to variants/branches — confirm roll-up,,Y,Y,,Y,Validated (Cross-Ref),Az Enterprises-H&G,Az Enterprises-H&G,Merge,exact match on Ship-To Name against Confirmed row in CustomerCode_Zone_State_Mapping.csv (Customer Code 1100298),mtagent pbi audit (cross-ref CustomerCode_Zone_State_Mapping.csv),2026-07-14
Frank Ross,Az Enterprises,Az Enterprises,Dist.,The Derma Co.,Monthly dynamic Cont% (secondary-driven),3,Mar'26–May'26,0.13,0.0,0.19,Medium,Multi-chain distributor; split by secondary Cont% — validate (9 chains); account has 2 ship-to variants/branches — confirm roll-up,,Y,Y,,Y,Validated (Cross-Ref),Az Enterprises-H&G,Az Enterprises-H&G,Merge,exact match on Ship-To Name against Confirmed row in CustomerCode_Zone_State_Mapping.csv (Customer Code 1100298),mtagent pbi audit (cross-ref CustomerCode_Zone_State_Mapping.csv),2026-07-14
Frank Ross,Az Enterprises(Apollo/More)Mt,Az Enterprises,Dist.,Mamaearth,Monthly dynamic Cont% (secondary-driven),9,Apr'25–Feb'26,2.99,-0.04,24.01,Low,Multi-chain distributor; split by secondary Cont% — validate (9 chains); account has 2 ship-to variants/branches — confirm roll-up; NEGATIVE NSV/Cont — review,Y,,Y,Y,Y,Validated (Cross-Ref),Az Enterprises-MT,Az Enterprises-MT,Merge,exact match on Ship-To Name against Confirmed row in CustomerCode_Zone_State_Mapping.csv (Customer Code 1101158),mtagent pbi audit (cross-ref CustomerCode_Zone_State_Mapping.csv),2026-07-14
Frank Ross,D.L. Sales - MT,D.L. Sales,Dist.,Aqualogica,Monthly dynamic Cont% (secondary-driven),6,Aug'25–Apr'26,21.28,5.41,36.21,Medium,Multi-chain distributor; split by secondary Cont% — validate (13 chains),,Y,Y,,,Validated (Cross-Ref),D.L. Sales - MT,D.L. Sales - MT,Keep,fuzzy match on Ship-To Name against Confirmed row in CustomerCode_Zone_State_Mapping.csv (Customer Code 1102945),mtagent pbi audit (cross-ref CustomerCode_Zone_State_Mapping.csv),2026-07-14
Frank Ross,D.L. Sales - MT,D.L. Sales,Dist.,Mamaearth,Monthly dynamic Cont% (secondary-driven),14,Apr'25–May'26,5.6,0.53,18.21,Medium,Multi-chain distributor; split by secondary Cont% — validate (13 chains),,Y,Y,,,Validated (Cross-Ref),D.L. Sales - MT,D.L. Sales - MT,Keep,fuzzy match on Ship-To Name against Confirmed row in CustomerCode_Zone_State_Mapping.csv (Customer Code 1102945),mtagent pbi audit (cross-ref CustomerCode_Zone_State_Mapping.csv),2026-07-14
Frank Ross,D.L. Sales - MT,D.L. Sales,Dist.,The Derma Co.,Monthly dynamic Cont% (secondary-driven),10,May'25–May'26,19.58,0.45,60.66,Medium,Multi-chain distributor; split by secondary Cont% — validate (13 chains),,Y,Y,,,Validated (Cross-Ref),D.L. Sales - MT,D.L. Sales - MT,Keep,fuzzy match on Ship-To Name against Confirmed row in CustomerCode_Zone_State_Mapping.csv (Customer Code 1102945),mtagent pbi audit (cross-ref CustomerCode_Zone_State_Mapping.csv),2026-07-14
G N R C Medishop Pvt Ltd,SC BUSINESS COMBINE_MT,SC BUSINESS COMBINE,Dist.,Mamaearth,Monthly dynamic Cont% (secondary-driven),1,Oct'25–Oct'25,3.54,3.54,3.54,Medium,Multi-chain distributor; split by secondary Cont% — validate (3 chains),,Y,Y,,,Validated (Cross-Ref),SC BUSINESS COMBINE,SC BUSINESS COMBINE,Keep,exact match on Ship-To Name against Confirmed row in CustomerCode_Zone_State_Mapping.csv (Customer Code 1101657),mtagent pbi audit (cross-ref CustomerCode_Zone_State_Mapping.csv),2026-07-14
Grace Super MKT,Sri Lalitha Enterprises,Sri Lalitha Enterprises,Dist.,Mamaearth,Monthly dynamic Cont% (secondary-driven),4,Apr'25–Jul'25,41.82,20.73,100.0,Medium,Multi-chain distributor; split by secondary Cont% — validate (3 chains),,Y,Y,,,Validated (Cross-Ref),Sri Lalitha Enterprises,Sri Lalitha Enterprises,Keep,fuzzy match on Ship-To Name against Confirmed row in CustomerCode_Zone_State_Mapping.csv (Customer Code 1103183),mtagent pbi audit (cross-ref CustomerCode_Zone_State_Mapping.csv),2026-07-14
Guardian,Guardian Healthcare Services Pvt Ltd(DL),Guardian Healthcare Services Pvt Ltd,Direct,Aqualogica,Monthly dynamic Cont% (secondary-driven),9,Jul'25–May'26,100.0,100.0,100.0,High,Direct ship-to → single chain (1:1),,,,,,Validated (Cross-Ref),Guardian Healthcare-Delhi,Guardian Healthcare-Delhi,Keep,exact match on Ship-To Name against Confirmed row in CustomerCode_Zone_State_Mapping.csv (Customer Code 1100354),mtagent pbi audit (cross-ref CustomerCode_Zone_State_Mapping.csv),2026-07-14
Guardian,Guardian Healthcare Services Pvt Ltd(DL),Guardian Healthcare Services Pvt Ltd,Direct,Mamaearth,Monthly dynamic Cont% (secondary-driven),12,Apr'25–May'26,100.0,100.0,100.0,High,Direct ship-to → single chain (1:1),,,,,,Validated (Cross-Ref),Guardian Healthcare-Delhi,Guardian Healthcare-Delhi,Keep,exact match on Ship-To Name against Confirmed row in CustomerCode_Zone_State_Mapping.csv (Customer Code 1100354),mtagent pbi audit (cross-ref CustomerCode_Zone_State_Mapping.csv),2026-07-14
Guardian,Guardian Healthcare Services Pvt Ltd(DL),Guardian Healthcare Services Pvt Ltd,Direct,The Derma Co.,Monthly dynamic Cont% (secondary-driven),12,Apr'25–May'26,100.0,100.0,100.0,High,Direct ship-to → single chain (1:1),,,,,,Validated (Cross-Ref),Guardian Healthcare-Delhi,Guardian Healthcare-Delhi,Keep,exact match on Ship-To Name against Confirmed row in CustomerCode_Zone_State_Mapping.csv (Customer Code 1100354),mtagent pbi audit (cross-ref CustomerCode_Zone_State_Mapping.csv),2026-07-14
Health & Glow,Arc Foods And Beverages_Mt_H&G,Arc Foods And Beverages_Mt_H&G,Dist.,Aqualogica,Monthly dynamic Cont% (secondary-driven),10,Apr'25–Mar'26,91.25,68.24,100.0,High,Multi-chain distributor; chain name in ship-to (3 chains),,,Y,,,Validated (Cross-Ref),Arc Foods And Beverages,Arc Foods And Beverages,Keep,exact match on Ship-To Name against Confirmed row in CustomerCode_Zone_State_Mapping.csv (Customer Code 1101156),mtagent pbi audit (cross-ref CustomerCode_Zone_State_Mapping.csv),2026-07-14
Health & Glow,Arc Foods And Beverages_Mt_H&G,Arc Foods And Beverages_Mt_H&G,Dist.,BBlunt,Monthly dynamic Cont% (secondary-driven),10,Apr'25–Mar'26,89.67,4.79,100.0,High,Multi-chain distributor; chain name in ship-to (3 chains),,,Y,,,Validated (Cross-Ref),Arc Foods And Beverages,Arc Foods And Beverages,Keep,exact match on Ship-To Name against Confirmed row in CustomerCode_Zone_State_Mapping.csv (Customer Code 1101156),mtagent pbi audit (cross-ref CustomerCode_Zone_State_Mapping.csv),2026-07-14
Health & Glow,Arc Foods And Beverages_Mt_H&G,Arc Foods And Beverages_Mt_H&G,Dist.,Dr. Sheth's,Monthly dynamic Cont% (secondary-driven),2,Oct'25–Mar'26,100.0,100.0,100.0,High,Multi-chain distributor; chain name in ship-to (3 chains),,,Y,,,Validated (Cross-Ref),Arc Foods And Beverages,Arc Foods And Beverages,Keep,exact match on Ship-To Name against Confirmed row in CustomerCode_Zone_State_Mapping.csv (Customer Code 1101156),mtagent pbi audit (cross-ref CustomerCode_Zone_State_Mapping.csv),2026-07-14
Health & Glow,Arc Foods And Beverages_Mt_H&G,Arc Foods And Beverages_Mt_H&G,Dist.,Mamaearth,Monthly dynamic Cont% (secondary-driven),10,Apr'25–Mar'26,43.44,26.16,100.0,High,Multi-chain distributor; chain name in ship-to (3 chains),,,Y,,,Validated (Cross-Ref),Arc Foods And Beverages,Arc Foods And Beverages,Keep,exact match on Ship-To Name against Confirmed row in CustomerCode_Zone_State_Mapping.csv (Customer Code 1101156),mtagent pbi audit (cross-ref CustomerCode_Zone_State_Mapping.csv),2026-07-14
Health & Glow,Arc Foods And Beverages_Mt_H&G,Arc Foods And Beverages_Mt_H&G,Dist.,The Derma Co.,Monthly dynamic Cont% (secondary-driven),10,Apr'25–Mar'26,63.63,21.7,100.0,High,Multi-chain distributor; chain name in ship-to (3 chains),,,Y,,,Validated (Cross-Ref),Arc Foods And Beverages,Arc Foods And Beverages,Keep,exact match on Ship-To Name against Confirmed row in CustomerCode_Zone_State_Mapping.csv (Customer Code 1101156),mtagent pbi audit (cross-ref CustomerCode_Zone_State_Mapping.csv),2026-07-14
Health & Glow,Az Enterprises,Az Enterprises,Dist.,Aqualogica,Monthly dynamic Cont% (secondary-driven),8,Oct'25–May'26,41.42,17.01,72.37,Medium,Multi-chain distributor; split by secondary Cont% — validate (9 chains); account has 2 ship-to variants/branches — confirm roll-up,,Y,Y,,Y,Validated (Cross-Ref),Az Enterprises-H&G,Az Enterprises-H&G,Merge,exact match on Ship-To Name against Confirmed row in CustomerCode_Zone_State_Mapping.csv (Customer Code 1100298),mtagent pbi audit (cross-ref CustomerCode_Zone_State_Mapping.csv),2026-07-14
Health & Glow,Az Enterprises,Az Enterprises,Dist.,BBlunt,Monthly dynamic Cont% (secondary-driven),7,Nov'25–May'26,93.3,76.07,100.0,Medium,Multi-chain distributor; split by secondary Cont% — validate (9 chains); account has 2 ship-to variants/branches — confirm roll-up,,Y,Y,,Y,Validated (Cross-Ref),Az Enterprises-H&G,Az Enterprises-H&G,Merge,exact match on Ship-To Name against Confirmed row in CustomerCode_Zone_State_Mapping.csv (Customer Code 1100298),mtagent pbi audit (cross-ref CustomerCode_Zone_State_Mapping.csv),2026-07-14
Health & Glow,Az Enterprises,Az Enterprises,Dist.,Mamaearth,Monthly dynamic Cont% (secondary-driven),8,Sep'25–May'26,22.53,0.98,100.0,Medium,Multi-chain distributor; split by secondary Cont% — validate (9 chains); account has 2 ship-to variants/branches — confirm roll-up,,Y,Y,,Y,Validated (Cross-Ref),Az Enterprises-H&G,Az Enterprises-H&G,Merge,exact match on Ship-To Name against Confirmed row in CustomerCode_Zone_State_Mapping.csv (Customer Code 1100298),mtagent pbi audit (cross-ref CustomerCode_Zone_State_Mapping.csv),2026-07-14
Health & Glow,Az Enterprises,Az Enterprises,Dist.,The Derma Co.,Monthly dynamic Cont% (secondary-driven),7,Sep'25–May'26,30.68,2.08,100.0,Medium,Multi-chain distributor; split by secondary Cont% — validate (9 chains); account has 2 ship-to variants/branches — confirm roll-up,,Y,Y,,Y,Validated (Cross-Ref),Az Enterprises-H&G,Az Enterprises-H&G,Merge,exact match on Ship-To Name against Confirmed row in CustomerCode_Zone_State_Mapping.csv (Customer Code 1100298),mtagent pbi audit (cross-ref CustomerCode_Zone_State_Mapping.csv),2026-07-14
Health & Glow,Az Enterprises(Apollo/More)Mt,Az Enterprises,Dist.,Aqualogica,Monthly dynamic Cont% (secondary-driven),6,Apr'25–Sep'25,50.68,31.46,62.32,Medium,Multi-chain distributor; split by secondary Cont% — validate (9 chains); account has 2 ship-to variants/branches — confirm roll-up,,Y,Y,,Y,Validated (Cross-Ref),Az Enterprises-MT,Az Enterprises-MT,Merge,exact match on Ship-To Name against Confirmed row in CustomerCode_Zone_State_Mapping.csv (Customer Code 1101158),mtagent pbi audit (cross-ref CustomerCode_Zone_State_Mapping.csv),2026-07-14
Health & Glow,Az Enterprises(Apollo/More)Mt,Az Enterprises,Dist.,BBlunt,Monthly dynamic Cont% (secondary-driven),7,Apr'25–Oct'25,94.11,74.3,100.0,Medium,Multi-chain distributor; split by secondary Cont% — validate (9 chains); account has 2 ship-to variants/branches — confirm roll-up,,Y,Y,,Y,Validated (Cross-Ref),Az Enterprises-MT,Az Enterprises-MT,Merge,exact match on Ship-To Name against Confirmed row in CustomerCode_Zone_State_Mapping.csv (Customer Code 1101158),mtagent pbi audit (cross-ref CustomerCode_Zone_State_Mapping.csv),2026-07-14
Health & Glow,Az Enterprises(Apollo/More)Mt,Az Enterprises,Dist.,Dr. Sheth's,Monthly dynamic Cont% (secondary-driven),3,Oct'25–Apr'26,99.89,99.68,100.0,Medium,Multi-chain distributor; split by secondary Cont% — validate (9 chains); account has 2 ship-to variants/branches — confirm roll-up,,Y,Y,,Y,Validated (Cross-Ref),Az Enterprises-MT,Az Enterprises-MT,Merge,exact match on Ship-To Name against Confirmed row in CustomerCode_Zone_State_Mapping.csv (Customer Code 1101158),mtagent pbi audit (cross-ref CustomerCode_Zone_State_Mapping.csv),2026-07-14
Health & Glow,Az Enterprises(Apollo/More)Mt,Az Enterprises,Dist.,Mamaearth,Monthly dynamic Cont% (secondary-driven),9,Apr'25–Feb'26,16.57,3.37,48.1,Medium,Multi-chain distributor; split by secondary Cont% — validate (9 chains); account has 2 ship-to variants/branches — confirm roll-up,,Y,Y,,Y,Validated (Cross-Ref),Az Enterprises-MT,Az Enterprises-MT,Merge,exact match on Ship-To Name against Confirmed row in CustomerCode_Zone_State_Mapping.csv (Customer Code 1101158),mtagent pbi audit (cross-ref CustomerCode_Zone_State_Mapping.csv),2026-07-14
Health & Glow,Az Enterprises(Apollo/More)Mt,Az Enterprises,Dist.,The Derma Co.,Monthly dynamic Cont% (secondary-driven),9,Apr'25–Mar'26,47.99,8.86,100.0,Medium,Multi-chain distributor; split by secondary Cont% — validate (9 chains); account has 2 ship-to variants/branches — confirm roll-up,,Y,Y,,Y,Validated (Cross-Ref),Az Enterprises-MT,Az Enterprises-MT,Merge,exact match on Ship-To Name against Confirmed row in CustomerCode_Zone_State_Mapping.csv (Customer Code 1101158),mtagent pbi audit (cross-ref CustomerCode_Zone_State_Mapping.csv),2026-07-14
Health & Glow,D.L. Sales - MT,D.L. Sales,Dist.,Aqualogica,Monthly dynamic Cont% (secondary-driven),13,Apr'25–Apr'26,16.01,5.47,43.89,Medium,Multi-chain distributor; split by secondary Cont% — validate (13 chains),,Y,Y,,,Validated (Cross-Ref),D.L. Sales - MT,D.L. Sales - MT,Keep,fuzzy match on Ship-To Name against Confirmed row in CustomerCode_Zone_State_Mapping.csv (Customer Code 1102945),mtagent pbi audit (cross-ref CustomerCode_Zone_State_Mapping.csv),2026-07-14
Health & Glow,D.L. Sales - MT,D.L. Sales,Dist.,BBlunt,Monthly dynamic Cont% (secondary-driven),13,Apr'25–Apr'26,81.93,32.74,100.0,Medium,Multi-chain distributor; split by secondary Cont% — validate (13 chains),,Y,Y,,,Validated (Cross-Ref),D.L. Sales - MT,D.L. Sales - MT,Keep,fuzzy match on Ship-To Name against Confirmed row in CustomerCode_Zone_State_Mapping.csv (Customer Code 1102945),mtagent pbi audit (cross-ref CustomerCode_Zone_State_Mapping.csv),2026-07-14
Health & Glow,D.L. Sales - MT,D.L. Sales,Dist.,Dr. Sheth's,Monthly dynamic Cont% (secondary-driven),2,Oct'25–Feb'26,100.0,100.0,100.0,Medium,Multi-chain distributor; split by secondary Cont% — validate (13 chains),,Y,Y,,,Validated (Cross-Ref),D.L. Sales - MT,D.L. Sales - MT,Keep,fuzzy match on Ship-To Name against Confirmed row in CustomerCode_Zone_State_Mapping.csv (Customer Code 1102945),mtagent pbi audit (cross-ref CustomerCode_Zone_State_Mapping.csv),2026-07-14
Health & Glow,D.L. Sales - MT,D.L. Sales,Dist.,Mamaearth,Monthly dynamic Cont% (secondary-driven),13,Apr'25–Apr'26,3.0,0.08,7.28,Medium,Multi-chain distributor; split by secondary Cont% — validate (13 chains),,Y,Y,,,Validated (Cross-Ref),D.L. Sales - MT,D.L. Sales - MT,Keep,fuzzy match on Ship-To Name against Confirmed row in CustomerCode_Zone_State_Mapping.csv (Customer Code 1102945),mtagent pbi audit (cross-ref CustomerCode_Zone_State_Mapping.csv),2026-07-14
Health & Glow,D.L. Sales - MT,D.L. Sales,Dist.,The Derma Co.,Monthly dynamic Cont% (secondary-driven),13,Apr'25–Apr'26,20.15,0.54,54.39,Medium,Multi-chain distributor; split by secondary Cont% — validate (13 chains),,Y,Y,,,Validated (Cross-Ref),D.L. Sales - MT,D.L. Sales - MT,Keep,fuzzy match on Ship-To Name against Confirmed row in CustomerCode_Zone_State_Mapping.csv (Customer Code 1102945),mtagent pbi audit (cross-ref CustomerCode_Zone_State_Mapping.csv),2026-07-14
Health & Glow,Health & Glow Private limited-HG-RO-WB,Health & Glow Private limited-HG-RO,Direct,Aqualogica,Monthly dynamic Cont% (secondary-driven),1,Apr'26–Apr'26,100.0,100.0,100.0,High,Direct ship-to → single chain (1:1),,,,,,Validated (High-Confidence Auto),Health & Glow,Health & Glow Private limited-HG-RO,Keep,no Confirmed cross-reference found; auto-accepted as a direct 1:1 ship-to->chain mapping (High confidence per the file's own methodology),mtagent pbi audit (cross-ref CustomerCode_Zone_State_Mapping.csv),2026-07-14
Health & Glow,Health & Glow Private limited-HG-RO-WB,Health & Glow Private limited-HG-RO,Direct,BBlunt,Monthly dynamic Cont% (secondary-driven),2,Apr'26–May'26,100.0,100.0,100.0,High,Direct ship-to → single chain (1:1),,,,,,Validated (High-Confidence Auto),Health & Glow,Health & Glow Private limited-HG-RO,Keep,no Confirmed cross-reference found; auto-accepted as a direct 1:1 ship-to->chain mapping (High confidence per the file's own methodology),mtagent pbi audit (cross-ref CustomerCode_Zone_State_Mapping.csv),2026-07-14
Health & Glow,Health & Glow Private limited-HG-RO-WB,Health & Glow Private limited-HG-RO,Direct,Mamaearth,Monthly dynamic Cont% (secondary-driven),2,Apr'26–May'26,100.0,100.0,100.0,High,Direct ship-to → single chain (1:1),,,,,,Validated (High-Confidence Auto),Health & Glow,Health & Glow Private limited-HG-RO,Keep,no Confirmed cross-reference found; auto-accepted as a direct 1:1 ship-to->chain mapping (High confidence per the file's own methodology),mtagent pbi audit (cross-ref CustomerCode_Zone_State_Mapping.csv),2026-07-14
Health & Glow,Health & Glow Private limited-HG-RO-WB,Health & Glow Private limited-HG-RO,Direct,The Derma Co.,Monthly dynamic Cont% (secondary-driven),2,Apr'26–May'26,100.0,100.0,100.0,High,Direct ship-to → single chain (1:1),,,,,,Validated (High-Confidence Auto),Health & Glow,Health & Glow Private limited-HG-RO,Keep,no Confirmed cross-reference found; auto-accepted as a direct 1:1 ship-to->chain mapping (High confidence per the file's own methodology),mtagent pbi audit (cross-ref CustomerCode_Zone_State_Mapping.csv),2026-07-14
Health & Glow,Health & Glow Private limited-HG-RO-BLR,Health & Glow Private limited-HG-RO-BLR,Direct,The Derma Co.,Monthly dynamic Cont% (secondary-driven),2,Apr'26–May'26,100.0,100.0,100.0,High,Direct ship-to → single chain (1:1),,,,,,Validated (High-Confidence Auto),Health & Glow,Health & Glow Private limited-HG-RO-BLR,Keep,no Confirmed cross-reference found; auto-accepted as a direct 1:1 ship-to->chain mapping (High confidence per the file's own methodology),mtagent pbi audit (cross-ref CustomerCode_Zone_State_Mapping.csv),2026-07-14
Health & Glow,Health & Glow Private limited-HG-RO-CHE,Health & Glow Private limited-HG-RO-CHE,Direct,Aqualogica,Monthly dynamic Cont% (secondary-driven),4,Feb'26–May'26,100.0,100.0,100.0,High,Direct ship-to → single chain (1:1),,,,,,Validated (High-Confidence Auto),Health & Glow,Health & Glow Private limited-HG-RO-CHE,Keep,no Confirmed cross-reference found; auto-accepted as a direct 1:1 ship-to->chain mapping (High confidence per the file's own methodology),mtagent pbi audit (cross-ref CustomerCode_Zone_State_Mapping.csv),2026-07-14
Health & Glow,Health & Glow Private limited-HG-RO-CHE,Health & Glow Private limited-HG-RO-CHE,Direct,BBlunt,Monthly dynamic Cont% (secondary-driven),4,Feb'26–May'26,100.0,100.0,100.0,High,Direct ship-to → single chain (1:1),,,,,,Validated (High-Confidence Auto),Health & Glow,Health & Glow Private limited-HG-RO-CHE,Keep,no Confirmed cross-reference found; auto-accepted as a direct 1:1 ship-to->chain mapping (High confidence per the file's own methodology),mtagent pbi audit (cross-ref CustomerCode_Zone_State_Mapping.csv),2026-07-14
Health & Glow,Health & Glow Private limited-HG-RO-CHE,Health & Glow Private limited-HG-RO-CHE,Direct,Mamaearth,Monthly dynamic Cont% (secondary-driven),4,Feb'26–May'26,100.0,100.0,100.0,High,Direct ship-to → single chain (1:1),,,,,,Validated (High-Confidence Auto),Health & Glow,Health & Glow Private limited-HG-RO-CHE,Keep,no Confirmed cross-reference found; auto-accepted as a direct 1:1 ship-to->chain mapping (High confidence per the file's own methodology),mtagent pbi audit (cross-ref CustomerCode_Zone_State_Mapping.csv),2026-07-14
Health & Glow,Health & Glow Private limited-HG-RO-CHE,Health & Glow Private limited-HG-RO-CHE,Direct,The Derma Co.,Monthly dynamic Cont% (secondary-driven),4,Feb'26–May'26,100.0,100.0,100.0,High,Direct ship-to → single chain (1:1),,,,,,Validated (High-Confidence Auto),Health & Glow,Health & Glow Private limited-HG-RO-CHE,Keep,no Confirmed cross-reference found; auto-accepted as a direct 1:1 ship-to->chain mapping (High confidence per the file's own methodology),mtagent pbi audit (cross-ref CustomerCode_Zone_State_Mapping.csv),2026-07-14
Health & Glow,Health & Glow Private limited-HG-RO-HYD,Health & Glow Private limited-HG-RO-HYD,Direct,The Derma Co.,Monthly dynamic Cont% (secondary-driven),2,Apr'26–May'26,100.0,100.0,100.0,High,Direct ship-to → single chain (1:1),,,,,,Validated (High-Confidence Auto),Health & Glow,Health & Glow Private limited-HG-RO-HYD,Keep,no Confirmed cross-reference found; auto-accepted as a direct 1:1 ship-to->chain mapping (High confidence per the file's own methodology),mtagent pbi audit (cross-ref CustomerCode_Zone_State_Mapping.csv),2026-07-14
Health & Glow,Health & Glow Private limited-HG-RO-MUM,Health & Glow Private limited-HG-RO-MUM,Direct,Aqualogica,Monthly dynamic Cont% (secondary-driven),4,Feb'26–May'26,100.0,100.0,100.0,High,Direct ship-to → single chain (1:1),,,,,,Validated (High-Confidence Auto),Health & Glow,Health & Glow Private limited-HG-RO-MUM,Keep,no Confirmed cross-reference found; auto-accepted as a direct 1:1 ship-to->chain mapping (High confidence per the file's own methodology),mtagent pbi audit (cross-ref CustomerCode_Zone_State_Mapping.csv),2026-07-14
Health & Glow,Health & Glow Private limited-HG-RO-MUM,Health & Glow Private limited-HG-RO-MUM,Direct,BBlunt,Monthly dynamic Cont% (secondary-driven),4,Feb'26–May'26,100.0,100.0,100.0,High,Direct ship-to → single chain (1:1),,,,,,Validated (High-Confidence Auto),Health & Glow,Health & Glow Private limited-HG-RO-MUM,Keep,no Confirmed cross-reference found; auto-accepted as a direct 1:1 ship-to->chain mapping (High confidence per the file's own methodology),mtagent pbi audit (cross-ref CustomerCode_Zone_State_Mapping.csv),2026-07-14
Health & Glow,Health & Glow Private limited-HG-RO-MUM,Health & Glow Private limited-HG-RO-MUM,Direct,Mamaearth,Monthly dynamic Cont% (secondary-driven),4,Feb'26–May'26,100.0,100.0,100.0,High,Direct ship-to → single chain (1:1),,,,,,Validated (High-Confidence Auto),Health & Glow,Health & Glow Private limited-HG-RO-MUM,Keep,no Confirmed cross-reference found; auto-accepted as a direct 1:1 ship-to->chain mapping (High confidence per the file's own methodology),mtagent pbi audit (cross-ref CustomerCode_Zone_State_Mapping.csv),2026-07-14
Health & Glow,Health & Glow Private limited-HG-RO-MUM,Health & Glow Private limited-HG-RO-MUM,Direct,The Derma Co.,Monthly dynamic Cont% (secondary-driven),4,Feb'26–May'26,100.0,100.0,100.0,High,Direct ship-to → single chain (1:1),,,,,,Validated (High-Confidence Auto),Health & Glow,Health & Glow Private limited-HG-RO-MUM,Keep,no Confirmed cross-reference found; auto-accepted as a direct 1:1 ship-to->chain mapping (High confidence per the file's own methodology),mtagent pbi audit (cross-ref CustomerCode_Zone_State_Mapping.csv),2026-07-14
Health & Glow,M/S KOTTARAM BUSINESS CORPORATION-MT,M/S KOTTARAM BUSINESS CORPORATION,Dist.,Aqualogica,Monthly dynamic Cont% (secondary-driven),3,Apr'25–Sep'25,3.0,2.51,3.36,Medium,Multi-chain distributor; split by secondary Cont% — validate (3 chains),,Y,Y,,,Validated (Cross-Ref),M/S KOTTARAM BUSINESS,M/S KOTTARAM BUSINESS,Keep,exact match on Ship-To Name against Confirmed row in CustomerCode_Zone_State_Mapping.csv (Customer Code 1101841),mtagent pbi audit (cross-ref CustomerCode_Zone_State_Mapping.csv),2026-07-14
Health & Glow,M/S KOTTARAM BUSINESS CORPORATION-MT,M/S KOTTARAM BUSINESS CORPORATION,Dist.,BBlunt,Monthly dynamic Cont% (secondary-driven),3,Aug'25–Nov'25,100.0,100.0,100.0,Medium,Multi-chain distributor; split by secondary Cont% — validate (3 chains),,Y,Y,,,Validated (Cross-Ref),M/S KOTTARAM BUSINESS,M/S KOTTARAM BUSINESS,Keep,exact match on Ship-To Name against Confirmed row in CustomerCode_Zone_State_Mapping.csv (Customer Code 1101841),mtagent pbi audit (cross-ref CustomerCode_Zone_State_Mapping.csv),2026-07-14
Health & Glow,M/S KOTTARAM BUSINESS CORPORATION-MT,M/S KOTTARAM BUSINESS CORPORATION,Dist.,Mamaearth,Monthly dynamic Cont% (secondary-driven),4,Apr'25–Sep'25,0.75,0.23,1.81,Medium,Multi-chain distributor; split by secondary Cont% — validate (3 chains),,Y,Y,,,Validated (Cross-Ref),M/S KOTTARAM BUSINESS,M/S KOTTARAM BUSINESS,Keep,exact match on Ship-To Name against Confirmed row in CustomerCode_Zone_State_Mapping.csv (Customer Code 1101841),mtagent pbi audit (cross-ref CustomerCode_Zone_State_Mapping.csv),2026-07-14
Health & Glow,M/S KOTTARAM BUSINESS CORPORATION-MT,M/S KOTTARAM BUSINESS CORPORATION,Dist.,The Derma Co.,Monthly dynamic Cont% (secondary-driven),4,Apr'25–Sep'25,3.28,1.28,4.53,Medium,Multi-chain distributor; split by secondary Cont% — validate (3 chains),,Y,Y,,,Validated (Cross-Ref),M/S KOTTARAM BUSINESS,M/S KOTTARAM BUSINESS,Keep,exact match on Ship-To Name against Confirmed row in CustomerCode_Zone_State_Mapping.csv (Customer Code 1101841),mtagent pbi audit (cross-ref CustomerCode_Zone_State_Mapping.csv),2026-07-14
Health & Glow,R.C. Trade Link H&G,R.C. Trade Link H&G,Dist.,Aqualogica,Monthly dynamic Cont% (secondary-driven),6,Jun'25–Feb'26,100.0,100.0,100.0,High,Distributor serving a single chain,,,,,,Validated (Cross-Ref),R.C. Trade Link H&G,R.C. Trade Link H&G,Keep,exact match on Ship-To Name against Confirmed row in CustomerCode_Zone_State_Mapping.csv (Customer Code 1102125),mtagent pbi audit (cross-ref CustomerCode_Zone_State_Mapping.csv),2026-07-14
Health & Glow,R.C. Trade Link H&G,R.C. Trade Link H&G,Dist.,BBlunt,Monthly dynamic Cont% (secondary-driven),7,Jun'25–Feb'26,100.0,100.0,100.0,High,Distributor serving a single chain,,,,,,Validated (Cross-Ref),R.C. Trade Link H&G,R.C. Trade Link H&G,Keep,exact match on Ship-To Name against Confirmed row in CustomerCode_Zone_State_Mapping.csv (Customer Code 1102125),mtagent pbi audit (cross-ref CustomerCode_Zone_State_Mapping.csv),2026-07-14
Health & Glow,R.C. Trade Link H&G,R.C. Trade Link H&G,Dist.,Mamaearth,Monthly dynamic Cont% (secondary-driven),9,Apr'25–Feb'26,100.0,100.0,100.0,High,Distributor serving a single chain,,,,,,Validated (Cross-Ref),R.C. Trade Link H&G,R.C. Trade Link H&G,Keep,exact match on Ship-To Name against Confirmed row in CustomerCode_Zone_State_Mapping.csv (Customer Code 1102125),mtagent pbi audit (cross-ref CustomerCode_Zone_State_Mapping.csv),2026-07-14
Health & Glow,R.C. Trade Link H&G,R.C. Trade Link H&G,Dist.,The Derma Co.,Monthly dynamic Cont% (secondary-driven),7,Jun'25–Feb'26,100.0,100.0,100.0,High,Distributor serving a single chain,,,,,,Validated (Cross-Ref),R.C. Trade Link H&G,R.C. Trade Link H&G,Keep,exact match on Ship-To Name against Confirmed row in CustomerCode_Zone_State_Mapping.csv (Customer Code 1102125),mtagent pbi audit (cross-ref CustomerCode_Zone_State_Mapping.csv),2026-07-14
Health & Glow,Sri Vijaya Durga Agencies_Mt,Sri Vijaya Durga Agencies,Dist.,Aqualogica,Monthly dynamic Cont% (secondary-driven),14,Apr'25–May'26,28.52,0.14,100.0,Medium,Multi-chain distributor; split by secondary Cont% — validate (7 chains),,Y,Y,,,Validated (Cross-Ref),Sri Vijaya Durga Agencies,Sri Vijaya Durga Agencies,Keep,exact match on Ship-To Name against Confirmed row in CustomerCode_Zone_State_Mapping.csv (Customer Code 1101181),mtagent pbi audit (cross-ref CustomerCode_Zone_State_Mapping.csv),2026-07-14
Health & Glow,Sri Vijaya Durga Agencies_Mt,Sri Vijaya Durga Agencies,Dist.,BBlunt,Monthly dynamic Cont% (secondary-driven),13,Apr'25–May'26,92.86,29.87,100.0,Medium,Multi-chain distributor; split by secondary Cont% — validate (7 chains),,Y,Y,,,Validated (Cross-Ref),Sri Vijaya Durga Agencies,Sri Vijaya Durga Agencies,Keep,exact match on Ship-To Name against Confirmed row in CustomerCode_Zone_State_Mapping.csv (Customer Code 1101181),mtagent pbi audit (cross-ref CustomerCode_Zone_State_Mapping.csv),2026-07-14
Health & Glow,Sri Vijaya Durga Agencies_Mt,Sri Vijaya Durga Agencies,Dist.,Mamaearth,Monthly dynamic Cont% (secondary-driven),14,Apr'25–May'26,0.21,0.02,0.58,Medium,Multi-chain distributor; split by secondary Cont% — validate (7 chains),,Y,Y,,,Validated (Cross-Ref),Sri Vijaya Durga Agencies,Sri Vijaya Durga Agencies,Keep,exact match on Ship-To Name against Confirmed row in CustomerCode_Zone_State_Mapping.csv (Customer Code 1101181),mtagent pbi audit (cross-ref CustomerCode_Zone_State_Mapping.csv),2026-07-14
Health & Glow,Sri Vijaya Durga Agencies_Mt,Sri Vijaya Durga Agencies,Dist.,The Derma Co.,Monthly dynamic Cont% (secondary-driven),14,Apr'25–May'26,24.59,0.28,92.69,Medium,Multi-chain distributor; split by secondary Cont% — validate (7 chains),,Y,Y,,,Validated (Cross-Ref),Sri Vijaya Durga Agencies,Sri Vijaya Durga Agencies,Keep,exact match on Ship-To Name against Confirmed row in CustomerCode_Zone_State_Mapping.csv (Customer Code 1101181),mtagent pbi audit (cross-ref CustomerCode_Zone_State_Mapping.csv),2026-07-14
Health & Glow,VENKATESHWARA AGENCIES-TG,VENKATESHWARA AGENCIES,Dist.,Aqualogica,Monthly dynamic Cont% (secondary-driven),7,Nov'25–May'26,49.83,28.53,85.55,Medium,Multi-chain distributor; split by secondary Cont% — validate (8 chains),,Y,Y,,,Validated (Cross-Ref),VENKATESHWARA AGENCIES-TG,VENKATESHWARA AGENCIES-TG,Keep,exact match on Ship-To Name against Confirmed row in CustomerCode_Zone_State_Mapping.csv (Customer Code 1104539),mtagent pbi audit (cross-ref CustomerCode_Zone_State_Mapping.csv),2026-07-14
Health & Glow,VENKATESHWARA AGENCIES-TG,VENKATESHWARA AGENCIES,Dist.,BBlunt,Monthly dynamic Cont% (secondary-driven),7,Nov'25–May'26,86.05,60.67,104.51,Medium,Multi-chain distributor; split by secondary Cont% — validate (8 chains),,Y,Y,,,Validated (Cross-Ref),VENKATESHWARA AGENCIES-TG,VENKATESHWARA AGENCIES-TG,Keep,exact match on Ship-To Name against Confirmed row in CustomerCode_Zone_State_Mapping.csv (Customer Code 1104539),mtagent pbi audit (cross-ref CustomerCode_Zone_State_Mapping.csv),2026-07-14
Health & Glow,VENKATESHWARA AGENCIES-TG,VENKATESHWARA AGENCIES,Dist.,Dr. Sheth's,Monthly dynamic Cont% (secondary-driven),5,Dec'25–Apr'26,100.0,100.0,100.0,Medium,Multi-chain distributor; split by secondary Cont% — validate (8 chains),,Y,Y,,,Validated (Cross-Ref),VENKATESHWARA AGENCIES-TG,VENKATESHWARA AGENCIES-TG,Keep,exact match on Ship-To Name against Confirmed row in CustomerCode_Zone_State_Mapping.csv (Customer Code 1104539),mtagent pbi audit (cross-ref CustomerCode_Zone_State_Mapping.csv),2026-07-14
Health & Glow,VENKATESHWARA AGENCIES-TG,VENKATESHWARA AGENCIES,Dist.,Mamaearth,Monthly dynamic Cont% (secondary-driven),7,Nov'25–May'26,6.02,0.32,17.4,Medium,Multi-chain distributor; split by secondary Cont% — validate (8 chains),,Y,Y,,,Validated (Cross-Ref),VENKATESHWARA AGENCIES-TG,VENKATESHWARA AGENCIES-TG,Keep,exact match on Ship-To Name against Confirmed row in CustomerCode_Zone_State_Mapping.csv (Customer Code 1104539),mtagent pbi audit (cross-ref CustomerCode_Zone_State_Mapping.csv),2026-07-14
Health & Glow,VENKATESHWARA AGENCIES-TG,VENKATESHWARA AGENCIES,Dist.,The Derma Co.,Monthly dynamic Cont% (secondary-driven),6,Nov'25–May'26,16.03,6.06,40.3,Medium,Multi-chain distributor; split by secondary Cont% — validate (8 chains),,Y,Y,,,Validated (Cross-Ref),VENKATESHWARA AGENCIES-TG,VENKATESHWARA AGENCIES-TG,Keep,exact match on Ship-To Name against Confirmed row in CustomerCode_Zone_State_Mapping.csv (Customer Code 1104539),mtagent pbi audit (cross-ref CustomerCode_Zone_State_Mapping.csv),2026-07-14
Health & Glow,Vanaja Agencies_Mt,Vanaja Agencies,Dist.,Aqualogica,Monthly dynamic Cont% (secondary-driven),5,Apr'25–Aug'25,35.95,18.18,49.37,Medium,Multi-chain distributor; split by secondary Cont% — validate (9 chains),,Y,Y,,,Validated (Cross-Ref),Vanaja Agencies-MT,Vanaja Agencies-MT,Keep,exact match on Ship-To Name against Confirmed row in CustomerCode_Zone_State_Mapping.csv (Customer Code 1100998),mtagent pbi audit (cross-ref CustomerCode_Zone_State_Mapping.csv),2026-07-14
Health & Glow,Vanaja Agencies_Mt,Vanaja Agencies,Dist.,BBlunt,Monthly dynamic Cont% (secondary-driven),5,Apr'25–Aug'25,82.85,57.58,95.77,Medium,Multi-chain distributor; split by secondary Cont% — validate (9 chains),,Y,Y,,,Validated (Cross-Ref),Vanaja Agencies-MT,Vanaja Agencies-MT,Keep,exact match on Ship-To Name against Confirmed row in CustomerCode_Zone_State_Mapping.csv (Customer Code 1100998),mtagent pbi audit (cross-ref CustomerCode_Zone_State_Mapping.csv),2026-07-14
Health & Glow,Vanaja Agencies_Mt,Vanaja Agencies,Dist.,Mamaearth,Monthly dynamic Cont% (secondary-driven),5,Apr'25–Aug'25,7.09,4.27,8.98,Medium,Multi-chain distributor; split by secondary Cont% — validate (9 chains),,Y,Y,,,Validated (Cross-Ref),Vanaja Agencies-MT,Vanaja Agencies-MT,Keep,exact match on Ship-To Name against Confirmed row in CustomerCode_Zone_State_Mapping.csv (Customer Code 1100998),mtagent pbi audit (cross-ref CustomerCode_Zone_State_Mapping.csv),2026-07-14
Health & Glow,Vanaja Agencies_Mt,Vanaja Agencies,Dist.,The Derma Co.,Monthly dynamic Cont% (secondary-driven),5,Apr'25–Aug'25,56.45,51.64,67.56,Medium,Multi-chain distributor; split by secondary Cont% — validate (9 chains),,Y,Y,,,Validated (Cross-Ref),Vanaja Agencies-MT,Vanaja Agencies-MT,Keep,exact match on Ship-To Name against Confirmed row in CustomerCode_Zone_State_Mapping.csv (Customer Code 1100998),mtagent pbi audit (cross-ref CustomerCode_Zone_State_Mapping.csv),2026-07-14
Lifestyle,LIFESTYLE INTERNATIONAL_Ship To,LIFESTYLE INTERNATIONAL,Direct,Aqualogica,Monthly dynamic Cont% (secondary-driven),5,Aug'25–Feb'26,100.0,100.0,100.0,High,Direct ship-to → single chain (1:1),,,,,,Validated (Cross-Ref),Lifestyle International,Lifestyle International,Keep,fuzzy match on Ship-To Name against Confirmed row in CustomerCode_Zone_State_Mapping.csv (Customer Code 1104362),mtagent pbi audit (cross-ref CustomerCode_Zone_State_Mapping.csv),2026-07-14
Lifestyle,LIFESTYLE INTERNATIONAL_Ship To,LIFESTYLE INTERNATIONAL,Direct,The Derma Co.,Monthly dynamic Cont% (secondary-driven),5,Aug'25–Feb'26,100.0,100.0,100.0,High,Direct ship-to → single chain (1:1),,,,,,Validated (Cross-Ref),Lifestyle International,Lifestyle International,Keep,fuzzy match on Ship-To Name against Confirmed row in CustomerCode_Zone_State_Mapping.csv (Customer Code 1104362),mtagent pbi audit (cross-ref CustomerCode_Zone_State_Mapping.csv),2026-07-14
Lifestyle,LIFESTYLE INTERNATIONAL PVT LTD_SHIP TOPhoenix Market City-LS-BLR,LIFESTYLE INTERNATIONAL PVT LTD_SHIP TOPhoenix Market City-LS-BLR,Direct,Aqualogica,Monthly dynamic Cont% (secondary-driven),4,Sep'25–Feb'26,100.0,100.0,100.0,High,Direct ship-to → single chain (1:1),,,,,,Validated (High-Confidence Auto),Lifestyle,LIFESTYLE INTERNATIONAL PVT LTD_SHIP TOPhoenix Market City-LS-BLR,Keep,no Confirmed cross-reference found; auto-accepted as a direct 1:1 ship-to->chain mapping (High confidence per the file's own methodology),mtagent pbi audit (cross-ref CustomerCode_Zone_State_Mapping.csv),2026-07-14
Lifestyle,LIFESTYLE INTERNATIONAL PVT LTD_SHIP TOPhoenix Market City-LS-BLR,LIFESTYLE INTERNATIONAL PVT LTD_SHIP TOPhoenix Market City-LS-BLR,Direct,The Derma Co.,Monthly dynamic Cont% (secondary-driven),4,Sep'25–Feb'26,100.0,100.0,100.0,High,Direct ship-to → single chain (1:1),,,,,,Validated (High-Confidence Auto),Lifestyle,LIFESTYLE INTERNATIONAL PVT LTD_SHIP TOPhoenix Market City-LS-BLR,Keep,no Confirmed cross-reference found; auto-accepted as a direct 1:1 ship-to->chain mapping (High confidence per the file's own methodology),mtagent pbi audit (cross-ref CustomerCode_Zone_State_Mapping.csv),2026-07-14
Lifestyle,Life Style International Pvt Ltd_Bill To,Life Style International Pvt Ltd_Bill To,Direct,Aqualogica,Monthly dynamic Cont% (secondary-driven),4,Sep'25–Feb'26,100.0,100.0,100.0,High,Direct ship-to → single chain (1:1),,,,,,Validated (Cross-Ref),Life Style International,Life Style International,Keep,fuzzy match on Ship-To Name against Confirmed row in CustomerCode_Zone_State_Mapping.csv (Customer Code 1103793),mtagent pbi audit (cross-ref CustomerCode_Zone_State_Mapping.csv),2026-07-14
Lifestyle,Life Style International Pvt Ltd_Bill To,Life Style International Pvt Ltd_Bill To,Direct,The Derma Co.,Monthly dynamic Cont% (secondary-driven),5,Sep'25–Feb'26,100.0,100.0,100.0,High,Direct ship-to → single chain (1:1),,,,,,Validated (Cross-Ref),Life Style International,Life Style International,Keep,fuzzy match on Ship-To Name against Confirmed row in CustomerCode_Zone_State_Mapping.csv (Customer Code 1103793),mtagent pbi audit (cross-ref CustomerCode_Zone_State_Mapping.csv),2026-07-14
Lifestyle,Lifestyle International Pvt Ltd_Ship to,Lifestyle International Pvt Ltd,Direct,Aqualogica,Monthly dynamic Cont% (secondary-driven),5,Jun'25–Feb'26,100.0,100.0,100.0,High,Direct ship-to → single chain (1:1),,,,,,Validated (Cross-Ref),Lifestyle International,Lifestyle International,Keep,fuzzy match on Ship-To Name against Confirmed row in CustomerCode_Zone_State_Mapping.csv (Customer Code 1104393),mtagent pbi audit (cross-ref CustomerCode_Zone_State_Mapping.csv),2026-07-14
Lifestyle,Lifestyle International Pvt Ltd_Ship to,Lifestyle International Pvt Ltd,Direct,The Derma Co.,Monthly dynamic Cont% (secondary-driven),5,Jun'25–Feb'26,100.0,100.0,100.0,High,Direct ship-to → single chain (1:1),,,,,,Validated (Cross-Ref),Lifestyle International,Lifestyle International,Keep,fuzzy match on Ship-To Name against Confirmed row in CustomerCode_Zone_State_Mapping.csv (Customer Code 1104393),mtagent pbi audit (cross-ref CustomerCode_Zone_State_Mapping.csv),2026-07-14
Lifestyle,Lifestyle International Pvt Ltd-Shinvglu,Lifestyle International Pvt Ltd-Shinvglu,Direct,Aqualogica,Monthly dynamic Cont% (secondary-driven),3,Jun'25–Nov'25,100.0,100.0,100.0,High,Direct ship-to → single chain (1:1),,,,,,Validated (Cross-Ref),Lifestyle International,Lifestyle International,Keep,fuzzy match on Ship-To Name against Confirmed row in CustomerCode_Zone_State_Mapping.csv (Customer Code 1103958),mtagent pbi audit (cross-ref CustomerCode_Zone_State_Mapping.csv),2026-07-14
Lifestyle,Lifestyle International Pvt Ltd-Shinvglu,Lifestyle International Pvt Ltd-Shinvglu,Direct,The Derma Co.,Monthly dynamic Cont% (secondary-driven),3,Jun'25–Nov'25,100.0,100.0,100.0,High,Direct ship-to → single chain (1:1),,,,,,Validated (Cross-Ref),Lifestyle International,Lifestyle International,Keep,fuzzy match on Ship-To Name against Confirmed row in CustomerCode_Zone_State_Mapping.csv (Customer Code 1103958),mtagent pbi audit (cross-ref CustomerCode_Zone_State_Mapping.csv),2026-07-14
Lifestyle,Lifestyle International Pvt LtdBorivali_Ship To,Lifestyle International Pvt LtdBorivali,Direct,Aqualogica,Monthly dynamic Cont% (secondary-driven),4,Oct'25–Feb'26,100.0,100.0,100.0,High,Direct ship-to → single chain (1:1),,,,,,Validated (High-Confidence Auto),Lifestyle,Lifestyle International Pvt LtdBorivali,Keep,no Confirmed cross-reference found; auto-accepted as a direct 1:1 ship-to->chain mapping (High confidence per the file's own methodology),mtagent pbi audit (cross-ref CustomerCode_Zone_State_Mapping.csv),2026-07-14
Lifestyle,Lifestyle International Pvt LtdBorivali_Ship To,Lifestyle International Pvt LtdBorivali,Direct,The Derma Co.,Monthly dynamic Cont% (secondary-driven),4,Oct'25–Feb'26,100.0,100.0,100.0,High,Direct ship-to → single chain (1:1),,,,,,Validated (High-Confidence Auto),Lifestyle,Lifestyle International Pvt LtdBorivali,Keep,no Confirmed cross-reference found; auto-accepted as a direct 1:1 ship-to->chain mapping (High confidence per the file's own methodology),mtagent pbi audit (cross-ref CustomerCode_Zone_State_Mapping.csv),2026-07-14
Lifestyle,Lifestyle International Pvt LtdBorivali_Bill To,Lifestyle International Pvt LtdBorivali_Bill To,Direct,Aqualogica,Monthly dynamic Cont% (secondary-driven),2,Dec'25–Jan'26,100.0,100.0,100.0,High,Direct ship-to → single chain (1:1),,,,,,Validated (High-Confidence Auto),Lifestyle,Lifestyle International Pvt LtdBorivali_Bill To,Keep,no Confirmed cross-reference found; auto-accepted as a direct 1:1 ship-to->chain mapping (High confidence per the file's own methodology),mtagent pbi audit (cross-ref CustomerCode_Zone_State_Mapping.csv),2026-07-14
Lifestyle,Lifestyle International Pvt LtdBorivali_Bill To,Lifestyle International Pvt LtdBorivali_Bill To,Direct,The Derma Co.,Monthly dynamic Cont% (secondary-driven),2,Dec'25–Jan'26,100.0,100.0,100.0,High,Direct ship-to → single chain (1:1),,,,,,Validated (High-Confidence Auto),Lifestyle,Lifestyle International Pvt LtdBorivali_Bill To,Keep,no Confirmed cross-reference found; auto-accepted as a direct 1:1 ship-to->chain mapping (High confidence per the file's own methodology),mtagent pbi audit (cross-ref CustomerCode_Zone_State_Mapping.csv),2026-07-14
Lifestyle,Lifestyle International Pvt LtdGhatkopar_Ship To,Lifestyle International Pvt LtdGhatkopar,Direct,Aqualogica,Monthly dynamic Cont% (secondary-driven),4,Oct'25–Feb'26,100.0,100.0,100.0,High,Direct ship-to → single chain (1:1),,,,,,Validated (High-Confidence Auto),Lifestyle,Lifestyle International Pvt LtdGhatkopar,Keep,no Confirmed cross-reference found; auto-accepted as a direct 1:1 ship-to->chain mapping (High confidence per the file's own methodology),mtagent pbi audit (cross-ref CustomerCode_Zone_State_Mapping.csv),2026-07-14
Lifestyle,Lifestyle International Pvt LtdGhatkopar_Ship To,Lifestyle International Pvt LtdGhatkopar,Direct,The Derma Co.,Monthly dynamic Cont% (secondary-driven),4,Oct'25–Feb'26,100.0,100.0,100.0,High,Direct ship-to → single chain (1:1),,,,,,Validated (High-Confidence Auto),Lifestyle,Lifestyle International Pvt LtdGhatkopar,Keep,no Confirmed cross-reference found; auto-accepted as a direct 1:1 ship-to->chain mapping (High confidence per the file's own methodology),mtagent pbi audit (cross-ref CustomerCode_Zone_State_Mapping.csv),2026-07-14
Lifestyle,Lifestyle International Pvt LtdKhayala,Lifestyle International Pvt LtdKhayala,Direct,Aqualogica,Monthly dynamic Cont% (secondary-driven),5,Oct'25–Feb'26,100.0,100.0,100.0,High,Direct ship-to → single chain (1:1),,,,,,Validated (High-Confidence Auto),Lifestyle,Lifestyle International Pvt LtdKhayala,Keep,no Confirmed cross-reference found; auto-accepted as a direct 1:1 ship-to->chain mapping (High confidence per the file's own methodology),mtagent pbi audit (cross-ref CustomerCode_Zone_State_Mapping.csv),2026-07-14
Lifestyle,Lifestyle International Pvt LtdKhayala,Lifestyle International Pvt LtdKhayala,Direct,The Derma Co.,Monthly dynamic Cont% (secondary-driven),5,Oct'25–Feb'26,100.0,100.0,100.0,High,Direct ship-to → single chain (1:1),,,,,,Validated (High-Confidence Auto),Lifestyle,Lifestyle International Pvt LtdKhayala,Keep,no Confirmed cross-reference found; auto-accepted as a direct 1:1 ship-to->chain mapping (High confidence per the file's own methodology),mtagent pbi audit (cross-ref CustomerCode_Zone_State_Mapping.csv),2026-07-14
Lifestyle,Lifestyle International Pvt LtdKurla_Ship To,Lifestyle International Pvt LtdKurla,Direct,Aqualogica,Monthly dynamic Cont% (secondary-driven),4,Oct'25–Feb'26,100.0,100.0,100.0,High,Direct ship-to → single chain (1:1),,,,,,Validated (High-Confidence Auto),Lifestyle,Lifestyle International Pvt LtdKurla,Keep,no Confirmed cross-reference found; auto-accepted as a direct 1:1 ship-to->chain mapping (High confidence per the file's own methodology),mtagent pbi audit (cross-ref CustomerCode_Zone_State_Mapping.csv),2026-07-14
Lifestyle,Lifestyle International Pvt LtdKurla_Ship To,Lifestyle International Pvt LtdKurla,Direct,The Derma Co.,Monthly dynamic Cont% (secondary-driven),4,Oct'25–Feb'26,100.0,100.0,100.0,High,Direct ship-to → single chain (1:1),,,,,,Validated (High-Confidence Auto),Lifestyle,Lifestyle International Pvt LtdKurla,Keep,no Confirmed cross-reference found; auto-accepted as a direct 1:1 ship-to->chain mapping (High confidence per the file's own methodology),mtagent pbi audit (cross-ref CustomerCode_Zone_State_Mapping.csv),2026-07-14
Lifestyle,Lifestyle International Pvt LtdLucknow_Ship To,Lifestyle International Pvt LtdLucknow,Direct,Aqualogica,Monthly dynamic Cont% (secondary-driven),3,Oct'25–Feb'26,100.0,100.0,100.0,High,Direct ship-to → single chain (1:1),,,,,,Validated (Cross-Ref),Lifestyle International,Lifestyle International,Keep,fuzzy match on Ship-To Name against Confirmed row in CustomerCode_Zone_State_Mapping.csv (Customer Code 1104529),mtagent pbi audit (cross-ref CustomerCode_Zone_State_Mapping.csv),2026-07-14
Lifestyle,Lifestyle International Pvt LtdLucknow_Ship To,Lifestyle International Pvt LtdLucknow,Direct,The Derma Co.,Monthly dynamic Cont% (secondary-driven),4,Oct'25–Feb'26,100.0,100.0,100.0,High,Direct ship-to → single chain (1:1),,,,,,Validated (Cross-Ref),Lifestyle International,Lifestyle International,Keep,fuzzy match on Ship-To Name against Confirmed row in CustomerCode_Zone_State_Mapping.csv (Customer Code 1104529),mtagent pbi audit (cross-ref CustomerCode_Zone_State_Mapping.csv),2026-07-14
Lifestyle,Lifestyle International Pvt LtdThane_Ship To,Lifestyle International Pvt LtdThane,Direct,Aqualogica,Monthly dynamic Cont% (secondary-driven),4,Oct'25–Feb'26,100.0,100.0,100.0,High,Direct ship-to → single chain (1:1),,,,,,Validated (High-Confidence Auto),Lifestyle,Lifestyle International Pvt LtdThane,Keep,no Confirmed cross-reference found; auto-accepted as a direct 1:1 ship-to->chain mapping (High confidence per the file's own methodology),mtagent pbi audit (cross-ref CustomerCode_Zone_State_Mapping.csv),2026-07-14
Lifestyle,Lifestyle International Pvt LtdThane_Ship To,Lifestyle International Pvt LtdThane,Direct,The Derma Co.,Monthly dynamic Cont% (secondary-driven),4,Oct'25–Feb'26,100.0,100.0,100.0,High,Direct ship-to → single chain (1:1),,,,,,Validated (High-Confidence Auto),Lifestyle,Lifestyle International Pvt LtdThane,Keep,no Confirmed cross-reference found; auto-accepted as a direct 1:1 ship-to->chain mapping (High confidence per the file's own methodology),mtagent pbi audit (cross-ref CustomerCode_Zone_State_Mapping.csv),2026-07-14
Lifestyle,Lifestyle International Pvt LtdVelachery_Ship To,Lifestyle International Pvt LtdVelachery,Direct,Aqualogica,Monthly dynamic Cont% (secondary-driven),4,Oct'25–Feb'26,100.0,100.0,100.0,High,Direct ship-to → single chain (1:1),,,,,,Validated (High-Confidence Auto),Lifestyle,Lifestyle International Pvt LtdVelachery,Keep,no Confirmed cross-reference found; auto-accepted as a direct 1:1 ship-to->chain mapping (High confidence per the file's own methodology),mtagent pbi audit (cross-ref CustomerCode_Zone_State_Mapping.csv),2026-07-14
Lifestyle,Lifestyle International Pvt LtdVelachery_Ship To,Lifestyle International Pvt LtdVelachery,Direct,The Derma Co.,Monthly dynamic Cont% (secondary-driven),4,Oct'25–Feb'26,100.0,100.0,100.0,High,Direct ship-to → single chain (1:1),,,,,,Validated (High-Confidence Auto),Lifestyle,Lifestyle International Pvt LtdVelachery,Keep,no Confirmed cross-reference found; auto-accepted as a direct 1:1 ship-to->chain mapping (High confidence per the file's own methodology),mtagent pbi audit (cross-ref CustomerCode_Zone_State_Mapping.csv),2026-07-14
Lifestyle,Lifestyle International Pvt Ltd_HYD,Lifestyle International Pvt Ltd_HYD,Direct,Aqualogica,Monthly dynamic Cont% (secondary-driven),3,Sep'25–Jan'26,100.0,100.0,100.0,High,Direct ship-to → single chain (1:1),,,,,,Validated (Cross-Ref),Lifestyle International,Lifestyle International,Keep,fuzzy match on Ship-To Name against Confirmed row in CustomerCode_Zone_State_Mapping.csv (Customer Code 1104013),mtagent pbi audit (cross-ref CustomerCode_Zone_State_Mapping.csv),2026-07-14
Lifestyle,Lifestyle International Pvt Ltd_HYD,Lifestyle International Pvt Ltd_HYD,Direct,The Derma Co.,Monthly dynamic Cont% (secondary-driven),3,Sep'25–Jan'26,100.0,100.0,100.0,High,Direct ship-to → single chain (1:1),,,,,,Validated (Cross-Ref),Lifestyle International,Lifestyle International,Keep,fuzzy match on Ship-To Name against Confirmed row in CustomerCode_Zone_State_Mapping.csv (Customer Code 1104013),mtagent pbi audit (cross-ref CustomerCode_Zone_State_Mapping.csv),2026-07-14
Lifestyle,Lifestyle International Pvt Ltd_KA,Lifestyle International Pvt Ltd_KA,Direct,Aqualogica,Monthly dynamic Cont% (secondary-driven),2,Sep'25–Dec'25,100.0,100.0,100.0,High,Direct ship-to → single chain (1:1),,,,,,Validated (Cross-Ref),Lifestyle International,Lifestyle International,Keep,fuzzy match on Ship-To Name against Confirmed row in CustomerCode_Zone_State_Mapping.csv (Customer Code 1104023),mtagent pbi audit (cross-ref CustomerCode_Zone_State_Mapping.csv),2026-07-14
Lifestyle,Lifestyle International Pvt Ltd_KA,Lifestyle International Pvt Ltd_KA,Direct,The Derma Co.,Monthly dynamic Cont% (secondary-driven),2,Sep'25–Dec'25,100.0,100.0,100.0,High,Direct ship-to → single chain (1:1),,,,,,Validated (Cross-Ref),Lifestyle International,Lifestyle International,Keep,fuzzy match on Ship-To Name against Confirmed row in CustomerCode_Zone_State_Mapping.csv (Customer Code 1104023),mtagent pbi audit (cross-ref CustomerCode_Zone_State_Mapping.csv),2026-07-14
Lifestyle,Lifestyle International Pvt Ltd_VegaShip To,Lifestyle International Pvt Ltd_Vega,Direct,Aqualogica,Monthly dynamic Cont% (secondary-driven),5,Oct'25–Feb'26,100.0,100.0,100.0,High,Direct ship-to → single chain (1:1),,,,,,Validated (High-Confidence Auto),Lifestyle,Lifestyle International Pvt Ltd_Vega,Keep,no Confirmed cross-reference found; auto-accepted as a direct 1:1 ship-to->chain mapping (High confidence per the file's own methodology),mtagent pbi audit (cross-ref CustomerCode_Zone_State_Mapping.csv),2026-07-14
Lifestyle,Lifestyle International Pvt Ltd_VegaShip To,Lifestyle International Pvt Ltd_Vega,Direct,The Derma Co.,Monthly dynamic Cont% (secondary-driven),5,Oct'25–Feb'26,100.0,100.0,100.0,High,Direct ship-to → single chain (1:1),,,,,,Validated (High-Confidence Auto),Lifestyle,Lifestyle International Pvt Ltd_Vega,Keep,no Confirmed cross-reference found; auto-accepted as a direct 1:1 ship-to->chain mapping (High confidence per the file's own methodology),mtagent pbi audit (cross-ref CustomerCode_Zone_State_Mapping.csv),2026-07-14
Lifestyle,Lifestyle International Pvt Ltd_VegaBill To,Lifestyle International Pvt Ltd_VegaBill To,Direct,Aqualogica,Monthly dynamic Cont% (secondary-driven),1,Dec'25–Dec'25,100.0,100.0,100.0,High,Direct ship-to → single chain (1:1),,,,,,Validated (High-Confidence Auto),Lifestyle,Lifestyle International Pvt Ltd_VegaBill To,Keep,no Confirmed cross-reference found; auto-accepted as a direct 1:1 ship-to->chain mapping (High confidence per the file's own methodology),mtagent pbi audit (cross-ref CustomerCode_Zone_State_Mapping.csv),2026-07-14
Lifestyle,Lifestyle International Pvt Ltd_VegaBill To,Lifestyle International Pvt Ltd_VegaBill To,Direct,The Derma Co.,Monthly dynamic Cont% (secondary-driven),1,Dec'25–Dec'25,100.0,100.0,100.0,High,Direct ship-to → single chain (1:1),,,,,,Validated (High-Confidence Auto),Lifestyle,Lifestyle International Pvt Ltd_VegaBill To,Keep,no Confirmed cross-reference found; auto-accepted as a direct 1:1 ship-to->chain mapping (High confidence per the file's own methodology),mtagent pbi audit (cross-ref CustomerCode_Zone_State_Mapping.csv),2026-07-14
Lifestyle,Lifestyle International Pvt. Ltd-Mumbai,Lifestyle International Pvt. Ltd-Mumbai,Direct,Aqualogica,Monthly dynamic Cont% (secondary-driven),3,Nov'25–Feb'26,100.0,100.0,100.0,High,Direct ship-to → single chain (1:1),,,,,,Validated (Cross-Ref),Lifestyle International,Lifestyle International,Keep,exact match on Ship-To Name against Confirmed row in CustomerCode_Zone_State_Mapping.csv (Customer Code 1104535),mtagent pbi audit (cross-ref CustomerCode_Zone_State_Mapping.csv),2026-07-14
Lifestyle,Lifestyle International Pvt. Ltd-Mumbai,Lifestyle International Pvt. Ltd-Mumbai,Direct,The Derma Co.,Monthly dynamic Cont% (secondary-driven),3,Nov'25–Feb'26,100.0,100.0,100.0,High,Direct ship-to → single chain (1:1),,,,,,Validated (Cross-Ref),Lifestyle International,Lifestyle International,Keep,exact match on Ship-To Name against Confirmed row in CustomerCode_Zone_State_Mapping.csv (Customer Code 1104535),mtagent pbi audit (cross-ref CustomerCode_Zone_State_Mapping.csv),2026-07-14
Lifestyle,Lifestyle International Pvt. Ltd-Oberoi,Lifestyle International Pvt. Ltd-Oberoi,Direct,Aqualogica,Monthly dynamic Cont% (secondary-driven),4,Oct'25–Feb'26,100.0,100.0,100.0,High,Direct ship-to → single chain (1:1),,,,,,Validated (Cross-Ref),Lifestyle International,Lifestyle International,Keep,fuzzy match on Ship-To Name against Confirmed row in CustomerCode_Zone_State_Mapping.csv (Customer Code 1103963),mtagent pbi audit (cross-ref CustomerCode_Zone_State_Mapping.csv),2026-07-14
Lifestyle,Lifestyle International Pvt. Ltd-Oberoi,Lifestyle International Pvt. Ltd-Oberoi,Direct,The Derma Co.,Monthly dynamic Cont% (secondary-driven),4,Oct'25–Feb'26,100.0,100.0,100.0,High,Direct ship-to → single chain (1:1),,,,,,Validated (Cross-Ref),Lifestyle International,Lifestyle International,Keep,fuzzy match on Ship-To Name against Confirmed row in CustomerCode_Zone_State_Mapping.csv (Customer Code 1103963),mtagent pbi audit (cross-ref CustomerCode_Zone_State_Mapping.csv),2026-07-14
Lifestyle,Lifestyle International Pvt. Ltd-Pacific,Lifestyle International Pvt. Ltd-Pacific,Direct,Aqualogica,Monthly dynamic Cont% (secondary-driven),5,Jun'25–Feb'26,100.0,100.0,100.0,High,Direct ship-to → single chain (1:1),,,,,,Validated (Cross-Ref),Lifestyle International,Lifestyle International,Keep,fuzzy match on Ship-To Name against Confirmed row in CustomerCode_Zone_State_Mapping.csv (Customer Code 1103960),mtagent pbi audit (cross-ref CustomerCode_Zone_State_Mapping.csv),2026-07-14
Lifestyle,Lifestyle International Pvt. Ltd-Pacific,Lifestyle International Pvt. Ltd-Pacific,Direct,The Derma Co.,Monthly dynamic Cont% (secondary-driven),6,Jun'25–Feb'26,100.0,100.0,100.0,High,Direct ship-to → single chain (1:1),,,,,,Validated (Cross-Ref),Lifestyle International,Lifestyle International,Keep,fuzzy match on Ship-To Name against Confirmed row in CustomerCode_Zone_State_Mapping.csv (Customer Code 1103960),mtagent pbi audit (cross-ref CustomerCode_Zone_State_Mapping.csv),2026-07-14
Lifestyle Babyshop,Lifestyle International Pvt LtdBabyshop,Lifestyle International Pvt LtdBabyshop,Direct,Mamaearth,Monthly dynamic Cont% (secondary-driven),1,May'25–May'25,100.0,100.0,100.0,High,Direct ship-to → single chain (1:1); account has 2 ship-to variants/branches — confirm roll-up,,,,,Y,Validated (High-Confidence Auto),Lifestyle Babyshop,Lifestyle International Pvt LtdBabyshop,Keep,no Confirmed cross-reference found; auto-accepted as a direct 1:1 ship-to->chain mapping (High confidence per the file's own methodology),mtagent pbi audit (cross-ref CustomerCode_Zone_State_Mapping.csv),2026-07-14
Lifestyle Babyshop,Lifestyle International Pvt LtdBabyshop_Ship To,Lifestyle International Pvt LtdBabyshop,Direct,Mamaearth,Monthly dynamic Cont% (secondary-driven),1,May'25–May'25,100.0,100.0,100.0,High,Direct ship-to → single chain (1:1); account has 2 ship-to variants/branches — confirm roll-up,,,,,Y,Validated (High-Confidence Auto),Lifestyle Babyshop,Lifestyle International Pvt LtdBabyshop,Keep,no Confirmed cross-reference found; auto-accepted as a direct 1:1 ship-to->chain mapping (High confidence per the file's own methodology),mtagent pbi audit (cross-ref CustomerCode_Zone_State_Mapping.csv),2026-07-14
Lifestyle Babyshop,Lifestyle International Pvt Ltd_HR,Lifestyle International Pvt Ltd_HR,Direct,Mamaearth,Monthly dynamic Cont% (secondary-driven),1,May'25–May'25,100.0,100.0,100.0,High,Direct ship-to → single chain (1:1),,,,,,Validated (Cross-Ref),Lifestyle International,Lifestyle International,Keep,fuzzy match on Ship-To Name against Confirmed row in CustomerCode_Zone_State_Mapping.csv (Customer Code 1103816),mtagent pbi audit (cross-ref CustomerCode_Zone_State_Mapping.csv),2026-07-14
Lulu,Az Enterprises,Az Enterprises,Dist.,Aqualogica,Monthly dynamic Cont% (secondary-driven),8,Oct'25–May'26,24.53,11.67,36.74,Medium,Multi-chain distributor; split by secondary Cont% — validate (9 chains); account has 2 ship-to variants/branches — confirm roll-up,,Y,Y,,Y,Validated (Cross-Ref),Az Enterprises-H&G,Az Enterprises-H&G,Merge,exact match on Ship-To Name against Confirmed row in CustomerCode_Zone_State_Mapping.csv (Customer Code 1100298),mtagent pbi audit (cross-ref CustomerCode_Zone_State_Mapping.csv),2026-07-14
Lulu,Az Enterprises,Az Enterprises,Dist.,Mamaearth,Monthly dynamic Cont% (secondary-driven),7,Sep'25–May'26,13.56,0.37,39.99,Medium,Multi-chain distributor; split by secondary Cont% — validate (9 chains); account has 2 ship-to variants/branches — confirm roll-up,,Y,Y,,Y,Validated (Cross-Ref),Az Enterprises-H&G,Az Enterprises-H&G,Merge,exact match on Ship-To Name against Confirmed row in CustomerCode_Zone_State_Mapping.csv (Customer Code 1100298),mtagent pbi audit (cross-ref CustomerCode_Zone_State_Mapping.csv),2026-07-14
Lulu,Az Enterprises,Az Enterprises,Dist.,The Derma Co.,Monthly dynamic Cont% (secondary-driven),6,Sep'25–May'26,8.07,1.27,32.78,Medium,Multi-chain distributor; split by secondary Cont% — validate (9 chains); account has 2 ship-to variants/branches — confirm roll-up,,Y,Y,,Y,Validated (Cross-Ref),Az Enterprises-H&G,Az Enterprises-H&G,Merge,exact match on Ship-To Name against Confirmed row in CustomerCode_Zone_State_Mapping.csv (Customer Code 1100298),mtagent pbi audit (cross-ref CustomerCode_Zone_State_Mapping.csv),2026-07-14
Lulu,Az Enterprises(Apollo/More)Mt,Az Enterprises,Dist.,Aqualogica,Monthly dynamic Cont% (secondary-driven),6,Apr'25–Sep'25,17.73,11.66,22.59,Medium,Multi-chain distributor; split by secondary Cont% — validate (9 chains); account has 2 ship-to variants/branches — confirm roll-up,,Y,Y,,Y,Validated (Cross-Ref),Az Enterprises-MT,Az Enterprises-MT,Merge,exact match on Ship-To Name against Confirmed row in CustomerCode_Zone_State_Mapping.csv (Customer Code 1101158),mtagent pbi audit (cross-ref CustomerCode_Zone_State_Mapping.csv),2026-07-14
Lulu,Az Enterprises(Apollo/More)Mt,Az Enterprises,Dist.,Mamaearth,Monthly dynamic Cont% (secondary-driven),9,Apr'25–Feb'26,13.13,1.57,50.52,Medium,Multi-chain distributor; split by secondary Cont% — validate (9 chains); account has 2 ship-to variants/branches — confirm roll-up,,Y,Y,,Y,Validated (Cross-Ref),Az Enterprises-MT,Az Enterprises-MT,Merge,exact match on Ship-To Name against Confirmed row in CustomerCode_Zone_State_Mapping.csv (Customer Code 1101158),mtagent pbi audit (cross-ref CustomerCode_Zone_State_Mapping.csv),2026-07-14
Lulu,Az Enterprises(Apollo/More)Mt,Az Enterprises,Dist.,The Derma Co.,Monthly dynamic Cont% (secondary-driven),8,Apr'25–Feb'26,5.95,1.52,18.33,Medium,Multi-chain distributor; split by secondary Cont% — validate (9 chains); account has 2 ship-to variants/branches — confirm roll-up,,Y,Y,,Y,Validated (Cross-Ref),Az Enterprises-MT,Az Enterprises-MT,Merge,exact match on Ship-To Name against Confirmed row in CustomerCode_Zone_State_Mapping.csv (Customer Code 1101158),mtagent pbi audit (cross-ref CustomerCode_Zone_State_Mapping.csv),2026-07-14
Lulu,CHHABRA TRADERS_Ship To,CHHABRA TRADERS,Dist.,Aqualogica,Monthly dynamic Cont% (secondary-driven),1,May'26–May'26,100.0,100.0,100.0,Medium,Multi-chain distributor; split by secondary Cont% — validate (5 chains),,Y,Y,,,Pending,,,Needs Check,,,
Lulu,CHHABRA TRADERS_Ship To,CHHABRA TRADERS,Dist.,Mamaearth,Monthly dynamic Cont% (secondary-driven),8,Apr'25–Jan'26,67.42,10.98,100.0,Medium,Multi-chain distributor; split by secondary Cont% — validate (5 chains),,Y,Y,,,Pending,,,Needs Check,,,
Lulu,CHHABRA TRADERS_Ship To,CHHABRA TRADERS,Dist.,The Derma Co.,Monthly dynamic Cont% (secondary-driven),14,Apr'25–May'26,78.64,15.0,100.0,Medium,Multi-chain distributor; split by secondary Cont% — validate (5 chains),,Y,Y,,,Pending,,,Needs Check,,,
Lulu,Chhabra Traders,Chhabra Traders,Dist.,Mamaearth,Monthly dynamic Cont% (secondary-driven),7,Jul'25–May'26,43.84,3.53,100.0,Medium,Multi-chain distributor; split by secondary Cont% — validate (5 chains),,Y,Y,,,Validated (Cross-Ref),CHHABRA TRADERS,CHHABRA TRADERS,Keep,fuzzy match on Ship-To Name against Confirmed row in CustomerCode_Zone_State_Mapping.csv (Customer Code 1103093),mtagent pbi audit (cross-ref CustomerCode_Zone_State_Mapping.csv),2026-07-14
Lulu,Chhabra Traders,Chhabra Traders,Dist.,The Derma Co.,Monthly dynamic Cont% (secondary-driven),5,Jul'25–Mar'26,83.33,32.06,100.0,Medium,Multi-chain distributor; split by secondary Cont% — validate (5 chains),,Y,Y,,,Validated (Cross-Ref),CHHABRA TRADERS,CHHABRA TRADERS,Keep,fuzzy match on Ship-To Name against Confirmed row in CustomerCode_Zone_State_Mapping.csv (Customer Code 1103093),mtagent pbi audit (cross-ref CustomerCode_Zone_State_Mapping.csv),2026-07-14
Lulu,G.V Enterprises,G.V Enterprises,Dist.,Aqualogica,Monthly dynamic Cont% (secondary-driven),14,Apr'25–May'26,83.96,3.52,100.0,Medium,Multi-chain distributor; split by secondary Cont% — validate (4 chains),,Y,Y,,,Validated (Cross-Ref),G.V Enterprises,G.V Enterprises,Keep,fuzzy match on Ship-To Name against Confirmed row in CustomerCode_Zone_State_Mapping.csv (Customer Code 1101211),mtagent pbi audit (cross-ref CustomerCode_Zone_State_Mapping.csv),2026-07-14
Lulu,G.V Enterprises,G.V Enterprises,Dist.,Mamaearth,Monthly dynamic Cont% (secondary-driven),14,Apr'25–May'26,4.89,0.24,10.02,Medium,Multi-chain distributor; split by secondary Cont% — validate (4 chains),,Y,Y,,,Validated (Cross-Ref),G.V Enterprises,G.V Enterprises,Keep,fuzzy match on Ship-To Name against Confirmed row in CustomerCode_Zone_State_Mapping.csv (Customer Code 1101211),mtagent pbi audit (cross-ref CustomerCode_Zone_State_Mapping.csv),2026-07-14
Lulu,G.V Enterprises,G.V Enterprises,Dist.,The Derma Co.,Monthly dynamic Cont% (secondary-driven),14,Apr'25–May'26,22.92,0.05,61.84,Medium,Multi-chain distributor; split by secondary Cont% — validate (4 chains),,Y,Y,,,Validated (Cross-Ref),G.V Enterprises,G.V Enterprises,Keep,fuzzy match on Ship-To Name against Confirmed row in CustomerCode_Zone_State_Mapping.csv (Customer Code 1101211),mtagent pbi audit (cross-ref CustomerCode_Zone_State_Mapping.csv),2026-07-14
Lulu,M/S KOTTARAM BUSINESS CORPORATION-MT,M/S KOTTARAM BUSINESS CORPORATION,Dist.,Aqualogica,Monthly dynamic Cont% (secondary-driven),12,Apr'25–May'26,91.62,36.1,100.0,Medium,Multi-chain distributor; split by secondary Cont% — validate (3 chains),,Y,Y,,,Validated (Cross-Ref),M/S KOTTARAM BUSINESS,M/S KOTTARAM BUSINESS,Keep,exact match on Ship-To Name against Confirmed row in CustomerCode_Zone_State_Mapping.csv (Customer Code 1101841),mtagent pbi audit (cross-ref CustomerCode_Zone_State_Mapping.csv),2026-07-14
Lulu,M/S KOTTARAM BUSINESS CORPORATION-MT,M/S KOTTARAM BUSINESS CORPORATION,Dist.,BBlunt,Monthly dynamic Cont% (secondary-driven),2,Dec'25–Mar'26,100.0,100.0,100.0,Medium,Multi-chain distributor; split by secondary Cont% — validate (3 chains),,Y,Y,,,Validated (Cross-Ref),M/S KOTTARAM BUSINESS,M/S KOTTARAM BUSINESS,Keep,exact match on Ship-To Name against Confirmed row in CustomerCode_Zone_State_Mapping.csv (Customer Code 1101841),mtagent pbi audit (cross-ref CustomerCode_Zone_State_Mapping.csv),2026-07-14
Lulu,M/S KOTTARAM BUSINESS CORPORATION-MT,M/S KOTTARAM BUSINESS CORPORATION,Dist.,Mamaearth,Monthly dynamic Cont% (secondary-driven),13,Apr'25–May'26,67.95,20.85,100.0,Medium,Multi-chain distributor; split by secondary Cont% — validate (3 chains),,Y,Y,,,Validated (Cross-Ref),M/S KOTTARAM BUSINESS,M/S KOTTARAM BUSINESS,Keep,exact match on Ship-To Name against Confirmed row in CustomerCode_Zone_State_Mapping.csv (Customer Code 1101841),mtagent pbi audit (cross-ref CustomerCode_Zone_State_Mapping.csv),2026-07-14
Lulu,M/S KOTTARAM BUSINESS CORPORATION-MT,M/S KOTTARAM BUSINESS CORPORATION,Dist.,The Derma Co.,Monthly dynamic Cont% (secondary-driven),12,Apr'25–May'26,73.36,14.32,100.0,Medium,Multi-chain distributor; split by secondary Cont% — validate (3 chains),,Y,Y,,,Validated (Cross-Ref),M/S KOTTARAM BUSINESS,M/S KOTTARAM BUSINESS,Keep,exact match on Ship-To Name against Confirmed row in CustomerCode_Zone_State_Mapping.csv (Customer Code 1101841),mtagent pbi audit (cross-ref CustomerCode_Zone_State_Mapping.csv),2026-07-14
Lulu,VENKATESHWARA AGENCIES-TG,VENKATESHWARA AGENCIES,Dist.,Aqualogica,Monthly dynamic Cont% (secondary-driven),6,Nov'25–May'26,13.44,1.87,27.73,Medium,Multi-chain distributor; split by secondary Cont% — validate (8 chains),,Y,Y,,,Validated (Cross-Ref),VENKATESHWARA AGENCIES-TG,VENKATESHWARA AGENCIES-TG,Keep,exact match on Ship-To Name against Confirmed row in CustomerCode_Zone_State_Mapping.csv (Customer Code 1104539),mtagent pbi audit (cross-ref CustomerCode_Zone_State_Mapping.csv),2026-07-14
Lulu,VENKATESHWARA AGENCIES-TG,VENKATESHWARA AGENCIES,Dist.,Mamaearth,Monthly dynamic Cont% (secondary-driven),7,Nov'25–May'26,7.36,0.48,20.94,Medium,Multi-chain distributor; split by secondary Cont% — validate (8 chains),,Y,Y,,,Validated (Cross-Ref),VENKATESHWARA AGENCIES-TG,VENKATESHWARA AGENCIES-TG,Keep,exact match on Ship-To Name against Confirmed row in CustomerCode_Zone_State_Mapping.csv (Customer Code 1104539),mtagent pbi audit (cross-ref CustomerCode_Zone_State_Mapping.csv),2026-07-14
Lulu,VENKATESHWARA AGENCIES-TG,VENKATESHWARA AGENCIES,Dist.,The Derma Co.,Monthly dynamic Cont% (secondary-driven),6,Nov'25–May'26,7.9,0.41,22.76,Medium,Multi-chain distributor; split by secondary Cont% — validate (8 chains),,Y,Y,,,Validated (Cross-Ref),VENKATESHWARA AGENCIES-TG,VENKATESHWARA AGENCIES-TG,Keep,exact match on Ship-To Name against Confirmed row in CustomerCode_Zone_State_Mapping.csv (Customer Code 1104539),mtagent pbi audit (cross-ref CustomerCode_Zone_State_Mapping.csv),2026-07-14
Lulu,Vanaja Agencies_Mt,Vanaja Agencies,Dist.,Aqualogica,Monthly dynamic Cont% (secondary-driven),6,Apr'25–Dec'25,8.18,2.77,16.32,Medium,Multi-chain distributor; split by secondary Cont% — validate (9 chains),,Y,Y,,,Validated (Cross-Ref),Vanaja Agencies-MT,Vanaja Agencies-MT,Keep,exact match on Ship-To Name against Confirmed row in CustomerCode_Zone_State_Mapping.csv (Customer Code 1100998),mtagent pbi audit (cross-ref CustomerCode_Zone_State_Mapping.csv),2026-07-14
Lulu,Vanaja Agencies_Mt,Vanaja Agencies,Dist.,Mamaearth,Monthly dynamic Cont% (secondary-driven),6,Apr'25–Dec'25,2.71,0.5,6.27,Medium,Multi-chain distributor; split by secondary Cont% — validate (9 chains),,Y,Y,,,Validated (Cross-Ref),Vanaja Agencies-MT,Vanaja Agencies-MT,Keep,exact match on Ship-To Name against Confirmed row in CustomerCode_Zone_State_Mapping.csv (Customer Code 1100998),mtagent pbi audit (cross-ref CustomerCode_Zone_State_Mapping.csv),2026-07-14
Lulu,Vanaja Agencies_Mt,Vanaja Agencies,Dist.,The Derma Co.,Monthly dynamic Cont% (secondary-driven),6,Apr'25–Dec'25,2.08,0.44,4.28,Medium,Multi-chain distributor; split by secondary Cont% — validate (9 chains),,Y,Y,,,Validated (Cross-Ref),Vanaja Agencies-MT,Vanaja Agencies-MT,Keep,exact match on Ship-To Name against Confirmed row in CustomerCode_Zone_State_Mapping.csv (Customer Code 1100998),mtagent pbi audit (cross-ref CustomerCode_Zone_State_Mapping.csv),2026-07-14
Max Hyper,Az Enterprises,Az Enterprises,Dist.,Mamaearth,Monthly dynamic Cont% (secondary-driven),2,Dec'25–Apr'26,2.68,0.83,4.53,Medium,Multi-chain distributor; split by secondary Cont% — validate (9 chains); account has 2 ship-to variants/branches — confirm roll-up,,Y,Y,,Y,Validated (Cross-Ref),Az Enterprises-H&G,Az Enterprises-H&G,Merge,exact match on Ship-To Name against Confirmed row in CustomerCode_Zone_State_Mapping.csv (Customer Code 1100298),mtagent pbi audit (cross-ref CustomerCode_Zone_State_Mapping.csv),2026-07-14
Max Hyper,Az Enterprises(Apollo/More)Mt,Az Enterprises,Dist.,Mamaearth,Monthly dynamic Cont% (secondary-driven),1,Oct'25–Oct'25,0.6,0.6,0.6,Medium,Multi-chain distributor; split by secondary Cont% — validate (9 chains); account has 2 ship-to variants/branches — confirm roll-up,,Y,Y,,Y,Validated (Cross-Ref),Az Enterprises-MT,Az Enterprises-MT,Merge,exact match on Ship-To Name against Confirmed row in CustomerCode_Zone_State_Mapping.csv (Customer Code 1101158),mtagent pbi audit (cross-ref CustomerCode_Zone_State_Mapping.csv),2026-07-14
Medanta,Sancus Networks Private Limited-RMT,Sancus Networks Private Limited,Dist.,Mamaearth,Monthly dynamic Cont% (secondary-driven),1,May'26–May'26,0.47,0.47,0.47,Medium,Multi-chain distributor; split by secondary Cont% — validate (5 chains),,Y,Y,,,Pending,,,Needs Check,,,
Metro CNC,Metro Cash & Carry India Pvt Ltd -(DC27)-T0SJ,Metro Cash & Carry India Pvt Ltd,Direct,Aqualogica,Monthly dynamic Cont% (secondary-driven),13,Apr'25–May'26,100.0,100.0,100.0,High,Direct ship-to → single chain (1:1); account has 29 ship-to variants/branches — confirm roll-up,,,,,,Validated (High-Confidence Auto),Metro CNC,Metro Cash & Carry India Pvt Ltd,Keep,no Confirmed cross-reference found; auto-accepted as a direct 1:1 ship-to->chain mapping (High confidence per the file's own methodology),mtagent pbi audit (cross-ref CustomerCode_Zone_State_Mapping.csv),2026-07-14
Metro CNC,Metro Cash & Carry India Pvt Ltd -(DC27)-T0SJ,Metro Cash & Carry India Pvt Ltd,Direct,Mamaearth,Monthly dynamic Cont% (secondary-driven),14,Apr'25–May'26,100.0,100.0,100.0,High,Direct ship-to → single chain (1:1); account has 29 ship-to variants/branches — confirm roll-up,,,,,,Validated (High-Confidence Auto),Metro CNC,Metro Cash & Carry India Pvt Ltd,Keep,no Confirmed cross-reference found; auto-accepted as a direct 1:1 ship-to->chain mapping (High confidence per the file's own methodology),mtagent pbi audit (cross-ref CustomerCode_Zone_State_Mapping.csv),2026-07-14
Metro CNC,Metro Cash & Carry India Pvt Ltd -(DC27)-T0SJ,Metro Cash & Carry India Pvt Ltd,Direct,The Derma Co.,Monthly dynamic Cont% (secondary-driven),14,Apr'25–May'26,100.0,100.0,100.0,High,Direct ship-to → single chain (1:1); account has 29 ship-to variants/branches — confirm roll-up,,,,,,Validated (High-Confidence Auto),Metro CNC,Metro Cash & Carry India Pvt Ltd,Keep,no Confirmed cross-reference found; auto-accepted as a direct 1:1 ship-to->chain mapping (High confidence per the file's own methodology),mtagent pbi audit (cross-ref CustomerCode_Zone_State_Mapping.csv),2026-07-14
Metro CNC,Metro Cash & Carry India Pvt Ltd -(DC34)-T0SR,Metro Cash & Carry India Pvt Ltd,Direct,Mamaearth,Monthly dynamic Cont% (secondary-driven),2,Apr'25–Jul'25,100.0,100.0,100.0,High,Direct ship-to → single chain (1:1); account has 29 ship-to variants/branches — confirm roll-up,,,,,,Validated (High-Confidence Auto),Metro CNC,Metro Cash & Carry India Pvt Ltd,Keep,no Confirmed cross-reference found; auto-accepted as a direct 1:1 ship-to->chain mapping (High confidence per the file's own methodology),mtagent pbi audit (cross-ref CustomerCode_Zone_State_Mapping.csv),2026-07-14
Metro CNC,Metro Cash & Carry India Pvt Ltd-(DC10)-T0SM,Metro Cash & Carry India Pvt Ltd,Direct,Aqualogica,Monthly dynamic Cont% (secondary-driven),11,Apr'25–May'26,100.0,100.0,100.0,High,Direct ship-to → single chain (1:1); account has 29 ship-to variants/branches — confirm roll-up,,,,,,Validated (High-Confidence Auto),Metro CNC,Metro Cash & Carry India Pvt Ltd,Keep,no Confirmed cross-reference found; auto-accepted as a direct 1:1 ship-to->chain mapping (High confidence per the file's own methodology),mtagent pbi audit (cross-ref CustomerCode_Zone_State_Mapping.csv),2026-07-14
Metro CNC,Metro Cash & Carry India Pvt Ltd-(DC10)-T0SM,Metro Cash & Carry India Pvt Ltd,Direct,BBlunt,Monthly dynamic Cont% (secondary-driven),13,Apr'25–May'26,100.0,100.0,100.0,High,Direct ship-to → single chain (1:1); account has 29 ship-to variants/branches — confirm roll-up,,,,,,Validated (High-Confidence Auto),Metro CNC,Metro Cash & Carry India Pvt Ltd,Keep,no Confirmed cross-reference found; auto-accepted as a direct 1:1 ship-to->chain mapping (High confidence per the file's own methodology),mtagent pbi audit (cross-ref CustomerCode_Zone_State_Mapping.csv),2026-07-14
Metro CNC,Metro Cash & Carry India Pvt Ltd-(DC10)-T0SM,Metro Cash & Carry India Pvt Ltd,Direct,Mamaearth,Monthly dynamic Cont% (secondary-driven),14,Apr'25–May'26,100.0,100.0,100.0,High,Direct ship-to → single chain (1:1); account has 29 ship-to variants/branches — confirm roll-up,,,,,,Validated (High-Confidence Auto),Metro CNC,Metro Cash & Carry India Pvt Ltd,Keep,no Confirmed cross-reference found; auto-accepted as a direct 1:1 ship-to->chain mapping (High confidence per the file's own methodology),mtagent pbi audit (cross-ref CustomerCode_Zone_State_Mapping.csv),2026-07-14
Metro CNC,Metro Cash & Carry India Pvt Ltd-(DC10)-T0SM,Metro Cash & Carry India Pvt Ltd,Direct,The Derma Co.,Monthly dynamic Cont% (secondary-driven),14,Apr'25–May'26,100.0,100.0,100.0,High,Direct ship-to → single chain (1:1); account has 29 ship-to variants/branches — confirm roll-up,,,,,,Validated (High-Confidence Auto),Metro CNC,Metro Cash & Carry India Pvt Ltd,Keep,no Confirmed cross-reference found; auto-accepted as a direct 1:1 ship-to->chain mapping (High confidence per the file's own methodology),mtagent pbi audit (cross-ref CustomerCode_Zone_State_Mapping.csv),2026-07-14
Metro CNC,Metro Cash & Carry India Pvt Ltd-(DC11)-T0SL,Metro Cash & Carry India Pvt Ltd,Direct,Aqualogica,Monthly dynamic Cont% (secondary-driven),13,Apr'25–May'26,100.0,100.0,100.0,High,Direct ship-to → single chain (1:1); account has 29 ship-to variants/branches — confirm roll-up,,,,,,Validated (High-Confidence Auto),Metro CNC,Metro Cash & Carry India Pvt Ltd,Keep,no Confirmed cross-reference found; auto-accepted as a direct 1:1 ship-to->chain mapping (High confidence per the file's own methodology),mtagent pbi audit (cross-ref CustomerCode_Zone_State_Mapping.csv),2026-07-14
Metro CNC,Metro Cash & Carry India Pvt Ltd-(DC11)-T0SL,Metro Cash & Carry India Pvt Ltd,Direct,BBlunt,Monthly dynamic Cont% (secondary-driven),11,Apr'25–Apr'26,100.0,100.0,100.0,High,Direct ship-to → single chain (1:1); account has 29 ship-to variants/branches — confirm roll-up,,,,,,Validated (High-Confidence Auto),Metro CNC,Metro Cash & Carry India Pvt Ltd,Keep,no Confirmed cross-reference found; auto-accepted as a direct 1:1 ship-to->chain mapping (High confidence per the file's own methodology),mtagent pbi audit (cross-ref CustomerCode_Zone_State_Mapping.csv),2026-07-14
Metro CNC,Metro Cash & Carry India Pvt Ltd-(DC11)-T0SL,Metro Cash & Carry India Pvt Ltd,Direct,Mamaearth,Monthly dynamic Cont% (secondary-driven),14,Apr'25–May'26,100.0,100.0,100.0,High,Direct ship-to → single chain (1:1); account has 29 ship-to variants/branches — confirm roll-up,,,,,,Validated (High-Confidence Auto),Metro CNC,Metro Cash & Carry India Pvt Ltd,Keep,no Confirmed cross-reference found; auto-accepted as a direct 1:1 ship-to->chain mapping (High confidence per the file's own methodology),mtagent pbi audit (cross-ref CustomerCode_Zone_State_Mapping.csv),2026-07-14
Metro CNC,Metro Cash & Carry India Pvt Ltd-(DC11)-T0SL,Metro Cash & Carry India Pvt Ltd,Direct,The Derma Co.,Monthly dynamic Cont% (secondary-driven),14,Apr'25–May'26,100.0,100.0,100.0,High,Direct ship-to → single chain (1:1); account has 29 ship-to variants/branches — confirm roll-up,,,,,,Validated (High-Confidence Auto),Metro CNC,Metro Cash & Carry India Pvt Ltd,Keep,no Confirmed cross-reference found; auto-accepted as a direct 1:1 ship-to->chain mapping (High confidence per the file's own methodology),mtagent pbi audit (cross-ref CustomerCode_Zone_State_Mapping.csv),2026-07-14
Metro CNC,Metro Cash & Carry India Pvt Ltd-(DC12)-T0QX,Metro Cash & Carry India Pvt Ltd,Direct,Aqualogica,Monthly dynamic Cont% (secondary-driven),12,Apr'25–May'26,100.0,100.0,100.0,High,Direct ship-to → single chain (1:1); account has 29 ship-to variants/branches — confirm roll-up,,,,,,Validated (High-Confidence Auto),Metro CNC,Metro Cash & Carry India Pvt Ltd,Keep,no Confirmed cross-reference found; auto-accepted as a direct 1:1 ship-to->chain mapping (High confidence per the file's own methodology),mtagent pbi audit (cross-ref CustomerCode_Zone_State_Mapping.csv),2026-07-14
Metro CNC,Metro Cash & Carry India Pvt Ltd-(DC12)-T0QX,Metro Cash & Carry India Pvt Ltd,Direct,BBlunt,Monthly dynamic Cont% (secondary-driven),5,Jul'25–Apr'26,100.0,100.0,100.0,High,Direct ship-to → single chain (1:1); account has 29 ship-to variants/branches — confirm roll-up,,,,,,Validated (High-Confidence Auto),Metro CNC,Metro Cash & Carry India Pvt Ltd,Keep,no Confirmed cross-reference found; auto-accepted as a direct 1:1 ship-to->chain mapping (High confidence per the file's own methodology),mtagent pbi audit (cross-ref CustomerCode_Zone_State_Mapping.csv),2026-07-14
Metro CNC,Metro Cash & Carry India Pvt Ltd-(DC12)-T0QX,Metro Cash & Carry India Pvt Ltd,Direct,Mamaearth,Monthly dynamic Cont% (secondary-driven),14,Apr'25–May'26,100.0,100.0,100.0,High,Direct ship-to → single chain (1:1); account has 29 ship-to variants/branches — confirm roll-up,,,,,,Validated (High-Confidence Auto),Metro CNC,Metro Cash & Carry India Pvt Ltd,Keep,no Confirmed cross-reference found; auto-accepted as a direct 1:1 ship-to->chain mapping (High confidence per the file's own methodology),mtagent pbi audit (cross-ref CustomerCode_Zone_State_Mapping.csv),2026-07-14
Metro CNC,Metro Cash & Carry India Pvt Ltd-(DC12)-T0QX,Metro Cash & Carry India Pvt Ltd,Direct,The Derma Co.,Monthly dynamic Cont% (secondary-driven),14,Apr'25–May'26,100.0,100.0,100.0,High,Direct ship-to → single chain (1:1); account has 29 ship-to variants/branches — confirm roll-up,,,,,,Validated (High-Confidence Auto),Metro CNC,Metro Cash & Carry India Pvt Ltd,Keep,no Confirmed cross-reference found; auto-accepted as a direct 1:1 ship-to->chain mapping (High confidence per the file's own methodology),mtagent pbi audit (cross-ref CustomerCode_Zone_State_Mapping.csv),2026-07-14
Metro CNC,Metro Cash & Carry India Pvt Ltd-(DC15)-T0QY,Metro Cash & Carry India Pvt Ltd,Direct,Mamaearth,Monthly dynamic Cont% (secondary-driven),14,Apr'25–May'26,100.0,100.0,100.0,High,Direct ship-to → single chain (1:1); account has 29 ship-to variants/branches — confirm roll-up,,,,,,Validated (High-Confidence Auto),Metro CNC,Metro Cash & Carry India Pvt Ltd,Keep,no Confirmed cross-reference found; auto-accepted as a direct 1:1 ship-to->chain mapping (High confidence per the file's own methodology),mtagent pbi audit (cross-ref CustomerCode_Zone_State_Mapping.csv),2026-07-14
Metro CNC,Metro Cash & Carry India Pvt Ltd-(DC16)-T0QZ,Metro Cash & Carry India Pvt Ltd,Direct,BBlunt,Monthly dynamic Cont% (secondary-driven),4,Sep'25–Mar'26,100.0,100.0,100.0,High,Direct ship-to → single chain (1:1); account has 29 ship-to variants/branches — confirm roll-up,,,,,,Validated (High-Confidence Auto),Metro CNC,Metro Cash & Carry India Pvt Ltd,Keep,no Confirmed cross-reference found; auto-accepted as a direct 1:1 ship-to->chain mapping (High confidence per the file's own methodology),mtagent pbi audit (cross-ref CustomerCode_Zone_State_Mapping.csv),2026-07-14
Metro CNC,Metro Cash & Carry India Pvt Ltd-(DC16)-T0QZ,Metro Cash & Carry India Pvt Ltd,Direct,Mamaearth,Monthly dynamic Cont% (secondary-driven),14,Apr'25–May'26,100.0,100.0,100.0,High,Direct ship-to → single chain (1:1); account has 29 ship-to variants/branches — confirm roll-up,,,,,,Validated (High-Confidence Auto),Metro CNC,Metro Cash & Carry India Pvt Ltd,Keep,no Confirmed cross-reference found; auto-accepted as a direct 1:1 ship-to->chain mapping (High confidence per the file's own methodology),mtagent pbi audit (cross-ref CustomerCode_Zone_State_Mapping.csv),2026-07-14
Metro CNC,Metro Cash & Carry India Pvt Ltd-(DC17)-T0QT,Metro Cash & Carry India Pvt Ltd,Direct,Mamaearth,Monthly dynamic Cont% (secondary-driven),13,Apr'25–May'26,100.0,100.0,100.0,High,Direct ship-to → single chain (1:1); account has 29 ship-to variants/branches — confirm roll-up,,,,,,Validated (High-Confidence Auto),Metro CNC,Metro Cash & Carry India Pvt Ltd,Keep,no Confirmed cross-reference found; auto-accepted as a direct 1:1 ship-to->chain mapping (High confidence per the file's own methodology),mtagent pbi audit (cross-ref CustomerCode_Zone_State_Mapping.csv),2026-07-14
Metro CNC,Metro Cash & Carry India Pvt Ltd-(DC18)-T0SN,Metro Cash & Carry India Pvt Ltd,Direct,Aqualogica,Monthly dynamic Cont% (secondary-driven),9,Apr'25–Apr'26,100.0,100.0,100.0,High,Direct ship-to → single chain (1:1); account has 29 ship-to variants/branches — confirm roll-up,,,,,,Validated (High-Confidence Auto),Metro CNC,Metro Cash & Carry India Pvt Ltd,Keep,no Confirmed cross-reference found; auto-accepted as a direct 1:1 ship-to->chain mapping (High confidence per the file's own methodology),mtagent pbi audit (cross-ref CustomerCode_Zone_State_Mapping.csv),2026-07-14
Metro CNC,Metro Cash & Carry India Pvt Ltd-(DC18)-T0SN,Metro Cash & Carry India Pvt Ltd,Direct,Mamaearth,Monthly dynamic Cont% (secondary-driven),14,Apr'25–May'26,100.0,100.0,100.0,High,Direct ship-to → single chain (1:1); account has 29 ship-to variants/branches — confirm roll-up,,,,,,Validated (High-Confidence Auto),Metro CNC,Metro Cash & Carry India Pvt Ltd,Keep,no Confirmed cross-reference found; auto-accepted as a direct 1:1 ship-to->chain mapping (High confidence per the file's own methodology),mtagent pbi audit (cross-ref CustomerCode_Zone_State_Mapping.csv),2026-07-14
Metro CNC,Metro Cash & Carry India Pvt Ltd-(DC18)-T0SN,Metro Cash & Carry India Pvt Ltd,Direct,The Derma Co.,Monthly dynamic Cont% (secondary-driven),13,Apr'25–May'26,100.0,100.0,100.0,High,Direct ship-to → single chain (1:1); account has 29 ship-to variants/branches — confirm roll-up,,,,,,Validated (High-Confidence Auto),Metro CNC,Metro Cash & Carry India Pvt Ltd,Keep,no Confirmed cross-reference found; auto-accepted as a direct 1:1 ship-to->chain mapping (High confidence per the file's own methodology),mtagent pbi audit (cross-ref CustomerCode_Zone_State_Mapping.csv),2026-07-14
Metro CNC,Metro Cash & Carry India Pvt Ltd-(DC20)-T0RK,Metro Cash & Carry India Pvt Ltd,Direct,Aqualogica,Monthly dynamic Cont% (secondary-driven),3,Aug'25–Apr'26,100.0,100.0,100.0,High,Direct ship-to → single chain (1:1); account has 29 ship-to variants/branches — confirm roll-up,,,,,,Validated (High-Confidence Auto),Metro CNC,Metro Cash & Carry India Pvt Ltd,Keep,no Confirmed cross-reference found; auto-accepted as a direct 1:1 ship-to->chain mapping (High confidence per the file's own methodology),mtagent pbi audit (cross-ref CustomerCode_Zone_State_Mapping.csv),2026-07-14
Metro CNC,Metro Cash & Carry India Pvt Ltd-(DC20)-T0RK,Metro Cash & Carry India Pvt Ltd,Direct,Mamaearth,Monthly dynamic Cont% (secondary-driven),14,Apr'25–May'26,100.0,100.0,100.0,High,Direct ship-to → single chain (1:1); account has 29 ship-to variants/branches — confirm roll-up,,,,,,Validated (High-Confidence Auto),Metro CNC,Metro Cash & Carry India Pvt Ltd,Keep,no Confirmed cross-reference found; auto-accepted as a direct 1:1 ship-to->chain mapping (High confidence per the file's own methodology),mtagent pbi audit (cross-ref CustomerCode_Zone_State_Mapping.csv),2026-07-14
Metro CNC,Metro Cash & Carry India Pvt Ltd-(DC20)-T0RK,Metro Cash & Carry India Pvt Ltd,Direct,The Derma Co.,Monthly dynamic Cont% (secondary-driven),6,Aug'25–May'26,100.0,100.0,100.0,High,Direct ship-to → single chain (1:1); account has 29 ship-to variants/branches — confirm roll-up,,,,,,Validated (High-Confidence Auto),Metro CNC,Metro Cash & Carry India Pvt Ltd,Keep,no Confirmed cross-reference found; auto-accepted as a direct 1:1 ship-to->chain mapping (High confidence per the file's own methodology),mtagent pbi audit (cross-ref CustomerCode_Zone_State_Mapping.csv),2026-07-14
Metro CNC,Metro Cash & Carry India Pvt Ltd-(DC23)-T0RL,Metro Cash & Carry India Pvt Ltd,Direct,Aqualogica,Monthly dynamic Cont% (secondary-driven),10,Apr'25–May'26,100.0,100.0,100.0,High,Direct ship-to → single chain (1:1); account has 29 ship-to variants/branches — confirm roll-up,,,,,,Validated (High-Confidence Auto),Metro CNC,Metro Cash & Carry India Pvt Ltd,Keep,no Confirmed cross-reference found; auto-accepted as a direct 1:1 ship-to->chain mapping (High confidence per the file's own methodology),mtagent pbi audit (cross-ref CustomerCode_Zone_State_Mapping.csv),2026-07-14
Metro CNC,Metro Cash & Carry India Pvt Ltd-(DC23)-T0RL,Metro Cash & Carry India Pvt Ltd,Direct,BBlunt,Monthly dynamic Cont% (secondary-driven),13,Apr'25–May'26,100.0,100.0,100.0,High,Direct ship-to → single chain (1:1); account has 29 ship-to variants/branches — confirm roll-up,,,,,,Validated (High-Confidence Auto),Metro CNC,Metro Cash & Carry India Pvt Ltd,Keep,no Confirmed cross-reference found; auto-accepted as a direct 1:1 ship-to->chain mapping (High confidence per the file's own methodology),mtagent pbi audit (cross-ref CustomerCode_Zone_State_Mapping.csv),2026-07-14
Metro CNC,Metro Cash & Carry India Pvt Ltd-(DC23)-T0RL,Metro Cash & Carry India Pvt Ltd,Direct,Mamaearth,Monthly dynamic Cont% (secondary-driven),14,Apr'25–May'26,100.0,100.0,100.0,High,Direct ship-to → single chain (1:1); account has 29 ship-to variants/branches — confirm roll-up,,,,,,Validated (High-Confidence Auto),Metro CNC,Metro Cash & Carry India Pvt Ltd,Keep,no Confirmed cross-reference found; auto-accepted as a direct 1:1 ship-to->chain mapping (High confidence per the file's own methodology),mtagent pbi audit (cross-ref CustomerCode_Zone_State_Mapping.csv),2026-07-14
Metro CNC,Metro Cash & Carry India Pvt Ltd-(DC23)-T0RL,Metro Cash & Carry India Pvt Ltd,Direct,The Derma Co.,Monthly dynamic Cont% (secondary-driven),13,Apr'25–May'26,100.0,100.0,100.0,High,Direct ship-to → single chain (1:1); account has 29 ship-to variants/branches — confirm roll-up,,,,,,Validated (High-Confidence Auto),Metro CNC,Metro Cash & Carry India Pvt Ltd,Keep,no Confirmed cross-reference found; auto-accepted as a direct 1:1 ship-to->chain mapping (High confidence per the file's own methodology),mtagent pbi audit (cross-ref CustomerCode_Zone_State_Mapping.csv),2026-07-14
Metro CNC,Metro Cash & Carry India Pvt Ltd-(DC24)-T0RJ,Metro Cash & Carry India Pvt Ltd,Direct,BBlunt,Monthly dynamic Cont% (secondary-driven),1,Jul'25–Jul'25,100.0,100.0,100.0,High,Direct ship-to → single chain (1:1); account has 29 ship-to variants/branches — confirm roll-up,,,,,,Validated (High-Confidence Auto),Metro CNC,Metro Cash & Carry India Pvt Ltd,Keep,no Confirmed cross-reference found; auto-accepted as a direct 1:1 ship-to->chain mapping (High confidence per the file's own methodology),mtagent pbi audit (cross-ref CustomerCode_Zone_State_Mapping.csv),2026-07-14
Metro CNC,Metro Cash & Carry India Pvt Ltd-(DC24)-T0RJ,Metro Cash & Carry India Pvt Ltd,Direct,Mamaearth,Monthly dynamic Cont% (secondary-driven),14,Apr'25–May'26,100.0,100.0,100.0,High,Direct ship-to → single chain (1:1); account has 29 ship-to variants/branches — confirm roll-up,,,,,,Validated (High-Confidence Auto),Metro CNC,Metro Cash & Carry India Pvt Ltd,Keep,no Confirmed cross-reference found; auto-accepted as a direct 1:1 ship-to->chain mapping (High confidence per the file's own methodology),mtagent pbi audit (cross-ref CustomerCode_Zone_State_Mapping.csv),2026-07-14
Metro CNC,Metro Cash & Carry India Pvt Ltd-(DC25)-T0RB,Metro Cash & Carry India Pvt Ltd,Direct,Mamaearth,Monthly dynamic Cont% (secondary-driven),13,Apr'25–May'26,100.0,100.0,100.0,High,Direct ship-to → single chain (1:1); account has 29 ship-to variants/branches — confirm roll-up,,,,,,Validated (High-Confidence Auto),Metro CNC,Metro Cash & Carry India Pvt Ltd,Keep,no Confirmed cross-reference found; auto-accepted as a direct 1:1 ship-to->chain mapping (High confidence per the file's own methodology),mtagent pbi audit (cross-ref CustomerCode_Zone_State_Mapping.csv),2026-07-14
Metro CNC,Metro Cash & Carry India Pvt Ltd-(DC26)-T0SP,Metro Cash & Carry India Pvt Ltd,Direct,Aqualogica,Monthly dynamic Cont% (secondary-driven),6,Apr'25–Jan'26,100.0,100.0,100.0,High,Direct ship-to → single chain (1:1); account has 29 ship-to variants/branches — confirm roll-up,,,,,,Validated (High-Confidence Auto),Metro CNC,Metro Cash & Carry India Pvt Ltd,Keep,no Confirmed cross-reference found; auto-accepted as a direct 1:1 ship-to->chain mapping (High confidence per the file's own methodology),mtagent pbi audit (cross-ref CustomerCode_Zone_State_Mapping.csv),2026-07-14
Metro CNC,Metro Cash & Carry India Pvt Ltd-(DC26)-T0SP,Metro Cash & Carry India Pvt Ltd,Direct,BBlunt,Monthly dynamic Cont% (secondary-driven),6,Apr'25–Mar'26,100.0,100.0,100.0,High,Direct ship-to → single chain (1:1); account has 29 ship-to variants/branches — confirm roll-up,,,,,,Validated (High-Confidence Auto),Metro CNC,Metro Cash & Carry India Pvt Ltd,Keep,no Confirmed cross-reference found; auto-accepted as a direct 1:1 ship-to->chain mapping (High confidence per the file's own methodology),mtagent pbi audit (cross-ref CustomerCode_Zone_State_Mapping.csv),2026-07-14
Metro CNC,Metro Cash & Carry India Pvt Ltd-(DC26)-T0SP,Metro Cash & Carry India Pvt Ltd,Direct,Mamaearth,Monthly dynamic Cont% (secondary-driven),14,Apr'25–May'26,100.0,100.0,100.0,High,Direct ship-to → single chain (1:1); account has 29 ship-to variants/branches — confirm roll-up,,,,,,Validated (High-Confidence Auto),Metro CNC,Metro Cash & Carry India Pvt Ltd,Keep,no Confirmed cross-reference found; auto-accepted as a direct 1:1 ship-to->chain mapping (High confidence per the file's own methodology),mtagent pbi audit (cross-ref CustomerCode_Zone_State_Mapping.csv),2026-07-14
Metro CNC,Metro Cash & Carry India Pvt Ltd-(DC26)-T0SP,Metro Cash & Carry India Pvt Ltd,Direct,The Derma Co.,Monthly dynamic Cont% (secondary-driven),13,Apr'25–May'26,100.0,100.0,100.0,High,Direct ship-to → single chain (1:1); account has 29 ship-to variants/branches — confirm roll-up,,,,,,Validated (High-Confidence Auto),Metro CNC,Metro Cash & Carry India Pvt Ltd,Keep,no Confirmed cross-reference found; auto-accepted as a direct 1:1 ship-to->chain mapping (High confidence per the file's own methodology),mtagent pbi audit (cross-ref CustomerCode_Zone_State_Mapping.csv),2026-07-14
Metro CNC,Metro Cash & Carry India Pvt Ltd-(DC28)-T0RF,Metro Cash & Carry India Pvt Ltd,Direct,Mamaearth,Monthly dynamic Cont% (secondary-driven),6,Apr'25–Jan'26,100.0,100.0,100.0,High,Direct ship-to → single chain (1:1); account has 29 ship-to variants/branches — confirm roll-up,,,,,,Validated (High-Confidence Auto),Metro CNC,Metro Cash & Carry India Pvt Ltd,Keep,no Confirmed cross-reference found; auto-accepted as a direct 1:1 ship-to->chain mapping (High confidence per the file's own methodology),mtagent pbi audit (cross-ref CustomerCode_Zone_State_Mapping.csv),2026-07-14
Metro CNC,Metro Cash & Carry India Pvt Ltd-(DC29)-T0RA,Metro Cash & Carry India Pvt Ltd,Direct,BBlunt,Monthly dynamic Cont% (secondary-driven),5,Oct'25–May'26,100.0,100.0,100.0,High,Direct ship-to → single chain (1:1); account has 29 ship-to variants/branches — confirm roll-up,,,,,,Validated (High-Confidence Auto),Metro CNC,Metro Cash & Carry India Pvt Ltd,Keep,no Confirmed cross-reference found; auto-accepted as a direct 1:1 ship-to->chain mapping (High confidence per the file's own methodology),mtagent pbi audit (cross-ref CustomerCode_Zone_State_Mapping.csv),2026-07-14
Metro CNC,Metro Cash & Carry India Pvt Ltd-(DC29)-T0RA,Metro Cash & Carry India Pvt Ltd,Direct,Mamaearth,Monthly dynamic Cont% (secondary-driven),14,Apr'25–May'26,100.0,100.0,100.0,High,Direct ship-to → single chain (1:1); account has 29 ship-to variants/branches — confirm roll-up,,,,,,Validated (High-Confidence Auto),Metro CNC,Metro Cash & Carry India Pvt Ltd,Keep,no Confirmed cross-reference found; auto-accepted as a direct 1:1 ship-to->chain mapping (High confidence per the file's own methodology),mtagent pbi audit (cross-ref CustomerCode_Zone_State_Mapping.csv),2026-07-14
Metro CNC,Metro Cash & Carry India Pvt Ltd-(DC29)-T0RA,Metro Cash & Carry India Pvt Ltd,Direct,The Derma Co.,Monthly dynamic Cont% (secondary-driven),5,Apr'25–Apr'26,100.0,100.0,100.0,High,Direct ship-to → single chain (1:1); account has 29 ship-to variants/branches — confirm roll-up,,,,,,Validated (High-Confidence Auto),Metro CNC,Metro Cash & Carry India Pvt Ltd,Keep,no Confirmed cross-reference found; auto-accepted as a direct 1:1 ship-to->chain mapping (High confidence per the file's own methodology),mtagent pbi audit (cross-ref CustomerCode_Zone_State_Mapping.csv),2026-07-14
Metro CNC,Metro Cash & Carry India Pvt Ltd-(DC30)-T0RM,Metro Cash & Carry India Pvt Ltd,Direct,Aqualogica,Monthly dynamic Cont% (secondary-driven),8,Jul'25–May'26,100.0,100.0,100.0,High,Direct ship-to → single chain (1:1); account has 29 ship-to variants/branches — confirm roll-up,,,,,,Validated (High-Confidence Auto),Metro CNC,Metro Cash & Carry India Pvt Ltd,Keep,no Confirmed cross-reference found; auto-accepted as a direct 1:1 ship-to->chain mapping (High confidence per the file's own methodology),mtagent pbi audit (cross-ref CustomerCode_Zone_State_Mapping.csv),2026-07-14
Metro CNC,Metro Cash & Carry India Pvt Ltd-(DC30)-T0RM,Metro Cash & Carry India Pvt Ltd,Direct,Mamaearth,Monthly dynamic Cont% (secondary-driven),13,Apr'25–May'26,100.0,100.0,100.0,High,Direct ship-to → single chain (1:1); account has 29 ship-to variants/branches — confirm roll-up,,,,,,Validated (High-Confidence Auto),Metro CNC,Metro Cash & Carry India Pvt Ltd,Keep,no Confirmed cross-reference found; auto-accepted as a direct 1:1 ship-to->chain mapping (High confidence per the file's own methodology),mtagent pbi audit (cross-ref CustomerCode_Zone_State_Mapping.csv),2026-07-14
Metro CNC,Metro Cash & Carry India Pvt Ltd-(DC30)-T0RM,Metro Cash & Carry India Pvt Ltd,Direct,The Derma Co.,Monthly dynamic Cont% (secondary-driven),7,Jul'25–May'26,100.0,100.0,100.0,High,Direct ship-to → single chain (1:1); account has 29 ship-to variants/branches — confirm roll-up,,,,,,Validated (High-Confidence Auto),Metro CNC,Metro Cash & Carry India Pvt Ltd,Keep,no Confirmed cross-reference found; auto-accepted as a direct 1:1 ship-to->chain mapping (High confidence per the file's own methodology),mtagent pbi audit (cross-ref CustomerCode_Zone_State_Mapping.csv),2026-07-14
Metro CNC,Metro Cash & Carry India Pvt Ltd-(DC32)-T0QU,Metro Cash & Carry India Pvt Ltd,Direct,Mamaearth,Monthly dynamic Cont% (secondary-driven),14,Apr'25–May'26,100.0,100.0,100.0,High,Direct ship-to → single chain (1:1); account has 29 ship-to variants/branches — confirm roll-up,,,,,,Validated (High-Confidence Auto),Metro CNC,Metro Cash & Carry India Pvt Ltd,Keep,no Confirmed cross-reference found; auto-accepted as a direct 1:1 ship-to->chain mapping (High confidence per the file's own methodology),mtagent pbi audit (cross-ref CustomerCode_Zone_State_Mapping.csv),2026-07-14
Metro CNC,Metro Cash & Carry India Pvt Ltd-(DC36)-T0RH,Metro Cash & Carry India Pvt Ltd,Direct,BBlunt,Monthly dynamic Cont% (secondary-driven),1,Apr'26–Apr'26,100.0,100.0,100.0,High,Direct ship-to → single chain (1:1); account has 29 ship-to variants/branches — confirm roll-up,,,,,,Validated (High-Confidence Auto),Metro CNC,Metro Cash & Carry India Pvt Ltd,Keep,no Confirmed cross-reference found; auto-accepted as a direct 1:1 ship-to->chain mapping (High confidence per the file's own methodology),mtagent pbi audit (cross-ref CustomerCode_Zone_State_Mapping.csv),2026-07-14
Metro CNC,Metro Cash & Carry India Pvt Ltd-(DC36)-T0RH,Metro Cash & Carry India Pvt Ltd,Direct,Mamaearth,Monthly dynamic Cont% (secondary-driven),13,Apr'25–May'26,100.0,100.0,100.0,High,Direct ship-to → single chain (1:1); account has 29 ship-to variants/branches — confirm roll-up,,,,,,Validated (High-Confidence Auto),Metro CNC,Metro Cash & Carry India Pvt Ltd,Keep,no Confirmed cross-reference found; auto-accepted as a direct 1:1 ship-to->chain mapping (High confidence per the file's own methodology),mtagent pbi audit (cross-ref CustomerCode_Zone_State_Mapping.csv),2026-07-14
Metro CNC,Metro Cash & Carry India Pvt Ltd-(DC37)-T0RD,Metro Cash & Carry India Pvt Ltd,Direct,Mamaearth,Monthly dynamic Cont% (secondary-driven),14,Apr'25–May'26,100.0,100.0,100.0,High,Direct ship-to → single chain (1:1); account has 29 ship-to variants/branches — confirm roll-up,,,,,,Validated (High-Confidence Auto),Metro CNC,Metro Cash & Carry India Pvt Ltd,Keep,no Confirmed cross-reference found; auto-accepted as a direct 1:1 ship-to->chain mapping (High confidence per the file's own methodology),mtagent pbi audit (cross-ref CustomerCode_Zone_State_Mapping.csv),2026-07-14
Metro CNC,Metro Cash & Carry India Pvt Ltd-(DC43)-T2YF,Metro Cash & Carry India Pvt Ltd,Direct,Aqualogica,Monthly dynamic Cont% (secondary-driven),1,Apr'26–Apr'26,100.0,100.0,100.0,High,Direct ship-to → single chain (1:1); account has 29 ship-to variants/branches — confirm roll-up,,,,,,Validated (High-Confidence Auto),Metro CNC,Metro Cash & Carry India Pvt Ltd,Keep,no Confirmed cross-reference found; auto-accepted as a direct 1:1 ship-to->chain mapping (High confidence per the file's own methodology),mtagent pbi audit (cross-ref CustomerCode_Zone_State_Mapping.csv),2026-07-14
Metro CNC,Metro Cash & Carry India Pvt Ltd-(DC43)-T2YF,Metro Cash & Carry India Pvt Ltd,Direct,Mamaearth,Monthly dynamic Cont% (secondary-driven),12,May'25–May'26,100.0,100.0,100.0,High,Direct ship-to → single chain (1:1); account has 29 ship-to variants/branches — confirm roll-up,,,,,,Validated (High-Confidence Auto),Metro CNC,Metro Cash & Carry India Pvt Ltd,Keep,no Confirmed cross-reference found; auto-accepted as a direct 1:1 ship-to->chain mapping (High confidence per the file's own methodology),mtagent pbi audit (cross-ref CustomerCode_Zone_State_Mapping.csv),2026-07-14
Metro CNC,Metro Cash & Carry India Pvt Ltd-(DC43)-T2YF,Metro Cash & Carry India Pvt Ltd,Direct,The Derma Co.,Monthly dynamic Cont% (secondary-driven),9,May'25–Apr'26,100.0,100.0,100.0,High,Direct ship-to → single chain (1:1); account has 29 ship-to variants/branches — confirm roll-up,,,,,,Validated (High-Confidence Auto),Metro CNC,Metro Cash & Carry India Pvt Ltd,Keep,no Confirmed cross-reference found; auto-accepted as a direct 1:1 ship-to->chain mapping (High confidence per the file's own methodology),mtagent pbi audit (cross-ref CustomerCode_Zone_State_Mapping.csv),2026-07-14
Metro CNC,Metro Cash & Carry India Pvt Ltd-(DC45)-T0RE,Metro Cash & Carry India Pvt Ltd,Direct,Mamaearth,Monthly dynamic Cont% (secondary-driven),13,Apr'25–May'26,100.0,100.0,100.0,High,Direct ship-to → single chain (1:1); account has 29 ship-to variants/branches — confirm roll-up,,,,,,Validated (High-Confidence Auto),Metro CNC,Metro Cash & Carry India Pvt Ltd,Keep,no Confirmed cross-reference found; auto-accepted as a direct 1:1 ship-to->chain mapping (High confidence per the file's own methodology),mtagent pbi audit (cross-ref CustomerCode_Zone_State_Mapping.csv),2026-07-14
Metro CNC,Metro Cash & Carry India Pvt Ltd-(DC46)-T0RC,Metro Cash & Carry India Pvt Ltd,Direct,Aqualogica,Monthly dynamic Cont% (secondary-driven),8,Jul'25–May'26,100.0,100.0,100.0,High,Direct ship-to → single chain (1:1); account has 29 ship-to variants/branches — confirm roll-up,,,,,,Validated (High-Confidence Auto),Metro CNC,Metro Cash & Carry India Pvt Ltd,Keep,no Confirmed cross-reference found; auto-accepted as a direct 1:1 ship-to->chain mapping (High confidence per the file's own methodology),mtagent pbi audit (cross-ref CustomerCode_Zone_State_Mapping.csv),2026-07-14
Metro CNC,Metro Cash & Carry India Pvt Ltd-(DC46)-T0RC,Metro Cash & Carry India Pvt Ltd,Direct,BBlunt,Monthly dynamic Cont% (secondary-driven),11,Apr'25–May'26,100.0,100.0,100.0,High,Direct ship-to → single chain (1:1); account has 29 ship-to variants/branches — confirm roll-up,,,,,,Validated (High-Confidence Auto),Metro CNC,Metro Cash & Carry India Pvt Ltd,Keep,no Confirmed cross-reference found; auto-accepted as a direct 1:1 ship-to->chain mapping (High confidence per the file's own methodology),mtagent pbi audit (cross-ref CustomerCode_Zone_State_Mapping.csv),2026-07-14
Metro CNC,Metro Cash & Carry India Pvt Ltd-(DC46)-T0RC,Metro Cash & Carry India Pvt Ltd,Direct,Mamaearth,Monthly dynamic Cont% (secondary-driven),14,Apr'25–May'26,100.0,100.0,100.0,High,Direct ship-to → single chain (1:1); account has 29 ship-to variants/branches — confirm roll-up,,,,,,Validated (High-Confidence Auto),Metro CNC,Metro Cash & Carry India Pvt Ltd,Keep,no Confirmed cross-reference found; auto-accepted as a direct 1:1 ship-to->chain mapping (High confidence per the file's own methodology),mtagent pbi audit (cross-ref CustomerCode_Zone_State_Mapping.csv),2026-07-14
Metro CNC,Metro Cash & Carry India Pvt Ltd-(DC46)-T0RC,Metro Cash & Carry India Pvt Ltd,Direct,The Derma Co.,Monthly dynamic Cont% (secondary-driven),14,Apr'25–May'26,100.0,100.0,100.0,High,Direct ship-to → single chain (1:1); account has 29 ship-to variants/branches — confirm roll-up,,,,,,Validated (High-Confidence Auto),Metro CNC,Metro Cash & Carry India Pvt Ltd,Keep,no Confirmed cross-reference found; auto-accepted as a direct 1:1 ship-to->chain mapping (High confidence per the file's own methodology),mtagent pbi audit (cross-ref CustomerCode_Zone_State_Mapping.csv),2026-07-14
Metro CNC,Metro Cash & Carry India Pvt Ltd-(DC47)-T0SI,Metro Cash & Carry India Pvt Ltd,Direct,BBlunt,Monthly dynamic Cont% (secondary-driven),1,Apr'26–Apr'26,100.0,100.0,100.0,High,Direct ship-to → single chain (1:1); account has 29 ship-to variants/branches — confirm roll-up,,,,,,Validated (High-Confidence Auto),Metro CNC,Metro Cash & Carry India Pvt Ltd,Keep,no Confirmed cross-reference found; auto-accepted as a direct 1:1 ship-to->chain mapping (High confidence per the file's own methodology),mtagent pbi audit (cross-ref CustomerCode_Zone_State_Mapping.csv),2026-07-14
Metro CNC,Metro Cash & Carry India Pvt Ltd-(DC47)-T0SI,Metro Cash & Carry India Pvt Ltd,Direct,Mamaearth,Monthly dynamic Cont% (secondary-driven),12,Apr'25–May'26,100.0,100.0,100.0,High,Direct ship-to → single chain (1:1); account has 29 ship-to variants/branches — confirm roll-up,,,,,,Validated (High-Confidence Auto),Metro CNC,Metro Cash & Carry India Pvt Ltd,Keep,no Confirmed cross-reference found; auto-accepted as a direct 1:1 ship-to->chain mapping (High confidence per the file's own methodology),mtagent pbi audit (cross-ref CustomerCode_Zone_State_Mapping.csv),2026-07-14
Metro CNC,Metro Cash & Carry India Pvt Ltd-(DC48)-T0SK,Metro Cash & Carry India Pvt Ltd,Direct,BBlunt,Monthly dynamic Cont% (secondary-driven),2,Apr'25–May'25,100.0,100.0,100.0,High,Direct ship-to → single chain (1:1); account has 29 ship-to variants/branches — confirm roll-up,,,,,,Validated (High-Confidence Auto),Metro CNC,Metro Cash & Carry India Pvt Ltd,Keep,no Confirmed cross-reference found; auto-accepted as a direct 1:1 ship-to->chain mapping (High confidence per the file's own methodology),mtagent pbi audit (cross-ref CustomerCode_Zone_State_Mapping.csv),2026-07-14
Metro CNC,Metro Cash & Carry India Pvt Ltd-(DC48)-T0SK,Metro Cash & Carry India Pvt Ltd,Direct,Mamaearth,Monthly dynamic Cont% (secondary-driven),13,Apr'25–May'26,100.0,100.0,100.0,High,Direct ship-to → single chain (1:1); account has 29 ship-to variants/branches — confirm roll-up,,,,,,Validated (High-Confidence Auto),Metro CNC,Metro Cash & Carry India Pvt Ltd,Keep,no Confirmed cross-reference found; auto-accepted as a direct 1:1 ship-to->chain mapping (High confidence per the file's own methodology),mtagent pbi audit (cross-ref CustomerCode_Zone_State_Mapping.csv),2026-07-14
Metro CNC,Metro Cash & Carry India Pvt Ltd-(DC52)-T0RI,Metro Cash & Carry India Pvt Ltd,Direct,BBlunt,Monthly dynamic Cont% (secondary-driven),3,Apr'25–Aug'25,100.0,100.0,100.0,High,Direct ship-to → single chain (1:1); account has 29 ship-to variants/branches — confirm roll-up,,,,,,Validated (High-Confidence Auto),Metro CNC,Metro Cash & Carry India Pvt Ltd,Keep,no Confirmed cross-reference found; auto-accepted as a direct 1:1 ship-to->chain mapping (High confidence per the file's own methodology),mtagent pbi audit (cross-ref CustomerCode_Zone_State_Mapping.csv),2026-07-14
Metro CNC,Metro Cash & Carry India Pvt Ltd-(DC52)-T0RI,Metro Cash & Carry India Pvt Ltd,Direct,Mamaearth,Monthly dynamic Cont% (secondary-driven),14,Apr'25–May'26,100.0,100.0,100.0,High,Direct ship-to → single chain (1:1); account has 29 ship-to variants/branches — confirm roll-up,,,,,,Validated (High-Confidence Auto),Metro CNC,Metro Cash & Carry India Pvt Ltd,Keep,no Confirmed cross-reference found; auto-accepted as a direct 1:1 ship-to->chain mapping (High confidence per the file's own methodology),mtagent pbi audit (cross-ref CustomerCode_Zone_State_Mapping.csv),2026-07-14
Metro CNC,Metro Cash & Carry India Pvt Ltd-(DC53)-T0QV,Metro Cash & Carry India Pvt Ltd,Direct,BBlunt,Monthly dynamic Cont% (secondary-driven),8,Apr'25–Apr'26,100.0,100.0,100.0,High,Direct ship-to → single chain (1:1); account has 29 ship-to variants/branches — confirm roll-up,,,,,,Validated (High-Confidence Auto),Metro CNC,Metro Cash & Carry India Pvt Ltd,Keep,no Confirmed cross-reference found; auto-accepted as a direct 1:1 ship-to->chain mapping (High confidence per the file's own methodology),mtagent pbi audit (cross-ref CustomerCode_Zone_State_Mapping.csv),2026-07-14
Metro CNC,Metro Cash & Carry India Pvt Ltd-(DC53)-T0QV,Metro Cash & Carry India Pvt Ltd,Direct,Mamaearth,Monthly dynamic Cont% (secondary-driven),14,Apr'25–May'26,100.0,100.0,100.0,High,Direct ship-to → single chain (1:1); account has 29 ship-to variants/branches — confirm roll-up,,,,,,Validated (High-Confidence Auto),Metro CNC,Metro Cash & Carry India Pvt Ltd,Keep,no Confirmed cross-reference found; auto-accepted as a direct 1:1 ship-to->chain mapping (High confidence per the file's own methodology),mtagent pbi audit (cross-ref CustomerCode_Zone_State_Mapping.csv),2026-07-14
Metro CNC,Metro Cash & Carry India Pvt Ltd-(DC54)-T0QW,Metro Cash & Carry India Pvt Ltd,Direct,Mamaearth,Monthly dynamic Cont% (secondary-driven),14,Apr'25–May'26,100.0,100.0,100.0,High,Direct ship-to → single chain (1:1); account has 29 ship-to variants/branches — confirm roll-up,,,,,,Validated (High-Confidence Auto),Metro CNC,Metro Cash & Carry India Pvt Ltd,Keep,no Confirmed cross-reference found; auto-accepted as a direct 1:1 ship-to->chain mapping (High confidence per the file's own methodology),mtagent pbi audit (cross-ref CustomerCode_Zone_State_Mapping.csv),2026-07-14
Metro CNC,Metro Cash & Carry India Pvt Ltd-(DC60)-T0QS,Metro Cash & Carry India Pvt Ltd,Direct,Aqualogica,Monthly dynamic Cont% (secondary-driven),6,Jun'25–May'26,100.0,100.0,100.0,High,Direct ship-to → single chain (1:1); account has 29 ship-to variants/branches — confirm roll-up,,,,,,Validated (High-Confidence Auto),Metro CNC,Metro Cash & Carry India Pvt Ltd,Keep,no Confirmed cross-reference found; auto-accepted as a direct 1:1 ship-to->chain mapping (High confidence per the file's own methodology),mtagent pbi audit (cross-ref CustomerCode_Zone_State_Mapping.csv),2026-07-14
Metro CNC,Metro Cash & Carry India Pvt Ltd-(DC60)-T0QS,Metro Cash & Carry India Pvt Ltd,Direct,BBlunt,Monthly dynamic Cont% (secondary-driven),11,Apr'25–May'26,100.0,100.0,100.0,High,Direct ship-to → single chain (1:1); account has 29 ship-to variants/branches — confirm roll-up,,,,,,Validated (High-Confidence Auto),Metro CNC,Metro Cash & Carry India Pvt Ltd,Keep,no Confirmed cross-reference found; auto-accepted as a direct 1:1 ship-to->chain mapping (High confidence per the file's own methodology),mtagent pbi audit (cross-ref CustomerCode_Zone_State_Mapping.csv),2026-07-14
Metro CNC,Metro Cash & Carry India Pvt Ltd-(DC60)-T0QS,Metro Cash & Carry India Pvt Ltd,Direct,Mamaearth,Monthly dynamic Cont% (secondary-driven),14,Apr'25–May'26,100.0,100.0,100.0,High,Direct ship-to → single chain (1:1); account has 29 ship-to variants/branches — confirm roll-up,,,,,,Validated (High-Confidence Auto),Metro CNC,Metro Cash & Carry India Pvt Ltd,Keep,no Confirmed cross-reference found; auto-accepted as a direct 1:1 ship-to->chain mapping (High confidence per the file's own methodology),mtagent pbi audit (cross-ref CustomerCode_Zone_State_Mapping.csv),2026-07-14
Metro CNC,Metro Cash & Carry India Pvt Ltd-(DC60)-T0QS,Metro Cash & Carry India Pvt Ltd,Direct,The Derma Co.,Monthly dynamic Cont% (secondary-driven),13,Apr'25–May'26,100.0,100.0,100.0,High,Direct ship-to → single chain (1:1); account has 29 ship-to variants/branches — confirm roll-up,,,,,,Validated (High-Confidence Auto),Metro CNC,Metro Cash & Carry India Pvt Ltd,Keep,no Confirmed cross-reference found; auto-accepted as a direct 1:1 ship-to->chain mapping (High confidence per the file's own methodology),mtagent pbi audit (cross-ref CustomerCode_Zone_State_Mapping.csv),2026-07-14
Metro CNC,Metro Cash & Carry India Pvt Ltd_DC33(T0SQ),Metro Cash & Carry India Pvt Ltd_DC33,Direct,Mamaearth,Monthly dynamic Cont% (secondary-driven),12,Apr'25–May'26,100.0,100.0,100.0,High,Direct ship-to → single chain (1:1),,,,,,Validated (High-Confidence Auto),Metro CNC,Metro Cash & Carry India Pvt Ltd_DC33,Keep,no Confirmed cross-reference found; auto-accepted as a direct 1:1 ship-to->chain mapping (High confidence per the file's own methodology),mtagent pbi audit (cross-ref CustomerCode_Zone_State_Mapping.csv),2026-07-14
Metro CNC,Metro Cash & Carry India Pvt Ltd_T0SO,Metro Cash & Carry India Pvt Ltd_T0SO,Direct,Mamaearth,Monthly dynamic Cont% (secondary-driven),9,Apr'25–Apr'26,100.0,100.0,100.0,High,Direct ship-to → single chain (1:1),,,,,,Validated (High-Confidence Auto),Metro CNC,Metro Cash & Carry India Pvt Ltd_T0SO,Keep,no Confirmed cross-reference found; auto-accepted as a direct 1:1 ship-to->chain mapping (High confidence per the file's own methodology),mtagent pbi audit (cross-ref CustomerCode_Zone_State_Mapping.csv),2026-07-14
Metro CNC,Metro Cash & Carry India Pvt Ltd_T2FM,Metro Cash & Carry India Pvt Ltd_T2FM,Direct,Aqualogica,Monthly dynamic Cont% (secondary-driven),3,May'25–Jul'25,100.0,100.0,100.0,High,Direct ship-to → single chain (1:1),,,,,,Validated (High-Confidence Auto),Metro CNC,Metro Cash & Carry India Pvt Ltd_T2FM,Keep,no Confirmed cross-reference found; auto-accepted as a direct 1:1 ship-to->chain mapping (High confidence per the file's own methodology),mtagent pbi audit (cross-ref CustomerCode_Zone_State_Mapping.csv),2026-07-14
Metro CNC,Metro Cash & Carry India Pvt Ltd_T2FM,Metro Cash & Carry India Pvt Ltd_T2FM,Direct,BBlunt,Monthly dynamic Cont% (secondary-driven),4,Apr'25–Jul'25,100.0,100.0,100.0,High,Direct ship-to → single chain (1:1),,,,,,Validated (High-Confidence Auto),Metro CNC,Metro Cash & Carry India Pvt Ltd_T2FM,Keep,no Confirmed cross-reference found; auto-accepted as a direct 1:1 ship-to->chain mapping (High confidence per the file's own methodology),mtagent pbi audit (cross-ref CustomerCode_Zone_State_Mapping.csv),2026-07-14
Metro CNC,Metro Cash & Carry India Pvt Ltd_T2FM,Metro Cash & Carry India Pvt Ltd_T2FM,Direct,Mamaearth,Monthly dynamic Cont% (secondary-driven),6,Apr'25–Sep'25,100.0,100.0,100.0,High,Direct ship-to → single chain (1:1),,,,,,Validated (High-Confidence Auto),Metro CNC,Metro Cash & Carry India Pvt Ltd_T2FM,Keep,no Confirmed cross-reference found; auto-accepted as a direct 1:1 ship-to->chain mapping (High confidence per the file's own methodology),mtagent pbi audit (cross-ref CustomerCode_Zone_State_Mapping.csv),2026-07-14
Metro CNC,Metro Cash & Carry India Pvt Ltd_T2FM,Metro Cash & Carry India Pvt Ltd_T2FM,Direct,The Derma Co.,Monthly dynamic Cont% (secondary-driven),6,Apr'25–Sep'25,100.0,100.0,100.0,High,Direct ship-to → single chain (1:1),,,,,,Validated (High-Confidence Auto),Metro CNC,Metro Cash & Carry India Pvt Ltd_T2FM,Keep,no Confirmed cross-reference found; auto-accepted as a direct 1:1 ship-to->chain mapping (High confidence per the file's own methodology),mtagent pbi audit (cross-ref CustomerCode_Zone_State_Mapping.csv),2026-07-14
More Retail,Az Enterprises,Az Enterprises,Dist.,Aqualogica,Monthly dynamic Cont% (secondary-driven),5,Oct'25–May'26,34.56,23.32,48.98,Medium,Multi-chain distributor; split by secondary Cont% — validate (9 chains); account has 2 ship-to variants/branches — confirm roll-up,,Y,Y,,Y,Validated (Cross-Ref),Az Enterprises-H&G,Az Enterprises-H&G,Merge,exact match on Ship-To Name against Confirmed row in CustomerCode_Zone_State_Mapping.csv (Customer Code 1100298),mtagent pbi audit (cross-ref CustomerCode_Zone_State_Mapping.csv),2026-07-14
More Retail,Az Enterprises,Az Enterprises,Dist.,Mamaearth,Monthly dynamic Cont% (secondary-driven),7,Sep'25–May'26,8.21,3.18,22.03,Medium,Multi-chain distributor; split by secondary Cont% — validate (9 chains); account has 2 ship-to variants/branches — confirm roll-up,,Y,Y,,Y,Validated (Cross-Ref),Az Enterprises-H&G,Az Enterprises-H&G,Merge,exact match on Ship-To Name against Confirmed row in CustomerCode_Zone_State_Mapping.csv (Customer Code 1100298),mtagent pbi audit (cross-ref CustomerCode_Zone_State_Mapping.csv),2026-07-14
More Retail,Az Enterprises,Az Enterprises,Dist.,The Derma Co.,Monthly dynamic Cont% (secondary-driven),6,Sep'25–May'26,2.63,0.36,9.5,Medium,Multi-chain distributor; split by secondary Cont% — validate (9 chains); account has 2 ship-to variants/branches — confirm roll-up,,Y,Y,,Y,Validated (Cross-Ref),Az Enterprises-H&G,Az Enterprises-H&G,Merge,exact match on Ship-To Name against Confirmed row in CustomerCode_Zone_State_Mapping.csv (Customer Code 1100298),mtagent pbi audit (cross-ref CustomerCode_Zone_State_Mapping.csv),2026-07-14
More Retail,Az Enterprises(Apollo/More)Mt,Az Enterprises,Dist.,Aqualogica,Monthly dynamic Cont% (secondary-driven),8,May'25–Mar'26,49.8,6.72,100.0,High,Multi-chain distributor; chain name in ship-to (9 chains); account has 2 ship-to variants/branches — confirm roll-up,,,Y,,Y,Validated (Cross-Ref),Az Enterprises-MT,Az Enterprises-MT,Merge,exact match on Ship-To Name against Confirmed row in CustomerCode_Zone_State_Mapping.csv (Customer Code 1101158),mtagent pbi audit (cross-ref CustomerCode_Zone_State_Mapping.csv),2026-07-14
More Retail,Az Enterprises(Apollo/More)Mt,Az Enterprises,Dist.,Mamaearth,Monthly dynamic Cont% (secondary-driven),13,Apr'25–May'26,41.22,-2.96,100.0,Low,Multi-chain distributor; chain name in ship-to (9 chains); account has 2 ship-to variants/branches — confirm roll-up; NEGATIVE NSV/Cont — review,Y,,Y,Y,Y,Validated (Cross-Ref),Az Enterprises-MT,Az Enterprises-MT,Merge,exact match on Ship-To Name against Confirmed row in CustomerCode_Zone_State_Mapping.csv (Customer Code 1101158),mtagent pbi audit (cross-ref CustomerCode_Zone_State_Mapping.csv),2026-07-14
More Retail,Az Enterprises(Apollo/More)Mt,Az Enterprises,Dist.,The Derma Co.,Monthly dynamic Cont% (secondary-driven),10,May'25–Feb'26,36.92,1.73,100.0,High,Multi-chain distributor; chain name in ship-to (9 chains); account has 2 ship-to variants/branches — confirm roll-up,,,Y,,Y,Validated (Cross-Ref),Az Enterprises-MT,Az Enterprises-MT,Merge,exact match on Ship-To Name against Confirmed row in CustomerCode_Zone_State_Mapping.csv (Customer Code 1101158),mtagent pbi audit (cross-ref CustomerCode_Zone_State_Mapping.csv),2026-07-14
More Retail,D.L. Sales - MT,D.L. Sales,Dist.,Aqualogica,Monthly dynamic Cont% (secondary-driven),12,May'25–May'26,58.74,24.05,100.0,Medium,Multi-chain distributor; split by secondary Cont% — validate (13 chains),,Y,Y,,,Validated (Cross-Ref),D.L. Sales - MT,D.L. Sales - MT,Keep,fuzzy match on Ship-To Name against Confirmed row in CustomerCode_Zone_State_Mapping.csv (Customer Code 1102945),mtagent pbi audit (cross-ref CustomerCode_Zone_State_Mapping.csv),2026-07-14
More Retail,D.L. Sales - MT,D.L. Sales,Dist.,Mamaearth,Monthly dynamic Cont% (secondary-driven),14,Apr'25–May'26,19.99,3.44,27.84,Medium,Multi-chain distributor; split by secondary Cont% — validate (13 chains),,Y,Y,,,Validated (Cross-Ref),D.L. Sales - MT,D.L. Sales - MT,Keep,fuzzy match on Ship-To Name against Confirmed row in CustomerCode_Zone_State_Mapping.csv (Customer Code 1102945),mtagent pbi audit (cross-ref CustomerCode_Zone_State_Mapping.csv),2026-07-14
More Retail,D.L. Sales - MT,D.L. Sales,Dist.,The Derma Co.,Monthly dynamic Cont% (secondary-driven),12,May'25–May'26,27.44,7.47,69.08,Medium,Multi-chain distributor; split by secondary Cont% — validate (13 chains),,Y,Y,,,Validated (Cross-Ref),D.L. Sales - MT,D.L. Sales - MT,Keep,fuzzy match on Ship-To Name against Confirmed row in CustomerCode_Zone_State_Mapping.csv (Customer Code 1102945),mtagent pbi audit (cross-ref CustomerCode_Zone_State_Mapping.csv),2026-07-14
More Retail,Sancus Networks Private Limited-RMT,Sancus Networks Private Limited,Dist.,Aqualogica,Monthly dynamic Cont% (secondary-driven),1,Mar'26–Mar'26,6.54,6.54,6.54,Medium,Multi-chain distributor; split by secondary Cont% — validate (5 chains),,Y,Y,,,Pending,,,Needs Check,,,
More Retail,Sancus Networks Private Limited-RMT,Sancus Networks Private Limited,Dist.,Mamaearth,Monthly dynamic Cont% (secondary-driven),11,Apr'25–May'26,11.24,1.47,21.22,Medium,Multi-chain distributor; split by secondary Cont% — validate (5 chains),,Y,Y,,,Pending,,,Needs Check,,,
More Retail,Sancus Networks Private Limited-RMT,Sancus Networks Private Limited,Dist.,The Derma Co.,Monthly dynamic Cont% (secondary-driven),2,Sep'25–Mar'26,21.27,14.77,27.76,Medium,Multi-chain distributor; split by secondary Cont% — validate (5 chains),,Y,Y,,,Pending,,,Needs Check,,,
More Retail,Sri Vijaya Durga Agencies_Mt,Sri Vijaya Durga Agencies,Dist.,Mamaearth,Monthly dynamic Cont% (secondary-driven),13,Apr'25–May'26,1.08,0.03,3.18,Medium,Multi-chain distributor; split by secondary Cont% — validate (7 chains),,Y,Y,,,Validated (Cross-Ref),Sri Vijaya Durga Agencies,Sri Vijaya Durga Agencies,Keep,exact match on Ship-To Name against Confirmed row in CustomerCode_Zone_State_Mapping.csv (Customer Code 1101181),mtagent pbi audit (cross-ref CustomerCode_Zone_State_Mapping.csv),2026-07-14
More Retail,VENKATESHWARA AGENCIES-TG,VENKATESHWARA AGENCIES,Dist.,Aqualogica,Monthly dynamic Cont% (secondary-driven),5,Dec'25–May'26,36.25,32.21,42.44,Medium,Multi-chain distributor; split by secondary Cont% — validate (8 chains),,Y,Y,,,Validated (Cross-Ref),VENKATESHWARA AGENCIES-TG,VENKATESHWARA AGENCIES-TG,Keep,exact match on Ship-To Name against Confirmed row in CustomerCode_Zone_State_Mapping.csv (Customer Code 1104539),mtagent pbi audit (cross-ref CustomerCode_Zone_State_Mapping.csv),2026-07-14
More Retail,VENKATESHWARA AGENCIES-TG,VENKATESHWARA AGENCIES,Dist.,Mamaearth,Monthly dynamic Cont% (secondary-driven),7,Nov'25–May'26,14.31,3.8,45.57,Medium,Multi-chain distributor; split by secondary Cont% — validate (8 chains),,Y,Y,,,Validated (Cross-Ref),VENKATESHWARA AGENCIES-TG,VENKATESHWARA AGENCIES-TG,Keep,exact match on Ship-To Name against Confirmed row in CustomerCode_Zone_State_Mapping.csv (Customer Code 1104539),mtagent pbi audit (cross-ref CustomerCode_Zone_State_Mapping.csv),2026-07-14
More Retail,VENKATESHWARA AGENCIES-TG,VENKATESHWARA AGENCIES,Dist.,The Derma Co.,Monthly dynamic Cont% (secondary-driven),6,Nov'25–May'26,11.27,2.16,19.32,Medium,Multi-chain distributor; split by secondary Cont% — validate (8 chains),,Y,Y,,,Validated (Cross-Ref),VENKATESHWARA AGENCIES-TG,VENKATESHWARA AGENCIES-TG,Keep,exact match on Ship-To Name against Confirmed row in CustomerCode_Zone_State_Mapping.csv (Customer Code 1104539),mtagent pbi audit (cross-ref CustomerCode_Zone_State_Mapping.csv),2026-07-14
More Retail,Vanaja Agencies_Mt,Vanaja Agencies,Dist.,Aqualogica,Monthly dynamic Cont% (secondary-driven),6,Apr'25–Dec'25,13.68,2.95,24.23,Medium,Multi-chain distributor; split by secondary Cont% — validate (9 chains),,Y,Y,,,Validated (Cross-Ref),Vanaja Agencies-MT,Vanaja Agencies-MT,Keep,exact match on Ship-To Name against Confirmed row in CustomerCode_Zone_State_Mapping.csv (Customer Code 1100998),mtagent pbi audit (cross-ref CustomerCode_Zone_State_Mapping.csv),2026-07-14
More Retail,Vanaja Agencies_Mt,Vanaja Agencies,Dist.,Mamaearth,Monthly dynamic Cont% (secondary-driven),6,Apr'25–Dec'25,10.35,4.32,13.51,Medium,Multi-chain distributor; split by secondary Cont% — validate (9 chains),,Y,Y,,,Validated (Cross-Ref),Vanaja Agencies-MT,Vanaja Agencies-MT,Keep,exact match on Ship-To Name against Confirmed row in CustomerCode_Zone_State_Mapping.csv (Customer Code 1100998),mtagent pbi audit (cross-ref CustomerCode_Zone_State_Mapping.csv),2026-07-14
More Retail,Vanaja Agencies_Mt,Vanaja Agencies,Dist.,The Derma Co.,Monthly dynamic Cont% (secondary-driven),6,Apr'25–Dec'25,13.6,0.75,24.51,Medium,Multi-chain distributor; split by secondary Cont% — validate (9 chains),,Y,Y,,,Validated (Cross-Ref),Vanaja Agencies-MT,Vanaja Agencies-MT,Keep,exact match on Ship-To Name against Confirmed row in CustomerCode_Zone_State_Mapping.csv (Customer Code 1100998),mtagent pbi audit (cross-ref CustomerCode_Zone_State_Mapping.csv),2026-07-14
National Mart,VENKATESHWARA AGENCIES-TG,VENKATESHWARA AGENCIES,Dist.,Mamaearth,Monthly dynamic Cont% (secondary-driven),3,Mar'26–May'26,2.27,0.46,3.68,Medium,Multi-chain distributor; split by secondary Cont% — validate (8 chains),,Y,Y,,,Validated (Cross-Ref),VENKATESHWARA AGENCIES-TG,VENKATESHWARA AGENCIES-TG,Keep,exact match on Ship-To Name against Confirmed row in CustomerCode_Zone_State_Mapping.csv (Customer Code 1104539),mtagent pbi audit (cross-ref CustomerCode_Zone_State_Mapping.csv),2026-07-14
Nykaa SS(fsn),FSN Distribution Ltd_OR-NYKAA,FSN Distribution Ltd,Direct,Aqualogica,Monthly dynamic Cont% (secondary-driven),3,Apr'25–Oct'25,100.0,100.0,100.0,High,Direct ship-to → single chain (1:1),,,,,,Validated (Cross-Ref),Fsn Distribution,Nykaa E-Retail Limited,Keep,exact match on Ship-To Name against Confirmed row in CustomerCode_Zone_State_Mapping.csv (Customer Code 1103158),mtagent pbi audit (cross-ref CustomerCode_Zone_State_Mapping.csv),2026-07-14
Nykaa SS(fsn),FSN Distribution Ltd_OR-NYKAA,FSN Distribution Ltd,Direct,BBlunt,Monthly dynamic Cont% (secondary-driven),3,May'25–Oct'25,100.0,100.0,100.0,High,Direct ship-to → single chain (1:1),,,,,,Validated (Cross-Ref),Fsn Distribution,Nykaa E-Retail Limited,Keep,exact match on Ship-To Name against Confirmed row in CustomerCode_Zone_State_Mapping.csv (Customer Code 1103158),mtagent pbi audit (cross-ref CustomerCode_Zone_State_Mapping.csv),2026-07-14
Nykaa SS(fsn),FSN Distribution Ltd_OR-NYKAA,FSN Distribution Ltd,Direct,Mamaearth,Monthly dynamic Cont% (secondary-driven),6,Apr'25–Dec'25,100.0,100.0,100.0,High,Direct ship-to → single chain (1:1),,,,,,Validated (Cross-Ref),Fsn Distribution,Nykaa E-Retail Limited,Keep,exact match on Ship-To Name against Confirmed row in CustomerCode_Zone_State_Mapping.csv (Customer Code 1103158),mtagent pbi audit (cross-ref CustomerCode_Zone_State_Mapping.csv),2026-07-14
Nykaa SS(fsn),FSN Distribution Ltd_OR-NYKAA,FSN Distribution Ltd,Direct,The Derma Co.,Monthly dynamic Cont% (secondary-driven),4,Apr'25–Dec'25,100.0,100.0,100.0,High,Direct ship-to → single chain (1:1),,,,,,Validated (Cross-Ref),Fsn Distribution,Nykaa E-Retail Limited,Keep,exact match on Ship-To Name against Confirmed row in CustomerCode_Zone_State_Mapping.csv (Customer Code 1103158),mtagent pbi audit (cross-ref CustomerCode_Zone_State_Mapping.csv),2026-07-14
Nykaa SS(fsn),FSN Distribution Ltd_Indore,FSN Distribution Ltd_Indore,Direct,Aqualogica,Monthly dynamic Cont% (secondary-driven),4,Apr'25–Oct'25,100.0,100.0,100.0,High,Direct ship-to → single chain (1:1),,,,,,Validated (Cross-Ref),Fsn Distribution,Nykaa E-Retail Limited,Keep,fuzzy match on Ship-To Name against Confirmed row in CustomerCode_Zone_State_Mapping.csv (Customer Code 1103043),mtagent pbi audit (cross-ref CustomerCode_Zone_State_Mapping.csv),2026-07-14
Nykaa SS(fsn),FSN Distribution Ltd_Indore,FSN Distribution Ltd_Indore,Direct,BBlunt,Monthly dynamic Cont% (secondary-driven),2,Jul'25–Oct'25,100.0,100.0,100.0,High,Direct ship-to → single chain (1:1),,,,,,Validated (Cross-Ref),Fsn Distribution,Nykaa E-Retail Limited,Keep,fuzzy match on Ship-To Name against Confirmed row in CustomerCode_Zone_State_Mapping.csv (Customer Code 1103043),mtagent pbi audit (cross-ref CustomerCode_Zone_State_Mapping.csv),2026-07-14
Nykaa SS(fsn),FSN Distribution Ltd_Indore,FSN Distribution Ltd_Indore,Direct,Mamaearth,Monthly dynamic Cont% (secondary-driven),5,Apr'25–Dec'25,100.0,100.0,100.0,High,Direct ship-to → single chain (1:1),,,,,,Validated (Cross-Ref),Fsn Distribution,Nykaa E-Retail Limited,Keep,fuzzy match on Ship-To Name against Confirmed row in CustomerCode_Zone_State_Mapping.csv (Customer Code 1103043),mtagent pbi audit (cross-ref CustomerCode_Zone_State_Mapping.csv),2026-07-14
Nykaa SS(fsn),FSN Distribution Ltd_Indore,FSN Distribution Ltd_Indore,Direct,The Derma Co.,Monthly dynamic Cont% (secondary-driven),3,Apr'25–Oct'25,100.0,100.0,100.0,High,Direct ship-to → single chain (1:1),,,,,,Validated (Cross-Ref),Fsn Distribution,Nykaa E-Retail Limited,Keep,fuzzy match on Ship-To Name against Confirmed row in CustomerCode_Zone_State_Mapping.csv (Customer Code 1103043),mtagent pbi audit (cross-ref CustomerCode_Zone_State_Mapping.csv),2026-07-14
Nykaa SS(fsn),FSN Distribution Ltd_NDG-GZB,FSN Distribution Ltd_NDG-GZB,Direct,Aqualogica,Monthly dynamic Cont% (secondary-driven),4,Apr'25–Dec'25,100.0,100.0,100.0,High,Direct ship-to → single chain (1:1),,,,,,Validated (Cross-Ref),Fsn Distribution,Nykaa E-Retail Limited,Keep,exact match on Ship-To Name against Confirmed row in CustomerCode_Zone_State_Mapping.csv (Customer Code 1103542),mtagent pbi audit (cross-ref CustomerCode_Zone_State_Mapping.csv),2026-07-14
Nykaa SS(fsn),FSN Distribution Ltd_NDG-GZB,FSN Distribution Ltd_NDG-GZB,Direct,Mamaearth,Monthly dynamic Cont% (secondary-driven),3,Apr'25–Dec'25,100.0,100.0,100.0,High,Direct ship-to → single chain (1:1),,,,,,Validated (Cross-Ref),Fsn Distribution,Nykaa E-Retail Limited,Keep,exact match on Ship-To Name against Confirmed row in CustomerCode_Zone_State_Mapping.csv (Customer Code 1103542),mtagent pbi audit (cross-ref CustomerCode_Zone_State_Mapping.csv),2026-07-14
Nykaa SS(fsn),FSN Distribution Ltd_NDG-GZB,FSN Distribution Ltd_NDG-GZB,Direct,The Derma Co.,Monthly dynamic Cont% (secondary-driven),4,Apr'25–Dec'25,100.0,100.0,100.0,High,Direct ship-to → single chain (1:1),,,,,,Validated (Cross-Ref),Fsn Distribution,Nykaa E-Retail Limited,Keep,exact match on Ship-To Name against Confirmed row in CustomerCode_Zone_State_Mapping.csv (Customer Code 1103542),mtagent pbi audit (cross-ref CustomerCode_Zone_State_Mapping.csv),2026-07-14
Nykaa SS(fsn),FSN Distribution Ltd_NKD-KL,FSN Distribution Ltd_NKD-KL,Direct,Aqualogica,Monthly dynamic Cont% (secondary-driven),1,May'25–May'25,100.0,100.0,100.0,High,Direct ship-to → single chain (1:1),,,,,,Validated (Cross-Ref),Fsn Distribution,Nykaa E-Retail Limited,Keep,exact match on Ship-To Name against Confirmed row in CustomerCode_Zone_State_Mapping.csv (Customer Code 1103541),mtagent pbi audit (cross-ref CustomerCode_Zone_State_Mapping.csv),2026-07-14
Nykaa SS(fsn),FSN Distribution Ltd_NKD-KL,FSN Distribution Ltd_NKD-KL,Direct,Mamaearth,Monthly dynamic Cont% (secondary-driven),2,May'25–Dec'25,100.0,100.0,100.0,High,Direct ship-to → single chain (1:1),,,,,,Validated (Cross-Ref),Fsn Distribution,Nykaa E-Retail Limited,Keep,exact match on Ship-To Name against Confirmed row in CustomerCode_Zone_State_Mapping.csv (Customer Code 1103541),mtagent pbi audit (cross-ref CustomerCode_Zone_State_Mapping.csv),2026-07-14
Nykaa SS(fsn),FSN Distribution Ltd_NKD-KL,FSN Distribution Ltd_NKD-KL,Direct,The Derma Co.,Monthly dynamic Cont% (secondary-driven),1,May'25–May'25,100.0,100.0,100.0,High,Direct ship-to → single chain (1:1),,,,,,Validated (Cross-Ref),Fsn Distribution,Nykaa E-Retail Limited,Keep,exact match on Ship-To Name against Confirmed row in CustomerCode_Zone_State_Mapping.csv (Customer Code 1103541),mtagent pbi audit (cross-ref CustomerCode_Zone_State_Mapping.csv),2026-07-14
Nykaa SS(fsn),Fsn Distribution Ltd_Anakapalle-AP,Fsn Distribution Ltd_Anakapalle-AP,Direct,Aqualogica,Monthly dynamic Cont% (secondary-driven),3,Apr'25–Dec'25,100.0,100.0,100.0,High,Direct ship-to → single chain (1:1),,,,,,Validated (High-Confidence Auto),Nykaa SS(fsn),Fsn Distribution Ltd_Anakapalle-AP,Keep,no Confirmed cross-reference found; auto-accepted as a direct 1:1 ship-to->chain mapping (High confidence per the file's own methodology),mtagent pbi audit (cross-ref CustomerCode_Zone_State_Mapping.csv),2026-07-14
Nykaa SS(fsn),Fsn Distribution Ltd_Anakapalle-AP,Fsn Distribution Ltd_Anakapalle-AP,Direct,Mamaearth,Monthly dynamic Cont% (secondary-driven),4,Apr'25–Dec'25,100.0,100.0,100.0,High,Direct ship-to → single chain (1:1),,,,,,Validated (High-Confidence Auto),Nykaa SS(fsn),Fsn Distribution Ltd_Anakapalle-AP,Keep,no Confirmed cross-reference found; auto-accepted as a direct 1:1 ship-to->chain mapping (High confidence per the file's own methodology),mtagent pbi audit (cross-ref CustomerCode_Zone_State_Mapping.csv),2026-07-14
Nykaa SS(fsn),Fsn Distribution Ltd_Anakapalle-AP,Fsn Distribution Ltd_Anakapalle-AP,Direct,The Derma Co.,Monthly dynamic Cont% (secondary-driven),4,Apr'25–Dec'25,100.0,100.0,100.0,High,Direct ship-to → single chain (1:1),,,,,,Validated (High-Confidence Auto),Nykaa SS(fsn),Fsn Distribution Ltd_Anakapalle-AP,Keep,no Confirmed cross-reference found; auto-accepted as a direct 1:1 ship-to->chain mapping (High confidence per the file's own methodology),mtagent pbi audit (cross-ref CustomerCode_Zone_State_Mapping.csv),2026-07-14
Nykaa SS(fsn),Fsn Distribution Ltd_Bhiwandi,Fsn Distribution Ltd_Bhiwandi,Direct,Mamaearth,Monthly dynamic Cont% (secondary-driven),1,Jan'26–Jan'26,100.0,100.0,100.0,High,Direct ship-to → single chain (1:1),,,,,,Validated (Cross-Ref),Fsn Distribution,Nykaa E-Retail Limited,Keep,exact match on Ship-To Name against Confirmed row in CustomerCode_Zone_State_Mapping.csv (Customer Code 1100742),mtagent pbi audit (cross-ref CustomerCode_Zone_State_Mapping.csv),2026-07-14
Nykaa SS(fsn),Fsn Distribution Ltd_Gallops,Fsn Distribution Ltd_Gallops,Direct,Aqualogica,Monthly dynamic Cont% (secondary-driven),3,Apr'25–Oct'25,100.0,100.0,100.0,High,Direct ship-to → single chain (1:1),,,,,,Validated (High-Confidence Auto),Nykaa SS(fsn),Fsn Distribution Ltd_Gallops,Keep,no Confirmed cross-reference found; auto-accepted as a direct 1:1 ship-to->chain mapping (High confidence per the file's own methodology),mtagent pbi audit (cross-ref CustomerCode_Zone_State_Mapping.csv),2026-07-14
Nykaa SS(fsn),Fsn Distribution Ltd_Gallops,Fsn Distribution Ltd_Gallops,Direct,BBlunt,Monthly dynamic Cont% (secondary-driven),2,May'25–Oct'25,100.0,100.0,100.0,High,Direct ship-to → single chain (1:1),,,,,,Validated (High-Confidence Auto),Nykaa SS(fsn),Fsn Distribution Ltd_Gallops,Keep,no Confirmed cross-reference found; auto-accepted as a direct 1:1 ship-to->chain mapping (High confidence per the file's own methodology),mtagent pbi audit (cross-ref CustomerCode_Zone_State_Mapping.csv),2026-07-14
Nykaa SS(fsn),Fsn Distribution Ltd_Gallops,Fsn Distribution Ltd_Gallops,Direct,Mamaearth,Monthly dynamic Cont% (secondary-driven),5,Apr'25–Dec'25,100.0,100.0,100.0,High,Direct ship-to → single chain (1:1),,,,,,Validated (High-Confidence Auto),Nykaa SS(fsn),Fsn Distribution Ltd_Gallops,Keep,no Confirmed cross-reference found; auto-accepted as a direct 1:1 ship-to->chain mapping (High confidence per the file's own methodology),mtagent pbi audit (cross-ref CustomerCode_Zone_State_Mapping.csv),2026-07-14
Nykaa SS(fsn),Fsn Distribution Ltd_Gallops,Fsn Distribution Ltd_Gallops,Direct,The Derma Co.,Monthly dynamic Cont% (secondary-driven),3,Apr'25–Oct'25,100.0,100.0,100.0,High,Direct ship-to → single chain (1:1),,,,,,Validated (High-Confidence Auto),Nykaa SS(fsn),Fsn Distribution Ltd_Gallops,Keep,no Confirmed cross-reference found; auto-accepted as a direct 1:1 ship-to->chain mapping (High confidence per the file's own methodology),mtagent pbi audit (cross-ref CustomerCode_Zone_State_Mapping.csv),2026-07-14
Nykaa SS(fsn),Fsn Distribution Ltd_Hobli,Fsn Distribution Ltd_Hobli,Direct,Aqualogica,Monthly dynamic Cont% (secondary-driven),3,Apr'25–Oct'25,100.0,100.0,100.0,High,Direct ship-to → single chain (1:1),,,,,,Validated (Cross-Ref),Fsn Distribution,Nykaa E-Retail Limited,Keep,exact match on Ship-To Name against Confirmed row in CustomerCode_Zone_State_Mapping.csv (Customer Code 1101225),mtagent pbi audit (cross-ref CustomerCode_Zone_State_Mapping.csv),2026-07-14
Nykaa SS(fsn),Fsn Distribution Ltd_Hobli,Fsn Distribution Ltd_Hobli,Direct,BBlunt,Monthly dynamic Cont% (secondary-driven),1,May'25–May'25,100.0,100.0,100.0,High,Direct ship-to → single chain (1:1),,,,,,Validated (Cross-Ref),Fsn Distribution,Nykaa E-Retail Limited,Keep,exact match on Ship-To Name against Confirmed row in CustomerCode_Zone_State_Mapping.csv (Customer Code 1101225),mtagent pbi audit (cross-ref CustomerCode_Zone_State_Mapping.csv),2026-07-14
Nykaa SS(fsn),Fsn Distribution Ltd_Hobli,Fsn Distribution Ltd_Hobli,Direct,Mamaearth,Monthly dynamic Cont% (secondary-driven),3,Apr'25–Oct'25,100.0,100.0,100.0,High,Direct ship-to → single chain (1:1),,,,,,Validated (Cross-Ref),Fsn Distribution,Nykaa E-Retail Limited,Keep,exact match on Ship-To Name against Confirmed row in CustomerCode_Zone_State_Mapping.csv (Customer Code 1101225),mtagent pbi audit (cross-ref CustomerCode_Zone_State_Mapping.csv),2026-07-14
Nykaa SS(fsn),Fsn Distribution Ltd_Hobli,Fsn Distribution Ltd_Hobli,Direct,The Derma Co.,Monthly dynamic Cont% (secondary-driven),3,Apr'25–Oct'25,100.0,100.0,100.0,High,Direct ship-to → single chain (1:1),,,,,,Validated (Cross-Ref),Fsn Distribution,Nykaa E-Retail Limited,Keep,exact match on Ship-To Name against Confirmed row in CustomerCode_Zone_State_Mapping.csv (Customer Code 1101225),mtagent pbi audit (cross-ref CustomerCode_Zone_State_Mapping.csv),2026-07-14
Nykaa SS(fsn),Fsn Distribution Ltd_Khasarwara,Fsn Distribution Ltd_Khasarwara,Direct,Aqualogica,Monthly dynamic Cont% (secondary-driven),4,Apr'25–Oct'25,100.0,100.0,100.0,High,Direct ship-to → single chain (1:1),,,,,,Validated (High-Confidence Auto),Nykaa SS(fsn),Fsn Distribution Ltd_Khasarwara,Keep,no Confirmed cross-reference found; auto-accepted as a direct 1:1 ship-to->chain mapping (High confidence per the file's own methodology),mtagent pbi audit (cross-ref CustomerCode_Zone_State_Mapping.csv),2026-07-14
Nykaa SS(fsn),Fsn Distribution Ltd_Khasarwara,Fsn Distribution Ltd_Khasarwara,Direct,BBlunt,Monthly dynamic Cont% (secondary-driven),1,May'25–May'25,100.0,100.0,100.0,High,Direct ship-to → single chain (1:1),,,,,,Validated (High-Confidence Auto),Nykaa SS(fsn),Fsn Distribution Ltd_Khasarwara,Keep,no Confirmed cross-reference found; auto-accepted as a direct 1:1 ship-to->chain mapping (High confidence per the file's own methodology),mtagent pbi audit (cross-ref CustomerCode_Zone_State_Mapping.csv),2026-07-14
Nykaa SS(fsn),Fsn Distribution Ltd_Khasarwara,Fsn Distribution Ltd_Khasarwara,Direct,Mamaearth,Monthly dynamic Cont% (secondary-driven),8,Apr'25–Mar'26,100.0,100.0,100.0,High,Direct ship-to → single chain (1:1),,,,,,Validated (High-Confidence Auto),Nykaa SS(fsn),Fsn Distribution Ltd_Khasarwara,Keep,no Confirmed cross-reference found; auto-accepted as a direct 1:1 ship-to->chain mapping (High confidence per the file's own methodology),mtagent pbi audit (cross-ref CustomerCode_Zone_State_Mapping.csv),2026-07-14
Nykaa SS(fsn),Fsn Distribution Ltd_Khasarwara,Fsn Distribution Ltd_Khasarwara,Direct,The Derma Co.,Monthly dynamic Cont% (secondary-driven),5,Apr'25–Oct'25,100.0,100.0,100.0,High,Direct ship-to → single chain (1:1),,,,,,Validated (High-Confidence Auto),Nykaa SS(fsn),Fsn Distribution Ltd_Khasarwara,Keep,no Confirmed cross-reference found; auto-accepted as a direct 1:1 ship-to->chain mapping (High confidence per the file's own methodology),mtagent pbi audit (cross-ref CustomerCode_Zone_State_Mapping.csv),2026-07-14
Nykaa SS(fsn),Fsn Distribution Ltd_Mauja,Fsn Distribution Ltd_Mauja,Direct,Aqualogica,Monthly dynamic Cont% (secondary-driven),3,Apr'25–Dec'25,100.0,100.0,100.0,High,Direct ship-to → single chain (1:1),,,,,,Validated (High-Confidence Auto),Nykaa SS(fsn),Fsn Distribution Ltd_Mauja,Keep,no Confirmed cross-reference found; auto-accepted as a direct 1:1 ship-to->chain mapping (High confidence per the file's own methodology),mtagent pbi audit (cross-ref CustomerCode_Zone_State_Mapping.csv),2026-07-14
Nykaa SS(fsn),Fsn Distribution Ltd_Mauja,Fsn Distribution Ltd_Mauja,Direct,BBlunt,Monthly dynamic Cont% (secondary-driven),1,May'25–May'25,100.0,100.0,100.0,High,Direct ship-to → single chain (1:1),,,,,,Validated (High-Confidence Auto),Nykaa SS(fsn),Fsn Distribution Ltd_Mauja,Keep,no Confirmed cross-reference found; auto-accepted as a direct 1:1 ship-to->chain mapping (High confidence per the file's own methodology),mtagent pbi audit (cross-ref CustomerCode_Zone_State_Mapping.csv),2026-07-14
Nykaa SS(fsn),Fsn Distribution Ltd_Mauja,Fsn Distribution Ltd_Mauja,Direct,Mamaearth,Monthly dynamic Cont% (secondary-driven),5,Apr'25–Dec'25,100.0,100.0,100.0,High,Direct ship-to → single chain (1:1),,,,,,Validated (High-Confidence Auto),Nykaa SS(fsn),Fsn Distribution Ltd_Mauja,Keep,no Confirmed cross-reference found; auto-accepted as a direct 1:1 ship-to->chain mapping (High confidence per the file's own methodology),mtagent pbi audit (cross-ref CustomerCode_Zone_State_Mapping.csv),2026-07-14
Nykaa SS(fsn),Fsn Distribution Ltd_Mauja,Fsn Distribution Ltd_Mauja,Direct,The Derma Co.,Monthly dynamic Cont% (secondary-driven),4,Apr'25–Dec'25,100.0,100.0,100.0,High,Direct ship-to → single chain (1:1),,,,,,Validated (High-Confidence Auto),Nykaa SS(fsn),Fsn Distribution Ltd_Mauja,Keep,no Confirmed cross-reference found; auto-accepted as a direct 1:1 ship-to->chain mapping (High confidence per the file's own methodology),mtagent pbi audit (cross-ref CustomerCode_Zone_State_Mapping.csv),2026-07-14
Nykaa SS(fsn),Fsn Distribution Ltd_Mewat,Fsn Distribution Ltd_Mewat,Direct,Aqualogica,Monthly dynamic Cont% (secondary-driven),2,Jul'25–May'26,100.0,100.0,100.0,High,Direct ship-to → single chain (1:1),,,,,,Validated (Cross-Ref),Fsn Distribution,Nykaa E-Retail Limited,Keep,exact match on Ship-To Name against Confirmed row in CustomerCode_Zone_State_Mapping.csv (Customer Code 1101089),mtagent pbi audit (cross-ref CustomerCode_Zone_State_Mapping.csv),2026-07-14
Nykaa SS(fsn),Fsn Distribution Ltd_Mewat,Fsn Distribution Ltd_Mewat,Direct,Mamaearth,Monthly dynamic Cont% (secondary-driven),2,Jul'25–Aug'25,100.0,100.0,100.0,High,Direct ship-to → single chain (1:1),,,,,,Validated (Cross-Ref),Fsn Distribution,Nykaa E-Retail Limited,Keep,exact match on Ship-To Name against Confirmed row in CustomerCode_Zone_State_Mapping.csv (Customer Code 1101089),mtagent pbi audit (cross-ref CustomerCode_Zone_State_Mapping.csv),2026-07-14
Nykaa SS(fsn),Fsn Distribution Ltd_Mewat,Fsn Distribution Ltd_Mewat,Direct,The Derma Co.,Monthly dynamic Cont% (secondary-driven),1,Jul'25–Jul'25,100.0,100.0,100.0,High,Direct ship-to → single chain (1:1),,,,,,Validated (Cross-Ref),Fsn Distribution,Nykaa E-Retail Limited,Keep,exact match on Ship-To Name against Confirmed row in CustomerCode_Zone_State_Mapping.csv (Customer Code 1101089),mtagent pbi audit (cross-ref CustomerCode_Zone_State_Mapping.csv),2026-07-14
Nykaa SS(fsn),Fsn Distribution Ltd_Rajpura,Fsn Distribution Ltd_Rajpura,Direct,Aqualogica,Monthly dynamic Cont% (secondary-driven),4,Apr'25–Aug'25,100.0,100.0,100.0,High,Direct ship-to → single chain (1:1),,,,,,Validated (High-Confidence Auto),Nykaa SS(fsn),Fsn Distribution Ltd_Rajpura,Keep,no Confirmed cross-reference found; auto-accepted as a direct 1:1 ship-to->chain mapping (High confidence per the file's own methodology),mtagent pbi audit (cross-ref CustomerCode_Zone_State_Mapping.csv),2026-07-14
Nykaa SS(fsn),Fsn Distribution Ltd_Rajpura,Fsn Distribution Ltd_Rajpura,Direct,BBlunt,Monthly dynamic Cont% (secondary-driven),3,Apr'25–Jun'25,100.0,100.0,100.0,High,Direct ship-to → single chain (1:1),,,,,,Validated (High-Confidence Auto),Nykaa SS(fsn),Fsn Distribution Ltd_Rajpura,Keep,no Confirmed cross-reference found; auto-accepted as a direct 1:1 ship-to->chain mapping (High confidence per the file's own methodology),mtagent pbi audit (cross-ref CustomerCode_Zone_State_Mapping.csv),2026-07-14
Nykaa SS(fsn),Fsn Distribution Ltd_Rajpura,Fsn Distribution Ltd_Rajpura,Direct,Mamaearth,Monthly dynamic Cont% (secondary-driven),6,Apr'25–Sep'25,100.0,100.0,100.0,High,Direct ship-to → single chain (1:1),,,,,,Validated (High-Confidence Auto),Nykaa SS(fsn),Fsn Distribution Ltd_Rajpura,Keep,no Confirmed cross-reference found; auto-accepted as a direct 1:1 ship-to->chain mapping (High confidence per the file's own methodology),mtagent pbi audit (cross-ref CustomerCode_Zone_State_Mapping.csv),2026-07-14
Nykaa SS(fsn),Fsn Distribution Ltd_Rajpura,Fsn Distribution Ltd_Rajpura,Direct,The Derma Co.,Monthly dynamic Cont% (secondary-driven),5,Apr'25–Aug'25,100.0,100.0,100.0,High,Direct ship-to → single chain (1:1),,,,,,Validated (High-Confidence Auto),Nykaa SS(fsn),Fsn Distribution Ltd_Rajpura,Keep,no Confirmed cross-reference found; auto-accepted as a direct 1:1 ship-to->chain mapping (High confidence per the file's own methodology),mtagent pbi audit (cross-ref CustomerCode_Zone_State_Mapping.csv),2026-07-14
Nykaa SS(fsn),Fsn Distribution Ltd_Ranihat,Fsn Distribution Ltd_Ranihat,Direct,Aqualogica,Monthly dynamic Cont% (secondary-driven),2,Apr'25–May'25,100.0,100.0,100.0,High,Direct ship-to → single chain (1:1),,,,,,Validated (High-Confidence Auto),Nykaa SS(fsn),Fsn Distribution Ltd_Ranihat,Keep,no Confirmed cross-reference found; auto-accepted as a direct 1:1 ship-to->chain mapping (High confidence per the file's own methodology),mtagent pbi audit (cross-ref CustomerCode_Zone_State_Mapping.csv),2026-07-14
Nykaa SS(fsn),Fsn Distribution Ltd_Ranihat,Fsn Distribution Ltd_Ranihat,Direct,Mamaearth,Monthly dynamic Cont% (secondary-driven),7,Apr'25–Dec'25,100.0,100.0,100.0,High,Direct ship-to → single chain (1:1),,,,,,Validated (High-Confidence Auto),Nykaa SS(fsn),Fsn Distribution Ltd_Ranihat,Keep,no Confirmed cross-reference found; auto-accepted as a direct 1:1 ship-to->chain mapping (High confidence per the file's own methodology),mtagent pbi audit (cross-ref CustomerCode_Zone_State_Mapping.csv),2026-07-14
Nykaa SS(fsn),Fsn Distribution Ltd_Ranihat,Fsn Distribution Ltd_Ranihat,Direct,The Derma Co.,Monthly dynamic Cont% (secondary-driven),5,Apr'25–Dec'25,100.0,100.0,100.0,High,Direct ship-to → single chain (1:1),,,,,,Validated (High-Confidence Auto),Nykaa SS(fsn),Fsn Distribution Ltd_Ranihat,Keep,no Confirmed cross-reference found; auto-accepted as a direct 1:1 ship-to->chain mapping (High confidence per the file's own methodology),mtagent pbi audit (cross-ref CustomerCode_Zone_State_Mapping.csv),2026-07-14
Nykaa SS(fsn),Fsn Distribution Ltd_Revenue Village,Fsn Distribution Ltd_Revenue Village,Direct,Mamaearth,Monthly dynamic Cont% (secondary-driven),1,Sep'25–Sep'25,100.0,100.0,100.0,High,Direct ship-to → single chain (1:1),,,,,,Validated (Cross-Ref),Fsn Distribution,Nykaa E-Retail Limited,Keep,exact match on Ship-To Name against Confirmed row in CustomerCode_Zone_State_Mapping.csv (Customer Code 1101088),mtagent pbi audit (cross-ref CustomerCode_Zone_State_Mapping.csv),2026-07-14
Nykaa SS(fsn),Fsn Distribution Ltd_Sarpara,Fsn Distribution Ltd_Sarpara,Direct,Aqualogica,Monthly dynamic Cont% (secondary-driven),3,Apr'25–Oct'25,100.0,100.0,100.0,High,Direct ship-to → single chain (1:1),,,,,,Validated (High-Confidence Auto),Nykaa SS(fsn),Fsn Distribution Ltd_Sarpara,Keep,no Confirmed cross-reference found; auto-accepted as a direct 1:1 ship-to->chain mapping (High confidence per the file's own methodology),mtagent pbi audit (cross-ref CustomerCode_Zone_State_Mapping.csv),2026-07-14
Nykaa SS(fsn),Fsn Distribution Ltd_Sarpara,Fsn Distribution Ltd_Sarpara,Direct,Mamaearth,Monthly dynamic Cont% (secondary-driven),5,Apr'25–Oct'25,100.0,100.0,100.0,High,Direct ship-to → single chain (1:1),,,,,,Validated (High-Confidence Auto),Nykaa SS(fsn),Fsn Distribution Ltd_Sarpara,Keep,no Confirmed cross-reference found; auto-accepted as a direct 1:1 ship-to->chain mapping (High confidence per the file's own methodology),mtagent pbi audit (cross-ref CustomerCode_Zone_State_Mapping.csv),2026-07-14
Nykaa SS(fsn),Fsn Distribution Ltd_Sarpara,Fsn Distribution Ltd_Sarpara,Direct,The Derma Co.,Monthly dynamic Cont% (secondary-driven),3,Apr'25–Oct'25,100.0,100.0,100.0,High,Direct ship-to → single chain (1:1),,,,,,Validated (High-Confidence Auto),Nykaa SS(fsn),Fsn Distribution Ltd_Sarpara,Keep,no Confirmed cross-reference found; auto-accepted as a direct 1:1 ship-to->chain mapping (High confidence per the file's own methodology),mtagent pbi audit (cross-ref CustomerCode_Zone_State_Mapping.csv),2026-07-14
Nykaa SS(fsn),Fsn Distribution Ltd_Tiruvallur,Fsn Distribution Ltd_Tiruvallur,Direct,Aqualogica,Monthly dynamic Cont% (secondary-driven),2,Apr'25–May'25,100.0,100.0,100.0,High,Direct ship-to → single chain (1:1),,,,,,Validated (High-Confidence Auto),Nykaa SS(fsn),Fsn Distribution Ltd_Tiruvallur,Keep,no Confirmed cross-reference found; auto-accepted as a direct 1:1 ship-to->chain mapping (High confidence per the file's own methodology),mtagent pbi audit (cross-ref CustomerCode_Zone_State_Mapping.csv),2026-07-14
Nykaa SS(fsn),Fsn Distribution Ltd_Tiruvallur,Fsn Distribution Ltd_Tiruvallur,Direct,Mamaearth,Monthly dynamic Cont% (secondary-driven),6,Apr'25–Oct'25,100.0,100.0,100.0,High,Direct ship-to → single chain (1:1),,,,,,Validated (High-Confidence Auto),Nykaa SS(fsn),Fsn Distribution Ltd_Tiruvallur,Keep,no Confirmed cross-reference found; auto-accepted as a direct 1:1 ship-to->chain mapping (High confidence per the file's own methodology),mtagent pbi audit (cross-ref CustomerCode_Zone_State_Mapping.csv),2026-07-14
Nykaa SS(fsn),Fsn Distribution Ltd_Tiruvallur,Fsn Distribution Ltd_Tiruvallur,Direct,The Derma Co.,Monthly dynamic Cont% (secondary-driven),4,Apr'25–Oct'25,100.0,100.0,100.0,High,Direct ship-to → single chain (1:1),,,,,,Validated (High-Confidence Auto),Nykaa SS(fsn),Fsn Distribution Ltd_Tiruvallur,Keep,no Confirmed cross-reference found; auto-accepted as a direct 1:1 ship-to->chain mapping (High confidence per the file's own methodology),mtagent pbi audit (cross-ref CustomerCode_Zone_State_Mapping.csv),2026-07-14
Nykaa SS(fsn),Fsn Distribution Ltd_Village Gurhi,Fsn Distribution Ltd_Village Gurhi,Direct,Aqualogica,Monthly dynamic Cont% (secondary-driven),4,Apr'25–Oct'25,100.0,100.0,100.0,High,Direct ship-to → single chain (1:1),,,,,,Validated (High-Confidence Auto),Nykaa SS(fsn),Fsn Distribution Ltd_Village Gurhi,Keep,no Confirmed cross-reference found; auto-accepted as a direct 1:1 ship-to->chain mapping (High confidence per the file's own methodology),mtagent pbi audit (cross-ref CustomerCode_Zone_State_Mapping.csv),2026-07-14
Nykaa SS(fsn),Fsn Distribution Ltd_Village Gurhi,Fsn Distribution Ltd_Village Gurhi,Direct,BBlunt,Monthly dynamic Cont% (secondary-driven),4,Apr'25–Oct'25,100.0,100.0,100.0,High,Direct ship-to → single chain (1:1),,,,,,Validated (High-Confidence Auto),Nykaa SS(fsn),Fsn Distribution Ltd_Village Gurhi,Keep,no Confirmed cross-reference found; auto-accepted as a direct 1:1 ship-to->chain mapping (High confidence per the file's own methodology),mtagent pbi audit (cross-ref CustomerCode_Zone_State_Mapping.csv),2026-07-14
Nykaa SS(fsn),Fsn Distribution Ltd_Village Gurhi,Fsn Distribution Ltd_Village Gurhi,Direct,Mamaearth,Monthly dynamic Cont% (secondary-driven),7,Apr'25–Dec'25,100.0,100.0,100.0,High,Direct ship-to → single chain (1:1),,,,,,Validated (High-Confidence Auto),Nykaa SS(fsn),Fsn Distribution Ltd_Village Gurhi,Keep,no Confirmed cross-reference found; auto-accepted as a direct 1:1 ship-to->chain mapping (High confidence per the file's own methodology),mtagent pbi audit (cross-ref CustomerCode_Zone_State_Mapping.csv),2026-07-14
Nykaa SS(fsn),Fsn Distribution Ltd_Village Gurhi,Fsn Distribution Ltd_Village Gurhi,Direct,The Derma Co.,Monthly dynamic Cont% (secondary-driven),5,Apr'25–Dec'25,100.0,100.0,100.0,High,Direct ship-to → single chain (1:1),,,,,,Validated (High-Confidence Auto),Nykaa SS(fsn),Fsn Distribution Ltd_Village Gurhi,Keep,no Confirmed cross-reference found; auto-accepted as a direct 1:1 ship-to->chain mapping (High confidence per the file's own methodology),mtagent pbi audit (cross-ref CustomerCode_Zone_State_Mapping.csv),2026-07-14
Nykaa SS(fsn),Fsn Distribution Ltd_Village Sonale,Fsn Distribution Ltd_Village Sonale,Direct,Aqualogica,Monthly dynamic Cont% (secondary-driven),3,Apr'25–Oct'25,100.0,100.0,100.0,High,Direct ship-to → single chain (1:1),,,,,,Validated (High-Confidence Auto),Nykaa SS(fsn),Fsn Distribution Ltd_Village Sonale,Keep,no Confirmed cross-reference found; auto-accepted as a direct 1:1 ship-to->chain mapping (High confidence per the file's own methodology),mtagent pbi audit (cross-ref CustomerCode_Zone_State_Mapping.csv),2026-07-14
Nykaa SS(fsn),Fsn Distribution Ltd_Village Sonale,Fsn Distribution Ltd_Village Sonale,Direct,BBlunt,Monthly dynamic Cont% (secondary-driven),3,Apr'25–Oct'25,100.0,100.0,100.0,High,Direct ship-to → single chain (1:1),,,,,,Validated (High-Confidence Auto),Nykaa SS(fsn),Fsn Distribution Ltd_Village Sonale,Keep,no Confirmed cross-reference found; auto-accepted as a direct 1:1 ship-to->chain mapping (High confidence per the file's own methodology),mtagent pbi audit (cross-ref CustomerCode_Zone_State_Mapping.csv),2026-07-14
Nykaa SS(fsn),Fsn Distribution Ltd_Village Sonale,Fsn Distribution Ltd_Village Sonale,Direct,Mamaearth,Monthly dynamic Cont% (secondary-driven),4,Apr'25–Oct'25,100.0,100.0,100.0,High,Direct ship-to → single chain (1:1),,,,,,Validated (High-Confidence Auto),Nykaa SS(fsn),Fsn Distribution Ltd_Village Sonale,Keep,no Confirmed cross-reference found; auto-accepted as a direct 1:1 ship-to->chain mapping (High confidence per the file's own methodology),mtagent pbi audit (cross-ref CustomerCode_Zone_State_Mapping.csv),2026-07-14
Nykaa SS(fsn),Fsn Distribution Ltd_Village Sonale,Fsn Distribution Ltd_Village Sonale,Direct,The Derma Co.,Monthly dynamic Cont% (secondary-driven),3,Apr'25–Oct'25,100.0,100.0,100.0,High,Direct ship-to → single chain (1:1),,,,,,Validated (High-Confidence Auto),Nykaa SS(fsn),Fsn Distribution Ltd_Village Sonale,Keep,no Confirmed cross-reference found; auto-accepted as a direct 1:1 ship-to->chain mapping (High confidence per the file's own methodology),mtagent pbi audit (cross-ref CustomerCode_Zone_State_Mapping.csv),2026-07-14
Nykaa SS(fsn),Fsn Distribution Ltd_Yamjal Village,Fsn Distribution Ltd_Yamjal Village,Direct,Aqualogica,Monthly dynamic Cont% (secondary-driven),4,Apr'25–Oct'25,100.0,100.0,100.0,High,Direct ship-to → single chain (1:1),,,,,,Validated (High-Confidence Auto),Nykaa SS(fsn),Fsn Distribution Ltd_Yamjal Village,Keep,no Confirmed cross-reference found; auto-accepted as a direct 1:1 ship-to->chain mapping (High confidence per the file's own methodology),mtagent pbi audit (cross-ref CustomerCode_Zone_State_Mapping.csv),2026-07-14
Nykaa SS(fsn),Fsn Distribution Ltd_Yamjal Village,Fsn Distribution Ltd_Yamjal Village,Direct,BBlunt,Monthly dynamic Cont% (secondary-driven),2,Jun'25–Oct'25,100.0,100.0,100.0,High,Direct ship-to → single chain (1:1),,,,,,Validated (High-Confidence Auto),Nykaa SS(fsn),Fsn Distribution Ltd_Yamjal Village,Keep,no Confirmed cross-reference found; auto-accepted as a direct 1:1 ship-to->chain mapping (High confidence per the file's own methodology),mtagent pbi audit (cross-ref CustomerCode_Zone_State_Mapping.csv),2026-07-14
Nykaa SS(fsn),Fsn Distribution Ltd_Yamjal Village,Fsn Distribution Ltd_Yamjal Village,Direct,Mamaearth,Monthly dynamic Cont% (secondary-driven),5,Apr'25–Oct'25,100.0,100.0,100.0,High,Direct ship-to → single chain (1:1),,,,,,Validated (High-Confidence Auto),Nykaa SS(fsn),Fsn Distribution Ltd_Yamjal Village,Keep,no Confirmed cross-reference found; auto-accepted as a direct 1:1 ship-to->chain mapping (High confidence per the file's own methodology),mtagent pbi audit (cross-ref CustomerCode_Zone_State_Mapping.csv),2026-07-14
Nykaa SS(fsn),Fsn Distribution Ltd_Yamjal Village,Fsn Distribution Ltd_Yamjal Village,Direct,The Derma Co.,Monthly dynamic Cont% (secondary-driven),3,Apr'25–Oct'25,100.0,100.0,100.0,High,Direct ship-to → single chain (1:1),,,,,,Validated (High-Confidence Auto),Nykaa SS(fsn),Fsn Distribution Ltd_Yamjal Village,Keep,no Confirmed cross-reference found; auto-accepted as a direct 1:1 ship-to->chain mapping (High confidence per the file's own methodology),mtagent pbi audit (cross-ref CustomerCode_Zone_State_Mapping.csv),2026-07-14
Nykaa SS(fsn),Nykaa E-Retail Limited.-OR EB2B,Nykaa E-Retail Limited,Direct,Aqualogica,Monthly dynamic Cont% (secondary-driven),12,Jun'25–May'26,100.0,100.0,100.0,High,Direct ship-to → single chain (1:1); account has 3 ship-to variants/branches — confirm roll-up,,,,,Y,Validated (Cross-Ref),Nykaa E-Retail Limited,Nykaa E-Retail Limited,Merge,exact match on Ship-To Name against Confirmed row in CustomerCode_Zone_State_Mapping.csv (Customer Code 1103988),mtagent pbi audit (cross-ref CustomerCode_Zone_State_Mapping.csv),2026-07-14
Nykaa SS(fsn),Nykaa E-Retail Limited.-OR EB2B,Nykaa E-Retail Limited,Direct,Dr. Sheth's,Monthly dynamic Cont% (secondary-driven),5,Oct'25–Apr'26,100.0,100.0,100.0,High,Direct ship-to → single chain (1:1); account has 3 ship-to variants/branches — confirm roll-up,,,,,Y,Validated (Cross-Ref),Nykaa E-Retail Limited,Nykaa E-Retail Limited,Merge,exact match on Ship-To Name against Confirmed row in CustomerCode_Zone_State_Mapping.csv (Customer Code 1103988),mtagent pbi audit (cross-ref CustomerCode_Zone_State_Mapping.csv),2026-07-14
Nykaa SS(fsn),Nykaa E-Retail Limited.-OR EB2B,Nykaa E-Retail Limited,Direct,Mamaearth,Monthly dynamic Cont% (secondary-driven),12,Jun'25–May'26,100.0,100.0,100.0,High,Direct ship-to → single chain (1:1); account has 3 ship-to variants/branches — confirm roll-up,,,,,Y,Validated (Cross-Ref),Nykaa E-Retail Limited,Nykaa E-Retail Limited,Merge,exact match on Ship-To Name against Confirmed row in CustomerCode_Zone_State_Mapping.csv (Customer Code 1103988),mtagent pbi audit (cross-ref CustomerCode_Zone_State_Mapping.csv),2026-07-14
Nykaa SS(fsn),Nykaa E-Retail Limited.-OR EB2B,Nykaa E-Retail Limited,Direct,The Derma Co.,Monthly dynamic Cont% (secondary-driven),12,Jun'25–May'26,100.0,100.0,100.0,High,Direct ship-to → single chain (1:1); account has 3 ship-to variants/branches — confirm roll-up,,,,,Y,Validated (Cross-Ref),Nykaa E-Retail Limited,Nykaa E-Retail Limited,Merge,exact match on Ship-To Name against Confirmed row in CustomerCode_Zone_State_Mapping.csv (Customer Code 1103988),mtagent pbi audit (cross-ref CustomerCode_Zone_State_Mapping.csv),2026-07-14
Nykaa SS(fsn),Nykaa E-Retail Limited.-TG EB2B,Nykaa E-Retail Limited,Direct,Aqualogica,Monthly dynamic Cont% (secondary-driven),12,Jun'25–May'26,100.0,100.0,100.0,High,Direct ship-to → single chain (1:1); account has 3 ship-to variants/branches — confirm roll-up,,,,,Y,Validated (Cross-Ref),Nykaa E-Retail Limited,Nykaa E-Retail Limited,Merge,exact match on Ship-To Name against Confirmed row in CustomerCode_Zone_State_Mapping.csv (Customer Code 1103985),mtagent pbi audit (cross-ref CustomerCode_Zone_State_Mapping.csv),2026-07-14
Nykaa SS(fsn),Nykaa E-Retail Limited.-TG EB2B,Nykaa E-Retail Limited,Direct,Dr. Sheth's,Monthly dynamic Cont% (secondary-driven),4,Oct'25–May'26,100.0,100.0,100.0,High,Direct ship-to → single chain (1:1); account has 3 ship-to variants/branches — confirm roll-up,,,,,Y,Validated (Cross-Ref),Nykaa E-Retail Limited,Nykaa E-Retail Limited,Merge,exact match on Ship-To Name against Confirmed row in CustomerCode_Zone_State_Mapping.csv (Customer Code 1103985),mtagent pbi audit (cross-ref CustomerCode_Zone_State_Mapping.csv),2026-07-14
Nykaa SS(fsn),Nykaa E-Retail Limited.-TG EB2B,Nykaa E-Retail Limited,Direct,Mamaearth,Monthly dynamic Cont% (secondary-driven),12,Jun'25–May'26,100.0,100.0,100.0,High,Direct ship-to → single chain (1:1); account has 3 ship-to variants/branches — confirm roll-up,,,,,Y,Validated (Cross-Ref),Nykaa E-Retail Limited,Nykaa E-Retail Limited,Merge,exact match on Ship-To Name against Confirmed row in CustomerCode_Zone_State_Mapping.csv (Customer Code 1103985),mtagent pbi audit (cross-ref CustomerCode_Zone_State_Mapping.csv),2026-07-14
Nykaa SS(fsn),Nykaa E-Retail Limited.-TG EB2B,Nykaa E-Retail Limited,Direct,The Derma Co.,Monthly dynamic Cont% (secondary-driven),12,Jun'25–May'26,100.0,100.0,100.0,High,Direct ship-to → single chain (1:1); account has 3 ship-to variants/branches — confirm roll-up,,,,,Y,Validated (Cross-Ref),Nykaa E-Retail Limited,Nykaa E-Retail Limited,Merge,exact match on Ship-To Name against Confirmed row in CustomerCode_Zone_State_Mapping.csv (Customer Code 1103985),mtagent pbi audit (cross-ref CustomerCode_Zone_State_Mapping.csv),2026-07-14
Nykaa SS(fsn),Nykaa E-Retail Limited.-WB EB2B,Nykaa E-Retail Limited,Direct,Aqualogica,Monthly dynamic Cont% (secondary-driven),12,Jun'25–May'26,100.0,100.0,100.0,High,Direct ship-to → single chain (1:1); account has 3 ship-to variants/branches — confirm roll-up,,,,,Y,Validated (Cross-Ref),Nykaa E-Retail Limited,Nykaa E-Retail Limited,Merge,exact match on Ship-To Name against Confirmed row in CustomerCode_Zone_State_Mapping.csv (Customer Code 1103983),mtagent pbi audit (cross-ref CustomerCode_Zone_State_Mapping.csv),2026-07-14
Nykaa SS(fsn),Nykaa E-Retail Limited.-WB EB2B,Nykaa E-Retail Limited,Direct,Dr. Sheth's,Monthly dynamic Cont% (secondary-driven),1,Oct'25–Oct'25,100.0,100.0,100.0,High,Direct ship-to → single chain (1:1); account has 3 ship-to variants/branches — confirm roll-up,,,,,Y,Validated (Cross-Ref),Nykaa E-Retail Limited,Nykaa E-Retail Limited,Merge,exact match on Ship-To Name against Confirmed row in CustomerCode_Zone_State_Mapping.csv (Customer Code 1103983),mtagent pbi audit (cross-ref CustomerCode_Zone_State_Mapping.csv),2026-07-14
Nykaa SS(fsn),Nykaa E-Retail Limited.-WB EB2B,Nykaa E-Retail Limited,Direct,Mamaearth,Monthly dynamic Cont% (secondary-driven),12,Jun'25–May'26,100.0,100.0,100.0,High,Direct ship-to → single chain (1:1); account has 3 ship-to variants/branches — confirm roll-up,,,,,Y,Validated (Cross-Ref),Nykaa E-Retail Limited,Nykaa E-Retail Limited,Merge,exact match on Ship-To Name against Confirmed row in CustomerCode_Zone_State_Mapping.csv (Customer Code 1103983),mtagent pbi audit (cross-ref CustomerCode_Zone_State_Mapping.csv),2026-07-14
Nykaa SS(fsn),Nykaa E-Retail Limited.-WB EB2B,Nykaa E-Retail Limited,Direct,The Derma Co.,Monthly dynamic Cont% (secondary-driven),12,Jun'25–May'26,100.0,100.0,100.0,High,Direct ship-to → single chain (1:1); account has 3 ship-to variants/branches — confirm roll-up,,,,,Y,Validated (Cross-Ref),Nykaa E-Retail Limited,Nykaa E-Retail Limited,Merge,exact match on Ship-To Name against Confirmed row in CustomerCode_Zone_State_Mapping.csv (Customer Code 1103983),mtagent pbi audit (cross-ref CustomerCode_Zone_State_Mapping.csv),2026-07-14
Nykaa SS(fsn),Nykaa E-Retail Limited.-AP EB2B,Nykaa E-Retail Limited.-AP EB2B,Direct,Aqualogica,Monthly dynamic Cont% (secondary-driven),12,Jun'25–May'26,100.0,100.0,100.0,High,Direct ship-to → single chain (1:1),,,,,,Validated (Cross-Ref),Nykaa E-Retail Limited,Nykaa E-Retail Limited,Keep,exact match on Ship-To Name against Confirmed row in CustomerCode_Zone_State_Mapping.csv (Customer Code 1103989),mtagent pbi audit (cross-ref CustomerCode_Zone_State_Mapping.csv),2026-07-14
Nykaa SS(fsn),Nykaa E-Retail Limited.-AP EB2B,Nykaa E-Retail Limited.-AP EB2B,Direct,Dr. Sheth's,Monthly dynamic Cont% (secondary-driven),3,Oct'25–Mar'26,100.0,100.0,100.0,High,Direct ship-to → single chain (1:1),,,,,,Validated (Cross-Ref),Nykaa E-Retail Limited,Nykaa E-Retail Limited,Keep,exact match on Ship-To Name against Confirmed row in CustomerCode_Zone_State_Mapping.csv (Customer Code 1103989),mtagent pbi audit (cross-ref CustomerCode_Zone_State_Mapping.csv),2026-07-14
Nykaa SS(fsn),Nykaa E-Retail Limited.-AP EB2B,Nykaa E-Retail Limited.-AP EB2B,Direct,Mamaearth,Monthly dynamic Cont% (secondary-driven),12,Jun'25–May'26,100.0,100.0,100.0,High,Direct ship-to → single chain (1:1),,,,,,Validated (Cross-Ref),Nykaa E-Retail Limited,Nykaa E-Retail Limited,Keep,exact match on Ship-To Name against Confirmed row in CustomerCode_Zone_State_Mapping.csv (Customer Code 1103989),mtagent pbi audit (cross-ref CustomerCode_Zone_State_Mapping.csv),2026-07-14
Nykaa SS(fsn),Nykaa E-Retail Limited.-AP EB2B,Nykaa E-Retail Limited.-AP EB2B,Direct,The Derma Co.,Monthly dynamic Cont% (secondary-driven),12,Jun'25–May'26,100.0,100.0,100.0,High,Direct ship-to → single chain (1:1),,,,,,Validated (Cross-Ref),Nykaa E-Retail Limited,Nykaa E-Retail Limited,Keep,exact match on Ship-To Name against Confirmed row in CustomerCode_Zone_State_Mapping.csv (Customer Code 1103989),mtagent pbi audit (cross-ref CustomerCode_Zone_State_Mapping.csv),2026-07-14
Nykaa SS(fsn),Nykaa E-Retail Limited.-AS EB2B,Nykaa E-Retail Limited.-AS EB2B,Direct,Aqualogica,Monthly dynamic Cont% (secondary-driven),12,Jun'25–May'26,100.0,100.0,100.0,High,Direct ship-to → single chain (1:1),,,,,,Validated (Cross-Ref),Nykaa E-Retail Limited,Nykaa E-Retail Limited,Keep,exact match on Ship-To Name against Confirmed row in CustomerCode_Zone_State_Mapping.csv (Customer Code 1103992),mtagent pbi audit (cross-ref CustomerCode_Zone_State_Mapping.csv),2026-07-14
Nykaa SS(fsn),Nykaa E-Retail Limited.-AS EB2B,Nykaa E-Retail Limited.-AS EB2B,Direct,Dr. Sheth's,Monthly dynamic Cont% (secondary-driven),5,Oct'25–Mar'26,100.0,100.0,100.0,High,Direct ship-to → single chain (1:1),,,,,,Validated (Cross-Ref),Nykaa E-Retail Limited,Nykaa E-Retail Limited,Keep,exact match on Ship-To Name against Confirmed row in CustomerCode_Zone_State_Mapping.csv (Customer Code 1103992),mtagent pbi audit (cross-ref CustomerCode_Zone_State_Mapping.csv),2026-07-14
Nykaa SS(fsn),Nykaa E-Retail Limited.-AS EB2B,Nykaa E-Retail Limited.-AS EB2B,Direct,Mamaearth,Monthly dynamic Cont% (secondary-driven),12,Jun'25–May'26,100.0,100.0,100.0,High,Direct ship-to → single chain (1:1),,,,,,Validated (Cross-Ref),Nykaa E-Retail Limited,Nykaa E-Retail Limited,Keep,exact match on Ship-To Name against Confirmed row in CustomerCode_Zone_State_Mapping.csv (Customer Code 1103992),mtagent pbi audit (cross-ref CustomerCode_Zone_State_Mapping.csv),2026-07-14
Nykaa SS(fsn),Nykaa E-Retail Limited.-AS EB2B,Nykaa E-Retail Limited.-AS EB2B,Direct,The Derma Co.,Monthly dynamic Cont% (secondary-driven),12,Jun'25–May'26,100.0,100.0,100.0,High,Direct ship-to → single chain (1:1),,,,,,Validated (Cross-Ref),Nykaa E-Retail Limited,Nykaa E-Retail Limited,Keep,exact match on Ship-To Name against Confirmed row in CustomerCode_Zone_State_Mapping.csv (Customer Code 1103992),mtagent pbi audit (cross-ref CustomerCode_Zone_State_Mapping.csv),2026-07-14
Nykaa SS(fsn),Nykaa E-Retail Limited.-BR EB2B,Nykaa E-Retail Limited.-BR EB2B,Direct,Aqualogica,Monthly dynamic Cont% (secondary-driven),12,Jun'25–May'26,100.0,100.0,100.0,High,Direct ship-to → single chain (1:1),,,,,,Validated (Cross-Ref),Nykaa E-Retail Limited,Nykaa E-Retail Limited,Keep,exact match on Ship-To Name against Confirmed row in CustomerCode_Zone_State_Mapping.csv (Customer Code 1103986),mtagent pbi audit (cross-ref CustomerCode_Zone_State_Mapping.csv),2026-07-14
Nykaa SS(fsn),Nykaa E-Retail Limited.-BR EB2B,Nykaa E-Retail Limited.-BR EB2B,Direct,Dr. Sheth's,Monthly dynamic Cont% (secondary-driven),2,Oct'25–Nov'25,100.0,100.0,100.0,High,Direct ship-to → single chain (1:1),,,,,,Validated (Cross-Ref),Nykaa E-Retail Limited,Nykaa E-Retail Limited,Keep,exact match on Ship-To Name against Confirmed row in CustomerCode_Zone_State_Mapping.csv (Customer Code 1103986),mtagent pbi audit (cross-ref CustomerCode_Zone_State_Mapping.csv),2026-07-14
Nykaa SS(fsn),Nykaa E-Retail Limited.-BR EB2B,Nykaa E-Retail Limited.-BR EB2B,Direct,Mamaearth,Monthly dynamic Cont% (secondary-driven),12,Jun'25–May'26,100.0,100.0,100.0,High,Direct ship-to → single chain (1:1),,,,,,Validated (Cross-Ref),Nykaa E-Retail Limited,Nykaa E-Retail Limited,Keep,exact match on Ship-To Name against Confirmed row in CustomerCode_Zone_State_Mapping.csv (Customer Code 1103986),mtagent pbi audit (cross-ref CustomerCode_Zone_State_Mapping.csv),2026-07-14
Nykaa SS(fsn),Nykaa E-Retail Limited.-BR EB2B,Nykaa E-Retail Limited.-BR EB2B,Direct,The Derma Co.,Monthly dynamic Cont% (secondary-driven),12,Jun'25–May'26,100.0,100.0,100.0,High,Direct ship-to → single chain (1:1),,,,,,Validated (Cross-Ref),Nykaa E-Retail Limited,Nykaa E-Retail Limited,Keep,exact match on Ship-To Name against Confirmed row in CustomerCode_Zone_State_Mapping.csv (Customer Code 1103986),mtagent pbi audit (cross-ref CustomerCode_Zone_State_Mapping.csv),2026-07-14
Nykaa SS(fsn),Nykaa E-Retail Limited.-GJ EB2B,Nykaa E-Retail Limited.-GJ EB2B,Direct,Aqualogica,Monthly dynamic Cont% (secondary-driven),10,Jun'25–May'26,100.0,100.0,100.0,High,Direct ship-to → single chain (1:1),,,,,,Validated (Cross-Ref),Nykaa E-Retail Limited,Nykaa E-Retail Limited,Keep,exact match on Ship-To Name against Confirmed row in CustomerCode_Zone_State_Mapping.csv (Customer Code 1103995),mtagent pbi audit (cross-ref CustomerCode_Zone_State_Mapping.csv),2026-07-14
Nykaa SS(fsn),Nykaa E-Retail Limited.-GJ EB2B,Nykaa E-Retail Limited.-GJ EB2B,Direct,Dr. Sheth's,Monthly dynamic Cont% (secondary-driven),6,Oct'25–Apr'26,100.0,100.0,100.0,High,Direct ship-to → single chain (1:1),,,,,,Validated (Cross-Ref),Nykaa E-Retail Limited,Nykaa E-Retail Limited,Keep,exact match on Ship-To Name against Confirmed row in CustomerCode_Zone_State_Mapping.csv (Customer Code 1103995),mtagent pbi audit (cross-ref CustomerCode_Zone_State_Mapping.csv),2026-07-14
Nykaa SS(fsn),Nykaa E-Retail Limited.-GJ EB2B,Nykaa E-Retail Limited.-GJ EB2B,Direct,Mamaearth,Monthly dynamic Cont% (secondary-driven),12,Jun'25–May'26,100.0,100.0,100.0,High,Direct ship-to → single chain (1:1),,,,,,Validated (Cross-Ref),Nykaa E-Retail Limited,Nykaa E-Retail Limited,Keep,exact match on Ship-To Name against Confirmed row in CustomerCode_Zone_State_Mapping.csv (Customer Code 1103995),mtagent pbi audit (cross-ref CustomerCode_Zone_State_Mapping.csv),2026-07-14
Nykaa SS(fsn),Nykaa E-Retail Limited.-GJ EB2B,Nykaa E-Retail Limited.-GJ EB2B,Direct,The Derma Co.,Monthly dynamic Cont% (secondary-driven),12,Jun'25–May'26,100.0,100.0,100.0,High,Direct ship-to → single chain (1:1),,,,,,Validated (Cross-Ref),Nykaa E-Retail Limited,Nykaa E-Retail Limited,Keep,exact match on Ship-To Name against Confirmed row in CustomerCode_Zone_State_Mapping.csv (Customer Code 1103995),mtagent pbi audit (cross-ref CustomerCode_Zone_State_Mapping.csv),2026-07-14
Nykaa SS(fsn),Nykaa E-Retail Limited.-HR-Gurhi EB2B,Nykaa E-Retail Limited.-HR-Gurhi EB2B,Direct,Aqualogica,Monthly dynamic Cont% (secondary-driven),11,Jun'25–May'26,100.0,100.0,100.0,High,Direct ship-to → single chain (1:1),,,,,,Validated (Cross-Ref),Nykaa E-Retail Limited,Nykaa E-Retail Limited,Keep,exact match on Ship-To Name against Confirmed row in CustomerCode_Zone_State_Mapping.csv (Customer Code 1103982),mtagent pbi audit (cross-ref CustomerCode_Zone_State_Mapping.csv),2026-07-14
Nykaa SS(fsn),Nykaa E-Retail Limited.-HR-Gurhi EB2B,Nykaa E-Retail Limited.-HR-Gurhi EB2B,Direct,BBlunt,Monthly dynamic Cont% (secondary-driven),2,Jun'25–Jul'25,100.0,100.0,100.0,High,Direct ship-to → single chain (1:1),,,,,,Validated (Cross-Ref),Nykaa E-Retail Limited,Nykaa E-Retail Limited,Keep,exact match on Ship-To Name against Confirmed row in CustomerCode_Zone_State_Mapping.csv (Customer Code 1103982),mtagent pbi audit (cross-ref CustomerCode_Zone_State_Mapping.csv),2026-07-14
Nykaa SS(fsn),Nykaa E-Retail Limited.-HR-Gurhi EB2B,Nykaa E-Retail Limited.-HR-Gurhi EB2B,Direct,Dr. Sheth's,Monthly dynamic Cont% (secondary-driven),4,Oct'25–Mar'26,100.0,100.0,100.0,High,Direct ship-to → single chain (1:1),,,,,,Validated (Cross-Ref),Nykaa E-Retail Limited,Nykaa E-Retail Limited,Keep,exact match on Ship-To Name against Confirmed row in CustomerCode_Zone_State_Mapping.csv (Customer Code 1103982),mtagent pbi audit (cross-ref CustomerCode_Zone_State_Mapping.csv),2026-07-14
Nykaa SS(fsn),Nykaa E-Retail Limited.-HR-Gurhi EB2B,Nykaa E-Retail Limited.-HR-Gurhi EB2B,Direct,Mamaearth,Monthly dynamic Cont% (secondary-driven),12,Jun'25–May'26,100.0,100.0,100.0,High,Direct ship-to → single chain (1:1),,,,,,Validated (Cross-Ref),Nykaa E-Retail Limited,Nykaa E-Retail Limited,Keep,exact match on Ship-To Name against Confirmed row in CustomerCode_Zone_State_Mapping.csv (Customer Code 1103982),mtagent pbi audit (cross-ref CustomerCode_Zone_State_Mapping.csv),2026-07-14
Nykaa SS(fsn),Nykaa E-Retail Limited.-HR-Gurhi EB2B,Nykaa E-Retail Limited.-HR-Gurhi EB2B,Direct,The Derma Co.,Monthly dynamic Cont% (secondary-driven),12,Jun'25–May'26,100.0,100.0,100.0,High,Direct ship-to → single chain (1:1),,,,,,Validated (Cross-Ref),Nykaa E-Retail Limited,Nykaa E-Retail Limited,Keep,exact match on Ship-To Name against Confirmed row in CustomerCode_Zone_State_Mapping.csv (Customer Code 1103982),mtagent pbi audit (cross-ref CustomerCode_Zone_State_Mapping.csv),2026-07-14
Nykaa SS(fsn),Nykaa E-Retail Limited.-KA EB2B,Nykaa E-Retail Limited.-KA EB2B,Direct,Aqualogica,Monthly dynamic Cont% (secondary-driven),12,Jun'25–May'26,100.0,100.0,100.0,High,Direct ship-to → single chain (1:1),,,,,,Validated (Cross-Ref),Nykaa E-Retail Limited,Nykaa E-Retail Limited,Keep,exact match on Ship-To Name against Confirmed row in CustomerCode_Zone_State_Mapping.csv (Customer Code 1103981),mtagent pbi audit (cross-ref CustomerCode_Zone_State_Mapping.csv),2026-07-14
Nykaa SS(fsn),Nykaa E-Retail Limited.-KA EB2B,Nykaa E-Retail Limited.-KA EB2B,Direct,Dr. Sheth's,Monthly dynamic Cont% (secondary-driven),3,Oct'25–Feb'26,100.0,100.0,100.0,High,Direct ship-to → single chain (1:1),,,,,,Validated (Cross-Ref),Nykaa E-Retail Limited,Nykaa E-Retail Limited,Keep,exact match on Ship-To Name against Confirmed row in CustomerCode_Zone_State_Mapping.csv (Customer Code 1103981),mtagent pbi audit (cross-ref CustomerCode_Zone_State_Mapping.csv),2026-07-14
Nykaa SS(fsn),Nykaa E-Retail Limited.-KA EB2B,Nykaa E-Retail Limited.-KA EB2B,Direct,Mamaearth,Monthly dynamic Cont% (secondary-driven),12,Jun'25–May'26,100.0,100.0,100.0,High,Direct ship-to → single chain (1:1),,,,,,Validated (Cross-Ref),Nykaa E-Retail Limited,Nykaa E-Retail Limited,Keep,exact match on Ship-To Name against Confirmed row in CustomerCode_Zone_State_Mapping.csv (Customer Code 1103981),mtagent pbi audit (cross-ref CustomerCode_Zone_State_Mapping.csv),2026-07-14
Nykaa SS(fsn),Nykaa E-Retail Limited.-KA EB2B,Nykaa E-Retail Limited.-KA EB2B,Direct,The Derma Co.,Monthly dynamic Cont% (secondary-driven),12,Jun'25–May'26,100.0,100.0,100.0,High,Direct ship-to → single chain (1:1),,,,,,Validated (Cross-Ref),Nykaa E-Retail Limited,Nykaa E-Retail Limited,Keep,exact match on Ship-To Name against Confirmed row in CustomerCode_Zone_State_Mapping.csv (Customer Code 1103981),mtagent pbi audit (cross-ref CustomerCode_Zone_State_Mapping.csv),2026-07-14
Nykaa SS(fsn),Nykaa E-Retail Limited.-KL EB2B,Nykaa E-Retail Limited.-KL EB2B,Direct,Aqualogica,Monthly dynamic Cont% (secondary-driven),12,Jun'25–May'26,100.0,100.0,100.0,High,Direct ship-to → single chain (1:1),,,,,,Validated (Cross-Ref),Nykaa E-Retail Limited,Nykaa E-Retail Limited,Keep,exact match on Ship-To Name against Confirmed row in CustomerCode_Zone_State_Mapping.csv (Customer Code 1103990),mtagent pbi audit (cross-ref CustomerCode_Zone_State_Mapping.csv),2026-07-14
Nykaa SS(fsn),Nykaa E-Retail Limited.-KL EB2B,Nykaa E-Retail Limited.-KL EB2B,Direct,BBlunt,Monthly dynamic Cont% (secondary-driven),1,Dec'25–Dec'25,100.0,100.0,100.0,High,Direct ship-to → single chain (1:1),,,,,,Validated (Cross-Ref),Nykaa E-Retail Limited,Nykaa E-Retail Limited,Keep,exact match on Ship-To Name against Confirmed row in CustomerCode_Zone_State_Mapping.csv (Customer Code 1103990),mtagent pbi audit (cross-ref CustomerCode_Zone_State_Mapping.csv),2026-07-14
Nykaa SS(fsn),Nykaa E-Retail Limited.-KL EB2B,Nykaa E-Retail Limited.-KL EB2B,Direct,Dr. Sheth's,Monthly dynamic Cont% (secondary-driven),8,Oct'25–May'26,100.0,100.0,100.0,High,Direct ship-to → single chain (1:1),,,,,,Validated (Cross-Ref),Nykaa E-Retail Limited,Nykaa E-Retail Limited,Keep,exact match on Ship-To Name against Confirmed row in CustomerCode_Zone_State_Mapping.csv (Customer Code 1103990),mtagent pbi audit (cross-ref CustomerCode_Zone_State_Mapping.csv),2026-07-14
Nykaa SS(fsn),Nykaa E-Retail Limited.-KL EB2B,Nykaa E-Retail Limited.-KL EB2B,Direct,Mamaearth,Monthly dynamic Cont% (secondary-driven),12,Jun'25–May'26,100.0,100.0,100.0,High,Direct ship-to → single chain (1:1),,,,,,Validated (Cross-Ref),Nykaa E-Retail Limited,Nykaa E-Retail Limited,Keep,exact match on Ship-To Name against Confirmed row in CustomerCode_Zone_State_Mapping.csv (Customer Code 1103990),mtagent pbi audit (cross-ref CustomerCode_Zone_State_Mapping.csv),2026-07-14
Nykaa SS(fsn),Nykaa E-Retail Limited.-KL EB2B,Nykaa E-Retail Limited.-KL EB2B,Direct,The Derma Co.,Monthly dynamic Cont% (secondary-driven),12,Jun'25–May'26,100.0,100.0,100.0,High,Direct ship-to → single chain (1:1),,,,,,Validated (Cross-Ref),Nykaa E-Retail Limited,Nykaa E-Retail Limited,Keep,exact match on Ship-To Name against Confirmed row in CustomerCode_Zone_State_Mapping.csv (Customer Code 1103990),mtagent pbi audit (cross-ref CustomerCode_Zone_State_Mapping.csv),2026-07-14
Nykaa SS(fsn),Nykaa E-Retail Limited.-MP EB2B,Nykaa E-Retail Limited.-MP EB2B,Direct,Aqualogica,Monthly dynamic Cont% (secondary-driven),12,Jun'25–May'26,100.0,100.0,100.0,High,Direct ship-to → single chain (1:1),,,,,,Validated (Cross-Ref),Nykaa E-Retail Limited,Nykaa E-Retail Limited,Keep,exact match on Ship-To Name against Confirmed row in CustomerCode_Zone_State_Mapping.csv (Customer Code 1103987),mtagent pbi audit (cross-ref CustomerCode_Zone_State_Mapping.csv),2026-07-14
Nykaa SS(fsn),Nykaa E-Retail Limited.-MP EB2B,Nykaa E-Retail Limited.-MP EB2B,Direct,BBlunt,Monthly dynamic Cont% (secondary-driven),1,Apr'26–Apr'26,100.0,100.0,100.0,High,Direct ship-to → single chain (1:1),,,,,,Validated (Cross-Ref),Nykaa E-Retail Limited,Nykaa E-Retail Limited,Keep,exact match on Ship-To Name against Confirmed row in CustomerCode_Zone_State_Mapping.csv (Customer Code 1103987),mtagent pbi audit (cross-ref CustomerCode_Zone_State_Mapping.csv),2026-07-14
Nykaa SS(fsn),Nykaa E-Retail Limited.-MP EB2B,Nykaa E-Retail Limited.-MP EB2B,Direct,Dr. Sheth's,Monthly dynamic Cont% (secondary-driven),6,Oct'25–Apr'26,100.0,100.0,100.0,High,Direct ship-to → single chain (1:1),,,,,,Validated (Cross-Ref),Nykaa E-Retail Limited,Nykaa E-Retail Limited,Keep,exact match on Ship-To Name against Confirmed row in CustomerCode_Zone_State_Mapping.csv (Customer Code 1103987),mtagent pbi audit (cross-ref CustomerCode_Zone_State_Mapping.csv),2026-07-14
Nykaa SS(fsn),Nykaa E-Retail Limited.-MP EB2B,Nykaa E-Retail Limited.-MP EB2B,Direct,Mamaearth,Monthly dynamic Cont% (secondary-driven),12,Jun'25–May'26,100.0,100.0,100.0,High,Direct ship-to → single chain (1:1),,,,,,Validated (Cross-Ref),Nykaa E-Retail Limited,Nykaa E-Retail Limited,Keep,exact match on Ship-To Name against Confirmed row in CustomerCode_Zone_State_Mapping.csv (Customer Code 1103987),mtagent pbi audit (cross-ref CustomerCode_Zone_State_Mapping.csv),2026-07-14
Nykaa SS(fsn),Nykaa E-Retail Limited.-MP EB2B,Nykaa E-Retail Limited.-MP EB2B,Direct,The Derma Co.,Monthly dynamic Cont% (secondary-driven),12,Jun'25–May'26,100.0,100.0,100.0,High,Direct ship-to → single chain (1:1),,,,,,Validated (Cross-Ref),Nykaa E-Retail Limited,Nykaa E-Retail Limited,Keep,exact match on Ship-To Name against Confirmed row in CustomerCode_Zone_State_Mapping.csv (Customer Code 1103987),mtagent pbi audit (cross-ref CustomerCode_Zone_State_Mapping.csv),2026-07-14
Nykaa SS(fsn),Nykaa E-Retail Limited.-Mum EB2B,Nykaa E-Retail Limited.-Mum EB2B,Direct,Aqualogica,Monthly dynamic Cont% (secondary-driven),12,Jun'25–May'26,100.0,100.0,100.0,High,Direct ship-to → single chain (1:1),,,,,,Validated (Cross-Ref),Nykaa E-Retail Limited,Nykaa E-Retail Limited,Keep,exact match on Ship-To Name against Confirmed row in CustomerCode_Zone_State_Mapping.csv (Customer Code 1103980),mtagent pbi audit (cross-ref CustomerCode_Zone_State_Mapping.csv),2026-07-14
Nykaa SS(fsn),Nykaa E-Retail Limited.-Mum EB2B,Nykaa E-Retail Limited.-Mum EB2B,Direct,BBlunt,Monthly dynamic Cont% (secondary-driven),3,Jun'25–Aug'25,100.0,100.0,100.0,High,Direct ship-to → single chain (1:1),,,,,,Validated (Cross-Ref),Nykaa E-Retail Limited,Nykaa E-Retail Limited,Keep,exact match on Ship-To Name against Confirmed row in CustomerCode_Zone_State_Mapping.csv (Customer Code 1103980),mtagent pbi audit (cross-ref CustomerCode_Zone_State_Mapping.csv),2026-07-14
Nykaa SS(fsn),Nykaa E-Retail Limited.-Mum EB2B,Nykaa E-Retail Limited.-Mum EB2B,Direct,Dr. Sheth's,Monthly dynamic Cont% (secondary-driven),8,Oct'25–May'26,100.0,100.0,100.0,High,Direct ship-to → single chain (1:1),,,,,,Validated (Cross-Ref),Nykaa E-Retail Limited,Nykaa E-Retail Limited,Keep,exact match on Ship-To Name against Confirmed row in CustomerCode_Zone_State_Mapping.csv (Customer Code 1103980),mtagent pbi audit (cross-ref CustomerCode_Zone_State_Mapping.csv),2026-07-14
Nykaa SS(fsn),Nykaa E-Retail Limited.-Mum EB2B,Nykaa E-Retail Limited.-Mum EB2B,Direct,Mamaearth,Monthly dynamic Cont% (secondary-driven),12,Jun'25–May'26,100.0,100.0,100.0,High,Direct ship-to → single chain (1:1),,,,,,Validated (Cross-Ref),Nykaa E-Retail Limited,Nykaa E-Retail Limited,Keep,exact match on Ship-To Name against Confirmed row in CustomerCode_Zone_State_Mapping.csv (Customer Code 1103980),mtagent pbi audit (cross-ref CustomerCode_Zone_State_Mapping.csv),2026-07-14
Nykaa SS(fsn),Nykaa E-Retail Limited.-Mum EB2B,Nykaa E-Retail Limited.-Mum EB2B,Direct,The Derma Co.,Monthly dynamic Cont% (secondary-driven),12,Jun'25–May'26,100.0,100.0,100.0,High,Direct ship-to → single chain (1:1),,,,,,Validated (Cross-Ref),Nykaa E-Retail Limited,Nykaa E-Retail Limited,Keep,exact match on Ship-To Name against Confirmed row in CustomerCode_Zone_State_Mapping.csv (Customer Code 1103980),mtagent pbi audit (cross-ref CustomerCode_Zone_State_Mapping.csv),2026-07-14
Nykaa SS(fsn),Nykaa E-Retail Limited.-PB EB2B,Nykaa E-Retail Limited.-PB EB2B,Direct,Aqualogica,Monthly dynamic Cont% (secondary-driven),12,Jun'25–May'26,100.0,100.0,100.0,High,Direct ship-to → single chain (1:1),,,,,,Validated (Cross-Ref),Nykaa E-Retail Limited,Nykaa E-Retail Limited,Keep,exact match on Ship-To Name against Confirmed row in CustomerCode_Zone_State_Mapping.csv (Customer Code 1103994),mtagent pbi audit (cross-ref CustomerCode_Zone_State_Mapping.csv),2026-07-14
Nykaa SS(fsn),Nykaa E-Retail Limited.-PB EB2B,Nykaa E-Retail Limited.-PB EB2B,Direct,BBlunt,Monthly dynamic Cont% (secondary-driven),3,Jun'25–Aug'25,100.0,100.0,100.0,High,Direct ship-to → single chain (1:1),,,,,,Validated (Cross-Ref),Nykaa E-Retail Limited,Nykaa E-Retail Limited,Keep,exact match on Ship-To Name against Confirmed row in CustomerCode_Zone_State_Mapping.csv (Customer Code 1103994),mtagent pbi audit (cross-ref CustomerCode_Zone_State_Mapping.csv),2026-07-14
Nykaa SS(fsn),Nykaa E-Retail Limited.-PB EB2B,Nykaa E-Retail Limited.-PB EB2B,Direct,Dr. Sheth's,Monthly dynamic Cont% (secondary-driven),6,Oct'25–Apr'26,100.0,100.0,100.0,High,Direct ship-to → single chain (1:1),,,,,,Validated (Cross-Ref),Nykaa E-Retail Limited,Nykaa E-Retail Limited,Keep,exact match on Ship-To Name against Confirmed row in CustomerCode_Zone_State_Mapping.csv (Customer Code 1103994),mtagent pbi audit (cross-ref CustomerCode_Zone_State_Mapping.csv),2026-07-14
Nykaa SS(fsn),Nykaa E-Retail Limited.-PB EB2B,Nykaa E-Retail Limited.-PB EB2B,Direct,Mamaearth,Monthly dynamic Cont% (secondary-driven),12,Jun'25–May'26,100.0,100.0,100.0,High,Direct ship-to → single chain (1:1),,,,,,Validated (Cross-Ref),Nykaa E-Retail Limited,Nykaa E-Retail Limited,Keep,exact match on Ship-To Name against Confirmed row in CustomerCode_Zone_State_Mapping.csv (Customer Code 1103994),mtagent pbi audit (cross-ref CustomerCode_Zone_State_Mapping.csv),2026-07-14
Nykaa SS(fsn),Nykaa E-Retail Limited.-PB EB2B,Nykaa E-Retail Limited.-PB EB2B,Direct,The Derma Co.,Monthly dynamic Cont% (secondary-driven),12,Jun'25–May'26,100.0,100.0,100.0,High,Direct ship-to → single chain (1:1),,,,,,Validated (Cross-Ref),Nykaa E-Retail Limited,Nykaa E-Retail Limited,Keep,exact match on Ship-To Name against Confirmed row in CustomerCode_Zone_State_Mapping.csv (Customer Code 1103994),mtagent pbi audit (cross-ref CustomerCode_Zone_State_Mapping.csv),2026-07-14
Nykaa SS(fsn),Nykaa E-Retail Limited.-TN EB2B,Nykaa E-Retail Limited.-TN EB2B,Direct,Aqualogica,Monthly dynamic Cont% (secondary-driven),12,Jun'25–May'26,100.0,100.0,100.0,High,Direct ship-to → single chain (1:1),,,,,,Validated (Cross-Ref),Nykaa E-Retail Limited,Nykaa E-Retail Limited,Keep,exact match on Ship-To Name against Confirmed row in CustomerCode_Zone_State_Mapping.csv (Customer Code 1103993),mtagent pbi audit (cross-ref CustomerCode_Zone_State_Mapping.csv),2026-07-14
Nykaa SS(fsn),Nykaa E-Retail Limited.-TN EB2B,Nykaa E-Retail Limited.-TN EB2B,Direct,Dr. Sheth's,Monthly dynamic Cont% (secondary-driven),7,Oct'25–Apr'26,100.0,100.0,100.0,High,Direct ship-to → single chain (1:1),,,,,,Validated (Cross-Ref),Nykaa E-Retail Limited,Nykaa E-Retail Limited,Keep,exact match on Ship-To Name against Confirmed row in CustomerCode_Zone_State_Mapping.csv (Customer Code 1103993),mtagent pbi audit (cross-ref CustomerCode_Zone_State_Mapping.csv),2026-07-14
Nykaa SS(fsn),Nykaa E-Retail Limited.-TN EB2B,Nykaa E-Retail Limited.-TN EB2B,Direct,Mamaearth,Monthly dynamic Cont% (secondary-driven),12,Jun'25–May'26,100.0,100.0,100.0,High,Direct ship-to → single chain (1:1),,,,,,Validated (Cross-Ref),Nykaa E-Retail Limited,Nykaa E-Retail Limited,Keep,exact match on Ship-To Name against Confirmed row in CustomerCode_Zone_State_Mapping.csv (Customer Code 1103993),mtagent pbi audit (cross-ref CustomerCode_Zone_State_Mapping.csv),2026-07-14
Nykaa SS(fsn),Nykaa E-Retail Limited.-TN EB2B,Nykaa E-Retail Limited.-TN EB2B,Direct,The Derma Co.,Monthly dynamic Cont% (secondary-driven),12,Jun'25–May'26,100.0,100.0,100.0,High,Direct ship-to → single chain (1:1),,,,,,Validated (Cross-Ref),Nykaa E-Retail Limited,Nykaa E-Retail Limited,Keep,exact match on Ship-To Name against Confirmed row in CustomerCode_Zone_State_Mapping.csv (Customer Code 1103993),mtagent pbi audit (cross-ref CustomerCode_Zone_State_Mapping.csv),2026-07-14
Nykaa SS(fsn),Nykaa E-Retail Limited.-UP-Hapur EB2B,Nykaa E-Retail Limited.-UP-Hapur EB2B,Direct,Aqualogica,Monthly dynamic Cont% (secondary-driven),11,Jun'25–May'26,100.0,100.0,100.0,High,Direct ship-to → single chain (1:1),,,,,,Validated (Cross-Ref),Nykaa E-Retail Limited,Nykaa E-Retail Limited,Keep,exact match on Ship-To Name against Confirmed row in CustomerCode_Zone_State_Mapping.csv (Customer Code 1103991),mtagent pbi audit (cross-ref CustomerCode_Zone_State_Mapping.csv),2026-07-14
Nykaa SS(fsn),Nykaa E-Retail Limited.-UP-Hapur EB2B,Nykaa E-Retail Limited.-UP-Hapur EB2B,Direct,BBlunt,Monthly dynamic Cont% (secondary-driven),2,Sep'25–Oct'25,100.0,100.0,100.0,High,Direct ship-to → single chain (1:1),,,,,,Validated (Cross-Ref),Nykaa E-Retail Limited,Nykaa E-Retail Limited,Keep,exact match on Ship-To Name against Confirmed row in CustomerCode_Zone_State_Mapping.csv (Customer Code 1103991),mtagent pbi audit (cross-ref CustomerCode_Zone_State_Mapping.csv),2026-07-14
Nykaa SS(fsn),Nykaa E-Retail Limited.-UP-Hapur EB2B,Nykaa E-Retail Limited.-UP-Hapur EB2B,Direct,Dr. Sheth's,Monthly dynamic Cont% (secondary-driven),2,Oct'25–Jan'26,100.0,100.0,100.0,High,Direct ship-to → single chain (1:1),,,,,,Validated (Cross-Ref),Nykaa E-Retail Limited,Nykaa E-Retail Limited,Keep,exact match on Ship-To Name against Confirmed row in CustomerCode_Zone_State_Mapping.csv (Customer Code 1103991),mtagent pbi audit (cross-ref CustomerCode_Zone_State_Mapping.csv),2026-07-14
Nykaa SS(fsn),Nykaa E-Retail Limited.-UP-Hapur EB2B,Nykaa E-Retail Limited.-UP-Hapur EB2B,Direct,Mamaearth,Monthly dynamic Cont% (secondary-driven),12,Jun'25–May'26,100.0,100.0,100.0,High,Direct ship-to → single chain (1:1),,,,,,Validated (Cross-Ref),Nykaa E-Retail Limited,Nykaa E-Retail Limited,Keep,exact match on Ship-To Name against Confirmed row in CustomerCode_Zone_State_Mapping.csv (Customer Code 1103991),mtagent pbi audit (cross-ref CustomerCode_Zone_State_Mapping.csv),2026-07-14
Nykaa SS(fsn),Nykaa E-Retail Limited.-UP-Hapur EB2B,Nykaa E-Retail Limited.-UP-Hapur EB2B,Direct,The Derma Co.,Monthly dynamic Cont% (secondary-driven),12,Jun'25–May'26,100.0,100.0,100.0,High,Direct ship-to → single chain (1:1),,,,,,Validated (Cross-Ref),Nykaa E-Retail Limited,Nykaa E-Retail Limited,Keep,exact match on Ship-To Name against Confirmed row in CustomerCode_Zone_State_Mapping.csv (Customer Code 1103991),mtagent pbi audit (cross-ref CustomerCode_Zone_State_Mapping.csv),2026-07-14
Nykaa SS(fsn),Nykaa E-Retail Limited.-UP-LKW EB2B,Nykaa E-Retail Limited.-UP-LKW EB2B,Direct,Aqualogica,Monthly dynamic Cont% (secondary-driven),11,Jun'25–May'26,100.0,100.0,100.0,High,Direct ship-to → single chain (1:1),,,,,,Validated (Cross-Ref),Nykaa E-Retail Limited,Nykaa E-Retail Limited,Keep,exact match on Ship-To Name against Confirmed row in CustomerCode_Zone_State_Mapping.csv (Customer Code 1103984),mtagent pbi audit (cross-ref CustomerCode_Zone_State_Mapping.csv),2026-07-14
Nykaa SS(fsn),Nykaa E-Retail Limited.-UP-LKW EB2B,Nykaa E-Retail Limited.-UP-LKW EB2B,Direct,BBlunt,Monthly dynamic Cont% (secondary-driven),1,May'26–May'26,100.0,100.0,100.0,High,Direct ship-to → single chain (1:1),,,,,,Validated (Cross-Ref),Nykaa E-Retail Limited,Nykaa E-Retail Limited,Keep,exact match on Ship-To Name against Confirmed row in CustomerCode_Zone_State_Mapping.csv (Customer Code 1103984),mtagent pbi audit (cross-ref CustomerCode_Zone_State_Mapping.csv),2026-07-14
Nykaa SS(fsn),Nykaa E-Retail Limited.-UP-LKW EB2B,Nykaa E-Retail Limited.-UP-LKW EB2B,Direct,Dr. Sheth's,Monthly dynamic Cont% (secondary-driven),4,Oct'25–Apr'26,100.0,100.0,100.0,High,Direct ship-to → single chain (1:1),,,,,,Validated (Cross-Ref),Nykaa E-Retail Limited,Nykaa E-Retail Limited,Keep,exact match on Ship-To Name against Confirmed row in CustomerCode_Zone_State_Mapping.csv (Customer Code 1103984),mtagent pbi audit (cross-ref CustomerCode_Zone_State_Mapping.csv),2026-07-14
Nykaa SS(fsn),Nykaa E-Retail Limited.-UP-LKW EB2B,Nykaa E-Retail Limited.-UP-LKW EB2B,Direct,Mamaearth,Monthly dynamic Cont% (secondary-driven),12,Jun'25–May'26,100.0,100.0,100.0,High,Direct ship-to → single chain (1:1),,,,,,Validated (Cross-Ref),Nykaa E-Retail Limited,Nykaa E-Retail Limited,Keep,exact match on Ship-To Name against Confirmed row in CustomerCode_Zone_State_Mapping.csv (Customer Code 1103984),mtagent pbi audit (cross-ref CustomerCode_Zone_State_Mapping.csv),2026-07-14
Nykaa SS(fsn),Nykaa E-Retail Limited.-UP-LKW EB2B,Nykaa E-Retail Limited.-UP-LKW EB2B,Direct,The Derma Co.,Monthly dynamic Cont% (secondary-driven),12,Jun'25–May'26,100.0,100.0,100.0,High,Direct ship-to → single chain (1:1),,,,,,Validated (Cross-Ref),Nykaa E-Retail Limited,Nykaa E-Retail Limited,Keep,exact match on Ship-To Name against Confirmed row in CustomerCode_Zone_State_Mapping.csv (Customer Code 1103984),mtagent pbi audit (cross-ref CustomerCode_Zone_State_Mapping.csv),2026-07-14
Pothys,G.V Enterprises,G.V Enterprises,Dist.,Aqualogica,Monthly dynamic Cont% (secondary-driven),2,May'25–Jun'25,5.26,5.0,5.52,Medium,Multi-chain distributor; split by secondary Cont% — validate (4 chains),,Y,Y,,,Validated (Cross-Ref),G.V Enterprises,G.V Enterprises,Keep,fuzzy match on Ship-To Name against Confirmed row in CustomerCode_Zone_State_Mapping.csv (Customer Code 1101211),mtagent pbi audit (cross-ref CustomerCode_Zone_State_Mapping.csv),2026-07-14
Pothys,G.V Enterprises,G.V Enterprises,Dist.,BBlunt,Monthly dynamic Cont% (secondary-driven),2,May'25–Aug'25,100.0,100.0,100.0,Medium,Multi-chain distributor; split by secondary Cont% — validate (4 chains),,Y,Y,,,Validated (Cross-Ref),G.V Enterprises,G.V Enterprises,Keep,fuzzy match on Ship-To Name against Confirmed row in CustomerCode_Zone_State_Mapping.csv (Customer Code 1101211),mtagent pbi audit (cross-ref CustomerCode_Zone_State_Mapping.csv),2026-07-14
Pothys,G.V Enterprises,G.V Enterprises,Dist.,Mamaearth,Monthly dynamic Cont% (secondary-driven),3,Apr'25–Jun'25,4.5,2.61,6.0,Medium,Multi-chain distributor; split by secondary Cont% — validate (4 chains),,Y,Y,,,Validated (Cross-Ref),G.V Enterprises,G.V Enterprises,Keep,fuzzy match on Ship-To Name against Confirmed row in CustomerCode_Zone_State_Mapping.csv (Customer Code 1101211),mtagent pbi audit (cross-ref CustomerCode_Zone_State_Mapping.csv),2026-07-14
Pothys,G.V Enterprises,G.V Enterprises,Dist.,The Derma Co.,Monthly dynamic Cont% (secondary-driven),3,Apr'25–Jun'25,4.42,0.33,7.11,Medium,Multi-chain distributor; split by secondary Cont% — validate (4 chains),,Y,Y,,,Validated (Cross-Ref),G.V Enterprises,G.V Enterprises,Keep,fuzzy match on Ship-To Name against Confirmed row in CustomerCode_Zone_State_Mapping.csv (Customer Code 1101211),mtagent pbi audit (cross-ref CustomerCode_Zone_State_Mapping.csv),2026-07-14
Pothys,S M AGENCIES_MT,S M AGENCIES,Dist.,Mamaearth,Monthly dynamic Cont% (secondary-driven),1,Feb'26–Feb'26,100.0,100.0,100.0,High,Distributor serving a single chain,,,,,,Validated (Cross-Ref),S M AGENCIES-MT,S M AGENCIES-MT,Keep,fuzzy match on Ship-To Name against Confirmed row in CustomerCode_Zone_State_Mapping.csv (Customer Code 1101506),mtagent pbi audit (cross-ref CustomerCode_Zone_State_Mapping.csv),2026-07-14
Pothys,Sri Lalitha Enterprises,Sri Lalitha Enterprises,Dist.,BBlunt,Monthly dynamic Cont% (secondary-driven),1,Feb'26–Feb'26,100.0,100.0,100.0,Medium,Multi-chain distributor; split by secondary Cont% — validate (3 chains),,Y,Y,,,Validated (Cross-Ref),Sri Lalitha Enterprises,Sri Lalitha Enterprises,Keep,fuzzy match on Ship-To Name against Confirmed row in CustomerCode_Zone_State_Mapping.csv (Customer Code 1103183),mtagent pbi audit (cross-ref CustomerCode_Zone_State_Mapping.csv),2026-07-14
Pothys,Sri Lalitha Enterprises,Sri Lalitha Enterprises,Dist.,Mamaearth,Monthly dynamic Cont% (secondary-driven),4,Apr'25–Feb'26,44.9,16.05,100.0,Medium,Multi-chain distributor; split by secondary Cont% — validate (3 chains),,Y,Y,,,Validated (Cross-Ref),Sri Lalitha Enterprises,Sri Lalitha Enterprises,Keep,fuzzy match on Ship-To Name against Confirmed row in CustomerCode_Zone_State_Mapping.csv (Customer Code 1103183),mtagent pbi audit (cross-ref CustomerCode_Zone_State_Mapping.csv),2026-07-14
RMT-Sancus,Sancus Networks Private Limited-RMT,Sancus Networks Private Limited,Dist.,Aqualogica,Monthly dynamic Cont% (secondary-driven),14,Apr'25–May'26,99.53,93.46,100.0,Medium,Multi-chain distributor; split by secondary Cont% — validate (5 chains),,Y,Y,,,Pending,,,Needs Check,,,
RMT-Sancus,Sancus Networks Private Limited-RMT,Sancus Networks Private Limited,Dist.,BBlunt,Monthly dynamic Cont% (secondary-driven),9,Apr'25–Apr'26,100.0,100.0,100.0,Medium,Multi-chain distributor; split by secondary Cont% — validate (5 chains),,Y,Y,,,Pending,,,Needs Check,,,
RMT-Sancus,Sancus Networks Private Limited-RMT,Sancus Networks Private Limited,Dist.,Mamaearth,Monthly dynamic Cont% (secondary-driven),14,Apr'25–May'26,71.38,29.75,100.0,Medium,Multi-chain distributor; split by secondary Cont% — validate (5 chains),,Y,Y,,,Pending,,,Needs Check,,,
RMT-Sancus,Sancus Networks Private Limited-RMT,Sancus Networks Private Limited,Dist.,The Derma Co.,Monthly dynamic Cont% (secondary-driven),14,Apr'25–May'26,75.41,8.54,100.0,Medium,Multi-chain distributor; split by secondary Cont% — validate (5 chains),,Y,Y,,,Pending,,,Needs Check,,,
Ratnadeep,VENKATESHWARA AGENCIES-TG,VENKATESHWARA AGENCIES,Dist.,Mamaearth,Monthly dynamic Cont% (secondary-driven),6,Dec'25–May'26,11.52,1.2,26.51,Medium,Multi-chain distributor; split by secondary Cont% — validate (8 chains),,Y,Y,,,Validated (Cross-Ref),VENKATESHWARA AGENCIES-TG,VENKATESHWARA AGENCIES-TG,Keep,exact match on Ship-To Name against Confirmed row in CustomerCode_Zone_State_Mapping.csv (Customer Code 1104539),mtagent pbi audit (cross-ref CustomerCode_Zone_State_Mapping.csv),2026-07-14
Ratnadeep,Vanaja Agencies_Mt,Vanaja Agencies,Dist.,Mamaearth,Monthly dynamic Cont% (secondary-driven),6,Apr'25–Dec'25,10.32,7.56,14.57,Medium,Multi-chain distributor; split by secondary Cont% — validate (9 chains),,Y,Y,,,Validated (Cross-Ref),Vanaja Agencies-MT,Vanaja Agencies-MT,Keep,exact match on Ship-To Name against Confirmed row in CustomerCode_Zone_State_Mapping.csv (Customer Code 1100998),mtagent pbi audit (cross-ref CustomerCode_Zone_State_Mapping.csv),2026-07-14
Relay,Travel Retail Services Pvt Ltd- GOA_Ship,Travel Retail Services Pvt Ltd- GOA_Ship,Direct,Mamaearth,Monthly dynamic Cont% (secondary-driven),1,Aug'25–Aug'25,100.0,100.0,100.0,High,Direct ship-to → single chain (1:1),,,,,,Validated (High-Confidence Auto),Relay,Travel Retail Services Pvt Ltd- GOA_Ship,Keep,no Confirmed cross-reference found; auto-accepted as a direct 1:1 ship-to->chain mapping (High confidence per the file's own methodology),mtagent pbi audit (cross-ref CustomerCode_Zone_State_Mapping.csv),2026-07-14
Relay,Travel Retail Services Pvt Ltd- GOA_Ship,Travel Retail Services Pvt Ltd- GOA_Ship,Direct,The Derma Co.,Monthly dynamic Cont% (secondary-driven),1,Aug'25–Aug'25,100.0,100.0,100.0,High,Direct ship-to → single chain (1:1),,,,,,Validated (High-Confidence Auto),Relay,Travel Retail Services Pvt Ltd- GOA_Ship,Keep,no Confirmed cross-reference found; auto-accepted as a direct 1:1 ship-to->chain mapping (High confidence per the file's own methodology),mtagent pbi audit (cross-ref CustomerCode_Zone_State_Mapping.csv),2026-07-14
Relay,Travel Retail Services Pvt Ltd_Blr,Travel Retail Services Pvt Ltd_Blr,Direct,Mamaearth,Monthly dynamic Cont% (secondary-driven),4,May'25–Sep'25,100.0,100.0,100.0,High,Direct ship-to → single chain (1:1),,,,,,Validated (Cross-Ref),Travel Retail Services-Relay,Travel Retail Services-Relay,Keep,exact match on Ship-To Name against Confirmed row in CustomerCode_Zone_State_Mapping.csv (Customer Code 1101194),mtagent pbi audit (cross-ref CustomerCode_Zone_State_Mapping.csv),2026-07-14
Relay,Travel Retail Services Pvt Ltd_Blr,Travel Retail Services Pvt Ltd_Blr,Direct,The Derma Co.,Monthly dynamic Cont% (secondary-driven),4,May'25–Sep'25,100.0,100.0,100.0,High,Direct ship-to → single chain (1:1),,,,,,Validated (Cross-Ref),Travel Retail Services-Relay,Travel Retail Services-Relay,Keep,exact match on Ship-To Name against Confirmed row in CustomerCode_Zone_State_Mapping.csv (Customer Code 1101194),mtagent pbi audit (cross-ref CustomerCode_Zone_State_Mapping.csv),2026-07-14
Relay,Travel Retail Services Pvt Ltd_Del,Travel Retail Services Pvt Ltd_Del,Direct,Mamaearth,Monthly dynamic Cont% (secondary-driven),1,Aug'25–Aug'25,100.0,100.0,100.0,High,Direct ship-to → single chain (1:1),,,,,,Validated (Cross-Ref),Travel Retail Services-Relay,Travel Retail Services-Relay,Keep,exact match on Ship-To Name against Confirmed row in CustomerCode_Zone_State_Mapping.csv (Customer Code 1101193),mtagent pbi audit (cross-ref CustomerCode_Zone_State_Mapping.csv),2026-07-14
Relay,Travel Retail Services Pvt Ltd_Del,Travel Retail Services Pvt Ltd_Del,Direct,The Derma Co.,Monthly dynamic Cont% (secondary-driven),1,Aug'25–Aug'25,100.0,100.0,100.0,High,Direct ship-to → single chain (1:1),,,,,,Validated (Cross-Ref),Travel Retail Services-Relay,Travel Retail Services-Relay,Keep,exact match on Ship-To Name against Confirmed row in CustomerCode_Zone_State_Mapping.csv (Customer Code 1101193),mtagent pbi audit (cross-ref CustomerCode_Zone_State_Mapping.csv),2026-07-14
Relay,Travel Retail Services Pvt Ltd_Hyd,Travel Retail Services Pvt Ltd_Hyd,Direct,Mamaearth,Monthly dynamic Cont% (secondary-driven),1,Apr'26–Apr'26,100.0,100.0,100.0,High,Direct ship-to → single chain (1:1),,,,,,Validated (High-Confidence Auto),Relay,Travel Retail Services Pvt Ltd_Hyd,Keep,no Confirmed cross-reference found; auto-accepted as a direct 1:1 ship-to->chain mapping (High confidence per the file's own methodology),mtagent pbi audit (cross-ref CustomerCode_Zone_State_Mapping.csv),2026-07-14
Relay,Travel Retail Services Pvt Ltd_Hyd,Travel Retail Services Pvt Ltd_Hyd,Direct,The Derma Co.,Monthly dynamic Cont% (secondary-driven),1,Apr'26–Apr'26,100.0,100.0,100.0,High,Direct ship-to → single chain (1:1),,,,,,Validated (High-Confidence Auto),Relay,Travel Retail Services Pvt Ltd_Hyd,Keep,no Confirmed cross-reference found; auto-accepted as a direct 1:1 ship-to->chain mapping (High confidence per the file's own methodology),mtagent pbi audit (cross-ref CustomerCode_Zone_State_Mapping.csv),2026-07-14
Reliance Retail,BALAJI ASSOCIATES Distributor MT,BALAJI ASSOCIATES Distributor MT,Dist.,Aqualogica,Monthly dynamic Cont% (secondary-driven),11,Apr'25–Apr'26,100.0,100.0,100.0,Medium,Multi-chain distributor; split by secondary Cont% — validate (3 chains),,Y,Y,,,Validated (Cross-Ref),Balaji Associates Distributor MT,Balaji Associates Distributor MT,Keep,exact match on Ship-To Name against Confirmed row in CustomerCode_Zone_State_Mapping.csv (Customer Code 1103031),mtagent pbi audit (cross-ref CustomerCode_Zone_State_Mapping.csv),2026-07-14
Reliance Retail,BALAJI ASSOCIATES Distributor MT,BALAJI ASSOCIATES Distributor MT,Dist.,BBlunt,Monthly dynamic Cont% (secondary-driven),9,Apr'25–Mar'26,100.0,100.0,100.0,Medium,Multi-chain distributor; split by secondary Cont% — validate (3 chains),,Y,Y,,,Validated (Cross-Ref),Balaji Associates Distributor MT,Balaji Associates Distributor MT,Keep,exact match on Ship-To Name against Confirmed row in CustomerCode_Zone_State_Mapping.csv (Customer Code 1103031),mtagent pbi audit (cross-ref CustomerCode_Zone_State_Mapping.csv),2026-07-14
Reliance Retail,BALAJI ASSOCIATES Distributor MT,BALAJI ASSOCIATES Distributor MT,Dist.,Mamaearth,Monthly dynamic Cont% (secondary-driven),13,Apr'25–May'26,68.21,4.3,100.0,Medium,Multi-chain distributor; split by secondary Cont% — validate (3 chains),,Y,Y,,,Validated (Cross-Ref),Balaji Associates Distributor MT,Balaji Associates Distributor MT,Keep,exact match on Ship-To Name against Confirmed row in CustomerCode_Zone_State_Mapping.csv (Customer Code 1103031),mtagent pbi audit (cross-ref CustomerCode_Zone_State_Mapping.csv),2026-07-14
Reliance Retail,BALAJI ASSOCIATES Distributor MT,BALAJI ASSOCIATES Distributor MT,Dist.,The Derma Co.,Monthly dynamic Cont% (secondary-driven),12,Apr'25–Apr'26,91.15,14.7,100.0,Medium,Multi-chain distributor; split by secondary Cont% — validate (3 chains),,Y,Y,,,Validated (Cross-Ref),Balaji Associates Distributor MT,Balaji Associates Distributor MT,Keep,exact match on Ship-To Name against Confirmed row in CustomerCode_Zone_State_Mapping.csv (Customer Code 1103031),mtagent pbi audit (cross-ref CustomerCode_Zone_State_Mapping.csv),2026-07-14
Reliance Retail,D.L. Sales - MT,D.L. Sales,Dist.,Mamaearth,Monthly dynamic Cont% (secondary-driven),1,Sep'25–Sep'25,0.01,0.01,0.01,Medium,Multi-chain distributor; split by secondary Cont% — validate (13 chains),,Y,Y,,,Validated (Cross-Ref),D.L. Sales - MT,D.L. Sales - MT,Keep,fuzzy match on Ship-To Name against Confirmed row in CustomerCode_Zone_State_Mapping.csv (Customer Code 1102945),mtagent pbi audit (cross-ref CustomerCode_Zone_State_Mapping.csv),2026-07-14
Reliance Retail,RELIANCE RETAIL LIMITED-Badli,RELIANCE RETAIL LIMITED-Badli,Direct,Aqualogica,Monthly dynamic Cont% (secondary-driven),8,Apr'25–May'26,100.0,100.0,100.0,High,Direct ship-to → single chain (1:1),,,,,,Validated (High-Confidence Auto),Reliance Retail,RELIANCE RETAIL LIMITED-Badli,Keep,no Confirmed cross-reference found; auto-accepted as a direct 1:1 ship-to->chain mapping (High confidence per the file's own methodology),mtagent pbi audit (cross-ref CustomerCode_Zone_State_Mapping.csv),2026-07-14
Reliance Retail,RELIANCE RETAIL LIMITED-Badli,RELIANCE RETAIL LIMITED-Badli,Direct,Mamaearth,Monthly dynamic Cont% (secondary-driven),14,Apr'25–May'26,100.0,100.0,100.0,High,Direct ship-to → single chain (1:1),,,,,,Validated (High-Confidence Auto),Reliance Retail,RELIANCE RETAIL LIMITED-Badli,Keep,no Confirmed cross-reference found; auto-accepted as a direct 1:1 ship-to->chain mapping (High confidence per the file's own methodology),mtagent pbi audit (cross-ref CustomerCode_Zone_State_Mapping.csv),2026-07-14
Reliance Retail,RELIANCE RETAIL LIMITED-Badli,RELIANCE RETAIL LIMITED-Badli,Direct,Pure Origin,Monthly dynamic Cont% (secondary-driven),2,Apr'25–May'25,100.0,100.0,100.0,High,Direct ship-to → single chain (1:1),,,,,,Validated (High-Confidence Auto),Reliance Retail,RELIANCE RETAIL LIMITED-Badli,Keep,no Confirmed cross-reference found; auto-accepted as a direct 1:1 ship-to->chain mapping (High confidence per the file's own methodology),mtagent pbi audit (cross-ref CustomerCode_Zone_State_Mapping.csv),2026-07-14
Reliance Retail,RELIANCE RETAIL LIMITED-Badli,RELIANCE RETAIL LIMITED-Badli,Direct,The Derma Co.,Monthly dynamic Cont% (secondary-driven),9,Apr'25–May'26,100.0,100.0,100.0,High,Direct ship-to → single chain (1:1),,,,,,Validated (High-Confidence Auto),Reliance Retail,RELIANCE RETAIL LIMITED-Badli,Keep,no Confirmed cross-reference found; auto-accepted as a direct 1:1 ship-to->chain mapping (High confidence per the file's own methodology),mtagent pbi audit (cross-ref CustomerCode_Zone_State_Mapping.csv),2026-07-14
Reliance Retail,RELIANCE RETAIL LIMITED-FREC,RELIANCE RETAIL LIMITED-FREC,Direct,Aqualogica,Monthly dynamic Cont% (secondary-driven),11,Apr'25–May'26,100.0,100.0,100.0,High,Direct ship-to → single chain (1:1),,,,,,Validated (High-Confidence Auto),Reliance Retail,RELIANCE RETAIL LIMITED-FREC,Keep,no Confirmed cross-reference found; auto-accepted as a direct 1:1 ship-to->chain mapping (High confidence per the file's own methodology),mtagent pbi audit (cross-ref CustomerCode_Zone_State_Mapping.csv),2026-07-14
Reliance Retail,RELIANCE RETAIL LIMITED-FREC,RELIANCE RETAIL LIMITED-FREC,Direct,BBlunt,Monthly dynamic Cont% (secondary-driven),4,Nov'25–May'26,100.0,100.0,100.0,High,Direct ship-to → single chain (1:1),,,,,,Validated (High-Confidence Auto),Reliance Retail,RELIANCE RETAIL LIMITED-FREC,Keep,no Confirmed cross-reference found; auto-accepted as a direct 1:1 ship-to->chain mapping (High confidence per the file's own methodology),mtagent pbi audit (cross-ref CustomerCode_Zone_State_Mapping.csv),2026-07-14
Reliance Retail,RELIANCE RETAIL LIMITED-FREC,RELIANCE RETAIL LIMITED-FREC,Direct,Mamaearth,Monthly dynamic Cont% (secondary-driven),14,Apr'25–May'26,100.0,100.0,100.0,High,Direct ship-to → single chain (1:1),,,,,,Validated (High-Confidence Auto),Reliance Retail,RELIANCE RETAIL LIMITED-FREC,Keep,no Confirmed cross-reference found; auto-accepted as a direct 1:1 ship-to->chain mapping (High confidence per the file's own methodology),mtagent pbi audit (cross-ref CustomerCode_Zone_State_Mapping.csv),2026-07-14
Reliance Retail,RELIANCE RETAIL LIMITED-FREC,RELIANCE RETAIL LIMITED-FREC,Direct,The Derma Co.,Monthly dynamic Cont% (secondary-driven),8,Apr'25–May'26,100.0,100.0,100.0,High,Direct ship-to → single chain (1:1),,,,,,Validated (High-Confidence Auto),Reliance Retail,RELIANCE RETAIL LIMITED-FREC,Keep,no Confirmed cross-reference found; auto-accepted as a direct 1:1 ship-to->chain mapping (High confidence per the file's own methodology),mtagent pbi audit (cross-ref CustomerCode_Zone_State_Mapping.csv),2026-07-14
Reliance Retail,RELIANCE RETAIL LIMITED-FREF,RELIANCE RETAIL LIMITED-FREF,Direct,Aqualogica,Monthly dynamic Cont% (secondary-driven),5,Apr'25–May'26,100.0,100.0,100.0,High,Direct ship-to → single chain (1:1),,,,,,Validated (High-Confidence Auto),Reliance Retail,RELIANCE RETAIL LIMITED-FREF,Keep,no Confirmed cross-reference found; auto-accepted as a direct 1:1 ship-to->chain mapping (High confidence per the file's own methodology),mtagent pbi audit (cross-ref CustomerCode_Zone_State_Mapping.csv),2026-07-14
Reliance Retail,RELIANCE RETAIL LIMITED-FREF,RELIANCE RETAIL LIMITED-FREF,Direct,BBlunt,Monthly dynamic Cont% (secondary-driven),2,Jan'26–Feb'26,100.0,100.0,100.0,High,Direct ship-to → single chain (1:1),,,,,,Validated (High-Confidence Auto),Reliance Retail,RELIANCE RETAIL LIMITED-FREF,Keep,no Confirmed cross-reference found; auto-accepted as a direct 1:1 ship-to->chain mapping (High confidence per the file's own methodology),mtagent pbi audit (cross-ref CustomerCode_Zone_State_Mapping.csv),2026-07-14
Reliance Retail,RELIANCE RETAIL LIMITED-FREF,RELIANCE RETAIL LIMITED-FREF,Direct,Mamaearth,Monthly dynamic Cont% (secondary-driven),14,Apr'25–May'26,100.0,100.0,100.0,High,Direct ship-to → single chain (1:1),,,,,,Validated (High-Confidence Auto),Reliance Retail,RELIANCE RETAIL LIMITED-FREF,Keep,no Confirmed cross-reference found; auto-accepted as a direct 1:1 ship-to->chain mapping (High confidence per the file's own methodology),mtagent pbi audit (cross-ref CustomerCode_Zone_State_Mapping.csv),2026-07-14
Reliance Retail,RELIANCE RETAIL LIMITED-FREF,RELIANCE RETAIL LIMITED-FREF,Direct,The Derma Co.,Monthly dynamic Cont% (secondary-driven),6,Apr'25–May'26,100.0,100.0,100.0,High,Direct ship-to → single chain (1:1),,,,,,Validated (High-Confidence Auto),Reliance Retail,RELIANCE RETAIL LIMITED-FREF,Keep,no Confirmed cross-reference found; auto-accepted as a direct 1:1 ship-to->chain mapping (High confidence per the file's own methodology),mtagent pbi audit (cross-ref CustomerCode_Zone_State_Mapping.csv),2026-07-14
Reliance Retail,RELIANCE RETAIL LIMITED-FREI,RELIANCE RETAIL LIMITED-FREI,Direct,Aqualogica,Monthly dynamic Cont% (secondary-driven),5,Nov'25–May'26,100.0,100.0,100.0,High,Direct ship-to → single chain (1:1),,,,,,Validated (High-Confidence Auto),Reliance Retail,RELIANCE RETAIL LIMITED-FREI,Keep,no Confirmed cross-reference found; auto-accepted as a direct 1:1 ship-to->chain mapping (High confidence per the file's own methodology),mtagent pbi audit (cross-ref CustomerCode_Zone_State_Mapping.csv),2026-07-14
Reliance Retail,RELIANCE RETAIL LIMITED-FREI,RELIANCE RETAIL LIMITED-FREI,Direct,Mamaearth,Monthly dynamic Cont% (secondary-driven),11,Apr'25–May'26,100.0,100.0,100.0,High,Direct ship-to → single chain (1:1),,,,,,Validated (High-Confidence Auto),Reliance Retail,RELIANCE RETAIL LIMITED-FREI,Keep,no Confirmed cross-reference found; auto-accepted as a direct 1:1 ship-to->chain mapping (High confidence per the file's own methodology),mtagent pbi audit (cross-ref CustomerCode_Zone_State_Mapping.csv),2026-07-14
Reliance Retail,RELIANCE RETAIL LIMITED-FREI,RELIANCE RETAIL LIMITED-FREI,Direct,Pure Origin,Monthly dynamic Cont% (secondary-driven),2,Apr'25–May'25,100.0,100.0,100.0,High,Direct ship-to → single chain (1:1),,,,,,Validated (High-Confidence Auto),Reliance Retail,RELIANCE RETAIL LIMITED-FREI,Keep,no Confirmed cross-reference found; auto-accepted as a direct 1:1 ship-to->chain mapping (High confidence per the file's own methodology),mtagent pbi audit (cross-ref CustomerCode_Zone_State_Mapping.csv),2026-07-14
Reliance Retail,RELIANCE RETAIL LIMITED-FREI,RELIANCE RETAIL LIMITED-FREI,Direct,The Derma Co.,Monthly dynamic Cont% (secondary-driven),6,Nov'25–May'26,100.0,100.0,100.0,High,Direct ship-to → single chain (1:1),,,,,,Validated (High-Confidence Auto),Reliance Retail,RELIANCE RETAIL LIMITED-FREI,Keep,no Confirmed cross-reference found; auto-accepted as a direct 1:1 ship-to->chain mapping (High confidence per the file's own methodology),mtagent pbi audit (cross-ref CustomerCode_Zone_State_Mapping.csv),2026-07-14
Reliance Retail,RELIANCE RETAIL LIMITED-SF92,RELIANCE RETAIL LIMITED-SF92,Direct,Aqualogica,Monthly dynamic Cont% (secondary-driven),10,Apr'25–May'26,100.0,100.0,100.0,High,Direct ship-to → single chain (1:1),,,,,,Validated (High-Confidence Auto),Reliance Retail,RELIANCE RETAIL LIMITED-SF92,Keep,no Confirmed cross-reference found; auto-accepted as a direct 1:1 ship-to->chain mapping (High confidence per the file's own methodology),mtagent pbi audit (cross-ref CustomerCode_Zone_State_Mapping.csv),2026-07-14
Reliance Retail,RELIANCE RETAIL LIMITED-SF92,RELIANCE RETAIL LIMITED-SF92,Direct,Mamaearth,Monthly dynamic Cont% (secondary-driven),14,Apr'25–May'26,100.0,100.0,100.0,High,Direct ship-to → single chain (1:1),,,,,,Validated (High-Confidence Auto),Reliance Retail,RELIANCE RETAIL LIMITED-SF92,Keep,no Confirmed cross-reference found; auto-accepted as a direct 1:1 ship-to->chain mapping (High confidence per the file's own methodology),mtagent pbi audit (cross-ref CustomerCode_Zone_State_Mapping.csv),2026-07-14
Reliance Retail,RELIANCE RETAIL LIMITED-SF92,RELIANCE RETAIL LIMITED-SF92,Direct,Pure Origin,Monthly dynamic Cont% (secondary-driven),4,Apr'25–May'26,100.0,100.0,100.0,High,Direct ship-to → single chain (1:1),,,,,,Validated (High-Confidence Auto),Reliance Retail,RELIANCE RETAIL LIMITED-SF92,Keep,no Confirmed cross-reference found; auto-accepted as a direct 1:1 ship-to->chain mapping (High confidence per the file's own methodology),mtagent pbi audit (cross-ref CustomerCode_Zone_State_Mapping.csv),2026-07-14
Reliance Retail,RELIANCE RETAIL LIMITED-SF92,RELIANCE RETAIL LIMITED-SF92,Direct,The Derma Co.,Monthly dynamic Cont% (secondary-driven),9,Apr'25–May'26,100.0,100.0,100.0,High,Direct ship-to → single chain (1:1),,,,,,Validated (High-Confidence Auto),Reliance Retail,RELIANCE RETAIL LIMITED-SF92,Keep,no Confirmed cross-reference found; auto-accepted as a direct 1:1 ship-to->chain mapping (High confidence per the file's own methodology),mtagent pbi audit (cross-ref CustomerCode_Zone_State_Mapping.csv),2026-07-14
Reliance Retail,RELIANCE RETAIL LIMITED-SH65,RELIANCE RETAIL LIMITED-SH65,Direct,Aqualogica,Monthly dynamic Cont% (secondary-driven),13,Apr'25–May'26,100.0,100.0,100.0,High,Direct ship-to → single chain (1:1),,,,,,Validated (High-Confidence Auto),Reliance Retail,RELIANCE RETAIL LIMITED-SH65,Keep,no Confirmed cross-reference found; auto-accepted as a direct 1:1 ship-to->chain mapping (High confidence per the file's own methodology),mtagent pbi audit (cross-ref CustomerCode_Zone_State_Mapping.csv),2026-07-14
Reliance Retail,RELIANCE RETAIL LIMITED-SH65,RELIANCE RETAIL LIMITED-SH65,Direct,Mamaearth,Monthly dynamic Cont% (secondary-driven),14,Apr'25–May'26,100.0,100.0,100.0,High,Direct ship-to → single chain (1:1),,,,,,Validated (High-Confidence Auto),Reliance Retail,RELIANCE RETAIL LIMITED-SH65,Keep,no Confirmed cross-reference found; auto-accepted as a direct 1:1 ship-to->chain mapping (High confidence per the file's own methodology),mtagent pbi audit (cross-ref CustomerCode_Zone_State_Mapping.csv),2026-07-14
Reliance Retail,RELIANCE RETAIL LIMITED-SH65,RELIANCE RETAIL LIMITED-SH65,Direct,The Derma Co.,Monthly dynamic Cont% (secondary-driven),13,Apr'25–May'26,100.0,100.0,100.0,High,Direct ship-to → single chain (1:1),,,,,,Validated (High-Confidence Auto),Reliance Retail,RELIANCE RETAIL LIMITED-SH65,Keep,no Confirmed cross-reference found; auto-accepted as a direct 1:1 ship-to->chain mapping (High confidence per the file's own methodology),mtagent pbi audit (cross-ref CustomerCode_Zone_State_Mapping.csv),2026-07-14
Reliance Retail,RELIANCE RETAIL LIMITED-SH69,RELIANCE RETAIL LIMITED-SH69,Direct,Aqualogica,Monthly dynamic Cont% (secondary-driven),9,Apr'25–May'26,100.0,100.0,100.0,High,Direct ship-to → single chain (1:1),,,,,,Validated (High-Confidence Auto),Reliance Retail,RELIANCE RETAIL LIMITED-SH69,Keep,no Confirmed cross-reference found; auto-accepted as a direct 1:1 ship-to->chain mapping (High confidence per the file's own methodology),mtagent pbi audit (cross-ref CustomerCode_Zone_State_Mapping.csv),2026-07-14
Reliance Retail,RELIANCE RETAIL LIMITED-SH69,RELIANCE RETAIL LIMITED-SH69,Direct,Mamaearth,Monthly dynamic Cont% (secondary-driven),14,Apr'25–May'26,100.0,100.0,100.0,High,Direct ship-to → single chain (1:1),,,,,,Validated (High-Confidence Auto),Reliance Retail,RELIANCE RETAIL LIMITED-SH69,Keep,no Confirmed cross-reference found; auto-accepted as a direct 1:1 ship-to->chain mapping (High confidence per the file's own methodology),mtagent pbi audit (cross-ref CustomerCode_Zone_State_Mapping.csv),2026-07-14
Reliance Retail,RELIANCE RETAIL LIMITED-SH69,RELIANCE RETAIL LIMITED-SH69,Direct,The Derma Co.,Monthly dynamic Cont% (secondary-driven),12,Apr'25–May'26,100.0,100.0,100.0,High,Direct ship-to → single chain (1:1),,,,,,Validated (High-Confidence Auto),Reliance Retail,RELIANCE RETAIL LIMITED-SH69,Keep,no Confirmed cross-reference found; auto-accepted as a direct 1:1 ship-to->chain mapping (High confidence per the file's own methodology),mtagent pbi audit (cross-ref CustomerCode_Zone_State_Mapping.csv),2026-07-14
Reliance Retail,RELIANCE RETAIL LIMITED-SH71,RELIANCE RETAIL LIMITED-SH71,Direct,Aqualogica,Monthly dynamic Cont% (secondary-driven),11,Apr'25–May'26,100.0,100.0,100.0,High,Direct ship-to → single chain (1:1),,,,,,Validated (High-Confidence Auto),Reliance Retail,RELIANCE RETAIL LIMITED-SH71,Keep,no Confirmed cross-reference found; auto-accepted as a direct 1:1 ship-to->chain mapping (High confidence per the file's own methodology),mtagent pbi audit (cross-ref CustomerCode_Zone_State_Mapping.csv),2026-07-14
Reliance Retail,RELIANCE RETAIL LIMITED-SH71,RELIANCE RETAIL LIMITED-SH71,Direct,Mamaearth,Monthly dynamic Cont% (secondary-driven),14,Apr'25–May'26,100.0,100.0,100.0,High,Direct ship-to → single chain (1:1),,,,,,Validated (High-Confidence Auto),Reliance Retail,RELIANCE RETAIL LIMITED-SH71,Keep,no Confirmed cross-reference found; auto-accepted as a direct 1:1 ship-to->chain mapping (High confidence per the file's own methodology),mtagent pbi audit (cross-ref CustomerCode_Zone_State_Mapping.csv),2026-07-14
Reliance Retail,RELIANCE RETAIL LIMITED-SH71,RELIANCE RETAIL LIMITED-SH71,Direct,The Derma Co.,Monthly dynamic Cont% (secondary-driven),14,Apr'25–May'26,100.0,100.0,100.0,High,Direct ship-to → single chain (1:1),,,,,,Validated (High-Confidence Auto),Reliance Retail,RELIANCE RETAIL LIMITED-SH71,Keep,no Confirmed cross-reference found; auto-accepted as a direct 1:1 ship-to->chain mapping (High confidence per the file's own methodology),mtagent pbi audit (cross-ref CustomerCode_Zone_State_Mapping.csv),2026-07-14
Reliance Retail,RELIANCE RETAIL LIMITED-SLIG,RELIANCE RETAIL LIMITED-SLIG,Direct,Aqualogica,Monthly dynamic Cont% (secondary-driven),12,Apr'25–Apr'26,100.0,100.0,100.0,High,Direct ship-to → single chain (1:1),,,,,,Validated (High-Confidence Auto),Reliance Retail,RELIANCE RETAIL LIMITED-SLIG,Keep,no Confirmed cross-reference found; auto-accepted as a direct 1:1 ship-to->chain mapping (High confidence per the file's own methodology),mtagent pbi audit (cross-ref CustomerCode_Zone_State_Mapping.csv),2026-07-14
Reliance Retail,RELIANCE RETAIL LIMITED-SLIG,RELIANCE RETAIL LIMITED-SLIG,Direct,Mamaearth,Monthly dynamic Cont% (secondary-driven),14,Apr'25–May'26,100.0,100.0,100.0,High,Direct ship-to → single chain (1:1),,,,,,Validated (High-Confidence Auto),Reliance Retail,RELIANCE RETAIL LIMITED-SLIG,Keep,no Confirmed cross-reference found; auto-accepted as a direct 1:1 ship-to->chain mapping (High confidence per the file's own methodology),mtagent pbi audit (cross-ref CustomerCode_Zone_State_Mapping.csv),2026-07-14
Reliance Retail,RELIANCE RETAIL LIMITED-SLIG,RELIANCE RETAIL LIMITED-SLIG,Direct,The Derma Co.,Monthly dynamic Cont% (secondary-driven),10,Apr'25–Mar'26,100.0,100.0,100.0,High,Direct ship-to → single chain (1:1),,,,,,Validated (High-Confidence Auto),Reliance Retail,RELIANCE RETAIL LIMITED-SLIG,Keep,no Confirmed cross-reference found; auto-accepted as a direct 1:1 ship-to->chain mapping (High confidence per the file's own methodology),mtagent pbi audit (cross-ref CustomerCode_Zone_State_Mapping.csv),2026-07-14
Reliance Retail,RELIANCE RETAIL LIMITED-SLII,RELIANCE RETAIL LIMITED-SLII,Direct,Aqualogica,Monthly dynamic Cont% (secondary-driven),3,Apr'25–Jul'25,100.0,100.0,100.0,High,Direct ship-to → single chain (1:1),,,,,,Validated (High-Confidence Auto),Reliance Retail,RELIANCE RETAIL LIMITED-SLII,Keep,no Confirmed cross-reference found; auto-accepted as a direct 1:1 ship-to->chain mapping (High confidence per the file's own methodology),mtagent pbi audit (cross-ref CustomerCode_Zone_State_Mapping.csv),2026-07-14
Reliance Retail,RELIANCE RETAIL LIMITED-SLII,RELIANCE RETAIL LIMITED-SLII,Direct,Mamaearth,Monthly dynamic Cont% (secondary-driven),5,Apr'25–Aug'25,100.0,100.0,100.0,High,Direct ship-to → single chain (1:1),,,,,,Validated (High-Confidence Auto),Reliance Retail,RELIANCE RETAIL LIMITED-SLII,Keep,no Confirmed cross-reference found; auto-accepted as a direct 1:1 ship-to->chain mapping (High confidence per the file's own methodology),mtagent pbi audit (cross-ref CustomerCode_Zone_State_Mapping.csv),2026-07-14
Reliance Retail,RELIANCE RETAIL LIMITED-SLII,RELIANCE RETAIL LIMITED-SLII,Direct,The Derma Co.,Monthly dynamic Cont% (secondary-driven),1,Apr'25–Apr'25,100.0,100.0,100.0,High,Direct ship-to → single chain (1:1),,,,,,Validated (High-Confidence Auto),Reliance Retail,RELIANCE RETAIL LIMITED-SLII,Keep,no Confirmed cross-reference found; auto-accepted as a direct 1:1 ship-to->chain mapping (High confidence per the file's own methodology),mtagent pbi audit (cross-ref CustomerCode_Zone_State_Mapping.csv),2026-07-14
Reliance Retail,RELIANCE RETAIL LIMITED_FRIA,RELIANCE RETAIL LIMITED_FRIA,Direct,Aqualogica,Monthly dynamic Cont% (secondary-driven),8,Apr'25–May'26,100.0,100.0,100.0,High,Direct ship-to → single chain (1:1),,,,,,Validated (High-Confidence Auto),Reliance Retail,RELIANCE RETAIL LIMITED_FRIA,Keep,no Confirmed cross-reference found; auto-accepted as a direct 1:1 ship-to->chain mapping (High confidence per the file's own methodology),mtagent pbi audit (cross-ref CustomerCode_Zone_State_Mapping.csv),2026-07-14
Reliance Retail,RELIANCE RETAIL LIMITED_FRIA,RELIANCE RETAIL LIMITED_FRIA,Direct,Mamaearth,Monthly dynamic Cont% (secondary-driven),14,Apr'25–May'26,100.0,100.0,100.0,High,Direct ship-to → single chain (1:1),,,,,,Validated (High-Confidence Auto),Reliance Retail,RELIANCE RETAIL LIMITED_FRIA,Keep,no Confirmed cross-reference found; auto-accepted as a direct 1:1 ship-to->chain mapping (High confidence per the file's own methodology),mtagent pbi audit (cross-ref CustomerCode_Zone_State_Mapping.csv),2026-07-14
Reliance Retail,RELIANCE RETAIL LIMITED_FRIA,RELIANCE RETAIL LIMITED_FRIA,Direct,The Derma Co.,Monthly dynamic Cont% (secondary-driven),10,Apr'25–May'26,100.0,100.0,100.0,High,Direct ship-to → single chain (1:1),,,,,,Validated (High-Confidence Auto),Reliance Retail,RELIANCE RETAIL LIMITED_FRIA,Keep,no Confirmed cross-reference found; auto-accepted as a direct 1:1 ship-to->chain mapping (High confidence per the file's own methodology),mtagent pbi audit (cross-ref CustomerCode_Zone_State_Mapping.csv),2026-07-14
Reliance Retail,RELIANCE RETAIL Ltd-SLEW,RELIANCE RETAIL Ltd-SLEW,Direct,Aqualogica,Monthly dynamic Cont% (secondary-driven),10,Apr'25–May'26,100.0,100.0,100.0,High,Direct ship-to → single chain (1:1),,,,,,Validated (High-Confidence Auto),Reliance Retail,RELIANCE RETAIL Ltd-SLEW,Keep,no Confirmed cross-reference found; auto-accepted as a direct 1:1 ship-to->chain mapping (High confidence per the file's own methodology),mtagent pbi audit (cross-ref CustomerCode_Zone_State_Mapping.csv),2026-07-14
Reliance Retail,RELIANCE RETAIL Ltd-SLEW,RELIANCE RETAIL Ltd-SLEW,Direct,Mamaearth,Monthly dynamic Cont% (secondary-driven),14,Apr'25–May'26,100.0,100.0,100.0,High,Direct ship-to → single chain (1:1),,,,,,Validated (High-Confidence Auto),Reliance Retail,RELIANCE RETAIL Ltd-SLEW,Keep,no Confirmed cross-reference found; auto-accepted as a direct 1:1 ship-to->chain mapping (High confidence per the file's own methodology),mtagent pbi audit (cross-ref CustomerCode_Zone_State_Mapping.csv),2026-07-14
Reliance Retail,RELIANCE RETAIL Ltd-SLEW,RELIANCE RETAIL Ltd-SLEW,Direct,The Derma Co.,Monthly dynamic Cont% (secondary-driven),11,Apr'25–May'26,100.0,100.0,100.0,High,Direct ship-to → single chain (1:1),,,,,,Validated (High-Confidence Auto),Reliance Retail,RELIANCE RETAIL Ltd-SLEW,Keep,no Confirmed cross-reference found; auto-accepted as a direct 1:1 ship-to->chain mapping (High confidence per the file's own methodology),mtagent pbi audit (cross-ref CustomerCode_Zone_State_Mapping.csv),2026-07-14
Reliance Retail,Reliance Retail Limited Ce08,Reliance Retail Limited Ce08,Direct,Aqualogica,Monthly dynamic Cont% (secondary-driven),11,Apr'25–May'26,100.0,100.0,100.0,High,Direct ship-to → single chain (1:1),,,,,,Validated (High-Confidence Auto),Reliance Retail,Reliance Retail Limited Ce08,Keep,no Confirmed cross-reference found; auto-accepted as a direct 1:1 ship-to->chain mapping (High confidence per the file's own methodology),mtagent pbi audit (cross-ref CustomerCode_Zone_State_Mapping.csv),2026-07-14
Reliance Retail,Reliance Retail Limited Ce08,Reliance Retail Limited Ce08,Direct,Mamaearth,Monthly dynamic Cont% (secondary-driven),14,Apr'25–May'26,100.0,100.0,100.0,High,Direct ship-to → single chain (1:1),,,,,,Validated (High-Confidence Auto),Reliance Retail,Reliance Retail Limited Ce08,Keep,no Confirmed cross-reference found; auto-accepted as a direct 1:1 ship-to->chain mapping (High confidence per the file's own methodology),mtagent pbi audit (cross-ref CustomerCode_Zone_State_Mapping.csv),2026-07-14
Reliance Retail,Reliance Retail Limited Ce08,Reliance Retail Limited Ce08,Direct,The Derma Co.,Monthly dynamic Cont% (secondary-driven),12,Apr'25–May'26,100.0,100.0,100.0,High,Direct ship-to → single chain (1:1),,,,,,Validated (High-Confidence Auto),Reliance Retail,Reliance Retail Limited Ce08,Keep,no Confirmed cross-reference found; auto-accepted as a direct 1:1 ship-to->chain mapping (High confidence per the file's own methodology),mtagent pbi audit (cross-ref CustomerCode_Zone_State_Mapping.csv),2026-07-14
Reliance Retail,Reliance Retail Limited Cf08,Reliance Retail Limited Cf08,Direct,Aqualogica,Monthly dynamic Cont% (secondary-driven),8,Apr'25–May'26,100.0,100.0,100.0,High,Direct ship-to → single chain (1:1),,,,,,Validated (High-Confidence Auto),Reliance Retail,Reliance Retail Limited Cf08,Keep,no Confirmed cross-reference found; auto-accepted as a direct 1:1 ship-to->chain mapping (High confidence per the file's own methodology),mtagent pbi audit (cross-ref CustomerCode_Zone_State_Mapping.csv),2026-07-14
Reliance Retail,Reliance Retail Limited Cf08,Reliance Retail Limited Cf08,Direct,BBlunt,Monthly dynamic Cont% (secondary-driven),7,Aug'25–May'26,100.0,100.0,100.0,High,Direct ship-to → single chain (1:1),,,,,,Validated (High-Confidence Auto),Reliance Retail,Reliance Retail Limited Cf08,Keep,no Confirmed cross-reference found; auto-accepted as a direct 1:1 ship-to->chain mapping (High confidence per the file's own methodology),mtagent pbi audit (cross-ref CustomerCode_Zone_State_Mapping.csv),2026-07-14
Reliance Retail,Reliance Retail Limited Cf08,Reliance Retail Limited Cf08,Direct,Mamaearth,Monthly dynamic Cont% (secondary-driven),14,Apr'25–May'26,100.0,100.0,100.0,High,Direct ship-to → single chain (1:1),,,,,,Validated (High-Confidence Auto),Reliance Retail,Reliance Retail Limited Cf08,Keep,no Confirmed cross-reference found; auto-accepted as a direct 1:1 ship-to->chain mapping (High confidence per the file's own methodology),mtagent pbi audit (cross-ref CustomerCode_Zone_State_Mapping.csv),2026-07-14
Reliance Retail,Reliance Retail Limited Cf08,Reliance Retail Limited Cf08,Direct,Pure Origin,Monthly dynamic Cont% (secondary-driven),2,Apr'25–May'25,100.0,100.0,100.0,High,Direct ship-to → single chain (1:1),,,,,,Validated (High-Confidence Auto),Reliance Retail,Reliance Retail Limited Cf08,Keep,no Confirmed cross-reference found; auto-accepted as a direct 1:1 ship-to->chain mapping (High confidence per the file's own methodology),mtagent pbi audit (cross-ref CustomerCode_Zone_State_Mapping.csv),2026-07-14
Reliance Retail,Reliance Retail Limited Cf08,Reliance Retail Limited Cf08,Direct,The Derma Co.,Monthly dynamic Cont% (secondary-driven),9,Apr'25–May'26,100.0,100.0,100.0,High,Direct ship-to → single chain (1:1),,,,,,Validated (High-Confidence Auto),Reliance Retail,Reliance Retail Limited Cf08,Keep,no Confirmed cross-reference found; auto-accepted as a direct 1:1 ship-to->chain mapping (High confidence per the file's own methodology),mtagent pbi audit (cross-ref CustomerCode_Zone_State_Mapping.csv),2026-07-14
Reliance Retail,Reliance Retail Limited Fb08,Reliance Retail Limited Fb08,Direct,Aqualogica,Monthly dynamic Cont% (secondary-driven),11,Apr'25–May'26,100.0,100.0,100.0,High,Direct ship-to → single chain (1:1),,,,,,Validated (High-Confidence Auto),Reliance Retail,Reliance Retail Limited Fb08,Keep,no Confirmed cross-reference found; auto-accepted as a direct 1:1 ship-to->chain mapping (High confidence per the file's own methodology),mtagent pbi audit (cross-ref CustomerCode_Zone_State_Mapping.csv),2026-07-14
Reliance Retail,Reliance Retail Limited Fb08,Reliance Retail Limited Fb08,Direct,Mamaearth,Monthly dynamic Cont% (secondary-driven),14,Apr'25–May'26,100.0,100.0,100.0,High,Direct ship-to → single chain (1:1),,,,,,Validated (High-Confidence Auto),Reliance Retail,Reliance Retail Limited Fb08,Keep,no Confirmed cross-reference found; auto-accepted as a direct 1:1 ship-to->chain mapping (High confidence per the file's own methodology),mtagent pbi audit (cross-ref CustomerCode_Zone_State_Mapping.csv),2026-07-14
Reliance Retail,Reliance Retail Limited Fb08,Reliance Retail Limited Fb08,Direct,The Derma Co.,Monthly dynamic Cont% (secondary-driven),12,Apr'25–May'26,100.0,100.0,100.0,High,Direct ship-to → single chain (1:1),,,,,,Validated (High-Confidence Auto),Reliance Retail,Reliance Retail Limited Fb08,Keep,no Confirmed cross-reference found; auto-accepted as a direct 1:1 ship-to->chain mapping (High confidence per the file's own methodology),mtagent pbi audit (cross-ref CustomerCode_Zone_State_Mapping.csv),2026-07-14
Reliance Retail,Reliance Retail Limited Fd08,Reliance Retail Limited Fd08,Direct,Aqualogica,Monthly dynamic Cont% (secondary-driven),3,Apr'25–Mar'26,100.0,100.0,100.0,High,Direct ship-to → single chain (1:1),,,,,,Validated (High-Confidence Auto),Reliance Retail,Reliance Retail Limited Fd08,Keep,no Confirmed cross-reference found; auto-accepted as a direct 1:1 ship-to->chain mapping (High confidence per the file's own methodology),mtagent pbi audit (cross-ref CustomerCode_Zone_State_Mapping.csv),2026-07-14
Reliance Retail,Reliance Retail Limited Fd08,Reliance Retail Limited Fd08,Direct,Mamaearth,Monthly dynamic Cont% (secondary-driven),12,Apr'25–Mar'26,100.0,100.0,100.0,High,Direct ship-to → single chain (1:1),,,,,,Validated (High-Confidence Auto),Reliance Retail,Reliance Retail Limited Fd08,Keep,no Confirmed cross-reference found; auto-accepted as a direct 1:1 ship-to->chain mapping (High confidence per the file's own methodology),mtagent pbi audit (cross-ref CustomerCode_Zone_State_Mapping.csv),2026-07-14
Reliance Retail,Reliance Retail Limited Fd08,Reliance Retail Limited Fd08,Direct,The Derma Co.,Monthly dynamic Cont% (secondary-driven),2,Nov'25–Mar'26,100.0,100.0,100.0,High,Direct ship-to → single chain (1:1),,,,,,Validated (High-Confidence Auto),Reliance Retail,Reliance Retail Limited Fd08,Keep,no Confirmed cross-reference found; auto-accepted as a direct 1:1 ship-to->chain mapping (High confidence per the file's own methodology),mtagent pbi audit (cross-ref CustomerCode_Zone_State_Mapping.csv),2026-07-14
Reliance Retail,Reliance Retail Limited R468,Reliance Retail Limited R468,Direct,Mamaearth,Monthly dynamic Cont% (secondary-driven),10,Apr'25–Jan'26,100.0,100.0,100.0,High,Direct ship-to → single chain (1:1),,,,,,Validated (High-Confidence Auto),Reliance Retail,Reliance Retail Limited R468,Keep,no Confirmed cross-reference found; auto-accepted as a direct 1:1 ship-to->chain mapping (High confidence per the file's own methodology),mtagent pbi audit (cross-ref CustomerCode_Zone_State_Mapping.csv),2026-07-14
Reliance Retail,Reliance Retail Limited R701,Reliance Retail Limited R701,Direct,Aqualogica,Monthly dynamic Cont% (secondary-driven),9,Apr'25–May'26,100.0,100.0,100.0,High,Direct ship-to → single chain (1:1),,,,,,Validated (High-Confidence Auto),Reliance Retail,Reliance Retail Limited R701,Keep,no Confirmed cross-reference found; auto-accepted as a direct 1:1 ship-to->chain mapping (High confidence per the file's own methodology),mtagent pbi audit (cross-ref CustomerCode_Zone_State_Mapping.csv),2026-07-14
Reliance Retail,Reliance Retail Limited R701,Reliance Retail Limited R701,Direct,Mamaearth,Monthly dynamic Cont% (secondary-driven),14,Apr'25–May'26,100.0,100.0,100.0,High,Direct ship-to → single chain (1:1),,,,,,Validated (High-Confidence Auto),Reliance Retail,Reliance Retail Limited R701,Keep,no Confirmed cross-reference found; auto-accepted as a direct 1:1 ship-to->chain mapping (High confidence per the file's own methodology),mtagent pbi audit (cross-ref CustomerCode_Zone_State_Mapping.csv),2026-07-14
Reliance Retail,Reliance Retail Limited R701,Reliance Retail Limited R701,Direct,The Derma Co.,Monthly dynamic Cont% (secondary-driven),12,Apr'25–May'26,100.0,100.0,100.0,High,Direct ship-to → single chain (1:1),,,,,,Validated (High-Confidence Auto),Reliance Retail,Reliance Retail Limited R701,Keep,no Confirmed cross-reference found; auto-accepted as a direct 1:1 ship-to->chain mapping (High confidence per the file's own methodology),mtagent pbi audit (cross-ref CustomerCode_Zone_State_Mapping.csv),2026-07-14
Reliance Retail,Reliance Retail Limited R703,Reliance Retail Limited R703,Direct,Aqualogica,Monthly dynamic Cont% (secondary-driven),2,Apr'25–Jun'25,100.0,100.0,100.0,High,Direct ship-to → single chain (1:1),,,,,,Validated (High-Confidence Auto),Reliance Retail,Reliance Retail Limited R703,Keep,no Confirmed cross-reference found; auto-accepted as a direct 1:1 ship-to->chain mapping (High confidence per the file's own methodology),mtagent pbi audit (cross-ref CustomerCode_Zone_State_Mapping.csv),2026-07-14
Reliance Retail,Reliance Retail Limited R703,Reliance Retail Limited R703,Direct,Mamaearth,Monthly dynamic Cont% (secondary-driven),12,Apr'25–May'26,100.0,100.0,100.0,High,Direct ship-to → single chain (1:1),,,,,,Validated (High-Confidence Auto),Reliance Retail,Reliance Retail Limited R703,Keep,no Confirmed cross-reference found; auto-accepted as a direct 1:1 ship-to->chain mapping (High confidence per the file's own methodology),mtagent pbi audit (cross-ref CustomerCode_Zone_State_Mapping.csv),2026-07-14
Reliance Retail,Reliance Retail Limited R703,Reliance Retail Limited R703,Direct,The Derma Co.,Monthly dynamic Cont% (secondary-driven),1,Nov'25–Nov'25,100.0,100.0,100.0,High,Direct ship-to → single chain (1:1),,,,,,Validated (High-Confidence Auto),Reliance Retail,Reliance Retail Limited R703,Keep,no Confirmed cross-reference found; auto-accepted as a direct 1:1 ship-to->chain mapping (High confidence per the file's own methodology),mtagent pbi audit (cross-ref CustomerCode_Zone_State_Mapping.csv),2026-07-14
Reliance Retail,Reliance Retail Limited R801,Reliance Retail Limited R801,Direct,Aqualogica,Monthly dynamic Cont% (secondary-driven),10,Apr'25–May'26,100.0,100.0,100.0,High,Direct ship-to → single chain (1:1),,,,,,Validated (High-Confidence Auto),Reliance Retail,Reliance Retail Limited R801,Keep,no Confirmed cross-reference found; auto-accepted as a direct 1:1 ship-to->chain mapping (High confidence per the file's own methodology),mtagent pbi audit (cross-ref CustomerCode_Zone_State_Mapping.csv),2026-07-14
Reliance Retail,Reliance Retail Limited R801,Reliance Retail Limited R801,Direct,Mamaearth,Monthly dynamic Cont% (secondary-driven),14,Apr'25–May'26,100.0,100.0,100.0,High,Direct ship-to → single chain (1:1),,,,,,Validated (High-Confidence Auto),Reliance Retail,Reliance Retail Limited R801,Keep,no Confirmed cross-reference found; auto-accepted as a direct 1:1 ship-to->chain mapping (High confidence per the file's own methodology),mtagent pbi audit (cross-ref CustomerCode_Zone_State_Mapping.csv),2026-07-14
Reliance Retail,Reliance Retail Limited R801,Reliance Retail Limited R801,Direct,Pure Origin,Monthly dynamic Cont% (secondary-driven),2,Apr'25–May'25,100.0,100.0,100.0,High,Direct ship-to → single chain (1:1),,,,,,Validated (High-Confidence Auto),Reliance Retail,Reliance Retail Limited R801,Keep,no Confirmed cross-reference found; auto-accepted as a direct 1:1 ship-to->chain mapping (High confidence per the file's own methodology),mtagent pbi audit (cross-ref CustomerCode_Zone_State_Mapping.csv),2026-07-14
Reliance Retail,Reliance Retail Limited R801,Reliance Retail Limited R801,Direct,The Derma Co.,Monthly dynamic Cont% (secondary-driven),10,Apr'25–May'26,100.0,100.0,100.0,High,Direct ship-to → single chain (1:1),,,,,,Validated (High-Confidence Auto),Reliance Retail,Reliance Retail Limited R801,Keep,no Confirmed cross-reference found; auto-accepted as a direct 1:1 ship-to->chain mapping (High confidence per the file's own methodology),mtagent pbi audit (cross-ref CustomerCode_Zone_State_Mapping.csv),2026-07-14
Reliance Retail,Reliance Retail Limited Sc79,Reliance Retail Limited Sc79,Direct,Aqualogica,Monthly dynamic Cont% (secondary-driven),8,Apr'25–May'26,100.0,100.0,100.0,High,Direct ship-to → single chain (1:1),,,,,,Validated (High-Confidence Auto),Reliance Retail,Reliance Retail Limited Sc79,Keep,no Confirmed cross-reference found; auto-accepted as a direct 1:1 ship-to->chain mapping (High confidence per the file's own methodology),mtagent pbi audit (cross-ref CustomerCode_Zone_State_Mapping.csv),2026-07-14
Reliance Retail,Reliance Retail Limited Sc79,Reliance Retail Limited Sc79,Direct,Mamaearth,Monthly dynamic Cont% (secondary-driven),14,Apr'25–May'26,100.0,100.0,100.0,High,Direct ship-to → single chain (1:1),,,,,,Validated (High-Confidence Auto),Reliance Retail,Reliance Retail Limited Sc79,Keep,no Confirmed cross-reference found; auto-accepted as a direct 1:1 ship-to->chain mapping (High confidence per the file's own methodology),mtagent pbi audit (cross-ref CustomerCode_Zone_State_Mapping.csv),2026-07-14
Reliance Retail,Reliance Retail Limited Sc79,Reliance Retail Limited Sc79,Direct,The Derma Co.,Monthly dynamic Cont% (secondary-driven),10,Apr'25–May'26,100.0,100.0,100.0,High,Direct ship-to → single chain (1:1),,,,,,Validated (High-Confidence Auto),Reliance Retail,Reliance Retail Limited Sc79,Keep,no Confirmed cross-reference found; auto-accepted as a direct 1:1 ship-to->chain mapping (High confidence per the file's own methodology),mtagent pbi audit (cross-ref CustomerCode_Zone_State_Mapping.csv),2026-07-14
Reliance Retail,Reliance Retail Limited-2949,Reliance Retail Limited-2949,Direct,Mamaearth,Monthly dynamic Cont% (secondary-driven),6,Oct'25–May'26,100.0,100.0,100.0,High,Direct ship-to → single chain (1:1),,,,,,Validated (High-Confidence Auto),Reliance Retail,Reliance Retail Limited-2949,Keep,no Confirmed cross-reference found; auto-accepted as a direct 1:1 ship-to->chain mapping (High confidence per the file's own methodology),mtagent pbi audit (cross-ref CustomerCode_Zone_State_Mapping.csv),2026-07-14
Reliance Retail,Reliance Retail Limited-2956,Reliance Retail Limited-2956,Direct,Mamaearth,Monthly dynamic Cont% (secondary-driven),12,Apr'25–May'26,100.0,100.0,100.0,High,Direct ship-to → single chain (1:1),,,,,,Validated (High-Confidence Auto),Reliance Retail,Reliance Retail Limited-2956,Keep,no Confirmed cross-reference found; auto-accepted as a direct 1:1 ship-to->chain mapping (High confidence per the file's own methodology),mtagent pbi audit (cross-ref CustomerCode_Zone_State_Mapping.csv),2026-07-14
Reliance Retail,Reliance Retail Limited-2959,Reliance Retail Limited-2959,Direct,Mamaearth,Monthly dynamic Cont% (secondary-driven),9,May'25–May'26,100.0,100.0,100.0,High,Direct ship-to → single chain (1:1),,,,,,Validated (High-Confidence Auto),Reliance Retail,Reliance Retail Limited-2959,Keep,no Confirmed cross-reference found; auto-accepted as a direct 1:1 ship-to->chain mapping (High confidence per the file's own methodology),mtagent pbi audit (cross-ref CustomerCode_Zone_State_Mapping.csv),2026-07-14
Reliance Retail,Reliance Retail Limited-2985,Reliance Retail Limited-2985,Direct,Mamaearth,Monthly dynamic Cont% (secondary-driven),5,Nov'25–May'26,100.0,100.0,100.0,High,Direct ship-to → single chain (1:1),,,,,,Validated (High-Confidence Auto),Reliance Retail,Reliance Retail Limited-2985,Keep,no Confirmed cross-reference found; auto-accepted as a direct 1:1 ship-to->chain mapping (High confidence per the file's own methodology),mtagent pbi audit (cross-ref CustomerCode_Zone_State_Mapping.csv),2026-07-14
Reliance Retail,Reliance Retail Limited-6202,Reliance Retail Limited-6202,Direct,Aqualogica,Monthly dynamic Cont% (secondary-driven),5,May'25–Jan'26,100.0,100.0,100.0,High,Direct ship-to → single chain (1:1),,,,,,Validated (High-Confidence Auto),Reliance Retail,Reliance Retail Limited-6202,Keep,no Confirmed cross-reference found; auto-accepted as a direct 1:1 ship-to->chain mapping (High confidence per the file's own methodology),mtagent pbi audit (cross-ref CustomerCode_Zone_State_Mapping.csv),2026-07-14
Reliance Retail,Reliance Retail Limited-6202,Reliance Retail Limited-6202,Direct,BBlunt,Monthly dynamic Cont% (secondary-driven),8,Apr'25–Jan'26,100.0,100.0,100.0,High,Direct ship-to → single chain (1:1),,,,,,Validated (High-Confidence Auto),Reliance Retail,Reliance Retail Limited-6202,Keep,no Confirmed cross-reference found; auto-accepted as a direct 1:1 ship-to->chain mapping (High confidence per the file's own methodology),mtagent pbi audit (cross-ref CustomerCode_Zone_State_Mapping.csv),2026-07-14
Reliance Retail,Reliance Retail Limited-6202,Reliance Retail Limited-6202,Direct,Mamaearth,Monthly dynamic Cont% (secondary-driven),10,Apr'25–Apr'26,100.0,100.0,100.0,High,Direct ship-to → single chain (1:1),,,,,,Validated (High-Confidence Auto),Reliance Retail,Reliance Retail Limited-6202,Keep,no Confirmed cross-reference found; auto-accepted as a direct 1:1 ship-to->chain mapping (High confidence per the file's own methodology),mtagent pbi audit (cross-ref CustomerCode_Zone_State_Mapping.csv),2026-07-14
Reliance Retail,Reliance Retail Limited-6202,Reliance Retail Limited-6202,Direct,The Derma Co.,Monthly dynamic Cont% (secondary-driven),10,Apr'25–May'26,100.0,100.0,100.0,High,Direct ship-to → single chain (1:1),,,,,,Validated (High-Confidence Auto),Reliance Retail,Reliance Retail Limited-6202,Keep,no Confirmed cross-reference found; auto-accepted as a direct 1:1 ship-to->chain mapping (High confidence per the file's own methodology),mtagent pbi audit (cross-ref CustomerCode_Zone_State_Mapping.csv),2026-07-14
Reliance Retail,Reliance Retail Limited-6205,Reliance Retail Limited-6205,Direct,Aqualogica,Monthly dynamic Cont% (secondary-driven),10,Apr'25–Mar'26,100.0,100.0,100.0,High,Direct ship-to → single chain (1:1),,,,,,Validated (High-Confidence Auto),Reliance Retail,Reliance Retail Limited-6205,Keep,no Confirmed cross-reference found; auto-accepted as a direct 1:1 ship-to->chain mapping (High confidence per the file's own methodology),mtagent pbi audit (cross-ref CustomerCode_Zone_State_Mapping.csv),2026-07-14
Reliance Retail,Reliance Retail Limited-6205,Reliance Retail Limited-6205,Direct,BBlunt,Monthly dynamic Cont% (secondary-driven),9,Apr'25–Mar'26,100.0,100.0,100.0,High,Direct ship-to → single chain (1:1),,,,,,Validated (High-Confidence Auto),Reliance Retail,Reliance Retail Limited-6205,Keep,no Confirmed cross-reference found; auto-accepted as a direct 1:1 ship-to->chain mapping (High confidence per the file's own methodology),mtagent pbi audit (cross-ref CustomerCode_Zone_State_Mapping.csv),2026-07-14
Reliance Retail,Reliance Retail Limited-6205,Reliance Retail Limited-6205,Direct,Mamaearth,Monthly dynamic Cont% (secondary-driven),12,Apr'25–May'26,100.0,100.0,100.0,High,Direct ship-to → single chain (1:1),,,,,,Validated (High-Confidence Auto),Reliance Retail,Reliance Retail Limited-6205,Keep,no Confirmed cross-reference found; auto-accepted as a direct 1:1 ship-to->chain mapping (High confidence per the file's own methodology),mtagent pbi audit (cross-ref CustomerCode_Zone_State_Mapping.csv),2026-07-14
Reliance Retail,Reliance Retail Limited-6205,Reliance Retail Limited-6205,Direct,The Derma Co.,Monthly dynamic Cont% (secondary-driven),10,Apr'25–Apr'26,100.0,100.0,100.0,High,Direct ship-to → single chain (1:1),,,,,,Validated (High-Confidence Auto),Reliance Retail,Reliance Retail Limited-6205,Keep,no Confirmed cross-reference found; auto-accepted as a direct 1:1 ship-to->chain mapping (High confidence per the file's own methodology),mtagent pbi audit (cross-ref CustomerCode_Zone_State_Mapping.csv),2026-07-14
Reliance Retail,Reliance Retail Limited-6206,Reliance Retail Limited-6206,Direct,Mamaearth,Monthly dynamic Cont% (secondary-driven),13,Apr'25–May'26,100.0,100.0,100.0,High,Direct ship-to → single chain (1:1),,,,,,Validated (High-Confidence Auto),Reliance Retail,Reliance Retail Limited-6206,Keep,no Confirmed cross-reference found; auto-accepted as a direct 1:1 ship-to->chain mapping (High confidence per the file's own methodology),mtagent pbi audit (cross-ref CustomerCode_Zone_State_Mapping.csv),2026-07-14
Reliance Retail,Reliance Retail Limited-6206,Reliance Retail Limited-6206,Direct,The Derma Co.,Monthly dynamic Cont% (secondary-driven),4,Oct'25–Apr'26,100.0,100.0,100.0,High,Direct ship-to → single chain (1:1),,,,,,Validated (High-Confidence Auto),Reliance Retail,Reliance Retail Limited-6206,Keep,no Confirmed cross-reference found; auto-accepted as a direct 1:1 ship-to->chain mapping (High confidence per the file's own methodology),mtagent pbi audit (cross-ref CustomerCode_Zone_State_Mapping.csv),2026-07-14
Reliance Retail,Reliance Retail Limited-6208,Reliance Retail Limited-6208,Direct,Mamaearth,Monthly dynamic Cont% (secondary-driven),12,Apr'25–May'26,100.0,100.0,100.0,High,Direct ship-to → single chain (1:1),,,,,,Validated (High-Confidence Auto),Reliance Retail,Reliance Retail Limited-6208,Keep,no Confirmed cross-reference found; auto-accepted as a direct 1:1 ship-to->chain mapping (High confidence per the file's own methodology),mtagent pbi audit (cross-ref CustomerCode_Zone_State_Mapping.csv),2026-07-14
Reliance Retail,Reliance Retail Limited-6210,Reliance Retail Limited-6210,Direct,Mamaearth,Monthly dynamic Cont% (secondary-driven),8,May'25–Apr'26,100.0,100.0,100.0,High,Direct ship-to → single chain (1:1),,,,,,Validated (High-Confidence Auto),Reliance Retail,Reliance Retail Limited-6210,Keep,no Confirmed cross-reference found; auto-accepted as a direct 1:1 ship-to->chain mapping (High confidence per the file's own methodology),mtagent pbi audit (cross-ref CustomerCode_Zone_State_Mapping.csv),2026-07-14
Reliance Retail,Reliance Retail Limited-6214,Reliance Retail Limited-6214,Direct,Mamaearth,Monthly dynamic Cont% (secondary-driven),9,May'25–May'26,100.0,100.0,100.0,High,Direct ship-to → single chain (1:1),,,,,,Validated (High-Confidence Auto),Reliance Retail,Reliance Retail Limited-6214,Keep,no Confirmed cross-reference found; auto-accepted as a direct 1:1 ship-to->chain mapping (High confidence per the file's own methodology),mtagent pbi audit (cross-ref CustomerCode_Zone_State_Mapping.csv),2026-07-14
Reliance Retail,Reliance Retail Limited-6217,Reliance Retail Limited-6217,Direct,Mamaearth,Monthly dynamic Cont% (secondary-driven),9,May'25–May'26,100.0,100.0,100.0,High,Direct ship-to → single chain (1:1),,,,,,Validated (High-Confidence Auto),Reliance Retail,Reliance Retail Limited-6217,Keep,no Confirmed cross-reference found; auto-accepted as a direct 1:1 ship-to->chain mapping (High confidence per the file's own methodology),mtagent pbi audit (cross-ref CustomerCode_Zone_State_Mapping.csv),2026-07-14
Reliance Retail,Reliance Retail Limited-6217,Reliance Retail Limited-6217,Direct,The Derma Co.,Monthly dynamic Cont% (secondary-driven),2,Oct'25–Dec'25,100.0,100.0,100.0,High,Direct ship-to → single chain (1:1),,,,,,Validated (High-Confidence Auto),Reliance Retail,Reliance Retail Limited-6217,Keep,no Confirmed cross-reference found; auto-accepted as a direct 1:1 ship-to->chain mapping (High confidence per the file's own methodology),mtagent pbi audit (cross-ref CustomerCode_Zone_State_Mapping.csv),2026-07-14
Reliance Retail,Reliance Retail Limited-6219,Reliance Retail Limited-6219,Direct,Mamaearth,Monthly dynamic Cont% (secondary-driven),12,Apr'25–May'26,100.0,100.0,100.0,High,Direct ship-to → single chain (1:1),,,,,,Validated (High-Confidence Auto),Reliance Retail,Reliance Retail Limited-6219,Keep,no Confirmed cross-reference found; auto-accepted as a direct 1:1 ship-to->chain mapping (High confidence per the file's own methodology),mtagent pbi audit (cross-ref CustomerCode_Zone_State_Mapping.csv),2026-07-14
Reliance Retail,Reliance Retail Limited-6219,Reliance Retail Limited-6219,Direct,The Derma Co.,Monthly dynamic Cont% (secondary-driven),1,Apr'26–Apr'26,100.0,100.0,100.0,High,Direct ship-to → single chain (1:1),,,,,,Validated (High-Confidence Auto),Reliance Retail,Reliance Retail Limited-6219,Keep,no Confirmed cross-reference found; auto-accepted as a direct 1:1 ship-to->chain mapping (High confidence per the file's own methodology),mtagent pbi audit (cross-ref CustomerCode_Zone_State_Mapping.csv),2026-07-14
Reliance Retail,Reliance Retail Limited-6220,Reliance Retail Limited-6220,Direct,Aqualogica,Monthly dynamic Cont% (secondary-driven),8,Jul'25–May'26,100.0,100.0,100.0,High,Direct ship-to → single chain (1:1),,,,,,Validated (High-Confidence Auto),Reliance Retail,Reliance Retail Limited-6220,Keep,no Confirmed cross-reference found; auto-accepted as a direct 1:1 ship-to->chain mapping (High confidence per the file's own methodology),mtagent pbi audit (cross-ref CustomerCode_Zone_State_Mapping.csv),2026-07-14
Reliance Retail,Reliance Retail Limited-6220,Reliance Retail Limited-6220,Direct,BBlunt,Monthly dynamic Cont% (secondary-driven),6,Aug'25–Feb'26,100.0,100.0,100.0,High,Direct ship-to → single chain (1:1),,,,,,Validated (High-Confidence Auto),Reliance Retail,Reliance Retail Limited-6220,Keep,no Confirmed cross-reference found; auto-accepted as a direct 1:1 ship-to->chain mapping (High confidence per the file's own methodology),mtagent pbi audit (cross-ref CustomerCode_Zone_State_Mapping.csv),2026-07-14
Reliance Retail,Reliance Retail Limited-6220,Reliance Retail Limited-6220,Direct,Mamaearth,Monthly dynamic Cont% (secondary-driven),11,Apr'25–May'26,100.0,100.0,100.0,High,Direct ship-to → single chain (1:1),,,,,,Validated (High-Confidence Auto),Reliance Retail,Reliance Retail Limited-6220,Keep,no Confirmed cross-reference found; auto-accepted as a direct 1:1 ship-to->chain mapping (High confidence per the file's own methodology),mtagent pbi audit (cross-ref CustomerCode_Zone_State_Mapping.csv),2026-07-14
Reliance Retail,Reliance Retail Limited-6220,Reliance Retail Limited-6220,Direct,The Derma Co.,Monthly dynamic Cont% (secondary-driven),9,Jul'25–May'26,100.0,100.0,100.0,High,Direct ship-to → single chain (1:1),,,,,,Validated (High-Confidence Auto),Reliance Retail,Reliance Retail Limited-6220,Keep,no Confirmed cross-reference found; auto-accepted as a direct 1:1 ship-to->chain mapping (High confidence per the file's own methodology),mtagent pbi audit (cross-ref CustomerCode_Zone_State_Mapping.csv),2026-07-14
Reliance Retail,Reliance Retail Limited-6224,Reliance Retail Limited-6224,Direct,Aqualogica,Monthly dynamic Cont% (secondary-driven),1,Aug'25–Aug'25,100.0,100.0,100.0,High,Direct ship-to → single chain (1:1),,,,,,Validated (High-Confidence Auto),Reliance Retail,Reliance Retail Limited-6224,Keep,no Confirmed cross-reference found; auto-accepted as a direct 1:1 ship-to->chain mapping (High confidence per the file's own methodology),mtagent pbi audit (cross-ref CustomerCode_Zone_State_Mapping.csv),2026-07-14
Reliance Retail,Reliance Retail Limited-6224,Reliance Retail Limited-6224,Direct,Mamaearth,Monthly dynamic Cont% (secondary-driven),13,Apr'25–May'26,100.0,100.0,100.0,High,Direct ship-to → single chain (1:1),,,,,,Validated (High-Confidence Auto),Reliance Retail,Reliance Retail Limited-6224,Keep,no Confirmed cross-reference found; auto-accepted as a direct 1:1 ship-to->chain mapping (High confidence per the file's own methodology),mtagent pbi audit (cross-ref CustomerCode_Zone_State_Mapping.csv),2026-07-14
Reliance Retail,Reliance Retail Limited-6225,Reliance Retail Limited-6225,Direct,Mamaearth,Monthly dynamic Cont% (secondary-driven),11,May'25–May'26,100.0,100.0,100.0,High,Direct ship-to → single chain (1:1),,,,,,Validated (High-Confidence Auto),Reliance Retail,Reliance Retail Limited-6225,Keep,no Confirmed cross-reference found; auto-accepted as a direct 1:1 ship-to->chain mapping (High confidence per the file's own methodology),mtagent pbi audit (cross-ref CustomerCode_Zone_State_Mapping.csv),2026-07-14
Reliance Retail,Reliance Retail Limited-6239,Reliance Retail Limited-6239,Direct,Aqualogica,Monthly dynamic Cont% (secondary-driven),6,Jul'25–Apr'26,100.0,100.0,100.0,High,Direct ship-to → single chain (1:1),,,,,,Validated (High-Confidence Auto),Reliance Retail,Reliance Retail Limited-6239,Keep,no Confirmed cross-reference found; auto-accepted as a direct 1:1 ship-to->chain mapping (High confidence per the file's own methodology),mtagent pbi audit (cross-ref CustomerCode_Zone_State_Mapping.csv),2026-07-14
Reliance Retail,Reliance Retail Limited-6239,Reliance Retail Limited-6239,Direct,BBlunt,Monthly dynamic Cont% (secondary-driven),6,Jul'25–Apr'26,100.0,100.0,100.0,High,Direct ship-to → single chain (1:1),,,,,,Validated (High-Confidence Auto),Reliance Retail,Reliance Retail Limited-6239,Keep,no Confirmed cross-reference found; auto-accepted as a direct 1:1 ship-to->chain mapping (High confidence per the file's own methodology),mtagent pbi audit (cross-ref CustomerCode_Zone_State_Mapping.csv),2026-07-14
Reliance Retail,Reliance Retail Limited-6239,Reliance Retail Limited-6239,Direct,Mamaearth,Monthly dynamic Cont% (secondary-driven),10,Apr'25–May'26,100.0,100.0,100.0,High,Direct ship-to → single chain (1:1),,,,,,Validated (High-Confidence Auto),Reliance Retail,Reliance Retail Limited-6239,Keep,no Confirmed cross-reference found; auto-accepted as a direct 1:1 ship-to->chain mapping (High confidence per the file's own methodology),mtagent pbi audit (cross-ref CustomerCode_Zone_State_Mapping.csv),2026-07-14
Reliance Retail,Reliance Retail Limited-6239,Reliance Retail Limited-6239,Direct,The Derma Co.,Monthly dynamic Cont% (secondary-driven),6,Jul'25–Apr'26,100.0,100.0,100.0,High,Direct ship-to → single chain (1:1),,,,,,Validated (High-Confidence Auto),Reliance Retail,Reliance Retail Limited-6239,Keep,no Confirmed cross-reference found; auto-accepted as a direct 1:1 ship-to->chain mapping (High confidence per the file's own methodology),mtagent pbi audit (cross-ref CustomerCode_Zone_State_Mapping.csv),2026-07-14
Reliance Retail,Reliance Retail Limited-6703,Reliance Retail Limited-6703,Direct,Mamaearth,Monthly dynamic Cont% (secondary-driven),11,Apr'25–May'26,100.0,100.0,100.0,High,Direct ship-to → single chain (1:1),,,,,,Validated (High-Confidence Auto),Reliance Retail,Reliance Retail Limited-6703,Keep,no Confirmed cross-reference found; auto-accepted as a direct 1:1 ship-to->chain mapping (High confidence per the file's own methodology),mtagent pbi audit (cross-ref CustomerCode_Zone_State_Mapping.csv),2026-07-14
Reliance Retail,Reliance Retail Limited-6705,Reliance Retail Limited-6705,Direct,Mamaearth,Monthly dynamic Cont% (secondary-driven),9,Apr'25–Apr'26,100.0,100.0,100.0,High,Direct ship-to → single chain (1:1),,,,,,Validated (High-Confidence Auto),Reliance Retail,Reliance Retail Limited-6705,Keep,no Confirmed cross-reference found; auto-accepted as a direct 1:1 ship-to->chain mapping (High confidence per the file's own methodology),mtagent pbi audit (cross-ref CustomerCode_Zone_State_Mapping.csv),2026-07-14
Reliance Retail,Reliance Retail Limited-6705,Reliance Retail Limited-6705,Direct,The Derma Co.,Monthly dynamic Cont% (secondary-driven),1,Oct'25–Oct'25,100.0,100.0,100.0,High,Direct ship-to → single chain (1:1),,,,,,Validated (High-Confidence Auto),Reliance Retail,Reliance Retail Limited-6705,Keep,no Confirmed cross-reference found; auto-accepted as a direct 1:1 ship-to->chain mapping (High confidence per the file's own methodology),mtagent pbi audit (cross-ref CustomerCode_Zone_State_Mapping.csv),2026-07-14
Reliance Retail,Reliance Retail Limited-6714,Reliance Retail Limited-6714,Direct,Mamaearth,Monthly dynamic Cont% (secondary-driven),5,Nov'25–May'26,100.0,100.0,100.0,High,Direct ship-to → single chain (1:1),,,,,,Validated (High-Confidence Auto),Reliance Retail,Reliance Retail Limited-6714,Keep,no Confirmed cross-reference found; auto-accepted as a direct 1:1 ship-to->chain mapping (High confidence per the file's own methodology),mtagent pbi audit (cross-ref CustomerCode_Zone_State_Mapping.csv),2026-07-14
Reliance Retail,Reliance Retail Limited-6726,Reliance Retail Limited-6726,Direct,Mamaearth,Monthly dynamic Cont% (secondary-driven),10,Apr'25–Apr'26,100.0,100.0,100.0,High,Direct ship-to → single chain (1:1),,,,,,Validated (High-Confidence Auto),Reliance Retail,Reliance Retail Limited-6726,Keep,no Confirmed cross-reference found; auto-accepted as a direct 1:1 ship-to->chain mapping (High confidence per the file's own methodology),mtagent pbi audit (cross-ref CustomerCode_Zone_State_Mapping.csv),2026-07-14
Reliance Retail,Reliance Retail Limited-6726,Reliance Retail Limited-6726,Direct,The Derma Co.,Monthly dynamic Cont% (secondary-driven),1,Oct'25–Oct'25,100.0,100.0,100.0,High,Direct ship-to → single chain (1:1),,,,,,Validated (High-Confidence Auto),Reliance Retail,Reliance Retail Limited-6726,Keep,no Confirmed cross-reference found; auto-accepted as a direct 1:1 ship-to->chain mapping (High confidence per the file's own methodology),mtagent pbi audit (cross-ref CustomerCode_Zone_State_Mapping.csv),2026-07-14
Reliance Retail,Reliance Retail Limited-6728,Reliance Retail Limited-6728,Direct,Mamaearth,Monthly dynamic Cont% (secondary-driven),5,Nov'25–May'26,100.0,100.0,100.0,High,Direct ship-to → single chain (1:1),,,,,,Validated (High-Confidence Auto),Reliance Retail,Reliance Retail Limited-6728,Keep,no Confirmed cross-reference found; auto-accepted as a direct 1:1 ship-to->chain mapping (High confidence per the file's own methodology),mtagent pbi audit (cross-ref CustomerCode_Zone_State_Mapping.csv),2026-07-14
Reliance Retail,Reliance Retail Limited-FOC,Reliance Retail Limited-FOC,Direct,Aqualogica,Monthly dynamic Cont% (secondary-driven),2,Jan'26–Mar'26,100.0,100.0,100.0,High,Direct ship-to → single chain (1:1),,,,,,Validated (High-Confidence Auto),Reliance Retail,Reliance Retail Limited-FOC,Keep,no Confirmed cross-reference found; auto-accepted as a direct 1:1 ship-to->chain mapping (High confidence per the file's own methodology),mtagent pbi audit (cross-ref CustomerCode_Zone_State_Mapping.csv),2026-07-14
Reliance Retail,Reliance Retail Limited-FOC,Reliance Retail Limited-FOC,Direct,BBlunt,Monthly dynamic Cont% (secondary-driven),2,May'25–Jul'25,100.0,100.0,100.0,High,Direct ship-to → single chain (1:1),,,,,,Validated (High-Confidence Auto),Reliance Retail,Reliance Retail Limited-FOC,Keep,no Confirmed cross-reference found; auto-accepted as a direct 1:1 ship-to->chain mapping (High confidence per the file's own methodology),mtagent pbi audit (cross-ref CustomerCode_Zone_State_Mapping.csv),2026-07-14
Reliance Retail,Reliance Retail Limited-FOC,Reliance Retail Limited-FOC,Direct,Mamaearth,Monthly dynamic Cont% (secondary-driven),10,May'25–May'26,100.0,100.0,100.0,High,Direct ship-to → single chain (1:1),,,,,,Validated (High-Confidence Auto),Reliance Retail,Reliance Retail Limited-FOC,Keep,no Confirmed cross-reference found; auto-accepted as a direct 1:1 ship-to->chain mapping (High confidence per the file's own methodology),mtagent pbi audit (cross-ref CustomerCode_Zone_State_Mapping.csv),2026-07-14
Reliance Retail,Reliance Retail Limited-FOC,Reliance Retail Limited-FOC,Direct,The Derma Co.,Monthly dynamic Cont% (secondary-driven),8,Aug'25–May'26,100.0,100.0,100.0,High,Direct ship-to → single chain (1:1),,,,,,Validated (High-Confidence Auto),Reliance Retail,Reliance Retail Limited-FOC,Keep,no Confirmed cross-reference found; auto-accepted as a direct 1:1 ship-to->chain mapping (High confidence per the file's own methodology),mtagent pbi audit (cross-ref CustomerCode_Zone_State_Mapping.csv),2026-07-14
Reliance Retail,Reliance Retail Limited-FR04,Reliance Retail Limited-FR04,Direct,Aqualogica,Monthly dynamic Cont% (secondary-driven),5,Jul'25–Jan'26,100.0,100.0,100.0,High,Direct ship-to → single chain (1:1),,,,,,Validated (High-Confidence Auto),Reliance Retail,Reliance Retail Limited-FR04,Keep,no Confirmed cross-reference found; auto-accepted as a direct 1:1 ship-to->chain mapping (High confidence per the file's own methodology),mtagent pbi audit (cross-ref CustomerCode_Zone_State_Mapping.csv),2026-07-14
Reliance Retail,Reliance Retail Limited-FR04,Reliance Retail Limited-FR04,Direct,BBlunt,Monthly dynamic Cont% (secondary-driven),5,Jul'25–Jan'26,100.0,100.0,100.0,High,Direct ship-to → single chain (1:1),,,,,,Validated (High-Confidence Auto),Reliance Retail,Reliance Retail Limited-FR04,Keep,no Confirmed cross-reference found; auto-accepted as a direct 1:1 ship-to->chain mapping (High confidence per the file's own methodology),mtagent pbi audit (cross-ref CustomerCode_Zone_State_Mapping.csv),2026-07-14
Reliance Retail,Reliance Retail Limited-FR04,Reliance Retail Limited-FR04,Direct,Mamaearth,Monthly dynamic Cont% (secondary-driven),11,Apr'25–May'26,100.0,100.0,100.0,High,Direct ship-to → single chain (1:1),,,,,,Validated (High-Confidence Auto),Reliance Retail,Reliance Retail Limited-FR04,Keep,no Confirmed cross-reference found; auto-accepted as a direct 1:1 ship-to->chain mapping (High confidence per the file's own methodology),mtagent pbi audit (cross-ref CustomerCode_Zone_State_Mapping.csv),2026-07-14
Reliance Retail,Reliance Retail Limited-FR04,Reliance Retail Limited-FR04,Direct,The Derma Co.,Monthly dynamic Cont% (secondary-driven),6,Jul'25–Apr'26,100.0,100.0,100.0,High,Direct ship-to → single chain (1:1),,,,,,Validated (High-Confidence Auto),Reliance Retail,Reliance Retail Limited-FR04,Keep,no Confirmed cross-reference found; auto-accepted as a direct 1:1 ship-to->chain mapping (High confidence per the file's own methodology),mtagent pbi audit (cross-ref CustomerCode_Zone_State_Mapping.csv),2026-07-14
Reliance Retail,Reliance Retail Limited-FR08,Reliance Retail Limited-FR08,Direct,Mamaearth,Monthly dynamic Cont% (secondary-driven),10,Apr'25–May'26,100.0,100.0,100.0,High,Direct ship-to → single chain (1:1),,,,,,Validated (High-Confidence Auto),Reliance Retail,Reliance Retail Limited-FR08,Keep,no Confirmed cross-reference found; auto-accepted as a direct 1:1 ship-to->chain mapping (High confidence per the file's own methodology),mtagent pbi audit (cross-ref CustomerCode_Zone_State_Mapping.csv),2026-07-14
Reliance Retail,Reliance Retail Limited-FR08,Reliance Retail Limited-FR08,Direct,The Derma Co.,Monthly dynamic Cont% (secondary-driven),1,Oct'25–Oct'25,100.0,100.0,100.0,High,Direct ship-to → single chain (1:1),,,,,,Validated (High-Confidence Auto),Reliance Retail,Reliance Retail Limited-FR08,Keep,no Confirmed cross-reference found; auto-accepted as a direct 1:1 ship-to->chain mapping (High confidence per the file's own methodology),mtagent pbi audit (cross-ref CustomerCode_Zone_State_Mapping.csv),2026-07-14
Reliance Retail,Reliance Retail Limited-FR15,Reliance Retail Limited-FR15,Direct,Mamaearth,Monthly dynamic Cont% (secondary-driven),8,Apr'25–Apr'26,100.0,100.0,100.0,High,Direct ship-to → single chain (1:1),,,,,,Validated (High-Confidence Auto),Reliance Retail,Reliance Retail Limited-FR15,Keep,no Confirmed cross-reference found; auto-accepted as a direct 1:1 ship-to->chain mapping (High confidence per the file's own methodology),mtagent pbi audit (cross-ref CustomerCode_Zone_State_Mapping.csv),2026-07-14
Reliance Retail,Reliance Retail Limited-FR15,Reliance Retail Limited-FR15,Direct,The Derma Co.,Monthly dynamic Cont% (secondary-driven),2,Oct'25–Dec'25,100.0,100.0,100.0,High,Direct ship-to → single chain (1:1),,,,,,Validated (High-Confidence Auto),Reliance Retail,Reliance Retail Limited-FR15,Keep,no Confirmed cross-reference found; auto-accepted as a direct 1:1 ship-to->chain mapping (High confidence per the file's own methodology),mtagent pbi audit (cross-ref CustomerCode_Zone_State_Mapping.csv),2026-07-14
Reliance Retail,Reliance Retail Limited-FR22,Reliance Retail Limited-FR22,Direct,Mamaearth,Monthly dynamic Cont% (secondary-driven),9,Apr'25–May'26,100.0,100.0,100.0,High,Direct ship-to → single chain (1:1),,,,,,Validated (High-Confidence Auto),Reliance Retail,Reliance Retail Limited-FR22,Keep,no Confirmed cross-reference found; auto-accepted as a direct 1:1 ship-to->chain mapping (High confidence per the file's own methodology),mtagent pbi audit (cross-ref CustomerCode_Zone_State_Mapping.csv),2026-07-14
Reliance Retail,Reliance Retail Limited-FR23,Reliance Retail Limited-FR23,Direct,Mamaearth,Monthly dynamic Cont% (secondary-driven),10,Apr'25–May'26,100.0,100.0,100.0,High,Direct ship-to → single chain (1:1),,,,,,Validated (High-Confidence Auto),Reliance Retail,Reliance Retail Limited-FR23,Keep,no Confirmed cross-reference found; auto-accepted as a direct 1:1 ship-to->chain mapping (High confidence per the file's own methodology),mtagent pbi audit (cross-ref CustomerCode_Zone_State_Mapping.csv),2026-07-14
Reliance Retail,Reliance Retail Limited-FR40,Reliance Retail Limited-FR40,Direct,Mamaearth,Monthly dynamic Cont% (secondary-driven),10,May'25–May'26,100.0,100.0,100.0,High,Direct ship-to → single chain (1:1),,,,,,Validated (High-Confidence Auto),Reliance Retail,Reliance Retail Limited-FR40,Keep,no Confirmed cross-reference found; auto-accepted as a direct 1:1 ship-to->chain mapping (High confidence per the file's own methodology),mtagent pbi audit (cross-ref CustomerCode_Zone_State_Mapping.csv),2026-07-14
Reliance Retail,Reliance Retail Limited-FR43,Reliance Retail Limited-FR43,Direct,Mamaearth,Monthly dynamic Cont% (secondary-driven),9,Apr'25–Apr'26,100.0,100.0,100.0,High,Direct ship-to → single chain (1:1),,,,,,Validated (High-Confidence Auto),Reliance Retail,Reliance Retail Limited-FR43,Keep,no Confirmed cross-reference found; auto-accepted as a direct 1:1 ship-to->chain mapping (High confidence per the file's own methodology),mtagent pbi audit (cross-ref CustomerCode_Zone_State_Mapping.csv),2026-07-14
Reliance Retail,Reliance Retail Limited-FR43,Reliance Retail Limited-FR43,Direct,The Derma Co.,Monthly dynamic Cont% (secondary-driven),1,Oct'25–Oct'25,100.0,100.0,100.0,High,Direct ship-to → single chain (1:1),,,,,,Validated (High-Confidence Auto),Reliance Retail,Reliance Retail Limited-FR43,Keep,no Confirmed cross-reference found; auto-accepted as a direct 1:1 ship-to->chain mapping (High confidence per the file's own methodology),mtagent pbi audit (cross-ref CustomerCode_Zone_State_Mapping.csv),2026-07-14
Reliance Retail,Reliance Retail Limited-FR45,Reliance Retail Limited-FR45,Direct,Aqualogica,Monthly dynamic Cont% (secondary-driven),4,Apr'25–Mar'26,100.0,100.0,100.0,High,Direct ship-to → single chain (1:1),,,,,,Validated (High-Confidence Auto),Reliance Retail,Reliance Retail Limited-FR45,Keep,no Confirmed cross-reference found; auto-accepted as a direct 1:1 ship-to->chain mapping (High confidence per the file's own methodology),mtagent pbi audit (cross-ref CustomerCode_Zone_State_Mapping.csv),2026-07-14
Reliance Retail,Reliance Retail Limited-FR45,Reliance Retail Limited-FR45,Direct,BBlunt,Monthly dynamic Cont% (secondary-driven),9,Apr'25–Mar'26,100.0,100.0,100.0,High,Direct ship-to → single chain (1:1),,,,,,Validated (High-Confidence Auto),Reliance Retail,Reliance Retail Limited-FR45,Keep,no Confirmed cross-reference found; auto-accepted as a direct 1:1 ship-to->chain mapping (High confidence per the file's own methodology),mtagent pbi audit (cross-ref CustomerCode_Zone_State_Mapping.csv),2026-07-14
Reliance Retail,Reliance Retail Limited-FR45,Reliance Retail Limited-FR45,Direct,Mamaearth,Monthly dynamic Cont% (secondary-driven),10,Apr'25–May'26,100.0,100.0,100.0,High,Direct ship-to → single chain (1:1),,,,,,Validated (High-Confidence Auto),Reliance Retail,Reliance Retail Limited-FR45,Keep,no Confirmed cross-reference found; auto-accepted as a direct 1:1 ship-to->chain mapping (High confidence per the file's own methodology),mtagent pbi audit (cross-ref CustomerCode_Zone_State_Mapping.csv),2026-07-14
Reliance Retail,Reliance Retail Limited-FR45,Reliance Retail Limited-FR45,Direct,The Derma Co.,Monthly dynamic Cont% (secondary-driven),11,Apr'25–May'26,100.0,100.0,100.0,High,Direct ship-to → single chain (1:1),,,,,,Validated (High-Confidence Auto),Reliance Retail,Reliance Retail Limited-FR45,Keep,no Confirmed cross-reference found; auto-accepted as a direct 1:1 ship-to->chain mapping (High confidence per the file's own methodology),mtagent pbi audit (cross-ref CustomerCode_Zone_State_Mapping.csv),2026-07-14
Reliance Retail,Reliance Retail Limited-FR46,Reliance Retail Limited-FR46,Direct,Mamaearth,Monthly dynamic Cont% (secondary-driven),9,May'25–May'26,100.0,100.0,100.0,High,Direct ship-to → single chain (1:1),,,,,,Validated (High-Confidence Auto),Reliance Retail,Reliance Retail Limited-FR46,Keep,no Confirmed cross-reference found; auto-accepted as a direct 1:1 ship-to->chain mapping (High confidence per the file's own methodology),mtagent pbi audit (cross-ref CustomerCode_Zone_State_Mapping.csv),2026-07-14
Reliance Retail,Reliance Retail Limited-FR47,Reliance Retail Limited-FR47,Direct,Mamaearth,Monthly dynamic Cont% (secondary-driven),8,May'25–Apr'26,100.0,100.0,100.0,High,Direct ship-to → single chain (1:1),,,,,,Validated (High-Confidence Auto),Reliance Retail,Reliance Retail Limited-FR47,Keep,no Confirmed cross-reference found; auto-accepted as a direct 1:1 ship-to->chain mapping (High confidence per the file's own methodology),mtagent pbi audit (cross-ref CustomerCode_Zone_State_Mapping.csv),2026-07-14
Reliance Retail,Reliance Retail Limited-FR47,Reliance Retail Limited-FR47,Direct,The Derma Co.,Monthly dynamic Cont% (secondary-driven),1,Oct'25–Oct'25,100.0,100.0,100.0,High,Direct ship-to → single chain (1:1),,,,,,Validated (High-Confidence Auto),Reliance Retail,Reliance Retail Limited-FR47,Keep,no Confirmed cross-reference found; auto-accepted as a direct 1:1 ship-to->chain mapping (High confidence per the file's own methodology),mtagent pbi audit (cross-ref CustomerCode_Zone_State_Mapping.csv),2026-07-14
Reliance Retail,Reliance Retail Limited-FR48,Reliance Retail Limited-FR48,Direct,Mamaearth,Monthly dynamic Cont% (secondary-driven),10,Apr'25–May'26,100.0,100.0,100.0,High,Direct ship-to → single chain (1:1),,,,,,Validated (High-Confidence Auto),Reliance Retail,Reliance Retail Limited-FR48,Keep,no Confirmed cross-reference found; auto-accepted as a direct 1:1 ship-to->chain mapping (High confidence per the file's own methodology),mtagent pbi audit (cross-ref CustomerCode_Zone_State_Mapping.csv),2026-07-14
Reliance Retail,Reliance Retail Limited-FR57,Reliance Retail Limited-FR57,Direct,Mamaearth,Monthly dynamic Cont% (secondary-driven),7,Jul'25–May'26,100.0,100.0,100.0,High,Direct ship-to → single chain (1:1),,,,,,Validated (High-Confidence Auto),Reliance Retail,Reliance Retail Limited-FR57,Keep,no Confirmed cross-reference found; auto-accepted as a direct 1:1 ship-to->chain mapping (High confidence per the file's own methodology),mtagent pbi audit (cross-ref CustomerCode_Zone_State_Mapping.csv),2026-07-14
Reliance Retail,Reliance Retail Limited-FR63,Reliance Retail Limited-FR63,Direct,Aqualogica,Monthly dynamic Cont% (secondary-driven),9,Apr'25–Mar'26,100.0,100.0,100.0,High,Direct ship-to → single chain (1:1),,,,,,Validated (High-Confidence Auto),Reliance Retail,Reliance Retail Limited-FR63,Keep,no Confirmed cross-reference found; auto-accepted as a direct 1:1 ship-to->chain mapping (High confidence per the file's own methodology),mtagent pbi audit (cross-ref CustomerCode_Zone_State_Mapping.csv),2026-07-14
Reliance Retail,Reliance Retail Limited-FR63,Reliance Retail Limited-FR63,Direct,BBlunt,Monthly dynamic Cont% (secondary-driven),9,Apr'25–Mar'26,100.0,100.0,100.0,High,Direct ship-to → single chain (1:1),,,,,,Validated (High-Confidence Auto),Reliance Retail,Reliance Retail Limited-FR63,Keep,no Confirmed cross-reference found; auto-accepted as a direct 1:1 ship-to->chain mapping (High confidence per the file's own methodology),mtagent pbi audit (cross-ref CustomerCode_Zone_State_Mapping.csv),2026-07-14
Reliance Retail,Reliance Retail Limited-FR63,Reliance Retail Limited-FR63,Direct,Mamaearth,Monthly dynamic Cont% (secondary-driven),9,Apr'25–Apr'26,100.0,100.0,100.0,High,Direct ship-to → single chain (1:1),,,,,,Validated (High-Confidence Auto),Reliance Retail,Reliance Retail Limited-FR63,Keep,no Confirmed cross-reference found; auto-accepted as a direct 1:1 ship-to->chain mapping (High confidence per the file's own methodology),mtagent pbi audit (cross-ref CustomerCode_Zone_State_Mapping.csv),2026-07-14
Reliance Retail,Reliance Retail Limited-FR63,Reliance Retail Limited-FR63,Direct,The Derma Co.,Monthly dynamic Cont% (secondary-driven),10,Apr'25–Apr'26,100.0,100.0,100.0,High,Direct ship-to → single chain (1:1),,,,,,Validated (High-Confidence Auto),Reliance Retail,Reliance Retail Limited-FR63,Keep,no Confirmed cross-reference found; auto-accepted as a direct 1:1 ship-to->chain mapping (High confidence per the file's own methodology),mtagent pbi audit (cross-ref CustomerCode_Zone_State_Mapping.csv),2026-07-14
Reliance Retail,Reliance Retail Limited-FR67,Reliance Retail Limited-FR67,Direct,Aqualogica,Monthly dynamic Cont% (secondary-driven),9,Apr'25–Mar'26,100.0,100.0,100.0,High,Direct ship-to → single chain (1:1),,,,,,Validated (High-Confidence Auto),Reliance Retail,Reliance Retail Limited-FR67,Keep,no Confirmed cross-reference found; auto-accepted as a direct 1:1 ship-to->chain mapping (High confidence per the file's own methodology),mtagent pbi audit (cross-ref CustomerCode_Zone_State_Mapping.csv),2026-07-14
Reliance Retail,Reliance Retail Limited-FR67,Reliance Retail Limited-FR67,Direct,BBlunt,Monthly dynamic Cont% (secondary-driven),9,Apr'25–Mar'26,100.0,100.0,100.0,High,Direct ship-to → single chain (1:1),,,,,,Validated (High-Confidence Auto),Reliance Retail,Reliance Retail Limited-FR67,Keep,no Confirmed cross-reference found; auto-accepted as a direct 1:1 ship-to->chain mapping (High confidence per the file's own methodology),mtagent pbi audit (cross-ref CustomerCode_Zone_State_Mapping.csv),2026-07-14
Reliance Retail,Reliance Retail Limited-FR67,Reliance Retail Limited-FR67,Direct,Mamaearth,Monthly dynamic Cont% (secondary-driven),9,Apr'25–Apr'26,100.0,100.0,100.0,High,Direct ship-to → single chain (1:1),,,,,,Validated (High-Confidence Auto),Reliance Retail,Reliance Retail Limited-FR67,Keep,no Confirmed cross-reference found; auto-accepted as a direct 1:1 ship-to->chain mapping (High confidence per the file's own methodology),mtagent pbi audit (cross-ref CustomerCode_Zone_State_Mapping.csv),2026-07-14
Reliance Retail,Reliance Retail Limited-FR67,Reliance Retail Limited-FR67,Direct,The Derma Co.,Monthly dynamic Cont% (secondary-driven),10,Apr'25–Apr'26,100.0,100.0,100.0,High,Direct ship-to → single chain (1:1),,,,,,Validated (High-Confidence Auto),Reliance Retail,Reliance Retail Limited-FR67,Keep,no Confirmed cross-reference found; auto-accepted as a direct 1:1 ship-to->chain mapping (High confidence per the file's own methodology),mtagent pbi audit (cross-ref CustomerCode_Zone_State_Mapping.csv),2026-07-14
Reliance Retail,Reliance Retail Limited-FR69,Reliance Retail Limited-FR69,Direct,Mamaearth,Monthly dynamic Cont% (secondary-driven),6,Jul'25–Apr'26,100.0,100.0,100.0,High,Direct ship-to → single chain (1:1),,,,,,Validated (High-Confidence Auto),Reliance Retail,Reliance Retail Limited-FR69,Keep,no Confirmed cross-reference found; auto-accepted as a direct 1:1 ship-to->chain mapping (High confidence per the file's own methodology),mtagent pbi audit (cross-ref CustomerCode_Zone_State_Mapping.csv),2026-07-14
Reliance Retail,Reliance Retail Limited-FR73,Reliance Retail Limited-FR73,Direct,Aqualogica,Monthly dynamic Cont% (secondary-driven),9,Apr'25–Mar'26,100.0,100.0,100.0,High,Direct ship-to → single chain (1:1),,,,,,Validated (High-Confidence Auto),Reliance Retail,Reliance Retail Limited-FR73,Keep,no Confirmed cross-reference found; auto-accepted as a direct 1:1 ship-to->chain mapping (High confidence per the file's own methodology),mtagent pbi audit (cross-ref CustomerCode_Zone_State_Mapping.csv),2026-07-14
Reliance Retail,Reliance Retail Limited-FR73,Reliance Retail Limited-FR73,Direct,BBlunt,Monthly dynamic Cont% (secondary-driven),9,Apr'25–Mar'26,100.0,100.0,100.0,High,Direct ship-to → single chain (1:1),,,,,,Validated (High-Confidence Auto),Reliance Retail,Reliance Retail Limited-FR73,Keep,no Confirmed cross-reference found; auto-accepted as a direct 1:1 ship-to->chain mapping (High confidence per the file's own methodology),mtagent pbi audit (cross-ref CustomerCode_Zone_State_Mapping.csv),2026-07-14
Reliance Retail,Reliance Retail Limited-FR73,Reliance Retail Limited-FR73,Direct,Mamaearth,Monthly dynamic Cont% (secondary-driven),10,Apr'25–May'26,100.0,100.0,100.0,High,Direct ship-to → single chain (1:1),,,,,,Validated (High-Confidence Auto),Reliance Retail,Reliance Retail Limited-FR73,Keep,no Confirmed cross-reference found; auto-accepted as a direct 1:1 ship-to->chain mapping (High confidence per the file's own methodology),mtagent pbi audit (cross-ref CustomerCode_Zone_State_Mapping.csv),2026-07-14
Reliance Retail,Reliance Retail Limited-FR73,Reliance Retail Limited-FR73,Direct,The Derma Co.,Monthly dynamic Cont% (secondary-driven),10,Apr'25–Apr'26,100.0,100.0,100.0,High,Direct ship-to → single chain (1:1),,,,,,Validated (High-Confidence Auto),Reliance Retail,Reliance Retail Limited-FR73,Keep,no Confirmed cross-reference found; auto-accepted as a direct 1:1 ship-to->chain mapping (High confidence per the file's own methodology),mtagent pbi audit (cross-ref CustomerCode_Zone_State_Mapping.csv),2026-07-14
Reliance Retail,Reliance Retail Limited-FR74,Reliance Retail Limited-FR74,Direct,Mamaearth,Monthly dynamic Cont% (secondary-driven),10,Apr'25–May'26,100.0,100.0,100.0,High,Direct ship-to → single chain (1:1),,,,,,Validated (High-Confidence Auto),Reliance Retail,Reliance Retail Limited-FR74,Keep,no Confirmed cross-reference found; auto-accepted as a direct 1:1 ship-to->chain mapping (High confidence per the file's own methodology),mtagent pbi audit (cross-ref CustomerCode_Zone_State_Mapping.csv),2026-07-14
Reliance Retail,Reliance Retail Limited-FR74,Reliance Retail Limited-FR74,Direct,The Derma Co.,Monthly dynamic Cont% (secondary-driven),1,Oct'25–Oct'25,100.0,100.0,100.0,High,Direct ship-to → single chain (1:1),,,,,,Validated (High-Confidence Auto),Reliance Retail,Reliance Retail Limited-FR74,Keep,no Confirmed cross-reference found; auto-accepted as a direct 1:1 ship-to->chain mapping (High confidence per the file's own methodology),mtagent pbi audit (cross-ref CustomerCode_Zone_State_Mapping.csv),2026-07-14
Reliance Retail,Reliance Retail Limited-FR78,Reliance Retail Limited-FR78,Direct,Mamaearth,Monthly dynamic Cont% (secondary-driven),7,Jul'25–May'26,100.0,100.0,100.0,High,Direct ship-to → single chain (1:1),,,,,,Validated (High-Confidence Auto),Reliance Retail,Reliance Retail Limited-FR78,Keep,no Confirmed cross-reference found; auto-accepted as a direct 1:1 ship-to->chain mapping (High confidence per the file's own methodology),mtagent pbi audit (cross-ref CustomerCode_Zone_State_Mapping.csv),2026-07-14
Reliance Retail,Reliance Retail Limited-FR92,Reliance Retail Limited-FR92,Direct,Aqualogica,Monthly dynamic Cont% (secondary-driven),9,Apr'25–Mar'26,100.0,100.0,100.0,High,Direct ship-to → single chain (1:1),,,,,,Validated (High-Confidence Auto),Reliance Retail,Reliance Retail Limited-FR92,Keep,no Confirmed cross-reference found; auto-accepted as a direct 1:1 ship-to->chain mapping (High confidence per the file's own methodology),mtagent pbi audit (cross-ref CustomerCode_Zone_State_Mapping.csv),2026-07-14
Reliance Retail,Reliance Retail Limited-FR92,Reliance Retail Limited-FR92,Direct,BBlunt,Monthly dynamic Cont% (secondary-driven),8,Apr'25–Jan'26,100.0,100.0,100.0,High,Direct ship-to → single chain (1:1),,,,,,Validated (High-Confidence Auto),Reliance Retail,Reliance Retail Limited-FR92,Keep,no Confirmed cross-reference found; auto-accepted as a direct 1:1 ship-to->chain mapping (High confidence per the file's own methodology),mtagent pbi audit (cross-ref CustomerCode_Zone_State_Mapping.csv),2026-07-14
Reliance Retail,Reliance Retail Limited-FR92,Reliance Retail Limited-FR92,Direct,The Derma Co.,Monthly dynamic Cont% (secondary-driven),10,Apr'25–Apr'26,100.0,100.0,100.0,High,Direct ship-to → single chain (1:1),,,,,,Validated (High-Confidence Auto),Reliance Retail,Reliance Retail Limited-FR92,Keep,no Confirmed cross-reference found; auto-accepted as a direct 1:1 ship-to->chain mapping (High confidence per the file's own methodology),mtagent pbi audit (cross-ref CustomerCode_Zone_State_Mapping.csv),2026-07-14
Reliance Retail,Reliance Retail Limited-FR93,Reliance Retail Limited-FR93,Direct,Aqualogica,Monthly dynamic Cont% (secondary-driven),9,Apr'25–Mar'26,100.0,100.0,100.0,High,Direct ship-to → single chain (1:1),,,,,,Validated (High-Confidence Auto),Reliance Retail,Reliance Retail Limited-FR93,Keep,no Confirmed cross-reference found; auto-accepted as a direct 1:1 ship-to->chain mapping (High confidence per the file's own methodology),mtagent pbi audit (cross-ref CustomerCode_Zone_State_Mapping.csv),2026-07-14
Reliance Retail,Reliance Retail Limited-FR93,Reliance Retail Limited-FR93,Direct,BBlunt,Monthly dynamic Cont% (secondary-driven),9,Apr'25–Mar'26,100.0,100.0,100.0,High,Direct ship-to → single chain (1:1),,,,,,Validated (High-Confidence Auto),Reliance Retail,Reliance Retail Limited-FR93,Keep,no Confirmed cross-reference found; auto-accepted as a direct 1:1 ship-to->chain mapping (High confidence per the file's own methodology),mtagent pbi audit (cross-ref CustomerCode_Zone_State_Mapping.csv),2026-07-14
Reliance Retail,Reliance Retail Limited-FR93,Reliance Retail Limited-FR93,Direct,Mamaearth,Monthly dynamic Cont% (secondary-driven),1,Nov'25–Nov'25,100.0,100.0,100.0,High,Direct ship-to → single chain (1:1),,,,,,Validated (High-Confidence Auto),Reliance Retail,Reliance Retail Limited-FR93,Keep,no Confirmed cross-reference found; auto-accepted as a direct 1:1 ship-to->chain mapping (High confidence per the file's own methodology),mtagent pbi audit (cross-ref CustomerCode_Zone_State_Mapping.csv),2026-07-14
Reliance Retail,Reliance Retail Limited-FR93,Reliance Retail Limited-FR93,Direct,The Derma Co.,Monthly dynamic Cont% (secondary-driven),9,Apr'25–Mar'26,100.0,100.0,100.0,High,Direct ship-to → single chain (1:1),,,,,,Validated (High-Confidence Auto),Reliance Retail,Reliance Retail Limited-FR93,Keep,no Confirmed cross-reference found; auto-accepted as a direct 1:1 ship-to->chain mapping (High confidence per the file's own methodology),mtagent pbi audit (cross-ref CustomerCode_Zone_State_Mapping.csv),2026-07-14
Reliance Retail,Reliance Retail Limited-FR94,Reliance Retail Limited-FR94,Direct,Mamaearth,Monthly dynamic Cont% (secondary-driven),10,Apr'25–May'26,100.0,100.0,100.0,High,Direct ship-to → single chain (1:1),,,,,,Validated (High-Confidence Auto),Reliance Retail,Reliance Retail Limited-FR94,Keep,no Confirmed cross-reference found; auto-accepted as a direct 1:1 ship-to->chain mapping (High confidence per the file's own methodology),mtagent pbi audit (cross-ref CustomerCode_Zone_State_Mapping.csv),2026-07-14
Reliance Retail,Reliance Retail Limited-FR95,Reliance Retail Limited-FR95,Direct,Mamaearth,Monthly dynamic Cont% (secondary-driven),10,Apr'25–May'26,100.0,100.0,100.0,High,Direct ship-to → single chain (1:1),,,,,,Validated (High-Confidence Auto),Reliance Retail,Reliance Retail Limited-FR95,Keep,no Confirmed cross-reference found; auto-accepted as a direct 1:1 ship-to->chain mapping (High confidence per the file's own methodology),mtagent pbi audit (cross-ref CustomerCode_Zone_State_Mapping.csv),2026-07-14
Reliance Retail,Reliance Retail Limited-FR96,Reliance Retail Limited-FR96,Direct,Mamaearth,Monthly dynamic Cont% (secondary-driven),10,Apr'25–May'26,100.0,100.0,100.0,High,Direct ship-to → single chain (1:1),,,,,,Validated (High-Confidence Auto),Reliance Retail,Reliance Retail Limited-FR96,Keep,no Confirmed cross-reference found; auto-accepted as a direct 1:1 ship-to->chain mapping (High confidence per the file's own methodology),mtagent pbi audit (cross-ref CustomerCode_Zone_State_Mapping.csv),2026-07-14
Reliance Retail,Reliance Retail Limited-FR97,Reliance Retail Limited-FR97,Direct,Aqualogica,Monthly dynamic Cont% (secondary-driven),9,Apr'25–Mar'26,100.0,100.0,100.0,High,Direct ship-to → single chain (1:1),,,,,,Validated (High-Confidence Auto),Reliance Retail,Reliance Retail Limited-FR97,Keep,no Confirmed cross-reference found; auto-accepted as a direct 1:1 ship-to->chain mapping (High confidence per the file's own methodology),mtagent pbi audit (cross-ref CustomerCode_Zone_State_Mapping.csv),2026-07-14
Reliance Retail,Reliance Retail Limited-FR97,Reliance Retail Limited-FR97,Direct,BBlunt,Monthly dynamic Cont% (secondary-driven),9,Apr'25–Mar'26,100.0,100.0,100.0,High,Direct ship-to → single chain (1:1),,,,,,Validated (High-Confidence Auto),Reliance Retail,Reliance Retail Limited-FR97,Keep,no Confirmed cross-reference found; auto-accepted as a direct 1:1 ship-to->chain mapping (High confidence per the file's own methodology),mtagent pbi audit (cross-ref CustomerCode_Zone_State_Mapping.csv),2026-07-14
Reliance Retail,Reliance Retail Limited-FR97,Reliance Retail Limited-FR97,Direct,The Derma Co.,Monthly dynamic Cont% (secondary-driven),9,Apr'25–Mar'26,100.0,100.0,100.0,High,Direct ship-to → single chain (1:1),,,,,,Validated (High-Confidence Auto),Reliance Retail,Reliance Retail Limited-FR97,Keep,no Confirmed cross-reference found; auto-accepted as a direct 1:1 ship-to->chain mapping (High confidence per the file's own methodology),mtagent pbi audit (cross-ref CustomerCode_Zone_State_Mapping.csv),2026-07-14
Reliance Retail,Reliance Retail Limited-FR98,Reliance Retail Limited-FR98,Direct,Aqualogica,Monthly dynamic Cont% (secondary-driven),9,Apr'25–Mar'26,100.0,100.0,100.0,High,Direct ship-to → single chain (1:1),,,,,,Validated (High-Confidence Auto),Reliance Retail,Reliance Retail Limited-FR98,Keep,no Confirmed cross-reference found; auto-accepted as a direct 1:1 ship-to->chain mapping (High confidence per the file's own methodology),mtagent pbi audit (cross-ref CustomerCode_Zone_State_Mapping.csv),2026-07-14
Reliance Retail,Reliance Retail Limited-FR98,Reliance Retail Limited-FR98,Direct,BBlunt,Monthly dynamic Cont% (secondary-driven),9,Apr'25–Mar'26,100.0,100.0,100.0,High,Direct ship-to → single chain (1:1),,,,,,Validated (High-Confidence Auto),Reliance Retail,Reliance Retail Limited-FR98,Keep,no Confirmed cross-reference found; auto-accepted as a direct 1:1 ship-to->chain mapping (High confidence per the file's own methodology),mtagent pbi audit (cross-ref CustomerCode_Zone_State_Mapping.csv),2026-07-14
Reliance Retail,Reliance Retail Limited-FR98,Reliance Retail Limited-FR98,Direct,The Derma Co.,Monthly dynamic Cont% (secondary-driven),9,Apr'25–Mar'26,100.0,100.0,100.0,High,Direct ship-to → single chain (1:1),,,,,,Validated (High-Confidence Auto),Reliance Retail,Reliance Retail Limited-FR98,Keep,no Confirmed cross-reference found; auto-accepted as a direct 1:1 ship-to->chain mapping (High confidence per the file's own methodology),mtagent pbi audit (cross-ref CustomerCode_Zone_State_Mapping.csv),2026-07-14
Reliance Retail,Reliance Retail Limited-FRAR,Reliance Retail Limited-FRAR,Direct,Aqualogica,Monthly dynamic Cont% (secondary-driven),9,Apr'25–Mar'26,100.0,100.0,100.0,High,Direct ship-to → single chain (1:1),,,,,,Validated (High-Confidence Auto),Reliance Retail,Reliance Retail Limited-FRAR,Keep,no Confirmed cross-reference found; auto-accepted as a direct 1:1 ship-to->chain mapping (High confidence per the file's own methodology),mtagent pbi audit (cross-ref CustomerCode_Zone_State_Mapping.csv),2026-07-14
Reliance Retail,Reliance Retail Limited-FRAR,Reliance Retail Limited-FRAR,Direct,BBlunt,Monthly dynamic Cont% (secondary-driven),9,Apr'25–Mar'26,100.0,100.0,100.0,High,Direct ship-to → single chain (1:1),,,,,,Validated (High-Confidence Auto),Reliance Retail,Reliance Retail Limited-FRAR,Keep,no Confirmed cross-reference found; auto-accepted as a direct 1:1 ship-to->chain mapping (High confidence per the file's own methodology),mtagent pbi audit (cross-ref CustomerCode_Zone_State_Mapping.csv),2026-07-14
Reliance Retail,Reliance Retail Limited-FRAR,Reliance Retail Limited-FRAR,Direct,Mamaearth,Monthly dynamic Cont% (secondary-driven),13,Apr'25–May'26,100.0,100.0,100.0,High,Direct ship-to → single chain (1:1),,,,,,Validated (High-Confidence Auto),Reliance Retail,Reliance Retail Limited-FRAR,Keep,no Confirmed cross-reference found; auto-accepted as a direct 1:1 ship-to->chain mapping (High confidence per the file's own methodology),mtagent pbi audit (cross-ref CustomerCode_Zone_State_Mapping.csv),2026-07-14
Reliance Retail,Reliance Retail Limited-FRAR,Reliance Retail Limited-FRAR,Direct,The Derma Co.,Monthly dynamic Cont% (secondary-driven),11,Apr'25–May'26,100.0,100.0,100.0,High,Direct ship-to → single chain (1:1),,,,,,Validated (High-Confidence Auto),Reliance Retail,Reliance Retail Limited-FRAR,Keep,no Confirmed cross-reference found; auto-accepted as a direct 1:1 ship-to->chain mapping (High confidence per the file's own methodology),mtagent pbi audit (cross-ref CustomerCode_Zone_State_Mapping.csv),2026-07-14
Reliance Retail,Reliance Retail Limited-FRAU,Reliance Retail Limited-FRAU,Direct,Aqualogica,Monthly dynamic Cont% (secondary-driven),8,May'25–Mar'26,100.0,100.0,100.0,High,Direct ship-to → single chain (1:1),,,,,,Validated (High-Confidence Auto),Reliance Retail,Reliance Retail Limited-FRAU,Keep,no Confirmed cross-reference found; auto-accepted as a direct 1:1 ship-to->chain mapping (High confidence per the file's own methodology),mtagent pbi audit (cross-ref CustomerCode_Zone_State_Mapping.csv),2026-07-14
Reliance Retail,Reliance Retail Limited-FRAU,Reliance Retail Limited-FRAU,Direct,BBlunt,Monthly dynamic Cont% (secondary-driven),8,May'25–Mar'26,100.0,100.0,100.0,High,Direct ship-to → single chain (1:1),,,,,,Validated (High-Confidence Auto),Reliance Retail,Reliance Retail Limited-FRAU,Keep,no Confirmed cross-reference found; auto-accepted as a direct 1:1 ship-to->chain mapping (High confidence per the file's own methodology),mtagent pbi audit (cross-ref CustomerCode_Zone_State_Mapping.csv),2026-07-14
Reliance Retail,Reliance Retail Limited-FRAU,Reliance Retail Limited-FRAU,Direct,Mamaearth,Monthly dynamic Cont% (secondary-driven),9,May'25–May'26,100.0,100.0,100.0,High,Direct ship-to → single chain (1:1),,,,,,Validated (High-Confidence Auto),Reliance Retail,Reliance Retail Limited-FRAU,Keep,no Confirmed cross-reference found; auto-accepted as a direct 1:1 ship-to->chain mapping (High confidence per the file's own methodology),mtagent pbi audit (cross-ref CustomerCode_Zone_State_Mapping.csv),2026-07-14
Reliance Retail,Reliance Retail Limited-FRAU,Reliance Retail Limited-FRAU,Direct,The Derma Co.,Monthly dynamic Cont% (secondary-driven),9,May'25–Apr'26,100.0,100.0,100.0,High,Direct ship-to → single chain (1:1),,,,,,Validated (High-Confidence Auto),Reliance Retail,Reliance Retail Limited-FRAU,Keep,no Confirmed cross-reference found; auto-accepted as a direct 1:1 ship-to->chain mapping (High confidence per the file's own methodology),mtagent pbi audit (cross-ref CustomerCode_Zone_State_Mapping.csv),2026-07-14
Reliance Retail,Reliance Retail Limited-FRAW,Reliance Retail Limited-FRAW,Direct,Mamaearth,Monthly dynamic Cont% (secondary-driven),7,Jul'25–May'26,100.0,100.0,100.0,High,Direct ship-to → single chain (1:1),,,,,,Validated (High-Confidence Auto),Reliance Retail,Reliance Retail Limited-FRAW,Keep,no Confirmed cross-reference found; auto-accepted as a direct 1:1 ship-to->chain mapping (High confidence per the file's own methodology),mtagent pbi audit (cross-ref CustomerCode_Zone_State_Mapping.csv),2026-07-14
Reliance Retail,Reliance Retail Limited-FRAY,Reliance Retail Limited-FRAY,Direct,Mamaearth,Monthly dynamic Cont% (secondary-driven),10,Apr'25–Apr'26,100.0,100.0,100.0,High,Direct ship-to → single chain (1:1),,,,,,Validated (High-Confidence Auto),Reliance Retail,Reliance Retail Limited-FRAY,Keep,no Confirmed cross-reference found; auto-accepted as a direct 1:1 ship-to->chain mapping (High confidence per the file's own methodology),mtagent pbi audit (cross-ref CustomerCode_Zone_State_Mapping.csv),2026-07-14
Reliance Retail,Reliance Retail Limited-FRBC,Reliance Retail Limited-FRBC,Direct,Mamaearth,Monthly dynamic Cont% (secondary-driven),7,Jul'25–May'26,100.0,100.0,100.0,High,Direct ship-to → single chain (1:1),,,,,,Validated (High-Confidence Auto),Reliance Retail,Reliance Retail Limited-FRBC,Keep,no Confirmed cross-reference found; auto-accepted as a direct 1:1 ship-to->chain mapping (High confidence per the file's own methodology),mtagent pbi audit (cross-ref CustomerCode_Zone_State_Mapping.csv),2026-07-14
Reliance Retail,Reliance Retail Limited-FRBC,Reliance Retail Limited-FRBC,Direct,The Derma Co.,Monthly dynamic Cont% (secondary-driven),1,Oct'25–Oct'25,100.0,100.0,100.0,High,Direct ship-to → single chain (1:1),,,,,,Validated (High-Confidence Auto),Reliance Retail,Reliance Retail Limited-FRBC,Keep,no Confirmed cross-reference found; auto-accepted as a direct 1:1 ship-to->chain mapping (High confidence per the file's own methodology),mtagent pbi audit (cross-ref CustomerCode_Zone_State_Mapping.csv),2026-07-14
Reliance Retail,Reliance Retail Limited-FRBF,Reliance Retail Limited-FRBF,Direct,Mamaearth,Monthly dynamic Cont% (secondary-driven),5,Oct'25–Apr'26,100.0,100.0,100.0,High,Direct ship-to → single chain (1:1),,,,,,Validated (High-Confidence Auto),Reliance Retail,Reliance Retail Limited-FRBF,Keep,no Confirmed cross-reference found; auto-accepted as a direct 1:1 ship-to->chain mapping (High confidence per the file's own methodology),mtagent pbi audit (cross-ref CustomerCode_Zone_State_Mapping.csv),2026-07-14
Reliance Retail,Reliance Retail Limited-FRBH,Reliance Retail Limited-FRBH,Direct,Aqualogica,Monthly dynamic Cont% (secondary-driven),4,Nov'25–Feb'26,100.0,100.0,100.0,High,Direct ship-to → single chain (1:1),,,,,,Validated (High-Confidence Auto),Reliance Retail,Reliance Retail Limited-FRBH,Keep,no Confirmed cross-reference found; auto-accepted as a direct 1:1 ship-to->chain mapping (High confidence per the file's own methodology),mtagent pbi audit (cross-ref CustomerCode_Zone_State_Mapping.csv),2026-07-14
Reliance Retail,Reliance Retail Limited-FRBH,Reliance Retail Limited-FRBH,Direct,BBlunt,Monthly dynamic Cont% (secondary-driven),4,Nov'25–Feb'26,100.0,100.0,100.0,High,Direct ship-to → single chain (1:1),,,,,,Validated (High-Confidence Auto),Reliance Retail,Reliance Retail Limited-FRBH,Keep,no Confirmed cross-reference found; auto-accepted as a direct 1:1 ship-to->chain mapping (High confidence per the file's own methodology),mtagent pbi audit (cross-ref CustomerCode_Zone_State_Mapping.csv),2026-07-14
Reliance Retail,Reliance Retail Limited-FRBH,Reliance Retail Limited-FRBH,Direct,Mamaearth,Monthly dynamic Cont% (secondary-driven),5,Nov'25–Apr'26,100.0,100.0,100.0,High,Direct ship-to → single chain (1:1),,,,,,Validated (High-Confidence Auto),Reliance Retail,Reliance Retail Limited-FRBH,Keep,no Confirmed cross-reference found; auto-accepted as a direct 1:1 ship-to->chain mapping (High confidence per the file's own methodology),mtagent pbi audit (cross-ref CustomerCode_Zone_State_Mapping.csv),2026-07-14
Reliance Retail,Reliance Retail Limited-FRBH,Reliance Retail Limited-FRBH,Direct,The Derma Co.,Monthly dynamic Cont% (secondary-driven),5,Nov'25–Apr'26,100.0,100.0,100.0,High,Direct ship-to → single chain (1:1),,,,,,Validated (High-Confidence Auto),Reliance Retail,Reliance Retail Limited-FRBH,Keep,no Confirmed cross-reference found; auto-accepted as a direct 1:1 ship-to->chain mapping (High confidence per the file's own methodology),mtagent pbi audit (cross-ref CustomerCode_Zone_State_Mapping.csv),2026-07-14
Reliance Retail,Reliance Retail Limited-FRBK,Reliance Retail Limited-FRBK,Direct,Mamaearth,Monthly dynamic Cont% (secondary-driven),6,Oct'25–May'26,100.0,100.0,100.0,High,Direct ship-to → single chain (1:1),,,,,,Validated (High-Confidence Auto),Reliance Retail,Reliance Retail Limited-FRBK,Keep,no Confirmed cross-reference found; auto-accepted as a direct 1:1 ship-to->chain mapping (High confidence per the file's own methodology),mtagent pbi audit (cross-ref CustomerCode_Zone_State_Mapping.csv),2026-07-14
Reliance Retail,Reliance Retail Limited-FRBM,Reliance Retail Limited-FRBM,Direct,Aqualogica,Monthly dynamic Cont% (secondary-driven),3,Nov'25–Mar'26,100.0,100.0,100.0,High,Direct ship-to → single chain (1:1),,,,,,Validated (High-Confidence Auto),Reliance Retail,Reliance Retail Limited-FRBM,Keep,no Confirmed cross-reference found; auto-accepted as a direct 1:1 ship-to->chain mapping (High confidence per the file's own methodology),mtagent pbi audit (cross-ref CustomerCode_Zone_State_Mapping.csv),2026-07-14
Reliance Retail,Reliance Retail Limited-FRBM,Reliance Retail Limited-FRBM,Direct,BBlunt,Monthly dynamic Cont% (secondary-driven),3,Nov'25–Mar'26,100.0,100.0,100.0,High,Direct ship-to → single chain (1:1),,,,,,Validated (High-Confidence Auto),Reliance Retail,Reliance Retail Limited-FRBM,Keep,no Confirmed cross-reference found; auto-accepted as a direct 1:1 ship-to->chain mapping (High confidence per the file's own methodology),mtagent pbi audit (cross-ref CustomerCode_Zone_State_Mapping.csv),2026-07-14
Reliance Retail,Reliance Retail Limited-FRBM,Reliance Retail Limited-FRBM,Direct,The Derma Co.,Monthly dynamic Cont% (secondary-driven),3,Nov'25–Mar'26,100.0,100.0,100.0,High,Direct ship-to → single chain (1:1),,,,,,Validated (High-Confidence Auto),Reliance Retail,Reliance Retail Limited-FRBM,Keep,no Confirmed cross-reference found; auto-accepted as a direct 1:1 ship-to->chain mapping (High confidence per the file's own methodology),mtagent pbi audit (cross-ref CustomerCode_Zone_State_Mapping.csv),2026-07-14
Reliance Retail,Reliance Retail Limited-FRBN,Reliance Retail Limited-FRBN,Direct,Mamaearth,Monthly dynamic Cont% (secondary-driven),4,Nov'25–Apr'26,100.0,100.0,100.0,High,Direct ship-to → single chain (1:1),,,,,,Validated (High-Confidence Auto),Reliance Retail,Reliance Retail Limited-FRBN,Keep,no Confirmed cross-reference found; auto-accepted as a direct 1:1 ship-to->chain mapping (High confidence per the file's own methodology),mtagent pbi audit (cross-ref CustomerCode_Zone_State_Mapping.csv),2026-07-14
Reliance Retail,Reliance Retail Limited-FRBO,Reliance Retail Limited-FRBO,Direct,Mamaearth,Monthly dynamic Cont% (secondary-driven),2,Jan'26–Feb'26,100.0,100.0,100.0,High,Direct ship-to → single chain (1:1),,,,,,Validated (High-Confidence Auto),Reliance Retail,Reliance Retail Limited-FRBO,Keep,no Confirmed cross-reference found; auto-accepted as a direct 1:1 ship-to->chain mapping (High confidence per the file's own methodology),mtagent pbi audit (cross-ref CustomerCode_Zone_State_Mapping.csv),2026-07-14
Reliance Retail,Reliance Retail Limited-FRBQ,Reliance Retail Limited-FRBQ,Direct,Mamaearth,Monthly dynamic Cont% (secondary-driven),10,Apr'25–May'26,100.0,100.0,100.0,High,Direct ship-to → single chain (1:1),,,,,,Validated (High-Confidence Auto),Reliance Retail,Reliance Retail Limited-FRBQ,Keep,no Confirmed cross-reference found; auto-accepted as a direct 1:1 ship-to->chain mapping (High confidence per the file's own methodology),mtagent pbi audit (cross-ref CustomerCode_Zone_State_Mapping.csv),2026-07-14
Reliance Retail,Reliance Retail Limited-FRBV,Reliance Retail Limited-FRBV,Direct,Aqualogica,Monthly dynamic Cont% (secondary-driven),11,Apr'25–Mar'26,100.0,100.0,100.0,High,Direct ship-to → single chain (1:1),,,,,,Validated (High-Confidence Auto),Reliance Retail,Reliance Retail Limited-FRBV,Keep,no Confirmed cross-reference found; auto-accepted as a direct 1:1 ship-to->chain mapping (High confidence per the file's own methodology),mtagent pbi audit (cross-ref CustomerCode_Zone_State_Mapping.csv),2026-07-14
Reliance Retail,Reliance Retail Limited-FRBV,Reliance Retail Limited-FRBV,Direct,BBlunt,Monthly dynamic Cont% (secondary-driven),11,Apr'25–Mar'26,100.0,100.0,100.0,High,Direct ship-to → single chain (1:1),,,,,,Validated (High-Confidence Auto),Reliance Retail,Reliance Retail Limited-FRBV,Keep,no Confirmed cross-reference found; auto-accepted as a direct 1:1 ship-to->chain mapping (High confidence per the file's own methodology),mtagent pbi audit (cross-ref CustomerCode_Zone_State_Mapping.csv),2026-07-14
Reliance Retail,Reliance Retail Limited-FRBV,Reliance Retail Limited-FRBV,Direct,Mamaearth,Monthly dynamic Cont% (secondary-driven),12,Apr'25–May'26,100.0,100.0,100.0,High,Direct ship-to → single chain (1:1),,,,,,Validated (High-Confidence Auto),Reliance Retail,Reliance Retail Limited-FRBV,Keep,no Confirmed cross-reference found; auto-accepted as a direct 1:1 ship-to->chain mapping (High confidence per the file's own methodology),mtagent pbi audit (cross-ref CustomerCode_Zone_State_Mapping.csv),2026-07-14
Reliance Retail,Reliance Retail Limited-FRBV,Reliance Retail Limited-FRBV,Direct,The Derma Co.,Monthly dynamic Cont% (secondary-driven),12,Apr'25–Apr'26,100.0,100.0,100.0,High,Direct ship-to → single chain (1:1),,,,,,Validated (High-Confidence Auto),Reliance Retail,Reliance Retail Limited-FRBV,Keep,no Confirmed cross-reference found; auto-accepted as a direct 1:1 ship-to->chain mapping (High confidence per the file's own methodology),mtagent pbi audit (cross-ref CustomerCode_Zone_State_Mapping.csv),2026-07-14
Reliance Retail,Reliance Retail Limited-FRCA,Reliance Retail Limited-FRCA,Direct,Mamaearth,Monthly dynamic Cont% (secondary-driven),10,Apr'25–May'26,100.0,100.0,100.0,High,Direct ship-to → single chain (1:1),,,,,,Validated (High-Confidence Auto),Reliance Retail,Reliance Retail Limited-FRCA,Keep,no Confirmed cross-reference found; auto-accepted as a direct 1:1 ship-to->chain mapping (High confidence per the file's own methodology),mtagent pbi audit (cross-ref CustomerCode_Zone_State_Mapping.csv),2026-07-14
Reliance Retail,Reliance Retail Limited-FRCB,Reliance Retail Limited-FRCB,Direct,Aqualogica,Monthly dynamic Cont% (secondary-driven),9,Apr'25–Apr'26,100.0,100.0,100.0,High,Direct ship-to → single chain (1:1),,,,,,Validated (High-Confidence Auto),Reliance Retail,Reliance Retail Limited-FRCB,Keep,no Confirmed cross-reference found; auto-accepted as a direct 1:1 ship-to->chain mapping (High confidence per the file's own methodology),mtagent pbi audit (cross-ref CustomerCode_Zone_State_Mapping.csv),2026-07-14
Reliance Retail,Reliance Retail Limited-FRCB,Reliance Retail Limited-FRCB,Direct,BBlunt,Monthly dynamic Cont% (secondary-driven),10,Apr'25–Apr'26,100.0,100.0,100.0,High,Direct ship-to → single chain (1:1),,,,,,Validated (High-Confidence Auto),Reliance Retail,Reliance Retail Limited-FRCB,Keep,no Confirmed cross-reference found; auto-accepted as a direct 1:1 ship-to->chain mapping (High confidence per the file's own methodology),mtagent pbi audit (cross-ref CustomerCode_Zone_State_Mapping.csv),2026-07-14
Reliance Retail,Reliance Retail Limited-FRCB,Reliance Retail Limited-FRCB,Direct,Mamaearth,Monthly dynamic Cont% (secondary-driven),9,Apr'25–Apr'26,100.0,100.0,100.0,High,Direct ship-to → single chain (1:1),,,,,,Validated (High-Confidence Auto),Reliance Retail,Reliance Retail Limited-FRCB,Keep,no Confirmed cross-reference found; auto-accepted as a direct 1:1 ship-to->chain mapping (High confidence per the file's own methodology),mtagent pbi audit (cross-ref CustomerCode_Zone_State_Mapping.csv),2026-07-14
Reliance Retail,Reliance Retail Limited-FRCB,Reliance Retail Limited-FRCB,Direct,The Derma Co.,Monthly dynamic Cont% (secondary-driven),10,Apr'25–Apr'26,100.0,100.0,100.0,High,Direct ship-to → single chain (1:1),,,,,,Validated (High-Confidence Auto),Reliance Retail,Reliance Retail Limited-FRCB,Keep,no Confirmed cross-reference found; auto-accepted as a direct 1:1 ship-to->chain mapping (High confidence per the file's own methodology),mtagent pbi audit (cross-ref CustomerCode_Zone_State_Mapping.csv),2026-07-14
Reliance Retail,Reliance Retail Limited-FRCC,Reliance Retail Limited-FRCC,Direct,Aqualogica,Monthly dynamic Cont% (secondary-driven),9,Apr'25–Mar'26,100.0,100.0,100.0,High,Direct ship-to → single chain (1:1),,,,,,Validated (High-Confidence Auto),Reliance Retail,Reliance Retail Limited-FRCC,Keep,no Confirmed cross-reference found; auto-accepted as a direct 1:1 ship-to->chain mapping (High confidence per the file's own methodology),mtagent pbi audit (cross-ref CustomerCode_Zone_State_Mapping.csv),2026-07-14
Reliance Retail,Reliance Retail Limited-FRCC,Reliance Retail Limited-FRCC,Direct,BBlunt,Monthly dynamic Cont% (secondary-driven),9,Apr'25–Mar'26,100.0,100.0,100.0,High,Direct ship-to → single chain (1:1),,,,,,Validated (High-Confidence Auto),Reliance Retail,Reliance Retail Limited-FRCC,Keep,no Confirmed cross-reference found; auto-accepted as a direct 1:1 ship-to->chain mapping (High confidence per the file's own methodology),mtagent pbi audit (cross-ref CustomerCode_Zone_State_Mapping.csv),2026-07-14
Reliance Retail,Reliance Retail Limited-FRCC,Reliance Retail Limited-FRCC,Direct,Mamaearth,Monthly dynamic Cont% (secondary-driven),10,Apr'25–May'26,100.0,100.0,100.0,High,Direct ship-to → single chain (1:1),,,,,,Validated (High-Confidence Auto),Reliance Retail,Reliance Retail Limited-FRCC,Keep,no Confirmed cross-reference found; auto-accepted as a direct 1:1 ship-to->chain mapping (High confidence per the file's own methodology),mtagent pbi audit (cross-ref CustomerCode_Zone_State_Mapping.csv),2026-07-14
Reliance Retail,Reliance Retail Limited-FRCC,Reliance Retail Limited-FRCC,Direct,The Derma Co.,Monthly dynamic Cont% (secondary-driven),10,Apr'25–Apr'26,100.0,100.0,100.0,High,Direct ship-to → single chain (1:1),,,,,,Validated (High-Confidence Auto),Reliance Retail,Reliance Retail Limited-FRCC,Keep,no Confirmed cross-reference found; auto-accepted as a direct 1:1 ship-to->chain mapping (High confidence per the file's own methodology),mtagent pbi audit (cross-ref CustomerCode_Zone_State_Mapping.csv),2026-07-14
Reliance Retail,Reliance Retail Limited-FRCF,Reliance Retail Limited-FRCF,Direct,Mamaearth,Monthly dynamic Cont% (secondary-driven),10,Apr'25–May'26,100.0,100.0,100.0,High,Direct ship-to → single chain (1:1),,,,,,Validated (High-Confidence Auto),Reliance Retail,Reliance Retail Limited-FRCF,Keep,no Confirmed cross-reference found; auto-accepted as a direct 1:1 ship-to->chain mapping (High confidence per the file's own methodology),mtagent pbi audit (cross-ref CustomerCode_Zone_State_Mapping.csv),2026-07-14
Reliance Retail,Reliance Retail Limited-FRCK,Reliance Retail Limited-FRCK,Direct,Aqualogica,Monthly dynamic Cont% (secondary-driven),8,Apr'25–Mar'26,100.0,100.0,100.0,High,Direct ship-to → single chain (1:1),,,,,,Validated (High-Confidence Auto),Reliance Retail,Reliance Retail Limited-FRCK,Keep,no Confirmed cross-reference found; auto-accepted as a direct 1:1 ship-to->chain mapping (High confidence per the file's own methodology),mtagent pbi audit (cross-ref CustomerCode_Zone_State_Mapping.csv),2026-07-14
Reliance Retail,Reliance Retail Limited-FRCK,Reliance Retail Limited-FRCK,Direct,BBlunt,Monthly dynamic Cont% (secondary-driven),8,Apr'25–Mar'26,100.0,100.0,100.0,High,Direct ship-to → single chain (1:1),,,,,,Validated (High-Confidence Auto),Reliance Retail,Reliance Retail Limited-FRCK,Keep,no Confirmed cross-reference found; auto-accepted as a direct 1:1 ship-to->chain mapping (High confidence per the file's own methodology),mtagent pbi audit (cross-ref CustomerCode_Zone_State_Mapping.csv),2026-07-14
Reliance Retail,Reliance Retail Limited-FRCK,Reliance Retail Limited-FRCK,Direct,Mamaearth,Monthly dynamic Cont% (secondary-driven),9,Apr'25–May'26,100.0,100.0,100.0,High,Direct ship-to → single chain (1:1),,,,,,Validated (High-Confidence Auto),Reliance Retail,Reliance Retail Limited-FRCK,Keep,no Confirmed cross-reference found; auto-accepted as a direct 1:1 ship-to->chain mapping (High confidence per the file's own methodology),mtagent pbi audit (cross-ref CustomerCode_Zone_State_Mapping.csv),2026-07-14
Reliance Retail,Reliance Retail Limited-FRCK,Reliance Retail Limited-FRCK,Direct,The Derma Co.,Monthly dynamic Cont% (secondary-driven),9,Apr'25–Apr'26,100.0,100.0,100.0,High,Direct ship-to → single chain (1:1),,,,,,Validated (High-Confidence Auto),Reliance Retail,Reliance Retail Limited-FRCK,Keep,no Confirmed cross-reference found; auto-accepted as a direct 1:1 ship-to->chain mapping (High confidence per the file's own methodology),mtagent pbi audit (cross-ref CustomerCode_Zone_State_Mapping.csv),2026-07-14
Reliance Retail,Reliance Retail Limited-FRCL,Reliance Retail Limited-FRCL,Direct,Mamaearth,Monthly dynamic Cont% (secondary-driven),10,Apr'25–May'26,100.0,100.0,100.0,High,Direct ship-to → single chain (1:1),,,,,,Validated (High-Confidence Auto),Reliance Retail,Reliance Retail Limited-FRCL,Keep,no Confirmed cross-reference found; auto-accepted as a direct 1:1 ship-to->chain mapping (High confidence per the file's own methodology),mtagent pbi audit (cross-ref CustomerCode_Zone_State_Mapping.csv),2026-07-14
Reliance Retail,Reliance Retail Limited-FRCO,Reliance Retail Limited-FRCO,Direct,Aqualogica,Monthly dynamic Cont% (secondary-driven),9,Apr'25–Mar'26,100.0,100.0,100.0,High,Direct ship-to → single chain (1:1),,,,,,Validated (High-Confidence Auto),Reliance Retail,Reliance Retail Limited-FRCO,Keep,no Confirmed cross-reference found; auto-accepted as a direct 1:1 ship-to->chain mapping (High confidence per the file's own methodology),mtagent pbi audit (cross-ref CustomerCode_Zone_State_Mapping.csv),2026-07-14
Reliance Retail,Reliance Retail Limited-FRCO,Reliance Retail Limited-FRCO,Direct,BBlunt,Monthly dynamic Cont% (secondary-driven),10,Apr'25–Mar'26,100.0,100.0,100.0,High,Direct ship-to → single chain (1:1),,,,,,Validated (High-Confidence Auto),Reliance Retail,Reliance Retail Limited-FRCO,Keep,no Confirmed cross-reference found; auto-accepted as a direct 1:1 ship-to->chain mapping (High confidence per the file's own methodology),mtagent pbi audit (cross-ref CustomerCode_Zone_State_Mapping.csv),2026-07-14
Reliance Retail,Reliance Retail Limited-FRCO,Reliance Retail Limited-FRCO,Direct,Mamaearth,Monthly dynamic Cont% (secondary-driven),10,Apr'25–Apr'26,100.0,100.0,100.0,High,Direct ship-to → single chain (1:1),,,,,,Validated (High-Confidence Auto),Reliance Retail,Reliance Retail Limited-FRCO,Keep,no Confirmed cross-reference found; auto-accepted as a direct 1:1 ship-to->chain mapping (High confidence per the file's own methodology),mtagent pbi audit (cross-ref CustomerCode_Zone_State_Mapping.csv),2026-07-14
Reliance Retail,Reliance Retail Limited-FRCO,Reliance Retail Limited-FRCO,Direct,The Derma Co.,Monthly dynamic Cont% (secondary-driven),11,Apr'25–Apr'26,100.0,100.0,100.0,High,Direct ship-to → single chain (1:1),,,,,,Validated (High-Confidence Auto),Reliance Retail,Reliance Retail Limited-FRCO,Keep,no Confirmed cross-reference found; auto-accepted as a direct 1:1 ship-to->chain mapping (High confidence per the file's own methodology),mtagent pbi audit (cross-ref CustomerCode_Zone_State_Mapping.csv),2026-07-14
Reliance Retail,Reliance Retail Limited-FRCX,Reliance Retail Limited-FRCX,Direct,Aqualogica,Monthly dynamic Cont% (secondary-driven),9,Apr'25–Mar'26,100.0,100.0,100.0,High,Direct ship-to → single chain (1:1),,,,,,Validated (High-Confidence Auto),Reliance Retail,Reliance Retail Limited-FRCX,Keep,no Confirmed cross-reference found; auto-accepted as a direct 1:1 ship-to->chain mapping (High confidence per the file's own methodology),mtagent pbi audit (cross-ref CustomerCode_Zone_State_Mapping.csv),2026-07-14
Reliance Retail,Reliance Retail Limited-FRCX,Reliance Retail Limited-FRCX,Direct,BBlunt,Monthly dynamic Cont% (secondary-driven),9,Apr'25–Mar'26,100.0,100.0,100.0,High,Direct ship-to → single chain (1:1),,,,,,Validated (High-Confidence Auto),Reliance Retail,Reliance Retail Limited-FRCX,Keep,no Confirmed cross-reference found; auto-accepted as a direct 1:1 ship-to->chain mapping (High confidence per the file's own methodology),mtagent pbi audit (cross-ref CustomerCode_Zone_State_Mapping.csv),2026-07-14
Reliance Retail,Reliance Retail Limited-FRCX,Reliance Retail Limited-FRCX,Direct,Mamaearth,Monthly dynamic Cont% (secondary-driven),11,Apr'25–May'26,100.0,100.0,100.0,High,Direct ship-to → single chain (1:1),,,,,,Validated (High-Confidence Auto),Reliance Retail,Reliance Retail Limited-FRCX,Keep,no Confirmed cross-reference found; auto-accepted as a direct 1:1 ship-to->chain mapping (High confidence per the file's own methodology),mtagent pbi audit (cross-ref CustomerCode_Zone_State_Mapping.csv),2026-07-14
Reliance Retail,Reliance Retail Limited-FRCX,Reliance Retail Limited-FRCX,Direct,The Derma Co.,Monthly dynamic Cont% (secondary-driven),10,Apr'25–Apr'26,100.0,100.0,100.0,High,Direct ship-to → single chain (1:1),,,,,,Validated (High-Confidence Auto),Reliance Retail,Reliance Retail Limited-FRCX,Keep,no Confirmed cross-reference found; auto-accepted as a direct 1:1 ship-to->chain mapping (High confidence per the file's own methodology),mtagent pbi audit (cross-ref CustomerCode_Zone_State_Mapping.csv),2026-07-14
Reliance Retail,Reliance Retail Limited-FRDE,Reliance Retail Limited-FRDE,Direct,Mamaearth,Monthly dynamic Cont% (secondary-driven),6,Sep'25–Apr'26,100.0,100.0,100.0,High,Direct ship-to → single chain (1:1),,,,,,Validated (High-Confidence Auto),Reliance Retail,Reliance Retail Limited-FRDE,Keep,no Confirmed cross-reference found; auto-accepted as a direct 1:1 ship-to->chain mapping (High confidence per the file's own methodology),mtagent pbi audit (cross-ref CustomerCode_Zone_State_Mapping.csv),2026-07-14
Reliance Retail,Reliance Retail Limited-FRDF,Reliance Retail Limited-FRDF,Direct,Mamaearth,Monthly dynamic Cont% (secondary-driven),10,Apr'25–May'26,100.0,100.0,100.0,High,Direct ship-to → single chain (1:1),,,,,,Validated (High-Confidence Auto),Reliance Retail,Reliance Retail Limited-FRDF,Keep,no Confirmed cross-reference found; auto-accepted as a direct 1:1 ship-to->chain mapping (High confidence per the file's own methodology),mtagent pbi audit (cross-ref CustomerCode_Zone_State_Mapping.csv),2026-07-14
Reliance Retail,Reliance Retail Limited-FRDF,Reliance Retail Limited-FRDF,Direct,The Derma Co.,Monthly dynamic Cont% (secondary-driven),2,Oct'25–May'26,100.0,100.0,100.0,High,Direct ship-to → single chain (1:1),,,,,,Validated (High-Confidence Auto),Reliance Retail,Reliance Retail Limited-FRDF,Keep,no Confirmed cross-reference found; auto-accepted as a direct 1:1 ship-to->chain mapping (High confidence per the file's own methodology),mtagent pbi audit (cross-ref CustomerCode_Zone_State_Mapping.csv),2026-07-14
Reliance Retail,Reliance Retail Limited-FRDH,Reliance Retail Limited-FRDH,Direct,Mamaearth,Monthly dynamic Cont% (secondary-driven),10,Apr'25–May'26,100.0,100.0,100.0,High,Direct ship-to → single chain (1:1),,,,,,Validated (High-Confidence Auto),Reliance Retail,Reliance Retail Limited-FRDH,Keep,no Confirmed cross-reference found; auto-accepted as a direct 1:1 ship-to->chain mapping (High confidence per the file's own methodology),mtagent pbi audit (cross-ref CustomerCode_Zone_State_Mapping.csv),2026-07-14
Reliance Retail,Reliance Retail Limited-FRDJ,Reliance Retail Limited-FRDJ,Direct,Mamaearth,Monthly dynamic Cont% (secondary-driven),8,Apr'25–Apr'26,100.0,100.0,100.0,High,Direct ship-to → single chain (1:1),,,,,,Validated (High-Confidence Auto),Reliance Retail,Reliance Retail Limited-FRDJ,Keep,no Confirmed cross-reference found; auto-accepted as a direct 1:1 ship-to->chain mapping (High confidence per the file's own methodology),mtagent pbi audit (cross-ref CustomerCode_Zone_State_Mapping.csv),2026-07-14
Reliance Retail,Reliance Retail Limited-FRDM,Reliance Retail Limited-FRDM,Direct,Mamaearth,Monthly dynamic Cont% (secondary-driven),10,Apr'25–May'26,100.0,100.0,100.0,High,Direct ship-to → single chain (1:1),,,,,,Validated (High-Confidence Auto),Reliance Retail,Reliance Retail Limited-FRDM,Keep,no Confirmed cross-reference found; auto-accepted as a direct 1:1 ship-to->chain mapping (High confidence per the file's own methodology),mtagent pbi audit (cross-ref CustomerCode_Zone_State_Mapping.csv),2026-07-14
Reliance Retail,Reliance Retail Limited-FRDU,Reliance Retail Limited-FRDU,Direct,Mamaearth,Monthly dynamic Cont% (secondary-driven),9,Apr'25–Apr'26,100.0,100.0,100.0,High,Direct ship-to → single chain (1:1),,,,,,Validated (High-Confidence Auto),Reliance Retail,Reliance Retail Limited-FRDU,Keep,no Confirmed cross-reference found; auto-accepted as a direct 1:1 ship-to->chain mapping (High confidence per the file's own methodology),mtagent pbi audit (cross-ref CustomerCode_Zone_State_Mapping.csv),2026-07-14
Reliance Retail,Reliance Retail Limited-FRDU,Reliance Retail Limited-FRDU,Direct,The Derma Co.,Monthly dynamic Cont% (secondary-driven),1,Oct'25–Oct'25,100.0,100.0,100.0,High,Direct ship-to → single chain (1:1),,,,,,Validated (High-Confidence Auto),Reliance Retail,Reliance Retail Limited-FRDU,Keep,no Confirmed cross-reference found; auto-accepted as a direct 1:1 ship-to->chain mapping (High confidence per the file's own methodology),mtagent pbi audit (cross-ref CustomerCode_Zone_State_Mapping.csv),2026-07-14
Reliance Retail,Reliance Retail Limited-FRDV,Reliance Retail Limited-FRDV,Direct,Mamaearth,Monthly dynamic Cont% (secondary-driven),9,Apr'25–Apr'26,100.0,100.0,100.0,High,Direct ship-to → single chain (1:1),,,,,,Validated (High-Confidence Auto),Reliance Retail,Reliance Retail Limited-FRDV,Keep,no Confirmed cross-reference found; auto-accepted as a direct 1:1 ship-to->chain mapping (High confidence per the file's own methodology),mtagent pbi audit (cross-ref CustomerCode_Zone_State_Mapping.csv),2026-07-14
Reliance Retail,Reliance Retail Limited-FRDY,Reliance Retail Limited-FRDY,Direct,Mamaearth,Monthly dynamic Cont% (secondary-driven),8,Apr'25–Apr'26,100.0,100.0,100.0,High,Direct ship-to → single chain (1:1),,,,,,Validated (High-Confidence Auto),Reliance Retail,Reliance Retail Limited-FRDY,Keep,no Confirmed cross-reference found; auto-accepted as a direct 1:1 ship-to->chain mapping (High confidence per the file's own methodology),mtagent pbi audit (cross-ref CustomerCode_Zone_State_Mapping.csv),2026-07-14
Reliance Retail,Reliance Retail Limited-FRDZ,Reliance Retail Limited-FRDZ,Direct,Mamaearth,Monthly dynamic Cont% (secondary-driven),11,Apr'25–May'26,100.0,100.0,100.0,High,Direct ship-to → single chain (1:1),,,,,,Validated (High-Confidence Auto),Reliance Retail,Reliance Retail Limited-FRDZ,Keep,no Confirmed cross-reference found; auto-accepted as a direct 1:1 ship-to->chain mapping (High confidence per the file's own methodology),mtagent pbi audit (cross-ref CustomerCode_Zone_State_Mapping.csv),2026-07-14
Reliance Retail,Reliance Retail Limited-FRDZ,Reliance Retail Limited-FRDZ,Direct,The Derma Co.,Monthly dynamic Cont% (secondary-driven),1,Oct'25–Oct'25,100.0,100.0,100.0,High,Direct ship-to → single chain (1:1),,,,,,Validated (High-Confidence Auto),Reliance Retail,Reliance Retail Limited-FRDZ,Keep,no Confirmed cross-reference found; auto-accepted as a direct 1:1 ship-to->chain mapping (High confidence per the file's own methodology),mtagent pbi audit (cross-ref CustomerCode_Zone_State_Mapping.csv),2026-07-14
Reliance Retail,Reliance Retail Limited-FREB,Reliance Retail Limited-FREB,Direct,Mamaearth,Monthly dynamic Cont% (secondary-driven),9,Apr'25–Apr'26,100.0,100.0,100.0,High,Direct ship-to → single chain (1:1),,,,,,Validated (High-Confidence Auto),Reliance Retail,Reliance Retail Limited-FREB,Keep,no Confirmed cross-reference found; auto-accepted as a direct 1:1 ship-to->chain mapping (High confidence per the file's own methodology),mtagent pbi audit (cross-ref CustomerCode_Zone_State_Mapping.csv),2026-07-14
Reliance Retail,Reliance Retail Limited-FRFJ,Reliance Retail Limited-FRFJ,Direct,Mamaearth,Monthly dynamic Cont% (secondary-driven),8,Apr'25–Apr'26,100.0,100.0,100.0,High,Direct ship-to → single chain (1:1),,,,,,Validated (High-Confidence Auto),Reliance Retail,Reliance Retail Limited-FRFJ,Keep,no Confirmed cross-reference found; auto-accepted as a direct 1:1 ship-to->chain mapping (High confidence per the file's own methodology),mtagent pbi audit (cross-ref CustomerCode_Zone_State_Mapping.csv),2026-07-14
Reliance Retail,Reliance Retail Limited-FRFP,Reliance Retail Limited-FRFP,Direct,Mamaearth,Monthly dynamic Cont% (secondary-driven),12,Apr'25–May'26,100.0,100.0,100.0,High,Direct ship-to → single chain (1:1),,,,,,Validated (High-Confidence Auto),Reliance Retail,Reliance Retail Limited-FRFP,Keep,no Confirmed cross-reference found; auto-accepted as a direct 1:1 ship-to->chain mapping (High confidence per the file's own methodology),mtagent pbi audit (cross-ref CustomerCode_Zone_State_Mapping.csv),2026-07-14
Reliance Retail,Reliance Retail Limited-FRFQ,Reliance Retail Limited-FRFQ,Direct,Mamaearth,Monthly dynamic Cont% (secondary-driven),10,Apr'25–May'26,100.0,100.0,100.0,High,Direct ship-to → single chain (1:1),,,,,,Validated (High-Confidence Auto),Reliance Retail,Reliance Retail Limited-FRFQ,Keep,no Confirmed cross-reference found; auto-accepted as a direct 1:1 ship-to->chain mapping (High confidence per the file's own methodology),mtagent pbi audit (cross-ref CustomerCode_Zone_State_Mapping.csv),2026-07-14
Reliance Retail,Reliance Retail Limited-FRFQ,Reliance Retail Limited-FRFQ,Direct,The Derma Co.,Monthly dynamic Cont% (secondary-driven),1,Oct'25–Oct'25,100.0,100.0,100.0,High,Direct ship-to → single chain (1:1),,,,,,Validated (High-Confidence Auto),Reliance Retail,Reliance Retail Limited-FRFQ,Keep,no Confirmed cross-reference found; auto-accepted as a direct 1:1 ship-to->chain mapping (High confidence per the file's own methodology),mtagent pbi audit (cross-ref CustomerCode_Zone_State_Mapping.csv),2026-07-14
Reliance Retail,Reliance Retail Limited-FRGA,Reliance Retail Limited-FRGA,Direct,Mamaearth,Monthly dynamic Cont% (secondary-driven),5,Oct'25–Apr'26,100.0,100.0,100.0,High,Direct ship-to → single chain (1:1),,,,,,Validated (High-Confidence Auto),Reliance Retail,Reliance Retail Limited-FRGA,Keep,no Confirmed cross-reference found; auto-accepted as a direct 1:1 ship-to->chain mapping (High confidence per the file's own methodology),mtagent pbi audit (cross-ref CustomerCode_Zone_State_Mapping.csv),2026-07-14
Reliance Retail,Reliance Retail Limited-FRGN,Reliance Retail Limited-FRGN,Direct,Mamaearth,Monthly dynamic Cont% (secondary-driven),12,Apr'25–May'26,100.0,100.0,100.0,High,Direct ship-to → single chain (1:1),,,,,,Validated (High-Confidence Auto),Reliance Retail,Reliance Retail Limited-FRGN,Keep,no Confirmed cross-reference found; auto-accepted as a direct 1:1 ship-to->chain mapping (High confidence per the file's own methodology),mtagent pbi audit (cross-ref CustomerCode_Zone_State_Mapping.csv),2026-07-14
Reliance Retail,Reliance Retail Limited-FRGQ,Reliance Retail Limited-FRGQ,Direct,Mamaearth,Monthly dynamic Cont% (secondary-driven),10,Apr'25–May'26,100.0,100.0,100.0,High,Direct ship-to → single chain (1:1),,,,,,Validated (High-Confidence Auto),Reliance Retail,Reliance Retail Limited-FRGQ,Keep,no Confirmed cross-reference found; auto-accepted as a direct 1:1 ship-to->chain mapping (High confidence per the file's own methodology),mtagent pbi audit (cross-ref CustomerCode_Zone_State_Mapping.csv),2026-07-14
Reliance Retail,Reliance Retail Limited-FRGQ,Reliance Retail Limited-FRGQ,Direct,The Derma Co.,Monthly dynamic Cont% (secondary-driven),1,Oct'25–Oct'25,100.0,100.0,100.0,High,Direct ship-to → single chain (1:1),,,,,,Validated (High-Confidence Auto),Reliance Retail,Reliance Retail Limited-FRGQ,Keep,no Confirmed cross-reference found; auto-accepted as a direct 1:1 ship-to->chain mapping (High confidence per the file's own methodology),mtagent pbi audit (cross-ref CustomerCode_Zone_State_Mapping.csv),2026-07-14
Reliance Retail,Reliance Retail Limited-FRGS,Reliance Retail Limited-FRGS,Direct,Aqualogica,Monthly dynamic Cont% (secondary-driven),9,Apr'25–Mar'26,100.0,100.0,100.0,High,Direct ship-to → single chain (1:1),,,,,,Validated (High-Confidence Auto),Reliance Retail,Reliance Retail Limited-FRGS,Keep,no Confirmed cross-reference found; auto-accepted as a direct 1:1 ship-to->chain mapping (High confidence per the file's own methodology),mtagent pbi audit (cross-ref CustomerCode_Zone_State_Mapping.csv),2026-07-14
Reliance Retail,Reliance Retail Limited-FRGS,Reliance Retail Limited-FRGS,Direct,BBlunt,Monthly dynamic Cont% (secondary-driven),9,Apr'25–Mar'26,100.0,100.0,100.0,High,Direct ship-to → single chain (1:1),,,,,,Validated (High-Confidence Auto),Reliance Retail,Reliance Retail Limited-FRGS,Keep,no Confirmed cross-reference found; auto-accepted as a direct 1:1 ship-to->chain mapping (High confidence per the file's own methodology),mtagent pbi audit (cross-ref CustomerCode_Zone_State_Mapping.csv),2026-07-14
Reliance Retail,Reliance Retail Limited-FRGS,Reliance Retail Limited-FRGS,Direct,Mamaearth,Monthly dynamic Cont% (secondary-driven),12,Apr'25–May'26,100.0,100.0,100.0,High,Direct ship-to → single chain (1:1),,,,,,Validated (High-Confidence Auto),Reliance Retail,Reliance Retail Limited-FRGS,Keep,no Confirmed cross-reference found; auto-accepted as a direct 1:1 ship-to->chain mapping (High confidence per the file's own methodology),mtagent pbi audit (cross-ref CustomerCode_Zone_State_Mapping.csv),2026-07-14
Reliance Retail,Reliance Retail Limited-FRGS,Reliance Retail Limited-FRGS,Direct,The Derma Co.,Monthly dynamic Cont% (secondary-driven),10,Apr'25–Apr'26,100.0,100.0,100.0,High,Direct ship-to → single chain (1:1),,,,,,Validated (High-Confidence Auto),Reliance Retail,Reliance Retail Limited-FRGS,Keep,no Confirmed cross-reference found; auto-accepted as a direct 1:1 ship-to->chain mapping (High confidence per the file's own methodology),mtagent pbi audit (cross-ref CustomerCode_Zone_State_Mapping.csv),2026-07-14
Reliance Retail,Reliance Retail Limited-FRGU,Reliance Retail Limited-FRGU,Direct,Mamaearth,Monthly dynamic Cont% (secondary-driven),5,Oct'25–Apr'26,100.0,100.0,100.0,High,Direct ship-to → single chain (1:1),,,,,,Validated (High-Confidence Auto),Reliance Retail,Reliance Retail Limited-FRGU,Keep,no Confirmed cross-reference found; auto-accepted as a direct 1:1 ship-to->chain mapping (High confidence per the file's own methodology),mtagent pbi audit (cross-ref CustomerCode_Zone_State_Mapping.csv),2026-07-14
Reliance Retail,Reliance Retail Limited-FRGX,Reliance Retail Limited-FRGX,Direct,Mamaearth,Monthly dynamic Cont% (secondary-driven),7,Apr'25–Apr'26,100.0,100.0,100.0,High,Direct ship-to → single chain (1:1),,,,,,Validated (High-Confidence Auto),Reliance Retail,Reliance Retail Limited-FRGX,Keep,no Confirmed cross-reference found; auto-accepted as a direct 1:1 ship-to->chain mapping (High confidence per the file's own methodology),mtagent pbi audit (cross-ref CustomerCode_Zone_State_Mapping.csv),2026-07-14
Reliance Retail,Reliance Retail Limited-FRHI,Reliance Retail Limited-FRHI,Direct,Mamaearth,Monthly dynamic Cont% (secondary-driven),10,Apr'25–May'26,100.0,100.0,100.0,High,Direct ship-to → single chain (1:1),,,,,,Validated (High-Confidence Auto),Reliance Retail,Reliance Retail Limited-FRHI,Keep,no Confirmed cross-reference found; auto-accepted as a direct 1:1 ship-to->chain mapping (High confidence per the file's own methodology),mtagent pbi audit (cross-ref CustomerCode_Zone_State_Mapping.csv),2026-07-14
Reliance Retail,Reliance Retail Limited-FRHI,Reliance Retail Limited-FRHI,Direct,The Derma Co.,Monthly dynamic Cont% (secondary-driven),1,Oct'25–Oct'25,100.0,100.0,100.0,High,Direct ship-to → single chain (1:1),,,,,,Validated (High-Confidence Auto),Reliance Retail,Reliance Retail Limited-FRHI,Keep,no Confirmed cross-reference found; auto-accepted as a direct 1:1 ship-to->chain mapping (High confidence per the file's own methodology),mtagent pbi audit (cross-ref CustomerCode_Zone_State_Mapping.csv),2026-07-14
Reliance Retail,Reliance Retail Limited-FRHL,Reliance Retail Limited-FRHL,Direct,Mamaearth,Monthly dynamic Cont% (secondary-driven),10,May'25–May'26,100.0,100.0,100.0,High,Direct ship-to → single chain (1:1),,,,,,Validated (High-Confidence Auto),Reliance Retail,Reliance Retail Limited-FRHL,Keep,no Confirmed cross-reference found; auto-accepted as a direct 1:1 ship-to->chain mapping (High confidence per the file's own methodology),mtagent pbi audit (cross-ref CustomerCode_Zone_State_Mapping.csv),2026-07-14
Reliance Retail,Reliance Retail Limited-FRHT,Reliance Retail Limited-FRHT,Direct,Mamaearth,Monthly dynamic Cont% (secondary-driven),11,Apr'25–May'26,100.0,100.0,100.0,High,Direct ship-to → single chain (1:1),,,,,,Validated (High-Confidence Auto),Reliance Retail,Reliance Retail Limited-FRHT,Keep,no Confirmed cross-reference found; auto-accepted as a direct 1:1 ship-to->chain mapping (High confidence per the file's own methodology),mtagent pbi audit (cross-ref CustomerCode_Zone_State_Mapping.csv),2026-07-14
Reliance Retail,Reliance Retail Limited-S0GK,Reliance Retail Limited-S0GK,Direct,Aqualogica,Monthly dynamic Cont% (secondary-driven),13,Apr'25–May'26,100.0,100.0,100.0,High,Direct ship-to → single chain (1:1),,,,,,Validated (High-Confidence Auto),Reliance Retail,Reliance Retail Limited-S0GK,Keep,no Confirmed cross-reference found; auto-accepted as a direct 1:1 ship-to->chain mapping (High confidence per the file's own methodology),mtagent pbi audit (cross-ref CustomerCode_Zone_State_Mapping.csv),2026-07-14
Reliance Retail,Reliance Retail Limited-S0GK,Reliance Retail Limited-S0GK,Direct,Mamaearth,Monthly dynamic Cont% (secondary-driven),14,Apr'25–May'26,100.0,100.0,100.0,High,Direct ship-to → single chain (1:1),,,,,,Validated (High-Confidence Auto),Reliance Retail,Reliance Retail Limited-S0GK,Keep,no Confirmed cross-reference found; auto-accepted as a direct 1:1 ship-to->chain mapping (High confidence per the file's own methodology),mtagent pbi audit (cross-ref CustomerCode_Zone_State_Mapping.csv),2026-07-14
Reliance Retail,Reliance Retail Limited-S0GK,Reliance Retail Limited-S0GK,Direct,The Derma Co.,Monthly dynamic Cont% (secondary-driven),8,Apr'25–May'26,100.0,100.0,100.0,High,Direct ship-to → single chain (1:1),,,,,,Validated (High-Confidence Auto),Reliance Retail,Reliance Retail Limited-S0GK,Keep,no Confirmed cross-reference found; auto-accepted as a direct 1:1 ship-to->chain mapping (High confidence per the file's own methodology),mtagent pbi audit (cross-ref CustomerCode_Zone_State_Mapping.csv),2026-07-14
Reliance Retail,Reliance Retail Limited-S0IL,Reliance Retail Limited-S0IL,Direct,Aqualogica,Monthly dynamic Cont% (secondary-driven),4,Nov'25–May'26,100.0,100.0,100.0,High,Direct ship-to → single chain (1:1),,,,,,Validated (High-Confidence Auto),Reliance Retail,Reliance Retail Limited-S0IL,Keep,no Confirmed cross-reference found; auto-accepted as a direct 1:1 ship-to->chain mapping (High confidence per the file's own methodology),mtagent pbi audit (cross-ref CustomerCode_Zone_State_Mapping.csv),2026-07-14
Reliance Retail,Reliance Retail Limited-S0IL,Reliance Retail Limited-S0IL,Direct,Mamaearth,Monthly dynamic Cont% (secondary-driven),9,Sep'25–May'26,100.0,100.0,100.0,High,Direct ship-to → single chain (1:1),,,,,,Validated (High-Confidence Auto),Reliance Retail,Reliance Retail Limited-S0IL,Keep,no Confirmed cross-reference found; auto-accepted as a direct 1:1 ship-to->chain mapping (High confidence per the file's own methodology),mtagent pbi audit (cross-ref CustomerCode_Zone_State_Mapping.csv),2026-07-14
Reliance Retail,Reliance Retail Limited-S0IL,Reliance Retail Limited-S0IL,Direct,The Derma Co.,Monthly dynamic Cont% (secondary-driven),6,Nov'25–May'26,100.0,100.0,100.0,High,Direct ship-to → single chain (1:1),,,,,,Validated (High-Confidence Auto),Reliance Retail,Reliance Retail Limited-S0IL,Keep,no Confirmed cross-reference found; auto-accepted as a direct 1:1 ship-to->chain mapping (High confidence per the file's own methodology),mtagent pbi audit (cross-ref CustomerCode_Zone_State_Mapping.csv),2026-07-14
Reliance Retail,Reliance Retail Limited-S0KN,Reliance Retail Limited-S0KN,Direct,Aqualogica,Monthly dynamic Cont% (secondary-driven),10,Apr'25–May'26,100.0,100.0,100.0,High,Direct ship-to → single chain (1:1),,,,,,Validated (High-Confidence Auto),Reliance Retail,Reliance Retail Limited-S0KN,Keep,no Confirmed cross-reference found; auto-accepted as a direct 1:1 ship-to->chain mapping (High confidence per the file's own methodology),mtagent pbi audit (cross-ref CustomerCode_Zone_State_Mapping.csv),2026-07-14
Reliance Retail,Reliance Retail Limited-S0KN,Reliance Retail Limited-S0KN,Direct,Mamaearth,Monthly dynamic Cont% (secondary-driven),14,Apr'25–May'26,100.0,100.0,100.0,High,Direct ship-to → single chain (1:1),,,,,,Validated (High-Confidence Auto),Reliance Retail,Reliance Retail Limited-S0KN,Keep,no Confirmed cross-reference found; auto-accepted as a direct 1:1 ship-to->chain mapping (High confidence per the file's own methodology),mtagent pbi audit (cross-ref CustomerCode_Zone_State_Mapping.csv),2026-07-14
Reliance Retail,Reliance Retail Limited-S0KN,Reliance Retail Limited-S0KN,Direct,The Derma Co.,Monthly dynamic Cont% (secondary-driven),7,Nov'25–May'26,100.0,100.0,100.0,High,Direct ship-to → single chain (1:1),,,,,,Validated (High-Confidence Auto),Reliance Retail,Reliance Retail Limited-S0KN,Keep,no Confirmed cross-reference found; auto-accepted as a direct 1:1 ship-to->chain mapping (High confidence per the file's own methodology),mtagent pbi audit (cross-ref CustomerCode_Zone_State_Mapping.csv),2026-07-14
Reliance Retail,Reliance Retail Limited-S2BZ,Reliance Retail Limited-S2BZ,Direct,Aqualogica,Monthly dynamic Cont% (secondary-driven),11,Apr'25–May'26,100.0,100.0,100.0,High,Direct ship-to → single chain (1:1),,,,,,Validated (High-Confidence Auto),Reliance Retail,Reliance Retail Limited-S2BZ,Keep,no Confirmed cross-reference found; auto-accepted as a direct 1:1 ship-to->chain mapping (High confidence per the file's own methodology),mtagent pbi audit (cross-ref CustomerCode_Zone_State_Mapping.csv),2026-07-14
Reliance Retail,Reliance Retail Limited-S2BZ,Reliance Retail Limited-S2BZ,Direct,Mamaearth,Monthly dynamic Cont% (secondary-driven),14,Apr'25–May'26,100.0,100.0,100.0,High,Direct ship-to → single chain (1:1),,,,,,Validated (High-Confidence Auto),Reliance Retail,Reliance Retail Limited-S2BZ,Keep,no Confirmed cross-reference found; auto-accepted as a direct 1:1 ship-to->chain mapping (High confidence per the file's own methodology),mtagent pbi audit (cross-ref CustomerCode_Zone_State_Mapping.csv),2026-07-14
Reliance Retail,Reliance Retail Limited-S2BZ,Reliance Retail Limited-S2BZ,Direct,Pure Origin,Monthly dynamic Cont% (secondary-driven),1,Jun'25–Jun'25,100.0,100.0,100.0,High,Direct ship-to → single chain (1:1),,,,,,Validated (High-Confidence Auto),Reliance Retail,Reliance Retail Limited-S2BZ,Keep,no Confirmed cross-reference found; auto-accepted as a direct 1:1 ship-to->chain mapping (High confidence per the file's own methodology),mtagent pbi audit (cross-ref CustomerCode_Zone_State_Mapping.csv),2026-07-14
Reliance Retail,Reliance Retail Limited-S2BZ,Reliance Retail Limited-S2BZ,Direct,The Derma Co.,Monthly dynamic Cont% (secondary-driven),12,Apr'25–May'26,100.0,100.0,100.0,High,Direct ship-to → single chain (1:1),,,,,,Validated (High-Confidence Auto),Reliance Retail,Reliance Retail Limited-S2BZ,Keep,no Confirmed cross-reference found; auto-accepted as a direct 1:1 ship-to->chain mapping (High confidence per the file's own methodology),mtagent pbi audit (cross-ref CustomerCode_Zone_State_Mapping.csv),2026-07-14
Reliance Retail,Reliance Retail Limited-S4AT,Reliance Retail Limited-S4AT,Direct,Mamaearth,Monthly dynamic Cont% (secondary-driven),1,Aug'25–Aug'25,100.0,100.0,100.0,High,Direct ship-to → single chain (1:1),,,,,,Validated (High-Confidence Auto),Reliance Retail,Reliance Retail Limited-S4AT,Keep,no Confirmed cross-reference found; auto-accepted as a direct 1:1 ship-to->chain mapping (High confidence per the file's own methodology),mtagent pbi audit (cross-ref CustomerCode_Zone_State_Mapping.csv),2026-07-14
Reliance Retail,Reliance Retail Limited-S4ZK,Reliance Retail Limited-S4ZK,Direct,Aqualogica,Monthly dynamic Cont% (secondary-driven),4,Feb'26–May'26,100.0,100.0,100.0,High,Direct ship-to → single chain (1:1),,,,,,Validated (High-Confidence Auto),Reliance Retail,Reliance Retail Limited-S4ZK,Keep,no Confirmed cross-reference found; auto-accepted as a direct 1:1 ship-to->chain mapping (High confidence per the file's own methodology),mtagent pbi audit (cross-ref CustomerCode_Zone_State_Mapping.csv),2026-07-14
Reliance Retail,Reliance Retail Limited-S4ZK,Reliance Retail Limited-S4ZK,Direct,Mamaearth,Monthly dynamic Cont% (secondary-driven),4,Feb'26–May'26,100.0,100.0,100.0,High,Direct ship-to → single chain (1:1),,,,,,Validated (High-Confidence Auto),Reliance Retail,Reliance Retail Limited-S4ZK,Keep,no Confirmed cross-reference found; auto-accepted as a direct 1:1 ship-to->chain mapping (High confidence per the file's own methodology),mtagent pbi audit (cross-ref CustomerCode_Zone_State_Mapping.csv),2026-07-14
Reliance Retail,Reliance Retail Limited-S4ZK,Reliance Retail Limited-S4ZK,Direct,The Derma Co.,Monthly dynamic Cont% (secondary-driven),2,Feb'26–Apr'26,100.0,100.0,100.0,High,Direct ship-to → single chain (1:1),,,,,,Validated (High-Confidence Auto),Reliance Retail,Reliance Retail Limited-S4ZK,Keep,no Confirmed cross-reference found; auto-accepted as a direct 1:1 ship-to->chain mapping (High confidence per the file's own methodology),mtagent pbi audit (cross-ref CustomerCode_Zone_State_Mapping.csv),2026-07-14
Reliance Retail,Reliance Retail Limited-SAAH,Reliance Retail Limited-SAAH,Direct,Aqualogica,Monthly dynamic Cont% (secondary-driven),10,Apr'25–May'26,100.0,100.0,100.0,High,Direct ship-to → single chain (1:1),,,,,,Validated (High-Confidence Auto),Reliance Retail,Reliance Retail Limited-SAAH,Keep,no Confirmed cross-reference found; auto-accepted as a direct 1:1 ship-to->chain mapping (High confidence per the file's own methodology),mtagent pbi audit (cross-ref CustomerCode_Zone_State_Mapping.csv),2026-07-14
Reliance Retail,Reliance Retail Limited-SAAH,Reliance Retail Limited-SAAH,Direct,Mamaearth,Monthly dynamic Cont% (secondary-driven),14,Apr'25–May'26,100.0,100.0,100.0,High,Direct ship-to → single chain (1:1),,,,,,Validated (High-Confidence Auto),Reliance Retail,Reliance Retail Limited-SAAH,Keep,no Confirmed cross-reference found; auto-accepted as a direct 1:1 ship-to->chain mapping (High confidence per the file's own methodology),mtagent pbi audit (cross-ref CustomerCode_Zone_State_Mapping.csv),2026-07-14
Reliance Retail,Reliance Retail Limited-SAAH,Reliance Retail Limited-SAAH,Direct,The Derma Co.,Monthly dynamic Cont% (secondary-driven),11,Apr'25–May'26,100.0,100.0,100.0,High,Direct ship-to → single chain (1:1),,,,,,Validated (High-Confidence Auto),Reliance Retail,Reliance Retail Limited-SAAH,Keep,no Confirmed cross-reference found; auto-accepted as a direct 1:1 ship-to->chain mapping (High confidence per the file's own methodology),mtagent pbi audit (cross-ref CustomerCode_Zone_State_Mapping.csv),2026-07-14
Reliance Retail,Reliance Retail Limited-SK6I,Reliance Retail Limited-SK6I,Direct,Aqualogica,Monthly dynamic Cont% (secondary-driven),8,Apr'25–May'26,100.0,100.0,100.0,High,Direct ship-to → single chain (1:1),,,,,,Validated (High-Confidence Auto),Reliance Retail,Reliance Retail Limited-SK6I,Keep,no Confirmed cross-reference found; auto-accepted as a direct 1:1 ship-to->chain mapping (High confidence per the file's own methodology),mtagent pbi audit (cross-ref CustomerCode_Zone_State_Mapping.csv),2026-07-14
Reliance Retail,Reliance Retail Limited-SK6I,Reliance Retail Limited-SK6I,Direct,Mamaearth,Monthly dynamic Cont% (secondary-driven),14,Apr'25–May'26,100.0,100.0,100.0,High,Direct ship-to → single chain (1:1),,,,,,Validated (High-Confidence Auto),Reliance Retail,Reliance Retail Limited-SK6I,Keep,no Confirmed cross-reference found; auto-accepted as a direct 1:1 ship-to->chain mapping (High confidence per the file's own methodology),mtagent pbi audit (cross-ref CustomerCode_Zone_State_Mapping.csv),2026-07-14
Reliance Retail,Reliance Retail Limited-SK6I,Reliance Retail Limited-SK6I,Direct,The Derma Co.,Monthly dynamic Cont% (secondary-driven),10,Apr'25–May'26,100.0,100.0,100.0,High,Direct ship-to → single chain (1:1),,,,,,Validated (High-Confidence Auto),Reliance Retail,Reliance Retail Limited-SK6I,Keep,no Confirmed cross-reference found; auto-accepted as a direct 1:1 ship-to->chain mapping (High confidence per the file's own methodology),mtagent pbi audit (cross-ref CustomerCode_Zone_State_Mapping.csv),2026-07-14
Reliance Retail,Reliance Retail Limited-SLET,Reliance Retail Limited-SLET,Direct,Aqualogica,Monthly dynamic Cont% (secondary-driven),2,Feb'26–Mar'26,100.0,100.0,100.0,High,Direct ship-to → single chain (1:1),,,,,,Validated (High-Confidence Auto),Reliance Retail,Reliance Retail Limited-SLET,Keep,no Confirmed cross-reference found; auto-accepted as a direct 1:1 ship-to->chain mapping (High confidence per the file's own methodology),mtagent pbi audit (cross-ref CustomerCode_Zone_State_Mapping.csv),2026-07-14
Reliance Retail,Reliance Retail Limited-SLET,Reliance Retail Limited-SLET,Direct,Mamaearth,Monthly dynamic Cont% (secondary-driven),14,Apr'25–May'26,100.0,100.0,100.0,High,Direct ship-to → single chain (1:1),,,,,,Validated (High-Confidence Auto),Reliance Retail,Reliance Retail Limited-SLET,Keep,no Confirmed cross-reference found; auto-accepted as a direct 1:1 ship-to->chain mapping (High confidence per the file's own methodology),mtagent pbi audit (cross-ref CustomerCode_Zone_State_Mapping.csv),2026-07-14
Reliance Retail,Reliance Retail Limited-SLET,Reliance Retail Limited-SLET,Direct,The Derma Co.,Monthly dynamic Cont% (secondary-driven),4,Apr'25–Apr'26,100.0,100.0,100.0,High,Direct ship-to → single chain (1:1),,,,,,Validated (High-Confidence Auto),Reliance Retail,Reliance Retail Limited-SLET,Keep,no Confirmed cross-reference found; auto-accepted as a direct 1:1 ship-to->chain mapping (High confidence per the file's own methodology),mtagent pbi audit (cross-ref CustomerCode_Zone_State_Mapping.csv),2026-07-14
Reliance Retail,Reliance Retail Limited-SLG3,Reliance Retail Limited-SLG3,Direct,Aqualogica,Monthly dynamic Cont% (secondary-driven),8,Apr'25–May'26,100.0,100.0,100.0,High,Direct ship-to → single chain (1:1),,,,,,Validated (High-Confidence Auto),Reliance Retail,Reliance Retail Limited-SLG3,Keep,no Confirmed cross-reference found; auto-accepted as a direct 1:1 ship-to->chain mapping (High confidence per the file's own methodology),mtagent pbi audit (cross-ref CustomerCode_Zone_State_Mapping.csv),2026-07-14
Reliance Retail,Reliance Retail Limited-SLG3,Reliance Retail Limited-SLG3,Direct,Mamaearth,Monthly dynamic Cont% (secondary-driven),14,Apr'25–May'26,100.0,100.0,100.0,High,Direct ship-to → single chain (1:1),,,,,,Validated (High-Confidence Auto),Reliance Retail,Reliance Retail Limited-SLG3,Keep,no Confirmed cross-reference found; auto-accepted as a direct 1:1 ship-to->chain mapping (High confidence per the file's own methodology),mtagent pbi audit (cross-ref CustomerCode_Zone_State_Mapping.csv),2026-07-14
Reliance Retail,Reliance Retail Limited-SLG3,Reliance Retail Limited-SLG3,Direct,The Derma Co.,Monthly dynamic Cont% (secondary-driven),8,Apr'25–May'26,100.0,100.0,100.0,High,Direct ship-to → single chain (1:1),,,,,,Validated (High-Confidence Auto),Reliance Retail,Reliance Retail Limited-SLG3,Keep,no Confirmed cross-reference found; auto-accepted as a direct 1:1 ship-to->chain mapping (High confidence per the file's own methodology),mtagent pbi audit (cross-ref CustomerCode_Zone_State_Mapping.csv),2026-07-14
Reliance Retail,Reliance Retail Limited-SLMP,Reliance Retail Limited-SLMP,Direct,Mamaearth,Monthly dynamic Cont% (secondary-driven),10,Apr'25–Apr'26,100.0,100.0,100.0,High,Direct ship-to → single chain (1:1),,,,,,Validated (High-Confidence Auto),Reliance Retail,Reliance Retail Limited-SLMP,Keep,no Confirmed cross-reference found; auto-accepted as a direct 1:1 ship-to->chain mapping (High confidence per the file's own methodology),mtagent pbi audit (cross-ref CustomerCode_Zone_State_Mapping.csv),2026-07-14
Reliance Retail,Reliance Retail Limited-SLMP,Reliance Retail Limited-SLMP,Direct,The Derma Co.,Monthly dynamic Cont% (secondary-driven),1,Oct'25–Oct'25,100.0,100.0,100.0,High,Direct ship-to → single chain (1:1),,,,,,Validated (High-Confidence Auto),Reliance Retail,Reliance Retail Limited-SLMP,Keep,no Confirmed cross-reference found; auto-accepted as a direct 1:1 ship-to->chain mapping (High confidence per the file's own methodology),mtagent pbi audit (cross-ref CustomerCode_Zone_State_Mapping.csv),2026-07-14
Reliance Retail,Reliance Retail Limited-SLS1,Reliance Retail Limited-SLS1,Direct,Aqualogica,Monthly dynamic Cont% (secondary-driven),12,Apr'25–May'26,100.0,100.0,100.0,High,Direct ship-to → single chain (1:1),,,,,,Validated (High-Confidence Auto),Reliance Retail,Reliance Retail Limited-SLS1,Keep,no Confirmed cross-reference found; auto-accepted as a direct 1:1 ship-to->chain mapping (High confidence per the file's own methodology),mtagent pbi audit (cross-ref CustomerCode_Zone_State_Mapping.csv),2026-07-14
Reliance Retail,Reliance Retail Limited-SLS1,Reliance Retail Limited-SLS1,Direct,Mamaearth,Monthly dynamic Cont% (secondary-driven),14,Apr'25–May'26,100.0,100.0,100.0,High,Direct ship-to → single chain (1:1),,,,,,Validated (High-Confidence Auto),Reliance Retail,Reliance Retail Limited-SLS1,Keep,no Confirmed cross-reference found; auto-accepted as a direct 1:1 ship-to->chain mapping (High confidence per the file's own methodology),mtagent pbi audit (cross-ref CustomerCode_Zone_State_Mapping.csv),2026-07-14
Reliance Retail,Reliance Retail Limited-SLS1,Reliance Retail Limited-SLS1,Direct,The Derma Co.,Monthly dynamic Cont% (secondary-driven),8,Apr'25–May'26,100.0,100.0,100.0,High,Direct ship-to → single chain (1:1),,,,,,Validated (High-Confidence Auto),Reliance Retail,Reliance Retail Limited-SLS1,Keep,no Confirmed cross-reference found; auto-accepted as a direct 1:1 ship-to->chain mapping (High confidence per the file's own methodology),mtagent pbi audit (cross-ref CustomerCode_Zone_State_Mapping.csv),2026-07-14
Reliance Retail,Reliance Retail Limited-SLS2,Reliance Retail Limited-SLS2,Direct,Mamaearth,Monthly dynamic Cont% (secondary-driven),8,Apr'25–Nov'25,100.0,100.0,100.0,High,Direct ship-to → single chain (1:1),,,,,,Validated (High-Confidence Auto),Reliance Retail,Reliance Retail Limited-SLS2,Keep,no Confirmed cross-reference found; auto-accepted as a direct 1:1 ship-to->chain mapping (High confidence per the file's own methodology),mtagent pbi audit (cross-ref CustomerCode_Zone_State_Mapping.csv),2026-07-14
Reliance Retail,Reliance Retail Limited-SN1U,Reliance Retail Limited-SN1U,Direct,Aqualogica,Monthly dynamic Cont% (secondary-driven),2,Apr'25–Jan'26,100.0,100.0,100.0,High,Direct ship-to → single chain (1:1),,,,,,Validated (High-Confidence Auto),Reliance Retail,Reliance Retail Limited-SN1U,Keep,no Confirmed cross-reference found; auto-accepted as a direct 1:1 ship-to->chain mapping (High confidence per the file's own methodology),mtagent pbi audit (cross-ref CustomerCode_Zone_State_Mapping.csv),2026-07-14
Reliance Retail,Reliance Retail Limited-SN1U,Reliance Retail Limited-SN1U,Direct,Mamaearth,Monthly dynamic Cont% (secondary-driven),14,Apr'25–May'26,100.0,100.0,100.0,High,Direct ship-to → single chain (1:1),,,,,,Validated (High-Confidence Auto),Reliance Retail,Reliance Retail Limited-SN1U,Keep,no Confirmed cross-reference found; auto-accepted as a direct 1:1 ship-to->chain mapping (High confidence per the file's own methodology),mtagent pbi audit (cross-ref CustomerCode_Zone_State_Mapping.csv),2026-07-14
Reliance Retail,Reliance Retail Limited-SN1U,Reliance Retail Limited-SN1U,Direct,The Derma Co.,Monthly dynamic Cont% (secondary-driven),6,Apr'25–Dec'25,100.0,100.0,100.0,High,Direct ship-to → single chain (1:1),,,,,,Validated (High-Confidence Auto),Reliance Retail,Reliance Retail Limited-SN1U,Keep,no Confirmed cross-reference found; auto-accepted as a direct 1:1 ship-to->chain mapping (High confidence per the file's own methodology),mtagent pbi audit (cross-ref CustomerCode_Zone_State_Mapping.csv),2026-07-14
Reliance Retail,Reliance Retail Limited-SP9K,Reliance Retail Limited-SP9K,Direct,Aqualogica,Monthly dynamic Cont% (secondary-driven),6,Oct'25–May'26,100.0,100.0,100.0,High,Direct ship-to → single chain (1:1),,,,,,Validated (High-Confidence Auto),Reliance Retail,Reliance Retail Limited-SP9K,Keep,no Confirmed cross-reference found; auto-accepted as a direct 1:1 ship-to->chain mapping (High confidence per the file's own methodology),mtagent pbi audit (cross-ref CustomerCode_Zone_State_Mapping.csv),2026-07-14
Reliance Retail,Reliance Retail Limited-SP9K,Reliance Retail Limited-SP9K,Direct,Mamaearth,Monthly dynamic Cont% (secondary-driven),14,Apr'25–May'26,100.0,100.0,100.0,High,Direct ship-to → single chain (1:1),,,,,,Validated (High-Confidence Auto),Reliance Retail,Reliance Retail Limited-SP9K,Keep,no Confirmed cross-reference found; auto-accepted as a direct 1:1 ship-to->chain mapping (High confidence per the file's own methodology),mtagent pbi audit (cross-ref CustomerCode_Zone_State_Mapping.csv),2026-07-14
Reliance Retail,Reliance Retail Limited-SP9K,Reliance Retail Limited-SP9K,Direct,The Derma Co.,Monthly dynamic Cont% (secondary-driven),9,Apr'25–May'26,100.0,100.0,100.0,High,Direct ship-to → single chain (1:1),,,,,,Validated (High-Confidence Auto),Reliance Retail,Reliance Retail Limited-SP9K,Keep,no Confirmed cross-reference found; auto-accepted as a direct 1:1 ship-to->chain mapping (High confidence per the file's own methodology),mtagent pbi audit (cross-ref CustomerCode_Zone_State_Mapping.csv),2026-07-14
Reliance Retail,Reliance Retail Limited-Slmr,Reliance Retail Limited-Slmr,Direct,Aqualogica,Monthly dynamic Cont% (secondary-driven),1,Feb'26–Feb'26,100.0,100.0,100.0,High,Direct ship-to → single chain (1:1),,,,,,Validated (High-Confidence Auto),Reliance Retail,Reliance Retail Limited-Slmr,Keep,no Confirmed cross-reference found; auto-accepted as a direct 1:1 ship-to->chain mapping (High confidence per the file's own methodology),mtagent pbi audit (cross-ref CustomerCode_Zone_State_Mapping.csv),2026-07-14
Reliance Retail,Reliance Retail Limited-Slmr,Reliance Retail Limited-Slmr,Direct,Mamaearth,Monthly dynamic Cont% (secondary-driven),13,Apr'25–May'26,100.0,100.0,100.0,High,Direct ship-to → single chain (1:1),,,,,,Validated (High-Confidence Auto),Reliance Retail,Reliance Retail Limited-Slmr,Keep,no Confirmed cross-reference found; auto-accepted as a direct 1:1 ship-to->chain mapping (High confidence per the file's own methodology),mtagent pbi audit (cross-ref CustomerCode_Zone_State_Mapping.csv),2026-07-14
Reliance Retail,Reliance Retail Limited-Slmr,Reliance Retail Limited-Slmr,Direct,The Derma Co.,Monthly dynamic Cont% (secondary-driven),2,Apr'25–Dec'25,100.0,100.0,100.0,High,Direct ship-to → single chain (1:1),,,,,,Validated (High-Confidence Auto),Reliance Retail,Reliance Retail Limited-Slmr,Keep,no Confirmed cross-reference found; auto-accepted as a direct 1:1 ship-to->chain mapping (High confidence per the file's own methodology),mtagent pbi audit (cross-ref CustomerCode_Zone_State_Mapping.csv),2026-07-14
Reliance Retail,Reliance Retail Limited-T0BL,Reliance Retail Limited-T0BL,Direct,Mamaearth,Monthly dynamic Cont% (secondary-driven),1,Jan'26–Jan'26,100.0,100.0,100.0,High,Direct ship-to → single chain (1:1),,,,,,Validated (High-Confidence Auto),Reliance Retail,Reliance Retail Limited-T0BL,Keep,no Confirmed cross-reference found; auto-accepted as a direct 1:1 ship-to->chain mapping (High confidence per the file's own methodology),mtagent pbi audit (cross-ref CustomerCode_Zone_State_Mapping.csv),2026-07-14
Reliance Retail,Reliance Retail Limited-T0BU,Reliance Retail Limited-T0BU,Direct,Mamaearth,Monthly dynamic Cont% (secondary-driven),1,Jan'26–Jan'26,100.0,100.0,100.0,High,Direct ship-to → single chain (1:1),,,,,,Validated (High-Confidence Auto),Reliance Retail,Reliance Retail Limited-T0BU,Keep,no Confirmed cross-reference found; auto-accepted as a direct 1:1 ship-to->chain mapping (High confidence per the file's own methodology),mtagent pbi audit (cross-ref CustomerCode_Zone_State_Mapping.csv),2026-07-14
Reliance Retail,Reliance Retail Limited-T0BV,Reliance Retail Limited-T0BV,Direct,Mamaearth,Monthly dynamic Cont% (secondary-driven),1,Jan'26–Jan'26,100.0,100.0,100.0,High,Direct ship-to → single chain (1:1),,,,,,Validated (High-Confidence Auto),Reliance Retail,Reliance Retail Limited-T0BV,Keep,no Confirmed cross-reference found; auto-accepted as a direct 1:1 ship-to->chain mapping (High confidence per the file's own methodology),mtagent pbi audit (cross-ref CustomerCode_Zone_State_Mapping.csv),2026-07-14
Reliance Retail,Reliance Retail Limited-T0CK,Reliance Retail Limited-T0CK,Direct,Mamaearth,Monthly dynamic Cont% (secondary-driven),1,Jan'26–Jan'26,100.0,100.0,100.0,High,Direct ship-to → single chain (1:1),,,,,,Validated (High-Confidence Auto),Reliance Retail,Reliance Retail Limited-T0CK,Keep,no Confirmed cross-reference found; auto-accepted as a direct 1:1 ship-to->chain mapping (High confidence per the file's own methodology),mtagent pbi audit (cross-ref CustomerCode_Zone_State_Mapping.csv),2026-07-14
Reliance Retail,Reliance Retail Limited-T0MG,Reliance Retail Limited-T0MG,Direct,Mamaearth,Monthly dynamic Cont% (secondary-driven),1,Jan'26–Jan'26,100.0,100.0,100.0,High,Direct ship-to → single chain (1:1),,,,,,Validated (High-Confidence Auto),Reliance Retail,Reliance Retail Limited-T0MG,Keep,no Confirmed cross-reference found; auto-accepted as a direct 1:1 ship-to->chain mapping (High confidence per the file's own methodology),mtagent pbi audit (cross-ref CustomerCode_Zone_State_Mapping.csv),2026-07-14
Reliance Retail,Reliance Retail Limited-T0Z9,Reliance Retail Limited-T0Z9,Direct,Mamaearth,Monthly dynamic Cont% (secondary-driven),9,Apr'25–Apr'26,100.0,100.0,100.0,High,Direct ship-to → single chain (1:1),,,,,,Validated (High-Confidence Auto),Reliance Retail,Reliance Retail Limited-T0Z9,Keep,no Confirmed cross-reference found; auto-accepted as a direct 1:1 ship-to->chain mapping (High confidence per the file's own methodology),mtagent pbi audit (cross-ref CustomerCode_Zone_State_Mapping.csv),2026-07-14
Reliance Retail,Reliance Retail Limited-T15Z-OD,Reliance Retail Limited-T15Z-OD,Direct,Mamaearth,Monthly dynamic Cont% (secondary-driven),6,Oct'25–May'26,100.0,100.0,100.0,High,Direct ship-to → single chain (1:1),,,,,,Validated (High-Confidence Auto),Reliance Retail,Reliance Retail Limited-T15Z-OD,Keep,no Confirmed cross-reference found; auto-accepted as a direct 1:1 ship-to->chain mapping (High confidence per the file's own methodology),mtagent pbi audit (cross-ref CustomerCode_Zone_State_Mapping.csv),2026-07-14
Reliance Retail,Reliance Retail Limited-T1CT,Reliance Retail Limited-T1CT,Direct,Mamaearth,Monthly dynamic Cont% (secondary-driven),10,Apr'25–May'26,100.0,100.0,100.0,High,Direct ship-to → single chain (1:1),,,,,,Validated (High-Confidence Auto),Reliance Retail,Reliance Retail Limited-T1CT,Keep,no Confirmed cross-reference found; auto-accepted as a direct 1:1 ship-to->chain mapping (High confidence per the file's own methodology),mtagent pbi audit (cross-ref CustomerCode_Zone_State_Mapping.csv),2026-07-14
Reliance Retail,Reliance Retail Limited-T1NC,Reliance Retail Limited-T1NC,Direct,Aqualogica,Monthly dynamic Cont% (secondary-driven),9,Apr'25–Mar'26,100.0,100.0,100.0,High,Direct ship-to → single chain (1:1),,,,,,Validated (High-Confidence Auto),Reliance Retail,Reliance Retail Limited-T1NC,Keep,no Confirmed cross-reference found; auto-accepted as a direct 1:1 ship-to->chain mapping (High confidence per the file's own methodology),mtagent pbi audit (cross-ref CustomerCode_Zone_State_Mapping.csv),2026-07-14
Reliance Retail,Reliance Retail Limited-T1NC,Reliance Retail Limited-T1NC,Direct,BBlunt,Monthly dynamic Cont% (secondary-driven),9,Apr'25–Mar'26,100.0,100.0,100.0,High,Direct ship-to → single chain (1:1),,,,,,Validated (High-Confidence Auto),Reliance Retail,Reliance Retail Limited-T1NC,Keep,no Confirmed cross-reference found; auto-accepted as a direct 1:1 ship-to->chain mapping (High confidence per the file's own methodology),mtagent pbi audit (cross-ref CustomerCode_Zone_State_Mapping.csv),2026-07-14
Reliance Retail,Reliance Retail Limited-T1NC,Reliance Retail Limited-T1NC,Direct,The Derma Co.,Monthly dynamic Cont% (secondary-driven),9,Apr'25–Mar'26,100.0,100.0,100.0,High,Direct ship-to → single chain (1:1),,,,,,Validated (High-Confidence Auto),Reliance Retail,Reliance Retail Limited-T1NC,Keep,no Confirmed cross-reference found; auto-accepted as a direct 1:1 ship-to->chain mapping (High confidence per the file's own methodology),mtagent pbi audit (cross-ref CustomerCode_Zone_State_Mapping.csv),2026-07-14
Reliance Retail,Reliance Retail Limited-T1NE,Reliance Retail Limited-T1NE,Direct,Mamaearth,Monthly dynamic Cont% (secondary-driven),5,Nov'25–May'26,100.0,100.0,100.0,High,Direct ship-to → single chain (1:1),,,,,,Validated (High-Confidence Auto),Reliance Retail,Reliance Retail Limited-T1NE,Keep,no Confirmed cross-reference found; auto-accepted as a direct 1:1 ship-to->chain mapping (High confidence per the file's own methodology),mtagent pbi audit (cross-ref CustomerCode_Zone_State_Mapping.csv),2026-07-14
Reliance Retail,Reliance Retail Limited-T1OW,Reliance Retail Limited-T1OW,Direct,Aqualogica,Monthly dynamic Cont% (secondary-driven),1,Apr'26–Apr'26,100.0,100.0,100.0,High,Direct ship-to → single chain (1:1),,,,,,Validated (High-Confidence Auto),Reliance Retail,Reliance Retail Limited-T1OW,Keep,no Confirmed cross-reference found; auto-accepted as a direct 1:1 ship-to->chain mapping (High confidence per the file's own methodology),mtagent pbi audit (cross-ref CustomerCode_Zone_State_Mapping.csv),2026-07-14
Reliance Retail,Reliance Retail Limited-T1OW,Reliance Retail Limited-T1OW,Direct,Mamaearth,Monthly dynamic Cont% (secondary-driven),2,Apr'26–May'26,100.0,100.0,100.0,High,Direct ship-to → single chain (1:1),,,,,,Validated (High-Confidence Auto),Reliance Retail,Reliance Retail Limited-T1OW,Keep,no Confirmed cross-reference found; auto-accepted as a direct 1:1 ship-to->chain mapping (High confidence per the file's own methodology),mtagent pbi audit (cross-ref CustomerCode_Zone_State_Mapping.csv),2026-07-14
Reliance Retail,Reliance Retail Limited-T1OW,Reliance Retail Limited-T1OW,Direct,The Derma Co.,Monthly dynamic Cont% (secondary-driven),2,Apr'26–May'26,100.0,100.0,100.0,High,Direct ship-to → single chain (1:1),,,,,,Validated (High-Confidence Auto),Reliance Retail,Reliance Retail Limited-T1OW,Keep,no Confirmed cross-reference found; auto-accepted as a direct 1:1 ship-to->chain mapping (High confidence per the file's own methodology),mtagent pbi audit (cross-ref CustomerCode_Zone_State_Mapping.csv),2026-07-14
Reliance Retail,Reliance Retail Limited-T1X4,Reliance Retail Limited-T1X4,Direct,Mamaearth,Monthly dynamic Cont% (secondary-driven),11,Apr'25–May'26,100.0,100.0,100.0,High,Direct ship-to → single chain (1:1),,,,,,Validated (High-Confidence Auto),Reliance Retail,Reliance Retail Limited-T1X4,Keep,no Confirmed cross-reference found; auto-accepted as a direct 1:1 ship-to->chain mapping (High confidence per the file's own methodology),mtagent pbi audit (cross-ref CustomerCode_Zone_State_Mapping.csv),2026-07-14
Reliance Retail,Reliance Retail Limited-T27R,Reliance Retail Limited-T27R,Direct,Mamaearth,Monthly dynamic Cont% (secondary-driven),2,Dec'25–Mar'26,100.0,100.0,100.0,High,Direct ship-to → single chain (1:1),,,,,,Validated (High-Confidence Auto),Reliance Retail,Reliance Retail Limited-T27R,Keep,no Confirmed cross-reference found; auto-accepted as a direct 1:1 ship-to->chain mapping (High confidence per the file's own methodology),mtagent pbi audit (cross-ref CustomerCode_Zone_State_Mapping.csv),2026-07-14
Reliance Retail,Reliance Retail Limited-T2DI,Reliance Retail Limited-T2DI,Direct,Aqualogica,Monthly dynamic Cont% (secondary-driven),9,Apr'25–Mar'26,100.0,100.0,100.0,High,Direct ship-to → single chain (1:1),,,,,,Validated (High-Confidence Auto),Reliance Retail,Reliance Retail Limited-T2DI,Keep,no Confirmed cross-reference found; auto-accepted as a direct 1:1 ship-to->chain mapping (High confidence per the file's own methodology),mtagent pbi audit (cross-ref CustomerCode_Zone_State_Mapping.csv),2026-07-14
Reliance Retail,Reliance Retail Limited-T2DI,Reliance Retail Limited-T2DI,Direct,BBlunt,Monthly dynamic Cont% (secondary-driven),9,Apr'25–Mar'26,100.0,100.0,100.0,High,Direct ship-to → single chain (1:1),,,,,,Validated (High-Confidence Auto),Reliance Retail,Reliance Retail Limited-T2DI,Keep,no Confirmed cross-reference found; auto-accepted as a direct 1:1 ship-to->chain mapping (High confidence per the file's own methodology),mtagent pbi audit (cross-ref CustomerCode_Zone_State_Mapping.csv),2026-07-14
Reliance Retail,Reliance Retail Limited-T2DI,Reliance Retail Limited-T2DI,Direct,The Derma Co.,Monthly dynamic Cont% (secondary-driven),11,Apr'25–May'26,100.0,100.0,100.0,High,Direct ship-to → single chain (1:1),,,,,,Validated (High-Confidence Auto),Reliance Retail,Reliance Retail Limited-T2DI,Keep,no Confirmed cross-reference found; auto-accepted as a direct 1:1 ship-to->chain mapping (High confidence per the file's own methodology),mtagent pbi audit (cross-ref CustomerCode_Zone_State_Mapping.csv),2026-07-14
Reliance Retail,Reliance Retail Limited-T2DO,Reliance Retail Limited-T2DO,Direct,Mamaearth,Monthly dynamic Cont% (secondary-driven),5,Nov'25–May'26,100.0,100.0,100.0,High,Direct ship-to → single chain (1:1),,,,,,Validated (High-Confidence Auto),Reliance Retail,Reliance Retail Limited-T2DO,Keep,no Confirmed cross-reference found; auto-accepted as a direct 1:1 ship-to->chain mapping (High confidence per the file's own methodology),mtagent pbi audit (cross-ref CustomerCode_Zone_State_Mapping.csv),2026-07-14
Reliance Retail,Reliance Retail Limited-T2EA,Reliance Retail Limited-T2EA,Direct,Mamaearth,Monthly dynamic Cont% (secondary-driven),5,Nov'25–May'26,100.0,100.0,100.0,High,Direct ship-to → single chain (1:1),,,,,,Validated (High-Confidence Auto),Reliance Retail,Reliance Retail Limited-T2EA,Keep,no Confirmed cross-reference found; auto-accepted as a direct 1:1 ship-to->chain mapping (High confidence per the file's own methodology),mtagent pbi audit (cross-ref CustomerCode_Zone_State_Mapping.csv),2026-07-14
Reliance Retail,Reliance Retail Limited-T37T,Reliance Retail Limited-T37T,Direct,Mamaearth,Monthly dynamic Cont% (secondary-driven),11,Apr'25–May'26,100.0,100.0,100.0,High,Direct ship-to → single chain (1:1),,,,,,Validated (High-Confidence Auto),Reliance Retail,Reliance Retail Limited-T37T,Keep,no Confirmed cross-reference found; auto-accepted as a direct 1:1 ship-to->chain mapping (High confidence per the file's own methodology),mtagent pbi audit (cross-ref CustomerCode_Zone_State_Mapping.csv),2026-07-14
Reliance Retail,Reliance Retail Limited-T37T,Reliance Retail Limited-T37T,Direct,The Derma Co.,Monthly dynamic Cont% (secondary-driven),1,Oct'25–Oct'25,100.0,100.0,100.0,High,Direct ship-to → single chain (1:1),,,,,,Validated (High-Confidence Auto),Reliance Retail,Reliance Retail Limited-T37T,Keep,no Confirmed cross-reference found; auto-accepted as a direct 1:1 ship-to->chain mapping (High confidence per the file's own methodology),mtagent pbi audit (cross-ref CustomerCode_Zone_State_Mapping.csv),2026-07-14
Reliance Retail,Reliance Retail Limited-T42N,Reliance Retail Limited-T42N,Direct,Mamaearth,Monthly dynamic Cont% (secondary-driven),2,Jan'26–Apr'26,100.0,100.0,100.0,High,Direct ship-to → single chain (1:1),,,,,,Validated (High-Confidence Auto),Reliance Retail,Reliance Retail Limited-T42N,Keep,no Confirmed cross-reference found; auto-accepted as a direct 1:1 ship-to->chain mapping (High confidence per the file's own methodology),mtagent pbi audit (cross-ref CustomerCode_Zone_State_Mapping.csv),2026-07-14
Reliance Retail,Reliance Retail Limited-T48P,Reliance Retail Limited-T48P,Direct,Mamaearth,Monthly dynamic Cont% (secondary-driven),10,Apr'25–May'26,100.0,100.0,100.0,High,Direct ship-to → single chain (1:1),,,,,,Validated (High-Confidence Auto),Reliance Retail,Reliance Retail Limited-T48P,Keep,no Confirmed cross-reference found; auto-accepted as a direct 1:1 ship-to->chain mapping (High confidence per the file's own methodology),mtagent pbi audit (cross-ref CustomerCode_Zone_State_Mapping.csv),2026-07-14
Reliance Retail,Reliance Retail Limited-T60M,Reliance Retail Limited-T60M,Direct,Mamaearth,Monthly dynamic Cont% (secondary-driven),5,Nov'25–May'26,100.0,100.0,100.0,High,Direct ship-to → single chain (1:1),,,,,,Validated (High-Confidence Auto),Reliance Retail,Reliance Retail Limited-T60M,Keep,no Confirmed cross-reference found; auto-accepted as a direct 1:1 ship-to->chain mapping (High confidence per the file's own methodology),mtagent pbi audit (cross-ref CustomerCode_Zone_State_Mapping.csv),2026-07-14
Reliance Retail,Reliance Retail Limited-T63A,Reliance Retail Limited-T63A,Direct,Mamaearth,Monthly dynamic Cont% (secondary-driven),9,Apr'25–May'26,100.0,100.0,100.0,High,Direct ship-to → single chain (1:1),,,,,,Validated (High-Confidence Auto),Reliance Retail,Reliance Retail Limited-T63A,Keep,no Confirmed cross-reference found; auto-accepted as a direct 1:1 ship-to->chain mapping (High confidence per the file's own methodology),mtagent pbi audit (cross-ref CustomerCode_Zone_State_Mapping.csv),2026-07-14
Reliance Retail,Reliance Retail Limited-T63A,Reliance Retail Limited-T63A,Direct,The Derma Co.,Monthly dynamic Cont% (secondary-driven),1,Oct'25–Oct'25,100.0,100.0,100.0,High,Direct ship-to → single chain (1:1),,,,,,Validated (High-Confidence Auto),Reliance Retail,Reliance Retail Limited-T63A,Keep,no Confirmed cross-reference found; auto-accepted as a direct 1:1 ship-to->chain mapping (High confidence per the file's own methodology),mtagent pbi audit (cross-ref CustomerCode_Zone_State_Mapping.csv),2026-07-14
Reliance Retail,Reliance Retail Limited-T6XJ,Reliance Retail Limited-T6XJ,Direct,Mamaearth,Monthly dynamic Cont% (secondary-driven),3,Jan'26–May'26,100.0,100.0,100.0,High,Direct ship-to → single chain (1:1),,,,,,Validated (High-Confidence Auto),Reliance Retail,Reliance Retail Limited-T6XJ,Keep,no Confirmed cross-reference found; auto-accepted as a direct 1:1 ship-to->chain mapping (High confidence per the file's own methodology),mtagent pbi audit (cross-ref CustomerCode_Zone_State_Mapping.csv),2026-07-14
Reliance Retail,Reliance Retail Limited-T84I,Reliance Retail Limited-T84I,Direct,Aqualogica,Monthly dynamic Cont% (secondary-driven),8,Apr'25–Mar'26,100.0,100.0,100.0,High,Direct ship-to → single chain (1:1),,,,,,Validated (High-Confidence Auto),Reliance Retail,Reliance Retail Limited-T84I,Keep,no Confirmed cross-reference found; auto-accepted as a direct 1:1 ship-to->chain mapping (High confidence per the file's own methodology),mtagent pbi audit (cross-ref CustomerCode_Zone_State_Mapping.csv),2026-07-14
Reliance Retail,Reliance Retail Limited-T84I,Reliance Retail Limited-T84I,Direct,BBlunt,Monthly dynamic Cont% (secondary-driven),8,Apr'25–Mar'26,100.0,100.0,100.0,High,Direct ship-to → single chain (1:1),,,,,,Validated (High-Confidence Auto),Reliance Retail,Reliance Retail Limited-T84I,Keep,no Confirmed cross-reference found; auto-accepted as a direct 1:1 ship-to->chain mapping (High confidence per the file's own methodology),mtagent pbi audit (cross-ref CustomerCode_Zone_State_Mapping.csv),2026-07-14
Reliance Retail,Reliance Retail Limited-T84I,Reliance Retail Limited-T84I,Direct,Mamaearth,Monthly dynamic Cont% (secondary-driven),7,Jul'25–May'26,100.0,100.0,100.0,High,Direct ship-to → single chain (1:1),,,,,,Validated (High-Confidence Auto),Reliance Retail,Reliance Retail Limited-T84I,Keep,no Confirmed cross-reference found; auto-accepted as a direct 1:1 ship-to->chain mapping (High confidence per the file's own methodology),mtagent pbi audit (cross-ref CustomerCode_Zone_State_Mapping.csv),2026-07-14
Reliance Retail,Reliance Retail Limited-T84I,Reliance Retail Limited-T84I,Direct,The Derma Co.,Monthly dynamic Cont% (secondary-driven),9,Apr'25–Apr'26,100.0,100.0,100.0,High,Direct ship-to → single chain (1:1),,,,,,Validated (High-Confidence Auto),Reliance Retail,Reliance Retail Limited-T84I,Keep,no Confirmed cross-reference found; auto-accepted as a direct 1:1 ship-to->chain mapping (High confidence per the file's own methodology),mtagent pbi audit (cross-ref CustomerCode_Zone_State_Mapping.csv),2026-07-14
Reliance Retail,Reliance Retail Limited-T84L,Reliance Retail Limited-T84L,Direct,Mamaearth,Monthly dynamic Cont% (secondary-driven),9,Apr'25–Apr'26,100.0,100.0,100.0,High,Direct ship-to → single chain (1:1),,,,,,Validated (High-Confidence Auto),Reliance Retail,Reliance Retail Limited-T84L,Keep,no Confirmed cross-reference found; auto-accepted as a direct 1:1 ship-to->chain mapping (High confidence per the file's own methodology),mtagent pbi audit (cross-ref CustomerCode_Zone_State_Mapping.csv),2026-07-14
Reliance Retail,Reliance Retail Limited-T914,Reliance Retail Limited-T914,Direct,Mamaearth,Monthly dynamic Cont% (secondary-driven),6,Oct'25–May'26,100.0,100.0,100.0,High,Direct ship-to → single chain (1:1),,,,,,Validated (High-Confidence Auto),Reliance Retail,Reliance Retail Limited-T914,Keep,no Confirmed cross-reference found; auto-accepted as a direct 1:1 ship-to->chain mapping (High confidence per the file's own methodology),mtagent pbi audit (cross-ref CustomerCode_Zone_State_Mapping.csv),2026-07-14
Reliance Retail,Reliance Retail Limited-T914,Reliance Retail Limited-T914,Direct,The Derma Co.,Monthly dynamic Cont% (secondary-driven),2,Oct'25–Jan'26,100.0,100.0,100.0,High,Direct ship-to → single chain (1:1),,,,,,Validated (High-Confidence Auto),Reliance Retail,Reliance Retail Limited-T914,Keep,no Confirmed cross-reference found; auto-accepted as a direct 1:1 ship-to->chain mapping (High confidence per the file's own methodology),mtagent pbi audit (cross-ref CustomerCode_Zone_State_Mapping.csv),2026-07-14
Reliance Retail,Reliance Retail Limited-T915,Reliance Retail Limited-T915,Direct,Mamaearth,Monthly dynamic Cont% (secondary-driven),9,Apr'25–May'26,100.0,100.0,100.0,High,Direct ship-to → single chain (1:1),,,,,,Validated (High-Confidence Auto),Reliance Retail,Reliance Retail Limited-T915,Keep,no Confirmed cross-reference found; auto-accepted as a direct 1:1 ship-to->chain mapping (High confidence per the file's own methodology),mtagent pbi audit (cross-ref CustomerCode_Zone_State_Mapping.csv),2026-07-14
Reliance Retail,Reliance Retail Limited-T971,Reliance Retail Limited-T971,Direct,Mamaearth,Monthly dynamic Cont% (secondary-driven),5,Oct'25–May'26,100.0,100.0,100.0,High,Direct ship-to → single chain (1:1),,,,,,Validated (High-Confidence Auto),Reliance Retail,Reliance Retail Limited-T971,Keep,no Confirmed cross-reference found; auto-accepted as a direct 1:1 ship-to->chain mapping (High confidence per the file's own methodology),mtagent pbi audit (cross-ref CustomerCode_Zone_State_Mapping.csv),2026-07-14
Reliance Retail,Reliance Retail Limited-T9SE,Reliance Retail Limited-T9SE,Direct,Mamaearth,Monthly dynamic Cont% (secondary-driven),5,Oct'25–Apr'26,100.0,100.0,100.0,High,Direct ship-to → single chain (1:1),,,,,,Validated (High-Confidence Auto),Reliance Retail,Reliance Retail Limited-T9SE,Keep,no Confirmed cross-reference found; auto-accepted as a direct 1:1 ship-to->chain mapping (High confidence per the file's own methodology),mtagent pbi audit (cross-ref CustomerCode_Zone_State_Mapping.csv),2026-07-14
Reliance Retail,Reliance Retail Limited-TA35,Reliance Retail Limited-TA35,Direct,Mamaearth,Monthly dynamic Cont% (secondary-driven),9,Apr'25–May'26,100.0,100.0,100.0,High,Direct ship-to → single chain (1:1),,,,,,Validated (High-Confidence Auto),Reliance Retail,Reliance Retail Limited-TA35,Keep,no Confirmed cross-reference found; auto-accepted as a direct 1:1 ship-to->chain mapping (High confidence per the file's own methodology),mtagent pbi audit (cross-ref CustomerCode_Zone_State_Mapping.csv),2026-07-14
Reliance Retail,Reliance Retail Limited-TA36,Reliance Retail Limited-TA36,Direct,Aqualogica,Monthly dynamic Cont% (secondary-driven),9,Jun'25–May'26,100.0,100.0,100.0,High,Direct ship-to → single chain (1:1),,,,,,Validated (High-Confidence Auto),Reliance Retail,Reliance Retail Limited-TA36,Keep,no Confirmed cross-reference found; auto-accepted as a direct 1:1 ship-to->chain mapping (High confidence per the file's own methodology),mtagent pbi audit (cross-ref CustomerCode_Zone_State_Mapping.csv),2026-07-14
Reliance Retail,Reliance Retail Limited-TA36,Reliance Retail Limited-TA36,Direct,BBlunt,Monthly dynamic Cont% (secondary-driven),8,Apr'25–Mar'26,100.0,100.0,100.0,High,Direct ship-to → single chain (1:1),,,,,,Validated (High-Confidence Auto),Reliance Retail,Reliance Retail Limited-TA36,Keep,no Confirmed cross-reference found; auto-accepted as a direct 1:1 ship-to->chain mapping (High confidence per the file's own methodology),mtagent pbi audit (cross-ref CustomerCode_Zone_State_Mapping.csv),2026-07-14
Reliance Retail,Reliance Retail Limited-TA36,Reliance Retail Limited-TA36,Direct,Mamaearth,Monthly dynamic Cont% (secondary-driven),8,Apr'25–Apr'26,100.0,100.0,100.0,High,Direct ship-to → single chain (1:1),,,,,,Validated (High-Confidence Auto),Reliance Retail,Reliance Retail Limited-TA36,Keep,no Confirmed cross-reference found; auto-accepted as a direct 1:1 ship-to->chain mapping (High confidence per the file's own methodology),mtagent pbi audit (cross-ref CustomerCode_Zone_State_Mapping.csv),2026-07-14
Reliance Retail,Reliance Retail Limited-TA36,Reliance Retail Limited-TA36,Direct,The Derma Co.,Monthly dynamic Cont% (secondary-driven),10,Apr'25–May'26,100.0,100.0,100.0,High,Direct ship-to → single chain (1:1),,,,,,Validated (High-Confidence Auto),Reliance Retail,Reliance Retail Limited-TA36,Keep,no Confirmed cross-reference found; auto-accepted as a direct 1:1 ship-to->chain mapping (High confidence per the file's own methodology),mtagent pbi audit (cross-ref CustomerCode_Zone_State_Mapping.csv),2026-07-14
Reliance Retail,Reliance Retail Limited-TA5I,Reliance Retail Limited-TA5I,Direct,Mamaearth,Monthly dynamic Cont% (secondary-driven),6,Jul'25–Apr'26,100.0,100.0,100.0,High,Direct ship-to → single chain (1:1),,,,,,Validated (High-Confidence Auto),Reliance Retail,Reliance Retail Limited-TA5I,Keep,no Confirmed cross-reference found; auto-accepted as a direct 1:1 ship-to->chain mapping (High confidence per the file's own methodology),mtagent pbi audit (cross-ref CustomerCode_Zone_State_Mapping.csv),2026-07-14
Reliance Retail,Reliance Retail Limited-TA7A,Reliance Retail Limited-TA7A,Direct,Mamaearth,Monthly dynamic Cont% (secondary-driven),5,Nov'25–May'26,100.0,100.0,100.0,High,Direct ship-to → single chain (1:1),,,,,,Validated (High-Confidence Auto),Reliance Retail,Reliance Retail Limited-TA7A,Keep,no Confirmed cross-reference found; auto-accepted as a direct 1:1 ship-to->chain mapping (High confidence per the file's own methodology),mtagent pbi audit (cross-ref CustomerCode_Zone_State_Mapping.csv),2026-07-14
Reliance Retail,Reliance Retail Limited-TA7C,Reliance Retail Limited-TA7C,Direct,Mamaearth,Monthly dynamic Cont% (secondary-driven),3,Dec'25–Apr'26,100.0,100.0,100.0,High,Direct ship-to → single chain (1:1),,,,,,Validated (High-Confidence Auto),Reliance Retail,Reliance Retail Limited-TA7C,Keep,no Confirmed cross-reference found; auto-accepted as a direct 1:1 ship-to->chain mapping (High confidence per the file's own methodology),mtagent pbi audit (cross-ref CustomerCode_Zone_State_Mapping.csv),2026-07-14
Reliance Retail,Reliance Retail Limited-TA9N,Reliance Retail Limited-TA9N,Direct,Mamaearth,Monthly dynamic Cont% (secondary-driven),10,Apr'25–May'26,100.0,100.0,100.0,High,Direct ship-to → single chain (1:1),,,,,,Validated (High-Confidence Auto),Reliance Retail,Reliance Retail Limited-TA9N,Keep,no Confirmed cross-reference found; auto-accepted as a direct 1:1 ship-to->chain mapping (High confidence per the file's own methodology),mtagent pbi audit (cross-ref CustomerCode_Zone_State_Mapping.csv),2026-07-14
Reliance Retail,Reliance Retail Limited-TA9N,Reliance Retail Limited-TA9N,Direct,The Derma Co.,Monthly dynamic Cont% (secondary-driven),1,Oct'25–Oct'25,100.0,100.0,100.0,High,Direct ship-to → single chain (1:1),,,,,,Validated (High-Confidence Auto),Reliance Retail,Reliance Retail Limited-TA9N,Keep,no Confirmed cross-reference found; auto-accepted as a direct 1:1 ship-to->chain mapping (High confidence per the file's own methodology),mtagent pbi audit (cross-ref CustomerCode_Zone_State_Mapping.csv),2026-07-14
Reliance Retail,Reliance Retail Limited-TAFW,Reliance Retail Limited-TAFW,Direct,Mamaearth,Monthly dynamic Cont% (secondary-driven),10,Apr'25–Apr'26,100.0,100.0,100.0,High,Direct ship-to → single chain (1:1),,,,,,Validated (High-Confidence Auto),Reliance Retail,Reliance Retail Limited-TAFW,Keep,no Confirmed cross-reference found; auto-accepted as a direct 1:1 ship-to->chain mapping (High confidence per the file's own methodology),mtagent pbi audit (cross-ref CustomerCode_Zone_State_Mapping.csv),2026-07-14
Reliance Retail,Reliance Retail Limited-TAFW,Reliance Retail Limited-TAFW,Direct,The Derma Co.,Monthly dynamic Cont% (secondary-driven),1,Oct'25–Oct'25,100.0,100.0,100.0,High,Direct ship-to → single chain (1:1),,,,,,Validated (High-Confidence Auto),Reliance Retail,Reliance Retail Limited-TAFW,Keep,no Confirmed cross-reference found; auto-accepted as a direct 1:1 ship-to->chain mapping (High confidence per the file's own methodology),mtagent pbi audit (cross-ref CustomerCode_Zone_State_Mapping.csv),2026-07-14
Reliance Retail,Reliance Retail Limited-TAH3,Reliance Retail Limited-TAH3,Direct,Mamaearth,Monthly dynamic Cont% (secondary-driven),9,Apr'25–Apr'26,100.0,100.0,100.0,High,Direct ship-to → single chain (1:1),,,,,,Validated (High-Confidence Auto),Reliance Retail,Reliance Retail Limited-TAH3,Keep,no Confirmed cross-reference found; auto-accepted as a direct 1:1 ship-to->chain mapping (High confidence per the file's own methodology),mtagent pbi audit (cross-ref CustomerCode_Zone_State_Mapping.csv),2026-07-14
Reliance Retail,Reliance Retail Limited-TAH3,Reliance Retail Limited-TAH3,Direct,The Derma Co.,Monthly dynamic Cont% (secondary-driven),1,Oct'25–Oct'25,100.0,100.0,100.0,High,Direct ship-to → single chain (1:1),,,,,,Validated (High-Confidence Auto),Reliance Retail,Reliance Retail Limited-TAH3,Keep,no Confirmed cross-reference found; auto-accepted as a direct 1:1 ship-to->chain mapping (High confidence per the file's own methodology),mtagent pbi audit (cross-ref CustomerCode_Zone_State_Mapping.csv),2026-07-14
Reliance Retail,Reliance Retail Limited-TAI9,Reliance Retail Limited-TAI9,Direct,Mamaearth,Monthly dynamic Cont% (secondary-driven),3,Dec'25–Apr'26,100.0,100.0,100.0,High,Direct ship-to → single chain (1:1),,,,,,Validated (High-Confidence Auto),Reliance Retail,Reliance Retail Limited-TAI9,Keep,no Confirmed cross-reference found; auto-accepted as a direct 1:1 ship-to->chain mapping (High confidence per the file's own methodology),mtagent pbi audit (cross-ref CustomerCode_Zone_State_Mapping.csv),2026-07-14
Reliance Retail,Reliance Retail Limited-TAIE,Reliance Retail Limited-TAIE,Direct,Aqualogica,Monthly dynamic Cont% (secondary-driven),5,Apr'25–Jan'26,100.0,100.0,100.0,High,Direct ship-to → single chain (1:1),,,,,,Validated (High-Confidence Auto),Reliance Retail,Reliance Retail Limited-TAIE,Keep,no Confirmed cross-reference found; auto-accepted as a direct 1:1 ship-to->chain mapping (High confidence per the file's own methodology),mtagent pbi audit (cross-ref CustomerCode_Zone_State_Mapping.csv),2026-07-14
Reliance Retail,Reliance Retail Limited-TAIE,Reliance Retail Limited-TAIE,Direct,BBlunt,Monthly dynamic Cont% (secondary-driven),5,Apr'25–Jan'26,100.0,100.0,100.0,High,Direct ship-to → single chain (1:1),,,,,,Validated (High-Confidence Auto),Reliance Retail,Reliance Retail Limited-TAIE,Keep,no Confirmed cross-reference found; auto-accepted as a direct 1:1 ship-to->chain mapping (High confidence per the file's own methodology),mtagent pbi audit (cross-ref CustomerCode_Zone_State_Mapping.csv),2026-07-14
Reliance Retail,Reliance Retail Limited-TAIE,Reliance Retail Limited-TAIE,Direct,The Derma Co.,Monthly dynamic Cont% (secondary-driven),6,Apr'25–Apr'26,100.0,100.0,100.0,High,Direct ship-to → single chain (1:1),,,,,,Validated (High-Confidence Auto),Reliance Retail,Reliance Retail Limited-TAIE,Keep,no Confirmed cross-reference found; auto-accepted as a direct 1:1 ship-to->chain mapping (High confidence per the file's own methodology),mtagent pbi audit (cross-ref CustomerCode_Zone_State_Mapping.csv),2026-07-14
Reliance Retail,Reliance Retail Limited-TAUX,Reliance Retail Limited-TAUX,Direct,Mamaearth,Monthly dynamic Cont% (secondary-driven),10,Apr'25–May'26,100.0,100.0,100.0,High,Direct ship-to → single chain (1:1),,,,,,Validated (High-Confidence Auto),Reliance Retail,Reliance Retail Limited-TAUX,Keep,no Confirmed cross-reference found; auto-accepted as a direct 1:1 ship-to->chain mapping (High confidence per the file's own methodology),mtagent pbi audit (cross-ref CustomerCode_Zone_State_Mapping.csv),2026-07-14
Reliance Retail,Reliance Retail Limited-TB19,Reliance Retail Limited-TB19,Direct,Mamaearth,Monthly dynamic Cont% (secondary-driven),5,Oct'25–Apr'26,100.0,100.0,100.0,High,Direct ship-to → single chain (1:1),,,,,,Validated (High-Confidence Auto),Reliance Retail,Reliance Retail Limited-TB19,Keep,no Confirmed cross-reference found; auto-accepted as a direct 1:1 ship-to->chain mapping (High confidence per the file's own methodology),mtagent pbi audit (cross-ref CustomerCode_Zone_State_Mapping.csv),2026-07-14
Reliance Retail,Reliance Retail Limited-TC74,Reliance Retail Limited-TC74,Direct,Mamaearth,Monthly dynamic Cont% (secondary-driven),9,Apr'25–Apr'26,100.0,100.0,100.0,High,Direct ship-to → single chain (1:1),,,,,,Validated (High-Confidence Auto),Reliance Retail,Reliance Retail Limited-TC74,Keep,no Confirmed cross-reference found; auto-accepted as a direct 1:1 ship-to->chain mapping (High confidence per the file's own methodology),mtagent pbi audit (cross-ref CustomerCode_Zone_State_Mapping.csv),2026-07-14
Reliance Retail,Reliance Retail Limited-TCD6,Reliance Retail Limited-TCD6,Direct,Mamaearth,Monthly dynamic Cont% (secondary-driven),10,Apr'25–May'26,100.0,100.0,100.0,High,Direct ship-to → single chain (1:1),,,,,,Validated (High-Confidence Auto),Reliance Retail,Reliance Retail Limited-TCD6,Keep,no Confirmed cross-reference found; auto-accepted as a direct 1:1 ship-to->chain mapping (High confidence per the file's own methodology),mtagent pbi audit (cross-ref CustomerCode_Zone_State_Mapping.csv),2026-07-14
Reliance Retail,Reliance Retail Limited-TD04,Reliance Retail Limited-TD04,Direct,Mamaearth,Monthly dynamic Cont% (secondary-driven),9,Apr'25–Apr'26,100.0,100.0,100.0,High,Direct ship-to → single chain (1:1),,,,,,Validated (High-Confidence Auto),Reliance Retail,Reliance Retail Limited-TD04,Keep,no Confirmed cross-reference found; auto-accepted as a direct 1:1 ship-to->chain mapping (High confidence per the file's own methodology),mtagent pbi audit (cross-ref CustomerCode_Zone_State_Mapping.csv),2026-07-14
Reliance Retail,Reliance Retail Limited-TDF0,Reliance Retail Limited-TDF0,Direct,Mamaearth,Monthly dynamic Cont% (secondary-driven),5,Oct'25–Apr'26,100.0,100.0,100.0,High,Direct ship-to → single chain (1:1),,,,,,Validated (High-Confidence Auto),Reliance Retail,Reliance Retail Limited-TDF0,Keep,no Confirmed cross-reference found; auto-accepted as a direct 1:1 ship-to->chain mapping (High confidence per the file's own methodology),mtagent pbi audit (cross-ref CustomerCode_Zone_State_Mapping.csv),2026-07-14
Reliance Retail,Reliance Retail Limited-TDF0,Reliance Retail Limited-TDF0,Direct,The Derma Co.,Monthly dynamic Cont% (secondary-driven),1,Oct'25–Oct'25,100.0,100.0,100.0,High,Direct ship-to → single chain (1:1),,,,,,Validated (High-Confidence Auto),Reliance Retail,Reliance Retail Limited-TDF0,Keep,no Confirmed cross-reference found; auto-accepted as a direct 1:1 ship-to->chain mapping (High confidence per the file's own methodology),mtagent pbi audit (cross-ref CustomerCode_Zone_State_Mapping.csv),2026-07-14
Reliance Retail,Reliance Retail Limited-TE39,Reliance Retail Limited-TE39,Direct,Mamaearth,Monthly dynamic Cont% (secondary-driven),10,Apr'25–May'26,100.0,100.0,100.0,High,Direct ship-to → single chain (1:1),,,,,,Validated (High-Confidence Auto),Reliance Retail,Reliance Retail Limited-TE39,Keep,no Confirmed cross-reference found; auto-accepted as a direct 1:1 ship-to->chain mapping (High confidence per the file's own methodology),mtagent pbi audit (cross-ref CustomerCode_Zone_State_Mapping.csv),2026-07-14
Reliance Retail,Reliance Retail Limited-TE39,Reliance Retail Limited-TE39,Direct,The Derma Co.,Monthly dynamic Cont% (secondary-driven),1,Oct'25–Oct'25,100.0,100.0,100.0,High,Direct ship-to → single chain (1:1),,,,,,Validated (High-Confidence Auto),Reliance Retail,Reliance Retail Limited-TE39,Keep,no Confirmed cross-reference found; auto-accepted as a direct 1:1 ship-to->chain mapping (High confidence per the file's own methodology),mtagent pbi audit (cross-ref CustomerCode_Zone_State_Mapping.csv),2026-07-14
Reliance Retail,Reliance Retail Limited-TEI1,Reliance Retail Limited-TEI1,Direct,Mamaearth,Monthly dynamic Cont% (secondary-driven),6,Oct'25–May'26,100.0,100.0,100.0,High,Direct ship-to → single chain (1:1),,,,,,Validated (High-Confidence Auto),Reliance Retail,Reliance Retail Limited-TEI1,Keep,no Confirmed cross-reference found; auto-accepted as a direct 1:1 ship-to->chain mapping (High confidence per the file's own methodology),mtagent pbi audit (cross-ref CustomerCode_Zone_State_Mapping.csv),2026-07-14
Reliance Retail,Reliance Retail Limited-TFY6,Reliance Retail Limited-TFY6,Direct,Mamaearth,Monthly dynamic Cont% (secondary-driven),11,Apr'25–May'26,100.0,100.0,100.0,High,Direct ship-to → single chain (1:1),,,,,,Validated (High-Confidence Auto),Reliance Retail,Reliance Retail Limited-TFY6,Keep,no Confirmed cross-reference found; auto-accepted as a direct 1:1 ship-to->chain mapping (High confidence per the file's own methodology),mtagent pbi audit (cross-ref CustomerCode_Zone_State_Mapping.csv),2026-07-14
Reliance Retail,Reliance Retail Limited-TG2K,Reliance Retail Limited-TG2K,Direct,Mamaearth,Monthly dynamic Cont% (secondary-driven),12,Apr'25–May'26,100.0,100.0,100.0,High,Direct ship-to → single chain (1:1),,,,,,Validated (High-Confidence Auto),Reliance Retail,Reliance Retail Limited-TG2K,Keep,no Confirmed cross-reference found; auto-accepted as a direct 1:1 ship-to->chain mapping (High confidence per the file's own methodology),mtagent pbi audit (cross-ref CustomerCode_Zone_State_Mapping.csv),2026-07-14
Reliance Retail,Reliance Retail Limited-TGL6,Reliance Retail Limited-TGL6,Direct,Mamaearth,Monthly dynamic Cont% (secondary-driven),10,Apr'25–May'26,100.0,100.0,100.0,High,Direct ship-to → single chain (1:1),,,,,,Validated (High-Confidence Auto),Reliance Retail,Reliance Retail Limited-TGL6,Keep,no Confirmed cross-reference found; auto-accepted as a direct 1:1 ship-to->chain mapping (High confidence per the file's own methodology),mtagent pbi audit (cross-ref CustomerCode_Zone_State_Mapping.csv),2026-07-14
Reliance Retail,Reliance Retail Limited-TH93,Reliance Retail Limited-TH93,Direct,Mamaearth,Monthly dynamic Cont% (secondary-driven),10,Apr'25–May'26,100.0,100.0,100.0,High,Direct ship-to → single chain (1:1),,,,,,Validated (High-Confidence Auto),Reliance Retail,Reliance Retail Limited-TH93,Keep,no Confirmed cross-reference found; auto-accepted as a direct 1:1 ship-to->chain mapping (High confidence per the file's own methodology),mtagent pbi audit (cross-ref CustomerCode_Zone_State_Mapping.csv),2026-07-14
Reliance Retail,Reliance Retail Limited-TI67,Reliance Retail Limited-TI67,Direct,Mamaearth,Monthly dynamic Cont% (secondary-driven),6,Oct'25–May'26,100.0,100.0,100.0,High,Direct ship-to → single chain (1:1),,,,,,Validated (High-Confidence Auto),Reliance Retail,Reliance Retail Limited-TI67,Keep,no Confirmed cross-reference found; auto-accepted as a direct 1:1 ship-to->chain mapping (High confidence per the file's own methodology),mtagent pbi audit (cross-ref CustomerCode_Zone_State_Mapping.csv),2026-07-14
Reliance Retail,Reliance Retail Limited-TIU6,Reliance Retail Limited-TIU6,Direct,Mamaearth,Monthly dynamic Cont% (secondary-driven),12,Apr'25–May'26,100.0,100.0,100.0,High,Direct ship-to → single chain (1:1),,,,,,Validated (High-Confidence Auto),Reliance Retail,Reliance Retail Limited-TIU6,Keep,no Confirmed cross-reference found; auto-accepted as a direct 1:1 ship-to->chain mapping (High confidence per the file's own methodology),mtagent pbi audit (cross-ref CustomerCode_Zone_State_Mapping.csv),2026-07-14
Reliance Retail,Reliance Retail Limited-TL07,Reliance Retail Limited-TL07,Direct,Mamaearth,Monthly dynamic Cont% (secondary-driven),6,Oct'25–May'26,100.0,100.0,100.0,High,Direct ship-to → single chain (1:1),,,,,,Validated (High-Confidence Auto),Reliance Retail,Reliance Retail Limited-TL07,Keep,no Confirmed cross-reference found; auto-accepted as a direct 1:1 ship-to->chain mapping (High confidence per the file's own methodology),mtagent pbi audit (cross-ref CustomerCode_Zone_State_Mapping.csv),2026-07-14
Reliance Retail,Reliance Retail Limited-TL30,Reliance Retail Limited-TL30,Direct,Aqualogica,Monthly dynamic Cont% (secondary-driven),9,Apr'25–Mar'26,100.0,100.0,100.0,High,Direct ship-to → single chain (1:1),,,,,,Validated (High-Confidence Auto),Reliance Retail,Reliance Retail Limited-TL30,Keep,no Confirmed cross-reference found; auto-accepted as a direct 1:1 ship-to->chain mapping (High confidence per the file's own methodology),mtagent pbi audit (cross-ref CustomerCode_Zone_State_Mapping.csv),2026-07-14
Reliance Retail,Reliance Retail Limited-TL30,Reliance Retail Limited-TL30,Direct,BBlunt,Monthly dynamic Cont% (secondary-driven),9,Apr'25–Mar'26,100.0,100.0,100.0,High,Direct ship-to → single chain (1:1),,,,,,Validated (High-Confidence Auto),Reliance Retail,Reliance Retail Limited-TL30,Keep,no Confirmed cross-reference found; auto-accepted as a direct 1:1 ship-to->chain mapping (High confidence per the file's own methodology),mtagent pbi audit (cross-ref CustomerCode_Zone_State_Mapping.csv),2026-07-14
Reliance Retail,Reliance Retail Limited-TL30,Reliance Retail Limited-TL30,Direct,Mamaearth,Monthly dynamic Cont% (secondary-driven),13,Apr'25–May'26,100.0,100.0,100.0,High,Direct ship-to → single chain (1:1),,,,,,Validated (High-Confidence Auto),Reliance Retail,Reliance Retail Limited-TL30,Keep,no Confirmed cross-reference found; auto-accepted as a direct 1:1 ship-to->chain mapping (High confidence per the file's own methodology),mtagent pbi audit (cross-ref CustomerCode_Zone_State_Mapping.csv),2026-07-14
Reliance Retail,Reliance Retail Limited-TL30,Reliance Retail Limited-TL30,Direct,The Derma Co.,Monthly dynamic Cont% (secondary-driven),12,Apr'25–Apr'26,100.0,100.0,100.0,High,Direct ship-to → single chain (1:1),,,,,,Validated (High-Confidence Auto),Reliance Retail,Reliance Retail Limited-TL30,Keep,no Confirmed cross-reference found; auto-accepted as a direct 1:1 ship-to->chain mapping (High confidence per the file's own methodology),mtagent pbi audit (cross-ref CustomerCode_Zone_State_Mapping.csv),2026-07-14
Reliance Retail,Reliance Retail Limited-TM18,Reliance Retail Limited-TM18,Direct,Mamaearth,Monthly dynamic Cont% (secondary-driven),9,Apr'25–May'26,100.0,100.0,100.0,High,Direct ship-to → single chain (1:1),,,,,,Validated (High-Confidence Auto),Reliance Retail,Reliance Retail Limited-TM18,Keep,no Confirmed cross-reference found; auto-accepted as a direct 1:1 ship-to->chain mapping (High confidence per the file's own methodology),mtagent pbi audit (cross-ref CustomerCode_Zone_State_Mapping.csv),2026-07-14
Reliance Retail,Reliance Retail Limited-TM27,Reliance Retail Limited-TM27,Direct,Mamaearth,Monthly dynamic Cont% (secondary-driven),9,Apr'25–May'26,100.0,100.0,100.0,High,Direct ship-to → single chain (1:1),,,,,,Validated (High-Confidence Auto),Reliance Retail,Reliance Retail Limited-TM27,Keep,no Confirmed cross-reference found; auto-accepted as a direct 1:1 ship-to->chain mapping (High confidence per the file's own methodology),mtagent pbi audit (cross-ref CustomerCode_Zone_State_Mapping.csv),2026-07-14
Reliance Retail,Reliance Retail Limited-TMI1,Reliance Retail Limited-TMI1,Direct,Mamaearth,Monthly dynamic Cont% (secondary-driven),6,Oct'25–May'26,100.0,100.0,100.0,High,Direct ship-to → single chain (1:1),,,,,,Validated (High-Confidence Auto),Reliance Retail,Reliance Retail Limited-TMI1,Keep,no Confirmed cross-reference found; auto-accepted as a direct 1:1 ship-to->chain mapping (High confidence per the file's own methodology),mtagent pbi audit (cross-ref CustomerCode_Zone_State_Mapping.csv),2026-07-14
Reliance Retail,Reliance Retail Limited-TMI1,Reliance Retail Limited-TMI1,Direct,The Derma Co.,Monthly dynamic Cont% (secondary-driven),1,Oct'25–Oct'25,100.0,100.0,100.0,High,Direct ship-to → single chain (1:1),,,,,,Validated (High-Confidence Auto),Reliance Retail,Reliance Retail Limited-TMI1,Keep,no Confirmed cross-reference found; auto-accepted as a direct 1:1 ship-to->chain mapping (High confidence per the file's own methodology),mtagent pbi audit (cross-ref CustomerCode_Zone_State_Mapping.csv),2026-07-14
Reliance Retail,Reliance Retail Limited-TMI6,Reliance Retail Limited-TMI6,Direct,Mamaearth,Monthly dynamic Cont% (secondary-driven),9,Apr'25–Apr'26,100.0,100.0,100.0,High,Direct ship-to → single chain (1:1),,,,,,Validated (High-Confidence Auto),Reliance Retail,Reliance Retail Limited-TMI6,Keep,no Confirmed cross-reference found; auto-accepted as a direct 1:1 ship-to->chain mapping (High confidence per the file's own methodology),mtagent pbi audit (cross-ref CustomerCode_Zone_State_Mapping.csv),2026-07-14
Reliance Retail,Reliance Retail Limited-TMO2,Reliance Retail Limited-TMO2,Direct,Mamaearth,Monthly dynamic Cont% (secondary-driven),2,Jan'26–Apr'26,100.0,100.0,100.0,High,Direct ship-to → single chain (1:1),,,,,,Validated (High-Confidence Auto),Reliance Retail,Reliance Retail Limited-TMO2,Keep,no Confirmed cross-reference found; auto-accepted as a direct 1:1 ship-to->chain mapping (High confidence per the file's own methodology),mtagent pbi audit (cross-ref CustomerCode_Zone_State_Mapping.csv),2026-07-14
Reliance Retail,Reliance Retail Limited-TN54,Reliance Retail Limited-TN54,Direct,Mamaearth,Monthly dynamic Cont% (secondary-driven),11,Apr'25–May'26,100.0,100.0,100.0,High,Direct ship-to → single chain (1:1),,,,,,Validated (High-Confidence Auto),Reliance Retail,Reliance Retail Limited-TN54,Keep,no Confirmed cross-reference found; auto-accepted as a direct 1:1 ship-to->chain mapping (High confidence per the file's own methodology),mtagent pbi audit (cross-ref CustomerCode_Zone_State_Mapping.csv),2026-07-14
Reliance Retail,Reliance Retail Limited-TNB5,Reliance Retail Limited-TNB5,Direct,Mamaearth,Monthly dynamic Cont% (secondary-driven),8,Apr'25–Apr'26,100.0,100.0,100.0,High,Direct ship-to → single chain (1:1),,,,,,Validated (High-Confidence Auto),Reliance Retail,Reliance Retail Limited-TNB5,Keep,no Confirmed cross-reference found; auto-accepted as a direct 1:1 ship-to->chain mapping (High confidence per the file's own methodology),mtagent pbi audit (cross-ref CustomerCode_Zone_State_Mapping.csv),2026-07-14
Reliance Retail,Reliance Retail Limited-TNC2,Reliance Retail Limited-TNC2,Direct,Aqualogica,Monthly dynamic Cont% (secondary-driven),7,Apr'25–Mar'26,100.0,100.0,100.0,High,Direct ship-to → single chain (1:1),,,,,,Validated (High-Confidence Auto),Reliance Retail,Reliance Retail Limited-TNC2,Keep,no Confirmed cross-reference found; auto-accepted as a direct 1:1 ship-to->chain mapping (High confidence per the file's own methodology),mtagent pbi audit (cross-ref CustomerCode_Zone_State_Mapping.csv),2026-07-14
Reliance Retail,Reliance Retail Limited-TNC2,Reliance Retail Limited-TNC2,Direct,BBlunt,Monthly dynamic Cont% (secondary-driven),7,Apr'25–Mar'26,100.0,100.0,100.0,High,Direct ship-to → single chain (1:1),,,,,,Validated (High-Confidence Auto),Reliance Retail,Reliance Retail Limited-TNC2,Keep,no Confirmed cross-reference found; auto-accepted as a direct 1:1 ship-to->chain mapping (High confidence per the file's own methodology),mtagent pbi audit (cross-ref CustomerCode_Zone_State_Mapping.csv),2026-07-14
Reliance Retail,Reliance Retail Limited-TNC2,Reliance Retail Limited-TNC2,Direct,The Derma Co.,Monthly dynamic Cont% (secondary-driven),8,Apr'25–Mar'26,100.0,100.0,100.0,High,Direct ship-to → single chain (1:1),,,,,,Validated (High-Confidence Auto),Reliance Retail,Reliance Retail Limited-TNC2,Keep,no Confirmed cross-reference found; auto-accepted as a direct 1:1 ship-to->chain mapping (High confidence per the file's own methodology),mtagent pbi audit (cross-ref CustomerCode_Zone_State_Mapping.csv),2026-07-14
Reliance Retail,Reliance Retail Limited-TNC5,Reliance Retail Limited-TNC5,Direct,Mamaearth,Monthly dynamic Cont% (secondary-driven),9,Apr'25–May'26,100.0,100.0,100.0,High,Direct ship-to → single chain (1:1),,,,,,Validated (High-Confidence Auto),Reliance Retail,Reliance Retail Limited-TNC5,Keep,no Confirmed cross-reference found; auto-accepted as a direct 1:1 ship-to->chain mapping (High confidence per the file's own methodology),mtagent pbi audit (cross-ref CustomerCode_Zone_State_Mapping.csv),2026-07-14
Reliance Retail,Reliance Retail Limited-TNC7,Reliance Retail Limited-TNC7,Direct,Aqualogica,Monthly dynamic Cont% (secondary-driven),9,Apr'25–Mar'26,100.0,100.0,100.0,High,Direct ship-to → single chain (1:1),,,,,,Validated (High-Confidence Auto),Reliance Retail,Reliance Retail Limited-TNC7,Keep,no Confirmed cross-reference found; auto-accepted as a direct 1:1 ship-to->chain mapping (High confidence per the file's own methodology),mtagent pbi audit (cross-ref CustomerCode_Zone_State_Mapping.csv),2026-07-14
Reliance Retail,Reliance Retail Limited-TNC7,Reliance Retail Limited-TNC7,Direct,BBlunt,Monthly dynamic Cont% (secondary-driven),9,Apr'25–Mar'26,100.0,100.0,100.0,High,Direct ship-to → single chain (1:1),,,,,,Validated (High-Confidence Auto),Reliance Retail,Reliance Retail Limited-TNC7,Keep,no Confirmed cross-reference found; auto-accepted as a direct 1:1 ship-to->chain mapping (High confidence per the file's own methodology),mtagent pbi audit (cross-ref CustomerCode_Zone_State_Mapping.csv),2026-07-14
Reliance Retail,Reliance Retail Limited-TNC7,Reliance Retail Limited-TNC7,Direct,Mamaearth,Monthly dynamic Cont% (secondary-driven),10,Apr'25–Apr'26,100.0,100.0,100.0,High,Direct ship-to → single chain (1:1),,,,,,Validated (High-Confidence Auto),Reliance Retail,Reliance Retail Limited-TNC7,Keep,no Confirmed cross-reference found; auto-accepted as a direct 1:1 ship-to->chain mapping (High confidence per the file's own methodology),mtagent pbi audit (cross-ref CustomerCode_Zone_State_Mapping.csv),2026-07-14
Reliance Retail,Reliance Retail Limited-TNC7,Reliance Retail Limited-TNC7,Direct,The Derma Co.,Monthly dynamic Cont% (secondary-driven),10,Apr'25–Apr'26,100.0,100.0,100.0,High,Direct ship-to → single chain (1:1),,,,,,Validated (High-Confidence Auto),Reliance Retail,Reliance Retail Limited-TNC7,Keep,no Confirmed cross-reference found; auto-accepted as a direct 1:1 ship-to->chain mapping (High confidence per the file's own methodology),mtagent pbi audit (cross-ref CustomerCode_Zone_State_Mapping.csv),2026-07-14
Reliance Retail,Reliance Retail Limited-TNC9,Reliance Retail Limited-TNC9,Direct,Mamaearth,Monthly dynamic Cont% (secondary-driven),5,Nov'25–Apr'26,100.0,100.0,100.0,High,Direct ship-to → single chain (1:1),,,,,,Validated (High-Confidence Auto),Reliance Retail,Reliance Retail Limited-TNC9,Keep,no Confirmed cross-reference found; auto-accepted as a direct 1:1 ship-to->chain mapping (High confidence per the file's own methodology),mtagent pbi audit (cross-ref CustomerCode_Zone_State_Mapping.csv),2026-07-14
Reliance Retail,Reliance Retail Limited-TND1,Reliance Retail Limited-TND1,Direct,Mamaearth,Monthly dynamic Cont% (secondary-driven),11,Apr'25–May'26,100.0,100.0,100.0,High,Direct ship-to → single chain (1:1),,,,,,Validated (High-Confidence Auto),Reliance Retail,Reliance Retail Limited-TND1,Keep,no Confirmed cross-reference found; auto-accepted as a direct 1:1 ship-to->chain mapping (High confidence per the file's own methodology),mtagent pbi audit (cross-ref CustomerCode_Zone_State_Mapping.csv),2026-07-14
Reliance Retail,Reliance Retail Limited-TND2,Reliance Retail Limited-TND2,Direct,Aqualogica,Monthly dynamic Cont% (secondary-driven),9,Apr'25–Mar'26,100.0,100.0,100.0,High,Direct ship-to → single chain (1:1),,,,,,Validated (High-Confidence Auto),Reliance Retail,Reliance Retail Limited-TND2,Keep,no Confirmed cross-reference found; auto-accepted as a direct 1:1 ship-to->chain mapping (High confidence per the file's own methodology),mtagent pbi audit (cross-ref CustomerCode_Zone_State_Mapping.csv),2026-07-14
Reliance Retail,Reliance Retail Limited-TND2,Reliance Retail Limited-TND2,Direct,BBlunt,Monthly dynamic Cont% (secondary-driven),9,Apr'25–Mar'26,100.0,100.0,100.0,High,Direct ship-to → single chain (1:1),,,,,,Validated (High-Confidence Auto),Reliance Retail,Reliance Retail Limited-TND2,Keep,no Confirmed cross-reference found; auto-accepted as a direct 1:1 ship-to->chain mapping (High confidence per the file's own methodology),mtagent pbi audit (cross-ref CustomerCode_Zone_State_Mapping.csv),2026-07-14
Reliance Retail,Reliance Retail Limited-TND2,Reliance Retail Limited-TND2,Direct,Mamaearth,Monthly dynamic Cont% (secondary-driven),10,Apr'25–May'26,100.0,100.0,100.0,High,Direct ship-to → single chain (1:1),,,,,,Validated (High-Confidence Auto),Reliance Retail,Reliance Retail Limited-TND2,Keep,no Confirmed cross-reference found; auto-accepted as a direct 1:1 ship-to->chain mapping (High confidence per the file's own methodology),mtagent pbi audit (cross-ref CustomerCode_Zone_State_Mapping.csv),2026-07-14
Reliance Retail,Reliance Retail Limited-TND2,Reliance Retail Limited-TND2,Direct,The Derma Co.,Monthly dynamic Cont% (secondary-driven),10,Apr'25–Apr'26,100.0,100.0,100.0,High,Direct ship-to → single chain (1:1),,,,,,Validated (High-Confidence Auto),Reliance Retail,Reliance Retail Limited-TND2,Keep,no Confirmed cross-reference found; auto-accepted as a direct 1:1 ship-to->chain mapping (High confidence per the file's own methodology),mtagent pbi audit (cross-ref CustomerCode_Zone_State_Mapping.csv),2026-07-14
Reliance Retail,Reliance Retail Limited-TND4,Reliance Retail Limited-TND4,Direct,Mamaearth,Monthly dynamic Cont% (secondary-driven),9,Apr'25–Apr'26,100.0,100.0,100.0,High,Direct ship-to → single chain (1:1),,,,,,Validated (High-Confidence Auto),Reliance Retail,Reliance Retail Limited-TND4,Keep,no Confirmed cross-reference found; auto-accepted as a direct 1:1 ship-to->chain mapping (High confidence per the file's own methodology),mtagent pbi audit (cross-ref CustomerCode_Zone_State_Mapping.csv),2026-07-14
Reliance Retail,Reliance Retail Limited-TND4,Reliance Retail Limited-TND4,Direct,The Derma Co.,Monthly dynamic Cont% (secondary-driven),1,Oct'25–Oct'25,100.0,100.0,100.0,High,Direct ship-to → single chain (1:1),,,,,,Validated (High-Confidence Auto),Reliance Retail,Reliance Retail Limited-TND4,Keep,no Confirmed cross-reference found; auto-accepted as a direct 1:1 ship-to->chain mapping (High confidence per the file's own methodology),mtagent pbi audit (cross-ref CustomerCode_Zone_State_Mapping.csv),2026-07-14
Reliance Retail,Reliance Retail Limited-TND6,Reliance Retail Limited-TND6,Direct,Mamaearth,Monthly dynamic Cont% (secondary-driven),10,Apr'25–May'26,100.0,100.0,100.0,High,Direct ship-to → single chain (1:1),,,,,,Validated (High-Confidence Auto),Reliance Retail,Reliance Retail Limited-TND6,Keep,no Confirmed cross-reference found; auto-accepted as a direct 1:1 ship-to->chain mapping (High confidence per the file's own methodology),mtagent pbi audit (cross-ref CustomerCode_Zone_State_Mapping.csv),2026-07-14
Reliance Retail,Reliance Retail Limited-TND7,Reliance Retail Limited-TND7,Direct,Mamaearth,Monthly dynamic Cont% (secondary-driven),11,Apr'25–May'26,100.0,100.0,100.0,High,Direct ship-to → single chain (1:1),,,,,,Validated (High-Confidence Auto),Reliance Retail,Reliance Retail Limited-TND7,Keep,no Confirmed cross-reference found; auto-accepted as a direct 1:1 ship-to->chain mapping (High confidence per the file's own methodology),mtagent pbi audit (cross-ref CustomerCode_Zone_State_Mapping.csv),2026-07-14
Reliance Retail,Reliance Retail Limited-TNE1,Reliance Retail Limited-TNE1,Direct,Mamaearth,Monthly dynamic Cont% (secondary-driven),9,Apr'25–Apr'26,100.0,100.0,100.0,High,Direct ship-to → single chain (1:1),,,,,,Validated (High-Confidence Auto),Reliance Retail,Reliance Retail Limited-TNE1,Keep,no Confirmed cross-reference found; auto-accepted as a direct 1:1 ship-to->chain mapping (High confidence per the file's own methodology),mtagent pbi audit (cross-ref CustomerCode_Zone_State_Mapping.csv),2026-07-14
Reliance Retail,Reliance Retail Limited-TO19,Reliance Retail Limited-TO19,Direct,Mamaearth,Monthly dynamic Cont% (secondary-driven),10,Apr'25–May'26,100.0,100.0,100.0,High,Direct ship-to → single chain (1:1),,,,,,Validated (High-Confidence Auto),Reliance Retail,Reliance Retail Limited-TO19,Keep,no Confirmed cross-reference found; auto-accepted as a direct 1:1 ship-to->chain mapping (High confidence per the file's own methodology),mtagent pbi audit (cross-ref CustomerCode_Zone_State_Mapping.csv),2026-07-14
Reliance Retail,Reliance Retail Limited-TO19,Reliance Retail Limited-TO19,Direct,The Derma Co.,Monthly dynamic Cont% (secondary-driven),1,Oct'25–Oct'25,100.0,100.0,100.0,High,Direct ship-to → single chain (1:1),,,,,,Validated (High-Confidence Auto),Reliance Retail,Reliance Retail Limited-TO19,Keep,no Confirmed cross-reference found; auto-accepted as a direct 1:1 ship-to->chain mapping (High confidence per the file's own methodology),mtagent pbi audit (cross-ref CustomerCode_Zone_State_Mapping.csv),2026-07-14
Reliance Retail,Reliance Retail Limited-TOG3,Reliance Retail Limited-TOG3,Direct,Mamaearth,Monthly dynamic Cont% (secondary-driven),9,Apr'25–May'26,100.0,100.0,100.0,High,Direct ship-to → single chain (1:1),,,,,,Validated (High-Confidence Auto),Reliance Retail,Reliance Retail Limited-TOG3,Keep,no Confirmed cross-reference found; auto-accepted as a direct 1:1 ship-to->chain mapping (High confidence per the file's own methodology),mtagent pbi audit (cross-ref CustomerCode_Zone_State_Mapping.csv),2026-07-14
Reliance Retail,Reliance Retail Limited-TOM0,Reliance Retail Limited-TOM0,Direct,Mamaearth,Monthly dynamic Cont% (secondary-driven),9,Apr'25–Apr'26,100.0,100.0,100.0,High,Direct ship-to → single chain (1:1),,,,,,Validated (High-Confidence Auto),Reliance Retail,Reliance Retail Limited-TOM0,Keep,no Confirmed cross-reference found; auto-accepted as a direct 1:1 ship-to->chain mapping (High confidence per the file's own methodology),mtagent pbi audit (cross-ref CustomerCode_Zone_State_Mapping.csv),2026-07-14
Reliance Retail,Reliance Retail Limited-TP06,Reliance Retail Limited-TP06,Direct,Mamaearth,Monthly dynamic Cont% (secondary-driven),10,Apr'25–May'26,100.0,100.0,100.0,High,Direct ship-to → single chain (1:1),,,,,,Validated (High-Confidence Auto),Reliance Retail,Reliance Retail Limited-TP06,Keep,no Confirmed cross-reference found; auto-accepted as a direct 1:1 ship-to->chain mapping (High confidence per the file's own methodology),mtagent pbi audit (cross-ref CustomerCode_Zone_State_Mapping.csv),2026-07-14
Reliance Retail,Reliance Retail Limited-TP23,Reliance Retail Limited-TP23,Direct,Mamaearth,Monthly dynamic Cont% (secondary-driven),5,Apr'25–Nov'25,100.0,100.0,100.0,High,Direct ship-to → single chain (1:1),,,,,,Validated (High-Confidence Auto),Reliance Retail,Reliance Retail Limited-TP23,Keep,no Confirmed cross-reference found; auto-accepted as a direct 1:1 ship-to->chain mapping (High confidence per the file's own methodology),mtagent pbi audit (cross-ref CustomerCode_Zone_State_Mapping.csv),2026-07-14
Reliance Retail,Reliance Retail Limited-TP62,Reliance Retail Limited-TP62,Direct,Mamaearth,Monthly dynamic Cont% (secondary-driven),4,Nov'25–Apr'26,100.0,100.0,100.0,High,Direct ship-to → single chain (1:1),,,,,,Validated (High-Confidence Auto),Reliance Retail,Reliance Retail Limited-TP62,Keep,no Confirmed cross-reference found; auto-accepted as a direct 1:1 ship-to->chain mapping (High confidence per the file's own methodology),mtagent pbi audit (cross-ref CustomerCode_Zone_State_Mapping.csv),2026-07-14
Reliance Retail,Reliance Retail Limited-TQ61,Reliance Retail Limited-TQ61,Direct,Mamaearth,Monthly dynamic Cont% (secondary-driven),11,Apr'25–May'26,100.0,100.0,100.0,High,Direct ship-to → single chain (1:1),,,,,,Validated (High-Confidence Auto),Reliance Retail,Reliance Retail Limited-TQ61,Keep,no Confirmed cross-reference found; auto-accepted as a direct 1:1 ship-to->chain mapping (High confidence per the file's own methodology),mtagent pbi audit (cross-ref CustomerCode_Zone_State_Mapping.csv),2026-07-14
Reliance Retail,Reliance Retail Limited-TR28,Reliance Retail Limited-TR28,Direct,Mamaearth,Monthly dynamic Cont% (secondary-driven),10,Apr'25–May'26,100.0,100.0,100.0,High,Direct ship-to → single chain (1:1),,,,,,Validated (High-Confidence Auto),Reliance Retail,Reliance Retail Limited-TR28,Keep,no Confirmed cross-reference found; auto-accepted as a direct 1:1 ship-to->chain mapping (High confidence per the file's own methodology),mtagent pbi audit (cross-ref CustomerCode_Zone_State_Mapping.csv),2026-07-14
Reliance Retail,Reliance Retail Limited-TR28,Reliance Retail Limited-TR28,Direct,The Derma Co.,Monthly dynamic Cont% (secondary-driven),1,Oct'25–Oct'25,100.0,100.0,100.0,High,Direct ship-to → single chain (1:1),,,,,,Validated (High-Confidence Auto),Reliance Retail,Reliance Retail Limited-TR28,Keep,no Confirmed cross-reference found; auto-accepted as a direct 1:1 ship-to->chain mapping (High confidence per the file's own methodology),mtagent pbi audit (cross-ref CustomerCode_Zone_State_Mapping.csv),2026-07-14
Reliance Retail,Reliance Retail Limited-TR86,Reliance Retail Limited-TR86,Direct,Mamaearth,Monthly dynamic Cont% (secondary-driven),5,Nov'25–May'26,100.0,100.0,100.0,High,Direct ship-to → single chain (1:1),,,,,,Validated (High-Confidence Auto),Reliance Retail,Reliance Retail Limited-TR86,Keep,no Confirmed cross-reference found; auto-accepted as a direct 1:1 ship-to->chain mapping (High confidence per the file's own methodology),mtagent pbi audit (cross-ref CustomerCode_Zone_State_Mapping.csv),2026-07-14
Reliance Retail,Reliance Retail Limited-TUM6,Reliance Retail Limited-TUM6,Direct,Mamaearth,Monthly dynamic Cont% (secondary-driven),5,Oct'25–Apr'26,100.0,100.0,100.0,High,Direct ship-to → single chain (1:1),,,,,,Validated (High-Confidence Auto),Reliance Retail,Reliance Retail Limited-TUM6,Keep,no Confirmed cross-reference found; auto-accepted as a direct 1:1 ship-to->chain mapping (High confidence per the file's own methodology),mtagent pbi audit (cross-ref CustomerCode_Zone_State_Mapping.csv),2026-07-14
Reliance Retail,Reliance Retail Limited-TV60,Reliance Retail Limited-TV60,Direct,Mamaearth,Monthly dynamic Cont% (secondary-driven),5,Oct'25–Apr'26,100.0,100.0,100.0,High,Direct ship-to → single chain (1:1),,,,,,Validated (High-Confidence Auto),Reliance Retail,Reliance Retail Limited-TV60,Keep,no Confirmed cross-reference found; auto-accepted as a direct 1:1 ship-to->chain mapping (High confidence per the file's own methodology),mtagent pbi audit (cross-ref CustomerCode_Zone_State_Mapping.csv),2026-07-14
Reliance Retail,Reliance Retail Limited-TW11,Reliance Retail Limited-TW11,Direct,Mamaearth,Monthly dynamic Cont% (secondary-driven),11,Apr'25–May'26,100.0,100.0,100.0,High,Direct ship-to → single chain (1:1),,,,,,Validated (High-Confidence Auto),Reliance Retail,Reliance Retail Limited-TW11,Keep,no Confirmed cross-reference found; auto-accepted as a direct 1:1 ship-to->chain mapping (High confidence per the file's own methodology),mtagent pbi audit (cross-ref CustomerCode_Zone_State_Mapping.csv),2026-07-14
Reliance Retail,Reliance Retail Limited-TXVR,Reliance Retail Limited-TXVR,Direct,Mamaearth,Monthly dynamic Cont% (secondary-driven),5,Oct'25–Apr'26,100.0,100.0,100.0,High,Direct ship-to → single chain (1:1),,,,,,Validated (High-Confidence Auto),Reliance Retail,Reliance Retail Limited-TXVR,Keep,no Confirmed cross-reference found; auto-accepted as a direct 1:1 ship-to->chain mapping (High confidence per the file's own methodology),mtagent pbi audit (cross-ref CustomerCode_Zone_State_Mapping.csv),2026-07-14
Reliance Retail,Reliance Retail Limited-TZ03,Reliance Retail Limited-TZ03,Direct,Mamaearth,Monthly dynamic Cont% (secondary-driven),6,May'25–Jan'26,100.0,100.0,100.0,High,Direct ship-to → single chain (1:1),,,,,,Validated (High-Confidence Auto),Reliance Retail,Reliance Retail Limited-TZ03,Keep,no Confirmed cross-reference found; auto-accepted as a direct 1:1 ship-to->chain mapping (High confidence per the file's own methodology),mtagent pbi audit (cross-ref CustomerCode_Zone_State_Mapping.csv),2026-07-14
Reliance Retail,Reliance Retail Limited-TZ8R,Reliance Retail Limited-TZ8R,Direct,Mamaearth,Monthly dynamic Cont% (secondary-driven),10,Apr'25–Apr'26,100.0,100.0,100.0,High,Direct ship-to → single chain (1:1),,,,,,Validated (High-Confidence Auto),Reliance Retail,Reliance Retail Limited-TZ8R,Keep,no Confirmed cross-reference found; auto-accepted as a direct 1:1 ship-to->chain mapping (High confidence per the file's own methodology),mtagent pbi audit (cross-ref CustomerCode_Zone_State_Mapping.csv),2026-07-14
Reliance Retail,Reliance Retail Limited-TZL5,Reliance Retail Limited-TZL5,Direct,Aqualogica,Monthly dynamic Cont% (secondary-driven),10,Apr'25–Mar'26,100.0,100.0,100.0,High,Direct ship-to → single chain (1:1),,,,,,Validated (High-Confidence Auto),Reliance Retail,Reliance Retail Limited-TZL5,Keep,no Confirmed cross-reference found; auto-accepted as a direct 1:1 ship-to->chain mapping (High confidence per the file's own methodology),mtagent pbi audit (cross-ref CustomerCode_Zone_State_Mapping.csv),2026-07-14
Reliance Retail,Reliance Retail Limited-TZL5,Reliance Retail Limited-TZL5,Direct,BBlunt,Monthly dynamic Cont% (secondary-driven),9,Apr'25–Mar'26,100.0,100.0,100.0,High,Direct ship-to → single chain (1:1),,,,,,Validated (High-Confidence Auto),Reliance Retail,Reliance Retail Limited-TZL5,Keep,no Confirmed cross-reference found; auto-accepted as a direct 1:1 ship-to->chain mapping (High confidence per the file's own methodology),mtagent pbi audit (cross-ref CustomerCode_Zone_State_Mapping.csv),2026-07-14
Reliance Retail,Reliance Retail Limited-TZL5,Reliance Retail Limited-TZL5,Direct,Mamaearth,Monthly dynamic Cont% (secondary-driven),10,Apr'25–Apr'26,100.0,100.0,100.0,High,Direct ship-to → single chain (1:1),,,,,,Validated (High-Confidence Auto),Reliance Retail,Reliance Retail Limited-TZL5,Keep,no Confirmed cross-reference found; auto-accepted as a direct 1:1 ship-to->chain mapping (High confidence per the file's own methodology),mtagent pbi audit (cross-ref CustomerCode_Zone_State_Mapping.csv),2026-07-14
Reliance Retail,Reliance Retail Limited-TZL5,Reliance Retail Limited-TZL5,Direct,The Derma Co.,Monthly dynamic Cont% (secondary-driven),11,Apr'25–Apr'26,100.0,100.0,100.0,High,Direct ship-to → single chain (1:1),,,,,,Validated (High-Confidence Auto),Reliance Retail,Reliance Retail Limited-TZL5,Keep,no Confirmed cross-reference found; auto-accepted as a direct 1:1 ship-to->chain mapping (High confidence per the file's own methodology),mtagent pbi audit (cross-ref CustomerCode_Zone_State_Mapping.csv),2026-07-14
Reliance Retail,Reliance Retail Limited-TZUM,Reliance Retail Limited-TZUM,Direct,Mamaearth,Monthly dynamic Cont% (secondary-driven),4,Jan'26–May'26,100.0,100.0,100.0,High,Direct ship-to → single chain (1:1),,,,,,Validated (High-Confidence Auto),Reliance Retail,Reliance Retail Limited-TZUM,Keep,no Confirmed cross-reference found; auto-accepted as a direct 1:1 ship-to->chain mapping (High confidence per the file's own methodology),mtagent pbi audit (cross-ref CustomerCode_Zone_State_Mapping.csv),2026-07-14
Reliance Retail,Reliance Retail Limited-Tna8,Reliance Retail Limited-Tna8,Direct,Mamaearth,Monthly dynamic Cont% (secondary-driven),13,Apr'25–May'26,100.0,100.0,100.0,High,Direct ship-to → single chain (1:1),,,,,,Validated (High-Confidence Auto),Reliance Retail,Reliance Retail Limited-Tna8,Keep,no Confirmed cross-reference found; auto-accepted as a direct 1:1 ship-to->chain mapping (High confidence per the file's own methodology),mtagent pbi audit (cross-ref CustomerCode_Zone_State_Mapping.csv),2026-07-14
Reliance Retail,Reliance Retail Limited-Tnd5,Reliance Retail Limited-Tnd5,Direct,Mamaearth,Monthly dynamic Cont% (secondary-driven),12,Apr'25–May'26,100.0,100.0,100.0,High,Direct ship-to → single chain (1:1),,,,,,Validated (High-Confidence Auto),Reliance Retail,Reliance Retail Limited-Tnd5,Keep,no Confirmed cross-reference found; auto-accepted as a direct 1:1 ship-to->chain mapping (High confidence per the file's own methodology),mtagent pbi audit (cross-ref CustomerCode_Zone_State_Mapping.csv),2026-07-14
Reliance Retail,Reliance Retail Limited-ZZI0-B,Reliance Retail Limited-ZZI0-B,Direct,Aqualogica,Monthly dynamic Cont% (secondary-driven),11,Apr'25–May'26,100.0,100.0,100.0,High,Direct ship-to → single chain (1:1),,,,,,Validated (High-Confidence Auto),Reliance Retail,Reliance Retail Limited-ZZI0-B,Keep,no Confirmed cross-reference found; auto-accepted as a direct 1:1 ship-to->chain mapping (High confidence per the file's own methodology),mtagent pbi audit (cross-ref CustomerCode_Zone_State_Mapping.csv),2026-07-14
Reliance Retail,Reliance Retail Limited-ZZI0-B,Reliance Retail Limited-ZZI0-B,Direct,Mamaearth,Monthly dynamic Cont% (secondary-driven),13,Apr'25–May'26,100.0,100.0,100.0,High,Direct ship-to → single chain (1:1),,,,,,Validated (High-Confidence Auto),Reliance Retail,Reliance Retail Limited-ZZI0-B,Keep,no Confirmed cross-reference found; auto-accepted as a direct 1:1 ship-to->chain mapping (High confidence per the file's own methodology),mtagent pbi audit (cross-ref CustomerCode_Zone_State_Mapping.csv),2026-07-14
Reliance Retail,Reliance Retail Limited_2302,Reliance Retail Limited_2302,Direct,Mamaearth,Monthly dynamic Cont% (secondary-driven),9,Apr'25–May'26,100.0,100.0,100.0,High,Direct ship-to → single chain (1:1),,,,,,Validated (High-Confidence Auto),Reliance Retail,Reliance Retail Limited_2302,Keep,no Confirmed cross-reference found; auto-accepted as a direct 1:1 ship-to->chain mapping (High confidence per the file's own methodology),mtagent pbi audit (cross-ref CustomerCode_Zone_State_Mapping.csv),2026-07-14
Reliance Retail,Reliance Retail Limited_2364,Reliance Retail Limited_2364,Direct,Mamaearth,Monthly dynamic Cont% (secondary-driven),10,May'25–May'26,100.0,100.0,100.0,High,Direct ship-to → single chain (1:1),,,,,,Validated (High-Confidence Auto),Reliance Retail,Reliance Retail Limited_2364,Keep,no Confirmed cross-reference found; auto-accepted as a direct 1:1 ship-to->chain mapping (High confidence per the file's own methodology),mtagent pbi audit (cross-ref CustomerCode_Zone_State_Mapping.csv),2026-07-14
Reliance Retail,Reliance Retail Limited_2995,Reliance Retail Limited_2995,Direct,Mamaearth,Monthly dynamic Cont% (secondary-driven),11,Apr'25–Apr'26,100.0,100.0,100.0,High,Direct ship-to → single chain (1:1),,,,,,Validated (High-Confidence Auto),Reliance Retail,Reliance Retail Limited_2995,Keep,no Confirmed cross-reference found; auto-accepted as a direct 1:1 ship-to->chain mapping (High confidence per the file's own methodology),mtagent pbi audit (cross-ref CustomerCode_Zone_State_Mapping.csv),2026-07-14
Reliance Retail,Reliance Retail Limited_2996,Reliance Retail Limited_2996,Direct,Mamaearth,Monthly dynamic Cont% (secondary-driven),11,Apr'25–May'26,100.0,100.0,100.0,High,Direct ship-to → single chain (1:1),,,,,,Validated (High-Confidence Auto),Reliance Retail,Reliance Retail Limited_2996,Keep,no Confirmed cross-reference found; auto-accepted as a direct 1:1 ship-to->chain mapping (High confidence per the file's own methodology),mtagent pbi audit (cross-ref CustomerCode_Zone_State_Mapping.csv),2026-07-14
Reliance Retail,Reliance Retail Limited_3210,Reliance Retail Limited_3210,Direct,Mamaearth,Monthly dynamic Cont% (secondary-driven),11,Apr'25–May'26,100.0,100.0,100.0,High,Direct ship-to → single chain (1:1),,,,,,Validated (High-Confidence Auto),Reliance Retail,Reliance Retail Limited_3210,Keep,no Confirmed cross-reference found; auto-accepted as a direct 1:1 ship-to->chain mapping (High confidence per the file's own methodology),mtagent pbi audit (cross-ref CustomerCode_Zone_State_Mapping.csv),2026-07-14
Reliance Retail,Reliance Retail Limited_3210,Reliance Retail Limited_3210,Direct,The Derma Co.,Monthly dynamic Cont% (secondary-driven),4,Oct'25–May'26,100.0,100.0,100.0,High,Direct ship-to → single chain (1:1),,,,,,Validated (High-Confidence Auto),Reliance Retail,Reliance Retail Limited_3210,Keep,no Confirmed cross-reference found; auto-accepted as a direct 1:1 ship-to->chain mapping (High confidence per the file's own methodology),mtagent pbi audit (cross-ref CustomerCode_Zone_State_Mapping.csv),2026-07-14
Reliance Retail,Reliance Retail Limited_6209,Reliance Retail Limited_6209,Direct,Mamaearth,Monthly dynamic Cont% (secondary-driven),10,Apr'25–Apr'26,100.0,100.0,100.0,High,Direct ship-to → single chain (1:1),,,,,,Validated (High-Confidence Auto),Reliance Retail,Reliance Retail Limited_6209,Keep,no Confirmed cross-reference found; auto-accepted as a direct 1:1 ship-to->chain mapping (High confidence per the file's own methodology),mtagent pbi audit (cross-ref CustomerCode_Zone_State_Mapping.csv),2026-07-14
Reliance Retail,Reliance Retail Limited_6221,Reliance Retail Limited_6221,Direct,Mamaearth,Monthly dynamic Cont% (secondary-driven),9,Apr'25–May'26,100.0,100.0,100.0,High,Direct ship-to → single chain (1:1),,,,,,Validated (High-Confidence Auto),Reliance Retail,Reliance Retail Limited_6221,Keep,no Confirmed cross-reference found; auto-accepted as a direct 1:1 ship-to->chain mapping (High confidence per the file's own methodology),mtagent pbi audit (cross-ref CustomerCode_Zone_State_Mapping.csv),2026-07-14
Reliance Retail,Reliance Retail Limited_6717,Reliance Retail Limited_6717,Direct,Mamaearth,Monthly dynamic Cont% (secondary-driven),8,Apr'25–Apr'26,100.0,100.0,100.0,High,Direct ship-to → single chain (1:1),,,,,,Validated (High-Confidence Auto),Reliance Retail,Reliance Retail Limited_6717,Keep,no Confirmed cross-reference found; auto-accepted as a direct 1:1 ship-to->chain mapping (High confidence per the file's own methodology),mtagent pbi audit (cross-ref CustomerCode_Zone_State_Mapping.csv),2026-07-14
Reliance Retail,Reliance Retail Limited_6719,Reliance Retail Limited_6719,Direct,Mamaearth,Monthly dynamic Cont% (secondary-driven),11,Apr'25–May'26,100.0,100.0,100.0,High,Direct ship-to → single chain (1:1),,,,,,Validated (High-Confidence Auto),Reliance Retail,Reliance Retail Limited_6719,Keep,no Confirmed cross-reference found; auto-accepted as a direct 1:1 ship-to->chain mapping (High confidence per the file's own methodology),mtagent pbi audit (cross-ref CustomerCode_Zone_State_Mapping.csv),2026-07-14
Reliance Retail,Reliance Retail Limited_6722,Reliance Retail Limited_6722,Direct,Mamaearth,Monthly dynamic Cont% (secondary-driven),11,Apr'25–Apr'26,100.0,100.0,100.0,High,Direct ship-to → single chain (1:1),,,,,,Validated (High-Confidence Auto),Reliance Retail,Reliance Retail Limited_6722,Keep,no Confirmed cross-reference found; auto-accepted as a direct 1:1 ship-to->chain mapping (High confidence per the file's own methodology),mtagent pbi audit (cross-ref CustomerCode_Zone_State_Mapping.csv),2026-07-14
Reliance Retail,Reliance Retail Limited_6722,Reliance Retail Limited_6722,Direct,The Derma Co.,Monthly dynamic Cont% (secondary-driven),1,Oct'25–Oct'25,100.0,100.0,100.0,High,Direct ship-to → single chain (1:1),,,,,,Validated (High-Confidence Auto),Reliance Retail,Reliance Retail Limited_6722,Keep,no Confirmed cross-reference found; auto-accepted as a direct 1:1 ship-to->chain mapping (High confidence per the file's own methodology),mtagent pbi audit (cross-ref CustomerCode_Zone_State_Mapping.csv),2026-07-14
Reliance Retail,Reliance Retail Limited_6727,Reliance Retail Limited_6727,Direct,Mamaearth,Monthly dynamic Cont% (secondary-driven),10,Apr'25–Apr'26,100.0,100.0,100.0,High,Direct ship-to → single chain (1:1),,,,,,Validated (High-Confidence Auto),Reliance Retail,Reliance Retail Limited_6727,Keep,no Confirmed cross-reference found; auto-accepted as a direct 1:1 ship-to->chain mapping (High confidence per the file's own methodology),mtagent pbi audit (cross-ref CustomerCode_Zone_State_Mapping.csv),2026-07-14
Reliance Retail,Reliance Retail Limited_FR00,Reliance Retail Limited_FR00,Direct,Mamaearth,Monthly dynamic Cont% (secondary-driven),10,Apr'25–May'26,100.0,100.0,100.0,High,Direct ship-to → single chain (1:1),,,,,,Validated (High-Confidence Auto),Reliance Retail,Reliance Retail Limited_FR00,Keep,no Confirmed cross-reference found; auto-accepted as a direct 1:1 ship-to->chain mapping (High confidence per the file's own methodology),mtagent pbi audit (cross-ref CustomerCode_Zone_State_Mapping.csv),2026-07-14
Reliance Retail,Reliance Retail Limited_FR00,Reliance Retail Limited_FR00,Direct,The Derma Co.,Monthly dynamic Cont% (secondary-driven),1,Oct'25–Oct'25,100.0,100.0,100.0,High,Direct ship-to → single chain (1:1),,,,,,Validated (High-Confidence Auto),Reliance Retail,Reliance Retail Limited_FR00,Keep,no Confirmed cross-reference found; auto-accepted as a direct 1:1 ship-to->chain mapping (High confidence per the file's own methodology),mtagent pbi audit (cross-ref CustomerCode_Zone_State_Mapping.csv),2026-07-14
Reliance Retail,Reliance Retail Limited_FR03,Reliance Retail Limited_FR03,Direct,Mamaearth,Monthly dynamic Cont% (secondary-driven),9,Apr'25–Apr'26,100.0,100.0,100.0,High,Direct ship-to → single chain (1:1),,,,,,Validated (High-Confidence Auto),Reliance Retail,Reliance Retail Limited_FR03,Keep,no Confirmed cross-reference found; auto-accepted as a direct 1:1 ship-to->chain mapping (High confidence per the file's own methodology),mtagent pbi audit (cross-ref CustomerCode_Zone_State_Mapping.csv),2026-07-14
Reliance Retail,Reliance Retail Limited_FR03,Reliance Retail Limited_FR03,Direct,The Derma Co.,Monthly dynamic Cont% (secondary-driven),1,Oct'25–Oct'25,100.0,100.0,100.0,High,Direct ship-to → single chain (1:1),,,,,,Validated (High-Confidence Auto),Reliance Retail,Reliance Retail Limited_FR03,Keep,no Confirmed cross-reference found; auto-accepted as a direct 1:1 ship-to->chain mapping (High confidence per the file's own methodology),mtagent pbi audit (cross-ref CustomerCode_Zone_State_Mapping.csv),2026-07-14
Reliance Retail,Reliance Retail Limited_FR10,Reliance Retail Limited_FR10,Direct,Mamaearth,Monthly dynamic Cont% (secondary-driven),10,Apr'25–May'26,100.0,100.0,100.0,High,Direct ship-to → single chain (1:1),,,,,,Validated (High-Confidence Auto),Reliance Retail,Reliance Retail Limited_FR10,Keep,no Confirmed cross-reference found; auto-accepted as a direct 1:1 ship-to->chain mapping (High confidence per the file's own methodology),mtagent pbi audit (cross-ref CustomerCode_Zone_State_Mapping.csv),2026-07-14
Reliance Retail,Reliance Retail Limited_FR27,Reliance Retail Limited_FR27,Direct,Mamaearth,Monthly dynamic Cont% (secondary-driven),13,Apr'25–May'26,100.0,100.0,100.0,High,Direct ship-to → single chain (1:1),,,,,,Validated (High-Confidence Auto),Reliance Retail,Reliance Retail Limited_FR27,Keep,no Confirmed cross-reference found; auto-accepted as a direct 1:1 ship-to->chain mapping (High confidence per the file's own methodology),mtagent pbi audit (cross-ref CustomerCode_Zone_State_Mapping.csv),2026-07-14
Reliance Retail,Reliance Retail Limited_FR30,Reliance Retail Limited_FR30,Direct,Mamaearth,Monthly dynamic Cont% (secondary-driven),11,Apr'25–May'26,100.0,100.0,100.0,High,Direct ship-to → single chain (1:1),,,,,,Validated (High-Confidence Auto),Reliance Retail,Reliance Retail Limited_FR30,Keep,no Confirmed cross-reference found; auto-accepted as a direct 1:1 ship-to->chain mapping (High confidence per the file's own methodology),mtagent pbi audit (cross-ref CustomerCode_Zone_State_Mapping.csv),2026-07-14
Reliance Retail,Reliance Retail Limited_FR30,Reliance Retail Limited_FR30,Direct,The Derma Co.,Monthly dynamic Cont% (secondary-driven),1,Oct'25–Oct'25,100.0,100.0,100.0,High,Direct ship-to → single chain (1:1),,,,,,Validated (High-Confidence Auto),Reliance Retail,Reliance Retail Limited_FR30,Keep,no Confirmed cross-reference found; auto-accepted as a direct 1:1 ship-to->chain mapping (High confidence per the file's own methodology),mtagent pbi audit (cross-ref CustomerCode_Zone_State_Mapping.csv),2026-07-14
Reliance Retail,Reliance Retail Limited_FR60,Reliance Retail Limited_FR60,Direct,Mamaearth,Monthly dynamic Cont% (secondary-driven),9,Apr'25–May'26,100.0,100.0,100.0,High,Direct ship-to → single chain (1:1),,,,,,Validated (High-Confidence Auto),Reliance Retail,Reliance Retail Limited_FR60,Keep,no Confirmed cross-reference found; auto-accepted as a direct 1:1 ship-to->chain mapping (High confidence per the file's own methodology),mtagent pbi audit (cross-ref CustomerCode_Zone_State_Mapping.csv),2026-07-14
Reliance Retail,Reliance Retail Limited_FR60,Reliance Retail Limited_FR60,Direct,The Derma Co.,Monthly dynamic Cont% (secondary-driven),1,Oct'25–Oct'25,100.0,100.0,100.0,High,Direct ship-to → single chain (1:1),,,,,,Validated (High-Confidence Auto),Reliance Retail,Reliance Retail Limited_FR60,Keep,no Confirmed cross-reference found; auto-accepted as a direct 1:1 ship-to->chain mapping (High confidence per the file's own methodology),mtagent pbi audit (cross-ref CustomerCode_Zone_State_Mapping.csv),2026-07-14
Reliance Retail,Reliance Retail Limited_FR62,Reliance Retail Limited_FR62,Direct,Aqualogica,Monthly dynamic Cont% (secondary-driven),8,Apr'25–Mar'26,100.0,100.0,100.0,High,Direct ship-to → single chain (1:1),,,,,,Validated (High-Confidence Auto),Reliance Retail,Reliance Retail Limited_FR62,Keep,no Confirmed cross-reference found; auto-accepted as a direct 1:1 ship-to->chain mapping (High confidence per the file's own methodology),mtagent pbi audit (cross-ref CustomerCode_Zone_State_Mapping.csv),2026-07-14
Reliance Retail,Reliance Retail Limited_FR62,Reliance Retail Limited_FR62,Direct,BBlunt,Monthly dynamic Cont% (secondary-driven),9,Apr'25–Mar'26,100.0,100.0,100.0,High,Direct ship-to → single chain (1:1),,,,,,Validated (High-Confidence Auto),Reliance Retail,Reliance Retail Limited_FR62,Keep,no Confirmed cross-reference found; auto-accepted as a direct 1:1 ship-to->chain mapping (High confidence per the file's own methodology),mtagent pbi audit (cross-ref CustomerCode_Zone_State_Mapping.csv),2026-07-14
Reliance Retail,Reliance Retail Limited_FR62,Reliance Retail Limited_FR62,Direct,Mamaearth,Monthly dynamic Cont% (secondary-driven),10,Apr'25–May'26,100.0,100.0,100.0,High,Direct ship-to → single chain (1:1),,,,,,Validated (High-Confidence Auto),Reliance Retail,Reliance Retail Limited_FR62,Keep,no Confirmed cross-reference found; auto-accepted as a direct 1:1 ship-to->chain mapping (High confidence per the file's own methodology),mtagent pbi audit (cross-ref CustomerCode_Zone_State_Mapping.csv),2026-07-14
Reliance Retail,Reliance Retail Limited_FR62,Reliance Retail Limited_FR62,Direct,The Derma Co.,Monthly dynamic Cont% (secondary-driven),10,Apr'25–Apr'26,100.0,100.0,100.0,High,Direct ship-to → single chain (1:1),,,,,,Validated (High-Confidence Auto),Reliance Retail,Reliance Retail Limited_FR62,Keep,no Confirmed cross-reference found; auto-accepted as a direct 1:1 ship-to->chain mapping (High confidence per the file's own methodology),mtagent pbi audit (cross-ref CustomerCode_Zone_State_Mapping.csv),2026-07-14
Reliance Retail,Reliance Retail Limited_FR64,Reliance Retail Limited_FR64,Direct,Mamaearth,Monthly dynamic Cont% (secondary-driven),10,Apr'25–Apr'26,100.0,100.0,100.0,High,Direct ship-to → single chain (1:1),,,,,,Validated (High-Confidence Auto),Reliance Retail,Reliance Retail Limited_FR64,Keep,no Confirmed cross-reference found; auto-accepted as a direct 1:1 ship-to->chain mapping (High confidence per the file's own methodology),mtagent pbi audit (cross-ref CustomerCode_Zone_State_Mapping.csv),2026-07-14
Reliance Retail,Reliance Retail Limited_FR76,Reliance Retail Limited_FR76,Direct,Aqualogica,Monthly dynamic Cont% (secondary-driven),8,Apr'25–Mar'26,100.0,100.0,100.0,High,Direct ship-to → single chain (1:1),,,,,,Validated (High-Confidence Auto),Reliance Retail,Reliance Retail Limited_FR76,Keep,no Confirmed cross-reference found; auto-accepted as a direct 1:1 ship-to->chain mapping (High confidence per the file's own methodology),mtagent pbi audit (cross-ref CustomerCode_Zone_State_Mapping.csv),2026-07-14
Reliance Retail,Reliance Retail Limited_FR76,Reliance Retail Limited_FR76,Direct,BBlunt,Monthly dynamic Cont% (secondary-driven),8,Apr'25–Mar'26,100.0,100.0,100.0,High,Direct ship-to → single chain (1:1),,,,,,Validated (High-Confidence Auto),Reliance Retail,Reliance Retail Limited_FR76,Keep,no Confirmed cross-reference found; auto-accepted as a direct 1:1 ship-to->chain mapping (High confidence per the file's own methodology),mtagent pbi audit (cross-ref CustomerCode_Zone_State_Mapping.csv),2026-07-14
Reliance Retail,Reliance Retail Limited_FR76,Reliance Retail Limited_FR76,Direct,Mamaearth,Monthly dynamic Cont% (secondary-driven),9,Apr'25–May'26,100.0,100.0,100.0,High,Direct ship-to → single chain (1:1),,,,,,Validated (High-Confidence Auto),Reliance Retail,Reliance Retail Limited_FR76,Keep,no Confirmed cross-reference found; auto-accepted as a direct 1:1 ship-to->chain mapping (High confidence per the file's own methodology),mtagent pbi audit (cross-ref CustomerCode_Zone_State_Mapping.csv),2026-07-14
Reliance Retail,Reliance Retail Limited_FR76,Reliance Retail Limited_FR76,Direct,The Derma Co.,Monthly dynamic Cont% (secondary-driven),9,Apr'25–Apr'26,100.0,100.0,100.0,High,Direct ship-to → single chain (1:1),,,,,,Validated (High-Confidence Auto),Reliance Retail,Reliance Retail Limited_FR76,Keep,no Confirmed cross-reference found; auto-accepted as a direct 1:1 ship-to->chain mapping (High confidence per the file's own methodology),mtagent pbi audit (cross-ref CustomerCode_Zone_State_Mapping.csv),2026-07-14
Reliance Retail,Reliance Retail Limited_FRAQ,Reliance Retail Limited_FRAQ,Direct,Mamaearth,Monthly dynamic Cont% (secondary-driven),8,Apr'25–Apr'26,100.0,100.0,100.0,High,Direct ship-to → single chain (1:1),,,,,,Validated (High-Confidence Auto),Reliance Retail,Reliance Retail Limited_FRAQ,Keep,no Confirmed cross-reference found; auto-accepted as a direct 1:1 ship-to->chain mapping (High confidence per the file's own methodology),mtagent pbi audit (cross-ref CustomerCode_Zone_State_Mapping.csv),2026-07-14
Reliance Retail,Reliance Retail Limited_FRAT,Reliance Retail Limited_FRAT,Direct,Aqualogica,Monthly dynamic Cont% (secondary-driven),9,Apr'25–Mar'26,100.0,100.0,100.0,High,Direct ship-to → single chain (1:1),,,,,,Validated (High-Confidence Auto),Reliance Retail,Reliance Retail Limited_FRAT,Keep,no Confirmed cross-reference found; auto-accepted as a direct 1:1 ship-to->chain mapping (High confidence per the file's own methodology),mtagent pbi audit (cross-ref CustomerCode_Zone_State_Mapping.csv),2026-07-14
Reliance Retail,Reliance Retail Limited_FRAT,Reliance Retail Limited_FRAT,Direct,BBlunt,Monthly dynamic Cont% (secondary-driven),9,Apr'25–Mar'26,100.0,100.0,100.0,High,Direct ship-to → single chain (1:1),,,,,,Validated (High-Confidence Auto),Reliance Retail,Reliance Retail Limited_FRAT,Keep,no Confirmed cross-reference found; auto-accepted as a direct 1:1 ship-to->chain mapping (High confidence per the file's own methodology),mtagent pbi audit (cross-ref CustomerCode_Zone_State_Mapping.csv),2026-07-14
Reliance Retail,Reliance Retail Limited_FRAT,Reliance Retail Limited_FRAT,Direct,Mamaearth,Monthly dynamic Cont% (secondary-driven),9,Apr'25–May'26,100.0,100.0,100.0,High,Direct ship-to → single chain (1:1),,,,,,Validated (High-Confidence Auto),Reliance Retail,Reliance Retail Limited_FRAT,Keep,no Confirmed cross-reference found; auto-accepted as a direct 1:1 ship-to->chain mapping (High confidence per the file's own methodology),mtagent pbi audit (cross-ref CustomerCode_Zone_State_Mapping.csv),2026-07-14
Reliance Retail,Reliance Retail Limited_FRAT,Reliance Retail Limited_FRAT,Direct,The Derma Co.,Monthly dynamic Cont% (secondary-driven),10,Apr'25–Apr'26,100.0,100.0,100.0,High,Direct ship-to → single chain (1:1),,,,,,Validated (High-Confidence Auto),Reliance Retail,Reliance Retail Limited_FRAT,Keep,no Confirmed cross-reference found; auto-accepted as a direct 1:1 ship-to->chain mapping (High confidence per the file's own methodology),mtagent pbi audit (cross-ref CustomerCode_Zone_State_Mapping.csv),2026-07-14
Reliance Retail,Reliance Retail Limited_FRBD,Reliance Retail Limited_FRBD,Direct,Mamaearth,Monthly dynamic Cont% (secondary-driven),10,Apr'25–May'26,100.0,100.0,100.0,High,Direct ship-to → single chain (1:1),,,,,,Validated (High-Confidence Auto),Reliance Retail,Reliance Retail Limited_FRBD,Keep,no Confirmed cross-reference found; auto-accepted as a direct 1:1 ship-to->chain mapping (High confidence per the file's own methodology),mtagent pbi audit (cross-ref CustomerCode_Zone_State_Mapping.csv),2026-07-14
Reliance Retail,Reliance Retail Limited_FRBR,Reliance Retail Limited_FRBR,Direct,Mamaearth,Monthly dynamic Cont% (secondary-driven),9,Apr'25–Apr'26,100.0,100.0,100.0,High,Direct ship-to → single chain (1:1),,,,,,Validated (High-Confidence Auto),Reliance Retail,Reliance Retail Limited_FRBR,Keep,no Confirmed cross-reference found; auto-accepted as a direct 1:1 ship-to->chain mapping (High confidence per the file's own methodology),mtagent pbi audit (cross-ref CustomerCode_Zone_State_Mapping.csv),2026-07-14
Reliance Retail,Reliance Retail Limited_FRBS,Reliance Retail Limited_FRBS,Direct,Aqualogica,Monthly dynamic Cont% (secondary-driven),8,Apr'25–Mar'26,100.0,100.0,100.0,High,Direct ship-to → single chain (1:1),,,,,,Validated (High-Confidence Auto),Reliance Retail,Reliance Retail Limited_FRBS,Keep,no Confirmed cross-reference found; auto-accepted as a direct 1:1 ship-to->chain mapping (High confidence per the file's own methodology),mtagent pbi audit (cross-ref CustomerCode_Zone_State_Mapping.csv),2026-07-14
Reliance Retail,Reliance Retail Limited_FRBS,Reliance Retail Limited_FRBS,Direct,BBlunt,Monthly dynamic Cont% (secondary-driven),9,Apr'25–Mar'26,100.0,100.0,100.0,High,Direct ship-to → single chain (1:1),,,,,,Validated (High-Confidence Auto),Reliance Retail,Reliance Retail Limited_FRBS,Keep,no Confirmed cross-reference found; auto-accepted as a direct 1:1 ship-to->chain mapping (High confidence per the file's own methodology),mtagent pbi audit (cross-ref CustomerCode_Zone_State_Mapping.csv),2026-07-14
Reliance Retail,Reliance Retail Limited_FRBS,Reliance Retail Limited_FRBS,Direct,Mamaearth,Monthly dynamic Cont% (secondary-driven),9,Apr'25–Apr'26,100.0,100.0,100.0,High,Direct ship-to → single chain (1:1),,,,,,Validated (High-Confidence Auto),Reliance Retail,Reliance Retail Limited_FRBS,Keep,no Confirmed cross-reference found; auto-accepted as a direct 1:1 ship-to->chain mapping (High confidence per the file's own methodology),mtagent pbi audit (cross-ref CustomerCode_Zone_State_Mapping.csv),2026-07-14
Reliance Retail,Reliance Retail Limited_FRBS,Reliance Retail Limited_FRBS,Direct,The Derma Co.,Monthly dynamic Cont% (secondary-driven),10,Apr'25–Apr'26,100.0,100.0,100.0,High,Direct ship-to → single chain (1:1),,,,,,Validated (High-Confidence Auto),Reliance Retail,Reliance Retail Limited_FRBS,Keep,no Confirmed cross-reference found; auto-accepted as a direct 1:1 ship-to->chain mapping (High confidence per the file's own methodology),mtagent pbi audit (cross-ref CustomerCode_Zone_State_Mapping.csv),2026-07-14
Reliance Retail,Reliance Retail Limited_FRBU,Reliance Retail Limited_FRBU,Direct,Aqualogica,Monthly dynamic Cont% (secondary-driven),8,Apr'25–Mar'26,100.0,100.0,100.0,High,Direct ship-to → single chain (1:1),,,,,,Validated (High-Confidence Auto),Reliance Retail,Reliance Retail Limited_FRBU,Keep,no Confirmed cross-reference found; auto-accepted as a direct 1:1 ship-to->chain mapping (High confidence per the file's own methodology),mtagent pbi audit (cross-ref CustomerCode_Zone_State_Mapping.csv),2026-07-14
Reliance Retail,Reliance Retail Limited_FRBU,Reliance Retail Limited_FRBU,Direct,BBlunt,Monthly dynamic Cont% (secondary-driven),9,Apr'25–Mar'26,100.0,100.0,100.0,High,Direct ship-to → single chain (1:1),,,,,,Validated (High-Confidence Auto),Reliance Retail,Reliance Retail Limited_FRBU,Keep,no Confirmed cross-reference found; auto-accepted as a direct 1:1 ship-to->chain mapping (High confidence per the file's own methodology),mtagent pbi audit (cross-ref CustomerCode_Zone_State_Mapping.csv),2026-07-14
Reliance Retail,Reliance Retail Limited_FRBU,Reliance Retail Limited_FRBU,Direct,Mamaearth,Monthly dynamic Cont% (secondary-driven),10,Apr'25–May'26,100.0,100.0,100.0,High,Direct ship-to → single chain (1:1),,,,,,Validated (High-Confidence Auto),Reliance Retail,Reliance Retail Limited_FRBU,Keep,no Confirmed cross-reference found; auto-accepted as a direct 1:1 ship-to->chain mapping (High confidence per the file's own methodology),mtagent pbi audit (cross-ref CustomerCode_Zone_State_Mapping.csv),2026-07-14
Reliance Retail,Reliance Retail Limited_FRBU,Reliance Retail Limited_FRBU,Direct,The Derma Co.,Monthly dynamic Cont% (secondary-driven),10,Apr'25–Apr'26,100.0,100.0,100.0,High,Direct ship-to → single chain (1:1),,,,,,Validated (High-Confidence Auto),Reliance Retail,Reliance Retail Limited_FRBU,Keep,no Confirmed cross-reference found; auto-accepted as a direct 1:1 ship-to->chain mapping (High confidence per the file's own methodology),mtagent pbi audit (cross-ref CustomerCode_Zone_State_Mapping.csv),2026-07-14
Reliance Retail,Reliance Retail Limited_FRBW,Reliance Retail Limited_FRBW,Direct,Mamaearth,Monthly dynamic Cont% (secondary-driven),11,Apr'25–May'26,100.0,100.0,100.0,High,Direct ship-to → single chain (1:1),,,,,,Validated (High-Confidence Auto),Reliance Retail,Reliance Retail Limited_FRBW,Keep,no Confirmed cross-reference found; auto-accepted as a direct 1:1 ship-to->chain mapping (High confidence per the file's own methodology),mtagent pbi audit (cross-ref CustomerCode_Zone_State_Mapping.csv),2026-07-14
Reliance Retail,Reliance Retail Limited_FRCG,Reliance Retail Limited_FRCG,Direct,Mamaearth,Monthly dynamic Cont% (secondary-driven),11,Apr'25–May'26,100.0,100.0,100.0,High,Direct ship-to → single chain (1:1),,,,,,Validated (High-Confidence Auto),Reliance Retail,Reliance Retail Limited_FRCG,Keep,no Confirmed cross-reference found; auto-accepted as a direct 1:1 ship-to->chain mapping (High confidence per the file's own methodology),mtagent pbi audit (cross-ref CustomerCode_Zone_State_Mapping.csv),2026-07-14
Reliance Retail,Reliance Retail Limited_FRCH,Reliance Retail Limited_FRCH,Direct,Mamaearth,Monthly dynamic Cont% (secondary-driven),10,Apr'25–May'26,100.0,100.0,100.0,High,Direct ship-to → single chain (1:1),,,,,,Validated (High-Confidence Auto),Reliance Retail,Reliance Retail Limited_FRCH,Keep,no Confirmed cross-reference found; auto-accepted as a direct 1:1 ship-to->chain mapping (High confidence per the file's own methodology),mtagent pbi audit (cross-ref CustomerCode_Zone_State_Mapping.csv),2026-07-14
Reliance Retail,Reliance Retail Limited_FRCH,Reliance Retail Limited_FRCH,Direct,The Derma Co.,Monthly dynamic Cont% (secondary-driven),2,Oct'25–Nov'25,100.0,100.0,100.0,High,Direct ship-to → single chain (1:1),,,,,,Validated (High-Confidence Auto),Reliance Retail,Reliance Retail Limited_FRCH,Keep,no Confirmed cross-reference found; auto-accepted as a direct 1:1 ship-to->chain mapping (High confidence per the file's own methodology),mtagent pbi audit (cross-ref CustomerCode_Zone_State_Mapping.csv),2026-07-14
Reliance Retail,Reliance Retail Limited_FRCJ,Reliance Retail Limited_FRCJ,Direct,Mamaearth,Monthly dynamic Cont% (secondary-driven),10,Apr'25–Apr'26,100.0,100.0,100.0,High,Direct ship-to → single chain (1:1),,,,,,Validated (High-Confidence Auto),Reliance Retail,Reliance Retail Limited_FRCJ,Keep,no Confirmed cross-reference found; auto-accepted as a direct 1:1 ship-to->chain mapping (High confidence per the file's own methodology),mtagent pbi audit (cross-ref CustomerCode_Zone_State_Mapping.csv),2026-07-14
Reliance Retail,Reliance Retail Limited_FRCP,Reliance Retail Limited_FRCP,Direct,Aqualogica,Monthly dynamic Cont% (secondary-driven),9,Apr'25–Mar'26,100.0,100.0,100.0,High,Direct ship-to → single chain (1:1),,,,,,Validated (High-Confidence Auto),Reliance Retail,Reliance Retail Limited_FRCP,Keep,no Confirmed cross-reference found; auto-accepted as a direct 1:1 ship-to->chain mapping (High confidence per the file's own methodology),mtagent pbi audit (cross-ref CustomerCode_Zone_State_Mapping.csv),2026-07-14
Reliance Retail,Reliance Retail Limited_FRCP,Reliance Retail Limited_FRCP,Direct,BBlunt,Monthly dynamic Cont% (secondary-driven),9,Apr'25–Mar'26,100.0,100.0,100.0,High,Direct ship-to → single chain (1:1),,,,,,Validated (High-Confidence Auto),Reliance Retail,Reliance Retail Limited_FRCP,Keep,no Confirmed cross-reference found; auto-accepted as a direct 1:1 ship-to->chain mapping (High confidence per the file's own methodology),mtagent pbi audit (cross-ref CustomerCode_Zone_State_Mapping.csv),2026-07-14
Reliance Retail,Reliance Retail Limited_FRCP,Reliance Retail Limited_FRCP,Direct,The Derma Co.,Monthly dynamic Cont% (secondary-driven),9,Apr'25–Mar'26,100.0,100.0,100.0,High,Direct ship-to → single chain (1:1),,,,,,Validated (High-Confidence Auto),Reliance Retail,Reliance Retail Limited_FRCP,Keep,no Confirmed cross-reference found; auto-accepted as a direct 1:1 ship-to->chain mapping (High confidence per the file's own methodology),mtagent pbi audit (cross-ref CustomerCode_Zone_State_Mapping.csv),2026-07-14
Reliance Retail,Reliance Retail Limited_FRCQ,Reliance Retail Limited_FRCQ,Direct,Mamaearth,Monthly dynamic Cont% (secondary-driven),10,Apr'25–Apr'26,100.0,100.0,100.0,High,Direct ship-to → single chain (1:1),,,,,,Validated (High-Confidence Auto),Reliance Retail,Reliance Retail Limited_FRCQ,Keep,no Confirmed cross-reference found; auto-accepted as a direct 1:1 ship-to->chain mapping (High confidence per the file's own methodology),mtagent pbi audit (cross-ref CustomerCode_Zone_State_Mapping.csv),2026-07-14
Reliance Retail,Reliance Retail Limited_FRCQ,Reliance Retail Limited_FRCQ,Direct,The Derma Co.,Monthly dynamic Cont% (secondary-driven),2,Oct'25–Jan'26,100.0,100.0,100.0,High,Direct ship-to → single chain (1:1),,,,,,Validated (High-Confidence Auto),Reliance Retail,Reliance Retail Limited_FRCQ,Keep,no Confirmed cross-reference found; auto-accepted as a direct 1:1 ship-to->chain mapping (High confidence per the file's own methodology),mtagent pbi audit (cross-ref CustomerCode_Zone_State_Mapping.csv),2026-07-14
Reliance Retail,Reliance Retail Limited_FRCS,Reliance Retail Limited_FRCS,Direct,Mamaearth,Monthly dynamic Cont% (secondary-driven),11,Apr'25–May'26,100.0,100.0,100.0,High,Direct ship-to → single chain (1:1),,,,,,Validated (High-Confidence Auto),Reliance Retail,Reliance Retail Limited_FRCS,Keep,no Confirmed cross-reference found; auto-accepted as a direct 1:1 ship-to->chain mapping (High confidence per the file's own methodology),mtagent pbi audit (cross-ref CustomerCode_Zone_State_Mapping.csv),2026-07-14
Reliance Retail,Reliance Retail Limited_FRCS,Reliance Retail Limited_FRCS,Direct,The Derma Co.,Monthly dynamic Cont% (secondary-driven),1,Oct'25–Oct'25,100.0,100.0,100.0,High,Direct ship-to → single chain (1:1),,,,,,Validated (High-Confidence Auto),Reliance Retail,Reliance Retail Limited_FRCS,Keep,no Confirmed cross-reference found; auto-accepted as a direct 1:1 ship-to->chain mapping (High confidence per the file's own methodology),mtagent pbi audit (cross-ref CustomerCode_Zone_State_Mapping.csv),2026-07-14
Reliance Retail,Reliance Retail Limited_FRDA,Reliance Retail Limited_FRDA,Direct,Mamaearth,Monthly dynamic Cont% (secondary-driven),10,Apr'25–May'26,100.0,100.0,100.0,High,Direct ship-to → single chain (1:1),,,,,,Validated (High-Confidence Auto),Reliance Retail,Reliance Retail Limited_FRDA,Keep,no Confirmed cross-reference found; auto-accepted as a direct 1:1 ship-to->chain mapping (High confidence per the file's own methodology),mtagent pbi audit (cross-ref CustomerCode_Zone_State_Mapping.csv),2026-07-14
Reliance Retail,Reliance Retail Limited_FRDA,Reliance Retail Limited_FRDA,Direct,The Derma Co.,Monthly dynamic Cont% (secondary-driven),1,Oct'25–Oct'25,100.0,100.0,100.0,High,Direct ship-to → single chain (1:1),,,,,,Validated (High-Confidence Auto),Reliance Retail,Reliance Retail Limited_FRDA,Keep,no Confirmed cross-reference found; auto-accepted as a direct 1:1 ship-to->chain mapping (High confidence per the file's own methodology),mtagent pbi audit (cross-ref CustomerCode_Zone_State_Mapping.csv),2026-07-14
Reliance Retail,Reliance Retail Limited_FRDB,Reliance Retail Limited_FRDB,Direct,Aqualogica,Monthly dynamic Cont% (secondary-driven),9,Apr'25–Mar'26,100.0,100.0,100.0,High,Direct ship-to → single chain (1:1),,,,,,Validated (High-Confidence Auto),Reliance Retail,Reliance Retail Limited_FRDB,Keep,no Confirmed cross-reference found; auto-accepted as a direct 1:1 ship-to->chain mapping (High confidence per the file's own methodology),mtagent pbi audit (cross-ref CustomerCode_Zone_State_Mapping.csv),2026-07-14
Reliance Retail,Reliance Retail Limited_FRDB,Reliance Retail Limited_FRDB,Direct,BBlunt,Monthly dynamic Cont% (secondary-driven),9,Apr'25–Mar'26,100.0,100.0,100.0,High,Direct ship-to → single chain (1:1),,,,,,Validated (High-Confidence Auto),Reliance Retail,Reliance Retail Limited_FRDB,Keep,no Confirmed cross-reference found; auto-accepted as a direct 1:1 ship-to->chain mapping (High confidence per the file's own methodology),mtagent pbi audit (cross-ref CustomerCode_Zone_State_Mapping.csv),2026-07-14
Reliance Retail,Reliance Retail Limited_FRDB,Reliance Retail Limited_FRDB,Direct,Mamaearth,Monthly dynamic Cont% (secondary-driven),10,Apr'25–May'26,100.0,100.0,100.0,High,Direct ship-to → single chain (1:1),,,,,,Validated (High-Confidence Auto),Reliance Retail,Reliance Retail Limited_FRDB,Keep,no Confirmed cross-reference found; auto-accepted as a direct 1:1 ship-to->chain mapping (High confidence per the file's own methodology),mtagent pbi audit (cross-ref CustomerCode_Zone_State_Mapping.csv),2026-07-14
Reliance Retail,Reliance Retail Limited_FRDB,Reliance Retail Limited_FRDB,Direct,The Derma Co.,Monthly dynamic Cont% (secondary-driven),10,Apr'25–Apr'26,100.0,100.0,100.0,High,Direct ship-to → single chain (1:1),,,,,,Validated (High-Confidence Auto),Reliance Retail,Reliance Retail Limited_FRDB,Keep,no Confirmed cross-reference found; auto-accepted as a direct 1:1 ship-to->chain mapping (High confidence per the file's own methodology),mtagent pbi audit (cross-ref CustomerCode_Zone_State_Mapping.csv),2026-07-14
Reliance Retail,Reliance Retail Limited_FRDI,Reliance Retail Limited_FRDI,Direct,Mamaearth,Monthly dynamic Cont% (secondary-driven),9,Apr'25–May'26,100.0,100.0,100.0,High,Direct ship-to → single chain (1:1),,,,,,Validated (High-Confidence Auto),Reliance Retail,Reliance Retail Limited_FRDI,Keep,no Confirmed cross-reference found; auto-accepted as a direct 1:1 ship-to->chain mapping (High confidence per the file's own methodology),mtagent pbi audit (cross-ref CustomerCode_Zone_State_Mapping.csv),2026-07-14
Reliance Retail,Reliance Retail Limited_FRDI,Reliance Retail Limited_FRDI,Direct,The Derma Co.,Monthly dynamic Cont% (secondary-driven),1,Oct'25–Oct'25,100.0,100.0,100.0,High,Direct ship-to → single chain (1:1),,,,,,Validated (High-Confidence Auto),Reliance Retail,Reliance Retail Limited_FRDI,Keep,no Confirmed cross-reference found; auto-accepted as a direct 1:1 ship-to->chain mapping (High confidence per the file's own methodology),mtagent pbi audit (cross-ref CustomerCode_Zone_State_Mapping.csv),2026-07-14
Reliance Retail,Reliance Retail Limited_FRDK,Reliance Retail Limited_FRDK,Direct,Aqualogica,Monthly dynamic Cont% (secondary-driven),7,Apr'25–Mar'26,100.0,100.0,100.0,High,Direct ship-to → single chain (1:1),,,,,,Validated (High-Confidence Auto),Reliance Retail,Reliance Retail Limited_FRDK,Keep,no Confirmed cross-reference found; auto-accepted as a direct 1:1 ship-to->chain mapping (High confidence per the file's own methodology),mtagent pbi audit (cross-ref CustomerCode_Zone_State_Mapping.csv),2026-07-14
Reliance Retail,Reliance Retail Limited_FRDK,Reliance Retail Limited_FRDK,Direct,BBlunt,Monthly dynamic Cont% (secondary-driven),8,Apr'25–Mar'26,100.0,100.0,100.0,High,Direct ship-to → single chain (1:1),,,,,,Validated (High-Confidence Auto),Reliance Retail,Reliance Retail Limited_FRDK,Keep,no Confirmed cross-reference found; auto-accepted as a direct 1:1 ship-to->chain mapping (High confidence per the file's own methodology),mtagent pbi audit (cross-ref CustomerCode_Zone_State_Mapping.csv),2026-07-14
Reliance Retail,Reliance Retail Limited_FRDK,Reliance Retail Limited_FRDK,Direct,Mamaearth,Monthly dynamic Cont% (secondary-driven),10,Apr'25–May'26,100.0,100.0,100.0,High,Direct ship-to → single chain (1:1),,,,,,Validated (High-Confidence Auto),Reliance Retail,Reliance Retail Limited_FRDK,Keep,no Confirmed cross-reference found; auto-accepted as a direct 1:1 ship-to->chain mapping (High confidence per the file's own methodology),mtagent pbi audit (cross-ref CustomerCode_Zone_State_Mapping.csv),2026-07-14
Reliance Retail,Reliance Retail Limited_FRDK,Reliance Retail Limited_FRDK,Direct,The Derma Co.,Monthly dynamic Cont% (secondary-driven),9,Apr'25–Apr'26,100.0,100.0,100.0,High,Direct ship-to → single chain (1:1),,,,,,Validated (High-Confidence Auto),Reliance Retail,Reliance Retail Limited_FRDK,Keep,no Confirmed cross-reference found; auto-accepted as a direct 1:1 ship-to->chain mapping (High confidence per the file's own methodology),mtagent pbi audit (cross-ref CustomerCode_Zone_State_Mapping.csv),2026-07-14
Reliance Retail,Reliance Retail Limited_FRDL,Reliance Retail Limited_FRDL,Direct,Aqualogica,Monthly dynamic Cont% (secondary-driven),9,Apr'25–Apr'26,100.0,100.0,100.0,High,Direct ship-to → single chain (1:1),,,,,,Validated (High-Confidence Auto),Reliance Retail,Reliance Retail Limited_FRDL,Keep,no Confirmed cross-reference found; auto-accepted as a direct 1:1 ship-to->chain mapping (High confidence per the file's own methodology),mtagent pbi audit (cross-ref CustomerCode_Zone_State_Mapping.csv),2026-07-14
Reliance Retail,Reliance Retail Limited_FRDL,Reliance Retail Limited_FRDL,Direct,BBlunt,Monthly dynamic Cont% (secondary-driven),9,Apr'25–Apr'26,100.0,100.0,100.0,High,Direct ship-to → single chain (1:1),,,,,,Validated (High-Confidence Auto),Reliance Retail,Reliance Retail Limited_FRDL,Keep,no Confirmed cross-reference found; auto-accepted as a direct 1:1 ship-to->chain mapping (High confidence per the file's own methodology),mtagent pbi audit (cross-ref CustomerCode_Zone_State_Mapping.csv),2026-07-14
Reliance Retail,Reliance Retail Limited_FRDL,Reliance Retail Limited_FRDL,Direct,Mamaearth,Monthly dynamic Cont% (secondary-driven),9,Apr'25–Apr'26,100.0,100.0,100.0,High,Direct ship-to → single chain (1:1),,,,,,Validated (High-Confidence Auto),Reliance Retail,Reliance Retail Limited_FRDL,Keep,no Confirmed cross-reference found; auto-accepted as a direct 1:1 ship-to->chain mapping (High confidence per the file's own methodology),mtagent pbi audit (cross-ref CustomerCode_Zone_State_Mapping.csv),2026-07-14
Reliance Retail,Reliance Retail Limited_FRDL,Reliance Retail Limited_FRDL,Direct,The Derma Co.,Monthly dynamic Cont% (secondary-driven),9,Apr'25–Apr'26,100.0,100.0,100.0,High,Direct ship-to → single chain (1:1),,,,,,Validated (High-Confidence Auto),Reliance Retail,Reliance Retail Limited_FRDL,Keep,no Confirmed cross-reference found; auto-accepted as a direct 1:1 ship-to->chain mapping (High confidence per the file's own methodology),mtagent pbi audit (cross-ref CustomerCode_Zone_State_Mapping.csv),2026-07-14
Reliance Retail,Reliance Retail Limited_FRDP,Reliance Retail Limited_FRDP,Direct,Mamaearth,Monthly dynamic Cont% (secondary-driven),10,Apr'25–May'26,100.0,100.0,100.0,High,Direct ship-to → single chain (1:1),,,,,,Validated (High-Confidence Auto),Reliance Retail,Reliance Retail Limited_FRDP,Keep,no Confirmed cross-reference found; auto-accepted as a direct 1:1 ship-to->chain mapping (High confidence per the file's own methodology),mtagent pbi audit (cross-ref CustomerCode_Zone_State_Mapping.csv),2026-07-14
Reliance Retail,Reliance Retail Limited_FRDP,Reliance Retail Limited_FRDP,Direct,The Derma Co.,Monthly dynamic Cont% (secondary-driven),1,Oct'25–Oct'25,100.0,100.0,100.0,High,Direct ship-to → single chain (1:1),,,,,,Validated (High-Confidence Auto),Reliance Retail,Reliance Retail Limited_FRDP,Keep,no Confirmed cross-reference found; auto-accepted as a direct 1:1 ship-to->chain mapping (High confidence per the file's own methodology),mtagent pbi audit (cross-ref CustomerCode_Zone_State_Mapping.csv),2026-07-14
Reliance Retail,Reliance Retail Limited_FRDT,Reliance Retail Limited_FRDT,Direct,Mamaearth,Monthly dynamic Cont% (secondary-driven),9,Apr'25–Apr'26,100.0,100.0,100.0,High,Direct ship-to → single chain (1:1),,,,,,Validated (High-Confidence Auto),Reliance Retail,Reliance Retail Limited_FRDT,Keep,no Confirmed cross-reference found; auto-accepted as a direct 1:1 ship-to->chain mapping (High confidence per the file's own methodology),mtagent pbi audit (cross-ref CustomerCode_Zone_State_Mapping.csv),2026-07-14
Reliance Retail,Reliance Retail Limited_FREM,Reliance Retail Limited_FREM,Direct,Mamaearth,Monthly dynamic Cont% (secondary-driven),10,Apr'25–Apr'26,100.0,100.0,100.0,High,Direct ship-to → single chain (1:1),,,,,,Validated (High-Confidence Auto),Reliance Retail,Reliance Retail Limited_FREM,Keep,no Confirmed cross-reference found; auto-accepted as a direct 1:1 ship-to->chain mapping (High confidence per the file's own methodology),mtagent pbi audit (cross-ref CustomerCode_Zone_State_Mapping.csv),2026-07-14
Reliance Retail,Reliance Retail Limited_FRER,Reliance Retail Limited_FRER,Direct,Mamaearth,Monthly dynamic Cont% (secondary-driven),11,Apr'25–May'26,100.0,100.0,100.0,High,Direct ship-to → single chain (1:1),,,,,,Validated (High-Confidence Auto),Reliance Retail,Reliance Retail Limited_FRER,Keep,no Confirmed cross-reference found; auto-accepted as a direct 1:1 ship-to->chain mapping (High confidence per the file's own methodology),mtagent pbi audit (cross-ref CustomerCode_Zone_State_Mapping.csv),2026-07-14
Reliance Retail,Reliance Retail Limited_FRER,Reliance Retail Limited_FRER,Direct,The Derma Co.,Monthly dynamic Cont% (secondary-driven),1,Oct'25–Oct'25,100.0,100.0,100.0,High,Direct ship-to → single chain (1:1),,,,,,Validated (High-Confidence Auto),Reliance Retail,Reliance Retail Limited_FRER,Keep,no Confirmed cross-reference found; auto-accepted as a direct 1:1 ship-to->chain mapping (High confidence per the file's own methodology),mtagent pbi audit (cross-ref CustomerCode_Zone_State_Mapping.csv),2026-07-14
Reliance Retail,Reliance Retail Limited_FREX,Reliance Retail Limited_FREX,Direct,Mamaearth,Monthly dynamic Cont% (secondary-driven),10,Apr'25–Apr'26,100.0,100.0,100.0,High,Direct ship-to → single chain (1:1),,,,,,Validated (High-Confidence Auto),Reliance Retail,Reliance Retail Limited_FREX,Keep,no Confirmed cross-reference found; auto-accepted as a direct 1:1 ship-to->chain mapping (High confidence per the file's own methodology),mtagent pbi audit (cross-ref CustomerCode_Zone_State_Mapping.csv),2026-07-14
Reliance Retail,Reliance Retail Limited_FRFA,Reliance Retail Limited_FRFA,Direct,Mamaearth,Monthly dynamic Cont% (secondary-driven),10,Apr'25–May'26,100.0,100.0,100.0,High,Direct ship-to → single chain (1:1),,,,,,Validated (High-Confidence Auto),Reliance Retail,Reliance Retail Limited_FRFA,Keep,no Confirmed cross-reference found; auto-accepted as a direct 1:1 ship-to->chain mapping (High confidence per the file's own methodology),mtagent pbi audit (cross-ref CustomerCode_Zone_State_Mapping.csv),2026-07-14
Reliance Retail,Reliance Retail Limited_FRFA,Reliance Retail Limited_FRFA,Direct,The Derma Co.,Monthly dynamic Cont% (secondary-driven),1,Oct'25–Oct'25,100.0,100.0,100.0,High,Direct ship-to → single chain (1:1),,,,,,Validated (High-Confidence Auto),Reliance Retail,Reliance Retail Limited_FRFA,Keep,no Confirmed cross-reference found; auto-accepted as a direct 1:1 ship-to->chain mapping (High confidence per the file's own methodology),mtagent pbi audit (cross-ref CustomerCode_Zone_State_Mapping.csv),2026-07-14
Reliance Retail,Reliance Retail Limited_FRFD,Reliance Retail Limited_FRFD,Direct,Mamaearth,Monthly dynamic Cont% (secondary-driven),10,Apr'25–May'26,100.0,100.0,100.0,High,Direct ship-to → single chain (1:1),,,,,,Validated (High-Confidence Auto),Reliance Retail,Reliance Retail Limited_FRFD,Keep,no Confirmed cross-reference found; auto-accepted as a direct 1:1 ship-to->chain mapping (High confidence per the file's own methodology),mtagent pbi audit (cross-ref CustomerCode_Zone_State_Mapping.csv),2026-07-14
Reliance Retail,Reliance Retail Limited_FRFK,Reliance Retail Limited_FRFK,Direct,Mamaearth,Monthly dynamic Cont% (secondary-driven),11,Apr'25–May'26,100.0,100.0,100.0,High,Direct ship-to → single chain (1:1),,,,,,Validated (High-Confidence Auto),Reliance Retail,Reliance Retail Limited_FRFK,Keep,no Confirmed cross-reference found; auto-accepted as a direct 1:1 ship-to->chain mapping (High confidence per the file's own methodology),mtagent pbi audit (cross-ref CustomerCode_Zone_State_Mapping.csv),2026-07-14
Reliance Retail,Reliance Retail Limited_FRFR,Reliance Retail Limited_FRFR,Direct,Mamaearth,Monthly dynamic Cont% (secondary-driven),10,Apr'25–May'26,100.0,100.0,100.0,High,Direct ship-to → single chain (1:1),,,,,,Validated (High-Confidence Auto),Reliance Retail,Reliance Retail Limited_FRFR,Keep,no Confirmed cross-reference found; auto-accepted as a direct 1:1 ship-to->chain mapping (High confidence per the file's own methodology),mtagent pbi audit (cross-ref CustomerCode_Zone_State_Mapping.csv),2026-07-14
Reliance Retail,Reliance Retail Limited_FRFU,Reliance Retail Limited_FRFU,Direct,Mamaearth,Monthly dynamic Cont% (secondary-driven),10,Apr'25–May'26,100.0,100.0,100.0,High,Direct ship-to → single chain (1:1),,,,,,Validated (High-Confidence Auto),Reliance Retail,Reliance Retail Limited_FRFU,Keep,no Confirmed cross-reference found; auto-accepted as a direct 1:1 ship-to->chain mapping (High confidence per the file's own methodology),mtagent pbi audit (cross-ref CustomerCode_Zone_State_Mapping.csv),2026-07-14
Reliance Retail,Reliance Retail Limited_FRFV,Reliance Retail Limited_FRFV,Direct,Mamaearth,Monthly dynamic Cont% (secondary-driven),9,Apr'25–Apr'26,100.0,100.0,100.0,High,Direct ship-to → single chain (1:1),,,,,,Validated (High-Confidence Auto),Reliance Retail,Reliance Retail Limited_FRFV,Keep,no Confirmed cross-reference found; auto-accepted as a direct 1:1 ship-to->chain mapping (High confidence per the file's own methodology),mtagent pbi audit (cross-ref CustomerCode_Zone_State_Mapping.csv),2026-07-14
Reliance Retail,Reliance Retail Limited_FRGC,Reliance Retail Limited_FRGC,Direct,Mamaearth,Monthly dynamic Cont% (secondary-driven),10,Apr'25–May'26,100.0,100.0,100.0,High,Direct ship-to → single chain (1:1),,,,,,Validated (High-Confidence Auto),Reliance Retail,Reliance Retail Limited_FRGC,Keep,no Confirmed cross-reference found; auto-accepted as a direct 1:1 ship-to->chain mapping (High confidence per the file's own methodology),mtagent pbi audit (cross-ref CustomerCode_Zone_State_Mapping.csv),2026-07-14
Reliance Retail,Reliance Retail Limited_FRGF,Reliance Retail Limited_FRGF,Direct,Mamaearth,Monthly dynamic Cont% (secondary-driven),11,Apr'25–May'26,100.0,100.0,100.0,High,Direct ship-to → single chain (1:1),,,,,,Validated (High-Confidence Auto),Reliance Retail,Reliance Retail Limited_FRGF,Keep,no Confirmed cross-reference found; auto-accepted as a direct 1:1 ship-to->chain mapping (High confidence per the file's own methodology),mtagent pbi audit (cross-ref CustomerCode_Zone_State_Mapping.csv),2026-07-14
Reliance Retail,Reliance Retail Limited_FRGF,Reliance Retail Limited_FRGF,Direct,The Derma Co.,Monthly dynamic Cont% (secondary-driven),1,Oct'25–Oct'25,100.0,100.0,100.0,High,Direct ship-to → single chain (1:1),,,,,,Validated (High-Confidence Auto),Reliance Retail,Reliance Retail Limited_FRGF,Keep,no Confirmed cross-reference found; auto-accepted as a direct 1:1 ship-to->chain mapping (High confidence per the file's own methodology),mtagent pbi audit (cross-ref CustomerCode_Zone_State_Mapping.csv),2026-07-14
Reliance Retail,Reliance Retail Limited_FRGK,Reliance Retail Limited_FRGK,Direct,Mamaearth,Monthly dynamic Cont% (secondary-driven),10,Apr'25–Apr'26,100.0,100.0,100.0,High,Direct ship-to → single chain (1:1),,,,,,Validated (High-Confidence Auto),Reliance Retail,Reliance Retail Limited_FRGK,Keep,no Confirmed cross-reference found; auto-accepted as a direct 1:1 ship-to->chain mapping (High confidence per the file's own methodology),mtagent pbi audit (cross-ref CustomerCode_Zone_State_Mapping.csv),2026-07-14
Reliance Retail,Reliance Retail Limited_FRGK,Reliance Retail Limited_FRGK,Direct,The Derma Co.,Monthly dynamic Cont% (secondary-driven),1,Oct'25–Oct'25,100.0,100.0,100.0,High,Direct ship-to → single chain (1:1),,,,,,Validated (High-Confidence Auto),Reliance Retail,Reliance Retail Limited_FRGK,Keep,no Confirmed cross-reference found; auto-accepted as a direct 1:1 ship-to->chain mapping (High confidence per the file's own methodology),mtagent pbi audit (cross-ref CustomerCode_Zone_State_Mapping.csv),2026-07-14
Reliance Retail,Reliance Retail Limited_FRGM,Reliance Retail Limited_FRGM,Direct,Mamaearth,Monthly dynamic Cont% (secondary-driven),10,Apr'25–May'26,100.0,100.0,100.0,High,Direct ship-to → single chain (1:1),,,,,,Validated (High-Confidence Auto),Reliance Retail,Reliance Retail Limited_FRGM,Keep,no Confirmed cross-reference found; auto-accepted as a direct 1:1 ship-to->chain mapping (High confidence per the file's own methodology),mtagent pbi audit (cross-ref CustomerCode_Zone_State_Mapping.csv),2026-07-14
Reliance Retail,Reliance Retail Limited_FRGW,Reliance Retail Limited_FRGW,Direct,Mamaearth,Monthly dynamic Cont% (secondary-driven),9,Apr'25–Apr'26,100.0,100.0,100.0,High,Direct ship-to → single chain (1:1),,,,,,Validated (High-Confidence Auto),Reliance Retail,Reliance Retail Limited_FRGW,Keep,no Confirmed cross-reference found; auto-accepted as a direct 1:1 ship-to->chain mapping (High confidence per the file's own methodology),mtagent pbi audit (cross-ref CustomerCode_Zone_State_Mapping.csv),2026-07-14
Reliance Retail,Reliance Retail Limited_FRHC,Reliance Retail Limited_FRHC,Direct,Mamaearth,Monthly dynamic Cont% (secondary-driven),9,Apr'25–May'26,100.0,100.0,100.0,High,Direct ship-to → single chain (1:1),,,,,,Validated (High-Confidence Auto),Reliance Retail,Reliance Retail Limited_FRHC,Keep,no Confirmed cross-reference found; auto-accepted as a direct 1:1 ship-to->chain mapping (High confidence per the file's own methodology),mtagent pbi audit (cross-ref CustomerCode_Zone_State_Mapping.csv),2026-07-14
Reliance Retail,Reliance Retail Limited_FRHC,Reliance Retail Limited_FRHC,Direct,The Derma Co.,Monthly dynamic Cont% (secondary-driven),1,Oct'25–Oct'25,100.0,100.0,100.0,High,Direct ship-to → single chain (1:1),,,,,,Validated (High-Confidence Auto),Reliance Retail,Reliance Retail Limited_FRHC,Keep,no Confirmed cross-reference found; auto-accepted as a direct 1:1 ship-to->chain mapping (High confidence per the file's own methodology),mtagent pbi audit (cross-ref CustomerCode_Zone_State_Mapping.csv),2026-07-14
Reliance Retail,Reliance Retail Limited_FRHF,Reliance Retail Limited_FRHF,Direct,Mamaearth,Monthly dynamic Cont% (secondary-driven),10,Apr'25–May'26,100.0,100.0,100.0,High,Direct ship-to → single chain (1:1),,,,,,Validated (High-Confidence Auto),Reliance Retail,Reliance Retail Limited_FRHF,Keep,no Confirmed cross-reference found; auto-accepted as a direct 1:1 ship-to->chain mapping (High confidence per the file's own methodology),mtagent pbi audit (cross-ref CustomerCode_Zone_State_Mapping.csv),2026-07-14
Reliance Retail,Reliance Retail Limited_FRHF,Reliance Retail Limited_FRHF,Direct,The Derma Co.,Monthly dynamic Cont% (secondary-driven),1,Oct'25–Oct'25,100.0,100.0,100.0,High,Direct ship-to → single chain (1:1),,,,,,Validated (High-Confidence Auto),Reliance Retail,Reliance Retail Limited_FRHF,Keep,no Confirmed cross-reference found; auto-accepted as a direct 1:1 ship-to->chain mapping (High confidence per the file's own methodology),mtagent pbi audit (cross-ref CustomerCode_Zone_State_Mapping.csv),2026-07-14
Reliance Retail,Reliance Retail Limited_FRHM,Reliance Retail Limited_FRHM,Direct,Mamaearth,Monthly dynamic Cont% (secondary-driven),10,Apr'25–May'26,100.0,100.0,100.0,High,Direct ship-to → single chain (1:1),,,,,,Validated (High-Confidence Auto),Reliance Retail,Reliance Retail Limited_FRHM,Keep,no Confirmed cross-reference found; auto-accepted as a direct 1:1 ship-to->chain mapping (High confidence per the file's own methodology),mtagent pbi audit (cross-ref CustomerCode_Zone_State_Mapping.csv),2026-07-14
Reliance Retail,Reliance Retail Limited_FRHR,Reliance Retail Limited_FRHR,Direct,Mamaearth,Monthly dynamic Cont% (secondary-driven),10,Apr'25–Apr'26,100.0,100.0,100.0,High,Direct ship-to → single chain (1:1),,,,,,Validated (High-Confidence Auto),Reliance Retail,Reliance Retail Limited_FRHR,Keep,no Confirmed cross-reference found; auto-accepted as a direct 1:1 ship-to->chain mapping (High confidence per the file's own methodology),mtagent pbi audit (cross-ref CustomerCode_Zone_State_Mapping.csv),2026-07-14
Reliance Retail,Reliance Retail Limited_FRLF,Reliance Retail Limited_FRLF,Direct,Mamaearth,Monthly dynamic Cont% (secondary-driven),9,Apr'25–Apr'26,100.0,100.0,100.0,High,Direct ship-to → single chain (1:1),,,,,,Validated (High-Confidence Auto),Reliance Retail,Reliance Retail Limited_FRLF,Keep,no Confirmed cross-reference found; auto-accepted as a direct 1:1 ship-to->chain mapping (High confidence per the file's own methodology),mtagent pbi audit (cross-ref CustomerCode_Zone_State_Mapping.csv),2026-07-14
Reliance Retail,Reliance Retail Limited_FRLF,Reliance Retail Limited_FRLF,Direct,The Derma Co.,Monthly dynamic Cont% (secondary-driven),1,Oct'25–Oct'25,100.0,100.0,100.0,High,Direct ship-to → single chain (1:1),,,,,,Validated (High-Confidence Auto),Reliance Retail,Reliance Retail Limited_FRLF,Keep,no Confirmed cross-reference found; auto-accepted as a direct 1:1 ship-to->chain mapping (High confidence per the file's own methodology),mtagent pbi audit (cross-ref CustomerCode_Zone_State_Mapping.csv),2026-07-14
Reliance Retail,Reliance Retail Limited_Fr87,Reliance Retail Limited_Fr87,Direct,Aqualogica,Monthly dynamic Cont% (secondary-driven),9,Apr'25–May'26,100.0,100.0,100.0,High,Direct ship-to → single chain (1:1),,,,,,Validated (High-Confidence Auto),Reliance Retail,Reliance Retail Limited_Fr87,Keep,no Confirmed cross-reference found; auto-accepted as a direct 1:1 ship-to->chain mapping (High confidence per the file's own methodology),mtagent pbi audit (cross-ref CustomerCode_Zone_State_Mapping.csv),2026-07-14
Reliance Retail,Reliance Retail Limited_Fr87,Reliance Retail Limited_Fr87,Direct,Mamaearth,Monthly dynamic Cont% (secondary-driven),14,Apr'25–May'26,100.0,100.0,100.0,High,Direct ship-to → single chain (1:1),,,,,,Validated (High-Confidence Auto),Reliance Retail,Reliance Retail Limited_Fr87,Keep,no Confirmed cross-reference found; auto-accepted as a direct 1:1 ship-to->chain mapping (High confidence per the file's own methodology),mtagent pbi audit (cross-ref CustomerCode_Zone_State_Mapping.csv),2026-07-14
Reliance Retail,Reliance Retail Limited_Fr87,Reliance Retail Limited_Fr87,Direct,Pure Origin,Monthly dynamic Cont% (secondary-driven),3,Apr'25–Jun'25,100.0,100.0,100.0,High,Direct ship-to → single chain (1:1),,,,,,Validated (High-Confidence Auto),Reliance Retail,Reliance Retail Limited_Fr87,Keep,no Confirmed cross-reference found; auto-accepted as a direct 1:1 ship-to->chain mapping (High confidence per the file's own methodology),mtagent pbi audit (cross-ref CustomerCode_Zone_State_Mapping.csv),2026-07-14
Reliance Retail,Reliance Retail Limited_Fr87,Reliance Retail Limited_Fr87,Direct,The Derma Co.,Monthly dynamic Cont% (secondary-driven),10,Apr'25–May'26,100.0,100.0,100.0,High,Direct ship-to → single chain (1:1),,,,,,Validated (High-Confidence Auto),Reliance Retail,Reliance Retail Limited_Fr87,Keep,no Confirmed cross-reference found; auto-accepted as a direct 1:1 ship-to->chain mapping (High confidence per the file's own methodology),mtagent pbi audit (cross-ref CustomerCode_Zone_State_Mapping.csv),2026-07-14
Reliance Retail,Reliance Retail Limited_Fr89,Reliance Retail Limited_Fr89,Direct,Aqualogica,Monthly dynamic Cont% (secondary-driven),5,Apr'25–Apr'26,100.0,100.0,100.0,High,Direct ship-to → single chain (1:1),,,,,,Validated (High-Confidence Auto),Reliance Retail,Reliance Retail Limited_Fr89,Keep,no Confirmed cross-reference found; auto-accepted as a direct 1:1 ship-to->chain mapping (High confidence per the file's own methodology),mtagent pbi audit (cross-ref CustomerCode_Zone_State_Mapping.csv),2026-07-14
Reliance Retail,Reliance Retail Limited_Fr89,Reliance Retail Limited_Fr89,Direct,Mamaearth,Monthly dynamic Cont% (secondary-driven),14,Apr'25–May'26,100.0,100.0,100.0,High,Direct ship-to → single chain (1:1),,,,,,Validated (High-Confidence Auto),Reliance Retail,Reliance Retail Limited_Fr89,Keep,no Confirmed cross-reference found; auto-accepted as a direct 1:1 ship-to->chain mapping (High confidence per the file's own methodology),mtagent pbi audit (cross-ref CustomerCode_Zone_State_Mapping.csv),2026-07-14
Reliance Retail,Reliance Retail Limited_Fr89,Reliance Retail Limited_Fr89,Direct,The Derma Co.,Monthly dynamic Cont% (secondary-driven),4,Dec'25–May'26,100.0,100.0,100.0,High,Direct ship-to → single chain (1:1),,,,,,Validated (High-Confidence Auto),Reliance Retail,Reliance Retail Limited_Fr89,Keep,no Confirmed cross-reference found; auto-accepted as a direct 1:1 ship-to->chain mapping (High confidence per the file's own methodology),mtagent pbi audit (cross-ref CustomerCode_Zone_State_Mapping.csv),2026-07-14
Reliance Retail,Reliance Retail Limited_Fraz,Reliance Retail Limited_Fraz,Direct,Aqualogica,Monthly dynamic Cont% (secondary-driven),9,Apr'25–May'26,100.0,100.0,100.0,High,Direct ship-to → single chain (1:1),,,,,,Validated (High-Confidence Auto),Reliance Retail,Reliance Retail Limited_Fraz,Keep,no Confirmed cross-reference found; auto-accepted as a direct 1:1 ship-to->chain mapping (High confidence per the file's own methodology),mtagent pbi audit (cross-ref CustomerCode_Zone_State_Mapping.csv),2026-07-14
Reliance Retail,Reliance Retail Limited_Fraz,Reliance Retail Limited_Fraz,Direct,Mamaearth,Monthly dynamic Cont% (secondary-driven),14,Apr'25–May'26,100.0,100.0,100.0,High,Direct ship-to → single chain (1:1),,,,,,Validated (High-Confidence Auto),Reliance Retail,Reliance Retail Limited_Fraz,Keep,no Confirmed cross-reference found; auto-accepted as a direct 1:1 ship-to->chain mapping (High confidence per the file's own methodology),mtagent pbi audit (cross-ref CustomerCode_Zone_State_Mapping.csv),2026-07-14
Reliance Retail,Reliance Retail Limited_Fraz,Reliance Retail Limited_Fraz,Direct,The Derma Co.,Monthly dynamic Cont% (secondary-driven),13,Apr'25–May'26,100.0,100.0,100.0,High,Direct ship-to → single chain (1:1),,,,,,Validated (High-Confidence Auto),Reliance Retail,Reliance Retail Limited_Fraz,Keep,no Confirmed cross-reference found; auto-accepted as a direct 1:1 ship-to->chain mapping (High confidence per the file's own methodology),mtagent pbi audit (cross-ref CustomerCode_Zone_State_Mapping.csv),2026-07-14
Reliance Retail,Reliance Retail Limited_S0IX,Reliance Retail Limited_S0IX,Direct,Aqualogica,Monthly dynamic Cont% (secondary-driven),11,Apr'25–May'26,100.0,100.0,100.0,High,Direct ship-to → single chain (1:1),,,,,,Validated (High-Confidence Auto),Reliance Retail,Reliance Retail Limited_S0IX,Keep,no Confirmed cross-reference found; auto-accepted as a direct 1:1 ship-to->chain mapping (High confidence per the file's own methodology),mtagent pbi audit (cross-ref CustomerCode_Zone_State_Mapping.csv),2026-07-14
Reliance Retail,Reliance Retail Limited_S0IX,Reliance Retail Limited_S0IX,Direct,Mamaearth,Monthly dynamic Cont% (secondary-driven),14,Apr'25–May'26,100.0,100.0,100.0,High,Direct ship-to → single chain (1:1),,,,,,Validated (High-Confidence Auto),Reliance Retail,Reliance Retail Limited_S0IX,Keep,no Confirmed cross-reference found; auto-accepted as a direct 1:1 ship-to->chain mapping (High confidence per the file's own methodology),mtagent pbi audit (cross-ref CustomerCode_Zone_State_Mapping.csv),2026-07-14
Reliance Retail,Reliance Retail Limited_S0IX,Reliance Retail Limited_S0IX,Direct,Pure Origin,Monthly dynamic Cont% (secondary-driven),3,Apr'25–Jun'25,100.0,100.0,100.0,High,Direct ship-to → single chain (1:1),,,,,,Validated (High-Confidence Auto),Reliance Retail,Reliance Retail Limited_S0IX,Keep,no Confirmed cross-reference found; auto-accepted as a direct 1:1 ship-to->chain mapping (High confidence per the file's own methodology),mtagent pbi audit (cross-ref CustomerCode_Zone_State_Mapping.csv),2026-07-14
Reliance Retail,Reliance Retail Limited_S0IX,Reliance Retail Limited_S0IX,Direct,The Derma Co.,Monthly dynamic Cont% (secondary-driven),9,Apr'25–May'26,100.0,100.0,100.0,High,Direct ship-to → single chain (1:1),,,,,,Validated (High-Confidence Auto),Reliance Retail,Reliance Retail Limited_S0IX,Keep,no Confirmed cross-reference found; auto-accepted as a direct 1:1 ship-to->chain mapping (High confidence per the file's own methodology),mtagent pbi audit (cross-ref CustomerCode_Zone_State_Mapping.csv),2026-07-14
Reliance Retail,Reliance Retail Limited_S0XE,Reliance Retail Limited_S0XE,Direct,Aqualogica,Monthly dynamic Cont% (secondary-driven),14,Apr'25–May'26,100.0,100.0,100.0,High,Direct ship-to → single chain (1:1),,,,,,Validated (High-Confidence Auto),Reliance Retail,Reliance Retail Limited_S0XE,Keep,no Confirmed cross-reference found; auto-accepted as a direct 1:1 ship-to->chain mapping (High confidence per the file's own methodology),mtagent pbi audit (cross-ref CustomerCode_Zone_State_Mapping.csv),2026-07-14
Reliance Retail,Reliance Retail Limited_S0XE,Reliance Retail Limited_S0XE,Direct,Mamaearth,Monthly dynamic Cont% (secondary-driven),14,Apr'25–May'26,100.0,100.0,100.0,High,Direct ship-to → single chain (1:1),,,,,,Validated (High-Confidence Auto),Reliance Retail,Reliance Retail Limited_S0XE,Keep,no Confirmed cross-reference found; auto-accepted as a direct 1:1 ship-to->chain mapping (High confidence per the file's own methodology),mtagent pbi audit (cross-ref CustomerCode_Zone_State_Mapping.csv),2026-07-14
Reliance Retail,Reliance Retail Limited_S0XE,Reliance Retail Limited_S0XE,Direct,The Derma Co.,Monthly dynamic Cont% (secondary-driven),8,Apr'25–May'26,100.0,100.0,100.0,High,Direct ship-to → single chain (1:1),,,,,,Validated (High-Confidence Auto),Reliance Retail,Reliance Retail Limited_S0XE,Keep,no Confirmed cross-reference found; auto-accepted as a direct 1:1 ship-to->chain mapping (High confidence per the file's own methodology),mtagent pbi audit (cross-ref CustomerCode_Zone_State_Mapping.csv),2026-07-14
Reliance Retail,Reliance Retail Limited_SAHO,Reliance Retail Limited_SAHO,Direct,Aqualogica,Monthly dynamic Cont% (secondary-driven),8,Apr'25–May'26,100.0,100.0,100.0,High,Direct ship-to → single chain (1:1),,,,,,Validated (High-Confidence Auto),Reliance Retail,Reliance Retail Limited_SAHO,Keep,no Confirmed cross-reference found; auto-accepted as a direct 1:1 ship-to->chain mapping (High confidence per the file's own methodology),mtagent pbi audit (cross-ref CustomerCode_Zone_State_Mapping.csv),2026-07-14
Reliance Retail,Reliance Retail Limited_SAHO,Reliance Retail Limited_SAHO,Direct,Mamaearth,Monthly dynamic Cont% (secondary-driven),14,Apr'25–May'26,100.0,100.0,100.0,High,Direct ship-to → single chain (1:1),,,,,,Validated (High-Confidence Auto),Reliance Retail,Reliance Retail Limited_SAHO,Keep,no Confirmed cross-reference found; auto-accepted as a direct 1:1 ship-to->chain mapping (High confidence per the file's own methodology),mtagent pbi audit (cross-ref CustomerCode_Zone_State_Mapping.csv),2026-07-14
Reliance Retail,Reliance Retail Limited_SAHO,Reliance Retail Limited_SAHO,Direct,The Derma Co.,Monthly dynamic Cont% (secondary-driven),7,Apr'25–May'26,100.0,100.0,100.0,High,Direct ship-to → single chain (1:1),,,,,,Validated (High-Confidence Auto),Reliance Retail,Reliance Retail Limited_SAHO,Keep,no Confirmed cross-reference found; auto-accepted as a direct 1:1 ship-to->chain mapping (High confidence per the file's own methodology),mtagent pbi audit (cross-ref CustomerCode_Zone_State_Mapping.csv),2026-07-14
Reliance Retail,Reliance Retail Limited_SAOS,Reliance Retail Limited_SAOS,Direct,Aqualogica,Monthly dynamic Cont% (secondary-driven),10,Apr'25–May'26,100.0,100.0,100.0,High,Direct ship-to → single chain (1:1),,,,,,Validated (High-Confidence Auto),Reliance Retail,Reliance Retail Limited_SAOS,Keep,no Confirmed cross-reference found; auto-accepted as a direct 1:1 ship-to->chain mapping (High confidence per the file's own methodology),mtagent pbi audit (cross-ref CustomerCode_Zone_State_Mapping.csv),2026-07-14
Reliance Retail,Reliance Retail Limited_SAOS,Reliance Retail Limited_SAOS,Direct,Mamaearth,Monthly dynamic Cont% (secondary-driven),14,Apr'25–May'26,100.0,100.0,100.0,High,Direct ship-to → single chain (1:1),,,,,,Validated (High-Confidence Auto),Reliance Retail,Reliance Retail Limited_SAOS,Keep,no Confirmed cross-reference found; auto-accepted as a direct 1:1 ship-to->chain mapping (High confidence per the file's own methodology),mtagent pbi audit (cross-ref CustomerCode_Zone_State_Mapping.csv),2026-07-14
Reliance Retail,Reliance Retail Limited_SAOS,Reliance Retail Limited_SAOS,Direct,The Derma Co.,Monthly dynamic Cont% (secondary-driven),10,Apr'25–May'26,100.0,100.0,100.0,High,Direct ship-to → single chain (1:1),,,,,,Validated (High-Confidence Auto),Reliance Retail,Reliance Retail Limited_SAOS,Keep,no Confirmed cross-reference found; auto-accepted as a direct 1:1 ship-to->chain mapping (High confidence per the file's own methodology),mtagent pbi audit (cross-ref CustomerCode_Zone_State_Mapping.csv),2026-07-14
Reliance Retail,Reliance Retail Limited_SL6S,Reliance Retail Limited_SL6S,Direct,Aqualogica,Monthly dynamic Cont% (secondary-driven),11,Apr'25–May'26,100.0,100.0,100.0,High,Direct ship-to → single chain (1:1),,,,,,Validated (High-Confidence Auto),Reliance Retail,Reliance Retail Limited_SL6S,Keep,no Confirmed cross-reference found; auto-accepted as a direct 1:1 ship-to->chain mapping (High confidence per the file's own methodology),mtagent pbi audit (cross-ref CustomerCode_Zone_State_Mapping.csv),2026-07-14
Reliance Retail,Reliance Retail Limited_SL6S,Reliance Retail Limited_SL6S,Direct,Mamaearth,Monthly dynamic Cont% (secondary-driven),14,Apr'25–May'26,100.0,100.0,100.0,High,Direct ship-to → single chain (1:1),,,,,,Validated (High-Confidence Auto),Reliance Retail,Reliance Retail Limited_SL6S,Keep,no Confirmed cross-reference found; auto-accepted as a direct 1:1 ship-to->chain mapping (High confidence per the file's own methodology),mtagent pbi audit (cross-ref CustomerCode_Zone_State_Mapping.csv),2026-07-14
Reliance Retail,Reliance Retail Limited_SL6S,Reliance Retail Limited_SL6S,Direct,The Derma Co.,Monthly dynamic Cont% (secondary-driven),12,Apr'25–May'26,100.0,100.0,100.0,High,Direct ship-to → single chain (1:1),,,,,,Validated (High-Confidence Auto),Reliance Retail,Reliance Retail Limited_SL6S,Keep,no Confirmed cross-reference found; auto-accepted as a direct 1:1 ship-to->chain mapping (High confidence per the file's own methodology),mtagent pbi audit (cross-ref CustomerCode_Zone_State_Mapping.csv),2026-07-14
Reliance Retail,Reliance Retail Limited_SZ9J,Reliance Retail Limited_SZ9J,Direct,Aqualogica,Monthly dynamic Cont% (secondary-driven),11,Apr'25–May'26,100.0,100.0,100.0,High,Direct ship-to → single chain (1:1),,,,,,Validated (High-Confidence Auto),Reliance Retail,Reliance Retail Limited_SZ9J,Keep,no Confirmed cross-reference found; auto-accepted as a direct 1:1 ship-to->chain mapping (High confidence per the file's own methodology),mtagent pbi audit (cross-ref CustomerCode_Zone_State_Mapping.csv),2026-07-14
Reliance Retail,Reliance Retail Limited_SZ9J,Reliance Retail Limited_SZ9J,Direct,Mamaearth,Monthly dynamic Cont% (secondary-driven),14,Apr'25–May'26,100.0,100.0,100.0,High,Direct ship-to → single chain (1:1),,,,,,Validated (High-Confidence Auto),Reliance Retail,Reliance Retail Limited_SZ9J,Keep,no Confirmed cross-reference found; auto-accepted as a direct 1:1 ship-to->chain mapping (High confidence per the file's own methodology),mtagent pbi audit (cross-ref CustomerCode_Zone_State_Mapping.csv),2026-07-14
Reliance Retail,Reliance Retail Limited_SZ9J,Reliance Retail Limited_SZ9J,Direct,The Derma Co.,Monthly dynamic Cont% (secondary-driven),10,Apr'25–May'26,100.0,100.0,100.0,High,Direct ship-to → single chain (1:1),,,,,,Validated (High-Confidence Auto),Reliance Retail,Reliance Retail Limited_SZ9J,Keep,no Confirmed cross-reference found; auto-accepted as a direct 1:1 ship-to->chain mapping (High confidence per the file's own methodology),mtagent pbi audit (cross-ref CustomerCode_Zone_State_Mapping.csv),2026-07-14
Reliance Retail,Reliance Retail Limited_Sb01,Reliance Retail Limited_Sb01,Direct,Aqualogica,Monthly dynamic Cont% (secondary-driven),8,Apr'25–May'26,100.0,100.0,100.0,High,Direct ship-to → single chain (1:1),,,,,,Validated (High-Confidence Auto),Reliance Retail,Reliance Retail Limited_Sb01,Keep,no Confirmed cross-reference found; auto-accepted as a direct 1:1 ship-to->chain mapping (High confidence per the file's own methodology),mtagent pbi audit (cross-ref CustomerCode_Zone_State_Mapping.csv),2026-07-14
Reliance Retail,Reliance Retail Limited_Sb01,Reliance Retail Limited_Sb01,Direct,BBlunt,Monthly dynamic Cont% (secondary-driven),3,Jun'25–Oct'25,100.0,100.0,100.0,High,Direct ship-to → single chain (1:1),,,,,,Validated (High-Confidence Auto),Reliance Retail,Reliance Retail Limited_Sb01,Keep,no Confirmed cross-reference found; auto-accepted as a direct 1:1 ship-to->chain mapping (High confidence per the file's own methodology),mtagent pbi audit (cross-ref CustomerCode_Zone_State_Mapping.csv),2026-07-14
Reliance Retail,Reliance Retail Limited_Sb01,Reliance Retail Limited_Sb01,Direct,Mamaearth,Monthly dynamic Cont% (secondary-driven),14,Apr'25–May'26,100.0,100.0,100.0,High,Direct ship-to → single chain (1:1),,,,,,Validated (High-Confidence Auto),Reliance Retail,Reliance Retail Limited_Sb01,Keep,no Confirmed cross-reference found; auto-accepted as a direct 1:1 ship-to->chain mapping (High confidence per the file's own methodology),mtagent pbi audit (cross-ref CustomerCode_Zone_State_Mapping.csv),2026-07-14
Reliance Retail,Reliance Retail Limited_Sb01,Reliance Retail Limited_Sb01,Direct,Pure Origin,Monthly dynamic Cont% (secondary-driven),2,Apr'25–May'25,100.0,100.0,100.0,High,Direct ship-to → single chain (1:1),,,,,,Validated (High-Confidence Auto),Reliance Retail,Reliance Retail Limited_Sb01,Keep,no Confirmed cross-reference found; auto-accepted as a direct 1:1 ship-to->chain mapping (High confidence per the file's own methodology),mtagent pbi audit (cross-ref CustomerCode_Zone_State_Mapping.csv),2026-07-14
Reliance Retail,Reliance Retail Limited_Sb01,Reliance Retail Limited_Sb01,Direct,The Derma Co.,Monthly dynamic Cont% (secondary-driven),11,Apr'25–May'26,100.0,100.0,100.0,High,Direct ship-to → single chain (1:1),,,,,,Validated (High-Confidence Auto),Reliance Retail,Reliance Retail Limited_Sb01,Keep,no Confirmed cross-reference found; auto-accepted as a direct 1:1 ship-to->chain mapping (High confidence per the file's own methodology),mtagent pbi audit (cross-ref CustomerCode_Zone_State_Mapping.csv),2026-07-14
Reliance Retail,Reliance Retail Limited_Sk8I,Reliance Retail Limited_Sk8I,Direct,Aqualogica,Monthly dynamic Cont% (secondary-driven),4,Jan'26–Apr'26,100.0,100.0,100.0,High,Direct ship-to → single chain (1:1),,,,,,Validated (High-Confidence Auto),Reliance Retail,Reliance Retail Limited_Sk8I,Keep,no Confirmed cross-reference found; auto-accepted as a direct 1:1 ship-to->chain mapping (High confidence per the file's own methodology),mtagent pbi audit (cross-ref CustomerCode_Zone_State_Mapping.csv),2026-07-14
Reliance Retail,Reliance Retail Limited_Sk8I,Reliance Retail Limited_Sk8I,Direct,Mamaearth,Monthly dynamic Cont% (secondary-driven),14,Apr'25–May'26,100.0,100.0,100.0,High,Direct ship-to → single chain (1:1),,,,,,Validated (High-Confidence Auto),Reliance Retail,Reliance Retail Limited_Sk8I,Keep,no Confirmed cross-reference found; auto-accepted as a direct 1:1 ship-to->chain mapping (High confidence per the file's own methodology),mtagent pbi audit (cross-ref CustomerCode_Zone_State_Mapping.csv),2026-07-14
Reliance Retail,Reliance Retail Limited_Sk8I,Reliance Retail Limited_Sk8I,Direct,The Derma Co.,Monthly dynamic Cont% (secondary-driven),4,Apr'25–May'26,100.0,100.0,100.0,High,Direct ship-to → single chain (1:1),,,,,,Validated (High-Confidence Auto),Reliance Retail,Reliance Retail Limited_Sk8I,Keep,no Confirmed cross-reference found; auto-accepted as a direct 1:1 ship-to->chain mapping (High confidence per the file's own methodology),mtagent pbi audit (cross-ref CustomerCode_Zone_State_Mapping.csv),2026-07-14
Reliance Retail,Reliance Retail Limited_T62I,Reliance Retail Limited_T62I,Direct,Mamaearth,Monthly dynamic Cont% (secondary-driven),11,Apr'25–May'26,100.0,100.0,100.0,High,Direct ship-to → single chain (1:1),,,,,,Validated (High-Confidence Auto),Reliance Retail,Reliance Retail Limited_T62I,Keep,no Confirmed cross-reference found; auto-accepted as a direct 1:1 ship-to->chain mapping (High confidence per the file's own methodology),mtagent pbi audit (cross-ref CustomerCode_Zone_State_Mapping.csv),2026-07-14
Reliance Retail,Reliance Retail Limited_T62I,Reliance Retail Limited_T62I,Direct,The Derma Co.,Monthly dynamic Cont% (secondary-driven),1,Oct'25–Oct'25,100.0,100.0,100.0,High,Direct ship-to → single chain (1:1),,,,,,Validated (High-Confidence Auto),Reliance Retail,Reliance Retail Limited_T62I,Keep,no Confirmed cross-reference found; auto-accepted as a direct 1:1 ship-to->chain mapping (High confidence per the file's own methodology),mtagent pbi audit (cross-ref CustomerCode_Zone_State_Mapping.csv),2026-07-14
Reliance Retail,Reliance Retail Limited_T913,Reliance Retail Limited_T913,Direct,Aqualogica,Monthly dynamic Cont% (secondary-driven),8,Apr'25–Mar'26,100.0,100.0,100.0,High,Direct ship-to → single chain (1:1),,,,,,Validated (High-Confidence Auto),Reliance Retail,Reliance Retail Limited_T913,Keep,no Confirmed cross-reference found; auto-accepted as a direct 1:1 ship-to->chain mapping (High confidence per the file's own methodology),mtagent pbi audit (cross-ref CustomerCode_Zone_State_Mapping.csv),2026-07-14
Reliance Retail,Reliance Retail Limited_T913,Reliance Retail Limited_T913,Direct,BBlunt,Monthly dynamic Cont% (secondary-driven),8,Apr'25–Mar'26,100.0,100.0,100.0,High,Direct ship-to → single chain (1:1),,,,,,Validated (High-Confidence Auto),Reliance Retail,Reliance Retail Limited_T913,Keep,no Confirmed cross-reference found; auto-accepted as a direct 1:1 ship-to->chain mapping (High confidence per the file's own methodology),mtagent pbi audit (cross-ref CustomerCode_Zone_State_Mapping.csv),2026-07-14
Reliance Retail,Reliance Retail Limited_T913,Reliance Retail Limited_T913,Direct,Mamaearth,Monthly dynamic Cont% (secondary-driven),9,Apr'25–May'26,100.0,100.0,100.0,High,Direct ship-to → single chain (1:1),,,,,,Validated (High-Confidence Auto),Reliance Retail,Reliance Retail Limited_T913,Keep,no Confirmed cross-reference found; auto-accepted as a direct 1:1 ship-to->chain mapping (High confidence per the file's own methodology),mtagent pbi audit (cross-ref CustomerCode_Zone_State_Mapping.csv),2026-07-14
Reliance Retail,Reliance Retail Limited_T913,Reliance Retail Limited_T913,Direct,The Derma Co.,Monthly dynamic Cont% (secondary-driven),9,Apr'25–Apr'26,100.0,100.0,100.0,High,Direct ship-to → single chain (1:1),,,,,,Validated (High-Confidence Auto),Reliance Retail,Reliance Retail Limited_T913,Keep,no Confirmed cross-reference found; auto-accepted as a direct 1:1 ship-to->chain mapping (High confidence per the file's own methodology),mtagent pbi audit (cross-ref CustomerCode_Zone_State_Mapping.csv),2026-07-14
Reliance Retail,Reliance Retail Limited_T946,Reliance Retail Limited_T946,Direct,Mamaearth,Monthly dynamic Cont% (secondary-driven),9,Apr'25–Apr'26,100.0,100.0,100.0,High,Direct ship-to → single chain (1:1),,,,,,Validated (High-Confidence Auto),Reliance Retail,Reliance Retail Limited_T946,Keep,no Confirmed cross-reference found; auto-accepted as a direct 1:1 ship-to->chain mapping (High confidence per the file's own methodology),mtagent pbi audit (cross-ref CustomerCode_Zone_State_Mapping.csv),2026-07-14
Reliance Retail,Reliance Retail Limited_TB15,Reliance Retail Limited_TB15,Direct,Mamaearth,Monthly dynamic Cont% (secondary-driven),8,Apr'25–Apr'26,100.0,100.0,100.0,High,Direct ship-to → single chain (1:1),,,,,,Validated (High-Confidence Auto),Reliance Retail,Reliance Retail Limited_TB15,Keep,no Confirmed cross-reference found; auto-accepted as a direct 1:1 ship-to->chain mapping (High confidence per the file's own methodology),mtagent pbi audit (cross-ref CustomerCode_Zone_State_Mapping.csv),2026-07-14
Reliance Retail,Reliance Retail Limited_TDC7,Reliance Retail Limited_TDC7,Direct,Mamaearth,Monthly dynamic Cont% (secondary-driven),9,Apr'25–Apr'26,100.0,100.0,100.0,High,Direct ship-to → single chain (1:1),,,,,,Validated (High-Confidence Auto),Reliance Retail,Reliance Retail Limited_TDC7,Keep,no Confirmed cross-reference found; auto-accepted as a direct 1:1 ship-to->chain mapping (High confidence per the file's own methodology),mtagent pbi audit (cross-ref CustomerCode_Zone_State_Mapping.csv),2026-07-14
Reliance Retail,Reliance Retail Limited_TDE3,Reliance Retail Limited_TDE3,Direct,Mamaearth,Monthly dynamic Cont% (secondary-driven),1,May'25–May'25,100.0,100.0,100.0,High,Direct ship-to → single chain (1:1),,,,,,Validated (High-Confidence Auto),Reliance Retail,Reliance Retail Limited_TDE3,Keep,no Confirmed cross-reference found; auto-accepted as a direct 1:1 ship-to->chain mapping (High confidence per the file's own methodology),mtagent pbi audit (cross-ref CustomerCode_Zone_State_Mapping.csv),2026-07-14
Reliance Retail,Reliance Retail Limited_TE57,Reliance Retail Limited_TE57,Direct,Mamaearth,Monthly dynamic Cont% (secondary-driven),11,Apr'25–May'26,100.0,100.0,100.0,High,Direct ship-to → single chain (1:1),,,,,,Validated (High-Confidence Auto),Reliance Retail,Reliance Retail Limited_TE57,Keep,no Confirmed cross-reference found; auto-accepted as a direct 1:1 ship-to->chain mapping (High confidence per the file's own methodology),mtagent pbi audit (cross-ref CustomerCode_Zone_State_Mapping.csv),2026-07-14
Reliance Retail,Reliance Retail Limited_TE57,Reliance Retail Limited_TE57,Direct,The Derma Co.,Monthly dynamic Cont% (secondary-driven),1,Oct'25–Oct'25,100.0,100.0,100.0,High,Direct ship-to → single chain (1:1),,,,,,Validated (High-Confidence Auto),Reliance Retail,Reliance Retail Limited_TE57,Keep,no Confirmed cross-reference found; auto-accepted as a direct 1:1 ship-to->chain mapping (High confidence per the file's own methodology),mtagent pbi audit (cross-ref CustomerCode_Zone_State_Mapping.csv),2026-07-14
Reliance Retail,Reliance Retail Limited_TFY8,Reliance Retail Limited_TFY8,Direct,Mamaearth,Monthly dynamic Cont% (secondary-driven),11,Apr'25–May'26,100.0,100.0,100.0,High,Direct ship-to → single chain (1:1),,,,,,Validated (High-Confidence Auto),Reliance Retail,Reliance Retail Limited_TFY8,Keep,no Confirmed cross-reference found; auto-accepted as a direct 1:1 ship-to->chain mapping (High confidence per the file's own methodology),mtagent pbi audit (cross-ref CustomerCode_Zone_State_Mapping.csv),2026-07-14
Reliance Retail,Reliance Retail Limited_TG87,Reliance Retail Limited_TG87,Direct,Mamaearth,Monthly dynamic Cont% (secondary-driven),9,Apr'25–Apr'26,100.0,100.0,100.0,High,Direct ship-to → single chain (1:1),,,,,,Validated (High-Confidence Auto),Reliance Retail,Reliance Retail Limited_TG87,Keep,no Confirmed cross-reference found; auto-accepted as a direct 1:1 ship-to->chain mapping (High confidence per the file's own methodology),mtagent pbi audit (cross-ref CustomerCode_Zone_State_Mapping.csv),2026-07-14
Reliance Retail,Reliance Retail Limited_TH94,Reliance Retail Limited_TH94,Direct,Mamaearth,Monthly dynamic Cont% (secondary-driven),11,Apr'25–May'26,100.0,100.0,100.0,High,Direct ship-to → single chain (1:1),,,,,,Validated (High-Confidence Auto),Reliance Retail,Reliance Retail Limited_TH94,Keep,no Confirmed cross-reference found; auto-accepted as a direct 1:1 ship-to->chain mapping (High confidence per the file's own methodology),mtagent pbi audit (cross-ref CustomerCode_Zone_State_Mapping.csv),2026-07-14
Reliance Retail,Reliance Retail Limited_TH94,Reliance Retail Limited_TH94,Direct,The Derma Co.,Monthly dynamic Cont% (secondary-driven),1,Oct'25–Oct'25,100.0,100.0,100.0,High,Direct ship-to → single chain (1:1),,,,,,Validated (High-Confidence Auto),Reliance Retail,Reliance Retail Limited_TH94,Keep,no Confirmed cross-reference found; auto-accepted as a direct 1:1 ship-to->chain mapping (High confidence per the file's own methodology),mtagent pbi audit (cross-ref CustomerCode_Zone_State_Mapping.csv),2026-07-14
Reliance Retail,Reliance Retail Limited_TI77,Reliance Retail Limited_TI77,Direct,Mamaearth,Monthly dynamic Cont% (secondary-driven),10,Apr'25–May'26,100.0,100.0,100.0,High,Direct ship-to → single chain (1:1),,,,,,Validated (High-Confidence Auto),Reliance Retail,Reliance Retail Limited_TI77,Keep,no Confirmed cross-reference found; auto-accepted as a direct 1:1 ship-to->chain mapping (High confidence per the file's own methodology),mtagent pbi audit (cross-ref CustomerCode_Zone_State_Mapping.csv),2026-07-14
Reliance Retail,Reliance Retail Limited_TK48,Reliance Retail Limited_TK48,Direct,Mamaearth,Monthly dynamic Cont% (secondary-driven),9,May'25–May'26,100.0,100.0,100.0,High,Direct ship-to → single chain (1:1),,,,,,Validated (High-Confidence Auto),Reliance Retail,Reliance Retail Limited_TK48,Keep,no Confirmed cross-reference found; auto-accepted as a direct 1:1 ship-to->chain mapping (High confidence per the file's own methodology),mtagent pbi audit (cross-ref CustomerCode_Zone_State_Mapping.csv),2026-07-14
Reliance Retail,Reliance Retail Limited_TMW7,Reliance Retail Limited_TMW7,Direct,Mamaearth,Monthly dynamic Cont% (secondary-driven),10,Apr'25–May'26,100.0,100.0,100.0,High,Direct ship-to → single chain (1:1),,,,,,Validated (High-Confidence Auto),Reliance Retail,Reliance Retail Limited_TMW7,Keep,no Confirmed cross-reference found; auto-accepted as a direct 1:1 ship-to->chain mapping (High confidence per the file's own methodology),mtagent pbi audit (cross-ref CustomerCode_Zone_State_Mapping.csv),2026-07-14
Reliance Retail,Reliance Retail Limited_TMZ5,Reliance Retail Limited_TMZ5,Direct,Mamaearth,Monthly dynamic Cont% (secondary-driven),10,Apr'25–May'26,100.0,100.0,100.0,High,Direct ship-to → single chain (1:1),,,,,,Validated (High-Confidence Auto),Reliance Retail,Reliance Retail Limited_TMZ5,Keep,no Confirmed cross-reference found; auto-accepted as a direct 1:1 ship-to->chain mapping (High confidence per the file's own methodology),mtagent pbi audit (cross-ref CustomerCode_Zone_State_Mapping.csv),2026-07-14
Reliance Retail,Reliance Retail Limited_TN55,Reliance Retail Limited_TN55,Direct,Mamaearth,Monthly dynamic Cont% (secondary-driven),10,Apr'25–May'26,100.0,100.0,100.0,High,Direct ship-to → single chain (1:1),,,,,,Validated (High-Confidence Auto),Reliance Retail,Reliance Retail Limited_TN55,Keep,no Confirmed cross-reference found; auto-accepted as a direct 1:1 ship-to->chain mapping (High confidence per the file's own methodology),mtagent pbi audit (cross-ref CustomerCode_Zone_State_Mapping.csv),2026-07-14
Reliance Retail,Reliance Retail Limited_TN56,Reliance Retail Limited_TN56,Direct,Mamaearth,Monthly dynamic Cont% (secondary-driven),9,Apr'25–Apr'26,100.0,100.0,100.0,High,Direct ship-to → single chain (1:1),,,,,,Validated (High-Confidence Auto),Reliance Retail,Reliance Retail Limited_TN56,Keep,no Confirmed cross-reference found; auto-accepted as a direct 1:1 ship-to->chain mapping (High confidence per the file's own methodology),mtagent pbi audit (cross-ref CustomerCode_Zone_State_Mapping.csv),2026-07-14
Reliance Retail,Reliance Retail Limited_TNB7,Reliance Retail Limited_TNB7,Direct,Mamaearth,Monthly dynamic Cont% (secondary-driven),11,Apr'25–May'26,100.0,100.0,100.0,High,Direct ship-to → single chain (1:1),,,,,,Validated (High-Confidence Auto),Reliance Retail,Reliance Retail Limited_TNB7,Keep,no Confirmed cross-reference found; auto-accepted as a direct 1:1 ship-to->chain mapping (High confidence per the file's own methodology),mtagent pbi audit (cross-ref CustomerCode_Zone_State_Mapping.csv),2026-07-14
Reliance Retail,Reliance Retail Limited_TNC1,Reliance Retail Limited_TNC1,Direct,Aqualogica,Monthly dynamic Cont% (secondary-driven),9,Apr'25–Mar'26,100.0,100.0,100.0,High,Direct ship-to → single chain (1:1),,,,,,Validated (High-Confidence Auto),Reliance Retail,Reliance Retail Limited_TNC1,Keep,no Confirmed cross-reference found; auto-accepted as a direct 1:1 ship-to->chain mapping (High confidence per the file's own methodology),mtagent pbi audit (cross-ref CustomerCode_Zone_State_Mapping.csv),2026-07-14
Reliance Retail,Reliance Retail Limited_TNC1,Reliance Retail Limited_TNC1,Direct,BBlunt,Monthly dynamic Cont% (secondary-driven),9,Apr'25–Mar'26,100.0,100.0,100.0,High,Direct ship-to → single chain (1:1),,,,,,Validated (High-Confidence Auto),Reliance Retail,Reliance Retail Limited_TNC1,Keep,no Confirmed cross-reference found; auto-accepted as a direct 1:1 ship-to->chain mapping (High confidence per the file's own methodology),mtagent pbi audit (cross-ref CustomerCode_Zone_State_Mapping.csv),2026-07-14
Reliance Retail,Reliance Retail Limited_TNC1,Reliance Retail Limited_TNC1,Direct,Mamaearth,Monthly dynamic Cont% (secondary-driven),10,Apr'25–Apr'26,100.0,100.0,100.0,High,Direct ship-to → single chain (1:1),,,,,,Validated (High-Confidence Auto),Reliance Retail,Reliance Retail Limited_TNC1,Keep,no Confirmed cross-reference found; auto-accepted as a direct 1:1 ship-to->chain mapping (High confidence per the file's own methodology),mtagent pbi audit (cross-ref CustomerCode_Zone_State_Mapping.csv),2026-07-14
Reliance Retail,Reliance Retail Limited_TNC1,Reliance Retail Limited_TNC1,Direct,The Derma Co.,Monthly dynamic Cont% (secondary-driven),10,Apr'25–Apr'26,100.0,100.0,100.0,High,Direct ship-to → single chain (1:1),,,,,,Validated (High-Confidence Auto),Reliance Retail,Reliance Retail Limited_TNC1,Keep,no Confirmed cross-reference found; auto-accepted as a direct 1:1 ship-to->chain mapping (High confidence per the file's own methodology),mtagent pbi audit (cross-ref CustomerCode_Zone_State_Mapping.csv),2026-07-14
Reliance Retail,Reliance Retail Limited_TNC6,Reliance Retail Limited_TNC6,Direct,Mamaearth,Monthly dynamic Cont% (secondary-driven),11,Apr'25–May'26,100.0,100.0,100.0,High,Direct ship-to → single chain (1:1),,,,,,Validated (High-Confidence Auto),Reliance Retail,Reliance Retail Limited_TNC6,Keep,no Confirmed cross-reference found; auto-accepted as a direct 1:1 ship-to->chain mapping (High confidence per the file's own methodology),mtagent pbi audit (cross-ref CustomerCode_Zone_State_Mapping.csv),2026-07-14
Reliance Retail,Reliance Retail Limited_TNC8,Reliance Retail Limited_TNC8,Direct,Mamaearth,Monthly dynamic Cont% (secondary-driven),11,Apr'25–May'26,100.0,100.0,100.0,High,Direct ship-to → single chain (1:1),,,,,,Validated (High-Confidence Auto),Reliance Retail,Reliance Retail Limited_TNC8,Keep,no Confirmed cross-reference found; auto-accepted as a direct 1:1 ship-to->chain mapping (High confidence per the file's own methodology),mtagent pbi audit (cross-ref CustomerCode_Zone_State_Mapping.csv),2026-07-14
Reliance Retail,Reliance Retail Limited_TND0,Reliance Retail Limited_TND0,Direct,Mamaearth,Monthly dynamic Cont% (secondary-driven),10,Apr'25–May'26,100.0,100.0,100.0,High,Direct ship-to → single chain (1:1),,,,,,Validated (High-Confidence Auto),Reliance Retail,Reliance Retail Limited_TND0,Keep,no Confirmed cross-reference found; auto-accepted as a direct 1:1 ship-to->chain mapping (High confidence per the file's own methodology),mtagent pbi audit (cross-ref CustomerCode_Zone_State_Mapping.csv),2026-07-14
Reliance Retail,Reliance Retail Limited_TNE3,Reliance Retail Limited_TNE3,Direct,Mamaearth,Monthly dynamic Cont% (secondary-driven),10,Apr'25–May'26,100.0,100.0,100.0,High,Direct ship-to → single chain (1:1),,,,,,Validated (High-Confidence Auto),Reliance Retail,Reliance Retail Limited_TNE3,Keep,no Confirmed cross-reference found; auto-accepted as a direct 1:1 ship-to->chain mapping (High confidence per the file's own methodology),mtagent pbi audit (cross-ref CustomerCode_Zone_State_Mapping.csv),2026-07-14
Reliance Retail,Reliance Retail Limited_TNP8,Reliance Retail Limited_TNP8,Direct,Mamaearth,Monthly dynamic Cont% (secondary-driven),12,Apr'25–May'26,100.0,100.0,100.0,High,Direct ship-to → single chain (1:1),,,,,,Validated (High-Confidence Auto),Reliance Retail,Reliance Retail Limited_TNP8,Keep,no Confirmed cross-reference found; auto-accepted as a direct 1:1 ship-to->chain mapping (High confidence per the file's own methodology),mtagent pbi audit (cross-ref CustomerCode_Zone_State_Mapping.csv),2026-07-14
Reliance Retail,Reliance Retail Limited_TNP8,Reliance Retail Limited_TNP8,Direct,The Derma Co.,Monthly dynamic Cont% (secondary-driven),1,Oct'25–Oct'25,100.0,100.0,100.0,High,Direct ship-to → single chain (1:1),,,,,,Validated (High-Confidence Auto),Reliance Retail,Reliance Retail Limited_TNP8,Keep,no Confirmed cross-reference found; auto-accepted as a direct 1:1 ship-to->chain mapping (High confidence per the file's own methodology),mtagent pbi audit (cross-ref CustomerCode_Zone_State_Mapping.csv),2026-07-14
Reliance Retail,Reliance Retail Limited_TO20,Reliance Retail Limited_TO20,Direct,Mamaearth,Monthly dynamic Cont% (secondary-driven),10,Apr'25–May'26,100.0,100.0,100.0,High,Direct ship-to → single chain (1:1),,,,,,Validated (High-Confidence Auto),Reliance Retail,Reliance Retail Limited_TO20,Keep,no Confirmed cross-reference found; auto-accepted as a direct 1:1 ship-to->chain mapping (High confidence per the file's own methodology),mtagent pbi audit (cross-ref CustomerCode_Zone_State_Mapping.csv),2026-07-14
Reliance Retail,Reliance Retail Limited_TOJ6,Reliance Retail Limited_TOJ6,Direct,Mamaearth,Monthly dynamic Cont% (secondary-driven),10,Apr'25–May'26,100.0,100.0,100.0,High,Direct ship-to → single chain (1:1),,,,,,Validated (High-Confidence Auto),Reliance Retail,Reliance Retail Limited_TOJ6,Keep,no Confirmed cross-reference found; auto-accepted as a direct 1:1 ship-to->chain mapping (High confidence per the file's own methodology),mtagent pbi audit (cross-ref CustomerCode_Zone_State_Mapping.csv),2026-07-14
Reliance Retail,Reliance Retail Limited_TP05,Reliance Retail Limited_TP05,Direct,Mamaearth,Monthly dynamic Cont% (secondary-driven),10,Apr'25–Apr'26,100.0,100.0,100.0,High,Direct ship-to → single chain (1:1),,,,,,Validated (High-Confidence Auto),Reliance Retail,Reliance Retail Limited_TP05,Keep,no Confirmed cross-reference found; auto-accepted as a direct 1:1 ship-to->chain mapping (High confidence per the file's own methodology),mtagent pbi audit (cross-ref CustomerCode_Zone_State_Mapping.csv),2026-07-14
Reliance Retail,Reliance Retail Limited_TP75,Reliance Retail Limited_TP75,Direct,Mamaearth,Monthly dynamic Cont% (secondary-driven),10,Apr'25–May'26,100.0,100.0,100.0,High,Direct ship-to → single chain (1:1),,,,,,Validated (High-Confidence Auto),Reliance Retail,Reliance Retail Limited_TP75,Keep,no Confirmed cross-reference found; auto-accepted as a direct 1:1 ship-to->chain mapping (High confidence per the file's own methodology),mtagent pbi audit (cross-ref CustomerCode_Zone_State_Mapping.csv),2026-07-14
Reliance Retail,Reliance Retail Limited_TP76,Reliance Retail Limited_TP76,Direct,Mamaearth,Monthly dynamic Cont% (secondary-driven),10,Apr'25–May'26,100.0,100.0,100.0,High,Direct ship-to → single chain (1:1),,,,,,Validated (High-Confidence Auto),Reliance Retail,Reliance Retail Limited_TP76,Keep,no Confirmed cross-reference found; auto-accepted as a direct 1:1 ship-to->chain mapping (High confidence per the file's own methodology),mtagent pbi audit (cross-ref CustomerCode_Zone_State_Mapping.csv),2026-07-14
Reliance Retail,Reliance Retail Limited_TQ21,Reliance Retail Limited_TQ21,Direct,Mamaearth,Monthly dynamic Cont% (secondary-driven),8,Apr'25–Apr'26,100.0,100.0,100.0,High,Direct ship-to → single chain (1:1),,,,,,Validated (High-Confidence Auto),Reliance Retail,Reliance Retail Limited_TQ21,Keep,no Confirmed cross-reference found; auto-accepted as a direct 1:1 ship-to->chain mapping (High confidence per the file's own methodology),mtagent pbi audit (cross-ref CustomerCode_Zone_State_Mapping.csv),2026-07-14
Reliance Retail,Reliance Retail Limited_TQ21,Reliance Retail Limited_TQ21,Direct,The Derma Co.,Monthly dynamic Cont% (secondary-driven),1,Oct'25–Oct'25,100.0,100.0,100.0,High,Direct ship-to → single chain (1:1),,,,,,Validated (High-Confidence Auto),Reliance Retail,Reliance Retail Limited_TQ21,Keep,no Confirmed cross-reference found; auto-accepted as a direct 1:1 ship-to->chain mapping (High confidence per the file's own methodology),mtagent pbi audit (cross-ref CustomerCode_Zone_State_Mapping.csv),2026-07-14
Reliance Retail,Reliance Retail Limited_TQ22,Reliance Retail Limited_TQ22,Direct,Mamaearth,Monthly dynamic Cont% (secondary-driven),9,Apr'25–May'26,100.0,100.0,100.0,High,Direct ship-to → single chain (1:1),,,,,,Validated (High-Confidence Auto),Reliance Retail,Reliance Retail Limited_TQ22,Keep,no Confirmed cross-reference found; auto-accepted as a direct 1:1 ship-to->chain mapping (High confidence per the file's own methodology),mtagent pbi audit (cross-ref CustomerCode_Zone_State_Mapping.csv),2026-07-14
Reliance Retail,Reliance Retail Limited_TU21,Reliance Retail Limited_TU21,Direct,Mamaearth,Monthly dynamic Cont% (secondary-driven),10,Apr'25–May'26,100.0,100.0,100.0,High,Direct ship-to → single chain (1:1),,,,,,Validated (High-Confidence Auto),Reliance Retail,Reliance Retail Limited_TU21,Keep,no Confirmed cross-reference found; auto-accepted as a direct 1:1 ship-to->chain mapping (High confidence per the file's own methodology),mtagent pbi audit (cross-ref CustomerCode_Zone_State_Mapping.csv),2026-07-14
Reliance Retail,Reliance Retail Limited_TW60,Reliance Retail Limited_TW60,Direct,Mamaearth,Monthly dynamic Cont% (secondary-driven),10,Apr'25–May'26,100.0,100.0,100.0,High,Direct ship-to → single chain (1:1),,,,,,Validated (High-Confidence Auto),Reliance Retail,Reliance Retail Limited_TW60,Keep,no Confirmed cross-reference found; auto-accepted as a direct 1:1 ship-to->chain mapping (High confidence per the file's own methodology),mtagent pbi audit (cross-ref CustomerCode_Zone_State_Mapping.csv),2026-07-14
Reliance Retail,Reliance Retail Limited_TY87,Reliance Retail Limited_TY87,Direct,Mamaearth,Monthly dynamic Cont% (secondary-driven),10,Apr'25–May'26,100.0,100.0,100.0,High,Direct ship-to → single chain (1:1),,,,,,Validated (High-Confidence Auto),Reliance Retail,Reliance Retail Limited_TY87,Keep,no Confirmed cross-reference found; auto-accepted as a direct 1:1 ship-to->chain mapping (High confidence per the file's own methodology),mtagent pbi audit (cross-ref CustomerCode_Zone_State_Mapping.csv),2026-07-14
Reliance Retail,Reliance Retail Ltd _Madhavaram- TNB8,Reliance Retail Ltd _Madhavaram- TNB8,Direct,Mamaearth,Monthly dynamic Cont% (secondary-driven),11,Apr'25–May'26,100.0,100.0,100.0,High,Direct ship-to → single chain (1:1),,,,,,Validated (High-Confidence Auto),Reliance Retail,Reliance Retail Ltd _Madhavaram- TNB8,Keep,no Confirmed cross-reference found; auto-accepted as a direct 1:1 ship-to->chain mapping (High confidence per the file's own methodology),mtagent pbi audit (cross-ref CustomerCode_Zone_State_Mapping.csv),2026-07-14
Reliance Retail,Reliance Retail Ltd _Mysore_2994,Reliance Retail Ltd _Mysore_2994,Direct,Mamaearth,Monthly dynamic Cont% (secondary-driven),10,Apr'25–May'26,100.0,100.0,100.0,High,Direct ship-to → single chain (1:1),,,,,,Validated (High-Confidence Auto),Reliance Retail,Reliance Retail Ltd _Mysore_2994,Keep,no Confirmed cross-reference found; auto-accepted as a direct 1:1 ship-to->chain mapping (High confidence per the file's own methodology),mtagent pbi audit (cross-ref CustomerCode_Zone_State_Mapping.csv),2026-07-14
Reliance Retail,Reliance Retail Ltd _RAJAJI NAGAR- FR49,Reliance Retail Ltd _RAJAJI NAGAR- FR49,Direct,Aqualogica,Monthly dynamic Cont% (secondary-driven),8,Apr'25–Mar'26,100.0,100.0,100.0,High,Direct ship-to → single chain (1:1),,,,,,Validated (High-Confidence Auto),Reliance Retail,Reliance Retail Ltd _RAJAJI NAGAR- FR49,Keep,no Confirmed cross-reference found; auto-accepted as a direct 1:1 ship-to->chain mapping (High confidence per the file's own methodology),mtagent pbi audit (cross-ref CustomerCode_Zone_State_Mapping.csv),2026-07-14
Reliance Retail,Reliance Retail Ltd _RAJAJI NAGAR- FR49,Reliance Retail Ltd _RAJAJI NAGAR- FR49,Direct,BBlunt,Monthly dynamic Cont% (secondary-driven),9,Apr'25–Mar'26,100.0,100.0,100.0,High,Direct ship-to → single chain (1:1),,,,,,Validated (High-Confidence Auto),Reliance Retail,Reliance Retail Ltd _RAJAJI NAGAR- FR49,Keep,no Confirmed cross-reference found; auto-accepted as a direct 1:1 ship-to->chain mapping (High confidence per the file's own methodology),mtagent pbi audit (cross-ref CustomerCode_Zone_State_Mapping.csv),2026-07-14
Reliance Retail,Reliance Retail Ltd _RAJAJI NAGAR- FR49,Reliance Retail Ltd _RAJAJI NAGAR- FR49,Direct,Mamaearth,Monthly dynamic Cont% (secondary-driven),10,Apr'25–May'26,100.0,100.0,100.0,High,Direct ship-to → single chain (1:1),,,,,,Validated (High-Confidence Auto),Reliance Retail,Reliance Retail Ltd _RAJAJI NAGAR- FR49,Keep,no Confirmed cross-reference found; auto-accepted as a direct 1:1 ship-to->chain mapping (High confidence per the file's own methodology),mtagent pbi audit (cross-ref CustomerCode_Zone_State_Mapping.csv),2026-07-14
Reliance Retail,Reliance Retail Ltd _RAJAJI NAGAR- FR49,Reliance Retail Ltd _RAJAJI NAGAR- FR49,Direct,The Derma Co.,Monthly dynamic Cont% (secondary-driven),11,Apr'25–May'26,100.0,100.0,100.0,High,Direct ship-to → single chain (1:1),,,,,,Validated (High-Confidence Auto),Reliance Retail,Reliance Retail Ltd _RAJAJI NAGAR- FR49,Keep,no Confirmed cross-reference found; auto-accepted as a direct 1:1 ship-to->chain mapping (High confidence per the file's own methodology),mtagent pbi audit (cross-ref CustomerCode_Zone_State_Mapping.csv),2026-07-14
Reliance Retail,Reliance Retail Ltd_Davanagere- TNC0,Reliance Retail Ltd_Davanagere- TNC0,Direct,Mamaearth,Monthly dynamic Cont% (secondary-driven),11,Apr'25–May'26,100.0,100.0,100.0,High,Direct ship-to → single chain (1:1),,,,,,Validated (High-Confidence Auto),Reliance Retail,Reliance Retail Ltd_Davanagere- TNC0,Keep,no Confirmed cross-reference found; auto-accepted as a direct 1:1 ship-to->chain mapping (High confidence per the file's own methodology),mtagent pbi audit (cross-ref CustomerCode_Zone_State_Mapping.csv),2026-07-14
Reliance Retail,Reliance Retail Ltd_Hubballi_2997,Reliance Retail Ltd_Hubballi_2997,Direct,Mamaearth,Monthly dynamic Cont% (secondary-driven),12,Apr'25–May'26,100.0,100.0,100.0,High,Direct ship-to → single chain (1:1),,,,,,Validated (High-Confidence Auto),Reliance Retail,Reliance Retail Ltd_Hubballi_2997,Keep,no Confirmed cross-reference found; auto-accepted as a direct 1:1 ship-to->chain mapping (High confidence per the file's own methodology),mtagent pbi audit (cross-ref CustomerCode_Zone_State_Mapping.csv),2026-07-14
Reliance Retail,Reliance Retail Ltd_Nagercoil- 3338,Reliance Retail Ltd_Nagercoil- 3338,Direct,Mamaearth,Monthly dynamic Cont% (secondary-driven),12,Apr'25–May'26,100.0,100.0,100.0,High,Direct ship-to → single chain (1:1),,,,,,Validated (High-Confidence Auto),Reliance Retail,Reliance Retail Ltd_Nagercoil- 3338,Keep,no Confirmed cross-reference found; auto-accepted as a direct 1:1 ship-to->chain mapping (High confidence per the file's own methodology),mtagent pbi audit (cross-ref CustomerCode_Zone_State_Mapping.csv),2026-07-14
Reliance Retail,SAI SAACHI ASSOCIATES-MT-OR,SAI SAACHI ASSOCIATES,Dist.,The Derma Co.,Monthly dynamic Cont% (secondary-driven),1,Sep'25–Sep'25,100.0,100.0,100.0,Medium,Multi-chain distributor; split by secondary Cont% — validate (4 chains),,Y,Y,,,Validated (Cross-Ref),SAI SAACHI ASSOCIATES-MT-OR,SAI SAACHI ASSOCIATES-MT-OR,Keep,fuzzy match on Ship-To Name against Confirmed row in CustomerCode_Zone_State_Mapping.csv (Customer Code 1103818),mtagent pbi audit (cross-ref CustomerCode_Zone_State_Mapping.csv),2026-07-14
Reliance Retail,Sri Vijaya Durga Agencies_Mt,Sri Vijaya Durga Agencies,Dist.,Aqualogica,Monthly dynamic Cont% (secondary-driven),10,Apr'25–May'26,75.08,15.81,97.46,Medium,Multi-chain distributor; split by secondary Cont% — validate (7 chains),,Y,Y,,,Validated (Cross-Ref),Sri Vijaya Durga Agencies,Sri Vijaya Durga Agencies,Keep,exact match on Ship-To Name against Confirmed row in CustomerCode_Zone_State_Mapping.csv (Customer Code 1101181),mtagent pbi audit (cross-ref CustomerCode_Zone_State_Mapping.csv),2026-07-14
Reliance Retail,Sri Vijaya Durga Agencies_Mt,Sri Vijaya Durga Agencies,Dist.,Mamaearth,Monthly dynamic Cont% (secondary-driven),14,Apr'25–May'26,17.7,3.85,33.6,Medium,Multi-chain distributor; split by secondary Cont% — validate (7 chains),,Y,Y,,,Validated (Cross-Ref),Sri Vijaya Durga Agencies,Sri Vijaya Durga Agencies,Keep,exact match on Ship-To Name against Confirmed row in CustomerCode_Zone_State_Mapping.csv (Customer Code 1101181),mtagent pbi audit (cross-ref CustomerCode_Zone_State_Mapping.csv),2026-07-14
Reliance Retail,Sri Vijaya Durga Agencies_Mt,Sri Vijaya Durga Agencies,Dist.,The Derma Co.,Monthly dynamic Cont% (secondary-driven),8,Apr'25–May'26,22.3,4.74,57.85,Medium,Multi-chain distributor; split by secondary Cont% — validate (7 chains),,Y,Y,,,Validated (Cross-Ref),Sri Vijaya Durga Agencies,Sri Vijaya Durga Agencies,Keep,exact match on Ship-To Name against Confirmed row in CustomerCode_Zone_State_Mapping.csv (Customer Code 1101181),mtagent pbi audit (cross-ref CustomerCode_Zone_State_Mapping.csv),2026-07-14
Reliance Retail,Vanaja Agencies_Mt,Vanaja Agencies,Dist.,Aqualogica,Monthly dynamic Cont% (secondary-driven),6,Apr'25–Dec'25,30.64,6.87,52.56,Medium,Multi-chain distributor; split by secondary Cont% — validate (9 chains),,Y,Y,,,Validated (Cross-Ref),Vanaja Agencies-MT,Vanaja Agencies-MT,Keep,exact match on Ship-To Name against Confirmed row in CustomerCode_Zone_State_Mapping.csv (Customer Code 1100998),mtagent pbi audit (cross-ref CustomerCode_Zone_State_Mapping.csv),2026-07-14
Reliance Retail,Vanaja Agencies_Mt,Vanaja Agencies,Dist.,BBlunt,Monthly dynamic Cont% (secondary-driven),4,Apr'25–Jul'25,6.88,3.67,13.79,Medium,Multi-chain distributor; split by secondary Cont% — validate (9 chains),,Y,Y,,,Validated (Cross-Ref),Vanaja Agencies-MT,Vanaja Agencies-MT,Keep,exact match on Ship-To Name against Confirmed row in CustomerCode_Zone_State_Mapping.csv (Customer Code 1100998),mtagent pbi audit (cross-ref CustomerCode_Zone_State_Mapping.csv),2026-07-14
Reliance Retail,Vanaja Agencies_Mt,Vanaja Agencies,Dist.,Mamaearth,Monthly dynamic Cont% (secondary-driven),6,Apr'25–Dec'25,28.52,9.63,42.04,Medium,Multi-chain distributor; split by secondary Cont% — validate (9 chains),,Y,Y,,,Validated (Cross-Ref),Vanaja Agencies-MT,Vanaja Agencies-MT,Keep,exact match on Ship-To Name against Confirmed row in CustomerCode_Zone_State_Mapping.csv (Customer Code 1100998),mtagent pbi audit (cross-ref CustomerCode_Zone_State_Mapping.csv),2026-07-14
Reliance Retail,Vanaja Agencies_Mt,Vanaja Agencies,Dist.,The Derma Co.,Monthly dynamic Cont% (secondary-driven),4,Apr'25–Jul'25,2.54,0.49,5.82,Medium,Multi-chain distributor; split by secondary Cont% — validate (9 chains),,Y,Y,,,Validated (Cross-Ref),Vanaja Agencies-MT,Vanaja Agencies-MT,Keep,exact match on Ship-To Name against Confirmed row in CustomerCode_Zone_State_Mapping.csv (Customer Code 1100998),mtagent pbi audit (cross-ref CustomerCode_Zone_State_Mapping.csv),2026-07-14
Sarvana,Sri Lalitha Enterprises,Sri Lalitha Enterprises,Dist.,BBlunt,Monthly dynamic Cont% (secondary-driven),1,Nov'25–Nov'25,100.0,100.0,100.0,Medium,Multi-chain distributor; split by secondary Cont% — validate (3 chains),,Y,Y,,,Validated (Cross-Ref),Sri Lalitha Enterprises,Sri Lalitha Enterprises,Keep,fuzzy match on Ship-To Name against Confirmed row in CustomerCode_Zone_State_Mapping.csv (Customer Code 1103183),mtagent pbi audit (cross-ref CustomerCode_Zone_State_Mapping.csv),2026-07-14
Sarvana,Sri Lalitha Enterprises,Sri Lalitha Enterprises,Dist.,Mamaearth,Monthly dynamic Cont% (secondary-driven),4,Apr'25–Nov'25,63.29,44.58,100.0,Medium,Multi-chain distributor; split by secondary Cont% — validate (3 chains),,Y,Y,,,Validated (Cross-Ref),Sri Lalitha Enterprises,Sri Lalitha Enterprises,Keep,fuzzy match on Ship-To Name against Confirmed row in CustomerCode_Zone_State_Mapping.csv (Customer Code 1103183),mtagent pbi audit (cross-ref CustomerCode_Zone_State_Mapping.csv),2026-07-14
SastaSundar,D.L. Sales - MT,D.L. Sales,Dist.,Mamaearth,Monthly dynamic Cont% (secondary-driven),13,Apr'25–May'26,2.18,0.4,5.73,Medium,Multi-chain distributor; split by secondary Cont% — validate (13 chains),,Y,Y,,,Validated (Cross-Ref),D.L. Sales - MT,D.L. Sales - MT,Keep,fuzzy match on Ship-To Name against Confirmed row in CustomerCode_Zone_State_Mapping.csv (Customer Code 1102945),mtagent pbi audit (cross-ref CustomerCode_Zone_State_Mapping.csv),2026-07-14
SastaSundar,D.L. Sales - MT,D.L. Sales,Dist.,The Derma Co.,Monthly dynamic Cont% (secondary-driven),2,Oct'25–Nov'25,2.17,0.54,3.79,Medium,Multi-chain distributor; split by secondary Cont% — validate (13 chains),,Y,Y,,,Validated (Cross-Ref),D.L. Sales - MT,D.L. Sales - MT,Keep,fuzzy match on Ship-To Name against Confirmed row in CustomerCode_Zone_State_Mapping.csv (Customer Code 1102945),mtagent pbi audit (cross-ref CustomerCode_Zone_State_Mapping.csv),2026-07-14
Shoppers Stop,Shoppers Stop Ltd - 8523,Shoppers Stop Ltd - 8523,Direct,Aqualogica,Monthly dynamic Cont% (secondary-driven),3,Nov'25–Jan'26,100.0,100.0,100.0,High,Direct ship-to → single chain (1:1),,,,,,Validated (Cross-Ref),Shoppers Stop Ltd,Shoppers Stop Ltd,Keep,fuzzy match on Ship-To Name against Confirmed row in CustomerCode_Zone_State_Mapping.csv (Customer Code 1103822),mtagent pbi audit (cross-ref CustomerCode_Zone_State_Mapping.csv),2026-07-14
Shoppers Stop,Shoppers Stop Ltd - 8523,Shoppers Stop Ltd - 8523,Direct,BBlunt,Monthly dynamic Cont% (secondary-driven),3,Nov'25–Jan'26,100.0,100.0,100.0,High,Direct ship-to → single chain (1:1),,,,,,Validated (Cross-Ref),Shoppers Stop Ltd,Shoppers Stop Ltd,Keep,fuzzy match on Ship-To Name against Confirmed row in CustomerCode_Zone_State_Mapping.csv (Customer Code 1103822),mtagent pbi audit (cross-ref CustomerCode_Zone_State_Mapping.csv),2026-07-14
Shoppers Stop,Shoppers Stop Ltd - 8523,Shoppers Stop Ltd - 8523,Direct,Mamaearth,Monthly dynamic Cont% (secondary-driven),4,Nov'25–Mar'26,100.0,100.0,100.0,High,Direct ship-to → single chain (1:1),,,,,,Validated (Cross-Ref),Shoppers Stop Ltd,Shoppers Stop Ltd,Keep,fuzzy match on Ship-To Name against Confirmed row in CustomerCode_Zone_State_Mapping.csv (Customer Code 1103822),mtagent pbi audit (cross-ref CustomerCode_Zone_State_Mapping.csv),2026-07-14
Shoppers Stop,Shoppers Stop Ltd - 8523,Shoppers Stop Ltd - 8523,Direct,The Derma Co.,Monthly dynamic Cont% (secondary-driven),4,Nov'25–Mar'26,100.0,100.0,100.0,High,Direct ship-to → single chain (1:1),,,,,,Validated (Cross-Ref),Shoppers Stop Ltd,Shoppers Stop Ltd,Keep,fuzzy match on Ship-To Name against Confirmed row in CustomerCode_Zone_State_Mapping.csv (Customer Code 1103822),mtagent pbi audit (cross-ref CustomerCode_Zone_State_Mapping.csv),2026-07-14
Shoppers Stop,Shoppers Stop Ltd- Quest Mall-8713Brand Factory,Shoppers Stop Ltd- Quest Mall-8713Brand Factory,Direct,Lumineve,Monthly dynamic Cont% (secondary-driven),1,Apr'26–Apr'26,100.0,100.0,100.0,High,Direct ship-to → single chain (1:1),,,,,,Validated (High-Confidence Auto),Shoppers Stop,Shoppers Stop Ltd- Quest Mall-8713Brand Factory,Keep,no Confirmed cross-reference found; auto-accepted as a direct 1:1 ship-to->chain mapping (High confidence per the file's own methodology),mtagent pbi audit (cross-ref CustomerCode_Zone_State_Mapping.csv),2026-07-14
Shoppers Stop,Shoppers Stop Ltd-Acropolis-496,Shoppers Stop Ltd-Acropolis-496,Direct,Aqualogica,Monthly dynamic Cont% (secondary-driven),8,May'25–Dec'25,100.0,100.0,100.0,High,Direct ship-to → single chain (1:1),,,,,,Validated (Cross-Ref),Shoppers Stop Ltd,Shoppers Stop Ltd,Keep,fuzzy match on Ship-To Name against Confirmed row in CustomerCode_Zone_State_Mapping.csv (Customer Code 1103801),mtagent pbi audit (cross-ref CustomerCode_Zone_State_Mapping.csv),2026-07-14
Shoppers Stop,Shoppers Stop Ltd-Acropolis-496,Shoppers Stop Ltd-Acropolis-496,Direct,BBlunt,Monthly dynamic Cont% (secondary-driven),5,Jun'25–Dec'25,100.0,100.0,100.0,High,Direct ship-to → single chain (1:1),,,,,,Validated (Cross-Ref),Shoppers Stop Ltd,Shoppers Stop Ltd,Keep,fuzzy match on Ship-To Name against Confirmed row in CustomerCode_Zone_State_Mapping.csv (Customer Code 1103801),mtagent pbi audit (cross-ref CustomerCode_Zone_State_Mapping.csv),2026-07-14
Shoppers Stop,Shoppers Stop Ltd-Acropolis-496,Shoppers Stop Ltd-Acropolis-496,Direct,Mamaearth,Monthly dynamic Cont% (secondary-driven),9,May'25–Mar'26,100.0,100.0,100.0,High,Direct ship-to → single chain (1:1),,,,,,Validated (Cross-Ref),Shoppers Stop Ltd,Shoppers Stop Ltd,Keep,fuzzy match on Ship-To Name against Confirmed row in CustomerCode_Zone_State_Mapping.csv (Customer Code 1103801),mtagent pbi audit (cross-ref CustomerCode_Zone_State_Mapping.csv),2026-07-14
Shoppers Stop,Shoppers Stop Ltd-Acropolis-496,Shoppers Stop Ltd-Acropolis-496,Direct,The Derma Co.,Monthly dynamic Cont% (secondary-driven),9,May'25–Mar'26,100.0,100.0,100.0,High,Direct ship-to → single chain (1:1),,,,,,Validated (Cross-Ref),Shoppers Stop Ltd,Shoppers Stop Ltd,Keep,fuzzy match on Ship-To Name against Confirmed row in CustomerCode_Zone_State_Mapping.csv (Customer Code 1103801),mtagent pbi audit (cross-ref CustomerCode_Zone_State_Mapping.csv),2026-07-14
Shoppers Stop,Shoppers Stop Ltd-Beauty Infiniti-8705,Shoppers Stop Ltd-Beauty Infiniti-8705,Direct,Aqualogica,Monthly dynamic Cont% (secondary-driven),1,Jun'25–Jun'25,100.0,100.0,100.0,High,Direct ship-to → single chain (1:1),,,,,,Validated (Cross-Ref),Shoppers Stop Ltd,Shoppers Stop Ltd,Keep,fuzzy match on Ship-To Name against Confirmed row in CustomerCode_Zone_State_Mapping.csv (Customer Code 1103830),mtagent pbi audit (cross-ref CustomerCode_Zone_State_Mapping.csv),2026-07-14
Shoppers Stop,Shoppers Stop Ltd-Beauty Infiniti-8705,Shoppers Stop Ltd-Beauty Infiniti-8705,Direct,BBlunt,Monthly dynamic Cont% (secondary-driven),1,Jun'25–Jun'25,100.0,100.0,100.0,High,Direct ship-to → single chain (1:1),,,,,,Validated (Cross-Ref),Shoppers Stop Ltd,Shoppers Stop Ltd,Keep,fuzzy match on Ship-To Name against Confirmed row in CustomerCode_Zone_State_Mapping.csv (Customer Code 1103830),mtagent pbi audit (cross-ref CustomerCode_Zone_State_Mapping.csv),2026-07-14
Shoppers Stop,Shoppers Stop Ltd-Beauty Infiniti-8705,Shoppers Stop Ltd-Beauty Infiniti-8705,Direct,Mamaearth,Monthly dynamic Cont% (secondary-driven),1,Jun'25–Jun'25,100.0,100.0,100.0,High,Direct ship-to → single chain (1:1),,,,,,Validated (Cross-Ref),Shoppers Stop Ltd,Shoppers Stop Ltd,Keep,fuzzy match on Ship-To Name against Confirmed row in CustomerCode_Zone_State_Mapping.csv (Customer Code 1103830),mtagent pbi audit (cross-ref CustomerCode_Zone_State_Mapping.csv),2026-07-14
Shoppers Stop,Shoppers Stop Ltd-Beauty Pmc-8702,Shoppers Stop Ltd-Beauty Pmc-8702,Direct,Lumineve,Monthly dynamic Cont% (secondary-driven),1,Apr'26–Apr'26,100.0,100.0,100.0,High,Direct ship-to → single chain (1:1),,,,,,Validated (Cross-Ref),Shoppers Stop Ltd,Shoppers Stop Ltd,Keep,fuzzy match on Ship-To Name against Confirmed row in CustomerCode_Zone_State_Mapping.csv (Customer Code 1103831),mtagent pbi audit (cross-ref CustomerCode_Zone_State_Mapping.csv),2026-07-14
Shoppers Stop,Shoppers Stop Ltd-Guwahati City Center,Shoppers Stop Ltd-Guwahati City Center,Direct,Aqualogica,Monthly dynamic Cont% (secondary-driven),10,May'25–Apr'26,100.0,100.0,100.0,High,Direct ship-to → single chain (1:1),,,,,,Validated (Cross-Ref),Shoppers Stop Ltd,Shoppers Stop Ltd,Keep,fuzzy match on Ship-To Name against Confirmed row in CustomerCode_Zone_State_Mapping.csv (Customer Code 1103802),mtagent pbi audit (cross-ref CustomerCode_Zone_State_Mapping.csv),2026-07-14
Shoppers Stop,Shoppers Stop Ltd-Guwahati City Center,Shoppers Stop Ltd-Guwahati City Center,Direct,BBlunt,Monthly dynamic Cont% (secondary-driven),10,May'25–Apr'26,100.0,100.0,100.0,High,Direct ship-to → single chain (1:1),,,,,,Validated (Cross-Ref),Shoppers Stop Ltd,Shoppers Stop Ltd,Keep,fuzzy match on Ship-To Name against Confirmed row in CustomerCode_Zone_State_Mapping.csv (Customer Code 1103802),mtagent pbi audit (cross-ref CustomerCode_Zone_State_Mapping.csv),2026-07-14
Shoppers Stop,Shoppers Stop Ltd-Guwahati City Center,Shoppers Stop Ltd-Guwahati City Center,Direct,Mamaearth,Monthly dynamic Cont% (secondary-driven),12,May'25–Apr'26,100.0,100.0,100.0,High,Direct ship-to → single chain (1:1),,,,,,Validated (Cross-Ref),Shoppers Stop Ltd,Shoppers Stop Ltd,Keep,fuzzy match on Ship-To Name against Confirmed row in CustomerCode_Zone_State_Mapping.csv (Customer Code 1103802),mtagent pbi audit (cross-ref CustomerCode_Zone_State_Mapping.csv),2026-07-14
Shoppers Stop,Shoppers Stop Ltd-Guwahati City Center,Shoppers Stop Ltd-Guwahati City Center,Direct,The Derma Co.,Monthly dynamic Cont% (secondary-driven),12,May'25–Apr'26,100.0,100.0,100.0,High,Direct ship-to → single chain (1:1),,,,,,Validated (Cross-Ref),Shoppers Stop Ltd,Shoppers Stop Ltd,Keep,fuzzy match on Ship-To Name against Confirmed row in CustomerCode_Zone_State_Mapping.csv (Customer Code 1103802),mtagent pbi audit (cross-ref CustomerCode_Zone_State_Mapping.csv),2026-07-14
Shoppers Stop,Shoppers Stop Ltd-Inorbit Mallteleng-154,Shoppers Stop Ltd-Inorbit Mallteleng-154,Direct,BBlunt,Monthly dynamic Cont% (secondary-driven),1,Jun'25–Jun'25,100.0,100.0,100.0,High,Direct ship-to → single chain (1:1),,,,,,Validated (Cross-Ref),Shoppers Stop Ltd,Shoppers Stop Ltd,Keep,fuzzy match on Ship-To Name against Confirmed row in CustomerCode_Zone_State_Mapping.csv (Customer Code 1103855),mtagent pbi audit (cross-ref CustomerCode_Zone_State_Mapping.csv),2026-07-14
Shoppers Stop,Shoppers Stop Ltd-Inorbit Mallteleng-154,Shoppers Stop Ltd-Inorbit Mallteleng-154,Direct,Mamaearth,Monthly dynamic Cont% (secondary-driven),1,Jun'25–Jun'25,100.0,100.0,100.0,High,Direct ship-to → single chain (1:1),,,,,,Validated (Cross-Ref),Shoppers Stop Ltd,Shoppers Stop Ltd,Keep,fuzzy match on Ship-To Name against Confirmed row in CustomerCode_Zone_State_Mapping.csv (Customer Code 1103855),mtagent pbi audit (cross-ref CustomerCode_Zone_State_Mapping.csv),2026-07-14
Shoppers Stop,Shoppers Stop Ltd-Juhu-117,Shoppers Stop Ltd-Juhu-117,Direct,Aqualogica,Monthly dynamic Cont% (secondary-driven),1,Jun'25–Jun'25,100.0,100.0,100.0,High,Direct ship-to → single chain (1:1),,,,,,Validated (Cross-Ref),Shoppers Stop Ltd,Shoppers Stop Ltd,Keep,fuzzy match on Ship-To Name against Confirmed row in CustomerCode_Zone_State_Mapping.csv (Customer Code 1103859),mtagent pbi audit (cross-ref CustomerCode_Zone_State_Mapping.csv),2026-07-14
Shoppers Stop,Shoppers Stop Ltd-Juhu-117,Shoppers Stop Ltd-Juhu-117,Direct,BBlunt,Monthly dynamic Cont% (secondary-driven),1,Jun'25–Jun'25,100.0,100.0,100.0,High,Direct ship-to → single chain (1:1),,,,,,Validated (Cross-Ref),Shoppers Stop Ltd,Shoppers Stop Ltd,Keep,fuzzy match on Ship-To Name against Confirmed row in CustomerCode_Zone_State_Mapping.csv (Customer Code 1103859),mtagent pbi audit (cross-ref CustomerCode_Zone_State_Mapping.csv),2026-07-14
Shoppers Stop,Shoppers Stop Ltd-Juhu-117,Shoppers Stop Ltd-Juhu-117,Direct,Mamaearth,Monthly dynamic Cont% (secondary-driven),1,Jun'25–Jun'25,100.0,100.0,100.0,High,Direct ship-to → single chain (1:1),,,,,,Validated (Cross-Ref),Shoppers Stop Ltd,Shoppers Stop Ltd,Keep,fuzzy match on Ship-To Name against Confirmed row in CustomerCode_Zone_State_Mapping.csv (Customer Code 1103859),mtagent pbi audit (cross-ref CustomerCode_Zone_State_Mapping.csv),2026-07-14
Shoppers Stop,Shoppers Stop Ltd-Juhu-117,Shoppers Stop Ltd-Juhu-117,Direct,The Derma Co.,Monthly dynamic Cont% (secondary-driven),1,Jun'25–Jun'25,100.0,100.0,100.0,High,Direct ship-to → single chain (1:1),,,,,,Validated (Cross-Ref),Shoppers Stop Ltd,Shoppers Stop Ltd,Keep,fuzzy match on Ship-To Name against Confirmed row in CustomerCode_Zone_State_Mapping.csv (Customer Code 1103859),mtagent pbi audit (cross-ref CustomerCode_Zone_State_Mapping.csv),2026-07-14
Shoppers Stop,Shoppers Stop Ltd-Kochi-8530,Shoppers Stop Ltd-Kochi-8530,Direct,Aqualogica,Monthly dynamic Cont% (secondary-driven),4,May'25–Jan'26,100.0,100.0,100.0,High,Direct ship-to → single chain (1:1),,,,,,Validated (Cross-Ref),Shoppers Stop Ltd,Shoppers Stop Ltd,Keep,fuzzy match on Ship-To Name against Confirmed row in CustomerCode_Zone_State_Mapping.csv (Customer Code 1103803),mtagent pbi audit (cross-ref CustomerCode_Zone_State_Mapping.csv),2026-07-14
Shoppers Stop,Shoppers Stop Ltd-Kochi-8530,Shoppers Stop Ltd-Kochi-8530,Direct,BBlunt,Monthly dynamic Cont% (secondary-driven),4,May'25–Jan'26,100.0,100.0,100.0,High,Direct ship-to → single chain (1:1),,,,,,Validated (Cross-Ref),Shoppers Stop Ltd,Shoppers Stop Ltd,Keep,fuzzy match on Ship-To Name against Confirmed row in CustomerCode_Zone_State_Mapping.csv (Customer Code 1103803),mtagent pbi audit (cross-ref CustomerCode_Zone_State_Mapping.csv),2026-07-14
Shoppers Stop,Shoppers Stop Ltd-Kochi-8530,Shoppers Stop Ltd-Kochi-8530,Direct,Mamaearth,Monthly dynamic Cont% (secondary-driven),4,Aug'25–Mar'26,100.0,100.0,100.0,High,Direct ship-to → single chain (1:1),,,,,,Validated (Cross-Ref),Shoppers Stop Ltd,Shoppers Stop Ltd,Keep,fuzzy match on Ship-To Name against Confirmed row in CustomerCode_Zone_State_Mapping.csv (Customer Code 1103803),mtagent pbi audit (cross-ref CustomerCode_Zone_State_Mapping.csv),2026-07-14
Shoppers Stop,Shoppers Stop Ltd-Kochi-8530,Shoppers Stop Ltd-Kochi-8530,Direct,The Derma Co.,Monthly dynamic Cont% (secondary-driven),5,May'25–Mar'26,100.0,100.0,100.0,High,Direct ship-to → single chain (1:1),,,,,,Validated (Cross-Ref),Shoppers Stop Ltd,Shoppers Stop Ltd,Keep,fuzzy match on Ship-To Name against Confirmed row in CustomerCode_Zone_State_Mapping.csv (Customer Code 1103803),mtagent pbi audit (cross-ref CustomerCode_Zone_State_Mapping.csv),2026-07-14
Shoppers Stop,Shoppers Stop Ltd-Lulu Mall-851,Shoppers Stop Ltd-Lulu Mall-851,Direct,Mamaearth,Monthly dynamic Cont% (secondary-driven),1,Jun'25–Jun'25,100.0,100.0,100.0,High,Direct ship-to → single chain (1:1),,,,,,Validated (Cross-Ref),Shoppers Stop Ltd,Shoppers Stop Ltd,Keep,fuzzy match on Ship-To Name against Confirmed row in CustomerCode_Zone_State_Mapping.csv (Customer Code 1103866),mtagent pbi audit (cross-ref CustomerCode_Zone_State_Mapping.csv),2026-07-14
Shoppers Stop,Shoppers Stop Ltd-Mall Of Jaipur-358,Shoppers Stop Ltd-Mall Of Jaipur-358,Direct,Aqualogica,Monthly dynamic Cont% (secondary-driven),1,Jul'25–Jul'25,100.0,100.0,100.0,High,Direct ship-to → single chain (1:1),,,,,,Validated (Cross-Ref),Shoppers Stop Ltd,Shoppers Stop Ltd,Keep,fuzzy match on Ship-To Name against Confirmed row in CustomerCode_Zone_State_Mapping.csv (Customer Code 1103868),mtagent pbi audit (cross-ref CustomerCode_Zone_State_Mapping.csv),2026-07-14
Shoppers Stop,Shoppers Stop Ltd-Mall Of Jaipur-358,Shoppers Stop Ltd-Mall Of Jaipur-358,Direct,Mamaearth,Monthly dynamic Cont% (secondary-driven),2,Jun'25–Jul'25,100.0,100.0,100.0,High,Direct ship-to → single chain (1:1),,,,,,Validated (Cross-Ref),Shoppers Stop Ltd,Shoppers Stop Ltd,Keep,fuzzy match on Ship-To Name against Confirmed row in CustomerCode_Zone_State_Mapping.csv (Customer Code 1103868),mtagent pbi audit (cross-ref CustomerCode_Zone_State_Mapping.csv),2026-07-14
Shoppers Stop,Shoppers Stop Ltd-Mall Of Jaipur-358,Shoppers Stop Ltd-Mall Of Jaipur-358,Direct,The Derma Co.,Monthly dynamic Cont% (secondary-driven),1,Jul'25–Jul'25,100.0,100.0,100.0,High,Direct ship-to → single chain (1:1),,,,,,Validated (Cross-Ref),Shoppers Stop Ltd,Shoppers Stop Ltd,Keep,fuzzy match on Ship-To Name against Confirmed row in CustomerCode_Zone_State_Mapping.csv (Customer Code 1103868),mtagent pbi audit (cross-ref CustomerCode_Zone_State_Mapping.csv),2026-07-14
Shoppers Stop,Shoppers Stop Ltd-Manupasna-280,Shoppers Stop Ltd-Manupasna-280,Direct,Aqualogica,Monthly dynamic Cont% (secondary-driven),9,May'25–Feb'26,100.0,100.0,100.0,High,Direct ship-to → single chain (1:1),,,,,,Validated (Cross-Ref),Shoppers Stop Ltd,Shoppers Stop Ltd,Keep,fuzzy match on Ship-To Name against Confirmed row in CustomerCode_Zone_State_Mapping.csv (Customer Code 1103804),mtagent pbi audit (cross-ref CustomerCode_Zone_State_Mapping.csv),2026-07-14
Shoppers Stop,Shoppers Stop Ltd-Manupasna-280,Shoppers Stop Ltd-Manupasna-280,Direct,BBlunt,Monthly dynamic Cont% (secondary-driven),9,May'25–Feb'26,100.0,100.0,100.0,High,Direct ship-to → single chain (1:1),,,,,,Validated (Cross-Ref),Shoppers Stop Ltd,Shoppers Stop Ltd,Keep,fuzzy match on Ship-To Name against Confirmed row in CustomerCode_Zone_State_Mapping.csv (Customer Code 1103804),mtagent pbi audit (cross-ref CustomerCode_Zone_State_Mapping.csv),2026-07-14
Shoppers Stop,Shoppers Stop Ltd-Manupasna-280,Shoppers Stop Ltd-Manupasna-280,Direct,Mamaearth,Monthly dynamic Cont% (secondary-driven),10,May'25–Mar'26,100.0,100.0,100.0,High,Direct ship-to → single chain (1:1),,,,,,Validated (Cross-Ref),Shoppers Stop Ltd,Shoppers Stop Ltd,Keep,fuzzy match on Ship-To Name against Confirmed row in CustomerCode_Zone_State_Mapping.csv (Customer Code 1103804),mtagent pbi audit (cross-ref CustomerCode_Zone_State_Mapping.csv),2026-07-14
Shoppers Stop,Shoppers Stop Ltd-Manupasna-280,Shoppers Stop Ltd-Manupasna-280,Direct,The Derma Co.,Monthly dynamic Cont% (secondary-driven),9,May'25–Mar'26,100.0,100.0,100.0,High,Direct ship-to → single chain (1:1),,,,,,Validated (Cross-Ref),Shoppers Stop Ltd,Shoppers Stop Ltd,Keep,fuzzy match on Ship-To Name against Confirmed row in CustomerCode_Zone_State_Mapping.csv (Customer Code 1103804),mtagent pbi audit (cross-ref CustomerCode_Zone_State_Mapping.csv),2026-07-14
Shoppers Stop,Shoppers Stop Ltd-New Town Kolkata-,Shoppers Stop Ltd-New Town Kolkata,Direct,Aqualogica,Monthly dynamic Cont% (secondary-driven),1,Jun'25–Jun'25,100.0,100.0,100.0,High,Direct ship-to → single chain (1:1),,,,,,Validated (Cross-Ref),Shoppers Stop Ltd,Shoppers Stop Ltd,Keep,fuzzy match on Ship-To Name against Confirmed row in CustomerCode_Zone_State_Mapping.csv (Customer Code 1103876),mtagent pbi audit (cross-ref CustomerCode_Zone_State_Mapping.csv),2026-07-14
Shoppers Stop,Shoppers Stop Ltd-New Town Kolkata-,Shoppers Stop Ltd-New Town Kolkata,Direct,BBlunt,Monthly dynamic Cont% (secondary-driven),1,Jun'25–Jun'25,100.0,100.0,100.0,High,Direct ship-to → single chain (1:1),,,,,,Validated (Cross-Ref),Shoppers Stop Ltd,Shoppers Stop Ltd,Keep,fuzzy match on Ship-To Name against Confirmed row in CustomerCode_Zone_State_Mapping.csv (Customer Code 1103876),mtagent pbi audit (cross-ref CustomerCode_Zone_State_Mapping.csv),2026-07-14
Shoppers Stop,Shoppers Stop Ltd-Nucleus Mall-312,Shoppers Stop Ltd-Nucleus Mall-312,Direct,Aqualogica,Monthly dynamic Cont% (secondary-driven),8,May'25–Jan'26,100.0,100.0,100.0,High,Direct ship-to → single chain (1:1),,,,,,Validated (Cross-Ref),Shoppers Stop Ltd,Shoppers Stop Ltd,Keep,fuzzy match on Ship-To Name against Confirmed row in CustomerCode_Zone_State_Mapping.csv (Customer Code 1103805),mtagent pbi audit (cross-ref CustomerCode_Zone_State_Mapping.csv),2026-07-14
Shoppers Stop,Shoppers Stop Ltd-Nucleus Mall-312,Shoppers Stop Ltd-Nucleus Mall-312,Direct,BBlunt,Monthly dynamic Cont% (secondary-driven),8,May'25–Jan'26,100.0,100.0,100.0,High,Direct ship-to → single chain (1:1),,,,,,Validated (Cross-Ref),Shoppers Stop Ltd,Shoppers Stop Ltd,Keep,fuzzy match on Ship-To Name against Confirmed row in CustomerCode_Zone_State_Mapping.csv (Customer Code 1103805),mtagent pbi audit (cross-ref CustomerCode_Zone_State_Mapping.csv),2026-07-14
Shoppers Stop,Shoppers Stop Ltd-Nucleus Mall-312,Shoppers Stop Ltd-Nucleus Mall-312,Direct,Mamaearth,Monthly dynamic Cont% (secondary-driven),10,May'25–Mar'26,100.0,100.0,100.0,High,Direct ship-to → single chain (1:1),,,,,,Validated (Cross-Ref),Shoppers Stop Ltd,Shoppers Stop Ltd,Keep,fuzzy match on Ship-To Name against Confirmed row in CustomerCode_Zone_State_Mapping.csv (Customer Code 1103805),mtagent pbi audit (cross-ref CustomerCode_Zone_State_Mapping.csv),2026-07-14
Shoppers Stop,Shoppers Stop Ltd-Nucleus Mall-312,Shoppers Stop Ltd-Nucleus Mall-312,Direct,The Derma Co.,Monthly dynamic Cont% (secondary-driven),10,May'25–Mar'26,100.0,100.0,100.0,High,Direct ship-to → single chain (1:1),,,,,,Validated (Cross-Ref),Shoppers Stop Ltd,Shoppers Stop Ltd,Keep,fuzzy match on Ship-To Name against Confirmed row in CustomerCode_Zone_State_Mapping.csv (Customer Code 1103805),mtagent pbi audit (cross-ref CustomerCode_Zone_State_Mapping.csv),2026-07-14
Shoppers Stop,Shoppers Stop Ltd-PMC Chennai-8708Brand Factory,Shoppers Stop Ltd-PMC Chennai-8708Brand Factory,Direct,Lumineve,Monthly dynamic Cont% (secondary-driven),1,Apr'26–Apr'26,100.0,100.0,100.0,High,Direct ship-to → single chain (1:1),,,,,,Validated (High-Confidence Auto),Shoppers Stop,Shoppers Stop Ltd-PMC Chennai-8708Brand Factory,Keep,no Confirmed cross-reference found; auto-accepted as a direct 1:1 ship-to->chain mapping (High confidence per the file's own methodology),mtagent pbi audit (cross-ref CustomerCode_Zone_State_Mapping.csv),2026-07-14
Shoppers Stop,Shoppers Stop Ltd-SSB Noida-8717Brand Factory,Shoppers Stop Ltd-SSB Noida-8717Brand Factory,Direct,Lumineve,Monthly dynamic Cont% (secondary-driven),1,Apr'26–Apr'26,100.0,100.0,100.0,High,Direct ship-to → single chain (1:1),,,,,,Validated (High-Confidence Auto),Shoppers Stop,Shoppers Stop Ltd-SSB Noida-8717Brand Factory,Keep,no Confirmed cross-reference found; auto-accepted as a direct 1:1 ship-to->chain mapping (High confidence per the file's own methodology),mtagent pbi audit (cross-ref CustomerCode_Zone_State_Mapping.csv),2026-07-14
Shoppers Stop,Shoppers Stop Ltd-Saket-127,Shoppers Stop Ltd-Saket-127,Direct,Aqualogica,Monthly dynamic Cont% (secondary-driven),3,Nov'25–Jan'26,100.0,100.0,100.0,High,Direct ship-to → single chain (1:1),,,,,,Validated (Cross-Ref),Shoppers Stop Ltd,Shoppers Stop Ltd,Keep,fuzzy match on Ship-To Name against Confirmed row in CustomerCode_Zone_State_Mapping.csv (Customer Code 1103888),mtagent pbi audit (cross-ref CustomerCode_Zone_State_Mapping.csv),2026-07-14
Shoppers Stop,Shoppers Stop Ltd-Saket-127,Shoppers Stop Ltd-Saket-127,Direct,BBlunt,Monthly dynamic Cont% (secondary-driven),3,Nov'25–Jan'26,100.0,100.0,100.0,High,Direct ship-to → single chain (1:1),,,,,,Validated (Cross-Ref),Shoppers Stop Ltd,Shoppers Stop Ltd,Keep,fuzzy match on Ship-To Name against Confirmed row in CustomerCode_Zone_State_Mapping.csv (Customer Code 1103888),mtagent pbi audit (cross-ref CustomerCode_Zone_State_Mapping.csv),2026-07-14
Shoppers Stop,Shoppers Stop Ltd-Saket-127,Shoppers Stop Ltd-Saket-127,Direct,Mamaearth,Monthly dynamic Cont% (secondary-driven),4,Nov'25–Mar'26,100.0,100.0,100.0,High,Direct ship-to → single chain (1:1),,,,,,Validated (Cross-Ref),Shoppers Stop Ltd,Shoppers Stop Ltd,Keep,fuzzy match on Ship-To Name against Confirmed row in CustomerCode_Zone_State_Mapping.csv (Customer Code 1103888),mtagent pbi audit (cross-ref CustomerCode_Zone_State_Mapping.csv),2026-07-14
Shoppers Stop,Shoppers Stop Ltd-Saket-127,Shoppers Stop Ltd-Saket-127,Direct,The Derma Co.,Monthly dynamic Cont% (secondary-driven),4,Nov'25–Mar'26,100.0,100.0,100.0,High,Direct ship-to → single chain (1:1),,,,,,Validated (Cross-Ref),Shoppers Stop Ltd,Shoppers Stop Ltd,Keep,fuzzy match on Ship-To Name against Confirmed row in CustomerCode_Zone_State_Mapping.csv (Customer Code 1103888),mtagent pbi audit (cross-ref CustomerCode_Zone_State_Mapping.csv),2026-07-14
Shoppers Stop,Shoppers Stop Ltd-Saket-8707,Shoppers Stop Ltd-Saket-8707,Direct,Lumineve,Monthly dynamic Cont% (secondary-driven),1,Apr'26–Apr'26,100.0,100.0,100.0,High,Direct ship-to → single chain (1:1),,,,,,Validated (High-Confidence Auto),Shoppers Stop,Shoppers Stop Ltd-Saket-8707,Keep,no Confirmed cross-reference found; auto-accepted as a direct 1:1 ship-to->chain mapping (High confidence per the file's own methodology),mtagent pbi audit (cross-ref CustomerCode_Zone_State_Mapping.csv),2026-07-14
Shoppers Stop,Shoppers Stop Ltd-Sambhajinagar-150,Shoppers Stop Ltd-Sambhajinagar-150,Direct,Aqualogica,Monthly dynamic Cont% (secondary-driven),8,Jun'25–Jan'26,100.0,100.0,100.0,High,Direct ship-to → single chain (1:1),,,,,,Validated (Cross-Ref),Shoppers Stop Ltd,Shoppers Stop Ltd,Keep,fuzzy match on Ship-To Name against Confirmed row in CustomerCode_Zone_State_Mapping.csv (Customer Code 1103806),mtagent pbi audit (cross-ref CustomerCode_Zone_State_Mapping.csv),2026-07-14
Shoppers Stop,Shoppers Stop Ltd-Sambhajinagar-150,Shoppers Stop Ltd-Sambhajinagar-150,Direct,BBlunt,Monthly dynamic Cont% (secondary-driven),8,May'25–Jan'26,100.0,100.0,100.0,High,Direct ship-to → single chain (1:1),,,,,,Validated (Cross-Ref),Shoppers Stop Ltd,Shoppers Stop Ltd,Keep,fuzzy match on Ship-To Name against Confirmed row in CustomerCode_Zone_State_Mapping.csv (Customer Code 1103806),mtagent pbi audit (cross-ref CustomerCode_Zone_State_Mapping.csv),2026-07-14
Shoppers Stop,Shoppers Stop Ltd-Sambhajinagar-150,Shoppers Stop Ltd-Sambhajinagar-150,Direct,Mamaearth,Monthly dynamic Cont% (secondary-driven),10,May'25–Mar'26,100.0,100.0,100.0,High,Direct ship-to → single chain (1:1),,,,,,Validated (Cross-Ref),Shoppers Stop Ltd,Shoppers Stop Ltd,Keep,fuzzy match on Ship-To Name against Confirmed row in CustomerCode_Zone_State_Mapping.csv (Customer Code 1103806),mtagent pbi audit (cross-ref CustomerCode_Zone_State_Mapping.csv),2026-07-14
Shoppers Stop,Shoppers Stop Ltd-Sambhajinagar-150,Shoppers Stop Ltd-Sambhajinagar-150,Direct,The Derma Co.,Monthly dynamic Cont% (secondary-driven),10,May'25–Mar'26,100.0,100.0,100.0,High,Direct ship-to → single chain (1:1),,,,,,Validated (Cross-Ref),Shoppers Stop Ltd,Shoppers Stop Ltd,Keep,fuzzy match on Ship-To Name against Confirmed row in CustomerCode_Zone_State_Mapping.csv (Customer Code 1103806),mtagent pbi audit (cross-ref CustomerCode_Zone_State_Mapping.csv),2026-07-14
Shoppers Stop,Shoppers Stop Ltd-Shillong-8524,Shoppers Stop Ltd-Shillong-8524,Direct,Aqualogica,Monthly dynamic Cont% (secondary-driven),8,May'25–Jan'26,100.0,100.0,100.0,High,Direct ship-to → single chain (1:1),,,,,,Validated (Cross-Ref),Shoppers Stop Ltd,Shoppers Stop Ltd,Keep,fuzzy match on Ship-To Name against Confirmed row in CustomerCode_Zone_State_Mapping.csv (Customer Code 1103807),mtagent pbi audit (cross-ref CustomerCode_Zone_State_Mapping.csv),2026-07-14
Shoppers Stop,Shoppers Stop Ltd-Shillong-8524,Shoppers Stop Ltd-Shillong-8524,Direct,BBlunt,Monthly dynamic Cont% (secondary-driven),8,Jun'25–Jan'26,100.0,100.0,100.0,High,Direct ship-to → single chain (1:1),,,,,,Validated (Cross-Ref),Shoppers Stop Ltd,Shoppers Stop Ltd,Keep,fuzzy match on Ship-To Name against Confirmed row in CustomerCode_Zone_State_Mapping.csv (Customer Code 1103807),mtagent pbi audit (cross-ref CustomerCode_Zone_State_Mapping.csv),2026-07-14
Shoppers Stop,Shoppers Stop Ltd-Shillong-8524,Shoppers Stop Ltd-Shillong-8524,Direct,Mamaearth,Monthly dynamic Cont% (secondary-driven),8,May'25–Mar'26,100.0,100.0,100.0,High,Direct ship-to → single chain (1:1),,,,,,Validated (Cross-Ref),Shoppers Stop Ltd,Shoppers Stop Ltd,Keep,fuzzy match on Ship-To Name against Confirmed row in CustomerCode_Zone_State_Mapping.csv (Customer Code 1103807),mtagent pbi audit (cross-ref CustomerCode_Zone_State_Mapping.csv),2026-07-14
Shoppers Stop,Shoppers Stop Ltd-Shillong-8524,Shoppers Stop Ltd-Shillong-8524,Direct,The Derma Co.,Monthly dynamic Cont% (secondary-driven),8,May'25–Mar'26,100.0,100.0,100.0,High,Direct ship-to → single chain (1:1),,,,,,Validated (Cross-Ref),Shoppers Stop Ltd,Shoppers Stop Ltd,Keep,fuzzy match on Ship-To Name against Confirmed row in CustomerCode_Zone_State_Mapping.csv (Customer Code 1103807),mtagent pbi audit (cross-ref CustomerCode_Zone_State_Mapping.csv),2026-07-14
Shoppers Stop,Shoppers Stop Ltd-Siliguri-167,Shoppers Stop Ltd-Siliguri-167,Direct,Aqualogica,Monthly dynamic Cont% (secondary-driven),5,May'25–Dec'25,100.0,100.0,100.0,High,Direct ship-to → single chain (1:1),,,,,,Validated (Cross-Ref),Shoppers Stop Ltd,Shoppers Stop Ltd,Keep,fuzzy match on Ship-To Name against Confirmed row in CustomerCode_Zone_State_Mapping.csv (Customer Code 1103808),mtagent pbi audit (cross-ref CustomerCode_Zone_State_Mapping.csv),2026-07-14
Shoppers Stop,Shoppers Stop Ltd-Siliguri-167,Shoppers Stop Ltd-Siliguri-167,Direct,BBlunt,Monthly dynamic Cont% (secondary-driven),6,Jun'25–Dec'25,100.0,100.0,100.0,High,Direct ship-to → single chain (1:1),,,,,,Validated (Cross-Ref),Shoppers Stop Ltd,Shoppers Stop Ltd,Keep,fuzzy match on Ship-To Name against Confirmed row in CustomerCode_Zone_State_Mapping.csv (Customer Code 1103808),mtagent pbi audit (cross-ref CustomerCode_Zone_State_Mapping.csv),2026-07-14
Shoppers Stop,Shoppers Stop Ltd-Siliguri-167,Shoppers Stop Ltd-Siliguri-167,Direct,Mamaearth,Monthly dynamic Cont% (secondary-driven),9,May'25–Mar'26,100.0,100.0,100.0,High,Direct ship-to → single chain (1:1),,,,,,Validated (Cross-Ref),Shoppers Stop Ltd,Shoppers Stop Ltd,Keep,fuzzy match on Ship-To Name against Confirmed row in CustomerCode_Zone_State_Mapping.csv (Customer Code 1103808),mtagent pbi audit (cross-ref CustomerCode_Zone_State_Mapping.csv),2026-07-14
Shoppers Stop,Shoppers Stop Ltd-Siliguri-167,Shoppers Stop Ltd-Siliguri-167,Direct,The Derma Co.,Monthly dynamic Cont% (secondary-driven),9,May'25–Mar'26,100.0,100.0,100.0,High,Direct ship-to → single chain (1:1),,,,,,Validated (Cross-Ref),Shoppers Stop Ltd,Shoppers Stop Ltd,Keep,fuzzy match on Ship-To Name against Confirmed row in CustomerCode_Zone_State_Mapping.csv (Customer Code 1103808),mtagent pbi audit (cross-ref CustomerCode_Zone_State_Mapping.csv),2026-07-14
Shoppers Stop,Shoppers Stop Ltd-The Great  Place-130,Shoppers Stop Ltd-The Great Place-130,Direct,Aqualogica,Monthly dynamic Cont% (secondary-driven),9,May'25–Feb'26,100.0,100.0,100.0,High,Direct ship-to → single chain (1:1),,,,,,Validated (Cross-Ref),Shoppers Stop Ltd,Shoppers Stop Ltd,Keep,fuzzy match on Ship-To Name against Confirmed row in CustomerCode_Zone_State_Mapping.csv (Customer Code 1103809),mtagent pbi audit (cross-ref CustomerCode_Zone_State_Mapping.csv),2026-07-14
Shoppers Stop,Shoppers Stop Ltd-The Great  Place-130,Shoppers Stop Ltd-The Great Place-130,Direct,BBlunt,Monthly dynamic Cont% (secondary-driven),9,May'25–Feb'26,100.0,100.0,100.0,High,Direct ship-to → single chain (1:1),,,,,,Validated (Cross-Ref),Shoppers Stop Ltd,Shoppers Stop Ltd,Keep,fuzzy match on Ship-To Name against Confirmed row in CustomerCode_Zone_State_Mapping.csv (Customer Code 1103809),mtagent pbi audit (cross-ref CustomerCode_Zone_State_Mapping.csv),2026-07-14
Shoppers Stop,Shoppers Stop Ltd-The Great  Place-130,Shoppers Stop Ltd-The Great Place-130,Direct,Mamaearth,Monthly dynamic Cont% (secondary-driven),11,May'25–Mar'26,100.0,100.0,100.0,High,Direct ship-to → single chain (1:1),,,,,,Validated (Cross-Ref),Shoppers Stop Ltd,Shoppers Stop Ltd,Keep,fuzzy match on Ship-To Name against Confirmed row in CustomerCode_Zone_State_Mapping.csv (Customer Code 1103809),mtagent pbi audit (cross-ref CustomerCode_Zone_State_Mapping.csv),2026-07-14
Shoppers Stop,Shoppers Stop Ltd-The Great  Place-130,Shoppers Stop Ltd-The Great Place-130,Direct,The Derma Co.,Monthly dynamic Cont% (secondary-driven),11,May'25–Mar'26,100.0,100.0,100.0,High,Direct ship-to → single chain (1:1),,,,,,Validated (Cross-Ref),Shoppers Stop Ltd,Shoppers Stop Ltd,Keep,fuzzy match on Ship-To Name against Confirmed row in CustomerCode_Zone_State_Mapping.csv (Customer Code 1103809),mtagent pbi audit (cross-ref CustomerCode_Zone_State_Mapping.csv),2026-07-14
Shoppers Stop,Shoppers Stop Pvt Ltd-330,Shoppers Stop Pvt Ltd-330,Direct,Aqualogica,Monthly dynamic Cont% (secondary-driven),7,May'25–Jan'26,100.0,100.0,100.0,High,Direct ship-to → single chain (1:1),,,,,,Validated (Cross-Ref),Shoppers Stop Ltd,Shoppers Stop Ltd,Keep,fuzzy match on Ship-To Name against Confirmed row in CustomerCode_Zone_State_Mapping.csv (Customer Code 1103810),mtagent pbi audit (cross-ref CustomerCode_Zone_State_Mapping.csv),2026-07-14
Shoppers Stop,Shoppers Stop Pvt Ltd-330,Shoppers Stop Pvt Ltd-330,Direct,BBlunt,Monthly dynamic Cont% (secondary-driven),7,May'25–Jan'26,100.0,100.0,100.0,High,Direct ship-to → single chain (1:1),,,,,,Validated (Cross-Ref),Shoppers Stop Ltd,Shoppers Stop Ltd,Keep,fuzzy match on Ship-To Name against Confirmed row in CustomerCode_Zone_State_Mapping.csv (Customer Code 1103810),mtagent pbi audit (cross-ref CustomerCode_Zone_State_Mapping.csv),2026-07-14
Shoppers Stop,Shoppers Stop Pvt Ltd-330,Shoppers Stop Pvt Ltd-330,Direct,Mamaearth,Monthly dynamic Cont% (secondary-driven),9,May'25–Mar'26,100.0,100.0,100.0,High,Direct ship-to → single chain (1:1),,,,,,Validated (Cross-Ref),Shoppers Stop Ltd,Shoppers Stop Ltd,Keep,fuzzy match on Ship-To Name against Confirmed row in CustomerCode_Zone_State_Mapping.csv (Customer Code 1103810),mtagent pbi audit (cross-ref CustomerCode_Zone_State_Mapping.csv),2026-07-14
Shoppers Stop,Shoppers Stop Pvt Ltd-330,Shoppers Stop Pvt Ltd-330,Direct,The Derma Co.,Monthly dynamic Cont% (secondary-driven),9,May'25–Mar'26,100.0,100.0,100.0,High,Direct ship-to → single chain (1:1),,,,,,Validated (Cross-Ref),Shoppers Stop Ltd,Shoppers Stop Ltd,Keep,fuzzy match on Ship-To Name against Confirmed row in CustomerCode_Zone_State_Mapping.csv (Customer Code 1103810),mtagent pbi audit (cross-ref CustomerCode_Zone_State_Mapping.csv),2026-07-14
Sohum Shoppe,SC BUSINESS COMBINE_MT,SC BUSINESS COMBINE,Dist.,Mamaearth,Monthly dynamic Cont% (secondary-driven),2,Oct'25–Apr'26,54.43,8.85,100.0,Medium,Multi-chain distributor; split by secondary Cont% — validate (3 chains),,Y,Y,,,Validated (Cross-Ref),SC BUSINESS COMBINE,SC BUSINESS COMBINE,Keep,exact match on Ship-To Name against Confirmed row in CustomerCode_Zone_State_Mapping.csv (Customer Code 1101657),mtagent pbi audit (cross-ref CustomerCode_Zone_State_Mapping.csv),2026-07-14
Spencers,CHHABRA TRADERS_Ship To,CHHABRA TRADERS,Dist.,BBlunt,Monthly dynamic Cont% (secondary-driven),2,May'25–Jun'25,100.0,100.0,100.0,Medium,Multi-chain distributor; split by secondary Cont% — validate (5 chains),,Y,Y,,,Pending,,,Needs Check,,,
Spencers,CHHABRA TRADERS_Ship To,CHHABRA TRADERS,Dist.,Mamaearth,Monthly dynamic Cont% (secondary-driven),6,May'25–Dec'25,32.16,12.64,100.0,Medium,Multi-chain distributor; split by secondary Cont% — validate (5 chains),,Y,Y,,,Pending,,,Needs Check,,,
Spencers,CHHABRA TRADERS_Ship To,CHHABRA TRADERS,Dist.,The Derma Co.,Monthly dynamic Cont% (secondary-driven),1,Feb'26–Feb'26,50.29,50.29,50.29,Medium,Multi-chain distributor; split by secondary Cont% — validate (5 chains),,Y,Y,,,Pending,,,Needs Check,,,
Spencers,Chhabra Traders,Chhabra Traders,Dist.,BBlunt,Monthly dynamic Cont% (secondary-driven),2,Sep'25–Jan'26,100.0,100.0,100.0,Medium,Multi-chain distributor; split by secondary Cont% — validate (5 chains),,Y,Y,,,Validated (Cross-Ref),CHHABRA TRADERS,CHHABRA TRADERS,Keep,fuzzy match on Ship-To Name against Confirmed row in CustomerCode_Zone_State_Mapping.csv (Customer Code 1103093),mtagent pbi audit (cross-ref CustomerCode_Zone_State_Mapping.csv),2026-07-14
Spencers,Chhabra Traders,Chhabra Traders,Dist.,Mamaearth,Monthly dynamic Cont% (secondary-driven),6,Jul'25–May'26,30.53,10.97,100.0,Medium,Multi-chain distributor; split by secondary Cont% — validate (5 chains),,Y,Y,,,Validated (Cross-Ref),CHHABRA TRADERS,CHHABRA TRADERS,Keep,fuzzy match on Ship-To Name against Confirmed row in CustomerCode_Zone_State_Mapping.csv (Customer Code 1103093),mtagent pbi audit (cross-ref CustomerCode_Zone_State_Mapping.csv),2026-07-14
Spencers,D.L. Sales - MT,D.L. Sales,Dist.,Aqualogica,Monthly dynamic Cont% (secondary-driven),7,Apr'25–Apr'26,23.65,-0.19,60.35,Low,Multi-chain distributor; split by secondary Cont% — validate (13 chains); NEGATIVE NSV/Cont — review,Y,,Y,Y,,Validated (Cross-Ref),D.L. Sales - MT,D.L. Sales - MT,Keep,fuzzy match on Ship-To Name against Confirmed row in CustomerCode_Zone_State_Mapping.csv (Customer Code 1102945),mtagent pbi audit (cross-ref CustomerCode_Zone_State_Mapping.csv),2026-07-14
Spencers,D.L. Sales - MT,D.L. Sales,Dist.,BBlunt,Monthly dynamic Cont% (secondary-driven),5,Apr'25–Sep'25,46.99,32.44,67.26,Medium,Multi-chain distributor; split by secondary Cont% — validate (13 chains),,Y,Y,,,Validated (Cross-Ref),D.L. Sales - MT,D.L. Sales - MT,Keep,fuzzy match on Ship-To Name against Confirmed row in CustomerCode_Zone_State_Mapping.csv (Customer Code 1102945),mtagent pbi audit (cross-ref CustomerCode_Zone_State_Mapping.csv),2026-07-14
Spencers,D.L. Sales - MT,D.L. Sales,Dist.,Mamaearth,Monthly dynamic Cont% (secondary-driven),14,Apr'25–May'26,20.32,6.25,35.11,Medium,Multi-chain distributor; split by secondary Cont% — validate (13 chains),,Y,Y,,,Validated (Cross-Ref),D.L. Sales - MT,D.L. Sales - MT,Keep,fuzzy match on Ship-To Name against Confirmed row in CustomerCode_Zone_State_Mapping.csv (Customer Code 1102945),mtagent pbi audit (cross-ref CustomerCode_Zone_State_Mapping.csv),2026-07-14
Spencers,D.L. Sales - MT,D.L. Sales,Dist.,The Derma Co.,Monthly dynamic Cont% (secondary-driven),9,Apr'25–May'26,8.03,1.59,42.33,Medium,Multi-chain distributor; split by secondary Cont% — validate (13 chains),,Y,Y,,,Validated (Cross-Ref),D.L. Sales - MT,D.L. Sales - MT,Keep,fuzzy match on Ship-To Name against Confirmed row in CustomerCode_Zone_State_Mapping.csv (Customer Code 1102945),mtagent pbi audit (cross-ref CustomerCode_Zone_State_Mapping.csv),2026-07-14
Spencers,Sri Vijaya Durga Agencies_Mt,Sri Vijaya Durga Agencies,Dist.,Mamaearth,Monthly dynamic Cont% (secondary-driven),1,Feb'26–Feb'26,2.5,2.5,2.5,Medium,Multi-chain distributor; split by secondary Cont% — validate (7 chains),,Y,Y,,,Validated (Cross-Ref),Sri Vijaya Durga Agencies,Sri Vijaya Durga Agencies,Keep,exact match on Ship-To Name against Confirmed row in CustomerCode_Zone_State_Mapping.csv (Customer Code 1101181),mtagent pbi audit (cross-ref CustomerCode_Zone_State_Mapping.csv),2026-07-14
Spencers,VENKATESHWARA AGENCIES-TG,VENKATESHWARA AGENCIES,Dist.,The Derma Co.,Monthly dynamic Cont% (secondary-driven),1,Jan'26–Jan'26,1.56,1.56,1.56,Medium,Multi-chain distributor; split by secondary Cont% — validate (8 chains),,Y,Y,,,Validated (Cross-Ref),VENKATESHWARA AGENCIES-TG,VENKATESHWARA AGENCIES-TG,Keep,exact match on Ship-To Name against Confirmed row in CustomerCode_Zone_State_Mapping.csv (Customer Code 1104539),mtagent pbi audit (cross-ref CustomerCode_Zone_State_Mapping.csv),2026-07-14
Sumo Save,D.L. Sales - MT,D.L. Sales,Dist.,Mamaearth,Monthly dynamic Cont% (secondary-driven),3,Mar'26–May'26,5.5,3.19,8.43,Medium,Multi-chain distributor; split by secondary Cont% — validate (13 chains),,Y,Y,,,Validated (Cross-Ref),D.L. Sales - MT,D.L. Sales - MT,Keep,fuzzy match on Ship-To Name against Confirmed row in CustomerCode_Zone_State_Mapping.csv (Customer Code 1102945),mtagent pbi audit (cross-ref CustomerCode_Zone_State_Mapping.csv),2026-07-14
Today's Basket,Arunachala Logistics Pvt Ltd_Ship To,Arunachala Logistics Pvt Ltd,Direct,Aqualogica,Monthly dynamic Cont% (secondary-driven),2,May'25–Sep'25,100.0,100.0,100.0,High,Direct ship-to → single chain (1:1),,,,,,Validated (Cross-Ref),Arunachala Logistics,Arunachala Logistics,Keep,fuzzy match on Ship-To Name against Confirmed row in CustomerCode_Zone_State_Mapping.csv (Customer Code 1103791),mtagent pbi audit (cross-ref CustomerCode_Zone_State_Mapping.csv),2026-07-14
Today's Basket,Arunachala Logistics Pvt Ltd_Ship To,Arunachala Logistics Pvt Ltd,Direct,BBlunt,Monthly dynamic Cont% (secondary-driven),3,May'25–Oct'25,100.0,100.0,100.0,High,Direct ship-to → single chain (1:1),,,,,,Validated (Cross-Ref),Arunachala Logistics,Arunachala Logistics,Keep,fuzzy match on Ship-To Name against Confirmed row in CustomerCode_Zone_State_Mapping.csv (Customer Code 1103791),mtagent pbi audit (cross-ref CustomerCode_Zone_State_Mapping.csv),2026-07-14
Today's Basket,Arunachala Logistics Pvt Ltd_Ship To,Arunachala Logistics Pvt Ltd,Direct,Mamaearth,Monthly dynamic Cont% (secondary-driven),4,May'25–Feb'26,100.0,100.0,100.0,High,Direct ship-to → single chain (1:1),,,,,,Validated (Cross-Ref),Arunachala Logistics,Arunachala Logistics,Keep,fuzzy match on Ship-To Name against Confirmed row in CustomerCode_Zone_State_Mapping.csv (Customer Code 1103791),mtagent pbi audit (cross-ref CustomerCode_Zone_State_Mapping.csv),2026-07-14
Today's Basket,Arunachala Logistics Pvt Ltd_Ship To,Arunachala Logistics Pvt Ltd,Direct,The Derma Co.,Monthly dynamic Cont% (secondary-driven),3,May'25–Feb'26,100.0,100.0,100.0,High,Direct ship-to → single chain (1:1),,,,,,Validated (Cross-Ref),Arunachala Logistics,Arunachala Logistics,Keep,fuzzy match on Ship-To Name against Confirmed row in CustomerCode_Zone_State_Mapping.csv (Customer Code 1103791),mtagent pbi audit (cross-ref CustomerCode_Zone_State_Mapping.csv),2026-07-14
Trent,Trent Hypermarket Private Limited-P,Trent Hypermarket Private Limited-P,Direct,Mamaearth,Monthly dynamic Cont% (secondary-driven),14,Apr'25–May'26,100.0,100.0,100.0,High,Direct ship-to → single chain (1:1),,,,,,Validated (High-Confidence Auto),Trent,Trent Hypermarket Private Limited-P,Keep,no Confirmed cross-reference found; auto-accepted as a direct 1:1 ship-to->chain mapping (High confidence per the file's own methodology),mtagent pbi audit (cross-ref CustomerCode_Zone_State_Mapping.csv),2026-07-14
Trent,Trent Hypermarket Private Limited-P,Trent Hypermarket Private Limited-P,Direct,The Derma Co.,Monthly dynamic Cont% (secondary-driven),1,May'26–May'26,100.0,100.0,100.0,High,Direct ship-to → single chain (1:1),,,,,,Validated (High-Confidence Auto),Trent,Trent Hypermarket Private Limited-P,Keep,no Confirmed cross-reference found; auto-accepted as a direct 1:1 ship-to->chain mapping (High confidence per the file's own methodology),mtagent pbi audit (cross-ref CustomerCode_Zone_State_Mapping.csv),2026-07-14
Trent,Trent Hypermarket Private Limited_Blr,Trent Hypermarket Private Limited_Blr,Direct,Mamaearth,Monthly dynamic Cont% (secondary-driven),14,Apr'25–May'26,100.0,100.0,100.0,High,Direct ship-to → single chain (1:1),,,,,,Validated (High-Confidence Auto),Trent,Trent Hypermarket Private Limited_Blr,Keep,no Confirmed cross-reference found; auto-accepted as a direct 1:1 ship-to->chain mapping (High confidence per the file's own methodology),mtagent pbi audit (cross-ref CustomerCode_Zone_State_Mapping.csv),2026-07-14
Trent,Trent Hypermarket Private Limited_Blr,Trent Hypermarket Private Limited_Blr,Direct,The Derma Co.,Monthly dynamic Cont% (secondary-driven),1,May'26–May'26,100.0,100.0,100.0,High,Direct ship-to → single chain (1:1),,,,,,Validated (High-Confidence Auto),Trent,Trent Hypermarket Private Limited_Blr,Keep,no Confirmed cross-reference found; auto-accepted as a direct 1:1 ship-to->chain mapping (High confidence per the file's own methodology),mtagent pbi audit (cross-ref CustomerCode_Zone_State_Mapping.csv),2026-07-14
Trent,Trent Hypermarket Private Limited_Mah,Trent Hypermarket Private Limited_Mah,Direct,Mamaearth,Monthly dynamic Cont% (secondary-driven),14,Apr'25–May'26,100.0,100.0,100.0,High,Direct ship-to → single chain (1:1),,,,,,Validated (High-Confidence Auto),Trent,Trent Hypermarket Private Limited_Mah,Keep,no Confirmed cross-reference found; auto-accepted as a direct 1:1 ship-to->chain mapping (High confidence per the file's own methodology),mtagent pbi audit (cross-ref CustomerCode_Zone_State_Mapping.csv),2026-07-14
Trent,Trent Hypermarket Private Limited_Mah,Trent Hypermarket Private Limited_Mah,Direct,The Derma Co.,Monthly dynamic Cont% (secondary-driven),1,May'26–May'26,100.0,100.0,100.0,High,Direct ship-to → single chain (1:1),,,,,,Validated (High-Confidence Auto),Trent,Trent Hypermarket Private Limited_Mah,Keep,no Confirmed cross-reference found; auto-accepted as a direct 1:1 ship-to->chain mapping (High confidence per the file's own methodology),mtagent pbi audit (cross-ref CustomerCode_Zone_State_Mapping.csv),2026-07-14
Trilife,Az Enterprises,Az Enterprises,Dist.,Aqualogica,Monthly dynamic Cont% (secondary-driven),5,Nov'25–May'26,2.12,0.34,4.21,Medium,Multi-chain distributor; split by secondary Cont% — validate (9 chains); account has 2 ship-to variants/branches — confirm roll-up,,Y,Y,,Y,Validated (Cross-Ref),Az Enterprises-H&G,Az Enterprises-H&G,Merge,exact match on Ship-To Name against Confirmed row in CustomerCode_Zone_State_Mapping.csv (Customer Code 1100298),mtagent pbi audit (cross-ref CustomerCode_Zone_State_Mapping.csv),2026-07-14
Trilife,Az Enterprises,Az Enterprises,Dist.,BBlunt,Monthly dynamic Cont% (secondary-driven),5,Nov'25–May'26,4.32,1.34,8.45,Medium,Multi-chain distributor; split by secondary Cont% — validate (9 chains); account has 2 ship-to variants/branches — confirm roll-up,,Y,Y,,Y,Validated (Cross-Ref),Az Enterprises-H&G,Az Enterprises-H&G,Merge,exact match on Ship-To Name against Confirmed row in CustomerCode_Zone_State_Mapping.csv (Customer Code 1100298),mtagent pbi audit (cross-ref CustomerCode_Zone_State_Mapping.csv),2026-07-14
Trilife,Az Enterprises,Az Enterprises,Dist.,Mamaearth,Monthly dynamic Cont% (secondary-driven),3,Dec'25–May'26,0.12,0.02,0.23,Medium,Multi-chain distributor; split by secondary Cont% — validate (9 chains); account has 2 ship-to variants/branches — confirm roll-up,,Y,Y,,Y,Validated (Cross-Ref),Az Enterprises-H&G,Az Enterprises-H&G,Merge,exact match on Ship-To Name against Confirmed row in CustomerCode_Zone_State_Mapping.csv (Customer Code 1100298),mtagent pbi audit (cross-ref CustomerCode_Zone_State_Mapping.csv),2026-07-14
Trilife,Az Enterprises,Az Enterprises,Dist.,The Derma Co.,Monthly dynamic Cont% (secondary-driven),4,Dec'25–May'26,0.26,0.08,0.49,Medium,Multi-chain distributor; split by secondary Cont% — validate (9 chains); account has 2 ship-to variants/branches — confirm roll-up,,Y,Y,,Y,Validated (Cross-Ref),Az Enterprises-H&G,Az Enterprises-H&G,Merge,exact match on Ship-To Name against Confirmed row in CustomerCode_Zone_State_Mapping.csv (Customer Code 1100298),mtagent pbi audit (cross-ref CustomerCode_Zone_State_Mapping.csv),2026-07-14
Trilife,Az Enterprises(Apollo/More)Mt,Az Enterprises,Dist.,Aqualogica,Monthly dynamic Cont% (secondary-driven),4,Apr'25–Aug'25,1.4,0.44,3.02,Medium,Multi-chain distributor; split by secondary Cont% — validate (9 chains); account has 2 ship-to variants/branches — confirm roll-up,,Y,Y,,Y,Validated (Cross-Ref),Az Enterprises-MT,Az Enterprises-MT,Merge,exact match on Ship-To Name against Confirmed row in CustomerCode_Zone_State_Mapping.csv (Customer Code 1101158),mtagent pbi audit (cross-ref CustomerCode_Zone_State_Mapping.csv),2026-07-14
Trilife,Az Enterprises(Apollo/More)Mt,Az Enterprises,Dist.,BBlunt,Monthly dynamic Cont% (secondary-driven),4,Apr'25–Oct'25,1.37,0.1,2.64,Medium,Multi-chain distributor; split by secondary Cont% — validate (9 chains); account has 2 ship-to variants/branches — confirm roll-up,,Y,Y,,Y,Validated (Cross-Ref),Az Enterprises-MT,Az Enterprises-MT,Merge,exact match on Ship-To Name against Confirmed row in CustomerCode_Zone_State_Mapping.csv (Customer Code 1101158),mtagent pbi audit (cross-ref CustomerCode_Zone_State_Mapping.csv),2026-07-14
Trilife,Az Enterprises(Apollo/More)Mt,Az Enterprises,Dist.,Dr. Sheth's,Monthly dynamic Cont% (secondary-driven),1,Oct'25–Oct'25,0.32,0.32,0.32,Medium,Multi-chain distributor; split by secondary Cont% — validate (9 chains); account has 2 ship-to variants/branches — confirm roll-up,,Y,Y,,Y,Validated (Cross-Ref),Az Enterprises-MT,Az Enterprises-MT,Merge,exact match on Ship-To Name against Confirmed row in CustomerCode_Zone_State_Mapping.csv (Customer Code 1101158),mtagent pbi audit (cross-ref CustomerCode_Zone_State_Mapping.csv),2026-07-14
Trilife,Az Enterprises(Apollo/More)Mt,Az Enterprises,Dist.,Mamaearth,Monthly dynamic Cont% (secondary-driven),5,Apr'25–Nov'25,1.76,0.01,10.19,Medium,Multi-chain distributor; split by secondary Cont% — validate (9 chains); account has 2 ship-to variants/branches — confirm roll-up,,Y,Y,,Y,Validated (Cross-Ref),Az Enterprises-MT,Az Enterprises-MT,Merge,exact match on Ship-To Name against Confirmed row in CustomerCode_Zone_State_Mapping.csv (Customer Code 1101158),mtagent pbi audit (cross-ref CustomerCode_Zone_State_Mapping.csv),2026-07-14
Trilife,Az Enterprises(Apollo/More)Mt,Az Enterprises,Dist.,The Derma Co.,Monthly dynamic Cont% (secondary-driven),5,Apr'25–Nov'25,0.21,0.02,0.34,Medium,Multi-chain distributor; split by secondary Cont% — validate (9 chains); account has 2 ship-to variants/branches — confirm roll-up,,Y,Y,,Y,Validated (Cross-Ref),Az Enterprises-MT,Az Enterprises-MT,Merge,exact match on Ship-To Name against Confirmed row in CustomerCode_Zone_State_Mapping.csv (Customer Code 1101158),mtagent pbi audit (cross-ref CustomerCode_Zone_State_Mapping.csv),2026-07-14
V-Mart,D.L. Sales - MT,D.L. Sales,Dist.,Mamaearth,Monthly dynamic Cont% (secondary-driven),7,Apr'25–Mar'26,2.72,0.63,4.53,Medium,Multi-chain distributor; split by secondary Cont% — validate (13 chains),,Y,Y,,,Validated (Cross-Ref),D.L. Sales - MT,D.L. Sales - MT,Keep,fuzzy match on Ship-To Name against Confirmed row in CustomerCode_Zone_State_Mapping.csv (Customer Code 1102945),mtagent pbi audit (cross-ref CustomerCode_Zone_State_Mapping.csv),2026-07-14
V-Mart,JB Pharma_MT,JB Pharma,Dist.,Mamaearth,Monthly dynamic Cont% (secondary-driven),3,Jun'25–Oct'25,100.0,100.0,100.0,High,Distributor serving a single chain,,,,,,Validated (Cross-Ref),JB Pharma,JB Pharma,Keep,exact match on Ship-To Name against Confirmed row in CustomerCode_Zone_State_Mapping.csv (Customer Code 1101656),mtagent pbi audit (cross-ref CustomerCode_Zone_State_Mapping.csv),2026-07-14
V-Mart,SAI SAACHI ASSOCIATES-MT-OR,SAI SAACHI ASSOCIATES,Dist.,Mamaearth,Monthly dynamic Cont% (secondary-driven),8,Jun'25–Jan'26,88.04,11.27,100.0,Medium,Multi-chain distributor; split by secondary Cont% — validate (4 chains),,Y,Y,,,Validated (Cross-Ref),SAI SAACHI ASSOCIATES-MT-OR,SAI SAACHI ASSOCIATES-MT-OR,Keep,fuzzy match on Ship-To Name against Confirmed row in CustomerCode_Zone_State_Mapping.csv (Customer Code 1103818),mtagent pbi audit (cross-ref CustomerCode_Zone_State_Mapping.csv),2026-07-14
V-Mart,SC BUSINESS COMBINE_MT,SC BUSINESS COMBINE,Dist.,Mamaearth,Monthly dynamic Cont% (secondary-driven),4,May'25–Oct'25,96.9,87.61,100.0,Medium,Multi-chain distributor; split by secondary Cont% — validate (3 chains),,Y,Y,,,Validated (Cross-Ref),SC BUSINESS COMBINE,SC BUSINESS COMBINE,Keep,exact match on Ship-To Name against Confirmed row in CustomerCode_Zone_State_Mapping.csv (Customer Code 1101657),mtagent pbi audit (cross-ref CustomerCode_Zone_State_Mapping.csv),2026-07-14
V-Mart,V-Mart Retail Limited-OR,V-Mart Retail Limited,Direct,Mamaearth,Monthly dynamic Cont% (secondary-driven),1,May'26–May'26,100.0,100.0,100.0,High,Direct ship-to → single chain (1:1); account has 2 ship-to variants/branches — confirm roll-up,,,,,Y,Validated (High-Confidence Auto),V-Mart,V-Mart Retail Limited,Keep,no Confirmed cross-reference found; auto-accepted as a direct 1:1 ship-to->chain mapping (High confidence per the file's own methodology),mtagent pbi audit (cross-ref CustomerCode_Zone_State_Mapping.csv),2026-07-14
V-Mart,V-Mart Retail Limited-WB,V-Mart Retail Limited,Direct,Mamaearth,Monthly dynamic Cont% (secondary-driven),1,May'26–May'26,100.0,100.0,100.0,High,Direct ship-to → single chain (1:1); account has 2 ship-to variants/branches — confirm roll-up,,,,,Y,Validated (High-Confidence Auto),V-Mart,V-Mart Retail Limited,Keep,no Confirmed cross-reference found; auto-accepted as a direct 1:1 ship-to->chain mapping (High confidence per the file's own methodology),mtagent pbi audit (cross-ref CustomerCode_Zone_State_Mapping.csv),2026-07-14
V-Mart,V-Mart Retail Limited-148-BIRSA-JH,V-Mart Retail Limited-148-BIRSA,Direct,Mamaearth,Monthly dynamic Cont% (secondary-driven),1,May'26–May'26,100.0,100.0,100.0,High,Direct ship-to → single chain (1:1),,,,,,Validated (High-Confidence Auto),V-Mart,V-Mart Retail Limited-148-BIRSA,Keep,no Confirmed cross-reference found; auto-accepted as a direct 1:1 ship-to->chain mapping (High confidence per the file's own methodology),mtagent pbi audit (cross-ref CustomerCode_Zone_State_Mapping.csv),2026-07-14
V-Mart,V-Mart Retail Limited-478-BARPETA-AS,V-Mart Retail Limited-478-BARPETA-AS,Direct,Mamaearth,Monthly dynamic Cont% (secondary-driven),1,May'26–May'26,100.0,100.0,100.0,High,Direct ship-to → single chain (1:1),,,,,,Validated (High-Confidence Auto),V-Mart,V-Mart Retail Limited-478-BARPETA-AS,Keep,no Confirmed cross-reference found; auto-accepted as a direct 1:1 ship-to->chain mapping (High confidence per the file's own methodology),mtagent pbi audit (cross-ref CustomerCode_Zone_State_Mapping.csv),2026-07-14
V-Mart,V-Mart Retail Limited-563-HAZARIBAGH-JH,V-Mart Retail Limited-563-HAZARIBAGH,Direct,Mamaearth,Monthly dynamic Cont% (secondary-driven),1,May'26–May'26,100.0,100.0,100.0,High,Direct ship-to → single chain (1:1),,,,,,Validated (High-Confidence Auto),V-Mart,V-Mart Retail Limited-563-HAZARIBAGH,Keep,no Confirmed cross-reference found; auto-accepted as a direct 1:1 ship-to->chain mapping (High confidence per the file's own methodology),mtagent pbi audit (cross-ref CustomerCode_Zone_State_Mapping.csv),2026-07-14
V-Mart,V-Mart Retail Limited-567-CUTTACK-OR,V-Mart Retail Limited-567-CUTTACK,Direct,Mamaearth,Monthly dynamic Cont% (secondary-driven),1,May'26–May'26,100.0,100.0,100.0,High,Direct ship-to → single chain (1:1),,,,,,Validated (High-Confidence Auto),V-Mart,V-Mart Retail Limited-567-CUTTACK,Keep,no Confirmed cross-reference found; auto-accepted as a direct 1:1 ship-to->chain mapping (High confidence per the file's own methodology),mtagent pbi audit (cross-ref CustomerCode_Zone_State_Mapping.csv),2026-07-14
V-Mart,V-Mart Retail Limited-629-UDAIPUR-TR,V-Mart Retail Limited-629-UDAIPUR-TR,Direct,Mamaearth,Monthly dynamic Cont% (secondary-driven),1,May'26–May'26,100.0,100.0,100.0,High,Direct ship-to → single chain (1:1),,,,,,Validated (High-Confidence Auto),V-Mart,V-Mart Retail Limited-629-UDAIPUR-TR,Keep,no Confirmed cross-reference found; auto-accepted as a direct 1:1 ship-to->chain mapping (High confidence per the file's own methodology),mtagent pbi audit (cross-ref CustomerCode_Zone_State_Mapping.csv),2026-07-14
V-Mart,V-Mart Retail Limited-AR-1,V-Mart Retail Limited-AR-1,Direct,Mamaearth,Monthly dynamic Cont% (secondary-driven),1,May'26–May'26,100.0,100.0,100.0,High,Direct ship-to → single chain (1:1),,,,,,Validated (High-Confidence Auto),V-Mart,V-Mart Retail Limited-AR-1,Keep,no Confirmed cross-reference found; auto-accepted as a direct 1:1 ship-to->chain mapping (High confidence per the file's own methodology),mtagent pbi audit (cross-ref CustomerCode_Zone_State_Mapping.csv),2026-07-14
V-Mart,V-Mart Retail Limited-Bardham-WB,V-Mart Retail Limited-Bardham,Direct,Mamaearth,Monthly dynamic Cont% (secondary-driven),1,May'26–May'26,100.0,100.0,100.0,High,Direct ship-to → single chain (1:1),,,,,,Validated (High-Confidence Auto),V-Mart,V-Mart Retail Limited-Bardham,Keep,no Confirmed cross-reference found; auto-accepted as a direct 1:1 ship-to->chain mapping (High confidence per the file's own methodology),mtagent pbi audit (cross-ref CustomerCode_Zone_State_Mapping.csv),2026-07-14
V-Mart,V-Mart Retail Limited-Belonia,V-Mart Retail Limited-Belonia,Direct,Mamaearth,Monthly dynamic Cont% (secondary-driven),1,May'26–May'26,100.0,100.0,100.0,High,Direct ship-to → single chain (1:1),,,,,,Validated (High-Confidence Auto),V-Mart,V-Mart Retail Limited-Belonia,Keep,no Confirmed cross-reference found; auto-accepted as a direct 1:1 ship-to->chain mapping (High confidence per the file's own methodology),mtagent pbi audit (cross-ref CustomerCode_Zone_State_Mapping.csv),2026-07-14
V-Mart,V-Mart Retail Limited-Hooghly-WB,V-Mart Retail Limited-Hooghly,Direct,Mamaearth,Monthly dynamic Cont% (secondary-driven),1,May'26–May'26,100.0,100.0,100.0,High,Direct ship-to → single chain (1:1),,,,,,Validated (High-Confidence Auto),V-Mart,V-Mart Retail Limited-Hooghly,Keep,no Confirmed cross-reference found; auto-accepted as a direct 1:1 ship-to->chain mapping (High confidence per the file's own methodology),mtagent pbi audit (cross-ref CustomerCode_Zone_State_Mapping.csv),2026-07-14
V-Mart,V-Mart Retail Limited-KA,V-Mart Retail Limited-KA,Direct,Mamaearth,Monthly dynamic Cont% (secondary-driven),1,Jan'26–Jan'26,100.0,100.0,100.0,High,Direct ship-to → single chain (1:1),,,,,,Validated (High-Confidence Auto),V-Mart,V-Mart Retail Limited-KA,Keep,no Confirmed cross-reference found; auto-accepted as a direct 1:1 ship-to->chain mapping (High confidence per the file's own methodology),mtagent pbi audit (cross-ref CustomerCode_Zone_State_Mapping.csv),2026-07-14
V-Mart,V-Mart Retail Limited-Palwal,V-Mart Retail Limited-Palwal,Direct,Mamaearth,Monthly dynamic Cont% (secondary-driven),6,Oct'25–May'26,100.0,100.0,100.0,High,Direct ship-to → single chain (1:1),,,,,,Validated (High-Confidence Auto),V-Mart,V-Mart Retail Limited-Palwal,Keep,no Confirmed cross-reference found; auto-accepted as a direct 1:1 ship-to->chain mapping (High confidence per the file's own methodology),mtagent pbi audit (cross-ref CustomerCode_Zone_State_Mapping.csv),2026-07-14
V-Mart,V-Mart Retail Limited-Sonitpur-AS,V-Mart Retail Limited-Sonitpur-AS,Direct,Mamaearth,Monthly dynamic Cont% (secondary-driven),1,May'26–May'26,100.0,100.0,100.0,High,Direct ship-to → single chain (1:1),,,,,,Validated (High-Confidence Auto),V-Mart,V-Mart Retail Limited-Sonitpur-AS,Keep,no Confirmed cross-reference found; auto-accepted as a direct 1:1 ship-to->chain mapping (High confidence per the file's own methodology),mtagent pbi audit (cross-ref CustomerCode_Zone_State_Mapping.csv),2026-07-14
V-Mart,V-Mart Retail Limited-Sualkuchi-AS,V-Mart Retail Limited-Sualkuchi-AS,Direct,Mamaearth,Monthly dynamic Cont% (secondary-driven),1,May'26–May'26,100.0,100.0,100.0,High,Direct ship-to → single chain (1:1),,,,,,Validated (High-Confidence Auto),V-Mart,V-Mart Retail Limited-Sualkuchi-AS,Keep,no Confirmed cross-reference found; auto-accepted as a direct 1:1 ship-to->chain mapping (High confidence per the file's own methodology),mtagent pbi audit (cross-ref CustomerCode_Zone_State_Mapping.csv),2026-07-14
V-Mart,V-Mart Retail Limited-TR,V-Mart Retail Limited-TR,Direct,Mamaearth,Monthly dynamic Cont% (secondary-driven),1,May'26–May'26,100.0,100.0,100.0,High,Direct ship-to → single chain (1:1),,,,,,Validated (High-Confidence Auto),V-Mart,V-Mart Retail Limited-TR,Keep,no Confirmed cross-reference found; auto-accepted as a direct 1:1 ship-to->chain mapping (High confidence per the file's own methodology),mtagent pbi audit (cross-ref CustomerCode_Zone_State_Mapping.csv),2026-07-14
V-Mart,V-Mart Retail Limited-TR-2,V-Mart Retail Limited-TR-2,Direct,Mamaearth,Monthly dynamic Cont% (secondary-driven),1,May'26–May'26,100.0,100.0,100.0,High,Direct ship-to → single chain (1:1),,,,,,Validated (High-Confidence Auto),V-Mart,V-Mart Retail Limited-TR-2,Keep,no Confirmed cross-reference found; auto-accepted as a direct 1:1 ship-to->chain mapping (High confidence per the file's own methodology),mtagent pbi audit (cross-ref CustomerCode_Zone_State_Mapping.csv),2026-07-14
V-Mart,V-Mart Retail Limited-Tura-ML,V-Mart Retail Limited-Tura-ML,Direct,Mamaearth,Monthly dynamic Cont% (secondary-driven),1,May'26–May'26,100.0,100.0,100.0,High,Direct ship-to → single chain (1:1),,,,,,Validated (High-Confidence Auto),V-Mart,V-Mart Retail Limited-Tura-ML,Keep,no Confirmed cross-reference found; auto-accepted as a direct 1:1 ship-to->chain mapping (High confidence per the file's own methodology),mtagent pbi audit (cross-ref CustomerCode_Zone_State_Mapping.csv),2026-07-14
Vijetha,Vanaja Agencies_Mt,Vanaja Agencies,Dist.,Mamaearth,Monthly dynamic Cont% (secondary-driven),4,Apr'25–Jul'25,5.17,3.79,7.2,Medium,Multi-chain distributor; split by secondary Cont% — validate (9 chains),,Y,Y,,,Validated (Cross-Ref),Vanaja Agencies-MT,Vanaja Agencies-MT,Keep,exact match on Ship-To Name against Confirmed row in CustomerCode_Zone_State_Mapping.csv (Customer Code 1100998),mtagent pbi audit (cross-ref CustomerCode_Zone_State_Mapping.csv),2026-07-14
Vishal Mega Mart,Aggarwal Associates,Aggarwal Associates,Dist.,Mamaearth,Monthly dynamic Cont% (secondary-driven),7,May'25–Feb'26,100.0,100.0,100.0,High,Distributor serving a single chain,,,,,,Validated (Cross-Ref),Aggarwal Associates,Aggarwal Associates,Keep,fuzzy match on Ship-To Name against Confirmed row in CustomerCode_Zone_State_Mapping.csv (Customer Code 1103067),mtagent pbi audit (cross-ref CustomerCode_Zone_State_Mapping.csv),2026-07-14
Vishal Mega Mart,Az Enterprises,Az Enterprises,Dist.,Mamaearth,Monthly dynamic Cont% (secondary-driven),4,Dec'25–Apr'26,6.88,0.21,19.47,Medium,Multi-chain distributor; split by secondary Cont% — validate (9 chains); account has 2 ship-to variants/branches — confirm roll-up,,Y,Y,,Y,Validated (Cross-Ref),Az Enterprises-H&G,Az Enterprises-H&G,Merge,exact match on Ship-To Name against Confirmed row in CustomerCode_Zone_State_Mapping.csv (Customer Code 1100298),mtagent pbi audit (cross-ref CustomerCode_Zone_State_Mapping.csv),2026-07-14
Vishal Mega Mart,Az Enterprises(Apollo/More)Mt,Az Enterprises,Dist.,Mamaearth,Monthly dynamic Cont% (secondary-driven),2,Jun'25–Feb'26,3.99,3.83,4.15,Medium,Multi-chain distributor; split by secondary Cont% — validate (9 chains); account has 2 ship-to variants/branches — confirm roll-up,,Y,Y,,Y,Validated (Cross-Ref),Az Enterprises-MT,Az Enterprises-MT,Merge,exact match on Ship-To Name against Confirmed row in CustomerCode_Zone_State_Mapping.csv (Customer Code 1101158),mtagent pbi audit (cross-ref CustomerCode_Zone_State_Mapping.csv),2026-07-14
Vishal Mega Mart,BALAJI ASSOCIATES Distributor MT,BALAJI ASSOCIATES Distributor MT,Dist.,Mamaearth,Monthly dynamic Cont% (secondary-driven),12,Apr'25–May'26,19.68,0.41,41.41,Medium,Multi-chain distributor; split by secondary Cont% — validate (3 chains),,Y,Y,,,Validated (Cross-Ref),Balaji Associates Distributor MT,Balaji Associates Distributor MT,Keep,exact match on Ship-To Name against Confirmed row in CustomerCode_Zone_State_Mapping.csv (Customer Code 1103031),mtagent pbi audit (cross-ref CustomerCode_Zone_State_Mapping.csv),2026-07-14
Vishal Mega Mart,CHHABRA TRADERS_Ship To,CHHABRA TRADERS,Dist.,Mamaearth,Monthly dynamic Cont% (secondary-driven),8,Apr'25–Mar'26,28.44,1.41,100.0,Medium,Multi-chain distributor; split by secondary Cont% — validate (5 chains),,Y,Y,,,Pending,,,Needs Check,,,
Vishal Mega Mart,CHOUDHARY ENTERPRISES-MT-MP,CHOUDHARY ENTERPRISES,Dist.,Mamaearth,Monthly dynamic Cont% (secondary-driven),1,May'26–May'26,100.0,100.0,100.0,High,Distributor serving a single chain,,,,,,Validated (Cross-Ref),CHOUDHARY ENTERPRISES,CHOUDHARY ENTERPRISES,Keep,fuzzy match on Ship-To Name against Confirmed row in CustomerCode_Zone_State_Mapping.csv (Customer Code 1104828),mtagent pbi audit (cross-ref CustomerCode_Zone_State_Mapping.csv),2026-07-14
Vishal Mega Mart,Chhabra Traders,Chhabra Traders,Dist.,Mamaearth,Monthly dynamic Cont% (secondary-driven),4,Jul'25–Apr'26,25.44,1.41,100.0,Medium,Multi-chain distributor; split by secondary Cont% — validate (5 chains),,Y,Y,,,Validated (Cross-Ref),CHHABRA TRADERS,CHHABRA TRADERS,Keep,fuzzy match on Ship-To Name against Confirmed row in CustomerCode_Zone_State_Mapping.csv (Customer Code 1103093),mtagent pbi audit (cross-ref CustomerCode_Zone_State_Mapping.csv),2026-07-14
Vishal Mega Mart,D.L. Sales - MT,D.L. Sales,Dist.,Mamaearth,Monthly dynamic Cont% (secondary-driven),10,Apr'25–May'26,4.13,0.08,12.8,Medium,Multi-chain distributor; split by secondary Cont% — validate (13 chains),,Y,Y,,,Validated (Cross-Ref),D.L. Sales - MT,D.L. Sales - MT,Keep,fuzzy match on Ship-To Name against Confirmed row in CustomerCode_Zone_State_Mapping.csv (Customer Code 1102945),mtagent pbi audit (cross-ref CustomerCode_Zone_State_Mapping.csv),2026-07-14
Vishal Mega Mart,Ganapati Distributor MT,Ganapati Distributor MT,Dist.,Mamaearth,Monthly dynamic Cont% (secondary-driven),1,Aug'25–Aug'25,100.0,100.0,100.0,High,Distributor serving a single chain,,,,,,Validated (Cross-Ref),Ganapati Distribur MT,Ganapati Distribur MT,Keep,exact match on Ship-To Name against Confirmed row in CustomerCode_Zone_State_Mapping.csv (Customer Code 1103032),mtagent pbi audit (cross-ref CustomerCode_Zone_State_Mapping.csv),2026-07-14
Vishal Mega Mart,MANOJ SOAP AGENCY-MT,MANOJ SOAP AGENCY,Dist.,Mamaearth,Monthly dynamic Cont% (secondary-driven),1,Apr'26–Apr'26,100.0,100.0,100.0,Medium,Multi-chain distributor; split by secondary Cont% — validate (2 chains),,Y,Y,,,Validated (Cross-Ref),MANOJ SOAP AGENCY-MT,MANOJ SOAP AGENCY-MT,Keep,fuzzy match on Ship-To Name against Confirmed row in CustomerCode_Zone_State_Mapping.csv (Customer Code 1104761),mtagent pbi audit (cross-ref CustomerCode_Zone_State_Mapping.csv),2026-07-14
Vishal Mega Mart,Mittal Enterprises,Mittal Enterprises,Dist.,Mamaearth,Monthly dynamic Cont% (secondary-driven),3,Apr'25–Dec'25,100.0,100.0,100.0,High,Distributor serving a single chain,,,,,,Validated (Cross-Ref),Mittal Enterprises,Mittal Enterprises,Keep,fuzzy match on Ship-To Name against Confirmed row in CustomerCode_Zone_State_Mapping.csv (Customer Code 1103656),mtagent pbi audit (cross-ref CustomerCode_Zone_State_Mapping.csv),2026-07-14
Vishal Mega Mart,REAL TIME LOGISTICS_MT_BR,REAL TIME LOGISTICS_MT_BR,Dist.,Mamaearth,Monthly dynamic Cont% (secondary-driven),3,Mar'26–May'26,100.0,100.0,100.0,High,Distributor serving a single chain,,,,,,Validated (Cross-Ref),REAL TIME LOGISTICS_MT_BR,REAL TIME LOGISTICS_MT_BR,Keep,exact match on Ship-To Name against Confirmed row in CustomerCode_Zone_State_Mapping.csv (Customer Code 1104688),mtagent pbi audit (cross-ref CustomerCode_Zone_State_Mapping.csv),2026-07-14
Vishal Mega Mart,RR Traders-MT,RR Traders,Dist.,Mamaearth,Monthly dynamic Cont% (secondary-driven),6,Nov'25–May'26,100.0,100.0,100.0,High,Distributor serving a single chain,,,,,,Validated (Cross-Ref),RR Traders-MT,RR Traders-MT,Keep,fuzzy match on Ship-To Name against Confirmed row in CustomerCode_Zone_State_Mapping.csv (Customer Code 1104570),mtagent pbi audit (cross-ref CustomerCode_Zone_State_Mapping.csv),2026-07-14
Vishal Mega Mart,SAI SAACHI ASSOCIATES-MT-OR,SAI SAACHI ASSOCIATES,Dist.,Aqualogica,Monthly dynamic Cont% (secondary-driven),1,Dec'25–Dec'25,100.0,100.0,100.0,Medium,Multi-chain distributor; split by secondary Cont% — validate (4 chains),,Y,Y,,,Validated (Cross-Ref),SAI SAACHI ASSOCIATES-MT-OR,SAI SAACHI ASSOCIATES-MT-OR,Keep,fuzzy match on Ship-To Name against Confirmed row in CustomerCode_Zone_State_Mapping.csv (Customer Code 1103818),mtagent pbi audit (cross-ref CustomerCode_Zone_State_Mapping.csv),2026-07-14
Vishal Mega Mart,SAI SAACHI ASSOCIATES-MT-OR,SAI SAACHI ASSOCIATES,Dist.,Mamaearth,Monthly dynamic Cont% (secondary-driven),5,Dec'25–May'26,70.87,6.95,100.0,Medium,Multi-chain distributor; split by secondary Cont% — validate (4 chains),,Y,Y,,,Validated (Cross-Ref),SAI SAACHI ASSOCIATES-MT-OR,SAI SAACHI ASSOCIATES-MT-OR,Keep,fuzzy match on Ship-To Name against Confirmed row in CustomerCode_Zone_State_Mapping.csv (Customer Code 1103818),mtagent pbi audit (cross-ref CustomerCode_Zone_State_Mapping.csv),2026-07-14
Vishal Mega Mart,SAI SAACHI ASSOCIATES-MT-OR,SAI SAACHI ASSOCIATES,Dist.,The Derma Co.,Monthly dynamic Cont% (secondary-driven),2,Dec'25–Mar'26,100.0,100.0,100.0,Medium,Multi-chain distributor; split by secondary Cont% — validate (4 chains),,Y,Y,,,Validated (Cross-Ref),SAI SAACHI ASSOCIATES-MT-OR,SAI SAACHI ASSOCIATES-MT-OR,Keep,fuzzy match on Ship-To Name against Confirmed row in CustomerCode_Zone_State_Mapping.csv (Customer Code 1103818),mtagent pbi audit (cross-ref CustomerCode_Zone_State_Mapping.csv),2026-07-14
Vishal Mega Mart,SRIJAN ENTERPRISES-MT-JH,SRIJAN ENTERPRISES,Dist.,Aqualogica,Monthly dynamic Cont% (secondary-driven),1,Dec'25–Dec'25,100.0,100.0,100.0,Medium,Multi-chain distributor; split by secondary Cont% — validate (2 chains),,Y,Y,,,Validated (Cross-Ref),SRIJAN ENTERPRISES-MT-JH,SRIJAN ENTERPRISES-MT-JH,Keep,fuzzy match on Ship-To Name against Confirmed row in CustomerCode_Zone_State_Mapping.csv (Customer Code 1103817),mtagent pbi audit (cross-ref CustomerCode_Zone_State_Mapping.csv),2026-07-14
Vishal Mega Mart,SRIJAN ENTERPRISES-MT-JH,SRIJAN ENTERPRISES,Dist.,Mamaearth,Monthly dynamic Cont% (secondary-driven),7,Jul'25–Mar'26,73.73,2.68,100.0,Medium,Multi-chain distributor; split by secondary Cont% — validate (2 chains),,Y,Y,,,Validated (Cross-Ref),SRIJAN ENTERPRISES-MT-JH,SRIJAN ENTERPRISES-MT-JH,Keep,fuzzy match on Ship-To Name against Confirmed row in CustomerCode_Zone_State_Mapping.csv (Customer Code 1103817),mtagent pbi audit (cross-ref CustomerCode_Zone_State_Mapping.csv),2026-07-14
Vishal Mega Mart,SRIJAN ENTERPRISES-MT-JH,SRIJAN ENTERPRISES,Dist.,The Derma Co.,Monthly dynamic Cont% (secondary-driven),3,Dec'25–Apr'26,100.0,100.0,100.0,Medium,Multi-chain distributor; split by secondary Cont% — validate (2 chains),,Y,Y,,,Validated (Cross-Ref),SRIJAN ENTERPRISES-MT-JH,SRIJAN ENTERPRISES-MT-JH,Keep,fuzzy match on Ship-To Name against Confirmed row in CustomerCode_Zone_State_Mapping.csv (Customer Code 1103817),mtagent pbi audit (cross-ref CustomerCode_Zone_State_Mapping.csv),2026-07-14
Vishal Mega Mart,Sancus Networks Private Limited-RMT,Sancus Networks Private Limited,Dist.,Mamaearth,Monthly dynamic Cont% (secondary-driven),4,Dec'25–May'26,8.48,3.14,19.09,Medium,Multi-chain distributor; split by secondary Cont% — validate (5 chains),,Y,Y,,,Pending,,,Needs Check,,,
Vishal Mega Mart,Sehaj Enterprises -MT-JK,Sehaj Enterprises,Dist.,Mamaearth,Monthly dynamic Cont% (secondary-driven),6,Nov'25–May'26,85.71,9.0,100.0,High,Distributor serving a single chain,,,,,,Validated (Cross-Ref),Sehaj Enterprises -MT-JK,Sehaj Enterprises -MT-JK,Keep,fuzzy match on Ship-To Name against Confirmed row in CustomerCode_Zone_State_Mapping.csv (Customer Code 1104571),mtagent pbi audit (cross-ref CustomerCode_Zone_State_Mapping.csv),2026-07-14
Vishal Mega Mart,Sri Vijaya Durga Agencies_Mt,Sri Vijaya Durga Agencies,Dist.,Mamaearth,Monthly dynamic Cont% (secondary-driven),3,Apr'25–May'26,0.1,0.02,0.27,Medium,Multi-chain distributor; split by secondary Cont% — validate (7 chains),,Y,Y,,,Validated (Cross-Ref),Sri Vijaya Durga Agencies,Sri Vijaya Durga Agencies,Keep,exact match on Ship-To Name against Confirmed row in CustomerCode_Zone_State_Mapping.csv (Customer Code 1101181),mtagent pbi audit (cross-ref CustomerCode_Zone_State_Mapping.csv),2026-07-14
Vishal Mega Mart,Swastik Marketing,Swastik Marketing,Dist.,Mamaearth,Monthly dynamic Cont% (secondary-driven),3,Apr'25–Jan'26,100.0,100.0,100.0,High,Distributor serving a single chain,,,,,,Validated (Cross-Ref),Swastik Marketing,Swastik Marketing,Keep,exact match on Ship-To Name against Confirmed row in CustomerCode_Zone_State_Mapping.csv (Customer Code 1103095),mtagent pbi audit (cross-ref CustomerCode_Zone_State_Mapping.csv),2026-07-14
WH-Smith,TNSI Retail Private Limited-Rithala,TNSI Retail Private Limited-Rithala,Direct,Aqualogica,Monthly dynamic Cont% (secondary-driven),1,Aug'25–Aug'25,100.0,100.0,100.0,High,Direct ship-to → single chain (1:1),,,,,,Validated (High-Confidence Auto),WH-Smith,TNSI Retail Private Limited-Rithala,Keep,no Confirmed cross-reference found; auto-accepted as a direct 1:1 ship-to->chain mapping (High confidence per the file's own methodology),mtagent pbi audit (cross-ref CustomerCode_Zone_State_Mapping.csv),2026-07-14
WH-Smith,TNSI Retail Private Limited-Rithala,TNSI Retail Private Limited-Rithala,Direct,BBlunt,Monthly dynamic Cont% (secondary-driven),1,Feb'26–Feb'26,100.0,100.0,100.0,High,Direct ship-to → single chain (1:1),,,,,,Validated (High-Confidence Auto),WH-Smith,TNSI Retail Private Limited-Rithala,Keep,no Confirmed cross-reference found; auto-accepted as a direct 1:1 ship-to->chain mapping (High confidence per the file's own methodology),mtagent pbi audit (cross-ref CustomerCode_Zone_State_Mapping.csv),2026-07-14
WH-Smith,TNSI Retail Private Limited-Rithala,TNSI Retail Private Limited-Rithala,Direct,Mamaearth,Monthly dynamic Cont% (secondary-driven),3,Aug'25–Feb'26,100.0,100.0,100.0,High,Direct ship-to → single chain (1:1),,,,,,Validated (High-Confidence Auto),WH-Smith,TNSI Retail Private Limited-Rithala,Keep,no Confirmed cross-reference found; auto-accepted as a direct 1:1 ship-to->chain mapping (High confidence per the file's own methodology),mtagent pbi audit (cross-ref CustomerCode_Zone_State_Mapping.csv),2026-07-14
WH-Smith,TNSI Retail Private Limited-Rithala,TNSI Retail Private Limited-Rithala,Direct,The Derma Co.,Monthly dynamic Cont% (secondary-driven),2,Nov'25–Feb'26,100.0,100.0,100.0,High,Direct ship-to → single chain (1:1),,,,,,Validated (High-Confidence Auto),WH-Smith,TNSI Retail Private Limited-Rithala,Keep,no Confirmed cross-reference found; auto-accepted as a direct 1:1 ship-to->chain mapping (High confidence per the file's own methodology),mtagent pbi audit (cross-ref CustomerCode_Zone_State_Mapping.csv),2026-07-14
WH-Smith,Tnsi Retail Pvt Ltd_Sultanpur,Tnsi Retail Pvt Ltd_Sultanpur,Direct,Aqualogica,Monthly dynamic Cont% (secondary-driven),1,May'25–May'25,100.0,100.0,100.0,High,Direct ship-to → single chain (1:1),,,,,,Validated (High-Confidence Auto),WH-Smith,Tnsi Retail Pvt Ltd_Sultanpur,Keep,no Confirmed cross-reference found; auto-accepted as a direct 1:1 ship-to->chain mapping (High confidence per the file's own methodology),mtagent pbi audit (cross-ref CustomerCode_Zone_State_Mapping.csv),2026-07-14
WH-Smith,Tnsi Retail Pvt Ltd_Sultanpur,Tnsi Retail Pvt Ltd_Sultanpur,Direct,Mamaearth,Monthly dynamic Cont% (secondary-driven),2,May'25–Sep'25,100.0,100.0,100.0,High,Direct ship-to → single chain (1:1),,,,,,Validated (High-Confidence Auto),WH-Smith,Tnsi Retail Pvt Ltd_Sultanpur,Keep,no Confirmed cross-reference found; auto-accepted as a direct 1:1 ship-to->chain mapping (High confidence per the file's own methodology),mtagent pbi audit (cross-ref CustomerCode_Zone_State_Mapping.csv),2026-07-14
WH-Smith,Tnsi Retail Pvt Ltd_Sultanpur,Tnsi Retail Pvt Ltd_Sultanpur,Direct,The Derma Co.,Monthly dynamic Cont% (secondary-driven),1,Sep'25–Sep'25,100.0,100.0,100.0,High,Direct ship-to → single chain (1:1),,,,,,Validated (High-Confidence Auto),WH-Smith,Tnsi Retail Pvt Ltd_Sultanpur,Keep,no Confirmed cross-reference found; auto-accepted as a direct 1:1 ship-to->chain mapping (High confidence per the file's own methodology),mtagent pbi audit (cross-ref CustomerCode_Zone_State_Mapping.csv),2026-07-14
WH-Smith,Travel News Services India Pvt Ltd,Travel News Services India Pvt Ltd,Direct,Aqualogica,Monthly dynamic Cont% (secondary-driven),2,Dec'25–Feb'26,100.0,100.0,100.0,High,Direct ship-to → single chain (1:1); account has 4 ship-to variants/branches — confirm roll-up,,,,,,Validated (High-Confidence Auto),WH-Smith,Travel News Services India Pvt Ltd,Keep,no Confirmed cross-reference found; auto-accepted as a direct 1:1 ship-to->chain mapping (High confidence per the file's own methodology),mtagent pbi audit (cross-ref CustomerCode_Zone_State_Mapping.csv),2026-07-14
WH-Smith,Travel News Services India Pvt Ltd,Travel News Services India Pvt Ltd,Direct,Mamaearth,Monthly dynamic Cont% (secondary-driven),2,Dec'25–Feb'26,100.0,100.0,100.0,High,Direct ship-to → single chain (1:1); account has 4 ship-to variants/branches — confirm roll-up,,,,,,Validated (High-Confidence Auto),WH-Smith,Travel News Services India Pvt Ltd,Keep,no Confirmed cross-reference found; auto-accepted as a direct 1:1 ship-to->chain mapping (High confidence per the file's own methodology),mtagent pbi audit (cross-ref CustomerCode_Zone_State_Mapping.csv),2026-07-14
WH-Smith,Travel News Services India Pvt Ltd,Travel News Services India Pvt Ltd,Direct,The Derma Co.,Monthly dynamic Cont% (secondary-driven),2,Dec'25–Feb'26,100.0,100.0,100.0,High,Direct ship-to → single chain (1:1); account has 4 ship-to variants/branches — confirm roll-up,,,,,,Validated (High-Confidence Auto),WH-Smith,Travel News Services India Pvt Ltd,Keep,no Confirmed cross-reference found; auto-accepted as a direct 1:1 ship-to->chain mapping (High confidence per the file's own methodology),mtagent pbi audit (cross-ref CustomerCode_Zone_State_Mapping.csv),2026-07-14
WH-Smith,Travel News Services India Pvt Ltd(Cochin),Travel News Services India Pvt Ltd,Direct,Aqualogica,Monthly dynamic Cont% (secondary-driven),1,Jan'26–Jan'26,100.0,100.0,100.0,High,Direct ship-to → single chain (1:1); account has 4 ship-to variants/branches — confirm roll-up,,,,,,Validated (High-Confidence Auto),WH-Smith,Travel News Services India Pvt Ltd,Keep,no Confirmed cross-reference found; auto-accepted as a direct 1:1 ship-to->chain mapping (High confidence per the file's own methodology),mtagent pbi audit (cross-ref CustomerCode_Zone_State_Mapping.csv),2026-07-14
WH-Smith,Travel News Services India Pvt Ltd(Cochin),Travel News Services India Pvt Ltd,Direct,Mamaearth,Monthly dynamic Cont% (secondary-driven),1,Jan'26–Jan'26,100.0,100.0,100.0,High,Direct ship-to → single chain (1:1); account has 4 ship-to variants/branches — confirm roll-up,,,,,,Validated (High-Confidence Auto),WH-Smith,Travel News Services India Pvt Ltd,Keep,no Confirmed cross-reference found; auto-accepted as a direct 1:1 ship-to->chain mapping (High confidence per the file's own methodology),mtagent pbi audit (cross-ref CustomerCode_Zone_State_Mapping.csv),2026-07-14
WH-Smith,Travel News Services India Pvt Ltd(Cochin),Travel News Services India Pvt Ltd,Direct,The Derma Co.,Monthly dynamic Cont% (secondary-driven),1,Jan'26–Jan'26,100.0,100.0,100.0,High,Direct ship-to → single chain (1:1); account has 4 ship-to variants/branches — confirm roll-up,,,,,,Validated (High-Confidence Auto),WH-Smith,Travel News Services India Pvt Ltd,Keep,no Confirmed cross-reference found; auto-accepted as a direct 1:1 ship-to->chain mapping (High confidence per the file's own methodology),mtagent pbi audit (cross-ref CustomerCode_Zone_State_Mapping.csv),2026-07-14
WH-Smith,Travel News Services India Pvt Ltd(Hyd),Travel News Services India Pvt Ltd,Direct,Aqualogica,Monthly dynamic Cont% (secondary-driven),2,May'25–Jan'26,100.0,100.0,100.0,High,Direct ship-to → single chain (1:1); account has 4 ship-to variants/branches — confirm roll-up,,,,,,Validated (High-Confidence Auto),WH-Smith,Travel News Services India Pvt Ltd,Keep,no Confirmed cross-reference found; auto-accepted as a direct 1:1 ship-to->chain mapping (High confidence per the file's own methodology),mtagent pbi audit (cross-ref CustomerCode_Zone_State_Mapping.csv),2026-07-14
WH-Smith,Travel News Services India Pvt Ltd(Hyd),Travel News Services India Pvt Ltd,Direct,Mamaearth,Monthly dynamic Cont% (secondary-driven),2,May'25–Jan'26,100.0,100.0,100.0,High,Direct ship-to → single chain (1:1); account has 4 ship-to variants/branches — confirm roll-up,,,,,,Validated (High-Confidence Auto),WH-Smith,Travel News Services India Pvt Ltd,Keep,no Confirmed cross-reference found; auto-accepted as a direct 1:1 ship-to->chain mapping (High confidence per the file's own methodology),mtagent pbi audit (cross-ref CustomerCode_Zone_State_Mapping.csv),2026-07-14
WH-Smith,Travel News Services India Pvt Ltd(Hyd),Travel News Services India Pvt Ltd,Direct,The Derma Co.,Monthly dynamic Cont% (secondary-driven),1,Jan'26–Jan'26,100.0,100.0,100.0,High,Direct ship-to → single chain (1:1); account has 4 ship-to variants/branches — confirm roll-up,,,,,,Validated (High-Confidence Auto),WH-Smith,Travel News Services India Pvt Ltd,Keep,no Confirmed cross-reference found; auto-accepted as a direct 1:1 ship-to->chain mapping (High confidence per the file's own methodology),mtagent pbi audit (cross-ref CustomerCode_Zone_State_Mapping.csv),2026-07-14
WH-Smith,Travel News Services India Pvt Ltd(Wb),Travel News Services India Pvt Ltd,Direct,Aqualogica,Monthly dynamic Cont% (secondary-driven),3,Sep'25–Apr'26,100.0,100.0,100.0,High,Direct ship-to → single chain (1:1); account has 4 ship-to variants/branches — confirm roll-up,,,,,,Validated (High-Confidence Auto),WH-Smith,Travel News Services India Pvt Ltd,Keep,no Confirmed cross-reference found; auto-accepted as a direct 1:1 ship-to->chain mapping (High confidence per the file's own methodology),mtagent pbi audit (cross-ref CustomerCode_Zone_State_Mapping.csv),2026-07-14
WH-Smith,Travel News Services India Pvt Ltd(Wb),Travel News Services India Pvt Ltd,Direct,Mamaearth,Monthly dynamic Cont% (secondary-driven),4,Sep'25–Apr'26,100.0,100.0,100.0,High,Direct ship-to → single chain (1:1); account has 4 ship-to variants/branches — confirm roll-up,,,,,,Validated (High-Confidence Auto),WH-Smith,Travel News Services India Pvt Ltd,Keep,no Confirmed cross-reference found; auto-accepted as a direct 1:1 ship-to->chain mapping (High confidence per the file's own methodology),mtagent pbi audit (cross-ref CustomerCode_Zone_State_Mapping.csv),2026-07-14
WH-Smith,Travel News Services India Pvt Ltd(Wb),Travel News Services India Pvt Ltd,Direct,The Derma Co.,Monthly dynamic Cont% (secondary-driven),3,Nov'25–Apr'26,100.0,100.0,100.0,High,Direct ship-to → single chain (1:1); account has 4 ship-to variants/branches — confirm roll-up,,,,,,Validated (High-Confidence Auto),WH-Smith,Travel News Services India Pvt Ltd,Keep,no Confirmed cross-reference found; auto-accepted as a direct 1:1 ship-to->chain mapping (High confidence per the file's own methodology),mtagent pbi audit (cross-ref CustomerCode_Zone_State_Mapping.csv),2026-07-14
WH-Smith,Travel News Services India Pvt Ltd- RJWsmith-SHA,Travel News Services India Pvt Ltd- RJWsmith-SHA,Direct,Aqualogica,Monthly dynamic Cont% (secondary-driven),1,Jan'26–Jan'26,100.0,100.0,100.0,High,Direct ship-to → single chain (1:1),,,,,,Validated (High-Confidence Auto),WH-Smith,Travel News Services India Pvt Ltd- RJWsmith-SHA,Keep,no Confirmed cross-reference found; auto-accepted as a direct 1:1 ship-to->chain mapping (High confidence per the file's own methodology),mtagent pbi audit (cross-ref CustomerCode_Zone_State_Mapping.csv),2026-07-14
WH-Smith,Travel News Services India Pvt Ltd- RJWsmith-SHA,Travel News Services India Pvt Ltd- RJWsmith-SHA,Direct,Mamaearth,Monthly dynamic Cont% (secondary-driven),1,Jan'26–Jan'26,100.0,100.0,100.0,High,Direct ship-to → single chain (1:1),,,,,,Validated (High-Confidence Auto),WH-Smith,Travel News Services India Pvt Ltd- RJWsmith-SHA,Keep,no Confirmed cross-reference found; auto-accepted as a direct 1:1 ship-to->chain mapping (High confidence per the file's own methodology),mtagent pbi audit (cross-ref CustomerCode_Zone_State_Mapping.csv),2026-07-14
WH-Smith,Travel News Services India Pvt Ltd- RJWsmith-SHA,Travel News Services India Pvt Ltd- RJWsmith-SHA,Direct,The Derma Co.,Monthly dynamic Cont% (secondary-driven),1,Jan'26–Jan'26,100.0,100.0,100.0,High,Direct ship-to → single chain (1:1),,,,,,Validated (High-Confidence Auto),WH-Smith,Travel News Services India Pvt Ltd- RJWsmith-SHA,Keep,no Confirmed cross-reference found; auto-accepted as a direct 1:1 ship-to->chain mapping (High confidence per the file's own methodology),mtagent pbi audit (cross-ref CustomerCode_Zone_State_Mapping.csv),2026-07-14
Walmart CNC,Wal-Mart India Private Limited 4702,Wal-Mart India Private Limited 4702,Direct,Mamaearth,Monthly dynamic Cont% (secondary-driven),11,May'25–May'26,100.0,100.0,100.0,High,Direct ship-to → single chain (1:1),,,,,,Validated (High-Confidence Auto),Walmart CNC,Wal-Mart India Private Limited 4702,Keep,no Confirmed cross-reference found; auto-accepted as a direct 1:1 ship-to->chain mapping (High confidence per the file's own methodology),mtagent pbi audit (cross-ref CustomerCode_Zone_State_Mapping.csv),2026-07-14
Walmart CNC,Wal-Mart India Private Limited 4703,Wal-Mart India Private Limited 4703,Direct,Mamaearth,Monthly dynamic Cont% (secondary-driven),12,May'25–May'26,100.0,100.0,100.0,High,Direct ship-to → single chain (1:1),,,,,,Validated (High-Confidence Auto),Walmart CNC,Wal-Mart India Private Limited 4703,Keep,no Confirmed cross-reference found; auto-accepted as a direct 1:1 ship-to->chain mapping (High confidence per the file's own methodology),mtagent pbi audit (cross-ref CustomerCode_Zone_State_Mapping.csv),2026-07-14
Walmart CNC,Wal-Mart India Private Limited 4706,Wal-Mart India Private Limited 4706,Direct,Mamaearth,Monthly dynamic Cont% (secondary-driven),13,Apr'25–May'26,100.0,100.0,100.0,High,Direct ship-to → single chain (1:1),,,,,,Validated (High-Confidence Auto),Walmart CNC,Wal-Mart India Private Limited 4706,Keep,no Confirmed cross-reference found; auto-accepted as a direct 1:1 ship-to->chain mapping (High confidence per the file's own methodology),mtagent pbi audit (cross-ref CustomerCode_Zone_State_Mapping.csv),2026-07-14
Walmart CNC,Wal-Mart India Private Limited 4712,Wal-Mart India Private Limited 4712,Direct,Mamaearth,Monthly dynamic Cont% (secondary-driven),13,Apr'25–May'26,100.0,100.0,100.0,High,Direct ship-to → single chain (1:1),,,,,,Validated (High-Confidence Auto),Walmart CNC,Wal-Mart India Private Limited 4712,Keep,no Confirmed cross-reference found; auto-accepted as a direct 1:1 ship-to->chain mapping (High confidence per the file's own methodology),mtagent pbi audit (cross-ref CustomerCode_Zone_State_Mapping.csv),2026-07-14
Walmart CNC,Wal-Mart India Private Limited 4713,Wal-Mart India Private Limited 4713,Direct,Mamaearth,Monthly dynamic Cont% (secondary-driven),12,Apr'25–May'26,100.0,100.0,100.0,High,Direct ship-to → single chain (1:1),,,,,,Validated (High-Confidence Auto),Walmart CNC,Wal-Mart India Private Limited 4713,Keep,no Confirmed cross-reference found; auto-accepted as a direct 1:1 ship-to->chain mapping (High confidence per the file's own methodology),mtagent pbi audit (cross-ref CustomerCode_Zone_State_Mapping.csv),2026-07-14
Walmart CNC,Wal-Mart India Private Limited 4716,Wal-Mart India Private Limited 4716,Direct,Mamaearth,Monthly dynamic Cont% (secondary-driven),11,Apr'25–May'26,100.0,100.0,100.0,High,Direct ship-to → single chain (1:1),,,,,,Validated (High-Confidence Auto),Walmart CNC,Wal-Mart India Private Limited 4716,Keep,no Confirmed cross-reference found; auto-accepted as a direct 1:1 ship-to->chain mapping (High confidence per the file's own methodology),mtagent pbi audit (cross-ref CustomerCode_Zone_State_Mapping.csv),2026-07-14
Walmart CNC,Wal-Mart India Private Limited 4717,Wal-Mart India Private Limited 4717,Direct,Mamaearth,Monthly dynamic Cont% (secondary-driven),9,Jul'25–May'26,100.0,100.0,100.0,High,Direct ship-to → single chain (1:1),,,,,,Validated (High-Confidence Auto),Walmart CNC,Wal-Mart India Private Limited 4717,Keep,no Confirmed cross-reference found; auto-accepted as a direct 1:1 ship-to->chain mapping (High confidence per the file's own methodology),mtagent pbi audit (cross-ref CustomerCode_Zone_State_Mapping.csv),2026-07-14
Walmart CNC,Wal-Mart India Private Limited 4719,Wal-Mart India Private Limited 4719,Direct,Mamaearth,Monthly dynamic Cont% (secondary-driven),14,Apr'25–May'26,100.0,100.0,100.0,High,Direct ship-to → single chain (1:1),,,,,,Validated (High-Confidence Auto),Walmart CNC,Wal-Mart India Private Limited 4719,Keep,no Confirmed cross-reference found; auto-accepted as a direct 1:1 ship-to->chain mapping (High confidence per the file's own methodology),mtagent pbi audit (cross-ref CustomerCode_Zone_State_Mapping.csv),2026-07-14
Walmart CNC,Wal-Mart India Private Limited 4720,Wal-Mart India Private Limited 4720,Direct,Mamaearth,Monthly dynamic Cont% (secondary-driven),14,Apr'25–May'26,100.0,100.0,100.0,High,Direct ship-to → single chain (1:1),,,,,,Validated (High-Confidence Auto),Walmart CNC,Wal-Mart India Private Limited 4720,Keep,no Confirmed cross-reference found; auto-accepted as a direct 1:1 ship-to->chain mapping (High confidence per the file's own methodology),mtagent pbi audit (cross-ref CustomerCode_Zone_State_Mapping.csv),2026-07-14
Walmart CNC,Wal-Mart India Private Limited 4721,Wal-Mart India Private Limited 4721,Direct,Mamaearth,Monthly dynamic Cont% (secondary-driven),2,Jan'26–May'26,100.0,100.0,100.0,High,Direct ship-to → single chain (1:1),,,,,,Validated (High-Confidence Auto),Walmart CNC,Wal-Mart India Private Limited 4721,Keep,no Confirmed cross-reference found; auto-accepted as a direct 1:1 ship-to->chain mapping (High confidence per the file's own methodology),mtagent pbi audit (cross-ref CustomerCode_Zone_State_Mapping.csv),2026-07-14
Walmart CNC,Wal-Mart India Private Limited 4723,Wal-Mart India Private Limited 4723,Direct,Mamaearth,Monthly dynamic Cont% (secondary-driven),13,Apr'25–May'26,100.0,100.0,100.0,High,Direct ship-to → single chain (1:1),,,,,,Validated (High-Confidence Auto),Walmart CNC,Wal-Mart India Private Limited 4723,Keep,no Confirmed cross-reference found; auto-accepted as a direct 1:1 ship-to->chain mapping (High confidence per the file's own methodology),mtagent pbi audit (cross-ref CustomerCode_Zone_State_Mapping.csv),2026-07-14
Walmart CNC,Wal-Mart India Private Limited 4724,Wal-Mart India Private Limited 4724,Direct,Mamaearth,Monthly dynamic Cont% (secondary-driven),12,Apr'25–May'26,100.0,100.0,100.0,High,Direct ship-to → single chain (1:1),,,,,,Validated (High-Confidence Auto),Walmart CNC,Wal-Mart India Private Limited 4724,Keep,no Confirmed cross-reference found; auto-accepted as a direct 1:1 ship-to->chain mapping (High confidence per the file's own methodology),mtagent pbi audit (cross-ref CustomerCode_Zone_State_Mapping.csv),2026-07-14
Walmart CNC,Wal-Mart India Private Limited 4725,Wal-Mart India Private Limited 4725,Direct,Mamaearth,Monthly dynamic Cont% (secondary-driven),1,Apr'25–Apr'25,100.0,100.0,100.0,High,Direct ship-to → single chain (1:1),,,,,,Validated (High-Confidence Auto),Walmart CNC,Wal-Mart India Private Limited 4725,Keep,no Confirmed cross-reference found; auto-accepted as a direct 1:1 ship-to->chain mapping (High confidence per the file's own methodology),mtagent pbi audit (cross-ref CustomerCode_Zone_State_Mapping.csv),2026-07-14
Walmart CNC,Wal-Mart India Private Limited 4727,Wal-Mart India Private Limited 4727,Direct,Mamaearth,Monthly dynamic Cont% (secondary-driven),14,Apr'25–May'26,100.0,100.0,100.0,High,Direct ship-to → single chain (1:1),,,,,,Validated (High-Confidence Auto),Walmart CNC,Wal-Mart India Private Limited 4727,Keep,no Confirmed cross-reference found; auto-accepted as a direct 1:1 ship-to->chain mapping (High confidence per the file's own methodology),mtagent pbi audit (cross-ref CustomerCode_Zone_State_Mapping.csv),2026-07-14
Walmart CNC,Wal-Mart India Private Limited 4729,Wal-Mart India Private Limited 4729,Direct,Mamaearth,Monthly dynamic Cont% (secondary-driven),14,Apr'25–May'26,100.0,100.0,100.0,High,Direct ship-to → single chain (1:1),,,,,,Validated (High-Confidence Auto),Walmart CNC,Wal-Mart India Private Limited 4729,Keep,no Confirmed cross-reference found; auto-accepted as a direct 1:1 ship-to->chain mapping (High confidence per the file's own methodology),mtagent pbi audit (cross-ref CustomerCode_Zone_State_Mapping.csv),2026-07-14
Walmart CNC,Wal-Mart India Private Limited 4734,Wal-Mart India Private Limited 4734,Direct,Mamaearth,Monthly dynamic Cont% (secondary-driven),8,Apr'25–May'26,100.0,100.0,100.0,High,Direct ship-to → single chain (1:1),,,,,,Validated (High-Confidence Auto),Walmart CNC,Wal-Mart India Private Limited 4734,Keep,no Confirmed cross-reference found; auto-accepted as a direct 1:1 ship-to->chain mapping (High confidence per the file's own methodology),mtagent pbi audit (cross-ref CustomerCode_Zone_State_Mapping.csv),2026-07-14
Walmart CNC,Wal-Mart India Private Limited 4742,Wal-Mart India Private Limited 4742,Direct,Mamaearth,Monthly dynamic Cont% (secondary-driven),7,Apr'25–Apr'26,100.0,100.0,100.0,High,Direct ship-to → single chain (1:1),,,,,,Validated (High-Confidence Auto),Walmart CNC,Wal-Mart India Private Limited 4742,Keep,no Confirmed cross-reference found; auto-accepted as a direct 1:1 ship-to->chain mapping (High confidence per the file's own methodology),mtagent pbi audit (cross-ref CustomerCode_Zone_State_Mapping.csv),2026-07-14
Walmart CNC,Wal-Mart India Private Limited 4744,Wal-Mart India Private Limited 4744,Direct,Mamaearth,Monthly dynamic Cont% (secondary-driven),8,May'25–May'26,100.0,100.0,100.0,High,Direct ship-to → single chain (1:1),,,,,,Validated (High-Confidence Auto),Walmart CNC,Wal-Mart India Private Limited 4744,Keep,no Confirmed cross-reference found; auto-accepted as a direct 1:1 ship-to->chain mapping (High confidence per the file's own methodology),mtagent pbi audit (cross-ref CustomerCode_Zone_State_Mapping.csv),2026-07-14
Walmart CNC,Wal-Mart India Private Limited 4760,Wal-Mart India Private Limited 4760,Direct,Mamaearth,Monthly dynamic Cont% (secondary-driven),14,Apr'25–May'26,100.0,100.0,100.0,High,Direct ship-to → single chain (1:1),,,,,,Validated (High-Confidence Auto),Walmart CNC,Wal-Mart India Private Limited 4760,Keep,no Confirmed cross-reference found; auto-accepted as a direct 1:1 ship-to->chain mapping (High confidence per the file's own methodology),mtagent pbi audit (cross-ref CustomerCode_Zone_State_Mapping.csv),2026-07-14
Walmart CNC,Wal-Mart India Private Limited 4797,Wal-Mart India Private Limited 4797,Direct,Mamaearth,Monthly dynamic Cont% (secondary-driven),13,Apr'25–May'26,100.0,100.0,100.0,High,Direct ship-to → single chain (1:1),,,,,,Validated (High-Confidence Auto),Walmart CNC,Wal-Mart India Private Limited 4797,Keep,no Confirmed cross-reference found; auto-accepted as a direct 1:1 ship-to->chain mapping (High confidence per the file's own methodology),mtagent pbi audit (cross-ref CustomerCode_Zone_State_Mapping.csv),2026-07-14
Walmart CNC,Wal-Mart India Private Limited 4799,Wal-Mart India Private Limited 4799,Direct,Mamaearth,Monthly dynamic Cont% (secondary-driven),8,May'25–May'26,100.0,100.0,100.0,High,Direct ship-to → single chain (1:1),,,,,,Validated (High-Confidence Auto),Walmart CNC,Wal-Mart India Private Limited 4799,Keep,no Confirmed cross-reference found; auto-accepted as a direct 1:1 ship-to->chain mapping (High confidence per the file's own methodology),mtagent pbi audit (cross-ref CustomerCode_Zone_State_Mapping.csv),2026-07-14
Walmart CNC,Wal-Mart India Private Limited 4801,Wal-Mart India Private Limited 4801,Direct,Mamaearth,Monthly dynamic Cont% (secondary-driven),5,Apr'25–May'26,100.0,100.0,100.0,High,Direct ship-to → single chain (1:1),,,,,,Validated (High-Confidence Auto),Walmart CNC,Wal-Mart India Private Limited 4801,Keep,no Confirmed cross-reference found; auto-accepted as a direct 1:1 ship-to->chain mapping (High confidence per the file's own methodology),mtagent pbi audit (cross-ref CustomerCode_Zone_State_Mapping.csv),2026-07-14
Walmart CNC,Wal-Mart India Private Limited 4803,Wal-Mart India Private Limited 4803,Direct,Mamaearth,Monthly dynamic Cont% (secondary-driven),5,Jun'25–May'26,100.0,100.0,100.0,High,Direct ship-to → single chain (1:1),,,,,,Validated (High-Confidence Auto),Walmart CNC,Wal-Mart India Private Limited 4803,Keep,no Confirmed cross-reference found; auto-accepted as a direct 1:1 ship-to->chain mapping (High confidence per the file's own methodology),mtagent pbi audit (cross-ref CustomerCode_Zone_State_Mapping.csv),2026-07-14
Walmart CNC,Wal-Mart India Private Limited 4805,Wal-Mart India Private Limited 4805,Direct,BBlunt,Monthly dynamic Cont% (secondary-driven),1,Feb'26–Feb'26,100.0,100.0,100.0,High,Direct ship-to → single chain (1:1),,,,,,Validated (High-Confidence Auto),Walmart CNC,Wal-Mart India Private Limited 4805,Keep,no Confirmed cross-reference found; auto-accepted as a direct 1:1 ship-to->chain mapping (High confidence per the file's own methodology),mtagent pbi audit (cross-ref CustomerCode_Zone_State_Mapping.csv),2026-07-14
Walmart CNC,Wal-Mart India Private Limited 4805,Wal-Mart India Private Limited 4805,Direct,Mamaearth,Monthly dynamic Cont% (secondary-driven),8,Apr'25–May'26,100.0,100.0,100.0,High,Direct ship-to → single chain (1:1),,,,,,Validated (High-Confidence Auto),Walmart CNC,Wal-Mart India Private Limited 4805,Keep,no Confirmed cross-reference found; auto-accepted as a direct 1:1 ship-to->chain mapping (High confidence per the file's own methodology),mtagent pbi audit (cross-ref CustomerCode_Zone_State_Mapping.csv),2026-07-14
Walmart CNC,Wal-Mart India Private Limited 4813,Wal-Mart India Private Limited 4813,Direct,Mamaearth,Monthly dynamic Cont% (secondary-driven),1,Aug'25–Aug'25,100.0,100.0,100.0,High,Direct ship-to → single chain (1:1),,,,,,Validated (High-Confidence Auto),Walmart CNC,Wal-Mart India Private Limited 4813,Keep,no Confirmed cross-reference found; auto-accepted as a direct 1:1 ship-to->chain mapping (High confidence per the file's own methodology),mtagent pbi audit (cross-ref CustomerCode_Zone_State_Mapping.csv),2026-07-14
Walmart CNC,Wal-Mart India Private Limited 4814,Wal-Mart India Private Limited 4814,Direct,Mamaearth,Monthly dynamic Cont% (secondary-driven),8,Jun'25–May'26,100.0,100.0,100.0,High,Direct ship-to → single chain (1:1),,,,,,Validated (High-Confidence Auto),Walmart CNC,Wal-Mart India Private Limited 4814,Keep,no Confirmed cross-reference found; auto-accepted as a direct 1:1 ship-to->chain mapping (High confidence per the file's own methodology),mtagent pbi audit (cross-ref CustomerCode_Zone_State_Mapping.csv),2026-07-14
Wellness Forever,Wellness Forever Medicare Ltd,Wellness Forever Medicare Ltd,Direct,Aqualogica,Monthly dynamic Cont% (secondary-driven),13,Apr'25–May'26,100.0,100.0,100.0,High,Direct ship-to → single chain (1:1),,,,,,Validated (High-Confidence Auto),Wellness Forever,Wellness Forever Medicare Ltd,Keep,no Confirmed cross-reference found; auto-accepted as a direct 1:1 ship-to->chain mapping (High confidence per the file's own methodology),mtagent pbi audit (cross-ref CustomerCode_Zone_State_Mapping.csv),2026-07-14
Wellness Forever,Wellness Forever Medicare Ltd,Wellness Forever Medicare Ltd,Direct,BBlunt,Monthly dynamic Cont% (secondary-driven),2,Dec'25–Apr'26,100.0,100.0,100.0,High,Direct ship-to → single chain (1:1),,,,,,Validated (High-Confidence Auto),Wellness Forever,Wellness Forever Medicare Ltd,Keep,no Confirmed cross-reference found; auto-accepted as a direct 1:1 ship-to->chain mapping (High confidence per the file's own methodology),mtagent pbi audit (cross-ref CustomerCode_Zone_State_Mapping.csv),2026-07-14
Wellness Forever,Wellness Forever Medicare Ltd,Wellness Forever Medicare Ltd,Direct,Dr. Sheth's,Monthly dynamic Cont% (secondary-driven),3,Mar'26–May'26,100.0,100.0,100.0,High,Direct ship-to → single chain (1:1),,,,,,Validated (High-Confidence Auto),Wellness Forever,Wellness Forever Medicare Ltd,Keep,no Confirmed cross-reference found; auto-accepted as a direct 1:1 ship-to->chain mapping (High confidence per the file's own methodology),mtagent pbi audit (cross-ref CustomerCode_Zone_State_Mapping.csv),2026-07-14
Wellness Forever,Wellness Forever Medicare Ltd,Wellness Forever Medicare Ltd,Direct,Mamaearth,Monthly dynamic Cont% (secondary-driven),14,Apr'25–May'26,100.0,100.0,100.0,High,Direct ship-to → single chain (1:1),,,,,,Validated (High-Confidence Auto),Wellness Forever,Wellness Forever Medicare Ltd,Keep,no Confirmed cross-reference found; auto-accepted as a direct 1:1 ship-to->chain mapping (High confidence per the file's own methodology),mtagent pbi audit (cross-ref CustomerCode_Zone_State_Mapping.csv),2026-07-14
Wellness Forever,Wellness Forever Medicare Ltd,Wellness Forever Medicare Ltd,Direct,The Derma Co.,Monthly dynamic Cont% (secondary-driven),14,Apr'25–May'26,100.0,100.0,100.0,High,Direct ship-to → single chain (1:1),,,,,,Validated (High-Confidence Auto),Wellness Forever,Wellness Forever Medicare Ltd,Keep,no Confirmed cross-reference found; auto-accepted as a direct 1:1 ship-to->chain mapping (High confidence per the file's own methodology),mtagent pbi audit (cross-ref CustomerCode_Zone_State_Mapping.csv),2026-07-14
