Ship To Name,Direct/Distributor,Chain Name,Brand,Month,FY,NSV,MRP value
Apollo Healthco Limited_Bhiwandi,Direct,Apollo Healthco,Aqualogica,April'24,FY_24-25,0.4,0.6
Apollo Healthco Limited_Bhiwandi,Direct,Apollo Healthco,Mamaearth,April'24,FY_24-25,2.2,4.1
Apollo Healthco Limited_Bhiwandi,Direct,Apollo Healthco,The Derma Co,April'24,FY_24-25,0.2,0.4
Apollo Healthco Limited_Faridabad,Direct,Apollo Healthco,Aqualogica,April'24,FY_24-25,1.4,2.4
Apollo Healthco Limited_Faridabad,Direct,Apollo Healthco,Mamaearth,April'24,FY_24-25,8.4,15.4
Apollo Healthco Limited_Faridabad,Direct,Apollo Healthco,The Derma Co,April'24,FY_24-25,3.8,6.3
Apollo Healthco Limited_Rajasthan,Direct,Apollo Healthco,Mamaearth,April'24,FY_24-25,1.8,3.4
Apollo Healthco Limited-Bangalore,Direct,Apollo Healthco,Mamaearth,April'24,FY_24-25,-0.1,-0.1
Apollo Healthco Ltd_Raipur,Direct,Apollo Healthco,Mamaearth,April'24,FY_24-25,1.4,2.6
Avenue E Commerce Limited(Belapur),Direct,D-Mart,Aqualogica,April'24,FY_24-25,0.6,1.1
Avenue E Commerce Limited(Ck Palya),Direct,D-Mart,Aqualogica,April'24,FY_24-25,0.4,0.8
Avenue E Commerce Limited(Kanjur),Direct,D-Mart,Aqualogica,April'24,FY_24-25,0.6,1.1
Avenue E Commerce Limited(Kiwale),Direct,D-Mart,Aqualogica,April'24,FY_24-25,0.6,1.1
Avenue E Commerce Limited(Kushaiguda),Direct,D-Mart,Aqualogica,April'24,FY_24-25,0.4,0.8
Avenue E Commerce Limited(Mira Road) N2,Direct,D-Mart,Aqualogica,April'24,FY_24-25,0.6,1.1
Avenue E Commerce Limited(Nahur),Direct,D-Mart,Aqualogica,April'24,FY_24-25,0.6,1.1
Avenue E Commerce Limited_3826,Direct,D-Mart,Aqualogica,April'24,FY_24-25,0.6,1.1
Avenue E Commerce Limited_GachibowlI,Direct,D-Mart,Aqualogica,April'24,FY_24-25,0.5,1.0
Avenue E Commerce Limited_Panvel-2,Direct,D-Mart,Aqualogica,April'24,FY_24-25,0.4,0.8
Avenue E Commerce Ltd._Hennur Fc-Ka,Direct,D-Mart,Aqualogica,April'24,FY_24-25,0.4,0.8
Avenue E Commerce Ltd_3919-Sardarnagar,Direct,D-Mart,Aqualogica,April'24,FY_24-25,0.4,0.8
Avenue E Commerce Ltd_3925-Jahangirabad.,Direct,D-Mart,Aqualogica,April'24,FY_24-25,0.6,1.1
Avenue E Commerce Ltd_4047-Vasai Waliv,Direct,D-Mart,Aqualogica,April'24,FY_24-25,0.4,0.8
Avenue E Commerce Ltd_CadburyFC.,Direct,D-Mart,Aqualogica,April'24,FY_24-25,0.6,1.1
Avenue E Commerce Ltd_Goregaon,Direct,D-Mart,Aqualogica,April'24,FY_24-25,0.4,0.8
Avenue E Commerce Ltd_Hoodi FC,Direct,D-Mart,Aqualogica,April'24,FY_24-25,0.4,0.8
Avenue E Commerce Ltd_Manpada,Direct,D-Mart,Aqualogica,April'24,FY_24-25,0.4,0.8
Avenue E Commerce Ltd_PeddaAmberpetFC,Direct,D-Mart,Aqualogica,April'24,FY_24-25,0.4,0.8
Avenue E Commerce Ltd_SanandFC,Direct,D-Mart,Aqualogica,April'24,FY_24-25,0.4,0.8
Avenue E Commerce Ltd_Wagholi,Direct,D-Mart,Aqualogica,April'24,FY_24-25,0.4,0.8
Avenue Supermarts Ltd.-4905,Direct,D-Mart,Mamaearth,April'24,FY_24-25,0.9,2.4
Avenue Supermarts Ltd.-DC-1032,Direct,D-Mart,Mamaearth,April'24,FY_24-25,92.4,231.1
Avenue Supermarts Ltd.-DC-1039,Direct,D-Mart,BBlunt,April'24,FY_24-25,2.1,4.1
Avenue Supermarts Ltd.-DC-1039,Direct,D-Mart,Mamaearth,April'24,FY_24-25,237.8,602.2
Avenue Supermarts Ltd.-DC-1049,Direct,D-Mart,Mamaearth,April'24,FY_24-25,44.1,115.5
Avenue Supermarts Ltd.-DC-1050,Direct,D-Mart,Mamaearth,April'24,FY_24-25,59.2,155.0
Avenue Supermarts Ltd.-DC-1068,Direct,D-Mart,Mamaearth,April'24,FY_24-25,22.6,57.0
Avenue Supermarts Ltd_4901,Direct,D-Mart,Mamaearth,April'24,FY_24-25,2.5,6.2
Avenue Supermarts Ltd_4902,Direct,D-Mart,Mamaearth,April'24,FY_24-25,3.5,9.1
Avenue Supermarts Ltd_4903,Direct,D-Mart,Mamaearth,April'24,FY_24-25,2.2,5.9
Avenue Supermarts Ltd_4904,Direct,D-Mart,Mamaearth,April'24,FY_24-25,1.0,2.8
Avenue Supermarts Ltd_4906,Direct,D-Mart,Mamaearth,April'24,FY_24-25,1.2,3.4
Guardian Healthcare Services Pvt Ltd(DL),Direct,Guardian,Aqualogica,April'24,FY_24-25,0.1,0.2
Guardian Healthcare Services Pvt Ltd(DL),Direct,Guardian,Mamaearth,April'24,FY_24-25,0.9,1.8
Guardian Healthcare Services Pvt Ltd(DL),Direct,Guardian,The Derma Co,April'24,FY_24-25,0.2,0.4
H&B STORES LIMITED-BLR,Direct,B&N,Aqualogica,April'24,FY_24-25,0.1,0.3
H&B STORES LIMITED-BLR,Direct,B&N,BBlunt,April'24,FY_24-25,0.9,1.4
H&B STORES LIMITED-BLR,Direct,B&N,Mamaearth,April'24,FY_24-25,3.9,6.7
H&B STORES LIMITED-BLR,Direct,B&N,The Derma Co,April'24,FY_24-25,0.1,0.2
H&B STORES LIMITED-HYD,Direct,B&N,Aqualogica,April'24,FY_24-25,0.1,0.2
H&B STORES LIMITED-HYD,Direct,B&N,BBlunt,April'24,FY_24-25,0.5,0.8
H&B STORES LIMITED-HYD,Direct,B&N,Mamaearth,April'24,FY_24-25,2.2,3.7
H&B STORES LIMITED-HYD,Direct,B&N,The Derma Co,April'24,FY_24-25,0.1,0.1
Metro Cash & Carry India Pvt Ltd -(DC27)-T0SJ,Direct,Metro-CNC-RRL,BBlunt,April'24,FY_24-25,0.1,0.2
Metro Cash & Carry India Pvt Ltd -(DC27)-T0SJ,Direct,Metro-CNC-RRL,Mamaearth,April'24,FY_24-25,5.1,9.8
Metro Cash & Carry India Pvt Ltd -(DC34)-T0SR,Direct,Metro-CNC-RRL,Mamaearth,April'24,FY_24-25,1.3,2.3
Metro Cash & Carry India Pvt Ltd-(DC10)-T0SM,Direct,Metro-CNC-RRL,BBlunt,April'24,FY_24-25,-0.1,-0.1
Metro Cash & Carry India Pvt Ltd-(DC10)-T0SM,Direct,Metro-CNC-RRL,Mamaearth,April'24,FY_24-25,3.6,7.9
Metro Cash & Carry India Pvt Ltd-(DC11)-T0SL,Direct,Metro-CNC-RRL,BBlunt,April'24,FY_24-25,0.0,0.1
Metro Cash & Carry India Pvt Ltd-(DC11)-T0SL,Direct,Metro-CNC-RRL,Mamaearth,April'24,FY_24-25,2.1,4.7
Metro Cash & Carry India Pvt Ltd-(DC12)-T0QX,Direct,Metro-CNC-RRL,Aqualogica,April'24,FY_24-25,1.3,2.0
Metro Cash & Carry India Pvt Ltd-(DC12)-T0QX,Direct,Metro-CNC-RRL,BBlunt,April'24,FY_24-25,0.1,0.2
Metro Cash & Carry India Pvt Ltd-(DC12)-T0QX,Direct,Metro-CNC-RRL,Mamaearth,April'24,FY_24-25,0.9,1.6
Metro Cash & Carry India Pvt Ltd-(DC12)-T0QX,Direct,Metro-CNC-RRL,The Derma Co,April'24,FY_24-25,2.3,3.6
Metro Cash & Carry India Pvt Ltd-(DC18)-T0SN,Direct,Metro-CNC-RRL,BBlunt,April'24,FY_24-25,0.2,0.3
Metro Cash & Carry India Pvt Ltd-(DC18)-T0SN,Direct,Metro-CNC-RRL,Mamaearth,April'24,FY_24-25,2.1,4.0
Metro Cash & Carry India Pvt Ltd-(DC20)-T0RK,Direct,Metro-CNC-RRL,Mamaearth,April'24,FY_24-25,0.2,0.4
Metro Cash & Carry India Pvt Ltd-(DC23)-T0RL,Direct,Metro-CNC-RRL,Aqualogica,April'24,FY_24-25,1.8,2.9
Metro Cash & Carry India Pvt Ltd-(DC23)-T0RL,Direct,Metro-CNC-RRL,The Derma Co,April'24,FY_24-25,3.7,5.8
Metro Cash & Carry India Pvt Ltd-(DC24)-T0RJ,Direct,Metro-CNC-RRL,Mamaearth,April'24,FY_24-25,-0.1,-0.1
Metro Cash & Carry India Pvt Ltd-(DC26)-T0SP,Direct,Metro-CNC-RRL,BBlunt,April'24,FY_24-25,0.2,0.4
Metro Cash & Carry India Pvt Ltd-(DC26)-T0SP,Direct,Metro-CNC-RRL,Mamaearth,April'24,FY_24-25,3.0,5.9
Metro Cash & Carry India Pvt Ltd-(DC29)-T0RA,Direct,Metro-CNC-RRL,Aqualogica,April'24,FY_24-25,1.6,2.4
Metro Cash & Carry India Pvt Ltd-(DC29)-T0RA,Direct,Metro-CNC-RRL,BBlunt,April'24,FY_24-25,0.1,0.2
Metro Cash & Carry India Pvt Ltd-(DC29)-T0RA,Direct,Metro-CNC-RRL,Mamaearth,April'24,FY_24-25,1.5,3.0
Metro Cash & Carry India Pvt Ltd-(DC29)-T0RA,Direct,Metro-CNC-RRL,The Derma Co,April'24,FY_24-25,4.7,7.5
Metro Cash & Carry India Pvt Ltd-(DC32)-T0QU,Direct,Metro-CNC-RRL,Mamaearth,April'24,FY_24-25,0.5,1.3
Metro Cash & Carry India Pvt Ltd-(DC36)-T0RH,Direct,Metro-CNC-RRL,Mamaearth,April'24,FY_24-25,0.9,1.8
Metro Cash & Carry India Pvt Ltd-(DC43)-T2YF,Direct,Metro-CNC-RRL,Mamaearth,April'24,FY_24-25,0.2,0.4
Metro Cash & Carry India Pvt Ltd-(DC46)-T0RC,Direct,Metro-CNC-RRL,Aqualogica,April'24,FY_24-25,1.6,2.5
Metro Cash & Carry India Pvt Ltd-(DC46)-T0RC,Direct,Metro-CNC-RRL,BBlunt,April'24,FY_24-25,0.2,0.3
Metro Cash & Carry India Pvt Ltd-(DC46)-T0RC,Direct,Metro-CNC-RRL,Mamaearth,April'24,FY_24-25,0.3,0.7
Metro Cash & Carry India Pvt Ltd-(DC46)-T0RC,Direct,Metro-CNC-RRL,The Derma Co,April'24,FY_24-25,2.0,3.2
Metro Cash & Carry India Pvt Ltd-(DC47)-T0SI,Direct,Metro-CNC-RRL,Mamaearth,April'24,FY_24-25,-0.2,-0.4
Metro Cash & Carry India Pvt Ltd-(DC48)-T0SK,Direct,Metro-CNC-RRL,Mamaearth,April'24,FY_24-25,0.1,0.1
Metro Cash & Carry India Pvt Ltd-(DC52)-T0RI,Direct,Metro-CNC-RRL,Mamaearth,April'24,FY_24-25,1.1,2.2
Metro Cash & Carry India Pvt Ltd-(DC53)-T0QV,Direct,Metro-CNC-RRL,Mamaearth,April'24,FY_24-25,0.6,1.1
Metro Cash & Carry India Pvt Ltd-(DC60)-T0QS,Direct,Metro-CNC-RRL,Aqualogica,April'24,FY_24-25,1.6,2.5
Metro Cash & Carry India Pvt Ltd-(DC60)-T0QS,Direct,Metro-CNC-RRL,BBlunt,April'24,FY_24-25,0.1,0.2
Metro Cash & Carry India Pvt Ltd-(DC60)-T0QS,Direct,Metro-CNC-RRL,Mamaearth,April'24,FY_24-25,0.6,1.3
Metro Cash & Carry India Pvt Ltd-(DC60)-T0QS,Direct,Metro-CNC-RRL,The Derma Co,April'24,FY_24-25,2.9,4.5
Metro Cash & Carry India Pvt Ltd_DC33(T0SQ),Direct,Metro-CNC-RRL,Mamaearth,April'24,FY_24-25,2.3,4.1
Metro Cash & Carry India Pvt Ltd_T0SO,Direct,Metro-CNC-RRL,Mamaearth,April'24,FY_24-25,1.0,2.0
Metro Cash & Carry India Pvt Ltd_T2LW,Direct,Metro-CNC-RRL,Mamaearth,April'24,FY_24-25,-2.7,-4.9
Metro Cash & Carry India Pvt Ltd_T2ND,Direct,Metro-CNC-RRL,Mamaearth,April'24,FY_24-25,-0.2,-0.3
Metro Cash & Carry India Pvt Ltd_T2OX,Direct,Metro-CNC-RRL,Mamaearth,April'24,FY_24-25,-1.9,-3.5
Metro Cash & Carry India Pvt Ltd_T2QA,Direct,Metro-CNC-RRL,Mamaearth,April'24,FY_24-25,-1.4,-2.5
Metro Cash & Carry India Pvt Ltd_T2TG,Direct,Metro-CNC-RRL,Mamaearth,April'24,FY_24-25,-0.1,-0.2
Metro Cash & Carry India Pvt Ltd_T3DM,Direct,Metro-CNC-RRL,Mamaearth,April'24,FY_24-25,-1.2,-2.1
Octopolis Technologies Pvt Ltd,Direct,Apna Klub,Mamaearth,April'24,FY_24-25,4.5,7.3
Relaince Retail _Madhavaram- TNB8,Direct,Reliance Retail,Mamaearth,April'24,FY_24-25,0.7,1.2
Relaince Retail _Mysore_2994,Direct,Reliance Retail,Mamaearth,April'24,FY_24-25,0.5,0.8
Relaince Retail _RAJAJI NAGAR- FR49,Direct,Reliance Retail,Mamaearth,April'24,FY_24-25,0.3,0.6
Relaince Retail_Davanagere- TNC0,Direct,Reliance Retail,Mamaearth,April'24,FY_24-25,0.7,1.2
Relaince Retail_Hubballi_2997,Direct,Reliance Retail,Mamaearth,April'24,FY_24-25,0.7,1.3
Relaince Retail_Nagercoil- 3338,Direct,Reliance Retail,Mamaearth,April'24,FY_24-25,1.0,1.7
Reliance Retail Limited Ce08,Direct,Reliance Retail,Aqualogica,April'24,FY_24-25,0.6,0.9
Reliance Retail Limited Ce08,Direct,Reliance Retail,Mamaearth,April'24,FY_24-25,20.4,49.0
Reliance Retail Limited Cf08,Direct,Reliance Retail,Aqualogica,April'24,FY_24-25,0.5,0.8
Reliance Retail Limited Cf08,Direct,Reliance Retail,Mamaearth,April'24,FY_24-25,15.8,38.9
Reliance Retail Limited Cm08,Direct,Reliance Retail,Mamaearth,April'24,FY_24-25,8.6,18.3
Reliance Retail Limited Ct08,Direct,Reliance Retail,Aqualogica,April'24,FY_24-25,0.5,0.8
Reliance Retail Limited Ct08,Direct,Reliance Retail,Mamaearth,April'24,FY_24-25,9.3,21.1
Reliance Retail Limited Ea08,Direct,Reliance Retail,Aqualogica,April'24,FY_24-25,0.2,0.4
Reliance Retail Limited Ea08,Direct,Reliance Retail,Mamaearth,April'24,FY_24-25,18.6,45.4
Reliance Retail Limited Fb08,Direct,Reliance Retail,Aqualogica,April'24,FY_24-25,0.5,0.8
Reliance Retail Limited Fb08,Direct,Reliance Retail,Mamaearth,April'24,FY_24-25,12.2,29.8
Reliance Retail Limited Fd08,Direct,Reliance Retail,Mamaearth,April'24,FY_24-25,0.4,0.6
Reliance Retail Limited R301,Direct,Reliance Retail,Mamaearth,April'24,FY_24-25,0.5,1.0
Reliance Retail Limited R426,Direct,Reliance Retail,Mamaearth,April'24,FY_24-25,1.1,1.9
Reliance Retail Limited R468,Direct,Reliance Retail,Mamaearth,April'24,FY_24-25,1.5,2.9
Reliance Retail Limited R701,Direct,Reliance Retail,Aqualogica,April'24,FY_24-25,0.6,0.9
Reliance Retail Limited R701,Direct,Reliance Retail,Mamaearth,April'24,FY_24-25,25.8,65.7
Reliance Retail Limited R801,Direct,Reliance Retail,Aqualogica,April'24,FY_24-25,0.4,0.7
Reliance Retail Limited R801,Direct,Reliance Retail,Mamaearth,April'24,FY_24-25,35.2,86.2
Reliance Retail Limited Sc79,Direct,Reliance Retail,Aqualogica,April'24,FY_24-25,0.5,0.8
Reliance Retail Limited Sc79,Direct,Reliance Retail,Mamaearth,April'24,FY_24-25,6.3,15.7
Reliance Retail Limited Sc86,Direct,Reliance Retail,Mamaearth,April'24,FY_24-25,2.0,4.9
Reliance Retail Limited_2364,Direct,Reliance Retail,Mamaearth,April'24,FY_24-25,0.9,1.8
Reliance Retail Limited_2995,Direct,Reliance Retail,Mamaearth,April'24,FY_24-25,0.6,1.0
Reliance Retail Limited_2996,Direct,Reliance Retail,Mamaearth,April'24,FY_24-25,0.6,1.0
Reliance Retail Limited_3210,Direct,Reliance Retail,Mamaearth,April'24,FY_24-25,0.1,0.2
Reliance Retail Limited_6221,Direct,Reliance Retail,Mamaearth,April'24,FY_24-25,0.4,0.7
Reliance Retail Limited_6722,Direct,Reliance Retail,Mamaearth,April'24,FY_24-25,0.5,0.8
Reliance Retail Limited_6727,Direct,Reliance Retail,Mamaearth,April'24,FY_24-25,0.5,0.9
Reliance Retail Limited_Cy08-Kerala,Direct,Reliance Retail,Mamaearth,April'24,FY_24-25,10.0,24.5
Reliance Retail Limited_FR00,Direct,Reliance Retail,Mamaearth,April'24,FY_24-25,0.6,1.1
Reliance Retail Limited_FR02,Direct,Reliance Retail,Mamaearth,April'24,FY_24-25,0.5,0.9
Reliance Retail Limited_FR03,Direct,Reliance Retail,Mamaearth,April'24,FY_24-25,0.6,1.0
Reliance Retail Limited_FR10,Direct,Reliance Retail,Mamaearth,April'24,FY_24-25,0.6,1.1
Reliance Retail Limited_FR27,Direct,Reliance Retail,Mamaearth,April'24,FY_24-25,0.2,0.4
Reliance Retail Limited_FR30,Direct,Reliance Retail,Mamaearth,April'24,FY_24-25,0.3,0.5
Reliance Retail Limited_FR31,Direct,Reliance Retail,Mamaearth,April'24,FY_24-25,0.4,0.7
Reliance Retail Limited_Fr87,Direct,Reliance Retail,Aqualogica,April'24,FY_24-25,0.6,0.9
Reliance Retail Limited_Fr87,Direct,Reliance Retail,Mamaearth,April'24,FY_24-25,22.5,55.8
Reliance Retail Limited_Fr89,Direct,Reliance Retail,Aqualogica,April'24,FY_24-25,0.5,0.8
Reliance Retail Limited_Fr89,Direct,Reliance Retail,Mamaearth,April'24,FY_24-25,3.7,7.8
Reliance Retail Limited_Fraz,Direct,Reliance Retail,Aqualogica,April'24,FY_24-25,0.5,0.8
Reliance Retail Limited_Fraz,Direct,Reliance Retail,Mamaearth,April'24,FY_24-25,11.1,25.9
Reliance Retail Limited_FRBD,Direct,Reliance Retail,Mamaearth,April'24,FY_24-25,0.8,1.4
Reliance Retail Limited_FRCQ,Direct,Reliance Retail,Mamaearth,April'24,FY_24-25,0.3,0.5
Reliance Retail Limited_FRCS,Direct,Reliance Retail,Mamaearth,April'24,FY_24-25,0.3,0.6
Reliance Retail Limited_FRDA,Direct,Reliance Retail,Mamaearth,April'24,FY_24-25,0.6,1.0
Reliance Retail Limited_FRDB,Direct,Reliance Retail,Mamaearth,April'24,FY_24-25,0.6,1.0
Reliance Retail Limited_FRDI,Direct,Reliance Retail,Mamaearth,April'24,FY_24-25,0.3,0.5
Reliance Retail Limited_FRDK,Direct,Reliance Retail,Mamaearth,April'24,FY_24-25,0.5,0.9
Reliance Retail Limited_FRDL,Direct,Reliance Retail,Mamaearth,April'24,FY_24-25,0.2,0.4
Reliance Retail Limited_FRDP,Direct,Reliance Retail,Mamaearth,April'24,FY_24-25,0.4,0.8
Reliance Retail Limited_FRDT,Direct,Reliance Retail,Mamaearth,April'24,FY_24-25,0.5,0.9
Reliance Retail Limited_FREM,Direct,Reliance Retail,Mamaearth,April'24,FY_24-25,0.5,0.8
Reliance Retail Limited_FRER,Direct,Reliance Retail,Mamaearth,April'24,FY_24-25,0.4,0.7
Reliance Retail Limited_FREX,Direct,Reliance Retail,Mamaearth,April'24,FY_24-25,0.5,0.8
Reliance Retail Limited_FRFA,Direct,Reliance Retail,Mamaearth,April'24,FY_24-25,0.4,0.8
Reliance Retail Limited_FRFK,Direct,Reliance Retail,Mamaearth,April'24,FY_24-25,0.5,0.9
Reliance Retail Limited_FRFR,Direct,Reliance Retail,Mamaearth,April'24,FY_24-25,0.5,0.9
Reliance Retail Limited_FRGC,Direct,Reliance Retail,Mamaearth,April'24,FY_24-25,0.5,0.9
Reliance Retail Limited_FRGF,Direct,Reliance Retail,Mamaearth,April'24,FY_24-25,0.5,0.8
Reliance Retail Limited_FRGK,Direct,Reliance Retail,Mamaearth,April'24,FY_24-25,0.5,0.9
Reliance Retail Limited_FRGW,Direct,Reliance Retail,Mamaearth,April'24,FY_24-25,0.5,0.9
Reliance Retail Limited_FRHC,Direct,Reliance Retail,Mamaearth,April'24,FY_24-25,0.5,0.9
Reliance Retail Limited_FRHF,Direct,Reliance Retail,Mamaearth,April'24,FY_24-25,0.5,0.8
Reliance Retail Limited_FRHM,Direct,Reliance Retail,Mamaearth,April'24,FY_24-25,0.1,0.2
Reliance Retail Limited_FRHR,Direct,Reliance Retail,Mamaearth,April'24,FY_24-25,0.5,0.9
Reliance Retail Limited_Frhv,Direct,Reliance Retail,Aqualogica,April'24,FY_24-25,0.5,0.8
Reliance Retail Limited_Frhv,Direct,Reliance Retail,Mamaearth,April'24,FY_24-25,11.4,29.6
RELIANCE RETAIL LIMITED_FRIA,Direct,Reliance Retail,Mamaearth,April'24,FY_24-25,10.5,25.8
Reliance Retail Limited_SAOS,Direct,Reliance Retail,Mamaearth,April'24,FY_24-25,11.7,28.7
Reliance Retail Limited_Sb01,Direct,Reliance Retail,Aqualogica,April'24,FY_24-25,0.5,0.8
Reliance Retail Limited_Sb01,Direct,Reliance Retail,Mamaearth,April'24,FY_24-25,12.5,32.5
RELIANCE RETAIL LIMITED_SF52,Direct,Reliance Retail,Mamaearth,April'24,FY_24-25,8.4,20.7
Reliance Retail Limited_Sk8I,Direct,Reliance Retail,Mamaearth,April'24,FY_24-25,1.1,1.9
Reliance Retail Limited_SL6S,Direct,Reliance Retail,Mamaearth,April'24,FY_24-25,3.6,7.5
Reliance Retail Limited_T913,Direct,Reliance Retail,Mamaearth,April'24,FY_24-25,0.3,0.5
Reliance Retail Limited_T946,Direct,Reliance Retail,Mamaearth,April'24,FY_24-25,0.5,0.9
Reliance Retail Limited_TB15,Direct,Reliance Retail,Mamaearth,April'24,FY_24-25,0.3,0.5
Reliance Retail Limited_TE57,Direct,Reliance Retail,Mamaearth,April'24,FY_24-25,0.6,1.0
Reliance Retail Limited_TFY8,Direct,Reliance Retail,Mamaearth,April'24,FY_24-25,0.3,0.4
Reliance Retail Limited_TH94,Direct,Reliance Retail,Mamaearth,April'24,FY_24-25,0.5,0.8
Reliance Retail Limited_TI77,Direct,Reliance Retail,Mamaearth,April'24,FY_24-25,0.3,0.5
Reliance Retail Limited_TK48,Direct,Reliance Retail,Mamaearth,April'24,FY_24-25,0.5,0.8
Reliance Retail Limited_TMW7,Direct,Reliance Retail,Mamaearth,April'24,FY_24-25,0.6,1.1
Reliance Retail Limited_TNC1,Direct,Reliance Retail,Mamaearth,April'24,FY_24-25,0.2,0.3
Reliance Retail Limited_TNC6,Direct,Reliance Retail,Mamaearth,April'24,FY_24-25,0.7,1.2
Reliance Retail Limited_TO20,Direct,Reliance Retail,Mamaearth,April'24,FY_24-25,0.3,0.5
Reliance Retail Limited_TOJ6,Direct,Reliance Retail,Mamaearth,April'24,FY_24-25,0.6,1.0
Reliance Retail Limited_TP05,Direct,Reliance Retail,Mamaearth,April'24,FY_24-25,0.5,0.8
Reliance Retail Limited_TP75,Direct,Reliance Retail,Mamaearth,April'24,FY_24-25,0.3,0.5
Reliance Retail Limited_TP76,Direct,Reliance Retail,Mamaearth,April'24,FY_24-25,0.2,0.4
Reliance Retail Limited_TQ21,Direct,Reliance Retail,Mamaearth,April'24,FY_24-25,0.5,0.9
Reliance Retail Limited_TU21,Direct,Reliance Retail,Mamaearth,April'24,FY_24-25,0.4,0.8
Reliance Retail Limited_TW60,Direct,Reliance Retail,Mamaearth,April'24,FY_24-25,0.9,1.6
Reliance Retail Limited_TY87,Direct,Reliance Retail,Mamaearth,April'24,FY_24-25,0.5,0.8
Reliance Retail Limited-2956,Direct,Reliance Retail,Mamaearth,April'24,FY_24-25,0.1,0.2
Reliance Retail Limited-6202,Direct,Reliance Retail,Mamaearth,April'24,FY_24-25,0.2,0.4
Reliance Retail Limited-6205,Direct,Reliance Retail,Mamaearth,April'24,FY_24-25,1.6,3.0
Reliance Retail Limited-6206,Direct,Reliance Retail,Mamaearth,April'24,FY_24-25,0.2,0.3
Reliance Retail Limited-6208,Direct,Reliance Retail,Mamaearth,April'24,FY_24-25,0.5,0.9
Reliance Retail Limited-6217,Direct,Reliance Retail,Aqualogica,April'24,FY_24-25,0.0,0.0
Reliance Retail Limited-6217,Direct,Reliance Retail,Mamaearth,April'24,FY_24-25,1.2,2.3
Reliance Retail Limited-6217,Direct,Reliance Retail,The Derma Co,April'24,FY_24-25,0.1,0.1
Reliance Retail Limited-6219,Direct,Reliance Retail,Mamaearth,April'24,FY_24-25,0.2,0.3
Reliance Retail Limited-6220,Direct,Reliance Retail,Aqualogica,April'24,FY_24-25,0.0,0.0
Reliance Retail Limited-6220,Direct,Reliance Retail,Mamaearth,April'24,FY_24-25,0.4,0.7
Reliance Retail Limited-6220,Direct,Reliance Retail,The Derma Co,April'24,FY_24-25,0.0,0.0
Reliance Retail Limited-6224,Direct,Reliance Retail,Aqualogica,April'24,FY_24-25,0.0,0.0
Reliance Retail Limited-6224,Direct,Reliance Retail,Mamaearth,April'24,FY_24-25,0.1,0.2
Reliance Retail Limited-6224,Direct,Reliance Retail,The Derma Co,April'24,FY_24-25,0.0,0.0
Reliance Retail Limited-6239,Direct,Reliance Retail,Mamaearth,April'24,FY_24-25,0.3,0.6
RELIANCE RETAIL LIMITED-Badli,Direct,Reliance Retail,Aqualogica,April'24,FY_24-25,0.5,0.8
RELIANCE RETAIL LIMITED-Badli,Direct,Reliance Retail,Mamaearth,April'24,FY_24-25,10.7,23.9
Reliance Retail Limited-FR04,Direct,Reliance Retail,Mamaearth,April'24,FY_24-25,0.9,1.6
Reliance Retail Limited-FR08,Direct,Reliance Retail,Mamaearth,April'24,FY_24-25,0.3,0.6
Reliance Retail Limited-FR15,Direct,Reliance Retail,Mamaearth,April'24,FY_24-25,0.3,0.5
Reliance Retail Limited-FR63,Direct,Reliance Retail,Mamaearth,April'24,FY_24-25,0.1,0.2
Reliance Retail Limited-FR73,Direct,Reliance Retail,Mamaearth,April'24,FY_24-25,0.3,0.5
Reliance Retail Limited-FRAR,Direct,Reliance Retail,Mamaearth,April'24,FY_24-25,0.2,0.3
Reliance Retail Limited-FRAU,Direct,Reliance Retail,Mamaearth,April'24,FY_24-25,0.2,0.4
Reliance Retail Limited-FRCA,Direct,Reliance Retail,Mamaearth,April'24,FY_24-25,0.2,0.3
Reliance Retail Limited-FRCB,Direct,Reliance Retail,Mamaearth,April'24,FY_24-25,0.2,0.3
Reliance Retail Limited-FRCC,Direct,Reliance Retail,Mamaearth,April'24,FY_24-25,0.5,0.8
Reliance Retail Limited-FRCF,Direct,Reliance Retail,Mamaearth,April'24,FY_24-25,0.2,0.3
Reliance Retail Limited-FRCK,Direct,Reliance Retail,Mamaearth,April'24,FY_24-25,0.3,0.5
Reliance Retail Limited-FRCO,Direct,Reliance Retail,BBlunt,April'24,FY_24-25,0.2,0.3
Reliance Retail Limited-FRCO,Direct,Reliance Retail,Mamaearth,April'24,FY_24-25,0.4,0.7
Reliance Retail Limited-FRCX,Direct,Reliance Retail,Mamaearth,April'24,FY_24-25,0.9,1.6
Reliance Retail Limited-FRDF,Direct,Reliance Retail,Mamaearth,April'24,FY_24-25,0.3,0.5
Reliance Retail Limited-FRDZ,Direct,Reliance Retail,Mamaearth,April'24,FY_24-25,0.4,0.6
RELIANCE RETAIL LIMITED-FREC,Direct,Reliance Retail,Mamaearth,April'24,FY_24-25,13.2,30.3
RELIANCE RETAIL LIMITED-FREF,Direct,Reliance Retail,Mamaearth,April'24,FY_24-25,0.7,1.7
RELIANCE RETAIL LIMITED-FREI,Direct,Reliance Retail,Mamaearth,April'24,FY_24-25,0.4,1.1
Reliance Retail Limited-FRFC,Direct,Reliance Retail,Mamaearth,April'24,FY_24-25,0.7,1.2
Reliance Retail Limited-FRFH,Direct,Reliance Retail,Mamaearth,April'24,FY_24-25,0.3,0.6
Reliance Retail Limited-FRFP,Direct,Reliance Retail,Mamaearth,April'24,FY_24-25,0.3,0.5
Reliance Retail Limited-FRGS,Direct,Reliance Retail,Mamaearth,April'24,FY_24-25,0.2,0.3
Reliance Retail Limited-FRHK,Direct,Reliance Retail,Mamaearth,April'24,FY_24-25,0.4,0.8
Reliance Retail Limited-FRHT,Direct,Reliance Retail,Mamaearth,April'24,FY_24-25,0.3,0.5
Reliance Retail Limited-S0GK,Direct,Reliance Retail,Mamaearth,April'24,FY_24-25,1.3,2.9
Reliance Retail Limited-SAAH,Direct,Reliance Retail,Aqualogica,April'24,FY_24-25,0.5,0.8
Reliance Retail Limited-SAAH,Direct,Reliance Retail,Mamaearth,April'24,FY_24-25,6.0,14.7
RELIANCE RETAIL LIMITED-SF92,Direct,Reliance Retail,Mamaearth,April'24,FY_24-25,17.9,43.3
RELIANCE RETAIL LIMITED-SH65,Direct,Reliance Retail,Aqualogica,April'24,FY_24-25,0.5,0.8
RELIANCE RETAIL LIMITED-SH65,Direct,Reliance Retail,Mamaearth,April'24,FY_24-25,15.1,37.5
RELIANCE RETAIL LIMITED-SH69,Direct,Reliance Retail,Aqualogica,April'24,FY_24-25,0.5,0.8
RELIANCE RETAIL LIMITED-SH69,Direct,Reliance Retail,Mamaearth,April'24,FY_24-25,6.0,14.1
RELIANCE RETAIL LIMITED-SH71,Direct,Reliance Retail,Aqualogica,April'24,FY_24-25,0.6,0.9
RELIANCE RETAIL LIMITED-SH71,Direct,Reliance Retail,Mamaearth,April'24,FY_24-25,12.5,30.7
Reliance Retail Limited-SH77,Direct,Reliance Retail,Mamaearth,April'24,FY_24-25,9.7,19.1
Reliance Retail Limited-SK6I,Direct,Reliance Retail,Mamaearth,April'24,FY_24-25,2.6,5.2
Reliance Retail Limited-SLG3,Direct,Reliance Retail,Mamaearth,April'24,FY_24-25,13.1,33.0
RELIANCE RETAIL LIMITED-SLIG,Direct,Reliance Retail,Mamaearth,April'24,FY_24-25,17.0,39.2
RELIANCE RETAIL LIMITED-SLII,Direct,Reliance Retail,Mamaearth,April'24,FY_24-25,-0.9,-1.5
Reliance Retail Limited-Slmr,Direct,Reliance Retail,Mamaearth,April'24,FY_24-25,1.7,3.2
Reliance Retail Limited-SLS1,Direct,Reliance Retail,Aqualogica,April'24,FY_24-25,0.5,0.8
Reliance Retail Limited-SLS1,Direct,Reliance Retail,Mamaearth,April'24,FY_24-25,4.4,9.9
Reliance Retail Limited-SLS2,Direct,Reliance Retail,Mamaearth,April'24,FY_24-25,0.4,1.2
Reliance Retail Limited-SP9K,Direct,Reliance Retail,Mamaearth,April'24,FY_24-25,4.5,11.2
Reliance Retail Limited-T915,Direct,Reliance Retail,Mamaearth,April'24,FY_24-25,0.6,1.1
Reliance Retail Limited-TAFW,Direct,Reliance Retail,Mamaearth,April'24,FY_24-25,0.2,0.4
Reliance Retail Limited-TIU6,Direct,Reliance Retail,Mamaearth,April'24,FY_24-25,0.2,0.3
Reliance Retail Limited-TL30,Direct,Reliance Retail,Mamaearth,April'24,FY_24-25,0.5,0.8
Reliance Retail Limited-Tna8,Direct,Reliance Retail,Mamaearth,April'24,FY_24-25,0.2,0.4
Reliance Retail Limited-TNC4,Direct,Reliance Retail,Mamaearth,April'24,FY_24-25,0.3,0.5
Reliance Retail Limited-Tnd5,Direct,Reliance Retail,Mamaearth,April'24,FY_24-25,0.3,0.6
Reliance Retail Limited-TOM0,Direct,Reliance Retail,Mamaearth,April'24,FY_24-25,1.0,1.7
Reliance Retail Limited-TW11,Direct,Reliance Retail,Mamaearth,April'24,FY_24-25,0.5,1.0
Reliance Retail Limited-TZL5,Direct,Reliance Retail,Mamaearth,April'24,FY_24-25,0.1,0.2
RELIANCE RETAIL LIMITED-VT05,Direct,Reliance Retail,Mamaearth,April'24,FY_24-25,0.6,1.1
Reliance Retail Limited-ZZI0-B,Direct,Reliance Retail,Mamaearth,April'24,FY_24-25,0.6,0.9
RELIANCE RETAIL Ltd-SK6C,Direct,Reliance Retail,Aqualogica,April'24,FY_24-25,0.5,0.8
RELIANCE RETAIL Ltd-SK6C,Direct,Reliance Retail,Mamaearth,April'24,FY_24-25,13.1,31.7
RELIANCE RETAIL Ltd-SLEW,Direct,Reliance Retail,Aqualogica,April'24,FY_24-25,0.5,0.8
RELIANCE RETAIL Ltd-SLEW,Direct,Reliance Retail,Mamaearth,April'24,FY_24-25,11.2,26.9
Tnsi Retail Pvt Ltd_Sultanpur,Direct,WH-Smith,Mamaearth,April'24,FY_24-25,0.7,1.3
Travel News Services India Pvt Ltd(Wb),Direct,WH-Smith,Aqualogica,April'24,FY_24-25,0.1,0.1
Travel News Services India Pvt Ltd(Wb),Direct,WH-Smith,Mamaearth,April'24,FY_24-25,0.3,0.5
Travel Retail Services Pvt Ltd_Blr,Direct,Relay,Mamaearth,April'24,FY_24-25,0.3,0.7
Travel Retail Services Pvt Ltd_Blr,Direct,Relay,The Derma Co,April'24,FY_24-25,0.0,0.1
Trent Hypermarket Private Limited_Blr,Direct,Trent,Mamaearth,April'24,FY_24-25,0.8,1.4
Trent Hypermarket Private Limited_Mah,Direct,Trent,Mamaearth,April'24,FY_24-25,3.0,5.0
Wal-Mart India Private Limited 4702,Direct,Walmart CNC,Mamaearth,April'24,FY_24-25,1.1,2.2
Wal-Mart India Private Limited 4703,Direct,Walmart CNC,Mamaearth,April'24,FY_24-25,1.0,1.9
Wal-Mart India Private Limited 4706,Direct,Walmart CNC,Mamaearth,April'24,FY_24-25,1.8,3.5
Wal-Mart India Private Limited 4712,Direct,Walmart CNC,Mamaearth,April'24,FY_24-25,0.3,0.5
Wal-Mart India Private Limited 4713,Direct,Walmart CNC,Mamaearth,April'24,FY_24-25,1.1,2.1
Wal-Mart India Private Limited 4716,Direct,Walmart CNC,Mamaearth,April'24,FY_24-25,1.1,2.1
Wal-Mart India Private Limited 4717,Direct,Walmart CNC,Mamaearth,April'24,FY_24-25,0.2,0.3
Wal-Mart India Private Limited 4719,Direct,Walmart CNC,Mamaearth,April'24,FY_24-25,2.9,5.5
Wal-Mart India Private Limited 4720,Direct,Walmart CNC,Mamaearth,April'24,FY_24-25,1.2,2.2
Wal-Mart India Private Limited 4723,Direct,Walmart CNC,Mamaearth,April'24,FY_24-25,1.0,2.0
Wal-Mart India Private Limited 4727,Direct,Walmart CNC,Mamaearth,April'24,FY_24-25,1.7,3.2
Wal-Mart India Private Limited 4729,Direct,Walmart CNC,Mamaearth,April'24,FY_24-25,0.9,1.7
Wal-Mart India Private Limited 4744,Direct,Walmart CNC,Mamaearth,April'24,FY_24-25,0.5,0.9
Wal-Mart India Private Limited 4760,Direct,Walmart CNC,Mamaearth,April'24,FY_24-25,0.9,1.8
Wal-Mart India Private Limited 4797,Direct,Walmart CNC,Mamaearth,April'24,FY_24-25,0.5,0.9
Wal-Mart India Private Limited 4799,Direct,Walmart CNC,Mamaearth,April'24,FY_24-25,0.3,0.6
Wal-Mart India Private Limited 4805,Direct,Walmart CNC,Mamaearth,April'24,FY_24-25,0.1,0.3
Wal-Mart India Private Limited 4813,Direct,Walmart CNC,Mamaearth,April'24,FY_24-25,0.1,0.2
Wellness Forever Medicare Pvt Ltd,Direct,Wellness Forever,Aqualogica,April'24,FY_24-25,6.0,10.0
Wellness Forever Medicare Pvt Ltd,Direct,Wellness Forever,BBlunt,April'24,FY_24-25,3.2,4.8
Wellness Forever Medicare Pvt Ltd,Direct,Wellness Forever,Mamaearth,April'24,FY_24-25,36.2,61.1
Wellness Forever Medicare Pvt Ltd,Direct,Wellness Forever,The Derma Co,April'24,FY_24-25,40.9,69.0
Babys World_Mt,Dist.,H&G,Aqualogica,April'24,FY_24-25,4.7,8.2
Babys World_Mt,Dist.,H&G,BBlunt,April'24,FY_24-25,1.0,1.6
Babys World_Mt,Dist.,More Retail,Mamaearth,April'24,FY_24-25,6.2,10.7
Babys World_Mt,Dist.,Apollo Healthco,Mamaearth,April'24,FY_24-25,18.3,31.6
Babys World_Mt,Dist.,Frankross,Mamaearth,April'24,FY_24-25,0.1,0.2
Babys World_Mt,Dist.,H&G,Mamaearth,April'24,FY_24-25,3.9,6.8
Babys World_Mt,Dist.,Spencer,Mamaearth,April'24,FY_24-25,16.7,28.9
Babys World_Mt,Dist.,H&G,The Derma Co,April'24,FY_24-25,16.4,28.3
D.L. Sales - MT,Dist.,V-Mart,Mamaearth,April'24,FY_24-25,11.5,21.2
G.V Enterprises,Dist.,H&G,Aqualogica,April'24,FY_24-25,0.0,0.0
G.V Enterprises,Dist.,H&G,BBlunt,April'24,FY_24-25,0.0,0.0
G.V Enterprises,Dist.,Apollo Healthco,Mamaearth,April'24,FY_24-25,5.1,11.6
G.V Enterprises,Dist.,H&G,Mamaearth,April'24,FY_24-25,1.0,2.3
G.V Enterprises,Dist.,D-Mart,Mamaearth,April'24,FY_24-25,46.9,107.4
G.V Enterprises,Dist.,Lulu,Mamaearth,April'24,FY_24-25,1.9,4.4
G.V Enterprises,Dist.,Pothys,Mamaearth,April'24,FY_24-25,4.9,11.2
G.V Enterprises,Dist.,H&G,The Derma Co,April'24,FY_24-25,0.5,1.0
JUST MARK-Dmart,Dist.,D-Mart,Mamaearth,April'24,FY_24-25,137.2,359.2
Kiran Trading Co- Dmart,Dist.,D-Mart,Mamaearth,April'24,FY_24-25,38.4,102.8
Kiran Trading Company_Ship to,Dist.,D-Mart,Mamaearth,April'24,FY_24-25,101.0,268.5
M/S Hindustan Agencies,Dist.,Apollo Healthco,Mamaearth,April'24,FY_24-25,4.5,8.8
M/S Hindustan Agencies,Dist.,Nao Grocery,Mamaearth,April'24,FY_24-25,0.3,0.6
M/S KOTTARAM BUSINESS CORPORATION-MT,Dist.,H&G,Aqualogica,April'24,FY_24-25,0.2,0.4
M/S KOTTARAM BUSINESS CORPORATION-MT,Dist.,Apollo Healthco,Aqualogica,April'24,FY_24-25,2.6,4.7
M/S KOTTARAM BUSINESS CORPORATION-MT,Dist.,H&G,Mamaearth,April'24,FY_24-25,0.4,0.8
M/S KOTTARAM BUSINESS CORPORATION-MT,Dist.,Lulu,Mamaearth,April'24,FY_24-25,6.1,11.2
M/S KOTTARAM BUSINESS CORPORATION-MT,Dist.,Apollo Healthco,Mamaearth,April'24,FY_24-25,0.1,0.3
M/S KOTTARAM BUSINESS CORPORATION-MT,Dist.,Apollo Healthco,The Derma Co,April'24,FY_24-25,0.1,0.2
M/S KOTTARAM BUSINESS CORPORATION-MT,Dist.,H&G,The Derma Co,April'24,FY_24-25,0.3,0.6
M/S KOTTARAM BUSINESS CORPORATION-MT,Dist.,Lulu,The Derma Co,April'24,FY_24-25,1.6,3.0
MARK ENTERPRISE,Dist.,Apollo Healthco,Mamaearth,April'24,FY_24-25,11.6,21.3
R.C. Trade Link H&G,Dist.,H&G,Aqualogica,April'24,FY_24-25,1.2,1.8
R.C. Trade Link H&G,Dist.,H&G,BBlunt,April'24,FY_24-25,0.4,0.6
R.C. Trade Link H&G,Dist.,H&G,Mamaearth,April'24,FY_24-25,1.7,2.6
R.C. Trade Link H&G,Dist.,H&G,The Derma Co,April'24,FY_24-25,3.8,6.0
R.D. Enterprises,Dist.,Spencer,Mamaearth,April'24,FY_24-25,5.5,9.6
R.D. Enterprises,Dist.,Lulu,Mamaearth,April'24,FY_24-25,2.6,4.4
R.D. Enterprises,Dist.,Lulu,The Derma Co,April'24,FY_24-25,0.3,0.5
S M AGENCIES_MT,Dist.,Grace Super MKT,Mamaearth,April'24,FY_24-25,2.0,3.7
S M AGENCIES_MT,Dist.,Pothys,Mamaearth,April'24,FY_24-25,1.9,3.6
S M AGENCIES_MT,Dist.,Sarvana,Mamaearth,April'24,FY_24-25,7.2,13.5
Sancus Networks Private Limited-RMT,Dist.,RMT-Sancus,Aqualogica,April'24,FY_24-25,1.2,2.2
Sancus Networks Private Limited-RMT,Dist.,RMT-Sancus,BBlunt,April'24,FY_24-25,1.4,2.5
Sancus Networks Private Limited-RMT,Dist.,RMT-Sancus,Mamaearth,April'24,FY_24-25,28.9,61.2
Sancus Networks Private Limited-RMT,Dist.,Spencer,Mamaearth,April'24,FY_24-25,0.3,0.6
Sancus Networks Private Limited-RMT,Dist.,Max Hyper,Mamaearth,April'24,FY_24-25,3.3,7.0
Sancus Networks Private Limited-RMT,Dist.,More Retail,Mamaearth,April'24,FY_24-25,2.7,5.8
Sancus Networks Private Limited-RMT,Dist.,RMT-Sancus,The Derma Co,April'24,FY_24-25,1.3,2.2
Sathyashree Enterprises-Mt,Dist.,D-Mart,Mamaearth,April'24,FY_24-25,5.9,14.7
SC BUSINESS COMBINE_MT,Dist.,G N R C Medishop Pvt Ltd,Mamaearth,April'24,FY_24-25,0.7,1.5
SC BUSINESS COMBINE_MT,Dist.,Sohum Shoppe,Mamaearth,April'24,FY_24-25,2.4,4.9
Sri Vijaya Durga Agencies_Mt,Dist.,H&G,Aqualogica,April'24,FY_24-25,4.9,9.0
Sri Vijaya Durga Agencies_Mt,Dist.,H&G,BBlunt,April'24,FY_24-25,0.8,1.3
Sri Vijaya Durga Agencies_Mt,Dist.,Apollo Healthco,Mamaearth,April'24,FY_24-25,29.9,68.6
Sri Vijaya Durga Agencies_Mt,Dist.,D-Mart,Mamaearth,April'24,FY_24-25,66.6,152.9
Sri Vijaya Durga Agencies_Mt,Dist.,Reliance Retail,Mamaearth,April'24,FY_24-25,21.7,49.8
Sri Vijaya Durga Agencies_Mt,Dist.,More Retail,Mamaearth,April'24,FY_24-25,2.8,6.4
Sri Vijaya Durga Agencies_Mt,Dist.,H&G,The Derma Co,April'24,FY_24-25,1.5,2.7
United Marketing_Mt,Dist.,Apollo Healthco,Mamaearth,April'24,FY_24-25,0.8,1.4
Vanaja Agencies MT_Dmart,Dist.,D-Mart,Mamaearth,April'24,FY_24-25,48.6,115.8
VISHAL ENTERPRISES_Solapur,Dist.,D-Mart,Mamaearth,April'24,FY_24-25,34.8,92.7
APOLLO HEALTHCO LIMITED_AHMEDABAD,Direct,Apollo Healthco,Mamaearth,May'24,FY_24-25,1.4,4.5
Apollo Healthco Limited_Bhiwandi,Direct,Apollo Healthco,Aqualogica,May'24,FY_24-25,0.2,0.3
Apollo Healthco Limited_Bhiwandi,Direct,Apollo Healthco,Mamaearth,May'24,FY_24-25,2.7,6.3
Apollo Healthco Limited_Bhiwandi,Direct,Apollo Healthco,The Derma Co,May'24,FY_24-25,1.1,1.8
Apollo Healthco Limited_Faridabad,Direct,Apollo Healthco,Aqualogica,May'24,FY_24-25,0.7,1.2
Apollo Healthco Limited_Faridabad,Direct,Apollo Healthco,Mamaearth,May'24,FY_24-25,11.5,24.6
Apollo Healthco Limited_Faridabad,Direct,Apollo Healthco,The Derma Co,May'24,FY_24-25,2.9,4.8
Apollo Healthco Limited_Rajasthan,Direct,Apollo Healthco,Mamaearth,May'24,FY_24-25,2.3,5.1
Apollo Healthco Limited-Bangalore,Direct,Apollo Healthco,Mamaearth,May'24,FY_24-25,0.9,2.8
Apollo Healthco Limited-Chennai,Direct,Apollo Healthco,Mamaearth,May'24,FY_24-25,2.4,7.7
APOLLO HEALTHCO LIMITED-Chittor,Direct,Apollo Healthco,Mamaearth,May'24,FY_24-25,2.1,6.7
Apollo Healthco Limited-Goa,Direct,Apollo Healthco,Mamaearth,May'24,FY_24-25,0.3,1.1
Apollo Healthco Limited-Hubbli,Direct,Apollo Healthco,Mamaearth,May'24,FY_24-25,2.0,6.2
APOLLO HEALTHCO LIMITED-HYD,Direct,Apollo Healthco,Mamaearth,May'24,FY_24-25,1.8,5.6
Apollo Healthco Limited-Kochi,Direct,Apollo Healthco,Mamaearth,May'24,FY_24-25,0.8,2.6
APOLLO HEALTHCO LIMITED-Madurai,Direct,Apollo Healthco,Mamaearth,May'24,FY_24-25,2.0,6.3
Apollo Healthco Limited-Ore,Direct,Apollo Healthco,Mamaearth,May'24,FY_24-25,0.8,2.4
Apollo Healthco Limited-Sanath Nagar,Direct,Apollo Healthco,Mamaearth,May'24,FY_24-25,2.1,6.7
APOLLO HEALTHCO LIMITED-Vijayawada,Direct,Apollo Healthco,Mamaearth,May'24,FY_24-25,2.5,8.0
APOLLO HEALTHCO LIMITED-WB,Direct,Apollo Healthco,Mamaearth,May'24,FY_24-25,1.0,3.2
APOLLO HEALTHCO LIMITED-WB-2,Direct,Apollo Healthco,Mamaearth,May'24,FY_24-25,2.8,8.8
Apollo Healthco Ltd_Raipur,Direct,Apollo Healthco,Mamaearth,May'24,FY_24-25,2.0,4.6
Avenue E Commerce Limited(Kanjur),Direct,D-Mart,The Derma Co,May'24,FY_24-25,0.6,1.2
Avenue E Commerce Limited(Mira Road) N,Direct,D-Mart,The Derma Co,May'24,FY_24-25,0.5,1.0
Avenue E Commerce Limited(Nahur),Direct,D-Mart,The Derma Co,May'24,FY_24-25,0.6,1.2
Avenue E Commerce Ltd_CadburyFC.,Direct,D-Mart,The Derma Co,May'24,FY_24-25,0.4,0.9
Avenue E Commerce Ltd_Goregaon,Direct,D-Mart,The Derma Co,May'24,FY_24-25,0.5,1.0
Avenue Supermarts Ltd.-4905,Direct,D-Mart,Mamaearth,May'24,FY_24-25,1.0,-4.2
Avenue Supermarts Ltd.-DC-1032,Direct,D-Mart,Mamaearth,May'24,FY_24-25,115.1,292.5
Avenue Supermarts Ltd.-DC-1039,Direct,D-Mart,BBlunt,May'24,FY_24-25,1.7,3.4
Avenue Supermarts Ltd.-DC-1039,Direct,D-Mart,Mamaearth,May'24,FY_24-25,102.8,252.6
Avenue Supermarts Ltd.-DC-1049,Direct,D-Mart,Mamaearth,May'24,FY_24-25,35.3,93.0
Avenue Supermarts Ltd.-DC-1050,Direct,D-Mart,Mamaearth,May'24,FY_24-25,45.0,109.1
Avenue Supermarts Ltd.-DC-1068,Direct,D-Mart,Mamaearth,May'24,FY_24-25,30.0,74.9
Avenue Supermarts Ltd_4901,Direct,D-Mart,Mamaearth,May'24,FY_24-25,4.3,10.7
Avenue Supermarts Ltd_4902,Direct,D-Mart,Mamaearth,May'24,FY_24-25,2.9,7.0
Avenue Supermarts Ltd_4903,Direct,D-Mart,Mamaearth,May'24,FY_24-25,4.9,12.7
Avenue Supermarts Ltd_4904,Direct,D-Mart,Mamaearth,May'24,FY_24-25,1.8,4.1
Avenue Supermarts Ltd_4906,Direct,D-Mart,Mamaearth,May'24,FY_24-25,2.2,5.2
Guardian Healthcare Services Pvt Ltd(DL),Direct,Guardian,Aqualogica,May'24,FY_24-25,0.4,0.8
Guardian Healthcare Services Pvt Ltd(DL),Direct,Guardian,Mamaearth,May'24,FY_24-25,1.3,2.6
Guardian Healthcare Services Pvt Ltd(DL),Direct,Guardian,The Derma Co,May'24,FY_24-25,0.7,1.4
Metro Cash & Carry India Pvt Ltd -(DC27)-T0SJ,Direct,Metro-CNC-RRL,Aqualogica,May'24,FY_24-25,2.7,4.2
Metro Cash & Carry India Pvt Ltd -(DC27)-T0SJ,Direct,Metro-CNC-RRL,BBlunt,May'24,FY_24-25,0.1,0.1
Metro Cash & Carry India Pvt Ltd -(DC27)-T0SJ,Direct,Metro-CNC-RRL,Mamaearth,May'24,FY_24-25,2.0,3.6
Metro Cash & Carry India Pvt Ltd -(DC27)-T0SJ,Direct,Metro-CNC-RRL,The Derma Co,May'24,FY_24-25,3.7,5.8
Metro Cash & Carry India Pvt Ltd -(DC34)-T0SR,Direct,Metro-CNC-RRL,Mamaearth,May'24,FY_24-25,0.4,0.7
Metro Cash & Carry India Pvt Ltd-(DC10)-T0SM,Direct,Metro-CNC-RRL,BBlunt,May'24,FY_24-25,0.4,0.6
Metro Cash & Carry India Pvt Ltd-(DC10)-T0SM,Direct,Metro-CNC-RRL,Mamaearth,May'24,FY_24-25,5.9,11.3
Metro Cash & Carry India Pvt Ltd-(DC10)-T0SM,Direct,Metro-CNC-RRL,The Derma Co,May'24,FY_24-25,0.1,0.2
Metro Cash & Carry India Pvt Ltd-(DC11)-T0SL,Direct,Metro-CNC-RRL,Aqualogica,May'24,FY_24-25,1.5,2.4
Metro Cash & Carry India Pvt Ltd-(DC11)-T0SL,Direct,Metro-CNC-RRL,BBlunt,May'24,FY_24-25,0.1,0.1
Metro Cash & Carry India Pvt Ltd-(DC11)-T0SL,Direct,Metro-CNC-RRL,Mamaearth,May'24,FY_24-25,3.8,7.3
Metro Cash & Carry India Pvt Ltd-(DC11)-T0SL,Direct,Metro-CNC-RRL,The Derma Co,May'24,FY_24-25,3.7,5.8
Metro Cash & Carry India Pvt Ltd-(DC12)-T0QX,Direct,Metro-CNC-RRL,Aqualogica,May'24,FY_24-25,1.5,2.3
Metro Cash & Carry India Pvt Ltd-(DC12)-T0QX,Direct,Metro-CNC-RRL,BBlunt,May'24,FY_24-25,0.3,0.4
Metro Cash & Carry India Pvt Ltd-(DC12)-T0QX,Direct,Metro-CNC-RRL,Mamaearth,May'24,FY_24-25,11.0,23.7
Metro Cash & Carry India Pvt Ltd-(DC12)-T0QX,Direct,Metro-CNC-RRL,The Derma Co,May'24,FY_24-25,3.5,5.6
Metro Cash & Carry India Pvt Ltd-(DC15)-T0QY,Direct,Metro-CNC-RRL,Mamaearth,May'24,FY_24-25,1.3,2.4
Metro Cash & Carry India Pvt Ltd-(DC16)-T0QZ,Direct,Metro-CNC-RRL,BBlunt,May'24,FY_24-25,0.6,0.9
Metro Cash & Carry India Pvt Ltd-(DC16)-T0QZ,Direct,Metro-CNC-RRL,Mamaearth,May'24,FY_24-25,6.6,13.5
Metro Cash & Carry India Pvt Ltd-(DC17)-T0QT,Direct,Metro-CNC-RRL,Mamaearth,May'24,FY_24-25,6.1,11.8
Metro Cash & Carry India Pvt Ltd-(DC18)-T0SN,Direct,Metro-CNC-RRL,Aqualogica,May'24,FY_24-25,3.9,6.2
Metro Cash & Carry India Pvt Ltd-(DC18)-T0SN,Direct,Metro-CNC-RRL,BBlunt,May'24,FY_24-25,0.1,0.2
Metro Cash & Carry India Pvt Ltd-(DC18)-T0SN,Direct,Metro-CNC-RRL,Mamaearth,May'24,FY_24-25,3.5,6.6
Metro Cash & Carry India Pvt Ltd-(DC18)-T0SN,Direct,Metro-CNC-RRL,The Derma Co,May'24,FY_24-25,8.0,12.6
Metro Cash & Carry India Pvt Ltd-(DC20)-T0RK,Direct,Metro-CNC-RRL,Mamaearth,May'24,FY_24-25,2.6,4.7
Metro Cash & Carry India Pvt Ltd-(DC23)-T0RL,Direct,Metro-CNC-RRL,BBlunt,May'24,FY_24-25,0.5,0.8
Metro Cash & Carry India Pvt Ltd-(DC23)-T0RL,Direct,Metro-CNC-RRL,Mamaearth,May'24,FY_24-25,1.5,2.6
Metro Cash & Carry India Pvt Ltd-(DC23)-T0RL,Direct,Metro-CNC-RRL,The Derma Co,May'24,FY_24-25,0.1,0.1
Metro Cash & Carry India Pvt Ltd-(DC24)-T0RJ,Direct,Metro-CNC-RRL,BBlunt,May'24,FY_24-25,0.3,0.4
Metro Cash & Carry India Pvt Ltd-(DC24)-T0RJ,Direct,Metro-CNC-RRL,Mamaearth,May'24,FY_24-25,2.8,5.5
Metro Cash & Carry India Pvt Ltd-(DC25)-T0RB,Direct,Metro-CNC-RRL,Mamaearth,May'24,FY_24-25,3.7,6.7
Metro Cash & Carry India Pvt Ltd-(DC26)-T0SP,Direct,Metro-CNC-RRL,Aqualogica,May'24,FY_24-25,0.9,1.5
Metro Cash & Carry India Pvt Ltd-(DC26)-T0SP,Direct,Metro-CNC-RRL,BBlunt,May'24,FY_24-25,0.1,0.2
Metro Cash & Carry India Pvt Ltd-(DC26)-T0SP,Direct,Metro-CNC-RRL,Mamaearth,May'24,FY_24-25,1.5,2.8
Metro Cash & Carry India Pvt Ltd-(DC26)-T0SP,Direct,Metro-CNC-RRL,The Derma Co,May'24,FY_24-25,3.0,4.7
Metro Cash & Carry India Pvt Ltd-(DC28)-T0RF,Direct,Metro-CNC-RRL,Mamaearth,May'24,FY_24-25,0.2,0.3
Metro Cash & Carry India Pvt Ltd-(DC29)-T0RA,Direct,Metro-CNC-RRL,Aqualogica,May'24,FY_24-25,1.4,2.1
Metro Cash & Carry India Pvt Ltd-(DC29)-T0RA,Direct,Metro-CNC-RRL,BBlunt,May'24,FY_24-25,0.3,0.5
Metro Cash & Carry India Pvt Ltd-(DC29)-T0RA,Direct,Metro-CNC-RRL,Mamaearth,May'24,FY_24-25,5.4,11.0
Metro Cash & Carry India Pvt Ltd-(DC29)-T0RA,Direct,Metro-CNC-RRL,The Derma Co,May'24,FY_24-25,3.6,5.7
Metro Cash & Carry India Pvt Ltd-(DC30)-T0RM,Direct,Metro-CNC-RRL,Mamaearth,May'24,FY_24-25,1.5,2.7
Metro Cash & Carry India Pvt Ltd-(DC32)-T0QU,Direct,Metro-CNC-RRL,Mamaearth,May'24,FY_24-25,0.9,1.7
Metro Cash & Carry India Pvt Ltd-(DC36)-T0RH,Direct,Metro-CNC-RRL,BBlunt,May'24,FY_24-25,0.1,0.1
Metro Cash & Carry India Pvt Ltd-(DC36)-T0RH,Direct,Metro-CNC-RRL,Mamaearth,May'24,FY_24-25,3.2,6.2
Metro Cash & Carry India Pvt Ltd-(DC37)-T0RD,Direct,Metro-CNC-RRL,BBlunt,May'24,FY_24-25,0.1,0.2
Metro Cash & Carry India Pvt Ltd-(DC37)-T0RD,Direct,Metro-CNC-RRL,Mamaearth,May'24,FY_24-25,5.6,10.8
Metro Cash & Carry India Pvt Ltd-(DC43)-T2YF,Direct,Metro-CNC-RRL,Aqualogica,May'24,FY_24-25,2.5,4.0
Metro Cash & Carry India Pvt Ltd-(DC43)-T2YF,Direct,Metro-CNC-RRL,BBlunt,May'24,FY_24-25,0.2,0.3
Metro Cash & Carry India Pvt Ltd-(DC43)-T2YF,Direct,Metro-CNC-RRL,Mamaearth,May'24,FY_24-25,1.0,1.9
Metro Cash & Carry India Pvt Ltd-(DC43)-T2YF,Direct,Metro-CNC-RRL,The Derma Co,May'24,FY_24-25,5.7,8.9
Metro Cash & Carry India Pvt Ltd-(DC45)-T0RE,Direct,Metro-CNC-RRL,BBlunt,May'24,FY_24-25,0.3,0.4
Metro Cash & Carry India Pvt Ltd-(DC45)-T0RE,Direct,Metro-CNC-RRL,Mamaearth,May'24,FY_24-25,2.2,4.1
Metro Cash & Carry India Pvt Ltd-(DC46)-T0RC,Direct,Metro-CNC-RRL,Aqualogica,May'24,FY_24-25,0.2,0.3
Metro Cash & Carry India Pvt Ltd-(DC46)-T0RC,Direct,Metro-CNC-RRL,BBlunt,May'24,FY_24-25,0.4,0.6
Metro Cash & Carry India Pvt Ltd-(DC46)-T0RC,Direct,Metro-CNC-RRL,Mamaearth,May'24,FY_24-25,5.1,9.7
Metro Cash & Carry India Pvt Ltd-(DC46)-T0RC,Direct,Metro-CNC-RRL,The Derma Co,May'24,FY_24-25,1.7,2.7
Metro Cash & Carry India Pvt Ltd-(DC47)-T0SI,Direct,Metro-CNC-RRL,Mamaearth,May'24,FY_24-25,2.0,3.5
Metro Cash & Carry India Pvt Ltd-(DC48)-T0SK,Direct,Metro-CNC-RRL,Mamaearth,May'24,FY_24-25,4.6,8.5
Metro Cash & Carry India Pvt Ltd-(DC52)-T0RI,Direct,Metro-CNC-RRL,BBlunt,May'24,FY_24-25,0.3,0.5
Metro Cash & Carry India Pvt Ltd-(DC52)-T0RI,Direct,Metro-CNC-RRL,Mamaearth,May'24,FY_24-25,1.5,2.8
Metro Cash & Carry India Pvt Ltd-(DC53)-T0QV,Direct,Metro-CNC-RRL,BBlunt,May'24,FY_24-25,0.3,0.4
Metro Cash & Carry India Pvt Ltd-(DC53)-T0QV,Direct,Metro-CNC-RRL,Mamaearth,May'24,FY_24-25,1.9,3.7
Metro Cash & Carry India Pvt Ltd-(DC54)-T0QW,Direct,Metro-CNC-RRL,Mamaearth,May'24,FY_24-25,3.4,6.7
Metro Cash & Carry India Pvt Ltd-(DC60)-T0QS,Direct,Metro-CNC-RRL,Aqualogica,May'24,FY_24-25,0.2,0.3
Metro Cash & Carry India Pvt Ltd-(DC60)-T0QS,Direct,Metro-CNC-RRL,BBlunt,May'24,FY_24-25,0.3,0.4
Metro Cash & Carry India Pvt Ltd-(DC60)-T0QS,Direct,Metro-CNC-RRL,Mamaearth,May'24,FY_24-25,7.4,13.4
Metro Cash & Carry India Pvt Ltd-(DC60)-T0QS,Direct,Metro-CNC-RRL,The Derma Co,May'24,FY_24-25,1.1,1.8
Metro Cash & Carry India Pvt Ltd_DC33(T0SQ),Direct,Metro-CNC-RRL,Mamaearth,May'24,FY_24-25,2.7,5.0
Metro Cash & Carry India Pvt Ltd_T0SO,Direct,Metro-CNC-RRL,Mamaearth,May'24,FY_24-25,2.2,4.2
Metro Cash & Carry India Pvt Ltd_T2E4,Direct,Metro-CNC-RRL,Mamaearth,May'24,FY_24-25,0.3,0.5
Metro Cash & Carry India Pvt Ltd_T2FM,Direct,Metro-CNC-RRL,Aqualogica,May'24,FY_24-25,0.3,0.4
Metro Cash & Carry India Pvt Ltd_T2FM,Direct,Metro-CNC-RRL,BBlunt,May'24,FY_24-25,0.2,0.3
Metro Cash & Carry India Pvt Ltd_T2FM,Direct,Metro-CNC-RRL,Mamaearth,May'24,FY_24-25,1.5,2.8
Metro Cash & Carry India Pvt Ltd_T2FM,Direct,Metro-CNC-RRL,The Derma Co,May'24,FY_24-25,0.9,1.4
Metro Cash & Carry India Pvt Ltd_T2IB,Direct,Metro-CNC-RRL,Mamaearth,May'24,FY_24-25,0.1,0.1
Metro Cash & Carry India Pvt Ltd_T2IU,Direct,Metro-CNC-RRL,Mamaearth,May'24,FY_24-25,3.3,6.0
Metro Cash & Carry India Pvt Ltd_T2MA,Direct,Metro-CNC-RRL,Mamaearth,May'24,FY_24-25,-2.1,-3.8
Metro Cash & Carry India Pvt Ltd_T2QA,Direct,Metro-CNC-RRL,Mamaearth,May'24,FY_24-25,-0.3,-0.6
Metro Cash & Carry India Pvt Ltd_T2SJ,Direct,Metro-CNC-RRL,Mamaearth,May'24,FY_24-25,2.8,5.1
Metro Cash & Carry India Pvt Ltd_T2SL,Direct,Metro-CNC-RRL,Mamaearth,May'24,FY_24-25,0.3,0.5
Metro Cash & Carry India Pvt Ltd_T2XD,Direct,Metro-CNC-RRL,Mamaearth,May'24,FY_24-25,6.8,12.3
Metro Cash & Carry India Pvt Ltd_T3DO,Direct,Metro-CNC-RRL,Mamaearth,May'24,FY_24-25,0.7,1.2
Metro Cash & Carry India Pvt Ltd_T3DS,Direct,Metro-CNC-RRL,Mamaearth,May'24,FY_24-25,2.1,3.7
Metro Cash & Carry India Pvt Ltd-T2TH,Direct,Metro-CNC-RRL,Mamaearth,May'24,FY_24-25,-1.9,-3.5
Reliance Brand Limited,Direct,Mother Care,Mamaearth,May'24,FY_24-25,-0.1,-0.2
RELIANCE BRAND LIMITED-SL7B,Direct,Reliance Retail,Mamaearth,May'24,FY_24-25,-1.1,-3.2
Reliance Retail Limited Ce08,Direct,Reliance Retail,Mamaearth,May'24,FY_24-25,21.2,53.6
Reliance Retail Limited Ce08,Direct,Reliance Retail,The Derma Co,May'24,FY_24-25,1.9,3.1
Reliance Retail Limited Cf08,Direct,Reliance Retail,Aqualogica,May'24,FY_24-25,0.2,0.3
Reliance Retail Limited Cf08,Direct,Reliance Retail,Mamaearth,May'24,FY_24-25,12.0,29.0
Reliance Retail Limited Cf08,Direct,Reliance Retail,The Derma Co,May'24,FY_24-25,1.2,1.9
Reliance Retail Limited Cm08,Direct,Reliance Retail,Aqualogica,May'24,FY_24-25,0.7,1.1
Reliance Retail Limited Cm08,Direct,Reliance Retail,Mamaearth,May'24,FY_24-25,12.0,27.8
Reliance Retail Limited Cm08,Direct,Reliance Retail,The Derma Co,May'24,FY_24-25,1.2,1.9
Reliance Retail Limited Ct08,Direct,Reliance Retail,Aqualogica,May'24,FY_24-25,0.8,1.3
Reliance Retail Limited Ct08,Direct,Reliance Retail,Mamaearth,May'24,FY_24-25,11.6,29.8
Reliance Retail Limited Ct08,Direct,Reliance Retail,The Derma Co,May'24,FY_24-25,2.2,3.6
Reliance Retail Limited Ea08,Direct,Reliance Retail,Aqualogica,May'24,FY_24-25,0.5,0.8
Reliance Retail Limited Ea08,Direct,Reliance Retail,Mamaearth,May'24,FY_24-25,12.2,34.7
Reliance Retail Limited Ea08,Direct,Reliance Retail,The Derma Co,May'24,FY_24-25,1.7,2.8
Reliance Retail Limited Ev08,Direct,Reliance Retail,Mamaearth,May'24,FY_24-25,0.0,0.0
Reliance Retail Limited Fb08,Direct,Reliance Retail,Aqualogica,May'24,FY_24-25,1.2,2.0
Reliance Retail Limited Fb08,Direct,Reliance Retail,Mamaearth,May'24,FY_24-25,8.3,22.0
Reliance Retail Limited Fb08,Direct,Reliance Retail,The Derma Co,May'24,FY_24-25,1.0,1.6
Reliance Retail Limited Fd08,Direct,Reliance Retail,Mamaearth,May'24,FY_24-25,0.7,1.3
Reliance Retail Limited R301,Direct,Reliance Retail,Mamaearth,May'24,FY_24-25,1.3,2.9
Reliance Retail Limited R426,Direct,Reliance Retail,Mamaearth,May'24,FY_24-25,0.7,1.1
Reliance Retail Limited R468,Direct,Reliance Retail,Mamaearth,May'24,FY_24-25,1.8,4.3
Reliance Retail Limited R701,Direct,Reliance Retail,Aqualogica,May'24,FY_24-25,1.8,3.0
Reliance Retail Limited R701,Direct,Reliance Retail,Mamaearth,May'24,FY_24-25,17.9,43.9
Reliance Retail Limited R701,Direct,Reliance Retail,The Derma Co,May'24,FY_24-25,2.3,3.7
Reliance Retail Limited R703,Direct,Reliance Retail,Mamaearth,May'24,FY_24-25,-1.1,-2.0
Reliance Retail Limited R801,Direct,Reliance Retail,Aqualogica,May'24,FY_24-25,0.7,1.1
Reliance Retail Limited R801,Direct,Reliance Retail,Mamaearth,May'24,FY_24-25,22.1,53.9
Reliance Retail Limited R801,Direct,Reliance Retail,The Derma Co,May'24,FY_24-25,1.7,2.7
Reliance Retail Limited S412,Direct,Reliance Retail,Mamaearth,May'24,FY_24-25,-3.2,-5.9
Reliance Retail Limited Sc79,Direct,Reliance Retail,Mamaearth,May'24,FY_24-25,3.8,8.5
Reliance Retail Limited Sc79,Direct,Reliance Retail,The Derma Co,May'24,FY_24-25,0.9,1.4
Reliance Retail Limited Sc86,Direct,Reliance Retail,Aqualogica,May'24,FY_24-25,0.5,0.8
Reliance Retail Limited Sc86,Direct,Reliance Retail,BBlunt,May'24,FY_24-25,0.0,0.0
Reliance Retail Limited Sc86,Direct,Reliance Retail,Mamaearth,May'24,FY_24-25,3.1,7.2
Reliance Retail Limited Sc86,Direct,Reliance Retail,The Derma Co,May'24,FY_24-25,1.2,2.0
Reliance Retail Limited Se17,Direct,Reliance Retail,Mamaearth,May'24,FY_24-25,-0.5,-1.1
Reliance Retail Limited_2302,Direct,Reliance Retail,Mamaearth,May'24,FY_24-25,0.2,0.4
Reliance Retail Limited_2364,Direct,Reliance Retail,Mamaearth,May'24,FY_24-25,0.2,0.2
Reliance Retail Limited_2995,Direct,Reliance Retail,Mamaearth,May'24,FY_24-25,0.4,0.7
Reliance Retail Limited_2996,Direct,Reliance Retail,Mamaearth,May'24,FY_24-25,0.2,0.3
Reliance Retail Limited_3210,Direct,Reliance Retail,Mamaearth,May'24,FY_24-25,0.1,0.1
Reliance Retail Limited_6221,Direct,Reliance Retail,Mamaearth,May'24,FY_24-25,0.0,0.1
Reliance Retail Limited_6717,Direct,Reliance Retail,Mamaearth,May'24,FY_24-25,1.0,1.7
Reliance Retail Limited_6722,Direct,Reliance Retail,Mamaearth,May'24,FY_24-25,0.2,0.3
Reliance Retail Limited_6727,Direct,Reliance Retail,Mamaearth,May'24,FY_24-25,0.2,0.3
Reliance Retail Limited_Cy08-Kerala,Direct,Reliance Retail,Aqualogica,May'24,FY_24-25,0.5,0.8
Reliance Retail Limited_Cy08-Kerala,Direct,Reliance Retail,Mamaearth,May'24,FY_24-25,8.5,20.1
Reliance Retail Limited_Cy08-Kerala,Direct,Reliance Retail,The Derma Co,May'24,FY_24-25,1.8,3.0
Reliance Retail Limited_FR00,Direct,Reliance Retail,Mamaearth,May'24,FY_24-25,0.2,0.4
Reliance Retail Limited_FR02,Direct,Reliance Retail,Mamaearth,May'24,FY_24-25,0.1,0.1
Reliance Retail Limited_FR03,Direct,Reliance Retail,Mamaearth,May'24,FY_24-25,0.1,0.2
Reliance Retail Limited_FR10,Direct,Reliance Retail,Mamaearth,May'24,FY_24-25,0.0,0.1
Reliance Retail Limited_FR27,Direct,Reliance Retail,Mamaearth,May'24,FY_24-25,0.3,0.4
Reliance Retail Limited_FR30,Direct,Reliance Retail,Mamaearth,May'24,FY_24-25,0.1,0.1
Reliance Retail Limited_FR62,Direct,Reliance Retail,Mamaearth,May'24,FY_24-25,0.5,0.8
Reliance Retail Limited_FR64,Direct,Reliance Retail,Mamaearth,May'24,FY_24-25,0.3,0.5
Reliance Retail Limited_FR76,Direct,Reliance Retail,Mamaearth,May'24,FY_24-25,0.4,0.8
Reliance Retail Limited_Fr87,Direct,Reliance Retail,Aqualogica,May'24,FY_24-25,0.4,0.7
Reliance Retail Limited_Fr87,Direct,Reliance Retail,Mamaearth,May'24,FY_24-25,23.7,57.1
Reliance Retail Limited_Fr87,Direct,Reliance Retail,The Derma Co,May'24,FY_24-25,1.3,2.1
Reliance Retail Limited_Fr89,Direct,Reliance Retail,Mamaearth,May'24,FY_24-25,2.9,6.7
Reliance Retail Limited_Fr89,Direct,Reliance Retail,The Derma Co,May'24,FY_24-25,1.1,1.8
Reliance Retail Limited_FRAQ,Direct,Reliance Retail,Mamaearth,May'24,FY_24-25,0.4,0.7
Reliance Retail Limited_FRAT,Direct,Reliance Retail,Mamaearth,May'24,FY_24-25,0.4,0.7
Reliance Retail Limited_Fraz,Direct,Reliance Retail,Aqualogica,May'24,FY_24-25,0.7,1.2
Reliance Retail Limited_Fraz,Direct,Reliance Retail,Mamaearth,May'24,FY_24-25,11.0,25.1
Reliance Retail Limited_Fraz,Direct,Reliance Retail,The Derma Co,May'24,FY_24-25,1.5,2.5
Reliance Retail Limited_FRBD,Direct,Reliance Retail,Mamaearth,May'24,FY_24-25,0.2,0.4
Reliance Retail Limited_FRBR,Direct,Reliance Retail,Mamaearth,May'24,FY_24-25,1.5,2.8
Reliance Retail Limited_FRBS,Direct,Reliance Retail,Mamaearth,May'24,FY_24-25,0.4,0.6
Reliance Retail Limited_FRBU,Direct,Reliance Retail,Mamaearth,May'24,FY_24-25,0.3,0.6
Reliance Retail Limited_FRBW,Direct,Reliance Retail,Mamaearth,May'24,FY_24-25,0.3,0.5
Reliance Retail Limited_FRCG,Direct,Reliance Retail,Mamaearth,May'24,FY_24-25,0.4,0.6
Reliance Retail Limited_FRCH,Direct,Reliance Retail,Mamaearth,May'24,FY_24-25,0.4,0.6
Reliance Retail Limited_FRCJ,Direct,Reliance Retail,Mamaearth,May'24,FY_24-25,0.4,0.6
Reliance Retail Limited_FRCQ,Direct,Reliance Retail,Mamaearth,May'24,FY_24-25,0.0,0.0
Reliance Retail Limited_FRCS,Direct,Reliance Retail,Mamaearth,May'24,FY_24-25,0.2,0.2
Reliance Retail Limited_FRDA,Direct,Reliance Retail,Mamaearth,May'24,FY_24-25,0.1,0.2
Reliance Retail Limited_FRDB,Direct,Reliance Retail,Mamaearth,May'24,FY_24-25,0.1,0.1
Reliance Retail Limited_FRDI,Direct,Reliance Retail,Mamaearth,May'24,FY_24-25,0.1,0.2
Reliance Retail Limited_FRDK,Direct,Reliance Retail,Aqualogica,May'24,FY_24-25,0.1,0.1
Reliance Retail Limited_FRDK,Direct,Reliance Retail,Mamaearth,May'24,FY_24-25,0.7,1.4
Reliance Retail Limited_FRDK,Direct,Reliance Retail,The Derma Co,May'24,FY_24-25,0.3,0.5
Reliance Retail Limited_FRDL,Direct,Reliance Retail,Mamaearth,May'24,FY_24-25,0.1,0.2
Reliance Retail Limited_FRDP,Direct,Reliance Retail,Mamaearth,May'24,FY_24-25,0.2,0.3
Reliance Retail Limited_FRDT,Direct,Reliance Retail,Mamaearth,May'24,FY_24-25,0.2,0.3
Reliance Retail Limited_FREM,Direct,Reliance Retail,Mamaearth,May'24,FY_24-25,0.2,0.3
Reliance Retail Limited_FRER,Direct,Reliance Retail,Mamaearth,May'24,FY_24-25,0.2,0.4
Reliance Retail Limited_FREX,Direct,Reliance Retail,Mamaearth,May'24,FY_24-25,0.2,0.3
Reliance Retail Limited_FRFA,Direct,Reliance Retail,Mamaearth,May'24,FY_24-25,0.1,0.1
Reliance Retail Limited_FRFB,Direct,Reliance Retail,Mamaearth,May'24,FY_24-25,0.4,0.7
Reliance Retail Limited_FRFD,Direct,Reliance Retail,Mamaearth,May'24,FY_24-25,0.3,0.5
Reliance Retail Limited_FRFK,Direct,Reliance Retail,Mamaearth,May'24,FY_24-25,0.2,0.3
Reliance Retail Limited_FRFR,Direct,Reliance Retail,Mamaearth,May'24,FY_24-25,0.2,0.2
Reliance Retail Limited_FRFU,Direct,Reliance Retail,Mamaearth,May'24,FY_24-25,0.3,0.4
Reliance Retail Limited_FRFV,Direct,Reliance Retail,Mamaearth,May'24,FY_24-25,0.3,0.4
Reliance Retail Limited_FRGC,Direct,Reliance Retail,Mamaearth,May'24,FY_24-25,0.2,0.3
Reliance Retail Limited_FRGE,Direct,Reliance Retail,Mamaearth,May'24,FY_24-25,0.2,0.3
Reliance Retail Limited_FRGF,Direct,Reliance Retail,Mamaearth,May'24,FY_24-25,0.2,0.4
Reliance Retail Limited_FRGH,Direct,Reliance Retail,Mamaearth,May'24,FY_24-25,0.3,0.5
Reliance Retail Limited_FRGK,Direct,Reliance Retail,Mamaearth,May'24,FY_24-25,0.2,0.3
Reliance Retail Limited_FRGW,Direct,Reliance Retail,Mamaearth,May'24,FY_24-25,0.2,0.3
Reliance Retail Limited_FRHC,Direct,Reliance Retail,Mamaearth,May'24,FY_24-25,0.1,0.2
Reliance Retail Limited_FRHF,Direct,Reliance Retail,Mamaearth,May'24,FY_24-25,0.2,0.4
Reliance Retail Limited_FRHM,Direct,Reliance Retail,Mamaearth,May'24,FY_24-25,0.1,0.1
Reliance Retail Limited_FRHR,Direct,Reliance Retail,Mamaearth,May'24,FY_24-25,0.2,0.3
Reliance Retail Limited_Frhv,Direct,Reliance Retail,Aqualogica,May'24,FY_24-25,0.3,0.5
Reliance Retail Limited_Frhv,Direct,Reliance Retail,Mamaearth,May'24,FY_24-25,10.4,25.4
RELIANCE RETAIL LIMITED_FRIA,Direct,Reliance Retail,Aqualogica,May'24,FY_24-25,0.5,0.8
RELIANCE RETAIL LIMITED_FRIA,Direct,Reliance Retail,Mamaearth,May'24,FY_24-25,14.2,37.6
RELIANCE RETAIL LIMITED_FRIA,Direct,Reliance Retail,The Derma Co,May'24,FY_24-25,1.5,2.5
Reliance Retail Limited_FRLF,Direct,Reliance Retail,Mamaearth,May'24,FY_24-25,0.4,0.6
Reliance Retail Limited_Nagpur,Direct,Reliance Retail,Mamaearth,May'24,FY_24-25,-1.3,-2.3
RELIANCE RETAIL LIMITED_R464,Direct,Reliance Retail,Mamaearth,May'24,FY_24-25,-0.2,-0.3
Reliance Retail Limited_SAHO,Direct,Reliance Retail,Mamaearth,May'24,FY_24-25,2.6,5.4
Reliance Retail Limited_SAOS,Direct,Reliance Retail,Aqualogica,May'24,FY_24-25,0.5,0.8
Reliance Retail Limited_SAOS,Direct,Reliance Retail,Mamaearth,May'24,FY_24-25,12.8,31.2
Reliance Retail Limited_SAOS,Direct,Reliance Retail,The Derma Co,May'24,FY_24-25,1.3,2.1
Reliance Retail Limited_Sb01,Direct,Reliance Retail,Aqualogica,May'24,FY_24-25,0.3,0.4
Reliance Retail Limited_Sb01,Direct,Reliance Retail,Mamaearth,May'24,FY_24-25,7.6,18.5
Reliance Retail Limited_Sb01,Direct,Reliance Retail,The Derma Co,May'24,FY_24-25,1.6,2.6
RELIANCE RETAIL LIMITED_SF52,Direct,Reliance Retail,Mamaearth,May'24,FY_24-25,8.4,18.2
RELIANCE RETAIL LIMITED_SF52,Direct,Reliance Retail,The Derma Co,May'24,FY_24-25,0.6,1.0
Reliance Retail Limited_Sk8I,Direct,Reliance Retail,Mamaearth,May'24,FY_24-25,1.0,1.7
Reliance Retail Limited_T913,Direct,Reliance Retail,Mamaearth,May'24,FY_24-25,0.1,0.2
Reliance Retail Limited_T946,Direct,Reliance Retail,Mamaearth,May'24,FY_24-25,0.2,0.3
Reliance Retail Limited_TB15,Direct,Reliance Retail,Mamaearth,May'24,FY_24-25,0.2,0.3
Reliance Retail Limited_TCE7,Direct,Reliance Retail,Mamaearth,May'24,FY_24-25,0.4,0.6
Reliance Retail Limited_TDC7,Direct,Reliance Retail,Mamaearth,May'24,FY_24-25,0.4,0.6
Reliance Retail Limited_TE57,Direct,Reliance Retail,Mamaearth,May'24,FY_24-25,0.1,0.1
Reliance Retail Limited_TFY8,Direct,Reliance Retail,Mamaearth,May'24,FY_24-25,0.2,0.3
Reliance Retail Limited_TH94,Direct,Reliance Retail,Mamaearth,May'24,FY_24-25,0.2,0.3
Reliance Retail Limited_TI77,Direct,Reliance Retail,Mamaearth,May'24,FY_24-25,0.1,0.1
Reliance Retail Limited_TK48,Direct,Reliance Retail,Mamaearth,May'24,FY_24-25,0.2,0.3
Reliance Retail Limited_TMW7,Direct,Reliance Retail,Mamaearth,May'24,FY_24-25,0.1,0.1
Reliance Retail Limited_TMZ5,Direct,Reliance Retail,Mamaearth,May'24,FY_24-25,0.4,0.6
Reliance Retail Limited_TN55,Direct,Reliance Retail,Mamaearth,May'24,FY_24-25,0.3,0.4
Reliance Retail Limited_TN56,Direct,Reliance Retail,Mamaearth,May'24,FY_24-25,0.3,0.4
Reliance Retail Limited_TNC1,Direct,Reliance Retail,Mamaearth,May'24,FY_24-25,0.2,0.4
Reliance Retail Limited_TNC6,Direct,Reliance Retail,Mamaearth,May'24,FY_24-25,0.2,0.4
Reliance Retail Limited_TNC8,Direct,Reliance Retail,Mamaearth,May'24,FY_24-25,0.7,1.2
Reliance Retail Limited_TO20,Direct,Reliance Retail,Mamaearth,May'24,FY_24-25,0.4,0.5
Reliance Retail Limited_TP05,Direct,Reliance Retail,Mamaearth,May'24,FY_24-25,0.2,0.3
Reliance Retail Limited_TP75,Direct,Reliance Retail,Mamaearth,May'24,FY_24-25,0.1,0.2
Reliance Retail Limited_TP76,Direct,Reliance Retail,Mamaearth,May'24,FY_24-25,0.1,0.2
Reliance Retail Limited_TQ21,Direct,Reliance Retail,Mamaearth,May'24,FY_24-25,0.1,0.1
Reliance Retail Limited_TQ22,Direct,Reliance Retail,Mamaearth,May'24,FY_24-25,0.3,0.5
Reliance Retail Limited_TU21,Direct,Reliance Retail,Mamaearth,May'24,FY_24-25,0.1,0.2
Reliance Retail Limited_TW60,Direct,Reliance Retail,Mamaearth,May'24,FY_24-25,0.0,0.0
Reliance Retail Limited_TY87,Direct,Reliance Retail,Mamaearth,May'24,FY_24-25,0.1,0.2
Reliance Retail Limited-2956,Direct,Reliance Retail,Mamaearth,May'24,FY_24-25,0.1,0.0
Reliance Retail Limited-6205,Direct,Reliance Retail,Aqualogica,May'24,FY_24-25,0.1,0.2
Reliance Retail Limited-6205,Direct,Reliance Retail,Mamaearth,May'24,FY_24-25,0.3,0.3
Reliance Retail Limited-6205,Direct,Reliance Retail,The Derma Co,May'24,FY_24-25,0.3,0.5
Reliance Retail Limited-6206,Direct,Reliance Retail,Mamaearth,May'24,FY_24-25,0.1,0.1
Reliance Retail Limited-6208,Direct,Reliance Retail,Mamaearth,May'24,FY_24-25,0.0,-0.2
Reliance Retail Limited-6217,Direct,Reliance Retail,Aqualogica,May'24,FY_24-25,0.5,0.9
Reliance Retail Limited-6217,Direct,Reliance Retail,Mamaearth,May'24,FY_24-25,0.4,0.8
Reliance Retail Limited-6217,Direct,Reliance Retail,The Derma Co,May'24,FY_24-25,1.5,2.4
Reliance Retail Limited-6219,Direct,Reliance Retail,Mamaearth,May'24,FY_24-25,0.0,-0.1
Reliance Retail Limited-6220,Direct,Reliance Retail,Aqualogica,May'24,FY_24-25,2.0,3.2
Reliance Retail Limited-6220,Direct,Reliance Retail,Mamaearth,May'24,FY_24-25,0.2,0.2
Reliance Retail Limited-6220,Direct,Reliance Retail,The Derma Co,May'24,FY_24-25,4.0,6.5
Reliance Retail Limited-6224,Direct,Reliance Retail,Aqualogica,May'24,FY_24-25,0.3,0.4
Reliance Retail Limited-6224,Direct,Reliance Retail,Mamaearth,May'24,FY_24-25,0.4,0.6
Reliance Retail Limited-6224,Direct,Reliance Retail,The Derma Co,May'24,FY_24-25,0.1,0.0
Reliance Retail Limited-6225,Direct,Reliance Retail,Mamaearth,May'24,FY_24-25,1.5,2.7
Reliance Retail Limited-6239,Direct,Reliance Retail,Aqualogica,May'24,FY_24-25,0.1,0.1
Reliance Retail Limited-6239,Direct,Reliance Retail,Mamaearth,May'24,FY_24-25,0.6,0.9
Reliance Retail Limited-6239,Direct,Reliance Retail,The Derma Co,May'24,FY_24-25,0.3,0.5
RELIANCE RETAIL LIMITED-Badli,Direct,Reliance Retail,Aqualogica,May'24,FY_24-25,0.1,0.1
RELIANCE RETAIL LIMITED-Badli,Direct,Reliance Retail,Mamaearth,May'24,FY_24-25,10.1,23.2
RELIANCE RETAIL LIMITED-Badli,Direct,Reliance Retail,The Derma Co,May'24,FY_24-25,1.2,2.0
Reliance Retail Limited-FR04,Direct,Reliance Retail,Aqualogica,May'24,FY_24-25,0.6,1.0
Reliance Retail Limited-FR04,Direct,Reliance Retail,Mamaearth,May'24,FY_24-25,0.3,0.4
Reliance Retail Limited-FR04,Direct,Reliance Retail,The Derma Co,May'24,FY_24-25,2.2,3.6
Reliance Retail Limited-FR08,Direct,Reliance Retail,Mamaearth,May'24,FY_24-25,0.1,0.0
Reliance Retail Limited-FR15,Direct,Reliance Retail,Mamaearth,May'24,FY_24-25,0.1,0.1
Reliance Retail Limited-FR63,Direct,Reliance Retail,Mamaearth,May'24,FY_24-25,0.0,0.0
Reliance Retail Limited-FR73,Direct,Reliance Retail,Mamaearth,May'24,FY_24-25,0.2,0.4
Reliance Retail Limited-FRAR,Direct,Reliance Retail,Mamaearth,May'24,FY_24-25,0.1,0.1
Reliance Retail Limited-FRAU,Direct,Reliance Retail,Mamaearth,May'24,FY_24-25,0.2,0.3
Reliance Retail Limited-FRCA,Direct,Reliance Retail,Mamaearth,May'24,FY_24-25,0.1,0.2
Reliance Retail Limited-FRCB,Direct,Reliance Retail,Mamaearth,May'24,FY_24-25,0.1,0.2
Reliance Retail Limited-FRCC,Direct,Reliance Retail,Mamaearth,May'24,FY_24-25,0.3,0.3
Reliance Retail Limited-FRCF,Direct,Reliance Retail,Mamaearth,May'24,FY_24-25,0.1,0.1
Reliance Retail Limited-FRCK,Direct,Reliance Retail,Mamaearth,May'24,FY_24-25,0.2,0.4
Reliance Retail Limited-FRCO,Direct,Reliance Retail,Mamaearth,May'24,FY_24-25,0.2,0.1
Reliance Retail Limited-FRCX,Direct,Reliance Retail,Aqualogica,May'24,FY_24-25,0.2,0.3
Reliance Retail Limited-FRCX,Direct,Reliance Retail,Mamaearth,May'24,FY_24-25,0.9,1.3
Reliance Retail Limited-FRCX,Direct,Reliance Retail,The Derma Co,May'24,FY_24-25,0.7,1.1
Reliance Retail Limited-FRDF,Direct,Reliance Retail,Mamaearth,May'24,FY_24-25,0.2,0.3
Reliance Retail Limited-FRDZ,Direct,Reliance Retail,Mamaearth,May'24,FY_24-25,-0.2,-0.8
RELIANCE RETAIL LIMITED-FREC,Direct,Reliance Retail,Aqualogica,May'24,FY_24-25,2.0,3.3
RELIANCE RETAIL LIMITED-FREC,Direct,Reliance Retail,Mamaearth,May'24,FY_24-25,34.2,84.4
RELIANCE RETAIL LIMITED-FREC,Direct,Reliance Retail,The Derma Co,May'24,FY_24-25,2.7,4.4
RELIANCE RETAIL LIMITED-FREF,Direct,Reliance Retail,Mamaearth,May'24,FY_24-25,0.4,0.8
RELIANCE RETAIL LIMITED-FREI,Direct,Reliance Retail,Mamaearth,May'24,FY_24-25,0.6,1.5
Reliance Retail Limited-FRFC,Direct,Reliance Retail,Mamaearth,May'24,FY_24-25,0.2,0.3
Reliance Retail Limited-FRFH,Direct,Reliance Retail,Mamaearth,May'24,FY_24-25,0.3,0.4
Reliance Retail Limited-FRFP,Direct,Reliance Retail,Mamaearth,May'24,FY_24-25,0.0,-0.1
Reliance Retail Limited-FRGS,Direct,Reliance Retail,Mamaearth,May'24,FY_24-25,0.1,0.2
Reliance Retail Limited-FRHK,Direct,Reliance Retail,Mamaearth,May'24,FY_24-25,0.3,0.5
RELIANCE RETAIL LIMITED-R280,Direct,Reliance Retail,Mamaearth,May'24,FY_24-25,-0.4,-0.7
Reliance Retail Limited-S0GK,Direct,Reliance Retail,Mamaearth,May'24,FY_24-25,1.1,2.7
Reliance Retail Limited-S0IL,Direct,Reliance Retail,Mamaearth,May'24,FY_24-25,1.2,2.4
RELIANCE RETAIL LIMITED-S537,Direct,Reliance Retail,Mamaearth,May'24,FY_24-25,-0.1,-0.2
Reliance Retail Limited-SAAH,Direct,Reliance Retail,Aqualogica,May'24,FY_24-25,0.6,0.9
Reliance Retail Limited-SAAH,Direct,Reliance Retail,Mamaearth,May'24,FY_24-25,7.6,17.5
Reliance Retail Limited-SAAH,Direct,Reliance Retail,The Derma Co,May'24,FY_24-25,0.4,0.6
RELIANCE RETAIL LIMITED-SF92,Direct,Reliance Retail,Aqualogica,May'24,FY_24-25,1.6,2.6
RELIANCE RETAIL LIMITED-SF92,Direct,Reliance Retail,Mamaearth,May'24,FY_24-25,32.3,82.3
RELIANCE RETAIL LIMITED-SF92,Direct,Reliance Retail,The Derma Co,May'24,FY_24-25,1.2,2.0
RELIANCE RETAIL LIMITED-SH65,Direct,Reliance Retail,Aqualogica,May'24,FY_24-25,0.6,0.9
RELIANCE RETAIL LIMITED-SH65,Direct,Reliance Retail,Mamaearth,May'24,FY_24-25,9.2,21.9
RELIANCE RETAIL LIMITED-SH65,Direct,Reliance Retail,The Derma Co,May'24,FY_24-25,1.1,1.8
RELIANCE RETAIL LIMITED-SH69,Direct,Reliance Retail,Aqualogica,May'24,FY_24-25,0.3,0.4
RELIANCE RETAIL LIMITED-SH69,Direct,Reliance Retail,Mamaearth,May'24,FY_24-25,4.5,10.7
RELIANCE RETAIL LIMITED-SH69,Direct,Reliance Retail,The Derma Co,May'24,FY_24-25,1.5,2.5
RELIANCE RETAIL LIMITED-SH71,Direct,Reliance Retail,Aqualogica,May'24,FY_24-25,0.5,0.8
RELIANCE RETAIL LIMITED-SH71,Direct,Reliance Retail,Mamaearth,May'24,FY_24-25,8.3,19.8
RELIANCE RETAIL LIMITED-SH71,Direct,Reliance Retail,The Derma Co,May'24,FY_24-25,1.6,2.6
Reliance Retail Limited-SH77,Direct,Reliance Retail,Mamaearth,May'24,FY_24-25,-0.1,-0.3
Reliance Retail Limited-SLG3,Direct,Reliance Retail,Aqualogica,May'24,FY_24-25,0.2,0.3
Reliance Retail Limited-SLG3,Direct,Reliance Retail,Mamaearth,May'24,FY_24-25,6.2,15.8
Reliance Retail Limited-SLG3,Direct,Reliance Retail,The Derma Co,May'24,FY_24-25,1.3,2.1
RELIANCE RETAIL LIMITED-SLIG,Direct,Reliance Retail,Aqualogica,May'24,FY_24-25,0.2,0.3
RELIANCE RETAIL LIMITED-SLIG,Direct,Reliance Retail,Mamaearth,May'24,FY_24-25,12.0,24.3
RELIANCE RETAIL LIMITED-SLII,Direct,Reliance Retail,Mamaearth,May'24,FY_24-25,0.0,0.0
Reliance Retail Limited-Slmr,Direct,Reliance Retail,Mamaearth,May'24,FY_24-25,1.6,3.1
Reliance Retail Limited-SLS1,Direct,Reliance Retail,Mamaearth,May'24,FY_24-25,10.6,25.0
Reliance Retail Limited-SLS1,Direct,Reliance Retail,The Derma Co,May'24,FY_24-25,1.2,2.0
Reliance Retail Limited-SLS2,Direct,Reliance Retail,Mamaearth,May'24,FY_24-25,-2.8,-4.9
Reliance Retail Limited-SN1U,Direct,Reliance Retail,Mamaearth,May'24,FY_24-25,0.7,1.1
Reliance Retail Limited-SP9K,Direct,Reliance Retail,Mamaearth,May'24,FY_24-25,6.9,16.1
Reliance Retail Limited-T915,Direct,Reliance Retail,Mamaearth,May'24,FY_24-25,0.3,0.2
Reliance Retail Limited-TAFW,Direct,Reliance Retail,Mamaearth,May'24,FY_24-25,0.1,0.1
Reliance Retail Limited-TH93,Direct,Reliance Retail,Mamaearth,May'24,FY_24-25,0.4,0.6
Reliance Retail Limited-TIU6,Direct,Reliance Retail,Mamaearth,May'24,FY_24-25,0.0,0.0
Reliance Retail Limited-TL30,Direct,Reliance Retail,Aqualogica,May'24,FY_24-25,0.0,0.1
Reliance Retail Limited-TL30,Direct,Reliance Retail,Mamaearth,May'24,FY_24-25,-0.6,-1.0
Reliance Retail Limited-TL30,Direct,Reliance Retail,The Derma Co,May'24,FY_24-25,0.1,0.2
Reliance Retail Limited-Tna8,Direct,Reliance Retail,Mamaearth,May'24,FY_24-25,-0.1,-0.3
Reliance Retail Limited-TNC4,Direct,Reliance Retail,Mamaearth,May'24,FY_24-25,0.2,0.2
Reliance Retail Limited-Tnd5,Direct,Reliance Retail,Mamaearth,May'24,FY_24-25,0.0,-0.3
Reliance Retail Limited-TOM0,Direct,Reliance Retail,Mamaearth,May'24,FY_24-25,0.1,0.2
Reliance Retail Limited-TW11,Direct,Reliance Retail,Mamaearth,May'24,FY_24-25,-0.1,-0.1
Reliance Retail Limited-TZL5,Direct,Reliance Retail,Mamaearth,May'24,FY_24-25,0.1,0.1
RELIANCE RETAIL LIMITED-VT05,Direct,Reliance Retail,Mamaearth,May'24,FY_24-25,1.6,4.3
Reliance Retail Limited-ZZI0-B,Direct,Reliance Retail,Aqualogica,May'24,FY_24-25,0.0,0.0
Reliance Retail Limited-ZZI0-B,Direct,Reliance Retail,Mamaearth,May'24,FY_24-25,2.2,3.9
Reliance Retail Ltd _Madhavaram- TNB8,Direct,Reliance Retail,Mamaearth,May'24,FY_24-25,0.2,0.3
Reliance Retail Ltd _Mysore_2994,Direct,Reliance Retail,Mamaearth,May'24,FY_24-25,0.2,0.4
Reliance Retail Ltd _RAJAJI NAGAR- FR49,Direct,Reliance Retail,Mamaearth,May'24,FY_24-25,0.3,0.5
Reliance Retail Ltd_Davanagere- TNC0,Direct,Reliance Retail,Mamaearth,May'24,FY_24-25,0.1,0.2
Reliance Retail Ltd_Nagercoil- 3338,Direct,Reliance Retail,Mamaearth,May'24,FY_24-25,0.0,0.1
RELIANCE RETAIL Ltd-SK6C,Direct,Reliance Retail,Mamaearth,May'24,FY_24-25,7.3,18.9
RELIANCE RETAIL Ltd-SK6C,Direct,Reliance Retail,The Derma Co,May'24,FY_24-25,1.3,2.1
RELIANCE RETAIL Ltd-SLEW,Direct,Reliance Retail,Aqualogica,May'24,FY_24-25,0.3,0.4
RELIANCE RETAIL Ltd-SLEW,Direct,Reliance Retail,Mamaearth,May'24,FY_24-25,6.3,16.0
RELIANCE RETAIL Ltd-SLEW,Direct,Reliance Retail,The Derma Co,May'24,FY_24-25,0.4,0.6
Tnsi Retail Pvt Ltd_Sultanpur,Direct,WH-Smith,Mamaearth,May'24,FY_24-25,0.3,0.5
Travel Retail Services Pvt Ltd_Blr,Direct,Relay,Mamaearth,May'24,FY_24-25,0.3,0.6
Travel Retail Services Pvt Ltd_Blr,Direct,Relay,The Derma Co,May'24,FY_24-25,0.2,0.4
Trent Hypermarket Private Limited_Blr,Direct,Trent,Mamaearth,May'24,FY_24-25,1.1,1.9
Trent Hypermarket Private Limited_Mah,Direct,Trent,Mamaearth,May'24,FY_24-25,3.3,5.5
Wal-Mart India Private Limited 4702,Direct,Walmart CNC,Mamaearth,May'24,FY_24-25,0.7,1.3
Wal-Mart India Private Limited 4703,Direct,Walmart CNC,Mamaearth,May'24,FY_24-25,1.2,2.4
Wal-Mart India Private Limited 4706,Direct,Walmart CNC,Mamaearth,May'24,FY_24-25,0.8,1.4
Wal-Mart India Private Limited 4712,Direct,Walmart CNC,Mamaearth,May'24,FY_24-25,0.9,1.7
Wal-Mart India Private Limited 4713,Direct,Walmart CNC,Mamaearth,May'24,FY_24-25,1.2,2.2
Wal-Mart India Private Limited 4716,Direct,Walmart CNC,Mamaearth,May'24,FY_24-25,2.1,4.0
Wal-Mart India Private Limited 4717,Direct,Walmart CNC,Mamaearth,May'24,FY_24-25,0.4,0.8
Wal-Mart India Private Limited 4719,Direct,Walmart CNC,Mamaearth,May'24,FY_24-25,2.6,4.9
Wal-Mart India Private Limited 4720,Direct,Walmart CNC,Mamaearth,May'24,FY_24-25,0.9,1.7
Wal-Mart India Private Limited 4721,Direct,Walmart CNC,Mamaearth,May'24,FY_24-25,0.6,1.2
Wal-Mart India Private Limited 4723,Direct,Walmart CNC,Mamaearth,May'24,FY_24-25,0.5,1.0
Wal-Mart India Private Limited 4724,Direct,Walmart CNC,Mamaearth,May'24,FY_24-25,4.0,7.6
Wal-Mart India Private Limited 4725,Direct,Walmart CNC,Mamaearth,May'24,FY_24-25,0.9,1.8
Wal-Mart India Private Limited 4727,Direct,Walmart CNC,Mamaearth,May'24,FY_24-25,1.7,3.3
Wal-Mart India Private Limited 4729,Direct,Walmart CNC,Mamaearth,May'24,FY_24-25,0.1,0.2
Wal-Mart India Private Limited 4734,Direct,Walmart CNC,Mamaearth,May'24,FY_24-25,1.0,1.9
Wal-Mart India Private Limited 4742,Direct,Walmart CNC,Mamaearth,May'24,FY_24-25,0.6,1.2
Wal-Mart India Private Limited 4744,Direct,Walmart CNC,Mamaearth,May'24,FY_24-25,0.7,1.3
Wal-Mart India Private Limited 4760,Direct,Walmart CNC,Mamaearth,May'24,FY_24-25,0.6,1.2
Wal-Mart India Private Limited 4797,Direct,Walmart CNC,Mamaearth,May'24,FY_24-25,0.8,1.5
Wal-Mart India Private Limited 4799,Direct,Walmart CNC,Mamaearth,May'24,FY_24-25,1.5,2.8
Wal-Mart India Private Limited 4801,Direct,Walmart CNC,Mamaearth,May'24,FY_24-25,0.3,0.6
Wal-Mart India Private Limited 4803,Direct,Walmart CNC,Mamaearth,May'24,FY_24-25,0.3,0.5
Wal-Mart India Private Limited 4805,Direct,Walmart CNC,Mamaearth,May'24,FY_24-25,3.9,7.4
Wal-Mart India Private Limited 4813,Direct,Walmart CNC,Mamaearth,May'24,FY_24-25,0.2,0.5
Wal-Mart India Private Limited 4814,Direct,Walmart CNC,Mamaearth,May'24,FY_24-25,1.2,2.3
Wellness Forever Medicare Pvt Ltd,Direct,Wellness Forever,Aqualogica,May'24,FY_24-25,9.4,15.8
Wellness Forever Medicare Pvt Ltd,Direct,Wellness Forever,BBlunt,May'24,FY_24-25,3.7,5.4
Wellness Forever Medicare Pvt Ltd,Direct,Wellness Forever,Mamaearth,May'24,FY_24-25,51.0,86.0
Wellness Forever Medicare Pvt Ltd,Direct,Wellness Forever,The Derma Co,May'24,FY_24-25,51.0,86.0
Arc Foods And Beverages_Mt_H&G,Dist.,H&G,Aqualogica,May'24,FY_24-25,7.1,13.1
Arc Foods And Beverages_Mt_H&G,Dist.,H&G,BBlunt,May'24,FY_24-25,0.9,1.5
Arc Foods And Beverages_Mt_H&G,Dist.,Apollo Healthco,Mamaearth,May'24,FY_24-25,6.2,11.4
Arc Foods And Beverages_Mt_H&G,Dist.,H&G,Mamaearth,May'24,FY_24-25,8.7,16.0
Arc Foods And Beverages_Mt_H&G,Dist.,H&G,The Derma Co,May'24,FY_24-25,6.6,12.1
Arc Foods And Beverages_Mt_H&G,Dist.,Apollo Healthco,The Derma Co,May'24,FY_24-25,1.2,2.1
Babys World_Mt,Dist.,H&G,Aqualogica,May'24,FY_24-25,0.1,0.1
Babys World_Mt,Dist.,H&G,BBlunt,May'24,FY_24-25,0.7,1.2
Babys World_Mt,Dist.,More Retail,Mamaearth,May'24,FY_24-25,10.0,17.3
Babys World_Mt,Dist.,Apollo Healthco,Mamaearth,May'24,FY_24-25,25.4,43.9
Babys World_Mt,Dist.,H&G,Mamaearth,May'24,FY_24-25,3.5,6.0
Babys World_Mt,Dist.,Spencer,Mamaearth,May'24,FY_24-25,33.3,57.6
Babys World_Mt,Dist.,H&G,The Derma Co,May'24,FY_24-25,2.0,3.4
D.L. Sales - MT,Dist.,Arambagh,Mamaearth,May'24,FY_24-25,3.3,7.2
D.L. Sales - MT,Dist.,V-Mart,Mamaearth,May'24,FY_24-25,3.6,8.0
D.L. Sales - MT,Dist.,Frankross,Mamaearth,May'24,FY_24-25,0.5,1.1
G.V Enterprises,Dist.,H&G,Aqualogica,May'24,FY_24-25,0.2,0.3
G.V Enterprises,Dist.,H&G,BBlunt,May'24,FY_24-25,0.2,0.3
G.V Enterprises,Dist.,Apollo Healthco,Mamaearth,May'24,FY_24-25,7.0,15.0
G.V Enterprises,Dist.,H&G,Mamaearth,May'24,FY_24-25,0.6,1.3
G.V Enterprises,Dist.,D-Mart,Mamaearth,May'24,FY_24-25,35.5,75.4
G.V Enterprises,Dist.,Lulu,Mamaearth,May'24,FY_24-25,6.0,12.7
G.V Enterprises,Dist.,Max Hyper,Mamaearth,May'24,FY_24-25,1.2,2.5
G.V Enterprises,Dist.,Pothys,Mamaearth,May'24,FY_24-25,3.1,6.6
G.V Enterprises,Dist.,H&G,The Derma Co,May'24,FY_24-25,0.3,0.5
JUST MARK-Dmart,Dist.,D-Mart,Mamaearth,May'24,FY_24-25,125.3,331.5
Kiran Trading Co- Dmart,Dist.,D-Mart,Mamaearth,May'24,FY_24-25,34.8,87.7
Kiran Trading Company_Ship to,Dist.,D-Mart,Mamaearth,May'24,FY_24-25,55.5,148.6
M/S KOTTARAM BUSINESS CORPORATION-MT,Dist.,H&G,Aqualogica,May'24,FY_24-25,0.4,0.8
M/S KOTTARAM BUSINESS CORPORATION-MT,Dist.,Lulu,Aqualogica,May'24,FY_24-25,2.3,4.2
M/S KOTTARAM BUSINESS CORPORATION-MT,Dist.,H&G,BBlunt,May'24,FY_24-25,0.3,0.4
M/S KOTTARAM BUSINESS CORPORATION-MT,Dist.,H&G,Mamaearth,May'24,FY_24-25,0.3,0.6
M/S KOTTARAM BUSINESS CORPORATION-MT,Dist.,Lulu,Mamaearth,May'24,FY_24-25,13.7,25.1
M/S KOTTARAM BUSINESS CORPORATION-MT,Dist.,Apollo Healthco,Mamaearth,May'24,FY_24-25,1.8,3.3
M/S KOTTARAM BUSINESS CORPORATION-MT,Dist.,Apollo Healthco,The Derma Co,May'24,FY_24-25,0.8,1.4
M/S KOTTARAM BUSINESS CORPORATION-MT,Dist.,H&G,The Derma Co,May'24,FY_24-25,0.4,0.8
M/S KOTTARAM BUSINESS CORPORATION-MT,Dist.,Lulu,The Derma Co,May'24,FY_24-25,3.1,5.7
MARK ENTERPRISE,Dist.,Apollo Healthco,Mamaearth,May'24,FY_24-25,5.0,9.2
MARK ENTERPRISE,Dist.,Shubham K Mart,Mamaearth,May'24,FY_24-25,0.8,1.4
Mark Enterprise-Dmart,Dist.,D-Mart,Mamaearth,May'24,FY_24-25,-70.2,-163.4
R.C. Trade Link H&G,Dist.,H&G,Aqualogica,May'24,FY_24-25,0.6,1.0
R.C. Trade Link H&G,Dist.,H&G,BBlunt,May'24,FY_24-25,-1.0,-1.4
R.C. Trade Link H&G,Dist.,H&G,Mamaearth,May'24,FY_24-25,-2.0,-3.1
R.C. Trade Link H&G,Dist.,H&G,The Derma Co,May'24,FY_24-25,2.0,3.1
R.D. Enterprises,Dist.,Spencer,BBlunt,May'24,FY_24-25,0.4,0.8
R.D. Enterprises,Dist.,Spencer,Mamaearth,May'24,FY_24-25,8.9,15.3
R.D. Enterprises,Dist.,Lulu,Mamaearth,May'24,FY_24-25,4.0,6.9
R.D. Enterprises,Dist.,Lulu,The Derma Co,May'24,FY_24-25,1.2,2.1
S M AGENCIES_MT,Dist.,B&N,BBlunt,May'24,FY_24-25,0.2,0.3
S M AGENCIES_MT,Dist.,Grace Super MKT,Mamaearth,May'24,FY_24-25,4.2,7.8
S M AGENCIES_MT,Dist.,Pothys,Mamaearth,May'24,FY_24-25,3.1,5.8
S M AGENCIES_MT,Dist.,B&N,Mamaearth,May'24,FY_24-25,0.3,0.6
S M AGENCIES_MT,Dist.,Sarvana,Mamaearth,May'24,FY_24-25,14.3,26.8
S M AGENCIES_MT,Dist.,B&N,The Derma Co,May'24,FY_24-25,0.2,0.4
Sancus Networks Private Limited-RMT,Dist.,RMT-Sancus,BBlunt,May'24,FY_24-25,0.6,1.1
Sancus Networks Private Limited-RMT,Dist.,RMT-Sancus,Mamaearth,May'24,FY_24-25,40.0,89.7
Sancus Networks Private Limited-RMT,Dist.,Spencer,Mamaearth,May'24,FY_24-25,1.6,3.6
Sancus Networks Private Limited-RMT,Dist.,More Retail,Mamaearth,May'24,FY_24-25,5.4,12.0
Sancus Networks Private Limited-RMT,Dist.,RMT-Sancus,The Derma Co,May'24,FY_24-25,3.8,6.5
Sanya Pharma -Mt,Dist.,V-Mart,Mamaearth,May'24,FY_24-25,-0.8,-1.3
Sathyashree Enterprises-Mt,Dist.,D-Mart,Mamaearth,May'24,FY_24-25,9.9,24.8
SC BUSINESS COMBINE_MT,Dist.,G N R C Medishop Pvt Ltd,Mamaearth,May'24,FY_24-25,0.3,0.6
SC BUSINESS COMBINE_MT,Dist.,Sohum Shoppe,Mamaearth,May'24,FY_24-25,0.6,1.4
SC BUSINESS COMBINE_MT,Dist.,V-Mart,Mamaearth,May'24,FY_24-25,1.7,3.9
Sri Vijaya Durga Agencies_Mt,Dist.,H&G,Aqualogica,May'24,FY_24-25,0.4,0.7
Sri Vijaya Durga Agencies_Mt,Dist.,Reliance Retail,Aqualogica,May'24,FY_24-25,4.2,7.7
Sri Vijaya Durga Agencies_Mt,Dist.,H&G,BBlunt,May'24,FY_24-25,0.7,1.1
Sri Vijaya Durga Agencies_Mt,Dist.,Apollo Healthco,Mamaearth,May'24,FY_24-25,42.2,91.6
Sri Vijaya Durga Agencies_Mt,Dist.,D-Mart,Mamaearth,May'24,FY_24-25,101.3,219.7
Sri Vijaya Durga Agencies_Mt,Dist.,H&G,Mamaearth,May'24,FY_24-25,0.5,1.1
Sri Vijaya Durga Agencies_Mt,Dist.,Reliance Retail,Mamaearth,May'24,FY_24-25,18.3,39.7
Sri Vijaya Durga Agencies_Mt,Dist.,More Retail,Mamaearth,May'24,FY_24-25,2.8,6.1
Sri Vijaya Durga Agencies_Mt,Dist.,H&G,The Derma Co,May'24,FY_24-25,2.0,3.7
Sri Vijaya Durga Agencies_Mt,Dist.,Reliance Retail,The Derma Co,May'24,FY_24-25,5.4,10.0
Vanaja Agencies MT_Dmart,Dist.,D-Mart,Mamaearth,May'24,FY_24-25,52.7,142.6
VISHAL ENTERPRISES_Solapur,Dist.,D-Mart,Mamaearth,May'24,FY_24-25,15.8,40.0
APOLLO HEALTHCO LIMITED_AHMEDABAD,Direct,Apollo Healthco,Mamaearth,June'24,FY_24-25,1.2,3.3
Apollo Healthco Limited_Bhiwandi,Direct,Apollo Healthco,Aqualogica,June'24,FY_24-25,0.1,0.1
Apollo Healthco Limited_Bhiwandi,Direct,Apollo Healthco,Mamaearth,June'24,FY_24-25,3.1,6.1
Apollo Healthco Limited_Bhiwandi,Direct,Apollo Healthco,The Derma Co,June'24,FY_24-25,0.5,0.8
Apollo Healthco Limited_Faridabad,Direct,Apollo Healthco,Aqualogica,June'24,FY_24-25,0.5,0.9
Apollo Healthco Limited_Faridabad,Direct,Apollo Healthco,Mamaearth,June'24,FY_24-25,8.9,20.4
Apollo Healthco Limited_Faridabad,Direct,Apollo Healthco,The Derma Co,June'24,FY_24-25,1.9,3.2
Apollo Healthco Limited_Rajasthan,Direct,Apollo Healthco,Mamaearth,June'24,FY_24-25,1.8,4.1
Apollo Healthco Limited-Bangalore,Direct,Apollo Healthco,Mamaearth,June'24,FY_24-25,2.1,6.7
Apollo Healthco Limited-Chennai,Direct,Apollo Healthco,Mamaearth,June'24,FY_24-25,0.6,1.8
Apollo Healthco Limited-Goa,Direct,Apollo Healthco,Mamaearth,June'24,FY_24-25,0.2,0.6
Apollo Healthco Limited-Hubbli,Direct,Apollo Healthco,Mamaearth,June'24,FY_24-25,1.2,3.9
Apollo Healthco Limited-Ore,Direct,Apollo Healthco,Mamaearth,June'24,FY_24-25,0.4,0.8
Apollo Healthco Limited-Sanath Nagar,Direct,Apollo Healthco,Mamaearth,June'24,FY_24-25,0.3,1.1
APOLLO HEALTHCO LIMITED-WB,Direct,Apollo Healthco,Mamaearth,June'24,FY_24-25,0.0,0.0
APOLLO HEALTHCO LIMITED-WB-2,Direct,Apollo Healthco,Mamaearth,June'24,FY_24-25,1.5,4.8
Apollo Healthco Ltd_Raipur,Direct,Apollo Healthco,Mamaearth,June'24,FY_24-25,0.3,1.0
Avenue E Commerce Limited(Belapur),Direct,D-Mart,Aqualogica,June'24,FY_24-25,0.1,0.1
Avenue E Commerce Limited(Kanjur),Direct,D-Mart,Aqualogica,June'24,FY_24-25,0.1,0.1
Avenue E Commerce Limited(Mira Road) N2,Direct,D-Mart,Aqualogica,June'24,FY_24-25,0.0,0.0
Avenue E Commerce Limited(Nahur),Direct,D-Mart,Aqualogica,June'24,FY_24-25,0.1,0.3
Avenue E Commerce Limited(Nahur),Direct,D-Mart,The Derma Co,June'24,FY_24-25,0.1,0.1
Avenue E Commerce Limited_Panvel-2,Direct,D-Mart,Aqualogica,June'24,FY_24-25,0.1,0.2
Avenue E Commerce Ltd_CadburyFC.,Direct,D-Mart,Aqualogica,June'24,FY_24-25,0.0,0.1
Avenue E Commerce Ltd_CadburyFC.,Direct,D-Mart,The Derma Co,June'24,FY_24-25,0.0,0.1
Avenue E Commerce Ltd_Goregaon,Direct,D-Mart,Aqualogica,June'24,FY_24-25,0.1,0.1
Avenue E Commerce Ltd_Goregaon,Direct,D-Mart,The Derma Co,June'24,FY_24-25,0.0,0.0
Avenue E Commerce Ltd_Manpada,Direct,D-Mart,Aqualogica,June'24,FY_24-25,0.1,0.1
Avenue Supermarts Ltd.-4905,Direct,D-Mart,Mamaearth,June'24,FY_24-25,1.3,3.3
Avenue Supermarts Ltd.-DC-1014,Direct,D-Mart,Mamaearth,June'24,FY_24-25,-0.1,-0.4
Avenue Supermarts Ltd.-DC-1031,Direct,D-Mart,Mamaearth,June'24,FY_24-25,-0.6,-1.6
Avenue Supermarts Ltd.-DC-1032,Direct,D-Mart,Mamaearth,June'24,FY_24-25,81.0,206.2
Avenue Supermarts Ltd.-DC-1034,Direct,D-Mart,Mamaearth,June'24,FY_24-25,-1.7,-4.1
Avenue Supermarts Ltd.-DC-1039,Direct,D-Mart,BBlunt,June'24,FY_24-25,0.3,0.5
Avenue Supermarts Ltd.-DC-1039,Direct,D-Mart,Mamaearth,June'24,FY_24-25,89.6,231.0
Avenue Supermarts Ltd.-DC-1049,Direct,D-Mart,Mamaearth,June'24,FY_24-25,37.8,97.7
Avenue Supermarts Ltd.-DC-1050,Direct,D-Mart,Mamaearth,June'24,FY_24-25,31.2,81.2
Avenue Supermarts Ltd.-DC-1054,Direct,D-Mart,Mamaearth,June'24,FY_24-25,-3.2,-8.1
Avenue Supermarts Ltd.-DC-1055,Direct,D-Mart,Mamaearth,June'24,FY_24-25,-0.8,-1.9
Avenue Supermarts Ltd.-DC-1056,Direct,D-Mart,Mamaearth,June'24,FY_24-25,-1.9,-4.9
Avenue Supermarts Ltd.-DC-1068,Direct,D-Mart,Mamaearth,June'24,FY_24-25,38.1,97.7
Avenue Supermarts Ltd_4901,Direct,D-Mart,Mamaearth,June'24,FY_24-25,3.3,8.3
Avenue Supermarts Ltd_4902,Direct,D-Mart,Mamaearth,June'24,FY_24-25,2.3,5.7
Avenue Supermarts Ltd_4903,Direct,D-Mart,Mamaearth,June'24,FY_24-25,5.1,12.6
Avenue Supermarts Ltd_4904,Direct,D-Mart,Mamaearth,June'24,FY_24-25,0.7,1.9
Avenue Supermarts Ltd_4906,Direct,D-Mart,Mamaearth,June'24,FY_24-25,2.1,5.3
Guardian Healthcare Services Pvt Ltd(DL),Direct,Guardian,Aqualogica,June'24,FY_24-25,0.3,0.5
Guardian Healthcare Services Pvt Ltd(DL),Direct,Guardian,Mamaearth,June'24,FY_24-25,0.6,1.1
Guardian Healthcare Services Pvt Ltd(DL),Direct,Guardian,The Derma Co,June'24,FY_24-25,0.6,1.3
Metro Cash & Carry India Private Limited_T0EM,Direct,Metro-CNC-RRL,Mamaearth,June'24,FY_24-25,-0.4,-0.7
Metro Cash & Carry India Private Limited_T2SI,Direct,Metro-CNC-RRL,Mamaearth,June'24,FY_24-25,-0.3,-0.6
Metro Cash & Carry India Pvt Ltd -(DC27)-T0SJ,Direct,Metro-CNC-RRL,BBlunt,June'24,FY_24-25,0.1,0.1
Metro Cash & Carry India Pvt Ltd -(DC27)-T0SJ,Direct,Metro-CNC-RRL,Mamaearth,June'24,FY_24-25,3.1,6.0
Metro Cash & Carry India Pvt Ltd -(DC34)-T0SR,Direct,Metro-CNC-RRL,Mamaearth,June'24,FY_24-25,0.5,1.0
Metro Cash & Carry India Pvt Ltd-(DC10)-T0SM,Direct,Metro-CNC-RRL,BBlunt,June'24,FY_24-25,0.1,0.1
Metro Cash & Carry India Pvt Ltd-(DC10)-T0SM,Direct,Metro-CNC-RRL,Mamaearth,June'24,FY_24-25,4.2,7.9
Metro Cash & Carry India Pvt Ltd-(DC11)-T0SL,Direct,Metro-CNC-RRL,Aqualogica,June'24,FY_24-25,0.3,0.4
Metro Cash & Carry India Pvt Ltd-(DC11)-T0SL,Direct,Metro-CNC-RRL,BBlunt,June'24,FY_24-25,0.2,0.3
Metro Cash & Carry India Pvt Ltd-(DC11)-T0SL,Direct,Metro-CNC-RRL,Mamaearth,June'24,FY_24-25,4.8,9.4
Metro Cash & Carry India Pvt Ltd-(DC11)-T0SL,Direct,Metro-CNC-RRL,The Derma Co,June'24,FY_24-25,0.2,0.3
Metro Cash & Carry India Pvt Ltd-(DC12)-T0QX,Direct,Metro-CNC-RRL,Aqualogica,June'24,FY_24-25,0.2,0.3
Metro Cash & Carry India Pvt Ltd-(DC12)-T0QX,Direct,Metro-CNC-RRL,BBlunt,June'24,FY_24-25,0.3,0.4
Metro Cash & Carry India Pvt Ltd-(DC12)-T0QX,Direct,Metro-CNC-RRL,Mamaearth,June'24,FY_24-25,4.8,9.2
Metro Cash & Carry India Pvt Ltd-(DC12)-T0QX,Direct,Metro-CNC-RRL,The Derma Co,June'24,FY_24-25,0.3,0.5
Metro Cash & Carry India Pvt Ltd-(DC15)-T0QY,Direct,Metro-CNC-RRL,Mamaearth,June'24,FY_24-25,5.5,10.2
Metro Cash & Carry India Pvt Ltd-(DC16)-T0QZ,Direct,Metro-CNC-RRL,BBlunt,June'24,FY_24-25,0.0,0.1
Metro Cash & Carry India Pvt Ltd-(DC16)-T0QZ,Direct,Metro-CNC-RRL,Mamaearth,June'24,FY_24-25,3.5,7.1
Metro Cash & Carry India Pvt Ltd-(DC17)-T0QT,Direct,Metro-CNC-RRL,Mamaearth,June'24,FY_24-25,1.5,2.8
Metro Cash & Carry India Pvt Ltd-(DC18)-T0SN,Direct,Metro-CNC-RRL,BBlunt,June'24,FY_24-25,0.1,0.2
Metro Cash & Carry India Pvt Ltd-(DC18)-T0SN,Direct,Metro-CNC-RRL,Mamaearth,June'24,FY_24-25,3.3,6.6
Metro Cash & Carry India Pvt Ltd-(DC18)-T0SN,Direct,Metro-CNC-RRL,The Derma Co,June'24,FY_24-25,0.2,0.4
Metro Cash & Carry India Pvt Ltd-(DC20)-T0RK,Direct,Metro-CNC-RRL,Mamaearth,June'24,FY_24-25,3.3,6.4
Metro Cash & Carry India Pvt Ltd-(DC23)-T0RL,Direct,Metro-CNC-RRL,Mamaearth,June'24,FY_24-25,3.4,6.5
Metro Cash & Carry India Pvt Ltd-(DC23)-T0RL,Direct,Metro-CNC-RRL,The Derma Co,June'24,FY_24-25,0.4,0.6
Metro Cash & Carry India Pvt Ltd-(DC24)-T0RJ,Direct,Metro-CNC-RRL,BBlunt,June'24,FY_24-25,0.2,0.3
Metro Cash & Carry India Pvt Ltd-(DC24)-T0RJ,Direct,Metro-CNC-RRL,Mamaearth,June'24,FY_24-25,3.3,6.5
Metro Cash & Carry India Pvt Ltd-(DC25)-T0RB,Direct,Metro-CNC-RRL,Mamaearth,June'24,FY_24-25,1.6,3.0
Metro Cash & Carry India Pvt Ltd-(DC26)-T0SP,Direct,Metro-CNC-RRL,Mamaearth,June'24,FY_24-25,4.4,9.3
Metro Cash & Carry India Pvt Ltd-(DC28)-T0RF,Direct,Metro-CNC-RRL,Mamaearth,June'24,FY_24-25,0.8,1.9
Metro Cash & Carry India Pvt Ltd-(DC29)-T0RA,Direct,Metro-CNC-RRL,BBlunt,June'24,FY_24-25,0.3,0.5
Metro Cash & Carry India Pvt Ltd-(DC29)-T0RA,Direct,Metro-CNC-RRL,Mamaearth,June'24,FY_24-25,3.3,7.2
Metro Cash & Carry India Pvt Ltd-(DC30)-T0RM,Direct,Metro-CNC-RRL,Mamaearth,June'24,FY_24-25,4.6,8.7
Metro Cash & Carry India Pvt Ltd-(DC32)-T0QU,Direct,Metro-CNC-RRL,Mamaearth,June'24,FY_24-25,1.6,3.1
Metro Cash & Carry India Pvt Ltd-(DC36)-T0RH,Direct,Metro-CNC-RRL,BBlunt,June'24,FY_24-25,0.1,0.2
Metro Cash & Carry India Pvt Ltd-(DC36)-T0RH,Direct,Metro-CNC-RRL,Mamaearth,June'24,FY_24-25,2.5,5.2
Metro Cash & Carry India Pvt Ltd-(DC37)-T0RD,Direct,Metro-CNC-RRL,BBlunt,June'24,FY_24-25,0.1,0.2
Metro Cash & Carry India Pvt Ltd-(DC37)-T0RD,Direct,Metro-CNC-RRL,Mamaearth,June'24,FY_24-25,0.4,0.8
Metro Cash & Carry India Pvt Ltd-(DC43)-T2YF,Direct,Metro-CNC-RRL,BBlunt,June'24,FY_24-25,0.2,0.4
Metro Cash & Carry India Pvt Ltd-(DC43)-T2YF,Direct,Metro-CNC-RRL,Mamaearth,June'24,FY_24-25,5.6,10.5
Metro Cash & Carry India Pvt Ltd-(DC43)-T2YF,Direct,Metro-CNC-RRL,The Derma Co,June'24,FY_24-25,0.0,0.1
Metro Cash & Carry India Pvt Ltd-(DC45)-T0RE,Direct,Metro-CNC-RRL,BBlunt,June'24,FY_24-25,0.1,0.1
Metro Cash & Carry India Pvt Ltd-(DC45)-T0RE,Direct,Metro-CNC-RRL,Mamaearth,June'24,FY_24-25,3.2,6.1
Metro Cash & Carry India Pvt Ltd-(DC46)-T0RC,Direct,Metro-CNC-RRL,BBlunt,June'24,FY_24-25,0.2,0.3
Metro Cash & Carry India Pvt Ltd-(DC46)-T0RC,Direct,Metro-CNC-RRL,Mamaearth,June'24,FY_24-25,6.8,13.3
Metro Cash & Carry India Pvt Ltd-(DC47)-T0SI,Direct,Metro-CNC-RRL,BBlunt,June'24,FY_24-25,0.1,0.2
Metro Cash & Carry India Pvt Ltd-(DC47)-T0SI,Direct,Metro-CNC-RRL,Mamaearth,June'24,FY_24-25,3.1,6.0
Metro Cash & Carry India Pvt Ltd-(DC48)-T0SK,Direct,Metro-CNC-RRL,BBlunt,June'24,FY_24-25,0.2,0.3
Metro Cash & Carry India Pvt Ltd-(DC48)-T0SK,Direct,Metro-CNC-RRL,Mamaearth,June'24,FY_24-25,5.2,9.6
Metro Cash & Carry India Pvt Ltd-(DC52)-T0RI,Direct,Metro-CNC-RRL,BBlunt,June'24,FY_24-25,0.1,0.2
Metro Cash & Carry India Pvt Ltd-(DC52)-T0RI,Direct,Metro-CNC-RRL,Mamaearth,June'24,FY_24-25,1.6,3.3
Metro Cash & Carry India Pvt Ltd-(DC53)-T0QV,Direct,Metro-CNC-RRL,BBlunt,June'24,FY_24-25,0.1,0.1
Metro Cash & Carry India Pvt Ltd-(DC53)-T0QV,Direct,Metro-CNC-RRL,Mamaearth,June'24,FY_24-25,1.9,4.5
Metro Cash & Carry India Pvt Ltd-(DC54)-T0QW,Direct,Metro-CNC-RRL,Mamaearth,June'24,FY_24-25,1.9,3.7
Metro Cash & Carry India Pvt Ltd-(DC60)-T0QS,Direct,Metro-CNC-RRL,BBlunt,June'24,FY_24-25,0.1,0.2
Metro Cash & Carry India Pvt Ltd-(DC60)-T0QS,Direct,Metro-CNC-RRL,Mamaearth,June'24,FY_24-25,3.8,8.5
Metro Cash & Carry India Pvt Ltd-(DC60)-T0QS,Direct,Metro-CNC-RRL,The Derma Co,June'24,FY_24-25,0.8,1.2
Metro Cash & Carry India Pvt Ltd_DC33(T0SQ),Direct,Metro-CNC-RRL,Mamaearth,June'24,FY_24-25,0.9,1.6
Metro Cash & Carry India Pvt Ltd_T0SO,Direct,Metro-CNC-RRL,BBlunt,June'24,FY_24-25,0.2,0.3
Metro Cash & Carry India Pvt Ltd_T0SO,Direct,Metro-CNC-RRL,Mamaearth,June'24,FY_24-25,1.7,3.7
Metro Cash & Carry India Pvt Ltd_T2FM,Direct,Metro-CNC-RRL,Aqualogica,June'24,FY_24-25,0.2,0.4
Metro Cash & Carry India Pvt Ltd_T2FM,Direct,Metro-CNC-RRL,BBlunt,June'24,FY_24-25,0.5,0.7
Metro Cash & Carry India Pvt Ltd_T2FM,Direct,Metro-CNC-RRL,Mamaearth,June'24,FY_24-25,5.8,10.9
Metro Cash & Carry India Pvt Ltd_T2FM,Direct,Metro-CNC-RRL,The Derma Co,June'24,FY_24-25,0.8,1.3
Metro Cash & Carry India Pvt Ltd_T2HM,Direct,Metro-CNC-RRL,Mamaearth,June'24,FY_24-25,-0.1,-0.1
Metro Cash & Carry India Pvt Ltd_T2HN,Direct,Metro-CNC-RRL,Mamaearth,June'24,FY_24-25,-0.1,-0.1
Metro Cash & Carry India Pvt Ltd_T2ID,Direct,Metro-CNC-RRL,Mamaearth,June'24,FY_24-25,0.0,0.0
Metro Cash & Carry India Pvt Ltd_T2IE,Direct,Metro-CNC-RRL,Mamaearth,June'24,FY_24-25,0.0,-0.1
Metro Cash & Carry India Pvt Ltd_T2IH,Direct,Metro-CNC-RRL,Mamaearth,June'24,FY_24-25,0.0,0.0
Metro Cash & Carry India Pvt Ltd_T2IO,Direct,Metro-CNC-RRL,Mamaearth,June'24,FY_24-25,-0.1,-0.1
Metro Cash & Carry India Pvt Ltd_T2IU,Direct,Metro-CNC-RRL,Mamaearth,June'24,FY_24-25,-0.1,-0.1
Metro Cash & Carry India Pvt Ltd_T2IV,Direct,Metro-CNC-RRL,Mamaearth,June'24,FY_24-25,-0.1,-0.1
Metro Cash & Carry India Pvt Ltd_T2IW,Direct,Metro-CNC-RRL,Mamaearth,June'24,FY_24-25,-0.1,-0.1
Metro Cash & Carry India Pvt Ltd_T2IX,Direct,Metro-CNC-RRL,Mamaearth,June'24,FY_24-25,-0.7,-1.2
Metro Cash & Carry India Pvt Ltd_T2IY,Direct,Metro-CNC-RRL,Mamaearth,June'24,FY_24-25,-0.1,-0.1
Metro Cash & Carry India Pvt Ltd_T2JB,Direct,Metro-CNC-RRL,Mamaearth,June'24,FY_24-25,0.0,-0.1
Metro Cash & Carry India Pvt Ltd_T2JD,Direct,Metro-CNC-RRL,Mamaearth,June'24,FY_24-25,0.0,-0.1
Metro Cash & Carry India Pvt Ltd_T2JG,Direct,Metro-CNC-RRL,Mamaearth,June'24,FY_24-25,-0.5,-0.9
Metro Cash & Carry India Pvt Ltd_T2JT,Direct,Metro-CNC-RRL,Mamaearth,June'24,FY_24-25,-0.1,-0.1
Metro Cash & Carry India Pvt Ltd_T2LX,Direct,Metro-CNC-RRL,Mamaearth,June'24,FY_24-25,-0.3,-0.6
Metro Cash & Carry India Pvt Ltd_T2MB,Direct,Metro-CNC-RRL,Mamaearth,June'24,FY_24-25,-0.1,-0.1
Metro Cash & Carry India Pvt Ltd_T2OA,Direct,Metro-CNC-RRL,Mamaearth,June'24,FY_24-25,0.0,0.0
Metro Cash & Carry India Pvt Ltd_T2PF,Direct,Metro-CNC-RRL,Mamaearth,June'24,FY_24-25,-0.1,-0.1
Metro Cash & Carry India Pvt Ltd_T2QF,Direct,Metro-CNC-RRL,Mamaearth,June'24,FY_24-25,-1.7,-3.1
Metro Cash & Carry India Pvt Ltd_T2QI,Direct,Metro-CNC-RRL,Mamaearth,June'24,FY_24-25,0.0,0.0
Metro Cash & Carry India Pvt Ltd_T2QJ,Direct,Metro-CNC-RRL,Mamaearth,June'24,FY_24-25,0.0,-0.1
Metro Cash & Carry India Pvt Ltd_T2QQ,Direct,Metro-CNC-RRL,Mamaearth,June'24,FY_24-25,-0.1,-0.1
Metro Cash & Carry India Pvt Ltd_T2QX,Direct,Metro-CNC-RRL,Mamaearth,June'24,FY_24-25,-0.1,-0.1
Metro Cash & Carry India Pvt Ltd_T2RH,Direct,Metro-CNC-RRL,Mamaearth,June'24,FY_24-25,0.0,-0.1
Metro Cash & Carry India Pvt Ltd_T2SF,Direct,Metro-CNC-RRL,Mamaearth,June'24,FY_24-25,0.0,-0.1
Metro Cash & Carry India Pvt Ltd_T2SJ,Direct,Metro-CNC-RRL,Mamaearth,June'24,FY_24-25,-0.2,-0.4
Metro Cash & Carry India Pvt Ltd_T2SL,Direct,Metro-CNC-RRL,Mamaearth,June'24,FY_24-25,-0.1,-0.1
Metro Cash & Carry India Pvt Ltd_T2SM,Direct,Metro-CNC-RRL,Mamaearth,June'24,FY_24-25,0.0,-0.1
Metro Cash & Carry India Pvt Ltd_T2SQ,Direct,Metro-CNC-RRL,Mamaearth,June'24,FY_24-25,0.0,-0.1
Metro Cash & Carry India Pvt Ltd_T2TY,Direct,Metro-CNC-RRL,Mamaearth,June'24,FY_24-25,-0.1,-0.2
Metro Cash & Carry India Pvt Ltd_T2UY,Direct,Metro-CNC-RRL,Mamaearth,June'24,FY_24-25,-0.1,-0.1
Metro Cash & Carry India Pvt Ltd_T2XD,Direct,Metro-CNC-RRL,Mamaearth,June'24,FY_24-25,-0.1,-0.1
Metro Cash & Carry India Pvt Ltd_T3DQ,Direct,Metro-CNC-RRL,Mamaearth,June'24,FY_24-25,-0.1,-0.1
Metro Cash & Carry India Pvt Ltd_T3DR,Direct,Metro-CNC-RRL,Mamaearth,June'24,FY_24-25,-0.1,-0.1
Metro Cash & Carry India Pvt Ltd-T2HV,Direct,Metro-CNC-RRL,Mamaearth,June'24,FY_24-25,-0.1,-0.1
Metro Cash & Carry India Pvt Ltd-T2HZ,Direct,Metro-CNC-RRL,Mamaearth,June'24,FY_24-25,-0.1,-0.1
Metro Cash & Carry India Pvt Ltd-T2IC,Direct,Metro-CNC-RRL,Mamaearth,June'24,FY_24-25,-0.1,-0.1
Metro Cash & Carry India Pvt Ltd-T2JP,Direct,Metro-CNC-RRL,Mamaearth,June'24,FY_24-25,0.0,0.0
Metro Cash & Carry India Pvt Ltd-T2KG,Direct,Metro-CNC-RRL,Mamaearth,June'24,FY_24-25,-0.1,-0.1
Metro Cash & Carry India Pvt Ltd-T2MC,Direct,Metro-CNC-RRL,Mamaearth,June'24,FY_24-25,0.0,-0.1
Metro Cash & Carry India Pvt Ltd-T2NX,Direct,Metro-CNC-RRL,Mamaearth,June'24,FY_24-25,-0.1,-0.1
Metro Cash & Carry India Pvt Ltd-T2QV,Direct,Metro-CNC-RRL,Mamaearth,June'24,FY_24-25,0.0,0.0
Metro Cash & Carry India Pvt Ltd-T2RB,Direct,Metro-CNC-RRL,Mamaearth,June'24,FY_24-25,-0.1,-0.1
Metro Cash & Carry India Pvt Ltd-T2RC,Direct,Metro-CNC-RRL,Mamaearth,June'24,FY_24-25,-0.1,-0.1
Metro Cash & Carry India Pvt Ltd-T2RD,Direct,Metro-CNC-RRL,Mamaearth,June'24,FY_24-25,-0.1,-0.1
Octopolis Technologies Pvt Ltd,Direct,Apna Klub,The Derma Co,June'24,FY_24-25,3.2,4.7
Reliance Retail Limited Ce08,Direct,Reliance Retail,Aqualogica,June'24,FY_24-25,1.7,2.8
Reliance Retail Limited Ce08,Direct,Reliance Retail,Mamaearth,June'24,FY_24-25,18.8,38.3
Reliance Retail Limited Ce08,Direct,Reliance Retail,The Derma Co,June'24,FY_24-25,1.6,2.5
Reliance Retail Limited Cf08,Direct,Reliance Retail,Aqualogica,June'24,FY_24-25,1.3,2.1
Reliance Retail Limited Cf08,Direct,Reliance Retail,Mamaearth,June'24,FY_24-25,9.8,22.4
Reliance Retail Limited Cf08,Direct,Reliance Retail,The Derma Co,June'24,FY_24-25,1.4,2.2
Reliance Retail Limited Cm08,Direct,Reliance Retail,Aqualogica,June'24,FY_24-25,1.1,1.8
Reliance Retail Limited Cm08,Direct,Reliance Retail,Mamaearth,June'24,FY_24-25,5.4,10.8
Reliance Retail Limited Cm08,Direct,Reliance Retail,The Derma Co,June'24,FY_24-25,0.4,0.7
Reliance Retail Limited Ct08,Direct,Reliance Retail,Aqualogica,June'24,FY_24-25,2.3,3.8
Reliance Retail Limited Ct08,Direct,Reliance Retail,Mamaearth,June'24,FY_24-25,6.5,12.3
Reliance Retail Limited Ct08,Direct,Reliance Retail,The Derma Co,June'24,FY_24-25,0.4,0.7
Reliance Retail Limited Ea08,Direct,Reliance Retail,Aqualogica,June'24,FY_24-25,2.1,3.4
Reliance Retail Limited Ea08,Direct,Reliance Retail,Mamaearth,June'24,FY_24-25,11.2,27.1
Reliance Retail Limited Ea08,Direct,Reliance Retail,The Derma Co,June'24,FY_24-25,1.8,2.9
Reliance Retail Limited Fb08,Direct,Reliance Retail,Aqualogica,June'24,FY_24-25,0.5,0.8
Reliance Retail Limited Fb08,Direct,Reliance Retail,Mamaearth,June'24,FY_24-25,13.4,29.2
Reliance Retail Limited Fb08,Direct,Reliance Retail,The Derma Co,June'24,FY_24-25,1.5,2.5
Reliance Retail Limited Fd08,Direct,Reliance Retail,Mamaearth,June'24,FY_24-25,2.5,5.3
Reliance Retail Limited R301,Direct,Reliance Retail,Mamaearth,June'24,FY_24-25,0.8,1.8
Reliance Retail Limited R426,Direct,Reliance Retail,Mamaearth,June'24,FY_24-25,2.0,3.3
Reliance Retail Limited R468,Direct,Reliance Retail,Mamaearth,June'24,FY_24-25,1.4,3.2
Reliance Retail Limited R701,Direct,Reliance Retail,Aqualogica,June'24,FY_24-25,1.1,1.8
Reliance Retail Limited R701,Direct,Reliance Retail,Mamaearth,June'24,FY_24-25,12.3,27.8
Reliance Retail Limited R701,Direct,Reliance Retail,The Derma Co,June'24,FY_24-25,1.7,2.8
Reliance Retail Limited R703,Direct,Reliance Retail,Mamaearth,June'24,FY_24-25,0.4,0.6
Reliance Retail Limited R801,Direct,Reliance Retail,Aqualogica,June'24,FY_24-25,0.8,1.4
Reliance Retail Limited R801,Direct,Reliance Retail,Mamaearth,June'24,FY_24-25,23.4,55.3
Reliance Retail Limited R801,Direct,Reliance Retail,The Derma Co,June'24,FY_24-25,2.6,4.2
Reliance Retail Limited S412,Direct,Reliance Retail,Mamaearth,June'24,FY_24-25,-0.2,-0.3
Reliance Retail Limited Sc79,Direct,Reliance Retail,Aqualogica,June'24,FY_24-25,0.1,0.2
Reliance Retail Limited Sc79,Direct,Reliance Retail,Mamaearth,June'24,FY_24-25,3.6,7.1
Reliance Retail Limited Sc79,Direct,Reliance Retail,The Derma Co,June'24,FY_24-25,1.1,1.8
Reliance Retail Limited Sc86,Direct,Reliance Retail,Mamaearth,June'24,FY_24-25,4.3,9.3
Reliance Retail Limited_2302,Direct,Reliance Retail,Mamaearth,June'24,FY_24-25,0.1,0.2
Reliance Retail Limited_2364,Direct,Reliance Retail,Mamaearth,June'24,FY_24-25,0.1,0.2
Reliance Retail Limited_2995,Direct,Reliance Retail,Mamaearth,June'24,FY_24-25,0.0,0.0
Reliance Retail Limited_2996,Direct,Reliance Retail,Mamaearth,June'24,FY_24-25,0.1,0.1
Reliance Retail Limited_3210,Direct,Reliance Retail,Mamaearth,June'24,FY_24-25,0.0,0.0
Reliance Retail Limited_6209,Direct,Reliance Retail,Mamaearth,June'24,FY_24-25,0.2,0.4
Reliance Retail Limited_6221,Direct,Reliance Retail,Mamaearth,June'24,FY_24-25,0.0,0.1
Reliance Retail Limited_6717,Direct,Reliance Retail,Mamaearth,June'24,FY_24-25,0.1,0.1
Reliance Retail Limited_6719,Direct,Reliance Retail,Mamaearth,June'24,FY_24-25,0.1,0.2
Reliance Retail Limited_6722,Direct,Reliance Retail,Mamaearth,June'24,FY_24-25,0.1,0.1
Reliance Retail Limited_6727,Direct,Reliance Retail,Mamaearth,June'24,FY_24-25,0.1,0.1
Reliance Retail Limited_Cy08-Kerala,Direct,Reliance Retail,Aqualogica,June'24,FY_24-25,0.6,1.0
Reliance Retail Limited_Cy08-Kerala,Direct,Reliance Retail,Mamaearth,June'24,FY_24-25,5.8,11.9
Reliance Retail Limited_Cy08-Kerala,Direct,Reliance Retail,The Derma Co,June'24,FY_24-25,0.3,0.5
Reliance Retail Limited_FR00,Direct,Reliance Retail,Mamaearth,June'24,FY_24-25,0.1,0.1
Reliance Retail Limited_FR02,Direct,Reliance Retail,Mamaearth,June'24,FY_24-25,0.0,0.0
Reliance Retail Limited_FR03,Direct,Reliance Retail,Mamaearth,June'24,FY_24-25,0.1,0.2
Reliance Retail Limited_FR10,Direct,Reliance Retail,Mamaearth,June'24,FY_24-25,0.1,0.1
Reliance Retail Limited_FR27,Direct,Reliance Retail,Mamaearth,June'24,FY_24-25,0.1,0.1
Reliance Retail Limited_FR30,Direct,Reliance Retail,Mamaearth,June'24,FY_24-25,0.1,0.1
Reliance Retail Limited_FR60,Direct,Reliance Retail,Mamaearth,June'24,FY_24-25,0.1,0.2
Reliance Retail Limited_FR62,Direct,Reliance Retail,Mamaearth,June'24,FY_24-25,0.1,0.1
Reliance Retail Limited_FR64,Direct,Reliance Retail,Mamaearth,June'24,FY_24-25,0.2,0.3
Reliance Retail Limited_FR76,Direct,Reliance Retail,Mamaearth,June'24,FY_24-25,0.1,0.1
Reliance Retail Limited_Fr87,Direct,Reliance Retail,Aqualogica,June'24,FY_24-25,3.3,5.3
Reliance Retail Limited_Fr87,Direct,Reliance Retail,Mamaearth,June'24,FY_24-25,21.3,48.5
Reliance Retail Limited_Fr87,Direct,Reliance Retail,The Derma Co,June'24,FY_24-25,3.4,5.5
Reliance Retail Limited_Fr89,Direct,Reliance Retail,Mamaearth,June'24,FY_24-25,5.0,10.0
Reliance Retail Limited_Fr89,Direct,Reliance Retail,The Derma Co,June'24,FY_24-25,0.5,0.8
Reliance Retail Limited_FRAT,Direct,Reliance Retail,Mamaearth,June'24,FY_24-25,0.1,0.2
Reliance Retail Limited_Fraz,Direct,Reliance Retail,Aqualogica,June'24,FY_24-25,0.8,1.4
Reliance Retail Limited_Fraz,Direct,Reliance Retail,Mamaearth,June'24,FY_24-25,10.2,20.6
Reliance Retail Limited_Fraz,Direct,Reliance Retail,The Derma Co,June'24,FY_24-25,0.6,0.9
Reliance Retail Limited_FRBD,Direct,Reliance Retail,Mamaearth,June'24,FY_24-25,0.1,0.2
Reliance Retail Limited_FRBR,Direct,Reliance Retail,Mamaearth,June'24,FY_24-25,0.2,0.3
Reliance Retail Limited_FRBS,Direct,Reliance Retail,Aqualogica,June'24,FY_24-25,0.1,0.1
Reliance Retail Limited_FRBS,Direct,Reliance Retail,BBlunt,June'24,FY_24-25,0.1,0.2
Reliance Retail Limited_FRBS,Direct,Reliance Retail,Mamaearth,June'24,FY_24-25,0.1,0.2
Reliance Retail Limited_FRBS,Direct,Reliance Retail,The Derma Co,June'24,FY_24-25,0.3,0.5
Reliance Retail Limited_FRBU,Direct,Reliance Retail,Mamaearth,June'24,FY_24-25,0.2,0.3
Reliance Retail Limited_FRBW,Direct,Reliance Retail,Mamaearth,June'24,FY_24-25,0.1,0.2
Reliance Retail Limited_FRCG,Direct,Reliance Retail,Mamaearth,June'24,FY_24-25,0.1,0.2
Reliance Retail Limited_FRCH,Direct,Reliance Retail,Mamaearth,June'24,FY_24-25,0.1,0.2
Reliance Retail Limited_FRCJ,Direct,Reliance Retail,Mamaearth,June'24,FY_24-25,0.1,0.2
Reliance Retail Limited_FRCP,Direct,Reliance Retail,Aqualogica,June'24,FY_24-25,0.0,0.0
Reliance Retail Limited_FRCP,Direct,Reliance Retail,BBlunt,June'24,FY_24-25,0.2,0.3
Reliance Retail Limited_FRCP,Direct,Reliance Retail,The Derma Co,June'24,FY_24-25,0.5,0.8
Reliance Retail Limited_FRCS,Direct,Reliance Retail,Mamaearth,June'24,FY_24-25,0.1,0.1
Reliance Retail Limited_FRCT,Direct,Reliance Retail,Aqualogica,June'24,FY_24-25,0.0,0.0
Reliance Retail Limited_FRCT,Direct,Reliance Retail,BBlunt,June'24,FY_24-25,0.2,0.3
Reliance Retail Limited_FRCT,Direct,Reliance Retail,The Derma Co,June'24,FY_24-25,0.2,0.3
Reliance Retail Limited_FRDA,Direct,Reliance Retail,Mamaearth,June'24,FY_24-25,0.1,0.1
Reliance Retail Limited_FRDB,Direct,Reliance Retail,Aqualogica,June'24,FY_24-25,0.1,0.1
Reliance Retail Limited_FRDB,Direct,Reliance Retail,BBlunt,June'24,FY_24-25,0.3,0.5
Reliance Retail Limited_FRDB,Direct,Reliance Retail,Mamaearth,June'24,FY_24-25,0.1,0.1
Reliance Retail Limited_FRDB,Direct,Reliance Retail,The Derma Co,June'24,FY_24-25,0.4,0.6
Reliance Retail Limited_FRDI,Direct,Reliance Retail,Mamaearth,June'24,FY_24-25,0.1,0.1
Reliance Retail Limited_FRDK,Direct,Reliance Retail,Aqualogica,June'24,FY_24-25,0.1,0.2
Reliance Retail Limited_FRDK,Direct,Reliance Retail,BBlunt,June'24,FY_24-25,0.3,0.5
Reliance Retail Limited_FRDK,Direct,Reliance Retail,Mamaearth,June'24,FY_24-25,0.1,0.1
Reliance Retail Limited_FRDK,Direct,Reliance Retail,The Derma Co,June'24,FY_24-25,0.3,0.6
Reliance Retail Limited_FRDL,Direct,Reliance Retail,Aqualogica,June'24,FY_24-25,0.1,0.1
Reliance Retail Limited_FRDL,Direct,Reliance Retail,BBlunt,June'24,FY_24-25,0.3,0.5
Reliance Retail Limited_FRDL,Direct,Reliance Retail,Mamaearth,June'24,FY_24-25,0.1,0.1
Reliance Retail Limited_FRDL,Direct,Reliance Retail,The Derma Co,June'24,FY_24-25,0.3,0.5
Reliance Retail Limited_FRDP,Direct,Reliance Retail,Mamaearth,June'24,FY_24-25,0.1,0.1
Reliance Retail Limited_FRDT,Direct,Reliance Retail,Mamaearth,June'24,FY_24-25,0.1,0.1
Reliance Retail Limited_FREM,Direct,Reliance Retail,Mamaearth,June'24,FY_24-25,0.1,0.1
Reliance Retail Limited_FRER,Direct,Reliance Retail,Mamaearth,June'24,FY_24-25,0.1,0.1
Reliance Retail Limited_FREX,Direct,Reliance Retail,Mamaearth,June'24,FY_24-25,0.2,0.3
Reliance Retail Limited_FRFA,Direct,Reliance Retail,Mamaearth,June'24,FY_24-25,0.3,0.6
Reliance Retail Limited_FRFB,Direct,Reliance Retail,Mamaearth,June'24,FY_24-25,0.2,0.4
Reliance Retail Limited_FRFD,Direct,Reliance Retail,Mamaearth,June'24,FY_24-25,0.1,0.1
Reliance Retail Limited_FRFK,Direct,Reliance Retail,Mamaearth,June'24,FY_24-25,0.1,0.2
Reliance Retail Limited_FRFR,Direct,Reliance Retail,Mamaearth,June'24,FY_24-25,0.2,0.3
Reliance Retail Limited_FRFU,Direct,Reliance Retail,Mamaearth,June'24,FY_24-25,0.2,0.4
Reliance Retail Limited_FRFV,Direct,Reliance Retail,Mamaearth,June'24,FY_24-25,0.2,0.4
Reliance Retail Limited_FRGC,Direct,Reliance Retail,Mamaearth,June'24,FY_24-25,0.1,0.1
Reliance Retail Limited_FRGE,Direct,Reliance Retail,Mamaearth,June'24,FY_24-25,0.2,0.3
Reliance Retail Limited_FRGF,Direct,Reliance Retail,Mamaearth,June'24,FY_24-25,0.1,0.2
Reliance Retail Limited_FRGH,Direct,Reliance Retail,Mamaearth,June'24,FY_24-25,0.1,0.2
Reliance Retail Limited_FRGK,Direct,Reliance Retail,Mamaearth,June'24,FY_24-25,0.1,0.1
Reliance Retail Limited_FRGM,Direct,Reliance Retail,Mamaearth,June'24,FY_24-25,0.1,0.2
Reliance Retail Limited_FRGW,Direct,Reliance Retail,Mamaearth,June'24,FY_24-25,0.2,0.3
Reliance Retail Limited_FRHC,Direct,Reliance Retail,Mamaearth,June'24,FY_24-25,0.1,0.2
Reliance Retail Limited_FRHF,Direct,Reliance Retail,Mamaearth,June'24,FY_24-25,0.1,0.2
Reliance Retail Limited_FRHM,Direct,Reliance Retail,Mamaearth,June'24,FY_24-25,0.1,0.2
Reliance Retail Limited_FRHR,Direct,Reliance Retail,Mamaearth,June'24,FY_24-25,0.1,0.1
Reliance Retail Limited_Frhv,Direct,Reliance Retail,Aqualogica,June'24,FY_24-25,2.3,3.7
Reliance Retail Limited_Frhv,Direct,Reliance Retail,Mamaearth,June'24,FY_24-25,18.9,44.5
Reliance Retail Limited_Frhv,Direct,Reliance Retail,The Derma Co,June'24,FY_24-25,2.3,3.8
RELIANCE RETAIL LIMITED_FRIA,Direct,Reliance Retail,Aqualogica,June'24,FY_24-25,0.7,1.1
RELIANCE RETAIL LIMITED_FRIA,Direct,Reliance Retail,Mamaearth,June'24,FY_24-25,6.6,15.8
RELIANCE RETAIL LIMITED_FRIA,Direct,Reliance Retail,The Derma Co,June'24,FY_24-25,0.4,0.7
Reliance Retail Limited_FRLF,Direct,Reliance Retail,Mamaearth,June'24,FY_24-25,0.2,0.3
Reliance Retail Limited_S0IX,Direct,Reliance Retail,Aqualogica,June'24,FY_24-25,0.4,0.6
Reliance Retail Limited_S0IX,Direct,Reliance Retail,Mamaearth,June'24,FY_24-25,6.3,13.0
Reliance Retail Limited_S0IX,Direct,Reliance Retail,The Derma Co,June'24,FY_24-25,0.9,1.4
Reliance Retail Limited_S0XE,Direct,Reliance Retail,Aqualogica,June'24,FY_24-25,0.4,0.7
Reliance Retail Limited_S0XE,Direct,Reliance Retail,Mamaearth,June'24,FY_24-25,7.9,16.1
Reliance Retail Limited_S0XE,Direct,Reliance Retail,The Derma Co,June'24,FY_24-25,1.4,2.3
Reliance Retail Limited_SAHO,Direct,Reliance Retail,Mamaearth,June'24,FY_24-25,0.2,0.5
Reliance Retail Limited_SAOS,Direct,Reliance Retail,Aqualogica,June'24,FY_24-25,0.2,0.3
Reliance Retail Limited_SAOS,Direct,Reliance Retail,Mamaearth,June'24,FY_24-25,4.4,9.0
Reliance Retail Limited_SAOS,Direct,Reliance Retail,The Derma Co,June'24,FY_24-25,0.2,0.3
Reliance Retail Limited_Sb01,Direct,Reliance Retail,Aqualogica,June'24,FY_24-25,0.2,0.3
Reliance Retail Limited_Sb01,Direct,Reliance Retail,Mamaearth,June'24,FY_24-25,5.5,12.3
RELIANCE RETAIL LIMITED_SF52,Direct,Reliance Retail,Mamaearth,June'24,FY_24-25,2.2,4.3
Reliance Retail Limited_Sk8I,Direct,Reliance Retail,Mamaearth,June'24,FY_24-25,1.8,3.1
Reliance Retail Limited_SL6S,Direct,Reliance Retail,Mamaearth,June'24,FY_24-25,0.8,1.4
Reliance Retail Limited_SZ9J,Direct,Reliance Retail,Mamaearth,June'24,FY_24-25,5.6,11.1
Reliance Retail Limited_T62I,Direct,Reliance Retail,Mamaearth,June'24,FY_24-25,0.1,0.2
Reliance Retail Limited_T913,Direct,Reliance Retail,Aqualogica,June'24,FY_24-25,0.1,0.1
Reliance Retail Limited_T913,Direct,Reliance Retail,BBlunt,June'24,FY_24-25,0.3,0.5
Reliance Retail Limited_T913,Direct,Reliance Retail,The Derma Co,June'24,FY_24-25,0.3,0.5
Reliance Retail Limited_T946,Direct,Reliance Retail,Mamaearth,June'24,FY_24-25,0.1,0.2
Reliance Retail Limited_TB15,Direct,Reliance Retail,Mamaearth,June'24,FY_24-25,0.1,0.1
Reliance Retail Limited_TCE7,Direct,Reliance Retail,Mamaearth,June'24,FY_24-25,0.2,0.4
Reliance Retail Limited_TDC7,Direct,Reliance Retail,Mamaearth,June'24,FY_24-25,0.2,0.4
Reliance Retail Limited_TDE3,Direct,Reliance Retail,Mamaearth,June'24,FY_24-25,0.2,0.3
Reliance Retail Limited_TE57,Direct,Reliance Retail,Mamaearth,June'24,FY_24-25,0.1,0.1
Reliance Retail Limited_TFY8,Direct,Reliance Retail,Mamaearth,June'24,FY_24-25,0.1,0.2
Reliance Retail Limited_TG87,Direct,Reliance Retail,Mamaearth,June'24,FY_24-25,0.0,0.0
Reliance Retail Limited_TH94,Direct,Reliance Retail,Mamaearth,June'24,FY_24-25,0.1,0.1
Reliance Retail Limited_TI77,Direct,Reliance Retail,Mamaearth,June'24,FY_24-25,0.1,0.1
Reliance Retail Limited_TK48,Direct,Reliance Retail,Mamaearth,June'24,FY_24-25,0.1,0.2
Reliance Retail Limited_TMW7,Direct,Reliance Retail,Mamaearth,June'24,FY_24-25,0.2,0.3
Reliance Retail Limited_TMZ5,Direct,Reliance Retail,Mamaearth,June'24,FY_24-25,0.1,0.2
Reliance Retail Limited_TN55,Direct,Reliance Retail,Mamaearth,June'24,FY_24-25,0.2,0.4
Reliance Retail Limited_TN56,Direct,Reliance Retail,Mamaearth,June'24,FY_24-25,0.3,0.5
Reliance Retail Limited_TNB7,Direct,Reliance Retail,Mamaearth,June'24,FY_24-25,0.2,0.4
Reliance Retail Limited_TNC1,Direct,Reliance Retail,Aqualogica,June'24,FY_24-25,0.1,0.1
Reliance Retail Limited_TNC1,Direct,Reliance Retail,BBlunt,June'24,FY_24-25,0.3,0.5
Reliance Retail Limited_TNC1,Direct,Reliance Retail,Mamaearth,June'24,FY_24-25,0.1,0.2
Reliance Retail Limited_TNC1,Direct,Reliance Retail,The Derma Co,June'24,FY_24-25,0.3,0.5
Reliance Retail Limited_TNC6,Direct,Reliance Retail,Mamaearth,June'24,FY_24-25,0.1,0.2
Reliance Retail Limited_TND0,Direct,Reliance Retail,Mamaearth,June'24,FY_24-25,0.2,0.4
Reliance Retail Limited_TNE3,Direct,Reliance Retail,Mamaearth,June'24,FY_24-25,0.3,0.6
Reliance Retail Limited_TNP8,Direct,Reliance Retail,Mamaearth,June'24,FY_24-25,0.2,0.4
Reliance Retail Limited_TO20,Direct,Reliance Retail,Mamaearth,June'24,FY_24-25,0.1,0.1
Reliance Retail Limited_TOJ6,Direct,Reliance Retail,Mamaearth,June'24,FY_24-25,0.1,0.2
Reliance Retail Limited_TP05,Direct,Reliance Retail,Mamaearth,June'24,FY_24-25,0.1,0.2
Reliance Retail Limited_TP75,Direct,Reliance Retail,Mamaearth,June'24,FY_24-25,0.1,0.1
Reliance Retail Limited_TP76,Direct,Reliance Retail,Mamaearth,June'24,FY_24-25,0.1,0.1
Reliance Retail Limited_TQ21,Direct,Reliance Retail,Mamaearth,June'24,FY_24-25,0.0,0.1
Reliance Retail Limited_TQ22,Direct,Reliance Retail,Mamaearth,June'24,FY_24-25,0.1,0.2
Reliance Retail Limited_TQ70,Direct,Reliance Retail,Mamaearth,June'24,FY_24-25,0.2,0.3
Reliance Retail Limited_TU21,Direct,Reliance Retail,Mamaearth,June'24,FY_24-25,0.1,0.1
Reliance Retail Limited_TY87,Direct,Reliance Retail,Mamaearth,June'24,FY_24-25,0.0,0.1
Reliance Retail Limited-6202,Direct,Reliance Retail,Aqualogica,June'24,FY_24-25,0.1,0.2
Reliance Retail Limited-6202,Direct,Reliance Retail,BBlunt,June'24,FY_24-25,0.2,0.4
Reliance Retail Limited-6202,Direct,Reliance Retail,Mamaearth,June'24,FY_24-25,0.7,1.2
Reliance Retail Limited-6202,Direct,Reliance Retail,The Derma Co,June'24,FY_24-25,0.6,0.9
Reliance Retail Limited-6205,Direct,Reliance Retail,Aqualogica,June'24,FY_24-25,0.1,0.1
Reliance Retail Limited-6205,Direct,Reliance Retail,BBlunt,June'24,FY_24-25,0.3,0.5
Reliance Retail Limited-6205,Direct,Reliance Retail,Mamaearth,June'24,FY_24-25,0.8,1.3
Reliance Retail Limited-6205,Direct,Reliance Retail,The Derma Co,June'24,FY_24-25,0.3,0.5
Reliance Retail Limited-6208,Direct,Reliance Retail,Mamaearth,June'24,FY_24-25,0.2,0.4
Reliance Retail Limited-6217,Direct,Reliance Retail,Aqualogica,June'24,FY_24-25,0.0,0.1
Reliance Retail Limited-6217,Direct,Reliance Retail,Mamaearth,June'24,FY_24-25,0.8,1.5
Reliance Retail Limited-6219,Direct,Reliance Retail,Mamaearth,June'24,FY_24-25,0.1,0.2
Reliance Retail Limited-6220,Direct,Reliance Retail,Aqualogica,June'24,FY_24-25,0.4,0.6
Reliance Retail Limited-6220,Direct,Reliance Retail,Mamaearth,June'24,FY_24-25,0.7,1.3
Reliance Retail Limited-6220,Direct,Reliance Retail,The Derma Co,June'24,FY_24-25,0.4,0.6
Reliance Retail Limited-6224,Direct,Reliance Retail,Aqualogica,June'24,FY_24-25,0.0,0.0
Reliance Retail Limited-6224,Direct,Reliance Retail,Mamaearth,June'24,FY_24-25,0.4,0.7
Reliance Retail Limited-6224,Direct,Reliance Retail,The Derma Co,June'24,FY_24-25,1.2,2.0
Reliance Retail Limited-6225,Direct,Reliance Retail,Mamaearth,June'24,FY_24-25,0.2,0.3
Reliance Retail Limited-6239,Direct,Reliance Retail,Aqualogica,June'24,FY_24-25,0.0,0.0
Reliance Retail Limited-6239,Direct,Reliance Retail,The Derma Co,June'24,FY_24-25,0.0,0.0
RELIANCE RETAIL LIMITED-Badli,Direct,Reliance Retail,Aqualogica,June'24,FY_24-25,1.0,1.7
RELIANCE RETAIL LIMITED-Badli,Direct,Reliance Retail,Mamaearth,June'24,FY_24-25,9.2,19.2
RELIANCE RETAIL LIMITED-Badli,Direct,Reliance Retail,The Derma Co,June'24,FY_24-25,0.3,0.4
Reliance Retail Limited-FR04,Direct,Reliance Retail,Mamaearth,June'24,FY_24-25,0.0,0.1
Reliance Retail Limited-FR08,Direct,Reliance Retail,Mamaearth,June'24,FY_24-25,0.1,0.1
Reliance Retail Limited-FR15,Direct,Reliance Retail,Mamaearth,June'24,FY_24-25,0.0,0.1
Reliance Retail Limited-FR63,Direct,Reliance Retail,Aqualogica,June'24,FY_24-25,0.1,0.2
Reliance Retail Limited-FR63,Direct,Reliance Retail,BBlunt,June'24,FY_24-25,0.2,0.3
Reliance Retail Limited-FR63,Direct,Reliance Retail,The Derma Co,June'24,FY_24-25,0.6,1.0
Reliance Retail Limited-FR73,Direct,Reliance Retail,Aqualogica,June'24,FY_24-25,0.1,0.2
Reliance Retail Limited-FR73,Direct,Reliance Retail,BBlunt,June'24,FY_24-25,0.1,0.2
Reliance Retail Limited-FR73,Direct,Reliance Retail,Mamaearth,June'24,FY_24-25,0.1,0.2
Reliance Retail Limited-FR73,Direct,Reliance Retail,The Derma Co,June'24,FY_24-25,0.3,0.5
Reliance Retail Limited-FRAR,Direct,Reliance Retail,Aqualogica,June'24,FY_24-25,0.1,0.2
Reliance Retail Limited-FRAR,Direct,Reliance Retail,BBlunt,June'24,FY_24-25,0.1,0.2
Reliance Retail Limited-FRAR,Direct,Reliance Retail,Mamaearth,June'24,FY_24-25,0.1,0.1
Reliance Retail Limited-FRAR,Direct,Reliance Retail,The Derma Co,June'24,FY_24-25,0.3,0.5
Reliance Retail Limited-FRAU,Direct,Reliance Retail,Aqualogica,June'24,FY_24-25,0.1,0.1
Reliance Retail Limited-FRAU,Direct,Reliance Retail,BBlunt,June'24,FY_24-25,0.1,0.2
Reliance Retail Limited-FRAU,Direct,Reliance Retail,Mamaearth,June'24,FY_24-25,0.1,0.2
Reliance Retail Limited-FRAU,Direct,Reliance Retail,The Derma Co,June'24,FY_24-25,0.3,0.5
Reliance Retail Limited-FRCA,Direct,Reliance Retail,Mamaearth,June'24,FY_24-25,0.1,0.2
Reliance Retail Limited-FRCB,Direct,Reliance Retail,Aqualogica,June'24,FY_24-25,0.1,0.2
Reliance Retail Limited-FRCB,Direct,Reliance Retail,BBlunt,June'24,FY_24-25,0.2,0.3
Reliance Retail Limited-FRCB,Direct,Reliance Retail,Mamaearth,June'24,FY_24-25,0.1,0.1
Reliance Retail Limited-FRCB,Direct,Reliance Retail,The Derma Co,June'24,FY_24-25,0.3,0.5
Reliance Retail Limited-FRCC,Direct,Reliance Retail,Aqualogica,June'24,FY_24-25,0.1,0.2
Reliance Retail Limited-FRCC,Direct,Reliance Retail,BBlunt,June'24,FY_24-25,0.2,0.3
Reliance Retail Limited-FRCC,Direct,Reliance Retail,Mamaearth,June'24,FY_24-25,0.2,0.4
Reliance Retail Limited-FRCC,Direct,Reliance Retail,The Derma Co,June'24,FY_24-25,0.3,0.5
Reliance Retail Limited-FRCF,Direct,Reliance Retail,Mamaearth,June'24,FY_24-25,0.1,0.2
Reliance Retail Limited-FRCK,Direct,Reliance Retail,Aqualogica,June'24,FY_24-25,0.1,0.2
Reliance Retail Limited-FRCK,Direct,Reliance Retail,BBlunt,June'24,FY_24-25,0.2,0.3
Reliance Retail Limited-FRCK,Direct,Reliance Retail,The Derma Co,June'24,FY_24-25,0.3,0.5
Reliance Retail Limited-FRCO,Direct,Reliance Retail,Mamaearth,June'24,FY_24-25,0.2,0.4
Reliance Retail Limited-FRCX,Direct,Reliance Retail,Aqualogica,June'24,FY_24-25,0.2,0.4
Reliance Retail Limited-FRCX,Direct,Reliance Retail,Mamaearth,June'24,FY_24-25,0.8,1.3
Reliance Retail Limited-FRDF,Direct,Reliance Retail,Mamaearth,June'24,FY_24-25,0.2,0.4
Reliance Retail Limited-FRDY,Direct,Reliance Retail,Mamaearth,June'24,FY_24-25,0.1,0.2
Reliance Retail Limited-FRDZ,Direct,Reliance Retail,Mamaearth,June'24,FY_24-25,0.3,0.5
Reliance Retail Limited-FREB,Direct,Reliance Retail,Mamaearth,June'24,FY_24-25,0.2,0.3
RELIANCE RETAIL LIMITED-FREC,Direct,Reliance Retail,Aqualogica,June'24,FY_24-25,2.1,3.4
RELIANCE RETAIL LIMITED-FREC,Direct,Reliance Retail,Mamaearth,June'24,FY_24-25,19.0,42.6
RELIANCE RETAIL LIMITED-FREC,Direct,Reliance Retail,The Derma Co,June'24,FY_24-25,1.5,2.4
RELIANCE RETAIL LIMITED-FREF,Direct,Reliance Retail,Mamaearth,June'24,FY_24-25,0.4,0.6
RELIANCE RETAIL LIMITED-FREI,Direct,Reliance Retail,Mamaearth,June'24,FY_24-25,1.3,3.1
Reliance Retail Limited-FRFC,Direct,Reliance Retail,Mamaearth,June'24,FY_24-25,0.2,0.4
Reliance Retail Limited-FRFH,Direct,Reliance Retail,Aqualogica,June'24,FY_24-25,0.1,0.2
Reliance Retail Limited-FRFH,Direct,Reliance Retail,BBlunt,June'24,FY_24-25,0.2,0.3
Reliance Retail Limited-FRFH,Direct,Reliance Retail,Mamaearth,June'24,FY_24-25,0.2,0.3
Reliance Retail Limited-FRFH,Direct,Reliance Retail,The Derma Co,June'24,FY_24-25,0.3,0.5
Reliance Retail Limited-FRFP,Direct,Reliance Retail,Mamaearth,June'24,FY_24-25,0.3,0.4
Reliance Retail Limited-FRGS,Direct,Reliance Retail,Aqualogica,June'24,FY_24-25,0.1,0.2
Reliance Retail Limited-FRGS,Direct,Reliance Retail,BBlunt,June'24,FY_24-25,0.2,0.4
Reliance Retail Limited-FRGS,Direct,Reliance Retail,Mamaearth,June'24,FY_24-25,0.1,0.1
Reliance Retail Limited-FRGS,Direct,Reliance Retail,The Derma Co,June'24,FY_24-25,0.3,0.5
Reliance Retail Limited-FRHK,Direct,Reliance Retail,Aqualogica,June'24,FY_24-25,0.1,0.2
Reliance Retail Limited-FRHK,Direct,Reliance Retail,BBlunt,June'24,FY_24-25,0.2,0.3
Reliance Retail Limited-FRHK,Direct,Reliance Retail,Mamaearth,June'24,FY_24-25,0.2,0.4
Reliance Retail Limited-FRHK,Direct,Reliance Retail,The Derma Co,June'24,FY_24-25,0.3,0.5
Reliance Retail Limited-FRHT,Direct,Reliance Retail,Mamaearth,June'24,FY_24-25,0.2,0.4
Reliance Retail Limited-S0GK,Direct,Reliance Retail,Mamaearth,June'24,FY_24-25,2.0,3.7
Reliance Retail Limited-S0KN,Direct,Reliance Retail,Mamaearth,June'24,FY_24-25,3.5,7.8
Reliance Retail Limited-SAAH,Direct,Reliance Retail,Aqualogica,June'24,FY_24-25,0.7,1.1
Reliance Retail Limited-SAAH,Direct,Reliance Retail,Mamaearth,June'24,FY_24-25,11.1,24.4
Reliance Retail Limited-SAAH,Direct,Reliance Retail,The Derma Co,June'24,FY_24-25,1.5,2.5
RELIANCE RETAIL LIMITED-SF92,Direct,Reliance Retail,Aqualogica,June'24,FY_24-25,1.2,1.9
RELIANCE RETAIL LIMITED-SF92,Direct,Reliance Retail,Mamaearth,June'24,FY_24-25,18.6,45.4
RELIANCE RETAIL LIMITED-SF92,Direct,Reliance Retail,The Derma Co,June'24,FY_24-25,2.5,4.0
RELIANCE RETAIL LIMITED-SH65,Direct,Reliance Retail,Aqualogica,June'24,FY_24-25,0.8,1.3
RELIANCE RETAIL LIMITED-SH65,Direct,Reliance Retail,Mamaearth,June'24,FY_24-25,8.0,16.6
RELIANCE RETAIL LIMITED-SH65,Direct,Reliance Retail,The Derma Co,June'24,FY_24-25,0.9,1.5
RELIANCE RETAIL LIMITED-SH69,Direct,Reliance Retail,Aqualogica,June'24,FY_24-25,0.6,1.0
RELIANCE RETAIL LIMITED-SH69,Direct,Reliance Retail,Mamaearth,June'24,FY_24-25,4.9,10.4
RELIANCE RETAIL LIMITED-SH71,Direct,Reliance Retail,Aqualogica,June'24,FY_24-25,1.1,1.8
RELIANCE RETAIL LIMITED-SH71,Direct,Reliance Retail,Mamaearth,June'24,FY_24-25,6.3,13.4
RELIANCE RETAIL LIMITED-SH71,Direct,Reliance Retail,The Derma Co,June'24,FY_24-25,0.6,0.9
Reliance Retail Limited-SH77,Direct,Reliance Retail,Mamaearth,June'24,FY_24-25,-5.0,-9.8
Reliance Retail Limited-SK6I,Direct,Reliance Retail,Aqualogica,June'24,FY_24-25,0.9,1.5
Reliance Retail Limited-SK6I,Direct,Reliance Retail,Mamaearth,June'24,FY_24-25,4.6,10.9
Reliance Retail Limited-SK6I,Direct,Reliance Retail,The Derma Co,June'24,FY_24-25,1.5,2.5
Reliance Retail Limited-SLG3,Direct,Reliance Retail,Aqualogica,June'24,FY_24-25,1.0,1.7
Reliance Retail Limited-SLG3,Direct,Reliance Retail,Mamaearth,June'24,FY_24-25,6.7,13.3
RELIANCE RETAIL LIMITED-SLIG,Direct,Reliance Retail,Aqualogica,June'24,FY_24-25,0.3,0.4
RELIANCE RETAIL LIMITED-SLIG,Direct,Reliance Retail,Mamaearth,June'24,FY_24-25,4.8,9.8
RELIANCE RETAIL LIMITED-SLIG,Direct,Reliance Retail,The Derma Co,June'24,FY_24-25,1.0,1.6
RELIANCE RETAIL LIMITED-SLII,Direct,Reliance Retail,Mamaearth,June'24,FY_24-25,0.8,1.4
Reliance Retail Limited-Slmr,Direct,Reliance Retail,Mamaearth,June'24,FY_24-25,3.5,6.8
Reliance Retail Limited-SLS1,Direct,Reliance Retail,Aqualogica,June'24,FY_24-25,1.4,2.2
Reliance Retail Limited-SLS1,Direct,Reliance Retail,Mamaearth,June'24,FY_24-25,6.2,12.7
Reliance Retail Limited-SLS1,Direct,Reliance Retail,The Derma Co,June'24,FY_24-25,0.5,0.8
Reliance Retail Limited-SLS2,Direct,Reliance Retail,Mamaearth,June'24,FY_24-25,0.3,0.8
Reliance Retail Limited-SN1U,Direct,Reliance Retail,Mamaearth,June'24,FY_24-25,1.4,2.4
Reliance Retail Limited-SP9K,Direct,Reliance Retail,Aqualogica,June'24,FY_24-25,0.6,1.0
Reliance Retail Limited-SP9K,Direct,Reliance Retail,Mamaearth,June'24,FY_24-25,4.0,8.4
Reliance Retail Limited-SP9K,Direct,Reliance Retail,The Derma Co,June'24,FY_24-25,1.2,2.0
Reliance Retail Limited-T915,Direct,Reliance Retail,Mamaearth,June'24,FY_24-25,0.0,0.0
Reliance Retail Limited-TAFW,Direct,Reliance Retail,Mamaearth,June'24,FY_24-25,0.0,0.1
Reliance Retail Limited-TAUX,Direct,Reliance Retail,Mamaearth,June'24,FY_24-25,0.3,0.4
Reliance Retail Limited-TH93,Direct,Reliance Retail,Mamaearth,June'24,FY_24-25,0.2,0.3
Reliance Retail Limited-TIU6,Direct,Reliance Retail,Mamaearth,June'24,FY_24-25,0.1,0.2
Reliance Retail Limited-TL30,Direct,Reliance Retail,Aqualogica,June'24,FY_24-25,0.0,0.1
Reliance Retail Limited-TL30,Direct,Reliance Retail,Mamaearth,June'24,FY_24-25,0.3,0.5
Reliance Retail Limited-TL30,Direct,Reliance Retail,The Derma Co,June'24,FY_24-25,0.2,0.4
Reliance Retail Limited-Tna8,Direct,Reliance Retail,Mamaearth,June'24,FY_24-25,0.2,0.4
Reliance Retail Limited-TNB5,Direct,Reliance Retail,Mamaearth,June'24,FY_24-25,0.3,0.4
Reliance Retail Limited-TNC4,Direct,Reliance Retail,Aqualogica,June'24,FY_24-25,0.1,0.2
Reliance Retail Limited-TNC4,Direct,Reliance Retail,BBlunt,June'24,FY_24-25,0.2,0.3
Reliance Retail Limited-TNC4,Direct,Reliance Retail,Mamaearth,June'24,FY_24-25,0.3,0.4
Reliance Retail Limited-TNC4,Direct,Reliance Retail,The Derma Co,June'24,FY_24-25,0.3,0.5
Reliance Retail Limited-TND1,Direct,Reliance Retail,Mamaearth,June'24,FY_24-25,0.3,0.4
Reliance Retail Limited-Tnd5,Direct,Reliance Retail,Mamaearth,June'24,FY_24-25,0.3,0.4
Reliance Retail Limited-TW11,Direct,Reliance Retail,Mamaearth,June'24,FY_24-25,0.1,0.2
Reliance Retail Limited-ZZI0-B,Direct,Reliance Retail,Mamaearth,June'24,FY_24-25,0.8,1.4
Reliance Retail Ltd _Madhavaram- TNB8,Direct,Reliance Retail,Mamaearth,June'24,FY_24-25,0.1,0.2
Reliance Retail Ltd _RAJAJI NAGAR- FR49,Direct,Reliance Retail,Aqualogica,June'24,FY_24-25,0.0,0.0
Reliance Retail Ltd _RAJAJI NAGAR- FR49,Direct,Reliance Retail,BBlunt,June'24,FY_24-25,0.2,0.3
Reliance Retail Ltd _RAJAJI NAGAR- FR49,Direct,Reliance Retail,Mamaearth,June'24,FY_24-25,0.3,0.5
Reliance Retail Ltd _RAJAJI NAGAR- FR49,Direct,Reliance Retail,The Derma Co,June'24,FY_24-25,0.3,0.4
Reliance Retail Ltd_Davanagere- TNC0,Direct,Reliance Retail,Mamaearth,June'24,FY_24-25,0.2,0.3
Reliance Retail Ltd_Hubballi_2997,Direct,Reliance Retail,Mamaearth,June'24,FY_24-25,0.2,0.3
Reliance Retail Ltd_Nagercoil- 3338,Direct,Reliance Retail,Mamaearth,June'24,FY_24-25,0.1,0.2
RELIANCE RETAIL Ltd-SK6C,Direct,Reliance Retail,Mamaearth,June'24,FY_24-25,6.4,14.7
RELIANCE RETAIL Ltd-SLEW,Direct,Reliance Retail,Aqualogica,June'24,FY_24-25,0.3,0.4
RELIANCE RETAIL Ltd-SLEW,Direct,Reliance Retail,Mamaearth,June'24,FY_24-25,6.8,15.8
RELIANCE RETAIL Ltd-SLEW,Direct,Reliance Retail,The Derma Co,June'24,FY_24-25,0.9,1.4
Tnsi Retail Pvt Ltd_Sultanpur,Direct,WH-Smith,Mamaearth,June'24,FY_24-25,0.4,0.9
Travel Retail Services Pvt Ltd- GOA_Ship,Direct,Relay,Mamaearth,June'24,FY_24-25,0.2,0.4
Travel Retail Services Pvt Ltd_Blr,Direct,Relay,Mamaearth,June'24,FY_24-25,0.2,0.5
Trent Hypermarket Private Limited_Blr,Direct,Trent,Mamaearth,June'24,FY_24-25,0.6,1.0
Trent Hypermarket Private Limited_Mah,Direct,Trent,Mamaearth,June'24,FY_24-25,2.7,4.6
Wal-Mart India Private Limited 4702,Direct,Walmart CNC,Mamaearth,June'24,FY_24-25,0.7,1.2
Wal-Mart India Private Limited 4703,Direct,Walmart CNC,Mamaearth,June'24,FY_24-25,0.8,1.5
Wal-Mart India Private Limited 4706,Direct,Walmart CNC,Mamaearth,June'24,FY_24-25,1.6,3.2
Wal-Mart India Private Limited 4712,Direct,Walmart CNC,Mamaearth,June'24,FY_24-25,0.6,1.1
Wal-Mart India Private Limited 4713,Direct,Walmart CNC,Mamaearth,June'24,FY_24-25,0.8,1.6
Wal-Mart India Private Limited 4716,Direct,Walmart CNC,Mamaearth,June'24,FY_24-25,1.4,2.6
Wal-Mart India Private Limited 4717,Direct,Walmart CNC,Mamaearth,June'24,FY_24-25,0.0,-0.1
Wal-Mart India Private Limited 4719,Direct,Walmart CNC,Mamaearth,June'24,FY_24-25,3.0,5.7
Wal-Mart India Private Limited 4720,Direct,Walmart CNC,Mamaearth,June'24,FY_24-25,0.3,0.5
Wal-Mart India Private Limited 4721,Direct,Walmart CNC,Mamaearth,June'24,FY_24-25,-3.0,-5.7
Wal-Mart India Private Limited 4723,Direct,Walmart CNC,Mamaearth,June'24,FY_24-25,2.7,5.2
Wal-Mart India Private Limited 4724,Direct,Walmart CNC,Mamaearth,June'24,FY_24-25,1.2,2.2
Wal-Mart India Private Limited 4725,Direct,Walmart CNC,Mamaearth,June'24,FY_24-25,0.8,1.5
Wal-Mart India Private Limited 4727,Direct,Walmart CNC,Mamaearth,June'24,FY_24-25,1.3,2.5
Wal-Mart India Private Limited 4729,Direct,Walmart CNC,Mamaearth,June'24,FY_24-25,-0.1,-0.2
Wal-Mart India Private Limited 4734,Direct,Walmart CNC,Mamaearth,June'24,FY_24-25,0.5,0.9
Wal-Mart India Private Limited 4742,Direct,Walmart CNC,Mamaearth,June'24,FY_24-25,0.6,1.2
Wal-Mart India Private Limited 4744,Direct,Walmart CNC,Mamaearth,June'24,FY_24-25,0.6,1.1
Wal-Mart India Private Limited 4760,Direct,Walmart CNC,Mamaearth,June'24,FY_24-25,1.0,1.9
Wal-Mart India Private Limited 4797,Direct,Walmart CNC,Mamaearth,June'24,FY_24-25,0.8,1.5
Wal-Mart India Private Limited 4799,Direct,Walmart CNC,Mamaearth,June'24,FY_24-25,0.6,1.1
Wal-Mart India Private Limited 4801,Direct,Walmart CNC,Mamaearth,June'24,FY_24-25,0.9,1.7
Wal-Mart India Private Limited 4803,Direct,Walmart CNC,Mamaearth,June'24,FY_24-25,0.3,0.6
Wal-Mart India Private Limited 4805,Direct,Walmart CNC,Mamaearth,June'24,FY_24-25,1.5,2.8
Wal-Mart India Private Limited 4813,Direct,Walmart CNC,Mamaearth,June'24,FY_24-25,0.8,1.4
Wal-Mart India Private Limited 4814,Direct,Walmart CNC,Mamaearth,June'24,FY_24-25,1.5,2.9
Wellness Forever Medicare Pvt Ltd,Direct,Wellness Forever,Aqualogica,June'24,FY_24-25,2.1,3.5
Wellness Forever Medicare Pvt Ltd,Direct,Wellness Forever,BBlunt,June'24,FY_24-25,2.3,3.4
Wellness Forever Medicare Pvt Ltd,Direct,Wellness Forever,Mamaearth,June'24,FY_24-25,18.4,31.0
Wellness Forever Medicare Pvt Ltd,Direct,Wellness Forever,The Derma Co,June'24,FY_24-25,25.2,42.6
Arc Foods And Beverages_Mt_H&G,Dist.,H&G,Aqualogica,June'24,FY_24-25,1.1,1.9
Arc Foods And Beverages_Mt_H&G,Dist.,Apollo Healthco,Aqualogica,June'24,FY_24-25,0.1,0.3
Arc Foods And Beverages_Mt_H&G,Dist.,H&G,BBlunt,June'24,FY_24-25,1.1,1.8
Arc Foods And Beverages_Mt_H&G,Dist.,Apollo Healthco,Mamaearth,June'24,FY_24-25,4.9,9.0
Arc Foods And Beverages_Mt_H&G,Dist.,H&G,Mamaearth,June'24,FY_24-25,4.7,8.6
Arc Foods And Beverages_Mt_H&G,Dist.,H&G,The Derma Co,June'24,FY_24-25,4.6,8.5
Arc Foods And Beverages_Mt_H&G,Dist.,Apollo Healthco,The Derma Co,June'24,FY_24-25,0.7,1.3
Babys World_Mt,Dist.,Apollo Healthco,Aqualogica,June'24,FY_24-25,0.0,0.0
Babys World_Mt,Dist.,H&G,Aqualogica,June'24,FY_24-25,-0.1,-0.1
Babys World_Mt,Dist.,H&G,BBlunt,June'24,FY_24-25,0.0,-0.1
Babys World_Mt,Dist.,Spencer,BBlunt,June'24,FY_24-25,0.0,-0.1
Babys World_Mt,Dist.,More Retail,Mamaearth,June'24,FY_24-25,2.4,4.1
Babys World_Mt,Dist.,Apollo Healthco,Mamaearth,June'24,FY_24-25,5.1,8.8
Babys World_Mt,Dist.,H&G,Mamaearth,June'24,FY_24-25,0.6,1.0
Babys World_Mt,Dist.,Spencer,Mamaearth,June'24,FY_24-25,13.4,23.2
Babys World_Mt,Dist.,Apollo Healthco,The Derma Co,June'24,FY_24-25,0.0,0.0
Babys World_Mt,Dist.,H&G,The Derma Co,June'24,FY_24-25,0.1,0.1
BALAJI ASSOCIATES Distributor MT,Dist.,V-Mart,Mamaearth,June'24,FY_24-25,19.2,42.2
D.L. Sales - MT,Dist.,Arambagh,Mamaearth,June'24,FY_24-25,3.9,8.0
D.L. Sales - MT,Dist.,V-Mart,Mamaearth,June'24,FY_24-25,6.1,12.6
D.L. Sales - MT,Dist.,Frankross,Mamaearth,June'24,FY_24-25,0.6,1.3
G.V Enterprises,Dist.,H&G,Aqualogica,June'24,FY_24-25,0.0,0.0
G.V Enterprises,Dist.,H&G,BBlunt,June'24,FY_24-25,0.0,0.0
G.V Enterprises,Dist.,Apollo Healthco,Mamaearth,June'24,FY_24-25,7.0,15.7
G.V Enterprises,Dist.,D-Mart,Mamaearth,June'24,FY_24-25,74.7,167.5
G.V Enterprises,Dist.,Lulu,Mamaearth,June'24,FY_24-25,8.5,19.2
G.V Enterprises,Dist.,Pothys,Mamaearth,June'24,FY_24-25,4.6,10.3
G.V Enterprises,Dist.,H&G,The Derma Co,June'24,FY_24-25,0.0,0.0
Ganapati Distributor MT,Dist.,V-Mart,Mamaearth,June'24,FY_24-25,6.6,13.8
ISHA TRADING CO,Dist.,V-Mart,Mamaearth,June'24,FY_24-25,-2.3,-4.2
JB Pharma_MT,Dist.,V-Mart,Mamaearth,June'24,FY_24-25,8.5,15.5
JUST MARK-Dmart,Dist.,D-Mart,Mamaearth,June'24,FY_24-25,133.1,359.2
Kiran Trading Co- Dmart,Dist.,D-Mart,Mamaearth,June'24,FY_24-25,32.5,86.6
Kiran Trading Company_Ship to,Dist.,D-Mart,Mamaearth,June'24,FY_24-25,36.5,93.6
M/S KOTTARAM BUSINESS CORPORATION-MT,Dist.,H&G,Aqualogica,June'24,FY_24-25,0.1,0.2
M/S KOTTARAM BUSINESS CORPORATION-MT,Dist.,Lulu,Aqualogica,June'24,FY_24-25,3.1,5.8
M/S KOTTARAM BUSINESS CORPORATION-MT,Dist.,H&G,BBlunt,June'24,FY_24-25,0.6,1.0
M/S KOTTARAM BUSINESS CORPORATION-MT,Dist.,H&G,Mamaearth,June'24,FY_24-25,0.7,1.4
M/S KOTTARAM BUSINESS CORPORATION-MT,Dist.,Lulu,Mamaearth,June'24,FY_24-25,22.2,40.7
M/S KOTTARAM BUSINESS CORPORATION-MT,Dist.,Apollo Healthco,Mamaearth,June'24,FY_24-25,2.3,4.2
M/S KOTTARAM BUSINESS CORPORATION-MT,Dist.,Apollo Healthco,The Derma Co,June'24,FY_24-25,0.5,0.9
M/S KOTTARAM BUSINESS CORPORATION-MT,Dist.,H&G,The Derma Co,June'24,FY_24-25,0.6,1.1
M/S KOTTARAM BUSINESS CORPORATION-MT,Dist.,Lulu,The Derma Co,June'24,FY_24-25,3.2,5.9
MARK ENTERPRISE,Dist.,Apollo Healthco,Mamaearth,June'24,FY_24-25,1.9,3.5
R.C. Trade Link H&G,Dist.,H&G,Mamaearth,June'24,FY_24-25,0.6,0.9
R.D. Enterprises,Dist.,Spencer,BBlunt,June'24,FY_24-25,0.0,0.0
R.D. Enterprises,Dist.,Spencer,Mamaearth,June'24,FY_24-25,3.8,6.5
R.D. Enterprises,Dist.,Lulu,Mamaearth,June'24,FY_24-25,2.8,4.9
R.D. Enterprises,Dist.,Lulu,The Derma Co,June'24,FY_24-25,-0.4,-0.7
S M AGENCIES_MT,Dist.,Grace Super MKT,Mamaearth,June'24,FY_24-25,2.4,4.4
S M AGENCIES_MT,Dist.,Pothys,Mamaearth,June'24,FY_24-25,1.9,3.5
S M AGENCIES_MT,Dist.,B&N,Mamaearth,June'24,FY_24-25,0.2,0.3
S M AGENCIES_MT,Dist.,Sarvana,Mamaearth,June'24,FY_24-25,7.6,14.2
Sancus Networks Private Limited-RMT,Dist.,RMT-Sancus,Aqualogica,June'24,FY_24-25,-1.5,-2.5
Sancus Networks Private Limited-RMT,Dist.,RMT-Sancus,BBlunt,June'24,FY_24-25,0.0,0.0
Sancus Networks Private Limited-RMT,Dist.,RMT-Sancus,Mamaearth,June'24,FY_24-25,28.5,61.6
Sancus Networks Private Limited-RMT,Dist.,Spencer,Mamaearth,June'24,FY_24-25,0.2,0.5
Sancus Networks Private Limited-RMT,Dist.,More Retail,Mamaearth,June'24,FY_24-25,5.6,12.2
Sancus Networks Private Limited-RMT,Dist.,RMT-Sancus,The Derma Co,June'24,FY_24-25,-0.4,-0.7
Sathyashree Enterprises-Mt,Dist.,D-Mart,Mamaearth,June'24,FY_24-25,7.3,17.9
SC BUSINESS COMBINE_MT,Dist.,Sohum Shoppe,Mamaearth,June'24,FY_24-25,1.0,2.3
SC BUSINESS COMBINE_MT,Dist.,V-Mart,Mamaearth,June'24,FY_24-25,5.0,11.4
Sri Vijaya Durga Agencies_Mt,Dist.,H&G,Aqualogica,June'24,FY_24-25,0.1,0.2
Sri Vijaya Durga Agencies_Mt,Dist.,Reliance Retail,Aqualogica,June'24,FY_24-25,1.2,2.1
Sri Vijaya Durga Agencies_Mt,Dist.,H&G,BBlunt,June'24,FY_24-25,-0.1,-0.2
Sri Vijaya Durga Agencies_Mt,Dist.,Apollo Healthco,Mamaearth,June'24,FY_24-25,57.2,117.0
Sri Vijaya Durga Agencies_Mt,Dist.,D-Mart,Mamaearth,June'24,FY_24-25,97.1,198.4
Sri Vijaya Durga Agencies_Mt,Dist.,H&G,Mamaearth,June'24,FY_24-25,0.8,1.6
Sri Vijaya Durga Agencies_Mt,Dist.,Reliance Retail,Mamaearth,June'24,FY_24-25,23.4,47.8
Sri Vijaya Durga Agencies_Mt,Dist.,More Retail,Mamaearth,June'24,FY_24-25,2.7,5.5
Sri Vijaya Durga Agencies_Mt,Dist.,H&G,The Derma Co,June'24,FY_24-25,0.9,1.6
Sri Vijaya Durga Agencies_Mt,Dist.,Reliance Retail,The Derma Co,June'24,FY_24-25,0.4,0.7
United Marketing_Mt,Dist.,Apollo Healthco,Mamaearth,June'24,FY_24-25,2.8,4.9
Vanaja Agencies MT_Dmart,Dist.,D-Mart,Mamaearth,June'24,FY_24-25,73.7,193.2
VISHAL ENTERPRISES_Solapur,Dist.,D-Mart,Mamaearth,June'24,FY_24-25,22.2,56.7
Az Enterprises,Dist.,Apollo Healthco,Aqualogica,April'24,FY_24-25,0.4,0.6
Az Enterprises,Dist.,H&G,Aqualogica,April'24,FY_24-25,4.5,7.3
Az Enterprises,Dist.,H&G,BBlunt,April'24,FY_24-25,0.3,0.5
Az Enterprises,Dist.,Apollo Healthco,Mamaearth,April'24,FY_24-25,20.8,37.9
Az Enterprises,Dist.,Lulu,Mamaearth,April'24,FY_24-25,2.6,4.7
Az Enterprises,Dist.,Max Hyper,Mamaearth,April'24,FY_24-25,0.5,0.8
Az Enterprises,Dist.,H&G,Mamaearth,April'24,FY_24-25,10.7,19.6
Az Enterprises,Dist.,More Retail,Mamaearth,April'24,FY_24-25,4.4,8.1
Az Enterprises,Dist.,Apollo Healthco,The Derma Co,April'24,FY_24-25,1.4,2.3
Az Enterprises,Dist.,Lulu,The Derma Co,April'24,FY_24-25,1.9,3.1
Az Enterprises,Dist.,H&G,The Derma Co,April'24,FY_24-25,11.5,19.0
Vanaja Agencies,Dist.,H&G,Aqualogica,April'24,FY_24-25,9.4,16.2
Vanaja Agencies,Dist.,Reliance Retail,Aqualogica,April'24,FY_24-25,0.2,0.3
Vanaja Agencies,Dist.,Apollo Healthco,Aqualogica,April'24,FY_24-25,1.8,3.0
Vanaja Agencies,Dist.,H&G,BBlunt,April'24,FY_24-25,1.2,1.8
Vanaja Agencies,Dist.,Spencer,BBlunt,April'24,FY_24-25,1.9,2.7
Vanaja Agencies,Dist.,Apollo Healthco,Mamaearth,April'24,FY_24-25,22.6,49.8
Vanaja Agencies,Dist.,H&G,Mamaearth,April'24,FY_24-25,10.2,22.4
Vanaja Agencies,Dist.,Vijetha,Mamaearth,April'24,FY_24-25,7.4,16.3
Vanaja Agencies,Dist.,More Retail,Mamaearth,April'24,FY_24-25,4.7,10.3
Vanaja Agencies,Dist.,Max Hyper,Mamaearth,April'24,FY_24-25,0.2,0.4
Vanaja Agencies,Dist.,Reliance Retail,Mamaearth,April'24,FY_24-25,10.2,22.5
Vanaja Agencies,Dist.,Lulu,Mamaearth,April'24,FY_24-25,2.1,4.5
Vanaja Agencies,Dist.,Ratnadeep,Mamaearth,April'24,FY_24-25,8.3,18.4
Vanaja Agencies,Dist.,H&G,The Derma Co,April'24,FY_24-25,14.7,25.0
Vanaja Agencies,Dist.,Reliance Retail,The Derma Co,April'24,FY_24-25,0.8,1.4
Vanaja Agencies,Dist.,Lulu,The Derma Co,April'24,FY_24-25,0.8,1.4
Vanaja Agencies,Dist.,Apollo Healthco,The Derma Co,April'24,FY_24-25,3.6,6.1
Az Enterprises,Dist.,Apollo Healthco,Aqualogica,May'24,FY_24-25,1.9,3.0
Az Enterprises,Dist.,H&G,Aqualogica,May'24,FY_24-25,6.4,10.4
Az Enterprises,Dist.,Apollo Healthco,Mamaearth,May'24,FY_24-25,37.3,68.4
Az Enterprises,Dist.,Lulu,Mamaearth,May'24,FY_24-25,6.2,11.3
Az Enterprises,Dist.,Max Hyper,Mamaearth,May'24,FY_24-25,2.1,3.9
Az Enterprises,Dist.,H&G,Mamaearth,May'24,FY_24-25,10.9,19.9
Az Enterprises,Dist.,B&N,Mamaearth,May'24,FY_24-25,1.1,2.0
Az Enterprises,Dist.,More Retail,Mamaearth,May'24,FY_24-25,10.2,18.7
Az Enterprises,Dist.,Apollo Healthco,The Derma Co,May'24,FY_24-25,2.8,4.7
Az Enterprises,Dist.,Lulu,The Derma Co,May'24,FY_24-25,0.1,0.1
Az Enterprises,Dist.,H&G,The Derma Co,May'24,FY_24-25,10.3,17.2
Az Enterprises,Dist.,B&N,The Derma Co,May'24,FY_24-25,0.4,0.7
Vanaja Agencies_Mt,Dist.,H&G,Aqualogica,May'24,FY_24-25,0.9,1.6
Vanaja Agencies_Mt,Dist.,Reliance Retail,Aqualogica,May'24,FY_24-25,0.3,0.6
Vanaja Agencies_Mt,Dist.,Apollo Healthco,Aqualogica,May'24,FY_24-25,0.5,0.8
Vanaja Agencies_Mt,Dist.,H&G,BBlunt,May'24,FY_24-25,0.7,1.1
Vanaja Agencies_Mt,Dist.,Spencer,BBlunt,May'24,FY_24-25,0.0,0.0
Vanaja Agencies_Mt,Dist.,Apollo Healthco,Mamaearth,May'24,FY_24-25,11.6,22.9
Vanaja Agencies_Mt,Dist.,H&G,Mamaearth,May'24,FY_24-25,3.9,7.7
Vanaja Agencies_Mt,Dist.,Vijetha,Mamaearth,May'24,FY_24-25,2.7,5.3
Vanaja Agencies_Mt,Dist.,More Retail,Mamaearth,May'24,FY_24-25,1.7,3.4
Vanaja Agencies_Mt,Dist.,Max Hyper,Mamaearth,May'24,FY_24-25,0.1,0.2
Vanaja Agencies_Mt,Dist.,Reliance Retail,Mamaearth,May'24,FY_24-25,23.1,45.6
Vanaja Agencies_Mt,Dist.,Spencer,Mamaearth,May'24,FY_24-25,3.8,7.5
Vanaja Agencies_Mt,Dist.,Lulu,Mamaearth,May'24,FY_24-25,1.1,2.2
Vanaja Agencies_Mt,Dist.,Ratnadeep,Mamaearth,May'24,FY_24-25,5.7,11.3
Vanaja Agencies_Mt,Dist.,H&G,The Derma Co,May'24,FY_24-25,6.7,12.0
Vanaja Agencies_Mt,Dist.,Reliance Retail,The Derma Co,May'24,FY_24-25,2.4,4.3
Vanaja Agencies_Mt,Dist.,Lulu,The Derma Co,May'24,FY_24-25,0.3,0.6
Vanaja Agencies_Mt,Dist.,Apollo Healthco,The Derma Co,May'24,FY_24-25,1.6,2.9
Az Enterprises,Dist.,Apollo Healthco,Aqualogica,June'24,FY_24-25,0.4,0.6
Az Enterprises,Dist.,H&G,Aqualogica,June'24,FY_24-25,3.3,5.3
Az Enterprises,Dist.,Apollo Healthco,Mamaearth,June'24,FY_24-25,27.3,50.1
Az Enterprises,Dist.,Lulu,Mamaearth,June'24,FY_24-25,15.8,28.9
Az Enterprises,Dist.,Frankross,Mamaearth,June'24,FY_24-25,0.2,0.4
Az Enterprises,Dist.,Max Hyper,Mamaearth,June'24,FY_24-25,2.0,3.8
Az Enterprises,Dist.,H&G,Mamaearth,June'24,FY_24-25,11.1,20.3
Az Enterprises,Dist.,More Retail,Mamaearth,June'24,FY_24-25,10.3,18.8
Az Enterprises,Dist.,Apollo Healthco,The Derma Co,June'24,FY_24-25,1.1,1.8
Az Enterprises,Dist.,Lulu,The Derma Co,June'24,FY_24-25,1.6,2.7
Az Enterprises,Dist.,H&G,The Derma Co,June'24,FY_24-25,3.7,6.2
Vanaja Agencies_Mt,Dist.,H&G,Aqualogica,June'24,FY_24-25,0.7,1.2
Vanaja Agencies_Mt,Dist.,Reliance Retail,Aqualogica,June'24,FY_24-25,0.3,0.5
Vanaja Agencies_Mt,Dist.,Lulu,Aqualogica,June'24,FY_24-25,0.1,0.2
Vanaja Agencies_Mt,Dist.,Apollo Healthco,Aqualogica,June'24,FY_24-25,0.4,0.7
Vanaja Agencies_Mt,Dist.,H&G,BBlunt,June'24,FY_24-25,2.7,4.3
Vanaja Agencies_Mt,Dist.,Apollo Healthco,Mamaearth,June'24,FY_24-25,40.3,80.8
Vanaja Agencies_Mt,Dist.,H&G,Mamaearth,June'24,FY_24-25,11.1,22.1
Vanaja Agencies_Mt,Dist.,Vijetha,Mamaearth,June'24,FY_24-25,7.2,14.5
Vanaja Agencies_Mt,Dist.,More Retail,Mamaearth,June'24,FY_24-25,4.7,9.5
Vanaja Agencies_Mt,Dist.,Max Hyper,Mamaearth,June'24,FY_24-25,0.5,1.1
Vanaja Agencies_Mt,Dist.,Reliance Retail,Mamaearth,June'24,FY_24-25,23.0,46.1
Vanaja Agencies_Mt,Dist.,Spencer,Mamaearth,June'24,FY_24-25,8.8,17.6
Vanaja Agencies_Mt,Dist.,Lulu,Mamaearth,June'24,FY_24-25,5.0,10.1
Vanaja Agencies_Mt,Dist.,Ratnadeep,Mamaearth,June'24,FY_24-25,12.7,25.4
Vanaja Agencies_Mt,Dist.,H&G,The Derma Co,June'24,FY_24-25,3.8,6.8
Vanaja Agencies_Mt,Dist.,Reliance Retail,The Derma Co,June'24,FY_24-25,1.1,2.0
Vanaja Agencies_Mt,Dist.,Lulu,The Derma Co,June'24,FY_24-25,0.3,0.5
Vanaja Agencies_Mt,Dist.,Apollo Healthco,The Derma Co,June'24,FY_24-25,0.9,1.6
APOLLO HEALTHCO LIMITED_AHMEDABAD,Direct,Apollo Healthco,Mamaearth,July'24,FY_24-25,1.9,5.9
Apollo Healthco Limited_Bhiwandi,Direct,Apollo Healthco,Aqualogica,July'24,FY_24-25,0.1,0.1
Apollo Healthco Limited_Bhiwandi,Direct,Apollo Healthco,Mamaearth,July'24,FY_24-25,2.8,6.5
Apollo Healthco Limited_Bhiwandi,Direct,Apollo Healthco,The Derma Co,July'24,FY_24-25,0.7,1.1
Apollo Healthco Limited_Faridabad,Direct,Apollo Healthco,Aqualogica,July'24,FY_24-25,0.4,0.7
Apollo Healthco Limited_Faridabad,Direct,Apollo Healthco,Mamaearth,July'24,FY_24-25,11.1,23.8
Apollo Healthco Limited_Faridabad,Direct,Apollo Healthco,The Derma Co,July'24,FY_24-25,1.9,3.2
Apollo Healthco Limited_Rajasthan,Direct,Apollo Healthco,Mamaearth,July'24,FY_24-25,2.2,4.4
Apollo Healthco Limited-Bangalore,Direct,Apollo Healthco,Mamaearth,July'24,FY_24-25,0.8,2.4
Apollo Healthco Limited-Chennai,Direct,Apollo Healthco,Mamaearth,July'24,FY_24-25,1.9,5.9
APOLLO HEALTHCO LIMITED-Chittor,Direct,Apollo Healthco,Mamaearth,July'24,FY_24-25,0.6,2.0
Apollo Healthco Limited-Goa,Direct,Apollo Healthco,Mamaearth,July'24,FY_24-25,0.3,1.0
Apollo Healthco Limited-Hubbli,Direct,Apollo Healthco,Mamaearth,July'24,FY_24-25,1.0,3.3
APOLLO HEALTHCO LIMITED-HYD,Direct,Apollo Healthco,Mamaearth,July'24,FY_24-25,0.3,1.0
Apollo Healthco Limited-Kochi,Direct,Apollo Healthco,Mamaearth,July'24,FY_24-25,0.6,1.1
Apollo Healthco Limited-Ore,Direct,Apollo Healthco,Mamaearth,July'24,FY_24-25,0.4,1.0
Apollo Healthco Limited-Sanath Nagar,Direct,Apollo Healthco,Mamaearth,July'24,FY_24-25,1.7,5.5
APOLLO HEALTHCO LIMITED-Vijayawada,Direct,Apollo Healthco,Mamaearth,July'24,FY_24-25,0.4,1.3
APOLLO HEALTHCO LIMITED-WB,Direct,Apollo Healthco,Mamaearth,July'24,FY_24-25,0.9,3.0
APOLLO HEALTHCO LIMITED-WB-2,Direct,Apollo Healthco,Mamaearth,July'24,FY_24-25,1.8,5.6
Apollo Healthco Ltd_Raipur,Direct,Apollo Healthco,Mamaearth,July'24,FY_24-25,2.2,4.0
Avenue E Commerce Limited(Kanjur),Direct,D-Mart,Aqualogica,July'24,FY_24-25,0.1,0.2
Avenue E Commerce Limited(Kanjur),Direct,D-Mart,The Derma Co,July'24,FY_24-25,0.1,0.2
Avenue E Commerce Limited(Kiwale),Direct,D-Mart,Aqualogica,July'24,FY_24-25,0.0,0.1
Avenue E Commerce Limited(Kiwale),Direct,D-Mart,The Derma Co,July'24,FY_24-25,0.2,0.4
Avenue E Commerce Limited(Mira Road) N2,Direct,D-Mart,Aqualogica,July'24,FY_24-25,0.0,0.1
Avenue E Commerce Limited(Mira Road) N2,Direct,D-Mart,The Derma Co,July'24,FY_24-25,0.2,0.4
Avenue E Commerce Limited(Nahur),Direct,D-Mart,Aqualogica,July'24,FY_24-25,0.2,0.4
Avenue E Commerce Limited(Nahur),Direct,D-Mart,The Derma Co,July'24,FY_24-25,0.3,0.6
Avenue E Commerce Limited_Panvel-2,Direct,D-Mart,Aqualogica,July'24,FY_24-25,0.0,0.0
Avenue E Commerce Ltd -Nagpur-FC,Direct,D-Mart,Aqualogica,July'24,FY_24-25,0.1,0.1
Avenue E Commerce Ltd -Nagpur-FC,Direct,D-Mart,The Derma Co,July'24,FY_24-25,0.2,0.4
Avenue E Commerce Ltd -Vashi FC-E,Direct,D-Mart,Aqualogica,July'24,FY_24-25,0.2,0.3
Avenue E Commerce Ltd_4047-Vasai Waliv,Direct,D-Mart,Aqualogica,July'24,FY_24-25,0.1,0.2
Avenue E Commerce Ltd_CadburyFC.,Direct,D-Mart,Aqualogica,July'24,FY_24-25,0.0,0.1
Avenue E Commerce Ltd_CadburyFC.,Direct,D-Mart,The Derma Co,July'24,FY_24-25,0.1,0.2
Avenue E Commerce Ltd_Manpada,Direct,D-Mart,Aqualogica,July'24,FY_24-25,0.1,0.3
Avenue E Commerce Ltd_Manpada,Direct,D-Mart,The Derma Co,July'24,FY_24-25,0.2,0.4
Avenue Supermarts Ltd.-4905,Direct,D-Mart,Mamaearth,July'24,FY_24-25,0.7,1.8
Avenue Supermarts Ltd.-DC-1032,Direct,D-Mart,Mamaearth,July'24,FY_24-25,60.4,150.2
Avenue Supermarts Ltd.-DC-1039,Direct,D-Mart,BBlunt,July'24,FY_24-25,1.1,2.2
Avenue Supermarts Ltd.-DC-1039,Direct,D-Mart,Mamaearth,July'24,FY_24-25,69.2,171.8
Avenue Supermarts Ltd.-DC-1049,Direct,D-Mart,Mamaearth,July'24,FY_24-25,28.5,72.4
Avenue Supermarts Ltd.-DC-1050,Direct,D-Mart,Mamaearth,July'24,FY_24-25,41.7,105.7
Avenue Supermarts Ltd.-DC-1068,Direct,D-Mart,Mamaearth,July'24,FY_24-25,39.5,99.1
Avenue Supermarts Ltd_4901,Direct,D-Mart,Mamaearth,July'24,FY_24-25,1.4,3.5
Avenue Supermarts Ltd_4902,Direct,D-Mart,Mamaearth,July'24,FY_24-25,2.3,5.3
Avenue Supermarts Ltd_4903,Direct,D-Mart,Mamaearth,July'24,FY_24-25,1.0,2.5
Avenue Supermarts Ltd_4904,Direct,D-Mart,Mamaearth,July'24,FY_24-25,0.5,1.1
Avenue Supermarts Ltd_4906,Direct,D-Mart,Mamaearth,July'24,FY_24-25,1.2,3.0
Guardian Healthcare Services Pvt Ltd(DL),Direct,Guardian,Aqualogica,July'24,FY_24-25,0.5,0.9
Guardian Healthcare Services Pvt Ltd(DL),Direct,Guardian,Mamaearth,July'24,FY_24-25,1.5,2.9
Guardian Healthcare Services Pvt Ltd(DL),Direct,Guardian,The Derma Co,July'24,FY_24-25,0.5,1.0
Metro Cash & Carry India Pvt Ltd -(DC27)-T0SJ,Direct,Metro-CNC-RRL,Mamaearth,July'24,FY_24-25,2.2,4.6
Metro Cash & Carry India Pvt Ltd -(DC34)-T0SR,Direct,Metro-CNC-RRL,Mamaearth,July'24,FY_24-25,-0.4,-0.7
Metro Cash & Carry India Pvt Ltd-(DC10)-T0SM,Direct,Metro-CNC-RRL,Aqualogica,July'24,FY_24-25,1.6,2.6
Metro Cash & Carry India Pvt Ltd-(DC10)-T0SM,Direct,Metro-CNC-RRL,BBlunt,July'24,FY_24-25,0.2,0.3
Metro Cash & Carry India Pvt Ltd-(DC10)-T0SM,Direct,Metro-CNC-RRL,Mamaearth,July'24,FY_24-25,3.9,8.0
Metro Cash & Carry India Pvt Ltd-(DC10)-T0SM,Direct,Metro-CNC-RRL,The Derma Co,July'24,FY_24-25,3.9,6.1
Metro Cash & Carry India Pvt Ltd-(DC11)-T0SL,Direct,Metro-CNC-RRL,BBlunt,July'24,FY_24-25,0.2,0.3
Metro Cash & Carry India Pvt Ltd-(DC11)-T0SL,Direct,Metro-CNC-RRL,Mamaearth,July'24,FY_24-25,2.0,4.2
Metro Cash & Carry India Pvt Ltd-(DC11)-T0SL,Direct,Metro-CNC-RRL,The Derma Co,July'24,FY_24-25,0.5,0.8
Metro Cash & Carry India Pvt Ltd-(DC12)-T0QX,Direct,Metro-CNC-RRL,Aqualogica,July'24,FY_24-25,-0.8,-1.3
Metro Cash & Carry India Pvt Ltd-(DC12)-T0QX,Direct,Metro-CNC-RRL,BBlunt,July'24,FY_24-25,0.1,0.2
Metro Cash & Carry India Pvt Ltd-(DC12)-T0QX,Direct,Metro-CNC-RRL,Mamaearth,July'24,FY_24-25,-0.6,-0.5
Metro Cash & Carry India Pvt Ltd-(DC12)-T0QX,Direct,Metro-CNC-RRL,The Derma Co,July'24,FY_24-25,-2.1,-3.2
Metro Cash & Carry India Pvt Ltd-(DC15)-T0QY,Direct,Metro-CNC-RRL,Mamaearth,July'24,FY_24-25,0.0,0.4
Metro Cash & Carry India Pvt Ltd-(DC16)-T0QZ,Direct,Metro-CNC-RRL,BBlunt,July'24,FY_24-25,-0.4,-0.6
Metro Cash & Carry India Pvt Ltd-(DC16)-T0QZ,Direct,Metro-CNC-RRL,Mamaearth,July'24,FY_24-25,-3.5,-7.1
Metro Cash & Carry India Pvt Ltd-(DC17)-T0QT,Direct,Metro-CNC-RRL,Mamaearth,July'24,FY_24-25,1.3,2.8
Metro Cash & Carry India Pvt Ltd-(DC18)-T0SN,Direct,Metro-CNC-RRL,BBlunt,July'24,FY_24-25,0.1,0.1
Metro Cash & Carry India Pvt Ltd-(DC18)-T0SN,Direct,Metro-CNC-RRL,Mamaearth,July'24,FY_24-25,1.2,2.5
Metro Cash & Carry India Pvt Ltd-(DC18)-T0SN,Direct,Metro-CNC-RRL,The Derma Co,July'24,FY_24-25,0.3,0.5
Metro Cash & Carry India Pvt Ltd-(DC20)-T0RK,Direct,Metro-CNC-RRL,Mamaearth,July'24,FY_24-25,1.0,2.0
Metro Cash & Carry India Pvt Ltd-(DC23)-T0RL,Direct,Metro-CNC-RRL,BBlunt,July'24,FY_24-25,0.2,0.3
Metro Cash & Carry India Pvt Ltd-(DC23)-T0RL,Direct,Metro-CNC-RRL,Mamaearth,July'24,FY_24-25,0.7,1.5
Metro Cash & Carry India Pvt Ltd-(DC23)-T0RL,Direct,Metro-CNC-RRL,The Derma Co,July'24,FY_24-25,0.3,0.5
Metro Cash & Carry India Pvt Ltd-(DC24)-T0RJ,Direct,Metro-CNC-RRL,BBlunt,July'24,FY_24-25,-0.1,-0.1
Metro Cash & Carry India Pvt Ltd-(DC24)-T0RJ,Direct,Metro-CNC-RRL,Mamaearth,July'24,FY_24-25,1.3,2.6
Metro Cash & Carry India Pvt Ltd-(DC25)-T0RB,Direct,Metro-CNC-RRL,Mamaearth,July'24,FY_24-25,1.9,3.9
Metro Cash & Carry India Pvt Ltd-(DC26)-T0SP,Direct,Metro-CNC-RRL,Mamaearth,July'24,FY_24-25,3.3,6.6
Metro Cash & Carry India Pvt Ltd-(DC29)-T0RA,Direct,Metro-CNC-RRL,Aqualogica,July'24,FY_24-25,-2.9,-4.6
Metro Cash & Carry India Pvt Ltd-(DC29)-T0RA,Direct,Metro-CNC-RRL,BBlunt,July'24,FY_24-25,0.0,0.0
Metro Cash & Carry India Pvt Ltd-(DC29)-T0RA,Direct,Metro-CNC-RRL,Mamaearth,July'24,FY_24-25,-0.1,-0.2
Metro Cash & Carry India Pvt Ltd-(DC29)-T0RA,Direct,Metro-CNC-RRL,The Derma Co,July'24,FY_24-25,-8.3,-13.1
Metro Cash & Carry India Pvt Ltd-(DC30)-T0RM,Direct,Metro-CNC-RRL,Mamaearth,July'24,FY_24-25,0.4,0.8
Metro Cash & Carry India Pvt Ltd-(DC32)-T0QU,Direct,Metro-CNC-RRL,Mamaearth,July'24,FY_24-25,1.6,3.5
Metro Cash & Carry India Pvt Ltd-(DC36)-T0RH,Direct,Metro-CNC-RRL,BBlunt,July'24,FY_24-25,-0.1,-0.1
Metro Cash & Carry India Pvt Ltd-(DC36)-T0RH,Direct,Metro-CNC-RRL,Mamaearth,July'24,FY_24-25,-2.3,-4.1
Metro Cash & Carry India Pvt Ltd-(DC37)-T0RD,Direct,Metro-CNC-RRL,BBlunt,July'24,FY_24-25,0.2,0.3
Metro Cash & Carry India Pvt Ltd-(DC37)-T0RD,Direct,Metro-CNC-RRL,Mamaearth,July'24,FY_24-25,1.1,2.6
Metro Cash & Carry India Pvt Ltd-(DC43)-T2YF,Direct,Metro-CNC-RRL,Mamaearth,July'24,FY_24-25,1.7,3.8
Metro Cash & Carry India Pvt Ltd-(DC43)-T2YF,Direct,Metro-CNC-RRL,The Derma Co,July'24,FY_24-25,0.0,0.1
Metro Cash & Carry India Pvt Ltd-(DC45)-T0RE,Direct,Metro-CNC-RRL,Mamaearth,July'24,FY_24-25,0.4,0.8
Metro Cash & Carry India Pvt Ltd-(DC46)-T0RC,Direct,Metro-CNC-RRL,BBlunt,July'24,FY_24-25,0.0,0.1
Metro Cash & Carry India Pvt Ltd-(DC46)-T0RC,Direct,Metro-CNC-RRL,Mamaearth,July'24,FY_24-25,1.8,3.7
Metro Cash & Carry India Pvt Ltd-(DC47)-T0SI,Direct,Metro-CNC-RRL,BBlunt,July'24,FY_24-25,0.0,0.1
Metro Cash & Carry India Pvt Ltd-(DC47)-T0SI,Direct,Metro-CNC-RRL,Mamaearth,July'24,FY_24-25,0.5,1.1
Metro Cash & Carry India Pvt Ltd-(DC48)-T0SK,Direct,Metro-CNC-RRL,Mamaearth,July'24,FY_24-25,1.3,3.0
Metro Cash & Carry India Pvt Ltd-(DC52)-T0RI,Direct,Metro-CNC-RRL,Mamaearth,July'24,FY_24-25,0.5,1.1
Metro Cash & Carry India Pvt Ltd-(DC53)-T0QV,Direct,Metro-CNC-RRL,Mamaearth,July'24,FY_24-25,1.5,3.0
Metro Cash & Carry India Pvt Ltd-(DC54)-T0QW,Direct,Metro-CNC-RRL,Mamaearth,July'24,FY_24-25,-0.4,-0.8
Metro Cash & Carry India Pvt Ltd-(DC60)-T0QS,Direct,Metro-CNC-RRL,Mamaearth,July'24,FY_24-25,-0.8,-1.4
Metro Cash & Carry India Pvt Ltd_DC33(T0SQ),Direct,Metro-CNC-RRL,Mamaearth,July'24,FY_24-25,0.5,0.9
Metro Cash & Carry India Pvt Ltd_T2FM,Direct,Metro-CNC-RRL,BBlunt,July'24,FY_24-25,0.1,0.2
Metro Cash & Carry India Pvt Ltd_T2FM,Direct,Metro-CNC-RRL,Mamaearth,July'24,FY_24-25,-1.8,-3.0
Metro Cash & Carry India Pvt Ltd_T2FM,Direct,Metro-CNC-RRL,The Derma Co,July'24,FY_24-25,0.1,0.1
Metro Cash & Carry India Pvt Ltd_T2QD,Direct,Metro-CNC-RRL,Mamaearth,July'24,FY_24-25,0.0,0.0
Metro Cash & Carry India Pvt Ltd_T3DO,Direct,Metro-CNC-RRL,Mamaearth,July'24,FY_24-25,-0.7,-1.2
Metro Cash & Carry India Pvt Ltd-T3CD,Direct,Metro-CNC-RRL,Mamaearth,July'24,FY_24-25,-1.7,-3.1
Reliance Retail Limited Ce08,Direct,Reliance Retail,Aqualogica,July'24,FY_24-25,1.2,1.9
Reliance Retail Limited Ce08,Direct,Reliance Retail,Mamaearth,July'24,FY_24-25,35.3,93.3
Reliance Retail Limited Ce08,Direct,Reliance Retail,The Derma Co,July'24,FY_24-25,0.3,0.4
Reliance Retail Limited Cf08,Direct,Reliance Retail,Aqualogica,July'24,FY_24-25,0.2,0.3
Reliance Retail Limited Cf08,Direct,Reliance Retail,Mamaearth,July'24,FY_24-25,25.0,69.8
Reliance Retail Limited Cf08,Direct,Reliance Retail,The Derma Co,July'24,FY_24-25,0.2,0.4
Reliance Retail Limited Cm08,Direct,Reliance Retail,Aqualogica,July'24,FY_24-25,0.8,1.3
Reliance Retail Limited Cm08,Direct,Reliance Retail,Mamaearth,July'24,FY_24-25,3.8,11.2
Reliance Retail Limited Cm08,Direct,Reliance Retail,The Derma Co,July'24,FY_24-25,0.6,1.0
Reliance Retail Limited Ct08,Direct,Reliance Retail,Aqualogica,July'24,FY_24-25,0.8,1.4
Reliance Retail Limited Ct08,Direct,Reliance Retail,Mamaearth,July'24,FY_24-25,9.8,24.9
Reliance Retail Limited Ct08,Direct,Reliance Retail,The Derma Co,July'24,FY_24-25,1.6,2.7
Reliance Retail Limited Ea08,Direct,Reliance Retail,Aqualogica,July'24,FY_24-25,0.2,0.3
Reliance Retail Limited Ea08,Direct,Reliance Retail,Mamaearth,July'24,FY_24-25,20.3,58.0
Reliance Retail Limited Fb08,Direct,Reliance Retail,Aqualogica,July'24,FY_24-25,0.6,0.9
Reliance Retail Limited Fb08,Direct,Reliance Retail,Mamaearth,July'24,FY_24-25,14.1,38.7
Reliance Retail Limited Fb08,Direct,Reliance Retail,The Derma Co,July'24,FY_24-25,1.2,2.0
Reliance Retail Limited Fd08,Direct,Reliance Retail,Mamaearth,July'24,FY_24-25,4.7,13.8
Reliance Retail Limited R301,Direct,Reliance Retail,Mamaearth,July'24,FY_24-25,1.6,4.2
Reliance Retail Limited R426,Direct,Reliance Retail,Mamaearth,July'24,FY_24-25,1.8,4.9
Reliance Retail Limited R468,Direct,Reliance Retail,Mamaearth,July'24,FY_24-25,3.2,7.7
Reliance Retail Limited R701,Direct,Reliance Retail,Aqualogica,July'24,FY_24-25,0.4,0.6
Reliance Retail Limited R701,Direct,Reliance Retail,Mamaearth,July'24,FY_24-25,25.6,67.2
Reliance Retail Limited R701,Direct,Reliance Retail,The Derma Co,July'24,FY_24-25,0.4,0.7
Reliance Retail Limited R703,Direct,Reliance Retail,Mamaearth,July'24,FY_24-25,2.7,7.4
Reliance Retail Limited R801,Direct,Reliance Retail,Aqualogica,July'24,FY_24-25,0.9,1.4
Reliance Retail Limited R801,Direct,Reliance Retail,Mamaearth,July'24,FY_24-25,24.4,57.9
Reliance Retail Limited R801,Direct,Reliance Retail,The Derma Co,July'24,FY_24-25,1.2,2.0
Reliance Retail Limited Sc79,Direct,Reliance Retail,Aqualogica,July'24,FY_24-25,0.5,0.8
Reliance Retail Limited Sc79,Direct,Reliance Retail,Mamaearth,July'24,FY_24-25,11.2,30.2
Reliance Retail Limited Sc79,Direct,Reliance Retail,The Derma Co,July'24,FY_24-25,0.1,0.1
Reliance Retail Limited_2364,Direct,Reliance Retail,Mamaearth,July'24,FY_24-25,0.2,0.4
Reliance Retail Limited_2995,Direct,Reliance Retail,Mamaearth,July'24,FY_24-25,0.4,0.6
Reliance Retail Limited_2996,Direct,Reliance Retail,Mamaearth,July'24,FY_24-25,0.3,0.5
Reliance Retail Limited_3210,Direct,Reliance Retail,Mamaearth,July'24,FY_24-25,0.4,0.7
Reliance Retail Limited_6209,Direct,Reliance Retail,Mamaearth,July'24,FY_24-25,0.4,0.7
Reliance Retail Limited_6221,Direct,Reliance Retail,Mamaearth,July'24,FY_24-25,0.4,0.7
Reliance Retail Limited_6717,Direct,Reliance Retail,Mamaearth,July'24,FY_24-25,0.4,0.7
Reliance Retail Limited_6719,Direct,Reliance Retail,Mamaearth,July'24,FY_24-25,0.5,0.8
Reliance Retail Limited_6722,Direct,Reliance Retail,Mamaearth,July'24,FY_24-25,0.4,0.6
Reliance Retail Limited_6727,Direct,Reliance Retail,Mamaearth,July'24,FY_24-25,0.3,0.6
Reliance Retail Limited_Cy08-Kerala,Direct,Reliance Retail,Aqualogica,July'24,FY_24-25,1.6,2.6
Reliance Retail Limited_Cy08-Kerala,Direct,Reliance Retail,Mamaearth,July'24,FY_24-25,15.4,41.3
Reliance Retail Limited_Cy08-Kerala,Direct,Reliance Retail,The Derma Co,July'24,FY_24-25,0.1,0.1
Reliance Retail Limited_FR00,Direct,Reliance Retail,Mamaearth,July'24,FY_24-25,0.5,0.8
Reliance Retail Limited_FR02,Direct,Reliance Retail,Mamaearth,July'24,FY_24-25,0.4,0.6
Reliance Retail Limited_FR03,Direct,Reliance Retail,Mamaearth,July'24,FY_24-25,0.3,0.6
Reliance Retail Limited_FR10,Direct,Reliance Retail,Mamaearth,July'24,FY_24-25,0.4,0.6
Reliance Retail Limited_FR27,Direct,Reliance Retail,Mamaearth,July'24,FY_24-25,0.3,0.5
Reliance Retail Limited_FR30,Direct,Reliance Retail,Mamaearth,July'24,FY_24-25,0.3,0.5
Reliance Retail Limited_FR60,Direct,Reliance Retail,Mamaearth,July'24,FY_24-25,0.5,0.8
Reliance Retail Limited_FR62,Direct,Reliance Retail,Mamaearth,July'24,FY_24-25,0.5,0.9
Reliance Retail Limited_FR64,Direct,Reliance Retail,Mamaearth,July'24,FY_24-25,0.5,0.8
Reliance Retail Limited_FR76,Direct,Reliance Retail,Mamaearth,July'24,FY_24-25,0.5,0.9
Reliance Retail Limited_Fr87,Direct,Reliance Retail,Aqualogica,July'24,FY_24-25,1.0,1.6
Reliance Retail Limited_Fr87,Direct,Reliance Retail,Mamaearth,July'24,FY_24-25,35.1,94.1
Reliance Retail Limited_Fr87,Direct,Reliance Retail,The Derma Co,July'24,FY_24-25,2.2,3.6
Reliance Retail Limited_Fr89,Direct,Reliance Retail,Mamaearth,July'24,FY_24-25,6.1,16.2
Reliance Retail Limited_FRAQ,Direct,Reliance Retail,Mamaearth,July'24,FY_24-25,0.5,0.8
Reliance Retail Limited_FRAT,Direct,Reliance Retail,Mamaearth,July'24,FY_24-25,0.6,0.9
Reliance Retail Limited_Fraz,Direct,Reliance Retail,Mamaearth,July'24,FY_24-25,17.6,45.5
Reliance Retail Limited_Fraz,Direct,Reliance Retail,The Derma Co,July'24,FY_24-25,1.6,2.5
Reliance Retail Limited_FRBD,Direct,Reliance Retail,Mamaearth,July'24,FY_24-25,0.3,0.5
Reliance Retail Limited_FRBR,Direct,Reliance Retail,Mamaearth,July'24,FY_24-25,0.4,0.7
Reliance Retail Limited_FRBS,Direct,Reliance Retail,Mamaearth,July'24,FY_24-25,0.4,0.6
Reliance Retail Limited_FRBW,Direct,Reliance Retail,Mamaearth,July'24,FY_24-25,0.4,0.7
Reliance Retail Limited_FRCG,Direct,Reliance Retail,Mamaearth,July'24,FY_24-25,0.3,0.6
Reliance Retail Limited_FRCH,Direct,Reliance Retail,Mamaearth,July'24,FY_24-25,0.3,0.6
Reliance Retail Limited_FRCJ,Direct,Reliance Retail,Mamaearth,July'24,FY_24-25,0.3,0.6
Reliance Retail Limited_FRCP,Direct,Reliance Retail,Aqualogica,July'24,FY_24-25,0.3,0.5
Reliance Retail Limited_FRCP,Direct,Reliance Retail,BBlunt,July'24,FY_24-25,0.2,0.3
Reliance Retail Limited_FRCP,Direct,Reliance Retail,The Derma Co,July'24,FY_24-25,0.3,0.5
Reliance Retail Limited_FRCQ,Direct,Reliance Retail,Mamaearth,July'24,FY_24-25,0.4,0.6
Reliance Retail Limited_FRCS,Direct,Reliance Retail,Mamaearth,July'24,FY_24-25,0.4,0.6
Reliance Retail Limited_FRCT,Direct,Reliance Retail,Aqualogica,July'24,FY_24-25,0.0,0.1
Reliance Retail Limited_FRCT,Direct,Reliance Retail,BBlunt,July'24,FY_24-25,0.1,0.2
Reliance Retail Limited_FRCT,Direct,Reliance Retail,Mamaearth,July'24,FY_24-25,0.5,0.8
Reliance Retail Limited_FRCT,Direct,Reliance Retail,The Derma Co,July'24,FY_24-25,0.1,0.2
Reliance Retail Limited_FRDA,Direct,Reliance Retail,Mamaearth,July'24,FY_24-25,0.3,0.6
Reliance Retail Limited_FRDB,Direct,Reliance Retail,Aqualogica,July'24,FY_24-25,0.3,0.5
Reliance Retail Limited_FRDB,Direct,Reliance Retail,BBlunt,July'24,FY_24-25,0.1,0.1
Reliance Retail Limited_FRDB,Direct,Reliance Retail,Mamaearth,July'24,FY_24-25,0.3,0.5
Reliance Retail Limited_FRDB,Direct,Reliance Retail,The Derma Co,July'24,FY_24-25,0.4,0.7
Reliance Retail Limited_FRDI,Direct,Reliance Retail,Mamaearth,July'24,FY_24-25,0.3,0.6
Reliance Retail Limited_FRDK,Direct,Reliance Retail,Aqualogica,July'24,FY_24-25,0.5,0.8
Reliance Retail Limited_FRDK,Direct,Reliance Retail,BBlunt,July'24,FY_24-25,0.0,0.1
Reliance Retail Limited_FRDK,Direct,Reliance Retail,Mamaearth,July'24,FY_24-25,0.5,0.9
Reliance Retail Limited_FRDK,Direct,Reliance Retail,The Derma Co,July'24,FY_24-25,0.5,0.9
Reliance Retail Limited_FRDL,Direct,Reliance Retail,Aqualogica,July'24,FY_24-25,0.2,0.3
Reliance Retail Limited_FRDL,Direct,Reliance Retail,BBlunt,July'24,FY_24-25,0.0,0.1
Reliance Retail Limited_FRDL,Direct,Reliance Retail,The Derma Co,July'24,FY_24-25,0.2,0.4
Reliance Retail Limited_FRDP,Direct,Reliance Retail,Mamaearth,July'24,FY_24-25,0.4,0.6
Reliance Retail Limited_FRDT,Direct,Reliance Retail,Mamaearth,July'24,FY_24-25,0.3,0.5
Reliance Retail Limited_FREM,Direct,Reliance Retail,Mamaearth,July'24,FY_24-25,0.4,0.7
Reliance Retail Limited_FRER,Direct,Reliance Retail,Mamaearth,July'24,FY_24-25,0.3,0.6
Reliance Retail Limited_FREX,Direct,Reliance Retail,Mamaearth,July'24,FY_24-25,0.3,0.6
Reliance Retail Limited_FRFA,Direct,Reliance Retail,Mamaearth,July'24,FY_24-25,0.3,0.5
Reliance Retail Limited_FRFB,Direct,Reliance Retail,Mamaearth,July'24,FY_24-25,0.6,0.9
Reliance Retail Limited_FRFD,Direct,Reliance Retail,Mamaearth,July'24,FY_24-25,0.5,0.9
Reliance Retail Limited_FRFK,Direct,Reliance Retail,Mamaearth,July'24,FY_24-25,0.4,0.6
Reliance Retail Limited_FRFR,Direct,Reliance Retail,Mamaearth,July'24,FY_24-25,0.4,0.7
Reliance Retail Limited_FRFU,Direct,Reliance Retail,Mamaearth,July'24,FY_24-25,0.5,0.8
Reliance Retail Limited_FRGC,Direct,Reliance Retail,Mamaearth,July'24,FY_24-25,0.4,0.7
Reliance Retail Limited_FRGE,Direct,Reliance Retail,Mamaearth,July'24,FY_24-25,0.5,0.9
Reliance Retail Limited_FRGF,Direct,Reliance Retail,Mamaearth,July'24,FY_24-25,0.4,0.6
Reliance Retail Limited_FRGH,Direct,Reliance Retail,Mamaearth,July'24,FY_24-25,0.5,0.9
Reliance Retail Limited_FRGK,Direct,Reliance Retail,Mamaearth,July'24,FY_24-25,0.4,0.7
Reliance Retail Limited_FRGM,Direct,Reliance Retail,Mamaearth,July'24,FY_24-25,0.5,0.8
Reliance Retail Limited_FRGW,Direct,Reliance Retail,Mamaearth,July'24,FY_24-25,0.4,0.7
Reliance Retail Limited_FRHC,Direct,Reliance Retail,Mamaearth,July'24,FY_24-25,0.3,0.6
Reliance Retail Limited_FRHF,Direct,Reliance Retail,Mamaearth,July'24,FY_24-25,0.4,0.7
Reliance Retail Limited_FRHM,Direct,Reliance Retail,Mamaearth,July'24,FY_24-25,0.4,0.6
Reliance Retail Limited_FRHR,Direct,Reliance Retail,Mamaearth,July'24,FY_24-25,0.3,0.5
Reliance Retail Limited_Frhv,Direct,Reliance Retail,Aqualogica,July'24,FY_24-25,0.8,1.3
Reliance Retail Limited_Frhv,Direct,Reliance Retail,Mamaearth,July'24,FY_24-25,22.2,64.8
Reliance Retail Limited_Frhv,Direct,Reliance Retail,The Derma Co,July'24,FY_24-25,1.4,2.2
RELIANCE RETAIL LIMITED_FRIA,Direct,Reliance Retail,Aqualogica,July'24,FY_24-25,0.2,0.3
RELIANCE RETAIL LIMITED_FRIA,Direct,Reliance Retail,Mamaearth,July'24,FY_24-25,34.5,89.9
RELIANCE RETAIL LIMITED_FRIA,Direct,Reliance Retail,The Derma Co,July'24,FY_24-25,0.1,0.1
Reliance Retail Limited_FRLF,Direct,Reliance Retail,Mamaearth,July'24,FY_24-25,0.4,0.6
Reliance Retail Limited_S0IX,Direct,Reliance Retail,Aqualogica,July'24,FY_24-25,1.7,2.8
Reliance Retail Limited_S0IX,Direct,Reliance Retail,Mamaearth,July'24,FY_24-25,12.3,30.6
Reliance Retail Limited_S0IX,Direct,Reliance Retail,The Derma Co,July'24,FY_24-25,1.6,2.5
Reliance Retail Limited_SAHO,Direct,Reliance Retail,Mamaearth,July'24,FY_24-25,5.7,15.7
Reliance Retail Limited_SAOS,Direct,Reliance Retail,Aqualogica,July'24,FY_24-25,0.4,0.7
Reliance Retail Limited_SAOS,Direct,Reliance Retail,Mamaearth,July'24,FY_24-25,15.9,38.5
Reliance Retail Limited_SAOS,Direct,Reliance Retail,The Derma Co,July'24,FY_24-25,-0.1,-0.1
Reliance Retail Limited_Sb01,Direct,Reliance Retail,Aqualogica,July'24,FY_24-25,1.1,1.8
Reliance Retail Limited_Sb01,Direct,Reliance Retail,Mamaearth,July'24,FY_24-25,16.4,43.1
Reliance Retail Limited_Sb01,Direct,Reliance Retail,The Derma Co,July'24,FY_24-25,0.6,1.0
RELIANCE RETAIL LIMITED_SF52,Direct,Reliance Retail,Mamaearth,July'24,FY_24-25,1.0,3.9
Reliance Retail Limited_Sk8I,Direct,Reliance Retail,Mamaearth,July'24,FY_24-25,5.5,14.5
Reliance Retail Limited_SL6S,Direct,Reliance Retail,Mamaearth,July'24,FY_24-25,7.9,20.1
Reliance Retail Limited_T62I,Direct,Reliance Retail,Mamaearth,July'24,FY_24-25,0.5,0.9
Reliance Retail Limited_T913,Direct,Reliance Retail,Aqualogica,July'24,FY_24-25,0.2,0.4
Reliance Retail Limited_T913,Direct,Reliance Retail,BBlunt,July'24,FY_24-25,0.0,0.1
Reliance Retail Limited_T913,Direct,Reliance Retail,Mamaearth,July'24,FY_24-25,0.3,0.4
Reliance Retail Limited_T913,Direct,Reliance Retail,The Derma Co,July'24,FY_24-25,0.2,0.3
Reliance Retail Limited_T946,Direct,Reliance Retail,Mamaearth,July'24,FY_24-25,0.3,0.5
Reliance Retail Limited_TB15,Direct,Reliance Retail,Mamaearth,July'24,FY_24-25,0.3,0.5
Reliance Retail Limited_TCE7,Direct,Reliance Retail,Mamaearth,July'24,FY_24-25,0.4,0.7
Reliance Retail Limited_TDC7,Direct,Reliance Retail,Mamaearth,July'24,FY_24-25,0.4,0.7
Reliance Retail Limited_TDE3,Direct,Reliance Retail,Mamaearth,July'24,FY_24-25,0.5,0.9
Reliance Retail Limited_TE57,Direct,Reliance Retail,Mamaearth,July'24,FY_24-25,0.3,0.5
Reliance Retail Limited_TFY8,Direct,Reliance Retail,Mamaearth,July'24,FY_24-25,0.3,0.5
Reliance Retail Limited_TG87,Direct,Reliance Retail,Mamaearth,July'24,FY_24-25,0.5,0.8
Reliance Retail Limited_TH94,Direct,Reliance Retail,Mamaearth,July'24,FY_24-25,0.3,0.6
Reliance Retail Limited_TI77,Direct,Reliance Retail,Mamaearth,July'24,FY_24-25,0.3,0.5
Reliance Retail Limited_TK48,Direct,Reliance Retail,Mamaearth,July'24,FY_24-25,0.4,0.6
Reliance Retail Limited_TMW7,Direct,Reliance Retail,Mamaearth,July'24,FY_24-25,0.4,0.6
Reliance Retail Limited_TMZ5,Direct,Reliance Retail,Mamaearth,July'24,FY_24-25,0.4,0.7
Reliance Retail Limited_TN55,Direct,Reliance Retail,Mamaearth,July'24,FY_24-25,0.4,0.7
Reliance Retail Limited_TN56,Direct,Reliance Retail,Mamaearth,July'24,FY_24-25,0.4,0.7
Reliance Retail Limited_TNC1,Direct,Reliance Retail,Mamaearth,July'24,FY_24-25,0.4,0.7
Reliance Retail Limited_TNC6,Direct,Reliance Retail,Mamaearth,July'24,FY_24-25,0.4,0.7
Reliance Retail Limited_TNC8,Direct,Reliance Retail,Mamaearth,July'24,FY_24-25,0.4,0.6
Reliance Retail Limited_TND0,Direct,Reliance Retail,Mamaearth,July'24,FY_24-25,0.5,0.8
Reliance Retail Limited_TNE3,Direct,Reliance Retail,Mamaearth,July'24,FY_24-25,0.4,0.6
Reliance Retail Limited_TNP8,Direct,Reliance Retail,Mamaearth,July'24,FY_24-25,0.5,0.8
Reliance Retail Limited_TO20,Direct,Reliance Retail,Mamaearth,July'24,FY_24-25,0.3,0.5
Reliance Retail Limited_TOJ6,Direct,Reliance Retail,Mamaearth,July'24,FY_24-25,0.3,0.5
Reliance Retail Limited_TP05,Direct,Reliance Retail,Mamaearth,July'24,FY_24-25,0.3,0.6
Reliance Retail Limited_TP75,Direct,Reliance Retail,Mamaearth,July'24,FY_24-25,0.3,0.5
Reliance Retail Limited_TP76,Direct,Reliance Retail,Mamaearth,July'24,FY_24-25,0.4,0.6
Reliance Retail Limited_TQ21,Direct,Reliance Retail,Mamaearth,July'24,FY_24-25,0.3,0.5
Reliance Retail Limited_TQ22,Direct,Reliance Retail,Mamaearth,July'24,FY_24-25,0.4,0.7
Reliance Retail Limited_TU21,Direct,Reliance Retail,Mamaearth,July'24,FY_24-25,0.3,0.5
Reliance Retail Limited_TW60,Direct,Reliance Retail,Mamaearth,July'24,FY_24-25,0.4,0.7
Reliance Retail Limited_TY87,Direct,Reliance Retail,Mamaearth,July'24,FY_24-25,0.3,0.5
Reliance Retail Limited-2956,Direct,Reliance Retail,Mamaearth,July'24,FY_24-25,0.5,0.8
Reliance Retail Limited-6202,Direct,Reliance Retail,Aqualogica,July'24,FY_24-25,0.0,0.0
Reliance Retail Limited-6202,Direct,Reliance Retail,BBlunt,July'24,FY_24-25,0.0,0.1
Reliance Retail Limited-6202,Direct,Reliance Retail,Mamaearth,July'24,FY_24-25,0.5,0.8
Reliance Retail Limited-6202,Direct,Reliance Retail,The Derma Co,July'24,FY_24-25,0.1,0.1
Reliance Retail Limited-6205,Direct,Reliance Retail,Aqualogica,July'24,FY_24-25,0.2,0.3
Reliance Retail Limited-6205,Direct,Reliance Retail,Mamaearth,July'24,FY_24-25,0.5,0.8
Reliance Retail Limited-6205,Direct,Reliance Retail,The Derma Co,July'24,FY_24-25,0.3,0.5
Reliance Retail Limited-6206,Direct,Reliance Retail,Mamaearth,July'24,FY_24-25,0.5,0.8
Reliance Retail Limited-6208,Direct,Reliance Retail,Mamaearth,July'24,FY_24-25,0.5,0.8
Reliance Retail Limited-6210,Direct,Reliance Retail,Mamaearth,July'24,FY_24-25,0.4,0.7
Reliance Retail Limited-6217,Direct,Reliance Retail,Mamaearth,July'24,FY_24-25,0.7,1.3
Reliance Retail Limited-6219,Direct,Reliance Retail,Mamaearth,July'24,FY_24-25,0.4,0.7
Reliance Retail Limited-6220,Direct,Reliance Retail,Aqualogica,July'24,FY_24-25,0.4,0.7
Reliance Retail Limited-6220,Direct,Reliance Retail,Mamaearth,July'24,FY_24-25,0.3,0.6
Reliance Retail Limited-6225,Direct,Reliance Retail,Mamaearth,July'24,FY_24-25,0.4,0.6
Reliance Retail Limited-6239,Direct,Reliance Retail,Aqualogica,July'24,FY_24-25,0.0,0.1
Reliance Retail Limited-6239,Direct,Reliance Retail,Mamaearth,July'24,FY_24-25,0.6,1.0
Reliance Retail Limited-6239,Direct,Reliance Retail,The Derma Co,July'24,FY_24-25,0.1,0.1
RELIANCE RETAIL LIMITED-Badli,Direct,Reliance Retail,Aqualogica,July'24,FY_24-25,0.3,0.4
RELIANCE RETAIL LIMITED-Badli,Direct,Reliance Retail,Mamaearth,July'24,FY_24-25,18.2,46.4
RELIANCE RETAIL LIMITED-Badli,Direct,Reliance Retail,The Derma Co,July'24,FY_24-25,1.1,1.8
Reliance Retail Limited-FR04,Direct,Reliance Retail,Mamaearth,July'24,FY_24-25,0.3,0.6
Reliance Retail Limited-FR08,Direct,Reliance Retail,Mamaearth,July'24,FY_24-25,0.4,0.7
Reliance Retail Limited-FR15,Direct,Reliance Retail,Mamaearth,July'24,FY_24-25,0.4,0.6
Reliance Retail Limited-FR22,Direct,Reliance Retail,Mamaearth,July'24,FY_24-25,0.4,0.6
Reliance Retail Limited-FR45,Direct,Reliance Retail,Aqualogica,July'24,FY_24-25,1.0,1.7
Reliance Retail Limited-FR45,Direct,Reliance Retail,BBlunt,July'24,FY_24-25,0.3,0.5
Reliance Retail Limited-FR45,Direct,Reliance Retail,The Derma Co,July'24,FY_24-25,0.9,1.4
Reliance Retail Limited-FR63,Direct,Reliance Retail,Mamaearth,July'24,FY_24-25,0.4,0.7
Reliance Retail Limited-FR73,Direct,Reliance Retail,Mamaearth,July'24,FY_24-25,0.6,0.9
Reliance Retail Limited-FRAR,Direct,Reliance Retail,Mamaearth,July'24,FY_24-25,0.5,0.9
Reliance Retail Limited-FRAU,Direct,Reliance Retail,Mamaearth,July'24,FY_24-25,0.5,0.8
Reliance Retail Limited-FRCA,Direct,Reliance Retail,Mamaearth,July'24,FY_24-25,0.4,0.7
Reliance Retail Limited-FRCB,Direct,Reliance Retail,Mamaearth,July'24,FY_24-25,0.4,0.7
Reliance Retail Limited-FRCC,Direct,Reliance Retail,Mamaearth,July'24,FY_24-25,0.3,0.5
Reliance Retail Limited-FRCF,Direct,Reliance Retail,Mamaearth,July'24,FY_24-25,0.3,0.5
Reliance Retail Limited-FRCK,Direct,Reliance Retail,Mamaearth,July'24,FY_24-25,0.4,0.7
Reliance Retail Limited-FRCO,Direct,Reliance Retail,Mamaearth,July'24,FY_24-25,0.4,0.7
Reliance Retail Limited-FRCX,Direct,Reliance Retail,Aqualogica,July'24,FY_24-25,0.2,0.3
Reliance Retail Limited-FRCX,Direct,Reliance Retail,Mamaearth,July'24,FY_24-25,0.6,1.0
Reliance Retail Limited-FRCX,Direct,Reliance Retail,The Derma Co,July'24,FY_24-25,0.3,0.5
Reliance Retail Limited-FRDF,Direct,Reliance Retail,Mamaearth,July'24,FY_24-25,0.3,0.6
Reliance Retail Limited-FRDY,Direct,Reliance Retail,Mamaearth,July'24,FY_24-25,0.6,0.9
Reliance Retail Limited-FRDZ,Direct,Reliance Retail,Mamaearth,July'24,FY_24-25,0.5,0.8
Reliance Retail Limited-FREB,Direct,Reliance Retail,Mamaearth,July'24,FY_24-25,0.6,1.1
RELIANCE RETAIL LIMITED-FREC,Direct,Reliance Retail,Aqualogica,July'24,FY_24-25,0.2,0.3
RELIANCE RETAIL LIMITED-FREC,Direct,Reliance Retail,Mamaearth,July'24,FY_24-25,33.0,83.9
RELIANCE RETAIL LIMITED-FREC,Direct,Reliance Retail,The Derma Co,July'24,FY_24-25,-0.3,-0.4
RELIANCE RETAIL LIMITED-FREF,Direct,Reliance Retail,Mamaearth,July'24,FY_24-25,10.9,29.7
RELIANCE RETAIL LIMITED-FREI,Direct,Reliance Retail,Mamaearth,July'24,FY_24-25,1.9,4.0
Reliance Retail Limited-FRFC,Direct,Reliance Retail,Mamaearth,July'24,FY_24-25,0.5,0.9
Reliance Retail Limited-FRFH,Direct,Reliance Retail,Mamaearth,July'24,FY_24-25,0.6,0.9
Reliance Retail Limited-FRGS,Direct,Reliance Retail,Mamaearth,July'24,FY_24-25,0.5,0.8
Reliance Retail Limited-FRHK,Direct,Reliance Retail,Mamaearth,July'24,FY_24-25,0.6,0.9
Reliance Retail Limited-FRHT,Direct,Reliance Retail,Mamaearth,July'24,FY_24-25,0.5,0.8
Reliance Retail Limited-S0GK,Direct,Reliance Retail,Mamaearth,July'24,FY_24-25,10.6,28.4
Reliance Retail Limited-S0IL,Direct,Reliance Retail,Mamaearth,July'24,FY_24-25,2.4,5.6
Reliance Retail Limited-S0KN,Direct,Reliance Retail,Aqualogica,July'24,FY_24-25,0.5,0.7
Reliance Retail Limited-S0KN,Direct,Reliance Retail,Mamaearth,July'24,FY_24-25,10.2,26.0
Reliance Retail Limited-S0KN,Direct,Reliance Retail,The Derma Co,July'24,FY_24-25,1.2,2.0
Reliance Retail Limited-SAAH,Direct,Reliance Retail,Aqualogica,July'24,FY_24-25,0.2,0.3
Reliance Retail Limited-SAAH,Direct,Reliance Retail,Mamaearth,July'24,FY_24-25,24.1,67.2
Reliance Retail Limited-SAAH,Direct,Reliance Retail,The Derma Co,July'24,FY_24-25,0.1,0.1
RELIANCE RETAIL LIMITED-SF92,Direct,Reliance Retail,Aqualogica,July'24,FY_24-25,1.5,2.4
RELIANCE RETAIL LIMITED-SF92,Direct,Reliance Retail,Mamaearth,July'24,FY_24-25,46.8,119.2
RELIANCE RETAIL LIMITED-SF92,Direct,Reliance Retail,The Derma Co,July'24,FY_24-25,0.2,0.3
RELIANCE RETAIL LIMITED-SH65,Direct,Reliance Retail,Aqualogica,July'24,FY_24-25,0.4,0.7
RELIANCE RETAIL LIMITED-SH65,Direct,Reliance Retail,Mamaearth,July'24,FY_24-25,21.9,54.5
RELIANCE RETAIL LIMITED-SH65,Direct,Reliance Retail,The Derma Co,July'24,FY_24-25,0.5,0.8
RELIANCE RETAIL LIMITED-SH69,Direct,Reliance Retail,Mamaearth,July'24,FY_24-25,13.6,34.5
RELIANCE RETAIL LIMITED-SH69,Direct,Reliance Retail,The Derma Co,July'24,FY_24-25,0.2,0.3
RELIANCE RETAIL LIMITED-SH71,Direct,Reliance Retail,Aqualogica,July'24,FY_24-25,0.8,1.3
RELIANCE RETAIL LIMITED-SH71,Direct,Reliance Retail,Mamaearth,July'24,FY_24-25,18.6,45.0
RELIANCE RETAIL LIMITED-SH71,Direct,Reliance Retail,The Derma Co,July'24,FY_24-25,1.6,2.7
Reliance Retail Limited-SH77,Direct,Reliance Retail,Mamaearth,July'24,FY_24-25,6.0,17.8
Reliance Retail Limited-SK6I,Direct,Reliance Retail,Aqualogica,July'24,FY_24-25,0.2,0.3
Reliance Retail Limited-SK6I,Direct,Reliance Retail,Mamaearth,July'24,FY_24-25,9.5,25.2
Reliance Retail Limited-SLET,Direct,Reliance Retail,Mamaearth,July'24,FY_24-25,6.2,17.3
Reliance Retail Limited-SLG3,Direct,Reliance Retail,Aqualogica,July'24,FY_24-25,1.4,2.2
Reliance Retail Limited-SLG3,Direct,Reliance Retail,Mamaearth,July'24,FY_24-25,18.2,43.8
Reliance Retail Limited-SLG3,Direct,Reliance Retail,The Derma Co,July'24,FY_24-25,2.1,3.4
RELIANCE RETAIL LIMITED-SLIG,Direct,Reliance Retail,Aqualogica,July'24,FY_24-25,1.3,2.1
RELIANCE RETAIL LIMITED-SLIG,Direct,Reliance Retail,Mamaearth,July'24,FY_24-25,28.6,76.4
RELIANCE RETAIL LIMITED-SLIG,Direct,Reliance Retail,The Derma Co,July'24,FY_24-25,1.1,1.8
RELIANCE RETAIL LIMITED-SLII,Direct,Reliance Retail,Mamaearth,July'24,FY_24-25,4.1,11.5
Reliance Retail Limited-Slmr,Direct,Reliance Retail,Mamaearth,July'24,FY_24-25,8.6,21.9
Reliance Retail Limited-SLS1,Direct,Reliance Retail,Aqualogica,July'24,FY_24-25,0.6,0.9
Reliance Retail Limited-SLS1,Direct,Reliance Retail,Mamaearth,July'24,FY_24-25,15.6,38.7
Reliance Retail Limited-SLS1,Direct,Reliance Retail,The Derma Co,July'24,FY_24-25,0.0,0.0
Reliance Retail Limited-SLS2,Direct,Reliance Retail,Mamaearth,July'24,FY_24-25,2.7,7.5
Reliance Retail Limited-SN1U,Direct,Reliance Retail,Mamaearth,July'24,FY_24-25,7.9,20.6
Reliance Retail Limited-SP9K,Direct,Reliance Retail,Aqualogica,July'24,FY_24-25,0.2,0.3
Reliance Retail Limited-SP9K,Direct,Reliance Retail,Mamaearth,July'24,FY_24-25,5.6,15.1
Reliance Retail Limited-T2DI,Direct,Reliance Retail,Aqualogica,July'24,FY_24-25,0.5,0.8
Reliance Retail Limited-T2DI,Direct,Reliance Retail,BBlunt,July'24,FY_24-25,0.3,0.5
Reliance Retail Limited-T2DI,Direct,Reliance Retail,The Derma Co,July'24,FY_24-25,0.6,1.0
Reliance Retail Limited-T84L,Direct,Reliance Retail,Mamaearth,July'24,FY_24-25,0.4,0.7
Reliance Retail Limited-T915,Direct,Reliance Retail,Mamaearth,July'24,FY_24-25,0.2,0.3
Reliance Retail Limited-TA36,Direct,Reliance Retail,Aqualogica,July'24,FY_24-25,0.5,0.8
Reliance Retail Limited-TA36,Direct,Reliance Retail,BBlunt,July'24,FY_24-25,0.1,0.2
Reliance Retail Limited-TA36,Direct,Reliance Retail,The Derma Co,July'24,FY_24-25,0.6,0.9
Reliance Retail Limited-TAFW,Direct,Reliance Retail,Mamaearth,July'24,FY_24-25,0.4,0.8
Reliance Retail Limited-TAUX,Direct,Reliance Retail,Mamaearth,July'24,FY_24-25,0.4,0.7
Reliance Retail Limited-TH93,Direct,Reliance Retail,Mamaearth,July'24,FY_24-25,0.5,0.9
Reliance Retail Limited-TIU6,Direct,Reliance Retail,Mamaearth,July'24,FY_24-25,0.4,0.6
Reliance Retail Limited-TL30,Direct,Reliance Retail,Aqualogica,July'24,FY_24-25,0.0,0.0
Reliance Retail Limited-TL30,Direct,Reliance Retail,Mamaearth,July'24,FY_24-25,0.3,0.4
Reliance Retail Limited-Tna8,Direct,Reliance Retail,Mamaearth,July'24,FY_24-25,0.4,0.7
Reliance Retail Limited-TNB5,Direct,Reliance Retail,Mamaearth,July'24,FY_24-25,0.5,0.8
Reliance Retail Limited-TNC2,Direct,Reliance Retail,Aqualogica,July'24,FY_24-25,0.6,0.9
Reliance Retail Limited-TNC2,Direct,Reliance Retail,BBlunt,July'24,FY_24-25,0.4,0.7
Reliance Retail Limited-TNC2,Direct,Reliance Retail,The Derma Co,July'24,FY_24-25,0.9,1.4
Reliance Retail Limited-TNC7,Direct,Reliance Retail,Aqualogica,July'24,FY_24-25,0.0,0.1
Reliance Retail Limited-TNC7,Direct,Reliance Retail,BBlunt,July'24,FY_24-25,0.3,0.4
Reliance Retail Limited-TNC7,Direct,Reliance Retail,Mamaearth,July'24,FY_24-25,0.5,0.8
Reliance Retail Limited-TNC7,Direct,Reliance Retail,The Derma Co,July'24,FY_24-25,0.3,0.5
Reliance Retail Limited-TND1,Direct,Reliance Retail,Mamaearth,July'24,FY_24-25,0.4,0.7
Reliance Retail Limited-TND2,Direct,Reliance Retail,Aqualogica,July'24,FY_24-25,0.6,0.9
Reliance Retail Limited-TND2,Direct,Reliance Retail,BBlunt,July'24,FY_24-25,0.4,0.7
Reliance Retail Limited-TND2,Direct,Reliance Retail,The Derma Co,July'24,FY_24-25,0.9,1.5
Reliance Retail Limited-Tnd5,Direct,Reliance Retail,Mamaearth,July'24,FY_24-25,0.5,0.8
Reliance Retail Limited-TW11,Direct,Reliance Retail,Mamaearth,July'24,FY_24-25,0.3,0.5
Reliance Retail Limited-TZL5,Direct,Reliance Retail,Mamaearth,July'24,FY_24-25,0.4,0.7
Reliance Retail Limited-ZZI0-B,Direct,Reliance Retail,Mamaearth,July'24,FY_24-25,1.2,2.6
Reliance Retail Ltd _Madhavaram- TNB8,Direct,Reliance Retail,Mamaearth,July'24,FY_24-25,0.4,0.7
Reliance Retail Ltd _Mysore_2994,Direct,Reliance Retail,Mamaearth,July'24,FY_24-25,0.4,0.6
Reliance Retail Ltd _RAJAJI NAGAR- FR49,Direct,Reliance Retail,Aqualogica,July'24,FY_24-25,0.5,0.7
Reliance Retail Ltd _RAJAJI NAGAR- FR49,Direct,Reliance Retail,BBlunt,July'24,FY_24-25,0.1,0.1
Reliance Retail Ltd _RAJAJI NAGAR- FR49,Direct,Reliance Retail,Mamaearth,July'24,FY_24-25,0.3,0.6
Reliance Retail Ltd _RAJAJI NAGAR- FR49,Direct,Reliance Retail,The Derma Co,July'24,FY_24-25,0.4,0.7
Reliance Retail Ltd_Davanagere- TNC0,Direct,Reliance Retail,Mamaearth,July'24,FY_24-25,0.4,0.7
Reliance Retail Ltd_Hubballi_2997,Direct,Reliance Retail,Mamaearth,July'24,FY_24-25,0.4,0.7
Reliance Retail Ltd_Nagercoil- 3338,Direct,Reliance Retail,Mamaearth,July'24,FY_24-25,0.5,0.8
RELIANCE RETAIL Ltd-SK6C,Direct,Reliance Retail,Aqualogica,July'24,FY_24-25,1.2,1.9
RELIANCE RETAIL Ltd-SK6C,Direct,Reliance Retail,Mamaearth,July'24,FY_24-25,22.2,56.4
RELIANCE RETAIL Ltd-SK6C,Direct,Reliance Retail,The Derma Co,July'24,FY_24-25,0.1,0.1
RELIANCE RETAIL Ltd-SLEW,Direct,Reliance Retail,Aqualogica,July'24,FY_24-25,2.0,3.2
RELIANCE RETAIL Ltd-SLEW,Direct,Reliance Retail,Mamaearth,July'24,FY_24-25,17.4,46.6
RELIANCE RETAIL Ltd-SLEW,Direct,Reliance Retail,The Derma Co,July'24,FY_24-25,0.6,1.0
Travel News Services India Pvt Ltd(Wb),Direct,WH-Smith,Aqualogica,July'24,FY_24-25,0.0,0.1
Travel News Services India Pvt Ltd(Wb),Direct,WH-Smith,Mamaearth,July'24,FY_24-25,0.5,0.9
Travel Retail Services Pvt Ltd_Blr,Direct,Relay,Mamaearth,July'24,FY_24-25,0.2,0.5
Travel Retail Services Pvt Ltd_Blr,Direct,Relay,The Derma Co,July'24,FY_24-25,0.1,0.1
Trent Hypermarket Private Limited_Blr,Direct,Trent,Mamaearth,July'24,FY_24-25,0.9,1.6
Trent Hypermarket Private Limited_Mah,Direct,Trent,Mamaearth,July'24,FY_24-25,3.3,5.6
Wal-Mart India Private Limited 4702,Direct,Walmart CNC,Mamaearth,July'24,FY_24-25,0.5,1.1
Wal-Mart India Private Limited 4703,Direct,Walmart CNC,Mamaearth,July'24,FY_24-25,1.8,3.5
Wal-Mart India Private Limited 4706,Direct,Walmart CNC,Mamaearth,July'24,FY_24-25,0.9,1.7
Wal-Mart India Private Limited 4712,Direct,Walmart CNC,Mamaearth,July'24,FY_24-25,0.8,1.5
Wal-Mart India Private Limited 4713,Direct,Walmart CNC,Mamaearth,July'24,FY_24-25,0.8,1.5
Wal-Mart India Private Limited 4716,Direct,Walmart CNC,Mamaearth,July'24,FY_24-25,2.0,3.7
Wal-Mart India Private Limited 4717,Direct,Walmart CNC,Mamaearth,July'24,FY_24-25,0.1,0.1
Wal-Mart India Private Limited 4719,Direct,Walmart CNC,Mamaearth,July'24,FY_24-25,2.1,4.0
Wal-Mart India Private Limited 4720,Direct,Walmart CNC,Mamaearth,July'24,FY_24-25,1.2,2.4
Wal-Mart India Private Limited 4723,Direct,Walmart CNC,Mamaearth,July'24,FY_24-25,0.6,1.2
Wal-Mart India Private Limited 4724,Direct,Walmart CNC,Mamaearth,July'24,FY_24-25,0.6,1.2
Wal-Mart India Private Limited 4725,Direct,Walmart CNC,Mamaearth,July'24,FY_24-25,0.6,1.2
Wal-Mart India Private Limited 4727,Direct,Walmart CNC,Mamaearth,July'24,FY_24-25,1.7,3.3
Wal-Mart India Private Limited 4729,Direct,Walmart CNC,Mamaearth,July'24,FY_24-25,0.5,0.9
Wal-Mart India Private Limited 4734,Direct,Walmart CNC,Mamaearth,July'24,FY_24-25,1.0,2.0
Wal-Mart India Private Limited 4742,Direct,Walmart CNC,Mamaearth,July'24,FY_24-25,0.1,0.1
Wal-Mart India Private Limited 4744,Direct,Walmart CNC,Mamaearth,July'24,FY_24-25,0.3,0.6
Wal-Mart India Private Limited 4760,Direct,Walmart CNC,Mamaearth,July'24,FY_24-25,1.2,2.4
Wal-Mart India Private Limited 4797,Direct,Walmart CNC,Mamaearth,July'24,FY_24-25,1.4,2.6
Wal-Mart India Private Limited 4799,Direct,Walmart CNC,Mamaearth,July'24,FY_24-25,1.3,2.4
Wal-Mart India Private Limited 4801,Direct,Walmart CNC,Mamaearth,July'24,FY_24-25,0.3,0.6
Wal-Mart India Private Limited 4803,Direct,Walmart CNC,Mamaearth,July'24,FY_24-25,0.2,0.3
Wal-Mart India Private Limited 4805,Direct,Walmart CNC,Mamaearth,July'24,FY_24-25,1.2,2.3
Wal-Mart India Private Limited 4814,Direct,Walmart CNC,Mamaearth,July'24,FY_24-25,0.8,1.5
Wellness Forever Medicare Pvt Ltd,Direct,Wellness Forever,Aqualogica,July'24,FY_24-25,2.1,3.6
Wellness Forever Medicare Pvt Ltd,Direct,Wellness Forever,BBlunt,July'24,FY_24-25,1.8,2.7
Wellness Forever Medicare Pvt Ltd,Direct,Wellness Forever,Mamaearth,July'24,FY_24-25,35.2,59.2
Wellness Forever Medicare Pvt Ltd,Direct,Wellness Forever,The Derma Co,July'24,FY_24-25,42.7,71.9
Aggarwal Associates,Dist.,VMM,Mamaearth,July'24,FY_24-25,24.7,55.0
Arc Foods And Beverages_Mt_H&G,Dist.,H&G,Aqualogica,July'24,FY_24-25,0.6,1.1
Arc Foods And Beverages_Mt_H&G,Dist.,Apollo Healthco,Aqualogica,July'24,FY_24-25,0.0,0.1
Arc Foods And Beverages_Mt_H&G,Dist.,H&G,BBlunt,July'24,FY_24-25,1.4,2.2
Arc Foods And Beverages_Mt_H&G,Dist.,Apollo Healthco,Mamaearth,July'24,FY_24-25,2.9,5.4
Arc Foods And Beverages_Mt_H&G,Dist.,H&G,Mamaearth,July'24,FY_24-25,4.1,7.5
Arc Foods And Beverages_Mt_H&G,Dist.,H&G,The Derma Co,July'24,FY_24-25,1.8,3.3
Arc Foods And Beverages_Mt_H&G,Dist.,Apollo Healthco,The Derma Co,July'24,FY_24-25,0.1,0.3
Az Enterprises(Apollo/More)Mt,Dist.,Apollo Healthco,Aqualogica,July'24,FY_24-25,0.0,0.1
Az Enterprises(Apollo/More)Mt,Dist.,H&G,Aqualogica,July'24,FY_24-25,1.5,2.5
Az Enterprises(Apollo/More)Mt,Dist.,H&G,BBlunt,July'24,FY_24-25,2.4,4.3
Az Enterprises(Apollo/More)Mt,Dist.,B&N,BBlunt,July'24,FY_24-25,0.4,0.8
Az Enterprises(Apollo/More)Mt,Dist.,Apollo Healthco,Mamaearth,July'24,FY_24-25,22.5,44.1
Az Enterprises(Apollo/More)Mt,Dist.,Lulu,Mamaearth,July'24,FY_24-25,1.5,2.9
Az Enterprises(Apollo/More)Mt,Dist.,VMM,Mamaearth,July'24,FY_24-25,5.4,10.6
Az Enterprises(Apollo/More)Mt,Dist.,Frankross,Mamaearth,July'24,FY_24-25,0.1,0.2
Az Enterprises(Apollo/More)Mt,Dist.,Max Hyper,Mamaearth,July'24,FY_24-25,0.5,1.0
Az Enterprises(Apollo/More)Mt,Dist.,H&G,Mamaearth,July'24,FY_24-25,5.6,11.0
Az Enterprises(Apollo/More)Mt,Dist.,B&N,Mamaearth,July'24,FY_24-25,0.1,0.2
Az Enterprises(Apollo/More)Mt,Dist.,More Retail,Mamaearth,July'24,FY_24-25,2.9,5.7
Az Enterprises(Apollo/More)Mt,Dist.,Apollo Healthco,The Derma Co,July'24,FY_24-25,1.0,1.7
Az Enterprises(Apollo/More)Mt,Dist.,Lulu,The Derma Co,July'24,FY_24-25,0.6,1.0
Az Enterprises(Apollo/More)Mt,Dist.,H&G,The Derma Co,July'24,FY_24-25,6.2,10.4
Az Enterprises(Apollo/More)Mt,Dist.,B&N,The Derma Co,July'24,FY_24-25,0.1,0.2
Babys World_Mt,Dist.,More Retail,Mamaearth,July'24,FY_24-25,0.0,-0.1
Babys World_Mt,Dist.,Apollo Healthco,Mamaearth,July'24,FY_24-25,-0.2,-0.3
Babys World_Mt,Dist.,H&G,Mamaearth,July'24,FY_24-25,0.0,0.0
Babys World_Mt,Dist.,Spencer,Mamaearth,July'24,FY_24-25,-0.2,-0.3
BALAJI ASSOCIATES Distributor MT,Dist.,VMM,Mamaearth,July'24,FY_24-25,17.1,42.7
Chhabra Traders,Dist.,VMM,Mamaearth,July'24,FY_24-25,16.9,34.0
D.L. Sales - MT,Dist.,Reliance Retail,Aqualogica,July'24,FY_24-25,0.0,0.1
D.L. Sales - MT,Dist.,Arambagh,Mamaearth,July'24,FY_24-25,0.8,1.8
D.L. Sales - MT,Dist.,V-Mart,Mamaearth,July'24,FY_24-25,1.4,3.2
D.L. Sales - MT,Dist.,Frankross,Mamaearth,July'24,FY_24-25,0.2,0.4
D.L. Sales - MT,Dist.,VMM,Mamaearth,July'24,FY_24-25,2.0,4.5
D.L. Sales - MT,Dist.,Reliance Retail,The Derma Co,July'24,FY_24-25,0.0,0.3
G.V Enterprises,Dist.,Apollo Healthco,Mamaearth,July'24,FY_24-25,5.0,11.2
G.V Enterprises,Dist.,D-Mart,Mamaearth,July'24,FY_24-25,58.9,131.6
G.V Enterprises,Dist.,Lulu,Mamaearth,July'24,FY_24-25,5.0,11.2
G.V Enterprises,Dist.,Pothys,Mamaearth,July'24,FY_24-25,6.6,14.7
Ganapati Distributor MT,Dist.,Reliance Retail,Aqualogica,July'24,FY_24-25,0.0,0.0
Ganapati Distributor MT,Dist.,V-Mart,Mamaearth,July'24,FY_24-25,2.1,4.8
Ganapati Distributor MT,Dist.,Apollo Healthco,Mamaearth,July'24,FY_24-25,1.9,4.2
Ganapati Distributor MT,Dist.,VMM,Mamaearth,July'24,FY_24-25,4.1,9.2
Ganapati Distributor MT,Dist.,Reliance Retail,The Derma Co,July'24,FY_24-25,0.0,0.0
JB Pharma_MT,Dist.,Reliance Retail,Aqualogica,July'24,FY_24-25,0.0,0.1
JB Pharma_MT,Dist.,VMM,Mamaearth,July'24,FY_24-25,-0.3,1.4
JB Pharma_MT,Dist.,Reliance Retail,The Derma Co,July'24,FY_24-25,0.0,0.1
JUST MARK-Dmart,Dist.,D-Mart,Mamaearth,July'24,FY_24-25,71.9,179.8
Kiran Trading Co- Dmart,Dist.,D-Mart,Mamaearth,July'24,FY_24-25,11.3,26.8
Kiran Trading Company_Ship to,Dist.,D-Mart,Mamaearth,July'24,FY_24-25,44.1,118.0
M/S KOTTARAM BUSINESS CORPORATION-MT,Dist.,H&G,Aqualogica,July'24,FY_24-25,0.2,0.3
M/S KOTTARAM BUSINESS CORPORATION-MT,Dist.,Lulu,Aqualogica,July'24,FY_24-25,0.6,1.2
M/S KOTTARAM BUSINESS CORPORATION-MT,Dist.,H&G,BBlunt,July'24,FY_24-25,0.0,0.0
M/S KOTTARAM BUSINESS CORPORATION-MT,Dist.,H&G,Mamaearth,July'24,FY_24-25,0.4,0.8
M/S KOTTARAM BUSINESS CORPORATION-MT,Dist.,Lulu,Mamaearth,July'24,FY_24-25,13.4,24.6
M/S KOTTARAM BUSINESS CORPORATION-MT,Dist.,Apollo Healthco,Mamaearth,July'24,FY_24-25,1.8,3.2
M/S KOTTARAM BUSINESS CORPORATION-MT,Dist.,Apollo Healthco,The Derma Co,July'24,FY_24-25,0.2,0.4
M/S KOTTARAM BUSINESS CORPORATION-MT,Dist.,H&G,The Derma Co,July'24,FY_24-25,0.2,0.5
M/S KOTTARAM BUSINESS CORPORATION-MT,Dist.,Lulu,The Derma Co,July'24,FY_24-25,0.8,1.6
MARK ENTERPRISE,Dist.,Apollo Healthco,Mamaearth,July'24,FY_24-25,4.4,8.1
PRAGATI SALES-D-MART,Dist.,D-Mart,Mamaearth,July'24,FY_24-25,22.9,57.8
R.D. Enterprises,Dist.,Spencer,Mamaearth,July'24,FY_24-25,-0.2,-0.4
R.D. Enterprises,Dist.,Lulu,Mamaearth,July'24,FY_24-25,-0.3,-0.5
S M AGENCIES_MT,Dist.,Grace Super MKT,Mamaearth,July'24,FY_24-25,0.7,1.3
S M AGENCIES_MT,Dist.,Pothys,Mamaearth,July'24,FY_24-25,0.3,0.6
S M AGENCIES_MT,Dist.,B&N,Mamaearth,July'24,FY_24-25,0.1,0.1
S M AGENCIES_MT,Dist.,Sarvana,Mamaearth,July'24,FY_24-25,2.5,4.6
Sancus Networks Private Limited-RMT,Dist.,RMT-Sancus,Aqualogica,July'24,FY_24-25,0.1,0.3
Sancus Networks Private Limited-RMT,Dist.,RMT-Sancus,BBlunt,July'24,FY_24-25,0.8,1.4
Sancus Networks Private Limited-RMT,Dist.,RMT-Sancus,Mamaearth,July'24,FY_24-25,8.4,21.8
Sancus Networks Private Limited-RMT,Dist.,Spencer,Mamaearth,July'24,FY_24-25,0.7,1.8
Sancus Networks Private Limited-RMT,Dist.,Max Hyper,Mamaearth,July'24,FY_24-25,0.2,0.5
Sancus Networks Private Limited-RMT,Dist.,More Retail,Mamaearth,July'24,FY_24-25,1.2,3.0
Sancus Networks Private Limited-RMT,Dist.,RMT-Sancus,The Derma Co,July'24,FY_24-25,0.4,0.8
Sathyashree Enterprises-Mt,Dist.,D-Mart,Mamaearth,July'24,FY_24-25,6.8,14.8
SC BUSINESS COMBINE_MT,Dist.,Reliance Retail,Aqualogica,July'24,FY_24-25,0.0,0.1
SC BUSINESS COMBINE_MT,Dist.,Sohum Shoppe,Mamaearth,July'24,FY_24-25,0.5,1.2
SC BUSINESS COMBINE_MT,Dist.,V-Mart,Mamaearth,July'24,FY_24-25,2.0,5.2
SC BUSINESS COMBINE_MT,Dist.,Reliance Retail,The Derma Co,July'24,FY_24-25,0.0,0.1
Sri Vijaya Durga Agencies_Mt,Dist.,H&G,BBlunt,July'24,FY_24-25,0.0,0.0
Sri Vijaya Durga Agencies_Mt,Dist.,Apollo Healthco,Mamaearth,July'24,FY_24-25,21.4,45.8
Sri Vijaya Durga Agencies_Mt,Dist.,VMM,Mamaearth,July'24,FY_24-25,1.4,3.1
Sri Vijaya Durga Agencies_Mt,Dist.,D-Mart,Mamaearth,July'24,FY_24-25,73.6,157.6
Sri Vijaya Durga Agencies_Mt,Dist.,H&G,Mamaearth,July'24,FY_24-25,0.3,0.7
Sri Vijaya Durga Agencies_Mt,Dist.,Reliance Retail,Mamaearth,July'24,FY_24-25,25.3,54.2
Sri Vijaya Durga Agencies_Mt,Dist.,More Retail,Mamaearth,July'24,FY_24-25,0.7,1.6
Sri Vijaya Durga Agencies_Mt,Dist.,H&G,The Derma Co,July'24,FY_24-25,0.0,0.1
Swastik Marketing,Dist.,VMM,Mamaearth,July'24,FY_24-25,2.9,6.4
United Marketing_Mt,Dist.,Apollo Healthco,Mamaearth,July'24,FY_24-25,0.8,1.3
Vanaja Agencies MT_Dmart,Dist.,D-Mart,Mamaearth,July'24,FY_24-25,38.3,104.5
Vanaja Agencies_Mt,Dist.,Reliance Retail,Aqualogica,July'24,FY_24-25,3.1,5.6
Vanaja Agencies_Mt,Dist.,Lulu,Aqualogica,July'24,FY_24-25,0.4,0.7
Vanaja Agencies_Mt,Dist.,Apollo Healthco,Aqualogica,July'24,FY_24-25,0.7,1.2
Vanaja Agencies_Mt,Dist.,B&N,BBlunt,July'24,FY_24-25,2.3,3.7
Vanaja Agencies_Mt,Dist.,Spencer,BBlunt,July'24,FY_24-25,0.1,0.1
Vanaja Agencies_Mt,Dist.,Apollo Healthco,Mamaearth,July'24,FY_24-25,13.2,26.6
Vanaja Agencies_Mt,Dist.,D-Mart,Mamaearth,July'24,FY_24-25,32.9,66.3
Vanaja Agencies_Mt,Dist.,Vijetha,Mamaearth,July'24,FY_24-25,3.1,6.3
Vanaja Agencies_Mt,Dist.,More Retail,Mamaearth,July'24,FY_24-25,4.5,9.0
Vanaja Agencies_Mt,Dist.,Max Hyper,Mamaearth,July'24,FY_24-25,0.2,0.4
Vanaja Agencies_Mt,Dist.,Reliance Retail,Mamaearth,July'24,FY_24-25,17.8,35.8
Vanaja Agencies_Mt,Dist.,Lulu,Mamaearth,July'24,FY_24-25,1.2,2.3
Vanaja Agencies_Mt,Dist.,Ratnadeep,Mamaearth,July'24,FY_24-25,4.9,9.8
Vanaja Agencies_Mt,Dist.,B&N,Mamaearth,July'24,FY_24-25,0.6,1.1
Vanaja Agencies_Mt,Dist.,VMM,Mamaearth,July'24,FY_24-25,0.8,1.5
Vanaja Agencies_Mt,Dist.,Reliance Retail,The Derma Co,July'24,FY_24-25,0.3,0.5
Vanaja Agencies_Mt,Dist.,Lulu,The Derma Co,July'24,FY_24-25,0.4,0.8
Vanaja Agencies_Mt,Dist.,B&N,The Derma Co,July'24,FY_24-25,2.6,4.6
Vanaja Agencies_Mt,Dist.,Apollo Healthco,The Derma Co,July'24,FY_24-25,4.7,8.5
VISHAL ENTERPRISES_Solapur,Dist.,D-Mart,Mamaearth,July'24,FY_24-25,17.7,45.0
APOLLO HEALTHCO LIMITED_AHMEDABAD,Direct,Apollo Healthco,Mamaearth,Aug'24,FY_24-25,0.4,1.2
Apollo Healthco Limited_Bhiwandi,Direct,Apollo Healthco,Aqualogica,Aug'24,FY_24-25,0.1,0.1
Apollo Healthco Limited_Bhiwandi,Direct,Apollo Healthco,Mamaearth,Aug'24,FY_24-25,0.2,1.3
Apollo Healthco Limited_Bhiwandi,Direct,Apollo Healthco,The Derma Co,Aug'24,FY_24-25,0.5,0.9
Apollo Healthco Limited_Faridabad,Direct,Apollo Healthco,Aqualogica,Aug'24,FY_24-25,0.8,1.3
Apollo Healthco Limited_Faridabad,Direct,Apollo Healthco,Mamaearth,Aug'24,FY_24-25,9.3,18.6
Apollo Healthco Limited_Faridabad,Direct,Apollo Healthco,The Derma Co,Aug'24,FY_24-25,2.9,5.0
Apollo Healthco Limited_Rajasthan,Direct,Apollo Healthco,Mamaearth,Aug'24,FY_24-25,1.3,2.5
Apollo Healthco Limited-Bangalore,Direct,Apollo Healthco,Mamaearth,Aug'24,FY_24-25,1.0,3.2
Apollo Healthco Limited-Chennai,Direct,Apollo Healthco,Mamaearth,Aug'24,FY_24-25,0.3,0.8
APOLLO HEALTHCO LIMITED-Chittor,Direct,Apollo Healthco,Mamaearth,Aug'24,FY_24-25,0.5,1.7
Apollo Healthco Limited-Goa,Direct,Apollo Healthco,Mamaearth,Aug'24,FY_24-25,-0.1,-0.3
Apollo Healthco Limited-Hubbli,Direct,Apollo Healthco,Mamaearth,Aug'24,FY_24-25,2.2,7.0
APOLLO HEALTHCO LIMITED-HYD,Direct,Apollo Healthco,Mamaearth,Aug'24,FY_24-25,0.4,1.2
Apollo Healthco Limited-Kochi,Direct,Apollo Healthco,Mamaearth,Aug'24,FY_24-25,0.1,0.0
APOLLO HEALTHCO LIMITED-Madurai,Direct,Apollo Healthco,Mamaearth,Aug'24,FY_24-25,0.5,1.7
Apollo Healthco Limited-Sanath Nagar,Direct,Apollo Healthco,Mamaearth,Aug'24,FY_24-25,0.3,0.8
APOLLO HEALTHCO LIMITED-WB,Direct,Apollo Healthco,Mamaearth,Aug'24,FY_24-25,0.4,1.3
APOLLO HEALTHCO LIMITED-WB-2,Direct,Apollo Healthco,Mamaearth,Aug'24,FY_24-25,0.7,2.2
Apollo Healthco Ltd_Raipur,Direct,Apollo Healthco,Mamaearth,Aug'24,FY_24-25,1.5,2.7
Avenue E Commerce Limited(Kiwale),Direct,D-Mart,Aqualogica,Aug'24,FY_24-25,0.1,0.2
Avenue E Commerce Limited(Kiwale),Direct,D-Mart,The Derma Co,Aug'24,FY_24-25,0.3,0.6
Avenue E Commerce Limited(Kushaiguda),Direct,D-Mart,Aqualogica,Aug'24,FY_24-25,0.1,0.1
Avenue E Commerce Limited(Kushaiguda),Direct,D-Mart,The Derma Co,Aug'24,FY_24-25,0.2,0.4
Avenue E Commerce Limited(Nahur),Direct,D-Mart,Aqualogica,Aug'24,FY_24-25,0.1,0.1
Avenue E Commerce Limited(Nahur),Direct,D-Mart,The Derma Co,Aug'24,FY_24-25,0.2,0.3
Avenue E Commerce Limited_GachibowlI,Direct,D-Mart,Aqualogica,Aug'24,FY_24-25,0.0,0.1
Avenue E Commerce Limited_GachibowlI,Direct,D-Mart,The Derma Co,Aug'24,FY_24-25,0.2,0.4
Avenue E Commerce Limited_Panvel-2,Direct,D-Mart,Aqualogica,Aug'24,FY_24-25,0.0,0.1
Avenue E Commerce Ltd -Handewadi FC,Direct,D-Mart,Aqualogica,Aug'24,FY_24-25,0.1,0.2
Avenue E Commerce Ltd -Handewadi FC,Direct,D-Mart,The Derma Co,Aug'24,FY_24-25,0.2,0.4
Avenue E Commerce Ltd -Nagpur-FC,Direct,D-Mart,Aqualogica,Aug'24,FY_24-25,0.1,0.3
Avenue E Commerce Ltd -Nagpur-FC,Direct,D-Mart,The Derma Co,Aug'24,FY_24-25,0.1,0.2
Avenue E Commerce Ltd -Nashik AAR0-FC,Direct,D-Mart,Aqualogica,Aug'24,FY_24-25,0.1,0.2
Avenue E Commerce Ltd -Nashik AAR0-FC,Direct,D-Mart,The Derma Co,Aug'24,FY_24-25,0.2,0.4
Avenue E Commerce Ltd_CadburyFC.,Direct,D-Mart,Aqualogica,Aug'24,FY_24-25,0.1,0.2
Avenue E Commerce Ltd_CadburyFC.,Direct,D-Mart,The Derma Co,Aug'24,FY_24-25,0.1,0.1
Avenue E Commerce Ltd_Manpada,Direct,D-Mart,Aqualogica,Aug'24,FY_24-25,0.0,0.0
Avenue E Commerce Ltd_Manpada,Direct,D-Mart,The Derma Co,Aug'24,FY_24-25,0.1,0.2
Avenue E Commerce Ltd_PeddaAmberpetFC,Direct,D-Mart,Aqualogica,Aug'24,FY_24-25,0.1,0.1
Avenue E Commerce Ltd_PeddaAmberpetFC,Direct,D-Mart,The Derma Co,Aug'24,FY_24-25,0.2,0.4
Avenue Supermarts Ltd.-4905,Direct,D-Mart,Mamaearth,Aug'24,FY_24-25,0.5,1.2
Avenue Supermarts Ltd.-DC-1031,Direct,D-Mart,Mamaearth,Aug'24,FY_24-25,-6.1,-17.0
Avenue Supermarts Ltd.-DC-1032,Direct,D-Mart,Mamaearth,Aug'24,FY_24-25,84.0,212.2
Avenue Supermarts Ltd.-DC-1039,Direct,D-Mart,BBlunt,Aug'24,FY_24-25,0.8,1.6
Avenue Supermarts Ltd.-DC-1039,Direct,D-Mart,Mamaearth,Aug'24,FY_24-25,60.9,147.3
Avenue Supermarts Ltd.-DC-1049,Direct,D-Mart,Mamaearth,Aug'24,FY_24-25,20.6,54.4
Avenue Supermarts Ltd.-DC-1050,Direct,D-Mart,Mamaearth,Aug'24,FY_24-25,24.3,62.2
Avenue Supermarts Ltd.-DC-1068,Direct,D-Mart,Mamaearth,Aug'24,FY_24-25,32.2,81.3
Avenue Supermarts Ltd_2003-Eros Ghaziabad,Direct,D-Mart,Mamaearth,Aug'24,FY_24-25,-0.3,-0.7
Avenue Supermarts Ltd_4901,Direct,D-Mart,Mamaearth,Aug'24,FY_24-25,1.0,2.3
Avenue Supermarts Ltd_4902,Direct,D-Mart,Mamaearth,Aug'24,FY_24-25,1.5,3.6
Avenue Supermarts Ltd_4904,Direct,D-Mart,Mamaearth,Aug'24,FY_24-25,0.7,1.8
Avenue Supermarts Ltd_4906,Direct,D-Mart,Mamaearth,Aug'24,FY_24-25,0.6,1.4
Avenue Supermarts Ltd-1501,Direct,D-Mart,Mamaearth,Aug'24,FY_24-25,-0.4,-1.0
Guardian Healthcare Services Pvt Ltd(DL),Direct,Guardian,Aqualogica,Aug'24,FY_24-25,0.0,0.0
Guardian Healthcare Services Pvt Ltd(DL),Direct,Guardian,Mamaearth,Aug'24,FY_24-25,0.4,0.7
Guardian Healthcare Services Pvt Ltd(DL),Direct,Guardian,The Derma Co,Aug'24,FY_24-25,0.0,0.1
Metro Cash & Carry India Pvt Ltd -(DC27)-T0SJ,Direct,Metro-CNC-RRL,BBlunt,Aug'24,FY_24-25,0.2,0.3
Metro Cash & Carry India Pvt Ltd -(DC27)-T0SJ,Direct,Metro-CNC-RRL,Mamaearth,Aug'24,FY_24-25,0.7,1.8
Metro Cash & Carry India Pvt Ltd-(DC10)-T0SM,Direct,Metro-CNC-RRL,BBlunt,Aug'24,FY_24-25,0.0,0.1
Metro Cash & Carry India Pvt Ltd-(DC10)-T0SM,Direct,Metro-CNC-RRL,Mamaearth,Aug'24,FY_24-25,2.2,4.3
Metro Cash & Carry India Pvt Ltd-(DC11)-T0SL,Direct,Metro-CNC-RRL,BBlunt,Aug'24,FY_24-25,0.1,0.1
Metro Cash & Carry India Pvt Ltd-(DC11)-T0SL,Direct,Metro-CNC-RRL,Mamaearth,Aug'24,FY_24-25,1.7,3.3
Metro Cash & Carry India Pvt Ltd-(DC11)-T0SL,Direct,Metro-CNC-RRL,The Derma Co,Aug'24,FY_24-25,0.0,0.1
Metro Cash & Carry India Pvt Ltd-(DC12)-T0QX,Direct,Metro-CNC-RRL,Aqualogica,Aug'24,FY_24-25,5.9,9.3
Metro Cash & Carry India Pvt Ltd-(DC12)-T0QX,Direct,Metro-CNC-RRL,BBlunt,Aug'24,FY_24-25,-0.2,-0.2
Metro Cash & Carry India Pvt Ltd-(DC12)-T0QX,Direct,Metro-CNC-RRL,Mamaearth,Aug'24,FY_24-25,2.3,5.5
Metro Cash & Carry India Pvt Ltd-(DC12)-T0QX,Direct,Metro-CNC-RRL,The Derma Co,Aug'24,FY_24-25,2.3,3.6
Metro Cash & Carry India Pvt Ltd-(DC15)-T0QY,Direct,Metro-CNC-RRL,Mamaearth,Aug'24,FY_24-25,-1.6,-2.9
Metro Cash & Carry India Pvt Ltd-(DC16)-T0QZ,Direct,Metro-CNC-RRL,BBlunt,Aug'24,FY_24-25,-0.1,-0.2
Metro Cash & Carry India Pvt Ltd-(DC16)-T0QZ,Direct,Metro-CNC-RRL,Mamaearth,Aug'24,FY_24-25,-0.1,-0.3
Metro Cash & Carry India Pvt Ltd-(DC17)-T0QT,Direct,Metro-CNC-RRL,Mamaearth,Aug'24,FY_24-25,0.1,-0.1
Metro Cash & Carry India Pvt Ltd-(DC18)-T0SN,Direct,Metro-CNC-RRL,BBlunt,Aug'24,FY_24-25,0.1,0.2
Metro Cash & Carry India Pvt Ltd-(DC18)-T0SN,Direct,Metro-CNC-RRL,Mamaearth,Aug'24,FY_24-25,0.6,1.1
Metro Cash & Carry India Pvt Ltd-(DC18)-T0SN,Direct,Metro-CNC-RRL,The Derma Co,Aug'24,FY_24-25,0.5,0.8
Metro Cash & Carry India Pvt Ltd-(DC20)-T0RK,Direct,Metro-CNC-RRL,Mamaearth,Aug'24,FY_24-25,-1.2,-2.1
Metro Cash & Carry India Pvt Ltd-(DC23)-T0RL,Direct,Metro-CNC-RRL,Aqualogica,Aug'24,FY_24-25,0.0,0.0
Metro Cash & Carry India Pvt Ltd-(DC23)-T0RL,Direct,Metro-CNC-RRL,BBlunt,Aug'24,FY_24-25,0.5,0.8
Metro Cash & Carry India Pvt Ltd-(DC23)-T0RL,Direct,Metro-CNC-RRL,Mamaearth,Aug'24,FY_24-25,-0.4,-0.6
Metro Cash & Carry India Pvt Ltd-(DC23)-T0RL,Direct,Metro-CNC-RRL,The Derma Co,Aug'24,FY_24-25,0.2,0.4
Metro Cash & Carry India Pvt Ltd-(DC24)-T0RJ,Direct,Metro-CNC-RRL,BBlunt,Aug'24,FY_24-25,0.2,0.3
Metro Cash & Carry India Pvt Ltd-(DC24)-T0RJ,Direct,Metro-CNC-RRL,Mamaearth,Aug'24,FY_24-25,-1.0,-1.8
Metro Cash & Carry India Pvt Ltd-(DC25)-T0RB,Direct,Metro-CNC-RRL,Mamaearth,Aug'24,FY_24-25,1.4,2.6
Metro Cash & Carry India Pvt Ltd-(DC26)-T0SP,Direct,Metro-CNC-RRL,Aqualogica,Aug'24,FY_24-25,0.2,0.2
Metro Cash & Carry India Pvt Ltd-(DC26)-T0SP,Direct,Metro-CNC-RRL,BBlunt,Aug'24,FY_24-25,0.4,0.7
Metro Cash & Carry India Pvt Ltd-(DC26)-T0SP,Direct,Metro-CNC-RRL,Mamaearth,Aug'24,FY_24-25,-0.2,-0.9
Metro Cash & Carry India Pvt Ltd-(DC28)-T0RF,Direct,Metro-CNC-RRL,Mamaearth,Aug'24,FY_24-25,1.2,2.3
Metro Cash & Carry India Pvt Ltd-(DC29)-T0RA,Direct,Metro-CNC-RRL,BBlunt,Aug'24,FY_24-25,-0.1,-0.1
Metro Cash & Carry India Pvt Ltd-(DC29)-T0RA,Direct,Metro-CNC-RRL,Mamaearth,Aug'24,FY_24-25,-0.4,-1.0
Metro Cash & Carry India Pvt Ltd-(DC30)-T0RM,Direct,Metro-CNC-RRL,Mamaearth,Aug'24,FY_24-25,0.1,0.3
Metro Cash & Carry India Pvt Ltd-(DC32)-T0QU,Direct,Metro-CNC-RRL,Mamaearth,Aug'24,FY_24-25,1.0,2.5
Metro Cash & Carry India Pvt Ltd-(DC37)-T0RD,Direct,Metro-CNC-RRL,BBlunt,Aug'24,FY_24-25,0.0,-0.1
Metro Cash & Carry India Pvt Ltd-(DC37)-T0RD,Direct,Metro-CNC-RRL,Mamaearth,Aug'24,FY_24-25,0.9,1.9
Metro Cash & Carry India Pvt Ltd-(DC43)-T2YF,Direct,Metro-CNC-RRL,Aqualogica,Aug'24,FY_24-25,0.1,0.2
Metro Cash & Carry India Pvt Ltd-(DC43)-T2YF,Direct,Metro-CNC-RRL,BBlunt,Aug'24,FY_24-25,0.0,0.0
Metro Cash & Carry India Pvt Ltd-(DC43)-T2YF,Direct,Metro-CNC-RRL,Mamaearth,Aug'24,FY_24-25,0.3,0.6
Metro Cash & Carry India Pvt Ltd-(DC43)-T2YF,Direct,Metro-CNC-RRL,The Derma Co,Aug'24,FY_24-25,0.1,0.1
Metro Cash & Carry India Pvt Ltd-(DC45)-T0RE,Direct,Metro-CNC-RRL,BBlunt,Aug'24,FY_24-25,-0.1,-0.1
Metro Cash & Carry India Pvt Ltd-(DC45)-T0RE,Direct,Metro-CNC-RRL,Mamaearth,Aug'24,FY_24-25,-0.2,-0.2
Metro Cash & Carry India Pvt Ltd-(DC46)-T0RC,Direct,Metro-CNC-RRL,Aqualogica,Aug'24,FY_24-25,0.0,0.1
Metro Cash & Carry India Pvt Ltd-(DC46)-T0RC,Direct,Metro-CNC-RRL,BBlunt,Aug'24,FY_24-25,0.4,0.6
Metro Cash & Carry India Pvt Ltd-(DC46)-T0RC,Direct,Metro-CNC-RRL,Mamaearth,Aug'24,FY_24-25,0.5,0.9
Metro Cash & Carry India Pvt Ltd-(DC46)-T0RC,Direct,Metro-CNC-RRL,The Derma Co,Aug'24,FY_24-25,0.0,0.1
Metro Cash & Carry India Pvt Ltd-(DC47)-T0SI,Direct,Metro-CNC-RRL,BBlunt,Aug'24,FY_24-25,-0.1,-0.1
Metro Cash & Carry India Pvt Ltd-(DC47)-T0SI,Direct,Metro-CNC-RRL,Mamaearth,Aug'24,FY_24-25,9.9,17.8
Metro Cash & Carry India Pvt Ltd-(DC48)-T0SK,Direct,Metro-CNC-RRL,BBlunt,Aug'24,FY_24-25,0.2,0.4
Metro Cash & Carry India Pvt Ltd-(DC48)-T0SK,Direct,Metro-CNC-RRL,Mamaearth,Aug'24,FY_24-25,-0.2,0.1
Metro Cash & Carry India Pvt Ltd-(DC52)-T0RI,Direct,Metro-CNC-RRL,BBlunt,Aug'24,FY_24-25,0.0,0.0
Metro Cash & Carry India Pvt Ltd-(DC52)-T0RI,Direct,Metro-CNC-RRL,Mamaearth,Aug'24,FY_24-25,0.9,1.6
Metro Cash & Carry India Pvt Ltd-(DC53)-T0QV,Direct,Metro-CNC-RRL,Mamaearth,Aug'24,FY_24-25,-0.5,-1.0
Metro Cash & Carry India Pvt Ltd-(DC54)-T0QW,Direct,Metro-CNC-RRL,Mamaearth,Aug'24,FY_24-25,0.7,1.3
Metro Cash & Carry India Pvt Ltd-(DC60)-T0QS,Direct,Metro-CNC-RRL,The Derma Co,Aug'24,FY_24-25,0.0,-0.1
Metro Cash & Carry India Pvt Ltd_DC33(T0SQ),Direct,Metro-CNC-RRL,Mamaearth,Aug'24,FY_24-25,0.7,1.2
Metro Cash & Carry India Pvt Ltd_T2FM,Direct,Metro-CNC-RRL,Aqualogica,Aug'24,FY_24-25,0.0,0.1
Metro Cash & Carry India Pvt Ltd_T2FM,Direct,Metro-CNC-RRL,BBlunt,Aug'24,FY_24-25,0.1,0.2
Metro Cash & Carry India Pvt Ltd_T2FM,Direct,Metro-CNC-RRL,Mamaearth,Aug'24,FY_24-25,1.9,3.9
Metro Cash & Carry India Pvt Ltd_T2FM,Direct,Metro-CNC-RRL,The Derma Co,Aug'24,FY_24-25,0.3,0.5
Metro Cash & Carry India Pvt Ltd_T2HL,Direct,Metro-CNC-RRL,Mamaearth,Aug'24,FY_24-25,1.4,2.5
Metro Cash & Carry India Pvt Ltd_T2RP,Direct,Metro-CNC-RRL,Aqualogica,Aug'24,FY_24-25,1.9,3.0
Metro Cash & Carry India Pvt Ltd_T2RP,Direct,Metro-CNC-RRL,Mamaearth,Aug'24,FY_24-25,4.9,9.7
Metro Cash & Carry India Pvt Ltd_T2RP,Direct,Metro-CNC-RRL,The Derma Co,Aug'24,FY_24-25,3.0,4.8
Reliance Retail Limited Ce08,Direct,Reliance Retail,Aqualogica,Aug'24,FY_24-25,0.2,0.3
Reliance Retail Limited Ce08,Direct,Reliance Retail,Mamaearth,Aug'24,FY_24-25,13.1,37.1
Reliance Retail Limited Cf08,Direct,Reliance Retail,Aqualogica,Aug'24,FY_24-25,0.6,0.9
Reliance Retail Limited Cf08,Direct,Reliance Retail,Mamaearth,Aug'24,FY_24-25,14.6,51.9
Reliance Retail Limited Cf08,Direct,Reliance Retail,The Derma Co,Aug'24,FY_24-25,-0.2,-0.3
Reliance Retail Limited Cm08,Direct,Reliance Retail,Mamaearth,Aug'24,FY_24-25,0.6,3.0
Reliance Retail Limited Ct08,Direct,Reliance Retail,Mamaearth,Aug'24,FY_24-25,3.6,9.0
Reliance Retail Limited Ea08,Direct,Reliance Retail,Mamaearth,Aug'24,FY_24-25,6.2,19.3
Reliance Retail Limited Fb08,Direct,Reliance Retail,Aqualogica,Aug'24,FY_24-25,0.2,0.3
Reliance Retail Limited Fb08,Direct,Reliance Retail,Mamaearth,Aug'24,FY_24-25,10.5,28.6
Reliance Retail Limited Fd08,Direct,Reliance Retail,Mamaearth,Aug'24,FY_24-25,1.3,3.0
Reliance Retail Limited R301,Direct,Reliance Retail,Mamaearth,Aug'24,FY_24-25,-0.8,-1.9
Reliance Retail Limited R426,Direct,Reliance Retail,Mamaearth,Aug'24,FY_24-25,-0.2,-0.2
Reliance Retail Limited R468,Direct,Reliance Retail,Mamaearth,Aug'24,FY_24-25,0.6,0.9
Reliance Retail Limited R701,Direct,Reliance Retail,Mamaearth,Aug'24,FY_24-25,15.0,45.6
Reliance Retail Limited R703,Direct,Reliance Retail,Mamaearth,Aug'24,FY_24-25,2.8,5.8
Reliance Retail Limited R801,Direct,Reliance Retail,Aqualogica,Aug'24,FY_24-25,0.3,0.4
Reliance Retail Limited R801,Direct,Reliance Retail,Mamaearth,Aug'24,FY_24-25,19.2,60.4
Reliance Retail Limited Sc79,Direct,Reliance Retail,Aqualogica,Aug'24,FY_24-25,0.3,0.4
Reliance Retail Limited Sc79,Direct,Reliance Retail,Mamaearth,Aug'24,FY_24-25,6.4,19.4
Reliance Retail Limited Sc79,Direct,Reliance Retail,The Derma Co,Aug'24,FY_24-25,-0.1,-0.1
Reliance Retail Limited_2364,Direct,Reliance Retail,Mamaearth,Aug'24,FY_24-25,0.6,1.0
Reliance Retail Limited_2995,Direct,Reliance Retail,Mamaearth,Aug'24,FY_24-25,0.3,0.5
Reliance Retail Limited_2996,Direct,Reliance Retail,Mamaearth,Aug'24,FY_24-25,0.4,0.7
Reliance Retail Limited_3210,Direct,Reliance Retail,Mamaearth,Aug'24,FY_24-25,0.3,0.5
Reliance Retail Limited_6209,Direct,Reliance Retail,Mamaearth,Aug'24,FY_24-25,0.4,0.7
Reliance Retail Limited_6221,Direct,Reliance Retail,Aqualogica,Aug'24,FY_24-25,0.0,0.0
Reliance Retail Limited_6221,Direct,Reliance Retail,Mamaearth,Aug'24,FY_24-25,0.2,0.4
Reliance Retail Limited_6221,Direct,Reliance Retail,The Derma Co,Aug'24,FY_24-25,0.0,0.0
Reliance Retail Limited_6717,Direct,Reliance Retail,Mamaearth,Aug'24,FY_24-25,0.3,0.5
Reliance Retail Limited_6719,Direct,Reliance Retail,Aqualogica,Aug'24,FY_24-25,0.0,0.0
Reliance Retail Limited_6719,Direct,Reliance Retail,Mamaearth,Aug'24,FY_24-25,0.2,0.4
Reliance Retail Limited_6719,Direct,Reliance Retail,The Derma Co,Aug'24,FY_24-25,0.0,0.0
Reliance Retail Limited_6722,Direct,Reliance Retail,Mamaearth,Aug'24,FY_24-25,0.3,0.5
Reliance Retail Limited_6727,Direct,Reliance Retail,Mamaearth,Aug'24,FY_24-25,0.6,1.0
Reliance Retail Limited_Cy08-Kerala,Direct,Reliance Retail,Aqualogica,Aug'24,FY_24-25,0.3,0.4
Reliance Retail Limited_Cy08-Kerala,Direct,Reliance Retail,Mamaearth,Aug'24,FY_24-25,18.6,42.4
Reliance Retail Limited_FR00,Direct,Reliance Retail,Aqualogica,Aug'24,FY_24-25,0.0,0.0
Reliance Retail Limited_FR00,Direct,Reliance Retail,Mamaearth,Aug'24,FY_24-25,0.2,0.5
Reliance Retail Limited_FR00,Direct,Reliance Retail,The Derma Co,Aug'24,FY_24-25,0.0,0.0
Reliance Retail Limited_FR02,Direct,Reliance Retail,Aqualogica,Aug'24,FY_24-25,0.0,0.0
Reliance Retail Limited_FR02,Direct,Reliance Retail,Mamaearth,Aug'24,FY_24-25,0.2,0.4
Reliance Retail Limited_FR02,Direct,Reliance Retail,The Derma Co,Aug'24,FY_24-25,0.0,0.0
Reliance Retail Limited_FR03,Direct,Reliance Retail,Aqualogica,Aug'24,FY_24-25,0.0,0.0
Reliance Retail Limited_FR03,Direct,Reliance Retail,Mamaearth,Aug'24,FY_24-25,0.2,0.4
Reliance Retail Limited_FR03,Direct,Reliance Retail,The Derma Co,Aug'24,FY_24-25,0.0,0.0
Reliance Retail Limited_FR10,Direct,Reliance Retail,Aqualogica,Aug'24,FY_24-25,0.0,0.0
Reliance Retail Limited_FR10,Direct,Reliance Retail,Mamaearth,Aug'24,FY_24-25,0.3,0.5
Reliance Retail Limited_FR10,Direct,Reliance Retail,The Derma Co,Aug'24,FY_24-25,0.0,0.0
Reliance Retail Limited_FR27,Direct,Reliance Retail,Mamaearth,Aug'24,FY_24-25,0.0,0.0
Reliance Retail Limited_FR30,Direct,Reliance Retail,Mamaearth,Aug'24,FY_24-25,0.0,0.0
Reliance Retail Limited_FR31,Direct,Reliance Retail,Mamaearth,Aug'24,FY_24-25,0.0,0.0
Reliance Retail Limited_FR60,Direct,Reliance Retail,Aqualogica,Aug'24,FY_24-25,0.0,0.0
Reliance Retail Limited_FR60,Direct,Reliance Retail,Mamaearth,Aug'24,FY_24-25,0.6,1.0
Reliance Retail Limited_FR60,Direct,Reliance Retail,The Derma Co,Aug'24,FY_24-25,0.0,0.1
Reliance Retail Limited_FR62,Direct,Reliance Retail,Aqualogica,Aug'24,FY_24-25,0.4,0.6
Reliance Retail Limited_FR62,Direct,Reliance Retail,BBlunt,Aug'24,FY_24-25,0.3,0.4
Reliance Retail Limited_FR62,Direct,Reliance Retail,Mamaearth,Aug'24,FY_24-25,0.3,0.5
Reliance Retail Limited_FR62,Direct,Reliance Retail,The Derma Co,Aug'24,FY_24-25,0.6,1.0
Reliance Retail Limited_FR76,Direct,Reliance Retail,Aqualogica,Aug'24,FY_24-25,0.5,0.7
Reliance Retail Limited_FR76,Direct,Reliance Retail,BBlunt,Aug'24,FY_24-25,0.3,0.5
Reliance Retail Limited_FR76,Direct,Reliance Retail,Mamaearth,Aug'24,FY_24-25,0.4,0.7
Reliance Retail Limited_FR76,Direct,Reliance Retail,The Derma Co,Aug'24,FY_24-25,0.7,1.1
Reliance Retail Limited_Fr87,Direct,Reliance Retail,Aqualogica,Aug'24,FY_24-25,0.2,0.3
Reliance Retail Limited_Fr87,Direct,Reliance Retail,Mamaearth,Aug'24,FY_24-25,12.0,34.3
Reliance Retail Limited_Fr87,Direct,Reliance Retail,The Derma Co,Aug'24,FY_24-25,0.1,0.1
Reliance Retail Limited_Fr89,Direct,Reliance Retail,Mamaearth,Aug'24,FY_24-25,4.0,7.6
Reliance Retail Limited_FRAT,Direct,Reliance Retail,Aqualogica,Aug'24,FY_24-25,0.4,0.7
Reliance Retail Limited_FRAT,Direct,Reliance Retail,BBlunt,Aug'24,FY_24-25,0.4,0.6
Reliance Retail Limited_FRAT,Direct,Reliance Retail,Mamaearth,Aug'24,FY_24-25,0.5,0.8
Reliance Retail Limited_FRAT,Direct,Reliance Retail,The Derma Co,Aug'24,FY_24-25,0.7,1.1
Reliance Retail Limited_Fraz,Direct,Reliance Retail,Mamaearth,Aug'24,FY_24-25,14.6,40.7
Reliance Retail Limited_FRBD,Direct,Reliance Retail,Mamaearth,Aug'24,FY_24-25,0.4,0.7
Reliance Retail Limited_FRBS,Direct,Reliance Retail,Aqualogica,Aug'24,FY_24-25,0.5,0.7
Reliance Retail Limited_FRBS,Direct,Reliance Retail,BBlunt,Aug'24,FY_24-25,0.3,0.5
Reliance Retail Limited_FRBS,Direct,Reliance Retail,Mamaearth,Aug'24,FY_24-25,0.4,0.7
Reliance Retail Limited_FRBS,Direct,Reliance Retail,The Derma Co,Aug'24,FY_24-25,0.5,0.8
Reliance Retail Limited_FRBU,Direct,Reliance Retail,Aqualogica,Aug'24,FY_24-25,0.4,0.7
Reliance Retail Limited_FRBU,Direct,Reliance Retail,BBlunt,Aug'24,FY_24-25,0.2,0.3
Reliance Retail Limited_FRBU,Direct,Reliance Retail,Mamaearth,Aug'24,FY_24-25,0.6,1.1
Reliance Retail Limited_FRBU,Direct,Reliance Retail,The Derma Co,Aug'24,FY_24-25,0.7,1.2
Reliance Retail Limited_FRCJ,Direct,Reliance Retail,Mamaearth,Aug'24,FY_24-25,-0.3,-0.6
Reliance Retail Limited_FRCP,Direct,Reliance Retail,Aqualogica,Aug'24,FY_24-25,0.4,0.8
Reliance Retail Limited_FRCP,Direct,Reliance Retail,BBlunt,Aug'24,FY_24-25,0.1,0.2
Reliance Retail Limited_FRCP,Direct,Reliance Retail,The Derma Co,Aug'24,FY_24-25,0.2,0.4
Reliance Retail Limited_FRCQ,Direct,Reliance Retail,Mamaearth,Aug'24,FY_24-25,0.0,0.0
Reliance Retail Limited_FRCS,Direct,Reliance Retail,Mamaearth,Aug'24,FY_24-25,0.0,0.0
Reliance Retail Limited_FRCT,Direct,Reliance Retail,Aqualogica,Aug'24,FY_24-25,0.0,0.1
Reliance Retail Limited_FRCT,Direct,Reliance Retail,BBlunt,Aug'24,FY_24-25,0.0,0.0
Reliance Retail Limited_FRCT,Direct,Reliance Retail,Mamaearth,Aug'24,FY_24-25,0.0,0.0
Reliance Retail Limited_FRCT,Direct,Reliance Retail,The Derma Co,Aug'24,FY_24-25,0.0,0.1
Reliance Retail Limited_FRDA,Direct,Reliance Retail,Mamaearth,Aug'24,FY_24-25,0.0,0.0
Reliance Retail Limited_FRDB,Direct,Reliance Retail,Aqualogica,Aug'24,FY_24-25,0.2,0.4
Reliance Retail Limited_FRDB,Direct,Reliance Retail,BBlunt,Aug'24,FY_24-25,0.1,0.2
Reliance Retail Limited_FRDB,Direct,Reliance Retail,Mamaearth,Aug'24,FY_24-25,0.0,0.0
Reliance Retail Limited_FRDB,Direct,Reliance Retail,The Derma Co,Aug'24,FY_24-25,0.2,0.4
Reliance Retail Limited_FRDI,Direct,Reliance Retail,Mamaearth,Aug'24,FY_24-25,0.2,0.5
Reliance Retail Limited_FRDK,Direct,Reliance Retail,Aqualogica,Aug'24,FY_24-25,0.1,0.3
Reliance Retail Limited_FRDK,Direct,Reliance Retail,BBlunt,Aug'24,FY_24-25,0.1,0.2
Reliance Retail Limited_FRDK,Direct,Reliance Retail,Mamaearth,Aug'24,FY_24-25,0.0,0.0
Reliance Retail Limited_FRDK,Direct,Reliance Retail,The Derma Co,Aug'24,FY_24-25,0.3,0.6
Reliance Retail Limited_FRDL,Direct,Reliance Retail,Aqualogica,Aug'24,FY_24-25,0.2,0.4
Reliance Retail Limited_FRDL,Direct,Reliance Retail,BBlunt,Aug'24,FY_24-25,0.1,0.2
Reliance Retail Limited_FRDL,Direct,Reliance Retail,Mamaearth,Aug'24,FY_24-25,0.0,0.0
Reliance Retail Limited_FRDL,Direct,Reliance Retail,The Derma Co,Aug'24,FY_24-25,0.3,0.5
Reliance Retail Limited_FRDP,Direct,Reliance Retail,Mamaearth,Aug'24,FY_24-25,0.2,0.3
Reliance Retail Limited_FRDT,Direct,Reliance Retail,Mamaearth,Aug'24,FY_24-25,0.4,0.7
Reliance Retail Limited_FREM,Direct,Reliance Retail,Mamaearth,Aug'24,FY_24-25,0.5,0.9
Reliance Retail Limited_FREX,Direct,Reliance Retail,Mamaearth,Aug'24,FY_24-25,0.3,0.5
Reliance Retail Limited_FRFA,Direct,Reliance Retail,Mamaearth,Aug'24,FY_24-25,0.4,0.7
Reliance Retail Limited_FRFB,Direct,Reliance Retail,Aqualogica,Aug'24,FY_24-25,0.4,0.7
Reliance Retail Limited_FRFB,Direct,Reliance Retail,BBlunt,Aug'24,FY_24-25,0.4,0.6
Reliance Retail Limited_FRFB,Direct,Reliance Retail,Mamaearth,Aug'24,FY_24-25,0.7,1.1
Reliance Retail Limited_FRFB,Direct,Reliance Retail,The Derma Co,Aug'24,FY_24-25,0.7,1.1
Reliance Retail Limited_FRFK,Direct,Reliance Retail,Mamaearth,Aug'24,FY_24-25,0.0,0.0
Reliance Retail Limited_FRFR,Direct,Reliance Retail,Mamaearth,Aug'24,FY_24-25,0.0,0.0
Reliance Retail Limited_FRGC,Direct,Reliance Retail,Mamaearth,Aug'24,FY_24-25,0.6,1.1
Reliance Retail Limited_FRGE,Direct,Reliance Retail,Aqualogica,Aug'24,FY_24-25,0.4,0.7
Reliance Retail Limited_FRGE,Direct,Reliance Retail,BBlunt,Aug'24,FY_24-25,0.4,0.6
Reliance Retail Limited_FRGE,Direct,Reliance Retail,Mamaearth,Aug'24,FY_24-25,0.5,0.8
Reliance Retail Limited_FRGE,Direct,Reliance Retail,The Derma Co,Aug'24,FY_24-25,0.7,1.2
Reliance Retail Limited_FRGF,Direct,Reliance Retail,Mamaearth,Aug'24,FY_24-25,0.3,0.6
Reliance Retail Limited_FRGK,Direct,Reliance Retail,Mamaearth,Aug'24,FY_24-25,0.0,0.0
Reliance Retail Limited_FRGM,Direct,Reliance Retail,Aqualogica,Aug'24,FY_24-25,0.0,0.1
Reliance Retail Limited_FRGM,Direct,Reliance Retail,Mamaearth,Aug'24,FY_24-25,0.3,1.0
Reliance Retail Limited_FRGM,Direct,Reliance Retail,The Derma Co,Aug'24,FY_24-25,0.0,0.1
Reliance Retail Limited_FRGW,Direct,Reliance Retail,Mamaearth,Aug'24,FY_24-25,0.5,0.8
Reliance Retail Limited_FRHC,Direct,Reliance Retail,Mamaearth,Aug'24,FY_24-25,0.0,0.0
Reliance Retail Limited_FRHF,Direct,Reliance Retail,Mamaearth,Aug'24,FY_24-25,0.0,0.0
Reliance Retail Limited_FRHM,Direct,Reliance Retail,Mamaearth,Aug'24,FY_24-25,0.0,0.0
Reliance Retail Limited_FRHR,Direct,Reliance Retail,Mamaearth,Aug'24,FY_24-25,0.5,0.9
Reliance Retail Limited_Frhv,Direct,Reliance Retail,Aqualogica,Aug'24,FY_24-25,0.1,0.2
Reliance Retail Limited_Frhv,Direct,Reliance Retail,Mamaearth,Aug'24,FY_24-25,12.0,44.9
RELIANCE RETAIL LIMITED_FRIA,Direct,Reliance Retail,Mamaearth,Aug'24,FY_24-25,6.9,23.2
Reliance Retail Limited_S0IX,Direct,Reliance Retail,Aqualogica,Aug'24,FY_24-25,0.5,0.8
Reliance Retail Limited_S0IX,Direct,Reliance Retail,Mamaearth,Aug'24,FY_24-25,8.5,25.5
Reliance Retail Limited_S0IX,Direct,Reliance Retail,The Derma Co,Aug'24,FY_24-25,0.5,0.8
Reliance Retail Limited_SAHO,Direct,Reliance Retail,Mamaearth,Aug'24,FY_24-25,10.4,24.6
Reliance Retail Limited_SAOS,Direct,Reliance Retail,Aqualogica,Aug'24,FY_24-25,0.3,0.4
Reliance Retail Limited_SAOS,Direct,Reliance Retail,Mamaearth,Aug'24,FY_24-25,10.1,35.6
Reliance Retail Limited_Sb01,Direct,Reliance Retail,Aqualogica,Aug'24,FY_24-25,0.0,-0.1
Reliance Retail Limited_Sb01,Direct,Reliance Retail,Mamaearth,Aug'24,FY_24-25,8.6,27.4
Reliance Retail Limited_Sb01,Direct,Reliance Retail,The Derma Co,Aug'24,FY_24-25,-0.1,-0.1
RELIANCE RETAIL LIMITED_SF52,Direct,Reliance Retail,Mamaearth,Aug'24,FY_24-25,3.5,11.5
Reliance Retail Limited_Sk8I,Direct,Reliance Retail,Mamaearth,Aug'24,FY_24-25,-0.8,-1.1
Reliance Retail Limited_SL6S,Direct,Reliance Retail,Mamaearth,Aug'24,FY_24-25,8.6,18.8
Reliance Retail Limited_T62I,Direct,Reliance Retail,Aqualogica,Aug'24,FY_24-25,0.0,0.0
Reliance Retail Limited_T62I,Direct,Reliance Retail,Mamaearth,Aug'24,FY_24-25,0.4,0.7
Reliance Retail Limited_T62I,Direct,Reliance Retail,The Derma Co,Aug'24,FY_24-25,0.0,0.0
Reliance Retail Limited_T913,Direct,Reliance Retail,Aqualogica,Aug'24,FY_24-25,0.2,0.3
Reliance Retail Limited_T913,Direct,Reliance Retail,BBlunt,Aug'24,FY_24-25,0.1,0.2
Reliance Retail Limited_T913,Direct,Reliance Retail,Mamaearth,Aug'24,FY_24-25,0.0,0.0
Reliance Retail Limited_T913,Direct,Reliance Retail,The Derma Co,Aug'24,FY_24-25,0.3,0.5
Reliance Retail Limited_T946,Direct,Reliance Retail,Mamaearth,Aug'24,FY_24-25,0.0,0.0
Reliance Retail Limited_TB15,Direct,Reliance Retail,Mamaearth,Aug'24,FY_24-25,0.0,0.0
Reliance Retail Limited_TDE3,Direct,Reliance Retail,Aqualogica,Aug'24,FY_24-25,0.0,0.0
Reliance Retail Limited_TDE3,Direct,Reliance Retail,Mamaearth,Aug'24,FY_24-25,0.2,0.4
Reliance Retail Limited_TDE3,Direct,Reliance Retail,The Derma Co,Aug'24,FY_24-25,0.0,0.0
Reliance Retail Limited_TE57,Direct,Reliance Retail,Mamaearth,Aug'24,FY_24-25,0.0,0.0
Reliance Retail Limited_TFY8,Direct,Reliance Retail,Mamaearth,Aug'24,FY_24-25,0.3,0.6
Reliance Retail Limited_TG87,Direct,Reliance Retail,Mamaearth,Aug'24,FY_24-25,0.4,0.7
Reliance Retail Limited_TH94,Direct,Reliance Retail,Mamaearth,Aug'24,FY_24-25,0.3,0.6
Reliance Retail Limited_TI77,Direct,Reliance Retail,Mamaearth,Aug'24,FY_24-25,0.3,0.6
Reliance Retail Limited_TMW7,Direct,Reliance Retail,Aqualogica,Aug'24,FY_24-25,0.0,0.0
Reliance Retail Limited_TMW7,Direct,Reliance Retail,Mamaearth,Aug'24,FY_24-25,0.3,0.5
Reliance Retail Limited_TMW7,Direct,Reliance Retail,The Derma Co,Aug'24,FY_24-25,0.0,0.0
Reliance Retail Limited_TNB7,Direct,Reliance Retail,Aqualogica,Aug'24,FY_24-25,0.0,0.0
Reliance Retail Limited_TNB7,Direct,Reliance Retail,Mamaearth,Aug'24,FY_24-25,0.8,1.5
Reliance Retail Limited_TNB7,Direct,Reliance Retail,The Derma Co,Aug'24,FY_24-25,0.0,0.1
Reliance Retail Limited_TNC1,Direct,Reliance Retail,Aqualogica,Aug'24,FY_24-25,0.5,1.0
Reliance Retail Limited_TNC1,Direct,Reliance Retail,BBlunt,Aug'24,FY_24-25,0.3,0.4
Reliance Retail Limited_TNC1,Direct,Reliance Retail,Mamaearth,Aug'24,FY_24-25,0.4,0.7
Reliance Retail Limited_TNC1,Direct,Reliance Retail,The Derma Co,Aug'24,FY_24-25,0.7,1.2
Reliance Retail Limited_TNC6,Direct,Reliance Retail,Mamaearth,Aug'24,FY_24-25,0.3,0.6
Reliance Retail Limited_TNC8,Direct,Reliance Retail,Mamaearth,Aug'24,FY_24-25,0.4,0.7
Reliance Retail Limited_TND0,Direct,Reliance Retail,Mamaearth,Aug'24,FY_24-25,0.4,0.7
Reliance Retail Limited_TNP8,Direct,Reliance Retail,Aqualogica,Aug'24,FY_24-25,0.0,0.0
Reliance Retail Limited_TNP8,Direct,Reliance Retail,Mamaearth,Aug'24,FY_24-25,0.2,0.5
Reliance Retail Limited_TNP8,Direct,Reliance Retail,The Derma Co,Aug'24,FY_24-25,0.0,0.0
Reliance Retail Limited_TO20,Direct,Reliance Retail,Mamaearth,Aug'24,FY_24-25,0.0,0.0
Reliance Retail Limited_TOJ6,Direct,Reliance Retail,Aqualogica,Aug'24,FY_24-25,0.0,0.0
Reliance Retail Limited_TOJ6,Direct,Reliance Retail,Mamaearth,Aug'24,FY_24-25,0.0,0.0
Reliance Retail Limited_TOJ6,Direct,Reliance Retail,The Derma Co,Aug'24,FY_24-25,0.0,0.0
Reliance Retail Limited_TP05,Direct,Reliance Retail,Mamaearth,Aug'24,FY_24-25,0.4,0.6
Reliance Retail Limited_TP75,Direct,Reliance Retail,Mamaearth,Aug'24,FY_24-25,0.0,0.0
Reliance Retail Limited_TP76,Direct,Reliance Retail,Mamaearth,Aug'24,FY_24-25,0.0,0.0
Reliance Retail Limited_TQ21,Direct,Reliance Retail,Aqualogica,Aug'24,FY_24-25,0.0,0.0
Reliance Retail Limited_TQ21,Direct,Reliance Retail,Mamaearth,Aug'24,FY_24-25,0.0,0.0
Reliance Retail Limited_TQ21,Direct,Reliance Retail,The Derma Co,Aug'24,FY_24-25,0.0,0.0
Reliance Retail Limited_TU21,Direct,Reliance Retail,Mamaearth,Aug'24,FY_24-25,0.3,0.5
Reliance Retail Limited_TY87,Direct,Reliance Retail,Mamaearth,Aug'24,FY_24-25,0.3,0.5
Reliance Retail Limited-2959,Direct,Reliance Retail,Mamaearth,Aug'24,FY_24-25,0.7,1.1
Reliance Retail Limited-6202,Direct,Reliance Retail,Aqualogica,Aug'24,FY_24-25,0.3,0.5
Reliance Retail Limited-6202,Direct,Reliance Retail,BBlunt,Aug'24,FY_24-25,0.1,0.1
Reliance Retail Limited-6202,Direct,Reliance Retail,Mamaearth,Aug'24,FY_24-25,0.6,0.9
Reliance Retail Limited-6202,Direct,Reliance Retail,The Derma Co,Aug'24,FY_24-25,0.5,0.8
Reliance Retail Limited-6203,Direct,Reliance Retail,Aqualogica,Aug'24,FY_24-25,0.0,0.0
Reliance Retail Limited-6203,Direct,Reliance Retail,The Derma Co,Aug'24,FY_24-25,0.0,0.0
Reliance Retail Limited-6205,Direct,Reliance Retail,Aqualogica,Aug'24,FY_24-25,0.3,0.6
Reliance Retail Limited-6205,Direct,Reliance Retail,BBlunt,Aug'24,FY_24-25,0.1,0.2
Reliance Retail Limited-6205,Direct,Reliance Retail,Mamaearth,Aug'24,FY_24-25,0.6,1.0
Reliance Retail Limited-6205,Direct,Reliance Retail,The Derma Co,Aug'24,FY_24-25,0.5,1.0
Reliance Retail Limited-6208,Direct,Reliance Retail,Aqualogica,Aug'24,FY_24-25,0.0,0.0
Reliance Retail Limited-6208,Direct,Reliance Retail,Mamaearth,Aug'24,FY_24-25,0.0,0.3
Reliance Retail Limited-6208,Direct,Reliance Retail,The Derma Co,Aug'24,FY_24-25,0.0,0.0
Reliance Retail Limited-6210,Direct,Reliance Retail,Aqualogica,Aug'24,FY_24-25,0.0,0.0
Reliance Retail Limited-6210,Direct,Reliance Retail,Mamaearth,Aug'24,FY_24-25,0.3,0.5
Reliance Retail Limited-6210,Direct,Reliance Retail,The Derma Co,Aug'24,FY_24-25,0.0,0.0
Reliance Retail Limited-6217,Direct,Reliance Retail,Aqualogica,Aug'24,FY_24-25,0.0,0.0
Reliance Retail Limited-6217,Direct,Reliance Retail,Mamaearth,Aug'24,FY_24-25,0.8,1.5
Reliance Retail Limited-6217,Direct,Reliance Retail,The Derma Co,Aug'24,FY_24-25,0.4,0.7
Reliance Retail Limited-6219,Direct,Reliance Retail,Mamaearth,Aug'24,FY_24-25,0.3,0.4
Reliance Retail Limited-6220,Direct,Reliance Retail,Aqualogica,Aug'24,FY_24-25,0.0,0.0
Reliance Retail Limited-6220,Direct,Reliance Retail,Mamaearth,Aug'24,FY_24-25,0.6,1.1
Reliance Retail Limited-6220,Direct,Reliance Retail,The Derma Co,Aug'24,FY_24-25,0.0,0.0
Reliance Retail Limited-6224,Direct,Reliance Retail,Mamaearth,Aug'24,FY_24-25,0.4,0.6
Reliance Retail Limited-6225,Direct,Reliance Retail,Mamaearth,Aug'24,FY_24-25,-0.3,-0.6
Reliance Retail Limited-6239,Direct,Reliance Retail,Aqualogica,Aug'24,FY_24-25,0.0,-0.1
Reliance Retail Limited-6239,Direct,Reliance Retail,Mamaearth,Aug'24,FY_24-25,-0.1,0.2
Reliance Retail Limited-6239,Direct,Reliance Retail,The Derma Co,Aug'24,FY_24-25,-0.1,-0.1
Reliance Retail Limited-6726,Direct,Reliance Retail,Mamaearth,Aug'24,FY_24-25,0.9,1.6
RELIANCE RETAIL LIMITED-Badli,Direct,Reliance Retail,Mamaearth,Aug'24,FY_24-25,10.7,28.5
RELIANCE RETAIL LIMITED-Badli,Direct,Reliance Retail,The Derma Co,Aug'24,FY_24-25,0.7,1.1
Reliance Retail Limited-FR04,Direct,Reliance Retail,Aqualogica,Aug'24,FY_24-25,0.0,0.0
Reliance Retail Limited-FR04,Direct,Reliance Retail,Mamaearth,Aug'24,FY_24-25,0.0,0.0
Reliance Retail Limited-FR04,Direct,Reliance Retail,The Derma Co,Aug'24,FY_24-25,-0.8,-1.2
Reliance Retail Limited-FR08,Direct,Reliance Retail,Aqualogica,Aug'24,FY_24-25,0.0,0.0
Reliance Retail Limited-FR08,Direct,Reliance Retail,Mamaearth,Aug'24,FY_24-25,0.2,0.5
Reliance Retail Limited-FR08,Direct,Reliance Retail,The Derma Co,Aug'24,FY_24-25,0.0,0.0
Reliance Retail Limited-FR15,Direct,Reliance Retail,Aqualogica,Aug'24,FY_24-25,0.0,0.0
Reliance Retail Limited-FR15,Direct,Reliance Retail,Mamaearth,Aug'24,FY_24-25,0.2,0.4
Reliance Retail Limited-FR15,Direct,Reliance Retail,The Derma Co,Aug'24,FY_24-25,0.0,0.0
Reliance Retail Limited-FR22,Direct,Reliance Retail,Aqualogica,Aug'24,FY_24-25,0.0,0.0
Reliance Retail Limited-FR22,Direct,Reliance Retail,Mamaearth,Aug'24,FY_24-25,0.3,0.5
Reliance Retail Limited-FR22,Direct,Reliance Retail,The Derma Co,Aug'24,FY_24-25,0.0,0.0
Reliance Retail Limited-FR45,Direct,Reliance Retail,Aqualogica,Aug'24,FY_24-25,0.0,0.0
Reliance Retail Limited-FR45,Direct,Reliance Retail,BBlunt,Aug'24,FY_24-25,0.0,0.0
Reliance Retail Limited-FR45,Direct,Reliance Retail,Mamaearth,Aug'24,FY_24-25,0.7,1.2
Reliance Retail Limited-FR45,Direct,Reliance Retail,The Derma Co,Aug'24,FY_24-25,0.1,0.2
Reliance Retail Limited-FR63,Direct,Reliance Retail,Aqualogica,Aug'24,FY_24-25,0.4,0.7
Reliance Retail Limited-FR63,Direct,Reliance Retail,BBlunt,Aug'24,FY_24-25,0.3,0.5
Reliance Retail Limited-FR63,Direct,Reliance Retail,Mamaearth,Aug'24,FY_24-25,0.3,0.5
Reliance Retail Limited-FR63,Direct,Reliance Retail,The Derma Co,Aug'24,FY_24-25,0.6,0.9
Reliance Retail Limited-FR73,Direct,Reliance Retail,Aqualogica,Aug'24,FY_24-25,0.5,0.8
Reliance Retail Limited-FR73,Direct,Reliance Retail,BBlunt,Aug'24,FY_24-25,0.3,0.6
Reliance Retail Limited-FR73,Direct,Reliance Retail,Mamaearth,Aug'24,FY_24-25,0.6,1.0
Reliance Retail Limited-FR73,Direct,Reliance Retail,The Derma Co,Aug'24,FY_24-25,0.6,0.9
Reliance Retail Limited-FRAR,Direct,Reliance Retail,Aqualogica,Aug'24,FY_24-25,0.8,1.2
Reliance Retail Limited-FRAR,Direct,Reliance Retail,BBlunt,Aug'24,FY_24-25,0.4,0.6
Reliance Retail Limited-FRAR,Direct,Reliance Retail,Mamaearth,Aug'24,FY_24-25,0.3,0.5
Reliance Retail Limited-FRAR,Direct,Reliance Retail,The Derma Co,Aug'24,FY_24-25,0.9,1.4
Reliance Retail Limited-FRAU,Direct,Reliance Retail,Aqualogica,Aug'24,FY_24-25,0.4,0.7
Reliance Retail Limited-FRAU,Direct,Reliance Retail,BBlunt,Aug'24,FY_24-25,0.1,0.1
Reliance Retail Limited-FRAU,Direct,Reliance Retail,Mamaearth,Aug'24,FY_24-25,0.4,0.7
Reliance Retail Limited-FRAU,Direct,Reliance Retail,The Derma Co,Aug'24,FY_24-25,0.4,0.6
Reliance Retail Limited-FRBV,Direct,Reliance Retail,Aqualogica,Aug'24,FY_24-25,0.4,0.7
Reliance Retail Limited-FRBV,Direct,Reliance Retail,BBlunt,Aug'24,FY_24-25,0.2,0.4
Reliance Retail Limited-FRBV,Direct,Reliance Retail,The Derma Co,Aug'24,FY_24-25,0.8,1.2
Reliance Retail Limited-FRCB,Direct,Reliance Retail,Aqualogica,Aug'24,FY_24-25,0.4,0.6
Reliance Retail Limited-FRCB,Direct,Reliance Retail,BBlunt,Aug'24,FY_24-25,0.2,0.3
Reliance Retail Limited-FRCB,Direct,Reliance Retail,Mamaearth,Aug'24,FY_24-25,0.3,0.5
Reliance Retail Limited-FRCB,Direct,Reliance Retail,The Derma Co,Aug'24,FY_24-25,0.5,0.9
Reliance Retail Limited-FRCC,Direct,Reliance Retail,Aqualogica,Aug'24,FY_24-25,0.5,0.7
Reliance Retail Limited-FRCC,Direct,Reliance Retail,BBlunt,Aug'24,FY_24-25,0.2,0.4
Reliance Retail Limited-FRCC,Direct,Reliance Retail,Mamaearth,Aug'24,FY_24-25,0.5,0.8
Reliance Retail Limited-FRCC,Direct,Reliance Retail,The Derma Co,Aug'24,FY_24-25,0.6,0.9
Reliance Retail Limited-FRCK,Direct,Reliance Retail,Aqualogica,Aug'24,FY_24-25,0.4,0.7
Reliance Retail Limited-FRCK,Direct,Reliance Retail,BBlunt,Aug'24,FY_24-25,0.3,0.5
Reliance Retail Limited-FRCK,Direct,Reliance Retail,Mamaearth,Aug'24,FY_24-25,0.6,0.9
Reliance Retail Limited-FRCK,Direct,Reliance Retail,The Derma Co,Aug'24,FY_24-25,0.7,1.1
Reliance Retail Limited-FRCO,Direct,Reliance Retail,Mamaearth,Aug'24,FY_24-25,0.4,0.8
Reliance Retail Limited-FRCX,Direct,Reliance Retail,Aqualogica,Aug'24,FY_24-25,0.0,0.0
Reliance Retail Limited-FRCX,Direct,Reliance Retail,Mamaearth,Aug'24,FY_24-25,0.5,1.0
Reliance Retail Limited-FRCX,Direct,Reliance Retail,The Derma Co,Aug'24,FY_24-25,0.0,0.0
Reliance Retail Limited-FRDF,Direct,Reliance Retail,Mamaearth,Aug'24,FY_24-25,0.4,0.8
Reliance Retail Limited-FRDH,Direct,Reliance Retail,Mamaearth,Aug'24,FY_24-25,1.2,2.0
Reliance Retail Limited-FRDJ,Direct,Reliance Retail,Mamaearth,Aug'24,FY_24-25,0.6,1.0
Reliance Retail Limited-FRDM,Direct,Reliance Retail,Mamaearth,Aug'24,FY_24-25,0.8,1.3
Reliance Retail Limited-FRDY,Direct,Reliance Retail,Mamaearth,Aug'24,FY_24-25,0.3,0.4
Reliance Retail Limited-FRDZ,Direct,Reliance Retail,Aqualogica,Aug'24,FY_24-25,0.0,0.0
Reliance Retail Limited-FRDZ,Direct,Reliance Retail,Mamaearth,Aug'24,FY_24-25,0.2,0.7
Reliance Retail Limited-FRDZ,Direct,Reliance Retail,The Derma Co,Aug'24,FY_24-25,0.0,0.0
Reliance Retail Limited-FREB,Direct,Reliance Retail,Aqualogica,Aug'24,FY_24-25,0.0,0.0
Reliance Retail Limited-FREB,Direct,Reliance Retail,Mamaearth,Aug'24,FY_24-25,0.3,0.5
Reliance Retail Limited-FREB,Direct,Reliance Retail,The Derma Co,Aug'24,FY_24-25,0.0,0.0
RELIANCE RETAIL LIMITED-FREC,Direct,Reliance Retail,Mamaearth,Aug'24,FY_24-25,22.8,65.0
RELIANCE RETAIL LIMITED-FREF,Direct,Reliance Retail,Mamaearth,Aug'24,FY_24-25,4.1,8.8
RELIANCE RETAIL LIMITED-FREI,Direct,Reliance Retail,Mamaearth,Aug'24,FY_24-25,-0.6,-1.4
Reliance Retail Limited-FRFH,Direct,Reliance Retail,Aqualogica,Aug'24,FY_24-25,0.5,0.8
Reliance Retail Limited-FRFH,Direct,Reliance Retail,BBlunt,Aug'24,FY_24-25,0.3,0.5
Reliance Retail Limited-FRFH,Direct,Reliance Retail,Mamaearth,Aug'24,FY_24-25,0.6,1.1
Reliance Retail Limited-FRFH,Direct,Reliance Retail,The Derma Co,Aug'24,FY_24-25,0.7,1.2
Reliance Retail Limited-FRGQ,Direct,Reliance Retail,Mamaearth,Aug'24,FY_24-25,0.8,1.3
Reliance Retail Limited-FRGS,Direct,Reliance Retail,Aqualogica,Aug'24,FY_24-25,0.4,0.6
Reliance Retail Limited-FRGS,Direct,Reliance Retail,BBlunt,Aug'24,FY_24-25,0.2,0.4
Reliance Retail Limited-FRGS,Direct,Reliance Retail,Mamaearth,Aug'24,FY_24-25,0.3,0.6
Reliance Retail Limited-FRGS,Direct,Reliance Retail,The Derma Co,Aug'24,FY_24-25,0.5,0.8
Reliance Retail Limited-FRHK,Direct,Reliance Retail,Aqualogica,Aug'24,FY_24-25,0.6,0.9
Reliance Retail Limited-FRHK,Direct,Reliance Retail,BBlunt,Aug'24,FY_24-25,0.3,0.5
Reliance Retail Limited-FRHK,Direct,Reliance Retail,Mamaearth,Aug'24,FY_24-25,0.5,0.9
Reliance Retail Limited-FRHK,Direct,Reliance Retail,The Derma Co,Aug'24,FY_24-25,0.8,1.3
Reliance Retail Limited-S0GK,Direct,Reliance Retail,Mamaearth,Aug'24,FY_24-25,10.9,25.5
Reliance Retail Limited-S0IL,Direct,Reliance Retail,Mamaearth,Aug'24,FY_24-25,0.0,-0.3
Reliance Retail Limited-S0KN,Direct,Reliance Retail,Aqualogica,Aug'24,FY_24-25,0.4,0.7
Reliance Retail Limited-S0KN,Direct,Reliance Retail,Mamaearth,Aug'24,FY_24-25,4.4,11.5
Reliance Retail Limited-SAAH,Direct,Reliance Retail,Mamaearth,Aug'24,FY_24-25,10.1,29.6
RELIANCE RETAIL LIMITED-SF92,Direct,Reliance Retail,Mamaearth,Aug'24,FY_24-25,16.3,55.1
RELIANCE RETAIL LIMITED-SH65,Direct,Reliance Retail,Mamaearth,Aug'24,FY_24-25,9.1,25.4
RELIANCE RETAIL LIMITED-SH69,Direct,Reliance Retail,Mamaearth,Aug'24,FY_24-25,4.4,11.6
RELIANCE RETAIL LIMITED-SH69,Direct,Reliance Retail,The Derma Co,Aug'24,FY_24-25,0.4,0.7
RELIANCE RETAIL LIMITED-SH71,Direct,Reliance Retail,Mamaearth,Aug'24,FY_24-25,7.4,22.0
Reliance Retail Limited-SH77,Direct,Reliance Retail,Mamaearth,Aug'24,FY_24-25,0.7,1.9
Reliance Retail Limited-SK6I,Direct,Reliance Retail,Aqualogica,Aug'24,FY_24-25,0.3,0.4
Reliance Retail Limited-SK6I,Direct,Reliance Retail,Mamaearth,Aug'24,FY_24-25,4.5,13.6
Reliance Retail Limited-SLET,Direct,Reliance Retail,Mamaearth,Aug'24,FY_24-25,3.3,8.5
Reliance Retail Limited-SLG3,Direct,Reliance Retail,Aqualogica,Aug'24,FY_24-25,-0.4,-0.6
Reliance Retail Limited-SLG3,Direct,Reliance Retail,Mamaearth,Aug'24,FY_24-25,4.3,19.3
Reliance Retail Limited-SLG3,Direct,Reliance Retail,The Derma Co,Aug'24,FY_24-25,-0.2,-0.3
RELIANCE RETAIL LIMITED-SLIG,Direct,Reliance Retail,Aqualogica,Aug'24,FY_24-25,0.5,0.8
RELIANCE RETAIL LIMITED-SLIG,Direct,Reliance Retail,Mamaearth,Aug'24,FY_24-25,8.1,23.7
RELIANCE RETAIL LIMITED-SLIG,Direct,Reliance Retail,The Derma Co,Aug'24,FY_24-25,0.7,1.1
RELIANCE RETAIL LIMITED-SLII,Direct,Reliance Retail,Mamaearth,Aug'24,FY_24-25,0.1,0.2
Reliance Retail Limited-Slmr,Direct,Reliance Retail,Mamaearth,Aug'24,FY_24-25,3.3,7.6
Reliance Retail Limited-SLS1,Direct,Reliance Retail,Mamaearth,Aug'24,FY_24-25,4.9,13.4
Reliance Retail Limited-SLS2,Direct,Reliance Retail,Mamaearth,Aug'24,FY_24-25,0.1,0.3
Reliance Retail Limited-SN1U,Direct,Reliance Retail,Mamaearth,Aug'24,FY_24-25,2.9,7.5
Reliance Retail Limited-SP9K,Direct,Reliance Retail,Mamaearth,Aug'24,FY_24-25,3.1,10.5
Reliance Retail Limited-T2DI,Direct,Reliance Retail,Aqualogica,Aug'24,FY_24-25,0.1,0.1
Reliance Retail Limited-T2DI,Direct,Reliance Retail,BBlunt,Aug'24,FY_24-25,0.1,0.1
Reliance Retail Limited-T2DI,Direct,Reliance Retail,The Derma Co,Aug'24,FY_24-25,0.3,0.4
Reliance Retail Limited-T37T,Direct,Reliance Retail,Mamaearth,Aug'24,FY_24-25,0.8,1.4
Reliance Retail Limited-T84I,Direct,Reliance Retail,Aqualogica,Aug'24,FY_24-25,0.4,0.7
Reliance Retail Limited-T84I,Direct,Reliance Retail,BBlunt,Aug'24,FY_24-25,0.5,0.9
Reliance Retail Limited-T84I,Direct,Reliance Retail,The Derma Co,Aug'24,FY_24-25,1.0,1.7
Reliance Retail Limited-T84L,Direct,Reliance Retail,Aqualogica,Aug'24,FY_24-25,0.0,0.0
Reliance Retail Limited-T84L,Direct,Reliance Retail,Mamaearth,Aug'24,FY_24-25,0.3,0.5
Reliance Retail Limited-T84L,Direct,Reliance Retail,The Derma Co,Aug'24,FY_24-25,0.0,0.0
Reliance Retail Limited-T915,Direct,Reliance Retail,Mamaearth,Aug'24,FY_24-25,0.0,0.2
Reliance Retail Limited-TA36,Direct,Reliance Retail,Aqualogica,Aug'24,FY_24-25,0.1,0.1
Reliance Retail Limited-TA36,Direct,Reliance Retail,BBlunt,Aug'24,FY_24-25,0.2,0.3
Reliance Retail Limited-TA36,Direct,Reliance Retail,The Derma Co,Aug'24,FY_24-25,0.2,0.4
Reliance Retail Limited-TAFW,Direct,Reliance Retail,Aqualogica,Aug'24,FY_24-25,0.0,0.0
Reliance Retail Limited-TAFW,Direct,Reliance Retail,Mamaearth,Aug'24,FY_24-25,0.3,0.7
Reliance Retail Limited-TAFW,Direct,Reliance Retail,The Derma Co,Aug'24,FY_24-25,0.0,0.0
Reliance Retail Limited-TAH3,Direct,Reliance Retail,Mamaearth,Aug'24,FY_24-25,0.8,1.4
Reliance Retail Limited-TAIE,Direct,Reliance Retail,Aqualogica,Aug'24,FY_24-25,0.5,0.9
Reliance Retail Limited-TAIE,Direct,Reliance Retail,BBlunt,Aug'24,FY_24-25,0.2,0.3
Reliance Retail Limited-TAIE,Direct,Reliance Retail,The Derma Co,Aug'24,FY_24-25,0.7,1.1
Reliance Retail Limited-TAUX,Direct,Reliance Retail,Aqualogica,Aug'24,FY_24-25,0.0,0.0
Reliance Retail Limited-TAUX,Direct,Reliance Retail,Mamaearth,Aug'24,FY_24-25,0.3,0.5
Reliance Retail Limited-TAUX,Direct,Reliance Retail,The Derma Co,Aug'24,FY_24-25,0.0,0.0
Reliance Retail Limited-TC74,Direct,Reliance Retail,Mamaearth,Aug'24,FY_24-25,0.6,1.0
Reliance Retail Limited-TC95,Direct,Reliance Retail,Aqualogica,Aug'24,FY_24-25,0.0,0.0
Reliance Retail Limited-TC95,Direct,Reliance Retail,Mamaearth,Aug'24,FY_24-25,0.6,1.1
Reliance Retail Limited-TC95,Direct,Reliance Retail,The Derma Co,Aug'24,FY_24-25,0.0,0.0
Reliance Retail Limited-TL30,Direct,Reliance Retail,Mamaearth,Aug'24,FY_24-25,0.3,0.7
Reliance Retail Limited-TM18,Direct,Reliance Retail,Mamaearth,Aug'24,FY_24-25,2.7,4.6
Reliance Retail Limited-TN54,Direct,Reliance Retail,Aqualogica,Aug'24,FY_24-25,0.0,0.0
Reliance Retail Limited-TN54,Direct,Reliance Retail,Mamaearth,Aug'24,FY_24-25,0.8,1.4
Reliance Retail Limited-TN54,Direct,Reliance Retail,The Derma Co,Aug'24,FY_24-25,0.0,0.0
Reliance Retail Limited-Tna8,Direct,Reliance Retail,Mamaearth,Aug'24,FY_24-25,0.4,0.7
Reliance Retail Limited-TNB5,Direct,Reliance Retail,Aqualogica,Aug'24,FY_24-25,0.0,0.0
Reliance Retail Limited-TNB5,Direct,Reliance Retail,Mamaearth,Aug'24,FY_24-25,0.4,0.7
Reliance Retail Limited-TNB5,Direct,Reliance Retail,The Derma Co,Aug'24,FY_24-25,0.0,0.0
Reliance Retail Limited-TNC2,Direct,Reliance Retail,Aqualogica,Aug'24,FY_24-25,0.0,0.0
Reliance Retail Limited-TNC2,Direct,Reliance Retail,The Derma Co,Aug'24,FY_24-25,0.1,0.1
Reliance Retail Limited-TNC4,Direct,Reliance Retail,Aqualogica,Aug'24,FY_24-25,0.4,0.7
Reliance Retail Limited-TNC4,Direct,Reliance Retail,BBlunt,Aug'24,FY_24-25,0.3,0.5
Reliance Retail Limited-TNC4,Direct,Reliance Retail,Mamaearth,Aug'24,FY_24-25,0.8,1.3
Reliance Retail Limited-TNC4,Direct,Reliance Retail,The Derma Co,Aug'24,FY_24-25,0.6,0.9
Reliance Retail Limited-TNC7,Direct,Reliance Retail,Aqualogica,Aug'24,FY_24-25,0.5,0.8
Reliance Retail Limited-TNC7,Direct,Reliance Retail,BBlunt,Aug'24,FY_24-25,0.1,0.2
Reliance Retail Limited-TNC7,Direct,Reliance Retail,Mamaearth,Aug'24,FY_24-25,0.5,0.9
Reliance Retail Limited-TNC7,Direct,Reliance Retail,The Derma Co,Aug'24,FY_24-25,0.6,1.1
Reliance Retail Limited-TND1,Direct,Reliance Retail,Mamaearth,Aug'24,FY_24-25,0.4,0.7
Reliance Retail Limited-TND2,Direct,Reliance Retail,Aqualogica,Aug'24,FY_24-25,0.0,0.1
Reliance Retail Limited-TND2,Direct,Reliance Retail,BBlunt,Aug'24,FY_24-25,0.0,0.0
Reliance Retail Limited-TND2,Direct,Reliance Retail,The Derma Co,Aug'24,FY_24-25,0.1,0.2
Reliance Retail Limited-TND4,Direct,Reliance Retail,Mamaearth,Aug'24,FY_24-25,0.6,1.0
Reliance Retail Limited-Tnd5,Direct,Reliance Retail,Aqualogica,Aug'24,FY_24-25,0.0,0.1
Reliance Retail Limited-Tnd5,Direct,Reliance Retail,Mamaearth,Aug'24,FY_24-25,0.4,1.0
Reliance Retail Limited-Tnd5,Direct,Reliance Retail,The Derma Co,Aug'24,FY_24-25,0.0,0.1
Reliance Retail Limited-TOM0,Direct,Reliance Retail,Aqualogica,Aug'24,FY_24-25,0.0,0.0
Reliance Retail Limited-TOM0,Direct,Reliance Retail,Mamaearth,Aug'24,FY_24-25,0.0,0.0
Reliance Retail Limited-TOM0,Direct,Reliance Retail,The Derma Co,Aug'24,FY_24-25,0.0,0.0
Reliance Retail Limited-TP06,Direct,Reliance Retail,Mamaearth,Aug'24,FY_24-25,0.8,1.3
Reliance Retail Limited-TQ61,Direct,Reliance Retail,Mamaearth,Aug'24,FY_24-25,0.9,1.5
Reliance Retail Limited-TW11,Direct,Reliance Retail,Mamaearth,Aug'24,FY_24-25,0.0,0.2
Reliance Retail Limited-TZ8R,Direct,Reliance Retail,Mamaearth,Aug'24,FY_24-25,0.6,1.0
Reliance Retail Limited-TZL5,Direct,Reliance Retail,Aqualogica,Aug'24,FY_24-25,0.4,0.7
Reliance Retail Limited-TZL5,Direct,Reliance Retail,BBlunt,Aug'24,FY_24-25,0.3,0.4
Reliance Retail Limited-TZL5,Direct,Reliance Retail,The Derma Co,Aug'24,FY_24-25,0.6,1.0
Reliance Retail Limited-ZZI0-B,Direct,Reliance Retail,Aqualogica,Aug'24,FY_24-25,0.3,0.4
Reliance Retail Limited-ZZI0-B,Direct,Reliance Retail,Mamaearth,Aug'24,FY_24-25,0.9,1.7
Reliance Retail Ltd _Madhavaram- TNB8,Direct,Reliance Retail,Mamaearth,Aug'24,FY_24-25,0.4,0.6
Reliance Retail Ltd _Mysore_2994,Direct,Reliance Retail,Mamaearth,Aug'24,FY_24-25,0.8,1.4
Reliance Retail Ltd _RAJAJI NAGAR- FR49,Direct,Reliance Retail,Aqualogica,Aug'24,FY_24-25,0.1,0.1
Reliance Retail Ltd _RAJAJI NAGAR- FR49,Direct,Reliance Retail,BBlunt,Aug'24,FY_24-25,0.1,0.1
Reliance Retail Ltd _RAJAJI NAGAR- FR49,Direct,Reliance Retail,Mamaearth,Aug'24,FY_24-25,0.0,0.0
Reliance Retail Ltd _RAJAJI NAGAR- FR49,Direct,Reliance Retail,The Derma Co,Aug'24,FY_24-25,0.2,0.3
Reliance Retail Ltd_Davanagere- TNC0,Direct,Reliance Retail,Mamaearth,Aug'24,FY_24-25,0.4,0.7
Reliance Retail Ltd_Hubballi_2997,Direct,Reliance Retail,Mamaearth,Aug'24,FY_24-25,0.4,0.7
Reliance Retail Ltd_Nagercoil- 3338,Direct,Reliance Retail,Mamaearth,Aug'24,FY_24-25,0.4,0.6
RELIANCE RETAIL Ltd-SK6C,Direct,Reliance Retail,Mamaearth,Aug'24,FY_24-25,6.6,21.5
RELIANCE RETAIL Ltd-SK6C,Direct,Reliance Retail,The Derma Co,Aug'24,FY_24-25,-0.1,-0.1
RELIANCE RETAIL Ltd-SLEW,Direct,Reliance Retail,Mamaearth,Aug'24,FY_24-25,3.6,15.6
RELIANCE RETAIL Ltd-SLEW,Direct,Reliance Retail,The Derma Co,Aug'24,FY_24-25,0.4,0.7
Trent Hypermarket Private Limited_Blr,Direct,Trent,Mamaearth,Aug'24,FY_24-25,0.7,1.1
Trent Hypermarket Private Limited_Mah,Direct,Trent,Mamaearth,Aug'24,FY_24-25,1.7,2.9
Wal-Mart India Private Limited 4702,Direct,Walmart CNC,Mamaearth,Aug'24,FY_24-25,0.3,0.6
Wal-Mart India Private Limited 4703,Direct,Walmart CNC,Mamaearth,Aug'24,FY_24-25,0.5,1.0
Wal-Mart India Private Limited 4706,Direct,Walmart CNC,Mamaearth,Aug'24,FY_24-25,0.6,1.2
Wal-Mart India Private Limited 4712,Direct,Walmart CNC,Mamaearth,Aug'24,FY_24-25,0.9,1.6
Wal-Mart India Private Limited 4713,Direct,Walmart CNC,Mamaearth,Aug'24,FY_24-25,0.4,0.8
Wal-Mart India Private Limited 4716,Direct,Walmart CNC,Mamaearth,Aug'24,FY_24-25,1.0,2.0
Wal-Mart India Private Limited 4717,Direct,Walmart CNC,Mamaearth,Aug'24,FY_24-25,0.0,0.1
Wal-Mart India Private Limited 4719,Direct,Walmart CNC,Mamaearth,Aug'24,FY_24-25,1.6,3.0
Wal-Mart India Private Limited 4720,Direct,Walmart CNC,Mamaearth,Aug'24,FY_24-25,0.4,0.8
Wal-Mart India Private Limited 4721,Direct,Walmart CNC,Mamaearth,Aug'24,FY_24-25,0.2,0.5
Wal-Mart India Private Limited 4723,Direct,Walmart CNC,Mamaearth,Aug'24,FY_24-25,0.9,1.6
Wal-Mart India Private Limited 4724,Direct,Walmart CNC,Mamaearth,Aug'24,FY_24-25,-0.6,-1.1
Wal-Mart India Private Limited 4725,Direct,Walmart CNC,Mamaearth,Aug'24,FY_24-25,0.5,0.9
Wal-Mart India Private Limited 4727,Direct,Walmart CNC,Mamaearth,Aug'24,FY_24-25,1.0,1.9
Wal-Mart India Private Limited 4729,Direct,Walmart CNC,Mamaearth,Aug'24,FY_24-25,0.0,0.0
Wal-Mart India Private Limited 4734,Direct,Walmart CNC,Mamaearth,Aug'24,FY_24-25,0.3,0.5
Wal-Mart India Private Limited 4742,Direct,Walmart CNC,Mamaearth,Aug'24,FY_24-25,0.5,0.9
Wal-Mart India Private Limited 4744,Direct,Walmart CNC,Mamaearth,Aug'24,FY_24-25,0.7,1.3
Wal-Mart India Private Limited 4760,Direct,Walmart CNC,Mamaearth,Aug'24,FY_24-25,0.5,0.9
Wal-Mart India Private Limited 4797,Direct,Walmart CNC,Mamaearth,Aug'24,FY_24-25,0.3,0.6
Wal-Mart India Private Limited 4799,Direct,Walmart CNC,Mamaearth,Aug'24,FY_24-25,1.3,2.5
Wal-Mart India Private Limited 4803,Direct,Walmart CNC,Mamaearth,Aug'24,FY_24-25,-0.2,-0.5
Wal-Mart India Private Limited 4805,Direct,Walmart CNC,Mamaearth,Aug'24,FY_24-25,1.6,3.0
Wal-Mart India Private Limited 4813,Direct,Walmart CNC,Mamaearth,Aug'24,FY_24-25,0.3,0.6
Wal-Mart India Private Limited 4814,Direct,Walmart CNC,Mamaearth,Aug'24,FY_24-25,0.3,0.6
Wellness Forever Medicare Ltd,Direct,Wellness Forever,Aqualogica,Aug'24,FY_24-25,0.3,0.4
Wellness Forever Medicare Ltd,Direct,Wellness Forever,BBlunt,Aug'24,FY_24-25,1.5,2.2
Wellness Forever Medicare Ltd,Direct,Wellness Forever,Mamaearth,Aug'24,FY_24-25,10.4,17.4
Wellness Forever Medicare Ltd,Direct,Wellness Forever,The Derma Co,Aug'24,FY_24-25,8.8,14.9
Wellness Forever Medicare Pvt Ltd,Direct,Wellness Forever,Aqualogica,Aug'24,FY_24-25,0.1,0.2
Wellness Forever Medicare Pvt Ltd,Direct,Wellness Forever,BBlunt,Aug'24,FY_24-25,0.7,1.1
Wellness Forever Medicare Pvt Ltd,Direct,Wellness Forever,Mamaearth,Aug'24,FY_24-25,4.5,7.6
Wellness Forever Medicare Pvt Ltd,Direct,Wellness Forever,The Derma Co,Aug'24,FY_24-25,0.6,1.1
Arc Foods And Beverages_Mt_H&G,Dist.,H&G,Aqualogica,Aug'24,FY_24-25,1.0,1.8
Arc Foods And Beverages_Mt_H&G,Dist.,Apollo Healthco,Aqualogica,Aug'24,FY_24-25,0.1,0.2
Arc Foods And Beverages_Mt_H&G,Dist.,H&G,BBlunt,Aug'24,FY_24-25,0.9,1.4
Arc Foods And Beverages_Mt_H&G,Dist.,Apollo Healthco,Mamaearth,Aug'24,FY_24-25,-1.0,-1.8
Arc Foods And Beverages_Mt_H&G,Dist.,H&G,Mamaearth,Aug'24,FY_24-25,-1.4,-2.5
Arc Foods And Beverages_Mt_H&G,Dist.,H&G,The Derma Co,Aug'24,FY_24-25,8.9,16.2
Arc Foods And Beverages_Mt_H&G,Dist.,Apollo Healthco,The Derma Co,Aug'24,FY_24-25,0.5,1.0
Az Enterprises(Apollo/More)Mt,Dist.,Apollo Healthco,Aqualogica,Aug'24,FY_24-25,0.4,0.6
Az Enterprises(Apollo/More)Mt,Dist.,H&G,Aqualogica,Aug'24,FY_24-25,2.6,4.2
Az Enterprises(Apollo/More)Mt,Dist.,B&N,Aqualogica,Aug'24,FY_24-25,0.1,0.1
Az Enterprises(Apollo/More)Mt,Dist.,H&G,BBlunt,Aug'24,FY_24-25,3.6,6.4
Az Enterprises(Apollo/More)Mt,Dist.,B&N,BBlunt,Aug'24,FY_24-25,1.1,1.9
Az Enterprises(Apollo/More)Mt,Dist.,Apollo Healthco,Mamaearth,Aug'24,FY_24-25,17.1,31.3
Az Enterprises(Apollo/More)Mt,Dist.,Lulu,Mamaearth,Aug'24,FY_24-25,3.2,5.8
Az Enterprises(Apollo/More)Mt,Dist.,Max Hyper,Mamaearth,Aug'24,FY_24-25,1.0,1.9
Az Enterprises(Apollo/More)Mt,Dist.,H&G,Mamaearth,Aug'24,FY_24-25,7.5,13.8
Az Enterprises(Apollo/More)Mt,Dist.,B&N,Mamaearth,Aug'24,FY_24-25,0.4,0.7
Az Enterprises(Apollo/More)Mt,Dist.,More Retail,Mamaearth,Aug'24,FY_24-25,5.8,10.7
Az Enterprises(Apollo/More)Mt,Dist.,Apollo Healthco,The Derma Co,Aug'24,FY_24-25,2.6,4.3
Az Enterprises(Apollo/More)Mt,Dist.,Lulu,The Derma Co,Aug'24,FY_24-25,0.4,0.7
Az Enterprises(Apollo/More)Mt,Dist.,H&G,The Derma Co,Aug'24,FY_24-25,16.6,27.7
Az Enterprises(Apollo/More)Mt,Dist.,B&N,The Derma Co,Aug'24,FY_24-25,1.4,2.3
BALAJI ASSOCIATES Distributor MT,Dist.,V-Mart,BBlunt,Aug'24,FY_24-25,-0.1,-0.1
Chhabra Traders,Dist.,Spencer,BBlunt,Aug'24,FY_24-25,0.1,0.2
Chhabra Traders,Dist.,Lulu,Mamaearth,Aug'24,FY_24-25,4.2,8.4
Chhabra Traders,Dist.,Spencer,Mamaearth,Aug'24,FY_24-25,4.4,8.8
Chhabra Traders,Dist.,Lulu,The Derma Co,Aug'24,FY_24-25,1.9,3.5
D.L. Sales - MT,Dist.,Apollo Healthco,Aqualogica,Aug'24,FY_24-25,0.0,0.0
D.L. Sales - MT,Dist.,H&G,Aqualogica,Aug'24,FY_24-25,0.0,0.1
D.L. Sales - MT,Dist.,Spencer,Aqualogica,Aug'24,FY_24-25,0.7,1.2
D.L. Sales - MT,Dist.,H&G,BBlunt,Aug'24,FY_24-25,0.2,0.4
D.L. Sales - MT,Dist.,Spencer,BBlunt,Aug'24,FY_24-25,0.1,0.2
D.L. Sales - MT,Dist.,Apollo Healthco,Mamaearth,Aug'24,FY_24-25,6.0,10.5
D.L. Sales - MT,Dist.,H&G,Mamaearth,Aug'24,FY_24-25,0.8,1.3
D.L. Sales - MT,Dist.,More Retail,Mamaearth,Aug'24,FY_24-25,2.2,3.8
D.L. Sales - MT,Dist.,Spencer,Mamaearth,Aug'24,FY_24-25,6.2,10.9
D.L. Sales - MT,Dist.,Arambagh,Mamaearth,Aug'24,FY_24-25,1.0,1.7
D.L. Sales - MT,Dist.,V-Mart,Mamaearth,Aug'24,FY_24-25,1.5,2.7
D.L. Sales - MT,Dist.,Frankross,Mamaearth,Aug'24,FY_24-25,2.6,4.4
D.L. Sales - MT,Dist.,Apollo Healthco,The Derma Co,Aug'24,FY_24-25,0.2,0.4
D.L. Sales - MT,Dist.,H&G,The Derma Co,Aug'24,FY_24-25,1.4,2.5
D.L. Sales - MT,Dist.,Spencer,The Derma Co,Aug'24,FY_24-25,1.0,1.8
G.V Enterprises,Dist.,Lulu,Aqualogica,Aug'24,FY_24-25,1.0,1.9
G.V Enterprises,Dist.,H&G,BBlunt,Aug'24,FY_24-25,0.0,0.0
G.V Enterprises,Dist.,Apollo Healthco,Mamaearth,Aug'24,FY_24-25,2.3,4.7
G.V Enterprises,Dist.,D-Mart,Mamaearth,Aug'24,FY_24-25,28.4,59.1
G.V Enterprises,Dist.,Lulu,Mamaearth,Aug'24,FY_24-25,2.0,4.1
G.V Enterprises,Dist.,Pothys,Mamaearth,Aug'24,FY_24-25,2.5,5.1
G.V Enterprises,Dist.,Lulu,The Derma Co,Aug'24,FY_24-25,2.9,5.4
Ganapati Distributor MT,Dist.,V-Mart,Mamaearth,Aug'24,FY_24-25,0.1,0.2
Ganapati Distributor MT,Dist.,Apollo Healthco,Mamaearth,Aug'24,FY_24-25,0.5,1.1
JB Pharma_MT,Dist.,V-Mart,Mamaearth,Aug'24,FY_24-25,-1.3,-5.9
JUST MARK-Dmart,Dist.,D-Mart,Mamaearth,Aug'24,FY_24-25,51.4,128.2
Kiran Trading Co- Dmart,Dist.,D-Mart,Mamaearth,Aug'24,FY_24-25,15.0,39.3
Kiran Trading Company_Ship to,Dist.,D-Mart,Mamaearth,Aug'24,FY_24-25,27.6,69.2
M/S KOTTARAM BUSINESS CORPORATION-MT,Dist.,H&G,Aqualogica,Aug'24,FY_24-25,0.1,0.1
M/S KOTTARAM BUSINESS CORPORATION-MT,Dist.,Apollo Healthco,Aqualogica,Aug'24,FY_24-25,1.3,2.4
M/S KOTTARAM BUSINESS CORPORATION-MT,Dist.,H&G,BBlunt,Aug'24,FY_24-25,0.0,0.0
M/S KOTTARAM BUSINESS CORPORATION-MT,Dist.,H&G,Mamaearth,Aug'24,FY_24-25,0.4,0.8
M/S KOTTARAM BUSINESS CORPORATION-MT,Dist.,Lulu,Mamaearth,Aug'24,FY_24-25,21.6,39.6
M/S KOTTARAM BUSINESS CORPORATION-MT,Dist.,Apollo Healthco,Mamaearth,Aug'24,FY_24-25,2.2,4.0
M/S KOTTARAM BUSINESS CORPORATION-MT,Dist.,Apollo Healthco,The Derma Co,Aug'24,FY_24-25,0.3,0.5
M/S KOTTARAM BUSINESS CORPORATION-MT,Dist.,H&G,The Derma Co,Aug'24,FY_24-25,0.3,0.6
M/S KOTTARAM BUSINESS CORPORATION-MT,Dist.,Lulu,The Derma Co,Aug'24,FY_24-25,2.1,3.9
MARK ENTERPRISE,Dist.,Apollo Healthco,Mamaearth,Aug'24,FY_24-25,4.5,8.2
PRAGATI SALES-Apollo,Dist.,Apollo Healthco,Mamaearth,Aug'24,FY_24-25,4.6,8.8
PRAGATI SALES-D-MART,Dist.,D-Mart,Mamaearth,Aug'24,FY_24-25,0.5,1.3
R.C. Trade Link H&G,Dist.,H&G,Aqualogica,Aug'24,FY_24-25,0.3,0.5
R.C. Trade Link H&G,Dist.,H&G,BBlunt,Aug'24,FY_24-25,0.3,0.4
R.C. Trade Link H&G,Dist.,H&G,Mamaearth,Aug'24,FY_24-25,0.7,1.4
R.C. Trade Link H&G,Dist.,H&G,The Derma Co,Aug'24,FY_24-25,1.1,1.8
R.D. Enterprises,Dist.,Lulu,Mamaearth,Aug'24,FY_24-25,-0.1,-0.1
Sancus Networks Private Limited-RMT,Dist.,RMT-Sancus,BBlunt,Aug'24,FY_24-25,0.4,0.7
Sancus Networks Private Limited-RMT,Dist.,RMT-Sancus,Mamaearth,Aug'24,FY_24-25,34.2,69.6
Sancus Networks Private Limited-RMT,Dist.,Max Hyper,Mamaearth,Aug'24,FY_24-25,0.1,0.2
Sancus Networks Private Limited-RMT,Dist.,More Retail,Mamaearth,Aug'24,FY_24-25,2.8,5.7
Sancus Networks Private Limited-RMT,Dist.,RMT-Sancus,The Derma Co,Aug'24,FY_24-25,0.4,0.7
Sathyashree Enterprises-Mt,Dist.,D-Mart,Mamaearth,Aug'24,FY_24-25,7.5,18.8
Sri Lalitha Enterprises,Dist.,Grace Super MKT,Mamaearth,Aug'24,FY_24-25,9.1,21.1
Sri Lalitha Enterprises,Dist.,Pothys,Mamaearth,Aug'24,FY_24-25,6.8,15.8
Sri Lalitha Enterprises,Dist.,Sarvana,Mamaearth,Aug'24,FY_24-25,7.3,17.0
Sri Vijaya Durga Agencies_Mt,Dist.,H&G,Aqualogica,Aug'24,FY_24-25,-0.4,-0.7
Sri Vijaya Durga Agencies_Mt,Dist.,H&G,BBlunt,Aug'24,FY_24-25,0.0,0.0
Sri Vijaya Durga Agencies_Mt,Dist.,Apollo Healthco,Mamaearth,Aug'24,FY_24-25,22.6,46.3
Sri Vijaya Durga Agencies_Mt,Dist.,D-Mart,Mamaearth,Aug'24,FY_24-25,27.9,57.1
Sri Vijaya Durga Agencies_Mt,Dist.,H&G,Mamaearth,Aug'24,FY_24-25,0.2,0.5
Sri Vijaya Durga Agencies_Mt,Dist.,Reliance Retail,Mamaearth,Aug'24,FY_24-25,14.2,29.1
Sri Vijaya Durga Agencies_Mt,Dist.,More Retail,Mamaearth,Aug'24,FY_24-25,1.7,3.5
Sri Vijaya Durga Agencies_Mt,Dist.,H&G,The Derma Co,Aug'24,FY_24-25,-0.2,-0.4
United Marketing_Mt,Dist.,Apollo Healthco,Mamaearth,Aug'24,FY_24-25,0.3,0.4
Vanaja Agencies MT_Dmart,Dist.,D-Mart,Mamaearth,Aug'24,FY_24-25,94.3,249.8
Vanaja Agencies_Mt,Dist.,H&G,Aqualogica,Aug'24,FY_24-25,0.4,0.8
Vanaja Agencies_Mt,Dist.,Reliance Retail,Aqualogica,Aug'24,FY_24-25,0.1,0.2
Vanaja Agencies_Mt,Dist.,Lulu,Aqualogica,Aug'24,FY_24-25,0.1,0.1
Vanaja Agencies_Mt,Dist.,B&N,Aqualogica,Aug'24,FY_24-25,0.1,0.1
Vanaja Agencies_Mt,Dist.,Apollo Healthco,Aqualogica,Aug'24,FY_24-25,0.0,0.1
Vanaja Agencies_Mt,Dist.,H&G,BBlunt,Aug'24,FY_24-25,1.1,1.7
Vanaja Agencies_Mt,Dist.,B&N,BBlunt,Aug'24,FY_24-25,0.3,0.4
Vanaja Agencies_Mt,Dist.,Apollo Healthco,Mamaearth,Aug'24,FY_24-25,4.5,9.5
Vanaja Agencies_Mt,Dist.,H&G,Mamaearth,Aug'24,FY_24-25,2.0,4.2
Vanaja Agencies_Mt,Dist.,Vijetha,Mamaearth,Aug'24,FY_24-25,1.0,2.2
Vanaja Agencies_Mt,Dist.,More Retail,Mamaearth,Aug'24,FY_24-25,1.7,3.6
Vanaja Agencies_Mt,Dist.,Reliance Retail,Mamaearth,Aug'24,FY_24-25,5.7,12.0
Vanaja Agencies_Mt,Dist.,Lulu,Mamaearth,Aug'24,FY_24-25,0.4,0.9
Vanaja Agencies_Mt,Dist.,Ratnadeep,Mamaearth,Aug'24,FY_24-25,2.2,4.7
Vanaja Agencies_Mt,Dist.,B&N,Mamaearth,Aug'24,FY_24-25,0.1,0.2
Vanaja Agencies_Mt,Dist.,H&G,The Derma Co,Aug'24,FY_24-25,2.3,4.2
Vanaja Agencies_Mt,Dist.,Lulu,The Derma Co,Aug'24,FY_24-25,0.1,0.2
Vanaja Agencies_Mt,Dist.,B&N,The Derma Co,Aug'24,FY_24-25,0.1,0.2
Vanaja Agencies_Mt,Dist.,Apollo Healthco,The Derma Co,Aug'24,FY_24-25,0.3,0.6
VISHAL ENTERPRISES_Solapur,Dist.,D-Mart,Mamaearth,Aug'24,FY_24-25,16.5,42.7
APOLLO HEALTHCO LIMITED_AHMEDABAD,Direct,Apollo Healthco,Mamaearth,Sept'24,FY_24-25,0.9,2.6
Apollo Healthco Limited_Bhiwandi,Direct,Apollo Healthco,Aqualogica,Sept'24,FY_24-25,0.1,0.2
Apollo Healthco Limited_Bhiwandi,Direct,Apollo Healthco,Mamaearth,Sept'24,FY_24-25,3.8,8.2
Apollo Healthco Limited_Bhiwandi,Direct,Apollo Healthco,The Derma Co,Sept'24,FY_24-25,0.9,1.5
Apollo Healthco Limited_Faridabad,Direct,Apollo Healthco,Aqualogica,Sept'24,FY_24-25,0.5,0.9
Apollo Healthco Limited_Faridabad,Direct,Apollo Healthco,Mamaearth,Sept'24,FY_24-25,13.8,31.6
Apollo Healthco Limited_Faridabad,Direct,Apollo Healthco,The Derma Co,Sept'24,FY_24-25,3.0,5.1
Apollo Healthco Limited_Rajasthan,Direct,Apollo Healthco,Mamaearth,Sept'24,FY_24-25,2.4,6.0
Apollo Healthco Limited-Bangalore,Direct,Apollo Healthco,Mamaearth,Sept'24,FY_24-25,1.0,3.0
Apollo Healthco Limited-Chennai,Direct,Apollo Healthco,Mamaearth,Sept'24,FY_24-25,1.0,3.2
APOLLO HEALTHCO LIMITED-Chittor,Direct,Apollo Healthco,Mamaearth,Sept'24,FY_24-25,0.5,1.7
Apollo Healthco Limited-Goa,Direct,Apollo Healthco,Mamaearth,Sept'24,FY_24-25,0.2,0.6
Apollo Healthco Limited-Hubbli,Direct,Apollo Healthco,Mamaearth,Sept'24,FY_24-25,1.8,5.8
APOLLO HEALTHCO LIMITED-Madurai,Direct,Apollo Healthco,Mamaearth,Sept'24,FY_24-25,0.6,1.7
Apollo Healthco Limited-Ore,Direct,Apollo Healthco,Mamaearth,Sept'24,FY_24-25,0.4,1.4
Apollo Healthco Limited-Sanath Nagar,Direct,Apollo Healthco,Mamaearth,Sept'24,FY_24-25,0.3,1.0
APOLLO HEALTHCO LIMITED-Vijayawada,Direct,Apollo Healthco,Mamaearth,Sept'24,FY_24-25,0.3,1.1
APOLLO HEALTHCO LIMITED-WB,Direct,Apollo Healthco,Mamaearth,Sept'24,FY_24-25,2.2,7.0
APOLLO HEALTHCO LIMITED-WB-2,Direct,Apollo Healthco,Mamaearth,Sept'24,FY_24-25,4.7,14.7
Apollo Healthco Ltd_Raipur,Direct,Apollo Healthco,Mamaearth,Sept'24,FY_24-25,1.4,3.4
Apollo Hospitals Enterprise Ltd(Offline),Direct,Apollo Healthco,Mamaearth,Sept'24,FY_24-25,0.0,0.0
Avenue E Commerce Limited(Belapur),Direct,D-Mart,Aqualogica,Sept'24,FY_24-25,0.1,0.1
Avenue E Commerce Limited(Ck Palya),Direct,D-Mart,Aqualogica,Sept'24,FY_24-25,0.1,0.3
Avenue E Commerce Limited(Kanjur),Direct,D-Mart,Aqualogica,Sept'24,FY_24-25,0.1,0.2
Avenue E Commerce Limited(Kanjur),Direct,D-Mart,The Derma Co,Sept'24,FY_24-25,0.1,0.2
Avenue E Commerce Limited(Kiwale),Direct,D-Mart,Aqualogica,Sept'24,FY_24-25,0.1,0.2
Avenue E Commerce Limited(Kiwale),Direct,D-Mart,The Derma Co,Sept'24,FY_24-25,0.4,0.8
Avenue E Commerce Limited(Kushaiguda),Direct,D-Mart,Aqualogica,Sept'24,FY_24-25,0.0,0.0
Avenue E Commerce Limited(Kushaiguda),Direct,D-Mart,The Derma Co,Sept'24,FY_24-25,0.1,0.2
Avenue E Commerce Limited(Mira Road) N2,Direct,D-Mart,Aqualogica,Sept'24,FY_24-25,0.1,0.2
Avenue E Commerce Limited(Mira Road) N2,Direct,D-Mart,The Derma Co,Sept'24,FY_24-25,0.2,0.4
Avenue E Commerce Limited(Nahur),Direct,D-Mart,Aqualogica,Sept'24,FY_24-25,0.3,0.5
Avenue E Commerce Limited(Nahur),Direct,D-Mart,The Derma Co,Sept'24,FY_24-25,0.3,0.7
Avenue E Commerce Limited_GachibowlI,Direct,D-Mart,Aqualogica,Sept'24,FY_24-25,0.0,0.0
Avenue E Commerce Limited_GachibowlI,Direct,D-Mart,The Derma Co,Sept'24,FY_24-25,0.1,0.2
Avenue E Commerce Limited_Panvel-2,Direct,D-Mart,Aqualogica,Sept'24,FY_24-25,0.1,0.1
Avenue E Commerce Ltd._Hennur Fc-Ka,Direct,D-Mart,Aqualogica,Sept'24,FY_24-25,0.1,0.2
Avenue E Commerce Ltd_CadburyFC.,Direct,D-Mart,Aqualogica,Sept'24,FY_24-25,0.1,0.2
Avenue E Commerce Ltd_CadburyFC.,Direct,D-Mart,The Derma Co,Sept'24,FY_24-25,0.3,0.5
Avenue E Commerce Ltd_Hoodi FC,Direct,D-Mart,Aqualogica,Sept'24,FY_24-25,0.0,0.0
Avenue E Commerce Ltd_Manpada,Direct,D-Mart,Aqualogica,Sept'24,FY_24-25,0.2,0.5
Avenue E Commerce Ltd_Manpada,Direct,D-Mart,The Derma Co,Sept'24,FY_24-25,0.3,0.6
Avenue Supermarts Ltd.-DC-1032,Direct,D-Mart,Mamaearth,Sept'24,FY_24-25,60.2,149.7
Avenue Supermarts Ltd.-DC-1039,Direct,D-Mart,BBlunt,Sept'24,FY_24-25,0.8,1.6
Avenue Supermarts Ltd.-DC-1039,Direct,D-Mart,Mamaearth,Sept'24,FY_24-25,109.9,270.6
Avenue Supermarts Ltd.-DC-1049,Direct,D-Mart,Mamaearth,Sept'24,FY_24-25,36.4,95.0
Avenue Supermarts Ltd.-DC-1050,Direct,D-Mart,Mamaearth,Sept'24,FY_24-25,19.4,49.4
Avenue Supermarts Ltd.-DC-1056,Direct,D-Mart,Mamaearth,Sept'24,FY_24-25,-4.3,-9.6
Avenue Supermarts Ltd.-DC-1068,Direct,D-Mart,Mamaearth,Sept'24,FY_24-25,24.6,65.2
Guardian Healthcare Services Pvt Ltd(DL),Direct,Guardian,Mamaearth,Sept'24,FY_24-25,1.0,1.9
Guardian Healthcare Services Pvt Ltd(DL),Direct,Guardian,The Derma Co,Sept'24,FY_24-25,0.4,0.9
Metro Cash & Carry India Pvt Ltd -(DC27)-T0SJ,Direct,Metro-CNC-RRL,BBlunt,Sept'24,FY_24-25,0.0,0.1
Metro Cash & Carry India Pvt Ltd -(DC27)-T0SJ,Direct,Metro-CNC-RRL,Mamaearth,Sept'24,FY_24-25,0.1,0.3
Metro Cash & Carry India Pvt Ltd-(DC10)-T0SM,Direct,Metro-CNC-RRL,BBlunt,Sept'24,FY_24-25,0.4,0.6
Metro Cash & Carry India Pvt Ltd-(DC10)-T0SM,Direct,Metro-CNC-RRL,Mamaearth,Sept'24,FY_24-25,4.0,8.1
Metro Cash & Carry India Pvt Ltd-(DC11)-T0SL,Direct,Metro-CNC-RRL,BBlunt,Sept'24,FY_24-25,0.4,0.6
Metro Cash & Carry India Pvt Ltd-(DC11)-T0SL,Direct,Metro-CNC-RRL,Mamaearth,Sept'24,FY_24-25,2.4,5.1
Metro Cash & Carry India Pvt Ltd-(DC11)-T0SL,Direct,Metro-CNC-RRL,The Derma Co,Sept'24,FY_24-25,0.1,0.2
Metro Cash & Carry India Pvt Ltd-(DC12)-T0QX,Direct,Metro-CNC-RRL,Aqualogica,Sept'24,FY_24-25,0.2,0.4
Metro Cash & Carry India Pvt Ltd-(DC12)-T0QX,Direct,Metro-CNC-RRL,BBlunt,Sept'24,FY_24-25,0.2,0.3
Metro Cash & Carry India Pvt Ltd-(DC12)-T0QX,Direct,Metro-CNC-RRL,Mamaearth,Sept'24,FY_24-25,2.5,5.5
Metro Cash & Carry India Pvt Ltd-(DC12)-T0QX,Direct,Metro-CNC-RRL,The Derma Co,Sept'24,FY_24-25,0.1,0.2
Metro Cash & Carry India Pvt Ltd-(DC15)-T0QY,Direct,Metro-CNC-RRL,Mamaearth,Sept'24,FY_24-25,2.2,4.5
Metro Cash & Carry India Pvt Ltd-(DC16)-T0QZ,Direct,Metro-CNC-RRL,BBlunt,Sept'24,FY_24-25,0.2,0.3
Metro Cash & Carry India Pvt Ltd-(DC16)-T0QZ,Direct,Metro-CNC-RRL,Mamaearth,Sept'24,FY_24-25,2.8,5.8
Metro Cash & Carry India Pvt Ltd-(DC17)-T0QT,Direct,Metro-CNC-RRL,Mamaearth,Sept'24,FY_24-25,1.3,2.5
Metro Cash & Carry India Pvt Ltd-(DC20)-T0RK,Direct,Metro-CNC-RRL,Mamaearth,Sept'24,FY_24-25,2.1,4.2
Metro Cash & Carry India Pvt Ltd-(DC23)-T0RL,Direct,Metro-CNC-RRL,Aqualogica,Sept'24,FY_24-25,0.0,0.0
Metro Cash & Carry India Pvt Ltd-(DC23)-T0RL,Direct,Metro-CNC-RRL,BBlunt,Sept'24,FY_24-25,0.1,0.2
Metro Cash & Carry India Pvt Ltd-(DC23)-T0RL,Direct,Metro-CNC-RRL,Mamaearth,Sept'24,FY_24-25,0.2,0.5
Metro Cash & Carry India Pvt Ltd-(DC23)-T0RL,Direct,Metro-CNC-RRL,The Derma Co,Sept'24,FY_24-25,0.0,0.0
Metro Cash & Carry India Pvt Ltd-(DC24)-T0RJ,Direct,Metro-CNC-RRL,BBlunt,Sept'24,FY_24-25,0.1,0.1
Metro Cash & Carry India Pvt Ltd-(DC24)-T0RJ,Direct,Metro-CNC-RRL,Mamaearth,Sept'24,FY_24-25,1.0,1.8
Metro Cash & Carry India Pvt Ltd-(DC26)-T0SP,Direct,Metro-CNC-RRL,BBlunt,Sept'24,FY_24-25,0.0,0.1
Metro Cash & Carry India Pvt Ltd-(DC26)-T0SP,Direct,Metro-CNC-RRL,Mamaearth,Sept'24,FY_24-25,1.7,3.4
Metro Cash & Carry India Pvt Ltd-(DC26)-T0SP,Direct,Metro-CNC-RRL,The Derma Co,Sept'24,FY_24-25,0.3,0.4
Metro Cash & Carry India Pvt Ltd-(DC28)-T0RF,Direct,Metro-CNC-RRL,Mamaearth,Sept'24,FY_24-25,1.4,2.6
Metro Cash & Carry India Pvt Ltd-(DC29)-T0RA,Direct,Metro-CNC-RRL,BBlunt,Sept'24,FY_24-25,0.3,0.4
Metro Cash & Carry India Pvt Ltd-(DC29)-T0RA,Direct,Metro-CNC-RRL,Mamaearth,Sept'24,FY_24-25,3.2,6.0
Metro Cash & Carry India Pvt Ltd-(DC30)-T0RM,Direct,Metro-CNC-RRL,Mamaearth,Sept'24,FY_24-25,0.0,0.0
Metro Cash & Carry India Pvt Ltd-(DC32)-T0QU,Direct,Metro-CNC-RRL,Mamaearth,Sept'24,FY_24-25,1.7,3.1
Metro Cash & Carry India Pvt Ltd-(DC36)-T0RH,Direct,Metro-CNC-RRL,BBlunt,Sept'24,FY_24-25,0.1,0.2
Metro Cash & Carry India Pvt Ltd-(DC36)-T0RH,Direct,Metro-CNC-RRL,Mamaearth,Sept'24,FY_24-25,1.7,3.5
Metro Cash & Carry India Pvt Ltd-(DC37)-T0RD,Direct,Metro-CNC-RRL,BBlunt,Sept'24,FY_24-25,0.1,0.2
Metro Cash & Carry India Pvt Ltd-(DC37)-T0RD,Direct,Metro-CNC-RRL,Mamaearth,Sept'24,FY_24-25,1.8,3.7
Metro Cash & Carry India Pvt Ltd-(DC43)-T2YF,Direct,Metro-CNC-RRL,Aqualogica,Sept'24,FY_24-25,6.2,9.7
Metro Cash & Carry India Pvt Ltd-(DC43)-T2YF,Direct,Metro-CNC-RRL,BBlunt,Sept'24,FY_24-25,0.2,0.3
Metro Cash & Carry India Pvt Ltd-(DC43)-T2YF,Direct,Metro-CNC-RRL,Mamaearth,Sept'24,FY_24-25,2.7,5.0
Metro Cash & Carry India Pvt Ltd-(DC43)-T2YF,Direct,Metro-CNC-RRL,The Derma Co,Sept'24,FY_24-25,2.6,4.1
Metro Cash & Carry India Pvt Ltd-(DC45)-T0RE,Direct,Metro-CNC-RRL,BBlunt,Sept'24,FY_24-25,0.1,0.2
Metro Cash & Carry India Pvt Ltd-(DC45)-T0RE,Direct,Metro-CNC-RRL,Mamaearth,Sept'24,FY_24-25,1.4,2.6
Metro Cash & Carry India Pvt Ltd-(DC46)-T0RC,Direct,Metro-CNC-RRL,BBlunt,Sept'24,FY_24-25,0.3,0.5
Metro Cash & Carry India Pvt Ltd-(DC46)-T0RC,Direct,Metro-CNC-RRL,Mamaearth,Sept'24,FY_24-25,3.7,7.1
Metro Cash & Carry India Pvt Ltd-(DC47)-T0SI,Direct,Metro-CNC-RRL,BBlunt,Sept'24,FY_24-25,0.1,0.1
Metro Cash & Carry India Pvt Ltd-(DC47)-T0SI,Direct,Metro-CNC-RRL,Mamaearth,Sept'24,FY_24-25,0.6,1.1
Metro Cash & Carry India Pvt Ltd-(DC48)-T0SK,Direct,Metro-CNC-RRL,Mamaearth,Sept'24,FY_24-25,0.2,0.5
Metro Cash & Carry India Pvt Ltd-(DC52)-T0RI,Direct,Metro-CNC-RRL,BBlunt,Sept'24,FY_24-25,0.2,0.2
Metro Cash & Carry India Pvt Ltd-(DC52)-T0RI,Direct,Metro-CNC-RRL,Mamaearth,Sept'24,FY_24-25,2.0,3.8
Metro Cash & Carry India Pvt Ltd-(DC53)-T0QV,Direct,Metro-CNC-RRL,BBlunt,Sept'24,FY_24-25,0.1,0.1
Metro Cash & Carry India Pvt Ltd-(DC53)-T0QV,Direct,Metro-CNC-RRL,Mamaearth,Sept'24,FY_24-25,3.7,7.1
Metro Cash & Carry India Pvt Ltd-(DC54)-T0QW,Direct,Metro-CNC-RRL,Mamaearth,Sept'24,FY_24-25,0.3,0.7
Metro Cash & Carry India Pvt Ltd-(DC60)-T0QS,Direct,Metro-CNC-RRL,Aqualogica,Sept'24,FY_24-25,4.1,6.4
Metro Cash & Carry India Pvt Ltd-(DC60)-T0QS,Direct,Metro-CNC-RRL,BBlunt,Sept'24,FY_24-25,0.7,1.2
Metro Cash & Carry India Pvt Ltd-(DC60)-T0QS,Direct,Metro-CNC-RRL,Mamaearth,Sept'24,FY_24-25,10.1,19.2
Metro Cash & Carry India Pvt Ltd-(DC60)-T0QS,Direct,Metro-CNC-RRL,The Derma Co,Sept'24,FY_24-25,0.8,1.3
Metro Cash & Carry India Pvt Ltd_DC33(T0SQ),Direct,Metro-CNC-RRL,Mamaearth,Sept'24,FY_24-25,1.8,3.4
Metro Cash & Carry India Pvt Ltd_T0SO,Direct,Metro-CNC-RRL,Mamaearth,Sept'24,FY_24-25,0.7,1.3
Metro Cash & Carry India Pvt Ltd_T2FM,Direct,Metro-CNC-RRL,Aqualogica,Sept'24,FY_24-25,-0.1,-0.1
Metro Cash & Carry India Pvt Ltd_T2FM,Direct,Metro-CNC-RRL,BBlunt,Sept'24,FY_24-25,-0.2,-0.3
Metro Cash & Carry India Pvt Ltd_T2FM,Direct,Metro-CNC-RRL,Mamaearth,Sept'24,FY_24-25,0.9,1.7
Metro Cash & Carry India Pvt Ltd_T2FM,Direct,Metro-CNC-RRL,The Derma Co,Sept'24,FY_24-25,-0.4,-0.6
Metro Cash & Carry India Pvt Ltd_T2RP,Direct,Metro-CNC-RRL,Aqualogica,Sept'24,FY_24-25,1.4,2.1
Metro Cash & Carry India Pvt Ltd_T2RP,Direct,Metro-CNC-RRL,BBlunt,Sept'24,FY_24-25,0.9,1.4
Metro Cash & Carry India Pvt Ltd_T2RP,Direct,Metro-CNC-RRL,Mamaearth,Sept'24,FY_24-25,6.1,12.0
Metro Cash & Carry India Pvt Ltd_T2RP,Direct,Metro-CNC-RRL,The Derma Co,Sept'24,FY_24-25,4.8,7.5
Octopolis Technologies Pvt Ltd,Direct,Apna Klub,Mamaearth,Sept'24,FY_24-25,0.0,0.0
Reliance Retail Limited Ce08,Direct,Reliance Retail,Mamaearth,Sept'24,FY_24-25,24.2,68.1
Reliance Retail Limited Cf08,Direct,Reliance Retail,Mamaearth,Sept'24,FY_24-25,5.0,11.6
Reliance Retail Limited Cf08,Direct,Reliance Retail,The Derma Co,Sept'24,FY_24-25,-0.4,-0.7
Reliance Retail Limited Ct08,Direct,Reliance Retail,Mamaearth,Sept'24,FY_24-25,-2.0,-5.7
Reliance Retail Limited Ea08,Direct,Reliance Retail,Mamaearth,Sept'24,FY_24-25,7.4,19.4
Reliance Retail Limited Fb08,Direct,Reliance Retail,Mamaearth,Sept'24,FY_24-25,17.7,44.5
Reliance Retail Limited Fd08,Direct,Reliance Retail,Mamaearth,Sept'24,FY_24-25,2.5,6.6
Reliance Retail Limited R468,Direct,Reliance Retail,Mamaearth,Sept'24,FY_24-25,1.2,2.3
Reliance Retail Limited R701,Direct,Reliance Retail,Aqualogica,Sept'24,FY_24-25,0.3,0.4
Reliance Retail Limited R701,Direct,Reliance Retail,Mamaearth,Sept'24,FY_24-25,16.5,40.1
Reliance Retail Limited R703,Direct,Reliance Retail,Mamaearth,Sept'24,FY_24-25,1.0,2.5
Reliance Retail Limited R801,Direct,Reliance Retail,Aqualogica,Sept'24,FY_24-25,0.2,0.3
Reliance Retail Limited R801,Direct,Reliance Retail,Mamaearth,Sept'24,FY_24-25,18.3,50.0
Reliance Retail Limited Sc79,Direct,Reliance Retail,Aqualogica,Sept'24,FY_24-25,0.2,0.3
Reliance Retail Limited Sc79,Direct,Reliance Retail,Mamaearth,Sept'24,FY_24-25,2.8,10.4
Reliance Retail Limited Sc79,Direct,Reliance Retail,The Derma Co,Sept'24,FY_24-25,0.7,1.1
Reliance Retail Limited Sc86,Direct,Reliance Retail,Mamaearth,Sept'24,FY_24-25,-0.5,-1.2
Reliance Retail Limited_2302,Direct,Reliance Retail,Mamaearth,Sept'24,FY_24-25,1.2,2.0
Reliance Retail Limited_2364,Direct,Reliance Retail,Mamaearth,Sept'24,FY_24-25,0.4,0.6
Reliance Retail Limited_2995,Direct,Reliance Retail,Mamaearth,Sept'24,FY_24-25,0.4,0.7
Reliance Retail Limited_2996,Direct,Reliance Retail,Mamaearth,Sept'24,FY_24-25,0.4,0.7
Reliance Retail Limited_3210,Direct,Reliance Retail,Mamaearth,Sept'24,FY_24-25,0.3,0.5
Reliance Retail Limited_6209,Direct,Reliance Retail,Mamaearth,Sept'24,FY_24-25,0.1,0.1
Reliance Retail Limited_6221,Direct,Reliance Retail,Mamaearth,Sept'24,FY_24-25,0.2,0.3
Reliance Retail Limited_6717,Direct,Reliance Retail,Mamaearth,Sept'24,FY_24-25,0.3,0.5
Reliance Retail Limited_6719,Direct,Reliance Retail,Mamaearth,Sept'24,FY_24-25,0.2,0.3
Reliance Retail Limited_6722,Direct,Reliance Retail,Mamaearth,Sept'24,FY_24-25,0.3,0.5
Reliance Retail Limited_6727,Direct,Reliance Retail,Mamaearth,Sept'24,FY_24-25,0.3,0.6
Reliance Retail Limited_Cy08-Kerala,Direct,Reliance Retail,Aqualogica,Sept'24,FY_24-25,0.2,0.3
Reliance Retail Limited_Cy08-Kerala,Direct,Reliance Retail,Mamaearth,Sept'24,FY_24-25,29.1,59.9
Reliance Retail Limited_Cy08-Kerala,Direct,Reliance Retail,The Derma Co,Sept'24,FY_24-25,1.1,1.8
Reliance Retail Limited_FR00,Direct,Reliance Retail,Mamaearth,Sept'24,FY_24-25,0.2,0.3
Reliance Retail Limited_FR02,Direct,Reliance Retail,Mamaearth,Sept'24,FY_24-25,0.3,0.5
Reliance Retail Limited_FR03,Direct,Reliance Retail,Mamaearth,Sept'24,FY_24-25,0.2,0.3
Reliance Retail Limited_FR10,Direct,Reliance Retail,Mamaearth,Sept'24,FY_24-25,0.2,0.3
Reliance Retail Limited_FR27,Direct,Reliance Retail,Mamaearth,Sept'24,FY_24-25,0.7,1.3
Reliance Retail Limited_FR30,Direct,Reliance Retail,Mamaearth,Sept'24,FY_24-25,0.6,1.1
Reliance Retail Limited_FR60,Direct,Reliance Retail,Mamaearth,Sept'24,FY_24-25,0.3,0.5
Reliance Retail Limited_FR62,Direct,Reliance Retail,BBlunt,Sept'24,FY_24-25,0.1,0.1
Reliance Retail Limited_FR62,Direct,Reliance Retail,Mamaearth,Sept'24,FY_24-25,0.3,0.5
Reliance Retail Limited_FR62,Direct,Reliance Retail,The Derma Co,Sept'24,FY_24-25,0.0,0.1
Reliance Retail Limited_FR64,Direct,Reliance Retail,Mamaearth,Sept'24,FY_24-25,0.7,1.2
Reliance Retail Limited_FR76,Direct,Reliance Retail,BBlunt,Sept'24,FY_24-25,0.0,0.1
Reliance Retail Limited_FR76,Direct,Reliance Retail,Mamaearth,Sept'24,FY_24-25,0.3,0.5
Reliance Retail Limited_FR76,Direct,Reliance Retail,The Derma Co,Sept'24,FY_24-25,0.0,0.1
Reliance Retail Limited_Fr87,Direct,Reliance Retail,Aqualogica,Sept'24,FY_24-25,0.0,0.0
Reliance Retail Limited_Fr87,Direct,Reliance Retail,Mamaearth,Sept'24,FY_24-25,20.0,49.7
Reliance Retail Limited_Fr87,Direct,Reliance Retail,The Derma Co,Sept'24,FY_24-25,-0.1,-0.1
Reliance Retail Limited_Fr89,Direct,Reliance Retail,Mamaearth,Sept'24,FY_24-25,1.8,5.6
Reliance Retail Limited_FRAQ,Direct,Reliance Retail,Mamaearth,Sept'24,FY_24-25,0.4,0.7
Reliance Retail Limited_FRAT,Direct,Reliance Retail,BBlunt,Sept'24,FY_24-25,0.0,0.0
Reliance Retail Limited_FRAT,Direct,Reliance Retail,Mamaearth,Sept'24,FY_24-25,0.3,0.5
Reliance Retail Limited_FRAT,Direct,Reliance Retail,The Derma Co,Sept'24,FY_24-25,0.0,0.0
Reliance Retail Limited_Fraz,Direct,Reliance Retail,Mamaearth,Sept'24,FY_24-25,17.7,45.9
Reliance Retail Limited_FRBD,Direct,Reliance Retail,Mamaearth,Sept'24,FY_24-25,0.4,0.6
Reliance Retail Limited_FRBR,Direct,Reliance Retail,Mamaearth,Sept'24,FY_24-25,1.0,1.6
Reliance Retail Limited_FRBS,Direct,Reliance Retail,BBlunt,Sept'24,FY_24-25,0.0,0.1
Reliance Retail Limited_FRBS,Direct,Reliance Retail,Mamaearth,Sept'24,FY_24-25,0.2,0.4
Reliance Retail Limited_FRBS,Direct,Reliance Retail,The Derma Co,Sept'24,FY_24-25,0.0,0.0
Reliance Retail Limited_FRBU,Direct,Reliance Retail,Aqualogica,Sept'24,FY_24-25,0.0,0.0
Reliance Retail Limited_FRBU,Direct,Reliance Retail,BBlunt,Sept'24,FY_24-25,0.2,0.4
Reliance Retail Limited_FRBU,Direct,Reliance Retail,Mamaearth,Sept'24,FY_24-25,0.1,0.2
Reliance Retail Limited_FRBU,Direct,Reliance Retail,The Derma Co,Sept'24,FY_24-25,0.1,0.1
Reliance Retail Limited_FRBW,Direct,Reliance Retail,Mamaearth,Sept'24,FY_24-25,0.6,1.0
Reliance Retail Limited_FRCG,Direct,Reliance Retail,Mamaearth,Sept'24,FY_24-25,0.6,1.0
Reliance Retail Limited_FRCH,Direct,Reliance Retail,Mamaearth,Sept'24,FY_24-25,0.7,1.1
Reliance Retail Limited_FRCJ,Direct,Reliance Retail,Mamaearth,Sept'24,FY_24-25,0.9,1.5
Reliance Retail Limited_FRCQ,Direct,Reliance Retail,Mamaearth,Sept'24,FY_24-25,0.6,1.1
Reliance Retail Limited_FRCS,Direct,Reliance Retail,Mamaearth,Sept'24,FY_24-25,0.6,1.1
Reliance Retail Limited_FRDA,Direct,Reliance Retail,Mamaearth,Sept'24,FY_24-25,0.9,1.5
Reliance Retail Limited_FRDB,Direct,Reliance Retail,Aqualogica,Sept'24,FY_24-25,0.1,0.1
Reliance Retail Limited_FRDB,Direct,Reliance Retail,BBlunt,Sept'24,FY_24-25,0.0,0.0
Reliance Retail Limited_FRDB,Direct,Reliance Retail,Mamaearth,Sept'24,FY_24-25,0.8,1.4
Reliance Retail Limited_FRDB,Direct,Reliance Retail,The Derma Co,Sept'24,FY_24-25,0.3,0.5
Reliance Retail Limited_FRDI,Direct,Reliance Retail,Mamaearth,Sept'24,FY_24-25,0.2,0.3
Reliance Retail Limited_FRDK,Direct,Reliance Retail,Aqualogica,Sept'24,FY_24-25,0.0,0.0
Reliance Retail Limited_FRDK,Direct,Reliance Retail,BBlunt,Sept'24,FY_24-25,0.0,0.1
Reliance Retail Limited_FRDK,Direct,Reliance Retail,Mamaearth,Sept'24,FY_24-25,0.6,1.0
Reliance Retail Limited_FRDK,Direct,Reliance Retail,The Derma Co,Sept'24,FY_24-25,0.1,0.2
Reliance Retail Limited_FRDL,Direct,Reliance Retail,Aqualogica,Sept'24,FY_24-25,0.0,0.1
Reliance Retail Limited_FRDL,Direct,Reliance Retail,BBlunt,Sept'24,FY_24-25,0.0,0.1
Reliance Retail Limited_FRDL,Direct,Reliance Retail,Mamaearth,Sept'24,FY_24-25,0.9,1.5
Reliance Retail Limited_FRDL,Direct,Reliance Retail,The Derma Co,Sept'24,FY_24-25,0.1,0.2
Reliance Retail Limited_FRDP,Direct,Reliance Retail,Mamaearth,Sept'24,FY_24-25,0.2,0.3
Reliance Retail Limited_FRDT,Direct,Reliance Retail,Mamaearth,Sept'24,FY_24-25,0.3,0.6
Reliance Retail Limited_FREM,Direct,Reliance Retail,Mamaearth,Sept'24,FY_24-25,0.2,0.3
Reliance Retail Limited_FRER,Direct,Reliance Retail,Mamaearth,Sept'24,FY_24-25,0.6,1.0
Reliance Retail Limited_FREX,Direct,Reliance Retail,Mamaearth,Sept'24,FY_24-25,0.2,0.3
Reliance Retail Limited_FRFA,Direct,Reliance Retail,Mamaearth,Sept'24,FY_24-25,0.4,0.7
Reliance Retail Limited_FRFB,Direct,Reliance Retail,BBlunt,Sept'24,FY_24-25,0.1,0.1
Reliance Retail Limited_FRFB,Direct,Reliance Retail,Mamaearth,Sept'24,FY_24-25,0.4,0.7
Reliance Retail Limited_FRFB,Direct,Reliance Retail,The Derma Co,Sept'24,FY_24-25,0.0,0.1
Reliance Retail Limited_FRFD,Direct,Reliance Retail,Mamaearth,Sept'24,FY_24-25,0.7,1.1
Reliance Retail Limited_FRFK,Direct,Reliance Retail,Mamaearth,Sept'24,FY_24-25,0.8,1.3
Reliance Retail Limited_FRFR,Direct,Reliance Retail,Mamaearth,Sept'24,FY_24-25,0.8,1.3
Reliance Retail Limited_FRFU,Direct,Reliance Retail,Mamaearth,Sept'24,FY_24-25,0.5,0.9
Reliance Retail Limited_FRFV,Direct,Reliance Retail,Mamaearth,Sept'24,FY_24-25,0.8,1.4
Reliance Retail Limited_FRGC,Direct,Reliance Retail,Mamaearth,Sept'24,FY_24-25,0.2,0.3
Reliance Retail Limited_FRGE,Direct,Reliance Retail,BBlunt,Sept'24,FY_24-25,0.1,0.1
Reliance Retail Limited_FRGE,Direct,Reliance Retail,Mamaearth,Sept'24,FY_24-25,0.3,0.5
Reliance Retail Limited_FRGE,Direct,Reliance Retail,The Derma Co,Sept'24,FY_24-25,0.0,0.1
Reliance Retail Limited_FRGF,Direct,Reliance Retail,Mamaearth,Sept'24,FY_24-25,0.4,0.7
Reliance Retail Limited_FRGH,Direct,Reliance Retail,Mamaearth,Sept'24,FY_24-25,0.9,1.5
Reliance Retail Limited_FRGK,Direct,Reliance Retail,Mamaearth,Sept'24,FY_24-25,0.9,1.6
Reliance Retail Limited_FRGM,Direct,Reliance Retail,Mamaearth,Sept'24,FY_24-25,0.2,0.4
Reliance Retail Limited_FRGW,Direct,Reliance Retail,Mamaearth,Sept'24,FY_24-25,0.4,0.6
Reliance Retail Limited_FRHC,Direct,Reliance Retail,Mamaearth,Sept'24,FY_24-25,0.6,1.0
Reliance Retail Limited_FRHF,Direct,Reliance Retail,Mamaearth,Sept'24,FY_24-25,0.7,1.1
Reliance Retail Limited_FRHM,Direct,Reliance Retail,Mamaearth,Sept'24,FY_24-25,0.6,1.0
Reliance Retail Limited_FRHR,Direct,Reliance Retail,Mamaearth,Sept'24,FY_24-25,0.4,0.6
Reliance Retail Limited_Frhv,Direct,Reliance Retail,Aqualogica,Sept'24,FY_24-25,0.0,-0.1
Reliance Retail Limited_Frhv,Direct,Reliance Retail,Mamaearth,Sept'24,FY_24-25,17.2,44.1
Reliance Retail Limited_Frhv,Direct,Reliance Retail,The Derma Co,Sept'24,FY_24-25,0.0,0.0
RELIANCE RETAIL LIMITED_FRIA,Direct,Reliance Retail,Aqualogica,Sept'24,FY_24-25,0.2,0.3
RELIANCE RETAIL LIMITED_FRIA,Direct,Reliance Retail,Mamaearth,Sept'24,FY_24-25,17.1,46.4
Reliance Retail Limited_FRLF,Direct,Reliance Retail,Mamaearth,Sept'24,FY_24-25,0.8,1.4
Reliance Retail Limited_S0IX,Direct,Reliance Retail,Aqualogica,Sept'24,FY_24-25,-1.3,-2.0
Reliance Retail Limited_S0IX,Direct,Reliance Retail,Mamaearth,Sept'24,FY_24-25,2.5,7.5
Reliance Retail Limited_S0IX,Direct,Reliance Retail,The Derma Co,Sept'24,FY_24-25,-1.0,-1.7
Reliance Retail Limited_SAHO,Direct,Reliance Retail,Mamaearth,Sept'24,FY_24-25,8.3,16.1
Reliance Retail Limited_SAOS,Direct,Reliance Retail,Aqualogica,Sept'24,FY_24-25,0.2,0.3
Reliance Retail Limited_SAOS,Direct,Reliance Retail,Mamaearth,Sept'24,FY_24-25,10.7,28.4
Reliance Retail Limited_Sb01,Direct,Reliance Retail,Mamaearth,Sept'24,FY_24-25,6.6,16.2
Reliance Retail Limited_Sb01,Direct,Reliance Retail,The Derma Co,Sept'24,FY_24-25,0.7,1.1
RELIANCE RETAIL LIMITED_SF52,Direct,Reliance Retail,Mamaearth,Sept'24,FY_24-25,3.2,7.0
Reliance Retail Limited_Sk8I,Direct,Reliance Retail,Mamaearth,Sept'24,FY_24-25,6.5,17.9
Reliance Retail Limited_SL6S,Direct,Reliance Retail,Mamaearth,Sept'24,FY_24-25,13.1,32.4
Reliance Retail Limited_T62I,Direct,Reliance Retail,Mamaearth,Sept'24,FY_24-25,0.1,0.1
Reliance Retail Limited_T913,Direct,Reliance Retail,Aqualogica,Sept'24,FY_24-25,0.0,0.0
Reliance Retail Limited_T913,Direct,Reliance Retail,BBlunt,Sept'24,FY_24-25,0.0,0.0
Reliance Retail Limited_T913,Direct,Reliance Retail,Mamaearth,Sept'24,FY_24-25,0.6,1.1
Reliance Retail Limited_T913,Direct,Reliance Retail,The Derma Co,Sept'24,FY_24-25,0.0,0.1
Reliance Retail Limited_T946,Direct,Reliance Retail,Mamaearth,Sept'24,FY_24-25,0.7,1.1
Reliance Retail Limited_TB15,Direct,Reliance Retail,Mamaearth,Sept'24,FY_24-25,0.6,0.9
Reliance Retail Limited_TCE7,Direct,Reliance Retail,Mamaearth,Sept'24,FY_24-25,1.1,1.8
Reliance Retail Limited_TDC7,Direct,Reliance Retail,Mamaearth,Sept'24,FY_24-25,0.6,1.1
Reliance Retail Limited_TDE3,Direct,Reliance Retail,Mamaearth,Sept'24,FY_24-25,0.1,0.1
Reliance Retail Limited_TE57,Direct,Reliance Retail,Mamaearth,Sept'24,FY_24-25,0.6,1.1
Reliance Retail Limited_TFY8,Direct,Reliance Retail,Mamaearth,Sept'24,FY_24-25,0.2,0.3
Reliance Retail Limited_TG87,Direct,Reliance Retail,Mamaearth,Sept'24,FY_24-25,0.4,0.6
Reliance Retail Limited_TH94,Direct,Reliance Retail,Mamaearth,Sept'24,FY_24-25,0.2,0.3
Reliance Retail Limited_TI77,Direct,Reliance Retail,Mamaearth,Sept'24,FY_24-25,0.2,0.3
Reliance Retail Limited_TK48,Direct,Reliance Retail,Mamaearth,Sept'24,FY_24-25,0.6,0.9
Reliance Retail Limited_TMW7,Direct,Reliance Retail,Mamaearth,Sept'24,FY_24-25,0.2,0.3
Reliance Retail Limited_TMZ5,Direct,Reliance Retail,Mamaearth,Sept'24,FY_24-25,0.5,0.9
Reliance Retail Limited_TN55,Direct,Reliance Retail,Mamaearth,Sept'24,FY_24-25,0.7,1.1
Reliance Retail Limited_TN56,Direct,Reliance Retail,Mamaearth,Sept'24,FY_24-25,0.8,1.4
Reliance Retail Limited_TNB7,Direct,Reliance Retail,Mamaearth,Sept'24,FY_24-25,0.2,0.4
Reliance Retail Limited_TNC1,Direct,Reliance Retail,Mamaearth,Sept'24,FY_24-25,0.2,0.3
Reliance Retail Limited_TNC6,Direct,Reliance Retail,Mamaearth,Sept'24,FY_24-25,0.2,0.3
Reliance Retail Limited_TNC8,Direct,Reliance Retail,Mamaearth,Sept'24,FY_24-25,0.2,0.3
Reliance Retail Limited_TND0,Direct,Reliance Retail,Mamaearth,Sept'24,FY_24-25,0.2,0.3
Reliance Retail Limited_TNE3,Direct,Reliance Retail,Mamaearth,Sept'24,FY_24-25,0.7,1.2
Reliance Retail Limited_TNP8,Direct,Reliance Retail,Mamaearth,Sept'24,FY_24-25,0.4,0.6
Reliance Retail Limited_TO20,Direct,Reliance Retail,Mamaearth,Sept'24,FY_24-25,0.5,0.9
Reliance Retail Limited_TOJ6,Direct,Reliance Retail,Mamaearth,Sept'24,FY_24-25,0.4,0.7
Reliance Retail Limited_TP05,Direct,Reliance Retail,Mamaearth,Sept'24,FY_24-25,0.2,0.3
Reliance Retail Limited_TP75,Direct,Reliance Retail,Mamaearth,Sept'24,FY_24-25,0.6,1.0
Reliance Retail Limited_TP76,Direct,Reliance Retail,Mamaearth,Sept'24,FY_24-25,0.5,0.9
Reliance Retail Limited_TQ21,Direct,Reliance Retail,Mamaearth,Sept'24,FY_24-25,0.4,0.7
Reliance Retail Limited_TQ22,Direct,Reliance Retail,Mamaearth,Sept'24,FY_24-25,0.6,1.1
Reliance Retail Limited_TU21,Direct,Reliance Retail,Mamaearth,Sept'24,FY_24-25,0.2,0.3
Reliance Retail Limited_TW60,Direct,Reliance Retail,Mamaearth,Sept'24,FY_24-25,0.8,1.4
Reliance Retail Limited_TY87,Direct,Reliance Retail,Mamaearth,Sept'24,FY_24-25,0.1,0.2
Reliance Retail Limited-2956,Direct,Reliance Retail,Mamaearth,Sept'24,FY_24-25,0.5,0.8
Reliance Retail Limited-2959,Direct,Reliance Retail,Mamaearth,Sept'24,FY_24-25,1.2,2.1
Reliance Retail Limited-6202,Direct,Reliance Retail,Aqualogica,Sept'24,FY_24-25,0.0,0.0
Reliance Retail Limited-6202,Direct,Reliance Retail,BBlunt,Sept'24,FY_24-25,0.1,0.1
Reliance Retail Limited-6202,Direct,Reliance Retail,Mamaearth,Sept'24,FY_24-25,0.6,1.0
Reliance Retail Limited-6202,Direct,Reliance Retail,The Derma Co,Sept'24,FY_24-25,0.0,0.1
Reliance Retail Limited-6205,Direct,Reliance Retail,Aqualogica,Sept'24,FY_24-25,0.1,0.1
Reliance Retail Limited-6205,Direct,Reliance Retail,BBlunt,Sept'24,FY_24-25,0.1,0.2
Reliance Retail Limited-6205,Direct,Reliance Retail,Mamaearth,Sept'24,FY_24-25,1.3,2.3
Reliance Retail Limited-6205,Direct,Reliance Retail,The Derma Co,Sept'24,FY_24-25,0.3,0.5
Reliance Retail Limited-6206,Direct,Reliance Retail,Mamaearth,Sept'24,FY_24-25,0.5,0.8
Reliance Retail Limited-6208,Direct,Reliance Retail,Aqualogica,Sept'24,FY_24-25,0.0,0.0
Reliance Retail Limited-6208,Direct,Reliance Retail,Mamaearth,Sept'24,FY_24-25,-0.2,-0.2
Reliance Retail Limited-6208,Direct,Reliance Retail,The Derma Co,Sept'24,FY_24-25,0.0,0.0
Reliance Retail Limited-6210,Direct,Reliance Retail,Mamaearth,Sept'24,FY_24-25,0.4,0.7
Reliance Retail Limited-6217,Direct,Reliance Retail,Aqualogica,Sept'24,FY_24-25,0.2,0.3
Reliance Retail Limited-6217,Direct,Reliance Retail,Mamaearth,Sept'24,FY_24-25,0.4,0.7
Reliance Retail Limited-6219,Direct,Reliance Retail,Mamaearth,Sept'24,FY_24-25,0.1,0.1
Reliance Retail Limited-6220,Direct,Reliance Retail,Mamaearth,Sept'24,FY_24-25,0.2,0.3
Reliance Retail Limited-6224,Direct,Reliance Retail,Mamaearth,Sept'24,FY_24-25,0.7,1.2
Reliance Retail Limited-6225,Direct,Reliance Retail,Mamaearth,Sept'24,FY_24-25,0.1,0.1
Reliance Retail Limited-6239,Direct,Reliance Retail,Aqualogica,Sept'24,FY_24-25,0.2,0.4
Reliance Retail Limited-6239,Direct,Reliance Retail,Mamaearth,Sept'24,FY_24-25,1.0,1.8
Reliance Retail Limited-6239,Direct,Reliance Retail,The Derma Co,Sept'24,FY_24-25,0.1,0.1
Reliance Retail Limited-6726,Direct,Reliance Retail,Mamaearth,Sept'24,FY_24-25,0.3,0.5
RELIANCE RETAIL LIMITED-Badli,Direct,Reliance Retail,Aqualogica,Sept'24,FY_24-25,0.5,0.8
RELIANCE RETAIL LIMITED-Badli,Direct,Reliance Retail,Mamaearth,Sept'24,FY_24-25,16.1,39.6
RELIANCE RETAIL LIMITED-Badli,Direct,Reliance Retail,The Derma Co,Sept'24,FY_24-25,-0.7,-1.1
Reliance Retail Limited-FR04,Direct,Reliance Retail,Aqualogica,Sept'24,FY_24-25,0.5,0.8
Reliance Retail Limited-FR04,Direct,Reliance Retail,Mamaearth,Sept'24,FY_24-25,0.6,1.0
Reliance Retail Limited-FR04,Direct,Reliance Retail,The Derma Co,Sept'24,FY_24-25,1.2,1.9
Reliance Retail Limited-FR08,Direct,Reliance Retail,Mamaearth,Sept'24,FY_24-25,0.2,0.3
Reliance Retail Limited-FR15,Direct,Reliance Retail,Mamaearth,Sept'24,FY_24-25,0.3,0.5
Reliance Retail Limited-FR22,Direct,Reliance Retail,Mamaearth,Sept'24,FY_24-25,0.3,0.5
Reliance Retail Limited-FR45,Direct,Reliance Retail,Aqualogica,Sept'24,FY_24-25,0.1,0.2
Reliance Retail Limited-FR45,Direct,Reliance Retail,BBlunt,Sept'24,FY_24-25,0.1,0.1
Reliance Retail Limited-FR45,Direct,Reliance Retail,Mamaearth,Sept'24,FY_24-25,0.2,0.3
Reliance Retail Limited-FR45,Direct,Reliance Retail,The Derma Co,Sept'24,FY_24-25,0.0,0.0
Reliance Retail Limited-FR63,Direct,Reliance Retail,BBlunt,Sept'24,FY_24-25,0.0,0.1
Reliance Retail Limited-FR63,Direct,Reliance Retail,Mamaearth,Sept'24,FY_24-25,0.2,0.4
Reliance Retail Limited-FR63,Direct,Reliance Retail,The Derma Co,Sept'24,FY_24-25,0.0,0.0
Reliance Retail Limited-FR73,Direct,Reliance Retail,Aqualogica,Sept'24,FY_24-25,0.0,0.1
Reliance Retail Limited-FR73,Direct,Reliance Retail,BBlunt,Sept'24,FY_24-25,0.2,0.3
Reliance Retail Limited-FR73,Direct,Reliance Retail,Mamaearth,Sept'24,FY_24-25,0.3,0.5
Reliance Retail Limited-FR73,Direct,Reliance Retail,The Derma Co,Sept'24,FY_24-25,0.2,0.3
Reliance Retail Limited-FRAR,Direct,Reliance Retail,BBlunt,Sept'24,FY_24-25,0.0,0.1
Reliance Retail Limited-FRAR,Direct,Reliance Retail,Mamaearth,Sept'24,FY_24-25,0.3,0.5
Reliance Retail Limited-FRAR,Direct,Reliance Retail,The Derma Co,Sept'24,FY_24-25,0.0,0.0
Reliance Retail Limited-FRAU,Direct,Reliance Retail,Aqualogica,Sept'24,FY_24-25,0.1,0.1
Reliance Retail Limited-FRAU,Direct,Reliance Retail,BBlunt,Sept'24,FY_24-25,0.3,0.5
Reliance Retail Limited-FRAU,Direct,Reliance Retail,Mamaearth,Sept'24,FY_24-25,0.2,0.4
Reliance Retail Limited-FRAU,Direct,Reliance Retail,The Derma Co,Sept'24,FY_24-25,0.2,0.4
Reliance Retail Limited-FRBV,Direct,Reliance Retail,BBlunt,Sept'24,FY_24-25,0.1,0.2
Reliance Retail Limited-FRBV,Direct,Reliance Retail,The Derma Co,Sept'24,FY_24-25,0.1,0.1
Reliance Retail Limited-FRCA,Direct,Reliance Retail,Mamaearth,Sept'24,FY_24-25,0.7,1.2
Reliance Retail Limited-FRCB,Direct,Reliance Retail,Aqualogica,Sept'24,FY_24-25,0.0,0.0
Reliance Retail Limited-FRCB,Direct,Reliance Retail,BBlunt,Sept'24,FY_24-25,0.0,0.0
Reliance Retail Limited-FRCB,Direct,Reliance Retail,Mamaearth,Sept'24,FY_24-25,0.6,1.0
Reliance Retail Limited-FRCB,Direct,Reliance Retail,The Derma Co,Sept'24,FY_24-25,0.0,0.0
Reliance Retail Limited-FRCC,Direct,Reliance Retail,BBlunt,Sept'24,FY_24-25,0.0,0.0
Reliance Retail Limited-FRCC,Direct,Reliance Retail,Mamaearth,Sept'24,FY_24-25,0.6,1.0
Reliance Retail Limited-FRCC,Direct,Reliance Retail,The Derma Co,Sept'24,FY_24-25,0.1,0.1
Reliance Retail Limited-FRCF,Direct,Reliance Retail,Mamaearth,Sept'24,FY_24-25,0.6,1.0
Reliance Retail Limited-FRCK,Direct,Reliance Retail,BBlunt,Sept'24,FY_24-25,0.1,0.1
Reliance Retail Limited-FRCK,Direct,Reliance Retail,Mamaearth,Sept'24,FY_24-25,0.4,0.6
Reliance Retail Limited-FRCK,Direct,Reliance Retail,The Derma Co,Sept'24,FY_24-25,0.0,0.1
Reliance Retail Limited-FRCO,Direct,Reliance Retail,Mamaearth,Sept'24,FY_24-25,0.8,1.4
Reliance Retail Limited-FRCX,Direct,Reliance Retail,Aqualogica,Sept'24,FY_24-25,0.0,0.0
Reliance Retail Limited-FRCX,Direct,Reliance Retail,Mamaearth,Sept'24,FY_24-25,1.6,2.7
Reliance Retail Limited-FRCX,Direct,Reliance Retail,The Derma Co,Sept'24,FY_24-25,0.0,0.0
Reliance Retail Limited-FRDF,Direct,Reliance Retail,Mamaearth,Sept'24,FY_24-25,0.8,1.4
Reliance Retail Limited-FRDH,Direct,Reliance Retail,Mamaearth,Sept'24,FY_24-25,0.4,0.6
Reliance Retail Limited-FRDJ,Direct,Reliance Retail,Mamaearth,Sept'24,FY_24-25,0.7,1.2
Reliance Retail Limited-FRDM,Direct,Reliance Retail,Mamaearth,Sept'24,FY_24-25,0.4,0.7
Reliance Retail Limited-FRDY,Direct,Reliance Retail,Mamaearth,Sept'24,FY_24-25,0.2,0.3
Reliance Retail Limited-FRDZ,Direct,Reliance Retail,Aqualogica,Sept'24,FY_24-25,0.0,0.0
Reliance Retail Limited-FRDZ,Direct,Reliance Retail,Mamaearth,Sept'24,FY_24-25,0.4,0.7
Reliance Retail Limited-FREB,Direct,Reliance Retail,Mamaearth,Sept'24,FY_24-25,0.1,0.3
RELIANCE RETAIL LIMITED-FREC,Direct,Reliance Retail,Aqualogica,Sept'24,FY_24-25,0.2,0.3
RELIANCE RETAIL LIMITED-FREC,Direct,Reliance Retail,Mamaearth,Sept'24,FY_24-25,19.6,46.5
RELIANCE RETAIL LIMITED-FREF,Direct,Reliance Retail,Mamaearth,Sept'24,FY_24-25,2.9,6.3
RELIANCE RETAIL LIMITED-FREI,Direct,Reliance Retail,Mamaearth,Sept'24,FY_24-25,1.3,2.2
Reliance Retail Limited-FRFC,Direct,Reliance Retail,Aqualogica,Sept'24,FY_24-25,0.4,0.7
Reliance Retail Limited-FRFC,Direct,Reliance Retail,BBlunt,Sept'24,FY_24-25,0.4,0.6
Reliance Retail Limited-FRFC,Direct,Reliance Retail,Mamaearth,Sept'24,FY_24-25,1.0,1.7
Reliance Retail Limited-FRFC,Direct,Reliance Retail,The Derma Co,Sept'24,FY_24-25,0.7,1.1
Reliance Retail Limited-FRFH,Direct,Reliance Retail,BBlunt,Sept'24,FY_24-25,0.0,0.0
Reliance Retail Limited-FRFH,Direct,Reliance Retail,Mamaearth,Sept'24,FY_24-25,0.5,0.8
Reliance Retail Limited-FRFH,Direct,Reliance Retail,The Derma Co,Sept'24,FY_24-25,0.1,0.2
Reliance Retail Limited-FRFP,Direct,Reliance Retail,Mamaearth,Sept'24,FY_24-25,1.0,1.8
Reliance Retail Limited-FRGQ,Direct,Reliance Retail,Mamaearth,Sept'24,FY_24-25,0.4,0.6
Reliance Retail Limited-FRGS,Direct,Reliance Retail,BBlunt,Sept'24,FY_24-25,0.0,0.0
Reliance Retail Limited-FRGS,Direct,Reliance Retail,Mamaearth,Sept'24,FY_24-25,0.3,0.5
Reliance Retail Limited-FRGS,Direct,Reliance Retail,The Derma Co,Sept'24,FY_24-25,0.0,0.1
Reliance Retail Limited-FRHK,Direct,Reliance Retail,BBlunt,Sept'24,FY_24-25,0.1,0.1
Reliance Retail Limited-FRHK,Direct,Reliance Retail,Mamaearth,Sept'24,FY_24-25,0.4,0.7
Reliance Retail Limited-FRHK,Direct,Reliance Retail,The Derma Co,Sept'24,FY_24-25,0.1,0.2
Reliance Retail Limited-FRHT,Direct,Reliance Retail,Mamaearth,Sept'24,FY_24-25,0.7,1.1
Reliance Retail Limited-S0GK,Direct,Reliance Retail,Mamaearth,Sept'24,FY_24-25,8.0,15.5
Reliance Retail Limited-S0IL,Direct,Reliance Retail,Mamaearth,Sept'24,FY_24-25,0.3,0.7
Reliance Retail Limited-S0KN,Direct,Reliance Retail,Aqualogica,Sept'24,FY_24-25,0.4,0.7
Reliance Retail Limited-S0KN,Direct,Reliance Retail,Mamaearth,Sept'24,FY_24-25,7.6,16.9
Reliance Retail Limited-SAAH,Direct,Reliance Retail,Mamaearth,Sept'24,FY_24-25,17.5,45.6
Reliance Retail Limited-SAAH,Direct,Reliance Retail,The Derma Co,Sept'24,FY_24-25,0.4,0.7
RELIANCE RETAIL LIMITED-SF92,Direct,Reliance Retail,Aqualogica,Sept'24,FY_24-25,0.5,0.8
RELIANCE RETAIL LIMITED-SF92,Direct,Reliance Retail,Mamaearth,Sept'24,FY_24-25,32.5,93.0
RELIANCE RETAIL LIMITED-SH65,Direct,Reliance Retail,Mamaearth,Sept'24,FY_24-25,10.1,25.5
RELIANCE RETAIL LIMITED-SH69,Direct,Reliance Retail,Mamaearth,Sept'24,FY_24-25,9.4,22.9
RELIANCE RETAIL LIMITED-SH71,Direct,Reliance Retail,Mamaearth,Sept'24,FY_24-25,15.5,39.6
Reliance Retail Limited-SH77,Direct,Reliance Retail,Mamaearth,Sept'24,FY_24-25,0.6,1.5
Reliance Retail Limited-SK6I,Direct,Reliance Retail,Mamaearth,Sept'24,FY_24-25,5.0,12.1
Reliance Retail Limited-SLET,Direct,Reliance Retail,Mamaearth,Sept'24,FY_24-25,3.7,10.2
Reliance Retail Limited-SLG3,Direct,Reliance Retail,Aqualogica,Sept'24,FY_24-25,0.1,0.1
Reliance Retail Limited-SLG3,Direct,Reliance Retail,Mamaearth,Sept'24,FY_24-25,6.5,14.0
RELIANCE RETAIL LIMITED-SLIG,Direct,Reliance Retail,Aqualogica,Sept'24,FY_24-25,0.8,1.2
RELIANCE RETAIL LIMITED-SLIG,Direct,Reliance Retail,Mamaearth,Sept'24,FY_24-25,19.7,52.8
RELIANCE RETAIL LIMITED-SLII,Direct,Reliance Retail,Mamaearth,Sept'24,FY_24-25,3.3,7.8
Reliance Retail Limited-Slmr,Direct,Reliance Retail,Mamaearth,Sept'24,FY_24-25,2.6,6.5
Reliance Retail Limited-SLS1,Direct,Reliance Retail,Mamaearth,Sept'24,FY_24-25,6.9,14.6
Reliance Retail Limited-SLS2,Direct,Reliance Retail,Mamaearth,Sept'24,FY_24-25,2.0,5.5
Reliance Retail Limited-SN1U,Direct,Reliance Retail,Mamaearth,Sept'24,FY_24-25,4.6,11.7
Reliance Retail Limited-SP9K,Direct,Reliance Retail,Mamaearth,Sept'24,FY_24-25,5.5,13.2
Reliance Retail Limited-T2DI,Direct,Reliance Retail,BBlunt,Sept'24,FY_24-25,0.0,0.1
Reliance Retail Limited-T2DI,Direct,Reliance Retail,The Derma Co,Sept'24,FY_24-25,0.0,0.1
Reliance Retail Limited-T37T,Direct,Reliance Retail,Mamaearth,Sept'24,FY_24-25,0.4,0.7
Reliance Retail Limited-T84L,Direct,Reliance Retail,Mamaearth,Sept'24,FY_24-25,0.2,0.4
Reliance Retail Limited-T915,Direct,Reliance Retail,Mamaearth,Sept'24,FY_24-25,1.1,1.9
Reliance Retail Limited-TAFW,Direct,Reliance Retail,Aqualogica,Sept'24,FY_24-25,0.0,0.0
Reliance Retail Limited-TAFW,Direct,Reliance Retail,Mamaearth,Sept'24,FY_24-25,0.2,0.3
Reliance Retail Limited-TAH3,Direct,Reliance Retail,Mamaearth,Sept'24,FY_24-25,0.2,0.3
Reliance Retail Limited-TAUX,Direct,Reliance Retail,Mamaearth,Sept'24,FY_24-25,0.2,0.3
Reliance Retail Limited-TC74,Direct,Reliance Retail,Mamaearth,Sept'24,FY_24-25,0.4,0.7
Reliance Retail Limited-TD04,Direct,Reliance Retail,Mamaearth,Sept'24,FY_24-25,1.0,1.7
Reliance Retail Limited-TH93,Direct,Reliance Retail,Mamaearth,Sept'24,FY_24-25,0.6,1.0
Reliance Retail Limited-TIU6,Direct,Reliance Retail,Mamaearth,Sept'24,FY_24-25,0.6,1.1
Reliance Retail Limited-TL30,Direct,Reliance Retail,Aqualogica,Sept'24,FY_24-25,0.2,0.4
Reliance Retail Limited-TL30,Direct,Reliance Retail,Mamaearth,Sept'24,FY_24-25,0.9,1.5
Reliance Retail Limited-TL30,Direct,Reliance Retail,The Derma Co,Sept'24,FY_24-25,0.7,1.2
Reliance Retail Limited-TM18,Direct,Reliance Retail,Mamaearth,Sept'24,FY_24-25,0.2,0.4
Reliance Retail Limited-TN54,Direct,Reliance Retail,Mamaearth,Sept'24,FY_24-25,0.1,0.2
Reliance Retail Limited-Tna8,Direct,Reliance Retail,Mamaearth,Sept'24,FY_24-25,0.5,0.8
Reliance Retail Limited-TNB5,Direct,Reliance Retail,Mamaearth,Sept'24,FY_24-25,0.2,0.4
Reliance Retail Limited-TNC4,Direct,Reliance Retail,BBlunt,Sept'24,FY_24-25,0.0,0.0
Reliance Retail Limited-TNC4,Direct,Reliance Retail,Mamaearth,Sept'24,FY_24-25,0.3,0.6
Reliance Retail Limited-TNC4,Direct,Reliance Retail,The Derma Co,Sept'24,FY_24-25,0.0,0.0
Reliance Retail Limited-TNC7,Direct,Reliance Retail,Mamaearth,Sept'24,FY_24-25,0.2,0.3
Reliance Retail Limited-TND1,Direct,Reliance Retail,Mamaearth,Sept'24,FY_24-25,0.4,0.6
Reliance Retail Limited-TND4,Direct,Reliance Retail,Mamaearth,Sept'24,FY_24-25,0.5,0.8
Reliance Retail Limited-Tnd5,Direct,Reliance Retail,Mamaearth,Sept'24,FY_24-25,0.6,1.0
Reliance Retail Limited-TOM0,Direct,Reliance Retail,Mamaearth,Sept'24,FY_24-25,0.5,0.8
Reliance Retail Limited-TP06,Direct,Reliance Retail,Mamaearth,Sept'24,FY_24-25,0.2,0.3
Reliance Retail Limited-TQ61,Direct,Reliance Retail,Mamaearth,Sept'24,FY_24-25,0.4,0.6
Reliance Retail Limited-TW11,Direct,Reliance Retail,Mamaearth,Sept'24,FY_24-25,1.0,1.6
Reliance Retail Limited-TZ8R,Direct,Reliance Retail,Mamaearth,Sept'24,FY_24-25,0.2,0.3
Reliance Retail Limited-TZL5,Direct,Reliance Retail,BBlunt,Sept'24,FY_24-25,0.1,0.1
Reliance Retail Limited-TZL5,Direct,Reliance Retail,Mamaearth,Sept'24,FY_24-25,0.6,1.0
Reliance Retail Limited-TZL5,Direct,Reliance Retail,The Derma Co,Sept'24,FY_24-25,0.0,0.0
Reliance Retail Limited-ZZI0-B,Direct,Reliance Retail,Mamaearth,Sept'24,FY_24-25,3.7,6.9
Reliance Retail Ltd _Madhavaram- TNB8,Direct,Reliance Retail,Mamaearth,Sept'24,FY_24-25,0.3,0.6
Reliance Retail Ltd _RAJAJI NAGAR- FR49,Direct,Reliance Retail,BBlunt,Sept'24,FY_24-25,0.1,0.1
Reliance Retail Ltd _RAJAJI NAGAR- FR49,Direct,Reliance Retail,Mamaearth,Sept'24,FY_24-25,0.2,0.3
Reliance Retail Ltd _RAJAJI NAGAR- FR49,Direct,Reliance Retail,The Derma Co,Sept'24,FY_24-25,0.0,0.1
Reliance Retail Ltd_Davanagere- TNC0,Direct,Reliance Retail,Mamaearth,Sept'24,FY_24-25,0.1,0.2
Reliance Retail Ltd_Hubballi_2997,Direct,Reliance Retail,Mamaearth,Sept'24,FY_24-25,0.1,0.2
Reliance Retail Ltd_Nagercoil- 3338,Direct,Reliance Retail,Mamaearth,Sept'24,FY_24-25,0.5,0.8
RELIANCE RETAIL Ltd-SK6C,Direct,Reliance Retail,Aqualogica,Sept'24,FY_24-25,0.3,0.4
RELIANCE RETAIL Ltd-SK6C,Direct,Reliance Retail,Mamaearth,Sept'24,FY_24-25,8.9,22.3
RELIANCE RETAIL Ltd-SLEW,Direct,Reliance Retail,Aqualogica,Sept'24,FY_24-25,-0.3,-0.4
RELIANCE RETAIL Ltd-SLEW,Direct,Reliance Retail,Mamaearth,Sept'24,FY_24-25,4.3,10.8
RELIANCE RETAIL Ltd-SLEW,Direct,Reliance Retail,The Derma Co,Sept'24,FY_24-25,-0.1,-0.1
Tnsi Retail Pvt Ltd_Sultanpur,Direct,WH-Smith,Aqualogica,Sept'24,FY_24-25,0.1,0.2
Tnsi Retail Pvt Ltd_Sultanpur,Direct,WH-Smith,Mamaearth,Sept'24,FY_24-25,0.7,1.5
Travel News Services India Pvt Ltd_LPU-S105,Direct,WH-Smith,Mamaearth,Sept'24,FY_24-25,0.3,0.5
Travel News Services India Pvt Ltd_Up,Direct,WH-Smith,Mamaearth,Sept'24,FY_24-25,0.3,0.4
Travel Retail Services Pvt Ltd_Blr,Direct,Relay,Mamaearth,Sept'24,FY_24-25,0.2,0.4
Travel Retail Services Pvt Ltd_Blr,Direct,Relay,The Derma Co,Sept'24,FY_24-25,0.1,0.1
Travel Retail Services Pvt Ltd_Mum,Direct,Relay,Mamaearth,Sept'24,FY_24-25,0.2,0.5
Trent Hypermarket Private Limited_Blr,Direct,Trent,Mamaearth,Sept'24,FY_24-25,0.6,1.0
Trent Hypermarket Private Limited_Mah,Direct,Trent,Mamaearth,Sept'24,FY_24-25,2.2,3.7
Trent Hypermarket Private Limited-P,Direct,Trent,Mamaearth,Sept'24,FY_24-25,1.2,2.1
Wal-Mart India Private Limited 4702,Direct,Walmart CNC,Mamaearth,Sept'24,FY_24-25,0.6,1.2
Wal-Mart India Private Limited 4703,Direct,Walmart CNC,Mamaearth,Sept'24,FY_24-25,1.5,2.9
Wal-Mart India Private Limited 4706,Direct,Walmart CNC,Mamaearth,Sept'24,FY_24-25,1.2,2.3
Wal-Mart India Private Limited 4712,Direct,Walmart CNC,Mamaearth,Sept'24,FY_24-25,0.1,0.3
Wal-Mart India Private Limited 4713,Direct,Walmart CNC,Mamaearth,Sept'24,FY_24-25,0.8,1.6
Wal-Mart India Private Limited 4716,Direct,Walmart CNC,Mamaearth,Sept'24,FY_24-25,1.2,2.2
Wal-Mart India Private Limited 4719,Direct,Walmart CNC,Mamaearth,Sept'24,FY_24-25,3.2,6.2
Wal-Mart India Private Limited 4720,Direct,Walmart CNC,Mamaearth,Sept'24,FY_24-25,1.0,1.8
Wal-Mart India Private Limited 4721,Direct,Walmart CNC,Mamaearth,Sept'24,FY_24-25,0.3,0.7
Wal-Mart India Private Limited 4723,Direct,Walmart CNC,Mamaearth,Sept'24,FY_24-25,1.7,3.2
Wal-Mart India Private Limited 4724,Direct,Walmart CNC,Mamaearth,Sept'24,FY_24-25,0.5,1.0
Wal-Mart India Private Limited 4725,Direct,Walmart CNC,Mamaearth,Sept'24,FY_24-25,0.0,0.0
Wal-Mart India Private Limited 4727,Direct,Walmart CNC,Mamaearth,Sept'24,FY_24-25,1.8,3.4
Wal-Mart India Private Limited 4729,Direct,Walmart CNC,Mamaearth,Sept'24,FY_24-25,1.2,2.4
Wal-Mart India Private Limited 4734,Direct,Walmart CNC,Mamaearth,Sept'24,FY_24-25,0.7,1.3
Wal-Mart India Private Limited 4742,Direct,Walmart CNC,Mamaearth,Sept'24,FY_24-25,0.2,0.4
Wal-Mart India Private Limited 4744,Direct,Walmart CNC,Mamaearth,Sept'24,FY_24-25,0.4,0.8
Wal-Mart India Private Limited 4760,Direct,Walmart CNC,Mamaearth,Sept'24,FY_24-25,0.8,1.5
Wal-Mart India Private Limited 4797,Direct,Walmart CNC,Mamaearth,Sept'24,FY_24-25,1.1,2.1
Wal-Mart India Private Limited 4799,Direct,Walmart CNC,Mamaearth,Sept'24,FY_24-25,1.3,2.4
Wal-Mart India Private Limited 4801,Direct,Walmart CNC,Mamaearth,Sept'24,FY_24-25,0.5,0.9
Wal-Mart India Private Limited 4803,Direct,Walmart CNC,Mamaearth,Sept'24,FY_24-25,0.6,1.2
Wal-Mart India Private Limited 4805,Direct,Walmart CNC,Mamaearth,Sept'24,FY_24-25,1.1,2.1
Wal-Mart India Private Limited 4813,Direct,Walmart CNC,Mamaearth,Sept'24,FY_24-25,0.2,0.3
Wal-Mart India Private Limited 4814,Direct,Walmart CNC,Mamaearth,Sept'24,FY_24-25,0.1,0.1
Wellness Forever Medicare Ltd,Direct,Wellness Forever,Aqualogica,Sept'24,FY_24-25,2.9,4.9
Wellness Forever Medicare Ltd,Direct,Wellness Forever,BBlunt,Sept'24,FY_24-25,2.1,3.2
Wellness Forever Medicare Ltd,Direct,Wellness Forever,Mamaearth,Sept'24,FY_24-25,33.7,56.6
Wellness Forever Medicare Ltd,Direct,Wellness Forever,The Derma Co,Sept'24,FY_24-25,47.3,79.8
Arc Foods And Beverages_Mt_H&G,Dist.,H&G,Aqualogica,Sept'24,FY_24-25,1.5,2.8
Arc Foods And Beverages_Mt_H&G,Dist.,Apollo Healthco,Aqualogica,Sept'24,FY_24-25,0.3,0.5
Arc Foods And Beverages_Mt_H&G,Dist.,H&G,BBlunt,Sept'24,FY_24-25,2.8,4.6
Arc Foods And Beverages_Mt_H&G,Dist.,Apollo Healthco,Mamaearth,Sept'24,FY_24-25,8.8,19.4
Arc Foods And Beverages_Mt_H&G,Dist.,H&G,Mamaearth,Sept'24,FY_24-25,9.2,20.2
Arc Foods And Beverages_Mt_H&G,Dist.,H&G,The Derma Co,Sept'24,FY_24-25,10.6,19.4
Arc Foods And Beverages_Mt_H&G,Dist.,Apollo Healthco,The Derma Co,Sept'24,FY_24-25,1.0,1.8
Az Enterprises(Apollo/More)Mt,Dist.,Apollo Healthco,Aqualogica,Sept'24,FY_24-25,1.4,2.3
Az Enterprises(Apollo/More)Mt,Dist.,H&G,Aqualogica,Sept'24,FY_24-25,3.8,6.2
Az Enterprises(Apollo/More)Mt,Dist.,H&G,BBlunt,Sept'24,FY_24-25,5.3,9.5
Az Enterprises(Apollo/More)Mt,Dist.,B&N,BBlunt,Sept'24,FY_24-25,0.8,1.4
Az Enterprises(Apollo/More)Mt,Dist.,Apollo Healthco,Mamaearth,Sept'24,FY_24-25,27.5,56.7
Az Enterprises(Apollo/More)Mt,Dist.,Lulu,Mamaearth,Sept'24,FY_24-25,7.6,15.8
Az Enterprises(Apollo/More)Mt,Dist.,VMM,Mamaearth,Sept'24,FY_24-25,1.1,2.3
Az Enterprises(Apollo/More)Mt,Dist.,Frankross,Mamaearth,Sept'24,FY_24-25,0.2,0.4
Az Enterprises(Apollo/More)Mt,Dist.,Max Hyper,Mamaearth,Sept'24,FY_24-25,1.2,2.6
Az Enterprises(Apollo/More)Mt,Dist.,H&G,Mamaearth,Sept'24,FY_24-25,20.8,42.8
Az Enterprises(Apollo/More)Mt,Dist.,B&N,Mamaearth,Sept'24,FY_24-25,1.3,2.7
Az Enterprises(Apollo/More)Mt,Dist.,More Retail,Mamaearth,Sept'24,FY_24-25,12.0,24.7
Az Enterprises(Apollo/More)Mt,Dist.,Apollo Healthco,The Derma Co,Sept'24,FY_24-25,2.4,4.0
Az Enterprises(Apollo/More)Mt,Dist.,Lulu,The Derma Co,Sept'24,FY_24-25,0.6,0.9
Az Enterprises(Apollo/More)Mt,Dist.,H&G,The Derma Co,Sept'24,FY_24-25,15.2,25.3
Az Enterprises(Apollo/More)Mt,Dist.,B&N,The Derma Co,Sept'24,FY_24-25,1.1,1.8
BALAJI ASSOCIATES Distributor MT,Dist.,Reliance Retail,Mamaearth,Sept'24,FY_24-25,18.4,50.2
CHHABRA TRADERS_Ship To,Dist.,Spencer,BBlunt,Sept'24,FY_24-25,0.2,0.3
CHHABRA TRADERS_Ship To,Dist.,Lulu,Mamaearth,Sept'24,FY_24-25,6.5,12.0
CHHABRA TRADERS_Ship To,Dist.,Spencer,Mamaearth,Sept'24,FY_24-25,6.5,12.0
CHHABRA TRADERS_Ship To,Dist.,Lulu,The Derma Co,Sept'24,FY_24-25,1.4,2.5
D.L. Sales - MT,Dist.,Apollo Healthco,Aqualogica,Sept'24,FY_24-25,0.1,0.1
D.L. Sales - MT,Dist.,H&G,Aqualogica,Sept'24,FY_24-25,0.1,0.1
D.L. Sales - MT,Dist.,Spencer,Aqualogica,Sept'24,FY_24-25,2.8,5.0
D.L. Sales - MT,Dist.,H&G,BBlunt,Sept'24,FY_24-25,0.2,0.3
D.L. Sales - MT,Dist.,Spencer,BBlunt,Sept'24,FY_24-25,0.4,0.8
D.L. Sales - MT,Dist.,Apollo Healthco,Mamaearth,Sept'24,FY_24-25,12.2,23.2
D.L. Sales - MT,Dist.,H&G,Mamaearth,Sept'24,FY_24-25,0.7,1.3
D.L. Sales - MT,Dist.,More Retail,Mamaearth,Sept'24,FY_24-25,2.8,5.4
D.L. Sales - MT,Dist.,Spencer,Mamaearth,Sept'24,FY_24-25,11.0,21.1
D.L. Sales - MT,Dist.,Arambagh,Mamaearth,Sept'24,FY_24-25,0.9,1.7
D.L. Sales - MT,Dist.,Frankross,Mamaearth,Sept'24,FY_24-25,1.0,2.0
D.L. Sales - MT,Dist.,VMM,Mamaearth,Sept'24,FY_24-25,0.6,1.2
D.L. Sales - MT,Dist.,Apollo Healthco,The Derma Co,Sept'24,FY_24-25,0.6,1.1
D.L. Sales - MT,Dist.,H&G,The Derma Co,Sept'24,FY_24-25,0.7,1.3
D.L. Sales - MT,Dist.,Spencer,The Derma Co,Sept'24,FY_24-25,2.3,4.2
G.V Enterprises,Dist.,Lulu,Aqualogica,Sept'24,FY_24-25,0.1,0.2
G.V Enterprises,Dist.,Apollo Healthco,Mamaearth,Sept'24,FY_24-25,3.7,8.4
G.V Enterprises,Dist.,D-Mart,Mamaearth,Sept'24,FY_24-25,44.2,99.6
G.V Enterprises,Dist.,Lulu,Mamaearth,Sept'24,FY_24-25,2.2,5.1
G.V Enterprises,Dist.,Max Hyper,Mamaearth,Sept'24,FY_24-25,0.4,0.9
G.V Enterprises,Dist.,Pothys,Mamaearth,Sept'24,FY_24-25,3.3,7.5
G.V Enterprises,Dist.,Apollo Healthco,The Derma Co,Sept'24,FY_24-25,0.2,0.3
G.V Enterprises,Dist.,Lulu,The Derma Co,Sept'24,FY_24-25,0.1,0.3
G.V Enterprises,Dist.,H&G,The Derma Co,Sept'24,FY_24-25,0.0,0.0
Ganapati Distributor MT,Dist.,V-Mart,Mamaearth,Sept'24,FY_24-25,0.0,0.3
Ganapati Distributor MT,Dist.,Apollo Healthco,Mamaearth,Sept'24,FY_24-25,0.0,0.2
Ganapati Distributor MT,Dist.,VMM,Mamaearth,Sept'24,FY_24-25,0.0,0.5
JUST MARK-Dmart,Dist.,D-Mart,Mamaearth,Sept'24,FY_24-25,97.9,264.4
Kiran Trading Co- Dmart,Dist.,D-Mart,Mamaearth,Sept'24,FY_24-25,22.5,61.1
Kiran Trading Company_Ship to,Dist.,D-Mart,Mamaearth,Sept'24,FY_24-25,50.1,129.3
M/S KOTTARAM BUSINESS CORPORATION-MT,Dist.,H&G,Aqualogica,Sept'24,FY_24-25,0.2,0.5
M/S KOTTARAM BUSINESS CORPORATION-MT,Dist.,Lulu,Aqualogica,Sept'24,FY_24-25,3.4,6.2
M/S KOTTARAM BUSINESS CORPORATION-MT,Dist.,H&G,BBlunt,Sept'24,FY_24-25,0.1,0.2
M/S KOTTARAM BUSINESS CORPORATION-MT,Dist.,B&N,BBlunt,Sept'24,FY_24-25,0.1,0.2
M/S KOTTARAM BUSINESS CORPORATION-MT,Dist.,H&G,Mamaearth,Sept'24,FY_24-25,0.2,0.4
M/S KOTTARAM BUSINESS CORPORATION-MT,Dist.,Lulu,Mamaearth,Sept'24,FY_24-25,15.1,34.3
M/S KOTTARAM BUSINESS CORPORATION-MT,Dist.,Apollo Healthco,Mamaearth,Sept'24,FY_24-25,1.1,2.5
M/S KOTTARAM BUSINESS CORPORATION-MT,Dist.,B&N,Mamaearth,Sept'24,FY_24-25,0.1,0.3
M/S KOTTARAM BUSINESS CORPORATION-MT,Dist.,Apollo Healthco,The Derma Co,Sept'24,FY_24-25,0.6,1.2
M/S KOTTARAM BUSINESS CORPORATION-MT,Dist.,B&N,The Derma Co,Sept'24,FY_24-25,0.1,0.2
M/S KOTTARAM BUSINESS CORPORATION-MT,Dist.,Lulu,The Derma Co,Sept'24,FY_24-25,2.9,5.3
MARK ENTERPRISE,Dist.,Apollo Healthco,Mamaearth,Sept'24,FY_24-25,7.7,14.2
MARK ENTERPRISE,Dist.,Shubham K Mart,Mamaearth,Sept'24,FY_24-25,0.6,1.1
PRAGATI SALES-D-MART,Dist.,D-Mart,Mamaearth,Sept'24,FY_24-25,7.6,21.1
R.C. Trade Link H&G,Dist.,H&G,Aqualogica,Sept'24,FY_24-25,0.2,0.3
R.C. Trade Link H&G,Dist.,H&G,BBlunt,Sept'24,FY_24-25,0.2,0.3
R.C. Trade Link H&G,Dist.,H&G,Mamaearth,Sept'24,FY_24-25,1.1,2.8
R.C. Trade Link H&G,Dist.,H&G,The Derma Co,Sept'24,FY_24-25,1.3,2.1
R.D. Enterprises,Dist.,Lulu,Mamaearth,Sept'24,FY_24-25,-0.8,-1.4
R.D. Enterprises,Dist.,Spencer,Mamaearth,Sept'24,FY_24-25,-0.8,-1.4
Sancus Networks Private Limited-RMT,Dist.,RMT-Sancus,Aqualogica,Sept'24,FY_24-25,3.7,6.4
Sancus Networks Private Limited-RMT,Dist.,RMT-Sancus,BBlunt,Sept'24,FY_24-25,0.0,0.0
Sancus Networks Private Limited-RMT,Dist.,RMT-Sancus,Mamaearth,Sept'24,FY_24-25,14.1,41.8
Sancus Networks Private Limited-RMT,Dist.,Max Hyper,Mamaearth,Sept'24,FY_24-25,0.1,0.4
Sancus Networks Private Limited-RMT,Dist.,More Retail,Mamaearth,Sept'24,FY_24-25,1.8,5.3
Sancus Networks Private Limited-RMT,Dist.,RMT-Sancus,The Derma Co,Sept'24,FY_24-25,10.7,18.6
Sathyashree Enterprises-Mt,Dist.,D-Mart,Mamaearth,Sept'24,FY_24-25,8.4,21.4
SC BUSINESS COMBINE_MT,Dist.,V-Mart,Mamaearth,Sept'24,FY_24-25,2.2,4.4
Sri Lalitha Enterprises,Dist.,Grace Super MKT,Mamaearth,Sept'24,FY_24-25,3.2,6.6
Sri Lalitha Enterprises,Dist.,Pothys,Mamaearth,Sept'24,FY_24-25,3.9,8.1
Sri Lalitha Enterprises,Dist.,Sarvana,Mamaearth,Sept'24,FY_24-25,14.6,30.4
Sri Vijaya Durga Agencies_Mt,Dist.,H&G,Aqualogica,Sept'24,FY_24-25,0.0,0.1
Sri Vijaya Durga Agencies_Mt,Dist.,Reliance Retail,Aqualogica,Sept'24,FY_24-25,0.0,0.1
Sri Vijaya Durga Agencies_Mt,Dist.,H&G,BBlunt,Sept'24,FY_24-25,0.0,0.1
Sri Vijaya Durga Agencies_Mt,Dist.,Apollo Healthco,Mamaearth,Sept'24,FY_24-25,23.1,48.6
Sri Vijaya Durga Agencies_Mt,Dist.,VMM,Mamaearth,Sept'24,FY_24-25,0.2,0.6
Sri Vijaya Durga Agencies_Mt,Dist.,D-Mart,Mamaearth,Sept'24,FY_24-25,67.4,161.3
Sri Vijaya Durga Agencies_Mt,Dist.,Reliance Retail,Mamaearth,Sept'24,FY_24-25,28.1,67.2
Sri Vijaya Durga Agencies_Mt,Dist.,More Retail,Mamaearth,Sept'24,FY_24-25,2.8,6.8
Sri Vijaya Durga Agencies_Mt,Dist.,H&G,The Derma Co,Sept'24,FY_24-25,0.6,1.1
United Marketing_Mt,Dist.,Apollo Healthco,Mamaearth,Sept'24,FY_24-25,2.2,3.8
Vanaja Agencies MT_Dmart,Dist.,D-Mart,Mamaearth,Sept'24,FY_24-25,88.2,238.3
Vanaja Agencies_Mt,Dist.,H&G,Aqualogica,Sept'24,FY_24-25,2.6,4.7
Vanaja Agencies_Mt,Dist.,Reliance Retail,Aqualogica,Sept'24,FY_24-25,0.4,0.8
Vanaja Agencies_Mt,Dist.,Lulu,Aqualogica,Sept'24,FY_24-25,0.2,0.4
Vanaja Agencies_Mt,Dist.,B&N,Aqualogica,Sept'24,FY_24-25,0.4,0.7
Vanaja Agencies_Mt,Dist.,Apollo Healthco,Aqualogica,Sept'24,FY_24-25,1.1,2.0
Vanaja Agencies_Mt,Dist.,H&G,BBlunt,Sept'24,FY_24-25,3.2,5.1
Vanaja Agencies_Mt,Dist.,B&N,BBlunt,Sept'24,FY_24-25,1.3,2.1
Vanaja Agencies_Mt,Dist.,Apollo Healthco,Mamaearth,Sept'24,FY_24-25,28.4,68.1
Vanaja Agencies_Mt,Dist.,H&G,Mamaearth,Sept'24,FY_24-25,10.1,21.2
Vanaja Agencies_Mt,Dist.,Vijetha,Mamaearth,Sept'24,FY_24-25,7.0,14.8
Vanaja Agencies_Mt,Dist.,More Retail,Mamaearth,Sept'24,FY_24-25,6.4,13.6
Vanaja Agencies_Mt,Dist.,Max Hyper,Mamaearth,Sept'24,FY_24-25,0.4,0.9
Vanaja Agencies_Mt,Dist.,Reliance Retail,Mamaearth,Sept'24,FY_24-25,25.0,52.7
Vanaja Agencies_Mt,Dist.,Lulu,Mamaearth,Sept'24,FY_24-25,8.5,17.8
Vanaja Agencies_Mt,Dist.,Ratnadeep,Mamaearth,Sept'24,FY_24-25,13.1,27.6
Vanaja Agencies_Mt,Dist.,B&N,Mamaearth,Sept'24,FY_24-25,1.7,3.6
Vanaja Agencies_Mt,Dist.,VMM,Mamaearth,Sept'24,FY_24-25,0.5,1.1
Vanaja Agencies_Mt,Dist.,H&G,The Derma Co,Sept'24,FY_24-25,16.3,29.4
Vanaja Agencies_Mt,Dist.,Lulu,The Derma Co,Sept'24,FY_24-25,1.2,2.2
Vanaja Agencies_Mt,Dist.,B&N,The Derma Co,Sept'24,FY_24-25,1.7,3.1
Vanaja Agencies_Mt,Dist.,Apollo Healthco,The Derma Co,Sept'24,FY_24-25,5.6,10.1
VISHAL ENTERPRISES_Solapur,Dist.,D-Mart,Mamaearth,Sept'24,FY_24-25,16.9,43.8
APOLLO HEALTHCO LIMITED_AHMEDABAD,Direct,Apollo Healthco,Aqualogica,Oct'24,FY_24-25,0.1,0.1
APOLLO HEALTHCO LIMITED_AHMEDABAD,Direct,Apollo Healthco,Mamaearth,Oct'24,FY_24-25,2.5,7.4
Apollo Healthco Limited_Bhiwandi,Direct,Apollo Healthco,Aqualogica,Oct'24,FY_24-25,0.4,0.7
Apollo Healthco Limited_Bhiwandi,Direct,Apollo Healthco,Mamaearth,Oct'24,FY_24-25,2.0,4.8
Apollo Healthco Limited_Bhiwandi,Direct,Apollo Healthco,The Derma Co,Oct'24,FY_24-25,0.6,1.0
Apollo Healthco Limited_Faridabad,Direct,Apollo Healthco,Aqualogica,Oct'24,FY_24-25,1.0,1.7
Apollo Healthco Limited_Faridabad,Direct,Apollo Healthco,Mamaearth,Oct'24,FY_24-25,19.3,48.7
Apollo Healthco Limited_Faridabad,Direct,Apollo Healthco,The Derma Co,Oct'24,FY_24-25,2.8,4.7
Apollo Healthco Limited_Rajasthan,Direct,Apollo Healthco,Aqualogica,Oct'24,FY_24-25,0.1,0.2
Apollo Healthco Limited_Rajasthan,Direct,Apollo Healthco,Mamaearth,Oct'24,FY_24-25,2.9,7.3
Apollo Healthco Limited-Bangalore,Direct,Apollo Healthco,Mamaearth,Oct'24,FY_24-25,1.9,6.0
Apollo Healthco Limited-Chennai,Direct,Apollo Healthco,Mamaearth,Oct'24,FY_24-25,1.6,5.0
APOLLO HEALTHCO LIMITED-Chittor,Direct,Apollo Healthco,Mamaearth,Oct'24,FY_24-25,0.9,2.9
Apollo Healthco Limited-Goa,Direct,Apollo Healthco,Mamaearth,Oct'24,FY_24-25,0.6,1.8
Apollo Healthco Limited-Hubbli,Direct,Apollo Healthco,Mamaearth,Oct'24,FY_24-25,3.4,10.6
APOLLO HEALTHCO LIMITED-HYD,Direct,Apollo Healthco,Mamaearth,Oct'24,FY_24-25,1.0,3.2
Apollo Healthco Limited-Kochi,Direct,Apollo Healthco,Mamaearth,Oct'24,FY_24-25,0.4,1.1
APOLLO HEALTHCO LIMITED-Madurai,Direct,Apollo Healthco,Mamaearth,Oct'24,FY_24-25,0.4,1.3
Apollo Healthco Limited-Ore,Direct,Apollo Healthco,Mamaearth,Oct'24,FY_24-25,1.6,3.5
Apollo Healthco Limited-Sanath Nagar,Direct,Apollo Healthco,Mamaearth,Oct'24,FY_24-25,1.7,5.4
APOLLO HEALTHCO LIMITED-Vijayawada,Direct,Apollo Healthco,Mamaearth,Oct'24,FY_24-25,1.5,4.7
APOLLO HEALTHCO LIMITED-WB,Direct,Apollo Healthco,Aqualogica,Oct'24,FY_24-25,0.2,0.3
APOLLO HEALTHCO LIMITED-WB,Direct,Apollo Healthco,Mamaearth,Oct'24,FY_24-25,2.8,8.6
APOLLO HEALTHCO LIMITED-WB-2,Direct,Apollo Healthco,Mamaearth,Oct'24,FY_24-25,1.0,3.2
Apollo Healthco Ltd_Raipur,Direct,Apollo Healthco,Mamaearth,Oct'24,FY_24-25,0.9,2.8
Apollo Hospitals Enterprise Ltd(Offline),Direct,Apollo Healthco,Mamaearth,Oct'24,FY_24-25,0.0,-0.1
Avenue E Commerce Limited(Belapur),Direct,D-Mart,Aqualogica,Oct'24,FY_24-25,0.2,0.3
Avenue E Commerce Limited(Belapur),Direct,D-Mart,The Derma Co,Oct'24,FY_24-25,0.2,0.4
Avenue E Commerce Limited(Ck Palya),Direct,D-Mart,Aqualogica,Oct'24,FY_24-25,0.1,0.2
Avenue E Commerce Limited(Kanjur),Direct,D-Mart,Aqualogica,Oct'24,FY_24-25,0.1,0.2
Avenue E Commerce Limited(Kanjur),Direct,D-Mart,The Derma Co,Oct'24,FY_24-25,0.4,0.7
Avenue E Commerce Limited(Kiwale),Direct,D-Mart,Aqualogica,Oct'24,FY_24-25,0.1,0.3
Avenue E Commerce Limited(Kiwale),Direct,D-Mart,The Derma Co,Oct'24,FY_24-25,0.1,0.3
Avenue E Commerce Limited(Mira Road) N2,Direct,D-Mart,Aqualogica,Oct'24,FY_24-25,0.2,0.4
Avenue E Commerce Limited(Mira Road) N2,Direct,D-Mart,The Derma Co,Oct'24,FY_24-25,0.3,0.7
Avenue E Commerce Limited(Nahur),Direct,D-Mart,Aqualogica,Oct'24,FY_24-25,0.7,1.4
Avenue E Commerce Limited(Nahur),Direct,D-Mart,The Derma Co,Oct'24,FY_24-25,1.1,2.1
Avenue E Commerce Limited_3826,Direct,D-Mart,The Derma Co,Oct'24,FY_24-25,0.2,0.4
Avenue E Commerce Limited_Panvel-2,Direct,D-Mart,Aqualogica,Oct'24,FY_24-25,0.1,0.3
Avenue E Commerce Limited_Panvel-2,Direct,D-Mart,The Derma Co,Oct'24,FY_24-25,0.2,0.4
Avenue E Commerce Ltd._Hennur Fc-Ka,Direct,D-Mart,Aqualogica,Oct'24,FY_24-25,0.1,0.1
Avenue E Commerce Ltd_3919-Sardarnagar,Direct,D-Mart,The Derma Co,Oct'24,FY_24-25,0.2,0.4
Avenue E Commerce Ltd_3925-Jahangirabad.,Direct,D-Mart,The Derma Co,Oct'24,FY_24-25,0.2,0.4
Avenue E Commerce Ltd_4047-Vasai Waliv,Direct,D-Mart,Aqualogica,Oct'24,FY_24-25,0.0,0.1
Avenue E Commerce Ltd_4047-Vasai Waliv,Direct,D-Mart,The Derma Co,Oct'24,FY_24-25,0.2,0.4
Avenue E Commerce Ltd_CadburyFC.,Direct,D-Mart,The Derma Co,Oct'24,FY_24-25,0.2,0.3
Avenue E Commerce Ltd_Goregaon,Direct,D-Mart,Aqualogica,Oct'24,FY_24-25,0.0,0.1
Avenue E Commerce Ltd_Goregaon,Direct,D-Mart,The Derma Co,Oct'24,FY_24-25,0.0,0.1
Avenue E Commerce Ltd_Manpada,Direct,D-Mart,The Derma Co,Oct'24,FY_24-25,0.2,0.4
Avenue E Commerce Ltd_SanandFC,Direct,D-Mart,The Derma Co,Oct'24,FY_24-25,0.2,0.4
Avenue E Commerce Ltd_Wagholi,Direct,D-Mart,Aqualogica,Oct'24,FY_24-25,0.1,0.2
Avenue E Commerce Ltd_Wagholi,Direct,D-Mart,The Derma Co,Oct'24,FY_24-25,0.2,0.4
Avenue Supermarts Ltd.-DC-1032,Direct,D-Mart,Mamaearth,Oct'24,FY_24-25,77.4,199.2
Avenue Supermarts Ltd.-DC-1039,Direct,D-Mart,BBlunt,Oct'24,FY_24-25,1.9,3.8
Avenue Supermarts Ltd.-DC-1039,Direct,D-Mart,Mamaearth,Oct'24,FY_24-25,109.7,283.6
Avenue Supermarts Ltd.-DC-1049,Direct,D-Mart,Mamaearth,Oct'24,FY_24-25,33.8,89.6
Avenue Supermarts Ltd.-DC-1050,Direct,D-Mart,Mamaearth,Oct'24,FY_24-25,31.1,82.9
Avenue Supermarts Ltd.-DC-1068,Direct,D-Mart,Mamaearth,Oct'24,FY_24-25,35.5,92.3
Guardian Healthcare Services Pvt Ltd(DL),Direct,Guardian,Aqualogica,Oct'24,FY_24-25,0.2,0.5
Guardian Healthcare Services Pvt Ltd(DL),Direct,Guardian,Mamaearth,Oct'24,FY_24-25,1.6,3.2
Guardian Healthcare Services Pvt Ltd(DL),Direct,Guardian,The Derma Co,Oct'24,FY_24-25,0.3,0.6
Metro Cash & Carry India Pvt Ltd -(DC34)-T0SR,Direct,Metro-CNC-RRL,Mamaearth,Oct'24,FY_24-25,1.0,1.8
Metro Cash & Carry India Pvt Ltd-(DC10)-T0SM,Direct,Metro-CNC-RRL,Aqualogica,Oct'24,FY_24-25,0.3,0.5
Metro Cash & Carry India Pvt Ltd-(DC10)-T0SM,Direct,Metro-CNC-RRL,BBlunt,Oct'24,FY_24-25,0.3,0.4
Metro Cash & Carry India Pvt Ltd-(DC10)-T0SM,Direct,Metro-CNC-RRL,Mamaearth,Oct'24,FY_24-25,2.1,4.2
Metro Cash & Carry India Pvt Ltd-(DC11)-T0SL,Direct,Metro-CNC-RRL,Aqualogica,Oct'24,FY_24-25,1.8,2.9
Metro Cash & Carry India Pvt Ltd-(DC11)-T0SL,Direct,Metro-CNC-RRL,BBlunt,Oct'24,FY_24-25,0.2,0.4
Metro Cash & Carry India Pvt Ltd-(DC11)-T0SL,Direct,Metro-CNC-RRL,Mamaearth,Oct'24,FY_24-25,4.8,9.5
Metro Cash & Carry India Pvt Ltd-(DC11)-T0SL,Direct,Metro-CNC-RRL,The Derma Co,Oct'24,FY_24-25,1.6,2.6
Metro Cash & Carry India Pvt Ltd-(DC12)-T0QX,Direct,Metro-CNC-RRL,Aqualogica,Oct'24,FY_24-25,-2.1,-3.3
Metro Cash & Carry India Pvt Ltd-(DC12)-T0QX,Direct,Metro-CNC-RRL,BBlunt,Oct'24,FY_24-25,0.4,0.6
Metro Cash & Carry India Pvt Ltd-(DC12)-T0QX,Direct,Metro-CNC-RRL,Mamaearth,Oct'24,FY_24-25,7.2,13.8
Metro Cash & Carry India Pvt Ltd-(DC12)-T0QX,Direct,Metro-CNC-RRL,The Derma Co,Oct'24,FY_24-25,4.4,6.9
Metro Cash & Carry India Pvt Ltd-(DC15)-T0QY,Direct,Metro-CNC-RRL,Mamaearth,Oct'24,FY_24-25,-0.5,-1.0
Metro Cash & Carry India Pvt Ltd-(DC16)-T0QZ,Direct,Metro-CNC-RRL,BBlunt,Oct'24,FY_24-25,0.3,0.5
Metro Cash & Carry India Pvt Ltd-(DC16)-T0QZ,Direct,Metro-CNC-RRL,Mamaearth,Oct'24,FY_24-25,0.6,1.2
Metro Cash & Carry India Pvt Ltd-(DC17)-T0QT,Direct,Metro-CNC-RRL,Mamaearth,Oct'24,FY_24-25,1.5,2.8
Metro Cash & Carry India Pvt Ltd-(DC18)-T0SN,Direct,Metro-CNC-RRL,Mamaearth,Oct'24,FY_24-25,-0.1,-0.3
Metro Cash & Carry India Pvt Ltd-(DC18)-T0SN,Direct,Metro-CNC-RRL,The Derma Co,Oct'24,FY_24-25,-0.1,-0.2
Metro Cash & Carry India Pvt Ltd-(DC20)-T0RK,Direct,Metro-CNC-RRL,Mamaearth,Oct'24,FY_24-25,2.4,4.8
Metro Cash & Carry India Pvt Ltd-(DC23)-T0RL,Direct,Metro-CNC-RRL,Aqualogica,Oct'24,FY_24-25,0.5,0.8
Metro Cash & Carry India Pvt Ltd-(DC23)-T0RL,Direct,Metro-CNC-RRL,BBlunt,Oct'24,FY_24-25,0.8,1.2
Metro Cash & Carry India Pvt Ltd-(DC23)-T0RL,Direct,Metro-CNC-RRL,Mamaearth,Oct'24,FY_24-25,2.6,5.0
Metro Cash & Carry India Pvt Ltd-(DC23)-T0RL,Direct,Metro-CNC-RRL,The Derma Co,Oct'24,FY_24-25,3.0,4.7
Metro Cash & Carry India Pvt Ltd-(DC24)-T0RJ,Direct,Metro-CNC-RRL,BBlunt,Oct'24,FY_24-25,0.1,0.1
Metro Cash & Carry India Pvt Ltd-(DC24)-T0RJ,Direct,Metro-CNC-RRL,Mamaearth,Oct'24,FY_24-25,0.4,0.8
Metro Cash & Carry India Pvt Ltd-(DC25)-T0RB,Direct,Metro-CNC-RRL,BBlunt,Oct'24,FY_24-25,0.1,0.1
Metro Cash & Carry India Pvt Ltd-(DC25)-T0RB,Direct,Metro-CNC-RRL,Mamaearth,Oct'24,FY_24-25,0.9,2.1
Metro Cash & Carry India Pvt Ltd-(DC26)-T0SP,Direct,Metro-CNC-RRL,Aqualogica,Oct'24,FY_24-25,0.4,0.7
Metro Cash & Carry India Pvt Ltd-(DC26)-T0SP,Direct,Metro-CNC-RRL,Mamaearth,Oct'24,FY_24-25,1.8,3.8
Metro Cash & Carry India Pvt Ltd-(DC26)-T0SP,Direct,Metro-CNC-RRL,The Derma Co,Oct'24,FY_24-25,0.0,0.1
Metro Cash & Carry India Pvt Ltd-(DC28)-T0RF,Direct,Metro-CNC-RRL,Mamaearth,Oct'24,FY_24-25,0.0,0.0
Metro Cash & Carry India Pvt Ltd-(DC29)-T0RA,Direct,Metro-CNC-RRL,Mamaearth,Oct'24,FY_24-25,-0.3,-0.6
Metro Cash & Carry India Pvt Ltd-(DC30)-T0RM,Direct,Metro-CNC-RRL,Mamaearth,Oct'24,FY_24-25,0.9,1.6
Metro Cash & Carry India Pvt Ltd-(DC32)-T0QU,Direct,Metro-CNC-RRL,Mamaearth,Oct'24,FY_24-25,1.3,3.2
Metro Cash & Carry India Pvt Ltd-(DC36)-T0RH,Direct,Metro-CNC-RRL,BBlunt,Oct'24,FY_24-25,0.1,0.2
Metro Cash & Carry India Pvt Ltd-(DC36)-T0RH,Direct,Metro-CNC-RRL,Mamaearth,Oct'24,FY_24-25,0.9,1.8
Metro Cash & Carry India Pvt Ltd-(DC37)-T0RD,Direct,Metro-CNC-RRL,BBlunt,Oct'24,FY_24-25,0.3,0.4
Metro Cash & Carry India Pvt Ltd-(DC37)-T0RD,Direct,Metro-CNC-RRL,Mamaearth,Oct'24,FY_24-25,1.5,2.9
Metro Cash & Carry India Pvt Ltd-(DC43)-T2YF,Direct,Metro-CNC-RRL,Aqualogica,Oct'24,FY_24-25,0.0,0.0
Metro Cash & Carry India Pvt Ltd-(DC43)-T2YF,Direct,Metro-CNC-RRL,BBlunt,Oct'24,FY_24-25,0.0,0.0
Metro Cash & Carry India Pvt Ltd-(DC43)-T2YF,Direct,Metro-CNC-RRL,Mamaearth,Oct'24,FY_24-25,-0.3,-0.6
Metro Cash & Carry India Pvt Ltd-(DC43)-T2YF,Direct,Metro-CNC-RRL,The Derma Co,Oct'24,FY_24-25,-0.1,-0.1
Metro Cash & Carry India Pvt Ltd-(DC45)-T0RE,Direct,Metro-CNC-RRL,BBlunt,Oct'24,FY_24-25,0.2,0.3
Metro Cash & Carry India Pvt Ltd-(DC45)-T0RE,Direct,Metro-CNC-RRL,Mamaearth,Oct'24,FY_24-25,0.7,1.4
Metro Cash & Carry India Pvt Ltd-(DC46)-T0RC,Direct,Metro-CNC-RRL,Aqualogica,Oct'24,FY_24-25,0.1,0.1
Metro Cash & Carry India Pvt Ltd-(DC46)-T0RC,Direct,Metro-CNC-RRL,BBlunt,Oct'24,FY_24-25,0.3,0.4
Metro Cash & Carry India Pvt Ltd-(DC46)-T0RC,Direct,Metro-CNC-RRL,Mamaearth,Oct'24,FY_24-25,0.9,2.1
Metro Cash & Carry India Pvt Ltd-(DC48)-T0SK,Direct,Metro-CNC-RRL,BBlunt,Oct'24,FY_24-25,0.1,0.2
Metro Cash & Carry India Pvt Ltd-(DC48)-T0SK,Direct,Metro-CNC-RRL,Mamaearth,Oct'24,FY_24-25,2.6,4.7
Metro Cash & Carry India Pvt Ltd-(DC52)-T0RI,Direct,Metro-CNC-RRL,BBlunt,Oct'24,FY_24-25,0.2,0.4
Metro Cash & Carry India Pvt Ltd-(DC52)-T0RI,Direct,Metro-CNC-RRL,Mamaearth,Oct'24,FY_24-25,0.9,1.6
Metro Cash & Carry India Pvt Ltd-(DC53)-T0QV,Direct,Metro-CNC-RRL,BBlunt,Oct'24,FY_24-25,0.1,0.2
Metro Cash & Carry India Pvt Ltd-(DC53)-T0QV,Direct,Metro-CNC-RRL,Mamaearth,Oct'24,FY_24-25,0.8,1.4
Metro Cash & Carry India Pvt Ltd-(DC54)-T0QW,Direct,Metro-CNC-RRL,Mamaearth,Oct'24,FY_24-25,1.2,2.6
Metro Cash & Carry India Pvt Ltd-(DC60)-T0QS,Direct,Metro-CNC-RRL,Aqualogica,Oct'24,FY_24-25,0.7,1.2
Metro Cash & Carry India Pvt Ltd-(DC60)-T0QS,Direct,Metro-CNC-RRL,Mamaearth,Oct'24,FY_24-25,4.3,8.4
Metro Cash & Carry India Pvt Ltd-(DC60)-T0QS,Direct,Metro-CNC-RRL,The Derma Co,Oct'24,FY_24-25,0.7,1.1
Metro Cash & Carry India Pvt Ltd_DC33(T0SQ),Direct,Metro-CNC-RRL,Mamaearth,Oct'24,FY_24-25,0.3,0.5
Metro Cash & Carry India Pvt Ltd_T0SO,Direct,Metro-CNC-RRL,Mamaearth,Oct'24,FY_24-25,0.3,0.7
Metro Cash & Carry India Pvt Ltd_T2FM,Direct,Metro-CNC-RRL,Mamaearth,Oct'24,FY_24-25,0.2,0.4
Metro Cash & Carry India Pvt Ltd_T2FM,Direct,Metro-CNC-RRL,The Derma Co,Oct'24,FY_24-25,0.0,0.0
Metro Cash & Carry India Pvt Ltd_T2IU,Direct,Metro-CNC-RRL,Mamaearth,Oct'24,FY_24-25,-1.7,-3.1
Metro Cash & Carry India Pvt Ltd_T2JG,Direct,Metro-CNC-RRL,Mamaearth,Oct'24,FY_24-25,-1.2,-2.1
Metro Cash & Carry India Pvt Ltd_T2JS,Direct,Metro-CNC-RRL,Mamaearth,Oct'24,FY_24-25,-2.2,-4.1
Reliance Retail Limited Ce08,Direct,Reliance Retail,Mamaearth,Oct'24,FY_24-25,9.2,18.4
Reliance Retail Limited Cf08,Direct,Reliance Retail,Mamaearth,Oct'24,FY_24-25,6.7,15.7
Reliance Retail Limited Cm08,Direct,Reliance Retail,Mamaearth,Oct'24,FY_24-25,-0.1,-0.2
Reliance Retail Limited Ct08,Direct,Reliance Retail,Mamaearth,Oct'24,FY_24-25,-2.5,-5.3
Reliance Retail Limited Ea08,Direct,Reliance Retail,Mamaearth,Oct'24,FY_24-25,11.4,28.3
Reliance Retail Limited Fb08,Direct,Reliance Retail,Aqualogica,Oct'24,FY_24-25,0.2,0.3
Reliance Retail Limited Fb08,Direct,Reliance Retail,Mamaearth,Oct'24,FY_24-25,7.8,17.7
Reliance Retail Limited Fb08,Direct,Reliance Retail,The Derma Co,Oct'24,FY_24-25,0.4,0.7
Reliance Retail Limited R426,Direct,Reliance Retail,Mamaearth,Oct'24,FY_24-25,-0.1,-0.1
Reliance Retail Limited R701,Direct,Reliance Retail,Mamaearth,Oct'24,FY_24-25,6.7,15.7
Reliance Retail Limited R703,Direct,Reliance Retail,Mamaearth,Oct'24,FY_24-25,-0.5,-1.5
Reliance Retail Limited R801,Direct,Reliance Retail,Mamaearth,Oct'24,FY_24-25,20.3,49.2
Reliance Retail Limited Sc79,Direct,Reliance Retail,Mamaearth,Oct'24,FY_24-25,5.6,13.3
Reliance Retail Limited_2302,Direct,Reliance Retail,Mamaearth,Oct'24,FY_24-25,0.2,0.4
Reliance Retail Limited_2364,Direct,Reliance Retail,Mamaearth,Oct'24,FY_24-25,0.2,0.3
Reliance Retail Limited_2995,Direct,Reliance Retail,Mamaearth,Oct'24,FY_24-25,0.2,0.3
Reliance Retail Limited_2996,Direct,Reliance Retail,Mamaearth,Oct'24,FY_24-25,0.2,0.3
Reliance Retail Limited_3210,Direct,Reliance Retail,Mamaearth,Oct'24,FY_24-25,0.1,0.1
Reliance Retail Limited_6209,Direct,Reliance Retail,Mamaearth,Oct'24,FY_24-25,0.0,0.0
Reliance Retail Limited_6221,Direct,Reliance Retail,Mamaearth,Oct'24,FY_24-25,0.2,0.3
Reliance Retail Limited_6717,Direct,Reliance Retail,Mamaearth,Oct'24,FY_24-25,0.2,0.3
Reliance Retail Limited_6719,Direct,Reliance Retail,Mamaearth,Oct'24,FY_24-25,0.2,0.3
Reliance Retail Limited_6722,Direct,Reliance Retail,Mamaearth,Oct'24,FY_24-25,0.2,0.3
Reliance Retail Limited_6727,Direct,Reliance Retail,Mamaearth,Oct'24,FY_24-25,0.1,0.2
Reliance Retail Limited_Cy08-Kerala,Direct,Reliance Retail,Mamaearth,Oct'24,FY_24-25,6.9,16.9
Reliance Retail Limited_FR00,Direct,Reliance Retail,Mamaearth,Oct'24,FY_24-25,0.2,0.4
Reliance Retail Limited_FR02,Direct,Reliance Retail,Mamaearth,Oct'24,FY_24-25,0.1,0.2
Reliance Retail Limited_FR03,Direct,Reliance Retail,Mamaearth,Oct'24,FY_24-25,0.2,0.4
Reliance Retail Limited_FR10,Direct,Reliance Retail,Mamaearth,Oct'24,FY_24-25,0.1,0.2
Reliance Retail Limited_FR27,Direct,Reliance Retail,Mamaearth,Oct'24,FY_24-25,0.1,0.2
Reliance Retail Limited_FR30,Direct,Reliance Retail,Mamaearth,Oct'24,FY_24-25,0.1,0.2
Reliance Retail Limited_FR60,Direct,Reliance Retail,Mamaearth,Oct'24,FY_24-25,0.1,0.2
Reliance Retail Limited_FR62,Direct,Reliance Retail,Aqualogica,Oct'24,FY_24-25,0.0,0.1
Reliance Retail Limited_FR62,Direct,Reliance Retail,Mamaearth,Oct'24,FY_24-25,0.1,0.2
Reliance Retail Limited_FR62,Direct,Reliance Retail,The Derma Co,Oct'24,FY_24-25,0.1,0.1
Reliance Retail Limited_FR64,Direct,Reliance Retail,Mamaearth,Oct'24,FY_24-25,0.3,0.5
Reliance Retail Limited_FR76,Direct,Reliance Retail,Aqualogica,Oct'24,FY_24-25,0.0,0.1
Reliance Retail Limited_FR76,Direct,Reliance Retail,BBlunt,Oct'24,FY_24-25,0.1,0.2
Reliance Retail Limited_FR76,Direct,Reliance Retail,Mamaearth,Oct'24,FY_24-25,0.2,0.3
Reliance Retail Limited_FR76,Direct,Reliance Retail,The Derma Co,Oct'24,FY_24-25,0.1,0.1
Reliance Retail Limited_Fr87,Direct,Reliance Retail,Mamaearth,Oct'24,FY_24-25,22.5,54.7
Reliance Retail Limited_Fr89,Direct,Reliance Retail,Mamaearth,Oct'24,FY_24-25,1.7,3.4
Reliance Retail Limited_FRAQ,Direct,Reliance Retail,Mamaearth,Oct'24,FY_24-25,0.1,0.3
Reliance Retail Limited_FRAT,Direct,Reliance Retail,Aqualogica,Oct'24,FY_24-25,0.0,0.1
Reliance Retail Limited_FRAT,Direct,Reliance Retail,BBlunt,Oct'24,FY_24-25,0.1,0.1
Reliance Retail Limited_FRAT,Direct,Reliance Retail,Mamaearth,Oct'24,FY_24-25,0.1,0.2
Reliance Retail Limited_FRAT,Direct,Reliance Retail,The Derma Co,Oct'24,FY_24-25,0.1,0.2
Reliance Retail Limited_Fraz,Direct,Reliance Retail,Mamaearth,Oct'24,FY_24-25,7.2,14.8
Reliance Retail Limited_FRBD,Direct,Reliance Retail,Mamaearth,Oct'24,FY_24-25,0.2,0.3
Reliance Retail Limited_FRBR,Direct,Reliance Retail,Mamaearth,Oct'24,FY_24-25,0.4,0.7
Reliance Retail Limited_FRBS,Direct,Reliance Retail,Aqualogica,Oct'24,FY_24-25,0.0,0.0
Reliance Retail Limited_FRBS,Direct,Reliance Retail,BBlunt,Oct'24,FY_24-25,0.0,0.0
Reliance Retail Limited_FRBS,Direct,Reliance Retail,Mamaearth,Oct'24,FY_24-25,0.1,0.2
Reliance Retail Limited_FRBS,Direct,Reliance Retail,The Derma Co,Oct'24,FY_24-25,0.0,0.1
Reliance Retail Limited_FRBU,Direct,Reliance Retail,Aqualogica,Oct'24,FY_24-25,0.0,0.0
Reliance Retail Limited_FRBU,Direct,Reliance Retail,BBlunt,Oct'24,FY_24-25,0.0,0.1
Reliance Retail Limited_FRBU,Direct,Reliance Retail,Mamaearth,Oct'24,FY_24-25,0.2,0.3
Reliance Retail Limited_FRBU,Direct,Reliance Retail,The Derma Co,Oct'24,FY_24-25,0.1,0.1
Reliance Retail Limited_FRBW,Direct,Reliance Retail,Mamaearth,Oct'24,FY_24-25,0.3,0.4
Reliance Retail Limited_FRCG,Direct,Reliance Retail,Mamaearth,Oct'24,FY_24-25,0.1,0.2
Reliance Retail Limited_FRCH,Direct,Reliance Retail,Mamaearth,Oct'24,FY_24-25,0.3,0.4
Reliance Retail Limited_FRCJ,Direct,Reliance Retail,Mamaearth,Oct'24,FY_24-25,0.1,0.2
Reliance Retail Limited_FRCP,Direct,Reliance Retail,Aqualogica,Oct'24,FY_24-25,0.0,0.0
Reliance Retail Limited_FRCP,Direct,Reliance Retail,BBlunt,Oct'24,FY_24-25,0.1,0.2
Reliance Retail Limited_FRCP,Direct,Reliance Retail,The Derma Co,Oct'24,FY_24-25,0.1,0.2
Reliance Retail Limited_FRCQ,Direct,Reliance Retail,Mamaearth,Oct'24,FY_24-25,0.1,0.2
Reliance Retail Limited_FRCS,Direct,Reliance Retail,Mamaearth,Oct'24,FY_24-25,0.1,0.2
Reliance Retail Limited_FRDA,Direct,Reliance Retail,Mamaearth,Oct'24,FY_24-25,0.1,0.2
Reliance Retail Limited_FRDB,Direct,Reliance Retail,Aqualogica,Oct'24,FY_24-25,0.0,0.0
Reliance Retail Limited_FRDB,Direct,Reliance Retail,BBlunt,Oct'24,FY_24-25,0.0,0.1
Reliance Retail Limited_FRDB,Direct,Reliance Retail,Mamaearth,Oct'24,FY_24-25,0.2,0.3
Reliance Retail Limited_FRDB,Direct,Reliance Retail,The Derma Co,Oct'24,FY_24-25,0.2,0.3
Reliance Retail Limited_FRDI,Direct,Reliance Retail,Mamaearth,Oct'24,FY_24-25,0.2,0.3
Reliance Retail Limited_FRDK,Direct,Reliance Retail,Aqualogica,Oct'24,FY_24-25,0.0,0.0
Reliance Retail Limited_FRDK,Direct,Reliance Retail,BBlunt,Oct'24,FY_24-25,0.1,0.1
Reliance Retail Limited_FRDK,Direct,Reliance Retail,Mamaearth,Oct'24,FY_24-25,0.1,0.3
Reliance Retail Limited_FRDK,Direct,Reliance Retail,The Derma Co,Oct'24,FY_24-25,0.1,0.1
Reliance Retail Limited_FRDL,Direct,Reliance Retail,Aqualogica,Oct'24,FY_24-25,0.0,0.0
Reliance Retail Limited_FRDL,Direct,Reliance Retail,BBlunt,Oct'24,FY_24-25,0.1,0.1
Reliance Retail Limited_FRDL,Direct,Reliance Retail,Mamaearth,Oct'24,FY_24-25,0.1,0.1
Reliance Retail Limited_FRDL,Direct,Reliance Retail,The Derma Co,Oct'24,FY_24-25,0.1,0.1
Reliance Retail Limited_FRDP,Direct,Reliance Retail,Mamaearth,Oct'24,FY_24-25,0.2,0.3
Reliance Retail Limited_FRDT,Direct,Reliance Retail,Mamaearth,Oct'24,FY_24-25,0.2,0.3
Reliance Retail Limited_FREM,Direct,Reliance Retail,Mamaearth,Oct'24,FY_24-25,0.2,0.4
Reliance Retail Limited_FRER,Direct,Reliance Retail,Mamaearth,Oct'24,FY_24-25,0.2,0.4
Reliance Retail Limited_FREX,Direct,Reliance Retail,Mamaearth,Oct'24,FY_24-25,0.2,0.3
Reliance Retail Limited_FRFA,Direct,Reliance Retail,Mamaearth,Oct'24,FY_24-25,0.1,0.2
Reliance Retail Limited_FRFD,Direct,Reliance Retail,Mamaearth,Oct'24,FY_24-25,0.2,0.4
Reliance Retail Limited_FRFK,Direct,Reliance Retail,Mamaearth,Oct'24,FY_24-25,0.1,0.1
Reliance Retail Limited_FRFR,Direct,Reliance Retail,Mamaearth,Oct'24,FY_24-25,0.3,0.4
Reliance Retail Limited_FRFU,Direct,Reliance Retail,Mamaearth,Oct'24,FY_24-25,0.2,0.3
Reliance Retail Limited_FRFV,Direct,Reliance Retail,Mamaearth,Oct'24,FY_24-25,0.2,0.4
Reliance Retail Limited_FRGC,Direct,Reliance Retail,Mamaearth,Oct'24,FY_24-25,0.2,0.4
Reliance Retail Limited_FRGF,Direct,Reliance Retail,Mamaearth,Oct'24,FY_24-25,0.3,0.5
Reliance Retail Limited_FRGK,Direct,Reliance Retail,Mamaearth,Oct'24,FY_24-25,0.1,0.1
Reliance Retail Limited_FRGM,Direct,Reliance Retail,Mamaearth,Oct'24,FY_24-25,0.1,0.0
Reliance Retail Limited_FRGW,Direct,Reliance Retail,Mamaearth,Oct'24,FY_24-25,0.2,0.3
Reliance Retail Limited_FRHC,Direct,Reliance Retail,Mamaearth,Oct'24,FY_24-25,0.2,0.4
Reliance Retail Limited_FRHF,Direct,Reliance Retail,Mamaearth,Oct'24,FY_24-25,0.3,0.5
Reliance Retail Limited_FRHM,Direct,Reliance Retail,Mamaearth,Oct'24,FY_24-25,0.2,0.4
Reliance Retail Limited_FRHR,Direct,Reliance Retail,Mamaearth,Oct'24,FY_24-25,0.2,0.3
Reliance Retail Limited_Frhv,Direct,Reliance Retail,Mamaearth,Oct'24,FY_24-25,11.4,27.7
RELIANCE RETAIL LIMITED_FRIA,Direct,Reliance Retail,Mamaearth,Oct'24,FY_24-25,9.5,22.4
Reliance Retail Limited_FRLF,Direct,Reliance Retail,Mamaearth,Oct'24,FY_24-25,0.3,0.4
Reliance Retail Limited_S0IX,Direct,Reliance Retail,Mamaearth,Oct'24,FY_24-25,7.6,18.6
Reliance Retail Limited_S0XE,Direct,Reliance Retail,Mamaearth,Oct'24,FY_24-25,1.7,4.0
Reliance Retail Limited_SAHO,Direct,Reliance Retail,Mamaearth,Oct'24,FY_24-25,1.4,1.8
Reliance Retail Limited_SAOS,Direct,Reliance Retail,Mamaearth,Oct'24,FY_24-25,9.3,23.4
Reliance Retail Limited_SAOS,Direct,Reliance Retail,The Derma Co,Oct'24,FY_24-25,-0.1,-0.1
Reliance Retail Limited_Sb01,Direct,Reliance Retail,Mamaearth,Oct'24,FY_24-25,5.2,13.1
RELIANCE RETAIL LIMITED_SF52,Direct,Reliance Retail,Mamaearth,Oct'24,FY_24-25,-0.1,-0.1
Reliance Retail Limited_Sk8I,Direct,Reliance Retail,Mamaearth,Oct'24,FY_24-25,-2.1,-6.7
Reliance Retail Limited_SL6S,Direct,Reliance Retail,Mamaearth,Oct'24,FY_24-25,1.7,2.0
Reliance Retail Limited_T62I,Direct,Reliance Retail,Mamaearth,Oct'24,FY_24-25,0.2,0.3
Reliance Retail Limited_T913,Direct,Reliance Retail,BBlunt,Oct'24,FY_24-25,0.0,0.1
Reliance Retail Limited_T913,Direct,Reliance Retail,Mamaearth,Oct'24,FY_24-25,0.1,0.1
Reliance Retail Limited_T913,Direct,Reliance Retail,The Derma Co,Oct'24,FY_24-25,0.1,0.2
Reliance Retail Limited_T946,Direct,Reliance Retail,Mamaearth,Oct'24,FY_24-25,0.1,0.2
Reliance Retail Limited_TB15,Direct,Reliance Retail,Mamaearth,Oct'24,FY_24-25,0.1,0.2
Reliance Retail Limited_TDC7,Direct,Reliance Retail,Mamaearth,Oct'24,FY_24-25,0.2,0.3
Reliance Retail Limited_TDE3,Direct,Reliance Retail,Mamaearth,Oct'24,FY_24-25,0.1,0.2
Reliance Retail Limited_TE57,Direct,Reliance Retail,Mamaearth,Oct'24,FY_24-25,0.3,0.5
Reliance Retail Limited_TFY8,Direct,Reliance Retail,Mamaearth,Oct'24,FY_24-25,0.4,0.7
Reliance Retail Limited_TG87,Direct,Reliance Retail,Mamaearth,Oct'24,FY_24-25,0.3,0.5
Reliance Retail Limited_TH94,Direct,Reliance Retail,Mamaearth,Oct'24,FY_24-25,0.5,0.8
Reliance Retail Limited_TI77,Direct,Reliance Retail,Mamaearth,Oct'24,FY_24-25,0.1,0.2
Reliance Retail Limited_TK48,Direct,Reliance Retail,Mamaearth,Oct'24,FY_24-25,0.3,0.4
Reliance Retail Limited_TMW7,Direct,Reliance Retail,Mamaearth,Oct'24,FY_24-25,0.3,0.5
Reliance Retail Limited_TMZ5,Direct,Reliance Retail,Mamaearth,Oct'24,FY_24-25,0.2,0.3
Reliance Retail Limited_TN55,Direct,Reliance Retail,Mamaearth,Oct'24,FY_24-25,0.2,0.4
Reliance Retail Limited_TNB7,Direct,Reliance Retail,Mamaearth,Oct'24,FY_24-25,0.3,0.5
Reliance Retail Limited_TNC1,Direct,Reliance Retail,Aqualogica,Oct'24,FY_24-25,0.0,0.0
Reliance Retail Limited_TNC1,Direct,Reliance Retail,BBlunt,Oct'24,FY_24-25,0.2,0.2
Reliance Retail Limited_TNC1,Direct,Reliance Retail,Mamaearth,Oct'24,FY_24-25,0.5,0.9
Reliance Retail Limited_TNC1,Direct,Reliance Retail,The Derma Co,Oct'24,FY_24-25,0.2,0.4
Reliance Retail Limited_TNC6,Direct,Reliance Retail,Mamaearth,Oct'24,FY_24-25,0.5,0.8
Reliance Retail Limited_TNC8,Direct,Reliance Retail,Mamaearth,Oct'24,FY_24-25,0.2,0.3
Reliance Retail Limited_TND0,Direct,Reliance Retail,Mamaearth,Oct'24,FY_24-25,0.2,0.4
Reliance Retail Limited_TNE3,Direct,Reliance Retail,Mamaearth,Oct'24,FY_24-25,0.1,0.2
Reliance Retail Limited_TNP8,Direct,Reliance Retail,Mamaearth,Oct'24,FY_24-25,0.2,0.3
Reliance Retail Limited_TO20,Direct,Reliance Retail,Mamaearth,Oct'24,FY_24-25,0.2,0.4
Reliance Retail Limited_TOJ6,Direct,Reliance Retail,Mamaearth,Oct'24,FY_24-25,0.2,0.3
Reliance Retail Limited_TP05,Direct,Reliance Retail,Mamaearth,Oct'24,FY_24-25,0.3,0.6
Reliance Retail Limited_TP75,Direct,Reliance Retail,Mamaearth,Oct'24,FY_24-25,0.2,0.4
Reliance Retail Limited_TP76,Direct,Reliance Retail,Mamaearth,Oct'24,FY_24-25,0.4,0.7
Reliance Retail Limited_TQ21,Direct,Reliance Retail,Mamaearth,Oct'24,FY_24-25,0.2,0.4
Reliance Retail Limited_TQ22,Direct,Reliance Retail,Mamaearth,Oct'24,FY_24-25,0.1,0.2
Reliance Retail Limited_TU21,Direct,Reliance Retail,Mamaearth,Oct'24,FY_24-25,0.1,0.2
Reliance Retail Limited_TW60,Direct,Reliance Retail,Mamaearth,Oct'24,FY_24-25,0.2,0.3
Reliance Retail Limited_TY87,Direct,Reliance Retail,Mamaearth,Oct'24,FY_24-25,0.2,0.4
Reliance Retail Limited-2956,Direct,Reliance Retail,Mamaearth,Oct'24,FY_24-25,0.2,0.3
Reliance Retail Limited-2959,Direct,Reliance Retail,Mamaearth,Oct'24,FY_24-25,0.6,0.9
Reliance Retail Limited-6202,Direct,Reliance Retail,Aqualogica,Oct'24,FY_24-25,0.1,0.2
Reliance Retail Limited-6202,Direct,Reliance Retail,BBlunt,Oct'24,FY_24-25,0.1,0.2
Reliance Retail Limited-6202,Direct,Reliance Retail,Mamaearth,Oct'24,FY_24-25,0.8,1.3
Reliance Retail Limited-6202,Direct,Reliance Retail,The Derma Co,Oct'24,FY_24-25,0.1,0.2
Reliance Retail Limited-6203,Direct,Reliance Retail,Aqualogica,Oct'24,FY_24-25,0.0,0.0
Reliance Retail Limited-6203,Direct,Reliance Retail,The Derma Co,Oct'24,FY_24-25,0.0,0.0
Reliance Retail Limited-6205,Direct,Reliance Retail,Aqualogica,Oct'24,FY_24-25,0.0,0.0
Reliance Retail Limited-6205,Direct,Reliance Retail,BBlunt,Oct'24,FY_24-25,0.1,0.2
Reliance Retail Limited-6205,Direct,Reliance Retail,Mamaearth,Oct'24,FY_24-25,0.5,0.9
Reliance Retail Limited-6205,Direct,Reliance Retail,The Derma Co,Oct'24,FY_24-25,0.1,0.2
Reliance Retail Limited-6206,Direct,Reliance Retail,Mamaearth,Oct'24,FY_24-25,0.2,0.3
Reliance Retail Limited-6208,Direct,Reliance Retail,Mamaearth,Oct'24,FY_24-25,0.3,0.4
Reliance Retail Limited-6208,Direct,Reliance Retail,The Derma Co,Oct'24,FY_24-25,0.0,0.0
Reliance Retail Limited-6210,Direct,Reliance Retail,Mamaearth,Oct'24,FY_24-25,0.1,0.2
Reliance Retail Limited-6217,Direct,Reliance Retail,Aqualogica,Oct'24,FY_24-25,0.0,0.0
Reliance Retail Limited-6217,Direct,Reliance Retail,Mamaearth,Oct'24,FY_24-25,0.0,0.0
Reliance Retail Limited-6217,Direct,Reliance Retail,The Derma Co,Oct'24,FY_24-25,0.0,0.0
Reliance Retail Limited-6219,Direct,Reliance Retail,Mamaearth,Oct'24,FY_24-25,0.1,0.2
Reliance Retail Limited-6220,Direct,Reliance Retail,Aqualogica,Oct'24,FY_24-25,0.1,0.1
Reliance Retail Limited-6220,Direct,Reliance Retail,Mamaearth,Oct'24,FY_24-25,0.2,0.3
Reliance Retail Limited-6220,Direct,Reliance Retail,The Derma Co,Oct'24,FY_24-25,0.2,0.2
Reliance Retail Limited-6224,Direct,Reliance Retail,Mamaearth,Oct'24,FY_24-25,0.4,0.7
Reliance Retail Limited-6225,Direct,Reliance Retail,Mamaearth,Oct'24,FY_24-25,1.3,2.2
Reliance Retail Limited-6239,Direct,Reliance Retail,Aqualogica,Oct'24,FY_24-25,0.0,0.0
Reliance Retail Limited-6239,Direct,Reliance Retail,Mamaearth,Oct'24,FY_24-25,0.2,0.5
Reliance Retail Limited-6239,Direct,Reliance Retail,The Derma Co,Oct'24,FY_24-25,0.0,-0.1
Reliance Retail Limited-6703,Direct,Reliance Retail,Mamaearth,Oct'24,FY_24-25,0.8,1.4
Reliance Retail Limited-6726,Direct,Reliance Retail,Mamaearth,Oct'24,FY_24-25,0.2,0.3
RELIANCE RETAIL LIMITED-Badli,Direct,Reliance Retail,Mamaearth,Oct'24,FY_24-25,6.4,15.0
Reliance Retail Limited-FR04,Direct,Reliance Retail,Mamaearth,Oct'24,FY_24-25,0.5,0.8
Reliance Retail Limited-FR04,Direct,Reliance Retail,The Derma Co,Oct'24,FY_24-25,0.0,0.0
Reliance Retail Limited-FR08,Direct,Reliance Retail,Aqualogica,Oct'24,FY_24-25,0.0,0.0
Reliance Retail Limited-FR08,Direct,Reliance Retail,Mamaearth,Oct'24,FY_24-25,0.2,0.3
Reliance Retail Limited-FR08,Direct,Reliance Retail,The Derma Co,Oct'24,FY_24-25,0.0,0.0
Reliance Retail Limited-FR15,Direct,Reliance Retail,Aqualogica,Oct'24,FY_24-25,0.0,0.0
Reliance Retail Limited-FR15,Direct,Reliance Retail,Mamaearth,Oct'24,FY_24-25,0.1,0.2
Reliance Retail Limited-FR15,Direct,Reliance Retail,The Derma Co,Oct'24,FY_24-25,0.0,0.0
Reliance Retail Limited-FR22,Direct,Reliance Retail,Mamaearth,Oct'24,FY_24-25,0.1,0.2
Reliance Retail Limited-FR45,Direct,Reliance Retail,Aqualogica,Oct'24,FY_24-25,0.3,0.4
Reliance Retail Limited-FR45,Direct,Reliance Retail,BBlunt,Oct'24,FY_24-25,0.0,0.1
Reliance Retail Limited-FR45,Direct,Reliance Retail,Mamaearth,Oct'24,FY_24-25,0.1,0.2
Reliance Retail Limited-FR45,Direct,Reliance Retail,The Derma Co,Oct'24,FY_24-25,0.0,0.0
Reliance Retail Limited-FR63,Direct,Reliance Retail,Aqualogica,Oct'24,FY_24-25,0.3,0.5
Reliance Retail Limited-FR63,Direct,Reliance Retail,BBlunt,Oct'24,FY_24-25,0.0,0.0
Reliance Retail Limited-FR63,Direct,Reliance Retail,Mamaearth,Oct'24,FY_24-25,0.1,0.1
Reliance Retail Limited-FR63,Direct,Reliance Retail,The Derma Co,Oct'24,FY_24-25,0.1,0.2
Reliance Retail Limited-FR73,Direct,Reliance Retail,Aqualogica,Oct'24,FY_24-25,0.0,0.0
Reliance Retail Limited-FR73,Direct,Reliance Retail,BBlunt,Oct'24,FY_24-25,0.0,0.1
Reliance Retail Limited-FR73,Direct,Reliance Retail,Mamaearth,Oct'24,FY_24-25,0.3,0.5
Reliance Retail Limited-FR73,Direct,Reliance Retail,The Derma Co,Oct'24,FY_24-25,0.1,0.2
Reliance Retail Limited-FRAR,Direct,Reliance Retail,Aqualogica,Oct'24,FY_24-25,0.0,0.1
Reliance Retail Limited-FRAR,Direct,Reliance Retail,BBlunt,Oct'24,FY_24-25,0.0,0.0
Reliance Retail Limited-FRAR,Direct,Reliance Retail,Mamaearth,Oct'24,FY_24-25,0.1,0.2
Reliance Retail Limited-FRAR,Direct,Reliance Retail,The Derma Co,Oct'24,FY_24-25,0.1,0.2
Reliance Retail Limited-FRAU,Direct,Reliance Retail,Aqualogica,Oct'24,FY_24-25,0.0,0.0
Reliance Retail Limited-FRAU,Direct,Reliance Retail,BBlunt,Oct'24,FY_24-25,0.0,0.1
Reliance Retail Limited-FRAU,Direct,Reliance Retail,Mamaearth,Oct'24,FY_24-25,0.2,0.3
Reliance Retail Limited-FRAU,Direct,Reliance Retail,The Derma Co,Oct'24,FY_24-25,0.1,0.1
Reliance Retail Limited-FRBV,Direct,Reliance Retail,Aqualogica,Oct'24,FY_24-25,0.0,0.1
Reliance Retail Limited-FRBV,Direct,Reliance Retail,BBlunt,Oct'24,FY_24-25,0.1,0.1
Reliance Retail Limited-FRBV,Direct,Reliance Retail,Mamaearth,Oct'24,FY_24-25,0.6,1.0
Reliance Retail Limited-FRBV,Direct,Reliance Retail,The Derma Co,Oct'24,FY_24-25,0.1,0.2
Reliance Retail Limited-FRCA,Direct,Reliance Retail,Mamaearth,Oct'24,FY_24-25,0.3,0.5
Reliance Retail Limited-FRCB,Direct,Reliance Retail,Aqualogica,Oct'24,FY_24-25,0.0,0.0
Reliance Retail Limited-FRCB,Direct,Reliance Retail,BBlunt,Oct'24,FY_24-25,0.0,0.0
Reliance Retail Limited-FRCB,Direct,Reliance Retail,Mamaearth,Oct'24,FY_24-25,0.1,0.2
Reliance Retail Limited-FRCB,Direct,Reliance Retail,The Derma Co,Oct'24,FY_24-25,0.1,0.1
Reliance Retail Limited-FRCC,Direct,Reliance Retail,Aqualogica,Oct'24,FY_24-25,0.0,0.1
Reliance Retail Limited-FRCC,Direct,Reliance Retail,BBlunt,Oct'24,FY_24-25,0.1,0.1
Reliance Retail Limited-FRCC,Direct,Reliance Retail,Mamaearth,Oct'24,FY_24-25,0.2,0.3
Reliance Retail Limited-FRCC,Direct,Reliance Retail,The Derma Co,Oct'24,FY_24-25,0.1,0.2
Reliance Retail Limited-FRCF,Direct,Reliance Retail,Mamaearth,Oct'24,FY_24-25,0.2,0.4
Reliance Retail Limited-FRCK,Direct,Reliance Retail,Aqualogica,Oct'24,FY_24-25,0.0,0.1
Reliance Retail Limited-FRCK,Direct,Reliance Retail,BBlunt,Oct'24,FY_24-25,0.1,0.2
Reliance Retail Limited-FRCK,Direct,Reliance Retail,Mamaearth,Oct'24,FY_24-25,0.2,0.4
Reliance Retail Limited-FRCK,Direct,Reliance Retail,The Derma Co,Oct'24,FY_24-25,0.1,0.2
Reliance Retail Limited-FRCO,Direct,Reliance Retail,Mamaearth,Oct'24,FY_24-25,0.3,0.5
Reliance Retail Limited-FRCX,Direct,Reliance Retail,Aqualogica,Oct'24,FY_24-25,0.3,0.5
Reliance Retail Limited-FRCX,Direct,Reliance Retail,Mamaearth,Oct'24,FY_24-25,0.6,0.9
Reliance Retail Limited-FRCX,Direct,Reliance Retail,The Derma Co,Oct'24,FY_24-25,0.0,0.0
Reliance Retail Limited-FRDF,Direct,Reliance Retail,Mamaearth,Oct'24,FY_24-25,0.3,0.5
Reliance Retail Limited-FRDH,Direct,Reliance Retail,Mamaearth,Oct'24,FY_24-25,-0.5,-0.8
Reliance Retail Limited-FRDJ,Direct,Reliance Retail,Mamaearth,Oct'24,FY_24-25,-0.2,-0.3
Reliance Retail Limited-FRDM,Direct,Reliance Retail,Mamaearth,Oct'24,FY_24-25,0.2,0.3
Reliance Retail Limited-FRDU,Direct,Reliance Retail,Mamaearth,Oct'24,FY_24-25,0.6,0.9
Reliance Retail Limited-FRDV,Direct,Reliance Retail,Mamaearth,Oct'24,FY_24-25,0.5,0.9
Reliance Retail Limited-FRDY,Direct,Reliance Retail,Mamaearth,Oct'24,FY_24-25,0.1,0.2
Reliance Retail Limited-FRDZ,Direct,Reliance Retail,Mamaearth,Oct'24,FY_24-25,0.3,0.5
Reliance Retail Limited-FREB,Direct,Reliance Retail,Mamaearth,Oct'24,FY_24-25,0.2,0.4
RELIANCE RETAIL LIMITED-FREC,Direct,Reliance Retail,Mamaearth,Oct'24,FY_24-25,18.6,46.1
RELIANCE RETAIL LIMITED-FREI,Direct,Reliance Retail,Mamaearth,Oct'24,FY_24-25,-0.3,-0.4
Reliance Retail Limited-FRFP,Direct,Reliance Retail,Mamaearth,Oct'24,FY_24-25,0.3,0.4
Reliance Retail Limited-FRGN,Direct,Reliance Retail,Mamaearth,Oct'24,FY_24-25,0.5,0.9
Reliance Retail Limited-FRGQ,Direct,Reliance Retail,Mamaearth,Oct'24,FY_24-25,0.2,0.3
Reliance Retail Limited-FRGS,Direct,Reliance Retail,Aqualogica,Oct'24,FY_24-25,0.3,0.5
Reliance Retail Limited-FRGS,Direct,Reliance Retail,BBlunt,Oct'24,FY_24-25,0.0,0.0
Reliance Retail Limited-FRGS,Direct,Reliance Retail,Mamaearth,Oct'24,FY_24-25,0.2,0.3
Reliance Retail Limited-FRGS,Direct,Reliance Retail,The Derma Co,Oct'24,FY_24-25,0.1,0.1
Reliance Retail Limited-FRHT,Direct,Reliance Retail,Mamaearth,Oct'24,FY_24-25,0.2,0.3
Reliance Retail Limited-S0GK,Direct,Reliance Retail,Mamaearth,Oct'24,FY_24-25,2.3,5.3
Reliance Retail Limited-S0IL,Direct,Reliance Retail,Mamaearth,Oct'24,FY_24-25,-1.6,-3.6
Reliance Retail Limited-S0KN,Direct,Reliance Retail,Aqualogica,Oct'24,FY_24-25,0.0,0.0
Reliance Retail Limited-S0KN,Direct,Reliance Retail,Mamaearth,Oct'24,FY_24-25,6.3,14.6
Reliance Retail Limited-SAAH,Direct,Reliance Retail,Mamaearth,Oct'24,FY_24-25,6.4,15.0
RELIANCE RETAIL LIMITED-SF92,Direct,Reliance Retail,Mamaearth,Oct'24,FY_24-25,28.2,71.1
RELIANCE RETAIL LIMITED-SH65,Direct,Reliance Retail,Aqualogica,Oct'24,FY_24-25,0.2,0.3
RELIANCE RETAIL LIMITED-SH65,Direct,Reliance Retail,Mamaearth,Oct'24,FY_24-25,6.9,17.2
RELIANCE RETAIL LIMITED-SH65,Direct,Reliance Retail,The Derma Co,Oct'24,FY_24-25,0.7,1.1
RELIANCE RETAIL LIMITED-SH69,Direct,Reliance Retail,Mamaearth,Oct'24,FY_24-25,2.6,5.4
RELIANCE RETAIL LIMITED-SH71,Direct,Reliance Retail,Mamaearth,Oct'24,FY_24-25,5.8,14.0
Reliance Retail Limited-SH77,Direct,Reliance Retail,Mamaearth,Oct'24,FY_24-25,-0.5,-1.5
Reliance Retail Limited-SK6I,Direct,Reliance Retail,Mamaearth,Oct'24,FY_24-25,7.2,18.2
Reliance Retail Limited-SLET,Direct,Reliance Retail,Mamaearth,Oct'24,FY_24-25,1.0,2.7
Reliance Retail Limited-SLG3,Direct,Reliance Retail,Aqualogica,Oct'24,FY_24-25,0.2,0.3
Reliance Retail Limited-SLG3,Direct,Reliance Retail,Mamaearth,Oct'24,FY_24-25,4.6,8.5
RELIANCE RETAIL LIMITED-SLIG,Direct,Reliance Retail,Mamaearth,Oct'24,FY_24-25,7.6,18.0
RELIANCE RETAIL LIMITED-SLII,Direct,Reliance Retail,Mamaearth,Oct'24,FY_24-25,-0.1,-0.2
Reliance Retail Limited-SLMP,Direct,Reliance Retail,Mamaearth,Oct'24,FY_24-25,0.6,0.9
Reliance Retail Limited-Slmr,Direct,Reliance Retail,Mamaearth,Oct'24,FY_24-25,0.8,1.8
Reliance Retail Limited-SLS1,Direct,Reliance Retail,Mamaearth,Oct'24,FY_24-25,4.0,10.4
Reliance Retail Limited-SLS2,Direct,Reliance Retail,Mamaearth,Oct'24,FY_24-25,0.8,2.1
Reliance Retail Limited-SN1U,Direct,Reliance Retail,Mamaearth,Oct'24,FY_24-25,0.8,1.5
Reliance Retail Limited-SP9K,Direct,Reliance Retail,Mamaearth,Oct'24,FY_24-25,3.5,7.0
Reliance Retail Limited-T0Z9,Direct,Reliance Retail,Mamaearth,Oct'24,FY_24-25,0.6,0.9
Reliance Retail Limited-T2DI,Direct,Reliance Retail,Aqualogica,Oct'24,FY_24-25,0.3,0.4
Reliance Retail Limited-T2DI,Direct,Reliance Retail,BBlunt,Oct'24,FY_24-25,0.0,0.0
Reliance Retail Limited-T2DI,Direct,Reliance Retail,The Derma Co,Oct'24,FY_24-25,0.0,0.1
Reliance Retail Limited-T37T,Direct,Reliance Retail,Mamaearth,Oct'24,FY_24-25,0.3,0.6
Reliance Retail Limited-T84I,Direct,Reliance Retail,Aqualogica,Oct'24,FY_24-25,0.1,0.2
Reliance Retail Limited-T84I,Direct,Reliance Retail,BBlunt,Oct'24,FY_24-25,0.0,0.1
Reliance Retail Limited-T84I,Direct,Reliance Retail,The Derma Co,Oct'24,FY_24-25,0.0,0.1
Reliance Retail Limited-T84L,Direct,Reliance Retail,Mamaearth,Oct'24,FY_24-25,0.2,0.3
Reliance Retail Limited-T915,Direct,Reliance Retail,Mamaearth,Oct'24,FY_24-25,0.5,0.8
Reliance Retail Limited-TA36,Direct,Reliance Retail,BBlunt,Oct'24,FY_24-25,0.1,0.1
Reliance Retail Limited-TA36,Direct,Reliance Retail,The Derma Co,Oct'24,FY_24-25,0.1,0.1
Reliance Retail Limited-TAFW,Direct,Reliance Retail,Mamaearth,Oct'24,FY_24-25,0.1,0.2
Reliance Retail Limited-TAH3,Direct,Reliance Retail,Mamaearth,Oct'24,FY_24-25,0.2,0.4
Reliance Retail Limited-TAIE,Direct,Reliance Retail,BBlunt,Oct'24,FY_24-25,0.1,0.2
Reliance Retail Limited-TAIE,Direct,Reliance Retail,The Derma Co,Oct'24,FY_24-25,0.1,0.1
Reliance Retail Limited-TAUX,Direct,Reliance Retail,Mamaearth,Oct'24,FY_24-25,0.2,0.3
Reliance Retail Limited-TC74,Direct,Reliance Retail,Mamaearth,Oct'24,FY_24-25,0.2,0.4
Reliance Retail Limited-TD04,Direct,Reliance Retail,Mamaearth,Oct'24,FY_24-25,0.1,0.2
Reliance Retail Limited-TG2K,Direct,Reliance Retail,Mamaearth,Oct'24,FY_24-25,0.6,0.9
Reliance Retail Limited-TH93,Direct,Reliance Retail,Mamaearth,Oct'24,FY_24-25,0.2,0.3
Reliance Retail Limited-TIU6,Direct,Reliance Retail,Mamaearth,Oct'24,FY_24-25,0.2,0.4
Reliance Retail Limited-TL30,Direct,Reliance Retail,Aqualogica,Oct'24,FY_24-25,-0.2,-0.4
Reliance Retail Limited-TL30,Direct,Reliance Retail,Mamaearth,Oct'24,FY_24-25,0.2,0.3
Reliance Retail Limited-TL30,Direct,Reliance Retail,The Derma Co,Oct'24,FY_24-25,-0.7,-1.2
Reliance Retail Limited-TM18,Direct,Reliance Retail,Mamaearth,Oct'24,FY_24-25,0.5,0.8
Reliance Retail Limited-TN54,Direct,Reliance Retail,Mamaearth,Oct'24,FY_24-25,0.2,0.4
Reliance Retail Limited-Tna8,Direct,Reliance Retail,Mamaearth,Oct'24,FY_24-25,0.4,0.7
Reliance Retail Limited-TNB5,Direct,Reliance Retail,Mamaearth,Oct'24,FY_24-25,0.3,0.4
Reliance Retail Limited-TNC2,Direct,Reliance Retail,BBlunt,Oct'24,FY_24-25,0.0,0.0
Reliance Retail Limited-TNC2,Direct,Reliance Retail,The Derma Co,Oct'24,FY_24-25,0.0,0.0
Reliance Retail Limited-TNC7,Direct,Reliance Retail,Aqualogica,Oct'24,FY_24-25,0.1,0.2
Reliance Retail Limited-TNC7,Direct,Reliance Retail,BBlunt,Oct'24,FY_24-25,0.2,0.2
Reliance Retail Limited-TNC7,Direct,Reliance Retail,Mamaearth,Oct'24,FY_24-25,0.2,0.3
Reliance Retail Limited-TNC7,Direct,Reliance Retail,The Derma Co,Oct'24,FY_24-25,0.4,0.6
Reliance Retail Limited-TND1,Direct,Reliance Retail,Mamaearth,Oct'24,FY_24-25,0.4,0.6
Reliance Retail Limited-TND2,Direct,Reliance Retail,BBlunt,Oct'24,FY_24-25,0.1,0.1
Reliance Retail Limited-TND2,Direct,Reliance Retail,The Derma Co,Oct'24,FY_24-25,0.0,0.1
Reliance Retail Limited-TND4,Direct,Reliance Retail,Mamaearth,Oct'24,FY_24-25,0.2,0.4
Reliance Retail Limited-Tnd5,Direct,Reliance Retail,Mamaearth,Oct'24,FY_24-25,0.3,0.5
Reliance Retail Limited-TOM0,Direct,Reliance Retail,Mamaearth,Oct'24,FY_24-25,0.2,0.3
Reliance Retail Limited-TP06,Direct,Reliance Retail,Mamaearth,Oct'24,FY_24-25,0.2,0.3
Reliance Retail Limited-TQ61,Direct,Reliance Retail,Mamaearth,Oct'24,FY_24-25,0.3,0.6
Reliance Retail Limited-TW11,Direct,Reliance Retail,Mamaearth,Oct'24,FY_24-25,0.3,0.4
Reliance Retail Limited-TZ8R,Direct,Reliance Retail,Mamaearth,Oct'24,FY_24-25,0.6,1.1
Reliance Retail Limited-TZL5,Direct,Reliance Retail,Aqualogica,Oct'24,FY_24-25,0.3,0.5
Reliance Retail Limited-TZL5,Direct,Reliance Retail,BBlunt,Oct'24,FY_24-25,0.0,0.0
Reliance Retail Limited-TZL5,Direct,Reliance Retail,Mamaearth,Oct'24,FY_24-25,0.1,0.1
Reliance Retail Limited-TZL5,Direct,Reliance Retail,The Derma Co,Oct'24,FY_24-25,0.0,0.1
Reliance Retail Limited-ZZI0-B,Direct,Reliance Retail,Aqualogica,Oct'24,FY_24-25,0.3,0.4
Reliance Retail Limited-ZZI0-B,Direct,Reliance Retail,Mamaearth,Oct'24,FY_24-25,3.5,6.3
Reliance Retail Ltd _Madhavaram- TNB8,Direct,Reliance Retail,Mamaearth,Oct'24,FY_24-25,0.4,0.6
Reliance Retail Ltd _Mysore_2994,Direct,Reliance Retail,Mamaearth,Oct'24,FY_24-25,0.4,0.6
Reliance Retail Ltd _RAJAJI NAGAR- FR49,Direct,Reliance Retail,BBlunt,Oct'24,FY_24-25,0.1,0.1
Reliance Retail Ltd _RAJAJI NAGAR- FR49,Direct,Reliance Retail,Mamaearth,Oct'24,FY_24-25,0.2,0.4
Reliance Retail Ltd _RAJAJI NAGAR- FR49,Direct,Reliance Retail,The Derma Co,Oct'24,FY_24-25,0.1,0.2
Reliance Retail Ltd_Davanagere- TNC0,Direct,Reliance Retail,Mamaearth,Oct'24,FY_24-25,0.2,0.4
Reliance Retail Ltd_Hubballi_2997,Direct,Reliance Retail,Mamaearth,Oct'24,FY_24-25,0.4,0.8
Reliance Retail Ltd_Nagercoil- 3338,Direct,Reliance Retail,Mamaearth,Oct'24,FY_24-25,0.7,1.1
RELIANCE RETAIL Ltd-SK6C,Direct,Reliance Retail,Mamaearth,Oct'24,FY_24-25,6.8,16.4
RELIANCE RETAIL Ltd-SLEW,Direct,Reliance Retail,Mamaearth,Oct'24,FY_24-25,-2.5,-6.2
Tnsi Retail Pvt Ltd_Sultanpur,Direct,WH-Smith,Aqualogica,Oct'24,FY_24-25,0.0,0.1
Tnsi Retail Pvt Ltd_Sultanpur,Direct,WH-Smith,Mamaearth,Oct'24,FY_24-25,0.8,1.6
Travel News Services India Pvt Ltd(Hyd),Direct,WH-Smith,Aqualogica,Oct'24,FY_24-25,0.1,0.2
Travel News Services India Pvt Ltd(Hyd),Direct,WH-Smith,Mamaearth,Oct'24,FY_24-25,0.5,1.0
Travel News Services India Pvt Ltd(Wb),Direct,WH-Smith,Aqualogica,Oct'24,FY_24-25,0.1,0.2
Travel News Services India Pvt Ltd(Wb),Direct,WH-Smith,Mamaearth,Oct'24,FY_24-25,0.4,0.9
Travel Retail Services Pvt Ltd_Blr,Direct,Relay,Mamaearth,Oct'24,FY_24-25,0.5,1.2
Travel Retail Services Pvt Ltd_Blr,Direct,Relay,The Derma Co,Oct'24,FY_24-25,0.1,0.3
Trent Hypermarket Private Limited_Blr,Direct,Trent,Mamaearth,Oct'24,FY_24-25,1.4,2.4
Trent Hypermarket Private Limited_Mah,Direct,Trent,Mamaearth,Oct'24,FY_24-25,1.2,2.1
Trent Hypermarket Private Limited-P,Direct,Trent,Mamaearth,Oct'24,FY_24-25,0.9,1.4
Wal-Mart India Private Limited 4702,Direct,Walmart CNC,Mamaearth,Oct'24,FY_24-25,0.5,1.0
Wal-Mart India Private Limited 4703,Direct,Walmart CNC,Mamaearth,Oct'24,FY_24-25,0.3,0.6
Wal-Mart India Private Limited 4706,Direct,Walmart CNC,Mamaearth,Oct'24,FY_24-25,0.8,1.6
Wal-Mart India Private Limited 4712,Direct,Walmart CNC,Mamaearth,Oct'24,FY_24-25,0.6,1.1
Wal-Mart India Private Limited 4713,Direct,Walmart CNC,Mamaearth,Oct'24,FY_24-25,0.8,1.7
Wal-Mart India Private Limited 4716,Direct,Walmart CNC,Mamaearth,Oct'24,FY_24-25,0.2,0.3
Wal-Mart India Private Limited 4717,Direct,Walmart CNC,Mamaearth,Oct'24,FY_24-25,0.3,0.6
Wal-Mart India Private Limited 4719,Direct,Walmart CNC,Mamaearth,Oct'24,FY_24-25,1.5,2.9
Wal-Mart India Private Limited 4720,Direct,Walmart CNC,Mamaearth,Oct'24,FY_24-25,0.7,1.3
Wal-Mart India Private Limited 4723,Direct,Walmart CNC,Mamaearth,Oct'24,FY_24-25,0.0,-0.1
Wal-Mart India Private Limited 4724,Direct,Walmart CNC,Mamaearth,Oct'24,FY_24-25,0.0,0.1
Wal-Mart India Private Limited 4725,Direct,Walmart CNC,Mamaearth,Oct'24,FY_24-25,0.3,0.6
Wal-Mart India Private Limited 4727,Direct,Walmart CNC,Mamaearth,Oct'24,FY_24-25,1.2,2.2
Wal-Mart India Private Limited 4729,Direct,Walmart CNC,Mamaearth,Oct'24,FY_24-25,0.6,1.1
Wal-Mart India Private Limited 4734,Direct,Walmart CNC,Mamaearth,Oct'24,FY_24-25,-0.1,-0.2
Wal-Mart India Private Limited 4742,Direct,Walmart CNC,Mamaearth,Oct'24,FY_24-25,0.3,0.6
Wal-Mart India Private Limited 4744,Direct,Walmart CNC,Mamaearth,Oct'24,FY_24-25,-0.1,-0.2
Wal-Mart India Private Limited 4760,Direct,Walmart CNC,Mamaearth,Oct'24,FY_24-25,0.6,1.1
Wal-Mart India Private Limited 4797,Direct,Walmart CNC,Mamaearth,Oct'24,FY_24-25,0.7,1.3
Wal-Mart India Private Limited 4799,Direct,Walmart CNC,Mamaearth,Oct'24,FY_24-25,-0.4,-0.7
Wal-Mart India Private Limited 4801,Direct,Walmart CNC,Mamaearth,Oct'24,FY_24-25,0.5,0.9
Wal-Mart India Private Limited 4803,Direct,Walmart CNC,Mamaearth,Oct'24,FY_24-25,0.4,0.7
Wal-Mart India Private Limited 4805,Direct,Walmart CNC,Mamaearth,Oct'24,FY_24-25,0.7,1.4
Wal-Mart India Private Limited 4814,Direct,Walmart CNC,Mamaearth,Oct'24,FY_24-25,0.6,1.0
Wellness Forever Medicare Ltd,Direct,Wellness Forever,Aqualogica,Oct'24,FY_24-25,3.8,6.3
Wellness Forever Medicare Ltd,Direct,Wellness Forever,BBlunt,Oct'24,FY_24-25,-0.8,-1.1
Wellness Forever Medicare Ltd,Direct,Wellness Forever,Mamaearth,Oct'24,FY_24-25,13.8,23.2
Wellness Forever Medicare Ltd,Direct,Wellness Forever,The Derma Co,Oct'24,FY_24-25,34.8,58.6
Aggarwal Associates,Dist.,VMM,Mamaearth,Oct'24,FY_24-25,15.8,28.9
Arc Foods And Beverages_Mt_H&G,Dist.,H&G,Aqualogica,Oct'24,FY_24-25,0.8,1.6
Arc Foods And Beverages_Mt_H&G,Dist.,Apollo Healthco,Aqualogica,Oct'24,FY_24-25,0.3,0.5
Arc Foods And Beverages_Mt_H&G,Dist.,B&N,BBlunt,Oct'24,FY_24-25,0.1,0.1
Arc Foods And Beverages_Mt_H&G,Dist.,H&G,BBlunt,Oct'24,FY_24-25,0.5,0.9
Arc Foods And Beverages_Mt_H&G,Dist.,B&N,Mamaearth,Oct'24,FY_24-25,0.3,0.5
Arc Foods And Beverages_Mt_H&G,Dist.,Apollo Healthco,Mamaearth,Oct'24,FY_24-25,5.5,10.2
Arc Foods And Beverages_Mt_H&G,Dist.,H&G,Mamaearth,Oct'24,FY_24-25,4.2,7.7
Arc Foods And Beverages_Mt_H&G,Dist.,B&N,The Derma Co,Oct'24,FY_24-25,0.1,0.2
Arc Foods And Beverages_Mt_H&G,Dist.,H&G,The Derma Co,Oct'24,FY_24-25,3.7,6.9
Arc Foods And Beverages_Mt_H&G,Dist.,Apollo Healthco,The Derma Co,Oct'24,FY_24-25,0.5,0.8
Az Enterprises(Apollo/More)Mt,Dist.,Apollo Healthco,Aqualogica,Oct'24,FY_24-25,0.4,0.7
Az Enterprises(Apollo/More)Mt,Dist.,Trilife,Aqualogica,Oct'24,FY_24-25,0.1,0.2
Az Enterprises(Apollo/More)Mt,Dist.,H&G,Aqualogica,Oct'24,FY_24-25,0.4,0.8
Az Enterprises(Apollo/More)Mt,Dist.,B&N,Aqualogica,Oct'24,FY_24-25,0.1,0.1
Az Enterprises(Apollo/More)Mt,Dist.,Trilife,BBlunt,Oct'24,FY_24-25,0.0,0.0
Az Enterprises(Apollo/More)Mt,Dist.,H&G,BBlunt,Oct'24,FY_24-25,0.5,1.0
Az Enterprises(Apollo/More)Mt,Dist.,B&N,BBlunt,Oct'24,FY_24-25,0.0,0.0
Az Enterprises(Apollo/More)Mt,Dist.,Apollo Healthco,Mamaearth,Oct'24,FY_24-25,8.0,15.4
Az Enterprises(Apollo/More)Mt,Dist.,Trilife,Mamaearth,Oct'24,FY_24-25,0.1,0.1
Az Enterprises(Apollo/More)Mt,Dist.,Lulu,Mamaearth,Oct'24,FY_24-25,1.9,3.7
Az Enterprises(Apollo/More)Mt,Dist.,Frankross,Mamaearth,Oct'24,FY_24-25,0.1,0.1
Az Enterprises(Apollo/More)Mt,Dist.,Max Hyper,Mamaearth,Oct'24,FY_24-25,0.2,0.3
Az Enterprises(Apollo/More)Mt,Dist.,H&G,Mamaearth,Oct'24,FY_24-25,6.6,12.8
Az Enterprises(Apollo/More)Mt,Dist.,B&N,Mamaearth,Oct'24,FY_24-25,0.1,0.2
Az Enterprises(Apollo/More)Mt,Dist.,More Retail,Mamaearth,Oct'24,FY_24-25,1.8,3.4
Az Enterprises(Apollo/More)Mt,Dist.,Apollo Healthco,The Derma Co,Oct'24,FY_24-25,0.5,0.8
Az Enterprises(Apollo/More)Mt,Dist.,Trilife,The Derma Co,Oct'24,FY_24-25,0.0,0.1
Az Enterprises(Apollo/More)Mt,Dist.,Lulu,The Derma Co,Oct'24,FY_24-25,0.1,0.1
Az Enterprises(Apollo/More)Mt,Dist.,H&G,The Derma Co,Oct'24,FY_24-25,3.0,5.5
Az Enterprises(Apollo/More)Mt,Dist.,B&N,The Derma Co,Oct'24,FY_24-25,0.0,0.1
BALAJI ASSOCIATES Distributor MT,Dist.,Reliance Retail,Aqualogica,Oct'24,FY_24-25,0.3,0.5
BALAJI ASSOCIATES Distributor MT,Dist.,Reliance Retail,BBlunt,Oct'24,FY_24-25,0.6,1.0
BALAJI ASSOCIATES Distributor MT,Dist.,VMM,Mamaearth,Oct'24,FY_24-25,3.9,7.3
BALAJI ASSOCIATES Distributor MT,Dist.,Reliance Retail,The Derma Co,Oct'24,FY_24-25,0.9,1.6
CHHABRA TRADERS_Ship To,Dist.,Spencer,BBlunt,Oct'24,FY_24-25,0.6,1.1
CHHABRA TRADERS_Ship To,Dist.,Lulu,Mamaearth,Oct'24,FY_24-25,3.1,5.8
CHHABRA TRADERS_Ship To,Dist.,Spencer,Mamaearth,Oct'24,FY_24-25,8.4,16.0
CHHABRA TRADERS_Ship To,Dist.,Lulu,The Derma Co,Oct'24,FY_24-25,1.0,1.9
D.L. Sales - MT,Dist.,Apollo Healthco,Aqualogica,Oct'24,FY_24-25,0.0,0.1
D.L. Sales - MT,Dist.,H&G,Aqualogica,Oct'24,FY_24-25,0.1,0.1
D.L. Sales - MT,Dist.,Spencer,Aqualogica,Oct'24,FY_24-25,0.1,0.1
D.L. Sales - MT,Dist.,H&G,BBlunt,Oct'24,FY_24-25,0.2,0.3
D.L. Sales - MT,Dist.,Spencer,BBlunt,Oct'24,FY_24-25,0.4,0.6
D.L. Sales - MT,Dist.,Apollo Healthco,Mamaearth,Oct'24,FY_24-25,8.5,16.4
D.L. Sales - MT,Dist.,H&G,Mamaearth,Oct'24,FY_24-25,0.9,1.7
D.L. Sales - MT,Dist.,More Retail,Mamaearth,Oct'24,FY_24-25,2.6,4.9
D.L. Sales - MT,Dist.,Spencer,Mamaearth,Oct'24,FY_24-25,15.2,29.2
D.L. Sales - MT,Dist.,Arambagh,Mamaearth,Oct'24,FY_24-25,1.4,2.7
D.L. Sales - MT,Dist.,Frankross,Mamaearth,Oct'24,FY_24-25,0.9,1.8
D.L. Sales - MT,Dist.,VMM,Mamaearth,Oct'24,FY_24-25,0.3,0.6
D.L. Sales - MT,Dist.,Apollo Healthco,The Derma Co,Oct'24,FY_24-25,0.2,0.4
D.L. Sales - MT,Dist.,H&G,The Derma Co,Oct'24,FY_24-25,1.0,1.7
D.L. Sales - MT,Dist.,Spencer,The Derma Co,Oct'24,FY_24-25,2.5,4.5
G.V Enterprises,Dist.,Lulu,Aqualogica,Oct'24,FY_24-25,0.6,1.1
G.V Enterprises,Dist.,Apollo Healthco,Mamaearth,Oct'24,FY_24-25,1.9,4.1
G.V Enterprises,Dist.,D-Mart,Mamaearth,Oct'24,FY_24-25,17.5,37.3
G.V Enterprises,Dist.,Lulu,Mamaearth,Oct'24,FY_24-25,1.8,3.8
G.V Enterprises,Dist.,Pothys,Mamaearth,Oct'24,FY_24-25,2.5,5.4
G.V Enterprises,Dist.,Apollo Healthco,The Derma Co,Oct'24,FY_24-25,0.0,0.1
G.V Enterprises,Dist.,Lulu,The Derma Co,Oct'24,FY_24-25,0.9,1.7
JUST MARK-Dmart,Dist.,D-Mart,Mamaearth,Oct'24,FY_24-25,129.7,353.6
Kiran Trading Co- Dmart,Dist.,D-Mart,Mamaearth,Oct'24,FY_24-25,30.4,83.5
Kiran Trading Company_Ship to,Dist.,D-Mart,Mamaearth,Oct'24,FY_24-25,62.8,176.2
M/S KOTTARAM BUSINESS CORPORATION-MT,Dist.,Lulu,Aqualogica,Oct'24,FY_24-25,0.0,0.0
M/S KOTTARAM BUSINESS CORPORATION-MT,Dist.,Lulu,Mamaearth,Oct'24,FY_24-25,0.0,0.0
M/S KOTTARAM BUSINESS CORPORATION-MT,Dist.,Apollo Healthco,Mamaearth,Oct'24,FY_24-25,0.0,0.0
M/S KOTTARAM BUSINESS CORPORATION-MT,Dist.,Apollo Healthco,The Derma Co,Oct'24,FY_24-25,0.0,0.0
M/S KOTTARAM BUSINESS CORPORATION-MT,Dist.,Lulu,The Derma Co,Oct'24,FY_24-25,0.0,0.1
MARK ENTERPRISE,Dist.,Apollo Healthco,Mamaearth,Oct'24,FY_24-25,3.1,5.7
PRAGATI SALES-D-MART,Dist.,D-Mart,Mamaearth,Oct'24,FY_24-25,10.9,30.2
R.C. Trade Link H&G,Dist.,H&G,Aqualogica,Oct'24,FY_24-25,0.4,0.6
R.C. Trade Link H&G,Dist.,H&G,BBlunt,Oct'24,FY_24-25,0.4,0.6
R.C. Trade Link H&G,Dist.,H&G,Mamaearth,Oct'24,FY_24-25,0.7,1.1
R.C. Trade Link H&G,Dist.,H&G,The Derma Co,Oct'24,FY_24-25,1.4,2.2
Sancus Networks Private Limited-RMT,Dist.,RMT-Sancus,BBlunt,Oct'24,FY_24-25,0.6,1.0
Sancus Networks Private Limited-RMT,Dist.,RMT-Sancus,Mamaearth,Oct'24,FY_24-25,28.2,61.7
Sancus Networks Private Limited-RMT,Dist.,More Retail,Mamaearth,Oct'24,FY_24-25,2.9,6.4
Sancus Networks Private Limited-RMT,Dist.,RMT-Sancus,The Derma Co,Oct'24,FY_24-25,0.8,1.5
Sathyashree Enterprises-Mt,Dist.,D-Mart,Mamaearth,Oct'24,FY_24-25,8.7,20.3
Sri Lalitha Enterprises,Dist.,Grace Super MKT,Mamaearth,Oct'24,FY_24-25,1.2,2.2
Sri Lalitha Enterprises,Dist.,Pothys,Mamaearth,Oct'24,FY_24-25,1.1,2.1
Sri Lalitha Enterprises,Dist.,Sarvana,Mamaearth,Oct'24,FY_24-25,3.4,6.3
Sri Vijaya Durga Agencies_Mt,Dist.,H&G,Aqualogica,Oct'24,FY_24-25,0.0,0.1
Sri Vijaya Durga Agencies_Mt,Dist.,H&G,BBlunt,Oct'24,FY_24-25,0.0,0.1
Sri Vijaya Durga Agencies_Mt,Dist.,Apollo Healthco,Mamaearth,Oct'24,FY_24-25,7.5,16.5
Sri Vijaya Durga Agencies_Mt,Dist.,VMM,Mamaearth,Oct'24,FY_24-25,0.0,0.1
Sri Vijaya Durga Agencies_Mt,Dist.,D-Mart,Mamaearth,Oct'24,FY_24-25,13.4,29.4
Sri Vijaya Durga Agencies_Mt,Dist.,H&G,Mamaearth,Oct'24,FY_24-25,0.1,0.2
Sri Vijaya Durga Agencies_Mt,Dist.,Reliance Retail,Mamaearth,Oct'24,FY_24-25,4.7,10.2
Sri Vijaya Durga Agencies_Mt,Dist.,More Retail,Mamaearth,Oct'24,FY_24-25,0.1,0.2
Sri Vijaya Durga Agencies_Mt,Dist.,H&G,The Derma Co,Oct'24,FY_24-25,0.1,0.5
United Marketing_Mt,Dist.,Apollo Healthco,Mamaearth,Oct'24,FY_24-25,0.6,1.1
United Marketing_Mt-Ship to,Dist.,Apollo Healthco,Mamaearth,Oct'24,FY_24-25,1.4,2.4
Vanaja Agencies_Mt,Dist.,H&G,Aqualogica,Oct'24,FY_24-25,0.6,1.1
Vanaja Agencies_Mt,Dist.,Lulu,Aqualogica,Oct'24,FY_24-25,0.1,0.2
Vanaja Agencies_Mt,Dist.,B&N,Aqualogica,Oct'24,FY_24-25,0.0,0.0
Vanaja Agencies_Mt,Dist.,Apollo Healthco,Aqualogica,Oct'24,FY_24-25,0.2,0.3
Vanaja Agencies_Mt,Dist.,H&G,BBlunt,Oct'24,FY_24-25,0.8,1.2
Vanaja Agencies_Mt,Dist.,B&N,BBlunt,Oct'24,FY_24-25,0.1,0.2
Vanaja Agencies_Mt,Dist.,Apollo Healthco,Mamaearth,Oct'24,FY_24-25,6.9,14.8
Vanaja Agencies_Mt,Dist.,H&G,Mamaearth,Oct'24,FY_24-25,3.0,6.3
Vanaja Agencies_Mt,Dist.,Vijetha,Mamaearth,Oct'24,FY_24-25,1.1,2.3
Vanaja Agencies_Mt,Dist.,More Retail,Mamaearth,Oct'24,FY_24-25,12.5,26.6
Vanaja Agencies_Mt,Dist.,Reliance Retail,Mamaearth,Oct'24,FY_24-25,6.3,13.5
Vanaja Agencies_Mt,Dist.,Lulu,Mamaearth,Oct'24,FY_24-25,0.4,0.9
Vanaja Agencies_Mt,Dist.,Ratnadeep,Mamaearth,Oct'24,FY_24-25,2.0,4.2
Vanaja Agencies_Mt,Dist.,B&N,Mamaearth,Oct'24,FY_24-25,0.1,0.2
Vanaja Agencies_Mt,Dist.,H&G,The Derma Co,Oct'24,FY_24-25,3.7,6.9
Vanaja Agencies_Mt,Dist.,Lulu,The Derma Co,Oct'24,FY_24-25,0.1,0.2
Vanaja Agencies_Mt,Dist.,B&N,The Derma Co,Oct'24,FY_24-25,0.1,0.2
Vanaja Agencies_Mt,Dist.,Apollo Healthco,The Derma Co,Oct'24,FY_24-25,1.1,2.1
VISHAL ENTERPRISES_Solapur,Dist.,D-Mart,Mamaearth,Oct'24,FY_24-25,35.8,97.6
APOLLO HEALTHCO LIMITED_AHMEDABAD,Direct,Apollo Healthco,Aqualogica,Nov'24,FY_24-25,0.1,0.1
APOLLO HEALTHCO LIMITED_AHMEDABAD,Direct,Apollo Healthco,Mamaearth,Nov'24,FY_24-25,5.4,16.4
Apollo Healthco Limited_Bhiwandi,Direct,Apollo Healthco,Aqualogica,Nov'24,FY_24-25,0.5,0.8
Apollo Healthco Limited_Bhiwandi,Direct,Apollo Healthco,Mamaearth,Nov'24,FY_24-25,5.9,14.3
Apollo Healthco Limited_Bhiwandi,Direct,Apollo Healthco,The Derma Co,Nov'24,FY_24-25,1.2,2.0
Apollo Healthco Limited_Faridabad,Direct,Apollo Healthco,Aqualogica,Nov'24,FY_24-25,0.4,0.7
Apollo Healthco Limited_Faridabad,Direct,Apollo Healthco,Mamaearth,Nov'24,FY_24-25,25.6,67.3
Apollo Healthco Limited_Faridabad,Direct,Apollo Healthco,The Derma Co,Nov'24,FY_24-25,2.9,4.9
Apollo Healthco Limited_Rajasthan,Direct,Apollo Healthco,Aqualogica,Nov'24,FY_24-25,0.1,0.2
Apollo Healthco Limited_Rajasthan,Direct,Apollo Healthco,Mamaearth,Nov'24,FY_24-25,4.1,11.1
Apollo Healthco Limited-Bangalore,Direct,Apollo Healthco,Aqualogica,Nov'24,FY_24-25,0.7,1.1
Apollo Healthco Limited-Bangalore,Direct,Apollo Healthco,Mamaearth,Nov'24,FY_24-25,13.4,42.0
Apollo Healthco Limited-Chennai,Direct,Apollo Healthco,Mamaearth,Nov'24,FY_24-25,2.0,6.1
APOLLO HEALTHCO LIMITED-Chittor,Direct,Apollo Healthco,Mamaearth,Nov'24,FY_24-25,5.3,16.6
Apollo Healthco Limited-Goa,Direct,Apollo Healthco,Mamaearth,Nov'24,FY_24-25,1.1,3.5
Apollo Healthco Limited-Hubbli,Direct,Apollo Healthco,Mamaearth,Nov'24,FY_24-25,9.6,30.1
APOLLO HEALTHCO LIMITED-HYD,Direct,Apollo Healthco,Mamaearth,Nov'24,FY_24-25,7.6,24.1
Apollo Healthco Limited-Kochi,Direct,Apollo Healthco,Mamaearth,Nov'24,FY_24-25,2.4,5.0
Apollo Healthco Limited-Kochi,Direct,Apollo Healthco,The Derma Co,Nov'24,FY_24-25,0.8,1.4
APOLLO HEALTHCO LIMITED-Madurai,Direct,Apollo Healthco,Mamaearth,Nov'24,FY_24-25,0.8,2.7
Apollo Healthco Limited-Ore,Direct,Apollo Healthco,Mamaearth,Nov'24,FY_24-25,5.6,12.9
Apollo Healthco Limited-Sanath Nagar,Direct,Apollo Healthco,Mamaearth,Nov'24,FY_24-25,2.8,8.7
APOLLO HEALTHCO LIMITED-Vijayawada,Direct,Apollo Healthco,Mamaearth,Nov'24,FY_24-25,3.6,11.3
APOLLO HEALTHCO LIMITED-WB,Direct,Apollo Healthco,Aqualogica,Nov'24,FY_24-25,0.0,0.0
APOLLO HEALTHCO LIMITED-WB,Direct,Apollo Healthco,Mamaearth,Nov'24,FY_24-25,2.3,7.2
APOLLO HEALTHCO LIMITED-WB-2,Direct,Apollo Healthco,Mamaearth,Nov'24,FY_24-25,10.2,31.8
Apollo Healthco Ltd_Raipur,Direct,Apollo Healthco,Mamaearth,Nov'24,FY_24-25,3.0,9.6
Avenue E Commerce Limited(Belapur),Direct,D-Mart,Aqualogica,Nov'24,FY_24-25,0.0,0.1
Avenue E Commerce Limited(Belapur),Direct,D-Mart,The Derma Co,Nov'24,FY_24-25,0.2,0.4
Avenue E Commerce Limited(Ck Palya),Direct,D-Mart,Aqualogica,Nov'24,FY_24-25,0.1,0.2
Avenue E Commerce Limited(Kanjur),Direct,D-Mart,Aqualogica,Nov'24,FY_24-25,0.1,0.2
Avenue E Commerce Limited(Kanjur),Direct,D-Mart,The Derma Co,Nov'24,FY_24-25,0.4,0.8
Avenue E Commerce Limited(Kiwale),Direct,D-Mart,Aqualogica,Nov'24,FY_24-25,0.2,0.4
Avenue E Commerce Limited(Kiwale),Direct,D-Mart,The Derma Co,Nov'24,FY_24-25,0.4,0.7
Avenue E Commerce Limited(Kushaiguda),Direct,D-Mart,Aqualogica,Nov'24,FY_24-25,0.0,0.0
Avenue E Commerce Limited(Kushaiguda),Direct,D-Mart,The Derma Co,Nov'24,FY_24-25,0.1,0.2
Avenue E Commerce Limited(Mira Road) N,Direct,D-Mart,Aqualogica,Nov'24,FY_24-25,0.0,0.1
Avenue E Commerce Limited(Mira Road) N,Direct,D-Mart,The Derma Co,Nov'24,FY_24-25,0.2,0.4
Avenue E Commerce Limited(Nahur),Direct,D-Mart,Aqualogica,Nov'24,FY_24-25,0.1,0.2
Avenue E Commerce Limited(Nahur),Direct,D-Mart,The Derma Co,Nov'24,FY_24-25,0.2,0.3
Avenue E Commerce Limited_GachibowlI,Direct,D-Mart,Aqualogica,Nov'24,FY_24-25,0.0,0.0
Avenue E Commerce Limited_GachibowlI,Direct,D-Mart,The Derma Co,Nov'24,FY_24-25,0.2,0.3
Avenue E Commerce Limited_Panvel-2,Direct,D-Mart,Aqualogica,Nov'24,FY_24-25,0.1,0.3
Avenue E Commerce Limited_Panvel-2,Direct,D-Mart,The Derma Co,Nov'24,FY_24-25,0.2,0.3
Avenue E Commerce Ltd -Amritsar FC,Direct,D-Mart,Aqualogica,Nov'24,FY_24-25,0.0,0.1
Avenue E Commerce Ltd -Amritsar FC,Direct,D-Mart,The Derma Co,Nov'24,FY_24-25,0.1,0.3
Avenue E Commerce Ltd -Andheri FC,Direct,D-Mart,Aqualogica,Nov'24,FY_24-25,0.0,0.1
Avenue E Commerce Ltd -Andheri FC,Direct,D-Mart,The Derma Co,Nov'24,FY_24-25,0.1,0.3
Avenue E Commerce Ltd -Handewadi FC,Direct,D-Mart,Aqualogica,Nov'24,FY_24-25,0.0,0.1
Avenue E Commerce Ltd -Handewadi FC,Direct,D-Mart,The Derma Co,Nov'24,FY_24-25,0.0,0.1
Avenue E Commerce Ltd -Nagpur-FC,Direct,D-Mart,The Derma Co,Nov'24,FY_24-25,0.1,0.2
Avenue E Commerce Ltd -Vashi FC-E,Direct,D-Mart,Aqualogica,Nov'24,FY_24-25,0.1,0.3
Avenue E Commerce Ltd -Vashi FC-E,Direct,D-Mart,The Derma Co,Nov'24,FY_24-25,0.2,0.4
Avenue E Commerce Ltd_CadburyFC.,Direct,D-Mart,Aqualogica,Nov'24,FY_24-25,0.2,0.3
Avenue E Commerce Ltd_CadburyFC.,Direct,D-Mart,The Derma Co,Nov'24,FY_24-25,0.5,0.9
Avenue E Commerce Ltd_Manpada,Direct,D-Mart,Aqualogica,Nov'24,FY_24-25,0.1,0.2
Avenue E Commerce Ltd_Manpada,Direct,D-Mart,The Derma Co,Nov'24,FY_24-25,0.1,0.3
Avenue E Commerce Ltd_PeddaAmberpetFC,Direct,D-Mart,Aqualogica,Nov'24,FY_24-25,0.0,0.0
Avenue E Commerce Ltd_PeddaAmberpetFC,Direct,D-Mart,The Derma Co,Nov'24,FY_24-25,0.1,0.1
Avenue E Commerce Ltd_Wagholi,Direct,D-Mart,Aqualogica,Nov'24,FY_24-25,0.0,0.1
Avenue E Commerce Ltd_Wagholi,Direct,D-Mart,The Derma Co,Nov'24,FY_24-25,0.1,0.2
Avenue Supermarts Ltd.-DC-1032,Direct,D-Mart,Mamaearth,Nov'24,FY_24-25,61.3,154.5
Avenue Supermarts Ltd.-DC-1039,Direct,D-Mart,BBlunt,Nov'24,FY_24-25,0.5,1.1
Avenue Supermarts Ltd.-DC-1039,Direct,D-Mart,Mamaearth,Nov'24,FY_24-25,151.9,389.1
Avenue Supermarts Ltd.-DC-1049,Direct,D-Mart,Mamaearth,Nov'24,FY_24-25,58.9,158.1
Avenue Supermarts Ltd.-DC-1050,Direct,D-Mart,Mamaearth,Nov'24,FY_24-25,41.8,112.6
Avenue Supermarts Ltd.-DC-1068,Direct,D-Mart,Mamaearth,Nov'24,FY_24-25,72.6,192.5
Guardian Healthcare Services Pvt Ltd(DL),Direct,Guardian,Aqualogica,Nov'24,FY_24-25,0.2,0.4
Guardian Healthcare Services Pvt Ltd(DL),Direct,Guardian,Mamaearth,Nov'24,FY_24-25,0.4,0.8
Guardian Healthcare Services Pvt Ltd(DL),Direct,Guardian,The Derma Co,Nov'24,FY_24-25,0.3,0.6
Metro Cash & Carry India Pvt Ltd -(DC27)-T0SJ,Direct,Metro-CNC-RRL,Aqualogica,Nov'24,FY_24-25,0.4,0.6
Metro Cash & Carry India Pvt Ltd -(DC27)-T0SJ,Direct,Metro-CNC-RRL,BBlunt,Nov'24,FY_24-25,0.2,0.3
Metro Cash & Carry India Pvt Ltd -(DC27)-T0SJ,Direct,Metro-CNC-RRL,Mamaearth,Nov'24,FY_24-25,1.1,2.2
Metro Cash & Carry India Pvt Ltd -(DC27)-T0SJ,Direct,Metro-CNC-RRL,The Derma Co,Nov'24,FY_24-25,0.7,1.0
Metro Cash & Carry India Pvt Ltd -(DC34)-T0SR,Direct,Metro-CNC-RRL,Mamaearth,Nov'24,FY_24-25,1.1,2.2
Metro Cash & Carry India Pvt Ltd-(DC10)-T0SM,Direct,Metro-CNC-RRL,Aqualogica,Nov'24,FY_24-25,0.8,1.3
Metro Cash & Carry India Pvt Ltd-(DC10)-T0SM,Direct,Metro-CNC-RRL,BBlunt,Nov'24,FY_24-25,0.1,0.2
Metro Cash & Carry India Pvt Ltd-(DC10)-T0SM,Direct,Metro-CNC-RRL,Mamaearth,Nov'24,FY_24-25,1.5,3.2
Metro Cash & Carry India Pvt Ltd-(DC10)-T0SM,Direct,Metro-CNC-RRL,The Derma Co,Nov'24,FY_24-25,0.6,1.0
Metro Cash & Carry India Pvt Ltd-(DC11)-T0SL,Direct,Metro-CNC-RRL,Aqualogica,Nov'24,FY_24-25,-0.5,-0.8
Metro Cash & Carry India Pvt Ltd-(DC11)-T0SL,Direct,Metro-CNC-RRL,BBlunt,Nov'24,FY_24-25,0.2,0.3
Metro Cash & Carry India Pvt Ltd-(DC11)-T0SL,Direct,Metro-CNC-RRL,Mamaearth,Nov'24,FY_24-25,0.6,1.8
Metro Cash & Carry India Pvt Ltd-(DC11)-T0SL,Direct,Metro-CNC-RRL,The Derma Co,Nov'24,FY_24-25,0.0,0.0
Metro Cash & Carry India Pvt Ltd-(DC12)-T0QX,Direct,Metro-CNC-RRL,Aqualogica,Nov'24,FY_24-25,-0.2,-0.2
Metro Cash & Carry India Pvt Ltd-(DC12)-T0QX,Direct,Metro-CNC-RRL,BBlunt,Nov'24,FY_24-25,0.0,-0.1
Metro Cash & Carry India Pvt Ltd-(DC12)-T0QX,Direct,Metro-CNC-RRL,Mamaearth,Nov'24,FY_24-25,-0.2,-0.3
Metro Cash & Carry India Pvt Ltd-(DC12)-T0QX,Direct,Metro-CNC-RRL,The Derma Co,Nov'24,FY_24-25,0.2,0.3
Metro Cash & Carry India Pvt Ltd-(DC15)-T0QY,Direct,Metro-CNC-RRL,Mamaearth,Nov'24,FY_24-25,1.3,2.4
Metro Cash & Carry India Pvt Ltd-(DC16)-T0QZ,Direct,Metro-CNC-RRL,BBlunt,Nov'24,FY_24-25,-0.2,-0.3
Metro Cash & Carry India Pvt Ltd-(DC16)-T0QZ,Direct,Metro-CNC-RRL,Mamaearth,Nov'24,FY_24-25,2.6,5.2
Metro Cash & Carry India Pvt Ltd-(DC17)-T0QT,Direct,Metro-CNC-RRL,Mamaearth,Nov'24,FY_24-25,0.2,0.3
Metro Cash & Carry India Pvt Ltd-(DC20)-T0RK,Direct,Metro-CNC-RRL,Mamaearth,Nov'24,FY_24-25,-1.5,-2.5
Metro Cash & Carry India Pvt Ltd-(DC23)-T0RL,Direct,Metro-CNC-RRL,Aqualogica,Nov'24,FY_24-25,0.4,0.6
Metro Cash & Carry India Pvt Ltd-(DC23)-T0RL,Direct,Metro-CNC-RRL,BBlunt,Nov'24,FY_24-25,0.3,0.5
Metro Cash & Carry India Pvt Ltd-(DC23)-T0RL,Direct,Metro-CNC-RRL,Mamaearth,Nov'24,FY_24-25,1.5,3.0
Metro Cash & Carry India Pvt Ltd-(DC23)-T0RL,Direct,Metro-CNC-RRL,The Derma Co,Nov'24,FY_24-25,0.8,1.3
Metro Cash & Carry India Pvt Ltd-(DC24)-T0RJ,Direct,Metro-CNC-RRL,BBlunt,Nov'24,FY_24-25,0.0,0.1
Metro Cash & Carry India Pvt Ltd-(DC24)-T0RJ,Direct,Metro-CNC-RRL,Mamaearth,Nov'24,FY_24-25,0.7,1.5
Metro Cash & Carry India Pvt Ltd-(DC25)-T0RB,Direct,Metro-CNC-RRL,Mamaearth,Nov'24,FY_24-25,0.3,0.7
Metro Cash & Carry India Pvt Ltd-(DC26)-T0SP,Direct,Metro-CNC-RRL,Aqualogica,Nov'24,FY_24-25,0.0,-0.1
Metro Cash & Carry India Pvt Ltd-(DC26)-T0SP,Direct,Metro-CNC-RRL,BBlunt,Nov'24,FY_24-25,0.1,0.2
Metro Cash & Carry India Pvt Ltd-(DC26)-T0SP,Direct,Metro-CNC-RRL,Mamaearth,Nov'24,FY_24-25,0.3,0.8
Metro Cash & Carry India Pvt Ltd-(DC26)-T0SP,Direct,Metro-CNC-RRL,The Derma Co,Nov'24,FY_24-25,0.4,0.6
Metro Cash & Carry India Pvt Ltd-(DC28)-T0RF,Direct,Metro-CNC-RRL,Mamaearth,Nov'24,FY_24-25,0.3,0.6
Metro Cash & Carry India Pvt Ltd-(DC29)-T0RA,Direct,Metro-CNC-RRL,BBlunt,Nov'24,FY_24-25,-0.3,-0.4
Metro Cash & Carry India Pvt Ltd-(DC29)-T0RA,Direct,Metro-CNC-RRL,Mamaearth,Nov'24,FY_24-25,-0.4,-1.1
Metro Cash & Carry India Pvt Ltd-(DC30)-T0RM,Direct,Metro-CNC-RRL,Mamaearth,Nov'24,FY_24-25,0.7,1.4
Metro Cash & Carry India Pvt Ltd-(DC32)-T0QU,Direct,Metro-CNC-RRL,Mamaearth,Nov'24,FY_24-25,0.2,0.4
Metro Cash & Carry India Pvt Ltd-(DC36)-T0RH,Direct,Metro-CNC-RRL,BBlunt,Nov'24,FY_24-25,0.0,0.0
Metro Cash & Carry India Pvt Ltd-(DC37)-T0RD,Direct,Metro-CNC-RRL,BBlunt,Nov'24,FY_24-25,0.0,0.1
Metro Cash & Carry India Pvt Ltd-(DC37)-T0RD,Direct,Metro-CNC-RRL,Mamaearth,Nov'24,FY_24-25,-0.1,-0.2
Metro Cash & Carry India Pvt Ltd-(DC43)-T2YF,Direct,Metro-CNC-RRL,Aqualogica,Nov'24,FY_24-25,-4.8,-7.5
Metro Cash & Carry India Pvt Ltd-(DC45)-T0RE,Direct,Metro-CNC-RRL,BBlunt,Nov'24,FY_24-25,0.1,0.1
Metro Cash & Carry India Pvt Ltd-(DC45)-T0RE,Direct,Metro-CNC-RRL,Mamaearth,Nov'24,FY_24-25,-0.1,-0.1
Metro Cash & Carry India Pvt Ltd-(DC46)-T0RC,Direct,Metro-CNC-RRL,Aqualogica,Nov'24,FY_24-25,0.4,0.6
Metro Cash & Carry India Pvt Ltd-(DC46)-T0RC,Direct,Metro-CNC-RRL,BBlunt,Nov'24,FY_24-25,0.6,0.9
Metro Cash & Carry India Pvt Ltd-(DC46)-T0RC,Direct,Metro-CNC-RRL,Mamaearth,Nov'24,FY_24-25,2.0,4.2
Metro Cash & Carry India Pvt Ltd-(DC52)-T0RI,Direct,Metro-CNC-RRL,Mamaearth,Nov'24,FY_24-25,1.0,2.3
Metro Cash & Carry India Pvt Ltd-(DC53)-T0QV,Direct,Metro-CNC-RRL,BBlunt,Nov'24,FY_24-25,0.2,0.2
Metro Cash & Carry India Pvt Ltd-(DC53)-T0QV,Direct,Metro-CNC-RRL,Mamaearth,Nov'24,FY_24-25,-0.1,-0.2
Metro Cash & Carry India Pvt Ltd-(DC54)-T0QW,Direct,Metro-CNC-RRL,Mamaearth,Nov'24,FY_24-25,0.3,0.6
Metro Cash & Carry India Pvt Ltd-(DC60)-T0QS,Direct,Metro-CNC-RRL,Aqualogica,Nov'24,FY_24-25,0.3,0.4
Metro Cash & Carry India Pvt Ltd-(DC60)-T0QS,Direct,Metro-CNC-RRL,BBlunt,Nov'24,FY_24-25,0.0,0.1
Metro Cash & Carry India Pvt Ltd-(DC60)-T0QS,Direct,Metro-CNC-RRL,Mamaearth,Nov'24,FY_24-25,-0.5,-0.8
Metro Cash & Carry India Pvt Ltd-(DC60)-T0QS,Direct,Metro-CNC-RRL,The Derma Co,Nov'24,FY_24-25,0.3,0.4
Metro Cash & Carry India Pvt Ltd_DC33(T0SQ),Direct,Metro-CNC-RRL,Mamaearth,Nov'24,FY_24-25,0.3,0.5
Metro Cash & Carry India Pvt Ltd_T2FM,Direct,Metro-CNC-RRL,Aqualogica,Nov'24,FY_24-25,1.0,1.6
Metro Cash & Carry India Pvt Ltd_T2FM,Direct,Metro-CNC-RRL,BBlunt,Nov'24,FY_24-25,0.1,0.2
Metro Cash & Carry India Pvt Ltd_T2FM,Direct,Metro-CNC-RRL,Mamaearth,Nov'24,FY_24-25,0.7,1.6
Metro Cash & Carry India Pvt Ltd_T2FM,Direct,Metro-CNC-RRL,The Derma Co,Nov'24,FY_24-25,1.3,2.0
Reliance Retail Limited Ce08,Direct,Reliance Retail,Aqualogica,Nov'24,FY_24-25,0.2,0.3
Reliance Retail Limited Ce08,Direct,Reliance Retail,Mamaearth,Nov'24,FY_24-25,13.6,34.3
Reliance Retail Limited Cf08,Direct,Reliance Retail,Aqualogica,Nov'24,FY_24-25,0.3,0.4
Reliance Retail Limited Cf08,Direct,Reliance Retail,Mamaearth,Nov'24,FY_24-25,6.5,14.6
Reliance Retail Limited Ea08,Direct,Reliance Retail,Mamaearth,Nov'24,FY_24-25,3.4,8.4
Reliance Retail Limited Fb08,Direct,Reliance Retail,Mamaearth,Nov'24,FY_24-25,8.5,20.0
Reliance Retail Limited Fb08,Direct,Reliance Retail,The Derma Co,Nov'24,FY_24-25,0.4,0.7
Reliance Retail Limited Fd08,Direct,Reliance Retail,Mamaearth,Nov'24,FY_24-25,0.9,2.0
Reliance Retail Limited R426,Direct,Reliance Retail,Mamaearth,Nov'24,FY_24-25,-0.1,-0.3
Reliance Retail Limited R468,Direct,Reliance Retail,Mamaearth,Nov'24,FY_24-25,-0.6,-1.4
Reliance Retail Limited R701,Direct,Reliance Retail,Aqualogica,Nov'24,FY_24-25,0.2,0.3
Reliance Retail Limited R701,Direct,Reliance Retail,Mamaearth,Nov'24,FY_24-25,14.1,33.5
Reliance Retail Limited R703,Direct,Reliance Retail,Mamaearth,Nov'24,FY_24-25,0.4,0.9
Reliance Retail Limited R801,Direct,Reliance Retail,Mamaearth,Nov'24,FY_24-25,10.9,21.6
Reliance Retail Limited Sc79,Direct,Reliance Retail,Mamaearth,Nov'24,FY_24-25,0.5,-1.6
Reliance Retail Limited_2302,Direct,Reliance Retail,Mamaearth,Nov'24,FY_24-25,0.9,1.6
Reliance Retail Limited_2364,Direct,Reliance Retail,Mamaearth,Nov'24,FY_24-25,0.7,1.2
Reliance Retail Limited_3210,Direct,Reliance Retail,Mamaearth,Nov'24,FY_24-25,0.6,1.0
Reliance Retail Limited_6209,Direct,Reliance Retail,Mamaearth,Nov'24,FY_24-25,0.6,1.1
Reliance Retail Limited_6221,Direct,Reliance Retail,Mamaearth,Nov'24,FY_24-25,0.6,1.0
Reliance Retail Limited_6717,Direct,Reliance Retail,Mamaearth,Nov'24,FY_24-25,0.7,1.3
Reliance Retail Limited_6719,Direct,Reliance Retail,Mamaearth,Nov'24,FY_24-25,0.7,1.2
Reliance Retail Limited_6722,Direct,Reliance Retail,Mamaearth,Nov'24,FY_24-25,0.6,1.0
Reliance Retail Limited_6727,Direct,Reliance Retail,Mamaearth,Nov'24,FY_24-25,0.7,1.1
Reliance Retail Limited_Cy08-Kerala,Direct,Reliance Retail,Mamaearth,Nov'24,FY_24-25,0.9,1.2
Reliance Retail Limited_FR00,Direct,Reliance Retail,Mamaearth,Nov'24,FY_24-25,0.7,1.2
Reliance Retail Limited_FR02,Direct,Reliance Retail,Mamaearth,Nov'24,FY_24-25,0.8,1.3
Reliance Retail Limited_FR03,Direct,Reliance Retail,Mamaearth,Nov'24,FY_24-25,0.5,0.8
Reliance Retail Limited_FR10,Direct,Reliance Retail,Mamaearth,Nov'24,FY_24-25,0.7,1.2
Reliance Retail Limited_FR30,Direct,Reliance Retail,Mamaearth,Nov'24,FY_24-25,0.6,1.0
Reliance Retail Limited_FR60,Direct,Reliance Retail,Mamaearth,Nov'24,FY_24-25,0.8,1.3
Reliance Retail Limited_FR62,Direct,Reliance Retail,BBlunt,Nov'24,FY_24-25,0.0,0.0
Reliance Retail Limited_FR62,Direct,Reliance Retail,Mamaearth,Nov'24,FY_24-25,0.6,1.1
Reliance Retail Limited_FR62,Direct,Reliance Retail,The Derma Co,Nov'24,FY_24-25,0.0,0.0
Reliance Retail Limited_FR64,Direct,Reliance Retail,Mamaearth,Nov'24,FY_24-25,0.2,0.4
Reliance Retail Limited_FR76,Direct,Reliance Retail,Aqualogica,Nov'24,FY_24-25,0.1,0.2
Reliance Retail Limited_FR76,Direct,Reliance Retail,BBlunt,Nov'24,FY_24-25,0.1,0.1
Reliance Retail Limited_FR76,Direct,Reliance Retail,Mamaearth,Nov'24,FY_24-25,0.7,1.2
Reliance Retail Limited_FR76,Direct,Reliance Retail,The Derma Co,Nov'24,FY_24-25,0.1,0.2
Reliance Retail Limited_Fr87,Direct,Reliance Retail,Aqualogica,Nov'24,FY_24-25,0.2,0.3
Reliance Retail Limited_Fr87,Direct,Reliance Retail,Mamaearth,Nov'24,FY_24-25,28.6,71.0
Reliance Retail Limited_Fr89,Direct,Reliance Retail,Mamaearth,Nov'24,FY_24-25,1.5,3.1
Reliance Retail Limited_FRAQ,Direct,Reliance Retail,Mamaearth,Nov'24,FY_24-25,0.7,1.2
Reliance Retail Limited_Fraz,Direct,Reliance Retail,Mamaearth,Nov'24,FY_24-25,4.4,8.9
Reliance Retail Limited_FRBD,Direct,Reliance Retail,Mamaearth,Nov'24,FY_24-25,0.8,1.3
Reliance Retail Limited_FRBR,Direct,Reliance Retail,Mamaearth,Nov'24,FY_24-25,0.2,0.3
Reliance Retail Limited_FRBS,Direct,Reliance Retail,BBlunt,Nov'24,FY_24-25,0.0,0.0
Reliance Retail Limited_FRBS,Direct,Reliance Retail,Mamaearth,Nov'24,FY_24-25,0.7,1.2
Reliance Retail Limited_FRBS,Direct,Reliance Retail,The Derma Co,Nov'24,FY_24-25,0.0,0.0
Reliance Retail Limited_FRBU,Direct,Reliance Retail,BBlunt,Nov'24,FY_24-25,0.0,0.1
Reliance Retail Limited_FRBU,Direct,Reliance Retail,Mamaearth,Nov'24,FY_24-25,0.6,1.1
Reliance Retail Limited_FRBU,Direct,Reliance Retail,The Derma Co,Nov'24,FY_24-25,0.0,0.1
Reliance Retail Limited_FRBW,Direct,Reliance Retail,Mamaearth,Nov'24,FY_24-25,0.7,1.1
Reliance Retail Limited_FRCG,Direct,Reliance Retail,Mamaearth,Nov'24,FY_24-25,0.6,1.1
Reliance Retail Limited_FRCH,Direct,Reliance Retail,Mamaearth,Nov'24,FY_24-25,0.7,1.2
Reliance Retail Limited_FRCJ,Direct,Reliance Retail,Mamaearth,Nov'24,FY_24-25,0.7,1.2
Reliance Retail Limited_FRCP,Direct,Reliance Retail,Aqualogica,Nov'24,FY_24-25,0.0,0.0
Reliance Retail Limited_FRCP,Direct,Reliance Retail,BBlunt,Nov'24,FY_24-25,0.1,0.1
Reliance Retail Limited_FRCP,Direct,Reliance Retail,The Derma Co,Nov'24,FY_24-25,0.0,0.1
Reliance Retail Limited_FRCQ,Direct,Reliance Retail,Mamaearth,Nov'24,FY_24-25,0.5,0.9
Reliance Retail Limited_FRCS,Direct,Reliance Retail,Mamaearth,Nov'24,FY_24-25,0.6,1.0
Reliance Retail Limited_FRDA,Direct,Reliance Retail,Mamaearth,Nov'24,FY_24-25,0.6,1.0
Reliance Retail Limited_FRDB,Direct,Reliance Retail,Aqualogica,Nov'24,FY_24-25,0.0,0.0
Reliance Retail Limited_FRDB,Direct,Reliance Retail,BBlunt,Nov'24,FY_24-25,0.0,0.0
Reliance Retail Limited_FRDB,Direct,Reliance Retail,Mamaearth,Nov'24,FY_24-25,0.7,1.2
Reliance Retail Limited_FRDB,Direct,Reliance Retail,The Derma Co,Nov'24,FY_24-25,0.2,0.3
Reliance Retail Limited_FRDI,Direct,Reliance Retail,Mamaearth,Nov'24,FY_24-25,0.6,1.0
Reliance Retail Limited_FRDT,Direct,Reliance Retail,Mamaearth,Nov'24,FY_24-25,0.7,1.2
Reliance Retail Limited_FREM,Direct,Reliance Retail,Mamaearth,Nov'24,FY_24-25,0.7,1.2
Reliance Retail Limited_FRER,Direct,Reliance Retail,Mamaearth,Nov'24,FY_24-25,0.6,1.0
Reliance Retail Limited_FREX,Direct,Reliance Retail,Mamaearth,Nov'24,FY_24-25,0.6,1.0
Reliance Retail Limited_FRFD,Direct,Reliance Retail,Mamaearth,Nov'24,FY_24-25,0.8,1.3
Reliance Retail Limited_FRFK,Direct,Reliance Retail,Mamaearth,Nov'24,FY_24-25,0.5,0.8
Reliance Retail Limited_FRFR,Direct,Reliance Retail,Mamaearth,Nov'24,FY_24-25,0.7,1.2
Reliance Retail Limited_FRFU,Direct,Reliance Retail,Mamaearth,Nov'24,FY_24-25,0.7,1.2
Reliance Retail Limited_FRFV,Direct,Reliance Retail,Mamaearth,Nov'24,FY_24-25,0.5,0.8
Reliance Retail Limited_FRGC,Direct,Reliance Retail,Mamaearth,Nov'24,FY_24-25,0.6,1.0
Reliance Retail Limited_FRGK,Direct,Reliance Retail,Mamaearth,Nov'24,FY_24-25,0.6,1.1
Reliance Retail Limited_FRGM,Direct,Reliance Retail,Mamaearth,Nov'24,FY_24-25,0.8,1.3
Reliance Retail Limited_FRHC,Direct,Reliance Retail,Mamaearth,Nov'24,FY_24-25,0.6,0.9
Reliance Retail Limited_FRHF,Direct,Reliance Retail,Mamaearth,Nov'24,FY_24-25,0.6,1.1
Reliance Retail Limited_FRHM,Direct,Reliance Retail,Mamaearth,Nov'24,FY_24-25,0.6,1.0
Reliance Retail Limited_FRHR,Direct,Reliance Retail,Mamaearth,Nov'24,FY_24-25,0.7,1.2
Reliance Retail Limited_Frhv,Direct,Reliance Retail,Mamaearth,Nov'24,FY_24-25,13.9,33.4
RELIANCE RETAIL LIMITED_FRIA,Direct,Reliance Retail,Mamaearth,Nov'24,FY_24-25,5.9,14.0
Reliance Retail Limited_FRLF,Direct,Reliance Retail,Mamaearth,Nov'24,FY_24-25,0.8,1.3
Reliance Retail Limited_S0IX,Direct,Reliance Retail,Mamaearth,Nov'24,FY_24-25,1.2,3.8
Reliance Retail Limited_S0XE,Direct,Reliance Retail,Mamaearth,Nov'24,FY_24-25,4.4,10.3
Reliance Retail Limited_SAHO,Direct,Reliance Retail,Mamaearth,Nov'24,FY_24-25,-0.2,0.5
Reliance Retail Limited_SAOS,Direct,Reliance Retail,Mamaearth,Nov'24,FY_24-25,7.4,17.5
Reliance Retail Limited_Sb01,Direct,Reliance Retail,Mamaearth,Nov'24,FY_24-25,5.0,11.1
RELIANCE RETAIL LIMITED_SF52,Direct,Reliance Retail,Mamaearth,Nov'24,FY_24-25,-0.6,-1.2
Reliance Retail Limited_Sk8I,Direct,Reliance Retail,Mamaearth,Nov'24,FY_24-25,1.1,2.4
Reliance Retail Limited_SL6S,Direct,Reliance Retail,Mamaearth,Nov'24,FY_24-25,0.6,1.2
Reliance Retail Limited_SZ9J,Direct,Reliance Retail,Mamaearth,Nov'24,FY_24-25,1.0,2.3
Reliance Retail Limited_T62I,Direct,Reliance Retail,Mamaearth,Nov'24,FY_24-25,0.7,1.1
Reliance Retail Limited_T946,Direct,Reliance Retail,Mamaearth,Nov'24,FY_24-25,0.7,1.1
Reliance Retail Limited_TB15,Direct,Reliance Retail,Mamaearth,Nov'24,FY_24-25,0.5,0.9
Reliance Retail Limited_TDC7,Direct,Reliance Retail,Mamaearth,Nov'24,FY_24-25,0.6,1.1
Reliance Retail Limited_TDE3,Direct,Reliance Retail,Mamaearth,Nov'24,FY_24-25,0.6,1.0
Reliance Retail Limited_TFY8,Direct,Reliance Retail,Mamaearth,Nov'24,FY_24-25,0.7,1.3
Reliance Retail Limited_TG87,Direct,Reliance Retail,Mamaearth,Nov'24,FY_24-25,0.7,1.1
Reliance Retail Limited_TK48,Direct,Reliance Retail,Mamaearth,Nov'24,FY_24-25,0.7,1.2
Reliance Retail Limited_TMW7,Direct,Reliance Retail,Mamaearth,Nov'24,FY_24-25,0.8,1.3
Reliance Retail Limited_TMZ5,Direct,Reliance Retail,Mamaearth,Nov'24,FY_24-25,0.6,1.0
Reliance Retail Limited_TN55,Direct,Reliance Retail,Mamaearth,Nov'24,FY_24-25,0.7,1.2
Reliance Retail Limited_TN56,Direct,Reliance Retail,Mamaearth,Nov'24,FY_24-25,0.6,1.1
Reliance Retail Limited_TNB7,Direct,Reliance Retail,Mamaearth,Nov'24,FY_24-25,0.7,1.1
Reliance Retail Limited_TNC1,Direct,Reliance Retail,Mamaearth,Nov'24,FY_24-25,-0.2,-0.3
Reliance Retail Limited_TNC8,Direct,Reliance Retail,Mamaearth,Nov'24,FY_24-25,0.8,1.3
Reliance Retail Limited_TND0,Direct,Reliance Retail,Mamaearth,Nov'24,FY_24-25,0.4,0.7
Reliance Retail Limited_TNE3,Direct,Reliance Retail,Mamaearth,Nov'24,FY_24-25,0.6,1.0
Reliance Retail Limited_TNP8,Direct,Reliance Retail,Mamaearth,Nov'24,FY_24-25,0.4,0.7
Reliance Retail Limited_TO20,Direct,Reliance Retail,Mamaearth,Nov'24,FY_24-25,0.6,1.1
Reliance Retail Limited_TOJ6,Direct,Reliance Retail,Mamaearth,Nov'24,FY_24-25,0.7,1.2
Reliance Retail Limited_TP05,Direct,Reliance Retail,Mamaearth,Nov'24,FY_24-25,0.6,1.0
Reliance Retail Limited_TQ21,Direct,Reliance Retail,Mamaearth,Nov'24,FY_24-25,0.7,1.1
Reliance Retail Limited_TQ22,Direct,Reliance Retail,Mamaearth,Nov'24,FY_24-25,0.6,1.1
Reliance Retail Limited_TU21,Direct,Reliance Retail,Mamaearth,Nov'24,FY_24-25,0.5,0.9
Reliance Retail Limited_TW60,Direct,Reliance Retail,Mamaearth,Nov'24,FY_24-25,-0.2,-0.3
Reliance Retail Limited-2956,Direct,Reliance Retail,Mamaearth,Nov'24,FY_24-25,0.7,1.2
Reliance Retail Limited-2959,Direct,Reliance Retail,Mamaearth,Nov'24,FY_24-25,-2.5,-4.2
Reliance Retail Limited-6202,Direct,Reliance Retail,Aqualogica,Nov'24,FY_24-25,0.0,0.0
Reliance Retail Limited-6202,Direct,Reliance Retail,BBlunt,Nov'24,FY_24-25,0.0,0.1
Reliance Retail Limited-6202,Direct,Reliance Retail,Mamaearth,Nov'24,FY_24-25,0.7,1.2
Reliance Retail Limited-6202,Direct,Reliance Retail,The Derma Co,Nov'24,FY_24-25,0.1,0.1
Reliance Retail Limited-6205,Direct,Reliance Retail,Aqualogica,Nov'24,FY_24-25,0.1,0.1
Reliance Retail Limited-6205,Direct,Reliance Retail,BBlunt,Nov'24,FY_24-25,0.2,0.3
Reliance Retail Limited-6205,Direct,Reliance Retail,Mamaearth,Nov'24,FY_24-25,1.0,1.6
Reliance Retail Limited-6205,Direct,Reliance Retail,The Derma Co,Nov'24,FY_24-25,0.3,0.5
Reliance Retail Limited-6206,Direct,Reliance Retail,Mamaearth,Nov'24,FY_24-25,0.6,1.0
Reliance Retail Limited-6208,Direct,Reliance Retail,Aqualogica,Nov'24,FY_24-25,0.0,0.0
Reliance Retail Limited-6208,Direct,Reliance Retail,Mamaearth,Nov'24,FY_24-25,0.7,1.2
Reliance Retail Limited-6208,Direct,Reliance Retail,The Derma Co,Nov'24,FY_24-25,0.0,0.0
Reliance Retail Limited-6210,Direct,Reliance Retail,Mamaearth,Nov'24,FY_24-25,0.8,1.3
Reliance Retail Limited-6217,Direct,Reliance Retail,Aqualogica,Nov'24,FY_24-25,0.2,0.3
Reliance Retail Limited-6217,Direct,Reliance Retail,Mamaearth,Nov'24,FY_24-25,0.9,1.5
Reliance Retail Limited-6219,Direct,Reliance Retail,Mamaearth,Nov'24,FY_24-25,0.8,1.4
Reliance Retail Limited-6220,Direct,Reliance Retail,Mamaearth,Nov'24,FY_24-25,0.6,1.0
Reliance Retail Limited-6224,Direct,Reliance Retail,Aqualogica,Nov'24,FY_24-25,0.4,0.6
Reliance Retail Limited-6224,Direct,Reliance Retail,Mamaearth,Nov'24,FY_24-25,0.5,0.8
Reliance Retail Limited-6225,Direct,Reliance Retail,Mamaearth,Nov'24,FY_24-25,0.0,0.1
Reliance Retail Limited-6239,Direct,Reliance Retail,Aqualogica,Nov'24,FY_24-25,0.0,0.0
Reliance Retail Limited-6239,Direct,Reliance Retail,Mamaearth,Nov'24,FY_24-25,0.0,0.1
Reliance Retail Limited-6239,Direct,Reliance Retail,The Derma Co,Nov'24,FY_24-25,0.0,0.0
Reliance Retail Limited-6703,Direct,Reliance Retail,Mamaearth,Nov'24,FY_24-25,0.6,1.1
Reliance Retail Limited-6726,Direct,Reliance Retail,Mamaearth,Nov'24,FY_24-25,0.5,0.8
RELIANCE RETAIL LIMITED-Badli,Direct,Reliance Retail,Mamaearth,Nov'24,FY_24-25,8.9,20.6
Reliance Retail Limited-FR04,Direct,Reliance Retail,Aqualogica,Nov'24,FY_24-25,0.3,0.4
Reliance Retail Limited-FR04,Direct,Reliance Retail,Mamaearth,Nov'24,FY_24-25,0.7,1.1
Reliance Retail Limited-FR08,Direct,Reliance Retail,Mamaearth,Nov'24,FY_24-25,0.8,1.3
Reliance Retail Limited-FR15,Direct,Reliance Retail,Mamaearth,Nov'24,FY_24-25,0.7,1.2
Reliance Retail Limited-FR22,Direct,Reliance Retail,Mamaearth,Nov'24,FY_24-25,0.7,1.2
Reliance Retail Limited-FR23,Direct,Reliance Retail,Mamaearth,Nov'24,FY_24-25,0.6,1.0
Reliance Retail Limited-FR45,Direct,Reliance Retail,BBlunt,Nov'24,FY_24-25,0.1,0.1
Reliance Retail Limited-FR45,Direct,Reliance Retail,Mamaearth,Nov'24,FY_24-25,0.7,1.1
Reliance Retail Limited-FR45,Direct,Reliance Retail,The Derma Co,Nov'24,FY_24-25,0.1,0.1
Reliance Retail Limited-FR63,Direct,Reliance Retail,Aqualogica,Nov'24,FY_24-25,0.0,0.0
Reliance Retail Limited-FR63,Direct,Reliance Retail,BBlunt,Nov'24,FY_24-25,0.0,0.1
Reliance Retail Limited-FR63,Direct,Reliance Retail,Mamaearth,Nov'24,FY_24-25,0.6,1.0
Reliance Retail Limited-FR63,Direct,Reliance Retail,The Derma Co,Nov'24,FY_24-25,0.0,0.1
Reliance Retail Limited-FR67,Direct,Reliance Retail,Mamaearth,Nov'24,FY_24-25,1.2,2.0
Reliance Retail Limited-FR73,Direct,Reliance Retail,Aqualogica,Nov'24,FY_24-25,0.0,0.0
Reliance Retail Limited-FR73,Direct,Reliance Retail,BBlunt,Nov'24,FY_24-25,-0.1,-0.2
Reliance Retail Limited-FR73,Direct,Reliance Retail,Mamaearth,Nov'24,FY_24-25,0.9,1.5
Reliance Retail Limited-FR73,Direct,Reliance Retail,The Derma Co,Nov'24,FY_24-25,0.0,0.0
Reliance Retail Limited-FR74,Direct,Reliance Retail,Mamaearth,Nov'24,FY_24-25,0.8,1.3
Reliance Retail Limited-FRAR,Direct,Reliance Retail,Aqualogica,Nov'24,FY_24-25,-0.3,-0.5
Reliance Retail Limited-FRAR,Direct,Reliance Retail,BBlunt,Nov'24,FY_24-25,0.0,0.0
Reliance Retail Limited-FRAR,Direct,Reliance Retail,Mamaearth,Nov'24,FY_24-25,0.4,0.7
Reliance Retail Limited-FRAR,Direct,Reliance Retail,The Derma Co,Nov'24,FY_24-25,-0.3,-0.5
Reliance Retail Limited-FRAU,Direct,Reliance Retail,Aqualogica,Nov'24,FY_24-25,0.0,0.0
Reliance Retail Limited-FRAU,Direct,Reliance Retail,BBlunt,Nov'24,FY_24-25,0.1,0.2
Reliance Retail Limited-FRAU,Direct,Reliance Retail,Mamaearth,Nov'24,FY_24-25,0.5,0.9
Reliance Retail Limited-FRAU,Direct,Reliance Retail,The Derma Co,Nov'24,FY_24-25,0.1,0.1
Reliance Retail Limited-FRBV,Direct,Reliance Retail,Aqualogica,Nov'24,FY_24-25,0.1,0.2
Reliance Retail Limited-FRBV,Direct,Reliance Retail,BBlunt,Nov'24,FY_24-25,0.1,0.1
Reliance Retail Limited-FRBV,Direct,Reliance Retail,Mamaearth,Nov'24,FY_24-25,0.3,0.5
Reliance Retail Limited-FRBV,Direct,Reliance Retail,The Derma Co,Nov'24,FY_24-25,0.1,0.2
Reliance Retail Limited-FRCA,Direct,Reliance Retail,Mamaearth,Nov'24,FY_24-25,0.8,1.3
Reliance Retail Limited-FRCB,Direct,Reliance Retail,Aqualogica,Nov'24,FY_24-25,0.0,0.0
Reliance Retail Limited-FRCB,Direct,Reliance Retail,BBlunt,Nov'24,FY_24-25,0.0,0.1
Reliance Retail Limited-FRCB,Direct,Reliance Retail,Mamaearth,Nov'24,FY_24-25,0.6,1.0
Reliance Retail Limited-FRCB,Direct,Reliance Retail,The Derma Co,Nov'24,FY_24-25,0.0,0.0
Reliance Retail Limited-FRCC,Direct,Reliance Retail,Aqualogica,Nov'24,FY_24-25,0.1,0.1
Reliance Retail Limited-FRCC,Direct,Reliance Retail,BBlunt,Nov'24,FY_24-25,0.1,0.2
Reliance Retail Limited-FRCC,Direct,Reliance Retail,Mamaearth,Nov'24,FY_24-25,0.7,1.1
Reliance Retail Limited-FRCC,Direct,Reliance Retail,The Derma Co,Nov'24,FY_24-25,0.1,0.1
Reliance Retail Limited-FRCF,Direct,Reliance Retail,Mamaearth,Nov'24,FY_24-25,0.7,1.2
Reliance Retail Limited-FRCK,Direct,Reliance Retail,Aqualogica,Nov'24,FY_24-25,0.0,0.0
Reliance Retail Limited-FRCK,Direct,Reliance Retail,BBlunt,Nov'24,FY_24-25,0.2,0.2
Reliance Retail Limited-FRCK,Direct,Reliance Retail,Mamaearth,Nov'24,FY_24-25,0.8,1.3
Reliance Retail Limited-FRCK,Direct,Reliance Retail,The Derma Co,Nov'24,FY_24-25,0.2,0.3
Reliance Retail Limited-FRCL,Direct,Reliance Retail,Mamaearth,Nov'24,FY_24-25,0.8,1.3
Reliance Retail Limited-FRCX,Direct,Reliance Retail,Aqualogica,Nov'24,FY_24-25,0.0,0.0
Reliance Retail Limited-FRCX,Direct,Reliance Retail,Mamaearth,Nov'24,FY_24-25,0.8,1.4
Reliance Retail Limited-FRCX,Direct,Reliance Retail,The Derma Co,Nov'24,FY_24-25,0.0,0.0
Reliance Retail Limited-FRDF,Direct,Reliance Retail,Mamaearth,Nov'24,FY_24-25,0.7,1.3
Reliance Retail Limited-FRDJ,Direct,Reliance Retail,Mamaearth,Nov'24,FY_24-25,0.6,0.9
Reliance Retail Limited-FRDM,Direct,Reliance Retail,Mamaearth,Nov'24,FY_24-25,0.6,1.0
Reliance Retail Limited-FRDU,Direct,Reliance Retail,Mamaearth,Nov'24,FY_24-25,0.3,0.5
Reliance Retail Limited-FRDV,Direct,Reliance Retail,Mamaearth,Nov'24,FY_24-25,0.4,0.6
Reliance Retail Limited-FRDY,Direct,Reliance Retail,Mamaearth,Nov'24,FY_24-25,0.6,1.1
Reliance Retail Limited-FRDZ,Direct,Reliance Retail,Mamaearth,Nov'24,FY_24-25,0.8,1.3
Reliance Retail Limited-FREB,Direct,Reliance Retail,Mamaearth,Nov'24,FY_24-25,0.7,1.1
RELIANCE RETAIL LIMITED-FREC,Direct,Reliance Retail,Mamaearth,Nov'24,FY_24-25,11.1,24.7
RELIANCE RETAIL LIMITED-FREF,Direct,Reliance Retail,Mamaearth,Nov'24,FY_24-25,-0.2,-0.6
Reliance Retail Limited-FRFH,Direct,Reliance Retail,BBlunt,Nov'24,FY_24-25,0.0,0.0
Reliance Retail Limited-FRFH,Direct,Reliance Retail,Mamaearth,Nov'24,FY_24-25,-0.4,-0.7
Reliance Retail Limited-FRFH,Direct,Reliance Retail,The Derma Co,Nov'24,FY_24-25,-0.1,-0.2
Reliance Retail Limited-FRFP,Direct,Reliance Retail,Mamaearth,Nov'24,FY_24-25,0.8,1.4
Reliance Retail Limited-FRGN,Direct,Reliance Retail,Mamaearth,Nov'24,FY_24-25,0.1,0.1
Reliance Retail Limited-FRGQ,Direct,Reliance Retail,Mamaearth,Nov'24,FY_24-25,0.7,1.2
Reliance Retail Limited-FRGS,Direct,Reliance Retail,Aqualogica,Nov'24,FY_24-25,0.0,0.0
Reliance Retail Limited-FRGS,Direct,Reliance Retail,BBlunt,Nov'24,FY_24-25,0.1,0.1
Reliance Retail Limited-FRGS,Direct,Reliance Retail,Mamaearth,Nov'24,FY_24-25,0.8,1.4
Reliance Retail Limited-FRGS,Direct,Reliance Retail,The Derma Co,Nov'24,FY_24-25,0.0,0.1
Reliance Retail Limited-FRHT,Direct,Reliance Retail,Mamaearth,Nov'24,FY_24-25,0.4,0.6
Reliance Retail Limited-S0GK,Direct,Reliance Retail,Mamaearth,Nov'24,FY_24-25,1.3,2.0
Reliance Retail Limited-S0KN,Direct,Reliance Retail,Aqualogica,Nov'24,FY_24-25,-0.4,-0.7
Reliance Retail Limited-S0KN,Direct,Reliance Retail,Mamaearth,Nov'24,FY_24-25,-3.9,-8.7
Reliance Retail Limited-SAAH,Direct,Reliance Retail,Mamaearth,Nov'24,FY_24-25,7.7,18.1
RELIANCE RETAIL LIMITED-SF92,Direct,Reliance Retail,Mamaearth,Nov'24,FY_24-25,13.9,36.4
RELIANCE RETAIL LIMITED-SH65,Direct,Reliance Retail,Mamaearth,Nov'24,FY_24-25,11.4,28.3
RELIANCE RETAIL LIMITED-SH69,Direct,Reliance Retail,Mamaearth,Nov'24,FY_24-25,3.6,8.1
RELIANCE RETAIL LIMITED-SH71,Direct,Reliance Retail,Aqualogica,Nov'24,FY_24-25,0.2,0.3
RELIANCE RETAIL LIMITED-SH71,Direct,Reliance Retail,Mamaearth,Nov'24,FY_24-25,10.2,25.5
RELIANCE RETAIL LIMITED-SH71,Direct,Reliance Retail,The Derma Co,Nov'24,FY_24-25,0.7,1.1
Reliance Retail Limited-SH77,Direct,Reliance Retail,Mamaearth,Nov'24,FY_24-25,-0.1,-0.2
Reliance Retail Limited-SK6I,Direct,Reliance Retail,Mamaearth,Nov'24,FY_24-25,5.5,12.7
Reliance Retail Limited-SLET,Direct,Reliance Retail,Mamaearth,Nov'24,FY_24-25,-1.1,-3.1
Reliance Retail Limited-SLG3,Direct,Reliance Retail,Mamaearth,Nov'24,FY_24-25,2.9,7.3
RELIANCE RETAIL LIMITED-SLIG,Direct,Reliance Retail,Mamaearth,Nov'24,FY_24-25,6.2,12.1
Reliance Retail Limited-Slmr,Direct,Reliance Retail,Mamaearth,Nov'24,FY_24-25,1.7,3.9
Reliance Retail Limited-SLS1,Direct,Reliance Retail,Mamaearth,Nov'24,FY_24-25,4.7,10.9
Reliance Retail Limited-SLS2,Direct,Reliance Retail,Mamaearth,Nov'24,FY_24-25,1.0,2.7
Reliance Retail Limited-SN1U,Direct,Reliance Retail,Mamaearth,Nov'24,FY_24-25,1.5,2.7
Reliance Retail Limited-SP9K,Direct,Reliance Retail,Mamaearth,Nov'24,FY_24-25,2.5,5.4
Reliance Retail Limited-T2DI,Direct,Reliance Retail,Aqualogica,Nov'24,FY_24-25,0.0,0.0
Reliance Retail Limited-T2DI,Direct,Reliance Retail,BBlunt,Nov'24,FY_24-25,0.0,0.0
Reliance Retail Limited-T2DI,Direct,Reliance Retail,The Derma Co,Nov'24,FY_24-25,0.1,0.2
Reliance Retail Limited-T84L,Direct,Reliance Retail,Mamaearth,Nov'24,FY_24-25,0.7,1.2
Reliance Retail Limited-TA9N,Direct,Reliance Retail,Mamaearth,Nov'24,FY_24-25,0.8,1.3
Reliance Retail Limited-TAFW,Direct,Reliance Retail,Aqualogica,Nov'24,FY_24-25,0.0,0.0
Reliance Retail Limited-TAFW,Direct,Reliance Retail,Mamaearth,Nov'24,FY_24-25,0.7,1.2
Reliance Retail Limited-TAH3,Direct,Reliance Retail,Mamaearth,Nov'24,FY_24-25,0.6,1.0
Reliance Retail Limited-TAUX,Direct,Reliance Retail,Mamaearth,Nov'24,FY_24-25,0.7,1.1
Reliance Retail Limited-TC74,Direct,Reliance Retail,Mamaearth,Nov'24,FY_24-25,0.5,0.9
Reliance Retail Limited-TD04,Direct,Reliance Retail,Mamaearth,Nov'24,FY_24-25,0.7,1.1
Reliance Retail Limited-TG2K,Direct,Reliance Retail,Mamaearth,Nov'24,FY_24-25,0.1,0.2
Reliance Retail Limited-TGL6,Direct,Reliance Retail,Mamaearth,Nov'24,FY_24-25,1.2,2.1
Reliance Retail Limited-TIU6,Direct,Reliance Retail,Mamaearth,Nov'24,FY_24-25,0.8,1.3
Reliance Retail Limited-TL30,Direct,Reliance Retail,Aqualogica,Nov'24,FY_24-25,0.8,1.3
Reliance Retail Limited-TL30,Direct,Reliance Retail,BBlunt,Nov'24,FY_24-25,0.4,0.6
Reliance Retail Limited-TL30,Direct,Reliance Retail,Mamaearth,Nov'24,FY_24-25,0.9,1.7
Reliance Retail Limited-TL30,Direct,Reliance Retail,The Derma Co,Nov'24,FY_24-25,0.7,1.1
Reliance Retail Limited-TM18,Direct,Reliance Retail,Mamaearth,Nov'24,FY_24-25,0.5,0.8
Reliance Retail Limited-TMI6,Direct,Reliance Retail,Mamaearth,Nov'24,FY_24-25,0.8,1.3
Reliance Retail Limited-TN54,Direct,Reliance Retail,Mamaearth,Nov'24,FY_24-25,0.7,1.1
Reliance Retail Limited-Tna8,Direct,Reliance Retail,Mamaearth,Nov'24,FY_24-25,0.8,1.3
Reliance Retail Limited-TNB5,Direct,Reliance Retail,Mamaearth,Nov'24,FY_24-25,0.7,1.2
Reliance Retail Limited-TND1,Direct,Reliance Retail,Mamaearth,Nov'24,FY_24-25,0.7,1.2
Reliance Retail Limited-TND4,Direct,Reliance Retail,Mamaearth,Nov'24,FY_24-25,0.4,0.7
Reliance Retail Limited-Tnd5,Direct,Reliance Retail,Mamaearth,Nov'24,FY_24-25,0.8,1.3
Reliance Retail Limited-TOG3,Direct,Reliance Retail,Mamaearth,Nov'24,FY_24-25,0.8,1.3
Reliance Retail Limited-TOM0,Direct,Reliance Retail,Mamaearth,Nov'24,FY_24-25,0.6,1.0
Reliance Retail Limited-TP06,Direct,Reliance Retail,Mamaearth,Nov'24,FY_24-25,0.1,0.1
Reliance Retail Limited-TQ61,Direct,Reliance Retail,Mamaearth,Nov'24,FY_24-25,0.6,1.0
Reliance Retail Limited-TZL5,Direct,Reliance Retail,Aqualogica,Nov'24,FY_24-25,0.1,0.1
Reliance Retail Limited-TZL5,Direct,Reliance Retail,BBlunt,Nov'24,FY_24-25,0.0,0.1
Reliance Retail Limited-TZL5,Direct,Reliance Retail,Mamaearth,Nov'24,FY_24-25,0.6,1.0
Reliance Retail Limited-TZL5,Direct,Reliance Retail,The Derma Co,Nov'24,FY_24-25,0.0,0.0
Reliance Retail Limited-ZZI0-B,Direct,Reliance Retail,Aqualogica,Nov'24,FY_24-25,0.3,0.4
Reliance Retail Limited-ZZI0-B,Direct,Reliance Retail,Mamaearth,Nov'24,FY_24-25,1.0,1.9
Reliance Retail Ltd _Madhavaram- TNB8,Direct,Reliance Retail,Mamaearth,Nov'24,FY_24-25,0.8,1.3
Reliance Retail Ltd _Mysore_2994,Direct,Reliance Retail,Mamaearth,Nov'24,FY_24-25,0.5,0.9
Reliance Retail Ltd _RAJAJI NAGAR- FR49,Direct,Reliance Retail,BBlunt,Nov'24,FY_24-25,0.0,0.0
Reliance Retail Ltd _RAJAJI NAGAR- FR49,Direct,Reliance Retail,Mamaearth,Nov'24,FY_24-25,0.6,1.1
Reliance Retail Ltd _RAJAJI NAGAR- FR49,Direct,Reliance Retail,The Derma Co,Nov'24,FY_24-25,0.1,0.1
Reliance Retail Ltd_Davanagere- TNC0,Direct,Reliance Retail,Mamaearth,Nov'24,FY_24-25,0.7,1.2
Reliance Retail Ltd_Hubballi_2997,Direct,Reliance Retail,Mamaearth,Nov'24,FY_24-25,0.6,1.1
Reliance Retail Ltd_Nagercoil- 3338,Direct,Reliance Retail,Mamaearth,Nov'24,FY_24-25,0.8,1.4
RELIANCE RETAIL Ltd-SK6C,Direct,Reliance Retail,Mamaearth,Nov'24,FY_24-25,6.9,16.1
RELIANCE RETAIL Ltd-SLEW,Direct,Reliance Retail,Mamaearth,Nov'24,FY_24-25,11.1,27.8
Tnsi Retail Pvt Ltd_Sultanpur,Direct,WH-Smith,Aqualogica,Nov'24,FY_24-25,0.0,0.1
Tnsi Retail Pvt Ltd_Sultanpur,Direct,WH-Smith,Mamaearth,Nov'24,FY_24-25,0.4,0.8
Travel News Services India Pvt Ltd(Wb),Direct,WH-Smith,Aqualogica,Nov'24,FY_24-25,-0.1,-0.2
Travel News Services India Pvt Ltd(Wb),Direct,WH-Smith,Mamaearth,Nov'24,FY_24-25,-0.4,-0.9
Travel News Services India Pvt LtdWHSM-HOOGHLY,Direct,WH-Smith,Aqualogica,Nov'24,FY_24-25,0.1,0.2
Travel News Services India Pvt LtdWHSM-HOOGHLY,Direct,WH-Smith,Mamaearth,Nov'24,FY_24-25,0.4,0.9
Travel Retail Services Pvt Ltd_Blr,Direct,Relay,Mamaearth,Nov'24,FY_24-25,0.3,0.6
Travel Retail Services Pvt Ltd_Blr,Direct,Relay,The Derma Co,Nov'24,FY_24-25,0.1,0.3
Travel Retail Services Pvt Ltd-TN,Direct,Relay,Mamaearth,Nov'24,FY_24-25,0.3,0.6
Travel Retail Services Pvt Ltd-TN,Direct,Relay,The Derma Co,Nov'24,FY_24-25,0.0,0.1
Trent Hypermarket Private Limited_Blr,Direct,Trent,Mamaearth,Nov'24,FY_24-25,0.7,1.1
Trent Hypermarket Private Limited_Mah,Direct,Trent,Mamaearth,Nov'24,FY_24-25,1.6,2.7
Trent Hypermarket Private Limited-P,Direct,Trent,Mamaearth,Nov'24,FY_24-25,0.6,1.0
Wal-Mart India Private Limited 4702,Direct,Walmart CNC,Mamaearth,Nov'24,FY_24-25,2.7,5.1
Wal-Mart India Private Limited 4703,Direct,Walmart CNC,Mamaearth,Nov'24,FY_24-25,2.9,5.7
Wal-Mart India Private Limited 4706,Direct,Walmart CNC,Mamaearth,Nov'24,FY_24-25,2.2,4.3
Wal-Mart India Private Limited 4712,Direct,Walmart CNC,Mamaearth,Nov'24,FY_24-25,0.6,1.1
Wal-Mart India Private Limited 4713,Direct,Walmart CNC,Mamaearth,Nov'24,FY_24-25,1.9,3.7
Wal-Mart India Private Limited 4716,Direct,Walmart CNC,Mamaearth,Nov'24,FY_24-25,1.5,2.9
Wal-Mart India Private Limited 4717,Direct,Walmart CNC,Mamaearth,Nov'24,FY_24-25,0.8,1.5
Wal-Mart India Private Limited 4719,Direct,Walmart CNC,Mamaearth,Nov'24,FY_24-25,2.4,4.6
Wal-Mart India Private Limited 4720,Direct,Walmart CNC,Mamaearth,Nov'24,FY_24-25,0.4,0.8
Wal-Mart India Private Limited 4721,Direct,Walmart CNC,Mamaearth,Nov'24,FY_24-25,0.9,1.6
Wal-Mart India Private Limited 4723,Direct,Walmart CNC,Mamaearth,Nov'24,FY_24-25,0.8,1.5
Wal-Mart India Private Limited 4724,Direct,Walmart CNC,Mamaearth,Nov'24,FY_24-25,1.5,2.8
Wal-Mart India Private Limited 4725,Direct,Walmart CNC,Mamaearth,Nov'24,FY_24-25,0.0,0.0
Wal-Mart India Private Limited 4727,Direct,Walmart CNC,Mamaearth,Nov'24,FY_24-25,1.6,3.2
Wal-Mart India Private Limited 4729,Direct,Walmart CNC,Mamaearth,Nov'24,FY_24-25,2.4,4.5
Wal-Mart India Private Limited 4734,Direct,Walmart CNC,Mamaearth,Nov'24,FY_24-25,0.8,1.6
Wal-Mart India Private Limited 4742,Direct,Walmart CNC,Mamaearth,Nov'24,FY_24-25,1.4,2.7
Wal-Mart India Private Limited 4744,Direct,Walmart CNC,Mamaearth,Nov'24,FY_24-25,1.2,2.2
Wal-Mart India Private Limited 4760,Direct,Walmart CNC,Mamaearth,Nov'24,FY_24-25,1.5,2.8
Wal-Mart India Private Limited 4797,Direct,Walmart CNC,Mamaearth,Nov'24,FY_24-25,2.7,5.1
Wal-Mart India Private Limited 4799,Direct,Walmart CNC,Mamaearth,Nov'24,FY_24-25,2.0,3.7
Wal-Mart India Private Limited 4801,Direct,Walmart CNC,Mamaearth,Nov'24,FY_24-25,0.6,1.1
Wal-Mart India Private Limited 4803,Direct,Walmart CNC,Mamaearth,Nov'24,FY_24-25,0.6,1.2
Wal-Mart India Private Limited 4813,Direct,Walmart CNC,Mamaearth,Nov'24,FY_24-25,0.4,0.8
Wal-Mart India Private Limited 4814,Direct,Walmart CNC,Mamaearth,Nov'24,FY_24-25,2.4,4.6
Wellness Forever Medicare Ltd,Direct,Wellness Forever,Aqualogica,Nov'24,FY_24-25,7.4,12.5
Wellness Forever Medicare Ltd,Direct,Wellness Forever,Mamaearth,Nov'24,FY_24-25,40.3,67.8
Wellness Forever Medicare Ltd,Direct,Wellness Forever,The Derma Co,Nov'24,FY_24-25,59.7,100.7
Aggarwal Associates,Dist.,VMM,Mamaearth,Nov'24,FY_24-25,2.3,1.1
Arc Foods And Beverages_Mt_H&G,Dist.,H&G,Aqualogica,Nov'24,FY_24-25,0.3,0.9
Arc Foods And Beverages_Mt_H&G,Dist.,Apollo Healthco,Aqualogica,Nov'24,FY_24-25,0.0,0.1
Arc Foods And Beverages_Mt_H&G,Dist.,B&N,BBlunt,Nov'24,FY_24-25,0.1,0.2
Arc Foods And Beverages_Mt_H&G,Dist.,H&G,BBlunt,Nov'24,FY_24-25,1.8,2.9
Arc Foods And Beverages_Mt_H&G,Dist.,B&N,Mamaearth,Nov'24,FY_24-25,0.1,0.1
Arc Foods And Beverages_Mt_H&G,Dist.,Apollo Healthco,Mamaearth,Nov'24,FY_24-25,3.7,8.3
Arc Foods And Beverages_Mt_H&G,Dist.,H&G,Mamaearth,Nov'24,FY_24-25,4.1,9.2
Arc Foods And Beverages_Mt_H&G,Dist.,B&N,The Derma Co,Nov'24,FY_24-25,0.0,0.1
Arc Foods And Beverages_Mt_H&G,Dist.,H&G,The Derma Co,Nov'24,FY_24-25,4.1,8.7
Arc Foods And Beverages_Mt_H&G,Dist.,Apollo Healthco,The Derma Co,Nov'24,FY_24-25,0.3,0.7
Az Enterprises(Apollo/More)Mt,Dist.,Apollo Healthco,Aqualogica,Nov'24,FY_24-25,0.4,0.9
Az Enterprises(Apollo/More)Mt,Dist.,Trilife,Aqualogica,Nov'24,FY_24-25,0.0,0.0
Az Enterprises(Apollo/More)Mt,Dist.,Lulu,Aqualogica,Nov'24,FY_24-25,0.4,0.8
Az Enterprises(Apollo/More)Mt,Dist.,H&G,Aqualogica,Nov'24,FY_24-25,1.9,4.1
Az Enterprises(Apollo/More)Mt,Dist.,B&N,Aqualogica,Nov'24,FY_24-25,0.0,0.0
Az Enterprises(Apollo/More)Mt,Dist.,Trilife,BBlunt,Nov'24,FY_24-25,0.0,0.0
Az Enterprises(Apollo/More)Mt,Dist.,H&G,BBlunt,Nov'24,FY_24-25,2.2,4.0
Az Enterprises(Apollo/More)Mt,Dist.,B&N,BBlunt,Nov'24,FY_24-25,0.1,0.2
Az Enterprises(Apollo/More)Mt,Dist.,Apollo Healthco,Mamaearth,Nov'24,FY_24-25,27.1,55.6
Az Enterprises(Apollo/More)Mt,Dist.,Trilife,Mamaearth,Nov'24,FY_24-25,0.1,0.2
Az Enterprises(Apollo/More)Mt,Dist.,Lulu,Mamaearth,Nov'24,FY_24-25,2.6,5.4
Az Enterprises(Apollo/More)Mt,Dist.,VMM,Mamaearth,Nov'24,FY_24-25,2.5,5.2
Az Enterprises(Apollo/More)Mt,Dist.,Frankross,Mamaearth,Nov'24,FY_24-25,0.1,0.2
Az Enterprises(Apollo/More)Mt,Dist.,Max Hyper,Mamaearth,Nov'24,FY_24-25,0.5,1.1
Az Enterprises(Apollo/More)Mt,Dist.,H&G,Mamaearth,Nov'24,FY_24-25,7.7,15.8
Az Enterprises(Apollo/More)Mt,Dist.,B&N,Mamaearth,Nov'24,FY_24-25,0.4,0.8
Az Enterprises(Apollo/More)Mt,Dist.,More Retail,Mamaearth,Nov'24,FY_24-25,14.7,30.1
Az Enterprises(Apollo/More)Mt,Dist.,Apollo Healthco,The Derma Co,Nov'24,FY_24-25,4.9,9.1
Az Enterprises(Apollo/More)Mt,Dist.,Trilife,The Derma Co,Nov'24,FY_24-25,0.0,0.1
Az Enterprises(Apollo/More)Mt,Dist.,Lulu,The Derma Co,Nov'24,FY_24-25,1.5,2.7
Az Enterprises(Apollo/More)Mt,Dist.,H&G,The Derma Co,Nov'24,FY_24-25,14.8,27.1
Az Enterprises(Apollo/More)Mt,Dist.,B&N,The Derma Co,Nov'24,FY_24-25,0.4,0.8
Babys World_Mt,Dist.,H&G,Aqualogica,Nov'24,FY_24-25,-0.5,-0.8
Babys World_Mt,Dist.,Spencer,BBlunt,Nov'24,FY_24-25,-0.2,-0.4
Babys World_Mt,Dist.,Apollo Healthco,Mamaearth,Nov'24,FY_24-25,-2.9,-5.1
Babys World_Mt,Dist.,H&G,Mamaearth,Nov'24,FY_24-25,-0.5,-0.8
Babys World_Mt,Dist.,More Retail,Mamaearth,Nov'24,FY_24-25,-1.1,-1.9
Babys World_Mt,Dist.,Spencer,Mamaearth,Nov'24,FY_24-25,-3.8,-6.6
Babys World_Mt,Dist.,H&G,The Derma Co,Nov'24,FY_24-25,-0.3,-0.5
BALAJI ASSOCIATES Distributor MT,Dist.,Reliance Retail,Aqualogica,Nov'24,FY_24-25,2.4,4.4
BALAJI ASSOCIATES Distributor MT,Dist.,Reliance Retail,BBlunt,Nov'24,FY_24-25,1.2,2.3
BALAJI ASSOCIATES Distributor MT,Dist.,Reliance Retail,Mamaearth,Nov'24,FY_24-25,26.9,58.2
BALAJI ASSOCIATES Distributor MT,Dist.,VMM,Mamaearth,Nov'24,FY_24-25,9.6,20.7
BALAJI ASSOCIATES Distributor MT,Dist.,Reliance Retail,The Derma Co,Nov'24,FY_24-25,2.1,3.8
CHHABRA TRADERS_Ship To,Dist.,Lulu,Mamaearth,Nov'24,FY_24-25,1.5,2.9
CHHABRA TRADERS_Ship To,Dist.,Spencer,Mamaearth,Nov'24,FY_24-25,4.7,8.9
CHHABRA TRADERS_Ship To,Dist.,VMM,Mamaearth,Nov'24,FY_24-25,3.0,5.6
CHHABRA TRADERS_Ship To,Dist.,Spencer,The Derma Co,Nov'24,FY_24-25,1.3,2.4
D.L. Sales - MT,Dist.,Apollo Healthco,Aqualogica,Nov'24,FY_24-25,0.0,0.0
D.L. Sales - MT,Dist.,H&G,Aqualogica,Nov'24,FY_24-25,0.1,0.1
D.L. Sales - MT,Dist.,Spencer,Aqualogica,Nov'24,FY_24-25,0.1,0.2
D.L. Sales - MT,Dist.,H&G,BBlunt,Nov'24,FY_24-25,0.2,0.4
D.L. Sales - MT,Dist.,Spencer,BBlunt,Nov'24,FY_24-25,0.2,0.3
D.L. Sales - MT,Dist.,Apollo Healthco,Mamaearth,Nov'24,FY_24-25,7.6,14.2
D.L. Sales - MT,Dist.,H&G,Mamaearth,Nov'24,FY_24-25,1.3,2.5
D.L. Sales - MT,Dist.,More Retail,Mamaearth,Nov'24,FY_24-25,6.8,12.6
D.L. Sales - MT,Dist.,Spencer,Mamaearth,Nov'24,FY_24-25,14.1,26.2
D.L. Sales - MT,Dist.,Arambagh,Mamaearth,Nov'24,FY_24-25,1.0,1.9
D.L. Sales - MT,Dist.,V-Mart,Mamaearth,Nov'24,FY_24-25,1.9,3.6
D.L. Sales - MT,Dist.,Frankross,Mamaearth,Nov'24,FY_24-25,1.9,3.6
D.L. Sales - MT,Dist.,VMM,Mamaearth,Nov'24,FY_24-25,0.3,0.6
D.L. Sales - MT,Dist.,Apollo Healthco,The Derma Co,Nov'24,FY_24-25,0.2,0.4
D.L. Sales - MT,Dist.,H&G,The Derma Co,Nov'24,FY_24-25,1.6,2.9
D.L. Sales - MT,Dist.,Spencer,The Derma Co,Nov'24,FY_24-25,0.8,1.4
D.L. Sales - MT,Dist.,Frankross,The Derma Co,Nov'24,FY_24-25,0.2,0.3
G.V Enterprises,Dist.,Lulu,Aqualogica,Nov'24,FY_24-25,0.5,1.2
G.V Enterprises,Dist.,Apollo Healthco,Mamaearth,Nov'24,FY_24-25,5.2,12.0
G.V Enterprises,Dist.,D-Mart,Mamaearth,Nov'24,FY_24-25,32.3,75.1
G.V Enterprises,Dist.,Lulu,Mamaearth,Nov'24,FY_24-25,3.2,7.5
G.V Enterprises,Dist.,Max Hyper,Mamaearth,Nov'24,FY_24-25,0.1,0.3
G.V Enterprises,Dist.,Pothys,Mamaearth,Nov'24,FY_24-25,3.3,7.8
G.V Enterprises,Dist.,Apollo Healthco,The Derma Co,Nov'24,FY_24-25,0.4,0.9
G.V Enterprises,Dist.,Lulu,The Derma Co,Nov'24,FY_24-25,1.4,3.3
JUST MARK-Dmart,Dist.,D-Mart,Mamaearth,Nov'24,FY_24-25,146.3,389.5
Kiran Trading Co- Dmart,Dist.,D-Mart,Mamaearth,Nov'24,FY_24-25,44.1,121.9
Kiran Trading Company_Ship to,Dist.,D-Mart,Mamaearth,Nov'24,FY_24-25,83.6,228.3
M/S KOTTARAM BUSINESS CORPORATION-MT,Dist.,Lulu,Aqualogica,Nov'24,FY_24-25,2.1,3.8
M/S KOTTARAM BUSINESS CORPORATION-MT,Dist.,Lulu,Mamaearth,Nov'24,FY_24-25,5.1,9.4
M/S KOTTARAM BUSINESS CORPORATION-MT,Dist.,Apollo Healthco,Mamaearth,Nov'24,FY_24-25,0.1,0.2
M/S KOTTARAM BUSINESS CORPORATION-MT,Dist.,Apollo Healthco,The Derma Co,Nov'24,FY_24-25,0.5,0.9
M/S KOTTARAM BUSINESS CORPORATION-MT,Dist.,Lulu,The Derma Co,Nov'24,FY_24-25,5.2,9.6
MARK ENTERPRISE,Dist.,Apollo Healthco,Mamaearth,Nov'24,FY_24-25,13.1,24.0
PRAGATI SALES-Apollo,Dist.,Apollo Healthco,Mamaearth,Nov'24,FY_24-25,1.9,3.7
PRAGATI SALES-D-MART,Dist.,D-Mart,Mamaearth,Nov'24,FY_24-25,-1.5,-6.6
R.C. Trade Link H&G,Dist.,H&G,Aqualogica,Nov'24,FY_24-25,0.4,0.6
R.C. Trade Link H&G,Dist.,H&G,BBlunt,Nov'24,FY_24-25,0.4,0.5
R.C. Trade Link H&G,Dist.,H&G,Mamaearth,Nov'24,FY_24-25,1.5,2.3
R.C. Trade Link H&G,Dist.,H&G,The Derma Co,Nov'24,FY_24-25,1.9,3.0
S M AGENCIES_MT,Dist.,B&N,BBlunt,Nov'24,FY_24-25,0.0,0.0
S M AGENCIES_MT,Dist.,Grace Super MKT,Mamaearth,Nov'24,FY_24-25,-1.0,-1.8
S M AGENCIES_MT,Dist.,Pothys,Mamaearth,Nov'24,FY_24-25,-0.7,-1.3
S M AGENCIES_MT,Dist.,Sarvana,Mamaearth,Nov'24,FY_24-25,-3.3,-6.1
Sancus Networks Private Limited-RMT,Dist.,RMT-Sancus,BBlunt,Nov'24,FY_24-25,0.4,0.7
Sancus Networks Private Limited-RMT,Dist.,More Retail,Mamaearth,Nov'24,FY_24-25,4.3,8.9
Sancus Networks Private Limited-RMT,Dist.,RMT-Sancus,Mamaearth,Nov'24,FY_24-25,19.2,39.7
Sancus Networks Private Limited-RMT,Dist.,RMT-Sancus,The Derma Co,Nov'24,FY_24-25,1.9,3.3
Sanya Pharma -Mt,Dist.,V-Mart,Mamaearth,Nov'24,FY_24-25,-0.2,-0.3
Sri Lalitha Enterprises,Dist.,Grace Super MKT,Mamaearth,Nov'24,FY_24-25,2.2,4.1
Sri Lalitha Enterprises,Dist.,Pothys,Mamaearth,Nov'24,FY_24-25,1.9,3.4
Sri Lalitha Enterprises,Dist.,Sarvana,Mamaearth,Nov'24,FY_24-25,4.2,7.7
Sri Vijaya Durga Agencies_Mt,Dist.,H&G,Aqualogica,Nov'24,FY_24-25,0.0,0.1
Sri Vijaya Durga Agencies_Mt,Dist.,H&G,BBlunt,Nov'24,FY_24-25,0.0,0.0
Sri Vijaya Durga Agencies_Mt,Dist.,Apollo Healthco,Mamaearth,Nov'24,FY_24-25,36.4,80.2
Sri Vijaya Durga Agencies_Mt,Dist.,VMM,Mamaearth,Nov'24,FY_24-25,0.2,0.3
Sri Vijaya Durga Agencies_Mt,Dist.,D-Mart,Mamaearth,Nov'24,FY_24-25,35.7,78.5
Sri Vijaya Durga Agencies_Mt,Dist.,H&G,Mamaearth,Nov'24,FY_24-25,0.4,0.8
Sri Vijaya Durga Agencies_Mt,Dist.,Reliance Retail,Mamaearth,Nov'24,FY_24-25,11.6,25.5
Sri Vijaya Durga Agencies_Mt,Dist.,More Retail,Mamaearth,Nov'24,FY_24-25,1.8,4.0
Sri Vijaya Durga Agencies_Mt,Dist.,H&G,The Derma Co,Nov'24,FY_24-25,0.2,0.5
Swastik Marketing,Dist.,VMM,Mamaearth,Nov'24,FY_24-25,1.7,3.4
United Marketing_Mt-Ship to,Dist.,Apollo Healthco,Mamaearth,Nov'24,FY_24-25,1.1,1.9
Vanaja Agencies MT_Dmart,Dist.,D-Mart,Mamaearth,Nov'24,FY_24-25,84.8,227.9
Vanaja Agencies_Mt,Dist.,H&G,Aqualogica,Nov'24,FY_24-25,0.3,1.3
Vanaja Agencies_Mt,Dist.,Lulu,Aqualogica,Nov'24,FY_24-25,0.0,0.0
Vanaja Agencies_Mt,Dist.,Apollo Healthco,Aqualogica,Nov'24,FY_24-25,0.2,0.7
Vanaja Agencies_Mt,Dist.,H&G,BBlunt,Nov'24,FY_24-25,0.7,1.2
Vanaja Agencies_Mt,Dist.,Apollo Healthco,Mamaearth,Nov'24,FY_24-25,18.5,40.7
Vanaja Agencies_Mt,Dist.,H&G,Mamaearth,Nov'24,FY_24-25,5.6,12.3
Vanaja Agencies_Mt,Dist.,Vijetha,Mamaearth,Nov'24,FY_24-25,2.8,6.2
Vanaja Agencies_Mt,Dist.,More Retail,Mamaearth,Nov'24,FY_24-25,7.6,16.7
Vanaja Agencies_Mt,Dist.,Reliance Retail,Mamaearth,Nov'24,FY_24-25,8.5,18.7
Vanaja Agencies_Mt,Dist.,Lulu,Mamaearth,Nov'24,FY_24-25,1.2,2.6
Vanaja Agencies_Mt,Dist.,Ratnadeep,Mamaearth,Nov'24,FY_24-25,4.4,9.6
Vanaja Agencies_Mt,Dist.,H&G,The Derma Co,Nov'24,FY_24-25,3.4,8.7
Vanaja Agencies_Mt,Dist.,Lulu,The Derma Co,Nov'24,FY_24-25,0.1,0.2
Vanaja Agencies_Mt,Dist.,Apollo Healthco,The Derma Co,Nov'24,FY_24-25,0.9,2.3
VISHAL ENTERPRISES_Solapur,Dist.,D-Mart,Mamaearth,Nov'24,FY_24-25,13.1,34.0
APOLLO HEALTHCO LIMITED_AHMEDABAD,Direct,Apollo Healthco,Mamaearth,Dec'24,FY_24-25,1.7,5.3
Apollo Healthco Limited_Bhiwandi,Direct,Apollo Healthco,Aqualogica,Dec'24,FY_24-25,0.3,0.4
Apollo Healthco Limited_Bhiwandi,Direct,Apollo Healthco,Mamaearth,Dec'24,FY_24-25,3.9,10.2
Apollo Healthco Limited_Bhiwandi,Direct,Apollo Healthco,The Derma Co,Dec'24,FY_24-25,1.4,2.3
Apollo Healthco Limited_Faridabad,Direct,Apollo Healthco,Aqualogica,Dec'24,FY_24-25,0.8,1.3
Apollo Healthco Limited_Faridabad,Direct,Apollo Healthco,Mamaearth,Dec'24,FY_24-25,40.8,112.6
Apollo Healthco Limited_Faridabad,Direct,Apollo Healthco,The Derma Co,Dec'24,FY_24-25,5.9,10.0
Apollo Healthco Limited_Rajasthan,Direct,Apollo Healthco,Mamaearth,Dec'24,FY_24-25,6.7,18.1
Apollo Healthco Limited-Bangalore,Direct,Apollo Healthco,Aqualogica,Dec'24,FY_24-25,0.9,1.6
Apollo Healthco Limited-Bangalore,Direct,Apollo Healthco,Mamaearth,Dec'24,FY_24-25,9.0,28.5
Apollo Healthco Limited-Chennai,Direct,Apollo Healthco,Mamaearth,Dec'24,FY_24-25,2.4,7.6
APOLLO HEALTHCO LIMITED-Chittor,Direct,Apollo Healthco,Mamaearth,Dec'24,FY_24-25,1.7,5.3
Apollo Healthco Limited-Goa,Direct,Apollo Healthco,Mamaearth,Dec'24,FY_24-25,0.8,2.6
Apollo Healthco Limited-Goa,Direct,Apollo Healthco,The Derma Co,Dec'24,FY_24-25,0.7,1.2
Apollo Healthco Limited-Hubbli,Direct,Apollo Healthco,Mamaearth,Dec'24,FY_24-25,11.7,36.8
APOLLO HEALTHCO LIMITED-HYD,Direct,Apollo Healthco,Mamaearth,Dec'24,FY_24-25,4.5,14.3
Apollo Healthco Limited-Kochi,Direct,Apollo Healthco,Mamaearth,Dec'24,FY_24-25,0.9,2.9
APOLLO HEALTHCO LIMITED-Madurai,Direct,Apollo Healthco,Mamaearth,Dec'24,FY_24-25,1.4,4.4
Apollo Healthco Limited-Ore,Direct,Apollo Healthco,Mamaearth,Dec'24,FY_24-25,5.0,12.1
Apollo Healthco Limited-Sanath Nagar,Direct,Apollo Healthco,Aqualogica,Dec'24,FY_24-25,0.6,1.0
Apollo Healthco Limited-Sanath Nagar,Direct,Apollo Healthco,Mamaearth,Dec'24,FY_24-25,2.9,9.0
APOLLO HEALTHCO LIMITED-Vijayawada,Direct,Apollo Healthco,Aqualogica,Dec'24,FY_24-25,0.2,0.4
APOLLO HEALTHCO LIMITED-Vijayawada,Direct,Apollo Healthco,Mamaearth,Dec'24,FY_24-25,1.7,5.4
APOLLO HEALTHCO LIMITED-WB,Direct,Apollo Healthco,Mamaearth,Dec'24,FY_24-25,2.5,8.0
APOLLO HEALTHCO LIMITED-WB-2,Direct,Apollo Healthco,Mamaearth,Dec'24,FY_24-25,5.6,17.7
Apollo Healthco Ltd_Raipur,Direct,Apollo Healthco,Mamaearth,Dec'24,FY_24-25,2.3,7.1
Avenue E Commerce Limited(Belapur),Direct,D-Mart,Aqualogica,Dec'24,FY_24-25,0.1,0.2
Avenue E Commerce Limited(Belapur),Direct,D-Mart,The Derma Co,Dec'24,FY_24-25,0.1,0.1
Avenue E Commerce Limited(Ck Palya),Direct,D-Mart,Aqualogica,Dec'24,FY_24-25,0.1,0.2
Avenue E Commerce Limited(Kanjur),Direct,D-Mart,Aqualogica,Dec'24,FY_24-25,0.1,0.2
Avenue E Commerce Limited(Kushaiguda),Direct,D-Mart,Aqualogica,Dec'24,FY_24-25,0.1,0.2
Avenue E Commerce Limited(Kushaiguda),Direct,D-Mart,The Derma Co,Dec'24,FY_24-25,0.2,0.4
Avenue E Commerce Limited(Mira Road) N2,Direct,D-Mart,Aqualogica,Dec'24,FY_24-25,0.1,0.1
Avenue E Commerce Limited(Mira Road) N2,Direct,D-Mart,The Derma Co,Dec'24,FY_24-25,0.0,0.1
Avenue E Commerce Limited(Nahur),Direct,D-Mart,Aqualogica,Dec'24,FY_24-25,0.2,0.4
Avenue E Commerce Limited(Nahur),Direct,D-Mart,The Derma Co,Dec'24,FY_24-25,0.3,0.6
Avenue E Commerce Limited_GachibowlI,Direct,D-Mart,Aqualogica,Dec'24,FY_24-25,0.1,0.1
Avenue E Commerce Limited_GachibowlI,Direct,D-Mart,The Derma Co,Dec'24,FY_24-25,0.2,0.4
Avenue E Commerce Limited_Panvel-2,Direct,D-Mart,Aqualogica,Dec'24,FY_24-25,0.1,0.1
Avenue E Commerce Limited_Panvel-2,Direct,D-Mart,The Derma Co,Dec'24,FY_24-25,0.1,0.1
Avenue E Commerce Ltd -Taloja FC-MH,Direct,D-Mart,The Derma Co,Dec'24,FY_24-25,0.1,0.3
Avenue E Commerce Ltd -UPPAL FC,Direct,D-Mart,Aqualogica,Dec'24,FY_24-25,0.1,0.2
Avenue E Commerce Ltd -UPPAL FC,Direct,D-Mart,The Derma Co,Dec'24,FY_24-25,0.2,0.4
Avenue E Commerce Ltd -Yelahanka FC,Direct,D-Mart,Aqualogica,Dec'24,FY_24-25,0.2,0.4
Avenue E Commerce Ltd._Hennur Fc-Ka,Direct,D-Mart,Aqualogica,Dec'24,FY_24-25,0.1,0.2
Avenue E Commerce Ltd_4047-Vasai Waliv,Direct,D-Mart,Aqualogica,Dec'24,FY_24-25,0.1,0.2
Avenue E Commerce Ltd_4047-Vasai Waliv,Direct,D-Mart,The Derma Co,Dec'24,FY_24-25,0.1,0.2
Avenue E Commerce Ltd_CadburyFC.,Direct,D-Mart,Aqualogica,Dec'24,FY_24-25,0.1,0.3
Avenue E Commerce Ltd_CadburyFC.,Direct,D-Mart,The Derma Co,Dec'24,FY_24-25,0.1,0.2
Avenue E Commerce Ltd_Goregaon,Direct,D-Mart,Aqualogica,Dec'24,FY_24-25,0.1,0.1
Avenue E Commerce Ltd_Goregaon,Direct,D-Mart,The Derma Co,Dec'24,FY_24-25,0.1,0.2
Avenue E Commerce Ltd_Hoodi FC,Direct,D-Mart,Aqualogica,Dec'24,FY_24-25,0.1,0.1
Avenue E Commerce Ltd_Manpada,Direct,D-Mart,Aqualogica,Dec'24,FY_24-25,0.1,0.2
Avenue E Commerce Ltd_Manpada,Direct,D-Mart,The Derma Co,Dec'24,FY_24-25,0.2,0.3
Avenue E Commerce Ltd_PeddaAmberpetFC,Direct,D-Mart,Aqualogica,Dec'24,FY_24-25,0.0,0.0
Avenue E Commerce Ltd_PeddaAmberpetFC,Direct,D-Mart,The Derma Co,Dec'24,FY_24-25,0.2,0.3
Avenue Supermarts Ltd.-DC-1032,Direct,D-Mart,Mamaearth,Dec'24,FY_24-25,62.7,159.5
Avenue Supermarts Ltd.-DC-1039,Direct,D-Mart,BBLUNT,Dec'24,FY_24-25,1.1,2.2
Avenue Supermarts Ltd.-DC-1039,Direct,D-Mart,Mamaearth,Dec'24,FY_24-25,174.6,452.1
Avenue Supermarts Ltd.-DC-1039,Direct,D-Mart,The Derma Co,Dec'24,FY_24-25,0.0,0.0
Avenue Supermarts Ltd.-DC-1049,Direct,D-Mart,Mamaearth,Dec'24,FY_24-25,46.4,124.9
Avenue Supermarts Ltd.-DC-1050,Direct,D-Mart,Mamaearth,Dec'24,FY_24-25,46.8,124.9
Avenue Supermarts Ltd.-DC-1068,Direct,D-Mart,Mamaearth,Dec'24,FY_24-25,38.6,99.7
Guardian Healthcare Services Pvt Ltd(DL),Direct,Guardian,Aqualogica,Dec'24,FY_24-25,0.3,0.6
Guardian Healthcare Services Pvt Ltd(DL),Direct,Guardian,Mamaearth,Dec'24,FY_24-25,0.9,1.8
Guardian Healthcare Services Pvt Ltd(DL),Direct,Guardian,The Derma Co,Dec'24,FY_24-25,0.2,0.4
Metro Cash & Carry India Pvt Ltd -(DC27)-T0SJ,Direct,Metro-CNC-RRL,BBLUNT,Dec'24,FY_24-25,0.0,0.0
Metro Cash & Carry India Pvt Ltd -(DC27)-T0SJ,Direct,Metro-CNC-RRL,Mamaearth,Dec'24,FY_24-25,0.8,1.5
Metro Cash & Carry India Pvt Ltd -(DC27)-T0SJ,Direct,Metro-CNC-RRL,The Derma Co,Dec'24,FY_24-25,0.1,0.1
Metro Cash & Carry India Pvt Ltd-(DC10)-T0SM,Direct,Metro-CNC-RRL,Aqualogica,Dec'24,FY_24-25,1.0,1.6
Metro Cash & Carry India Pvt Ltd-(DC10)-T0SM,Direct,Metro-CNC-RRL,BBLUNT,Dec'24,FY_24-25,0.2,0.4
Metro Cash & Carry India Pvt Ltd-(DC10)-T0SM,Direct,Metro-CNC-RRL,Mamaearth,Dec'24,FY_24-25,1.8,3.8
Metro Cash & Carry India Pvt Ltd-(DC11)-T0SL,Direct,Metro-CNC-RRL,Mamaearth,Dec'24,FY_24-25,-0.1,-0.1
Metro Cash & Carry India Pvt Ltd-(DC11)-T0SL,Direct,Metro-CNC-RRL,The Derma Co,Dec'24,FY_24-25,0.1,0.1
Metro Cash & Carry India Pvt Ltd-(DC12)-T0QX,Direct,Metro-CNC-RRL,Aqualogica,Dec'24,FY_24-25,-0.1,-0.1
Metro Cash & Carry India Pvt Ltd-(DC12)-T0QX,Direct,Metro-CNC-RRL,Mamaearth,Dec'24,FY_24-25,-0.1,-0.3
Metro Cash & Carry India Pvt Ltd-(DC12)-T0QX,Direct,Metro-CNC-RRL,The Derma Co,Dec'24,FY_24-25,-0.4,-0.6
Metro Cash & Carry India Pvt Ltd-(DC16)-T0QZ,Direct,Metro-CNC-RRL,BBLUNT,Dec'24,FY_24-25,0.1,0.1
Metro Cash & Carry India Pvt Ltd-(DC16)-T0QZ,Direct,Metro-CNC-RRL,Mamaearth,Dec'24,FY_24-25,-0.1,-0.2
Metro Cash & Carry India Pvt Ltd-(DC20)-T0RK,Direct,Metro-CNC-RRL,Mamaearth,Dec'24,FY_24-25,0.2,0.5
Metro Cash & Carry India Pvt Ltd-(DC23)-T0RL,Direct,Metro-CNC-RRL,Mamaearth,Dec'24,FY_24-25,0.3,0.7
Metro Cash & Carry India Pvt Ltd-(DC24)-T0RJ,Direct,Metro-CNC-RRL,Mamaearth,Dec'24,FY_24-25,0.4,0.8
Metro Cash & Carry India Pvt Ltd-(DC25)-T0RB,Direct,Metro-CNC-RRL,Mamaearth,Dec'24,FY_24-25,0.4,1.0
Metro Cash & Carry India Pvt Ltd-(DC26)-T0SP,Direct,Metro-CNC-RRL,Aqualogica,Dec'24,FY_24-25,0.0,0.1
Metro Cash & Carry India Pvt Ltd-(DC26)-T0SP,Direct,Metro-CNC-RRL,BBLUNT,Dec'24,FY_24-25,0.1,0.1
Metro Cash & Carry India Pvt Ltd-(DC26)-T0SP,Direct,Metro-CNC-RRL,Mamaearth,Dec'24,FY_24-25,0.0,0.2
Metro Cash & Carry India Pvt Ltd-(DC26)-T0SP,Direct,Metro-CNC-RRL,The Derma Co,Dec'24,FY_24-25,0.0,-0.1
Metro Cash & Carry India Pvt Ltd-(DC28)-T0RF,Direct,Metro-CNC-RRL,Mamaearth,Dec'24,FY_24-25,0.2,0.5
Metro Cash & Carry India Pvt Ltd-(DC30)-T0RM,Direct,Metro-CNC-RRL,Mamaearth,Dec'24,FY_24-25,0.2,0.5
Metro Cash & Carry India Pvt Ltd-(DC32)-T0QU,Direct,Metro-CNC-RRL,Mamaearth,Dec'24,FY_24-25,0.8,1.5
Metro Cash & Carry India Pvt Ltd-(DC36)-T0RH,Direct,Metro-CNC-RRL,BBLUNT,Dec'24,FY_24-25,0.0,0.1
Metro Cash & Carry India Pvt Ltd-(DC36)-T0RH,Direct,Metro-CNC-RRL,Mamaearth,Dec'24,FY_24-25,0.3,0.6
Metro Cash & Carry India Pvt Ltd-(DC43)-T2YF,Direct,Metro-CNC-RRL,Mamaearth,Dec'24,FY_24-25,0.8,1.6
Metro Cash & Carry India Pvt Ltd-(DC43)-T2YF,Direct,Metro-CNC-RRL,The Derma Co,Dec'24,FY_24-25,0.1,0.2
Metro Cash & Carry India Pvt Ltd-(DC45)-T0RE,Direct,Metro-CNC-RRL,Mamaearth,Dec'24,FY_24-25,0.2,0.6
Metro Cash & Carry India Pvt Ltd-(DC46)-T0RC,Direct,Metro-CNC-RRL,Mamaearth,Dec'24,FY_24-25,0.3,0.6
Metro Cash & Carry India Pvt Ltd-(DC47)-T0SI,Direct,Metro-CNC-RRL,Mamaearth,Dec'24,FY_24-25,0.1,0.4
Metro Cash & Carry India Pvt Ltd-(DC48)-T0SK,Direct,Metro-CNC-RRL,Mamaearth,Dec'24,FY_24-25,0.1,0.4
Metro Cash & Carry India Pvt Ltd-(DC52)-T0RI,Direct,Metro-CNC-RRL,Mamaearth,Dec'24,FY_24-25,1.4,3.3
Metro Cash & Carry India Pvt Ltd-(DC53)-T0QV,Direct,Metro-CNC-RRL,Mamaearth,Dec'24,FY_24-25,0.6,1.3
Metro Cash & Carry India Pvt Ltd-(DC54)-T0QW,Direct,Metro-CNC-RRL,Mamaearth,Dec'24,FY_24-25,0.3,0.5
Metro Cash & Carry India Pvt Ltd-(DC60)-T0QS,Direct,Metro-CNC-RRL,The Derma Co,Dec'24,FY_24-25,-0.5,-0.8
Reliance Retail Limited Ce08,Direct,Reliance Retail,Mamaearth,Dec'24,FY_24-25,16.0,42.2
Reliance Retail Limited Cf08,Direct,Reliance Retail,Mamaearth,Dec'24,FY_24-25,7.2,17.9
Reliance Retail Limited Fb08,Direct,Reliance Retail,Mamaearth,Dec'24,FY_24-25,16.5,39.6
Reliance Retail Limited Fd08,Direct,Reliance Retail,Mamaearth,Dec'24,FY_24-25,0.6,1.7
Reliance Retail Limited R701,Direct,Reliance Retail,Mamaearth,Dec'24,FY_24-25,18.0,43.1
Reliance Retail Limited R703,Direct,Reliance Retail,Mamaearth,Dec'24,FY_24-25,0.3,0.9
Reliance Retail Limited R801,Direct,Reliance Retail,Aqualogica,Dec'24,FY_24-25,0.4,0.6
Reliance Retail Limited R801,Direct,Reliance Retail,Mamaearth,Dec'24,FY_24-25,18.2,44.0
Reliance Retail Limited Sc79,Direct,Reliance Retail,Mamaearth,Dec'24,FY_24-25,3.8,8.7
Reliance Retail Limited_2302,Direct,Reliance Retail,Mamaearth,Dec'24,FY_24-25,0.3,0.7
Reliance Retail Limited_2995,Direct,Reliance Retail,Mamaearth,Dec'24,FY_24-25,1.3,2.3
Reliance Retail Limited_2996,Direct,Reliance Retail,Mamaearth,Dec'24,FY_24-25,0.9,1.6
Reliance Retail Limited_3210,Direct,Reliance Retail,Mamaearth,Dec'24,FY_24-25,0.4,0.8
Reliance Retail Limited_6209,Direct,Reliance Retail,Mamaearth,Dec'24,FY_24-25,0.4,0.9
Reliance Retail Limited_6221,Direct,Reliance Retail,Mamaearth,Dec'24,FY_24-25,0.6,1.0
Reliance Retail Limited_6717,Direct,Reliance Retail,Mamaearth,Dec'24,FY_24-25,0.2,0.5
Reliance Retail Limited_6719,Direct,Reliance Retail,Mamaearth,Dec'24,FY_24-25,0.6,1.2
Reliance Retail Limited_6722,Direct,Reliance Retail,Mamaearth,Dec'24,FY_24-25,0.4,0.9
Reliance Retail Limited_6727,Direct,Reliance Retail,Mamaearth,Dec'24,FY_24-25,0.5,1.0
Reliance Retail Limited_FR00,Direct,Reliance Retail,Mamaearth,Dec'24,FY_24-25,0.5,1.1
Reliance Retail Limited_FR02,Direct,Reliance Retail,Mamaearth,Dec'24,FY_24-25,0.2,0.6
Reliance Retail Limited_FR03,Direct,Reliance Retail,Mamaearth,Dec'24,FY_24-25,0.5,1.0
Reliance Retail Limited_FR10,Direct,Reliance Retail,Mamaearth,Dec'24,FY_24-25,0.4,0.8
Reliance Retail Limited_FR27,Direct,Reliance Retail,Mamaearth,Dec'24,FY_24-25,1.1,2.0
Reliance Retail Limited_FR30,Direct,Reliance Retail,Mamaearth,Dec'24,FY_24-25,0.4,0.9
Reliance Retail Limited_FR60,Direct,Reliance Retail,Mamaearth,Dec'24,FY_24-25,0.5,1.0
Reliance Retail Limited_FR62,Direct,Reliance Retail,Aqualogica,Dec'24,FY_24-25,0.1,0.2
Reliance Retail Limited_FR62,Direct,Reliance Retail,BBLUNT,Dec'24,FY_24-25,0.1,0.1
Reliance Retail Limited_FR62,Direct,Reliance Retail,Mamaearth,Dec'24,FY_24-25,0.3,0.6
Reliance Retail Limited_FR62,Direct,Reliance Retail,The Derma Co,Dec'24,FY_24-25,0.1,0.2
Reliance Retail Limited_FR64,Direct,Reliance Retail,Mamaearth,Dec'24,FY_24-25,0.0,0.2
Reliance Retail Limited_FR76,Direct,Reliance Retail,Aqualogica,Dec'24,FY_24-25,0.1,0.2
Reliance Retail Limited_FR76,Direct,Reliance Retail,BBLUNT,Dec'24,FY_24-25,0.1,0.2
Reliance Retail Limited_FR76,Direct,Reliance Retail,Mamaearth,Dec'24,FY_24-25,-0.2,-0.1
Reliance Retail Limited_FR76,Direct,Reliance Retail,The Derma Co,Dec'24,FY_24-25,0.1,0.1
Reliance Retail Limited_Fr87,Direct,Reliance Retail,Mamaearth,Dec'24,FY_24-25,25.0,59.8
Reliance Retail Limited_Fr89,Direct,Reliance Retail,Mamaearth,Dec'24,FY_24-25,5.7,12.5
Reliance Retail Limited_FRAQ,Direct,Reliance Retail,Mamaearth,Dec'24,FY_24-25,0.2,0.3
Reliance Retail Limited_FRAT,Direct,Reliance Retail,Aqualogica,Dec'24,FY_24-25,0.1,0.1
Reliance Retail Limited_FRAT,Direct,Reliance Retail,BBLUNT,Dec'24,FY_24-25,0.2,0.3
Reliance Retail Limited_FRAT,Direct,Reliance Retail,Mamaearth,Dec'24,FY_24-25,0.6,1.2
Reliance Retail Limited_FRAT,Direct,Reliance Retail,The Derma Co,Dec'24,FY_24-25,0.3,0.5
Reliance Retail Limited_Fraz,Direct,Reliance Retail,Mamaearth,Dec'24,FY_24-25,7.4,16.3
Reliance Retail Limited_FRBD,Direct,Reliance Retail,Mamaearth,Dec'24,FY_24-25,0.4,0.7
Reliance Retail Limited_FRBR,Direct,Reliance Retail,Mamaearth,Dec'24,FY_24-25,0.3,0.7
Reliance Retail Limited_FRBS,Direct,Reliance Retail,Aqualogica,Dec'24,FY_24-25,0.0,0.0
Reliance Retail Limited_FRBS,Direct,Reliance Retail,BBLUNT,Dec'24,FY_24-25,0.1,0.2
Reliance Retail Limited_FRBS,Direct,Reliance Retail,Mamaearth,Dec'24,FY_24-25,0.3,0.6
Reliance Retail Limited_FRBS,Direct,Reliance Retail,The Derma Co,Dec'24,FY_24-25,0.1,0.2
Reliance Retail Limited_FRBU,Direct,Reliance Retail,Aqualogica,Dec'24,FY_24-25,0.1,0.1
Reliance Retail Limited_FRBU,Direct,Reliance Retail,BBLUNT,Dec'24,FY_24-25,0.2,0.3
Reliance Retail Limited_FRBU,Direct,Reliance Retail,Mamaearth,Dec'24,FY_24-25,0.3,0.6
Reliance Retail Limited_FRBU,Direct,Reliance Retail,The Derma Co,Dec'24,FY_24-25,0.2,0.3
Reliance Retail Limited_FRBW,Direct,Reliance Retail,Mamaearth,Dec'24,FY_24-25,0.3,0.7
Reliance Retail Limited_FRCG,Direct,Reliance Retail,Mamaearth,Dec'24,FY_24-25,0.3,0.6
Reliance Retail Limited_FRCH,Direct,Reliance Retail,Mamaearth,Dec'24,FY_24-25,0.3,0.7
Reliance Retail Limited_FRCJ,Direct,Reliance Retail,Mamaearth,Dec'24,FY_24-25,0.2,0.5
Reliance Retail Limited_FRCP,Direct,Reliance Retail,Aqualogica,Dec'24,FY_24-25,0.1,0.2
Reliance Retail Limited_FRCP,Direct,Reliance Retail,BBLUNT,Dec'24,FY_24-25,0.2,0.4
Reliance Retail Limited_FRCP,Direct,Reliance Retail,The Derma Co,Dec'24,FY_24-25,0.1,0.2
Reliance Retail Limited_FRCQ,Direct,Reliance Retail,Mamaearth,Dec'24,FY_24-25,0.2,0.5
Reliance Retail Limited_FRCS,Direct,Reliance Retail,Mamaearth,Dec'24,FY_24-25,0.5,0.9
Reliance Retail Limited_FRDA,Direct,Reliance Retail,Mamaearth,Dec'24,FY_24-25,0.4,0.8
Reliance Retail Limited_FRDB,Direct,Reliance Retail,Aqualogica,Dec'24,FY_24-25,0.1,0.2
Reliance Retail Limited_FRDB,Direct,Reliance Retail,BBLUNT,Dec'24,FY_24-25,0.1,0.2
Reliance Retail Limited_FRDB,Direct,Reliance Retail,Mamaearth,Dec'24,FY_24-25,0.4,0.8
Reliance Retail Limited_FRDB,Direct,Reliance Retail,The Derma Co,Dec'24,FY_24-25,0.2,0.4
Reliance Retail Limited_FRDI,Direct,Reliance Retail,Mamaearth,Dec'24,FY_24-25,0.2,0.5
Reliance Retail Limited_FRDK,Direct,Reliance Retail,Aqualogica,Dec'24,FY_24-25,0.2,0.2
Reliance Retail Limited_FRDK,Direct,Reliance Retail,BBLUNT,Dec'24,FY_24-25,0.2,0.3
Reliance Retail Limited_FRDK,Direct,Reliance Retail,Mamaearth,Dec'24,FY_24-25,0.8,1.7
Reliance Retail Limited_FRDK,Direct,Reliance Retail,The Derma Co,Dec'24,FY_24-25,0.2,0.3
Reliance Retail Limited_FRDL,Direct,Reliance Retail,Aqualogica,Dec'24,FY_24-25,0.1,0.2
Reliance Retail Limited_FRDL,Direct,Reliance Retail,BBLUNT,Dec'24,FY_24-25,0.2,0.3
Reliance Retail Limited_FRDL,Direct,Reliance Retail,Mamaearth,Dec'24,FY_24-25,0.9,1.6
Reliance Retail Limited_FRDL,Direct,Reliance Retail,The Derma Co,Dec'24,FY_24-25,0.2,0.3
Reliance Retail Limited_FRDP,Direct,Reliance Retail,Mamaearth,Dec'24,FY_24-25,1.1,1.9
Reliance Retail Limited_FRDT,Direct,Reliance Retail,Mamaearth,Dec'24,FY_24-25,0.3,0.7
Reliance Retail Limited_FREM,Direct,Reliance Retail,Mamaearth,Dec'24,FY_24-25,0.5,1.0
Reliance Retail Limited_FRER,Direct,Reliance Retail,Mamaearth,Dec'24,FY_24-25,0.6,1.2
Reliance Retail Limited_FREX,Direct,Reliance Retail,Mamaearth,Dec'24,FY_24-25,0.4,0.8
Reliance Retail Limited_FRFA,Direct,Reliance Retail,Mamaearth,Dec'24,FY_24-25,1.1,2.0
Reliance Retail Limited_FRFD,Direct,Reliance Retail,Mamaearth,Dec'24,FY_24-25,0.4,0.9
Reliance Retail Limited_FRFK,Direct,Reliance Retail,Mamaearth,Dec'24,FY_24-25,0.4,0.7
Reliance Retail Limited_FRFR,Direct,Reliance Retail,Mamaearth,Dec'24,FY_24-25,0.4,0.8
Reliance Retail Limited_FRFU,Direct,Reliance Retail,Mamaearth,Dec'24,FY_24-25,0.3,0.7
Reliance Retail Limited_FRFV,Direct,Reliance Retail,Mamaearth,Dec'24,FY_24-25,0.3,0.6
Reliance Retail Limited_FRGC,Direct,Reliance Retail,Mamaearth,Dec'24,FY_24-25,0.4,0.9
Reliance Retail Limited_FRGF,Direct,Reliance Retail,Mamaearth,Dec'24,FY_24-25,1.1,2.0
Reliance Retail Limited_FRGK,Direct,Reliance Retail,Mamaearth,Dec'24,FY_24-25,0.4,0.9
Reliance Retail Limited_FRGM,Direct,Reliance Retail,Mamaearth,Dec'24,FY_24-25,0.5,1.1
Reliance Retail Limited_FRGW,Direct,Reliance Retail,Mamaearth,Dec'24,FY_24-25,0.9,1.7
Reliance Retail Limited_FRHC,Direct,Reliance Retail,Mamaearth,Dec'24,FY_24-25,0.4,0.8
Reliance Retail Limited_FRHF,Direct,Reliance Retail,Mamaearth,Dec'24,FY_24-25,0.5,1.0
Reliance Retail Limited_FRHM,Direct,Reliance Retail,Mamaearth,Dec'24,FY_24-25,0.5,1.0
Reliance Retail Limited_FRHR,Direct,Reliance Retail,Mamaearth,Dec'24,FY_24-25,0.6,1.2
Reliance Retail Limited_Frhv,Direct,Reliance Retail,Mamaearth,Dec'24,FY_24-25,16.9,41.6
RELIANCE RETAIL LIMITED_FRIA,Direct,Reliance Retail,Mamaearth,Dec'24,FY_24-25,17.5,44.1
Reliance Retail Limited_FRLF,Direct,Reliance Retail,Mamaearth,Dec'24,FY_24-25,0.3,0.7
Reliance Retail Limited_S0IX,Direct,Reliance Retail,Mamaearth,Dec'24,FY_24-25,7.6,18.2
Reliance Retail Limited_S0XE,Direct,Reliance Retail,Aqualogica,Dec'24,FY_24-25,0.4,0.6
Reliance Retail Limited_S0XE,Direct,Reliance Retail,Mamaearth,Dec'24,FY_24-25,18.1,41.8
Reliance Retail Limited_SAHO,Direct,Reliance Retail,Mamaearth,Dec'24,FY_24-25,2.8,7.9
Reliance Retail Limited_SAOS,Direct,Reliance Retail,Mamaearth,Dec'24,FY_24-25,7.9,18.8
Reliance Retail Limited_Sb01,Direct,Reliance Retail,Mamaearth,Dec'24,FY_24-25,8.1,20.0
RELIANCE RETAIL LIMITED_SF52,Direct,Reliance Retail,Mamaearth,Dec'24,FY_24-25,-0.1,-0.1
Reliance Retail Limited_Sk8I,Direct,Reliance Retail,Mamaearth,Dec'24,FY_24-25,2.0,5.1
Reliance Retail Limited_SL6S,Direct,Reliance Retail,Mamaearth,Dec'24,FY_24-25,15.4,38.0
Reliance Retail Limited_SZ9J,Direct,Reliance Retail,Mamaearth,Dec'24,FY_24-25,1.0,2.0
Reliance Retail Limited_T62I,Direct,Reliance Retail,Mamaearth,Dec'24,FY_24-25,0.3,0.7
Reliance Retail Limited_T913,Direct,Reliance Retail,Aqualogica,Dec'24,FY_24-25,0.2,0.3
Reliance Retail Limited_T913,Direct,Reliance Retail,BBLUNT,Dec'24,FY_24-25,0.2,0.3
Reliance Retail Limited_T913,Direct,Reliance Retail,Mamaearth,Dec'24,FY_24-25,0.7,1.4
Reliance Retail Limited_T913,Direct,Reliance Retail,The Derma Co,Dec'24,FY_24-25,0.4,0.6
Reliance Retail Limited_T946,Direct,Reliance Retail,Mamaearth,Dec'24,FY_24-25,0.6,1.2
Reliance Retail Limited_TB15,Direct,Reliance Retail,Mamaearth,Dec'24,FY_24-25,0.3,0.6
Reliance Retail Limited_TDC7,Direct,Reliance Retail,Mamaearth,Dec'24,FY_24-25,0.4,0.8
Reliance Retail Limited_TDE3,Direct,Reliance Retail,Mamaearth,Dec'24,FY_24-25,-0.1,-0.2
Reliance Retail Limited_TE57,Direct,Reliance Retail,Mamaearth,Dec'24,FY_24-25,1.0,1.8
Reliance Retail Limited_TFY8,Direct,Reliance Retail,Mamaearth,Dec'24,FY_24-25,0.7,1.4
Reliance Retail Limited_TG87,Direct,Reliance Retail,Mamaearth,Dec'24,FY_24-25,0.4,0.8
Reliance Retail Limited_TH94,Direct,Reliance Retail,Mamaearth,Dec'24,FY_24-25,1.3,2.3
Reliance Retail Limited_TI77,Direct,Reliance Retail,Mamaearth,Dec'24,FY_24-25,0.9,1.7
Reliance Retail Limited_TK48,Direct,Reliance Retail,Mamaearth,Dec'24,FY_24-25,0.4,0.8
Reliance Retail Limited_TMW7,Direct,Reliance Retail,Mamaearth,Dec'24,FY_24-25,0.7,1.4
Reliance Retail Limited_TMZ5,Direct,Reliance Retail,Mamaearth,Dec'24,FY_24-25,0.1,0.3
Reliance Retail Limited_TN55,Direct,Reliance Retail,Mamaearth,Dec'24,FY_24-25,0.3,0.7
Reliance Retail Limited_TN56,Direct,Reliance Retail,Mamaearth,Dec'24,FY_24-25,0.2,0.6
Reliance Retail Limited_TNB7,Direct,Reliance Retail,Mamaearth,Dec'24,FY_24-25,0.3,0.6
Reliance Retail Limited_TNC1,Direct,Reliance Retail,Aqualogica,Dec'24,FY_24-25,0.1,0.2
Reliance Retail Limited_TNC1,Direct,Reliance Retail,BBLUNT,Dec'24,FY_24-25,0.2,0.4
Reliance Retail Limited_TNC1,Direct,Reliance Retail,Mamaearth,Dec'24,FY_24-25,1.0,1.9
Reliance Retail Limited_TNC1,Direct,Reliance Retail,The Derma Co,Dec'24,FY_24-25,0.4,0.6
Reliance Retail Limited_TNC6,Direct,Reliance Retail,Mamaearth,Dec'24,FY_24-25,1.3,2.4
Reliance Retail Limited_TNC8,Direct,Reliance Retail,Mamaearth,Dec'24,FY_24-25,0.4,0.8
Reliance Retail Limited_TND0,Direct,Reliance Retail,Mamaearth,Dec'24,FY_24-25,0.4,0.8
Reliance Retail Limited_TNE3,Direct,Reliance Retail,Mamaearth,Dec'24,FY_24-25,0.5,0.9
Reliance Retail Limited_TNP8,Direct,Reliance Retail,Mamaearth,Dec'24,FY_24-25,0.5,1.1
Reliance Retail Limited_TO20,Direct,Reliance Retail,Mamaearth,Dec'24,FY_24-25,0.3,0.6
Reliance Retail Limited_TOJ6,Direct,Reliance Retail,Mamaearth,Dec'24,FY_24-25,0.4,0.9
Reliance Retail Limited_TP05,Direct,Reliance Retail,Mamaearth,Dec'24,FY_24-25,0.6,1.2
Reliance Retail Limited_TP75,Direct,Reliance Retail,Mamaearth,Dec'24,FY_24-25,0.9,1.6
Reliance Retail Limited_TP76,Direct,Reliance Retail,Mamaearth,Dec'24,FY_24-25,1.2,2.2
Reliance Retail Limited_TQ21,Direct,Reliance Retail,Mamaearth,Dec'24,FY_24-25,0.2,0.5
Reliance Retail Limited_TQ22,Direct,Reliance Retail,Mamaearth,Dec'24,FY_24-25,0.3,0.7
Reliance Retail Limited_TU21,Direct,Reliance Retail,Mamaearth,Dec'24,FY_24-25,0.4,0.8
Reliance Retail Limited_TW60,Direct,Reliance Retail,Mamaearth,Dec'24,FY_24-25,0.5,1.1
Reliance Retail Limited_TY87,Direct,Reliance Retail,Mamaearth,Dec'24,FY_24-25,1.1,2.0
Reliance Retail Limited-2956,Direct,Reliance Retail,Mamaearth,Dec'24,FY_24-25,0.2,0.6
Reliance Retail Limited-2959,Direct,Reliance Retail,Mamaearth,Dec'24,FY_24-25,0.8,1.5
Reliance Retail Limited-6202,Direct,Reliance Retail,Aqualogica,Dec'24,FY_24-25,0.0,0.1
Reliance Retail Limited-6202,Direct,Reliance Retail,BBLUNT,Dec'24,FY_24-25,0.1,0.1
Reliance Retail Limited-6202,Direct,Reliance Retail,Mamaearth,Dec'24,FY_24-25,0.5,0.9
Reliance Retail Limited-6202,Direct,Reliance Retail,The Derma Co,Dec'24,FY_24-25,0.0,0.1
Reliance Retail Limited-6205,Direct,Reliance Retail,Aqualogica,Dec'24,FY_24-25,0.3,0.5
Reliance Retail Limited-6205,Direct,Reliance Retail,BBLUNT,Dec'24,FY_24-25,0.1,0.2
Reliance Retail Limited-6205,Direct,Reliance Retail,Mamaearth,Dec'24,FY_24-25,1.0,1.9
Reliance Retail Limited-6205,Direct,Reliance Retail,The Derma Co,Dec'24,FY_24-25,0.2,0.3
Reliance Retail Limited-6206,Direct,Reliance Retail,Mamaearth,Dec'24,FY_24-25,0.2,0.4
Reliance Retail Limited-6208,Direct,Reliance Retail,Mamaearth,Dec'24,FY_24-25,0.1,0.3
Reliance Retail Limited-6210,Direct,Reliance Retail,Mamaearth,Dec'24,FY_24-25,0.6,1.1
Reliance Retail Limited-6214,Direct,Reliance Retail,Mamaearth,Dec'24,FY_24-25,1.4,2.6
Reliance Retail Limited-6217,Direct,Reliance Retail,Aqualogica,Dec'24,FY_24-25,0.2,0.3
Reliance Retail Limited-6217,Direct,Reliance Retail,Mamaearth,Dec'24,FY_24-25,0.3,0.7
Reliance Retail Limited-6219,Direct,Reliance Retail,Mamaearth,Dec'24,FY_24-25,-0.1,0.0
Reliance Retail Limited-6220,Direct,Reliance Retail,Mamaearth,Dec'24,FY_24-25,2.2,4.4
Reliance Retail Limited-6220,Direct,Reliance Retail,The Derma Co,Dec'24,FY_24-25,0.0,0.0
Reliance Retail Limited-6224,Direct,Reliance Retail,Aqualogica,Dec'24,FY_24-25,0.6,0.9
Reliance Retail Limited-6224,Direct,Reliance Retail,Mamaearth,Dec'24,FY_24-25,0.1,0.4
Reliance Retail Limited-6224,Direct,Reliance Retail,The Derma Co,Dec'24,FY_24-25,0.0,0.0
Reliance Retail Limited-6225,Direct,Reliance Retail,Mamaearth,Dec'24,FY_24-25,-0.1,0.0
Reliance Retail Limited-6239,Direct,Reliance Retail,Mamaearth,Dec'24,FY_24-25,1.3,2.4
Reliance Retail Limited-6239,Direct,Reliance Retail,The Derma Co,Dec'24,FY_24-25,0.0,0.0
Reliance Retail Limited-6703,Direct,Reliance Retail,Mamaearth,Dec'24,FY_24-25,0.2,0.4
Reliance Retail Limited-6705,Direct,Reliance Retail,Mamaearth,Dec'24,FY_24-25,1.1,2.0
Reliance Retail Limited-6726,Direct,Reliance Retail,Mamaearth,Dec'24,FY_24-25,0.4,0.8
RELIANCE RETAIL LIMITED-Badli,Direct,Reliance Retail,Mamaearth,Dec'24,FY_24-25,16.9,40.8
Reliance Retail Limited-FR04,Direct,Reliance Retail,Aqualogica,Dec'24,FY_24-25,-0.4,-0.6
Reliance Retail Limited-FR04,Direct,Reliance Retail,Mamaearth,Dec'24,FY_24-25,0.4,0.8
Reliance Retail Limited-FR04,Direct,Reliance Retail,The Derma Co,Dec'24,FY_24-25,-2.3,-3.7
Reliance Retail Limited-FR08,Direct,Reliance Retail,Mamaearth,Dec'24,FY_24-25,0.1,0.4
Reliance Retail Limited-FR15,Direct,Reliance Retail,Mamaearth,Dec'24,FY_24-25,0.9,1.7
Reliance Retail Limited-FR22,Direct,Reliance Retail,Mamaearth,Dec'24,FY_24-25,0.5,1.0
Reliance Retail Limited-FR23,Direct,Reliance Retail,Mamaearth,Dec'24,FY_24-25,0.4,0.7
Reliance Retail Limited-FR45,Direct,Reliance Retail,BBLUNT,Dec'24,FY_24-25,0.1,0.1
Reliance Retail Limited-FR45,Direct,Reliance Retail,Mamaearth,Dec'24,FY_24-25,0.3,0.7
Reliance Retail Limited-FR45,Direct,Reliance Retail,The Derma Co,Dec'24,FY_24-25,0.0,0.1
Reliance Retail Limited-FR48,Direct,Reliance Retail,Mamaearth,Dec'24,FY_24-25,1.0,1.8
Reliance Retail Limited-FR50,Direct,Reliance Retail,Mamaearth,Dec'24,FY_24-25,0.6,1.1
Reliance Retail Limited-FR63,Direct,Reliance Retail,Aqualogica,Dec'24,FY_24-25,0.1,0.1
Reliance Retail Limited-FR63,Direct,Reliance Retail,BBLUNT,Dec'24,FY_24-25,0.1,0.2
Reliance Retail Limited-FR63,Direct,Reliance Retail,Mamaearth,Dec'24,FY_24-25,0.3,0.6
Reliance Retail Limited-FR63,Direct,Reliance Retail,The Derma Co,Dec'24,FY_24-25,0.2,0.3
Reliance Retail Limited-FR67,Direct,Reliance Retail,Mamaearth,Dec'24,FY_24-25,0.3,0.7
Reliance Retail Limited-FR73,Direct,Reliance Retail,Aqualogica,Dec'24,FY_24-25,0.0,0.0
Reliance Retail Limited-FR73,Direct,Reliance Retail,BBLUNT,Dec'24,FY_24-25,0.0,0.1
Reliance Retail Limited-FR73,Direct,Reliance Retail,Mamaearth,Dec'24,FY_24-25,0.1,0.3
Reliance Retail Limited-FR73,Direct,Reliance Retail,The Derma Co,Dec'24,FY_24-25,0.1,0.1
Reliance Retail Limited-FR74,Direct,Reliance Retail,Mamaearth,Dec'24,FY_24-25,0.3,0.7
Reliance Retail Limited-FR94,Direct,Reliance Retail,Mamaearth,Dec'24,FY_24-25,1.3,2.4
Reliance Retail Limited-FR95,Direct,Reliance Retail,Mamaearth,Dec'24,FY_24-25,1.0,1.9
Reliance Retail Limited-FRAR,Direct,Reliance Retail,Aqualogica,Dec'24,FY_24-25,0.1,0.2
Reliance Retail Limited-FRAR,Direct,Reliance Retail,BBLUNT,Dec'24,FY_24-25,0.1,0.1
Reliance Retail Limited-FRAR,Direct,Reliance Retail,Mamaearth,Dec'24,FY_24-25,0.3,0.6
Reliance Retail Limited-FRAR,Direct,Reliance Retail,The Derma Co,Dec'24,FY_24-25,0.1,0.2
Reliance Retail Limited-FRAU,Direct,Reliance Retail,Aqualogica,Dec'24,FY_24-25,0.1,0.1
Reliance Retail Limited-FRAU,Direct,Reliance Retail,BBLUNT,Dec'24,FY_24-25,0.0,0.1
Reliance Retail Limited-FRAU,Direct,Reliance Retail,Mamaearth,Dec'24,FY_24-25,0.1,0.3
Reliance Retail Limited-FRAU,Direct,Reliance Retail,The Derma Co,Dec'24,FY_24-25,0.1,0.2
Reliance Retail Limited-FRAY,Direct,Reliance Retail,Mamaearth,Dec'24,FY_24-25,0.7,1.4
Reliance Retail Limited-FRBQ,Direct,Reliance Retail,Mamaearth,Dec'24,FY_24-25,1.0,1.9
Reliance Retail Limited-FRBV,Direct,Reliance Retail,Aqualogica,Dec'24,FY_24-25,0.1,0.2
Reliance Retail Limited-FRBV,Direct,Reliance Retail,BBLUNT,Dec'24,FY_24-25,0.1,0.2
Reliance Retail Limited-FRBV,Direct,Reliance Retail,Mamaearth,Dec'24,FY_24-25,0.3,0.6
Reliance Retail Limited-FRBV,Direct,Reliance Retail,The Derma Co,Dec'24,FY_24-25,0.2,0.3
Reliance Retail Limited-FRCA,Direct,Reliance Retail,Mamaearth,Dec'24,FY_24-25,0.4,0.8
Reliance Retail Limited-FRCB,Direct,Reliance Retail,Aqualogica,Dec'24,FY_24-25,0.1,0.1
Reliance Retail Limited-FRCB,Direct,Reliance Retail,BBLUNT,Dec'24,FY_24-25,0.1,0.1
Reliance Retail Limited-FRCB,Direct,Reliance Retail,Mamaearth,Dec'24,FY_24-25,0.3,0.7
Reliance Retail Limited-FRCB,Direct,Reliance Retail,The Derma Co,Dec'24,FY_24-25,0.1,0.1
Reliance Retail Limited-FRCC,Direct,Reliance Retail,Aqualogica,Dec'24,FY_24-25,0.1,0.2
Reliance Retail Limited-FRCC,Direct,Reliance Retail,BBLUNT,Dec'24,FY_24-25,0.1,0.1
Reliance Retail Limited-FRCC,Direct,Reliance Retail,Mamaearth,Dec'24,FY_24-25,0.4,0.9
Reliance Retail Limited-FRCC,Direct,Reliance Retail,The Derma Co,Dec'24,FY_24-25,0.2,0.4
Reliance Retail Limited-FRCF,Direct,Reliance Retail,Mamaearth,Dec'24,FY_24-25,0.0,0.2
Reliance Retail Limited-FRCK,Direct,Reliance Retail,Aqualogica,Dec'24,FY_24-25,0.1,0.1
Reliance Retail Limited-FRCK,Direct,Reliance Retail,BBLUNT,Dec'24,FY_24-25,0.1,0.2
Reliance Retail Limited-FRCK,Direct,Reliance Retail,Mamaearth,Dec'24,FY_24-25,0.4,0.8
Reliance Retail Limited-FRCK,Direct,Reliance Retail,The Derma Co,Dec'24,FY_24-25,0.1,0.2
Reliance Retail Limited-FRCL,Direct,Reliance Retail,Mamaearth,Dec'24,FY_24-25,0.3,0.7
Reliance Retail Limited-FRCO,Direct,Reliance Retail,Mamaearth,Dec'24,FY_24-25,1.2,2.1
Reliance Retail Limited-FRCX,Direct,Reliance Retail,Mamaearth,Dec'24,FY_24-25,0.5,1.0
Reliance Retail Limited-FRDF,Direct,Reliance Retail,Mamaearth,Dec'24,FY_24-25,0.7,1.3
Reliance Retail Limited-FRDH,Direct,Reliance Retail,Mamaearth,Dec'24,FY_24-25,1.5,2.7
Reliance Retail Limited-FRDJ,Direct,Reliance Retail,Mamaearth,Dec'24,FY_24-25,0.3,0.6
Reliance Retail Limited-FRDM,Direct,Reliance Retail,Mamaearth,Dec'24,FY_24-25,0.3,0.7
Reliance Retail Limited-FRDU,Direct,Reliance Retail,Mamaearth,Dec'24,FY_24-25,0.2,0.5
Reliance Retail Limited-FRDV,Direct,Reliance Retail,Mamaearth,Dec'24,FY_24-25,0.4,0.7
Reliance Retail Limited-FRDY,Direct,Reliance Retail,Mamaearth,Dec'24,FY_24-25,0.4,0.8
Reliance Retail Limited-FRDZ,Direct,Reliance Retail,Mamaearth,Dec'24,FY_24-25,0.5,1.1
Reliance Retail Limited-FREB,Direct,Reliance Retail,Mamaearth,Dec'24,FY_24-25,0.4,0.8
RELIANCE RETAIL LIMITED-FREC,Direct,Reliance Retail,Mamaearth,Dec'24,FY_24-25,30.7,73.3
RELIANCE RETAIL LIMITED-FREF,Direct,Reliance Retail,Mamaearth,Dec'24,FY_24-25,2.4,5.5
RELIANCE RETAIL LIMITED-FREI,Direct,Reliance Retail,Mamaearth,Dec'24,FY_24-25,0.9,1.9
Reliance Retail Limited-FRFP,Direct,Reliance Retail,Mamaearth,Dec'24,FY_24-25,0.3,0.7
Reliance Retail Limited-FRFQ,Direct,Reliance Retail,Mamaearth,Dec'24,FY_24-25,1.0,1.9
Reliance Retail Limited-FRGN,Direct,Reliance Retail,Mamaearth,Dec'24,FY_24-25,0.2,0.5
Reliance Retail Limited-FRGQ,Direct,Reliance Retail,Mamaearth,Dec'24,FY_24-25,0.4,0.7
Reliance Retail Limited-FRGS,Direct,Reliance Retail,Aqualogica,Dec'24,FY_24-25,0.0,0.0
Reliance Retail Limited-FRGS,Direct,Reliance Retail,BBLUNT,Dec'24,FY_24-25,0.1,0.1
Reliance Retail Limited-FRGS,Direct,Reliance Retail,Mamaearth,Dec'24,FY_24-25,0.1,0.4
Reliance Retail Limited-FRGS,Direct,Reliance Retail,The Derma Co,Dec'24,FY_24-25,0.2,0.3
Reliance Retail Limited-FRGX,Direct,Reliance Retail,Mamaearth,Dec'24,FY_24-25,1.0,1.9
Reliance Retail Limited-FRHI,Direct,Reliance Retail,Mamaearth,Dec'24,FY_24-25,1.0,1.8
Reliance Retail Limited-FRHT,Direct,Reliance Retail,Mamaearth,Dec'24,FY_24-25,0.3,0.7
Reliance Retail Limited-S0GK,Direct,Reliance Retail,Mamaearth,Dec'24,FY_24-25,2.4,5.7
Reliance Retail Limited-S0IL,Direct,Reliance Retail,Mamaearth,Dec'24,FY_24-25,-0.2,-0.3
Reliance Retail Limited-S0KN,Direct,Reliance Retail,Mamaearth,Dec'24,FY_24-25,6.7,15.3
Reliance Retail Limited-S2BZ,Direct,Reliance Retail,Mamaearth,Dec'24,FY_24-25,4.9,11.4
Reliance Retail Limited-SAAH,Direct,Reliance Retail,Mamaearth,Dec'24,FY_24-25,15.3,36.7
RELIANCE RETAIL LIMITED-SF92,Direct,Reliance Retail,Mamaearth,Dec'24,FY_24-25,13.6,34.2
RELIANCE RETAIL LIMITED-SH65,Direct,Reliance Retail,Mamaearth,Dec'24,FY_24-25,8.7,21.0
RELIANCE RETAIL LIMITED-SH69,Direct,Reliance Retail,Mamaearth,Dec'24,FY_24-25,11.1,26.2
RELIANCE RETAIL LIMITED-SH71,Direct,Reliance Retail,Mamaearth,Dec'24,FY_24-25,12.0,29.0
Reliance Retail Limited-SK6I,Direct,Reliance Retail,Mamaearth,Dec'24,FY_24-25,9.2,21.6
Reliance Retail Limited-SLET,Direct,Reliance Retail,Mamaearth,Dec'24,FY_24-25,2.6,6.8
Reliance Retail Limited-SLG3,Direct,Reliance Retail,Mamaearth,Dec'24,FY_24-25,2.6,6.7
RELIANCE RETAIL LIMITED-SLIG,Direct,Reliance Retail,Mamaearth,Dec'24,FY_24-25,-4.2,-10.6
RELIANCE RETAIL LIMITED-SLII,Direct,Reliance Retail,Mamaearth,Dec'24,FY_24-25,0.9,2.1
Reliance Retail Limited-SLMP,Direct,Reliance Retail,Mamaearth,Dec'24,FY_24-25,0.5,0.9
Reliance Retail Limited-Slmr,Direct,Reliance Retail,Mamaearth,Dec'24,FY_24-25,1.4,3.4
Reliance Retail Limited-SLS1,Direct,Reliance Retail,Mamaearth,Dec'24,FY_24-25,4.5,10.5
Reliance Retail Limited-SLS2,Direct,Reliance Retail,Mamaearth,Dec'24,FY_24-25,2.2,6.0
Reliance Retail Limited-SN1U,Direct,Reliance Retail,Mamaearth,Dec'24,FY_24-25,5.9,13.2
Reliance Retail Limited-SP9K,Direct,Reliance Retail,Mamaearth,Dec'24,FY_24-25,7.6,17.1
Reliance Retail Limited-T0Z9,Direct,Reliance Retail,Mamaearth,Dec'24,FY_24-25,0.6,1.2
Reliance Retail Limited-T1X4,Direct,Reliance Retail,Mamaearth,Dec'24,FY_24-25,1.0,1.9
Reliance Retail Limited-T2DI,Direct,Reliance Retail,Aqualogica,Dec'24,FY_24-25,0.0,0.1
Reliance Retail Limited-T2DI,Direct,Reliance Retail,BBLUNT,Dec'24,FY_24-25,0.1,0.1
Reliance Retail Limited-T2DI,Direct,Reliance Retail,The Derma Co,Dec'24,FY_24-25,0.1,0.2
Reliance Retail Limited-T37T,Direct,Reliance Retail,Mamaearth,Dec'24,FY_24-25,1.3,2.4
Reliance Retail Limited-T84I,Direct,Reliance Retail,Aqualogica,Dec'24,FY_24-25,0.1,0.2
Reliance Retail Limited-T84I,Direct,Reliance Retail,BBLUNT,Dec'24,FY_24-25,0.1,0.2
Reliance Retail Limited-T84I,Direct,Reliance Retail,The Derma Co,Dec'24,FY_24-25,0.1,0.1
Reliance Retail Limited-T84L,Direct,Reliance Retail,Mamaearth,Dec'24,FY_24-25,0.5,0.9
Reliance Retail Limited-T915,Direct,Reliance Retail,Mamaearth,Dec'24,FY_24-25,1.0,1.7
Reliance Retail Limited-TA35,Direct,Reliance Retail,Mamaearth,Dec'24,FY_24-25,1.1,2.0
Reliance Retail Limited-TA36,Direct,Reliance Retail,Aqualogica,Dec'24,FY_24-25,0.0,0.1
Reliance Retail Limited-TA36,Direct,Reliance Retail,BBLUNT,Dec'24,FY_24-25,0.1,0.1
Reliance Retail Limited-TA36,Direct,Reliance Retail,Mamaearth,Dec'24,FY_24-25,0.8,1.5
Reliance Retail Limited-TA36,Direct,Reliance Retail,The Derma Co,Dec'24,FY_24-25,0.2,0.3
Reliance Retail Limited-TA9N,Direct,Reliance Retail,Mamaearth,Dec'24,FY_24-25,0.4,0.8
Reliance Retail Limited-TAFW,Direct,Reliance Retail,Mamaearth,Dec'24,FY_24-25,0.3,0.7
Reliance Retail Limited-TAH3,Direct,Reliance Retail,Mamaearth,Dec'24,FY_24-25,0.5,1.0
Reliance Retail Limited-TAIE,Direct,Reliance Retail,Aqualogica,Dec'24,FY_24-25,0.0,0.0
Reliance Retail Limited-TAIE,Direct,Reliance Retail,BBLUNT,Dec'24,FY_24-25,0.1,0.1
Reliance Retail Limited-TAIE,Direct,Reliance Retail,The Derma Co,Dec'24,FY_24-25,0.2,0.3
Reliance Retail Limited-TAUX,Direct,Reliance Retail,Mamaearth,Dec'24,FY_24-25,0.6,1.3
Reliance Retail Limited-TC74,Direct,Reliance Retail,Mamaearth,Dec'24,FY_24-25,0.3,0.7
Reliance Retail Limited-TCD6,Direct,Reliance Retail,Mamaearth,Dec'24,FY_24-25,0.9,1.7
Reliance Retail Limited-TD04,Direct,Reliance Retail,Mamaearth,Dec'24,FY_24-25,0.3,0.7
Reliance Retail Limited-TE39,Direct,Reliance Retail,Mamaearth,Dec'24,FY_24-25,0.8,1.5
Reliance Retail Limited-TFY6,Direct,Reliance Retail,Mamaearth,Dec'24,FY_24-25,0.8,1.6
Reliance Retail Limited-TG2K,Direct,Reliance Retail,Mamaearth,Dec'24,FY_24-25,0.6,1.1
Reliance Retail Limited-TGL6,Direct,Reliance Retail,Mamaearth,Dec'24,FY_24-25,-0.3,-0.6
Reliance Retail Limited-TH93,Direct,Reliance Retail,Mamaearth,Dec'24,FY_24-25,0.5,1.1
Reliance Retail Limited-TIU6,Direct,Reliance Retail,Mamaearth,Dec'24,FY_24-25,0.3,0.7
Reliance Retail Limited-TL30,Direct,Reliance Retail,Aqualogica,Dec'24,FY_24-25,0.3,0.4
Reliance Retail Limited-TL30,Direct,Reliance Retail,BBLUNT,Dec'24,FY_24-25,0.0,0.1
Reliance Retail Limited-TL30,Direct,Reliance Retail,Mamaearth,Dec'24,FY_24-25,0.8,1.7
Reliance Retail Limited-TL30,Direct,Reliance Retail,The Derma Co,Dec'24,FY_24-25,0.0,0.1
Reliance Retail Limited-TM18,Direct,Reliance Retail,Mamaearth,Dec'24,FY_24-25,0.2,0.5
Reliance Retail Limited-TM27,Direct,Reliance Retail,Mamaearth,Dec'24,FY_24-25,0.6,1.3
Reliance Retail Limited-TMI6,Direct,Reliance Retail,Mamaearth,Dec'24,FY_24-25,0.6,1.2
Reliance Retail Limited-TN54,Direct,Reliance Retail,Mamaearth,Dec'24,FY_24-25,0.5,1.0
Reliance Retail Limited-Tna8,Direct,Reliance Retail,Mamaearth,Dec'24,FY_24-25,0.5,0.9
Reliance Retail Limited-TNB5,Direct,Reliance Retail,Mamaearth,Dec'24,FY_24-25,0.3,0.6
Reliance Retail Limited-TNC2,Direct,Reliance Retail,Aqualogica,Dec'24,FY_24-25,0.0,0.0
Reliance Retail Limited-TNC2,Direct,Reliance Retail,BBLUNT,Dec'24,FY_24-25,0.0,0.0
Reliance Retail Limited-TNC2,Direct,Reliance Retail,The Derma Co,Dec'24,FY_24-25,0.0,0.0
Reliance Retail Limited-TNC7,Direct,Reliance Retail,Aqualogica,Dec'24,FY_24-25,0.2,0.3
Reliance Retail Limited-TNC7,Direct,Reliance Retail,BBLUNT,Dec'24,FY_24-25,0.2,0.3
Reliance Retail Limited-TNC7,Direct,Reliance Retail,Mamaearth,Dec'24,FY_24-25,0.9,1.7
Reliance Retail Limited-TNC7,Direct,Reliance Retail,The Derma Co,Dec'24,FY_24-25,0.4,0.7
Reliance Retail Limited-TND1,Direct,Reliance Retail,Mamaearth,Dec'24,FY_24-25,0.6,1.2
Reliance Retail Limited-TND2,Direct,Reliance Retail,Aqualogica,Dec'24,FY_24-25,0.1,0.1
Reliance Retail Limited-TND2,Direct,Reliance Retail,BBLUNT,Dec'24,FY_24-25,0.1,0.2
Reliance Retail Limited-TND2,Direct,Reliance Retail,Mamaearth,Dec'24,FY_24-25,0.8,1.6
Reliance Retail Limited-TND2,Direct,Reliance Retail,The Derma Co,Dec'24,FY_24-25,0.1,0.1
Reliance Retail Limited-TND4,Direct,Reliance Retail,Mamaearth,Dec'24,FY_24-25,0.3,0.7
Reliance Retail Limited-Tnd5,Direct,Reliance Retail,Mamaearth,Dec'24,FY_24-25,0.7,1.3
Reliance Retail Limited-TND6,Direct,Reliance Retail,Mamaearth,Dec'24,FY_24-25,0.8,1.6
Reliance Retail Limited-TND7,Direct,Reliance Retail,Mamaearth,Dec'24,FY_24-25,0.8,1.6
Reliance Retail Limited-TNE1,Direct,Reliance Retail,Mamaearth,Dec'24,FY_24-25,0.9,1.8
Reliance Retail Limited-TO19,Direct,Reliance Retail,Mamaearth,Dec'24,FY_24-25,1.5,2.7
Reliance Retail Limited-TOG3,Direct,Reliance Retail,Mamaearth,Dec'24,FY_24-25,0.3,0.7
Reliance Retail Limited-TOM0,Direct,Reliance Retail,Mamaearth,Dec'24,FY_24-25,0.5,0.9
Reliance Retail Limited-TP06,Direct,Reliance Retail,Mamaearth,Dec'24,FY_24-25,0.4,0.8
Reliance Retail Limited-TP23,Direct,Reliance Retail,Mamaearth,Dec'24,FY_24-25,1.0,1.8
Reliance Retail Limited-TQ61,Direct,Reliance Retail,Mamaearth,Dec'24,FY_24-25,0.4,0.8
Reliance Retail Limited-TR28,Direct,Reliance Retail,Mamaearth,Dec'24,FY_24-25,1.0,1.8
Reliance Retail Limited-TW11,Direct,Reliance Retail,Mamaearth,Dec'24,FY_24-25,1.2,2.2
Reliance Retail Limited-TZ8R,Direct,Reliance Retail,Mamaearth,Dec'24,FY_24-25,1.0,1.8
Reliance Retail Limited-TZL5,Direct,Reliance Retail,Aqualogica,Dec'24,FY_24-25,0.0,0.0
Reliance Retail Limited-TZL5,Direct,Reliance Retail,BBLUNT,Dec'24,FY_24-25,0.0,0.1
Reliance Retail Limited-TZL5,Direct,Reliance Retail,Mamaearth,Dec'24,FY_24-25,0.2,0.5
Reliance Retail Limited-TZL5,Direct,Reliance Retail,The Derma Co,Dec'24,FY_24-25,0.1,0.2
Reliance Retail Limited-ZZI0-B,Direct,Reliance Retail,Aqualogica,Dec'24,FY_24-25,0.6,0.9
Reliance Retail Limited-ZZI0-B,Direct,Reliance Retail,Mamaearth,Dec'24,FY_24-25,4.2,7.3
Reliance Retail Ltd _Madhavaram- TNB8,Direct,Reliance Retail,Mamaearth,Dec'24,FY_24-25,0.4,0.8
Reliance Retail Ltd _Mysore_2994,Direct,Reliance Retail,Mamaearth,Dec'24,FY_24-25,0.3,0.6
Reliance Retail Ltd _RAJAJI NAGAR- FR49,Direct,Reliance Retail,Aqualogica,Dec'24,FY_24-25,0.0,0.0
Reliance Retail Ltd _RAJAJI NAGAR- FR49,Direct,Reliance Retail,BBLUNT,Dec'24,FY_24-25,0.0,0.0
Reliance Retail Ltd _RAJAJI NAGAR- FR49,Direct,Reliance Retail,Mamaearth,Dec'24,FY_24-25,0.3,0.6
Reliance Retail Ltd _RAJAJI NAGAR- FR49,Direct,Reliance Retail,The Derma Co,Dec'24,FY_24-25,0.2,0.3
Reliance Retail Ltd_Davanagere- TNC0,Direct,Reliance Retail,Mamaearth,Dec'24,FY_24-25,0.3,0.7
Reliance Retail Ltd_Hubballi_2997,Direct,Reliance Retail,Mamaearth,Dec'24,FY_24-25,0.3,0.8
Reliance Retail Ltd_Nagercoil- 3338,Direct,Reliance Retail,Mamaearth,Dec'24,FY_24-25,0.6,1.1
RELIANCE RETAIL Ltd-SK6C,Direct,Reliance Retail,Mamaearth,Dec'24,FY_24-25,5.9,14.2
RELIANCE RETAIL Ltd-SLEW,Direct,Reliance Retail,Mamaearth,Dec'24,FY_24-25,4.0,9.8
RELIANCE RETAIL Ltd-SLEW,Direct,Reliance Retail,The Derma Co,Dec'24,FY_24-25,0.7,1.1
Travel News Services India Pvt Ltd(Blr),Direct,WH-Smith,Mamaearth,Dec'24,FY_24-25,0.0,0.0
Travel News Services India Pvt Ltd(Blr),Direct,WH-Smith,The Derma Co,Dec'24,FY_24-25,0.0,0.0
Travel Retail Services Pvt Ltd_Blr,Direct,Relay,Mamaearth,Dec'24,FY_24-25,0.2,0.5
Travel Retail Services Pvt Ltd_Blr,Direct,Relay,The Derma Co,Dec'24,FY_24-25,0.1,0.2
Trent Hypermarket Private Limited_Blr,Direct,Trent,Mamaearth,Dec'24,FY_24-25,0.3,0.5
Trent Hypermarket Private Limited_Mah,Direct,Trent,Mamaearth,Dec'24,FY_24-25,1.0,1.7
Trent Hypermarket Private Limited-P,Direct,Trent,Mamaearth,Dec'24,FY_24-25,0.6,1.0
Wal-Mart India Private Limited 4702,Direct,Walmart CNC,Mamaearth,Dec'24,FY_24-25,0.3,0.6
Wal-Mart India Private Limited 4712,Direct,Walmart CNC,Mamaearth,Dec'24,FY_24-25,-0.2,-0.3
Wal-Mart India Private Limited 4719,Direct,Walmart CNC,Mamaearth,Dec'24,FY_24-25,-0.3,-0.6
Wal-Mart India Private Limited 4721,Direct,Walmart CNC,Mamaearth,Dec'24,FY_24-25,0.1,0.1
Wal-Mart India Private Limited 4724,Direct,Walmart CNC,Mamaearth,Dec'24,FY_24-25,0.2,0.4
Wal-Mart India Private Limited 4725,Direct,Walmart CNC,Mamaearth,Dec'24,FY_24-25,0.3,0.5
Wal-Mart India Private Limited 4727,Direct,Walmart CNC,Mamaearth,Dec'24,FY_24-25,0.0,0.0
Wal-Mart India Private Limited 4734,Direct,Walmart CNC,Mamaearth,Dec'24,FY_24-25,0.6,1.1
Wal-Mart India Private Limited 4742,Direct,Walmart CNC,Mamaearth,Dec'24,FY_24-25,0.6,1.1
Wal-Mart India Private Limited 4744,Direct,Walmart CNC,Mamaearth,Dec'24,FY_24-25,0.1,0.3
Wal-Mart India Private Limited 4799,Direct,Walmart CNC,Mamaearth,Dec'24,FY_24-25,1.5,2.8
Wal-Mart India Private Limited 4805,Direct,Walmart CNC,Mamaearth,Dec'24,FY_24-25,0.1,0.2
Wellness Forever Medicare Ltd,Direct,Wellness Forever,Aqualogica,Dec'24,FY_24-25,7.3,12.4
Wellness Forever Medicare Ltd,Direct,Wellness Forever,Mamaearth,Dec'24,FY_24-25,35.0,59.0
Wellness Forever Medicare Ltd,Direct,Wellness Forever,The Derma Co,Dec'24,FY_24-25,61.0,102.8
Aggarwal Associates,Dist.,VMM,Mamaearth,Dec'24,FY_24-25,-0.1,-0.3
Arc Foods And Beverages_Mt_H&G,Dist.,H&G,Aqualogica,Dec'24,FY_24-25,1.1,2.1
Arc Foods And Beverages_Mt_H&G,Dist.,Apollo Healthco,Aqualogica,Dec'24,FY_24-25,0.3,0.5
Arc Foods And Beverages_Mt_H&G,Dist.,H&G,BBLUNT,Dec'24,FY_24-25,1.3,2.1
Arc Foods And Beverages_Mt_H&G,Dist.,Apollo Healthco,Mamaearth,Dec'24,FY_24-25,4.8,9.3
Arc Foods And Beverages_Mt_H&G,Dist.,H&G,Mamaearth,Dec'24,FY_24-25,4.1,8.0
Arc Foods And Beverages_Mt_H&G,Dist.,H&G,The Derma Co,Dec'24,FY_24-25,5.4,9.9
Arc Foods And Beverages_Mt_H&G,Dist.,Apollo Healthco,The Derma Co,Dec'24,FY_24-25,1.4,2.5
Az Enterprises(Apollo/More)Mt,Dist.,Apollo Healthco,Aqualogica,Dec'24,FY_24-25,0.3,0.5
Az Enterprises(Apollo/More)Mt,Dist.,Trilife,Aqualogica,Dec'24,FY_24-25,0.0,0.0
Az Enterprises(Apollo/More)Mt,Dist.,Lulu,Aqualogica,Dec'24,FY_24-25,0.5,0.7
Az Enterprises(Apollo/More)Mt,Dist.,H&G,Aqualogica,Dec'24,FY_24-25,4.9,8.0
Az Enterprises(Apollo/More)Mt,Dist.,B&N,Aqualogica,Dec'24,FY_24-25,0.0,0.0
Az Enterprises(Apollo/More)Mt,Dist.,Trilife,BBLUNT,Dec'24,FY_24-25,0.0,0.0
Az Enterprises(Apollo/More)Mt,Dist.,H&G,BBLUNT,Dec'24,FY_24-25,2.7,4.9
Az Enterprises(Apollo/More)Mt,Dist.,B&N,BBLUNT,Dec'24,FY_24-25,0.2,0.3
Az Enterprises(Apollo/More)Mt,Dist.,Apollo Healthco,Mamaearth,Dec'24,FY_24-25,30.7,60.9
Az Enterprises(Apollo/More)Mt,Dist.,Trilife,Mamaearth,Dec'24,FY_24-25,0.1,0.2
Az Enterprises(Apollo/More)Mt,Dist.,Lulu,Mamaearth,Dec'24,FY_24-25,7.2,14.4
Az Enterprises(Apollo/More)Mt,Dist.,Max Hyper,Mamaearth,Dec'24,FY_24-25,0.3,0.6
Az Enterprises(Apollo/More)Mt,Dist.,H&G,Mamaearth,Dec'24,FY_24-25,14.2,28.2
Az Enterprises(Apollo/More)Mt,Dist.,B&N,Mamaearth,Dec'24,FY_24-25,0.3,0.6
Az Enterprises(Apollo/More)Mt,Dist.,More Retail,Mamaearth,Dec'24,FY_24-25,9.8,19.5
Az Enterprises(Apollo/More)Mt,Dist.,Apollo Healthco,The Derma Co,Dec'24,FY_24-25,4.4,7.4
Az Enterprises(Apollo/More)Mt,Dist.,Trilife,The Derma Co,Dec'24,FY_24-25,0.1,0.1
Az Enterprises(Apollo/More)Mt,Dist.,Lulu,The Derma Co,Dec'24,FY_24-25,1.8,3.1
Az Enterprises(Apollo/More)Mt,Dist.,H&G,The Derma Co,Dec'24,FY_24-25,15.7,26.3
Az Enterprises(Apollo/More)Mt,Dist.,B&N,The Derma Co,Dec'24,FY_24-25,0.3,0.5
BALAJI ASSOCIATES Distributor MT,Dist.,Reliance Retail,Aqualogica,Dec'24,FY_24-25,1.4,2.6
BALAJI ASSOCIATES Distributor MT,Dist.,Reliance Retail,BBLUNT,Dec'24,FY_24-25,1.2,2.2
BALAJI ASSOCIATES Distributor MT,Dist.,Reliance Retail,Mamaearth,Dec'24,FY_24-25,18.3,44.2
BALAJI ASSOCIATES Distributor MT,Dist.,VMM,Mamaearth,Dec'24,FY_24-25,12.1,29.3
BALAJI ASSOCIATES Distributor MT,Dist.,Reliance Retail,The Derma Co,Dec'24,FY_24-25,3.7,6.8
D.L. Sales - MT,Dist.,Apollo Healthco,Aqualogica,Dec'24,FY_24-25,0.1,0.3
D.L. Sales - MT,Dist.,H&G,Aqualogica,Dec'24,FY_24-25,0.4,0.6
D.L. Sales - MT,Dist.,Spencer,Aqualogica,Dec'24,FY_24-25,0.2,0.4
D.L. Sales - MT,Dist.,H&G,BBLUNT,Dec'24,FY_24-25,0.5,1.0
D.L. Sales - MT,Dist.,Spencer,BBLUNT,Dec'24,FY_24-25,0.3,0.6
D.L. Sales - MT,Dist.,Apollo Healthco,Mamaearth,Dec'24,FY_24-25,15.8,29.4
D.L. Sales - MT,Dist.,H&G,Mamaearth,Dec'24,FY_24-25,2.5,4.7
D.L. Sales - MT,Dist.,More Retail,Mamaearth,Dec'24,FY_24-25,9.5,17.6
D.L. Sales - MT,Dist.,Spencer,Mamaearth,Dec'24,FY_24-25,9.1,17.0
D.L. Sales - MT,Dist.,Arambagh,Mamaearth,Dec'24,FY_24-25,0.8,1.6
D.L. Sales - MT,Dist.,V-Mart,Mamaearth,Dec'24,FY_24-25,0.5,1.0
D.L. Sales - MT,Dist.,Frankross,Mamaearth,Dec'24,FY_24-25,0.8,1.5
D.L. Sales - MT,Dist.,VMM,Mamaearth,Dec'24,FY_24-25,2.2,4.2
D.L. Sales - MT,Dist.,Apollo Healthco,The Derma Co,Dec'24,FY_24-25,0.6,1.0
D.L. Sales - MT,Dist.,H&G,The Derma Co,Dec'24,FY_24-25,3.0,5.4
D.L. Sales - MT,Dist.,Spencer,The Derma Co,Dec'24,FY_24-25,0.5,0.8
G.V Enterprises,Dist.,Lulu,Aqualogica,Dec'24,FY_24-25,0.3,0.5
G.V Enterprises,Dist.,Pothys,Aqualogica,Dec'24,FY_24-25,0.1,0.1
G.V Enterprises,Dist.,Pothys,BBLUNT,Dec'24,FY_24-25,0.0,0.1
G.V Enterprises,Dist.,Apollo Healthco,Mamaearth,Dec'24,FY_24-25,4.0,8.8
G.V Enterprises,Dist.,D-Mart,Mamaearth,Dec'24,FY_24-25,43.5,95.2
G.V Enterprises,Dist.,Lulu,Mamaearth,Dec'24,FY_24-25,3.6,7.8
G.V Enterprises,Dist.,Pothys,Mamaearth,Dec'24,FY_24-25,5.3,11.7
G.V Enterprises,Dist.,Apollo Healthco,The Derma Co,Dec'24,FY_24-25,0.3,0.5
G.V Enterprises,Dist.,Lulu,The Derma Co,Dec'24,FY_24-25,0.5,0.9
G.V Enterprises,Dist.,Pothys,The Derma Co,Dec'24,FY_24-25,0.2,0.3
Ganapati Distributor MT,Dist.,Reliance Retail,BBLUNT,Dec'24,FY_24-25,0.0,0.0
Ganapati Distributor MT,Dist.,V-Mart,Mamaearth,Dec'24,FY_24-25,-2.1,-5.8
JUST MARK-Dmart,Dist.,D-Mart,Mamaearth,Dec'24,FY_24-25,147.4,399.8
Kiran Trading Co- Dmart,Dist.,D-Mart,Mamaearth,Dec'24,FY_24-25,36.9,98.4
Kiran Trading Company_Ship to,Dist.,D-Mart,Mamaearth,Dec'24,FY_24-25,33.8,93.2
M/S Hindustan Agencies,Dist.,Apollo Healthco,Mamaearth,Dec'24,FY_24-25,-5.5,-10.1
M/S KOTTARAM BUSINESS CORPORATION-MT,Dist.,H&G,Aqualogica,Dec'24,FY_24-25,0.0,0.1
M/S KOTTARAM BUSINESS CORPORATION-MT,Dist.,Lulu,Aqualogica,Dec'24,FY_24-25,2.4,4.4
M/S KOTTARAM BUSINESS CORPORATION-MT,Dist.,H&G,BBLUNT,Dec'24,FY_24-25,1.6,2.6
M/S KOTTARAM BUSINESS CORPORATION-MT,Dist.,H&G,Mamaearth,Dec'24,FY_24-25,0.0,0.1
M/S KOTTARAM BUSINESS CORPORATION-MT,Dist.,Lulu,Mamaearth,Dec'24,FY_24-25,27.8,52.0
M/S KOTTARAM BUSINESS CORPORATION-MT,Dist.,H&G,The Derma Co,Dec'24,FY_24-25,0.3,0.6
M/S KOTTARAM BUSINESS CORPORATION-MT,Dist.,Lulu,The Derma Co,Dec'24,FY_24-25,10.1,18.6
MARK ENTERPRISE,Dist.,Apollo Healthco,Mamaearth,Dec'24,FY_24-25,3.1,5.8
PRAGATI SALES-Apollo,Dist.,Apollo Healthco,Mamaearth,Dec'24,FY_24-25,0.4,0.7
PRAGATI SALES-D-MART,Dist.,D-Mart,Mamaearth,Dec'24,FY_24-25,4.8,12.4
R.C. Trade Link H&G,Dist.,H&G,Aqualogica,Dec'24,FY_24-25,0.7,1.0
R.C. Trade Link H&G,Dist.,H&G,BBLUNT,Dec'24,FY_24-25,0.5,0.7
R.C. Trade Link H&G,Dist.,H&G,Mamaearth,Dec'24,FY_24-25,1.1,1.8
R.C. Trade Link H&G,Dist.,H&G,The Derma Co,Dec'24,FY_24-25,2.4,3.7
Sancus Networks Private Limited-RMT,Dist.,RMT-Sancus,BBLUNT,Dec'24,FY_24-25,0.2,0.3
Sancus Networks Private Limited-RMT,Dist.,RMT-Sancus,Mamaearth,Dec'24,FY_24-25,17.0,35.2
Sancus Networks Private Limited-RMT,Dist.,More Retail,Mamaearth,Dec'24,FY_24-25,2.3,4.7
Sancus Networks Private Limited-RMT,Dist.,RMT-Sancus,The Derma Co,Dec'24,FY_24-25,0.2,0.3
Sathyashree Enterprises-Mt,Dist.,D-Mart,Mamaearth,Dec'24,FY_24-25,4.7,9.1
SC BUSINESS COMBINE_MT,Dist.,V-Mart,Mamaearth,Dec'24,FY_24-25,3.0,6.3
Sri Lalitha Enterprises,Dist.,Grace Super MKT,Mamaearth,Dec'24,FY_24-25,2.4,4.6
Sri Lalitha Enterprises,Dist.,Pothys,Mamaearth,Dec'24,FY_24-25,2.8,5.2
Sri Lalitha Enterprises,Dist.,Sarvana,Mamaearth,Dec'24,FY_24-25,7.8,14.7
Sri Vijaya Durga Agencies_Mt,Dist.,H&G,Aqualogica,Dec'24,FY_24-25,0.2,0.3
Sri Vijaya Durga Agencies_Mt,Dist.,H&G,BBLUNT,Dec'24,FY_24-25,0.4,0.7
Sri Vijaya Durga Agencies_Mt,Dist.,Apollo Healthco,Mamaearth,Dec'24,FY_24-25,31.6,67.2
Sri Vijaya Durga Agencies_Mt,Dist.,VMM,Mamaearth,Dec'24,FY_24-25,0.2,0.4
Sri Vijaya Durga Agencies_Mt,Dist.,D-Mart,Mamaearth,Dec'24,FY_24-25,42.3,90.0
Sri Vijaya Durga Agencies_Mt,Dist.,H&G,Mamaearth,Dec'24,FY_24-25,0.7,1.4
Sri Vijaya Durga Agencies_Mt,Dist.,Reliance Retail,Mamaearth,Dec'24,FY_24-25,30.8,65.5
Sri Vijaya Durga Agencies_Mt,Dist.,More Retail,Mamaearth,Dec'24,FY_24-25,6.1,13.0
Sri Vijaya Durga Agencies_Mt,Dist.,H&G,The Derma Co,Dec'24,FY_24-25,0.8,1.5
United Marketing_Mt-Ship to,Dist.,Apollo Healthco,Mamaearth,Dec'24,FY_24-25,3.0,5.1
Vanaja Agencies MT_Dmart,Dist.,D-Mart,Mamaearth,Dec'24,FY_24-25,56.3,151.1
Vanaja Agencies_Mt,Dist.,H&G,Aqualogica,Dec'24,FY_24-25,0.8,1.5
Vanaja Agencies_Mt,Dist.,Lulu,Aqualogica,Dec'24,FY_24-25,0.0,0.1
Vanaja Agencies_Mt,Dist.,Apollo Healthco,Aqualogica,Dec'24,FY_24-25,0.2,0.4
Vanaja Agencies_Mt,Dist.,H&G,BBLUNT,Dec'24,FY_24-25,0.9,1.5
Vanaja Agencies_Mt,Dist.,Apollo Healthco,Mamaearth,Dec'24,FY_24-25,11.7,22.6
Vanaja Agencies_Mt,Dist.,H&G,Mamaearth,Dec'24,FY_24-25,5.9,11.4
Vanaja Agencies_Mt,Dist.,Vijetha,Mamaearth,Dec'24,FY_24-25,2.2,4.2
Vanaja Agencies_Mt,Dist.,More Retail,Mamaearth,Dec'24,FY_24-25,6.3,12.1
Vanaja Agencies_Mt,Dist.,Reliance Retail,Mamaearth,Dec'24,FY_24-25,13.3,25.8
Vanaja Agencies_Mt,Dist.,Lulu,Mamaearth,Dec'24,FY_24-25,0.8,1.5
Vanaja Agencies_Mt,Dist.,Ratnadeep,Mamaearth,Dec'24,FY_24-25,7.6,14.6
Vanaja Agencies_Mt,Dist.,H&G,The Derma Co,Dec'24,FY_24-25,7.5,13.5
Vanaja Agencies_Mt,Dist.,Lulu,The Derma Co,Dec'24,FY_24-25,0.3,0.6
Vanaja Agencies_Mt,Dist.,Apollo Healthco,The Derma Co,Dec'24,FY_24-25,1.9,3.5
VISHAL ENTERPRISES_Solapur,Dist.,D-Mart,Mamaearth,Dec'24,FY_24-25,36.1,98.8
APOLLO HEALTHCO LIMITED_AHMEDABAD,Direct,Apollo Healthco,Mamaearth,Jan'25,FY_24-25,7.4,14.9
Apollo Healthco Limited_Bhiwandi,Direct,Apollo Healthco,Aqualogica,Jan'25,FY_24-25,0.3,0.5
Apollo Healthco Limited_Bhiwandi,Direct,Apollo Healthco,Mamaearth,Jan'25,FY_24-25,7.9,16.9
Apollo Healthco Limited_Bhiwandi,Direct,Apollo Healthco,The Derma Co,Jan'25,FY_24-25,1.4,2.4
Apollo Healthco Limited_Faridabad,Direct,Apollo Healthco,Aqualogica,Jan'25,FY_24-25,0.4,0.7
Apollo Healthco Limited_Faridabad,Direct,Apollo Healthco,Mamaearth,Jan'25,FY_24-25,15.0,33.1
Apollo Healthco Limited_Faridabad,Direct,Apollo Healthco,The Derma Co,Jan'25,FY_24-25,3.8,6.3
Apollo Healthco Limited_Rajasthan,Direct,Apollo Healthco,Mamaearth,Jan'25,FY_24-25,4.7,9.9
Apollo Healthco Limited-Bangalore,Direct,Apollo Healthco,Mamaearth,Jan'25,FY_24-25,16.1,32.2
Apollo Healthco Limited-Chennai,Direct,Apollo Healthco,Mamaearth,Jan'25,FY_24-25,13.0,26.5
APOLLO HEALTHCO LIMITED-Chittor,Direct,Apollo Healthco,Mamaearth,Jan'25,FY_24-25,12.9,24.5
Apollo Healthco Limited-Goa,Direct,Apollo Healthco,Mamaearth,Jan'25,FY_24-25,3.0,6.7
Apollo Healthco Limited-Goa,Direct,Apollo Healthco,The Derma Co,Jan'25,FY_24-25,0.5,0.8
Apollo Healthco Limited-Hubbli,Direct,Apollo Healthco,Mamaearth,Jan'25,FY_24-25,14.0,30.0
APOLLO HEALTHCO LIMITED-HYD,Direct,Apollo Healthco,Mamaearth,Jan'25,FY_24-25,6.5,10.2
Apollo Healthco Limited-Kochi,Direct,Apollo Healthco,Mamaearth,Jan'25,FY_24-25,6.2,12.6
APOLLO HEALTHCO LIMITED-Madurai,Direct,Apollo Healthco,Mamaearth,Jan'25,FY_24-25,11.2,22.9
Apollo Healthco Limited-Ore,Direct,Apollo Healthco,Mamaearth,Jan'25,FY_24-25,4.1,8.3
Apollo Healthco Limited-Sanath Nagar,Direct,Apollo Healthco,Mamaearth,Jan'25,FY_24-25,9.7,19.0
APOLLO HEALTHCO LIMITED-Vijayawada,Direct,Apollo Healthco,Mamaearth,Jan'25,FY_24-25,15.3,29.4
APOLLO HEALTHCO LIMITED-WB,Direct,Apollo Healthco,Mamaearth,Jan'25,FY_24-25,4.0,8.7
APOLLO HEALTHCO LIMITED-WB-2,Direct,Apollo Healthco,Mamaearth,Jan'25,FY_24-25,16.4,37.2
Apollo Healthco Ltd_Raipur,Direct,Apollo Healthco,Mamaearth,Jan'25,FY_24-25,4.0,8.9
Avenue E Commerce Limited(Belapur),Direct,D-Mart,Aqualogica,Jan'25,FY_24-25,0.1,0.1
Avenue E Commerce Limited(Belapur),Direct,D-Mart,The Derma Co,Jan'25,FY_24-25,0.1,0.2
Avenue E Commerce Limited(Kanjur),Direct,D-Mart,Aqualogica,Jan'25,FY_24-25,0.1,0.3
Avenue E Commerce Limited(Kanjur),Direct,D-Mart,The Derma Co,Jan'25,FY_24-25,0.3,0.6
Avenue E Commerce Limited(Kiwale),Direct,D-Mart,Aqualogica,Jan'25,FY_24-25,0.3,0.5
Avenue E Commerce Limited(Kiwale),Direct,D-Mart,The Derma Co,Jan'25,FY_24-25,0.4,0.8
Avenue E Commerce Limited(Mira Road) N2,Direct,D-Mart,Aqualogica,Jan'25,FY_24-25,0.2,0.4
Avenue E Commerce Limited(Mira Road) N2,Direct,D-Mart,The Derma Co,Jan'25,FY_24-25,0.2,0.4
Avenue E Commerce Limited(Nahur),Direct,D-Mart,Aqualogica,Jan'25,FY_24-25,0.3,0.7
Avenue E Commerce Limited(Nahur),Direct,D-Mart,The Derma Co,Jan'25,FY_24-25,0.2,0.5
Avenue E Commerce Limited_Panvel-2,Direct,D-Mart,Aqualogica,Jan'25,FY_24-25,0.2,0.4
Avenue E Commerce Limited_Panvel-2,Direct,D-Mart,The Derma Co,Jan'25,FY_24-25,0.2,0.4
Avenue E Commerce Ltd -Handewadi FC,Direct,D-Mart,Aqualogica,Jan'25,FY_24-25,0.0,0.1
Avenue E Commerce Ltd -Handewadi FC,Direct,D-Mart,The Derma Co,Jan'25,FY_24-25,0.1,0.2
Avenue E Commerce Ltd -Vashi FC-E,Direct,D-Mart,Aqualogica,Jan'25,FY_24-25,0.0,0.1
Avenue E Commerce Ltd -Vashi FC-E,Direct,D-Mart,The Derma Co,Jan'25,FY_24-25,0.1,0.2
Avenue E Commerce Ltd_4047-Vasai Waliv,Direct,D-Mart,Aqualogica,Jan'25,FY_24-25,0.0,0.1
Avenue E Commerce Ltd_4047-Vasai Waliv,Direct,D-Mart,The Derma Co,Jan'25,FY_24-25,0.1,0.2
Avenue E Commerce Ltd_CadburyFC.,Direct,D-Mart,Aqualogica,Jan'25,FY_24-25,0.1,0.3
Avenue E Commerce Ltd_CadburyFC.,Direct,D-Mart,The Derma Co,Jan'25,FY_24-25,0.3,0.5
Avenue E Commerce Ltd_Goregaon,Direct,D-Mart,Aqualogica,Jan'25,FY_24-25,0.1,0.2
Avenue E Commerce Ltd_Goregaon,Direct,D-Mart,The Derma Co,Jan'25,FY_24-25,0.1,0.2
Avenue E Commerce Ltd_Manpada,Direct,D-Mart,Aqualogica,Jan'25,FY_24-25,0.4,0.8
Avenue E Commerce Ltd_Manpada,Direct,D-Mart,The Derma Co,Jan'25,FY_24-25,0.4,0.7
Avenue E Commerce Ltd_PeddaAmberpetFC,Direct,D-Mart,Aqualogica,Jan'25,FY_24-25,0.1,0.1
Avenue E Commerce Ltd_PeddaAmberpetFC,Direct,D-Mart,The Derma Co,Jan'25,FY_24-25,0.1,0.2
Avenue E Commerce Ltd_Wagholi,Direct,D-Mart,Aqualogica,Jan'25,FY_24-25,0.1,0.2
Avenue E Commerce Ltd_Wagholi,Direct,D-Mart,The Derma Co,Jan'25,FY_24-25,0.4,0.7
Avenue Supermarts Ltd.-DC-1032,Direct,D-Mart,Mamaearth,Jan'25,FY_24-25,77.8,201.5
Avenue Supermarts Ltd.-DC-1032,Direct,D-Mart,The Derma Co,Jan'25,FY_24-25,7.1,14.0
Avenue Supermarts Ltd.-DC-1039,Direct,D-Mart,BBlunt,Jan'25,FY_24-25,0.8,1.6
Avenue Supermarts Ltd.-DC-1039,Direct,D-Mart,Mamaearth,Jan'25,FY_24-25,94.8,247.0
Avenue Supermarts Ltd.-DC-1039,Direct,D-Mart,The Derma Co,Jan'25,FY_24-25,22.6,44.5
Avenue Supermarts Ltd.-DC-1049,Direct,D-Mart,Mamaearth,Jan'25,FY_24-25,22.8,59.8
Avenue Supermarts Ltd.-DC-1050,Direct,D-Mart,Mamaearth,Jan'25,FY_24-25,24.5,63.0
Avenue Supermarts Ltd.-DC-1050,Direct,D-Mart,The Derma Co,Jan'25,FY_24-25,5.0,9.7
Avenue Supermarts Ltd.-DC-1068,Direct,D-Mart,Mamaearth,Jan'25,FY_24-25,17.1,42.1
Avenue Supermarts Ltd.-DC-1091,Direct,D-Mart,Mamaearth,Jan'25,FY_24-25,15.1,34.3
Avenue Supermarts Ltd.-DC-1091,Direct,D-Mart,The Derma Co,Jan'25,FY_24-25,3.6,7.0
Guardian Healthcare Services Pvt Ltd(DL),Direct,Guardian,Aqualogica,Jan'25,FY_24-25,0.0,0.0
Guardian Healthcare Services Pvt Ltd(DL),Direct,Guardian,Mamaearth,Jan'25,FY_24-25,0.4,0.7
Guardian Healthcare Services Pvt Ltd(DL),Direct,Guardian,The Derma Co,Jan'25,FY_24-25,0.3,0.6
Metro Cash & Carry India Pvt Ltd -(DC27)-T0SJ,Direct,Metro-CNC-RRL,Aqualogica,Jan'25,FY_24-25,0.1,0.1
Metro Cash & Carry India Pvt Ltd -(DC27)-T0SJ,Direct,Metro-CNC-RRL,BBlunt,Jan'25,FY_24-25,0.1,0.2
Metro Cash & Carry India Pvt Ltd -(DC27)-T0SJ,Direct,Metro-CNC-RRL,Mamaearth,Jan'25,FY_24-25,1.8,3.5
Metro Cash & Carry India Pvt Ltd -(DC27)-T0SJ,Direct,Metro-CNC-RRL,The Derma Co,Jan'25,FY_24-25,0.3,0.5
Metro Cash & Carry India Pvt Ltd-(DC10)-T0SM,Direct,Metro-CNC-RRL,Aqualogica,Jan'25,FY_24-25,0.1,0.1
Metro Cash & Carry India Pvt Ltd-(DC10)-T0SM,Direct,Metro-CNC-RRL,BBlunt,Jan'25,FY_24-25,0.2,0.4
Metro Cash & Carry India Pvt Ltd-(DC10)-T0SM,Direct,Metro-CNC-RRL,Mamaearth,Jan'25,FY_24-25,1.3,2.9
Metro Cash & Carry India Pvt Ltd-(DC10)-T0SM,Direct,Metro-CNC-RRL,The Derma Co,Jan'25,FY_24-25,0.1,0.2
Metro Cash & Carry India Pvt Ltd-(DC11)-T0SL,Direct,Metro-CNC-RRL,Aqualogica,Jan'25,FY_24-25,0.0,0.0
Metro Cash & Carry India Pvt Ltd-(DC11)-T0SL,Direct,Metro-CNC-RRL,BBlunt,Jan'25,FY_24-25,0.1,0.2
Metro Cash & Carry India Pvt Ltd-(DC11)-T0SL,Direct,Metro-CNC-RRL,Mamaearth,Jan'25,FY_24-25,1.0,2.1
Metro Cash & Carry India Pvt Ltd-(DC12)-T0QX,Direct,Metro-CNC-RRL,Mamaearth,Jan'25,FY_24-25,-0.1,-0.2
Metro Cash & Carry India Pvt Ltd-(DC15)-T0QY,Direct,Metro-CNC-RRL,Mamaearth,Jan'25,FY_24-25,0.4,1.3
Metro Cash & Carry India Pvt Ltd-(DC16)-T0QZ,Direct,Metro-CNC-RRL,BBlunt,Jan'25,FY_24-25,-0.1,-0.2
Metro Cash & Carry India Pvt Ltd-(DC16)-T0QZ,Direct,Metro-CNC-RRL,Mamaearth,Jan'25,FY_24-25,3.5,7.0
Metro Cash & Carry India Pvt Ltd-(DC23)-T0RL,Direct,Metro-CNC-RRL,Aqualogica,Jan'25,FY_24-25,0.1,0.1
Metro Cash & Carry India Pvt Ltd-(DC23)-T0RL,Direct,Metro-CNC-RRL,Mamaearth,Jan'25,FY_24-25,0.2,0.5
Metro Cash & Carry India Pvt Ltd-(DC23)-T0RL,Direct,Metro-CNC-RRL,The Derma Co,Jan'25,FY_24-25,0.1,0.1
Metro Cash & Carry India Pvt Ltd-(DC24)-T0RJ,Direct,Metro-CNC-RRL,Mamaearth,Jan'25,FY_24-25,-0.4,-0.8
Metro Cash & Carry India Pvt Ltd-(DC26)-T0SP,Direct,Metro-CNC-RRL,Mamaearth,Jan'25,FY_24-25,0.3,0.7
Metro Cash & Carry India Pvt Ltd-(DC43)-T2YF,Direct,Metro-CNC-RRL,Mamaearth,Jan'25,FY_24-25,-0.5,-0.8
Metro Cash & Carry India Pvt Ltd-(DC43)-T2YF,Direct,Metro-CNC-RRL,The Derma Co,Jan'25,FY_24-25,-0.1,-0.2
Metro Cash & Carry India Pvt Ltd-(DC45)-T0RE,Direct,Metro-CNC-RRL,Mamaearth,Jan'25,FY_24-25,-0.2,-0.6
Metro Cash & Carry India Pvt Ltd-(DC46)-T0RC,Direct,Metro-CNC-RRL,Mamaearth,Jan'25,FY_24-25,-0.3,-0.6
Metro Cash & Carry India Pvt Ltd-(DC52)-T0RI,Direct,Metro-CNC-RRL,Mamaearth,Jan'25,FY_24-25,-0.7,-1.8
Metro Cash & Carry India Pvt Ltd-(DC53)-T0QV,Direct,Metro-CNC-RRL,Mamaearth,Jan'25,FY_24-25,-0.6,-1.3
Metro Cash & Carry India Pvt Ltd-(DC54)-T0QW,Direct,Metro-CNC-RRL,Mamaearth,Jan'25,FY_24-25,0.6,1.2
Metro Cash & Carry India Pvt Ltd_DC33(T0SQ),Direct,Metro-CNC-RRL,Mamaearth,Jan'25,FY_24-25,0.4,0.9
Metro Cash & Carry India Pvt Ltd_T0SO,Direct,Metro-CNC-RRL,Mamaearth,Jan'25,FY_24-25,0.6,1.3
Reliance Retail Limited Ce08,Direct,Reliance Retail,Aqualogica,Jan'25,FY_24-25,-0.4,-0.6
Reliance Retail Limited Ce08,Direct,Reliance Retail,Mamaearth,Jan'25,FY_24-25,14.9,40.3
Reliance Retail Limited Cf08,Direct,Reliance Retail,Mamaearth,Jan'25,FY_24-25,7.5,19.3
Reliance Retail Limited Cf08,Direct,Reliance Retail,Pure Origin,Jan'25,FY_24-25,0.4,0.7
Reliance Retail Limited Cf08,Direct,Reliance Retail,The Derma Co,Jan'25,FY_24-25,-0.5,-0.8
Reliance Retail Limited Fb08,Direct,Reliance Retail,Mamaearth,Jan'25,FY_24-25,8.3,20.6
Reliance Retail Limited Fd08,Direct,Reliance Retail,Mamaearth,Jan'25,FY_24-25,0.6,1.7
Reliance Retail Limited R468,Direct,Reliance Retail,Mamaearth,Jan'25,FY_24-25,0.5,0.7
Reliance Retail Limited R701,Direct,Reliance Retail,Mamaearth,Jan'25,FY_24-25,10.2,24.2
Reliance Retail Limited R701,Direct,Reliance Retail,The Derma Co,Jan'25,FY_24-25,-0.6,-1.0
Reliance Retail Limited R703,Direct,Reliance Retail,Mamaearth,Jan'25,FY_24-25,0.3,0.8
Reliance Retail Limited R801,Direct,Reliance Retail,Mamaearth,Jan'25,FY_24-25,17.1,42.7
Reliance Retail Limited Sc79,Direct,Reliance Retail,Mamaearth,Jan'25,FY_24-25,4.3,10.8
Reliance Retail Limited_2302,Direct,Reliance Retail,Mamaearth,Jan'25,FY_24-25,0.2,0.3
Reliance Retail Limited_2995,Direct,Reliance Retail,Mamaearth,Jan'25,FY_24-25,0.2,0.4
Reliance Retail Limited_2996,Direct,Reliance Retail,Mamaearth,Jan'25,FY_24-25,0.2,0.3
Reliance Retail Limited_6722,Direct,Reliance Retail,Mamaearth,Jan'25,FY_24-25,-0.1,-0.1
Reliance Retail Limited_Cy08-Kerala,Direct,Reliance Retail,Mamaearth,Jan'25,FY_24-25,-0.1,-0.2
Reliance Retail Limited_FR00,Direct,Reliance Retail,Mamaearth,Jan'25,FY_24-25,0.1,0.2
Reliance Retail Limited_FR03,Direct,Reliance Retail,Mamaearth,Jan'25,FY_24-25,0.1,0.3
Reliance Retail Limited_FR27,Direct,Reliance Retail,Mamaearth,Jan'25,FY_24-25,0.1,0.3
Reliance Retail Limited_FR60,Direct,Reliance Retail,Mamaearth,Jan'25,FY_24-25,0.2,0.3
Reliance Retail Limited_FR62,Direct,Reliance Retail,Aqualogica,Jan'25,FY_24-25,0.0,0.0
Reliance Retail Limited_FR62,Direct,Reliance Retail,BBlunt,Jan'25,FY_24-25,0.0,0.0
Reliance Retail Limited_FR62,Direct,Reliance Retail,Mamaearth,Jan'25,FY_24-25,0.2,0.3
Reliance Retail Limited_FR62,Direct,Reliance Retail,The Derma Co,Jan'25,FY_24-25,0.1,0.1
Reliance Retail Limited_FR64,Direct,Reliance Retail,Mamaearth,Jan'25,FY_24-25,0.1,0.2
Reliance Retail Limited_FR76,Direct,Reliance Retail,Aqualogica,Jan'25,FY_24-25,-0.1,-0.2
Reliance Retail Limited_FR76,Direct,Reliance Retail,BBlunt,Jan'25,FY_24-25,0.0,0.0
Reliance Retail Limited_FR76,Direct,Reliance Retail,Mamaearth,Jan'25,FY_24-25,-0.2,-0.5
Reliance Retail Limited_FR76,Direct,Reliance Retail,The Derma Co,Jan'25,FY_24-25,0.1,0.1
Reliance Retail Limited_Fr87,Direct,Reliance Retail,Mamaearth,Jan'25,FY_24-25,17.5,44.9
Reliance Retail Limited_Fr87,Direct,Reliance Retail,Pure Origin,Jan'25,FY_24-25,0.7,1.2
Reliance Retail Limited_Fr89,Direct,Reliance Retail,Mamaearth,Jan'25,FY_24-25,2.9,7.0
Reliance Retail Limited_FRAT,Direct,Reliance Retail,Aqualogica,Jan'25,FY_24-25,0.1,0.2
Reliance Retail Limited_FRAT,Direct,Reliance Retail,BBlunt,Jan'25,FY_24-25,0.1,0.2
Reliance Retail Limited_FRAT,Direct,Reliance Retail,Mamaearth,Jan'25,FY_24-25,0.1,0.2
Reliance Retail Limited_FRAT,Direct,Reliance Retail,The Derma Co,Jan'25,FY_24-25,0.2,0.3
Reliance Retail Limited_Fraz,Direct,Reliance Retail,Mamaearth,Jan'25,FY_24-25,8.0,20.8
Reliance Retail Limited_FRBD,Direct,Reliance Retail,Mamaearth,Jan'25,FY_24-25,0.2,0.4
Reliance Retail Limited_FRBR,Direct,Reliance Retail,Mamaearth,Jan'25,FY_24-25,0.1,0.1
Reliance Retail Limited_FRBS,Direct,Reliance Retail,Aqualogica,Jan'25,FY_24-25,0.1,0.1
Reliance Retail Limited_FRBS,Direct,Reliance Retail,BBlunt,Jan'25,FY_24-25,0.1,0.1
Reliance Retail Limited_FRBS,Direct,Reliance Retail,Mamaearth,Jan'25,FY_24-25,0.1,0.1
Reliance Retail Limited_FRBS,Direct,Reliance Retail,The Derma Co,Jan'25,FY_24-25,0.1,0.2
Reliance Retail Limited_FRBU,Direct,Reliance Retail,BBlunt,Jan'25,FY_24-25,0.0,0.0
Reliance Retail Limited_FRBU,Direct,Reliance Retail,Mamaearth,Jan'25,FY_24-25,0.1,0.2
Reliance Retail Limited_FRBU,Direct,Reliance Retail,The Derma Co,Jan'25,FY_24-25,0.1,0.1
Reliance Retail Limited_FRCJ,Direct,Reliance Retail,Mamaearth,Jan'25,FY_24-25,0.1,0.3
Reliance Retail Limited_FRCS,Direct,Reliance Retail,Mamaearth,Jan'25,FY_24-25,0.1,0.3
Reliance Retail Limited_FRDB,Direct,Reliance Retail,Aqualogica,Jan'25,FY_24-25,0.0,0.0
Reliance Retail Limited_FRDB,Direct,Reliance Retail,BBlunt,Jan'25,FY_24-25,0.0,0.1
Reliance Retail Limited_FRDB,Direct,Reliance Retail,Mamaearth,Jan'25,FY_24-25,0.1,0.2
Reliance Retail Limited_FRDB,Direct,Reliance Retail,The Derma Co,Jan'25,FY_24-25,0.2,0.3
Reliance Retail Limited_FRDK,Direct,Reliance Retail,Aqualogica,Jan'25,FY_24-25,0.0,0.0
Reliance Retail Limited_FRDK,Direct,Reliance Retail,BBlunt,Jan'25,FY_24-25,0.0,0.0
Reliance Retail Limited_FRDK,Direct,Reliance Retail,Mamaearth,Jan'25,FY_24-25,0.1,0.2
Reliance Retail Limited_FRDK,Direct,Reliance Retail,The Derma Co,Jan'25,FY_24-25,0.1,0.1
Reliance Retail Limited_FRDL,Direct,Reliance Retail,Aqualogica,Jan'25,FY_24-25,0.0,0.0
Reliance Retail Limited_FRDL,Direct,Reliance Retail,BBlunt,Jan'25,FY_24-25,0.0,0.0
Reliance Retail Limited_FRDL,Direct,Reliance Retail,Mamaearth,Jan'25,FY_24-25,0.1,0.3
Reliance Retail Limited_FRDL,Direct,Reliance Retail,The Derma Co,Jan'25,FY_24-25,0.1,0.1
Reliance Retail Limited_FREM,Direct,Reliance Retail,Mamaearth,Jan'25,FY_24-25,0.2,0.5
Reliance Retail Limited_FRER,Direct,Reliance Retail,Mamaearth,Jan'25,FY_24-25,0.2,0.3
Reliance Retail Limited_FRFA,Direct,Reliance Retail,Mamaearth,Jan'25,FY_24-25,0.2,0.3
Reliance Retail Limited_FRFD,Direct,Reliance Retail,Mamaearth,Jan'25,FY_24-25,0.2,0.3
Reliance Retail Limited_FRFR,Direct,Reliance Retail,Mamaearth,Jan'25,FY_24-25,0.2,0.3
Reliance Retail Limited_FRFU,Direct,Reliance Retail,Mamaearth,Jan'25,FY_24-25,0.2,0.4
Reliance Retail Limited_FRGC,Direct,Reliance Retail,Mamaearth,Jan'25,FY_24-25,0.2,0.3
Reliance Retail Limited_FRGF,Direct,Reliance Retail,Mamaearth,Jan'25,FY_24-25,0.2,0.4
Reliance Retail Limited_FRGK,Direct,Reliance Retail,Mamaearth,Jan'25,FY_24-25,0.1,0.2
Reliance Retail Limited_FRGW,Direct,Reliance Retail,Mamaearth,Jan'25,FY_24-25,0.2,0.3
Reliance Retail Limited_FRHF,Direct,Reliance Retail,Mamaearth,Jan'25,FY_24-25,0.2,0.3
Reliance Retail Limited_Frhv,Direct,Reliance Retail,Mamaearth,Jan'25,FY_24-25,6.3,16.8
Reliance Retail Limited_Frhv,Direct,Reliance Retail,Pure Origin,Jan'25,FY_24-25,0.3,0.5
RELIANCE RETAIL LIMITED_FRIA,Direct,Reliance Retail,Mamaearth,Jan'25,FY_24-25,11.4,29.8
Reliance Retail Limited_FRLF,Direct,Reliance Retail,Mamaearth,Jan'25,FY_24-25,0.2,0.3
Reliance Retail Limited_S0IX,Direct,Reliance Retail,Mamaearth,Jan'25,FY_24-25,7.5,19.0
Reliance Retail Limited_S0IX,Direct,Reliance Retail,Pure Origin,Jan'25,FY_24-25,0.4,0.7
Reliance Retail Limited_S0XE,Direct,Reliance Retail,Mamaearth,Jan'25,FY_24-25,4.9,10.7
Reliance Retail Limited_SAHO,Direct,Reliance Retail,Mamaearth,Jan'25,FY_24-25,3.4,9.3
Reliance Retail Limited_SAOS,Direct,Reliance Retail,Mamaearth,Jan'25,FY_24-25,8.2,21.0
Reliance Retail Limited_Sb01,Direct,Reliance Retail,Mamaearth,Jan'25,FY_24-25,5.5,13.6
Reliance Retail Limited_Sk8I,Direct,Reliance Retail,Mamaearth,Jan'25,FY_24-25,1.9,5.1
Reliance Retail Limited_SL6S,Direct,Reliance Retail,Mamaearth,Jan'25,FY_24-25,14.6,37.3
Reliance Retail Limited_SZ9J,Direct,Reliance Retail,Mamaearth,Jan'25,FY_24-25,1.7,4.1
Reliance Retail Limited_T62I,Direct,Reliance Retail,Mamaearth,Jan'25,FY_24-25,0.2,0.3
Reliance Retail Limited_T913,Direct,Reliance Retail,Aqualogica,Jan'25,FY_24-25,0.1,0.1
Reliance Retail Limited_T913,Direct,Reliance Retail,BBlunt,Jan'25,FY_24-25,0.1,0.2
Reliance Retail Limited_T913,Direct,Reliance Retail,Mamaearth,Jan'25,FY_24-25,0.1,0.2
Reliance Retail Limited_T913,Direct,Reliance Retail,The Derma Co,Jan'25,FY_24-25,0.1,0.2
Reliance Retail Limited_T946,Direct,Reliance Retail,Mamaearth,Jan'25,FY_24-25,0.2,0.3
Reliance Retail Limited_TB15,Direct,Reliance Retail,Mamaearth,Jan'25,FY_24-25,0.1,0.3
Reliance Retail Limited_TDC7,Direct,Reliance Retail,Mamaearth,Jan'25,FY_24-25,0.2,0.3
Reliance Retail Limited_TE57,Direct,Reliance Retail,Mamaearth,Jan'25,FY_24-25,0.2,0.4
Reliance Retail Limited_TG87,Direct,Reliance Retail,Mamaearth,Jan'25,FY_24-25,0.2,0.4
Reliance Retail Limited_TH94,Direct,Reliance Retail,Mamaearth,Jan'25,FY_24-25,0.1,0.2
Reliance Retail Limited_TK48,Direct,Reliance Retail,Mamaearth,Jan'25,FY_24-25,0.2,0.3
Reliance Retail Limited_TMW7,Direct,Reliance Retail,Mamaearth,Jan'25,FY_24-25,0.2,0.3
Reliance Retail Limited_TMZ5,Direct,Reliance Retail,Mamaearth,Jan'25,FY_24-25,0.0,-0.1
Reliance Retail Limited_TN55,Direct,Reliance Retail,Mamaearth,Jan'25,FY_24-25,0.2,0.4
Reliance Retail Limited_TN56,Direct,Reliance Retail,Mamaearth,Jan'25,FY_24-25,0.7,1.2
Reliance Retail Limited_TNB7,Direct,Reliance Retail,Mamaearth,Jan'25,FY_24-25,0.2,0.4
Reliance Retail Limited_TNC1,Direct,Reliance Retail,Aqualogica,Jan'25,FY_24-25,0.1,0.1
Reliance Retail Limited_TNC1,Direct,Reliance Retail,BBlunt,Jan'25,FY_24-25,0.1,0.2
Reliance Retail Limited_TNC1,Direct,Reliance Retail,Mamaearth,Jan'25,FY_24-25,0.2,0.3
Reliance Retail Limited_TNC1,Direct,Reliance Retail,The Derma Co,Jan'25,FY_24-25,0.2,0.3
Reliance Retail Limited_TNC6,Direct,Reliance Retail,Mamaearth,Jan'25,FY_24-25,0.2,0.4
Reliance Retail Limited_TNC8,Direct,Reliance Retail,Mamaearth,Jan'25,FY_24-25,0.2,0.3
Reliance Retail Limited_TND0,Direct,Reliance Retail,Mamaearth,Jan'25,FY_24-25,0.3,0.5
Reliance Retail Limited_TNE3,Direct,Reliance Retail,Mamaearth,Jan'25,FY_24-25,0.2,0.3
Reliance Retail Limited_TO20,Direct,Reliance Retail,Mamaearth,Jan'25,FY_24-25,0.2,0.4
Reliance Retail Limited_TOJ6,Direct,Reliance Retail,Mamaearth,Jan'25,FY_24-25,0.1,0.2
Reliance Retail Limited_TP05,Direct,Reliance Retail,Mamaearth,Jan'25,FY_24-25,0.2,0.3
Reliance Retail Limited_TP76,Direct,Reliance Retail,Mamaearth,Jan'25,FY_24-25,0.3,0.6
Reliance Retail Limited_TQ21,Direct,Reliance Retail,Mamaearth,Jan'25,FY_24-25,0.1,0.3
Reliance Retail Limited_TQ22,Direct,Reliance Retail,Mamaearth,Jan'25,FY_24-25,0.2,0.4
Reliance Retail Limited_TW60,Direct,Reliance Retail,Mamaearth,Jan'25,FY_24-25,0.8,1.3
Reliance Retail Limited_TY87,Direct,Reliance Retail,Mamaearth,Jan'25,FY_24-25,0.2,0.3
Reliance Retail Limited-6202,Direct,Reliance Retail,Aqualogica,Jan'25,FY_24-25,0.1,0.1
Reliance Retail Limited-6202,Direct,Reliance Retail,BBlunt,Jan'25,FY_24-25,0.1,0.1
Reliance Retail Limited-6202,Direct,Reliance Retail,Mamaearth,Jan'25,FY_24-25,0.1,0.3
Reliance Retail Limited-6202,Direct,Reliance Retail,The Derma Co,Jan'25,FY_24-25,0.0,0.1
Reliance Retail Limited-6205,Direct,Reliance Retail,Aqualogica,Jan'25,FY_24-25,0.1,0.1
Reliance Retail Limited-6205,Direct,Reliance Retail,BBlunt,Jan'25,FY_24-25,0.2,0.4
Reliance Retail Limited-6205,Direct,Reliance Retail,Mamaearth,Jan'25,FY_24-25,0.4,0.7
Reliance Retail Limited-6205,Direct,Reliance Retail,The Derma Co,Jan'25,FY_24-25,0.3,0.4
Reliance Retail Limited-6206,Direct,Reliance Retail,Mamaearth,Jan'25,FY_24-25,0.1,0.2
Reliance Retail Limited-6208,Direct,Reliance Retail,Mamaearth,Jan'25,FY_24-25,0.1,0.2
Reliance Retail Limited-6214,Direct,Reliance Retail,Mamaearth,Jan'25,FY_24-25,0.1,0.3
Reliance Retail Limited-6217,Direct,Reliance Retail,Mamaearth,Jan'25,FY_24-25,0.2,0.3
Reliance Retail Limited-6219,Direct,Reliance Retail,Mamaearth,Jan'25,FY_24-25,0.4,0.8
Reliance Retail Limited-6224,Direct,Reliance Retail,Aqualogica,Jan'25,FY_24-25,0.0,0.0
Reliance Retail Limited-6224,Direct,Reliance Retail,Mamaearth,Jan'25,FY_24-25,0.4,0.7
Reliance Retail Limited-6225,Direct,Reliance Retail,Mamaearth,Jan'25,FY_24-25,0.4,0.7
Reliance Retail Limited-6239,Direct,Reliance Retail,Mamaearth,Jan'25,FY_24-25,0.2,0.3
Reliance Retail Limited-6703,Direct,Reliance Retail,Mamaearth,Jan'25,FY_24-25,0.2,0.3
Reliance Retail Limited-6705,Direct,Reliance Retail,Mamaearth,Jan'25,FY_24-25,0.3,0.6
Reliance Retail Limited-6726,Direct,Reliance Retail,Mamaearth,Jan'25,FY_24-25,0.2,0.5
RELIANCE RETAIL LIMITED-Badli,Direct,Reliance Retail,Mamaearth,Jan'25,FY_24-25,10.3,25.4
RELIANCE RETAIL LIMITED-Badli,Direct,Reliance Retail,Pure Origin,Jan'25,FY_24-25,0.6,0.9
Reliance Retail Limited-FR08,Direct,Reliance Retail,Mamaearth,Jan'25,FY_24-25,0.2,0.4
Reliance Retail Limited-FR15,Direct,Reliance Retail,Mamaearth,Jan'25,FY_24-25,0.2,0.3
Reliance Retail Limited-FR23,Direct,Reliance Retail,Mamaearth,Jan'25,FY_24-25,0.2,0.4
Reliance Retail Limited-FR40,Direct,Reliance Retail,Mamaearth,Jan'25,FY_24-25,0.4,0.7
Reliance Retail Limited-FR43,Direct,Reliance Retail,Mamaearth,Jan'25,FY_24-25,1.3,2.5
Reliance Retail Limited-FR45,Direct,Reliance Retail,Aqualogica,Jan'25,FY_24-25,0.1,0.1
Reliance Retail Limited-FR45,Direct,Reliance Retail,BBlunt,Jan'25,FY_24-25,0.1,0.2
Reliance Retail Limited-FR45,Direct,Reliance Retail,Mamaearth,Jan'25,FY_24-25,0.1,0.3
Reliance Retail Limited-FR45,Direct,Reliance Retail,The Derma Co,Jan'25,FY_24-25,0.1,0.2
Reliance Retail Limited-FR46,Direct,Reliance Retail,Mamaearth,Jan'25,FY_24-25,0.4,0.7
Reliance Retail Limited-FR47,Direct,Reliance Retail,Mamaearth,Jan'25,FY_24-25,0.3,0.7
Reliance Retail Limited-FR63,Direct,Reliance Retail,Aqualogica,Jan'25,FY_24-25,0.0,0.0
Reliance Retail Limited-FR63,Direct,Reliance Retail,BBlunt,Jan'25,FY_24-25,0.0,0.0
Reliance Retail Limited-FR63,Direct,Reliance Retail,Mamaearth,Jan'25,FY_24-25,0.1,0.2
Reliance Retail Limited-FR63,Direct,Reliance Retail,The Derma Co,Jan'25,FY_24-25,0.1,0.1
Reliance Retail Limited-FR73,Direct,Reliance Retail,Aqualogica,Jan'25,FY_24-25,0.0,0.0
Reliance Retail Limited-FR73,Direct,Reliance Retail,BBlunt,Jan'25,FY_24-25,0.0,0.1
Reliance Retail Limited-FR73,Direct,Reliance Retail,Mamaearth,Jan'25,FY_24-25,0.3,0.5
Reliance Retail Limited-FR73,Direct,Reliance Retail,The Derma Co,Jan'25,FY_24-25,0.2,0.2
Reliance Retail Limited-FR74,Direct,Reliance Retail,Mamaearth,Jan'25,FY_24-25,0.2,0.4
Reliance Retail Limited-FR95,Direct,Reliance Retail,Mamaearth,Jan'25,FY_24-25,0.2,0.3
Reliance Retail Limited-FRAR,Direct,Reliance Retail,Aqualogica,Jan'25,FY_24-25,0.1,0.1
Reliance Retail Limited-FRAR,Direct,Reliance Retail,BBlunt,Jan'25,FY_24-25,0.1,0.1
Reliance Retail Limited-FRAR,Direct,Reliance Retail,Mamaearth,Jan'25,FY_24-25,0.3,0.5
Reliance Retail Limited-FRAR,Direct,Reliance Retail,The Derma Co,Jan'25,FY_24-25,0.1,0.2
Reliance Retail Limited-FRAU,Direct,Reliance Retail,Aqualogica,Jan'25,FY_24-25,0.1,0.1
Reliance Retail Limited-FRAU,Direct,Reliance Retail,BBlunt,Jan'25,FY_24-25,0.1,0.1
Reliance Retail Limited-FRAU,Direct,Reliance Retail,Mamaearth,Jan'25,FY_24-25,0.1,0.2
Reliance Retail Limited-FRAU,Direct,Reliance Retail,The Derma Co,Jan'25,FY_24-25,0.1,0.2
Reliance Retail Limited-FRBQ,Direct,Reliance Retail,Mamaearth,Jan'25,FY_24-25,0.1,0.2
Reliance Retail Limited-FRBV,Direct,Reliance Retail,Aqualogica,Jan'25,FY_24-25,0.0,0.0
Reliance Retail Limited-FRBV,Direct,Reliance Retail,BBlunt,Jan'25,FY_24-25,0.0,0.1
Reliance Retail Limited-FRBV,Direct,Reliance Retail,Mamaearth,Jan'25,FY_24-25,0.3,0.6
Reliance Retail Limited-FRBV,Direct,Reliance Retail,The Derma Co,Jan'25,FY_24-25,0.1,0.2
Reliance Retail Limited-FRCA,Direct,Reliance Retail,Mamaearth,Jan'25,FY_24-25,0.2,0.4
Reliance Retail Limited-FRCB,Direct,Reliance Retail,BBlunt,Jan'25,FY_24-25,0.0,0.0
Reliance Retail Limited-FRCB,Direct,Reliance Retail,Mamaearth,Jan'25,FY_24-25,0.1,0.2
Reliance Retail Limited-FRCB,Direct,Reliance Retail,The Derma Co,Jan'25,FY_24-25,0.1,0.1
Reliance Retail Limited-FRCC,Direct,Reliance Retail,Aqualogica,Jan'25,FY_24-25,0.1,0.1
Reliance Retail Limited-FRCC,Direct,Reliance Retail,BBlunt,Jan'25,FY_24-25,0.1,0.1
Reliance Retail Limited-FRCC,Direct,Reliance Retail,Mamaearth,Jan'25,FY_24-25,0.2,0.3
Reliance Retail Limited-FRCC,Direct,Reliance Retail,The Derma Co,Jan'25,FY_24-25,0.2,0.2
Reliance Retail Limited-FRCF,Direct,Reliance Retail,Mamaearth,Jan'25,FY_24-25,-0.1,-0.3
Reliance Retail Limited-FRCK,Direct,Reliance Retail,Aqualogica,Jan'25,FY_24-25,0.1,0.1
Reliance Retail Limited-FRCK,Direct,Reliance Retail,BBlunt,Jan'25,FY_24-25,0.1,0.2
Reliance Retail Limited-FRCK,Direct,Reliance Retail,Mamaearth,Jan'25,FY_24-25,0.2,0.3
Reliance Retail Limited-FRCK,Direct,Reliance Retail,The Derma Co,Jan'25,FY_24-25,0.2,0.3
Reliance Retail Limited-FRCO,Direct,Reliance Retail,Mamaearth,Jan'25,FY_24-25,0.3,0.5
Reliance Retail Limited-FRCX,Direct,Reliance Retail,Aqualogica,Jan'25,FY_24-25,0.2,0.4
Reliance Retail Limited-FRCX,Direct,Reliance Retail,Mamaearth,Jan'25,FY_24-25,0.2,0.3
Reliance Retail Limited-FRDF,Direct,Reliance Retail,Mamaearth,Jan'25,FY_24-25,0.2,0.4
Reliance Retail Limited-FRDH,Direct,Reliance Retail,Mamaearth,Jan'25,FY_24-25,0.1,0.2
Reliance Retail Limited-FRDM,Direct,Reliance Retail,Mamaearth,Jan'25,FY_24-25,0.2,0.3
Reliance Retail Limited-FRDU,Direct,Reliance Retail,Mamaearth,Jan'25,FY_24-25,0.3,0.5
Reliance Retail Limited-FRDV,Direct,Reliance Retail,Mamaearth,Jan'25,FY_24-25,0.2,0.4
Reliance Retail Limited-FRDZ,Direct,Reliance Retail,Mamaearth,Jan'25,FY_24-25,0.2,0.3
RELIANCE RETAIL LIMITED-FREC,Direct,Reliance Retail,Mamaearth,Jan'25,FY_24-25,17.3,42.2
RELIANCE RETAIL LIMITED-FREF,Direct,Reliance Retail,Mamaearth,Jan'25,FY_24-25,2.4,6.4
RELIANCE RETAIL LIMITED-FREI,Direct,Reliance Retail,Mamaearth,Jan'25,FY_24-25,0.2,0.5
RELIANCE RETAIL LIMITED-FREI,Direct,Reliance Retail,Pure Origin,Jan'25,FY_24-25,0.5,0.9
Reliance Retail Limited-FRFP,Direct,Reliance Retail,Mamaearth,Jan'25,FY_24-25,0.2,0.4
Reliance Retail Limited-FRGN,Direct,Reliance Retail,Mamaearth,Jan'25,FY_24-25,0.2,0.4
Reliance Retail Limited-FRGQ,Direct,Reliance Retail,Mamaearth,Jan'25,FY_24-25,0.6,1.1
Reliance Retail Limited-FRGS,Direct,Reliance Retail,Aqualogica,Jan'25,FY_24-25,0.1,0.1
Reliance Retail Limited-FRGS,Direct,Reliance Retail,BBlunt,Jan'25,FY_24-25,0.1,0.2
Reliance Retail Limited-FRGS,Direct,Reliance Retail,Mamaearth,Jan'25,FY_24-25,0.2,0.3
Reliance Retail Limited-FRGS,Direct,Reliance Retail,The Derma Co,Jan'25,FY_24-25,0.1,0.2
Reliance Retail Limited-FRHL,Direct,Reliance Retail,Mamaearth,Jan'25,FY_24-25,0.4,0.7
Reliance Retail Limited-FRHT,Direct,Reliance Retail,Mamaearth,Jan'25,FY_24-25,0.2,0.4
Reliance Retail Limited-S0GK,Direct,Reliance Retail,Mamaearth,Jan'25,FY_24-25,4.8,11.8
Reliance Retail Limited-S0KN,Direct,Reliance Retail,Mamaearth,Jan'25,FY_24-25,7.0,15.8
Reliance Retail Limited-S2BZ,Direct,Reliance Retail,Mamaearth,Jan'25,FY_24-25,3.1,8.1
Reliance Retail Limited-SAAH,Direct,Reliance Retail,Mamaearth,Jan'25,FY_24-25,11.7,29.2
RELIANCE RETAIL LIMITED-SF92,Direct,Reliance Retail,Mamaearth,Jan'25,FY_24-25,29.2,78.0
RELIANCE RETAIL LIMITED-SH65,Direct,Reliance Retail,Mamaearth,Jan'25,FY_24-25,11.5,28.4
RELIANCE RETAIL LIMITED-SH69,Direct,Reliance Retail,Mamaearth,Jan'25,FY_24-25,7.9,20.3
RELIANCE RETAIL LIMITED-SH71,Direct,Reliance Retail,Mamaearth,Jan'25,FY_24-25,16.3,41.9
Reliance Retail Limited-SK6I,Direct,Reliance Retail,Mamaearth,Jan'25,FY_24-25,6.1,15.1
Reliance Retail Limited-SLET,Direct,Reliance Retail,Mamaearth,Jan'25,FY_24-25,2.1,5.8
Reliance Retail Limited-SLG3,Direct,Reliance Retail,Mamaearth,Jan'25,FY_24-25,4.4,10.9
RELIANCE RETAIL LIMITED-SLIG,Direct,Reliance Retail,Mamaearth,Jan'25,FY_24-25,2.6,7.0
RELIANCE RETAIL LIMITED-SLII,Direct,Reliance Retail,Mamaearth,Jan'25,FY_24-25,0.7,1.9
Reliance Retail Limited-SLMP,Direct,Reliance Retail,Mamaearth,Jan'25,FY_24-25,0.2,0.4
Reliance Retail Limited-Slmr,Direct,Reliance Retail,Mamaearth,Jan'25,FY_24-25,1.4,3.2
Reliance Retail Limited-SLS1,Direct,Reliance Retail,Mamaearth,Jan'25,FY_24-25,9.4,22.6
Reliance Retail Limited-SLS2,Direct,Reliance Retail,Mamaearth,Jan'25,FY_24-25,1.6,4.4
Reliance Retail Limited-SN1U,Direct,Reliance Retail,Mamaearth,Jan'25,FY_24-25,7.9,19.4
Reliance Retail Limited-SP9K,Direct,Reliance Retail,Mamaearth,Jan'25,FY_24-25,6.3,15.7
Reliance Retail Limited-T0Z9,Direct,Reliance Retail,Mamaearth,Jan'25,FY_24-25,0.2,0.4
Reliance Retail Limited-T1CT,Direct,Reliance Retail,Mamaearth,Jan'25,FY_24-25,1.1,2.2
Reliance Retail Limited-T1X4,Direct,Reliance Retail,Mamaearth,Jan'25,FY_24-25,0.3,0.6
Reliance Retail Limited-T2DI,Direct,Reliance Retail,Aqualogica,Jan'25,FY_24-25,0.1,0.1
Reliance Retail Limited-T2DI,Direct,Reliance Retail,BBlunt,Jan'25,FY_24-25,0.1,0.1
Reliance Retail Limited-T2DI,Direct,Reliance Retail,The Derma Co,Jan'25,FY_24-25,0.1,0.2
Reliance Retail Limited-T37T,Direct,Reliance Retail,Mamaearth,Jan'25,FY_24-25,0.2,0.4
Reliance Retail Limited-T48P,Direct,Reliance Retail,Mamaearth,Jan'25,FY_24-25,1.0,1.9
Reliance Retail Limited-T84I,Direct,Reliance Retail,Aqualogica,Jan'25,FY_24-25,0.1,0.1
Reliance Retail Limited-T84I,Direct,Reliance Retail,BBlunt,Jan'25,FY_24-25,0.1,0.1
Reliance Retail Limited-T84I,Direct,Reliance Retail,The Derma Co,Jan'25,FY_24-25,0.1,0.1
Reliance Retail Limited-T915,Direct,Reliance Retail,Mamaearth,Jan'25,FY_24-25,0.3,0.5
Reliance Retail Limited-TA35,Direct,Reliance Retail,Mamaearth,Jan'25,FY_24-25,0.2,0.4
Reliance Retail Limited-TA36,Direct,Reliance Retail,Aqualogica,Jan'25,FY_24-25,0.1,0.1
Reliance Retail Limited-TA36,Direct,Reliance Retail,BBlunt,Jan'25,FY_24-25,0.1,0.1
Reliance Retail Limited-TA36,Direct,Reliance Retail,Mamaearth,Jan'25,FY_24-25,0.1,0.2
Reliance Retail Limited-TA36,Direct,Reliance Retail,The Derma Co,Jan'25,FY_24-25,0.1,0.2
Reliance Retail Limited-TA9N,Direct,Reliance Retail,Mamaearth,Jan'25,FY_24-25,0.2,0.3
Reliance Retail Limited-TAIE,Direct,Reliance Retail,Aqualogica,Jan'25,FY_24-25,0.1,0.1
Reliance Retail Limited-TAIE,Direct,Reliance Retail,BBlunt,Jan'25,FY_24-25,0.0,0.1
Reliance Retail Limited-TAIE,Direct,Reliance Retail,The Derma Co,Jan'25,FY_24-25,0.1,0.2
Reliance Retail Limited-TAUX,Direct,Reliance Retail,Mamaearth,Jan'25,FY_24-25,0.1,0.3
Reliance Retail Limited-TG2K,Direct,Reliance Retail,Mamaearth,Jan'25,FY_24-25,0.3,0.5
Reliance Retail Limited-TGL6,Direct,Reliance Retail,Mamaearth,Jan'25,FY_24-25,0.3,0.4
Reliance Retail Limited-TIU6,Direct,Reliance Retail,Mamaearth,Jan'25,FY_24-25,0.2,0.4
Reliance Retail Limited-TL30,Direct,Reliance Retail,Aqualogica,Jan'25,FY_24-25,-0.2,-0.4
Reliance Retail Limited-TL30,Direct,Reliance Retail,BBlunt,Jan'25,FY_24-25,0.0,0.0
Reliance Retail Limited-TL30,Direct,Reliance Retail,Mamaearth,Jan'25,FY_24-25,-0.3,-0.5
Reliance Retail Limited-TL30,Direct,Reliance Retail,The Derma Co,Jan'25,FY_24-25,0.0,0.0
Reliance Retail Limited-TM18,Direct,Reliance Retail,Mamaearth,Jan'25,FY_24-25,0.4,0.8
Reliance Retail Limited-TM27,Direct,Reliance Retail,Mamaearth,Jan'25,FY_24-25,0.1,0.2
Reliance Retail Limited-TMI6,Direct,Reliance Retail,Mamaearth,Jan'25,FY_24-25,0.4,0.7
Reliance Retail Limited-TN54,Direct,Reliance Retail,Mamaearth,Jan'25,FY_24-25,0.1,0.2
Reliance Retail Limited-Tna8,Direct,Reliance Retail,Mamaearth,Jan'25,FY_24-25,0.2,0.4
Reliance Retail Limited-TNB5,Direct,Reliance Retail,Mamaearth,Jan'25,FY_24-25,0.1,0.3
Reliance Retail Limited-TNC2,Direct,Reliance Retail,Aqualogica,Jan'25,FY_24-25,0.1,0.1
Reliance Retail Limited-TNC2,Direct,Reliance Retail,BBlunt,Jan'25,FY_24-25,0.0,0.1
Reliance Retail Limited-TNC2,Direct,Reliance Retail,The Derma Co,Jan'25,FY_24-25,0.1,0.1
Reliance Retail Limited-TNC7,Direct,Reliance Retail,Aqualogica,Jan'25,FY_24-25,0.0,0.0
Reliance Retail Limited-TNC7,Direct,Reliance Retail,BBlunt,Jan'25,FY_24-25,0.1,0.1
Reliance Retail Limited-TNC7,Direct,Reliance Retail,Mamaearth,Jan'25,FY_24-25,0.3,0.5
Reliance Retail Limited-TNC7,Direct,Reliance Retail,The Derma Co,Jan'25,FY_24-25,0.1,0.2
Reliance Retail Limited-TND1,Direct,Reliance Retail,Mamaearth,Jan'25,FY_24-25,0.4,0.8
Reliance Retail Limited-TND2,Direct,Reliance Retail,Aqualogica,Jan'25,FY_24-25,0.0,0.0
Reliance Retail Limited-TND2,Direct,Reliance Retail,BBlunt,Jan'25,FY_24-25,0.0,0.1
Reliance Retail Limited-TND2,Direct,Reliance Retail,Mamaearth,Jan'25,FY_24-25,0.0,0.1
Reliance Retail Limited-TND2,Direct,Reliance Retail,The Derma Co,Jan'25,FY_24-25,0.1,0.2
Reliance Retail Limited-TND4,Direct,Reliance Retail,Mamaearth,Jan'25,FY_24-25,0.2,0.4
Reliance Retail Limited-Tnd5,Direct,Reliance Retail,Mamaearth,Jan'25,FY_24-25,0.3,0.5
Reliance Retail Limited-TND6,Direct,Reliance Retail,Mamaearth,Jan'25,FY_24-25,0.1,0.2
Reliance Retail Limited-TND7,Direct,Reliance Retail,Mamaearth,Jan'25,FY_24-25,0.1,0.2
Reliance Retail Limited-TNE1,Direct,Reliance Retail,Mamaearth,Jan'25,FY_24-25,0.1,0.3
Reliance Retail Limited-TOG3,Direct,Reliance Retail,Mamaearth,Jan'25,FY_24-25,0.1,0.2
Reliance Retail Limited-TP06,Direct,Reliance Retail,Mamaearth,Jan'25,FY_24-25,0.2,0.5
Reliance Retail Limited-TP23,Direct,Reliance Retail,Mamaearth,Jan'25,FY_24-25,0.2,0.4
Reliance Retail Limited-TQ61,Direct,Reliance Retail,Mamaearth,Jan'25,FY_24-25,0.2,0.3
Reliance Retail Limited-TR28,Direct,Reliance Retail,Mamaearth,Jan'25,FY_24-25,0.1,0.2
Reliance Retail Limited-TW11,Direct,Reliance Retail,Mamaearth,Jan'25,FY_24-25,0.2,0.3
Reliance Retail Limited-TZ03,Direct,Reliance Retail,Mamaearth,Jan'25,FY_24-25,0.4,0.7
Reliance Retail Limited-TZ8R,Direct,Reliance Retail,Mamaearth,Jan'25,FY_24-25,0.2,0.3
Reliance Retail Limited-TZL5,Direct,Reliance Retail,Aqualogica,Jan'25,FY_24-25,0.1,0.1
Reliance Retail Limited-TZL5,Direct,Reliance Retail,BBlunt,Jan'25,FY_24-25,0.1,0.1
Reliance Retail Limited-TZL5,Direct,Reliance Retail,Mamaearth,Jan'25,FY_24-25,0.1,0.1
Reliance Retail Limited-TZL5,Direct,Reliance Retail,The Derma Co,Jan'25,FY_24-25,0.1,0.2
Reliance Retail Limited-ZZI0-B,Direct,Reliance Retail,Aqualogica,Jan'25,FY_24-25,0.6,0.9
Reliance Retail Limited-ZZI0-B,Direct,Reliance Retail,Mamaearth,Jan'25,FY_24-25,6.0,11.7
Reliance Retail Ltd _Madhavaram- TNB8,Direct,Reliance Retail,Mamaearth,Jan'25,FY_24-25,0.2,0.4
Reliance Retail Ltd _Mysore_2994,Direct,Reliance Retail,Mamaearth,Jan'25,FY_24-25,0.3,0.6
Reliance Retail Ltd _RAJAJI NAGAR- FR49,Direct,Reliance Retail,Aqualogica,Jan'25,FY_24-25,0.1,0.1
Reliance Retail Ltd _RAJAJI NAGAR- FR49,Direct,Reliance Retail,BBlunt,Jan'25,FY_24-25,0.1,0.1
Reliance Retail Ltd _RAJAJI NAGAR- FR49,Direct,Reliance Retail,Mamaearth,Jan'25,FY_24-25,0.1,0.1
Reliance Retail Ltd _RAJAJI NAGAR- FR49,Direct,Reliance Retail,The Derma Co,Jan'25,FY_24-25,0.2,0.2
Reliance Retail Ltd_Davanagere- TNC0,Direct,Reliance Retail,Mamaearth,Jan'25,FY_24-25,0.2,0.4
Reliance Retail Ltd_Hubballi_2997,Direct,Reliance Retail,Mamaearth,Jan'25,FY_24-25,0.1,0.2
Reliance Retail Ltd_Nagercoil- 3338,Direct,Reliance Retail,Mamaearth,Jan'25,FY_24-25,0.4,0.7
RELIANCE RETAIL Ltd-SLEW,Direct,Reliance Retail,Mamaearth,Jan'25,FY_24-25,7.0,17.5
Tnsi Retail Pvt Ltd_Sultanpur,Direct,WH-Smith,Mamaearth,Jan'25,FY_24-25,-2.0,-4.1
Tnsi Retail Pvt Ltd_Sultanpur,Direct,WH-Smith,The Derma Co,Jan'25,FY_24-25,0.0,0.0
Travel News Services India Pvt Ltd(Hyd),Direct,WH-Smith,Aqualogica,Jan'25,FY_24-25,0.2,0.4
Travel News Services India Pvt Ltd(Hyd),Direct,WH-Smith,Mamaearth,Jan'25,FY_24-25,0.8,1.6
Travel News Services India Pvt Ltd(Unit11Coch,Direct,WH-Smith,Aqualogica,Jan'25,FY_24-25,0.7,1.4
Travel News Services India Pvt Ltd(Unit11Coch,Direct,WH-Smith,Mamaearth,Jan'25,FY_24-25,3.1,6.3
Travel News Services India Pvt LtdWHSM-HOOGHLY,Direct,WH-Smith,Aqualogica,Jan'25,FY_24-25,0.1,0.1
Travel News Services India Pvt LtdWHSM-HOOGHLY,Direct,WH-Smith,Mamaearth,Jan'25,FY_24-25,1.1,2.2
Travel Retail Services Pvt Ltd_Blr,Direct,Relay,Mamaearth,Jan'25,FY_24-25,0.3,0.8
Travel Retail Services Pvt Ltd_Blr,Direct,Relay,The Derma Co,Jan'25,FY_24-25,0.1,0.3
Trent Hypermarket Private Limited_Blr,Direct,Trent,Mamaearth,Jan'25,FY_24-25,0.6,1.0
Trent Hypermarket Private Limited_Mah,Direct,Trent,Mamaearth,Jan'25,FY_24-25,1.0,1.7
Trent Hypermarket Private Limited-P,Direct,Trent,Mamaearth,Jan'25,FY_24-25,1.5,2.6
Wal-Mart India Private Limited 4702,Direct,Walmart CNC,Mamaearth,Jan'25,FY_24-25,1.7,3.3
Wal-Mart India Private Limited 4703,Direct,Walmart CNC,Mamaearth,Jan'25,FY_24-25,1.3,2.4
Wal-Mart India Private Limited 4706,Direct,Walmart CNC,Mamaearth,Jan'25,FY_24-25,1.0,2.0
Wal-Mart India Private Limited 4712,Direct,Walmart CNC,Mamaearth,Jan'25,FY_24-25,1.6,3.1
Wal-Mart India Private Limited 4713,Direct,Walmart CNC,Mamaearth,Jan'25,FY_24-25,1.6,3.1
Wal-Mart India Private Limited 4716,Direct,Walmart CNC,Mamaearth,Jan'25,FY_24-25,1.1,2.1
Wal-Mart India Private Limited 4717,Direct,Walmart CNC,Mamaearth,Jan'25,FY_24-25,1.3,2.5
Wal-Mart India Private Limited 4719,Direct,Walmart CNC,Mamaearth,Jan'25,FY_24-25,3.6,6.9
Wal-Mart India Private Limited 4720,Direct,Walmart CNC,Mamaearth,Jan'25,FY_24-25,1.5,2.9
Wal-Mart India Private Limited 4721,Direct,Walmart CNC,Mamaearth,Jan'25,FY_24-25,0.3,0.6
Wal-Mart India Private Limited 4723,Direct,Walmart CNC,Mamaearth,Jan'25,FY_24-25,3.2,6.0
Wal-Mart India Private Limited 4725,Direct,Walmart CNC,Mamaearth,Jan'25,FY_24-25,-0.2,-0.5
Wal-Mart India Private Limited 4727,Direct,Walmart CNC,Mamaearth,Jan'25,FY_24-25,0.3,0.6
Wal-Mart India Private Limited 4729,Direct,Walmart CNC,Mamaearth,Jan'25,FY_24-25,0.8,1.5
Wal-Mart India Private Limited 4734,Direct,Walmart CNC,Mamaearth,Jan'25,FY_24-25,0.3,0.6
Wal-Mart India Private Limited 4742,Direct,Walmart CNC,Mamaearth,Jan'25,FY_24-25,0.5,0.9
Wal-Mart India Private Limited 4744,Direct,Walmart CNC,Mamaearth,Jan'25,FY_24-25,0.1,0.1
Wal-Mart India Private Limited 4760,Direct,Walmart CNC,Mamaearth,Jan'25,FY_24-25,1.0,1.9
Wal-Mart India Private Limited 4797,Direct,Walmart CNC,Mamaearth,Jan'25,FY_24-25,0.9,1.6
Wal-Mart India Private Limited 4799,Direct,Walmart CNC,Mamaearth,Jan'25,FY_24-25,0.0,0.0
Wal-Mart India Private Limited 4801,Direct,Walmart CNC,Mamaearth,Jan'25,FY_24-25,1.1,2.1
Wal-Mart India Private Limited 4803,Direct,Walmart CNC,Mamaearth,Jan'25,FY_24-25,1.7,3.3
Wal-Mart India Private Limited 4805,Direct,Walmart CNC,Mamaearth,Jan'25,FY_24-25,0.8,1.5
Wal-Mart India Private Limited 4814,Direct,Walmart CNC,Mamaearth,Jan'25,FY_24-25,0.1,0.3
Wellness Forever Medicare Ltd,Direct,Wellness Forever,Aqualogica,Jan'25,FY_24-25,1.0,1.7
Wellness Forever Medicare Ltd,Direct,Wellness Forever,Mamaearth,Jan'25,FY_24-25,19.4,32.7
Wellness Forever Medicare Ltd,Direct,Wellness Forever,The Derma Co,Jan'25,FY_24-25,21.4,36.1
Arc Foods And Beverages_Mt_H&G,Dist.,H&G,Aqualogica,Jan'25,FY_24-25,0.7,1.4
Arc Foods And Beverages_Mt_H&G,Dist.,Apollo Healthco,Aqualogica,Jan'25,FY_24-25,0.1,0.1
Arc Foods And Beverages_Mt_H&G,Dist.,H&G,BBlunt,Jan'25,FY_24-25,1.2,1.9
Arc Foods And Beverages_Mt_H&G,Dist.,Apollo Healthco,Mamaearth,Jan'25,FY_24-25,3.9,7.5
Arc Foods And Beverages_Mt_H&G,Dist.,H&G,Mamaearth,Jan'25,FY_24-25,5.9,11.4
Arc Foods And Beverages_Mt_H&G,Dist.,H&G,The Derma Co,Jan'25,FY_24-25,7.8,14.4
Arc Foods And Beverages_Mt_H&G,Dist.,Apollo Healthco,The Derma Co,Jan'25,FY_24-25,0.7,1.3
Az Enterprises(Apollo/More)Mt,Dist.,Apollo Healthco,Aqualogica,Jan'25,FY_24-25,0.1,0.2
Az Enterprises(Apollo/More)Mt,Dist.,Trilife,Aqualogica,Jan'25,FY_24-25,0.0,0.0
Az Enterprises(Apollo/More)Mt,Dist.,Lulu,Aqualogica,Jan'25,FY_24-25,0.2,0.4
Az Enterprises(Apollo/More)Mt,Dist.,H&G,Aqualogica,Jan'25,FY_24-25,1.4,2.3
Az Enterprises(Apollo/More)Mt,Dist.,B&N,Aqualogica,Jan'25,FY_24-25,0.1,0.1
Az Enterprises(Apollo/More)Mt,Dist.,H&G,BBlunt,Jan'25,FY_24-25,3.5,6.3
Az Enterprises(Apollo/More)Mt,Dist.,B&N,BBlunt,Jan'25,FY_24-25,0.4,0.8
Az Enterprises(Apollo/More)Mt,Dist.,Apollo Healthco,Mamaearth,Jan'25,FY_24-25,21.7,42.5
Az Enterprises(Apollo/More)Mt,Dist.,Trilife,Mamaearth,Jan'25,FY_24-25,0.1,0.2
Az Enterprises(Apollo/More)Mt,Dist.,Lulu,Mamaearth,Jan'25,FY_24-25,3.2,6.2
Az Enterprises(Apollo/More)Mt,Dist.,VMM,Mamaearth,Jan'25,FY_24-25,1.5,2.9
Az Enterprises(Apollo/More)Mt,Dist.,Frankross,Mamaearth,Jan'25,FY_24-25,0.1,0.1
Az Enterprises(Apollo/More)Mt,Dist.,Max Hyper,Mamaearth,Jan'25,FY_24-25,0.5,0.9
Az Enterprises(Apollo/More)Mt,Dist.,H&G,Mamaearth,Jan'25,FY_24-25,7.1,13.8
Az Enterprises(Apollo/More)Mt,Dist.,B&N,Mamaearth,Jan'25,FY_24-25,0.4,0.7
Az Enterprises(Apollo/More)Mt,Dist.,More Retail,Mamaearth,Jan'25,FY_24-25,3.7,7.3
Az Enterprises(Apollo/More)Mt,Dist.,Apollo Healthco,The Derma Co,Jan'25,FY_24-25,2.9,4.8
Az Enterprises(Apollo/More)Mt,Dist.,Trilife,The Derma Co,Jan'25,FY_24-25,0.2,0.3
Az Enterprises(Apollo/More)Mt,Dist.,Lulu,The Derma Co,Jan'25,FY_24-25,1.7,2.8
Az Enterprises(Apollo/More)Mt,Dist.,H&G,The Derma Co,Jan'25,FY_24-25,16.2,27.0
Az Enterprises(Apollo/More)Mt,Dist.,B&N,The Derma Co,Jan'25,FY_24-25,0.5,0.9
BALAJI ASSOCIATES Distributor MT,Dist.,Reliance Retail,Aqualogica,Jan'25,FY_24-25,0.8,1.5
BALAJI ASSOCIATES Distributor MT,Dist.,Reliance Retail,BBlunt,Jan'25,FY_24-25,0.7,1.3
BALAJI ASSOCIATES Distributor MT,Dist.,Reliance Retail,Mamaearth,Jan'25,FY_24-25,16.5,43.5
BALAJI ASSOCIATES Distributor MT,Dist.,VMM,Mamaearth,Jan'25,FY_24-25,10.2,26.9
BALAJI ASSOCIATES Distributor MT,Dist.,Reliance Retail,The Derma Co,Jan'25,FY_24-25,1.8,3.3
D.L. Sales - MT,Dist.,Apollo Healthco,Aqualogica,Jan'25,FY_24-25,0.0,0.1
D.L. Sales - MT,Dist.,H&G,Aqualogica,Jan'25,FY_24-25,0.3,0.4
D.L. Sales - MT,Dist.,Spencer,Aqualogica,Jan'25,FY_24-25,0.0,0.0
D.L. Sales - MT,Dist.,H&G,BBlunt,Jan'25,FY_24-25,0.4,0.6
D.L. Sales - MT,Dist.,Spencer,BBlunt,Jan'25,FY_24-25,0.6,1.0
D.L. Sales - MT,Dist.,Apollo Healthco,Mamaearth,Jan'25,FY_24-25,7.9,15.3
D.L. Sales - MT,Dist.,H&G,Mamaearth,Jan'25,FY_24-25,1.1,2.2
D.L. Sales - MT,Dist.,More Retail,Mamaearth,Jan'25,FY_24-25,2.4,4.6
D.L. Sales - MT,Dist.,Spencer,Mamaearth,Jan'25,FY_24-25,9.5,18.4
D.L. Sales - MT,Dist.,Arambagh,Mamaearth,Jan'25,FY_24-25,0.8,1.6
D.L. Sales - MT,Dist.,V-Mart,Mamaearth,Jan'25,FY_24-25,0.5,1.1
D.L. Sales - MT,Dist.,Frankross,Mamaearth,Jan'25,FY_24-25,0.3,0.7
D.L. Sales - MT,Dist.,VMM,Mamaearth,Jan'25,FY_24-25,0.9,1.7
D.L. Sales - MT,Dist.,Apollo Healthco,The Derma Co,Jan'25,FY_24-25,0.9,1.7
D.L. Sales - MT,Dist.,H&G,The Derma Co,Jan'25,FY_24-25,1.7,3.0
D.L. Sales - MT,Dist.,Spencer,The Derma Co,Jan'25,FY_24-25,0.9,1.6
D.L. Sales - MT,Dist.,Frankross,The Derma Co,Jan'25,FY_24-25,0.0,0.0
G.V Enterprises,Dist.,Lulu,Aqualogica,Jan'25,FY_24-25,0.6,1.1
G.V Enterprises,Dist.,Pothys,Aqualogica,Jan'25,FY_24-25,0.0,0.1
G.V Enterprises,Dist.,Pothys,BBlunt,Jan'25,FY_24-25,0.0,0.0
G.V Enterprises,Dist.,Apollo Healthco,Mamaearth,Jan'25,FY_24-25,3.7,8.5
G.V Enterprises,Dist.,D-Mart,Mamaearth,Jan'25,FY_24-25,48.4,110.9
G.V Enterprises,Dist.,Lulu,Mamaearth,Jan'25,FY_24-25,4.5,10.3
G.V Enterprises,Dist.,Pothys,Mamaearth,Jan'25,FY_24-25,3.1,7.2
G.V Enterprises,Dist.,Apollo Healthco,The Derma Co,Jan'25,FY_24-25,0.4,0.8
G.V Enterprises,Dist.,Lulu,The Derma Co,Jan'25,FY_24-25,1.9,3.6
G.V Enterprises,Dist.,Pothys,The Derma Co,Jan'25,FY_24-25,0.1,0.1
JUST MARK-Dmart,Dist.,D-Mart,Mamaearth,Jan'25,FY_24-25,94.4,258.5
Kiran Trading Co- Dmart,Dist.,D-Mart,Mamaearth,Jan'25,FY_24-25,24.5,66.6
Kiran Trading Company_Ship to,Dist.,D-Mart,Mamaearth,Jan'25,FY_24-25,58.1,156.4
M/S KOTTARAM BUSINESS CORPORATION-MT,Dist.,H&G,Aqualogica,Jan'25,FY_24-25,0.2,0.4
M/S KOTTARAM BUSINESS CORPORATION-MT,Dist.,Lulu,Aqualogica,Jan'25,FY_24-25,3.5,6.4
M/S KOTTARAM BUSINESS CORPORATION-MT,Dist.,H&G,BBlunt,Jan'25,FY_24-25,1.3,2.2
M/S KOTTARAM BUSINESS CORPORATION-MT,Dist.,H&G,Mamaearth,Jan'25,FY_24-25,0.4,0.7
M/S KOTTARAM BUSINESS CORPORATION-MT,Dist.,Lulu,Mamaearth,Jan'25,FY_24-25,39.8,75.7
M/S KOTTARAM BUSINESS CORPORATION-MT,Dist.,Apollo Healthco,Mamaearth,Jan'25,FY_24-25,3.2,6.1
M/S KOTTARAM BUSINESS CORPORATION-MT,Dist.,Apollo Healthco,The Derma Co,Jan'25,FY_24-25,1.8,3.4
M/S KOTTARAM BUSINESS CORPORATION-MT,Dist.,H&G,The Derma Co,Jan'25,FY_24-25,0.8,1.4
M/S KOTTARAM BUSINESS CORPORATION-MT,Dist.,Lulu,The Derma Co,Jan'25,FY_24-25,7.6,13.9
MARK ENTERPRISE,Dist.,Apollo Healthco,Mamaearth,Jan'25,FY_24-25,6.4,11.7
PRAGATI SALES-Apollo,Dist.,Apollo Healthco,Mamaearth,Jan'25,FY_24-25,-0.4,-0.8
PRAGATI SALES-D-MART,Dist.,D-Mart,Mamaearth,Jan'25,FY_24-25,19.4,53.4
R.C. Trade Link H&G,Dist.,H&G,Aqualogica,Jan'25,FY_24-25,-0.4,-0.6
R.C. Trade Link H&G,Dist.,H&G,BBlunt,Jan'25,FY_24-25,-0.3,-0.4
R.C. Trade Link H&G,Dist.,H&G,Mamaearth,Jan'25,FY_24-25,-2.5,-4.0
R.C. Trade Link H&G,Dist.,H&G,The Derma Co,Jan'25,FY_24-25,0.9,1.4
Sancus Networks Private Limited-RMT,Dist.,RMT-Sancus,Aqualogica,Jan'25,FY_24-25,1.9,3.4
Sancus Networks Private Limited-RMT,Dist.,RMT-Sancus,BBlunt,Jan'25,FY_24-25,0.3,0.5
Sancus Networks Private Limited-RMT,Dist.,More Retail,Mamaearth,Jan'25,FY_24-25,4.6,9.6
Sancus Networks Private Limited-RMT,Dist.,RMT-Sancus,Mamaearth,Jan'25,FY_24-25,36.2,75.4
Sancus Networks Private Limited-RMT,Dist.,Spencer,Mamaearth,Jan'25,FY_24-25,-1.1,-2.3
Sancus Networks Private Limited-RMT,Dist.,RMT-Sancus,The Derma Co,Jan'25,FY_24-25,6.2,10.8
Sathyashree Enterprises-Mt,Dist.,D-Mart,Mamaearth,Jan'25,FY_24-25,10.0,23.5
SC BUSINESS COMBINE_MT,Dist.,V-Mart,Mamaearth,Jan'25,FY_24-25,0.9,1.9
SC BUSINESS COMBINE_MT,Dist.,Sohum Shoppe,Mamaearth,Jan'25,FY_24-25,0.5,1.1
Sri Lalitha Enterprises,Dist.,Grace Super MKT,Mamaearth,Jan'25,FY_24-25,1.4,2.5
Sri Lalitha Enterprises,Dist.,Pothys,Mamaearth,Jan'25,FY_24-25,3.3,6.1
Sri Lalitha Enterprises,Dist.,Sarvana,Mamaearth,Jan'25,FY_24-25,3.6,6.5
Sri Vijaya Durga Agencies_Mt,Dist.,H&G,Aqualogica,Jan'25,FY_24-25,0.2,0.3
Sri Vijaya Durga Agencies_Mt,Dist.,H&G,BBlunt,Jan'25,FY_24-25,0.4,0.7
Sri Vijaya Durga Agencies_Mt,Dist.,Apollo Healthco,Mamaearth,Jan'25,FY_24-25,26.6,55.7
Sri Vijaya Durga Agencies_Mt,Dist.,VMM,Mamaearth,Jan'25,FY_24-25,0.3,0.6
Sri Vijaya Durga Agencies_Mt,Dist.,D-Mart,Mamaearth,Jan'25,FY_24-25,45.0,94.4
Sri Vijaya Durga Agencies_Mt,Dist.,H&G,Mamaearth,Jan'25,FY_24-25,0.2,0.3
Sri Vijaya Durga Agencies_Mt,Dist.,Reliance Retail,Mamaearth,Jan'25,FY_24-25,17.4,36.5
Sri Vijaya Durga Agencies_Mt,Dist.,More Retail,Mamaearth,Jan'25,FY_24-25,2.0,4.2
Sri Vijaya Durga Agencies_Mt,Dist.,H&G,The Derma Co,Jan'25,FY_24-25,1.2,2.2
Swastik Marketing,Dist.,VMM,Mamaearth,Jan'25,FY_24-25,1.9,3.7
United Marketing_Mt-Ship to,Dist.,Apollo Healthco,Mamaearth,Jan'25,FY_24-25,1.1,1.9
Vanaja Agencies MT_Dmart,Dist.,D-Mart,Mamaearth,Jan'25,FY_24-25,49.3,130.8
Vanaja Agencies_Mt,Dist.,H&G,Aqualogica,Jan'25,FY_24-25,1.0,1.8
Vanaja Agencies_Mt,Dist.,Reliance Retail,Aqualogica,Jan'25,FY_24-25,0.3,0.6
Vanaja Agencies_Mt,Dist.,Lulu,Aqualogica,Jan'25,FY_24-25,0.1,0.1
Vanaja Agencies_Mt,Dist.,Apollo Healthco,Aqualogica,Jan'25,FY_24-25,0.2,0.3
Vanaja Agencies_Mt,Dist.,H&G,BBlunt,Jan'25,FY_24-25,3.4,5.3
Vanaja Agencies_Mt,Dist.,Reliance Retail,BBlunt,Jan'25,FY_24-25,0.3,0.5
Vanaja Agencies_Mt,Dist.,Apollo Healthco,Mamaearth,Jan'25,FY_24-25,8.9,19.9
Vanaja Agencies_Mt,Dist.,H&G,Mamaearth,Jan'25,FY_24-25,4.1,9.1
Vanaja Agencies_Mt,Dist.,Vijetha,Mamaearth,Jan'25,FY_24-25,1.5,3.4
Vanaja Agencies_Mt,Dist.,More Retail,Mamaearth,Jan'25,FY_24-25,3.0,6.6
Vanaja Agencies_Mt,Dist.,Reliance Retail,Mamaearth,Jan'25,FY_24-25,12.6,28.1
Vanaja Agencies_Mt,Dist.,Lulu,Mamaearth,Jan'25,FY_24-25,1.4,3.1
Vanaja Agencies_Mt,Dist.,Ratnadeep,Mamaearth,Jan'25,FY_24-25,4.1,9.2
Vanaja Agencies_Mt,Dist.,H&G,The Derma Co,Jan'25,FY_24-25,7.0,12.5
Vanaja Agencies_Mt,Dist.,Reliance Retail,The Derma Co,Jan'25,FY_24-25,1.4,2.6
Vanaja Agencies_Mt,Dist.,Lulu,The Derma Co,Jan'25,FY_24-25,0.2,0.4
Vanaja Agencies_Mt,Dist.,Apollo Healthco,The Derma Co,Jan'25,FY_24-25,2.2,4.0
VISHAL ENTERPRISES_Solapur,Dist.,D-Mart,Mamaearth,Jan'25,FY_24-25,8.7,21.1
APOLLO HEALTHCO LIMITED_AHMEDABAD,Direct,Apollo Healthco,Mamaearth,Feb'25,FY_24-25,6.3,14.8
Apollo Healthco Limited_Bhiwandi,Direct,Apollo Healthco,Aqualogica,Feb'25,FY_24-25,0.2,0.3
Apollo Healthco Limited_Bhiwandi,Direct,Apollo Healthco,Mamaearth,Feb'25,FY_24-25,5.2,11.3
Apollo Healthco Limited_Bhiwandi,Direct,Apollo Healthco,The Derma Co,Feb'25,FY_24-25,0.9,1.6
Apollo Healthco Limited_Faridabad,Direct,Apollo Healthco,Aqualogica,Feb'25,FY_24-25,0.7,1.2
Apollo Healthco Limited_Faridabad,Direct,Apollo Healthco,Mamaearth,Feb'25,FY_24-25,28.8,64.5
Apollo Healthco Limited_Faridabad,Direct,Apollo Healthco,The Derma Co,Feb'25,FY_24-25,5.6,9.4
Apollo Healthco Limited_Rajasthan,Direct,Apollo Healthco,Mamaearth,Feb'25,FY_24-25,3.2,7.9
Apollo Healthco Limited-Bangalore,Direct,Apollo Healthco,Mamaearth,Feb'25,FY_24-25,10.1,23.8
Apollo Healthco Limited-Chennai,Direct,Apollo Healthco,Mamaearth,Feb'25,FY_24-25,4.8,10.7
APOLLO HEALTHCO LIMITED-Chittor,Direct,Apollo Healthco,Mamaearth,Feb'25,FY_24-25,-0.2,0.6
Apollo Healthco Limited-Goa,Direct,Apollo Healthco,Mamaearth,Feb'25,FY_24-25,1.3,2.9
Apollo Healthco Limited-Goa,Direct,Apollo Healthco,The Derma Co,Feb'25,FY_24-25,1.1,1.9
Apollo Healthco Limited-Hubbli,Direct,Apollo Healthco,Mamaearth,Feb'25,FY_24-25,7.6,18.6
APOLLO HEALTHCO LIMITED-HYD,Direct,Apollo Healthco,Mamaearth,Feb'25,FY_24-25,1.2,3.3
Apollo Healthco Limited-Kochi,Direct,Apollo Healthco,Mamaearth,Feb'25,FY_24-25,1.0,2.4
APOLLO HEALTHCO LIMITED-Madurai,Direct,Apollo Healthco,Mamaearth,Feb'25,FY_24-25,4.8,11.7
Apollo Healthco Limited-Ore,Direct,Apollo Healthco,Mamaearth,Feb'25,FY_24-25,2.9,6.5
Apollo Healthco Limited-Sanath Nagar,Direct,Apollo Healthco,Mamaearth,Feb'25,FY_24-25,2.7,7.3
APOLLO HEALTHCO LIMITED-Vijayawada,Direct,Apollo Healthco,Mamaearth,Feb'25,FY_24-25,2.1,4.9
APOLLO HEALTHCO LIMITED-WB,Direct,Apollo Healthco,Mamaearth,Feb'25,FY_24-25,1.8,3.4
APOLLO HEALTHCO LIMITED-WB-2,Direct,Apollo Healthco,Mamaearth,Feb'25,FY_24-25,12.0,28.8
Apollo Healthco Ltd_Raipur,Direct,Apollo Healthco,Mamaearth,Feb'25,FY_24-25,1.9,4.6
Avenue E Commerce Limited(Belapur),Direct,D-Mart,Aqualogica,Feb'25,FY_24-25,0.0,0.1
Avenue E Commerce Limited(Belapur),Direct,D-Mart,The Derma Co,Feb'25,FY_24-25,0.2,0.5
Avenue E Commerce Limited(Ck Palya),Direct,D-Mart,Aqualogica,Feb'25,FY_24-25,0.1,0.3
Avenue E Commerce Limited(Ck Palya),Direct,D-Mart,The Derma Co,Feb'25,FY_24-25,0.0,0.1
Avenue E Commerce Limited(Kanjur),Direct,D-Mart,Aqualogica,Feb'25,FY_24-25,0.0,0.1
Avenue E Commerce Limited(Kanjur),Direct,D-Mart,The Derma Co,Feb'25,FY_24-25,0.4,0.8
Avenue E Commerce Limited(Kiwale),Direct,D-Mart,Aqualogica,Feb'25,FY_24-25,0.2,0.5
Avenue E Commerce Limited(Kiwale),Direct,D-Mart,The Derma Co,Feb'25,FY_24-25,0.5,1.0
Avenue E Commerce Limited(Kushaiguda),Direct,D-Mart,Aqualogica,Feb'25,FY_24-25,0.1,0.1
Avenue E Commerce Limited(Kushaiguda),Direct,D-Mart,The Derma Co,Feb'25,FY_24-25,0.2,0.3
Avenue E Commerce Limited(Mira Road) N2,Direct,D-Mart,Aqualogica,Feb'25,FY_24-25,0.0,0.0
Avenue E Commerce Limited(Mira Road) N2,Direct,D-Mart,The Derma Co,Feb'25,FY_24-25,0.3,0.7
Avenue E Commerce Limited(Nahur),Direct,D-Mart,Aqualogica,Feb'25,FY_24-25,0.1,0.3
Avenue E Commerce Limited(Nahur),Direct,D-Mart,The Derma Co,Feb'25,FY_24-25,0.4,0.7
Avenue E Commerce Limited_3826,Direct,D-Mart,Aqualogica,Feb'25,FY_24-25,0.1,0.1
Avenue E Commerce Limited_GachibowlI,Direct,D-Mart,Aqualogica,Feb'25,FY_24-25,0.0,0.1
Avenue E Commerce Limited_GachibowlI,Direct,D-Mart,The Derma Co,Feb'25,FY_24-25,0.1,0.3
Avenue E Commerce Limited_Panvel-2,Direct,D-Mart,Aqualogica,Feb'25,FY_24-25,0.0,0.1
Avenue E Commerce Limited_Panvel-2,Direct,D-Mart,The Derma Co,Feb'25,FY_24-25,0.2,0.5
Avenue E Commerce Ltd -Handewadi FC,Direct,D-Mart,Aqualogica,Feb'25,FY_24-25,0.0,0.0
Avenue E Commerce Ltd -Handewadi FC,Direct,D-Mart,The Derma Co,Feb'25,FY_24-25,0.1,0.2
Avenue E Commerce Ltd -Kurla FC,Direct,D-Mart,Aqualogica,Feb'25,FY_24-25,0.0,0.1
Avenue E Commerce Ltd -Kurla FC,Direct,D-Mart,The Derma Co,Feb'25,FY_24-25,0.2,0.4
Avenue E Commerce Ltd -Taloja FC-MH,Direct,D-Mart,The Derma Co,Feb'25,FY_24-25,0.1,0.3
Avenue E Commerce Ltd -Vashi FC-E,Direct,D-Mart,Aqualogica,Feb'25,FY_24-25,0.1,0.1
Avenue E Commerce Ltd -Vashi FC-E,Direct,D-Mart,The Derma Co,Feb'25,FY_24-25,0.1,0.2
Avenue E Commerce Ltd._Hennur Fc-Ka,Direct,D-Mart,Aqualogica,Feb'25,FY_24-25,0.0,0.1
Avenue E Commerce Ltd._Hennur Fc-Ka,Direct,D-Mart,The Derma Co,Feb'25,FY_24-25,0.0,0.1
Avenue E Commerce Ltd_4047-Vasai Waliv,Direct,D-Mart,Aqualogica,Feb'25,FY_24-25,0.0,0.0
Avenue E Commerce Ltd_4047-Vasai Waliv,Direct,D-Mart,The Derma Co,Feb'25,FY_24-25,0.1,0.3
Avenue E Commerce Ltd_CadburyFC.,Direct,D-Mart,Aqualogica,Feb'25,FY_24-25,0.0,0.1
Avenue E Commerce Ltd_CadburyFC.,Direct,D-Mart,The Derma Co,Feb'25,FY_24-25,0.3,0.6
Avenue E Commerce Ltd_Goregaon,Direct,D-Mart,Aqualogica,Feb'25,FY_24-25,0.0,0.1
Avenue E Commerce Ltd_Goregaon,Direct,D-Mart,The Derma Co,Feb'25,FY_24-25,0.2,0.4
Avenue E Commerce Ltd_Hoodi FC,Direct,D-Mart,Aqualogica,Feb'25,FY_24-25,0.0,0.1
Avenue E Commerce Ltd_Hoodi FC,Direct,D-Mart,The Derma Co,Feb'25,FY_24-25,0.0,0.1
Avenue E Commerce Ltd_Manpada,Direct,D-Mart,Aqualogica,Feb'25,FY_24-25,0.0,0.1
Avenue E Commerce Ltd_Manpada,Direct,D-Mart,The Derma Co,Feb'25,FY_24-25,0.5,1.1
Avenue E Commerce Ltd_PeddaAmberpetFC,Direct,D-Mart,Aqualogica,Feb'25,FY_24-25,0.1,0.1
Avenue E Commerce Ltd_PeddaAmberpetFC,Direct,D-Mart,The Derma Co,Feb'25,FY_24-25,0.1,0.2
Avenue Supermarts Ltd.-DC-1032,Direct,D-Mart,Mamaearth,Feb'25,FY_24-25,59.2,153.0
Avenue Supermarts Ltd.-DC-1032,Direct,D-Mart,The Derma Co,Feb'25,FY_24-25,1.1,2.2
Avenue Supermarts Ltd.-DC-1039,Direct,D-Mart,BBlunt,Feb'25,FY_24-25,0.8,1.6
Avenue Supermarts Ltd.-DC-1039,Direct,D-Mart,Mamaearth,Feb'25,FY_24-25,188.8,492.4
Avenue Supermarts Ltd.-DC-1039,Direct,D-Mart,The Derma Co,Feb'25,FY_24-25,6.1,12.0
Avenue Supermarts Ltd.-DC-1049,Direct,D-Mart,Mamaearth,Feb'25,FY_24-25,64.8,170.8
Avenue Supermarts Ltd.-DC-1050,Direct,D-Mart,Mamaearth,Feb'25,FY_24-25,41.7,107.3
Avenue Supermarts Ltd.-DC-1050,Direct,D-Mart,The Derma Co,Feb'25,FY_24-25,7.8,15.2
Avenue Supermarts Ltd.-DC-1068,Direct,D-Mart,Mamaearth,Feb'25,FY_24-25,20.7,53.6
Avenue Supermarts Ltd.-DC-1091,Direct,D-Mart,Mamaearth,Feb'25,FY_24-25,11.3,23.2
Avenue Supermarts Ltd_1431-Amritsar,Direct,D-Mart,Mamaearth,Feb'25,FY_24-25,0.0,-0.1
Guardian Healthcare Services Pvt Ltd(DL),Direct,Guardian,Aqualogica,Feb'25,FY_24-25,0.5,1.0
Guardian Healthcare Services Pvt Ltd(DL),Direct,Guardian,Mamaearth,Feb'25,FY_24-25,1.2,2.3
Guardian Healthcare Services Pvt Ltd(DL),Direct,Guardian,The Derma Co,Feb'25,FY_24-25,0.3,0.5
Metro Cash & Carry India Pvt Ltd -(DC27)-T0SJ,Direct,Metro-CNC-RRL,Aqualogica,Feb'25,FY_24-25,0.1,0.1
Metro Cash & Carry India Pvt Ltd -(DC27)-T0SJ,Direct,Metro-CNC-RRL,Mamaearth,Feb'25,FY_24-25,3.7,6.9
Metro Cash & Carry India Pvt Ltd -(DC27)-T0SJ,Direct,Metro-CNC-RRL,The Derma Co,Feb'25,FY_24-25,1.2,2.0
Metro Cash & Carry India Pvt Ltd -(DC34)-T0SR,Direct,Metro-CNC-RRL,Mamaearth,Feb'25,FY_24-25,1.0,1.7
Metro Cash & Carry India Pvt Ltd-(DC10)-T0SM,Direct,Metro-CNC-RRL,Aqualogica,Feb'25,FY_24-25,0.0,0.0
Metro Cash & Carry India Pvt Ltd-(DC10)-T0SM,Direct,Metro-CNC-RRL,BBlunt,Feb'25,FY_24-25,0.2,0.4
Metro Cash & Carry India Pvt Ltd-(DC10)-T0SM,Direct,Metro-CNC-RRL,Mamaearth,Feb'25,FY_24-25,2.7,6.6
Metro Cash & Carry India Pvt Ltd-(DC10)-T0SM,Direct,Metro-CNC-RRL,The Derma Co,Feb'25,FY_24-25,1.1,1.7
Metro Cash & Carry India Pvt Ltd-(DC11)-T0SL,Direct,Metro-CNC-RRL,Aqualogica,Feb'25,FY_24-25,0.7,1.0
Metro Cash & Carry India Pvt Ltd-(DC11)-T0SL,Direct,Metro-CNC-RRL,BBlunt,Feb'25,FY_24-25,0.1,0.1
Metro Cash & Carry India Pvt Ltd-(DC11)-T0SL,Direct,Metro-CNC-RRL,Mamaearth,Feb'25,FY_24-25,4.8,10.0
Metro Cash & Carry India Pvt Ltd-(DC11)-T0SL,Direct,Metro-CNC-RRL,The Derma Co,Feb'25,FY_24-25,0.4,0.7
Metro Cash & Carry India Pvt Ltd-(DC12)-T0QX,Direct,Metro-CNC-RRL,Aqualogica,Feb'25,FY_24-25,1.0,1.6
Metro Cash & Carry India Pvt Ltd-(DC12)-T0QX,Direct,Metro-CNC-RRL,BBlunt,Feb'25,FY_24-25,0.5,0.8
Metro Cash & Carry India Pvt Ltd-(DC12)-T0QX,Direct,Metro-CNC-RRL,Mamaearth,Feb'25,FY_24-25,7.4,15.6
Metro Cash & Carry India Pvt Ltd-(DC12)-T0QX,Direct,Metro-CNC-RRL,The Derma Co,Feb'25,FY_24-25,1.3,2.1
Metro Cash & Carry India Pvt Ltd-(DC15)-T0QY,Direct,Metro-CNC-RRL,Mamaearth,Feb'25,FY_24-25,3.6,6.8
Metro Cash & Carry India Pvt Ltd-(DC16)-T0QZ,Direct,Metro-CNC-RRL,BBlunt,Feb'25,FY_24-25,0.7,1.0
Metro Cash & Carry India Pvt Ltd-(DC16)-T0QZ,Direct,Metro-CNC-RRL,Mamaearth,Feb'25,FY_24-25,3.8,8.4
Metro Cash & Carry India Pvt Ltd-(DC17)-T0QT,Direct,Metro-CNC-RRL,Mamaearth,Feb'25,FY_24-25,2.9,5.7
Metro Cash & Carry India Pvt Ltd-(DC18)-T0SN,Direct,Metro-CNC-RRL,Aqualogica,Feb'25,FY_24-25,0.7,1.1
Metro Cash & Carry India Pvt Ltd-(DC18)-T0SN,Direct,Metro-CNC-RRL,Mamaearth,Feb'25,FY_24-25,6.1,12.3
Metro Cash & Carry India Pvt Ltd-(DC18)-T0SN,Direct,Metro-CNC-RRL,The Derma Co,Feb'25,FY_24-25,0.4,0.6
Metro Cash & Carry India Pvt Ltd-(DC20)-T0RK,Direct,Metro-CNC-RRL,Mamaearth,Feb'25,FY_24-25,1.6,3.5
Metro Cash & Carry India Pvt Ltd-(DC23)-T0RL,Direct,Metro-CNC-RRL,Aqualogica,Feb'25,FY_24-25,1.7,2.6
Metro Cash & Carry India Pvt Ltd-(DC23)-T0RL,Direct,Metro-CNC-RRL,BBlunt,Feb'25,FY_24-25,0.3,0.5
Metro Cash & Carry India Pvt Ltd-(DC23)-T0RL,Direct,Metro-CNC-RRL,Mamaearth,Feb'25,FY_24-25,2.4,5.1
Metro Cash & Carry India Pvt Ltd-(DC23)-T0RL,Direct,Metro-CNC-RRL,The Derma Co,Feb'25,FY_24-25,0.2,0.2
Metro Cash & Carry India Pvt Ltd-(DC24)-T0RJ,Direct,Metro-CNC-RRL,BBlunt,Feb'25,FY_24-25,0.2,0.3
Metro Cash & Carry India Pvt Ltd-(DC24)-T0RJ,Direct,Metro-CNC-RRL,Mamaearth,Feb'25,FY_24-25,1.8,4.5
Metro Cash & Carry India Pvt Ltd-(DC25)-T0RB,Direct,Metro-CNC-RRL,Mamaearth,Feb'25,FY_24-25,0.9,2.2
Metro Cash & Carry India Pvt Ltd-(DC26)-T0SP,Direct,Metro-CNC-RRL,Aqualogica,Feb'25,FY_24-25,0.8,1.3
Metro Cash & Carry India Pvt Ltd-(DC26)-T0SP,Direct,Metro-CNC-RRL,Mamaearth,Feb'25,FY_24-25,2.6,5.3
Metro Cash & Carry India Pvt Ltd-(DC26)-T0SP,Direct,Metro-CNC-RRL,The Derma Co,Feb'25,FY_24-25,0.8,1.3
Metro Cash & Carry India Pvt Ltd-(DC28)-T0RF,Direct,Metro-CNC-RRL,Mamaearth,Feb'25,FY_24-25,-0.1,-0.1
Metro Cash & Carry India Pvt Ltd-(DC29)-T0RA,Direct,Metro-CNC-RRL,BBlunt,Feb'25,FY_24-25,0.7,1.0
Metro Cash & Carry India Pvt Ltd-(DC29)-T0RA,Direct,Metro-CNC-RRL,Mamaearth,Feb'25,FY_24-25,7.3,14.2
Metro Cash & Carry India Pvt Ltd-(DC29)-T0RA,Direct,Metro-CNC-RRL,The Derma Co,Feb'25,FY_24-25,1.2,1.9
Metro Cash & Carry India Pvt Ltd-(DC30)-T0RM,Direct,Metro-CNC-RRL,Mamaearth,Feb'25,FY_24-25,1.4,3.1
Metro Cash & Carry India Pvt Ltd-(DC32)-T0QU,Direct,Metro-CNC-RRL,Mamaearth,Feb'25,FY_24-25,1.1,2.6
Metro Cash & Carry India Pvt Ltd-(DC36)-T0RH,Direct,Metro-CNC-RRL,Mamaearth,Feb'25,FY_24-25,2.6,5.2
Metro Cash & Carry India Pvt Ltd-(DC37)-T0RD,Direct,Metro-CNC-RRL,Mamaearth,Feb'25,FY_24-25,1.8,4.0
Metro Cash & Carry India Pvt Ltd-(DC43)-T2YF,Direct,Metro-CNC-RRL,Mamaearth,Feb'25,FY_24-25,4.5,8.2
Metro Cash & Carry India Pvt Ltd-(DC43)-T2YF,Direct,Metro-CNC-RRL,The Derma Co,Feb'25,FY_24-25,0.5,0.8
Metro Cash & Carry India Pvt Ltd-(DC45)-T0RE,Direct,Metro-CNC-RRL,Mamaearth,Feb'25,FY_24-25,4.7,8.9
Metro Cash & Carry India Pvt Ltd-(DC46)-T0RC,Direct,Metro-CNC-RRL,Aqualogica,Feb'25,FY_24-25,0.9,1.4
Metro Cash & Carry India Pvt Ltd-(DC46)-T0RC,Direct,Metro-CNC-RRL,BBlunt,Feb'25,FY_24-25,0.5,0.7
Metro Cash & Carry India Pvt Ltd-(DC46)-T0RC,Direct,Metro-CNC-RRL,Mamaearth,Feb'25,FY_24-25,5.7,12.3
Metro Cash & Carry India Pvt Ltd-(DC46)-T0RC,Direct,Metro-CNC-RRL,The Derma Co,Feb'25,FY_24-25,1.5,2.3
Metro Cash & Carry India Pvt Ltd-(DC47)-T0SI,Direct,Metro-CNC-RRL,Mamaearth,Feb'25,FY_24-25,3.1,6.5
Metro Cash & Carry India Pvt Ltd-(DC48)-T0SK,Direct,Metro-CNC-RRL,Mamaearth,Feb'25,FY_24-25,2.8,6.1
Metro Cash & Carry India Pvt Ltd-(DC52)-T0RI,Direct,Metro-CNC-RRL,Mamaearth,Feb'25,FY_24-25,2.3,4.8
Metro Cash & Carry India Pvt Ltd-(DC53)-T0QV,Direct,Metro-CNC-RRL,Mamaearth,Feb'25,FY_24-25,2.3,4.7
Metro Cash & Carry India Pvt Ltd-(DC54)-T0QW,Direct,Metro-CNC-RRL,Mamaearth,Feb'25,FY_24-25,1.5,3.5
Metro Cash & Carry India Pvt Ltd-(DC60)-T0QS,Direct,Metro-CNC-RRL,Aqualogica,Feb'25,FY_24-25,2.9,4.5
Metro Cash & Carry India Pvt Ltd-(DC60)-T0QS,Direct,Metro-CNC-RRL,BBlunt,Feb'25,FY_24-25,0.4,0.6
Metro Cash & Carry India Pvt Ltd-(DC60)-T0QS,Direct,Metro-CNC-RRL,Mamaearth,Feb'25,FY_24-25,5.5,11.2
Metro Cash & Carry India Pvt Ltd-(DC60)-T0QS,Direct,Metro-CNC-RRL,The Derma Co,Feb'25,FY_24-25,4.4,7.0
Metro Cash & Carry India Pvt Ltd_DC33(T0SQ),Direct,Metro-CNC-RRL,Mamaearth,Feb'25,FY_24-25,0.3,0.8
Metro Cash & Carry India Pvt Ltd_T2FM,Direct,Metro-CNC-RRL,Aqualogica,Feb'25,FY_24-25,1.8,2.8
Metro Cash & Carry India Pvt Ltd_T2FM,Direct,Metro-CNC-RRL,BBlunt,Feb'25,FY_24-25,0.3,0.5
Metro Cash & Carry India Pvt Ltd_T2FM,Direct,Metro-CNC-RRL,Mamaearth,Feb'25,FY_24-25,0.5,1.1
Metro Cash & Carry India Pvt Ltd_T2FM,Direct,Metro-CNC-RRL,The Derma Co,Feb'25,FY_24-25,1.2,1.9
Reliance Retail Limited Ce08,Direct,Reliance Retail,Aqualogica,Feb'25,FY_24-25,1.1,1.8
Reliance Retail Limited Ce08,Direct,Reliance Retail,Mamaearth,Feb'25,FY_24-25,20.2,50.1
Reliance Retail Limited Ce08,Direct,Reliance Retail,The Derma Co,Feb'25,FY_24-25,0.8,1.3
Reliance Retail Limited Cf08,Direct,Reliance Retail,Aqualogica,Feb'25,FY_24-25,0.4,0.7
Reliance Retail Limited Cf08,Direct,Reliance Retail,Mamaearth,Feb'25,FY_24-25,5.5,13.5
Reliance Retail Limited Fb08,Direct,Reliance Retail,Aqualogica,Feb'25,FY_24-25,0.4,0.7
Reliance Retail Limited Fb08,Direct,Reliance Retail,Mamaearth,Feb'25,FY_24-25,16.0,40.4
Reliance Retail Limited Fb08,Direct,Reliance Retail,The Derma Co,Feb'25,FY_24-25,0.6,1.0
Reliance Retail Limited Fd08,Direct,Reliance Retail,Mamaearth,Feb'25,FY_24-25,0.5,1.3
Reliance Retail Limited R468,Direct,Reliance Retail,Mamaearth,Feb'25,FY_24-25,1.2,2.5
Reliance Retail Limited R701,Direct,Reliance Retail,Aqualogica,Feb'25,FY_24-25,0.2,0.4
Reliance Retail Limited R701,Direct,Reliance Retail,Mamaearth,Feb'25,FY_24-25,11.3,28.3
Reliance Retail Limited R701,Direct,Reliance Retail,The Derma Co,Feb'25,FY_24-25,0.6,1.0
Reliance Retail Limited R703,Direct,Reliance Retail,Mamaearth,Feb'25,FY_24-25,1.1,2.3
Reliance Retail Limited R801,Direct,Reliance Retail,Aqualogica,Feb'25,FY_24-25,0.7,1.2
Reliance Retail Limited R801,Direct,Reliance Retail,Mamaearth,Feb'25,FY_24-25,19.9,50.2
Reliance Retail Limited R801,Direct,Reliance Retail,Pure Origin,Feb'25,FY_24-25,0.4,0.7
Reliance Retail Limited R801,Direct,Reliance Retail,The Derma Co,Feb'25,FY_24-25,0.5,0.8
Reliance Retail Limited Sc79,Direct,Reliance Retail,Aqualogica,Feb'25,FY_24-25,0.6,1.0
Reliance Retail Limited Sc79,Direct,Reliance Retail,Mamaearth,Feb'25,FY_24-25,4.6,11.1
Reliance Retail Limited Sc79,Direct,Reliance Retail,The Derma Co,Feb'25,FY_24-25,0.3,0.5
Reliance Retail Limited_2302,Direct,Reliance Retail,Mamaearth,Feb'25,FY_24-25,0.3,0.6
Reliance Retail Limited_2995,Direct,Reliance Retail,Mamaearth,Feb'25,FY_24-25,0.5,0.9
Reliance Retail Limited_2996,Direct,Reliance Retail,Mamaearth,Feb'25,FY_24-25,0.3,0.6
Reliance Retail Limited_6209,Direct,Reliance Retail,Mamaearth,Feb'25,FY_24-25,0.4,0.7
Reliance Retail Limited_6717,Direct,Reliance Retail,Mamaearth,Feb'25,FY_24-25,0.1,0.2
Reliance Retail Limited_6719,Direct,Reliance Retail,Mamaearth,Feb'25,FY_24-25,0.2,0.4
Reliance Retail Limited_6722,Direct,Reliance Retail,Mamaearth,Feb'25,FY_24-25,0.2,0.4
Reliance Retail Limited_6727,Direct,Reliance Retail,Mamaearth,Feb'25,FY_24-25,0.3,0.6
Reliance Retail Limited_FR00,Direct,Reliance Retail,Mamaearth,Feb'25,FY_24-25,0.2,0.4
Reliance Retail Limited_FR02,Direct,Reliance Retail,Mamaearth,Feb'25,FY_24-25,0.2,0.4
Reliance Retail Limited_FR03,Direct,Reliance Retail,Mamaearth,Feb'25,FY_24-25,0.3,0.5
Reliance Retail Limited_FR10,Direct,Reliance Retail,Mamaearth,Feb'25,FY_24-25,0.3,0.6
Reliance Retail Limited_FR27,Direct,Reliance Retail,Mamaearth,Feb'25,FY_24-25,0.2,0.3
Reliance Retail Limited_FR30,Direct,Reliance Retail,Mamaearth,Feb'25,FY_24-25,0.3,0.6
Reliance Retail Limited_FR60,Direct,Reliance Retail,Mamaearth,Feb'25,FY_24-25,0.2,0.3
Reliance Retail Limited_FR62,Direct,Reliance Retail,Aqualogica,Feb'25,FY_24-25,0.1,0.1
Reliance Retail Limited_FR62,Direct,Reliance Retail,BBlunt,Feb'25,FY_24-25,0.0,0.1
Reliance Retail Limited_FR62,Direct,Reliance Retail,Mamaearth,Feb'25,FY_24-25,0.3,0.6
Reliance Retail Limited_FR62,Direct,Reliance Retail,The Derma Co,Feb'25,FY_24-25,0.2,0.3
Reliance Retail Limited_FR64,Direct,Reliance Retail,Mamaearth,Feb'25,FY_24-25,0.4,0.7
Reliance Retail Limited_FR76,Direct,Reliance Retail,Aqualogica,Feb'25,FY_24-25,0.2,0.3
Reliance Retail Limited_FR76,Direct,Reliance Retail,BBlunt,Feb'25,FY_24-25,0.1,0.1
Reliance Retail Limited_FR76,Direct,Reliance Retail,Mamaearth,Feb'25,FY_24-25,0.4,0.9
Reliance Retail Limited_FR76,Direct,Reliance Retail,The Derma Co,Feb'25,FY_24-25,0.3,0.4
Reliance Retail Limited_Fr87,Direct,Reliance Retail,Aqualogica,Feb'25,FY_24-25,0.4,0.7
Reliance Retail Limited_Fr87,Direct,Reliance Retail,Mamaearth,Feb'25,FY_24-25,15.8,37.2
Reliance Retail Limited_Fr87,Direct,Reliance Retail,Pure Origin,Feb'25,FY_24-25,-0.3,-0.5
Reliance Retail Limited_Fr87,Direct,Reliance Retail,The Derma Co,Feb'25,FY_24-25,0.3,0.5
Reliance Retail Limited_Fr89,Direct,Reliance Retail,Mamaearth,Feb'25,FY_24-25,3.9,7.7
Reliance Retail Limited_FRAQ,Direct,Reliance Retail,Mamaearth,Feb'25,FY_24-25,0.4,0.6
Reliance Retail Limited_FRAT,Direct,Reliance Retail,Aqualogica,Feb'25,FY_24-25,0.4,0.7
Reliance Retail Limited_FRAT,Direct,Reliance Retail,BBlunt,Feb'25,FY_24-25,0.2,0.3
Reliance Retail Limited_FRAT,Direct,Reliance Retail,Mamaearth,Feb'25,FY_24-25,0.6,1.1
Reliance Retail Limited_FRAT,Direct,Reliance Retail,The Derma Co,Feb'25,FY_24-25,0.3,0.5
Reliance Retail Limited_Fraz,Direct,Reliance Retail,Aqualogica,Feb'25,FY_24-25,0.4,0.7
Reliance Retail Limited_Fraz,Direct,Reliance Retail,Mamaearth,Feb'25,FY_24-25,8.3,20.6
Reliance Retail Limited_Fraz,Direct,Reliance Retail,The Derma Co,Feb'25,FY_24-25,0.6,1.0
Reliance Retail Limited_FRBD,Direct,Reliance Retail,Mamaearth,Feb'25,FY_24-25,0.2,0.5
Reliance Retail Limited_FRBS,Direct,Reliance Retail,Aqualogica,Feb'25,FY_24-25,0.1,0.1
Reliance Retail Limited_FRBS,Direct,Reliance Retail,BBlunt,Feb'25,FY_24-25,0.1,0.2
Reliance Retail Limited_FRBS,Direct,Reliance Retail,Mamaearth,Feb'25,FY_24-25,0.2,0.5
Reliance Retail Limited_FRBS,Direct,Reliance Retail,The Derma Co,Feb'25,FY_24-25,0.2,0.3
Reliance Retail Limited_FRBU,Direct,Reliance Retail,Aqualogica,Feb'25,FY_24-25,0.1,0.1
Reliance Retail Limited_FRBU,Direct,Reliance Retail,BBlunt,Feb'25,FY_24-25,0.2,0.3
Reliance Retail Limited_FRBU,Direct,Reliance Retail,Mamaearth,Feb'25,FY_24-25,0.1,0.2
Reliance Retail Limited_FRBU,Direct,Reliance Retail,The Derma Co,Feb'25,FY_24-25,0.2,0.3
Reliance Retail Limited_FRBW,Direct,Reliance Retail,Mamaearth,Feb'25,FY_24-25,0.4,0.8
Reliance Retail Limited_FRCG,Direct,Reliance Retail,Mamaearth,Feb'25,FY_24-25,0.1,0.3
Reliance Retail Limited_FRCH,Direct,Reliance Retail,Mamaearth,Feb'25,FY_24-25,0.3,0.7
Reliance Retail Limited_FRCJ,Direct,Reliance Retail,Mamaearth,Feb'25,FY_24-25,0.3,0.6
Reliance Retail Limited_FRCP,Direct,Reliance Retail,Aqualogica,Feb'25,FY_24-25,0.0,0.0
Reliance Retail Limited_FRCP,Direct,Reliance Retail,BBlunt,Feb'25,FY_24-25,0.2,0.4
Reliance Retail Limited_FRCP,Direct,Reliance Retail,The Derma Co,Feb'25,FY_24-25,0.1,0.1
Reliance Retail Limited_FRCQ,Direct,Reliance Retail,Mamaearth,Feb'25,FY_24-25,0.2,0.3
Reliance Retail Limited_FRCS,Direct,Reliance Retail,Mamaearth,Feb'25,FY_24-25,0.2,0.3
Reliance Retail Limited_FRDA,Direct,Reliance Retail,Mamaearth,Feb'25,FY_24-25,0.2,0.3
Reliance Retail Limited_FRDB,Direct,Reliance Retail,Aqualogica,Feb'25,FY_24-25,0.1,0.2
Reliance Retail Limited_FRDB,Direct,Reliance Retail,BBlunt,Feb'25,FY_24-25,0.2,0.3
Reliance Retail Limited_FRDB,Direct,Reliance Retail,Mamaearth,Feb'25,FY_24-25,0.5,0.9
Reliance Retail Limited_FRDB,Direct,Reliance Retail,The Derma Co,Feb'25,FY_24-25,0.3,0.5
Reliance Retail Limited_FRDI,Direct,Reliance Retail,Mamaearth,Feb'25,FY_24-25,0.2,0.5
Reliance Retail Limited_FRDK,Direct,Reliance Retail,Aqualogica,Feb'25,FY_24-25,0.1,0.1
Reliance Retail Limited_FRDK,Direct,Reliance Retail,BBlunt,Feb'25,FY_24-25,0.1,0.2
Reliance Retail Limited_FRDK,Direct,Reliance Retail,Mamaearth,Feb'25,FY_24-25,0.4,0.7
Reliance Retail Limited_FRDK,Direct,Reliance Retail,The Derma Co,Feb'25,FY_24-25,0.1,0.1
Reliance Retail Limited_FRDL,Direct,Reliance Retail,Aqualogica,Feb'25,FY_24-25,0.0,0.0
Reliance Retail Limited_FRDL,Direct,Reliance Retail,BBlunt,Feb'25,FY_24-25,0.1,0.1
Reliance Retail Limited_FRDL,Direct,Reliance Retail,Mamaearth,Feb'25,FY_24-25,0.2,0.3
Reliance Retail Limited_FRDL,Direct,Reliance Retail,The Derma Co,Feb'25,FY_24-25,0.1,0.2
Reliance Retail Limited_FRDP,Direct,Reliance Retail,Mamaearth,Feb'25,FY_24-25,0.2,0.5
Reliance Retail Limited_FRDT,Direct,Reliance Retail,Mamaearth,Feb'25,FY_24-25,0.2,0.4
Reliance Retail Limited_FREM,Direct,Reliance Retail,Mamaearth,Feb'25,FY_24-25,0.2,0.4
Reliance Retail Limited_FRER,Direct,Reliance Retail,Mamaearth,Feb'25,FY_24-25,0.3,0.8
Reliance Retail Limited_FREX,Direct,Reliance Retail,Mamaearth,Feb'25,FY_24-25,0.2,0.4
Reliance Retail Limited_FRFA,Direct,Reliance Retail,Mamaearth,Feb'25,FY_24-25,0.2,0.4
Reliance Retail Limited_FRFD,Direct,Reliance Retail,Mamaearth,Feb'25,FY_24-25,0.6,1.1
Reliance Retail Limited_FRFK,Direct,Reliance Retail,Mamaearth,Feb'25,FY_24-25,0.2,0.4
Reliance Retail Limited_FRFR,Direct,Reliance Retail,Mamaearth,Feb'25,FY_24-25,0.3,0.7
Reliance Retail Limited_FRFU,Direct,Reliance Retail,Mamaearth,Feb'25,FY_24-25,0.3,0.6
Reliance Retail Limited_FRFV,Direct,Reliance Retail,Mamaearth,Feb'25,FY_24-25,0.3,0.5
Reliance Retail Limited_FRGC,Direct,Reliance Retail,Mamaearth,Feb'25,FY_24-25,0.2,0.5
Reliance Retail Limited_FRGF,Direct,Reliance Retail,Mamaearth,Feb'25,FY_24-25,0.2,0.5
Reliance Retail Limited_FRGK,Direct,Reliance Retail,Mamaearth,Feb'25,FY_24-25,0.5,1.0
Reliance Retail Limited_FRGM,Direct,Reliance Retail,Mamaearth,Feb'25,FY_24-25,0.2,0.4
Reliance Retail Limited_FRGW,Direct,Reliance Retail,Mamaearth,Feb'25,FY_24-25,0.2,0.4
Reliance Retail Limited_FRHC,Direct,Reliance Retail,Mamaearth,Feb'25,FY_24-25,0.2,0.3
Reliance Retail Limited_FRHF,Direct,Reliance Retail,Mamaearth,Feb'25,FY_24-25,0.5,0.9
Reliance Retail Limited_FRHM,Direct,Reliance Retail,Mamaearth,Feb'25,FY_24-25,0.3,0.7
Reliance Retail Limited_FRHR,Direct,Reliance Retail,Mamaearth,Feb'25,FY_24-25,0.3,0.7
Reliance Retail Limited_Frhv,Direct,Reliance Retail,Mamaearth,Feb'25,FY_24-25,0.0,-0.1
Reliance Retail Limited_Frhv,Direct,Reliance Retail,Pure Origin,Feb'25,FY_24-25,-0.3,-0.5
RELIANCE RETAIL LIMITED_FRIA,Direct,Reliance Retail,Aqualogica,Feb'25,FY_24-25,1.2,1.9
RELIANCE RETAIL LIMITED_FRIA,Direct,Reliance Retail,Mamaearth,Feb'25,FY_24-25,13.3,33.1
RELIANCE RETAIL LIMITED_FRIA,Direct,Reliance Retail,The Derma Co,Feb'25,FY_24-25,0.5,0.8
Reliance Retail Limited_FRLF,Direct,Reliance Retail,Mamaearth,Feb'25,FY_24-25,0.4,0.8
Reliance Retail Limited_S0IX,Direct,Reliance Retail,Mamaearth,Feb'25,FY_24-25,7.2,17.0
Reliance Retail Limited_S0IX,Direct,Reliance Retail,The Derma Co,Feb'25,FY_24-25,0.3,0.5
Reliance Retail Limited_S0XE,Direct,Reliance Retail,Aqualogica,Feb'25,FY_24-25,0.6,1.0
Reliance Retail Limited_S0XE,Direct,Reliance Retail,Mamaearth,Feb'25,FY_24-25,9.0,19.6
Reliance Retail Limited_S0XE,Direct,Reliance Retail,The Derma Co,Feb'25,FY_24-25,0.5,0.7
Reliance Retail Limited_SAHO,Direct,Reliance Retail,Mamaearth,Feb'25,FY_24-25,0.4,0.8
Reliance Retail Limited_SAOS,Direct,Reliance Retail,Aqualogica,Feb'25,FY_24-25,0.9,1.5
Reliance Retail Limited_SAOS,Direct,Reliance Retail,Mamaearth,Feb'25,FY_24-25,9.7,24.1
Reliance Retail Limited_Sb01,Direct,Reliance Retail,Aqualogica,Feb'25,FY_24-25,0.7,1.1
Reliance Retail Limited_Sb01,Direct,Reliance Retail,Mamaearth,Feb'25,FY_24-25,5.1,12.4
Reliance Retail Limited_Sb01,Direct,Reliance Retail,Pure Origin,Feb'25,FY_24-25,0.3,0.5
Reliance Retail Limited_Sb01,Direct,Reliance Retail,The Derma Co,Feb'25,FY_24-25,0.3,0.5
Reliance Retail Limited_Sk8I,Direct,Reliance Retail,Mamaearth,Feb'25,FY_24-25,3.4,7.4
Reliance Retail Limited_SL6S,Direct,Reliance Retail,Mamaearth,Feb'25,FY_24-25,20.9,50.5
Reliance Retail Limited_SZ9J,Direct,Reliance Retail,Aqualogica,Feb'25,FY_24-25,0.2,0.3
Reliance Retail Limited_SZ9J,Direct,Reliance Retail,Mamaearth,Feb'25,FY_24-25,1.5,3.7
Reliance Retail Limited_T62I,Direct,Reliance Retail,Mamaearth,Feb'25,FY_24-25,0.4,0.8
Reliance Retail Limited_T913,Direct,Reliance Retail,Aqualogica,Feb'25,FY_24-25,0.0,0.0
Reliance Retail Limited_T913,Direct,Reliance Retail,BBlunt,Feb'25,FY_24-25,0.2,0.3
Reliance Retail Limited_T913,Direct,Reliance Retail,Mamaearth,Feb'25,FY_24-25,0.2,0.4
Reliance Retail Limited_T913,Direct,Reliance Retail,The Derma Co,Feb'25,FY_24-25,0.2,0.3
Reliance Retail Limited_T946,Direct,Reliance Retail,Mamaearth,Feb'25,FY_24-25,0.4,0.9
Reliance Retail Limited_TB15,Direct,Reliance Retail,Mamaearth,Feb'25,FY_24-25,0.2,0.3
Reliance Retail Limited_TDC7,Direct,Reliance Retail,Mamaearth,Feb'25,FY_24-25,0.2,0.4
Reliance Retail Limited_TDE3,Direct,Reliance Retail,Mamaearth,Feb'25,FY_24-25,-0.1,-0.1
Reliance Retail Limited_TE57,Direct,Reliance Retail,Mamaearth,Feb'25,FY_24-25,0.3,0.6
Reliance Retail Limited_TFY8,Direct,Reliance Retail,Mamaearth,Feb'25,FY_24-25,0.3,0.5
Reliance Retail Limited_TG87,Direct,Reliance Retail,Mamaearth,Feb'25,FY_24-25,0.3,0.7
Reliance Retail Limited_TH94,Direct,Reliance Retail,Mamaearth,Feb'25,FY_24-25,0.3,0.6
Reliance Retail Limited_TI77,Direct,Reliance Retail,Mamaearth,Feb'25,FY_24-25,0.2,0.4
Reliance Retail Limited_TK48,Direct,Reliance Retail,Mamaearth,Feb'25,FY_24-25,0.4,0.8
Reliance Retail Limited_TMW7,Direct,Reliance Retail,Mamaearth,Feb'25,FY_24-25,0.4,0.9
Reliance Retail Limited_TMZ5,Direct,Reliance Retail,Mamaearth,Feb'25,FY_24-25,0.4,0.7
Reliance Retail Limited_TN55,Direct,Reliance Retail,Mamaearth,Feb'25,FY_24-25,0.3,0.5
Reliance Retail Limited_TN56,Direct,Reliance Retail,Mamaearth,Feb'25,FY_24-25,0.2,0.3
Reliance Retail Limited_TNB7,Direct,Reliance Retail,Mamaearth,Feb'25,FY_24-25,0.3,0.5
Reliance Retail Limited_TNC1,Direct,Reliance Retail,Aqualogica,Feb'25,FY_24-25,0.1,0.2
Reliance Retail Limited_TNC1,Direct,Reliance Retail,BBlunt,Feb'25,FY_24-25,0.2,0.4
Reliance Retail Limited_TNC1,Direct,Reliance Retail,Mamaearth,Feb'25,FY_24-25,0.5,1.0
Reliance Retail Limited_TNC1,Direct,Reliance Retail,The Derma Co,Feb'25,FY_24-25,0.2,0.3
Reliance Retail Limited_TNC6,Direct,Reliance Retail,Mamaearth,Feb'25,FY_24-25,0.4,0.9
Reliance Retail Limited_TNC8,Direct,Reliance Retail,Mamaearth,Feb'25,FY_24-25,0.2,0.5
Reliance Retail Limited_TND0,Direct,Reliance Retail,Mamaearth,Feb'25,FY_24-25,0.3,0.5
Reliance Retail Limited_TNE3,Direct,Reliance Retail,Mamaearth,Feb'25,FY_24-25,0.3,0.5
Reliance Retail Limited_TNP8,Direct,Reliance Retail,Mamaearth,Feb'25,FY_24-25,0.4,0.7
Reliance Retail Limited_TO20,Direct,Reliance Retail,Mamaearth,Feb'25,FY_24-25,0.2,0.5
Reliance Retail Limited_TP05,Direct,Reliance Retail,Mamaearth,Feb'25,FY_24-25,0.5,0.9
Reliance Retail Limited_TP75,Direct,Reliance Retail,Mamaearth,Feb'25,FY_24-25,0.3,0.7
Reliance Retail Limited_TP76,Direct,Reliance Retail,Mamaearth,Feb'25,FY_24-25,0.5,1.0
Reliance Retail Limited_TQ21,Direct,Reliance Retail,Mamaearth,Feb'25,FY_24-25,0.3,0.5
Reliance Retail Limited_TQ22,Direct,Reliance Retail,Mamaearth,Feb'25,FY_24-25,0.4,0.9
Reliance Retail Limited_TU21,Direct,Reliance Retail,Mamaearth,Feb'25,FY_24-25,0.3,0.6
Reliance Retail Limited_TW60,Direct,Reliance Retail,Mamaearth,Feb'25,FY_24-25,0.4,0.7
Reliance Retail Limited_TY87,Direct,Reliance Retail,Mamaearth,Feb'25,FY_24-25,0.3,0.6
Reliance Retail Limited-2956,Direct,Reliance Retail,Mamaearth,Feb'25,FY_24-25,0.2,0.4
Reliance Retail Limited-6202,Direct,Reliance Retail,Aqualogica,Feb'25,FY_24-25,0.0,0.0
Reliance Retail Limited-6202,Direct,Reliance Retail,BBlunt,Feb'25,FY_24-25,0.0,0.0
Reliance Retail Limited-6202,Direct,Reliance Retail,Mamaearth,Feb'25,FY_24-25,0.8,1.3
Reliance Retail Limited-6202,Direct,Reliance Retail,The Derma Co,Feb'25,FY_24-25,0.1,0.1
Reliance Retail Limited-6205,Direct,Reliance Retail,Aqualogica,Feb'25,FY_24-25,0.1,0.2
Reliance Retail Limited-6205,Direct,Reliance Retail,BBlunt,Feb'25,FY_24-25,0.2,0.4
Reliance Retail Limited-6205,Direct,Reliance Retail,Mamaearth,Feb'25,FY_24-25,0.2,0.4
Reliance Retail Limited-6205,Direct,Reliance Retail,The Derma Co,Feb'25,FY_24-25,0.3,0.5
Reliance Retail Limited-6206,Direct,Reliance Retail,Mamaearth,Feb'25,FY_24-25,0.2,0.4
Reliance Retail Limited-6208,Direct,Reliance Retail,Mamaearth,Feb'25,FY_24-25,0.3,0.6
Reliance Retail Limited-6210,Direct,Reliance Retail,Mamaearth,Feb'25,FY_24-25,0.2,0.3
Reliance Retail Limited-6214,Direct,Reliance Retail,Mamaearth,Feb'25,FY_24-25,0.8,1.5
Reliance Retail Limited-6217,Direct,Reliance Retail,Aqualogica,Feb'25,FY_24-25,-0.4,-0.7
Reliance Retail Limited-6217,Direct,Reliance Retail,Mamaearth,Feb'25,FY_24-25,0.5,1.1
Reliance Retail Limited-6219,Direct,Reliance Retail,Mamaearth,Feb'25,FY_24-25,-0.7,-1.3
Reliance Retail Limited-6220,Direct,Reliance Retail,Mamaearth,Feb'25,FY_24-25,0.5,0.8
Reliance Retail Limited-6224,Direct,Reliance Retail,Aqualogica,Feb'25,FY_24-25,-1.0,-1.6
Reliance Retail Limited-6224,Direct,Reliance Retail,Mamaearth,Feb'25,FY_24-25,-0.4,-0.9
Reliance Retail Limited-6224,Direct,Reliance Retail,The Derma Co,Feb'25,FY_24-25,0.0,0.0
Reliance Retail Limited-6225,Direct,Reliance Retail,Mamaearth,Feb'25,FY_24-25,0.1,0.3
Reliance Retail Limited-6239,Direct,Reliance Retail,Aqualogica,Feb'25,FY_24-25,0.0,0.1
Reliance Retail Limited-6239,Direct,Reliance Retail,Mamaearth,Feb'25,FY_24-25,0.4,0.8
Reliance Retail Limited-6239,Direct,Reliance Retail,The Derma Co,Feb'25,FY_24-25,0.1,0.1
Reliance Retail Limited-6703,Direct,Reliance Retail,Mamaearth,Feb'25,FY_24-25,0.2,0.3
Reliance Retail Limited-6705,Direct,Reliance Retail,Mamaearth,Feb'25,FY_24-25,0.3,0.6
Reliance Retail Limited-6726,Direct,Reliance Retail,Mamaearth,Feb'25,FY_24-25,0.1,0.3
RELIANCE RETAIL LIMITED-Badli,Direct,Reliance Retail,Aqualogica,Feb'25,FY_24-25,0.4,0.7
RELIANCE RETAIL LIMITED-Badli,Direct,Reliance Retail,Mamaearth,Feb'25,FY_24-25,12.3,28.7
RELIANCE RETAIL LIMITED-Badli,Direct,Reliance Retail,Pure Origin,Feb'25,FY_24-25,-0.2,-0.3
RELIANCE RETAIL LIMITED-Badli,Direct,Reliance Retail,The Derma Co,Feb'25,FY_24-25,0.6,1.0
Reliance Retail Limited-FR04,Direct,Reliance Retail,Aqualogica,Feb'25,FY_24-25,-0.5,-0.8
Reliance Retail Limited-FR04,Direct,Reliance Retail,Mamaearth,Feb'25,FY_24-25,0.6,1.0
Reliance Retail Limited-FR08,Direct,Reliance Retail,Mamaearth,Feb'25,FY_24-25,0.4,0.7
Reliance Retail Limited-FR15,Direct,Reliance Retail,Mamaearth,Feb'25,FY_24-25,1.4,2.5
Reliance Retail Limited-FR22,Direct,Reliance Retail,Mamaearth,Feb'25,FY_24-25,0.4,0.7
Reliance Retail Limited-FR23,Direct,Reliance Retail,Mamaearth,Feb'25,FY_24-25,0.3,0.4
Reliance Retail Limited-FR43,Direct,Reliance Retail,Mamaearth,Feb'25,FY_24-25,0.1,0.2
Reliance Retail Limited-FR45,Direct,Reliance Retail,BBlunt,Feb'25,FY_24-25,0.1,0.2
Reliance Retail Limited-FR45,Direct,Reliance Retail,Mamaearth,Feb'25,FY_24-25,0.3,0.7
Reliance Retail Limited-FR45,Direct,Reliance Retail,The Derma Co,Feb'25,FY_24-25,0.2,0.3
Reliance Retail Limited-FR48,Direct,Reliance Retail,Mamaearth,Feb'25,FY_24-25,0.3,0.5
Reliance Retail Limited-FR63,Direct,Reliance Retail,Aqualogica,Feb'25,FY_24-25,0.0,0.1
Reliance Retail Limited-FR63,Direct,Reliance Retail,BBlunt,Feb'25,FY_24-25,0.1,0.2
Reliance Retail Limited-FR63,Direct,Reliance Retail,Mamaearth,Feb'25,FY_24-25,0.1,0.3
Reliance Retail Limited-FR63,Direct,Reliance Retail,The Derma Co,Feb'25,FY_24-25,0.2,0.3
Reliance Retail Limited-FR67,Direct,Reliance Retail,Aqualogica,Feb'25,FY_24-25,0.4,0.6
Reliance Retail Limited-FR67,Direct,Reliance Retail,BBlunt,Feb'25,FY_24-25,0.5,0.8
Reliance Retail Limited-FR67,Direct,Reliance Retail,Mamaearth,Feb'25,FY_24-25,0.3,0.6
Reliance Retail Limited-FR67,Direct,Reliance Retail,The Derma Co,Feb'25,FY_24-25,0.6,1.0
Reliance Retail Limited-FR73,Direct,Reliance Retail,Aqualogica,Feb'25,FY_24-25,0.0,0.1
Reliance Retail Limited-FR73,Direct,Reliance Retail,BBlunt,Feb'25,FY_24-25,0.2,0.2
Reliance Retail Limited-FR73,Direct,Reliance Retail,Mamaearth,Feb'25,FY_24-25,0.4,0.9
Reliance Retail Limited-FR73,Direct,Reliance Retail,The Derma Co,Feb'25,FY_24-25,0.2,0.3
Reliance Retail Limited-FR74,Direct,Reliance Retail,Mamaearth,Feb'25,FY_24-25,0.4,0.7
Reliance Retail Limited-FR92,Direct,Reliance Retail,Aqualogica,Feb'25,FY_24-25,0.4,0.7
Reliance Retail Limited-FR92,Direct,Reliance Retail,BBlunt,Feb'25,FY_24-25,0.4,0.7
Reliance Retail Limited-FR92,Direct,Reliance Retail,The Derma Co,Feb'25,FY_24-25,0.5,0.8
Reliance Retail Limited-FR93,Direct,Reliance Retail,Aqualogica,Feb'25,FY_24-25,0.3,0.5
Reliance Retail Limited-FR93,Direct,Reliance Retail,BBlunt,Feb'25,FY_24-25,0.5,0.8
Reliance Retail Limited-FR93,Direct,Reliance Retail,The Derma Co,Feb'25,FY_24-25,0.5,0.8
Reliance Retail Limited-FR94,Direct,Reliance Retail,Mamaearth,Feb'25,FY_24-25,0.3,0.5
Reliance Retail Limited-FR95,Direct,Reliance Retail,Mamaearth,Feb'25,FY_24-25,0.3,0.7
Reliance Retail Limited-FR96,Direct,Reliance Retail,Mamaearth,Feb'25,FY_24-25,0.8,1.6
Reliance Retail Limited-FR97,Direct,Reliance Retail,Aqualogica,Feb'25,FY_24-25,0.3,0.5
Reliance Retail Limited-FR97,Direct,Reliance Retail,BBlunt,Feb'25,FY_24-25,0.5,0.8
Reliance Retail Limited-FR97,Direct,Reliance Retail,The Derma Co,Feb'25,FY_24-25,0.5,0.8
Reliance Retail Limited-FR98,Direct,Reliance Retail,Aqualogica,Feb'25,FY_24-25,0.3,0.5
Reliance Retail Limited-FR98,Direct,Reliance Retail,BBlunt,Feb'25,FY_24-25,0.4,0.7
Reliance Retail Limited-FR98,Direct,Reliance Retail,The Derma Co,Feb'25,FY_24-25,0.4,0.7
Reliance Retail Limited-FRAR,Direct,Reliance Retail,Aqualogica,Feb'25,FY_24-25,0.4,0.7
Reliance Retail Limited-FRAR,Direct,Reliance Retail,BBlunt,Feb'25,FY_24-25,0.1,0.2
Reliance Retail Limited-FRAR,Direct,Reliance Retail,Mamaearth,Feb'25,FY_24-25,1.1,2.0
Reliance Retail Limited-FRAR,Direct,Reliance Retail,The Derma Co,Feb'25,FY_24-25,0.2,0.4
Reliance Retail Limited-FRAU,Direct,Reliance Retail,Aqualogica,Feb'25,FY_24-25,0.1,0.2
Reliance Retail Limited-FRAU,Direct,Reliance Retail,BBlunt,Feb'25,FY_24-25,0.2,0.3
Reliance Retail Limited-FRAU,Direct,Reliance Retail,Mamaearth,Feb'25,FY_24-25,0.3,0.5
Reliance Retail Limited-FRAU,Direct,Reliance Retail,The Derma Co,Feb'25,FY_24-25,0.2,0.3
Reliance Retail Limited-FRAY,Direct,Reliance Retail,Mamaearth,Feb'25,FY_24-25,0.4,0.8
Reliance Retail Limited-FRBQ,Direct,Reliance Retail,Mamaearth,Feb'25,FY_24-25,0.2,0.3
Reliance Retail Limited-FRBV,Direct,Reliance Retail,Aqualogica,Feb'25,FY_24-25,0.1,0.1
Reliance Retail Limited-FRBV,Direct,Reliance Retail,BBlunt,Feb'25,FY_24-25,0.1,0.2
Reliance Retail Limited-FRBV,Direct,Reliance Retail,Mamaearth,Feb'25,FY_24-25,0.4,0.8
Reliance Retail Limited-FRBV,Direct,Reliance Retail,The Derma Co,Feb'25,FY_24-25,0.1,0.2
Reliance Retail Limited-FRCA,Direct,Reliance Retail,Mamaearth,Feb'25,FY_24-25,0.5,1.0
Reliance Retail Limited-FRCB,Direct,Reliance Retail,Aqualogica,Feb'25,FY_24-25,0.0,0.0
Reliance Retail Limited-FRCB,Direct,Reliance Retail,BBlunt,Feb'25,FY_24-25,0.0,0.1
Reliance Retail Limited-FRCB,Direct,Reliance Retail,Mamaearth,Feb'25,FY_24-25,0.1,0.2
Reliance Retail Limited-FRCB,Direct,Reliance Retail,The Derma Co,Feb'25,FY_24-25,0.1,0.2
Reliance Retail Limited-FRCC,Direct,Reliance Retail,Aqualogica,Feb'25,FY_24-25,0.1,0.2
Reliance Retail Limited-FRCC,Direct,Reliance Retail,BBlunt,Feb'25,FY_24-25,0.2,0.2
Reliance Retail Limited-FRCC,Direct,Reliance Retail,Mamaearth,Feb'25,FY_24-25,0.2,0.3
Reliance Retail Limited-FRCC,Direct,Reliance Retail,The Derma Co,Feb'25,FY_24-25,0.2,0.4
Reliance Retail Limited-FRCF,Direct,Reliance Retail,Mamaearth,Feb'25,FY_24-25,0.3,0.6
Reliance Retail Limited-FRCK,Direct,Reliance Retail,Aqualogica,Feb'25,FY_24-25,0.0,0.1
Reliance Retail Limited-FRCK,Direct,Reliance Retail,BBlunt,Feb'25,FY_24-25,0.2,0.3
Reliance Retail Limited-FRCK,Direct,Reliance Retail,Mamaearth,Feb'25,FY_24-25,0.4,0.7
Reliance Retail Limited-FRCK,Direct,Reliance Retail,The Derma Co,Feb'25,FY_24-25,0.1,0.2
Reliance Retail Limited-FRCL,Direct,Reliance Retail,Mamaearth,Feb'25,FY_24-25,0.2,0.4
Reliance Retail Limited-FRCO,Direct,Reliance Retail,Aqualogica,Feb'25,FY_24-25,0.4,0.7
Reliance Retail Limited-FRCO,Direct,Reliance Retail,BBlunt,Feb'25,FY_24-25,0.4,0.7
Reliance Retail Limited-FRCO,Direct,Reliance Retail,Mamaearth,Feb'25,FY_24-25,0.4,0.8
Reliance Retail Limited-FRCO,Direct,Reliance Retail,The Derma Co,Feb'25,FY_24-25,0.6,1.0
Reliance Retail Limited-FRCX,Direct,Reliance Retail,Aqualogica,Feb'25,FY_24-25,0.3,0.4
Reliance Retail Limited-FRCX,Direct,Reliance Retail,BBlunt,Feb'25,FY_24-25,0.4,0.7
Reliance Retail Limited-FRCX,Direct,Reliance Retail,Mamaearth,Feb'25,FY_24-25,0.4,0.7
Reliance Retail Limited-FRCX,Direct,Reliance Retail,The Derma Co,Feb'25,FY_24-25,0.6,1.0
Reliance Retail Limited-FRDF,Direct,Reliance Retail,Mamaearth,Feb'25,FY_24-25,0.3,0.5
Reliance Retail Limited-FRDH,Direct,Reliance Retail,Mamaearth,Feb'25,FY_24-25,-0.3,-0.5
Reliance Retail Limited-FRDJ,Direct,Reliance Retail,Mamaearth,Feb'25,FY_24-25,0.2,0.4
Reliance Retail Limited-FRDM,Direct,Reliance Retail,Mamaearth,Feb'25,FY_24-25,0.1,0.2
Reliance Retail Limited-FRDU,Direct,Reliance Retail,Mamaearth,Feb'25,FY_24-25,0.5,1.0
Reliance Retail Limited-FRDV,Direct,Reliance Retail,Mamaearth,Feb'25,FY_24-25,0.3,0.6
Reliance Retail Limited-FRDY,Direct,Reliance Retail,Mamaearth,Feb'25,FY_24-25,0.2,0.4
Reliance Retail Limited-FRDZ,Direct,Reliance Retail,Mamaearth,Feb'25,FY_24-25,0.4,0.8
Reliance Retail Limited-FREB,Direct,Reliance Retail,Mamaearth,Feb'25,FY_24-25,0.3,0.6
RELIANCE RETAIL LIMITED-FREC,Direct,Reliance Retail,Aqualogica,Feb'25,FY_24-25,1.2,2.0
RELIANCE RETAIL LIMITED-FREC,Direct,Reliance Retail,Mamaearth,Feb'25,FY_24-25,19.6,46.2
RELIANCE RETAIL LIMITED-FREC,Direct,Reliance Retail,The Derma Co,Feb'25,FY_24-25,0.6,1.0
RELIANCE RETAIL LIMITED-FREF,Direct,Reliance Retail,Mamaearth,Feb'25,FY_24-25,-0.5,-1.7
RELIANCE RETAIL LIMITED-FREI,Direct,Reliance Retail,Mamaearth,Feb'25,FY_24-25,0.2,0.3
Reliance Retail Limited-FRFJ,Direct,Reliance Retail,Mamaearth,Feb'25,FY_24-25,0.9,1.7
Reliance Retail Limited-FRFP,Direct,Reliance Retail,Mamaearth,Feb'25,FY_24-25,0.4,0.7
Reliance Retail Limited-FRFQ,Direct,Reliance Retail,Mamaearth,Feb'25,FY_24-25,0.3,0.4
Reliance Retail Limited-FRGN,Direct,Reliance Retail,Mamaearth,Feb'25,FY_24-25,0.3,0.6
Reliance Retail Limited-FRGQ,Direct,Reliance Retail,Mamaearth,Feb'25,FY_24-25,0.3,0.6
Reliance Retail Limited-FRGS,Direct,Reliance Retail,Aqualogica,Feb'25,FY_24-25,0.1,0.1
Reliance Retail Limited-FRGS,Direct,Reliance Retail,BBlunt,Feb'25,FY_24-25,0.1,0.2
Reliance Retail Limited-FRGS,Direct,Reliance Retail,Mamaearth,Feb'25,FY_24-25,0.3,0.5
Reliance Retail Limited-FRGS,Direct,Reliance Retail,The Derma Co,Feb'25,FY_24-25,0.3,0.5
Reliance Retail Limited-FRHI,Direct,Reliance Retail,Mamaearth,Feb'25,FY_24-25,0.1,0.2
Reliance Retail Limited-FRHT,Direct,Reliance Retail,Mamaearth,Feb'25,FY_24-25,0.4,0.8
Reliance Retail Limited-S0GK,Direct,Reliance Retail,Mamaearth,Feb'25,FY_24-25,4.5,10.8
Reliance Retail Limited-S0KN,Direct,Reliance Retail,Aqualogica,Feb'25,FY_24-25,0.2,0.3
Reliance Retail Limited-S0KN,Direct,Reliance Retail,Mamaearth,Feb'25,FY_24-25,3.5,7.7
Reliance Retail Limited-S2BZ,Direct,Reliance Retail,Aqualogica,Feb'25,FY_24-25,0.7,1.1
Reliance Retail Limited-S2BZ,Direct,Reliance Retail,Mamaearth,Feb'25,FY_24-25,12.9,31.8
Reliance Retail Limited-S2BZ,Direct,Reliance Retail,Pure Origin,Feb'25,FY_24-25,0.2,0.4
Reliance Retail Limited-S2BZ,Direct,Reliance Retail,The Derma Co,Feb'25,FY_24-25,0.5,0.8
Reliance Retail Limited-SAAH,Direct,Reliance Retail,Aqualogica,Feb'25,FY_24-25,0.4,0.7
Reliance Retail Limited-SAAH,Direct,Reliance Retail,Mamaearth,Feb'25,FY_24-25,14.3,32.7
Reliance Retail Limited-SAAH,Direct,Reliance Retail,The Derma Co,Feb'25,FY_24-25,0.6,1.0
RELIANCE RETAIL LIMITED-SF92,Direct,Reliance Retail,Aqualogica,Feb'25,FY_24-25,0.9,1.5
RELIANCE RETAIL LIMITED-SF92,Direct,Reliance Retail,Mamaearth,Feb'25,FY_24-25,16.2,41.3
RELIANCE RETAIL LIMITED-SF92,Direct,Reliance Retail,Pure Origin,Feb'25,FY_24-25,0.4,0.7
RELIANCE RETAIL LIMITED-SF92,Direct,Reliance Retail,The Derma Co,Feb'25,FY_24-25,0.2,0.2
RELIANCE RETAIL LIMITED-SH65,Direct,Reliance Retail,Aqualogica,Feb'25,FY_24-25,0.4,0.6
RELIANCE RETAIL LIMITED-SH65,Direct,Reliance Retail,Mamaearth,Feb'25,FY_24-25,4.9,11.8
RELIANCE RETAIL LIMITED-SH69,Direct,Reliance Retail,Aqualogica,Feb'25,FY_24-25,0.2,0.4
RELIANCE RETAIL LIMITED-SH69,Direct,Reliance Retail,Mamaearth,Feb'25,FY_24-25,9.1,20.6
RELIANCE RETAIL LIMITED-SH69,Direct,Reliance Retail,The Derma Co,Feb'25,FY_24-25,0.6,1.0
RELIANCE RETAIL LIMITED-SH71,Direct,Reliance Retail,Aqualogica,Feb'25,FY_24-25,1.1,1.7
RELIANCE RETAIL LIMITED-SH71,Direct,Reliance Retail,Mamaearth,Feb'25,FY_24-25,10.6,25.0
RELIANCE RETAIL LIMITED-SH71,Direct,Reliance Retail,The Derma Co,Feb'25,FY_24-25,0.7,1.2
Reliance Retail Limited-SK6I,Direct,Reliance Retail,Aqualogica,Feb'25,FY_24-25,0.4,0.7
Reliance Retail Limited-SK6I,Direct,Reliance Retail,Mamaearth,Feb'25,FY_24-25,5.3,13.2
Reliance Retail Limited-SLET,Direct,Reliance Retail,Mamaearth,Feb'25,FY_24-25,3.9,9.3
Reliance Retail Limited-SLG3,Direct,Reliance Retail,Aqualogica,Feb'25,FY_24-25,0.2,0.3
Reliance Retail Limited-SLG3,Direct,Reliance Retail,Mamaearth,Feb'25,FY_24-25,2.1,4.8
RELIANCE RETAIL LIMITED-SLIG,Direct,Reliance Retail,Aqualogica,Feb'25,FY_24-25,0.2,0.3
RELIANCE RETAIL LIMITED-SLIG,Direct,Reliance Retail,Mamaearth,Feb'25,FY_24-25,1.9,4.3
RELIANCE RETAIL LIMITED-SLIG,Direct,Reliance Retail,The Derma Co,Feb'25,FY_24-25,0.3,0.4
RELIANCE RETAIL LIMITED-SLII,Direct,Reliance Retail,Mamaearth,Feb'25,FY_24-25,1.0,2.3
Reliance Retail Limited-SLMP,Direct,Reliance Retail,Mamaearth,Feb'25,FY_24-25,0.3,0.6
Reliance Retail Limited-Slmr,Direct,Reliance Retail,Mamaearth,Feb'25,FY_24-25,3.3,7.6
Reliance Retail Limited-SLS1,Direct,Reliance Retail,Aqualogica,Feb'25,FY_24-25,0.8,1.3
Reliance Retail Limited-SLS1,Direct,Reliance Retail,Mamaearth,Feb'25,FY_24-25,11.9,28.5
Reliance Retail Limited-SLS1,Direct,Reliance Retail,The Derma Co,Feb'25,FY_24-25,0.5,0.9
Reliance Retail Limited-SLS2,Direct,Reliance Retail,Mamaearth,Feb'25,FY_24-25,0.8,2.3
Reliance Retail Limited-SN1U,Direct,Reliance Retail,Aqualogica,Feb'25,FY_24-25,0.2,0.4
Reliance Retail Limited-SN1U,Direct,Reliance Retail,Mamaearth,Feb'25,FY_24-25,8.2,17.7
Reliance Retail Limited-SN1U,Direct,Reliance Retail,The Derma Co,Feb'25,FY_24-25,0.5,0.9
Reliance Retail Limited-SP9K,Direct,Reliance Retail,Mamaearth,Feb'25,FY_24-25,6.1,15.0
Reliance Retail Limited-T0Z9,Direct,Reliance Retail,Mamaearth,Feb'25,FY_24-25,0.5,0.9
Reliance Retail Limited-T1CT,Direct,Reliance Retail,Mamaearth,Feb'25,FY_24-25,0.3,0.6
Reliance Retail Limited-T1NC,Direct,Reliance Retail,Aqualogica,Feb'25,FY_24-25,0.3,0.5
Reliance Retail Limited-T1NC,Direct,Reliance Retail,BBlunt,Feb'25,FY_24-25,0.5,0.8
Reliance Retail Limited-T1NC,Direct,Reliance Retail,The Derma Co,Feb'25,FY_24-25,0.5,0.8
Reliance Retail Limited-T1X4,Direct,Reliance Retail,Mamaearth,Feb'25,FY_24-25,0.3,0.5
Reliance Retail Limited-T2DI,Direct,Reliance Retail,Aqualogica,Feb'25,FY_24-25,0.0,0.0
Reliance Retail Limited-T2DI,Direct,Reliance Retail,BBlunt,Feb'25,FY_24-25,0.1,0.2
Reliance Retail Limited-T2DI,Direct,Reliance Retail,The Derma Co,Feb'25,FY_24-25,0.2,0.3
Reliance Retail Limited-T48P,Direct,Reliance Retail,Mamaearth,Feb'25,FY_24-25,0.1,0.2
Reliance Retail Limited-T84I,Direct,Reliance Retail,Aqualogica,Feb'25,FY_24-25,0.1,0.1
Reliance Retail Limited-T84I,Direct,Reliance Retail,BBlunt,Feb'25,FY_24-25,0.1,0.2
Reliance Retail Limited-T84I,Direct,Reliance Retail,The Derma Co,Feb'25,FY_24-25,0.2,0.3
Reliance Retail Limited-T84L,Direct,Reliance Retail,Mamaearth,Feb'25,FY_24-25,0.4,0.7
Reliance Retail Limited-T915,Direct,Reliance Retail,Mamaearth,Feb'25,FY_24-25,0.3,0.6
Reliance Retail Limited-TA35,Direct,Reliance Retail,Mamaearth,Feb'25,FY_24-25,0.3,0.7
Reliance Retail Limited-TA36,Direct,Reliance Retail,Aqualogica,Feb'25,FY_24-25,0.1,0.1
Reliance Retail Limited-TA36,Direct,Reliance Retail,BBlunt,Feb'25,FY_24-25,0.1,0.2
Reliance Retail Limited-TA36,Direct,Reliance Retail,Mamaearth,Feb'25,FY_24-25,0.4,0.8
Reliance Retail Limited-TA36,Direct,Reliance Retail,The Derma Co,Feb'25,FY_24-25,0.2,0.3
Reliance Retail Limited-TA9N,Direct,Reliance Retail,Mamaearth,Feb'25,FY_24-25,0.5,0.9
Reliance Retail Limited-TAFW,Direct,Reliance Retail,Mamaearth,Feb'25,FY_24-25,0.5,1.0
Reliance Retail Limited-TAH3,Direct,Reliance Retail,Mamaearth,Feb'25,FY_24-25,0.2,0.3
Reliance Retail Limited-TAIE,Direct,Reliance Retail,Aqualogica,Feb'25,FY_24-25,0.1,0.1
Reliance Retail Limited-TAIE,Direct,Reliance Retail,BBlunt,Feb'25,FY_24-25,0.2,0.2
Reliance Retail Limited-TAIE,Direct,Reliance Retail,The Derma Co,Feb'25,FY_24-25,0.2,0.3
Reliance Retail Limited-TAUX,Direct,Reliance Retail,Mamaearth,Feb'25,FY_24-25,0.2,0.4
Reliance Retail Limited-TC74,Direct,Reliance Retail,Mamaearth,Feb'25,FY_24-25,0.3,0.6
Reliance Retail Limited-TCD6,Direct,Reliance Retail,Mamaearth,Feb'25,FY_24-25,0.3,0.5
Reliance Retail Limited-TD04,Direct,Reliance Retail,Mamaearth,Feb'25,FY_24-25,0.2,0.4
Reliance Retail Limited-TE39,Direct,Reliance Retail,Mamaearth,Feb'25,FY_24-25,0.1,0.2
Reliance Retail Limited-TFY6,Direct,Reliance Retail,Mamaearth,Feb'25,FY_24-25,0.3,0.6
Reliance Retail Limited-TG2K,Direct,Reliance Retail,Mamaearth,Feb'25,FY_24-25,0.4,0.8
Reliance Retail Limited-TGL6,Direct,Reliance Retail,Mamaearth,Feb'25,FY_24-25,0.4,0.6
Reliance Retail Limited-TH93,Direct,Reliance Retail,Mamaearth,Feb'25,FY_24-25,0.6,1.1
Reliance Retail Limited-TIU6,Direct,Reliance Retail,Mamaearth,Feb'25,FY_24-25,0.6,1.0
Reliance Retail Limited-TL30,Direct,Reliance Retail,Aqualogica,Feb'25,FY_24-25,-0.2,-0.4
Reliance Retail Limited-TL30,Direct,Reliance Retail,BBlunt,Feb'25,FY_24-25,0.1,0.2
Reliance Retail Limited-TL30,Direct,Reliance Retail,Mamaearth,Feb'25,FY_24-25,-0.2,-0.4
Reliance Retail Limited-TL30,Direct,Reliance Retail,The Derma Co,Feb'25,FY_24-25,0.1,0.2
Reliance Retail Limited-TM18,Direct,Reliance Retail,Mamaearth,Feb'25,FY_24-25,0.6,1.2
Reliance Retail Limited-TM27,Direct,Reliance Retail,Mamaearth,Feb'25,FY_24-25,0.5,0.9
Reliance Retail Limited-TMI6,Direct,Reliance Retail,Mamaearth,Feb'25,FY_24-25,0.1,0.2
Reliance Retail Limited-TN54,Direct,Reliance Retail,Mamaearth,Feb'25,FY_24-25,0.3,0.5
Reliance Retail Limited-Tna8,Direct,Reliance Retail,Mamaearth,Feb'25,FY_24-25,0.2,0.4
Reliance Retail Limited-TNB5,Direct,Reliance Retail,Mamaearth,Feb'25,FY_24-25,0.2,0.5
Reliance Retail Limited-TNC2,Direct,Reliance Retail,Aqualogica,Feb'25,FY_24-25,0.0,0.0
Reliance Retail Limited-TNC2,Direct,Reliance Retail,BBlunt,Feb'25,FY_24-25,0.0,0.1
Reliance Retail Limited-TNC2,Direct,Reliance Retail,The Derma Co,Feb'25,FY_24-25,0.1,0.1
Reliance Retail Limited-TNC5,Direct,Reliance Retail,Mamaearth,Feb'25,FY_24-25,1.0,2.0
Reliance Retail Limited-TNC7,Direct,Reliance Retail,Aqualogica,Feb'25,FY_24-25,0.0,0.1
Reliance Retail Limited-TNC7,Direct,Reliance Retail,BBlunt,Feb'25,FY_24-25,0.1,0.2
Reliance Retail Limited-TNC7,Direct,Reliance Retail,Mamaearth,Feb'25,FY_24-25,0.2,0.5
Reliance Retail Limited-TNC7,Direct,Reliance Retail,The Derma Co,Feb'25,FY_24-25,0.2,0.4
Reliance Retail Limited-TND1,Direct,Reliance Retail,Mamaearth,Feb'25,FY_24-25,0.2,0.4
Reliance Retail Limited-TND2,Direct,Reliance Retail,Aqualogica,Feb'25,FY_24-25,0.0,0.1
Reliance Retail Limited-TND2,Direct,Reliance Retail,BBlunt,Feb'25,FY_24-25,0.1,0.1
Reliance Retail Limited-TND2,Direct,Reliance Retail,Mamaearth,Feb'25,FY_24-25,0.3,0.5
Reliance Retail Limited-TND2,Direct,Reliance Retail,The Derma Co,Feb'25,FY_24-25,0.1,0.1
Reliance Retail Limited-TND4,Direct,Reliance Retail,Mamaearth,Feb'25,FY_24-25,0.5,1.0
Reliance Retail Limited-Tnd5,Direct,Reliance Retail,Mamaearth,Feb'25,FY_24-25,0.6,1.0
Reliance Retail Limited-TND6,Direct,Reliance Retail,Mamaearth,Feb'25,FY_24-25,0.5,0.9
Reliance Retail Limited-TND7,Direct,Reliance Retail,Mamaearth,Feb'25,FY_24-25,0.3,0.6
Reliance Retail Limited-TNE1,Direct,Reliance Retail,Mamaearth,Feb'25,FY_24-25,0.3,0.7
Reliance Retail Limited-TO19,Direct,Reliance Retail,Mamaearth,Feb'25,FY_24-25,0.1,0.3
Reliance Retail Limited-TOG3,Direct,Reliance Retail,Mamaearth,Feb'25,FY_24-25,0.4,0.7
Reliance Retail Limited-TOL2,Direct,Reliance Retail,Aqualogica,Feb'25,FY_24-25,0.1,0.1
Reliance Retail Limited-TOL2,Direct,Reliance Retail,BBlunt,Feb'25,FY_24-25,0.1,0.1
Reliance Retail Limited-TOL2,Direct,Reliance Retail,The Derma Co,Feb'25,FY_24-25,0.0,0.1
Reliance Retail Limited-TOM0,Direct,Reliance Retail,Mamaearth,Feb'25,FY_24-25,0.2,0.4
Reliance Retail Limited-TP06,Direct,Reliance Retail,Mamaearth,Feb'25,FY_24-25,0.3,0.6
Reliance Retail Limited-TP23,Direct,Reliance Retail,Mamaearth,Feb'25,FY_24-25,0.3,0.6
Reliance Retail Limited-TQ61,Direct,Reliance Retail,Mamaearth,Feb'25,FY_24-25,0.5,1.0
Reliance Retail Limited-TR28,Direct,Reliance Retail,Mamaearth,Feb'25,FY_24-25,0.2,0.5
Reliance Retail Limited-TW11,Direct,Reliance Retail,Mamaearth,Feb'25,FY_24-25,0.2,0.4
Reliance Retail Limited-TZ8R,Direct,Reliance Retail,Mamaearth,Feb'25,FY_24-25,0.4,0.7
Reliance Retail Limited-TZL5,Direct,Reliance Retail,Aqualogica,Feb'25,FY_24-25,0.0,0.0
Reliance Retail Limited-TZL5,Direct,Reliance Retail,BBlunt,Feb'25,FY_24-25,0.0,0.1
Reliance Retail Limited-TZL5,Direct,Reliance Retail,Mamaearth,Feb'25,FY_24-25,0.2,0.5
Reliance Retail Limited-TZL5,Direct,Reliance Retail,The Derma Co,Feb'25,FY_24-25,0.1,0.2
Reliance Retail Limited-ZZI0-B,Direct,Reliance Retail,Mamaearth,Feb'25,FY_24-25,4.4,10.8
Reliance Retail Ltd _Madhavaram- TNB8,Direct,Reliance Retail,Mamaearth,Feb'25,FY_24-25,0.8,1.4
Reliance Retail Ltd _Mysore_2994,Direct,Reliance Retail,Mamaearth,Feb'25,FY_24-25,0.2,0.4
Reliance Retail Ltd _RAJAJI NAGAR- FR49,Direct,Reliance Retail,Aqualogica,Feb'25,FY_24-25,0.0,0.1
Reliance Retail Ltd _RAJAJI NAGAR- FR49,Direct,Reliance Retail,BBlunt,Feb'25,FY_24-25,0.1,0.2
Reliance Retail Ltd _RAJAJI NAGAR- FR49,Direct,Reliance Retail,Mamaearth,Feb'25,FY_24-25,0.6,1.1
Reliance Retail Ltd _RAJAJI NAGAR- FR49,Direct,Reliance Retail,The Derma Co,Feb'25,FY_24-25,0.1,0.2
Reliance Retail Ltd_Davanagere- TNC0,Direct,Reliance Retail,Mamaearth,Feb'25,FY_24-25,0.4,0.8
Reliance Retail Ltd_Hubballi_2997,Direct,Reliance Retail,Mamaearth,Feb'25,FY_24-25,0.6,1.0
Reliance Retail Ltd_Nagercoil- 3338,Direct,Reliance Retail,Mamaearth,Feb'25,FY_24-25,0.6,1.2
RELIANCE RETAIL Ltd-SLEW,Direct,Reliance Retail,Aqualogica,Feb'25,FY_24-25,0.4,0.7
RELIANCE RETAIL Ltd-SLEW,Direct,Reliance Retail,Mamaearth,Feb'25,FY_24-25,8.6,21.0
RELIANCE RETAIL Ltd-SLEW,Direct,Reliance Retail,The Derma Co,Feb'25,FY_24-25,0.7,1.2
Tnsi Retail Pvt Ltd_Sultanpur,Direct,WH-Smith,Aqualogica,Feb'25,FY_24-25,0.5,0.9
Tnsi Retail Pvt Ltd_Sultanpur,Direct,WH-Smith,Mamaearth,Feb'25,FY_24-25,2.6,5.2
Travel News Services (I) Pvt Ltd-WHSM,Direct,WH-Smith,Aqualogica,Feb'25,FY_24-25,0.2,0.4
Travel News Services (I) Pvt Ltd-WHSM,Direct,WH-Smith,Mamaearth,Feb'25,FY_24-25,0.7,1.5
Travel News Services India Pvt LtdWHSM-HOOGHLY,Direct,WH-Smith,Aqualogica,Feb'25,FY_24-25,0.0,0.0
Travel News Services India Pvt LtdWHSM-HOOGHLY,Direct,WH-Smith,Mamaearth,Feb'25,FY_24-25,0.4,0.7
Travel Retail Services Pvt Ltd_Blr,Direct,Relay,Mamaearth,Feb'25,FY_24-25,0.4,0.9
Travel Retail Services Pvt Ltd_Blr,Direct,Relay,The Derma Co,Feb'25,FY_24-25,0.2,0.4
Travel Retail Services Pvt Ltd_Del,Direct,Relay,Mamaearth,Feb'25,FY_24-25,-0.1,-0.3
Travel Retail Services Pvt Ltd_Del,Direct,Relay,The Derma Co,Feb'25,FY_24-25,-0.1,-0.2
Trent Hypermarket Private Limited_Blr,Direct,Trent,Mamaearth,Feb'25,FY_24-25,1.3,2.2
Trent Hypermarket Private Limited_Mah,Direct,Trent,Mamaearth,Feb'25,FY_24-25,1.0,1.8
Trent Hypermarket Private Limited-P,Direct,Trent,Mamaearth,Feb'25,FY_24-25,0.4,0.6
Wal-Mart India Private Limited 4702,Direct,Walmart CNC,Mamaearth,Feb'25,FY_24-25,0.2,0.3
Wal-Mart India Private Limited 4703,Direct,Walmart CNC,Mamaearth,Feb'25,FY_24-25,1.6,3.2
Wal-Mart India Private Limited 4706,Direct,Walmart CNC,Mamaearth,Feb'25,FY_24-25,1.2,2.3
Wal-Mart India Private Limited 4712,Direct,Walmart CNC,Mamaearth,Feb'25,FY_24-25,0.9,1.8
Wal-Mart India Private Limited 4713,Direct,Walmart CNC,Mamaearth,Feb'25,FY_24-25,1.2,2.3
Wal-Mart India Private Limited 4716,Direct,Walmart CNC,Mamaearth,Feb'25,FY_24-25,1.7,3.1
Wal-Mart India Private Limited 4717,Direct,Walmart CNC,Mamaearth,Feb'25,FY_24-25,2.2,4.2
Wal-Mart India Private Limited 4719,Direct,Walmart CNC,Mamaearth,Feb'25,FY_24-25,3.0,5.8
Wal-Mart India Private Limited 4720,Direct,Walmart CNC,Mamaearth,Feb'25,FY_24-25,0.5,0.9
Wal-Mart India Private Limited 4721,Direct,Walmart CNC,Mamaearth,Feb'25,FY_24-25,0.3,0.6
Wal-Mart India Private Limited 4723,Direct,Walmart CNC,Mamaearth,Feb'25,FY_24-25,-0.3,-0.6
Wal-Mart India Private Limited 4724,Direct,Walmart CNC,Mamaearth,Feb'25,FY_24-25,8.6,16.3
Wal-Mart India Private Limited 4725,Direct,Walmart CNC,Mamaearth,Feb'25,FY_24-25,0.3,0.6
Wal-Mart India Private Limited 4727,Direct,Walmart CNC,Mamaearth,Feb'25,FY_24-25,2.7,5.3
Wal-Mart India Private Limited 4729,Direct,Walmart CNC,Mamaearth,Feb'25,FY_24-25,0.6,1.1
Wal-Mart India Private Limited 4734,Direct,Walmart CNC,Mamaearth,Feb'25,FY_24-25,0.6,1.2
Wal-Mart India Private Limited 4742,Direct,Walmart CNC,Mamaearth,Feb'25,FY_24-25,0.3,0.6
Wal-Mart India Private Limited 4744,Direct,Walmart CNC,Mamaearth,Feb'25,FY_24-25,0.4,0.8
Wal-Mart India Private Limited 4760,Direct,Walmart CNC,Mamaearth,Feb'25,FY_24-25,1.3,2.5
Wal-Mart India Private Limited 4797,Direct,Walmart CNC,Mamaearth,Feb'25,FY_24-25,2.3,4.3
Wal-Mart India Private Limited 4799,Direct,Walmart CNC,Mamaearth,Feb'25,FY_24-25,1.0,2.0
Wal-Mart India Private Limited 4801,Direct,Walmart CNC,Mamaearth,Feb'25,FY_24-25,-0.3,-0.6
Wal-Mart India Private Limited 4803,Direct,Walmart CNC,Mamaearth,Feb'25,FY_24-25,-0.6,-1.1
Wal-Mart India Private Limited 4805,Direct,Walmart CNC,Mamaearth,Feb'25,FY_24-25,1.2,2.3
Wal-Mart India Private Limited 4814,Direct,Walmart CNC,Mamaearth,Feb'25,FY_24-25,1.0,1.8
Wellness Forever Medicare Ltd,Direct,Wellness Forever,Aqualogica,Feb'25,FY_24-25,4.2,7.1
Wellness Forever Medicare Ltd,Direct,Wellness Forever,Mamaearth,Feb'25,FY_24-25,26.0,43.7
Wellness Forever Medicare Ltd,Direct,Wellness Forever,The Derma Co,Feb'25,FY_24-25,46.6,78.6
Aggarwal Associates,Dist.,VMM,Mamaearth,Feb'25,FY_24-25,8.8,19.0
Arc Foods And Beverages_Mt_H&G,Dist.,H&G,Aqualogica,Feb'25,FY_24-25,1.4,2.6
Arc Foods And Beverages_Mt_H&G,Dist.,Apollo Healthco,Aqualogica,Feb'25,FY_24-25,0.3,0.5
Arc Foods And Beverages_Mt_H&G,Dist.,H&G,BBlunt,Feb'25,FY_24-25,3.1,5.0
Arc Foods And Beverages_Mt_H&G,Dist.,Apollo Healthco,Mamaearth,Feb'25,FY_24-25,4.1,8.1
Arc Foods And Beverages_Mt_H&G,Dist.,H&G,Mamaearth,Feb'25,FY_24-25,3.8,7.5
Arc Foods And Beverages_Mt_H&G,Dist.,H&G,The Derma Co,Feb'25,FY_24-25,3.9,7.2
Arc Foods And Beverages_Mt_H&G,Dist.,Apollo Healthco,The Derma Co,Feb'25,FY_24-25,1.0,1.9
Az Enterprises(Apollo/More)Mt,Dist.,Apollo Healthco,Aqualogica,Feb'25,FY_24-25,0.4,0.6
Az Enterprises(Apollo/More)Mt,Dist.,Trilife,Aqualogica,Feb'25,FY_24-25,0.0,0.1
Az Enterprises(Apollo/More)Mt,Dist.,Lulu,Aqualogica,Feb'25,FY_24-25,0.2,0.3
Az Enterprises(Apollo/More)Mt,Dist.,H&G,Aqualogica,Feb'25,FY_24-25,4.6,7.5
Az Enterprises(Apollo/More)Mt,Dist.,B&N,Aqualogica,Feb'25,FY_24-25,0.0,0.0
Az Enterprises(Apollo/More)Mt,Dist.,Trilife,BBlunt,Feb'25,FY_24-25,0.0,0.1
Az Enterprises(Apollo/More)Mt,Dist.,H&G,BBlunt,Feb'25,FY_24-25,2.6,4.7
Az Enterprises(Apollo/More)Mt,Dist.,B&N,BBlunt,Feb'25,FY_24-25,0.2,0.3
Az Enterprises(Apollo/More)Mt,Dist.,Apollo Healthco,Mamaearth,Feb'25,FY_24-25,20.1,39.7
Az Enterprises(Apollo/More)Mt,Dist.,Trilife,Mamaearth,Feb'25,FY_24-25,0.1,0.1
Az Enterprises(Apollo/More)Mt,Dist.,Lulu,Mamaearth,Feb'25,FY_24-25,3.7,7.2
Az Enterprises(Apollo/More)Mt,Dist.,Frankross,Mamaearth,Feb'25,FY_24-25,0.1,0.2
Az Enterprises(Apollo/More)Mt,Dist.,H&G,Mamaearth,Feb'25,FY_24-25,10.2,20.1
Az Enterprises(Apollo/More)Mt,Dist.,B&N,Mamaearth,Feb'25,FY_24-25,0.1,0.1
Az Enterprises(Apollo/More)Mt,Dist.,More Retail,Mamaearth,Feb'25,FY_24-25,6.7,13.3
Az Enterprises(Apollo/More)Mt,Dist.,Apollo Healthco,The Derma Co,Feb'25,FY_24-25,4.6,7.7
Az Enterprises(Apollo/More)Mt,Dist.,Trilife,The Derma Co,Feb'25,FY_24-25,0.1,0.1
Az Enterprises(Apollo/More)Mt,Dist.,Lulu,The Derma Co,Feb'25,FY_24-25,0.2,0.4
Az Enterprises(Apollo/More)Mt,Dist.,H&G,The Derma Co,Feb'25,FY_24-25,16.4,27.3
Az Enterprises(Apollo/More)Mt,Dist.,B&N,The Derma Co,Feb'25,FY_24-25,0.1,0.1
BALAJI ASSOCIATES Distributor MT,Dist.,Reliance Retail,Aqualogica,Feb'25,FY_24-25,1.7,3.2
BALAJI ASSOCIATES Distributor MT,Dist.,Reliance Retail,BBlunt,Feb'25,FY_24-25,1.2,2.2
BALAJI ASSOCIATES Distributor MT,Dist.,Reliance Retail,Mamaearth,Feb'25,FY_24-25,8.2,18.8
BALAJI ASSOCIATES Distributor MT,Dist.,VMM,Mamaearth,Feb'25,FY_24-25,5.6,12.7
BALAJI ASSOCIATES Distributor MT,Dist.,Reliance Retail,The Derma Co,Feb'25,FY_24-25,3.0,5.6
CHHABRA TRADERS_Ship To,Dist.,Spencer,BBlunt,Feb'25,FY_24-25,0.0,0.1
CHHABRA TRADERS_Ship To,Dist.,Lulu,Mamaearth,Feb'25,FY_24-25,8.8,17.1
CHHABRA TRADERS_Ship To,Dist.,VMM,Mamaearth,Feb'25,FY_24-25,6.6,12.9
CHHABRA TRADERS_Ship To,Dist.,Lulu,The Derma Co,Feb'25,FY_24-25,0.9,1.6
D.L. Sales - MT,Dist.,Apollo Healthco,Aqualogica,Feb'25,FY_24-25,0.1,0.2
D.L. Sales - MT,Dist.,H&G,Aqualogica,Feb'25,FY_24-25,0.1,0.2
D.L. Sales - MT,Dist.,Spencer,Aqualogica,Feb'25,FY_24-25,0.3,0.6
D.L. Sales - MT,Dist.,H&G,BBlunt,Feb'25,FY_24-25,0.1,0.2
D.L. Sales - MT,Dist.,Spencer,BBlunt,Feb'25,FY_24-25,0.2,0.4
D.L. Sales - MT,Dist.,Arambagh,Mamaearth,Feb'25,FY_24-25,1.0,2.0
D.L. Sales - MT,Dist.,Apollo Healthco,Mamaearth,Feb'25,FY_24-25,7.7,14.5
D.L. Sales - MT,Dist.,H&G,Mamaearth,Feb'25,FY_24-25,1.3,2.5
D.L. Sales - MT,Dist.,More Retail,Mamaearth,Feb'25,FY_24-25,1.9,3.5
D.L. Sales - MT,Dist.,Spencer,Mamaearth,Feb'25,FY_24-25,6.1,11.5
D.L. Sales - MT,Dist.,Frankross,Mamaearth,Feb'25,FY_24-25,1.7,3.3
D.L. Sales - MT,Dist.,VMM,Mamaearth,Feb'25,FY_24-25,0.7,1.4
D.L. Sales - MT,Dist.,Apollo Healthco,The Derma Co,Feb'25,FY_24-25,0.4,0.7
D.L. Sales - MT,Dist.,H&G,The Derma Co,Feb'25,FY_24-25,0.9,1.6
D.L. Sales - MT,Dist.,Spencer,The Derma Co,Feb'25,FY_24-25,0.9,1.6
D.L. Sales - MT,Dist.,Frankross,The Derma Co,Feb'25,FY_24-25,0.1,0.1
G.V Enterprises,Dist.,Lulu,Aqualogica,Feb'25,FY_24-25,0.0,0.0
G.V Enterprises,Dist.,Pothys,Aqualogica,Feb'25,FY_24-25,0.0,0.0
G.V Enterprises,Dist.,Pothys,BBlunt,Feb'25,FY_24-25,0.0,0.0
G.V Enterprises,Dist.,Apollo Healthco,Mamaearth,Feb'25,FY_24-25,2.4,5.8
G.V Enterprises,Dist.,D-Mart,Mamaearth,Feb'25,FY_24-25,21.8,53.4
G.V Enterprises,Dist.,Lulu,Mamaearth,Feb'25,FY_24-25,1.3,3.3
G.V Enterprises,Dist.,Pothys,Mamaearth,Feb'25,FY_24-25,1.6,4.0
G.V Enterprises,Dist.,Apollo Healthco,The Derma Co,Feb'25,FY_24-25,0.2,0.3
G.V Enterprises,Dist.,Lulu,The Derma Co,Feb'25,FY_24-25,0.1,0.3
G.V Enterprises,Dist.,Pothys,The Derma Co,Feb'25,FY_24-25,0.1,0.1
JUST MARK-Dmart,Dist.,D-Mart,Mamaearth,Feb'25,FY_24-25,96.3,256.1
Kiran Trading Co- Dmart,Dist.,D-Mart,Mamaearth,Feb'25,FY_24-25,40.4,113.3
Kiran Trading Company_Ship to,Dist.,D-Mart,Mamaearth,Feb'25,FY_24-25,36.3,95.8
M/S KOTTARAM BUSINESS CORPORATION-MT,Dist.,H&G,Aqualogica,Feb'25,FY_24-25,0.3,0.6
M/S KOTTARAM BUSINESS CORPORATION-MT,Dist.,Lulu,Aqualogica,Feb'25,FY_24-25,2.8,5.2
M/S KOTTARAM BUSINESS CORPORATION-MT,Dist.,H&G,Mamaearth,Feb'25,FY_24-25,0.3,0.5
M/S KOTTARAM BUSINESS CORPORATION-MT,Dist.,Lulu,Mamaearth,Feb'25,FY_24-25,17.0,31.1
M/S KOTTARAM BUSINESS CORPORATION-MT,Dist.,Apollo Healthco,Mamaearth,Feb'25,FY_24-25,2.1,3.8
M/S KOTTARAM BUSINESS CORPORATION-MT,Dist.,Apollo Healthco,The Derma Co,Feb'25,FY_24-25,0.8,1.5
M/S KOTTARAM BUSINESS CORPORATION-MT,Dist.,H&G,The Derma Co,Feb'25,FY_24-25,0.5,1.0
M/S KOTTARAM BUSINESS CORPORATION-MT,Dist.,Lulu,The Derma Co,Feb'25,FY_24-25,2.1,3.9
MARK ENTERPRISE,Dist.,Apollo Healthco,Mamaearth,Feb'25,FY_24-25,6.7,12.3
Mittal Enterprises,Dist.,VMM,Mamaearth,Feb'25,FY_24-25,5.8,12.0
PRAGATI SALES-Apollo,Dist.,Apollo Healthco,Mamaearth,Feb'25,FY_24-25,0.4,0.8
PRAGATI SALES-D-MART,Dist.,D-Mart,Mamaearth,Feb'25,FY_24-25,9.3,24.5
Sancus Networks Private Limited-RMT,Dist.,RMT-Sancus,BBlunt,Feb'25,FY_24-25,0.2,0.3
Sancus Networks Private Limited-RMT,Dist.,More Retail,Mamaearth,Feb'25,FY_24-25,5.3,10.6
Sancus Networks Private Limited-RMT,Dist.,RMT-Sancus,Mamaearth,Feb'25,FY_24-25,25.9,52.2
Sancus Networks Private Limited-RMT,Dist.,RMT-Sancus,The Derma Co,Feb'25,FY_24-25,0.6,1.0
SC BUSINESS COMBINE_MT,Dist.,Sohum Shoppe,Mamaearth,Feb'25,FY_24-25,1.7,3.9
SC BUSINESS COMBINE_MT,Dist.,V-Mart,Mamaearth,Feb'25,FY_24-25,0.7,1.5
Sri Lalitha Enterprises,Dist.,Grace Super MKT,Mamaearth,Feb'25,FY_24-25,2.0,3.9
Sri Lalitha Enterprises,Dist.,Pothys,Mamaearth,Feb'25,FY_24-25,0.9,1.8
Sri Lalitha Enterprises,Dist.,Sarvana,Mamaearth,Feb'25,FY_24-25,7.4,14.3
Sri Vijaya Durga Agencies_Mt,Dist.,Reliance Retail,Aqualogica,Feb'25,FY_24-25,0.8,1.4
Sri Vijaya Durga Agencies_Mt,Dist.,Apollo Healthco,Mamaearth,Feb'25,FY_24-25,23.2,54.9
Sri Vijaya Durga Agencies_Mt,Dist.,D-Mart,Mamaearth,Feb'25,FY_24-25,42.6,100.6
Sri Vijaya Durga Agencies_Mt,Dist.,Reliance Retail,Mamaearth,Feb'25,FY_24-25,12.5,29.6
Sri Vijaya Durga Agencies_Mt,Dist.,More Retail,Mamaearth,Feb'25,FY_24-25,1.8,4.3
Sri Vijaya Durga Agencies_Mt,Dist.,Reliance Retail,The Derma Co,Feb'25,FY_24-25,0.5,1.0
United Marketing_Mt,Dist.,Apollo Healthco,Mamaearth,Feb'25,FY_24-25,0.8,1.4
Vanaja Agencies MT_Dmart,Dist.,D-Mart,Mamaearth,Feb'25,FY_24-25,47.5,129.7
Vanaja Agencies MT_Dmart,Dist.,D-Mart,The Derma Co,Feb'25,FY_24-25,10.2,20.9
Vanaja Agencies_Mt,Dist.,H&G,Aqualogica,Feb'25,FY_24-25,2.9,5.2
Vanaja Agencies_Mt,Dist.,Reliance Retail,Aqualogica,Feb'25,FY_24-25,0.4,0.8
Vanaja Agencies_Mt,Dist.,Lulu,Aqualogica,Feb'25,FY_24-25,0.3,0.5
Vanaja Agencies_Mt,Dist.,Apollo Healthco,Aqualogica,Feb'25,FY_24-25,1.0,1.8
Vanaja Agencies_Mt,Dist.,H&G,BBlunt,Feb'25,FY_24-25,1.2,1.9
Vanaja Agencies_Mt,Dist.,Apollo Healthco,Mamaearth,Feb'25,FY_24-25,22.5,46.6
Vanaja Agencies_Mt,Dist.,H&G,Mamaearth,Feb'25,FY_24-25,6.0,12.3
Vanaja Agencies_Mt,Dist.,Vijetha,Mamaearth,Feb'25,FY_24-25,1.4,3.0
Vanaja Agencies_Mt,Dist.,More Retail,Mamaearth,Feb'25,FY_24-25,6.4,13.2
Vanaja Agencies_Mt,Dist.,Reliance Retail,Mamaearth,Feb'25,FY_24-25,17.9,37.1
Vanaja Agencies_Mt,Dist.,Lulu,Mamaearth,Feb'25,FY_24-25,1.6,3.3
Vanaja Agencies_Mt,Dist.,Ratnadeep,Mamaearth,Feb'25,FY_24-25,4.8,9.9
Vanaja Agencies_Mt,Dist.,H&G,The Derma Co,Feb'25,FY_24-25,6.8,12.2
Vanaja Agencies_Mt,Dist.,Reliance Retail,The Derma Co,Feb'25,FY_24-25,0.1,0.3
Vanaja Agencies_Mt,Dist.,Lulu,The Derma Co,Feb'25,FY_24-25,0.3,0.6
Vanaja Agencies_Mt,Dist.,Apollo Healthco,The Derma Co,Feb'25,FY_24-25,3.9,7.0
VISHAL ENTERPRISES_Solapur,Dist.,D-Mart,Mamaearth,Feb'25,FY_24-25,20.8,54.0
APOLLO HEALTHCO LIMITED_AHMEDABAD,Direct,Apollo Healthco,Aqualogica,March'25,FY_24-25,0.3,0.6
APOLLO HEALTHCO LIMITED_AHMEDABAD,Direct,Apollo Healthco,Mamaearth,March'25,FY_24-25,6.1,14.2
Apollo Healthco Limited_Bhiwandi,Direct,Apollo Healthco,Aqualogica,March'25,FY_24-25,0.5,0.9
Apollo Healthco Limited_Bhiwandi,Direct,Apollo Healthco,Mamaearth,March'25,FY_24-25,4.7,11.5
Apollo Healthco Limited_Bhiwandi,Direct,Apollo Healthco,The Derma Co,March'25,FY_24-25,1.3,2.2
Apollo Healthco Limited_Faridabad,Direct,Apollo Healthco,Aqualogica,March'25,FY_24-25,2.1,3.6
Apollo Healthco Limited_Faridabad,Direct,Apollo Healthco,Mamaearth,March'25,FY_24-25,30.8,71.0
Apollo Healthco Limited_Faridabad,Direct,Apollo Healthco,The Derma Co,March'25,FY_24-25,6.7,11.2
Apollo Healthco Limited_Rajasthan,Direct,Apollo Healthco,Mamaearth,March'25,FY_24-25,3.0,7.4
Apollo Healthco Limited-Bangalore,Direct,Apollo Healthco,Mamaearth,March'25,FY_24-25,12.3,33.7
Apollo Healthco Limited-Chennai,Direct,Apollo Healthco,Mamaearth,March'25,FY_24-25,8.2,23.3
APOLLO HEALTHCO LIMITED-Chittor,Direct,Apollo Healthco,Mamaearth,March'25,FY_24-25,7.2,20.5
Apollo Healthco Limited-Goa,Direct,Apollo Healthco,Aqualogica,March'25,FY_24-25,0.1,0.2
Apollo Healthco Limited-Goa,Direct,Apollo Healthco,Mamaearth,March'25,FY_24-25,1.4,3.7
Apollo Healthco Limited-Goa,Direct,Apollo Healthco,The Derma Co,March'25,FY_24-25,0.4,0.7
Apollo Healthco Limited-Hubbli,Direct,Apollo Healthco,Mamaearth,March'25,FY_24-25,15.4,37.8
APOLLO HEALTHCO LIMITED-HYD,Direct,Apollo Healthco,Mamaearth,March'25,FY_24-25,4.2,12.4
Apollo Healthco Limited-Kochi,Direct,Apollo Healthco,Mamaearth,March'25,FY_24-25,2.7,7.5
APOLLO HEALTHCO LIMITED-Madurai,Direct,Apollo Healthco,Mamaearth,March'25,FY_24-25,5.9,16.7
Apollo Healthco Limited-Ore,Direct,Apollo Healthco,Mamaearth,March'25,FY_24-25,5.4,12.0
Apollo Healthco Limited-Sanath Nagar,Direct,Apollo Healthco,Mamaearth,March'25,FY_24-25,6.7,18.0
APOLLO HEALTHCO LIMITED-Vijayawada,Direct,Apollo Healthco,Mamaearth,March'25,FY_24-25,8.3,22.5
APOLLO HEALTHCO LIMITED-WB,Direct,Apollo Healthco,Aqualogica,March'25,FY_24-25,0.0,0.0
APOLLO HEALTHCO LIMITED-WB,Direct,Apollo Healthco,Mamaearth,March'25,FY_24-25,0.9,2.4
APOLLO HEALTHCO LIMITED-WB,Direct,Apollo Healthco,The Derma Co,March'25,FY_24-25,0.0,0.1
APOLLO HEALTHCO LIMITED-WB-2,Direct,Apollo Healthco,Mamaearth,March'25,FY_24-25,16.0,41.5
Apollo Healthco Ltd_Raipur,Direct,Apollo Healthco,Aqualogica,March'25,FY_24-25,0.1,0.2
Apollo Healthco Ltd_Raipur,Direct,Apollo Healthco,Mamaearth,March'25,FY_24-25,4.6,11.2
Apollo Healthco Ltd_Raipur,Direct,Apollo Healthco,The Derma Co,March'25,FY_24-25,0.2,0.3
Avenue E Commerce Limited(Belapur),Direct,D-Mart,Aqualogica,March'25,FY_24-25,0.0,0.1
Avenue E Commerce Limited(Belapur),Direct,D-Mart,The Derma Co,March'25,FY_24-25,0.1,0.1
Avenue E Commerce Limited(Ck Palya),Direct,D-Mart,Aqualogica,March'25,FY_24-25,0.0,0.1
Avenue E Commerce Limited(Kanjur),Direct,D-Mart,Aqualogica,March'25,FY_24-25,0.1,0.2
Avenue E Commerce Limited(Kanjur),Direct,D-Mart,The Derma Co,March'25,FY_24-25,0.1,0.2
Avenue E Commerce Limited(Kushaiguda),Direct,D-Mart,The Derma Co,March'25,FY_24-25,0.1,0.2
Avenue E Commerce Limited(Mira Road) N2,Direct,D-Mart,Aqualogica,March'25,FY_24-25,0.3,0.6
Avenue E Commerce Limited(Mira Road) N2,Direct,D-Mart,The Derma Co,March'25,FY_24-25,0.2,0.4
Avenue E Commerce Limited(Nahur),Direct,D-Mart,Aqualogica,March'25,FY_24-25,0.1,0.2
Avenue E Commerce Limited(Nahur),Direct,D-Mart,The Derma Co,March'25,FY_24-25,0.2,0.4
Avenue E Commerce Limited_3826,Direct,D-Mart,Aqualogica,March'25,FY_24-25,0.1,0.2
Avenue E Commerce Limited_3826,Direct,D-Mart,The Derma Co,March'25,FY_24-25,0.2,0.4
Avenue E Commerce Limited_GachibowlI,Direct,D-Mart,Aqualogica,March'25,FY_24-25,0.1,0.2
Avenue E Commerce Limited_GachibowlI,Direct,D-Mart,The Derma Co,March'25,FY_24-25,0.2,0.3
Avenue E Commerce Limited_Panvel-2,Direct,D-Mart,Aqualogica,March'25,FY_24-25,0.0,0.1
Avenue E Commerce Limited_Panvel-2,Direct,D-Mart,The Derma Co,March'25,FY_24-25,0.0,0.1
Avenue E Commerce Ltd -Andheri FC,Direct,D-Mart,Aqualogica,March'25,FY_24-25,0.0,0.1
Avenue E Commerce Ltd -Andheri FC,Direct,D-Mart,The Derma Co,March'25,FY_24-25,0.1,0.2
Avenue E Commerce Ltd -Vashi FC-E,Direct,D-Mart,Aqualogica,March'25,FY_24-25,0.1,0.2
Avenue E Commerce Ltd -Vashi FC-E,Direct,D-Mart,The Derma Co,March'25,FY_24-25,0.0,0.1
Avenue E Commerce Ltd -Yelahanka FC,Direct,D-Mart,The Derma Co,March'25,FY_24-25,0.0,0.1
Avenue E Commerce Ltd._Hennur Fc-Ka,Direct,D-Mart,Aqualogica,March'25,FY_24-25,0.1,0.2
Avenue E Commerce Ltd._Hennur Fc-Ka,Direct,D-Mart,The Derma Co,March'25,FY_24-25,0.0,0.1
Avenue E Commerce Ltd_3919-Sardarnagar,Direct,D-Mart,Aqualogica,March'25,FY_24-25,0.0,0.0
Avenue E Commerce Ltd_3919-Sardarnagar,Direct,D-Mart,The Derma Co,March'25,FY_24-25,0.2,0.4
Avenue E Commerce Ltd_3925-Jahangirabad.,Direct,D-Mart,The Derma Co,March'25,FY_24-25,0.2,0.4
Avenue E Commerce Ltd_4047-Vasai Waliv,Direct,D-Mart,The Derma Co,March'25,FY_24-25,0.2,0.5
Avenue E Commerce Ltd_CadburyFC.,Direct,D-Mart,Aqualogica,March'25,FY_24-25,0.1,0.2
Avenue E Commerce Ltd_CadburyFC.,Direct,D-Mart,The Derma Co,March'25,FY_24-25,0.4,0.8
Avenue E Commerce Ltd_Goregaon,Direct,D-Mart,Aqualogica,March'25,FY_24-25,0.0,0.0
Avenue E Commerce Ltd_Goregaon,Direct,D-Mart,The Derma Co,March'25,FY_24-25,0.1,0.2
Avenue E Commerce Ltd_Manpada,Direct,D-Mart,The Derma Co,March'25,FY_24-25,0.1,0.1
Avenue E Commerce Ltd_PeddaAmberpetFC,Direct,D-Mart,Aqualogica,March'25,FY_24-25,0.1,0.2
Avenue E Commerce Ltd_PeddaAmberpetFC,Direct,D-Mart,The Derma Co,March'25,FY_24-25,0.1,0.2
Avenue E Commerce Ltd_SanandFC,Direct,D-Mart,Aqualogica,March'25,FY_24-25,0.0,0.0
Avenue E Commerce Ltd_SanandFC,Direct,D-Mart,The Derma Co,March'25,FY_24-25,0.1,0.2
Avenue E Commerce Ltd_Wagholi,Direct,D-Mart,Aqualogica,March'25,FY_24-25,0.1,0.1
Avenue E Commerce Ltd_Wagholi,Direct,D-Mart,The Derma Co,March'25,FY_24-25,0.1,0.2
Avenue Supermarts Ltd.-DC-1032,Direct,D-Mart,Mamaearth,March'25,FY_24-25,83.7,214.6
Avenue Supermarts Ltd.-DC-1032,Direct,D-Mart,The Derma Co,March'25,FY_24-25,3.2,6.3
Avenue Supermarts Ltd.-DC-1039,Direct,D-Mart,Mamaearth,March'25,FY_24-25,102.4,263.9
Avenue Supermarts Ltd.-DC-1039,Direct,D-Mart,The Derma Co,March'25,FY_24-25,4.5,8.9
Avenue Supermarts Ltd.-DC-1049,Direct,D-Mart,Mamaearth,March'25,FY_24-25,63.0,166.3
Avenue Supermarts Ltd.-DC-1050,Direct,D-Mart,Mamaearth,March'25,FY_24-25,60.2,157.1
Avenue Supermarts Ltd.-DC-1050,Direct,D-Mart,The Derma Co,March'25,FY_24-25,9.6,18.8
Avenue Supermarts Ltd.-DC-1068,Direct,D-Mart,Mamaearth,March'25,FY_24-25,62.7,163.5
Avenue Supermarts Ltd.-DC-1091,Direct,D-Mart,Mamaearth,March'25,FY_24-25,15.7,39.5
Avenue Supermarts Ltd.-DC-1091,Direct,D-Mart,The Derma Co,March'25,FY_24-25,4.7,9.2
Guardian Healthcare Services Pvt Ltd(DL),Direct,Guardian,Aqualogica,March'25,FY_24-25,0.3,0.6
Guardian Healthcare Services Pvt Ltd(DL),Direct,Guardian,Mamaearth,March'25,FY_24-25,0.4,0.8
Guardian Healthcare Services Pvt Ltd(DL),Direct,Guardian,The Derma Co,March'25,FY_24-25,0.2,0.5
H&B Stores Limited,Direct,B&N,Aqualogica,March'25,FY_24-25,-0.8,-1.4
H&B Stores Limited,Direct,B&N,BBlunt,March'25,FY_24-25,-6.4,-10.4
H&B Stores Limited,Direct,B&N,Mamaearth,March'25,FY_24-25,-29.0,-48.8
H&B Stores Limited,Direct,B&N,The Derma Co,March'25,FY_24-25,-0.9,-1.5
Metro Cash & Carry India Pvt Ltd -(DC27)-T0SJ,Direct,Metro-CNC-RRL,Aqualogica,March'25,FY_24-25,0.6,0.9
Metro Cash & Carry India Pvt Ltd -(DC27)-T0SJ,Direct,Metro-CNC-RRL,Mamaearth,March'25,FY_24-25,0.7,1.6
Metro Cash & Carry India Pvt Ltd -(DC27)-T0SJ,Direct,Metro-CNC-RRL,The Derma Co,March'25,FY_24-25,1.0,1.6
Metro Cash & Carry India Pvt Ltd-(DC10)-T0SM,Direct,Metro-CNC-RRL,Aqualogica,March'25,FY_24-25,0.7,1.0
Metro Cash & Carry India Pvt Ltd-(DC10)-T0SM,Direct,Metro-CNC-RRL,BBlunt,March'25,FY_24-25,0.4,0.7
Metro Cash & Carry India Pvt Ltd-(DC10)-T0SM,Direct,Metro-CNC-RRL,Mamaearth,March'25,FY_24-25,3.2,6.3
Metro Cash & Carry India Pvt Ltd-(DC10)-T0SM,Direct,Metro-CNC-RRL,The Derma Co,March'25,FY_24-25,1.7,2.7
Metro Cash & Carry India Pvt Ltd-(DC11)-T0SL,Direct,Metro-CNC-RRL,Aqualogica,March'25,FY_24-25,0.8,1.3
Metro Cash & Carry India Pvt Ltd-(DC11)-T0SL,Direct,Metro-CNC-RRL,BBlunt,March'25,FY_24-25,0.2,0.3
Metro Cash & Carry India Pvt Ltd-(DC11)-T0SL,Direct,Metro-CNC-RRL,Mamaearth,March'25,FY_24-25,1.7,3.4
Metro Cash & Carry India Pvt Ltd-(DC11)-T0SL,Direct,Metro-CNC-RRL,The Derma Co,March'25,FY_24-25,1.1,1.7
Metro Cash & Carry India Pvt Ltd-(DC12)-T0QX,Direct,Metro-CNC-RRL,Aqualogica,March'25,FY_24-25,0.3,0.4
Metro Cash & Carry India Pvt Ltd-(DC12)-T0QX,Direct,Metro-CNC-RRL,BBlunt,March'25,FY_24-25,0.1,0.1
Metro Cash & Carry India Pvt Ltd-(DC12)-T0QX,Direct,Metro-CNC-RRL,Mamaearth,March'25,FY_24-25,0.4,0.9
Metro Cash & Carry India Pvt Ltd-(DC12)-T0QX,Direct,Metro-CNC-RRL,The Derma Co,March'25,FY_24-25,0.0,0.1
Metro Cash & Carry India Pvt Ltd-(DC15)-T0QY,Direct,Metro-CNC-RRL,Mamaearth,March'25,FY_24-25,1.1,2.9
Metro Cash & Carry India Pvt Ltd-(DC16)-T0QZ,Direct,Metro-CNC-RRL,Mamaearth,March'25,FY_24-25,0.2,0.5
Metro Cash & Carry India Pvt Ltd-(DC17)-T0QT,Direct,Metro-CNC-RRL,Mamaearth,March'25,FY_24-25,0.2,0.3
Metro Cash & Carry India Pvt Ltd-(DC18)-T0SN,Direct,Metro-CNC-RRL,Mamaearth,March'25,FY_24-25,0.2,0.4
Metro Cash & Carry India Pvt Ltd-(DC18)-T0SN,Direct,Metro-CNC-RRL,The Derma Co,March'25,FY_24-25,0.1,0.1
Metro Cash & Carry India Pvt Ltd-(DC20)-T0RK,Direct,Metro-CNC-RRL,Mamaearth,March'25,FY_24-25,0.4,0.7
Metro Cash & Carry India Pvt Ltd-(DC23)-T0RL,Direct,Metro-CNC-RRL,Aqualogica,March'25,FY_24-25,-0.5,-0.8
Metro Cash & Carry India Pvt Ltd-(DC23)-T0RL,Direct,Metro-CNC-RRL,BBlunt,March'25,FY_24-25,0.1,0.2
Metro Cash & Carry India Pvt Ltd-(DC23)-T0RL,Direct,Metro-CNC-RRL,Mamaearth,March'25,FY_24-25,0.8,1.7
Metro Cash & Carry India Pvt Ltd-(DC23)-T0RL,Direct,Metro-CNC-RRL,The Derma Co,March'25,FY_24-25,0.7,1.0
Metro Cash & Carry India Pvt Ltd-(DC24)-T0RJ,Direct,Metro-CNC-RRL,Mamaearth,March'25,FY_24-25,0.3,0.8
Metro Cash & Carry India Pvt Ltd-(DC26)-T0SP,Direct,Metro-CNC-RRL,Aqualogica,March'25,FY_24-25,0.3,0.4
Metro Cash & Carry India Pvt Ltd-(DC26)-T0SP,Direct,Metro-CNC-RRL,BBlunt,March'25,FY_24-25,0.3,0.4
Metro Cash & Carry India Pvt Ltd-(DC26)-T0SP,Direct,Metro-CNC-RRL,Mamaearth,March'25,FY_24-25,1.0,2.3
Metro Cash & Carry India Pvt Ltd-(DC26)-T0SP,Direct,Metro-CNC-RRL,The Derma Co,March'25,FY_24-25,0.3,0.4
Metro Cash & Carry India Pvt Ltd-(DC29)-T0RA,Direct,Metro-CNC-RRL,Mamaearth,March'25,FY_24-25,0.5,1.0
Metro Cash & Carry India Pvt Ltd-(DC30)-T0RM,Direct,Metro-CNC-RRL,Mamaearth,March'25,FY_24-25,0.0,-0.2
Metro Cash & Carry India Pvt Ltd-(DC32)-T0QU,Direct,Metro-CNC-RRL,Mamaearth,March'25,FY_24-25,0.9,2.1
Metro Cash & Carry India Pvt Ltd-(DC36)-T0RH,Direct,Metro-CNC-RRL,Mamaearth,March'25,FY_24-25,0.1,0.3
Metro Cash & Carry India Pvt Ltd-(DC37)-T0RD,Direct,Metro-CNC-RRL,Mamaearth,March'25,FY_24-25,0.2,0.3
Metro Cash & Carry India Pvt Ltd-(DC45)-T0RE,Direct,Metro-CNC-RRL,Mamaearth,March'25,FY_24-25,0.4,0.9
Metro Cash & Carry India Pvt Ltd-(DC46)-T0RC,Direct,Metro-CNC-RRL,Mamaearth,March'25,FY_24-25,2.6,5.0
Metro Cash & Carry India Pvt Ltd-(DC46)-T0RC,Direct,Metro-CNC-RRL,The Derma Co,March'25,FY_24-25,0.3,0.5
Metro Cash & Carry India Pvt Ltd-(DC47)-T0SI,Direct,Metro-CNC-RRL,Mamaearth,March'25,FY_24-25,0.4,0.7
Metro Cash & Carry India Pvt Ltd-(DC48)-T0SK,Direct,Metro-CNC-RRL,Mamaearth,March'25,FY_24-25,0.4,0.6
Metro Cash & Carry India Pvt Ltd-(DC52)-T0RI,Direct,Metro-CNC-RRL,Mamaearth,March'25,FY_24-25,0.3,0.6
Metro Cash & Carry India Pvt Ltd-(DC53)-T0QV,Direct,Metro-CNC-RRL,BBlunt,March'25,FY_24-25,0.0,0.1
Metro Cash & Carry India Pvt Ltd-(DC53)-T0QV,Direct,Metro-CNC-RRL,Mamaearth,March'25,FY_24-25,0.4,0.8
Metro Cash & Carry India Pvt Ltd-(DC54)-T0QW,Direct,Metro-CNC-RRL,Mamaearth,March'25,FY_24-25,0.1,0.2
Metro Cash & Carry India Pvt Ltd-(DC60)-T0QS,Direct,Metro-CNC-RRL,BBlunt,March'25,FY_24-25,0.1,0.2
Metro Cash & Carry India Pvt Ltd-(DC60)-T0QS,Direct,Metro-CNC-RRL,Mamaearth,March'25,FY_24-25,1.1,2.3
Metro Cash & Carry India Pvt Ltd-(DC60)-T0QS,Direct,Metro-CNC-RRL,The Derma Co,March'25,FY_24-25,0.1,0.2
Metro Cash & Carry India Pvt Ltd_DC33(T0SQ),Direct,Metro-CNC-RRL,Mamaearth,March'25,FY_24-25,0.3,0.5
Metro Cash & Carry India Pvt Ltd_T2FM,Direct,Metro-CNC-RRL,BBlunt,March'25,FY_24-25,0.0,0.1
Metro Cash & Carry India Pvt Ltd_T2FM,Direct,Metro-CNC-RRL,Mamaearth,March'25,FY_24-25,0.1,0.2
Metro Cash & Carry India Pvt Ltd_T2FM,Direct,Metro-CNC-RRL,The Derma Co,March'25,FY_24-25,0.5,0.8
Reliance Retail Limited Ce08,Direct,Reliance Retail,Aqualogica,March'25,FY_24-25,2.0,3.2
Reliance Retail Limited Ce08,Direct,Reliance Retail,Mamaearth,March'25,FY_24-25,25.4,63.1
Reliance Retail Limited Ce08,Direct,Reliance Retail,The Derma Co,March'25,FY_24-25,0.6,1.0
Reliance Retail Limited Cf08,Direct,Reliance Retail,Aqualogica,March'25,FY_24-25,0.6,1.0
Reliance Retail Limited Cf08,Direct,Reliance Retail,Mamaearth,March'25,FY_24-25,8.4,20.6
Reliance Retail Limited Cf08,Direct,Reliance Retail,The Derma Co,March'25,FY_24-25,0.6,1.0
Reliance Retail Limited Fb08,Direct,Reliance Retail,Aqualogica,March'25,FY_24-25,1.9,3.1
Reliance Retail Limited Fb08,Direct,Reliance Retail,Mamaearth,March'25,FY_24-25,12.0,28.3
Reliance Retail Limited Fb08,Direct,Reliance Retail,The Derma Co,March'25,FY_24-25,0.9,1.5
Reliance Retail Limited Fd08,Direct,Reliance Retail,Mamaearth,March'25,FY_24-25,4.2,8.6
Reliance Retail Limited Fd08,Direct,Reliance Retail,The Derma Co,March'25,FY_24-25,0.9,1.5
Reliance Retail Limited R701,Direct,Reliance Retail,Aqualogica,March'25,FY_24-25,2.5,4.0
Reliance Retail Limited R701,Direct,Reliance Retail,Mamaearth,March'25,FY_24-25,15.6,34.3
Reliance Retail Limited R701,Direct,Reliance Retail,The Derma Co,March'25,FY_24-25,1.2,2.0
Reliance Retail Limited R703,Direct,Reliance Retail,Mamaearth,March'25,FY_24-25,2.1,4.4
Reliance Retail Limited R703,Direct,Reliance Retail,The Derma Co,March'25,FY_24-25,0.6,1.0
Reliance Retail Limited R801,Direct,Reliance Retail,Aqualogica,March'25,FY_24-25,0.5,0.8
Reliance Retail Limited R801,Direct,Reliance Retail,Mamaearth,March'25,FY_24-25,15.4,37.4
Reliance Retail Limited R801,Direct,Reliance Retail,The Derma Co,March'25,FY_24-25,0.3,0.5
Reliance Retail Limited Sc79,Direct,Reliance Retail,Aqualogica,March'25,FY_24-25,0.9,1.4
Reliance Retail Limited Sc79,Direct,Reliance Retail,Mamaearth,March'25,FY_24-25,6.4,13.3
Reliance Retail Limited Sc79,Direct,Reliance Retail,The Derma Co,March'25,FY_24-25,0.9,1.5
Reliance Retail Limited_2302,Direct,Reliance Retail,Mamaearth,March'25,FY_24-25,0.1,0.2
Reliance Retail Limited_2364,Direct,Reliance Retail,Mamaearth,March'25,FY_24-25,0.1,0.3
Reliance Retail Limited_2995,Direct,Reliance Retail,Mamaearth,March'25,FY_24-25,0.4,0.7
Reliance Retail Limited_2996,Direct,Reliance Retail,Mamaearth,March'25,FY_24-25,0.2,0.3
Reliance Retail Limited_3210,Direct,Reliance Retail,Mamaearth,March'25,FY_24-25,0.2,0.4
Reliance Retail Limited_6209,Direct,Reliance Retail,Mamaearth,March'25,FY_24-25,0.1,0.1
Reliance Retail Limited_6221,Direct,Reliance Retail,Mamaearth,March'25,FY_24-25,0.2,0.4
Reliance Retail Limited_6717,Direct,Reliance Retail,Mamaearth,March'25,FY_24-25,0.4,0.8
Reliance Retail Limited_6719,Direct,Reliance Retail,Mamaearth,March'25,FY_24-25,0.1,0.1
Reliance Retail Limited_FR00,Direct,Reliance Retail,Mamaearth,March'25,FY_24-25,0.2,0.4
Reliance Retail Limited_FR03,Direct,Reliance Retail,Mamaearth,March'25,FY_24-25,0.2,0.3
Reliance Retail Limited_FR27,Direct,Reliance Retail,Mamaearth,March'25,FY_24-25,0.2,0.4
Reliance Retail Limited_FR30,Direct,Reliance Retail,Mamaearth,March'25,FY_24-25,0.2,0.4
Reliance Retail Limited_FR60,Direct,Reliance Retail,Mamaearth,March'25,FY_24-25,0.2,0.4
Reliance Retail Limited_FR62,Direct,Reliance Retail,Aqualogica,March'25,FY_24-25,0.2,0.3
Reliance Retail Limited_FR62,Direct,Reliance Retail,BBlunt,March'25,FY_24-25,0.1,0.2
Reliance Retail Limited_FR62,Direct,Reliance Retail,Mamaearth,March'25,FY_24-25,0.1,0.3
Reliance Retail Limited_FR62,Direct,Reliance Retail,The Derma Co,March'25,FY_24-25,0.6,1.0
Reliance Retail Limited_FR64,Direct,Reliance Retail,Mamaearth,March'25,FY_24-25,0.1,0.2
Reliance Retail Limited_FR76,Direct,Reliance Retail,Aqualogica,March'25,FY_24-25,0.3,0.4
Reliance Retail Limited_FR76,Direct,Reliance Retail,BBlunt,March'25,FY_24-25,0.1,0.2
Reliance Retail Limited_FR76,Direct,Reliance Retail,Mamaearth,March'25,FY_24-25,0.3,0.6
Reliance Retail Limited_FR76,Direct,Reliance Retail,The Derma Co,March'25,FY_24-25,0.2,0.4
Reliance Retail Limited_Fr87,Direct,Reliance Retail,Aqualogica,March'25,FY_24-25,2.5,4.1
Reliance Retail Limited_Fr87,Direct,Reliance Retail,Mamaearth,March'25,FY_24-25,18.5,47.1
Reliance Retail Limited_Fr87,Direct,Reliance Retail,Pure Origin,March'25,FY_24-25,0.2,0.4
Reliance Retail Limited_Fr87,Direct,Reliance Retail,The Derma Co,March'25,FY_24-25,1.7,2.7
Reliance Retail Limited_Fr89,Direct,Reliance Retail,Mamaearth,March'25,FY_24-25,5.0,10.6
Reliance Retail Limited_Fr89,Direct,Reliance Retail,The Derma Co,March'25,FY_24-25,1.2,2.0
Reliance Retail Limited_FRAQ,Direct,Reliance Retail,Mamaearth,March'25,FY_24-25,0.4,0.7
Reliance Retail Limited_FRAT,Direct,Reliance Retail,Aqualogica,March'25,FY_24-25,0.5,0.9
Reliance Retail Limited_FRAT,Direct,Reliance Retail,BBlunt,March'25,FY_24-25,0.4,0.6
Reliance Retail Limited_FRAT,Direct,Reliance Retail,Mamaearth,March'25,FY_24-25,0.3,0.5
Reliance Retail Limited_FRAT,Direct,Reliance Retail,The Derma Co,March'25,FY_24-25,1.0,1.7
Reliance Retail Limited_Fraz,Direct,Reliance Retail,Aqualogica,March'25,FY_24-25,1.5,2.4
Reliance Retail Limited_Fraz,Direct,Reliance Retail,Mamaearth,March'25,FY_24-25,7.6,17.3
Reliance Retail Limited_Fraz,Direct,Reliance Retail,The Derma Co,March'25,FY_24-25,0.6,1.0
Reliance Retail Limited_FRBD,Direct,Reliance Retail,Mamaearth,March'25,FY_24-25,0.2,0.3
Reliance Retail Limited_FRBR,Direct,Reliance Retail,Mamaearth,March'25,FY_24-25,0.2,0.3
Reliance Retail Limited_FRBS,Direct,Reliance Retail,Aqualogica,March'25,FY_24-25,0.3,0.4
Reliance Retail Limited_FRBS,Direct,Reliance Retail,BBlunt,March'25,FY_24-25,0.2,0.3
Reliance Retail Limited_FRBS,Direct,Reliance Retail,The Derma Co,March'25,FY_24-25,0.2,0.3
Reliance Retail Limited_FRBU,Direct,Reliance Retail,Aqualogica,March'25,FY_24-25,0.4,0.6
Reliance Retail Limited_FRBU,Direct,Reliance Retail,BBlunt,March'25,FY_24-25,0.2,0.4
Reliance Retail Limited_FRBU,Direct,Reliance Retail,The Derma Co,March'25,FY_24-25,0.5,0.8
Reliance Retail Limited_FRBW,Direct,Reliance Retail,Mamaearth,March'25,FY_24-25,0.4,0.8
Reliance Retail Limited_FRCH,Direct,Reliance Retail,Mamaearth,March'25,FY_24-25,0.1,0.2
Reliance Retail Limited_FRCJ,Direct,Reliance Retail,Mamaearth,March'25,FY_24-25,0.2,0.3
Reliance Retail Limited_FRCP,Direct,Reliance Retail,Aqualogica,March'25,FY_24-25,0.3,0.4
Reliance Retail Limited_FRCP,Direct,Reliance Retail,BBlunt,March'25,FY_24-25,0.1,0.2
Reliance Retail Limited_FRCP,Direct,Reliance Retail,The Derma Co,March'25,FY_24-25,0.3,0.6
Reliance Retail Limited_FRCQ,Direct,Reliance Retail,Mamaearth,March'25,FY_24-25,0.1,0.3
Reliance Retail Limited_FRCS,Direct,Reliance Retail,Mamaearth,March'25,FY_24-25,0.3,0.5
Reliance Retail Limited_FRDA,Direct,Reliance Retail,Mamaearth,March'25,FY_24-25,0.1,0.2
Reliance Retail Limited_FRDB,Direct,Reliance Retail,Aqualogica,March'25,FY_24-25,0.4,0.6
Reliance Retail Limited_FRDB,Direct,Reliance Retail,BBlunt,March'25,FY_24-25,0.1,0.2
Reliance Retail Limited_FRDB,Direct,Reliance Retail,Mamaearth,March'25,FY_24-25,0.5,0.8
Reliance Retail Limited_FRDB,Direct,Reliance Retail,The Derma Co,March'25,FY_24-25,0.8,1.3
Reliance Retail Limited_FRDI,Direct,Reliance Retail,Mamaearth,March'25,FY_24-25,0.7,1.2
Reliance Retail Limited_FRDK,Direct,Reliance Retail,Aqualogica,March'25,FY_24-25,0.7,1.1
Reliance Retail Limited_FRDK,Direct,Reliance Retail,BBlunt,March'25,FY_24-25,0.1,0.2
Reliance Retail Limited_FRDK,Direct,Reliance Retail,Mamaearth,March'25,FY_24-25,0.4,0.8
Reliance Retail Limited_FRDK,Direct,Reliance Retail,The Derma Co,March'25,FY_24-25,0.6,1.0
Reliance Retail Limited_FRDL,Direct,Reliance Retail,Aqualogica,March'25,FY_24-25,0.3,0.5
Reliance Retail Limited_FRDL,Direct,Reliance Retail,BBlunt,March'25,FY_24-25,0.1,0.2
Reliance Retail Limited_FRDL,Direct,Reliance Retail,Mamaearth,March'25,FY_24-25,0.2,0.3
Reliance Retail Limited_FRDL,Direct,Reliance Retail,The Derma Co,March'25,FY_24-25,0.3,0.5
Reliance Retail Limited_FRDT,Direct,Reliance Retail,Mamaearth,March'25,FY_24-25,0.1,0.2
Reliance Retail Limited_FREM,Direct,Reliance Retail,Mamaearth,March'25,FY_24-25,0.3,0.5
Reliance Retail Limited_FRER,Direct,Reliance Retail,Mamaearth,March'25,FY_24-25,0.3,0.7
Reliance Retail Limited_FREX,Direct,Reliance Retail,Mamaearth,March'25,FY_24-25,0.2,0.3
Reliance Retail Limited_FRFA,Direct,Reliance Retail,Mamaearth,March'25,FY_24-25,0.2,0.4
Reliance Retail Limited_FRFD,Direct,Reliance Retail,Mamaearth,March'25,FY_24-25,0.4,0.7
Reliance Retail Limited_FRFK,Direct,Reliance Retail,Mamaearth,March'25,FY_24-25,0.1,0.2
Reliance Retail Limited_FRFR,Direct,Reliance Retail,Mamaearth,March'25,FY_24-25,0.4,0.7
Reliance Retail Limited_FRFU,Direct,Reliance Retail,Mamaearth,March'25,FY_24-25,1.0,1.8
Reliance Retail Limited_FRGC,Direct,Reliance Retail,Mamaearth,March'25,FY_24-25,0.2,0.4
Reliance Retail Limited_FRGF,Direct,Reliance Retail,Mamaearth,March'25,FY_24-25,0.2,0.3
Reliance Retail Limited_FRGK,Direct,Reliance Retail,Mamaearth,March'25,FY_24-25,0.7,1.2
Reliance Retail Limited_FRGM,Direct,Reliance Retail,Mamaearth,March'25,FY_24-25,0.1,0.1
Reliance Retail Limited_FRGW,Direct,Reliance Retail,Mamaearth,March'25,FY_24-25,0.3,0.5
Reliance Retail Limited_FRHF,Direct,Reliance Retail,Mamaearth,March'25,FY_24-25,0.5,0.8
Reliance Retail Limited_FRHM,Direct,Reliance Retail,Mamaearth,March'25,FY_24-25,0.1,0.3
Reliance Retail Limited_FRHR,Direct,Reliance Retail,Mamaearth,March'25,FY_24-25,0.1,0.3
Reliance Retail Limited_Frhv,Direct,Reliance Retail,Mamaearth,March'25,FY_24-25,-0.5,-1.2
RELIANCE RETAIL LIMITED_FRIA,Direct,Reliance Retail,Aqualogica,March'25,FY_24-25,1.7,2.8
RELIANCE RETAIL LIMITED_FRIA,Direct,Reliance Retail,Mamaearth,March'25,FY_24-25,17.5,43.3
RELIANCE RETAIL LIMITED_FRIA,Direct,Reliance Retail,The Derma Co,March'25,FY_24-25,0.6,1.0
Reliance Retail Limited_FRLF,Direct,Reliance Retail,Mamaearth,March'25,FY_24-25,0.1,0.2
Reliance Retail Limited_S0IX,Direct,Reliance Retail,Aqualogica,March'25,FY_24-25,1.1,1.8
Reliance Retail Limited_S0IX,Direct,Reliance Retail,Mamaearth,March'25,FY_24-25,9.4,21.1
Reliance Retail Limited_S0IX,Direct,Reliance Retail,The Derma Co,March'25,FY_24-25,0.6,1.0
Reliance Retail Limited_S0XE,Direct,Reliance Retail,Aqualogica,March'25,FY_24-25,2.7,4.4
Reliance Retail Limited_S0XE,Direct,Reliance Retail,Mamaearth,March'25,FY_24-25,10.5,22.8
Reliance Retail Limited_S0XE,Direct,Reliance Retail,The Derma Co,March'25,FY_24-25,1.7,2.7
Reliance Retail Limited_SAHO,Direct,Reliance Retail,Mamaearth,March'25,FY_24-25,4.0,8.6
Reliance Retail Limited_SAHO,Direct,Reliance Retail,The Derma Co,March'25,FY_24-25,0.6,1.0
Reliance Retail Limited_SAOS,Direct,Reliance Retail,Aqualogica,March'25,FY_24-25,0.2,0.3
Reliance Retail Limited_SAOS,Direct,Reliance Retail,Mamaearth,March'25,FY_24-25,8.5,21.2
Reliance Retail Limited_SAOS,Direct,Reliance Retail,The Derma Co,March'25,FY_24-25,0.6,1.0
Reliance Retail Limited_Sb01,Direct,Reliance Retail,Aqualogica,March'25,FY_24-25,1.1,1.8
Reliance Retail Limited_Sb01,Direct,Reliance Retail,Mamaearth,March'25,FY_24-25,7.5,16.9
Reliance Retail Limited_Sb01,Direct,Reliance Retail,Pure Origin,March'25,FY_24-25,0.1,0.1
Reliance Retail Limited_Sb01,Direct,Reliance Retail,The Derma Co,March'25,FY_24-25,0.9,1.5
Reliance Retail Limited_Sk8I,Direct,Reliance Retail,Mamaearth,March'25,FY_24-25,5.2,10.6
Reliance Retail Limited_Sk8I,Direct,Reliance Retail,The Derma Co,March'25,FY_24-25,0.6,1.0
Reliance Retail Limited_SL6S,Direct,Reliance Retail,Aqualogica,March'25,FY_24-25,2.5,4.1
Reliance Retail Limited_SL6S,Direct,Reliance Retail,Mamaearth,March'25,FY_24-25,19.1,44.3
Reliance Retail Limited_SL6S,Direct,Reliance Retail,The Derma Co,March'25,FY_24-25,2.5,4.0
Reliance Retail Limited_SZ9J,Direct,Reliance Retail,Aqualogica,March'25,FY_24-25,0.3,0.4
Reliance Retail Limited_SZ9J,Direct,Reliance Retail,Mamaearth,March'25,FY_24-25,1.3,3.0
Reliance Retail Limited_SZ9J,Direct,Reliance Retail,The Derma Co,March'25,FY_24-25,0.3,0.5
Reliance Retail Limited_T62I,Direct,Reliance Retail,Mamaearth,March'25,FY_24-25,0.6,1.1
Reliance Retail Limited_T913,Direct,Reliance Retail,Aqualogica,March'25,FY_24-25,0.3,0.5
Reliance Retail Limited_T913,Direct,Reliance Retail,BBlunt,March'25,FY_24-25,0.2,0.3
Reliance Retail Limited_T913,Direct,Reliance Retail,Mamaearth,March'25,FY_24-25,0.1,0.2
Reliance Retail Limited_T913,Direct,Reliance Retail,The Derma Co,March'25,FY_24-25,0.4,0.6
Reliance Retail Limited_T946,Direct,Reliance Retail,Mamaearth,March'25,FY_24-25,0.4,0.7
Reliance Retail Limited_TB15,Direct,Reliance Retail,Mamaearth,March'25,FY_24-25,0.4,0.7
Reliance Retail Limited_TDC7,Direct,Reliance Retail,Mamaearth,March'25,FY_24-25,0.1,0.2
Reliance Retail Limited_TDE3,Direct,Reliance Retail,Mamaearth,March'25,FY_24-25,0.4,0.9
Reliance Retail Limited_TE57,Direct,Reliance Retail,Mamaearth,March'25,FY_24-25,0.3,0.6
Reliance Retail Limited_TFY8,Direct,Reliance Retail,Mamaearth,March'25,FY_24-25,0.2,0.3
Reliance Retail Limited_TG87,Direct,Reliance Retail,Mamaearth,March'25,FY_24-25,0.2,0.3
Reliance Retail Limited_TH94,Direct,Reliance Retail,Mamaearth,March'25,FY_24-25,0.3,0.6
Reliance Retail Limited_TI77,Direct,Reliance Retail,Mamaearth,March'25,FY_24-25,0.2,0.4
Reliance Retail Limited_TK48,Direct,Reliance Retail,Mamaearth,March'25,FY_24-25,0.3,0.5
Reliance Retail Limited_TMW7,Direct,Reliance Retail,Mamaearth,March'25,FY_24-25,0.3,0.6
Reliance Retail Limited_TMZ5,Direct,Reliance Retail,Mamaearth,March'25,FY_24-25,0.3,0.5
Reliance Retail Limited_TN55,Direct,Reliance Retail,Mamaearth,March'25,FY_24-25,0.2,0.4
Reliance Retail Limited_TNB7,Direct,Reliance Retail,Mamaearth,March'25,FY_24-25,0.2,0.3
Reliance Retail Limited_TNC1,Direct,Reliance Retail,Aqualogica,March'25,FY_24-25,0.4,0.6
Reliance Retail Limited_TNC1,Direct,Reliance Retail,BBlunt,March'25,FY_24-25,0.2,0.3
Reliance Retail Limited_TNC1,Direct,Reliance Retail,Mamaearth,March'25,FY_24-25,0.3,0.7
Reliance Retail Limited_TNC1,Direct,Reliance Retail,The Derma Co,March'25,FY_24-25,0.4,0.6
Reliance Retail Limited_TNC6,Direct,Reliance Retail,Mamaearth,March'25,FY_24-25,0.5,1.0
Reliance Retail Limited_TNC8,Direct,Reliance Retail,Mamaearth,March'25,FY_24-25,0.2,0.3
Reliance Retail Limited_TND0,Direct,Reliance Retail,Mamaearth,March'25,FY_24-25,0.2,0.4
Reliance Retail Limited_TNE3,Direct,Reliance Retail,Mamaearth,March'25,FY_24-25,0.2,0.4
Reliance Retail Limited_TNP8,Direct,Reliance Retail,Mamaearth,March'25,FY_24-25,0.4,0.8
Reliance Retail Limited_TO20,Direct,Reliance Retail,Mamaearth,March'25,FY_24-25,0.2,0.3
Reliance Retail Limited_TOJ6,Direct,Reliance Retail,Mamaearth,March'25,FY_24-25,0.3,0.5
Reliance Retail Limited_TP05,Direct,Reliance Retail,Mamaearth,March'25,FY_24-25,0.3,0.6
Reliance Retail Limited_TP75,Direct,Reliance Retail,Mamaearth,March'25,FY_24-25,0.1,0.2
Reliance Retail Limited_TP76,Direct,Reliance Retail,Mamaearth,March'25,FY_24-25,0.4,0.8
Reliance Retail Limited_TQ21,Direct,Reliance Retail,Mamaearth,March'25,FY_24-25,0.2,0.3
Reliance Retail Limited_TQ22,Direct,Reliance Retail,Mamaearth,March'25,FY_24-25,0.2,0.3
Reliance Retail Limited_TU21,Direct,Reliance Retail,Mamaearth,March'25,FY_24-25,0.1,0.1
Reliance Retail Limited_TW60,Direct,Reliance Retail,Mamaearth,March'25,FY_24-25,0.5,0.9
Reliance Retail Limited_TY87,Direct,Reliance Retail,Mamaearth,March'25,FY_24-25,0.2,0.3
Reliance Retail Limited-6202,Direct,Reliance Retail,Aqualogica,March'25,FY_24-25,0.2,0.3
Reliance Retail Limited-6202,Direct,Reliance Retail,BBlunt,March'25,FY_24-25,0.2,0.3
Reliance Retail Limited-6202,Direct,Reliance Retail,Mamaearth,March'25,FY_24-25,0.1,0.3
Reliance Retail Limited-6202,Direct,Reliance Retail,The Derma Co,March'25,FY_24-25,0.3,0.4
Reliance Retail Limited-6205,Direct,Reliance Retail,Aqualogica,March'25,FY_24-25,0.3,0.5
Reliance Retail Limited-6205,Direct,Reliance Retail,BBlunt,March'25,FY_24-25,0.2,0.4
Reliance Retail Limited-6205,Direct,Reliance Retail,Mamaearth,March'25,FY_24-25,0.5,0.9
Reliance Retail Limited-6205,Direct,Reliance Retail,The Derma Co,March'25,FY_24-25,0.5,0.8
Reliance Retail Limited-6206,Direct,Reliance Retail,Mamaearth,March'25,FY_24-25,0.1,0.2
Reliance Retail Limited-6208,Direct,Reliance Retail,Mamaearth,March'25,FY_24-25,0.1,0.3
Reliance Retail Limited-6210,Direct,Reliance Retail,Mamaearth,March'25,FY_24-25,0.2,0.3
Reliance Retail Limited-6214,Direct,Reliance Retail,Mamaearth,March'25,FY_24-25,0.1,0.2
Reliance Retail Limited-6219,Direct,Reliance Retail,Mamaearth,March'25,FY_24-25,0.1,0.1
Reliance Retail Limited-6220,Direct,Reliance Retail,Mamaearth,March'25,FY_24-25,0.6,1.1
Reliance Retail Limited-6224,Direct,Reliance Retail,Mamaearth,March'25,FY_24-25,0.4,0.8
Reliance Retail Limited-6239,Direct,Reliance Retail,Mamaearth,March'25,FY_24-25,0.2,0.3
Reliance Retail Limited-6705,Direct,Reliance Retail,Mamaearth,March'25,FY_24-25,0.1,0.3
Reliance Retail Limited-6726,Direct,Reliance Retail,Mamaearth,March'25,FY_24-25,0.3,0.6
RELIANCE RETAIL LIMITED-Badli,Direct,Reliance Retail,Aqualogica,March'25,FY_24-25,1.9,3.1
RELIANCE RETAIL LIMITED-Badli,Direct,Reliance Retail,Mamaearth,March'25,FY_24-25,13.7,32.2
RELIANCE RETAIL LIMITED-Badli,Direct,Reliance Retail,Pure Origin,March'25,FY_24-25,0.2,0.3
RELIANCE RETAIL LIMITED-Badli,Direct,Reliance Retail,The Derma Co,March'25,FY_24-25,1.9,3.0
Reliance Retail Limited-FR04,Direct,Reliance Retail,Aqualogica,March'25,FY_24-25,-0.1,-0.1
Reliance Retail Limited-FR04,Direct,Reliance Retail,Mamaearth,March'25,FY_24-25,0.2,0.3
Reliance Retail Limited-FR04,Direct,Reliance Retail,The Derma Co,March'25,FY_24-25,-1.2,-1.9
Reliance Retail Limited-FR08,Direct,Reliance Retail,Aqualogica,March'25,FY_24-25,0.0,0.0
Reliance Retail Limited-FR08,Direct,Reliance Retail,Mamaearth,March'25,FY_24-25,0.1,0.4
Reliance Retail Limited-FR08,Direct,Reliance Retail,The Derma Co,March'25,FY_24-25,0.0,0.1
Reliance Retail Limited-FR15,Direct,Reliance Retail,Mamaearth,March'25,FY_24-25,0.6,1.0
Reliance Retail Limited-FR22,Direct,Reliance Retail,Mamaearth,March'25,FY_24-25,0.1,0.2
Reliance Retail Limited-FR43,Direct,Reliance Retail,Mamaearth,March'25,FY_24-25,0.2,0.3
Reliance Retail Limited-FR45,Direct,Reliance Retail,Aqualogica,March'25,FY_24-25,0.2,0.3
Reliance Retail Limited-FR45,Direct,Reliance Retail,BBlunt,March'25,FY_24-25,0.2,0.3
Reliance Retail Limited-FR45,Direct,Reliance Retail,Mamaearth,March'25,FY_24-25,0.1,0.3
Reliance Retail Limited-FR45,Direct,Reliance Retail,The Derma Co,March'25,FY_24-25,0.2,0.4
Reliance Retail Limited-FR48,Direct,Reliance Retail,Mamaearth,March'25,FY_24-25,0.2,0.4
Reliance Retail Limited-FR63,Direct,Reliance Retail,Aqualogica,March'25,FY_24-25,0.1,0.1
Reliance Retail Limited-FR63,Direct,Reliance Retail,BBlunt,March'25,FY_24-25,0.1,0.1
Reliance Retail Limited-FR63,Direct,Reliance Retail,Mamaearth,March'25,FY_24-25,0.1,0.3
Reliance Retail Limited-FR63,Direct,Reliance Retail,The Derma Co,March'25,FY_24-25,0.1,0.2
Reliance Retail Limited-FR67,Direct,Reliance Retail,Aqualogica,March'25,FY_24-25,0.5,0.8
Reliance Retail Limited-FR67,Direct,Reliance Retail,BBlunt,March'25,FY_24-25,0.1,0.2
Reliance Retail Limited-FR67,Direct,Reliance Retail,Mamaearth,March'25,FY_24-25,0.3,0.6
Reliance Retail Limited-FR67,Direct,Reliance Retail,The Derma Co,March'25,FY_24-25,0.6,0.9
Reliance Retail Limited-FR73,Direct,Reliance Retail,Aqualogica,March'25,FY_24-25,0.1,0.1
Reliance Retail Limited-FR73,Direct,Reliance Retail,BBlunt,March'25,FY_24-25,0.1,0.1
Reliance Retail Limited-FR73,Direct,Reliance Retail,Mamaearth,March'25,FY_24-25,0.3,0.5
Reliance Retail Limited-FR73,Direct,Reliance Retail,The Derma Co,March'25,FY_24-25,0.2,0.3
Reliance Retail Limited-FR74,Direct,Reliance Retail,Mamaearth,March'25,FY_24-25,0.6,1.1
Reliance Retail Limited-FR92,Direct,Reliance Retail,Aqualogica,March'25,FY_24-25,0.2,0.3
Reliance Retail Limited-FR92,Direct,Reliance Retail,BBlunt,March'25,FY_24-25,0.0,0.1
Reliance Retail Limited-FR92,Direct,Reliance Retail,The Derma Co,March'25,FY_24-25,0.3,0.6
Reliance Retail Limited-FR93,Direct,Reliance Retail,Aqualogica,March'25,FY_24-25,0.3,0.5
Reliance Retail Limited-FR93,Direct,Reliance Retail,BBlunt,March'25,FY_24-25,0.0,0.1
Reliance Retail Limited-FR93,Direct,Reliance Retail,The Derma Co,March'25,FY_24-25,0.5,0.8
Reliance Retail Limited-FR94,Direct,Reliance Retail,Mamaearth,March'25,FY_24-25,0.2,0.3
Reliance Retail Limited-FR95,Direct,Reliance Retail,Mamaearth,March'25,FY_24-25,0.3,0.5
Reliance Retail Limited-FR96,Direct,Reliance Retail,Mamaearth,March'25,FY_24-25,0.2,0.3
Reliance Retail Limited-FR97,Direct,Reliance Retail,Aqualogica,March'25,FY_24-25,0.2,0.4
Reliance Retail Limited-FR97,Direct,Reliance Retail,The Derma Co,March'25,FY_24-25,0.3,0.5
Reliance Retail Limited-FR98,Direct,Reliance Retail,Aqualogica,March'25,FY_24-25,0.3,0.4
Reliance Retail Limited-FR98,Direct,Reliance Retail,BBlunt,March'25,FY_24-25,0.1,0.1
Reliance Retail Limited-FR98,Direct,Reliance Retail,The Derma Co,March'25,FY_24-25,0.5,0.8
Reliance Retail Limited-FRAR,Direct,Reliance Retail,Aqualogica,March'25,FY_24-25,0.5,0.9
Reliance Retail Limited-FRAR,Direct,Reliance Retail,BBlunt,March'25,FY_24-25,0.1,0.2
Reliance Retail Limited-FRAR,Direct,Reliance Retail,Mamaearth,March'25,FY_24-25,0.6,1.0
Reliance Retail Limited-FRAR,Direct,Reliance Retail,The Derma Co,March'25,FY_24-25,0.9,1.5
Reliance Retail Limited-FRAU,Direct,Reliance Retail,Aqualogica,March'25,FY_24-25,0.5,0.7
Reliance Retail Limited-FRAU,Direct,Reliance Retail,BBlunt,March'25,FY_24-25,0.2,0.3
Reliance Retail Limited-FRAU,Direct,Reliance Retail,Mamaearth,March'25,FY_24-25,0.1,0.2
Reliance Retail Limited-FRAU,Direct,Reliance Retail,The Derma Co,March'25,FY_24-25,0.5,0.7
Reliance Retail Limited-FRAY,Direct,Reliance Retail,Mamaearth,March'25,FY_24-25,0.5,1.0
Reliance Retail Limited-FRBQ,Direct,Reliance Retail,Mamaearth,March'25,FY_24-25,0.2,0.3
Reliance Retail Limited-FRBV,Direct,Reliance Retail,Aqualogica,March'25,FY_24-25,0.4,0.7
Reliance Retail Limited-FRBV,Direct,Reliance Retail,BBlunt,March'25,FY_24-25,0.2,0.3
Reliance Retail Limited-FRBV,Direct,Reliance Retail,Mamaearth,March'25,FY_24-25,0.2,0.5
Reliance Retail Limited-FRBV,Direct,Reliance Retail,The Derma Co,March'25,FY_24-25,0.6,0.9
Reliance Retail Limited-FRCA,Direct,Reliance Retail,Mamaearth,March'25,FY_24-25,0.2,0.5
Reliance Retail Limited-FRCB,Direct,Reliance Retail,Aqualogica,March'25,FY_24-25,0.1,0.1
Reliance Retail Limited-FRCB,Direct,Reliance Retail,BBlunt,March'25,FY_24-25,0.1,0.2
Reliance Retail Limited-FRCB,Direct,Reliance Retail,Mamaearth,March'25,FY_24-25,0.2,0.3
Reliance Retail Limited-FRCB,Direct,Reliance Retail,The Derma Co,March'25,FY_24-25,0.2,0.3
Reliance Retail Limited-FRCC,Direct,Reliance Retail,Aqualogica,March'25,FY_24-25,0.2,0.3
Reliance Retail Limited-FRCC,Direct,Reliance Retail,BBlunt,March'25,FY_24-25,0.1,0.2
Reliance Retail Limited-FRCC,Direct,Reliance Retail,Mamaearth,March'25,FY_24-25,0.1,0.2
Reliance Retail Limited-FRCC,Direct,Reliance Retail,The Derma Co,March'25,FY_24-25,0.2,0.3
Reliance Retail Limited-FRCF,Direct,Reliance Retail,Mamaearth,March'25,FY_24-25,0.1,0.3
Reliance Retail Limited-FRCK,Direct,Reliance Retail,Aqualogica,March'25,FY_24-25,0.5,0.8
Reliance Retail Limited-FRCK,Direct,Reliance Retail,BBlunt,March'25,FY_24-25,0.3,0.5
Reliance Retail Limited-FRCK,Direct,Reliance Retail,Mamaearth,March'25,FY_24-25,0.2,0.4
Reliance Retail Limited-FRCK,Direct,Reliance Retail,The Derma Co,March'25,FY_24-25,0.6,1.0
Reliance Retail Limited-FRCL,Direct,Reliance Retail,Mamaearth,March'25,FY_24-25,0.6,1.1
Reliance Retail Limited-FRCO,Direct,Reliance Retail,Aqualogica,March'25,FY_24-25,0.4,0.6
Reliance Retail Limited-FRCO,Direct,Reliance Retail,BBlunt,March'25,FY_24-25,0.1,0.1
Reliance Retail Limited-FRCO,Direct,Reliance Retail,Mamaearth,March'25,FY_24-25,0.7,1.3
Reliance Retail Limited-FRCO,Direct,Reliance Retail,The Derma Co,March'25,FY_24-25,0.4,0.7
Reliance Retail Limited-FRCX,Direct,Reliance Retail,Aqualogica,March'25,FY_24-25,0.1,0.1
Reliance Retail Limited-FRCX,Direct,Reliance Retail,BBlunt,March'25,FY_24-25,0.1,0.1
Reliance Retail Limited-FRCX,Direct,Reliance Retail,Mamaearth,March'25,FY_24-25,0.7,1.3
Reliance Retail Limited-FRCX,Direct,Reliance Retail,The Derma Co,March'25,FY_24-25,0.2,0.4
Reliance Retail Limited-FRDF,Direct,Reliance Retail,Mamaearth,March'25,FY_24-25,0.3,0.5
Reliance Retail Limited-FRDH,Direct,Reliance Retail,Mamaearth,March'25,FY_24-25,0.6,1.0
Reliance Retail Limited-FRDJ,Direct,Reliance Retail,Mamaearth,March'25,FY_24-25,0.1,0.2
Reliance Retail Limited-FRDM,Direct,Reliance Retail,Mamaearth,March'25,FY_24-25,0.3,0.6
Reliance Retail Limited-FRDU,Direct,Reliance Retail,Mamaearth,March'25,FY_24-25,0.2,0.4
Reliance Retail Limited-FRDV,Direct,Reliance Retail,Mamaearth,March'25,FY_24-25,0.1,0.2
Reliance Retail Limited-FRDZ,Direct,Reliance Retail,Mamaearth,March'25,FY_24-25,0.2,0.3
Reliance Retail Limited-FREB,Direct,Reliance Retail,Mamaearth,March'25,FY_24-25,0.1,0.2
RELIANCE RETAIL LIMITED-FREC,Direct,Reliance Retail,Aqualogica,March'25,FY_24-25,2.6,4.1
RELIANCE RETAIL LIMITED-FREC,Direct,Reliance Retail,Mamaearth,March'25,FY_24-25,21.9,51.6
RELIANCE RETAIL LIMITED-FREC,Direct,Reliance Retail,The Derma Co,March'25,FY_24-25,0.9,1.5
RELIANCE RETAIL LIMITED-FREF,Direct,Reliance Retail,Mamaearth,March'25,FY_24-25,2.3,4.6
RELIANCE RETAIL LIMITED-FREF,Direct,Reliance Retail,The Derma Co,March'25,FY_24-25,0.3,0.5
RELIANCE RETAIL LIMITED-FREI,Direct,Reliance Retail,Mamaearth,March'25,FY_24-25,1.0,1.9
Reliance Retail Limited-FRFJ,Direct,Reliance Retail,Mamaearth,March'25,FY_24-25,0.1,0.2
Reliance Retail Limited-FRFP,Direct,Reliance Retail,Mamaearth,March'25,FY_24-25,0.2,0.4
Reliance Retail Limited-FRFQ,Direct,Reliance Retail,Mamaearth,March'25,FY_24-25,0.1,0.2
Reliance Retail Limited-FRGN,Direct,Reliance Retail,Mamaearth,March'25,FY_24-25,0.1,0.2
Reliance Retail Limited-FRGQ,Direct,Reliance Retail,Mamaearth,March'25,FY_24-25,1.0,1.7
Reliance Retail Limited-FRGS,Direct,Reliance Retail,Aqualogica,March'25,FY_24-25,0.3,0.4
Reliance Retail Limited-FRGS,Direct,Reliance Retail,BBlunt,March'25,FY_24-25,0.1,0.1
Reliance Retail Limited-FRGS,Direct,Reliance Retail,Mamaearth,March'25,FY_24-25,0.1,0.2
Reliance Retail Limited-FRGS,Direct,Reliance Retail,The Derma Co,March'25,FY_24-25,0.4,0.6
Reliance Retail Limited-FRHI,Direct,Reliance Retail,Mamaearth,March'25,FY_24-25,0.1,0.2
Reliance Retail Limited-FRHT,Direct,Reliance Retail,Mamaearth,March'25,FY_24-25,0.1,0.3
Reliance Retail Limited-S0GK,Direct,Reliance Retail,Aqualogica,March'25,FY_24-25,2.8,4.5
Reliance Retail Limited-S0GK,Direct,Reliance Retail,Mamaearth,March'25,FY_24-25,8.9,20.2
Reliance Retail Limited-S0GK,Direct,Reliance Retail,The Derma Co,March'25,FY_24-25,1.9,3.0
Reliance Retail Limited-S0KN,Direct,Reliance Retail,Aqualogica,March'25,FY_24-25,0.9,1.4
Reliance Retail Limited-S0KN,Direct,Reliance Retail,Mamaearth,March'25,FY_24-25,7.7,18.1
Reliance Retail Limited-S0KN,Direct,Reliance Retail,The Derma Co,March'25,FY_24-25,1.5,2.5
Reliance Retail Limited-S2BZ,Direct,Reliance Retail,Aqualogica,March'25,FY_24-25,2.0,3.2
Reliance Retail Limited-S2BZ,Direct,Reliance Retail,Mamaearth,March'25,FY_24-25,22.5,55.6
Reliance Retail Limited-S2BZ,Direct,Reliance Retail,Pure Origin,March'25,FY_24-25,0.1,0.1
Reliance Retail Limited-S2BZ,Direct,Reliance Retail,The Derma Co,March'25,FY_24-25,1.2,1.9
Reliance Retail Limited-SAAH,Direct,Reliance Retail,Aqualogica,March'25,FY_24-25,2.6,4.2
Reliance Retail Limited-SAAH,Direct,Reliance Retail,Mamaearth,March'25,FY_24-25,21.0,56.2
Reliance Retail Limited-SAAH,Direct,Reliance Retail,The Derma Co,March'25,FY_24-25,1.5,2.5
RELIANCE RETAIL LIMITED-SF92,Direct,Reliance Retail,Aqualogica,March'25,FY_24-25,1.1,1.8
RELIANCE RETAIL LIMITED-SF92,Direct,Reliance Retail,Mamaearth,March'25,FY_24-25,12.4,32.2
RELIANCE RETAIL LIMITED-SF92,Direct,Reliance Retail,The Derma Co,March'25,FY_24-25,0.6,1.0
RELIANCE RETAIL LIMITED-SH65,Direct,Reliance Retail,Aqualogica,March'25,FY_24-25,1.8,3.0
RELIANCE RETAIL LIMITED-SH65,Direct,Reliance Retail,Mamaearth,March'25,FY_24-25,9.5,20.7
RELIANCE RETAIL LIMITED-SH65,Direct,Reliance Retail,The Derma Co,March'25,FY_24-25,0.9,1.5
RELIANCE RETAIL LIMITED-SH69,Direct,Reliance Retail,Aqualogica,March'25,FY_24-25,1.4,2.2
RELIANCE RETAIL LIMITED-SH69,Direct,Reliance Retail,Mamaearth,March'25,FY_24-25,9.5,23.5
RELIANCE RETAIL LIMITED-SH69,Direct,Reliance Retail,The Derma Co,March'25,FY_24-25,0.9,1.5
RELIANCE RETAIL LIMITED-SH71,Direct,Reliance Retail,Aqualogica,March'25,FY_24-25,1.7,2.7
RELIANCE RETAIL LIMITED-SH71,Direct,Reliance Retail,Mamaearth,March'25,FY_24-25,13.5,32.6
RELIANCE RETAIL LIMITED-SH71,Direct,Reliance Retail,The Derma Co,March'25,FY_24-25,1.5,2.5
Reliance Retail Limited-SK6I,Direct,Reliance Retail,Aqualogica,March'25,FY_24-25,2.8,4.5
Reliance Retail Limited-SK6I,Direct,Reliance Retail,Mamaearth,March'25,FY_24-25,6.9,15.4
Reliance Retail Limited-SK6I,Direct,Reliance Retail,The Derma Co,March'25,FY_24-25,1.5,2.5
Reliance Retail Limited-SLET,Direct,Reliance Retail,Mamaearth,March'25,FY_24-25,8.3,16.7
Reliance Retail Limited-SLET,Direct,Reliance Retail,The Derma Co,March'25,FY_24-25,1.5,2.5
Reliance Retail Limited-SLG3,Direct,Reliance Retail,Aqualogica,March'25,FY_24-25,1.3,2.1
Reliance Retail Limited-SLG3,Direct,Reliance Retail,Mamaearth,March'25,FY_24-25,12.7,29.2
Reliance Retail Limited-SLG3,Direct,Reliance Retail,The Derma Co,March'25,FY_24-25,1.2,2.0
RELIANCE RETAIL LIMITED-SLIG,Direct,Reliance Retail,Aqualogica,March'25,FY_24-25,0.3,0.4
RELIANCE RETAIL LIMITED-SLIG,Direct,Reliance Retail,Mamaearth,March'25,FY_24-25,5.0,11.5
RELIANCE RETAIL LIMITED-SLIG,Direct,Reliance Retail,The Derma Co,March'25,FY_24-25,0.3,0.5
RELIANCE RETAIL LIMITED-SLII,Direct,Reliance Retail,Mamaearth,March'25,FY_24-25,2.5,5.4
RELIANCE RETAIL LIMITED-SLII,Direct,Reliance Retail,The Derma Co,March'25,FY_24-25,0.6,1.0
Reliance Retail Limited-SLMP,Direct,Reliance Retail,Mamaearth,March'25,FY_24-25,0.5,0.9
Reliance Retail Limited-Slmr,Direct,Reliance Retail,Aqualogica,March'25,FY_24-25,0.3,0.4
Reliance Retail Limited-Slmr,Direct,Reliance Retail,Mamaearth,March'25,FY_24-25,5.8,11.4
Reliance Retail Limited-Slmr,Direct,Reliance Retail,The Derma Co,March'25,FY_24-25,0.3,0.5
Reliance Retail Limited-SLS1,Direct,Reliance Retail,Aqualogica,March'25,FY_24-25,1.3,2.0
Reliance Retail Limited-SLS1,Direct,Reliance Retail,Mamaearth,March'25,FY_24-25,9.3,21.7
Reliance Retail Limited-SLS1,Direct,Reliance Retail,The Derma Co,March'25,FY_24-25,1.2,2.0
Reliance Retail Limited-SLS2,Direct,Reliance Retail,Mamaearth,March'25,FY_24-25,0.9,2.4
Reliance Retail Limited-SN1U,Direct,Reliance Retail,Aqualogica,March'25,FY_24-25,0.5,0.8
Reliance Retail Limited-SN1U,Direct,Reliance Retail,Mamaearth,March'25,FY_24-25,4.6,9.6
Reliance Retail Limited-SN1U,Direct,Reliance Retail,The Derma Co,March'25,FY_24-25,0.3,0.5
Reliance Retail Limited-SP9K,Direct,Reliance Retail,Aqualogica,March'25,FY_24-25,0.8,1.2
Reliance Retail Limited-SP9K,Direct,Reliance Retail,Mamaearth,March'25,FY_24-25,7.3,15.2
Reliance Retail Limited-SP9K,Direct,Reliance Retail,The Derma Co,March'25,FY_24-25,0.6,1.0
Reliance Retail Limited-T0Z9,Direct,Reliance Retail,Mamaearth,March'25,FY_24-25,0.3,0.5
Reliance Retail Limited-T1CT,Direct,Reliance Retail,Mamaearth,March'25,FY_24-25,0.9,1.7
Reliance Retail Limited-T1NC,Direct,Reliance Retail,Aqualogica,March'25,FY_24-25,0.2,0.4
Reliance Retail Limited-T1NC,Direct,Reliance Retail,BBlunt,March'25,FY_24-25,0.0,0.0
Reliance Retail Limited-T1NC,Direct,Reliance Retail,The Derma Co,March'25,FY_24-25,0.4,0.7
Reliance Retail Limited-T1X4,Direct,Reliance Retail,Mamaearth,March'25,FY_24-25,0.3,0.5
Reliance Retail Limited-T2DI,Direct,Reliance Retail,Aqualogica,March'25,FY_24-25,0.2,0.3
Reliance Retail Limited-T2DI,Direct,Reliance Retail,BBlunt,March'25,FY_24-25,0.1,0.1
Reliance Retail Limited-T2DI,Direct,Reliance Retail,The Derma Co,March'25,FY_24-25,0.4,0.6
Reliance Retail Limited-T37T,Direct,Reliance Retail,Mamaearth,March'25,FY_24-25,0.6,1.2
Reliance Retail Limited-T48P,Direct,Reliance Retail,Mamaearth,March'25,FY_24-25,0.4,0.7
Reliance Retail Limited-T84I,Direct,Reliance Retail,Aqualogica,March'25,FY_24-25,0.3,0.6
Reliance Retail Limited-T84I,Direct,Reliance Retail,BBlunt,March'25,FY_24-25,0.2,0.3
Reliance Retail Limited-T84I,Direct,Reliance Retail,The Derma Co,March'25,FY_24-25,0.4,0.6
Reliance Retail Limited-T915,Direct,Reliance Retail,Mamaearth,March'25,FY_24-25,0.2,0.4
Reliance Retail Limited-TA35,Direct,Reliance Retail,Mamaearth,March'25,FY_24-25,0.2,0.4
Reliance Retail Limited-TA36,Direct,Reliance Retail,Aqualogica,March'25,FY_24-25,0.2,0.3
Reliance Retail Limited-TA36,Direct,Reliance Retail,BBlunt,March'25,FY_24-25,0.2,0.3
Reliance Retail Limited-TA36,Direct,Reliance Retail,The Derma Co,March'25,FY_24-25,0.3,0.5
Reliance Retail Limited-TA9N,Direct,Reliance Retail,Mamaearth,March'25,FY_24-25,0.7,1.4
Reliance Retail Limited-TAFW,Direct,Reliance Retail,Mamaearth,March'25,FY_24-25,0.2,0.4
Reliance Retail Limited-TAIE,Direct,Reliance Retail,Aqualogica,March'25,FY_24-25,0.3,0.5
Reliance Retail Limited-TAIE,Direct,Reliance Retail,BBlunt,March'25,FY_24-25,0.2,0.2
Reliance Retail Limited-TAIE,Direct,Reliance Retail,The Derma Co,March'25,FY_24-25,0.5,0.7
Reliance Retail Limited-TAUX,Direct,Reliance Retail,Mamaearth,March'25,FY_24-25,0.1,0.2
Reliance Retail Limited-TC74,Direct,Reliance Retail,Mamaearth,March'25,FY_24-25,0.2,0.4
Reliance Retail Limited-TCD6,Direct,Reliance Retail,Mamaearth,March'25,FY_24-25,0.2,0.4
Reliance Retail Limited-TD04,Direct,Reliance Retail,Mamaearth,March'25,FY_24-25,0.2,0.3
Reliance Retail Limited-TE39,Direct,Reliance Retail,Mamaearth,March'25,FY_24-25,0.2,0.4
Reliance Retail Limited-TFY6,Direct,Reliance Retail,Mamaearth,March'25,FY_24-25,0.3,0.5
Reliance Retail Limited-TG2K,Direct,Reliance Retail,Mamaearth,March'25,FY_24-25,0.2,0.4
Reliance Retail Limited-TGL6,Direct,Reliance Retail,Mamaearth,March'25,FY_24-25,0.4,0.6
Reliance Retail Limited-TH93,Direct,Reliance Retail,Mamaearth,March'25,FY_24-25,0.4,0.7
Reliance Retail Limited-TIU6,Direct,Reliance Retail,Mamaearth,March'25,FY_24-25,0.6,1.0
Reliance Retail Limited-TL30,Direct,Reliance Retail,Aqualogica,March'25,FY_24-25,0.2,0.3
Reliance Retail Limited-TL30,Direct,Reliance Retail,BBlunt,March'25,FY_24-25,0.1,0.1
Reliance Retail Limited-TL30,Direct,Reliance Retail,Mamaearth,March'25,FY_24-25,0.2,0.3
Reliance Retail Limited-TL30,Direct,Reliance Retail,The Derma Co,March'25,FY_24-25,0.4,0.6
Reliance Retail Limited-TM27,Direct,Reliance Retail,Mamaearth,March'25,FY_24-25,0.4,0.8
Reliance Retail Limited-TMI6,Direct,Reliance Retail,Mamaearth,March'25,FY_24-25,0.5,0.8
Reliance Retail Limited-TN54,Direct,Reliance Retail,Mamaearth,March'25,FY_24-25,0.3,0.6
Reliance Retail Limited-Tna8,Direct,Reliance Retail,Mamaearth,March'25,FY_24-25,0.2,0.4
Reliance Retail Limited-TNC2,Direct,Reliance Retail,Aqualogica,March'25,FY_24-25,0.2,0.3
Reliance Retail Limited-TNC2,Direct,Reliance Retail,BBlunt,March'25,FY_24-25,0.1,0.2
Reliance Retail Limited-TNC2,Direct,Reliance Retail,The Derma Co,March'25,FY_24-25,0.2,0.4
Reliance Retail Limited-TNC7,Direct,Reliance Retail,Aqualogica,March'25,FY_24-25,0.4,0.6
Reliance Retail Limited-TNC7,Direct,Reliance Retail,BBlunt,March'25,FY_24-25,0.1,0.2
Reliance Retail Limited-TNC7,Direct,Reliance Retail,Mamaearth,March'25,FY_24-25,0.3,0.7
Reliance Retail Limited-TNC7,Direct,Reliance Retail,The Derma Co,March'25,FY_24-25,0.4,0.7
Reliance Retail Limited-TND1,Direct,Reliance Retail,Mamaearth,March'25,FY_24-25,0.2,0.3
Reliance Retail Limited-TND2,Direct,Reliance Retail,Aqualogica,March'25,FY_24-25,0.2,0.3
Reliance Retail Limited-TND2,Direct,Reliance Retail,BBlunt,March'25,FY_24-25,0.1,0.2
Reliance Retail Limited-TND2,Direct,Reliance Retail,Mamaearth,March'25,FY_24-25,0.2,0.3
Reliance Retail Limited-TND2,Direct,Reliance Retail,The Derma Co,March'25,FY_24-25,0.3,0.5
Reliance Retail Limited-TND4,Direct,Reliance Retail,Mamaearth,March'25,FY_24-25,0.2,0.5
Reliance Retail Limited-Tnd5,Direct,Reliance Retail,Mamaearth,March'25,FY_24-25,0.2,0.4
Reliance Retail Limited-TND6,Direct,Reliance Retail,Mamaearth,March'25,FY_24-25,0.3,0.6
Reliance Retail Limited-TND7,Direct,Reliance Retail,Mamaearth,March'25,FY_24-25,0.2,0.4
Reliance Retail Limited-TNE1,Direct,Reliance Retail,Mamaearth,March'25,FY_24-25,0.3,0.6
Reliance Retail Limited-TO19,Direct,Reliance Retail,Mamaearth,March'25,FY_24-25,0.3,0.5
Reliance Retail Limited-TOG3,Direct,Reliance Retail,Mamaearth,March'25,FY_24-25,0.5,0.9
Reliance Retail Limited-TOL2,Direct,Reliance Retail,Aqualogica,March'25,FY_24-25,0.2,0.3
Reliance Retail Limited-TOL2,Direct,Reliance Retail,BBlunt,March'25,FY_24-25,0.0,0.1
Reliance Retail Limited-TOL2,Direct,Reliance Retail,The Derma Co,March'25,FY_24-25,0.1,0.2
Reliance Retail Limited-TOM0,Direct,Reliance Retail,Mamaearth,March'25,FY_24-25,0.2,0.3
Reliance Retail Limited-TP06,Direct,Reliance Retail,Mamaearth,March'25,FY_24-25,0.1,0.2
Reliance Retail Limited-TP23,Direct,Reliance Retail,Mamaearth,March'25,FY_24-25,0.2,0.3
Reliance Retail Limited-TQ61,Direct,Reliance Retail,Mamaearth,March'25,FY_24-25,0.3,0.6
Reliance Retail Limited-TW11,Direct,Reliance Retail,Mamaearth,March'25,FY_24-25,0.2,0.3
Reliance Retail Limited-TZ8R,Direct,Reliance Retail,Mamaearth,March'25,FY_24-25,0.6,1.0
Reliance Retail Limited-TZL5,Direct,Reliance Retail,Aqualogica,March'25,FY_24-25,0.4,0.6
Reliance Retail Limited-TZL5,Direct,Reliance Retail,BBlunt,March'25,FY_24-25,0.2,0.4
Reliance Retail Limited-TZL5,Direct,Reliance Retail,Mamaearth,March'25,FY_24-25,0.3,0.7
Reliance Retail Limited-TZL5,Direct,Reliance Retail,The Derma Co,March'25,FY_24-25,0.7,1.1
Reliance Retail Limited-ZZI0-B,Direct,Reliance Retail,Aqualogica,March'25,FY_24-25,0.6,0.9
Reliance Retail Limited-ZZI0-B,Direct,Reliance Retail,Mamaearth,March'25,FY_24-25,1.8,3.1
Reliance Retail Ltd _Madhavaram- TNB8,Direct,Reliance Retail,Mamaearth,March'25,FY_24-25,0.8,1.4
Reliance Retail Ltd _Mysore_2994,Direct,Reliance Retail,Mamaearth,March'25,FY_24-25,0.1,0.1
Reliance Retail Ltd _RAJAJI NAGAR- FR49,Direct,Reliance Retail,Aqualogica,March'25,FY_24-25,0.5,0.7
Reliance Retail Ltd _RAJAJI NAGAR- FR49,Direct,Reliance Retail,BBlunt,March'25,FY_24-25,0.1,0.2
Reliance Retail Ltd _RAJAJI NAGAR- FR49,Direct,Reliance Retail,Mamaearth,March'25,FY_24-25,0.4,0.7
Reliance Retail Ltd _RAJAJI NAGAR- FR49,Direct,Reliance Retail,The Derma Co,March'25,FY_24-25,0.6,1.0
Reliance Retail Ltd_Davanagere- TNC0,Direct,Reliance Retail,Mamaearth,March'25,FY_24-25,0.2,0.3
Reliance Retail Ltd_Hubballi_2997,Direct,Reliance Retail,Mamaearth,March'25,FY_24-25,0.2,0.4
RELIANCE RETAIL Ltd-SLEW,Direct,Reliance Retail,Aqualogica,March'25,FY_24-25,1.7,2.7
RELIANCE RETAIL Ltd-SLEW,Direct,Reliance Retail,Mamaearth,March'25,FY_24-25,10.2,26.4
RELIANCE RETAIL Ltd-SLEW,Direct,Reliance Retail,The Derma Co,March'25,FY_24-25,0.9,1.5
Tnsi Retail Pvt Ltd_Sultanpur,Direct,WH-Smith,Aqualogica,March'25,FY_24-25,0.3,0.6
Tnsi Retail Pvt Ltd_Sultanpur,Direct,WH-Smith,Mamaearth,March'25,FY_24-25,0.9,1.8
Trent Hypermarket Private Limited_Blr,Direct,Trent,Mamaearth,March'25,FY_24-25,1.4,3.0
Trent Hypermarket Private Limited_Mah,Direct,Trent,Mamaearth,March'25,FY_24-25,1.3,2.7
Trent Hypermarket Private Limited-P,Direct,Trent,Mamaearth,March'25,FY_24-25,1.6,2.9
Wal-Mart India Private Limited 4702,Direct,Walmart CNC,Mamaearth,March'25,FY_24-25,0.3,0.5
Wal-Mart India Private Limited 4703,Direct,Walmart CNC,Mamaearth,March'25,FY_24-25,0.9,1.8
Wal-Mart India Private Limited 4706,Direct,Walmart CNC,Mamaearth,March'25,FY_24-25,0.6,1.1
Wal-Mart India Private Limited 4712,Direct,Walmart CNC,Mamaearth,March'25,FY_24-25,0.3,0.6
Wal-Mart India Private Limited 4713,Direct,Walmart CNC,Mamaearth,March'25,FY_24-25,-0.4,-0.7
Wal-Mart India Private Limited 4716,Direct,Walmart CNC,Mamaearth,March'25,FY_24-25,0.8,1.5
Wal-Mart India Private Limited 4719,Direct,Walmart CNC,Mamaearth,March'25,FY_24-25,1.7,3.3
Wal-Mart India Private Limited 4720,Direct,Walmart CNC,Mamaearth,March'25,FY_24-25,0.5,0.9
Wal-Mart India Private Limited 4721,Direct,Walmart CNC,Mamaearth,March'25,FY_24-25,0.3,0.5
Wal-Mart India Private Limited 4723,Direct,Walmart CNC,Mamaearth,March'25,FY_24-25,0.8,1.6
Wal-Mart India Private Limited 4724,Direct,Walmart CNC,Mamaearth,March'25,FY_24-25,0.7,1.3
Wal-Mart India Private Limited 4727,Direct,Walmart CNC,Mamaearth,March'25,FY_24-25,0.5,0.9
Wal-Mart India Private Limited 4729,Direct,Walmart CNC,Mamaearth,March'25,FY_24-25,0.3,0.5
Wal-Mart India Private Limited 4734,Direct,Walmart CNC,Mamaearth,March'25,FY_24-25,0.3,0.5
Wal-Mart India Private Limited 4742,Direct,Walmart CNC,Mamaearth,March'25,FY_24-25,0.6,1.1
Wal-Mart India Private Limited 4744,Direct,Walmart CNC,Mamaearth,March'25,FY_24-25,0.6,1.1
Wal-Mart India Private Limited 4760,Direct,Walmart CNC,Mamaearth,March'25,FY_24-25,0.4,0.8
Wal-Mart India Private Limited 4797,Direct,Walmart CNC,Mamaearth,March'25,FY_24-25,0.5,1.0
Wal-Mart India Private Limited 4799,Direct,Walmart CNC,Mamaearth,March'25,FY_24-25,0.6,1.2
Wal-Mart India Private Limited 4801,Direct,Walmart CNC,Mamaearth,March'25,FY_24-25,0.3,0.5
Wal-Mart India Private Limited 4803,Direct,Walmart CNC,Mamaearth,March'25,FY_24-25,0.3,0.6
Wal-Mart India Private Limited 4805,Direct,Walmart CNC,Mamaearth,March'25,FY_24-25,0.5,0.9
Wal-Mart India Private Limited 4814,Direct,Walmart CNC,Mamaearth,March'25,FY_24-25,1.2,2.2
Wellness Forever Medicare Ltd,Direct,Wellness Forever,Aqualogica,March'25,FY_24-25,7.3,12.3
Wellness Forever Medicare Ltd,Direct,Wellness Forever,Mamaearth,March'25,FY_24-25,26.9,45.2
Wellness Forever Medicare Ltd,Direct,Wellness Forever,The Derma Co,March'25,FY_24-25,93.0,156.8
Aggarwal Associates,Dist.,VMM,Mamaearth,March'25,FY_24-25,-1.2,-11.0
Arc Foods And Beverages_Mt_H&G,Dist.,H&G,Aqualogica,March'25,FY_24-25,3.0,5.5
Arc Foods And Beverages_Mt_H&G,Dist.,Apollo Healthco,Aqualogica,March'25,FY_24-25,0.4,0.8
Arc Foods And Beverages_Mt_H&G,Dist.,H&G,BBlunt,March'25,FY_24-25,0.8,1.3
Arc Foods And Beverages_Mt_H&G,Dist.,Apollo Healthco,Mamaearth,March'25,FY_24-25,6.1,11.6
Arc Foods And Beverages_Mt_H&G,Dist.,H&G,Mamaearth,March'25,FY_24-25,4.5,8.5
Arc Foods And Beverages_Mt_H&G,Dist.,H&G,The Derma Co,March'25,FY_24-25,10.2,18.6
Arc Foods And Beverages_Mt_H&G,Dist.,Apollo Healthco,The Derma Co,March'25,FY_24-25,2.2,4.0
Az Enterprises(Apollo/More)Mt,Dist.,Apollo Healthco,Aqualogica,March'25,FY_24-25,2.3,3.7
Az Enterprises(Apollo/More)Mt,Dist.,Trilife,Aqualogica,March'25,FY_24-25,0.1,0.1
Az Enterprises(Apollo/More)Mt,Dist.,Lulu,Aqualogica,March'25,FY_24-25,0.1,0.1
Az Enterprises(Apollo/More)Mt,Dist.,H&G,Aqualogica,March'25,FY_24-25,0.6,1.0
Az Enterprises(Apollo/More)Mt,Dist.,Trilife,BBlunt,March'25,FY_24-25,0.0,0.0
Az Enterprises(Apollo/More)Mt,Dist.,H&G,BBlunt,March'25,FY_24-25,0.2,0.4
Az Enterprises(Apollo/More)Mt,Dist.,Apollo Healthco,Mamaearth,March'25,FY_24-25,16.6,33.6
Az Enterprises(Apollo/More)Mt,Dist.,Trilife,Mamaearth,March'25,FY_24-25,0.1,0.1
Az Enterprises(Apollo/More)Mt,Dist.,Lulu,Mamaearth,March'25,FY_24-25,1.9,3.9
Az Enterprises(Apollo/More)Mt,Dist.,VMM,Mamaearth,March'25,FY_24-25,0.9,1.7
Az Enterprises(Apollo/More)Mt,Dist.,Frankross,Mamaearth,March'25,FY_24-25,0.1,0.3
Az Enterprises(Apollo/More)Mt,Dist.,Max Hyper,Mamaearth,March'25,FY_24-25,0.2,0.3
Az Enterprises(Apollo/More)Mt,Dist.,H&G,Mamaearth,March'25,FY_24-25,8.0,16.1
Az Enterprises(Apollo/More)Mt,Dist.,More Retail,Mamaearth,March'25,FY_24-25,2.9,5.9
Az Enterprises(Apollo/More)Mt,Dist.,Apollo Healthco,The Derma Co,March'25,FY_24-25,9.4,15.8
Az Enterprises(Apollo/More)Mt,Dist.,Trilife,The Derma Co,March'25,FY_24-25,0.1,0.2
Az Enterprises(Apollo/More)Mt,Dist.,Lulu,The Derma Co,March'25,FY_24-25,0.5,0.8
Az Enterprises(Apollo/More)Mt,Dist.,H&G,The Derma Co,March'25,FY_24-25,13.8,23.0
BALAJI ASSOCIATES Distributor MT,Dist.,Reliance Retail,Aqualogica,March'25,FY_24-25,2.5,4.5
BALAJI ASSOCIATES Distributor MT,Dist.,Reliance Retail,BBlunt,March'25,FY_24-25,0.9,1.6
BALAJI ASSOCIATES Distributor MT,Dist.,Reliance Retail,Mamaearth,March'25,FY_24-25,14.8,34.5
BALAJI ASSOCIATES Distributor MT,Dist.,VMM,Mamaearth,March'25,FY_24-25,4.3,10.0
BALAJI ASSOCIATES Distributor MT,Dist.,Reliance Retail,The Derma Co,March'25,FY_24-25,1.9,3.4
CHHABRA TRADERS_Ship To,Dist.,Spencer,BBlunt,March'25,FY_24-25,0.1,0.1
CHHABRA TRADERS_Ship To,Dist.,Lulu,Mamaearth,March'25,FY_24-25,6.4,12.0
CHHABRA TRADERS_Ship To,Dist.,VMM,Mamaearth,March'25,FY_24-25,1.3,2.5
CHHABRA TRADERS_Ship To,Dist.,Lulu,The Derma Co,March'25,FY_24-25,1.8,3.3
D.L. Sales - MT,Dist.,Apollo Healthco,Aqualogica,March'25,FY_24-25,0.1,0.2
D.L. Sales - MT,Dist.,H&G,Aqualogica,March'25,FY_24-25,0.4,0.8
D.L. Sales - MT,Dist.,Frankross,Aqualogica,March'25,FY_24-25,0.1,0.1
D.L. Sales - MT,Dist.,H&G,BBlunt,March'25,FY_24-25,0.2,0.3
D.L. Sales - MT,Dist.,Spencer,BBlunt,March'25,FY_24-25,0.0,0.0
D.L. Sales - MT,Dist.,Apollo Healthco,Mamaearth,March'25,FY_24-25,5.0,9.2
D.L. Sales - MT,Dist.,H&G,Mamaearth,March'25,FY_24-25,1.1,2.1
D.L. Sales - MT,Dist.,More Retail,Mamaearth,March'25,FY_24-25,3.1,5.6
D.L. Sales - MT,Dist.,Spencer,Mamaearth,March'25,FY_24-25,2.8,5.1
D.L. Sales - MT,Dist.,Arambagh,Mamaearth,March'25,FY_24-25,0.7,1.3
D.L. Sales - MT,Dist.,Frankross,Mamaearth,March'25,FY_24-25,0.7,1.4
D.L. Sales - MT,Dist.,VMM,Mamaearth,March'25,FY_24-25,0.3,0.6
D.L. Sales - MT,Dist.,Sasta Sunder,Mamaearth,March'25,FY_24-25,0.2,0.3
D.L. Sales - MT,Dist.,Apollo Healthco,The Derma Co,March'25,FY_24-25,0.5,0.8
D.L. Sales - MT,Dist.,H&G,The Derma Co,March'25,FY_24-25,2.6,4.6
D.L. Sales - MT,Dist.,Frankross,The Derma Co,March'25,FY_24-25,0.7,1.3
G.V Enterprises,Dist.,Apollo Healthco,Mamaearth,March'25,FY_24-25,1.5,3.4
G.V Enterprises,Dist.,D-Mart,Mamaearth,March'25,FY_24-25,32.4,74.3
G.V Enterprises,Dist.,Lulu,Mamaearth,March'25,FY_24-25,1.4,3.3
G.V Enterprises,Dist.,Pothys,Mamaearth,March'25,FY_24-25,0.5,1.1
G.V Enterprises,Dist.,Apollo Healthco,The Derma Co,March'25,FY_24-25,0.6,1.0
G.V Enterprises,Dist.,Lulu,The Derma Co,March'25,FY_24-25,0.6,1.1
Ganapati Distributor MT,Dist.,VMM,Mamaearth,March'25,FY_24-25,0.0,0.1
JUST MARK-Dmart,Dist.,D-Mart,Mamaearth,March'25,FY_24-25,22.6,62.5
JUST MARK-Dmart,Dist.,D-Mart,The Derma Co,March'25,FY_24-25,-0.1,-0.2
JUST MARK-Dmart_ship to,Dist.,D-Mart,Mamaearth,March'25,FY_24-25,119.4,326.1
Kiran Trading Co- Dmart,Dist.,D-Mart,Mamaearth,March'25,FY_24-25,40.1,108.3
Kiran Trading Company_Ship to,Dist.,D-Mart,Mamaearth,March'25,FY_24-25,63.3,176.4
M/S KOTTARAM BUSINESS CORPORATION-MT,Dist.,H&G,Aqualogica,March'25,FY_24-25,0.1,0.2
M/S KOTTARAM BUSINESS CORPORATION-MT,Dist.,Lulu,Aqualogica,March'25,FY_24-25,0.8,1.5
M/S KOTTARAM BUSINESS CORPORATION-MT,Dist.,H&G,BBlunt,March'25,FY_24-25,0.1,0.1
M/S KOTTARAM BUSINESS CORPORATION-MT,Dist.,H&G,Mamaearth,March'25,FY_24-25,0.1,0.1
M/S KOTTARAM BUSINESS CORPORATION-MT,Dist.,Lulu,Mamaearth,March'25,FY_24-25,13.9,29.0
M/S KOTTARAM BUSINESS CORPORATION-MT,Dist.,Apollo Healthco,Mamaearth,March'25,FY_24-25,0.6,1.3
M/S KOTTARAM BUSINESS CORPORATION-MT,Dist.,Apollo Healthco,The Derma Co,March'25,FY_24-25,0.3,0.6
M/S KOTTARAM BUSINESS CORPORATION-MT,Dist.,H&G,The Derma Co,March'25,FY_24-25,0.3,0.5
M/S KOTTARAM BUSINESS CORPORATION-MT,Dist.,Lulu,The Derma Co,March'25,FY_24-25,3.6,6.5
MARK ENTERPRISE,Dist.,Apollo Healthco,Mamaearth,March'25,FY_24-25,5.9,10.9
PRAGATI SALES-Apollo,Dist.,Apollo Healthco,Mamaearth,March'25,FY_24-25,1.4,2.7
PRAGATI SALES-D-MART,Dist.,D-Mart,Mamaearth,March'25,FY_24-25,10.0,26.8
R.C. Trade Link H&G,Dist.,H&G,Mamaearth,March'25,FY_24-25,0.0,0.2
R.C. Trade Link H&G,Dist.,H&G,The Derma Co,March'25,FY_24-25,0.6,0.9
Sancus Networks Private Limited-RMT,Dist.,RMT-Sancus,BBlunt,March'25,FY_24-25,0.0,0.0
Sancus Networks Private Limited-RMT,Dist.,More Retail,Mamaearth,March'25,FY_24-25,1.8,3.4
Sancus Networks Private Limited-RMT,Dist.,RMT-Sancus,Mamaearth,March'25,FY_24-25,14.8,28.4
Sancus Networks Private Limited-RMT,Dist.,RMT-Sancus,The Derma Co,March'25,FY_24-25,2.4,4.2
Sathyashree Enterprises-Mt,Dist.,D-Mart,Mamaearth,March'25,FY_24-25,6.0,14.1
Sri Lalitha Enterprises,Dist.,B&N,BBlunt,March'25,FY_24-25,0.0,0.0
Sri Lalitha Enterprises,Dist.,Grace Super MKT,Mamaearth,March'25,FY_24-25,1.4,2.6
Sri Lalitha Enterprises,Dist.,Pothys,Mamaearth,March'25,FY_24-25,1.3,2.5
Sri Lalitha Enterprises,Dist.,Sarvana,Mamaearth,March'25,FY_24-25,5.6,10.2
Sri Lalitha Enterprises,Dist.,B&N,The Derma Co,March'25,FY_24-25,-0.1,-0.1
Sri Vijaya Durga Agencies_Mt,Dist.,H&G,Aqualogica,March'25,FY_24-25,0.5,0.8
Sri Vijaya Durga Agencies_Mt,Dist.,Reliance Retail,Aqualogica,March'25,FY_24-25,5.0,9.3
Sri Vijaya Durga Agencies_Mt,Dist.,H&G,BBlunt,March'25,FY_24-25,0.6,1.0
Sri Vijaya Durga Agencies_Mt,Dist.,Apollo Healthco,Mamaearth,March'25,FY_24-25,14.6,35.7
Sri Vijaya Durga Agencies_Mt,Dist.,D-Mart,Mamaearth,March'25,FY_24-25,31.2,76.2
Sri Vijaya Durga Agencies_Mt,Dist.,H&G,Mamaearth,March'25,FY_24-25,0.6,1.6
Sri Vijaya Durga Agencies_Mt,Dist.,Reliance Retail,Mamaearth,March'25,FY_24-25,19.1,46.6
Sri Vijaya Durga Agencies_Mt,Dist.,More Retail,Mamaearth,March'25,FY_24-25,1.0,2.5
Sri Vijaya Durga Agencies_Mt,Dist.,H&G,The Derma Co,March'25,FY_24-25,2.0,3.6
Sri Vijaya Durga Agencies_Mt,Dist.,Reliance Retail,The Derma Co,March'25,FY_24-25,2.0,3.6
United Marketing_Mt-Ship to,Dist.,Apollo Healthco,Mamaearth,March'25,FY_24-25,0.5,0.8
Vanaja Agencies MT_Dmart,Dist.,D-Mart,Mamaearth,March'25,FY_24-25,-33.9,-83.3
Vanaja Agencies MT_Dmart,Dist.,D-Mart,The Derma Co,March'25,FY_24-25,1.4,2.9
Vanaja Agencies_Mt,Dist.,H&G,Aqualogica,March'25,FY_24-25,0.8,1.5
Vanaja Agencies_Mt,Dist.,Reliance Retail,Aqualogica,March'25,FY_24-25,2.0,3.7
Vanaja Agencies_Mt,Dist.,Lulu,Aqualogica,March'25,FY_24-25,0.0,0.0
Vanaja Agencies_Mt,Dist.,Apollo Healthco,Aqualogica,March'25,FY_24-25,0.2,0.4
Vanaja Agencies_Mt,Dist.,More Retail,Aqualogica,March'25,FY_24-25,0.4,0.7
Vanaja Agencies_Mt,Dist.,H&G,BBlunt,March'25,FY_24-25,0.8,1.3
Vanaja Agencies_Mt,Dist.,Reliance Retail,BBlunt,March'25,FY_24-25,0.4,0.7
Vanaja Agencies_Mt,Dist.,Apollo Healthco,Mamaearth,March'25,FY_24-25,-3.9,-6.8
Vanaja Agencies_Mt,Dist.,H&G,Mamaearth,March'25,FY_24-25,-1.3,-2.2
Vanaja Agencies_Mt,Dist.,More Retail,Mamaearth,March'25,FY_24-25,-1.4,-2.5
Vanaja Agencies_Mt,Dist.,Reliance Retail,Mamaearth,March'25,FY_24-25,-9.4,-16.3
Vanaja Agencies_Mt,Dist.,Lulu,Mamaearth,March'25,FY_24-25,-0.1,-0.2
Vanaja Agencies_Mt,Dist.,Ratnadeep,Mamaearth,March'25,FY_24-25,-1.8,-3.1
Vanaja Agencies_Mt,Dist.,H&G,The Derma Co,March'25,FY_24-25,3.2,5.7
Vanaja Agencies_Mt,Dist.,Reliance Retail,The Derma Co,March'25,FY_24-25,0.9,1.7
Vanaja Agencies_Mt,Dist.,Lulu,The Derma Co,March'25,FY_24-25,0.0,0.1
Vanaja Agencies_Mt,Dist.,Apollo Healthco,The Derma Co,March'25,FY_24-25,0.7,1.2
Vanaja Agencies_Mt,Dist.,More Retail,The Derma Co,March'25,FY_24-25,1.1,1.9
VISHAL ENTERPRISES_Solapur,Dist.,D-Mart,Mamaearth,March'25,FY_24-25,19.6,53.5
Ascent Wellness,Direct,Ascent Wellness,Mamaearth,April'24,FY_24-25,-0.5,-0.8
Ascent Wellness Pharma Solutions Pvt Ltd (A unit of AWPSPL),Direct,Ascent Wellness,The Derma Co,April'24,FY_24-25,0.0,0.0
D.C. Agencies Pvt Ltd(Patparganj)(A unit of AWPSPL),Direct,Ascent Wellness,Mamaearth,April'24,FY_24-25,0.0,0.0
Eremedium Private Limited_Shipto,Direct,Eremedium,The Derma Co,April'24,FY_24-25,2.1,3.8
Fsn Distribution Ltd_Bhiwandi,Direct,Nykaa SS(fsn),Mamaearth,April'24,FY_24-25,-2.7,-4.9
Fsn Distribution Ltd_Gallops,Direct,Nykaa SS(fsn),Aqualogica,April'24,FY_24-25,0.5,0.8
Fsn Distribution Ltd_Gallops,Direct,Nykaa SS(fsn),BBlunt,April'24,FY_24-25,0.1,0.2
Fsn Distribution Ltd_Gallops,Direct,Nykaa SS(fsn),Mamaearth,April'24,FY_24-25,3.5,6.7
Fsn Distribution Ltd_Gallops,Direct,Nykaa SS(fsn),The Derma Co,April'24,FY_24-25,0.5,0.8
Fsn Distribution Ltd_Gondkheri,Direct,Nykaa SS(fsn),Aqualogica,April'24,FY_24-25,0.7,1.2
Fsn Distribution Ltd_Gondkheri,Direct,Nykaa SS(fsn),BBlunt,April'24,FY_24-25,0.2,0.4
Fsn Distribution Ltd_Gondkheri,Direct,Nykaa SS(fsn),Mamaearth,April'24,FY_24-25,2.2,4.1
Fsn Distribution Ltd_Gondkheri,Direct,Nykaa SS(fsn),The Derma Co,April'24,FY_24-25,2.1,3.5
Fsn Distribution Ltd_Hobli,Direct,Nykaa SS(fsn),Aqualogica,April'24,FY_24-25,3.7,6.1
Fsn Distribution Ltd_Hobli,Direct,Nykaa SS(fsn),BBlunt,April'24,FY_24-25,0.1,0.2
Fsn Distribution Ltd_Hobli,Direct,Nykaa SS(fsn),Mamaearth,April'24,FY_24-25,15.0,29.6
Fsn Distribution Ltd_Hobli,Direct,Nykaa SS(fsn),The Derma Co,April'24,FY_24-25,5.1,8.3
Fsn Distribution Ltd_Kairapari,Direct,Nykaa SS(fsn),Aqualogica,April'24,FY_24-25,0.5,0.8
Fsn Distribution Ltd_Kairapari,Direct,Nykaa SS(fsn),BBlunt,April'24,FY_24-25,0.1,0.2
Fsn Distribution Ltd_Kairapari,Direct,Nykaa SS(fsn),Mamaearth,April'24,FY_24-25,7.9,14.6
Fsn Distribution Ltd_Kairapari,Direct,Nykaa SS(fsn),The Derma Co,April'24,FY_24-25,0.2,0.4
Fsn Distribution Ltd_Khasarwara,Direct,Nykaa SS(fsn),Aqualogica,April'24,FY_24-25,0.7,1.1
Fsn Distribution Ltd_Khasarwara,Direct,Nykaa SS(fsn),BBlunt,April'24,FY_24-25,0.1,0.2
Fsn Distribution Ltd_Khasarwara,Direct,Nykaa SS(fsn),Mamaearth,April'24,FY_24-25,10.1,19.2
Fsn Distribution Ltd_Khasarwara,Direct,Nykaa SS(fsn),The Derma Co,April'24,FY_24-25,1.2,2.0
Fsn Distribution Ltd_Mauja,Direct,Nykaa SS(fsn),Aqualogica,April'24,FY_24-25,0.5,0.8
Fsn Distribution Ltd_Mauja,Direct,Nykaa SS(fsn),BBlunt,April'24,FY_24-25,0.1,0.2
Fsn Distribution Ltd_Mauja,Direct,Nykaa SS(fsn),Mamaearth,April'24,FY_24-25,6.9,13.7
Fsn Distribution Ltd_Mauja,Direct,Nykaa SS(fsn),The Derma Co,April'24,FY_24-25,0.3,0.5
Fsn Distribution Ltd_Rajpura,Direct,Nykaa SS(fsn),Aqualogica,April'24,FY_24-25,1.7,2.8
Fsn Distribution Ltd_Rajpura,Direct,Nykaa SS(fsn),BBlunt,April'24,FY_24-25,0.3,0.5
Fsn Distribution Ltd_Rajpura,Direct,Nykaa SS(fsn),Mamaearth,April'24,FY_24-25,-1.4,-1.5
Fsn Distribution Ltd_Rajpura,Direct,Nykaa SS(fsn),The Derma Co,April'24,FY_24-25,2.3,3.7
Fsn Distribution Ltd_Ranihat,Direct,Nykaa SS(fsn),Aqualogica,April'24,FY_24-25,0.6,1.0
Fsn Distribution Ltd_Ranihat,Direct,Nykaa SS(fsn),BBlunt,April'24,FY_24-25,0.1,0.2
Fsn Distribution Ltd_Ranihat,Direct,Nykaa SS(fsn),Mamaearth,April'24,FY_24-25,2.1,3.9
Fsn Distribution Ltd_Ranihat,Direct,Nykaa SS(fsn),The Derma Co,April'24,FY_24-25,1.0,1.6
Fsn Distribution Ltd_Revenue Village,Direct,Nykaa SS(fsn),Mamaearth,April'24,FY_24-25,0.0,0.0
Fsn Distribution Ltd_Sarpara,Direct,Nykaa SS(fsn),Aqualogica,April'24,FY_24-25,0.8,1.3
Fsn Distribution Ltd_Sarpara,Direct,Nykaa SS(fsn),BBlunt,April'24,FY_24-25,0.1,0.2
Fsn Distribution Ltd_Sarpara,Direct,Nykaa SS(fsn),Mamaearth,April'24,FY_24-25,14.7,28.7
Fsn Distribution Ltd_Sarpara,Direct,Nykaa SS(fsn),The Derma Co,April'24,FY_24-25,1.6,2.6
Fsn Distribution Ltd_Tiruvallur,Direct,Nykaa SS(fsn),Aqualogica,April'24,FY_24-25,0.4,0.6
Fsn Distribution Ltd_Tiruvallur,Direct,Nykaa SS(fsn),Mamaearth,April'24,FY_24-25,3.4,6.1
Fsn Distribution Ltd_Tiruvallur,Direct,Nykaa SS(fsn),The Derma Co,April'24,FY_24-25,0.6,0.9
Fsn Distribution Ltd_Village Gurhi,Direct,Nykaa SS(fsn),Aqualogica,April'24,FY_24-25,2.1,4.2
Fsn Distribution Ltd_Village Gurhi,Direct,Nykaa SS(fsn),BBlunt,April'24,FY_24-25,0.3,0.5
Fsn Distribution Ltd_Village Gurhi,Direct,Nykaa SS(fsn),Mamaearth,April'24,FY_24-25,4.3,8.6
Fsn Distribution Ltd_Village Gurhi,Direct,Nykaa SS(fsn),The Derma Co,April'24,FY_24-25,3.6,6.2
Fsn Distribution Ltd_Village Sonale,Direct,Nykaa SS(fsn),Aqualogica,April'24,FY_24-25,0.6,0.9
Fsn Distribution Ltd_Village Sonale,Direct,Nykaa SS(fsn),BBlunt,April'24,FY_24-25,0.7,1.1
Fsn Distribution Ltd_Village Sonale,Direct,Nykaa SS(fsn),Mamaearth,April'24,FY_24-25,5.1,9.6
Fsn Distribution Ltd_Village Sonale,Direct,Nykaa SS(fsn),The Derma Co,April'24,FY_24-25,5.1,8.4
Fsn Distribution Ltd_Yamjal Village,Direct,Nykaa SS(fsn),Aqualogica,April'24,FY_24-25,0.5,0.8
Fsn Distribution Ltd_Yamjal Village,Direct,Nykaa SS(fsn),BBlunt,April'24,FY_24-25,0.1,0.2
Fsn Distribution Ltd_Yamjal Village,Direct,Nykaa SS(fsn),Mamaearth,April'24,FY_24-25,2.8,5.1
Fsn Distribution Ltd_Yamjal Village,Direct,Nykaa SS(fsn),The Derma Co,April'24,FY_24-25,0.6,0.9
Mahaveer Medi-Sales Private Limited(A unit of AWPSPL),Direct,Ascent Wellness,Mamaearth,April'24,FY_24-25,6.9,12.1
Medicos Healthcare,Direct,Ascent Wellness,Mamaearth,April'24,FY_24-25,0.0,-0.1
Ascent Wellness Pharma Solutions Pvt Ltd (A unit of AWPSPL),Direct,Ascent Wellness,Mamaearth,May'24,FY_24-25,-0.3,-0.5
D.C. Agencies Pvt Ltd(Mayapuri)(A unit of AWPSPL),Direct,Ascent Wellness,Mamaearth,May'24,FY_24-25,-0.1,-0.3
Desai Pharma Distributors Pvt. Ltd,Direct,Ascent Wellness,Mamaearth,May'24,FY_24-25,-0.4,-0.6
Eremedium Private Limited_Dosi,Direct,Eremedium,Mamaearth,May'24,FY_24-25,-0.8,-1.5
Eremedium Private Limited_Dosi,Direct,Eremedium,The Derma Co,May'24,FY_24-25,-2.3,-4.3
Eremedium Private Limited_Shipto,Direct,Eremedium,The Derma Co,May'24,FY_24-25,3.1,5.7
Fsn Distribution Ltd_Gallops,Direct,Nykaa SS(fsn),Aqualogica,May'24,FY_24-25,0.1,0.2
Fsn Distribution Ltd_Gallops,Direct,Nykaa SS(fsn),Mamaearth,May'24,FY_24-25,4.8,9.1
Fsn Distribution Ltd_Gallops,Direct,Nykaa SS(fsn),The Derma Co,May'24,FY_24-25,0.7,1.2
Fsn Distribution Ltd_Gondkheri,Direct,Nykaa SS(fsn),Aqualogica,May'24,FY_24-25,0.3,0.5
Fsn Distribution Ltd_Gondkheri,Direct,Nykaa SS(fsn),BBlunt,May'24,FY_24-25,0.1,0.1
Fsn Distribution Ltd_Gondkheri,Direct,Nykaa SS(fsn),Mamaearth,May'24,FY_24-25,5.0,9.1
Fsn Distribution Ltd_Gondkheri,Direct,Nykaa SS(fsn),The Derma Co,May'24,FY_24-25,1.6,2.7
Fsn Distribution Ltd_Hobli,Direct,Nykaa SS(fsn),Aqualogica,May'24,FY_24-25,2.6,4.2
Fsn Distribution Ltd_Hobli,Direct,Nykaa SS(fsn),Mamaearth,May'24,FY_24-25,19.0,37.6
Fsn Distribution Ltd_Hobli,Direct,Nykaa SS(fsn),The Derma Co,May'24,FY_24-25,5.7,11.2
Fsn Distribution Ltd_Kairapari,Direct,Nykaa SS(fsn),Aqualogica,May'24,FY_24-25,0.2,0.3
Fsn Distribution Ltd_Kairapari,Direct,Nykaa SS(fsn),Mamaearth,May'24,FY_24-25,14.3,26.9
Fsn Distribution Ltd_Kairapari,Direct,Nykaa SS(fsn),The Derma Co,May'24,FY_24-25,0.2,0.4
Fsn Distribution Ltd_Khasarwara,Direct,Nykaa SS(fsn),Aqualogica,May'24,FY_24-25,0.6,1.0
Fsn Distribution Ltd_Khasarwara,Direct,Nykaa SS(fsn),Mamaearth,May'24,FY_24-25,14.5,28.7
Fsn Distribution Ltd_Khasarwara,Direct,Nykaa SS(fsn),The Derma Co,May'24,FY_24-25,1.0,1.7
Fsn Distribution Ltd_Mauja,Direct,Nykaa SS(fsn),Aqualogica,May'24,FY_24-25,0.1,0.1
Fsn Distribution Ltd_Mauja,Direct,Nykaa SS(fsn),Mamaearth,May'24,FY_24-25,11.2,21.3
Fsn Distribution Ltd_Mauja,Direct,Nykaa SS(fsn),The Derma Co,May'24,FY_24-25,0.1,0.2
Fsn Distribution Ltd_Rajpura,Direct,Nykaa SS(fsn),Aqualogica,May'24,FY_24-25,0.9,1.5
Fsn Distribution Ltd_Rajpura,Direct,Nykaa SS(fsn),BBlunt,May'24,FY_24-25,0.2,0.3
Fsn Distribution Ltd_Rajpura,Direct,Nykaa SS(fsn),Mamaearth,May'24,FY_24-25,7.9,15.4
Fsn Distribution Ltd_Rajpura,Direct,Nykaa SS(fsn),The Derma Co,May'24,FY_24-25,2.3,3.8
Fsn Distribution Ltd_Ranihat,Direct,Nykaa SS(fsn),Aqualogica,May'24,FY_24-25,0.9,1.5
Fsn Distribution Ltd_Ranihat,Direct,Nykaa SS(fsn),Mamaearth,May'24,FY_24-25,13.5,26.2
Fsn Distribution Ltd_Ranihat,Direct,Nykaa SS(fsn),The Derma Co,May'24,FY_24-25,1.3,2.1
Fsn Distribution Ltd_Sarpara,Direct,Nykaa SS(fsn),Aqualogica,May'24,FY_24-25,1.6,2.5
Fsn Distribution Ltd_Sarpara,Direct,Nykaa SS(fsn),Mamaearth,May'24,FY_24-25,19.2,36.2
Fsn Distribution Ltd_Sarpara,Direct,Nykaa SS(fsn),The Derma Co,May'24,FY_24-25,1.9,3.4
Fsn Distribution Ltd_Tiruvallur,Direct,Nykaa SS(fsn),Aqualogica,May'24,FY_24-25,0.3,0.5
Fsn Distribution Ltd_Tiruvallur,Direct,Nykaa SS(fsn),Mamaearth,May'24,FY_24-25,4.9,8.9
Fsn Distribution Ltd_Tiruvallur,Direct,Nykaa SS(fsn),The Derma Co,May'24,FY_24-25,0.7,1.1
Fsn Distribution Ltd_Village Gurhi,Direct,Nykaa SS(fsn),Aqualogica,May'24,FY_24-25,0.7,1.1
Fsn Distribution Ltd_Village Gurhi,Direct,Nykaa SS(fsn),BBlunt,May'24,FY_24-25,0.1,0.1
Fsn Distribution Ltd_Village Gurhi,Direct,Nykaa SS(fsn),Mamaearth,May'24,FY_24-25,10.9,20.9
Fsn Distribution Ltd_Village Gurhi,Direct,Nykaa SS(fsn),The Derma Co,May'24,FY_24-25,2.9,4.7
Fsn Distribution Ltd_Village Sonale,Direct,Nykaa SS(fsn),Aqualogica,May'24,FY_24-25,0.6,0.9
Fsn Distribution Ltd_Village Sonale,Direct,Nykaa SS(fsn),BBlunt,May'24,FY_24-25,0.7,1.8
Fsn Distribution Ltd_Village Sonale,Direct,Nykaa SS(fsn),Mamaearth,May'24,FY_24-25,12.0,22.8
Fsn Distribution Ltd_Village Sonale,Direct,Nykaa SS(fsn),The Derma Co,May'24,FY_24-25,3.2,5.2
Fsn Distribution Ltd_Yamjal Village,Direct,Nykaa SS(fsn),Aqualogica,May'24,FY_24-25,0.2,0.3
Fsn Distribution Ltd_Yamjal Village,Direct,Nykaa SS(fsn),Mamaearth,May'24,FY_24-25,13.9,28.0
Fsn Distribution Ltd_Yamjal Village,Direct,Nykaa SS(fsn),The Derma Co,May'24,FY_24-25,0.6,1.0
Mahaveer Medi-Sales Private Limited(A unit of AWPSPL),Direct,Ascent Wellness,Mamaearth,May'24,FY_24-25,9.0,16.4
Muthu Pharma-(A Unit of AWPSPL)(A unit of AWPSPL),Direct,Ascent Wellness,Mamaearth,May'24,FY_24-25,-0.4,-0.7
Aryan Wellness Private Limited(A unit of AWPSPL),Direct,Ascent Wellness,Mamaearth,June'24,FY_24-25,-0.9,-1.5
Ascent Wellness Pharma Solutions Pvt Ltd (A unit of AWPSPL),Direct,Ascent Wellness,Mamaearth,June'24,FY_24-25,-2.4,-88.3
D.C. Agencies Pvt Ltd(Mayapuri)(A unit of AWPSPL),Direct,Ascent Wellness,Mamaearth,June'24,FY_24-25,0.3,0.6
D.C. Agencies Pvt Ltd(Patparganj)(A unit of AWPSPL),Direct,Ascent Wellness,Mamaearth,June'24,FY_24-25,-0.2,-0.3
Desai Pharma-( A unit of AWPSPL)(A unit of AWPSPL),Direct,Ascent Wellness,Mamaearth,June'24,FY_24-25,0.3,0.6
Eastern Agencies Healthcare Pvt Ltd(A unit of AWPSPL),Direct,Ascent Wellness,Mamaearth,June'24,FY_24-25,-0.1,-0.2
Eremedium Private Limited_Dosi,Direct,Eremedium,The Derma Co,June'24,FY_24-25,0.5,1.0
Eremedium Private Limited_Shipto,Direct,Eremedium,The Derma Co,June'24,FY_24-25,4.0,7.3
Fsn Distribution Ltd_Gallops,Direct,Nykaa SS(fsn),Aqualogica,June'24,FY_24-25,0.1,0.1
Fsn Distribution Ltd_Gallops,Direct,Nykaa SS(fsn),Mamaearth,June'24,FY_24-25,3.7,6.8
Fsn Distribution Ltd_Gallops,Direct,Nykaa SS(fsn),The Derma Co,June'24,FY_24-25,0.2,0.3
Fsn Distribution Ltd_Hobli,Direct,Nykaa SS(fsn),Aqualogica,June'24,FY_24-25,1.0,1.6
Fsn Distribution Ltd_Hobli,Direct,Nykaa SS(fsn),Mamaearth,June'24,FY_24-25,10.2,19.2
Fsn Distribution Ltd_Hobli,Direct,Nykaa SS(fsn),The Derma Co,June'24,FY_24-25,1.8,2.9
Fsn Distribution Ltd_Kairapari,Direct,Nykaa SS(fsn),Aqualogica,June'24,FY_24-25,0.0,0.0
Fsn Distribution Ltd_Kairapari,Direct,Nykaa SS(fsn),Mamaearth,June'24,FY_24-25,5.9,11.4
Fsn Distribution Ltd_Kairapari,Direct,Nykaa SS(fsn),The Derma Co,June'24,FY_24-25,0.1,0.2
Fsn Distribution Ltd_Khasarwara,Direct,Nykaa SS(fsn),Aqualogica,June'24,FY_24-25,0.1,0.2
Fsn Distribution Ltd_Khasarwara,Direct,Nykaa SS(fsn),Mamaearth,June'24,FY_24-25,7.6,14.0
Fsn Distribution Ltd_Khasarwara,Direct,Nykaa SS(fsn),The Derma Co,June'24,FY_24-25,0.4,0.7
Fsn Distribution Ltd_Mauja,Direct,Nykaa SS(fsn),Mamaearth,June'24,FY_24-25,5.2,9.7
Fsn Distribution Ltd_Mauja,Direct,Nykaa SS(fsn),The Derma Co,June'24,FY_24-25,0.1,0.1
Fsn Distribution Ltd_Rajpura,Direct,Nykaa SS(fsn),Aqualogica,June'24,FY_24-25,0.8,1.3
Fsn Distribution Ltd_Rajpura,Direct,Nykaa SS(fsn),BBlunt,June'24,FY_24-25,0.0,0.1
Fsn Distribution Ltd_Rajpura,Direct,Nykaa SS(fsn),Mamaearth,June'24,FY_24-25,3.8,7.0
Fsn Distribution Ltd_Rajpura,Direct,Nykaa SS(fsn),The Derma Co,June'24,FY_24-25,1.2,2.2
Fsn Distribution Ltd_Ranihat,Direct,Nykaa SS(fsn),Aqualogica,June'24,FY_24-25,0.2,0.5
Fsn Distribution Ltd_Ranihat,Direct,Nykaa SS(fsn),Mamaearth,June'24,FY_24-25,7.5,14.2
Fsn Distribution Ltd_Ranihat,Direct,Nykaa SS(fsn),The Derma Co,June'24,FY_24-25,0.4,0.6
Fsn Distribution Ltd_Sarpara,Direct,Nykaa SS(fsn),Aqualogica,June'24,FY_24-25,0.1,0.2
Fsn Distribution Ltd_Sarpara,Direct,Nykaa SS(fsn),Mamaearth,June'24,FY_24-25,8.5,16.0
Fsn Distribution Ltd_Sarpara,Direct,Nykaa SS(fsn),The Derma Co,June'24,FY_24-25,0.4,0.7
Fsn Distribution Ltd_Tiruvallur,Direct,Nykaa SS(fsn),Aqualogica,June'24,FY_24-25,0.2,0.3
Fsn Distribution Ltd_Tiruvallur,Direct,Nykaa SS(fsn),Mamaearth,June'24,FY_24-25,3.0,5.4
Fsn Distribution Ltd_Tiruvallur,Direct,Nykaa SS(fsn),The Derma Co,June'24,FY_24-25,0.3,0.5
Fsn Distribution Ltd_Village Gurhi,Direct,Nykaa SS(fsn),Aqualogica,June'24,FY_24-25,1.0,1.6
Fsn Distribution Ltd_Village Gurhi,Direct,Nykaa SS(fsn),BBlunt,June'24,FY_24-25,0.1,0.1
Fsn Distribution Ltd_Village Gurhi,Direct,Nykaa SS(fsn),Mamaearth,June'24,FY_24-25,4.9,9.3
Fsn Distribution Ltd_Village Gurhi,Direct,Nykaa SS(fsn),The Derma Co,June'24,FY_24-25,1.3,2.4
Fsn Distribution Ltd_Village Sonale,Direct,Nykaa SS(fsn),Aqualogica,June'24,FY_24-25,0.5,0.8
Fsn Distribution Ltd_Village Sonale,Direct,Nykaa SS(fsn),BBlunt,June'24,FY_24-25,0.2,0.4
Fsn Distribution Ltd_Village Sonale,Direct,Nykaa SS(fsn),Mamaearth,June'24,FY_24-25,4.2,8.1
Fsn Distribution Ltd_Village Sonale,Direct,Nykaa SS(fsn),The Derma Co,June'24,FY_24-25,0.4,0.6
Fsn Distribution Ltd_Yamjal Village,Direct,Nykaa SS(fsn),Aqualogica,June'24,FY_24-25,0.2,0.3
Fsn Distribution Ltd_Yamjal Village,Direct,Nykaa SS(fsn),Mamaearth,June'24,FY_24-25,10.3,21.5
Fsn Distribution Ltd_Yamjal Village,Direct,Nykaa SS(fsn),The Derma Co,June'24,FY_24-25,0.1,0.2
Mahaveer Medi-Sales Private Limited(A unit of AWPSPL),Direct,Ascent Wellness,Mamaearth,June'24,FY_24-25,5.2,8.8
Medicos Healthcare,Direct,Ascent Wellness,Mamaearth,June'24,FY_24-25,0.3,0.6
Sachdeva Medicals -( A unit of AWPSPL)(A unit of AWPSPL),Direct,Ascent Wellness,Mamaearth,June'24,FY_24-25,0.3,0.5
Vpi Medisales -(A Unit Of AWPSPL)(A unit of AWPSPL),Direct,Ascent Wellness,Mamaearth,June'24,FY_24-25,0.5,0.9
Aashirwad Distributors-Ascent,Direct,Ascent Wellness,Mamaearth,July'24,FY_24-25,0.4,0.7
AAYUSH PHARMA-Ascent,Direct,Ascent Wellness,Mamaearth,July'24,FY_24-25,0.2,0.3
Ashirwad Distributors-Ascent,Direct,Ascent Wellness,Mamaearth,July'24,FY_24-25,0.4,0.7
Aspire Pharma-Ascent,Direct,Ascent Wellness,Mamaearth,July'24,FY_24-25,0.4,0.7
Aushad-Ascent,Direct,Ascent Wellness,Mamaearth,July'24,FY_24-25,0.4,0.6
D.C. Agencies Pvt Ltd(Mayapuri)(A unit of AWPSPL),Direct,Ascent Wellness,Mamaearth,July'24,FY_24-25,-1.4,-73.7
D.C. Agencies Pvt Ltd(Patparganj)(A unit of AWPSPL),Direct,Ascent Wellness,Mamaearth,July'24,FY_24-25,-0.1,-0.2
DC Agencies-Ascent,Direct,Ascent Wellness,Mamaearth,July'24,FY_24-25,0.5,0.8
DCA Patna-Ascent,Direct,Ascent Wellness,Mamaearth,July'24,FY_24-25,0.2,0.4
Desai Pharma-( A unit of AWPSPL)(A unit of AWPSPL),Direct,Ascent Wellness,Mamaearth,July'24,FY_24-25,-0.2,-0.4
E.C AGENCIES-Ascent,Direct,Ascent Wellness,Mamaearth,July'24,FY_24-25,0.4,0.7
Eastern Agencies Healthcare Pvt Ltd(A unit of AWPSPL),Direct,Ascent Wellness,Mamaearth,July'24,FY_24-25,-0.3,-0.4
EKDANTA PHARMATECH-Ascent,Direct,Ascent Wellness,Mamaearth,July'24,FY_24-25,1.1,1.9
Eremedium Private Limited_Shipto,Direct,Eremedium,The Derma Co,July'24,FY_24-25,4.1,7.5
Fsn Distribution Ltd_Bhiwandi,Direct,Nykaa SS(fsn),The Derma Co,July'24,FY_24-25,0.0,0.0
Fsn Distribution Ltd_Gallops,Direct,Nykaa SS(fsn),Aqualogica,July'24,FY_24-25,0.0,0.1
Fsn Distribution Ltd_Gallops,Direct,Nykaa SS(fsn),BBlunt,July'24,FY_24-25,0.3,0.5
Fsn Distribution Ltd_Gallops,Direct,Nykaa SS(fsn),Mamaearth,July'24,FY_24-25,9.5,18.5
Fsn Distribution Ltd_Gallops,Direct,Nykaa SS(fsn),The Derma Co,July'24,FY_24-25,1.0,1.6
Fsn Distribution Ltd_Hobli,Direct,Nykaa SS(fsn),Aqualogica,July'24,FY_24-25,0.8,1.2
Fsn Distribution Ltd_Hobli,Direct,Nykaa SS(fsn),BBlunt,July'24,FY_24-25,0.3,0.4
Fsn Distribution Ltd_Hobli,Direct,Nykaa SS(fsn),Mamaearth,July'24,FY_24-25,20.9,42.4
Fsn Distribution Ltd_Hobli,Direct,Nykaa SS(fsn),The Derma Co,July'24,FY_24-25,6.2,10.1
FSN Distribution Ltd_Indore,Direct,Nykaa SS(fsn),Aqualogica,July'24,FY_24-25,0.7,1.5
FSN Distribution Ltd_Indore,Direct,Nykaa SS(fsn),BBlunt,July'24,FY_24-25,0.2,0.4
FSN Distribution Ltd_Indore,Direct,Nykaa SS(fsn),Mamaearth,July'24,FY_24-25,11.5,24.6
FSN Distribution Ltd_Indore,Direct,Nykaa SS(fsn),The Derma Co,July'24,FY_24-25,2.7,4.4
Fsn Distribution Ltd_Kairapari,Direct,Nykaa SS(fsn),Aqualogica,July'24,FY_24-25,0.0,0.0
Fsn Distribution Ltd_Kairapari,Direct,Nykaa SS(fsn),BBlunt,July'24,FY_24-25,0.3,0.5
Fsn Distribution Ltd_Kairapari,Direct,Nykaa SS(fsn),Mamaearth,July'24,FY_24-25,20.7,39.9
Fsn Distribution Ltd_Kairapari,Direct,Nykaa SS(fsn),The Derma Co,July'24,FY_24-25,0.5,0.9
Fsn Distribution Ltd_Khasarwara,Direct,Nykaa SS(fsn),Aqualogica,July'24,FY_24-25,0.1,0.1
Fsn Distribution Ltd_Khasarwara,Direct,Nykaa SS(fsn),BBlunt,July'24,FY_24-25,0.3,0.5
Fsn Distribution Ltd_Khasarwara,Direct,Nykaa SS(fsn),Mamaearth,July'24,FY_24-25,19.7,41.8
Fsn Distribution Ltd_Khasarwara,Direct,Nykaa SS(fsn),The Derma Co,July'24,FY_24-25,1.2,1.9
Fsn Distribution Ltd_Mauja,Direct,Nykaa SS(fsn),Aqualogica,July'24,FY_24-25,0.0,0.1
Fsn Distribution Ltd_Mauja,Direct,Nykaa SS(fsn),BBlunt,July'24,FY_24-25,0.3,0.4
Fsn Distribution Ltd_Mauja,Direct,Nykaa SS(fsn),Mamaearth,July'24,FY_24-25,16.3,30.8
Fsn Distribution Ltd_Mauja,Direct,Nykaa SS(fsn),The Derma Co,July'24,FY_24-25,0.5,0.9
Fsn Distribution Ltd_Rajpura,Direct,Nykaa SS(fsn),Aqualogica,July'24,FY_24-25,0.4,0.7
Fsn Distribution Ltd_Rajpura,Direct,Nykaa SS(fsn),BBlunt,July'24,FY_24-25,0.4,0.6
Fsn Distribution Ltd_Rajpura,Direct,Nykaa SS(fsn),Mamaearth,July'24,FY_24-25,10.6,19.4
Fsn Distribution Ltd_Rajpura,Direct,Nykaa SS(fsn),The Derma Co,July'24,FY_24-25,2.0,3.3
Fsn Distribution Ltd_Ranihat,Direct,Nykaa SS(fsn),Aqualogica,July'24,FY_24-25,0.1,0.1
Fsn Distribution Ltd_Ranihat,Direct,Nykaa SS(fsn),BBlunt,July'24,FY_24-25,0.3,0.6
Fsn Distribution Ltd_Ranihat,Direct,Nykaa SS(fsn),Mamaearth,July'24,FY_24-25,17.9,38.0
Fsn Distribution Ltd_Ranihat,Direct,Nykaa SS(fsn),The Derma Co,July'24,FY_24-25,1.4,2.4
Fsn Distribution Ltd_Sarpara,Direct,Nykaa SS(fsn),Aqualogica,July'24,FY_24-25,0.1,0.1
Fsn Distribution Ltd_Sarpara,Direct,Nykaa SS(fsn),BBlunt,July'24,FY_24-25,0.3,0.5
Fsn Distribution Ltd_Sarpara,Direct,Nykaa SS(fsn),Mamaearth,July'24,FY_24-25,24.9,48.2
Fsn Distribution Ltd_Sarpara,Direct,Nykaa SS(fsn),The Derma Co,July'24,FY_24-25,1.9,3.3
Fsn Distribution Ltd_Tiruvallur,Direct,Nykaa SS(fsn),Aqualogica,July'24,FY_24-25,0.1,0.1
Fsn Distribution Ltd_Tiruvallur,Direct,Nykaa SS(fsn),Mamaearth,July'24,FY_24-25,6.4,12.0
Fsn Distribution Ltd_Tiruvallur,Direct,Nykaa SS(fsn),The Derma Co,July'24,FY_24-25,0.7,1.1
Fsn Distribution Ltd_Village Gurhi,Direct,Nykaa SS(fsn),Aqualogica,July'24,FY_24-25,0.1,0.1
Fsn Distribution Ltd_Village Gurhi,Direct,Nykaa SS(fsn),BBlunt,July'24,FY_24-25,0.4,0.7
Fsn Distribution Ltd_Village Gurhi,Direct,Nykaa SS(fsn),Mamaearth,July'24,FY_24-25,12.2,23.2
Fsn Distribution Ltd_Village Gurhi,Direct,Nykaa SS(fsn),The Derma Co,July'24,FY_24-25,1.9,3.2
Fsn Distribution Ltd_Village Sonale,Direct,Nykaa SS(fsn),Aqualogica,July'24,FY_24-25,0.1,0.1
Fsn Distribution Ltd_Village Sonale,Direct,Nykaa SS(fsn),BBlunt,July'24,FY_24-25,0.7,1.1
Fsn Distribution Ltd_Village Sonale,Direct,Nykaa SS(fsn),Mamaearth,July'24,FY_24-25,12.6,24.8
Fsn Distribution Ltd_Village Sonale,Direct,Nykaa SS(fsn),The Derma Co,July'24,FY_24-25,1.3,2.4
Fsn Distribution Ltd_Yamjal Village,Direct,Nykaa SS(fsn),Aqualogica,July'24,FY_24-25,0.1,0.1
Fsn Distribution Ltd_Yamjal Village,Direct,Nykaa SS(fsn),BBlunt,July'24,FY_24-25,0.3,0.5
Fsn Distribution Ltd_Yamjal Village,Direct,Nykaa SS(fsn),Mamaearth,July'24,FY_24-25,22.2,42.6
Fsn Distribution Ltd_Yamjal Village,Direct,Nykaa SS(fsn),The Derma Co,July'24,FY_24-25,0.6,1.0
Kalinga Pharmatech-Ascent,Direct,Ascent Wellness,Mamaearth,July'24,FY_24-25,0.3,0.4
Mahaveer Medi-Sales Private Limited(A unit of AWPSPL),Direct,Ascent Wellness,Mamaearth,July'24,FY_24-25,6.4,12.4
Muthu Pharma-(A Unit of AWPSPL)(A unit of AWPSPL),Direct,Ascent Wellness,Mamaearth,July'24,FY_24-25,-2.1,-4.2
Sachdeva Medicals -( A unit of AWPSPL)(A unit of AWPSPL),Direct,Ascent Wellness,Mamaearth,July'24,FY_24-25,-2.2,-25.0
Shree Simba Chemist-Ascent,Direct,Ascent Wellness,Mamaearth,July'24,FY_24-25,0.7,1.2
SRI ALAGU PHARMA-Ascent,Direct,Ascent Wellness,Mamaearth,July'24,FY_24-25,0.3,0.6
VARMA MEDICALS-Ascent,Direct,Ascent Wellness,Mamaearth,July'24,FY_24-25,0.3,0.6
Vpi Medisales -(A Unit Of AWPSPL)(A unit of AWPSPL),Direct,Ascent Wellness,Mamaearth,July'24,FY_24-25,0.0,0.0
Ascent Wellness Pharma (AWPSPL-Retailo),Direct,Ascent Wellness,Mamaearth,Aug'24,FY_24-25,-0.2,-0.4
Aushad-Ascent,Direct,Ascent Wellness,Mamaearth,Aug'24,FY_24-25,0.4,0.6
Aushad-Ascent,Direct,Ascent Wellness,The Derma Co,Aug'24,FY_24-25,0.2,0.4
D.C. Agencies Pvt Ltd(Mayapuri)(A unit of AWPSPL),Direct,Ascent Wellness,Mamaearth,Aug'24,FY_24-25,-0.2,-0.4
D.C. Agencies Pvt Ltd(Patparganj)(A unit of AWPSPL),Direct,Ascent Wellness,Mamaearth,Aug'24,FY_24-25,-0.1,-0.2
Desai Pharma-( A unit of AWPSPL)(A unit of AWPSPL),Direct,Ascent Wellness,Mamaearth,Aug'24,FY_24-25,-0.1,-0.1
Eastern Agencies Healthcare Pvt Ltd(A unit of AWPSPL),Direct,Ascent Wellness,Mamaearth,Aug'24,FY_24-25,-0.1,-0.1
Eremedium Private Limited_Shipto,Direct,Eremedium,The Derma Co,Aug'24,FY_24-25,4.1,7.5
Fsn Distribution Ltd_Gallops,Direct,Nykaa SS(fsn),Aqualogica,Aug'24,FY_24-25,0.0,0.1
Fsn Distribution Ltd_Gallops,Direct,Nykaa SS(fsn),BBlunt,Aug'24,FY_24-25,0.0,0.1
Fsn Distribution Ltd_Gallops,Direct,Nykaa SS(fsn),Mamaearth,Aug'24,FY_24-25,2.6,4.9
Fsn Distribution Ltd_Gallops,Direct,Nykaa SS(fsn),The Derma Co,Aug'24,FY_24-25,0.4,0.6
Fsn Distribution Ltd_Hobli,Direct,Nykaa SS(fsn),Aqualogica,Aug'24,FY_24-25,1.8,3.0
Fsn Distribution Ltd_Hobli,Direct,Nykaa SS(fsn),Mamaearth,Aug'24,FY_24-25,8.9,18.7
Fsn Distribution Ltd_Hobli,Direct,Nykaa SS(fsn),The Derma Co,Aug'24,FY_24-25,5.1,8.5
FSN Distribution Ltd_Indore,Direct,Nykaa SS(fsn),BBlunt,Aug'24,FY_24-25,0.1,0.1
FSN Distribution Ltd_Indore,Direct,Nykaa SS(fsn),Mamaearth,Aug'24,FY_24-25,0.4,0.8
FSN Distribution Ltd_Indore,Direct,Nykaa SS(fsn),The Derma Co,Aug'24,FY_24-25,0.2,0.4
Fsn Distribution Ltd_Kairapari,Direct,Nykaa SS(fsn),BBlunt,Aug'24,FY_24-25,0.0,0.0
Fsn Distribution Ltd_Kairapari,Direct,Nykaa SS(fsn),Mamaearth,Aug'24,FY_24-25,-0.5,-0.9
Fsn Distribution Ltd_Kairapari,Direct,Nykaa SS(fsn),The Derma Co,Aug'24,FY_24-25,0.0,0.1
Fsn Distribution Ltd_Khasarwara,Direct,Nykaa SS(fsn),BBlunt,Aug'24,FY_24-25,0.0,0.0
Fsn Distribution Ltd_Khasarwara,Direct,Nykaa SS(fsn),Mamaearth,Aug'24,FY_24-25,4.7,9.3
Fsn Distribution Ltd_Khasarwara,Direct,Nykaa SS(fsn),The Derma Co,Aug'24,FY_24-25,0.5,0.8
Fsn Distribution Ltd_Mauja,Direct,Nykaa SS(fsn),Aqualogica,Aug'24,FY_24-25,0.1,0.1
Fsn Distribution Ltd_Mauja,Direct,Nykaa SS(fsn),BBlunt,Aug'24,FY_24-25,0.0,0.0
Fsn Distribution Ltd_Mauja,Direct,Nykaa SS(fsn),Mamaearth,Aug'24,FY_24-25,3.7,6.7
Fsn Distribution Ltd_Mauja,Direct,Nykaa SS(fsn),The Derma Co,Aug'24,FY_24-25,0.0,0.1
Fsn Distribution Ltd_Mauja,Direct,Nykaa SS(fsn),Mamaearth,Aug'24,FY_24-25,0.5,0.8
FSN Distribution Ltd_OR-NYKAA,Direct,Nykaa SS(fsn),Mamaearth,Aug'24,FY_24-25,4.8,10.5
FSN Distribution Ltd_OR-NYKAA,Direct,Nykaa SS(fsn),The Derma Co,Aug'24,FY_24-25,0.2,0.3
Fsn Distribution Ltd_Rajpura,Direct,Nykaa SS(fsn),Mamaearth,Aug'24,FY_24-25,0.1,0.1
Fsn Distribution Ltd_Rajpura,Direct,Nykaa SS(fsn),Aqualogica,Aug'24,FY_24-25,0.4,0.6
Fsn Distribution Ltd_Rajpura,Direct,Nykaa SS(fsn),BBlunt,Aug'24,FY_24-25,0.1,0.2
Fsn Distribution Ltd_Rajpura,Direct,Nykaa SS(fsn),Mamaearth,Aug'24,FY_24-25,3.5,6.6
Fsn Distribution Ltd_Rajpura,Direct,Nykaa SS(fsn),The Derma Co,Aug'24,FY_24-25,1.1,1.9
Fsn Distribution Ltd_Ranihat,Direct,Nykaa SS(fsn),Aqualogica,Aug'24,FY_24-25,0.0,0.1
Fsn Distribution Ltd_Ranihat,Direct,Nykaa SS(fsn),BBlunt,Aug'24,FY_24-25,0.1,0.2
Fsn Distribution Ltd_Ranihat,Direct,Nykaa SS(fsn),Mamaearth,Aug'24,FY_24-25,5.5,10.9
Fsn Distribution Ltd_Ranihat,Direct,Nykaa SS(fsn),The Derma Co,Aug'24,FY_24-25,0.4,0.6
Fsn Distribution Ltd_Sarpara,Direct,Nykaa SS(fsn),Aqualogica,Aug'24,FY_24-25,0.1,0.1
Fsn Distribution Ltd_Sarpara,Direct,Nykaa SS(fsn),BBlunt,Aug'24,FY_24-25,0.0,0.0
Fsn Distribution Ltd_Sarpara,Direct,Nykaa SS(fsn),Mamaearth,Aug'24,FY_24-25,9.1,17.9
Fsn Distribution Ltd_Sarpara,Direct,Nykaa SS(fsn),The Derma Co,Aug'24,FY_24-25,0.9,1.5
Fsn Distribution Ltd_Tiruvallur,Direct,Nykaa SS(fsn),Aqualogica,Aug'24,FY_24-25,0.1,0.2
Fsn Distribution Ltd_Tiruvallur,Direct,Nykaa SS(fsn),Mamaearth,Aug'24,FY_24-25,3.0,5.6
Fsn Distribution Ltd_Tiruvallur,Direct,Nykaa SS(fsn),The Derma Co,Aug'24,FY_24-25,0.4,0.7
Fsn Distribution Ltd_Village Gurhi,Direct,Nykaa SS(fsn),Aqualogica,Aug'24,FY_24-25,0.1,0.2
Fsn Distribution Ltd_Village Gurhi,Direct,Nykaa SS(fsn),BBlunt,Aug'24,FY_24-25,0.2,0.4
Fsn Distribution Ltd_Village Gurhi,Direct,Nykaa SS(fsn),Mamaearth,Aug'24,FY_24-25,3.0,6.5
Fsn Distribution Ltd_Village Gurhi,Direct,Nykaa SS(fsn),The Derma Co,Aug'24,FY_24-25,1.1,1.7
Fsn Distribution Ltd_Village Sonale,Direct,Nykaa SS(fsn),Aqualogica,Aug'24,FY_24-25,0.0,0.0
Fsn Distribution Ltd_Village Sonale,Direct,Nykaa SS(fsn),BBlunt,Aug'24,FY_24-25,0.5,0.8
Fsn Distribution Ltd_Village Sonale,Direct,Nykaa SS(fsn),Mamaearth,Aug'24,FY_24-25,4.8,8.9
Fsn Distribution Ltd_Village Sonale,Direct,Nykaa SS(fsn),The Derma Co,Aug'24,FY_24-25,0.6,1.0
Fsn Distribution Ltd_Yamjal Village,Direct,Nykaa SS(fsn),Aqualogica,Aug'24,FY_24-25,0.1,0.1
Fsn Distribution Ltd_Yamjal Village,Direct,Nykaa SS(fsn),Mamaearth,Aug'24,FY_24-25,9.4,20.4
Fsn Distribution Ltd_Yamjal Village,Direct,Nykaa SS(fsn),The Derma Co,Aug'24,FY_24-25,0.3,0.5
Hyper Grocers Private Limited,Direct,Hyper Grocer,Mamaearth,Aug'24,FY_24-25,0.3,0.6
Mahaveer Medi-Sales Private Limited(A unit of AWPSPL),Direct,Ascent Wellness,Mamaearth,Aug'24,FY_24-25,5.4,10.5
Medicos Healthcare,Direct,Ascent Wellness,Mamaearth,Aug'24,FY_24-25,-0.1,-0.1
Muthu Pharma-(A Unit of AWPSPL)(A unit of AWPSPL),Direct,Ascent Wellness,Mamaearth,Aug'24,FY_24-25,-0.3,-0.6
Vpi Medisales -(A Unit Of AWPSPL)(A unit of AWPSPL),Direct,Ascent Wellness,Mamaearth,Aug'24,FY_24-25,-0.3,-0.5
Eremedium Private Limited_Shipto,Direct,Eremedium,The Derma Co,Sept'24,FY_24-25,3.8,7.1
Fsn Distribution Ltd_Bhiwandi,Direct,Nykaa SS(fsn),Mamaearth,Sept'24,FY_24-25,-1.4,-11.0
Fsn Distribution Ltd_Gallops,Direct,Nykaa SS(fsn),Aqualogica,Sept'24,FY_24-25,0.0,0.0
Fsn Distribution Ltd_Gallops,Direct,Nykaa SS(fsn),Mamaearth,Sept'24,FY_24-25,5.2,9.6
Fsn Distribution Ltd_Gallops,Direct,Nykaa SS(fsn),The Derma Co,Sept'24,FY_24-25,0.4,0.6
Fsn Distribution Ltd_Hobli,Direct,Nykaa SS(fsn),Aqualogica,Sept'24,FY_24-25,2.7,5.2
Fsn Distribution Ltd_Hobli,Direct,Nykaa SS(fsn),Mamaearth,Sept'24,FY_24-25,17.5,33.6
Fsn Distribution Ltd_Hobli,Direct,Nykaa SS(fsn),The Derma Co,Sept'24,FY_24-25,6.8,11.9
FSN Distribution Ltd_Indore,Direct,Nykaa SS(fsn),Aqualogica,Sept'24,FY_24-25,0.1,0.1
FSN Distribution Ltd_Indore,Direct,Nykaa SS(fsn),Mamaearth,Sept'24,FY_24-25,1.9,3.6
FSN Distribution Ltd_Indore,Direct,Nykaa SS(fsn),The Derma Co,Sept'24,FY_24-25,0.3,0.6
Fsn Distribution Ltd_Khasarwara,Direct,Nykaa SS(fsn),Aqualogica,Sept'24,FY_24-25,0.1,0.2
Fsn Distribution Ltd_Khasarwara,Direct,Nykaa SS(fsn),Mamaearth,Sept'24,FY_24-25,13.8,26.0
Fsn Distribution Ltd_Khasarwara,Direct,Nykaa SS(fsn),The Derma Co,Sept'24,FY_24-25,0.6,0.9
Fsn Distribution Ltd_Mauja,Direct,Nykaa SS(fsn),Aqualogica,Sept'24,FY_24-25,0.1,0.1
Fsn Distribution Ltd_Mauja,Direct,Nykaa SS(fsn),Mamaearth,Sept'24,FY_24-25,9.1,16.7
Fsn Distribution Ltd_Mauja,Direct,Nykaa SS(fsn),The Derma Co,Sept'24,FY_24-25,0.1,0.1
Fsn Distribution Ltd_Mewat,Direct,Nykaa SS(fsn),Mamaearth,Sept'24,FY_24-25,-0.2,-0.4
FSN Distribution Ltd_OR-NYKAA,Direct,Nykaa SS(fsn),Aqualogica,Sept'24,FY_24-25,0.1,0.1
FSN Distribution Ltd_OR-NYKAA,Direct,Nykaa SS(fsn),Mamaearth,Sept'24,FY_24-25,7.0,14.8
FSN Distribution Ltd_OR-NYKAA,Direct,Nykaa SS(fsn),The Derma Co,Sept'24,FY_24-25,0.0,0.0
Fsn Distribution Ltd_Rajpura,Direct,Nykaa SS(fsn),Aqualogica,Sept'24,FY_24-25,0.2,0.3
Fsn Distribution Ltd_Rajpura,Direct,Nykaa SS(fsn),BBlunt,Sept'24,FY_24-25,0.2,0.4
Fsn Distribution Ltd_Rajpura,Direct,Nykaa SS(fsn),Mamaearth,Sept'24,FY_24-25,9.8,17.8
Fsn Distribution Ltd_Rajpura,Direct,Nykaa SS(fsn),The Derma Co,Sept'24,FY_24-25,3.3,5.6
Fsn Distribution Ltd_Ranihat,Direct,Nykaa SS(fsn),Aqualogica,Sept'24,FY_24-25,0.1,0.2
Fsn Distribution Ltd_Ranihat,Direct,Nykaa SS(fsn),BBlunt,Sept'24,FY_24-25,0.0,0.0
Fsn Distribution Ltd_Ranihat,Direct,Nykaa SS(fsn),Mamaearth,Sept'24,FY_24-25,14.5,31.0
Fsn Distribution Ltd_Ranihat,Direct,Nykaa SS(fsn),The Derma Co,Sept'24,FY_24-25,0.8,1.3
Fsn Distribution Ltd_Sarpara,Direct,Nykaa SS(fsn),Aqualogica,Sept'24,FY_24-25,0.3,0.5
Fsn Distribution Ltd_Sarpara,Direct,Nykaa SS(fsn),Mamaearth,Sept'24,FY_24-25,17.3,32.3
Fsn Distribution Ltd_Sarpara,Direct,Nykaa SS(fsn),The Derma Co,Sept'24,FY_24-25,1.2,2.0
Fsn Distribution Ltd_Tiruvallur,Direct,Nykaa SS(fsn),Aqualogica,Sept'24,FY_24-25,0.1,0.2
Fsn Distribution Ltd_Tiruvallur,Direct,Nykaa SS(fsn),Mamaearth,Sept'24,FY_24-25,4.8,9.0
Fsn Distribution Ltd_Tiruvallur,Direct,Nykaa SS(fsn),The Derma Co,Sept'24,FY_24-25,0.3,0.5
Fsn Distribution Ltd_Village Gurhi,Direct,Nykaa SS(fsn),Aqualogica,Sept'24,FY_24-25,0.1,0.1
Fsn Distribution Ltd_Village Gurhi,Direct,Nykaa SS(fsn),Mamaearth,Sept'24,FY_24-25,8.8,18.2
Fsn Distribution Ltd_Village Gurhi,Direct,Nykaa SS(fsn),The Derma Co,Sept'24,FY_24-25,0.6,1.1
Fsn Distribution Ltd_Village Sonale,Direct,Nykaa SS(fsn),Aqualogica,Sept'24,FY_24-25,0.1,0.2
Fsn Distribution Ltd_Village Sonale,Direct,Nykaa SS(fsn),BBlunt,Sept'24,FY_24-25,0.3,0.5
Fsn Distribution Ltd_Village Sonale,Direct,Nykaa SS(fsn),Mamaearth,Sept'24,FY_24-25,10.0,18.5
Fsn Distribution Ltd_Village Sonale,Direct,Nykaa SS(fsn),The Derma Co,Sept'24,FY_24-25,1.9,3.1
Fsn Distribution Ltd_Yamjal Village,Direct,Nykaa SS(fsn),Aqualogica,Sept'24,FY_24-25,0.2,0.3
Fsn Distribution Ltd_Yamjal Village,Direct,Nykaa SS(fsn),Mamaearth,Sept'24,FY_24-25,14.1,29.0
Fsn Distribution Ltd_Yamjal Village,Direct,Nykaa SS(fsn),The Derma Co,Sept'24,FY_24-25,0.5,0.9
Mahaveer Medi-Sales Private Limited(A unit of AWPSPL),Direct,Ascent Wellness,Mamaearth,Sept'24,FY_24-25,1.7,3.3
Vpi Medisales -(A Unit Of AWPSPL)(A unit of AWPSPL),Direct,Ascent Wellness,Mamaearth,Sept'24,FY_24-25,-1.0,-1.7
Vpi Medisales -(A Unit Of AWPSPL)(A unit of AWPSPL),Direct,Ascent Wellness,The Derma Co,Sept'24,FY_24-25,-0.1,-0.2
Ascent Wellness Pharma Solutions Pvt Ltd (A unit of AWPSPL),Direct,Ascent Wellness,Mamaearth,Oct'24,FY_24-25,-0.1,-0.1
Aushad-Ascent,Direct,Ascent Wellness,Mamaearth,Oct'24,FY_24-25,0.1,0.2
Aushad-Ascent,Direct,Ascent Wellness,The Derma Co,Oct'24,FY_24-25,0.2,0.3
D.C. Agencies Pvt Ltd(Patparganj)(A unit of AWPSPL),Direct,Ascent Wellness,Mamaearth,Oct'24,FY_24-25,-0.3,-0.5
Eastern Agencies Healthcare Pvt Ltd(A unit of AWPSPL),Direct,Ascent Wellness,Mamaearth,Oct'24,FY_24-25,0.0,-0.1
EKDANTA PHARMATECH-Ascent,Direct,Ascent Wellness,Mamaearth,Oct'24,FY_24-25,-0.4,-0.6
Fsn Distribution Ltd_Anakapalle-AP,Direct,Nykaa SS(fsn),Aqualogica,Oct'24,FY_24-25,0.1,0.2
Fsn Distribution Ltd_Anakapalle-AP,Direct,Nykaa SS(fsn),Mamaearth,Oct'24,FY_24-25,7.4,14.8
Fsn Distribution Ltd_Anakapalle-AP,Direct,Nykaa SS(fsn),The Derma Co,Oct'24,FY_24-25,0.2,0.4
Fsn Distribution Ltd_Gallops,Direct,Nykaa SS(fsn),Aqualogica,Oct'24,FY_24-25,0.0,0.1
Fsn Distribution Ltd_Gallops,Direct,Nykaa SS(fsn),Mamaearth,Oct'24,FY_24-25,5.5,10.2
Fsn Distribution Ltd_Gallops,Direct,Nykaa SS(fsn),The Derma Co,Oct'24,FY_24-25,0.5,0.8
Fsn Distribution Ltd_Hobli,Direct,Nykaa SS(fsn),Aqualogica,Oct'24,FY_24-25,2.3,4.7
Fsn Distribution Ltd_Hobli,Direct,Nykaa SS(fsn),Mamaearth,Oct'24,FY_24-25,13.3,24.9
Fsn Distribution Ltd_Hobli,Direct,Nykaa SS(fsn),The Derma Co,Oct'24,FY_24-25,4.7,7.7
FSN Distribution Ltd_Indore,Direct,Nykaa SS(fsn),Aqualogica,Oct'24,FY_24-25,0.2,0.3
FSN Distribution Ltd_Indore,Direct,Nykaa SS(fsn),BBlunt,Oct'24,FY_24-25,0.0,0.1
FSN Distribution Ltd_Indore,Direct,Nykaa SS(fsn),Mamaearth,Oct'24,FY_24-25,3.5,6.6
FSN Distribution Ltd_Indore,Direct,Nykaa SS(fsn),The Derma Co,Oct'24,FY_24-25,0.5,0.9
Fsn Distribution Ltd_Khasarwara,Direct,Nykaa SS(fsn),Aqualogica,Oct'24,FY_24-25,0.0,0.0
Fsn Distribution Ltd_Khasarwara,Direct,Nykaa SS(fsn),BBlunt,Oct'24,FY_24-25,0.0,0.0
Fsn Distribution Ltd_Khasarwara,Direct,Nykaa SS(fsn),Mamaearth,Oct'24,FY_24-25,6.6,12.3
Fsn Distribution Ltd_Khasarwara,Direct,Nykaa SS(fsn),The Derma Co,Oct'24,FY_24-25,0.7,1.1
Fsn Distribution Ltd_Mauja,Direct,Nykaa SS(fsn),Aqualogica,Oct'24,FY_24-25,0.0,0.0
Fsn Distribution Ltd_Mauja,Direct,Nykaa SS(fsn),Mamaearth,Oct'24,FY_24-25,7.4,14.6
Fsn Distribution Ltd_Mauja,Direct,Nykaa SS(fsn),The Derma Co,Oct'24,FY_24-25,0.1,0.2
FSN Distribution Ltd_OR-NYKAA,Direct,Nykaa SS(fsn),Aqualogica,Oct'24,FY_24-25,0.0,0.0
FSN Distribution Ltd_OR-NYKAA,Direct,Nykaa SS(fsn),Mamaearth,Oct'24,FY_24-25,9.1,19.1
FSN Distribution Ltd_OR-NYKAA,Direct,Nykaa SS(fsn),The Derma Co,Oct'24,FY_24-25,0.2,0.4
Fsn Distribution Ltd_Rajpura,Direct,Nykaa SS(fsn),Aqualogica,Oct'24,FY_24-25,0.4,0.6
Fsn Distribution Ltd_Rajpura,Direct,Nykaa SS(fsn),BBlunt,Oct'24,FY_24-25,0.1,0.1
Fsn Distribution Ltd_Rajpura,Direct,Nykaa SS(fsn),Mamaearth,Oct'24,FY_24-25,4.3,7.9
Fsn Distribution Ltd_Rajpura,Direct,Nykaa SS(fsn),The Derma Co,Oct'24,FY_24-25,0.5,0.8
Fsn Distribution Ltd_Ranihat,Direct,Nykaa SS(fsn),Aqualogica,Oct'24,FY_24-25,0.1,0.2
Fsn Distribution Ltd_Ranihat,Direct,Nykaa SS(fsn),Mamaearth,Oct'24,FY_24-25,9.0,19.0
Fsn Distribution Ltd_Ranihat,Direct,Nykaa SS(fsn),The Derma Co,Oct'24,FY_24-25,0.5,0.9
Fsn Distribution Ltd_Sarpara,Direct,Nykaa SS(fsn),Aqualogica,Oct'24,FY_24-25,0.2,0.3
Fsn Distribution Ltd_Sarpara,Direct,Nykaa SS(fsn),Mamaearth,Oct'24,FY_24-25,14.4,34.0
Fsn Distribution Ltd_Sarpara,Direct,Nykaa SS(fsn),The Derma Co,Oct'24,FY_24-25,1.2,2.2
Fsn Distribution Ltd_Tiruvallur,Direct,Nykaa SS(fsn),Aqualogica,Oct'24,FY_24-25,0.3,0.4
Fsn Distribution Ltd_Tiruvallur,Direct,Nykaa SS(fsn),Mamaearth,Oct'24,FY_24-25,3.7,6.7
Fsn Distribution Ltd_Tiruvallur,Direct,Nykaa SS(fsn),The Derma Co,Oct'24,FY_24-25,0.5,0.9
Fsn Distribution Ltd_Village Gurhi,Direct,Nykaa SS(fsn),Aqualogica,Oct'24,FY_24-25,0.1,0.1
Fsn Distribution Ltd_Village Gurhi,Direct,Nykaa SS(fsn),BBlunt,Oct'24,FY_24-25,0.1,0.1
Fsn Distribution Ltd_Village Gurhi,Direct,Nykaa SS(fsn),Mamaearth,Oct'24,FY_24-25,6.4,11.7
Fsn Distribution Ltd_Village Gurhi,Direct,Nykaa SS(fsn),The Derma Co,Oct'24,FY_24-25,0.9,1.4
Fsn Distribution Ltd_Village Sonale,Direct,Nykaa SS(fsn),Aqualogica,Oct'24,FY_24-25,0.1,0.2
Fsn Distribution Ltd_Village Sonale,Direct,Nykaa SS(fsn),BBlunt,Oct'24,FY_24-25,0.3,0.5
Fsn Distribution Ltd_Village Sonale,Direct,Nykaa SS(fsn),Mamaearth,Oct'24,FY_24-25,4.7,8.9
Fsn Distribution Ltd_Village Sonale,Direct,Nykaa SS(fsn),The Derma Co,Oct'24,FY_24-25,1.1,1.7
Fsn Distribution Ltd_Yamjal Village,Direct,Nykaa SS(fsn),Aqualogica,Oct'24,FY_24-25,0.4,0.6
Fsn Distribution Ltd_Yamjal Village,Direct,Nykaa SS(fsn),Mamaearth,Oct'24,FY_24-25,10.1,21.1
Fsn Distribution Ltd_Yamjal Village,Direct,Nykaa SS(fsn),The Derma Co,Oct'24,FY_24-25,0.5,0.8
Mahaveer Medi-Sales Private Limited(A unit of AWPSPL),Direct,Ascent Wellness,Mamaearth,Oct'24,FY_24-25,8.1,17.3
Medicos Healthcare,Direct,Ascent Wellness,Mamaearth,Oct'24,FY_24-25,-0.1,-0.2
Aushad-Ascent,Direct,Ascent Wellness,Mamaearth,Dec'24,FY_24-25,0.4,0.8
D.C. Agencies Pvt Ltd(Mayapuri)(A unit of AWPSPL),Direct,Ascent Wellness,Mamaearth,Dec'24,FY_24-25,-0.9,-1.6
Desai Pharma Distributors Pvt. Ltd,Direct,Ascent Wellness,Mamaearth,Dec'24,FY_24-25,-0.1,-0.1
Eastern Agencies Healthcare Pvt Ltd(A unit of AWPSPL),Direct,Ascent Wellness,Mamaearth,Dec'24,FY_24-25,0.0,-0.1
Eremedium Private Limited_Shipto,Direct,Eremedium,The Derma Co,Dec'24,FY_24-25,7.9,21.0
Fsn Distribution Ltd_Anakapalle-AP,Direct,Nykaa SS(fsn),Aqualogica,Dec'24,FY_24-25,0.1,0.2
Fsn Distribution Ltd_Anakapalle-AP,Direct,Nykaa SS(fsn),Mamaearth,Dec'24,FY_24-25,16.4,33.3
Fsn Distribution Ltd_Anakapalle-AP,Direct,Nykaa SS(fsn),The Derma Co,Dec'24,FY_24-25,0.6,1.0
Fsn Distribution Ltd_Gallops,Direct,Nykaa SS(fsn),Aqualogica,Dec'24,FY_24-25,0.1,0.2
Fsn Distribution Ltd_Gallops,Direct,Nykaa SS(fsn),Mamaearth,Dec'24,FY_24-25,4.2,8.9
Fsn Distribution Ltd_Gallops,Direct,Nykaa SS(fsn),The Derma Co,Dec'24,FY_24-25,0.5,0.8
Fsn Distribution Ltd_Gondkheri,Direct,Nykaa SS(fsn),Aqualogica,Dec'24,FY_24-25,0.0,0.0
Fsn Distribution Ltd_Gondkheri,Direct,Nykaa SS(fsn),BBlunt,Dec'24,FY_24-25,0.0,0.0
Fsn Distribution Ltd_Gondkheri,Direct,Nykaa SS(fsn),Mamaearth,Dec'24,FY_24-25,0.0,0.0
Fsn Distribution Ltd_Gondkheri,Direct,Nykaa SS(fsn),The Derma Co,Dec'24,FY_24-25,0.0,0.5
Fsn Distribution Ltd_Hobli,Direct,Nykaa SS(fsn),Aqualogica,Dec'24,FY_24-25,2.3,3.7
Fsn Distribution Ltd_Hobli,Direct,Nykaa SS(fsn),Mamaearth,Dec'24,FY_24-25,14.5,30.6
Fsn Distribution Ltd_Hobli,Direct,Nykaa SS(fsn),The Derma Co,Dec'24,FY_24-25,5.9,11.6
FSN Distribution Ltd_Indore,Direct,Nykaa SS(fsn),Aqualogica,Dec'24,FY_24-25,0.2,0.3
FSN Distribution Ltd_Indore,Direct,Nykaa SS(fsn),Mamaearth,Dec'24,FY_24-25,2.2,3.9
FSN Distribution Ltd_Indore,Direct,Nykaa SS(fsn),The Derma Co,Dec'24,FY_24-25,0.9,1.7
Fsn Distribution Ltd_Khasarwara,Direct,Nykaa SS(fsn),Aqualogica,Dec'24,FY_24-25,0.4,1.1
Fsn Distribution Ltd_Khasarwara,Direct,Nykaa SS(fsn),Mamaearth,Dec'24,FY_24-25,6.7,17.1
Fsn Distribution Ltd_Khasarwara,Direct,Nykaa SS(fsn),The Derma Co,Dec'24,FY_24-25,1.4,3.0
Fsn Distribution Ltd_Mauja,Direct,Nykaa SS(fsn),Aqualogica,Dec'24,FY_24-25,0.2,0.3
Fsn Distribution Ltd_Mauja,Direct,Nykaa SS(fsn),Mamaearth,Dec'24,FY_24-25,7.0,12.8
Fsn Distribution Ltd_Mauja,Direct,Nykaa SS(fsn),The Derma Co,Dec'24,FY_24-25,0.2,0.3
FSN Distribution Ltd_OR-NYKAA,Direct,Nykaa SS(fsn),Aqualogica,Dec'24,FY_24-25,0.0,0.1
FSN Distribution Ltd_OR-NYKAA,Direct,Nykaa SS(fsn),Mamaearth,Dec'24,FY_24-25,5.1,10.2
FSN Distribution Ltd_OR-NYKAA,Direct,Nykaa SS(fsn),The Derma Co,Dec'24,FY_24-25,0.5,1.0
Fsn Distribution Ltd_Rajpura,Direct,Nykaa SS(fsn),Aqualogica,Dec'24,FY_24-25,0.3,0.4
Fsn Distribution Ltd_Rajpura,Direct,Nykaa SS(fsn),BBlunt,Dec'24,FY_24-25,0.1,0.2
Fsn Distribution Ltd_Rajpura,Direct,Nykaa SS(fsn),Mamaearth,Dec'24,FY_24-25,4.9,9.9
Fsn Distribution Ltd_Rajpura,Direct,Nykaa SS(fsn),The Derma Co,Dec'24,FY_24-25,2.0,4.4
Fsn Distribution Ltd_Ranihat,Direct,Nykaa SS(fsn),Aqualogica,Dec'24,FY_24-25,0.1,0.1
Fsn Distribution Ltd_Ranihat,Direct,Nykaa SS(fsn),Mamaearth,Dec'24,FY_24-25,9.4,20.0
Fsn Distribution Ltd_Ranihat,Direct,Nykaa SS(fsn),The Derma Co,Dec'24,FY_24-25,2.1,4.7
Fsn Distribution Ltd_Sarpara,Direct,Nykaa SS(fsn),Aqualogica,Dec'24,FY_24-25,0.6,1.0
Fsn Distribution Ltd_Sarpara,Direct,Nykaa SS(fsn),Mamaearth,Dec'24,FY_24-25,15.4,32.3
Fsn Distribution Ltd_Sarpara,Direct,Nykaa SS(fsn),The Derma Co,Dec'24,FY_24-25,2.0,3.3
Fsn Distribution Ltd_Tiruvallur,Direct,Nykaa SS(fsn),Aqualogica,Dec'24,FY_24-25,0.0,0.0
Fsn Distribution Ltd_Tiruvallur,Direct,Nykaa SS(fsn),Mamaearth,Dec'24,FY_24-25,4.6,8.3
Fsn Distribution Ltd_Tiruvallur,Direct,Nykaa SS(fsn),The Derma Co,Dec'24,FY_24-25,0.3,0.6
Fsn Distribution Ltd_Village Gurhi,Direct,Nykaa SS(fsn),Aqualogica,Dec'24,FY_24-25,0.2,0.5
Fsn Distribution Ltd_Village Gurhi,Direct,Nykaa SS(fsn),Mamaearth,Dec'24,FY_24-25,6.2,12.0
Fsn Distribution Ltd_Village Gurhi,Direct,Nykaa SS(fsn),The Derma Co,Dec'24,FY_24-25,2.5,5.4
Fsn Distribution Ltd_Village Sonale,Direct,Nykaa SS(fsn),Aqualogica,Dec'24,FY_24-25,0.5,0.9
Fsn Distribution Ltd_Village Sonale,Direct,Nykaa SS(fsn),BBlunt,Dec'24,FY_24-25,0.2,0.3
Fsn Distribution Ltd_Village Sonale,Direct,Nykaa SS(fsn),Mamaearth,Dec'24,FY_24-25,10.7,22.5
Fsn Distribution Ltd_Village Sonale,Direct,Nykaa SS(fsn),The Derma Co,Dec'24,FY_24-25,2.7,4.8
Fsn Distribution Ltd_Yamjal Village,Direct,Nykaa SS(fsn),Aqualogica,Dec'24,FY_24-25,0.1,0.1
Fsn Distribution Ltd_Yamjal Village,Direct,Nykaa SS(fsn),Mamaearth,Dec'24,FY_24-25,1.8,3.2
Fsn Distribution Ltd_Yamjal Village,Direct,Nykaa SS(fsn),The Derma Co,Dec'24,FY_24-25,0.1,0.2
Mahaveer Medi-Sales Private Limited(A unit of AWPSPL),Direct,Ascent Wellness,Mamaearth,Dec'24,FY_24-25,5.6,12.0
Shree Simba Chemist-Ascent,Direct,Ascent Wellness,Mamaearth,Dec'24,FY_24-25,-0.2,-0.3
Shree Simba Chemist-Ascent,Direct,Ascent Wellness,The Derma Co,Dec'24,FY_24-25,0.0,0.0
Vpi Medisales -(A Unit Of AWPSPL)(A unit of AWPSPL),Direct,Ascent Wellness,Mamaearth,Dec'24,FY_24-25,-0.2,-0.4
Vpi Medisales -(A Unit Of AWPSPL)(A unit of AWPSPL),Direct,Ascent Wellness,The Derma Co,Dec'24,FY_24-25,-0.3,-0.5
Ascent Wellness Pharma (AWPSPL-Retailo),Direct,Ascent Wellness,Mamaearth,Jan'25,FY_24-25,-0.1,-0.1
D.C. Agencies Pvt Ltd(Mayapuri)(A unit of AWPSPL),Direct,Ascent Wellness,Mamaearth,Jan'25,FY_24-25,0.2,0.4
D.C. Agencies Pvt Ltd(Mayapuri)(A unit of AWPSPL),Direct,Ascent Wellness,The Derma Co,Jan'25,FY_24-25,0.3,0.4
Eremedium Private Limited_Shipto,Direct,Eremedium,The Derma Co,Jan'25,FY_24-25,7.6,15.2
Fsn Distribution Ltd_Anakapalle-AP,Direct,Nykaa SS(fsn),Aqualogica,Jan'25,FY_24-25,0.0,0.0
Fsn Distribution Ltd_Anakapalle-AP,Direct,Nykaa SS(fsn),Mamaearth,Jan'25,FY_24-25,-4.3,-7.8
Fsn Distribution Ltd_Anakapalle-AP,Direct,Nykaa SS(fsn),The Derma Co,Jan'25,FY_24-25,-0.1,-0.2
Fsn Distribution Ltd_Bhiwandi,Direct,Nykaa SS(fsn),Mamaearth,Jan'25,FY_24-25,-0.2,-0.3
Fsn Distribution Ltd_Gallops,Direct,Nykaa SS(fsn),Aqualogica,Jan'25,FY_24-25,0.0,0.1
Fsn Distribution Ltd_Gallops,Direct,Nykaa SS(fsn),Mamaearth,Jan'25,FY_24-25,1.3,2.3
Fsn Distribution Ltd_Gallops,Direct,Nykaa SS(fsn),The Derma Co,Jan'25,FY_24-25,0.5,0.9
Fsn Distribution Ltd_Hobli,Direct,Nykaa SS(fsn),Aqualogica,Jan'25,FY_24-25,3.5,5.7
Fsn Distribution Ltd_Hobli,Direct,Nykaa SS(fsn),Mamaearth,Jan'25,FY_24-25,13.8,27.1
Fsn Distribution Ltd_Hobli,Direct,Nykaa SS(fsn),The Derma Co,Jan'25,FY_24-25,4.1,6.6
FSN Distribution Ltd_Indore,Direct,Nykaa SS(fsn),Aqualogica,Jan'25,FY_24-25,0.1,0.1
FSN Distribution Ltd_Indore,Direct,Nykaa SS(fsn),Mamaearth,Jan'25,FY_24-25,1.7,1.4
FSN Distribution Ltd_Indore,Direct,Nykaa SS(fsn),The Derma Co,Jan'25,FY_24-25,0.7,1.3
Fsn Distribution Ltd_Khasarwara,Direct,Nykaa SS(fsn),Aqualogica,Jan'25,FY_24-25,0.0,0.0
Fsn Distribution Ltd_Khasarwara,Direct,Nykaa SS(fsn),Mamaearth,Jan'25,FY_24-25,1.9,3.5
Fsn Distribution Ltd_Khasarwara,Direct,Nykaa SS(fsn),The Derma Co,Jan'25,FY_24-25,0.1,0.3
Fsn Distribution Ltd_Mauja,Direct,Nykaa SS(fsn),Aqualogica,Jan'25,FY_24-25,0.0,0.0
Fsn Distribution Ltd_Mauja,Direct,Nykaa SS(fsn),Mamaearth,Jan'25,FY_24-25,5.1,9.7
Fsn Distribution Ltd_Mauja,Direct,Nykaa SS(fsn),The Derma Co,Jan'25,FY_24-25,0.4,0.6
FSN Distribution Ltd_NDG-GZB,Direct,Nykaa SS(fsn),Mamaearth,Jan'25,FY_24-25,2.4,4.1
FSN Distribution Ltd_OR-NYKAA,Direct,Nykaa SS(fsn),Aqualogica,Jan'25,FY_24-25,0.0,0.0
FSN Distribution Ltd_OR-NYKAA,Direct,Nykaa SS(fsn),Mamaearth,Jan'25,FY_24-25,5.0,9.5
FSN Distribution Ltd_OR-NYKAA,Direct,Nykaa SS(fsn),The Derma Co,Jan'25,FY_24-25,0.3,0.5
Fsn Distribution Ltd_Rajpura,Direct,Nykaa SS(fsn),Aqualogica,Jan'25,FY_24-25,0.0,0.0
Fsn Distribution Ltd_Rajpura,Direct,Nykaa SS(fsn),BBlunt,Jan'25,FY_24-25,0.1,0.1
Fsn Distribution Ltd_Rajpura,Direct,Nykaa SS(fsn),Mamaearth,Jan'25,FY_24-25,3.2,6.3
Fsn Distribution Ltd_Rajpura,Direct,Nykaa SS(fsn),The Derma Co,Jan'25,FY_24-25,0.1,0.2
Fsn Distribution Ltd_Ranihat,Direct,Nykaa SS(fsn),Aqualogica,Jan'25,FY_24-25,0.1,0.2
Fsn Distribution Ltd_Ranihat,Direct,Nykaa SS(fsn),BBlunt,Jan'25,FY_24-25,0.0,0.0
Fsn Distribution Ltd_Ranihat,Direct,Nykaa SS(fsn),Mamaearth,Jan'25,FY_24-25,6.5,11.8
Fsn Distribution Ltd_Ranihat,Direct,Nykaa SS(fsn),The Derma Co,Jan'25,FY_24-25,0.7,1.1
Fsn Distribution Ltd_Sarpara,Direct,Nykaa SS(fsn),Aqualogica,Jan'25,FY_24-25,0.2,0.3
Fsn Distribution Ltd_Sarpara,Direct,Nykaa SS(fsn),Mamaearth,Jan'25,FY_24-25,14.2,27.2
Fsn Distribution Ltd_Sarpara,Direct,Nykaa SS(fsn),The Derma Co,Jan'25,FY_24-25,1.8,3.0
Fsn Distribution Ltd_Tiruvallur,Direct,Nykaa SS(fsn),Aqualogica,Jan'25,FY_24-25,0.2,0.3
Fsn Distribution Ltd_Tiruvallur,Direct,Nykaa SS(fsn),Mamaearth,Jan'25,FY_24-25,2.4,4.4
Fsn Distribution Ltd_Tiruvallur,Direct,Nykaa SS(fsn),The Derma Co,Jan'25,FY_24-25,0.4,0.6
Fsn Distribution Ltd_Village Gurhi,Direct,Nykaa SS(fsn),Aqualogica,Jan'25,FY_24-25,0.1,0.2
Fsn Distribution Ltd_Village Gurhi,Direct,Nykaa SS(fsn),Mamaearth,Jan'25,FY_24-25,4.5,8.7
Fsn Distribution Ltd_Village Gurhi,Direct,Nykaa SS(fsn),The Derma Co,Jan'25,FY_24-25,1.2,2.2
Fsn Distribution Ltd_Village Sonale,Direct,Nykaa SS(fsn),Aqualogica,Jan'25,FY_24-25,0.3,0.5
Fsn Distribution Ltd_Village Sonale,Direct,Nykaa SS(fsn),BBlunt,Jan'25,FY_24-25,0.3,0.5
Fsn Distribution Ltd_Village Sonale,Direct,Nykaa SS(fsn),Mamaearth,Jan'25,FY_24-25,6.7,12.5
Fsn Distribution Ltd_Village Sonale,Direct,Nykaa SS(fsn),The Derma Co,Jan'25,FY_24-25,2.0,3.6
Fsn Distribution Ltd_Yamjal Village,Direct,Nykaa SS(fsn),Aqualogica,Jan'25,FY_24-25,0.0,0.1
Fsn Distribution Ltd_Yamjal Village,Direct,Nykaa SS(fsn),BBlunt,Jan'25,FY_24-25,0.0,0.0
Fsn Distribution Ltd_Yamjal Village,Direct,Nykaa SS(fsn),Mamaearth,Jan'25,FY_24-25,2.5,4.7
Fsn Distribution Ltd_Yamjal Village,Direct,Nykaa SS(fsn),The Derma Co,Jan'25,FY_24-25,0.3,0.4
Mahaveer Medi-Sales Private Limited(A unit of AWPSPL),Direct,Ascent Wellness,Mamaearth,Jan'25,FY_24-25,7.7,13.4
Ascent Wellness Pharma Solutions Pvt Ltd (A unit of AWPSPL),Direct,Ascent Wellness,Mamaearth,Feb'25,FY_24-25,-0.1,-0.2
Eastern Agencies Healthcare Pvt Ltd(A unit of AWPSPL),Direct,Ascent Wellness,Mamaearth,Feb'25,FY_24-25,-0.1,-0.1
Eremedium Private Limited_Shipto,Direct,Eremedium,The Derma Co,Feb'25,FY_24-25,6.6,12.2
Fsn Distribution Ltd_Anakapalle-AP,Direct,Nykaa SS(fsn),Aqualogica,Feb'25,FY_24-25,0.3,0.5
Fsn Distribution Ltd_Anakapalle-AP,Direct,Nykaa SS(fsn),Mamaearth,Feb'25,FY_24-25,5.7,10.5
Fsn Distribution Ltd_Anakapalle-AP,Direct,Nykaa SS(fsn),The Derma Co,Feb'25,FY_24-25,0.4,0.7
Fsn Distribution Ltd_Gallops,Direct,Nykaa SS(fsn),Aqualogica,Feb'25,FY_24-25,0.1,0.1
Fsn Distribution Ltd_Gallops,Direct,Nykaa SS(fsn),Mamaearth,Feb'25,FY_24-25,3.7,7.0
Fsn Distribution Ltd_Gallops,Direct,Nykaa SS(fsn),The Derma Co,Feb'25,FY_24-25,1.2,1.9
Fsn Distribution Ltd_Hobli,Direct,Nykaa SS(fsn),Aqualogica,Feb'25,FY_24-25,5.4,9.1
Fsn Distribution Ltd_Hobli,Direct,Nykaa SS(fsn),Mamaearth,Feb'25,FY_24-25,17.8,33.9
Fsn Distribution Ltd_Hobli,Direct,Nykaa SS(fsn),The Derma Co,Feb'25,FY_24-25,7.4,12.4
FSN Distribution Ltd_Indore,Direct,Nykaa SS(fsn),Aqualogica,Feb'25,FY_24-25,0.2,0.4
FSN Distribution Ltd_Indore,Direct,Nykaa SS(fsn),BBlunt,Feb'25,FY_24-25,0.0,0.1
FSN Distribution Ltd_Indore,Direct,Nykaa SS(fsn),Mamaearth,Feb'25,FY_24-25,2.2,4.0
FSN Distribution Ltd_Indore,Direct,Nykaa SS(fsn),The Derma Co,Feb'25,FY_24-25,1.6,2.6
Fsn Distribution Ltd_Khasarwara,Direct,Nykaa SS(fsn),Aqualogica,Feb'25,FY_24-25,0.0,0.1
Fsn Distribution Ltd_Khasarwara,Direct,Nykaa SS(fsn),Mamaearth,Feb'25,FY_24-25,4.7,9.1
Fsn Distribution Ltd_Khasarwara,Direct,Nykaa SS(fsn),The Derma Co,Feb'25,FY_24-25,0.8,1.4
Fsn Distribution Ltd_Mauja,Direct,Nykaa SS(fsn),Aqualogica,Feb'25,FY_24-25,0.0,0.0
Fsn Distribution Ltd_Mauja,Direct,Nykaa SS(fsn),Mamaearth,Feb'25,FY_24-25,6.4,11.7
Fsn Distribution Ltd_Mauja,Direct,Nykaa SS(fsn),The Derma Co,Feb'25,FY_24-25,0.6,0.9
FSN Distribution Ltd_NDG-GZB,Direct,Nykaa SS(fsn),Aqualogica,Feb'25,FY_24-25,0.2,0.3
FSN Distribution Ltd_NDG-GZB,Direct,Nykaa SS(fsn),Mamaearth,Feb'25,FY_24-25,0.8,2.3
FSN Distribution Ltd_NDG-GZB,Direct,Nykaa SS(fsn),The Derma Co,Feb'25,FY_24-25,0.7,1.5
FSN Distribution Ltd_OR-NYKAA,Direct,Nykaa SS(fsn),Aqualogica,Feb'25,FY_24-25,0.1,0.2
FSN Distribution Ltd_OR-NYKAA,Direct,Nykaa SS(fsn),Mamaearth,Feb'25,FY_24-25,7.0,12.9
FSN Distribution Ltd_OR-NYKAA,Direct,Nykaa SS(fsn),The Derma Co,Feb'25,FY_24-25,0.3,0.6
Fsn Distribution Ltd_Rajpura,Direct,Nykaa SS(fsn),Aqualogica,Feb'25,FY_24-25,0.1,0.3
Fsn Distribution Ltd_Rajpura,Direct,Nykaa SS(fsn),BBlunt,Feb'25,FY_24-25,0.1,0.2
Fsn Distribution Ltd_Rajpura,Direct,Nykaa SS(fsn),Mamaearth,Feb'25,FY_24-25,3.3,6.0
Fsn Distribution Ltd_Rajpura,Direct,Nykaa SS(fsn),The Derma Co,Feb'25,FY_24-25,1.6,2.8
Fsn Distribution Ltd_Ranihat,Direct,Nykaa SS(fsn),Aqualogica,Feb'25,FY_24-25,0.3,0.5
Fsn Distribution Ltd_Ranihat,Direct,Nykaa SS(fsn),Mamaearth,Feb'25,FY_24-25,5.2,9.3
Fsn Distribution Ltd_Ranihat,Direct,Nykaa SS(fsn),The Derma Co,Feb'25,FY_24-25,0.7,1.1
Fsn Distribution Ltd_Sarpara,Direct,Nykaa SS(fsn),Aqualogica,Feb'25,FY_24-25,0.3,0.4
Fsn Distribution Ltd_Sarpara,Direct,Nykaa SS(fsn),Mamaearth,Feb'25,FY_24-25,12.6,22.8
Fsn Distribution Ltd_Sarpara,Direct,Nykaa SS(fsn),The Derma Co,Feb'25,FY_24-25,1.3,2.2
Fsn Distribution Ltd_Tiruvallur,Direct,Nykaa SS(fsn),Aqualogica,Feb'25,FY_24-25,0.3,0.4
Fsn Distribution Ltd_Tiruvallur,Direct,Nykaa SS(fsn),Mamaearth,Feb'25,FY_24-25,3.6,6.5
Fsn Distribution Ltd_Tiruvallur,Direct,Nykaa SS(fsn),The Derma Co,Feb'25,FY_24-25,0.8,1.2
Fsn Distribution Ltd_Village Gurhi,Direct,Nykaa SS(fsn),Aqualogica,Feb'25,FY_24-25,0.6,1.0
Fsn Distribution Ltd_Village Gurhi,Direct,Nykaa SS(fsn),BBlunt,Feb'25,FY_24-25,0.1,0.2
Fsn Distribution Ltd_Village Gurhi,Direct,Nykaa SS(fsn),Mamaearth,Feb'25,FY_24-25,4.7,8.5
Fsn Distribution Ltd_Village Gurhi,Direct,Nykaa SS(fsn),The Derma Co,Feb'25,FY_24-25,2.4,4.2
Fsn Distribution Ltd_Village Sonale,Direct,Nykaa SS(fsn),Aqualogica,Feb'25,FY_24-25,0.1,0.1
Fsn Distribution Ltd_Village Sonale,Direct,Nykaa SS(fsn),BBlunt,Feb'25,FY_24-25,0.3,0.5
Fsn Distribution Ltd_Village Sonale,Direct,Nykaa SS(fsn),Mamaearth,Feb'25,FY_24-25,2.7,4.9
Fsn Distribution Ltd_Village Sonale,Direct,Nykaa SS(fsn),The Derma Co,Feb'25,FY_24-25,2.7,4.8
Fsn Distribution Ltd_Yamjal Village,Direct,Nykaa SS(fsn),Aqualogica,Feb'25,FY_24-25,0.3,0.4
Fsn Distribution Ltd_Yamjal Village,Direct,Nykaa SS(fsn),Mamaearth,Feb'25,FY_24-25,5.2,10.2
Fsn Distribution Ltd_Yamjal Village,Direct,Nykaa SS(fsn),The Derma Co,Feb'25,FY_24-25,0.5,0.9
Mahaveer Medi-Sales Private Limited(A unit of AWPSPL),Direct,Ascent Wellness,Mamaearth,Feb'25,FY_24-25,5.9,10.9
Medicos Healthcare,Direct,Ascent Wellness,Mamaearth,Feb'25,FY_24-25,-0.6,-1.0
Fsn Distribution Ltd_Anakapalle-AP,Direct,Nykaa SS(fsn),Aqualogica,March'25,FY_24-25,0.1,0.2
Fsn Distribution Ltd_Anakapalle-AP,Direct,Nykaa SS(fsn),Mamaearth,March'25,FY_24-25,3.2,6.3
Fsn Distribution Ltd_Anakapalle-AP,Direct,Nykaa SS(fsn),The Derma Co,March'25,FY_24-25,0.2,0.4
Fsn Distribution Ltd_Gallops,Direct,Nykaa SS(fsn),Aqualogica,March'25,FY_24-25,0.2,0.3
Fsn Distribution Ltd_Gallops,Direct,Nykaa SS(fsn),Mamaearth,March'25,FY_24-25,2.4,4.4
Fsn Distribution Ltd_Gallops,Direct,Nykaa SS(fsn),The Derma Co,March'25,FY_24-25,0.9,1.5
Fsn Distribution Ltd_Hobli,Direct,Nykaa SS(fsn),Aqualogica,March'25,FY_24-25,4.1,6.7
Fsn Distribution Ltd_Hobli,Direct,Nykaa SS(fsn),Mamaearth,March'25,FY_24-25,10.0,18.0
Fsn Distribution Ltd_Hobli,Direct,Nykaa SS(fsn),The Derma Co,March'25,FY_24-25,7.1,12.6
FSN Distribution Ltd_Indore,Direct,Nykaa SS(fsn),Aqualogica,March'25,FY_24-25,0.2,0.4
FSN Distribution Ltd_Indore,Direct,Nykaa SS(fsn),Mamaearth,March'25,FY_24-25,0.3,0.5
FSN Distribution Ltd_Indore,Direct,Nykaa SS(fsn),The Derma Co,March'25,FY_24-25,0.8,1.3
Fsn Distribution Ltd_Khasarwara,Direct,Nykaa SS(fsn),Aqualogica,March'25,FY_24-25,0.1,0.1
Fsn Distribution Ltd_Khasarwara,Direct,Nykaa SS(fsn),Mamaearth,March'25,FY_24-25,3.7,6.6
Fsn Distribution Ltd_Khasarwara,Direct,Nykaa SS(fsn),The Derma Co,March'25,FY_24-25,0.8,1.5
Fsn Distribution Ltd_Mauja,Direct,Nykaa SS(fsn),Aqualogica,March'25,FY_24-25,0.0,0.0
Fsn Distribution Ltd_Mauja,Direct,Nykaa SS(fsn),Mamaearth,March'25,FY_24-25,4.8,8.7
Fsn Distribution Ltd_Mauja,Direct,Nykaa SS(fsn),The Derma Co,March'25,FY_24-25,0.5,0.8
FSN Distribution Ltd_NDG-GZB,Direct,Nykaa SS(fsn),Aqualogica,March'25,FY_24-25,0.1,0.2
FSN Distribution Ltd_NDG-GZB,Direct,Nykaa SS(fsn),Mamaearth,March'25,FY_24-25,1.7,3.0
FSN Distribution Ltd_NDG-GZB,Direct,Nykaa SS(fsn),The Derma Co,March'25,FY_24-25,1.2,2.0
FSN Distribution Ltd_NKD-KL,Direct,Nykaa SS(fsn),Mamaearth,March'25,FY_24-25,4.1,7.4
FSN Distribution Ltd_OR-NYKAA,Direct,Nykaa SS(fsn),Aqualogica,March'25,FY_24-25,0.1,0.1
FSN Distribution Ltd_OR-NYKAA,Direct,Nykaa SS(fsn),Mamaearth,March'25,FY_24-25,6.6,12.2
FSN Distribution Ltd_OR-NYKAA,Direct,Nykaa SS(fsn),The Derma Co,March'25,FY_24-25,0.6,0.9
Fsn Distribution Ltd_Rajpura,Direct,Nykaa SS(fsn),Aqualogica,March'25,FY_24-25,0.1,0.2
Fsn Distribution Ltd_Rajpura,Direct,Nykaa SS(fsn),BBlunt,March'25,FY_24-25,0.1,0.1
Fsn Distribution Ltd_Rajpura,Direct,Nykaa SS(fsn),Mamaearth,March'25,FY_24-25,2.8,5.1
Fsn Distribution Ltd_Rajpura,Direct,Nykaa SS(fsn),The Derma Co,March'25,FY_24-25,1.2,2.6
Fsn Distribution Ltd_Ranihat,Direct,Nykaa SS(fsn),Aqualogica,March'25,FY_24-25,0.3,0.5
Fsn Distribution Ltd_Ranihat,Direct,Nykaa SS(fsn),Mamaearth,March'25,FY_24-25,4.4,8.0
Fsn Distribution Ltd_Ranihat,Direct,Nykaa SS(fsn),The Derma Co,March'25,FY_24-25,1.3,2.3
Fsn Distribution Ltd_Sarpara,Direct,Nykaa SS(fsn),Aqualogica,March'25,FY_24-25,0.2,0.4
Fsn Distribution Ltd_Sarpara,Direct,Nykaa SS(fsn),Mamaearth,March'25,FY_24-25,9.8,19.5
Fsn Distribution Ltd_Sarpara,Direct,Nykaa SS(fsn),The Derma Co,March'25,FY_24-25,1.8,3.0
Fsn Distribution Ltd_Tiruvallur,Direct,Nykaa SS(fsn),Aqualogica,March'25,FY_24-25,0.3,0.5
Fsn Distribution Ltd_Tiruvallur,Direct,Nykaa SS(fsn),Mamaearth,March'25,FY_24-25,3.3,5.9
Fsn Distribution Ltd_Tiruvallur,Direct,Nykaa SS(fsn),The Derma Co,March'25,FY_24-25,0.9,1.5
Fsn Distribution Ltd_Village Gurhi,Direct,Nykaa SS(fsn),Aqualogica,March'25,FY_24-25,0.4,0.8
Fsn Distribution Ltd_Village Gurhi,Direct,Nykaa SS(fsn),BBlunt,March'25,FY_24-25,0.0,0.1
Fsn Distribution Ltd_Village Gurhi,Direct,Nykaa SS(fsn),Mamaearth,March'25,FY_24-25,1.4,2.5
Fsn Distribution Ltd_Village Gurhi,Direct,Nykaa SS(fsn),The Derma Co,March'25,FY_24-25,1.3,2.1
Fsn Distribution Ltd_Village Sonale,Direct,Nykaa SS(fsn),Aqualogica,March'25,FY_24-25,0.6,0.9
Fsn Distribution Ltd_Village Sonale,Direct,Nykaa SS(fsn),BBlunt,March'25,FY_24-25,0.2,0.4
Fsn Distribution Ltd_Village Sonale,Direct,Nykaa SS(fsn),Mamaearth,March'25,FY_24-25,5.1,10.5
Fsn Distribution Ltd_Village Sonale,Direct,Nykaa SS(fsn),The Derma Co,March'25,FY_24-25,3.4,5.6
Fsn Distribution Ltd_Yamjal Village,Direct,Nykaa SS(fsn),Aqualogica,March'25,FY_24-25,0.2,0.3
Fsn Distribution Ltd_Yamjal Village,Direct,Nykaa SS(fsn),Mamaearth,March'25,FY_24-25,1.5,2.6
Fsn Distribution Ltd_Yamjal Village,Direct,Nykaa SS(fsn),The Derma Co,March'25,FY_24-25,0.2,0.3
Mahaveer Medi-Sales Private Limited(A unit of AWPSPL),Direct,Ascent Wellness,Mamaearth,March'25,FY_24-25,5.3,8.9
Medicos Healthcare,Direct,Ascent Wellness,Mamaearth,March'25,FY_24-25,-0.3,-0.6
Aushad-Ascent,Direct,Ascent Wellness,Mamaearth,Nov'24,FY_24-25,0.1,0.2
Aushad-Ascent,Direct,Ascent Wellness,The Derma Co,Nov'24,FY_24-25,0.1,0.2
Desai Pharma-( A unit of AWPSPL)(A unit of AWPSPL),Direct,Ascent Wellness,Mamaearth,Nov'24,FY_24-25,0.0,-0.1
Eremedium Private Limited_Shipto,Direct,Eremedium,The Derma Co,Nov'24,FY_24-25,2.9,5.3
Fsn Distribution Ltd_Anakapalle-AP,Direct,Nykaa SS(fsn),Aqualogica,Nov'24,FY_24-25,0.0,0.0
Fsn Distribution Ltd_Anakapalle-AP,Direct,Nykaa SS(fsn),Mamaearth,Nov'24,FY_24-25,0.9,1.6
Fsn Distribution Ltd_Gallops,Direct,Nykaa SS(fsn),Aqualogica,Nov'24,FY_24-25,0.0,0.1
Fsn Distribution Ltd_Gallops,Direct,Nykaa SS(fsn),Mamaearth,Nov'24,FY_24-25,3.4,6.2
Fsn Distribution Ltd_Gallops,Direct,Nykaa SS(fsn),The Derma Co,Nov'24,FY_24-25,0.7,1.1
Fsn Distribution Ltd_Hobli,Direct,Nykaa SS(fsn),Aqualogica,Nov'24,FY_24-25,2.1,3.5
Fsn Distribution Ltd_Hobli,Direct,Nykaa SS(fsn),Mamaearth,Nov'24,FY_24-25,11.7,21.2
Fsn Distribution Ltd_Hobli,Direct,Nykaa SS(fsn),The Derma Co,Nov'24,FY_24-25,4.3,7.1
FSN Distribution Ltd_Indore,Direct,Nykaa SS(fsn),Aqualogica,Nov'24,FY_24-25,0.0,0.0
FSN Distribution Ltd_Indore,Direct,Nykaa SS(fsn),Mamaearth,Nov'24,FY_24-25,2.1,3.8
FSN Distribution Ltd_Indore,Direct,Nykaa SS(fsn),The Derma Co,Nov'24,FY_24-25,0.9,1.4
Fsn Distribution Ltd_Kairapari,Direct,Nykaa SS(fsn),BBLUNT,Nov'24,FY_24-25,-0.1,-0.1
Fsn Distribution Ltd_Kairapari,Direct,Nykaa SS(fsn),Mamaearth,Nov'24,FY_24-25,-0.2,-0.4
Fsn Distribution Ltd_Khasarwara,Direct,Nykaa SS(fsn),Aqualogica,Nov'24,FY_24-25,0.0,0.0
Fsn Distribution Ltd_Khasarwara,Direct,Nykaa SS(fsn),Mamaearth,Nov'24,FY_24-25,4.7,8.6
Fsn Distribution Ltd_Khasarwara,Direct,Nykaa SS(fsn),The Derma Co,Nov'24,FY_24-25,0.4,0.6
Fsn Distribution Ltd_Mauja,Direct,Nykaa SS(fsn),Aqualogica,Nov'24,FY_24-25,0.0,0.0
Fsn Distribution Ltd_Mauja,Direct,Nykaa SS(fsn),Mamaearth,Nov'24,FY_24-25,6.7,12.1
Fsn Distribution Ltd_Mauja,Direct,Nykaa SS(fsn),The Derma Co,Nov'24,FY_24-25,0.1,0.2
FSN Distribution Ltd_OR-NYKAA,Direct,Nykaa SS(fsn),Aqualogica,Nov'24,FY_24-25,0.0,0.0
FSN Distribution Ltd_OR-NYKAA,Direct,Nykaa SS(fsn),Mamaearth,Nov'24,FY_24-25,8.4,15.2
FSN Distribution Ltd_OR-NYKAA,Direct,Nykaa SS(fsn),The Derma Co,Nov'24,FY_24-25,0.3,0.5
Fsn Distribution Ltd_Rajpura,Direct,Nykaa SS(fsn),Aqualogica,Nov'24,FY_24-25,0.3,0.5
Fsn Distribution Ltd_Rajpura,Direct,Nykaa SS(fsn),BBLUNT,Nov'24,FY_24-25,0.1,0.2
Fsn Distribution Ltd_Rajpura,Direct,Nykaa SS(fsn),Mamaearth,Nov'24,FY_24-25,2.1,3.9
Fsn Distribution Ltd_Rajpura,Direct,Nykaa SS(fsn),The Derma Co,Nov'24,FY_24-25,0.2,0.3
Fsn Distribution Ltd_Ranihat,Direct,Nykaa SS(fsn),Aqualogica,Nov'24,FY_24-25,0.1,0.2
Fsn Distribution Ltd_Ranihat,Direct,Nykaa SS(fsn),Mamaearth,Nov'24,FY_24-25,8.7,15.8
Fsn Distribution Ltd_Ranihat,Direct,Nykaa SS(fsn),The Derma Co,Nov'24,FY_24-25,0.7,1.1
Fsn Distribution Ltd_Sarpara,Direct,Nykaa SS(fsn),Aqualogica,Nov'24,FY_24-25,0.1,0.2
Fsn Distribution Ltd_Sarpara,Direct,Nykaa SS(fsn),Mamaearth,Nov'24,FY_24-25,14.0,25.4
Fsn Distribution Ltd_Sarpara,Direct,Nykaa SS(fsn),The Derma Co,Nov'24,FY_24-25,0.8,1.3
Fsn Distribution Ltd_Tiruvallur,Direct,Nykaa SS(fsn),Aqualogica,Nov'24,FY_24-25,0.2,0.3
Fsn Distribution Ltd_Tiruvallur,Direct,Nykaa SS(fsn),Mamaearth,Nov'24,FY_24-25,3.2,5.8
Fsn Distribution Ltd_Tiruvallur,Direct,Nykaa SS(fsn),The Derma Co,Nov'24,FY_24-25,0.3,0.4
Fsn Distribution Ltd_Village Gurhi,Direct,Nykaa SS(fsn),Aqualogica,Nov'24,FY_24-25,0.4,0.6
Fsn Distribution Ltd_Village Gurhi,Direct,Nykaa SS(fsn),BBLUNT,Nov'24,FY_24-25,0.1,0.2
Fsn Distribution Ltd_Village Gurhi,Direct,Nykaa SS(fsn),Mamaearth,Nov'24,FY_24-25,5.5,9.9
Fsn Distribution Ltd_Village Gurhi,Direct,Nykaa SS(fsn),The Derma Co,Nov'24,FY_24-25,1.9,3.1
Fsn Distribution Ltd_Village Sonale,Direct,Nykaa SS(fsn),Aqualogica,Nov'24,FY_24-25,0.3,0.5
Fsn Distribution Ltd_Village Sonale,Direct,Nykaa SS(fsn),BBLUNT,Nov'24,FY_24-25,0.3,0.5
Fsn Distribution Ltd_Village Sonale,Direct,Nykaa SS(fsn),Mamaearth,Nov'24,FY_24-25,7.2,13.1
Fsn Distribution Ltd_Village Sonale,Direct,Nykaa SS(fsn),The Derma Co,Nov'24,FY_24-25,1.6,2.6
Fsn Distribution Ltd_Yamjal Village,Direct,Nykaa SS(fsn),Aqualogica,Nov'24,FY_24-25,0.1,0.2
Fsn Distribution Ltd_Yamjal Village,Direct,Nykaa SS(fsn),Mamaearth,Nov'24,FY_24-25,5.4,9.7
Fsn Distribution Ltd_Yamjal Village,Direct,Nykaa SS(fsn),The Derma Co,Nov'24,FY_24-25,0.4,0.7
Mahaveer Medi-Sales Private Limited(A unit of AWPSPL),Direct,Ascent Wellness,Mamaearth,Nov'24,FY_24-25,2.5,4.2
