Chain,Month,Category,Account Sales Rs L,Honasa Sales Rs L,Common Category,Share %,Source,Level,Scope
Lulu,Jan 26,Baby Bath,10.0652,0.3158,Baby Care,3.1373,Compiled_Monthly_Files (Lulu),Category,Stores and categories where Honasa sells
Lulu,Jan 26,Baby Cream,5.4867,0.2299,Baby Care,4.1901,Compiled_Monthly_Files (Lulu),Category,Stores and categories where Honasa sells
Lulu,Jan 26,Baby Lotions,16.4459,0.4082,Baby Care,2.4821,Compiled_Monthly_Files (Lulu),Category,Stores and categories where Honasa sells
Lulu,Jan 26,Baby Oil,1.0588,0.0664,Baby Care,6.2756,Compiled_Monthly_Files (Lulu),Category,Stores and categories where Honasa sells
Lulu,Jan 26,Baby Powder,1.1613,0.0372,Baby Care,3.205,Compiled_Monthly_Files (Lulu),Category,Stores and categories where Honasa sells
Lulu,Jan 26,Baby Shampoos,7.6439,0.4267,Baby Care,5.5822,Compiled_Monthly_Files (Lulu),Category,Stores and categories where Honasa sells
Lulu,Jan 26,Baby Soap,10.797,0.3004,Baby Care,2.7819,Compiled_Monthly_Files (Lulu),Category,Stores and categories where Honasa sells
Lulu,Jan 26,Bath Soaps,446.8021,0.8713,Body Wash & Soap,0.195,Compiled_Monthly_Files (Lulu),Category,Stores and categories where Honasa sells
Lulu,Jan 26,Body Lotion,129.9303,10.1112,Body Lotion & Care,7.782,Compiled_Monthly_Files (Lulu),Category,Stores and categories where Honasa sells
Lulu,Jan 26,Conditioners,52.6137,1.7667,Conditioner,3.3578,Compiled_Monthly_Files (Lulu),Category,Stores and categories where Honasa sells
Lulu,Jan 26,Eye Care,0.4475,0.0089,Face Moisturiser & Cream,1.981,Compiled_Monthly_Files (Lulu),Category,Stores and categories where Honasa sells
Lulu,Jan 26,Face Mask,13.047,0.2579,Face Mask & Scrub,1.9766,Compiled_Monthly_Files (Lulu),Category,Stores and categories where Honasa sells
Lulu,Jan 26,Face Wash,122.5675,32.1252,Face Wash & Cleanser,26.2102,Compiled_Monthly_Files (Lulu),Category,Stores and categories where Honasa sells
Lulu,Jan 26,Facial Cleanser,13.9229,0.1538,Face Wash & Cleanser,1.1047,Compiled_Monthly_Files (Lulu),Category,Stores and categories where Honasa sells
Lulu,Jan 26,Facial Scrub,6.2753,0.8786,Face Mask & Scrub,14.0011,Compiled_Monthly_Files (Lulu),Category,Stores and categories where Honasa sells
Lulu,Jan 26,Fairness/Whtng.Cream,30.5305,1.3409,Face Moisturiser & Cream,4.3922,Compiled_Monthly_Files (Lulu),Category,Stores and categories where Honasa sells
Lulu,Jan 26,Hair Gel,1.365,0.1791,Hair Treatment & Styling,13.1191,Compiled_Monthly_Files (Lulu),Category,Stores and categories where Honasa sells
Lulu,Jan 26,Hair Oils,83.2066,1.0926,Hair Oil,1.3131,Compiled_Monthly_Files (Lulu),Category,Stores and categories where Honasa sells
Lulu,Jan 26,Hair Treatments&Mask,38.4115,0.6985,Hair Treatment & Styling,1.8183,Compiled_Monthly_Files (Lulu),Category,Stores and categories where Honasa sells
Lulu,Jan 26,Henna Colorants,1.4438,0.2336,Hair Treatment & Styling,16.1813,Compiled_Monthly_Files (Lulu),Category,Stores and categories where Honasa sells
Lulu,Jan 26,Lip Balms,20.1538,3.1397,Lip Care,15.5787,Compiled_Monthly_Files (Lulu),Category,Stores and categories where Honasa sells
Lulu,Jan 26,Moistur.Cream/Fluid,116.728,7.642,Face Moisturiser & Cream,6.5469,Compiled_Monthly_Files (Lulu),Category,Stores and categories where Honasa sells
Lulu,Jan 26,Other Baby care,10.9321,0.0913,Baby Care,0.8354,Compiled_Monthly_Files (Lulu),Category,Stores and categories where Honasa sells
Lulu,Jan 26,Other Facial Care,55.0778,6.4641,Face Moisturiser & Cream,11.7363,Compiled_Monthly_Files (Lulu),Category,Stores and categories where Honasa sells
Lulu,Jan 26,Other Skin Care,6.263,0.279,Face Moisturiser & Cream,4.4543,Compiled_Monthly_Files (Lulu),Category,Stores and categories where Honasa sells
Lulu,Jan 26,Shampoo,262.8874,15.2189,Shampoo,5.7891,Compiled_Monthly_Files (Lulu),Category,Stores and categories where Honasa sells
Lulu,Jan 26,Shower Gel&Body Wash,101.3945,2.6771,Body Wash & Soap,2.6403,Compiled_Monthly_Files (Lulu),Category,Stores and categories where Honasa sells
Lulu,Jan 26,Sun Care,64.6118,18.3565,Sun Care,28.4104,Compiled_Monthly_Files (Lulu),Category,Stores and categories where Honasa sells
Lulu,Jan 26,Tooth Paste,279.8588,0.5461,Oral Care,0.1951,Compiled_Monthly_Files (Lulu),Category,Stores and categories where Honasa sells
Lulu,Feb 26,Baby Bath,7.6188,0.3283,Baby Care,4.3088,Compiled_Monthly_Files (Lulu),Category,Stores and categories where Honasa sells
Lulu,Feb 26,Baby Cream,4.1569,0.1822,Baby Care,4.3826,Compiled_Monthly_Files (Lulu),Category,Stores and categories where Honasa sells
Lulu,Feb 26,Baby Lotions,13.205,0.2931,Baby Care,2.2193,Compiled_Monthly_Files (Lulu),Category,Stores and categories where Honasa sells
Lulu,Feb 26,Baby Oil,1.0039,0.0655,Baby Care,6.5284,Compiled_Monthly_Files (Lulu),Category,Stores and categories where Honasa sells
Lulu,Feb 26,Baby Powder,0.9417,0.0275,Baby Care,2.9228,Compiled_Monthly_Files (Lulu),Category,Stores and categories where Honasa sells
Lulu,Feb 26,Baby Shampoos,5.7752,0.3186,Baby Care,5.5175,Compiled_Monthly_Files (Lulu),Category,Stores and categories where Honasa sells
Lulu,Feb 26,Baby Soap,7.6371,0.2026,Baby Care,2.653,Compiled_Monthly_Files (Lulu),Category,Stores and categories where Honasa sells
Lulu,Feb 26,Bath Soaps,261.7324,1.093,Body Wash & Soap,0.4176,Compiled_Monthly_Files (Lulu),Category,Stores and categories where Honasa sells
Lulu,Feb 26,Body Lotion,74.2543,5.5361,Body Lotion & Care,7.4556,Compiled_Monthly_Files (Lulu),Category,Stores and categories where Honasa sells
Lulu,Feb 26,Conditioners,41.2415,1.4975,Conditioner,3.631,Compiled_Monthly_Files (Lulu),Category,Stores and categories where Honasa sells
Lulu,Feb 26,Eye Care,0.8243,0.0844,Face Moisturiser & Cream,10.2351,Compiled_Monthly_Files (Lulu),Category,Stores and categories where Honasa sells
Lulu,Feb 26,Face Mask,6.2341,0.174,Face Mask & Scrub,2.7912,Compiled_Monthly_Files (Lulu),Category,Stores and categories where Honasa sells
Lulu,Feb 26,Face Wash,88.0934,21.7811,Face Wash & Cleanser,24.725,Compiled_Monthly_Files (Lulu),Category,Stores and categories where Honasa sells
Lulu,Feb 26,Facial Cleanser,10.0499,0.0857,Face Wash & Cleanser,0.8523,Compiled_Monthly_Files (Lulu),Category,Stores and categories where Honasa sells
Lulu,Feb 26,Facial Scrub,5.4742,0.6714,Face Mask & Scrub,12.2646,Compiled_Monthly_Files (Lulu),Category,Stores and categories where Honasa sells
Lulu,Feb 26,Fairness/Whtng.Cream,22.667,0.7795,Face Moisturiser & Cream,3.439,Compiled_Monthly_Files (Lulu),Category,Stores and categories where Honasa sells
Lulu,Feb 26,Hair Gel,0.8304,0.0882,Hair Treatment & Styling,10.617,Compiled_Monthly_Files (Lulu),Category,Stores and categories where Honasa sells
Lulu,Feb 26,Hair Oils,55.2894,0.8844,Hair Oil,1.5996,Compiled_Monthly_Files (Lulu),Category,Stores and categories where Honasa sells
Lulu,Feb 26,Hair Treatments&Mask,26.201,0.6599,Hair Treatment & Styling,2.5185,Compiled_Monthly_Files (Lulu),Category,Stores and categories where Honasa sells
Lulu,Feb 26,Henna Colorants,1.2221,0.1791,Hair Treatment & Styling,14.6529,Compiled_Monthly_Files (Lulu),Category,Stores and categories where Honasa sells
Lulu,Feb 26,Lip Balms,12.8171,2.1807,Lip Care,17.0138,Compiled_Monthly_Files (Lulu),Category,Stores and categories where Honasa sells
Lulu,Feb 26,Moistur.Cream/Fluid,78.6307,5.136,Face Moisturiser & Cream,6.5317,Compiled_Monthly_Files (Lulu),Category,Stores and categories where Honasa sells
Lulu,Feb 26,Other Baby care,6.5296,0.0623,Baby Care,0.9537,Compiled_Monthly_Files (Lulu),Category,Stores and categories where Honasa sells
Lulu,Feb 26,Other Facial Care,39.4572,5.2289,Face Moisturiser & Cream,13.252,Compiled_Monthly_Files (Lulu),Category,Stores and categories where Honasa sells
Lulu,Feb 26,Other Skin Care,4.3193,0.1199,Face Moisturiser & Cream,2.7755,Compiled_Monthly_Files (Lulu),Category,Stores and categories where Honasa sells
Lulu,Feb 26,Shampoo,166.4163,9.1435,Shampoo,5.4943,Compiled_Monthly_Files (Lulu),Category,Stores and categories where Honasa sells
Lulu,Feb 26,Shower Gel&Body Wash,65.7848,1.5836,Body Wash & Soap,2.4073,Compiled_Monthly_Files (Lulu),Category,Stores and categories where Honasa sells
Lulu,Feb 26,Sun Care,50.4098,15.6383,Sun Care,31.0224,Compiled_Monthly_Files (Lulu),Category,Stores and categories where Honasa sells
Lulu,Feb 26,Tooth Paste,173.8133,0.5632,Oral Care,0.324,Compiled_Monthly_Files (Lulu),Category,Stores and categories where Honasa sells
Lulu,Mar 26,Baby Bath,8.9776,0.3185,Baby Care,3.5476,Compiled_Monthly_Files (Lulu),Category,Stores and categories where Honasa sells
Lulu,Mar 26,Baby Cream,4.4243,0.1933,Baby Care,4.3692,Compiled_Monthly_Files (Lulu),Category,Stores and categories where Honasa sells
Lulu,Mar 26,Baby Lotions,14.4051,0.1982,Baby Care,1.376,Compiled_Monthly_Files (Lulu),Category,Stores and categories where Honasa sells
Lulu,Mar 26,Baby Oil,1.1049,0.0452,Baby Care,4.0889,Compiled_Monthly_Files (Lulu),Category,Stores and categories where Honasa sells
Lulu,Mar 26,Baby Powder,1.1719,0.0237,Baby Care,2.0212,Compiled_Monthly_Files (Lulu),Category,Stores and categories where Honasa sells
Lulu,Mar 26,Baby Shampoos,6.4999,0.3809,Baby Care,5.8602,Compiled_Monthly_Files (Lulu),Category,Stores and categories where Honasa sells
Lulu,Mar 26,Baby Soap,9.885,0.2776,Baby Care,2.8082,Compiled_Monthly_Files (Lulu),Category,Stores and categories where Honasa sells
Lulu,Mar 26,Bath Soaps,313.0481,1.9059,Body Wash & Soap,0.6088,Compiled_Monthly_Files (Lulu),Category,Stores and categories where Honasa sells
Lulu,Mar 26,Body Lotion,76.7022,5.0744,Body Lotion & Care,6.6157,Compiled_Monthly_Files (Lulu),Category,Stores and categories where Honasa sells
Lulu,Mar 26,Conditioners,49.4668,1.4035,Conditioner,2.8372,Compiled_Monthly_Files (Lulu),Category,Stores and categories where Honasa sells
Lulu,Mar 26,Eye Care,1.1097,0.1424,Face Moisturiser & Cream,12.8295,Compiled_Monthly_Files (Lulu),Category,Stores and categories where Honasa sells
Lulu,Mar 26,Face Mask,12.4265,0.2484,Face Mask & Scrub,1.9993,Compiled_Monthly_Files (Lulu),Category,Stores and categories where Honasa sells
Lulu,Mar 26,Face Wash,100.5012,24.0586,Face Wash & Cleanser,23.9386,Compiled_Monthly_Files (Lulu),Category,Stores and categories where Honasa sells
Lulu,Mar 26,Facial Cleanser,11.2881,0.1031,Face Wash & Cleanser,0.9134,Compiled_Monthly_Files (Lulu),Category,Stores and categories where Honasa sells
Lulu,Mar 26,Facial Scrub,5.7536,0.5559,Face Mask & Scrub,9.6617,Compiled_Monthly_Files (Lulu),Category,Stores and categories where Honasa sells
Lulu,Mar 26,Fairness/Whtng.Cream,25.7945,0.7019,Face Moisturiser & Cream,2.721,Compiled_Monthly_Files (Lulu),Category,Stores and categories where Honasa sells
Lulu,Mar 26,Hair Gel,0.9064,0.1189,Hair Treatment & Styling,13.116,Compiled_Monthly_Files (Lulu),Category,Stores and categories where Honasa sells
Lulu,Mar 26,Hair Oils,55.924,0.8375,Hair Oil,1.4976,Compiled_Monthly_Files (Lulu),Category,Stores and categories where Honasa sells
Lulu,Mar 26,Hair Treatments&Mask,28.6525,0.6196,Hair Treatment & Styling,2.1624,Compiled_Monthly_Files (Lulu),Category,Stores and categories where Honasa sells
Lulu,Mar 26,Henna Colorants,1.9536,0.2002,Hair Treatment & Styling,10.2471,Compiled_Monthly_Files (Lulu),Category,Stores and categories where Honasa sells
Lulu,Mar 26,Lip Balms,13.7754,2.0753,Lip Care,15.0651,Compiled_Monthly_Files (Lulu),Category,Stores and categories where Honasa sells
Lulu,Mar 26,Moistur.Cream/Fluid,86.3066,5.3781,Face Moisturiser & Cream,6.2314,Compiled_Monthly_Files (Lulu),Category,Stores and categories where Honasa sells
Lulu,Mar 26,Other Baby care,10.0109,0.0736,Baby Care,0.7347,Compiled_Monthly_Files (Lulu),Category,Stores and categories where Honasa sells
Lulu,Mar 26,Other Facial Care,44.1331,5.2895,Face Moisturiser & Cream,11.9852,Compiled_Monthly_Files (Lulu),Category,Stores and categories where Honasa sells
Lulu,Mar 26,Other Skin Care,4.5965,0.1086,Face Moisturiser & Cream,2.3622,Compiled_Monthly_Files (Lulu),Category,Stores and categories where Honasa sells
Lulu,Mar 26,Shampoo,189.2499,8.7644,Shampoo,4.6311,Compiled_Monthly_Files (Lulu),Category,Stores and categories where Honasa sells
Lulu,Mar 26,Shower Gel&Body Wash,79.7884,2.2359,Body Wash & Soap,2.8023,Compiled_Monthly_Files (Lulu),Category,Stores and categories where Honasa sells
Lulu,Mar 26,Sun Care,64.1964,18.5986,Sun Care,28.9715,Compiled_Monthly_Files (Lulu),Category,Stores and categories where Honasa sells
Lulu,Mar 26,Tooth Paste,194.9135,0.6204,Oral Care,0.3183,Compiled_Monthly_Files (Lulu),Category,Stores and categories where Honasa sells
Lulu,Apr 26,Baby Bath,9.0546,0.3638,Baby Care,4.0176,Compiled_Monthly_Files (Lulu),Category,Stores and categories where Honasa sells
Lulu,Apr 26,Baby Cream,4.2777,0.1227,Baby Care,2.8681,Compiled_Monthly_Files (Lulu),Category,Stores and categories where Honasa sells
Lulu,Apr 26,Baby Lotions,12.8318,0.2028,Baby Care,1.5803,Compiled_Monthly_Files (Lulu),Category,Stores and categories where Honasa sells
Lulu,Apr 26,Baby Oil,0.8607,0.0478,Baby Care,5.5579,Compiled_Monthly_Files (Lulu),Category,Stores and categories where Honasa sells
Lulu,Apr 26,Baby Powder,0.9854,0.0164,Baby Care,1.6663,Compiled_Monthly_Files (Lulu),Category,Stores and categories where Honasa sells
Lulu,Apr 26,Baby Shampoos,6.5793,0.3465,Baby Care,5.266,Compiled_Monthly_Files (Lulu),Category,Stores and categories where Honasa sells
Lulu,Apr 26,Baby Soap,8.8554,0.2124,Baby Care,2.3984,Compiled_Monthly_Files (Lulu),Category,Stores and categories where Honasa sells
Lulu,Apr 26,Bath Soaps,319.6021,2.2402,Body Wash & Soap,0.7009,Compiled_Monthly_Files (Lulu),Category,Stores and categories where Honasa sells
Lulu,Apr 26,Body Lotion,73.7197,4.5341,Body Lotion & Care,6.1504,Compiled_Monthly_Files (Lulu),Category,Stores and categories where Honasa sells
Lulu,Apr 26,Conditioners,51.4491,1.1076,Conditioner,2.1529,Compiled_Monthly_Files (Lulu),Category,Stores and categories where Honasa sells
Lulu,Apr 26,Eye Care,4.285,0.3912,Face Moisturiser & Cream,9.13,Compiled_Monthly_Files (Lulu),Category,Stores and categories where Honasa sells
Lulu,Apr 26,Face Mask,13.3938,0.255,Face Mask & Scrub,1.9037,Compiled_Monthly_Files (Lulu),Category,Stores and categories where Honasa sells
Lulu,Apr 26,Face Wash,113.1108,29.9078,Face Wash & Cleanser,26.4412,Compiled_Monthly_Files (Lulu),Category,Stores and categories where Honasa sells
Lulu,Apr 26,Facial Cleanser,10.2055,0.1,Face Wash & Cleanser,0.9803,Compiled_Monthly_Files (Lulu),Category,Stores and categories where Honasa sells
Lulu,Apr 26,Facial Scrub,4.9893,0.5564,Face Mask & Scrub,11.1526,Compiled_Monthly_Files (Lulu),Category,Stores and categories where Honasa sells
Lulu,Apr 26,Fairness/Whtng.Cream,24.3244,0.7856,Face Moisturiser & Cream,3.2297,Compiled_Monthly_Files (Lulu),Category,Stores and categories where Honasa sells
Lulu,Apr 26,Hair Gel,0.8924,0.0877,Hair Treatment & Styling,9.8271,Compiled_Monthly_Files (Lulu),Category,Stores and categories where Honasa sells
Lulu,Apr 26,Hair Oils,57.1169,1.1153,Hair Oil,1.9527,Compiled_Monthly_Files (Lulu),Category,Stores and categories where Honasa sells
Lulu,Apr 26,Hair Treatments&Mask,31.5743,0.7689,Hair Treatment & Styling,2.4353,Compiled_Monthly_Files (Lulu),Category,Stores and categories where Honasa sells
Lulu,Apr 26,Henna Colorants,1.4238,0.2303,Hair Treatment & Styling,16.178,Compiled_Monthly_Files (Lulu),Category,Stores and categories where Honasa sells
Lulu,Apr 26,Lip Balms,18.0158,1.8786,Lip Care,10.4277,Compiled_Monthly_Files (Lulu),Category,Stores and categories where Honasa sells
Lulu,Apr 26,Moistur.Cream/Fluid,91.6397,7.1962,Face Moisturiser & Cream,7.8527,Compiled_Monthly_Files (Lulu),Category,Stores and categories where Honasa sells
Lulu,Apr 26,Other Baby care,10.725,0.1166,Baby Care,1.0869,Compiled_Monthly_Files (Lulu),Category,Stores and categories where Honasa sells
Lulu,Apr 26,Other Facial Care,50.5534,6.9745,Face Moisturiser & Cream,13.7962,Compiled_Monthly_Files (Lulu),Category,Stores and categories where Honasa sells
Lulu,Apr 26,Other Skin Care,5.832,0.1971,Face Moisturiser & Cream,3.3802,Compiled_Monthly_Files (Lulu),Category,Stores and categories where Honasa sells
Lulu,Apr 26,Shampoo,199.5119,8.9734,Shampoo,4.4977,Compiled_Monthly_Files (Lulu),Category,Stores and categories where Honasa sells
Lulu,Apr 26,Shower Gel&Body Wash,87.4646,1.9761,Body Wash & Soap,2.2593,Compiled_Monthly_Files (Lulu),Category,Stores and categories where Honasa sells
Lulu,Apr 26,Sun Care,83.6024,28.2869,Sun Care,33.8351,Compiled_Monthly_Files (Lulu),Category,Stores and categories where Honasa sells
Lulu,Apr 26,Tooth Paste,115.1641,0.4109,Oral Care,0.3568,Compiled_Monthly_Files (Lulu),Category,Stores and categories where Honasa sells
Lulu,May 26,Baby Bath,10.8051,0.4569,Baby Care,4.2282,Compiled_Monthly_Files (Lulu),Category,Stores and categories where Honasa sells
Lulu,May 26,Baby Cream,5.8117,0.2139,Baby Care,3.6811,Compiled_Monthly_Files (Lulu),Category,Stores and categories where Honasa sells
Lulu,May 26,Baby Lotions,18.8159,0.2844,Baby Care,1.5116,Compiled_Monthly_Files (Lulu),Category,Stores and categories where Honasa sells
Lulu,May 26,Baby Oil,1.029,0.0448,Baby Care,4.3492,Compiled_Monthly_Files (Lulu),Category,Stores and categories where Honasa sells
Lulu,May 26,Baby Powder,0.8263,0.0168,Baby Care,2.0384,Compiled_Monthly_Files (Lulu),Category,Stores and categories where Honasa sells
Lulu,May 26,Baby Shampoos,8.7956,0.4294,Baby Care,4.8825,Compiled_Monthly_Files (Lulu),Category,Stores and categories where Honasa sells
Lulu,May 26,Baby Soap,10.7861,0.2772,Baby Care,2.5701,Compiled_Monthly_Files (Lulu),Category,Stores and categories where Honasa sells
Lulu,May 26,Bath Soaps,383.6984,2.6262,Body Wash & Soap,0.6844,Compiled_Monthly_Files (Lulu),Category,Stores and categories where Honasa sells
Lulu,May 26,Body Lotion,82.5845,4.4185,Body Lotion & Care,5.3503,Compiled_Monthly_Files (Lulu),Category,Stores and categories where Honasa sells
Lulu,May 26,Conditioners,57.0545,2.0817,Conditioner,3.6486,Compiled_Monthly_Files (Lulu),Category,Stores and categories where Honasa sells
Lulu,May 26,Eye Care,4.1469,0.5188,Face Moisturiser & Cream,12.5102,Compiled_Monthly_Files (Lulu),Category,Stores and categories where Honasa sells
Lulu,May 26,Face Mask,18.7586,0.746,Face Mask & Scrub,3.9766,Compiled_Monthly_Files (Lulu),Category,Stores and categories where Honasa sells
Lulu,May 26,Face Wash,133.9725,36.6347,Face Wash & Cleanser,27.3449,Compiled_Monthly_Files (Lulu),Category,Stores and categories where Honasa sells
Lulu,May 26,Facial Cleanser,12.6345,0.1206,Face Wash & Cleanser,0.9546,Compiled_Monthly_Files (Lulu),Category,Stores and categories where Honasa sells
Lulu,May 26,Facial Scrub,5.7777,0.6656,Face Mask & Scrub,11.5209,Compiled_Monthly_Files (Lulu),Category,Stores and categories where Honasa sells
Lulu,May 26,Fairness/Whtng.Cream,28.6518,0.9876,Face Moisturiser & Cream,3.4468,Compiled_Monthly_Files (Lulu),Category,Stores and categories where Honasa sells
Lulu,May 26,Female & Unisex Deo,25.0628,0.1715,Deodorant,0.6844,Compiled_Monthly_Files (Lulu),Category,Stores and categories where Honasa sells
Lulu,May 26,Hair Gel,1.5861,0.1253,Hair Treatment & Styling,7.9009,Compiled_Monthly_Files (Lulu),Category,Stores and categories where Honasa sells
Lulu,May 26,Hair Oils,67.9328,1.0914,Hair Oil,1.6066,Compiled_Monthly_Files (Lulu),Category,Stores and categories where Honasa sells
Lulu,May 26,Hair Treatments&Mask,35.4916,0.7079,Hair Treatment & Styling,1.9947,Compiled_Monthly_Files (Lulu),Category,Stores and categories where Honasa sells
Lulu,May 26,Henna Colorants,2.1723,0.2739,Hair Treatment & Styling,12.6066,Compiled_Monthly_Files (Lulu),Category,Stores and categories where Honasa sells
Lulu,May 26,Lip Balms,23.2148,2.1665,Lip Care,9.3323,Compiled_Monthly_Files (Lulu),Category,Stores and categories where Honasa sells
Lulu,May 26,Moistur.Cream/Fluid,100.7021,7.5216,Face Moisturiser & Cream,7.4692,Compiled_Monthly_Files (Lulu),Category,Stores and categories where Honasa sells
Lulu,May 26,Other Baby care,9.0313,0.1347,Baby Care,1.4917,Compiled_Monthly_Files (Lulu),Category,Stores and categories where Honasa sells
Lulu,May 26,Other Facial Care,63.0701,7.6063,Face Moisturiser & Cream,12.06,Compiled_Monthly_Files (Lulu),Category,Stores and categories where Honasa sells
Lulu,May 26,Other Skin Care,6.4865,0.1865,Face Moisturiser & Cream,2.8752,Compiled_Monthly_Files (Lulu),Category,Stores and categories where Honasa sells
Lulu,May 26,Shampoo,233.7385,12.7872,Shampoo,5.4707,Compiled_Monthly_Files (Lulu),Category,Stores and categories where Honasa sells
Lulu,May 26,Shower Gel&Body Wash,110.8107,2.0451,Body Wash & Soap,1.8456,Compiled_Monthly_Files (Lulu),Category,Stores and categories where Honasa sells
Lulu,May 26,Sun Care,83.4182,27.9961,Sun Care,33.5612,Compiled_Monthly_Files (Lulu),Category,Stores and categories where Honasa sells
Lulu,May 26,Tooth Paste,258.9351,0.7328,Oral Care,0.283,Compiled_Monthly_Files (Lulu),Category,Stores and categories where Honasa sells
Lulu,Jun 26,Baby Bath,10.2368,0.3174,Baby Care,3.1008,Compiled_Monthly_Files (Lulu),Category,Stores and categories where Honasa sells
Lulu,Jun 26,Baby Cream,2.5541,0.0884,Baby Care,3.4601,Compiled_Monthly_Files (Lulu),Category,Stores and categories where Honasa sells
Lulu,Jun 26,Baby Lotions,13.3202,0.2432,Baby Care,1.8257,Compiled_Monthly_Files (Lulu),Category,Stores and categories where Honasa sells
Lulu,Jun 26,Baby Oil,0.9437,0.0612,Baby Care,6.4879,Compiled_Monthly_Files (Lulu),Category,Stores and categories where Honasa sells
Lulu,Jun 26,Baby Powder,1.3974,0.0289,Baby Care,2.0655,Compiled_Monthly_Files (Lulu),Category,Stores and categories where Honasa sells
Lulu,Jun 26,Baby Shampoos,7.055,0.325,Baby Care,4.6071,Compiled_Monthly_Files (Lulu),Category,Stores and categories where Honasa sells
Lulu,Jun 26,Baby Soap,11.9319,0.2636,Baby Care,2.2091,Compiled_Monthly_Files (Lulu),Category,Stores and categories where Honasa sells
Lulu,Jun 26,Bath Soaps,336.7808,2.6631,Body Wash & Soap,0.7907,Compiled_Monthly_Files (Lulu),Category,Stores and categories where Honasa sells
Lulu,Jun 26,Body Lotion,67.6723,4.6455,Body Lotion & Care,6.8647,Compiled_Monthly_Files (Lulu),Category,Stores and categories where Honasa sells
Lulu,Jun 26,Conditioners,51.6052,2.2706,Conditioner,4.3999,Compiled_Monthly_Files (Lulu),Category,Stores and categories where Honasa sells
Lulu,Jun 26,Eye Care,5.107,1.0418,Face Moisturiser & Cream,20.4001,Compiled_Monthly_Files (Lulu),Category,Stores and categories where Honasa sells
Lulu,Jun 26,Face Mask,15.8107,1.1069,Face Mask & Scrub,7.0012,Compiled_Monthly_Files (Lulu),Category,Stores and categories where Honasa sells
Lulu,Jun 26,Face Wash,116.4222,33.5673,Face Wash & Cleanser,28.8324,Compiled_Monthly_Files (Lulu),Category,Stores and categories where Honasa sells
Lulu,Jun 26,Facial Cleanser,6.436,0.0652,Face Wash & Cleanser,1.0123,Compiled_Monthly_Files (Lulu),Category,Stores and categories where Honasa sells
Lulu,Jun 26,Facial Scrub,5.2541,0.7137,Face Mask & Scrub,13.5843,Compiled_Monthly_Files (Lulu),Category,Stores and categories where Honasa sells
Lulu,Jun 26,Fairness/Whtng.Cream,24.414,0.8835,Face Moisturiser & Cream,3.619,Compiled_Monthly_Files (Lulu),Category,Stores and categories where Honasa sells
Lulu,Jun 26,Female & Unisex Deo,25.776,0.6757,Deodorant,2.6216,Compiled_Monthly_Files (Lulu),Category,Stores and categories where Honasa sells
Lulu,Jun 26,Hair Gel,1.6365,0.1052,Hair Treatment & Styling,6.4295,Compiled_Monthly_Files (Lulu),Category,Stores and categories where Honasa sells
Lulu,Jun 26,Hair Oils,61.0858,1.0077,Hair Oil,1.6496,Compiled_Monthly_Files (Lulu),Category,Stores and categories where Honasa sells
Lulu,Jun 26,Hair Treatments&Mask,24.6663,0.544,Hair Treatment & Styling,2.2054,Compiled_Monthly_Files (Lulu),Category,Stores and categories where Honasa sells
Lulu,Jun 26,Henna Colorants,1.0739,0.1812,Hair Treatment & Styling,16.874,Compiled_Monthly_Files (Lulu),Category,Stores and categories where Honasa sells
Lulu,Jun 26,Lip Balms,16.9279,1.8018,Lip Care,10.6442,Compiled_Monthly_Files (Lulu),Category,Stores and categories where Honasa sells
Lulu,Jun 26,Moistur.Cream/Fluid,84.4068,7.1619,Face Moisturiser & Cream,8.485,Compiled_Monthly_Files (Lulu),Category,Stores and categories where Honasa sells
Lulu,Jun 26,Other Baby care,8.0518,0.1067,Baby Care,1.3255,Compiled_Monthly_Files (Lulu),Category,Stores and categories where Honasa sells
Lulu,Jun 26,Other Facial Care,55.1768,8.0767,Face Moisturiser & Cream,14.6379,Compiled_Monthly_Files (Lulu),Category,Stores and categories where Honasa sells
Lulu,Jun 26,Other Skin Care,5.7434,0.2088,Face Moisturiser & Cream,3.6354,Compiled_Monthly_Files (Lulu),Category,Stores and categories where Honasa sells
Lulu,Jun 26,Shampoo,218.0423,16.3125,Shampoo,7.4813,Compiled_Monthly_Files (Lulu),Category,Stores and categories where Honasa sells
Lulu,Jun 26,Shower Gel&Body Wash,99.1569,3.0383,Body Wash & Soap,3.0642,Compiled_Monthly_Files (Lulu),Category,Stores and categories where Honasa sells
Lulu,Jun 26,Sun Care,59.8946,23.2311,Sun Care,38.7866,Compiled_Monthly_Files (Lulu),Category,Stores and categories where Honasa sells
Lulu,Jun 26,Tooth Paste,230.7744,0.5436,Oral Care,0.2356,Compiled_Monthly_Files (Lulu),Category,Stores and categories where Honasa sells
Lulu,Jul 26,Baby Bath,10.7285,0.3489,Baby Care,3.2518,Compiled_Monthly_Files (Lulu),Category,Stores and categories where Honasa sells
Lulu,Jul 26,Baby Cream,2.5239,0.078,Baby Care,3.0891,Compiled_Monthly_Files (Lulu),Category,Stores and categories where Honasa sells
Lulu,Jul 26,Baby Lotions,20.7863,0.2769,Baby Care,1.332,Compiled_Monthly_Files (Lulu),Category,Stores and categories where Honasa sells
Lulu,Jul 26,Baby Oil,0.6675,0.0479,Baby Care,7.1693,Compiled_Monthly_Files (Lulu),Category,Stores and categories where Honasa sells
Lulu,Jul 26,Baby Powder,1.3988,0.0227,Baby Care,1.62,Compiled_Monthly_Files (Lulu),Category,Stores and categories where Honasa sells
Lulu,Jul 26,Baby Shampoos,9.0869,0.4212,Baby Care,4.6349,Compiled_Monthly_Files (Lulu),Category,Stores and categories where Honasa sells
Lulu,Jul 26,Baby Soap,17.4762,0.3157,Baby Care,1.8062,Compiled_Monthly_Files (Lulu),Category,Stores and categories where Honasa sells
Lulu,Jul 26,Bath Soaps,550.2728,2.658,Body Wash & Soap,0.483,Compiled_Monthly_Files (Lulu),Category,Stores and categories where Honasa sells
Lulu,Jul 26,Body Lotion,105.8029,7.7365,Body Lotion & Care,7.3122,Compiled_Monthly_Files (Lulu),Category,Stores and categories where Honasa sells
Lulu,Jul 26,Conditioners,52.819,2.3978,Conditioner,4.5396,Compiled_Monthly_Files (Lulu),Category,Stores and categories where Honasa sells
Lulu,Jul 26,Eye Care,7.3235,0.4103,Face Moisturiser & Cream,5.6022,Compiled_Monthly_Files (Lulu),Category,Stores and categories where Honasa sells
Lulu,Jul 26,Face Mask,16.7739,1.3472,Face Mask & Scrub,8.0317,Compiled_Monthly_Files (Lulu),Category,Stores and categories where Honasa sells
Lulu,Jul 26,Face Wash,147.7485,45.9645,Face Wash & Cleanser,31.11,Compiled_Monthly_Files (Lulu),Category,Stores and categories where Honasa sells
Lulu,Jul 26,Facial Cleanser,6.8483,0.049,Face Wash & Cleanser,0.7149,Compiled_Monthly_Files (Lulu),Category,Stores and categories where Honasa sells
Lulu,Jul 26,Facial Scrub,5.0677,0.5342,Face Mask & Scrub,10.5405,Compiled_Monthly_Files (Lulu),Category,Stores and categories where Honasa sells
Lulu,Jul 26,Fairness/Whtng.Cream,26.7162,0.6363,Face Moisturiser & Cream,2.3819,Compiled_Monthly_Files (Lulu),Category,Stores and categories where Honasa sells
Lulu,Jul 26,Female & Unisex Deo,40.7536,0.9159,Deodorant,2.2474,Compiled_Monthly_Files (Lulu),Category,Stores and categories where Honasa sells
Lulu,Jul 26,Hair Gel,1.1039,0.0943,Hair Treatment & Styling,8.544,Compiled_Monthly_Files (Lulu),Category,Stores and categories where Honasa sells
Lulu,Jul 26,Hair Oils,73.6861,1.0417,Hair Oil,1.4137,Compiled_Monthly_Files (Lulu),Category,Stores and categories where Honasa sells
Lulu,Jul 26,Hair Treatments&Mask,31.3969,0.7076,Hair Treatment & Styling,2.2538,Compiled_Monthly_Files (Lulu),Category,Stores and categories where Honasa sells
Lulu,Jul 26,Henna Colorants,1.5223,0.2326,Hair Treatment & Styling,15.2817,Compiled_Monthly_Files (Lulu),Category,Stores and categories where Honasa sells
Lulu,Jul 26,Lip Balms,19.1033,1.6849,Lip Care,8.8199,Compiled_Monthly_Files (Lulu),Category,Stores and categories where Honasa sells
Lulu,Jul 26,Moistur.Cream/Fluid,116.9432,8.1929,Face Moisturiser & Cream,7.0059,Compiled_Monthly_Files (Lulu),Category,Stores and categories where Honasa sells
Lulu,Jul 26,Other Baby care,7.525,0.1095,Baby Care,1.4551,Compiled_Monthly_Files (Lulu),Category,Stores and categories where Honasa sells
Lulu,Jul 26,Other Facial Care,72.4304,10.3332,Face Moisturiser & Cream,14.2664,Compiled_Monthly_Files (Lulu),Category,Stores and categories where Honasa sells
Lulu,Jul 26,Other Skin Care,5.8752,0.1817,Face Moisturiser & Cream,3.0924,Compiled_Monthly_Files (Lulu),Category,Stores and categories where Honasa sells
Lulu,Jul 26,Shampoo,287.2906,25.6454,Shampoo,8.9266,Compiled_Monthly_Files (Lulu),Category,Stores and categories where Honasa sells
Lulu,Jul 26,Shower Gel&Body Wash,167.0573,3.5616,Body Wash & Soap,2.132,Compiled_Monthly_Files (Lulu),Category,Stores and categories where Honasa sells
Lulu,Jul 26,Sun Care,69.9099,29.3177,Sun Care,41.9363,Compiled_Monthly_Files (Lulu),Category,Stores and categories where Honasa sells
Lulu,Jul 26,Tooth Paste,257.1961,0.5687,Oral Care,0.2211,Compiled_Monthly_Files (Lulu),Category,Stores and categories where Honasa sells
Lulu,Aug 26,Baby Bath,10.3786,0.468,Baby Care,4.5088,Compiled_Monthly_Files (Lulu),Category,Stores and categories where Honasa sells
Lulu,Aug 26,Baby Cream,2.6899,0.0944,Baby Care,3.5104,Compiled_Monthly_Files (Lulu),Category,Stores and categories where Honasa sells
Lulu,Aug 26,Baby Lotions,16.5471,0.2604,Baby Care,1.5734,Compiled_Monthly_Files (Lulu),Category,Stores and categories where Honasa sells
Lulu,Aug 26,Baby Oil,1.0438,0.09,Baby Care,8.624,Compiled_Monthly_Files (Lulu),Category,Stores and categories where Honasa sells
Lulu,Aug 26,Baby Powder,1.3795,0.0326,Baby Care,2.3614,Compiled_Monthly_Files (Lulu),Category,Stores and categories where Honasa sells
Lulu,Aug 26,Baby Shampoos,7.0554,0.363,Baby Care,5.1452,Compiled_Monthly_Files (Lulu),Category,Stores and categories where Honasa sells
Lulu,Aug 26,Baby Soap,14.9784,0.2895,Baby Care,1.9326,Compiled_Monthly_Files (Lulu),Category,Stores and categories where Honasa sells
Lulu,Aug 26,Bath Soaps,374.5231,2.438,Body Wash & Soap,0.651,Compiled_Monthly_Files (Lulu),Category,Stores and categories where Honasa sells
Lulu,Aug 26,Body Lotion,82.1894,7.775,Body Lotion & Care,9.4599,Compiled_Monthly_Files (Lulu),Category,Stores and categories where Honasa sells
Lulu,Aug 26,Conditioners,46.2953,1.9954,Conditioner,4.3103,Compiled_Monthly_Files (Lulu),Category,Stores and categories where Honasa sells
Lulu,Aug 26,Eye Care,7.1993,0.432,Face Moisturiser & Cream,6.0011,Compiled_Monthly_Files (Lulu),Category,Stores and categories where Honasa sells
Lulu,Aug 26,Face Mask,17.3587,1.2654,Face Mask & Scrub,7.2896,Compiled_Monthly_Files (Lulu),Category,Stores and categories where Honasa sells
Lulu,Aug 26,Face Wash,127.0154,34.5266,Face Wash & Cleanser,27.183,Compiled_Monthly_Files (Lulu),Category,Stores and categories where Honasa sells
Lulu,Aug 26,Facial Cleanser,5.8576,0.0389,Face Wash & Cleanser,0.6642,Compiled_Monthly_Files (Lulu),Category,Stores and categories where Honasa sells
Lulu,Aug 26,Facial Scrub,2.905,0.3621,Face Mask & Scrub,12.4657,Compiled_Monthly_Files (Lulu),Category,Stores and categories where Honasa sells
Lulu,Aug 26,Fairness/Whtng.Cream,28.1326,0.7959,Face Moisturiser & Cream,2.8293,Compiled_Monthly_Files (Lulu),Category,Stores and categories where Honasa sells
Lulu,Aug 26,Female & Unisex Deo,32.9131,0.6667,Deodorant,2.0255,Compiled_Monthly_Files (Lulu),Category,Stores and categories where Honasa sells
Lulu,Aug 26,Hair Gel,1.5439,0.1202,Hair Treatment & Styling,7.7857,Compiled_Monthly_Files (Lulu),Category,Stores and categories where Honasa sells
Lulu,Aug 26,Hair Oils,62.8777,1.2491,Hair Oil,1.9866,Compiled_Monthly_Files (Lulu),Category,Stores and categories where Honasa sells
Lulu,Aug 26,Hair Treatments&Mask,38.3408,0.7466,Hair Treatment & Styling,1.9474,Compiled_Monthly_Files (Lulu),Category,Stores and categories where Honasa sells
Lulu,Aug 26,Henna Colorants,1.2445,0.1245,Hair Treatment & Styling,10.0036,Compiled_Monthly_Files (Lulu),Category,Stores and categories where Honasa sells
Lulu,Aug 26,Lip Balms,17.934,1.6013,Lip Care,8.9289,Compiled_Monthly_Files (Lulu),Category,Stores and categories where Honasa sells
Lulu,Aug 26,Moistur.Cream/Fluid,98.9225,7.1819,Face Moisturiser & Cream,7.2601,Compiled_Monthly_Files (Lulu),Category,Stores and categories where Honasa sells
Lulu,Aug 26,Other Baby care,6.3074,0.1241,Baby Care,1.9682,Compiled_Monthly_Files (Lulu),Category,Stores and categories where Honasa sells
Lulu,Aug 26,Other Facial Care,62.7943,8.5641,Face Moisturiser & Cream,13.6383,Compiled_Monthly_Files (Lulu),Category,Stores and categories where Honasa sells
Lulu,Aug 26,Other Skin Care,5.1109,0.1042,Face Moisturiser & Cream,2.0383,Compiled_Monthly_Files (Lulu),Category,Stores and categories where Honasa sells
Lulu,Aug 26,Shampoo,232.5909,19.5918,Shampoo,8.4233,Compiled_Monthly_Files (Lulu),Category,Stores and categories where Honasa sells
Lulu,Aug 26,Shower Gel&Body Wash,118.5155,2.9802,Body Wash & Soap,2.5146,Compiled_Monthly_Files (Lulu),Category,Stores and categories where Honasa sells
Lulu,Aug 26,Sun Care,59.4804,20.3323,Sun Care,34.1831,Compiled_Monthly_Files (Lulu),Category,Stores and categories where Honasa sells
Lulu,Aug 26,Tooth Paste,201.704,0.6942,Oral Care,0.3442,Compiled_Monthly_Files (Lulu),Category,Stores and categories where Honasa sells
More Retail,Mar 25,Baby / Baby Hygiene,179.4929,8.6842,Baby Care,4.8382,More_MS (class level),Category,Sub-categories where Honasa sells (to May 26)
More Retail,Mar 25,Baby / Baby Hygiene / Baby Hair Oil,5.2609,0.7378,Baby Care,14.0234,More_MS (sub-class level),Sub-Class,Sub-categories where Honasa sells (to May 26)
More Retail,Mar 25,Baby / Baby Hygiene / Baby Massage Oil,10.4167,0.1039,Baby Care,0.9971,More_MS (sub-class level),Sub-Class,Sub-categories where Honasa sells (to May 26)
More Retail,Mar 25,Baby / Baby Hygiene / Baby Moisturizer,60.9967,2.4735,Baby Care,4.0552,More_MS (sub-class level),Sub-Class,Sub-categories where Honasa sells (to May 26)
More Retail,Mar 25,Baby / Baby Hygiene / Baby Powder,21.3147,0.4227,Baby Care,1.9832,More_MS (sub-class level),Sub-Class,Sub-categories where Honasa sells (to May 26)
More Retail,Mar 25,Baby / Baby Hygiene / Baby Shampoo,30.0085,2.0192,Baby Care,6.7287,More_MS (sub-class level),Sub-Class,Sub-categories where Honasa sells (to May 26)
More Retail,Mar 25,Baby / Baby Hygiene / Baby Soap,30.2228,2.4293,Baby Care,8.0378,More_MS (sub-class level),Sub-Class,Sub-categories where Honasa sells (to May 26)
More Retail,Mar 25,Baby / Baby Hygiene / Baby Toothbrush,0.0,0.0,Baby Care,,More_MS (sub-class level),Sub-Class,Sub-categories where Honasa sells (to May 26)
More Retail,Mar 25,Baby / Baby Hygiene / Baby Wash,20.5896,0.3556,Baby Care,1.7272,More_MS (sub-class level),Sub-Class,Sub-categories where Honasa sells (to May 26)
More Retail,Mar 25,Baby / Baby Hygiene / Others,0.683,0.1423,Baby Care,20.8354,More_MS (sub-class level),Sub-Class,Sub-categories where Honasa sells (to May 26)
More Retail,Mar 25,Hair Care / Conditioner,70.5833,0.4481,Conditioner,0.6348,More_MS (class level),Category,Sub-categories where Honasa sells (to May 26)
More Retail,Mar 25,Hair Care / Conditioner / Rinsing Off,70.5833,0.4481,Conditioner,0.6348,More_MS (sub-class level),Sub-Class,Sub-categories where Honasa sells (to May 26)
More Retail,Mar 25,Hair Care / Hair Oil,12.0611,0.6141,Hair Oil,5.0917,More_MS (class level),Category,Sub-categories where Honasa sells (to May 26)
More Retail,Mar 25,Hair Care / Hair Oil / Others,12.0611,0.6141,Hair Oil,5.0917,More_MS (sub-class level),Sub-Class,Sub-categories where Honasa sells (to May 26)
More Retail,Mar 25,Hair Care / Shampoo,88.2112,7.6377,Shampoo,8.6584,More_MS (class level),Category,Sub-categories where Honasa sells (to May 26)
More Retail,Mar 25,Hair Care / Shampoo / Functional Shampoo,0.0,0.0,Shampoo,,More_MS (sub-class level),Sub-Class,Sub-categories where Honasa sells (to May 26)
More Retail,Mar 25,Hair Care / Shampoo / Herbal Shampoo,88.2112,7.6377,Shampoo,8.6584,More_MS (sub-class level),Sub-Class,Sub-categories where Honasa sells (to May 26)
More Retail,Mar 25,Hair Care / Shampoo / Premium Beauty,0.0,0.0,Shampoo,,More_MS (sub-class level),Sub-Class,Sub-categories where Honasa sells (to May 26)
More Retail,Mar 25,Hair Care / Shampoo / Regular Shampoo,0.0,0.0,Shampoo,,More_MS (sub-class level),Sub-Class,Sub-categories where Honasa sells (to May 26)
More Retail,Mar 25,Hair Care / Treatment & Styling,40.0741,0.003,Hair Treatment & Styling,0.0075,More_MS (class level),Category,Sub-categories where Honasa sells (to May 26)
More Retail,Mar 25,Hair Care / Treatment & Styling / Mousse Serum & Cream,40.0741,0.003,Face Serum & Treatment,0.0075,More_MS (sub-class level),Sub-Class,Sub-categories where Honasa sells (to May 26)
More Retail,Mar 25,Insecticide / Repellant / Fly Insecticide / Repellant,44.9077,0.6339,Other,1.4115,More_MS (class level),Category,Sub-categories where Honasa sells (to May 26)
More Retail,Mar 25,Insecticide / Repellant / Fly Insecticide / Repellant / Spray FIK,44.9077,0.6339,Hair Treatment & Styling,1.4115,More_MS (sub-class level),Sub-Class,Sub-categories where Honasa sells (to May 26)
More Retail,Mar 25,Insecticide / Repellant / Multi-function Insecticide / Repellant,0.0,0.0,Other,,More_MS (class level),Category,Sub-categories where Honasa sells (to May 26)
More Retail,Mar 25,Insecticide / Repellant / Multi-function Insecticide / Repellant / Others,0.0,0.0,Other,,More_MS (sub-class level),Sub-Class,Sub-categories where Honasa sells (to May 26)
More Retail,Mar 25,OTC / Pain & Relief,9.7086,0.2258,Other,2.3261,More_MS (class level),Category,Sub-categories where Honasa sells (to May 26)
More Retail,Mar 25,OTC / Pain & Relief / Cough and Cold,9.7086,0.2258,Other,2.3261,More_MS (sub-class level),Sub-Class,Sub-categories where Honasa sells (to May 26)
More Retail,Mar 25,Oral Care / Tooth Paste,16.7394,2.2381,Oral Care,13.3702,More_MS (class level),Category,Sub-categories where Honasa sells (to May 26)
More Retail,Mar 25,Oral Care / Tooth Paste / Kids Toothpaste,16.7394,2.2381,Oral Care,13.3702,More_MS (sub-class level),Sub-Class,Sub-categories where Honasa sells (to May 26)
More Retail,Mar 25,Personal Wash / Soap,467.0682,1.5987,Body Wash & Soap,0.3423,More_MS (class level),Category,Sub-categories where Honasa sells (to May 26)
More Retail,Mar 25,Personal Wash / Soap / Premium Soap,467.0682,1.5987,Body Wash & Soap,0.3423,More_MS (sub-class level),Sub-Class,Sub-categories where Honasa sells (to May 26)
More Retail,Mar 25,Skin Care / Body Care,193.7938,1.4845,Body Lotion & Care,0.766,More_MS (class level),Category,Sub-categories where Honasa sells (to May 26)
More Retail,Mar 25,Skin Care / Body Care / Cream & Lotion Body,193.7938,1.4845,Body Lotion & Care,0.766,More_MS (sub-class level),Sub-Class,Sub-categories where Honasa sells (to May 26)
More Retail,Mar 25,Skin Care / Body Care / Others,0.0,0.0,Body Lotion & Care,,More_MS (sub-class level),Sub-Class,Sub-categories where Honasa sells (to May 26)
More Retail,Mar 25,Skin Care / Face Care,153.8699,2.4681,Face Moisturiser & Cream,1.604,More_MS (class level),Category,Sub-categories where Honasa sells (to May 26)
More Retail,Mar 25,Skin Care / Face Care / Cream & Lotion Body,60.9759,0.006,Face Moisturiser & Cream,0.0098,More_MS (sub-class level),Sub-Class,Sub-categories where Honasa sells (to May 26)
More Retail,Mar 25,Skin Care / Face Care / Fairness,0.0,0.0,Face Moisturiser & Cream,,More_MS (sub-class level),Sub-Class,Sub-categories where Honasa sells (to May 26)
More Retail,Mar 25,Skin Care / Face Care / Moisturising,27.5471,0.6383,Face Moisturiser & Cream,2.3171,More_MS (sub-class level),Sub-Class,Sub-categories where Honasa sells (to May 26)
More Retail,Mar 25,Skin Care / Face Care / Others,24.012,0.0238,Face Moisturiser & Cream,0.0992,More_MS (sub-class level),Sub-Class,Sub-categories where Honasa sells (to May 26)
More Retail,Mar 25,Skin Care / Face Care / Sunscreen,41.3349,1.8,Sun Care,4.3547,More_MS (sub-class level),Sub-Class,Sub-categories where Honasa sells (to May 26)
More Retail,Mar 25,Skin Care / Facial Cleanser,158.0345,9.124,Face Wash & Cleanser,5.7734,More_MS (class level),Category,Sub-categories where Honasa sells (to May 26)
More Retail,Mar 25,Skin Care / Facial Cleanser / Facewashes,149.0479,9.1225,Face Wash & Cleanser,6.1205,More_MS (sub-class level),Sub-Class,Sub-categories where Honasa sells (to May 26)
More Retail,Mar 25,Skin Care / Facial Cleanser / Mask/ pack,8.9866,0.0015,Face Wash & Cleanser,0.0166,More_MS (sub-class level),Sub-Class,Sub-categories where Honasa sells (to May 26)
More Retail,Aug 25,Baby / Baby Hygiene,201.4343,8.3991,Baby Care,4.1696,More_MS (class level),Category,Sub-categories where Honasa sells (to May 26)
More Retail,Aug 25,Baby / Baby Hygiene / Baby Hair Oil,4.2693,0.642,Baby Care,15.0365,More_MS (sub-class level),Sub-Class,Sub-categories where Honasa sells (to May 26)
More Retail,Aug 25,Baby / Baby Hygiene / Baby Massage Oil,7.6086,0.0403,Baby Care,0.5293,More_MS (sub-class level),Sub-Class,Sub-categories where Honasa sells (to May 26)
More Retail,Aug 25,Baby / Baby Hygiene / Baby Moisturizer,51.4678,1.5176,Baby Care,2.9486,More_MS (sub-class level),Sub-Class,Sub-categories where Honasa sells (to May 26)
More Retail,Aug 25,Baby / Baby Hygiene / Baby Powder,33.0764,0.5559,Baby Care,1.6806,More_MS (sub-class level),Sub-Class,Sub-categories where Honasa sells (to May 26)
More Retail,Aug 25,Baby / Baby Hygiene / Baby Shampoo,46.3296,1.8016,Baby Care,3.8887,More_MS (sub-class level),Sub-Class,Sub-categories where Honasa sells (to May 26)
More Retail,Aug 25,Baby / Baby Hygiene / Baby Soap,38.4624,3.4108,Baby Care,8.8678,More_MS (sub-class level),Sub-Class,Sub-categories where Honasa sells (to May 26)
More Retail,Aug 25,Baby / Baby Hygiene / Baby Toothbrush,0.0,0.0,Baby Care,,More_MS (sub-class level),Sub-Class,Sub-categories where Honasa sells (to May 26)
More Retail,Aug 25,Baby / Baby Hygiene / Baby Wash,19.6249,0.2477,Baby Care,1.2622,More_MS (sub-class level),Sub-Class,Sub-categories where Honasa sells (to May 26)
More Retail,Aug 25,Baby / Baby Hygiene / Others,0.5952,0.1833,Baby Care,30.7943,More_MS (sub-class level),Sub-Class,Sub-categories where Honasa sells (to May 26)
More Retail,Aug 25,Hair Care / Conditioner,69.1094,0.6398,Conditioner,0.9257,More_MS (class level),Category,Sub-categories where Honasa sells (to May 26)
More Retail,Aug 25,Hair Care / Conditioner / Rinsing Off,69.1094,0.6398,Conditioner,0.9257,More_MS (sub-class level),Sub-Class,Sub-categories where Honasa sells (to May 26)
More Retail,Aug 25,Hair Care / Hair Oil,11.8741,0.736,Hair Oil,6.1983,More_MS (class level),Category,Sub-categories where Honasa sells (to May 26)
More Retail,Aug 25,Hair Care / Hair Oil / Others,11.8741,0.736,Hair Oil,6.1983,More_MS (sub-class level),Sub-Class,Sub-categories where Honasa sells (to May 26)
More Retail,Aug 25,Hair Care / Shampoo,92.9324,7.9981,Shampoo,8.6064,More_MS (class level),Category,Sub-categories where Honasa sells (to May 26)
More Retail,Aug 25,Hair Care / Shampoo / Functional Shampoo,0.0,0.0,Shampoo,,More_MS (sub-class level),Sub-Class,Sub-categories where Honasa sells (to May 26)
More Retail,Aug 25,Hair Care / Shampoo / Herbal Shampoo,92.9324,7.9981,Shampoo,8.6064,More_MS (sub-class level),Sub-Class,Sub-categories where Honasa sells (to May 26)
More Retail,Aug 25,Hair Care / Shampoo / Premium Beauty,0.0,0.0,Shampoo,,More_MS (sub-class level),Sub-Class,Sub-categories where Honasa sells (to May 26)
More Retail,Aug 25,Hair Care / Shampoo / Regular Shampoo,0.0,0.0,Shampoo,,More_MS (sub-class level),Sub-Class,Sub-categories where Honasa sells (to May 26)
More Retail,Aug 25,Hair Care / Treatment & Styling,31.5874,0.0597,Hair Treatment & Styling,0.1889,More_MS (class level),Category,Sub-categories where Honasa sells (to May 26)
More Retail,Aug 25,Hair Care / Treatment & Styling / Mousse Serum & Cream,31.5874,0.0597,Face Serum & Treatment,0.1889,More_MS (sub-class level),Sub-Class,Sub-categories where Honasa sells (to May 26)
More Retail,Aug 25,Insecticide / Repellant / Fly Insecticide / Repellant,30.9364,0.5113,Other,1.6527,More_MS (class level),Category,Sub-categories where Honasa sells (to May 26)
More Retail,Aug 25,Insecticide / Repellant / Fly Insecticide / Repellant / Spray FIK,30.9364,0.5113,Hair Treatment & Styling,1.6527,More_MS (sub-class level),Sub-Class,Sub-categories where Honasa sells (to May 26)
More Retail,Aug 25,Insecticide / Repellant / Multi-function Insecticide / Repellant,0.0,0.0,Other,,More_MS (class level),Category,Sub-categories where Honasa sells (to May 26)
More Retail,Aug 25,Insecticide / Repellant / Multi-function Insecticide / Repellant / Others,0.0,0.0,Other,,More_MS (sub-class level),Sub-Class,Sub-categories where Honasa sells (to May 26)
More Retail,Aug 25,OTC / Pain & Relief,12.3777,0.187,Other,1.5109,More_MS (class level),Category,Sub-categories where Honasa sells (to May 26)
More Retail,Aug 25,OTC / Pain & Relief / Cough and Cold,12.3777,0.187,Other,1.5109,More_MS (sub-class level),Sub-Class,Sub-categories where Honasa sells (to May 26)
More Retail,Aug 25,Oral Care / Tooth Paste,15.8272,2.2087,Oral Care,13.9549,More_MS (class level),Category,Sub-categories where Honasa sells (to May 26)
More Retail,Aug 25,Oral Care / Tooth Paste / Kids Toothpaste,15.8272,2.2087,Oral Care,13.9549,More_MS (sub-class level),Sub-Class,Sub-categories where Honasa sells (to May 26)
More Retail,Aug 25,Personal Wash / Soap,530.1839,1.3882,Body Wash & Soap,0.2618,More_MS (class level),Category,Sub-categories where Honasa sells (to May 26)
More Retail,Aug 25,Personal Wash / Soap / Premium Soap,530.1839,1.3882,Body Wash & Soap,0.2618,More_MS (sub-class level),Sub-Class,Sub-categories where Honasa sells (to May 26)
More Retail,Aug 25,Skin Care / Body Care,159.5303,0.6022,Body Lotion & Care,0.3775,More_MS (class level),Category,Sub-categories where Honasa sells (to May 26)
More Retail,Aug 25,Skin Care / Body Care / Cream & Lotion Body,159.5303,0.6022,Body Lotion & Care,0.3775,More_MS (sub-class level),Sub-Class,Sub-categories where Honasa sells (to May 26)
More Retail,Aug 25,Skin Care / Body Care / Others,0.0,0.0,Body Lotion & Care,,More_MS (sub-class level),Sub-Class,Sub-categories where Honasa sells (to May 26)
More Retail,Aug 25,Skin Care / Face Care,123.731,12.6787,Face Moisturiser & Cream,10.247,More_MS (class level),Category,Sub-categories where Honasa sells (to May 26)
More Retail,Aug 25,Skin Care / Face Care / Cream & Lotion Body,44.7493,0.006,Face Moisturiser & Cream,0.0134,More_MS (sub-class level),Sub-Class,Sub-categories where Honasa sells (to May 26)
More Retail,Aug 25,Skin Care / Face Care / Fairness,0.0,0.0,Face Moisturiser & Cream,,More_MS (sub-class level),Sub-Class,Sub-categories where Honasa sells (to May 26)
More Retail,Aug 25,Skin Care / Face Care / Moisturising,22.3735,0.3008,Face Moisturiser & Cream,1.3444,More_MS (sub-class level),Sub-Class,Sub-categories where Honasa sells (to May 26)
More Retail,Aug 25,Skin Care / Face Care / Others,26.7807,6.7702,Face Moisturiser & Cream,25.2801,More_MS (sub-class level),Sub-Class,Sub-categories where Honasa sells (to May 26)
More Retail,Aug 25,Skin Care / Face Care / Sunscreen,29.8275,5.6018,Sun Care,18.7805,More_MS (sub-class level),Sub-Class,Sub-categories where Honasa sells (to May 26)
More Retail,Aug 25,Skin Care / Facial Cleanser,190.1949,14.7435,Face Wash & Cleanser,7.7518,More_MS (class level),Category,Sub-categories where Honasa sells (to May 26)
More Retail,Aug 25,Skin Care / Facial Cleanser / Facewashes,182.5098,14.742,Face Wash & Cleanser,8.0774,More_MS (sub-class level),Sub-Class,Sub-categories where Honasa sells (to May 26)
More Retail,Aug 25,Skin Care / Facial Cleanser / Mask/ pack,7.6851,0.0015,Face Wash & Cleanser,0.0194,More_MS (sub-class level),Sub-Class,Sub-categories where Honasa sells (to May 26)
More Retail,Sep 25,Baby / Baby Hygiene,179.5749,8.559,Baby Care,4.7663,More_MS (class level),Category,Sub-categories where Honasa sells (to May 26)
More Retail,Sep 25,Baby / Baby Hygiene / Baby Hair Oil,4.5188,0.7255,Baby Care,16.0555,More_MS (sub-class level),Sub-Class,Sub-categories where Honasa sells (to May 26)
More Retail,Sep 25,Baby / Baby Hygiene / Baby Massage Oil,7.2291,0.0988,Baby Care,1.3666,More_MS (sub-class level),Sub-Class,Sub-categories where Honasa sells (to May 26)
More Retail,Sep 25,Baby / Baby Hygiene / Baby Moisturizer,50.8768,1.7455,Baby Care,3.4309,More_MS (sub-class level),Sub-Class,Sub-categories where Honasa sells (to May 26)
More Retail,Sep 25,Baby / Baby Hygiene / Baby Powder,19.7104,0.4742,Baby Care,2.4056,More_MS (sub-class level),Sub-Class,Sub-categories where Honasa sells (to May 26)
More Retail,Sep 25,Baby / Baby Hygiene / Baby Shampoo,32.5399,1.8232,Baby Care,5.6028,More_MS (sub-class level),Sub-Class,Sub-categories where Honasa sells (to May 26)
More Retail,Sep 25,Baby / Baby Hygiene / Baby Soap,43.5029,3.3947,Baby Care,7.8034,More_MS (sub-class level),Sub-Class,Sub-categories where Honasa sells (to May 26)
More Retail,Sep 25,Baby / Baby Hygiene / Baby Toothbrush,0.0,0.0,Baby Care,,More_MS (sub-class level),Sub-Class,Sub-categories where Honasa sells (to May 26)
More Retail,Sep 25,Baby / Baby Hygiene / Baby Wash,20.5538,0.1833,Baby Care,0.8917,More_MS (sub-class level),Sub-Class,Sub-categories where Honasa sells (to May 26)
More Retail,Sep 25,Baby / Baby Hygiene / Others,0.6433,0.1139,Baby Care,17.7031,More_MS (sub-class level),Sub-Class,Sub-categories where Honasa sells (to May 26)
More Retail,Sep 25,Hair Care / Conditioner,75.6596,0.5984,Conditioner,0.7909,More_MS (class level),Category,Sub-categories where Honasa sells (to May 26)
More Retail,Sep 25,Hair Care / Conditioner / Rinsing Off,75.6596,0.5984,Conditioner,0.7909,More_MS (sub-class level),Sub-Class,Sub-categories where Honasa sells (to May 26)
More Retail,Sep 25,Hair Care / Hair Oil,12.673,0.7178,Hair Oil,5.6643,More_MS (class level),Category,Sub-categories where Honasa sells (to May 26)
More Retail,Sep 25,Hair Care / Hair Oil / Others,12.673,0.7178,Hair Oil,5.6643,More_MS (sub-class level),Sub-Class,Sub-categories where Honasa sells (to May 26)
More Retail,Sep 25,Hair Care / Shampoo,92.5469,7.5083,Shampoo,8.113,More_MS (class level),Category,Sub-categories where Honasa sells (to May 26)
More Retail,Sep 25,Hair Care / Shampoo / Functional Shampoo,0.0,0.0,Shampoo,,More_MS (sub-class level),Sub-Class,Sub-categories where Honasa sells (to May 26)
More Retail,Sep 25,Hair Care / Shampoo / Herbal Shampoo,92.5469,7.5083,Shampoo,8.113,More_MS (sub-class level),Sub-Class,Sub-categories where Honasa sells (to May 26)
More Retail,Sep 25,Hair Care / Shampoo / Premium Beauty,0.0,0.0,Shampoo,,More_MS (sub-class level),Sub-Class,Sub-categories where Honasa sells (to May 26)
More Retail,Sep 25,Hair Care / Shampoo / Regular Shampoo,0.0,0.0,Shampoo,,More_MS (sub-class level),Sub-Class,Sub-categories where Honasa sells (to May 26)
More Retail,Sep 25,Hair Care / Treatment & Styling,37.3381,0.0448,Hair Treatment & Styling,0.1201,More_MS (class level),Category,Sub-categories where Honasa sells (to May 26)
More Retail,Sep 25,Hair Care / Treatment & Styling / Mousse Serum & Cream,37.3381,0.0448,Face Serum & Treatment,0.1201,More_MS (sub-class level),Sub-Class,Sub-categories where Honasa sells (to May 26)
More Retail,Sep 25,Insecticide / Repellant / Fly Insecticide / Repellant,29.8108,0.4105,Other,1.3771,More_MS (class level),Category,Sub-categories where Honasa sells (to May 26)
More Retail,Sep 25,Insecticide / Repellant / Fly Insecticide / Repellant / Spray FIK,29.8108,0.4105,Hair Treatment & Styling,1.3771,More_MS (sub-class level),Sub-Class,Sub-categories where Honasa sells (to May 26)
More Retail,Sep 25,Insecticide / Repellant / Multi-function Insecticide / Repellant,0.0,0.0,Other,,More_MS (class level),Category,Sub-categories where Honasa sells (to May 26)
More Retail,Sep 25,Insecticide / Repellant / Multi-function Insecticide / Repellant / Others,0.0,0.0,Other,,More_MS (sub-class level),Sub-Class,Sub-categories where Honasa sells (to May 26)
More Retail,Sep 25,OTC / Pain & Relief,11.7214,0.1298,Other,1.1078,More_MS (class level),Category,Sub-categories where Honasa sells (to May 26)
More Retail,Sep 25,OTC / Pain & Relief / Cough and Cold,11.7214,0.1298,Other,1.1078,More_MS (sub-class level),Sub-Class,Sub-categories where Honasa sells (to May 26)
More Retail,Sep 25,Oral Care / Tooth Paste,17.445,2.3329,Oral Care,13.3727,More_MS (class level),Category,Sub-categories where Honasa sells (to May 26)
More Retail,Sep 25,Oral Care / Tooth Paste / Kids Toothpaste,17.445,2.3329,Oral Care,13.3727,More_MS (sub-class level),Sub-Class,Sub-categories where Honasa sells (to May 26)
More Retail,Sep 25,Personal Wash / Soap,249.6386,1.3392,Body Wash & Soap,0.5365,More_MS (class level),Category,Sub-categories where Honasa sells (to May 26)
More Retail,Sep 25,Personal Wash / Soap / Premium Soap,249.6386,1.3392,Body Wash & Soap,0.5365,More_MS (sub-class level),Sub-Class,Sub-categories where Honasa sells (to May 26)
More Retail,Sep 25,Skin Care / Body Care,533.178,0.7479,Body Lotion & Care,0.1403,More_MS (class level),Category,Sub-categories where Honasa sells (to May 26)
More Retail,Sep 25,Skin Care / Body Care / Cream & Lotion Body,533.178,0.7479,Body Lotion & Care,0.1403,More_MS (sub-class level),Sub-Class,Sub-categories where Honasa sells (to May 26)
More Retail,Sep 25,Skin Care / Body Care / Others,0.0,0.0,Body Lotion & Care,,More_MS (sub-class level),Sub-Class,Sub-categories where Honasa sells (to May 26)
More Retail,Sep 25,Skin Care / Face Care,125.1792,13.6445,Face Moisturiser & Cream,10.9,More_MS (class level),Category,Sub-categories where Honasa sells (to May 26)
More Retail,Sep 25,Skin Care / Face Care / Cream & Lotion Body,61.8692,0.003,Face Moisturiser & Cream,0.0048,More_MS (sub-class level),Sub-Class,Sub-categories where Honasa sells (to May 26)
More Retail,Sep 25,Skin Care / Face Care / Fairness,0.0,0.0,Face Moisturiser & Cream,,More_MS (sub-class level),Sub-Class,Sub-categories where Honasa sells (to May 26)
More Retail,Sep 25,Skin Care / Face Care / Moisturising,21.4535,0.3523,Face Moisturiser & Cream,1.642,More_MS (sub-class level),Sub-Class,Sub-categories where Honasa sells (to May 26)
More Retail,Sep 25,Skin Care / Face Care / Others,10.2947,7.223,Face Moisturiser & Cream,70.1626,More_MS (sub-class level),Sub-Class,Sub-categories where Honasa sells (to May 26)
More Retail,Sep 25,Skin Care / Face Care / Sunscreen,31.5618,6.0662,Sun Care,19.2202,More_MS (sub-class level),Sub-Class,Sub-categories where Honasa sells (to May 26)
More Retail,Sep 25,Skin Care / Facial Cleanser,131.4394,15.6055,Face Wash & Cleanser,11.8728,More_MS (class level),Category,Sub-categories where Honasa sells (to May 26)
More Retail,Sep 25,Skin Care / Facial Cleanser / Facewashes,131.4394,15.6055,Face Wash & Cleanser,11.8728,More_MS (sub-class level),Sub-Class,Sub-categories where Honasa sells (to May 26)
More Retail,Sep 25,Skin Care / Facial Cleanser / Mask/ pack,0.0,0.0,Face Wash & Cleanser,,More_MS (sub-class level),Sub-Class,Sub-categories where Honasa sells (to May 26)
More Retail,Oct 25,Baby / Baby Hygiene,160.3104,7.0154,Baby Care,4.3761,More_MS (class level),Category,Sub-categories where Honasa sells (to May 26)
More Retail,Oct 25,Baby / Baby Hygiene / Baby Hair Oil,3.8593,0.7171,Baby Care,18.5821,More_MS (sub-class level),Sub-Class,Sub-categories where Honasa sells (to May 26)
More Retail,Oct 25,Baby / Baby Hygiene / Baby Massage Oil,10.2837,0.0655,Baby Care,0.6369,More_MS (sub-class level),Sub-Class,Sub-categories where Honasa sells (to May 26)
More Retail,Oct 25,Baby / Baby Hygiene / Baby Moisturizer,46.7634,1.2686,Baby Care,2.7127,More_MS (sub-class level),Sub-Class,Sub-categories where Honasa sells (to May 26)
More Retail,Oct 25,Baby / Baby Hygiene / Baby Powder,22.029,0.2186,Baby Care,0.9925,More_MS (sub-class level),Sub-Class,Sub-categories where Honasa sells (to May 26)
More Retail,Oct 25,Baby / Baby Hygiene / Baby Shampoo,24.087,1.6357,Baby Care,6.7907,More_MS (sub-class level),Sub-Class,Sub-categories where Honasa sells (to May 26)
More Retail,Oct 25,Baby / Baby Hygiene / Baby Soap,36.5211,2.8291,Baby Care,7.7465,More_MS (sub-class level),Sub-Class,Sub-categories where Honasa sells (to May 26)
More Retail,Oct 25,Baby / Baby Hygiene / Baby Toothbrush,0.0,0.0,Baby Care,,More_MS (sub-class level),Sub-Class,Sub-categories where Honasa sells (to May 26)
More Retail,Oct 25,Baby / Baby Hygiene / Baby Wash,16.1692,0.1757,Baby Care,1.0869,More_MS (sub-class level),Sub-Class,Sub-categories where Honasa sells (to May 26)
More Retail,Oct 25,Baby / Baby Hygiene / Others,0.5977,0.105,Baby Care,17.575,More_MS (sub-class level),Sub-Class,Sub-categories where Honasa sells (to May 26)
More Retail,Oct 25,Hair Care / Conditioner,77.7603,0.5353,Conditioner,0.6883,More_MS (class level),Category,Sub-categories where Honasa sells (to May 26)
More Retail,Oct 25,Hair Care / Conditioner / Rinsing Off,77.7603,0.5353,Conditioner,0.6883,More_MS (sub-class level),Sub-Class,Sub-categories where Honasa sells (to May 26)
More Retail,Oct 25,Hair Care / Hair Oil,12.9354,0.7603,Hair Oil,5.8781,More_MS (class level),Category,Sub-categories where Honasa sells (to May 26)
More Retail,Oct 25,Hair Care / Hair Oil / Others,12.9354,0.7603,Hair Oil,5.8781,More_MS (sub-class level),Sub-Class,Sub-categories where Honasa sells (to May 26)
More Retail,Oct 25,Hair Care / Shampoo,90.1499,7.6084,Shampoo,8.4398,More_MS (class level),Category,Sub-categories where Honasa sells (to May 26)
More Retail,Oct 25,Hair Care / Shampoo / Functional Shampoo,0.0,0.0,Shampoo,,More_MS (sub-class level),Sub-Class,Sub-categories where Honasa sells (to May 26)
More Retail,Oct 25,Hair Care / Shampoo / Herbal Shampoo,90.1499,7.6084,Shampoo,8.4398,More_MS (sub-class level),Sub-Class,Sub-categories where Honasa sells (to May 26)
More Retail,Oct 25,Hair Care / Shampoo / Premium Beauty,0.0,0.0,Shampoo,,More_MS (sub-class level),Sub-Class,Sub-categories where Honasa sells (to May 26)
More Retail,Oct 25,Hair Care / Shampoo / Regular Shampoo,0.0,0.0,Shampoo,,More_MS (sub-class level),Sub-Class,Sub-categories where Honasa sells (to May 26)
More Retail,Oct 25,Hair Care / Treatment & Styling,43.229,0.0389,Hair Treatment & Styling,0.0899,More_MS (class level),Category,Sub-categories where Honasa sells (to May 26)
More Retail,Oct 25,Hair Care / Treatment & Styling / Mousse Serum & Cream,43.229,0.0389,Face Serum & Treatment,0.0899,More_MS (sub-class level),Sub-Class,Sub-categories where Honasa sells (to May 26)
More Retail,Oct 25,Insecticide / Repellant / Fly Insecticide / Repellant,30.2403,0.2853,Other,0.9436,More_MS (class level),Category,Sub-categories where Honasa sells (to May 26)
More Retail,Oct 25,Insecticide / Repellant / Fly Insecticide / Repellant / Spray FIK,30.2403,0.2853,Hair Treatment & Styling,0.9436,More_MS (sub-class level),Sub-Class,Sub-categories where Honasa sells (to May 26)
More Retail,Oct 25,Insecticide / Repellant / Multi-function Insecticide / Repellant,0.0,0.0,Other,,More_MS (class level),Category,Sub-categories where Honasa sells (to May 26)
More Retail,Oct 25,Insecticide / Repellant / Multi-function Insecticide / Repellant / Others,0.0,0.0,Other,,More_MS (sub-class level),Sub-Class,Sub-categories where Honasa sells (to May 26)
More Retail,Oct 25,OTC / Pain & Relief,11.1043,0.1591,Other,1.4327,More_MS (class level),Category,Sub-categories where Honasa sells (to May 26)
More Retail,Oct 25,OTC / Pain & Relief / Cough and Cold,11.1043,0.1591,Other,1.4327,More_MS (sub-class level),Sub-Class,Sub-categories where Honasa sells (to May 26)
More Retail,Oct 25,Oral Care / Tooth Paste,15.9413,1.6047,Oral Care,10.0665,More_MS (class level),Category,Sub-categories where Honasa sells (to May 26)
More Retail,Oct 25,Oral Care / Tooth Paste / Kids Toothpaste,15.9413,1.6047,Oral Care,10.0665,More_MS (sub-class level),Sub-Class,Sub-categories where Honasa sells (to May 26)
More Retail,Oct 25,Personal Wash / Soap,218.5952,1.498,Body Wash & Soap,0.6853,More_MS (class level),Category,Sub-categories where Honasa sells (to May 26)
More Retail,Oct 25,Personal Wash / Soap / Premium Soap,218.5952,1.498,Body Wash & Soap,0.6853,More_MS (sub-class level),Sub-Class,Sub-categories where Honasa sells (to May 26)
More Retail,Oct 25,Skin Care / Body Care,700.6478,2.1476,Body Lotion & Care,0.3065,More_MS (class level),Category,Sub-categories where Honasa sells (to May 26)
More Retail,Oct 25,Skin Care / Body Care / Cream & Lotion Body,700.6478,2.1476,Body Lotion & Care,0.3065,More_MS (sub-class level),Sub-Class,Sub-categories where Honasa sells (to May 26)
More Retail,Oct 25,Skin Care / Body Care / Others,0.0,0.0,Body Lotion & Care,,More_MS (sub-class level),Sub-Class,Sub-categories where Honasa sells (to May 26)
More Retail,Oct 25,Skin Care / Face Care,82.0779,14.2167,Face Moisturiser & Cream,17.321,More_MS (class level),Category,Sub-categories where Honasa sells (to May 26)
More Retail,Oct 25,Skin Care / Face Care / Cream & Lotion Body,0.0,0.0,Face Moisturiser & Cream,,More_MS (sub-class level),Sub-Class,Sub-categories where Honasa sells (to May 26)
More Retail,Oct 25,Skin Care / Face Care / Fairness,0.0,0.0,Face Moisturiser & Cream,,More_MS (sub-class level),Sub-Class,Sub-categories where Honasa sells (to May 26)
More Retail,Oct 25,Skin Care / Face Care / Moisturising,27.8465,0.5012,Face Moisturiser & Cream,1.7997,More_MS (sub-class level),Sub-Class,Sub-categories where Honasa sells (to May 26)
More Retail,Oct 25,Skin Care / Face Care / Others,18.5588,6.9967,Face Moisturiser & Cream,37.7001,More_MS (sub-class level),Sub-Class,Sub-categories where Honasa sells (to May 26)
More Retail,Oct 25,Skin Care / Face Care / Sunscreen,35.6726,6.7189,Sun Care,18.8348,More_MS (sub-class level),Sub-Class,Sub-categories where Honasa sells (to May 26)
More Retail,Oct 25,Skin Care / Facial Cleanser,130.7526,17.0383,Face Wash & Cleanser,13.031,More_MS (class level),Category,Sub-categories where Honasa sells (to May 26)
More Retail,Oct 25,Skin Care / Facial Cleanser / Facewashes,130.7526,17.0383,Face Wash & Cleanser,13.031,More_MS (sub-class level),Sub-Class,Sub-categories where Honasa sells (to May 26)
More Retail,Oct 25,Skin Care / Facial Cleanser / Mask/ pack,0.0,0.0,Face Wash & Cleanser,,More_MS (sub-class level),Sub-Class,Sub-categories where Honasa sells (to May 26)
More Retail,Nov 25,Baby / Baby Hygiene,180.9548,7.3317,Baby Care,4.0517,More_MS (class level),Category,Sub-categories where Honasa sells (to May 26)
More Retail,Nov 25,Baby / Baby Hygiene / Baby Hair Oil,4.1844,0.5823,Baby Care,13.9156,More_MS (sub-class level),Sub-Class,Sub-categories where Honasa sells (to May 26)
More Retail,Nov 25,Baby / Baby Hygiene / Baby Massage Oil,8.2799,0.0541,Baby Care,0.6534,More_MS (sub-class level),Sub-Class,Sub-categories where Honasa sells (to May 26)
More Retail,Nov 25,Baby / Baby Hygiene / Baby Moisturizer,70.2136,2.5705,Baby Care,3.661,More_MS (sub-class level),Sub-Class,Sub-categories where Honasa sells (to May 26)
More Retail,Nov 25,Baby / Baby Hygiene / Baby Powder,17.0611,0.1613,Baby Care,0.9455,More_MS (sub-class level),Sub-Class,Sub-categories where Honasa sells (to May 26)
More Retail,Nov 25,Baby / Baby Hygiene / Baby Shampoo,26.8019,1.3879,Baby Care,5.1784,More_MS (sub-class level),Sub-Class,Sub-categories where Honasa sells (to May 26)
More Retail,Nov 25,Baby / Baby Hygiene / Baby Soap,41.1624,2.3216,Baby Care,5.64,More_MS (sub-class level),Sub-Class,Sub-categories where Honasa sells (to May 26)
More Retail,Nov 25,Baby / Baby Hygiene / Baby Toothbrush,0.0,0.0,Baby Care,,More_MS (sub-class level),Sub-Class,Sub-categories where Honasa sells (to May 26)
More Retail,Nov 25,Baby / Baby Hygiene / Baby Wash,12.7243,0.1916,Baby Care,1.5062,More_MS (sub-class level),Sub-Class,Sub-categories where Honasa sells (to May 26)
More Retail,Nov 25,Baby / Baby Hygiene / Others,0.5272,0.0623,Baby Care,11.8225,More_MS (sub-class level),Sub-Class,Sub-categories where Honasa sells (to May 26)
More Retail,Nov 25,Hair Care / Conditioner,79.6009,0.5692,Conditioner,0.715,More_MS (class level),Category,Sub-categories where Honasa sells (to May 26)
More Retail,Nov 25,Hair Care / Conditioner / Rinsing Off,79.6009,0.5692,Conditioner,0.715,More_MS (sub-class level),Sub-Class,Sub-categories where Honasa sells (to May 26)
More Retail,Nov 25,Hair Care / Hair Oil,11.7514,0.6488,Hair Oil,5.5212,More_MS (class level),Category,Sub-categories where Honasa sells (to May 26)
More Retail,Nov 25,Hair Care / Hair Oil / Others,11.7514,0.6488,Hair Oil,5.5212,More_MS (sub-class level),Sub-Class,Sub-categories where Honasa sells (to May 26)
More Retail,Nov 25,Hair Care / Shampoo,90.3334,6.3639,Shampoo,7.0449,More_MS (class level),Category,Sub-categories where Honasa sells (to May 26)
More Retail,Nov 25,Hair Care / Shampoo / Functional Shampoo,0.0,0.0,Shampoo,,More_MS (sub-class level),Sub-Class,Sub-categories where Honasa sells (to May 26)
More Retail,Nov 25,Hair Care / Shampoo / Herbal Shampoo,90.3334,6.3639,Shampoo,7.0449,More_MS (sub-class level),Sub-Class,Sub-categories where Honasa sells (to May 26)
More Retail,Nov 25,Hair Care / Shampoo / Premium Beauty,0.0,0.0,Shampoo,,More_MS (sub-class level),Sub-Class,Sub-categories where Honasa sells (to May 26)
More Retail,Nov 25,Hair Care / Shampoo / Regular Shampoo,0.0,0.0,Shampoo,,More_MS (sub-class level),Sub-Class,Sub-categories where Honasa sells (to May 26)
More Retail,Nov 25,Hair Care / Treatment & Styling,45.696,0.0191,Hair Treatment & Styling,0.0418,More_MS (class level),Category,Sub-categories where Honasa sells (to May 26)
More Retail,Nov 25,Hair Care / Treatment & Styling / Mousse Serum & Cream,45.696,0.0191,Face Serum & Treatment,0.0418,More_MS (sub-class level),Sub-Class,Sub-categories where Honasa sells (to May 26)
More Retail,Nov 25,Insecticide / Repellant / Fly Insecticide / Repellant,30.8564,0.2347,Other,0.7607,More_MS (class level),Category,Sub-categories where Honasa sells (to May 26)
More Retail,Nov 25,Insecticide / Repellant / Fly Insecticide / Repellant / Spray FIK,30.8564,0.2347,Hair Treatment & Styling,0.7607,More_MS (sub-class level),Sub-Class,Sub-categories where Honasa sells (to May 26)
More Retail,Nov 25,Insecticide / Repellant / Multi-function Insecticide / Repellant,0.0,0.0,Other,,More_MS (class level),Category,Sub-categories where Honasa sells (to May 26)
More Retail,Nov 25,Insecticide / Repellant / Multi-function Insecticide / Repellant / Others,0.0,0.0,Other,,More_MS (sub-class level),Sub-Class,Sub-categories where Honasa sells (to May 26)
More Retail,Nov 25,OTC / Pain & Relief,12.2624,0.1992,Other,1.6246,More_MS (class level),Category,Sub-categories where Honasa sells (to May 26)
More Retail,Nov 25,OTC / Pain & Relief / Cough and Cold,12.2624,0.1992,Other,1.6246,More_MS (sub-class level),Sub-Class,Sub-categories where Honasa sells (to May 26)
More Retail,Nov 25,Oral Care / Tooth Paste,15.8563,1.4306,Oral Care,9.022,More_MS (class level),Category,Sub-categories where Honasa sells (to May 26)
More Retail,Nov 25,Oral Care / Tooth Paste / Kids Toothpaste,15.8563,1.4306,Oral Care,9.022,More_MS (sub-class level),Sub-Class,Sub-categories where Honasa sells (to May 26)
More Retail,Nov 25,Personal Wash / Soap,265.0896,1.1915,Body Wash & Soap,0.4495,More_MS (class level),Category,Sub-categories where Honasa sells (to May 26)
More Retail,Nov 25,Personal Wash / Soap / Premium Soap,265.0896,1.1915,Body Wash & Soap,0.4495,More_MS (sub-class level),Sub-Class,Sub-categories where Honasa sells (to May 26)
More Retail,Nov 25,Skin Care / Body Care,1482.0607,5.2384,Body Lotion & Care,0.3535,More_MS (class level),Category,Sub-categories where Honasa sells (to May 26)
More Retail,Nov 25,Skin Care / Body Care / Cream & Lotion Body,1482.0607,5.2384,Body Lotion & Care,0.3535,More_MS (sub-class level),Sub-Class,Sub-categories where Honasa sells (to May 26)
More Retail,Nov 25,Skin Care / Body Care / Others,0.0,0.0,Body Lotion & Care,,More_MS (sub-class level),Sub-Class,Sub-categories where Honasa sells (to May 26)
More Retail,Nov 25,Skin Care / Face Care,115.8277,18.1083,Face Moisturiser & Cream,15.6339,More_MS (class level),Category,Sub-categories where Honasa sells (to May 26)
More Retail,Nov 25,Skin Care / Face Care / Cream & Lotion Body,0.0,0.0,Face Moisturiser & Cream,,More_MS (sub-class level),Sub-Class,Sub-categories where Honasa sells (to May 26)
More Retail,Nov 25,Skin Care / Face Care / Fairness,0.0,0.0,Face Moisturiser & Cream,,More_MS (sub-class level),Sub-Class,Sub-categories where Honasa sells (to May 26)
More Retail,Nov 25,Skin Care / Face Care / Moisturising,43.681,1.1672,Face Moisturiser & Cream,2.6722,More_MS (sub-class level),Sub-Class,Sub-categories where Honasa sells (to May 26)
More Retail,Nov 25,Skin Care / Face Care / Others,35.0842,8.5076,Face Moisturiser & Cream,24.249,More_MS (sub-class level),Sub-Class,Sub-categories where Honasa sells (to May 26)
More Retail,Nov 25,Skin Care / Face Care / Sunscreen,37.0624,8.4335,Sun Care,22.7549,More_MS (sub-class level),Sub-Class,Sub-categories where Honasa sells (to May 26)
More Retail,Nov 25,Skin Care / Facial Cleanser,133.0536,16.5633,Face Wash & Cleanser,12.4486,More_MS (class level),Category,Sub-categories where Honasa sells (to May 26)
More Retail,Nov 25,Skin Care / Facial Cleanser / Facewashes,124.9468,16.5628,Face Wash & Cleanser,13.2558,More_MS (sub-class level),Sub-Class,Sub-categories where Honasa sells (to May 26)
More Retail,Nov 25,Skin Care / Facial Cleanser / Mask/ pack,8.1069,0.0005,Face Wash & Cleanser,0.0064,More_MS (sub-class level),Sub-Class,Sub-categories where Honasa sells (to May 26)
More Retail,Dec 25,Baby / Baby Hygiene,146.5421,5.7702,Baby Care,3.9376,More_MS (class level),Category,Sub-categories where Honasa sells (to May 26)
More Retail,Dec 25,Baby / Baby Hygiene / Baby Hair Oil,3.3947,0.4744,Baby Care,13.975,More_MS (sub-class level),Sub-Class,Sub-categories where Honasa sells (to May 26)
More Retail,Dec 25,Baby / Baby Hygiene / Baby Massage Oil,9.6667,0.0375,Baby Care,0.3878,More_MS (sub-class level),Sub-Class,Sub-categories where Honasa sells (to May 26)
More Retail,Dec 25,Baby / Baby Hygiene / Baby Moisturizer,48.7564,2.1772,Baby Care,4.4656,More_MS (sub-class level),Sub-Class,Sub-categories where Honasa sells (to May 26)
More Retail,Dec 25,Baby / Baby Hygiene / Baby Powder,21.101,0.1213,Baby Care,0.5747,More_MS (sub-class level),Sub-Class,Sub-categories where Honasa sells (to May 26)
More Retail,Dec 25,Baby / Baby Hygiene / Baby Shampoo,25.8152,1.1027,Baby Care,4.2714,More_MS (sub-class level),Sub-Class,Sub-categories where Honasa sells (to May 26)
More Retail,Dec 25,Baby / Baby Hygiene / Baby Soap,28.1227,1.6867,Baby Care,5.9976,More_MS (sub-class level),Sub-Class,Sub-categories where Honasa sells (to May 26)
More Retail,Dec 25,Baby / Baby Hygiene / Baby Toothbrush,0.0,0.0,Baby Care,,More_MS (sub-class level),Sub-Class,Sub-categories where Honasa sells (to May 26)
More Retail,Dec 25,Baby / Baby Hygiene / Baby Wash,9.1471,0.1414,Baby Care,1.546,More_MS (sub-class level),Sub-Class,Sub-categories where Honasa sells (to May 26)
More Retail,Dec 25,Baby / Baby Hygiene / Others,0.5383,0.0291,Baby Care,5.3989,More_MS (sub-class level),Sub-Class,Sub-categories where Honasa sells (to May 26)
More Retail,Dec 25,Hair Care / Conditioner,74.3729,0.4105,Conditioner,0.552,More_MS (class level),Category,Sub-categories where Honasa sells (to May 26)
More Retail,Dec 25,Hair Care / Conditioner / Rinsing Off,74.3729,0.4105,Conditioner,0.552,More_MS (sub-class level),Sub-Class,Sub-categories where Honasa sells (to May 26)
More Retail,Dec 25,Hair Care / Hair Oil,10.5075,0.7631,Hair Oil,7.2621,More_MS (class level),Category,Sub-categories where Honasa sells (to May 26)
More Retail,Dec 25,Hair Care / Hair Oil / Others,10.5075,0.7631,Hair Oil,7.2621,More_MS (sub-class level),Sub-Class,Sub-categories where Honasa sells (to May 26)
More Retail,Dec 25,Hair Care / Shampoo,78.1422,6.1085,Shampoo,7.8172,More_MS (class level),Category,Sub-categories where Honasa sells (to May 26)
More Retail,Dec 25,Hair Care / Shampoo / Functional Shampoo,0.0,0.0,Shampoo,,More_MS (sub-class level),Sub-Class,Sub-categories where Honasa sells (to May 26)
More Retail,Dec 25,Hair Care / Shampoo / Herbal Shampoo,78.1422,6.1085,Shampoo,7.8172,More_MS (sub-class level),Sub-Class,Sub-categories where Honasa sells (to May 26)
More Retail,Dec 25,Hair Care / Shampoo / Premium Beauty,0.0,0.0,Shampoo,,More_MS (sub-class level),Sub-Class,Sub-categories where Honasa sells (to May 26)
More Retail,Dec 25,Hair Care / Shampoo / Regular Shampoo,0.0,0.0,Shampoo,,More_MS (sub-class level),Sub-Class,Sub-categories where Honasa sells (to May 26)
More Retail,Dec 25,Hair Care / Treatment & Styling,44.1985,0.0761,Hair Treatment & Styling,0.1721,More_MS (class level),Category,Sub-categories where Honasa sells (to May 26)
More Retail,Dec 25,Hair Care / Treatment & Styling / Mousse Serum & Cream,44.1985,0.0761,Face Serum & Treatment,0.1721,More_MS (sub-class level),Sub-Class,Sub-categories where Honasa sells (to May 26)
More Retail,Dec 25,Insecticide / Repellant / Fly Insecticide / Repellant,24.8126,0.1542,Other,0.6213,More_MS (class level),Category,Sub-categories where Honasa sells (to May 26)
More Retail,Dec 25,Insecticide / Repellant / Fly Insecticide / Repellant / Spray FIK,24.8126,0.1542,Hair Treatment & Styling,0.6213,More_MS (sub-class level),Sub-Class,Sub-categories where Honasa sells (to May 26)
More Retail,Dec 25,Insecticide / Repellant / Multi-function Insecticide / Repellant,3.3634,0.0026,Other,0.0767,More_MS (class level),Category,Sub-categories where Honasa sells (to May 26)
More Retail,Dec 25,Insecticide / Repellant / Multi-function Insecticide / Repellant / Others,3.3634,0.0026,Other,0.0767,More_MS (sub-class level),Sub-Class,Sub-categories where Honasa sells (to May 26)
More Retail,Dec 25,OTC / Pain & Relief,11.7286,0.087,Other,0.7422,More_MS (class level),Category,Sub-categories where Honasa sells (to May 26)
More Retail,Dec 25,OTC / Pain & Relief / Cough and Cold,11.7286,0.087,Other,0.7422,More_MS (sub-class level),Sub-Class,Sub-categories where Honasa sells (to May 26)
More Retail,Dec 25,Oral Care / Tooth Paste,15.2388,1.4396,Oral Care,9.4468,More_MS (class level),Category,Sub-categories where Honasa sells (to May 26)
More Retail,Dec 25,Oral Care / Tooth Paste / Kids Toothpaste,15.2388,1.4396,Oral Care,9.4468,More_MS (sub-class level),Sub-Class,Sub-categories where Honasa sells (to May 26)
More Retail,Dec 25,Personal Wash / Soap,595.812,1.2847,Body Wash & Soap,0.2156,More_MS (class level),Category,Sub-categories where Honasa sells (to May 26)
More Retail,Dec 25,Personal Wash / Soap / Premium Soap,595.812,1.2847,Body Wash & Soap,0.2156,More_MS (sub-class level),Sub-Class,Sub-categories where Honasa sells (to May 26)
More Retail,Dec 25,Skin Care / Body Care,740.0648,4.8277,Body Lotion & Care,0.6523,More_MS (class level),Category,Sub-categories where Honasa sells (to May 26)
More Retail,Dec 25,Skin Care / Body Care / Cream & Lotion Body,740.0648,4.8277,Body Lotion & Care,0.6523,More_MS (sub-class level),Sub-Class,Sub-categories where Honasa sells (to May 26)
More Retail,Dec 25,Skin Care / Body Care / Others,0.0,0.0,Body Lotion & Care,,More_MS (sub-class level),Sub-Class,Sub-categories where Honasa sells (to May 26)
More Retail,Dec 25,Skin Care / Face Care,97.3501,17.7488,Face Moisturiser & Cream,18.2319,More_MS (class level),Category,Sub-categories where Honasa sells (to May 26)
More Retail,Dec 25,Skin Care / Face Care / Cream & Lotion Body,0.0,0.0,Face Moisturiser & Cream,,More_MS (sub-class level),Sub-Class,Sub-categories where Honasa sells (to May 26)
More Retail,Dec 25,Skin Care / Face Care / Fairness,0.0,0.0,Face Moisturiser & Cream,,More_MS (sub-class level),Sub-Class,Sub-categories where Honasa sells (to May 26)
More Retail,Dec 25,Skin Care / Face Care / Moisturising,37.3661,1.2381,Face Moisturiser & Cream,3.3136,More_MS (sub-class level),Sub-Class,Sub-categories where Honasa sells (to May 26)
More Retail,Dec 25,Skin Care / Face Care / Others,24.406,7.7901,Face Moisturiser & Cream,31.9189,More_MS (sub-class level),Sub-Class,Sub-categories where Honasa sells (to May 26)
More Retail,Dec 25,Skin Care / Face Care / Sunscreen,35.578,8.7205,Sun Care,24.5109,More_MS (sub-class level),Sub-Class,Sub-categories where Honasa sells (to May 26)
More Retail,Dec 25,Skin Care / Facial Cleanser,122.0997,16.2492,Face Wash & Cleanser,13.3081,More_MS (class level),Category,Sub-categories where Honasa sells (to May 26)
More Retail,Dec 25,Skin Care / Facial Cleanser / Facewashes,114.8153,16.2477,Face Wash & Cleanser,14.1511,More_MS (sub-class level),Sub-Class,Sub-categories where Honasa sells (to May 26)
More Retail,Dec 25,Skin Care / Facial Cleanser / Mask/ pack,7.2844,0.0015,Face Wash & Cleanser,0.0205,More_MS (sub-class level),Sub-Class,Sub-categories where Honasa sells (to May 26)
More Retail,Jan 26,Baby / Baby Hygiene,106.2466,6.2665,Baby Care,5.8981,More_MS (class level),Category,Sub-categories where Honasa sells (to May 26)
More Retail,Jan 26,Baby / Baby Hygiene / Baby Hair Oil,2.8021,0.5185,Baby Care,18.5034,More_MS (sub-class level),Sub-Class,Sub-categories where Honasa sells (to May 26)
More Retail,Jan 26,Baby / Baby Hygiene / Baby Massage Oil,3.6284,0.0563,Baby Care,1.5525,More_MS (sub-class level),Sub-Class,Sub-categories where Honasa sells (to May 26)
More Retail,Jan 26,Baby / Baby Hygiene / Baby Moisturizer,39.7762,1.9388,Baby Care,4.8744,More_MS (sub-class level),Sub-Class,Sub-categories where Honasa sells (to May 26)
More Retail,Jan 26,Baby / Baby Hygiene / Baby Powder,6.3456,0.162,Baby Care,2.5532,More_MS (sub-class level),Sub-Class,Sub-categories where Honasa sells (to May 26)
More Retail,Jan 26,Baby / Baby Hygiene / Baby Shampoo,18.8755,1.4988,Baby Care,7.9403,More_MS (sub-class level),Sub-Class,Sub-categories where Honasa sells (to May 26)
More Retail,Jan 26,Baby / Baby Hygiene / Baby Soap,22.4547,1.9594,Baby Care,8.726,More_MS (sub-class level),Sub-Class,Sub-categories where Honasa sells (to May 26)
More Retail,Jan 26,Baby / Baby Hygiene / Baby Toothbrush,0.0,0.0,Baby Care,,More_MS (sub-class level),Sub-Class,Sub-categories where Honasa sells (to May 26)
More Retail,Jan 26,Baby / Baby Hygiene / Baby Wash,11.8746,0.1238,Baby Care,1.0427,More_MS (sub-class level),Sub-Class,Sub-categories where Honasa sells (to May 26)
More Retail,Jan 26,Baby / Baby Hygiene / Others,0.4895,0.0089,Baby Care,1.8141,More_MS (sub-class level),Sub-Class,Sub-categories where Honasa sells (to May 26)
More Retail,Jan 26,Hair Care / Conditioner,81.4952,0.4759,Conditioner,0.584,More_MS (class level),Category,Sub-categories where Honasa sells (to May 26)
More Retail,Jan 26,Hair Care / Conditioner / Rinsing Off,81.4952,0.4759,Conditioner,0.584,More_MS (sub-class level),Sub-Class,Sub-categories where Honasa sells (to May 26)
More Retail,Jan 26,Hair Care / Hair Oil,9.5576,0.7844,Hair Oil,8.2075,More_MS (class level),Category,Sub-categories where Honasa sells (to May 26)
More Retail,Jan 26,Hair Care / Hair Oil / Others,9.5576,0.7844,Hair Oil,8.2075,More_MS (sub-class level),Sub-Class,Sub-categories where Honasa sells (to May 26)
More Retail,Jan 26,Hair Care / Shampoo,79.3853,5.9329,Shampoo,7.4736,More_MS (class level),Category,Sub-categories where Honasa sells (to May 26)
More Retail,Jan 26,Hair Care / Shampoo / Functional Shampoo,0.0,0.0,Shampoo,,More_MS (sub-class level),Sub-Class,Sub-categories where Honasa sells (to May 26)
More Retail,Jan 26,Hair Care / Shampoo / Herbal Shampoo,79.3853,5.9329,Shampoo,7.4736,More_MS (sub-class level),Sub-Class,Sub-categories where Honasa sells (to May 26)
More Retail,Jan 26,Hair Care / Shampoo / Premium Beauty,0.0,0.0,Shampoo,,More_MS (sub-class level),Sub-Class,Sub-categories where Honasa sells (to May 26)
More Retail,Jan 26,Hair Care / Shampoo / Regular Shampoo,0.0,0.0,Shampoo,,More_MS (sub-class level),Sub-Class,Sub-categories where Honasa sells (to May 26)
More Retail,Jan 26,Hair Care / Treatment & Styling,47.5516,0.0531,Hair Treatment & Styling,0.1118,More_MS (class level),Category,Sub-categories where Honasa sells (to May 26)
More Retail,Jan 26,Hair Care / Treatment & Styling / Mousse Serum & Cream,47.5516,0.0531,Face Serum & Treatment,0.1118,More_MS (sub-class level),Sub-Class,Sub-categories where Honasa sells (to May 26)
More Retail,Jan 26,Insecticide / Repellant / Fly Insecticide / Repellant,0.0,0.1319,Other,,More_MS (class level),Category,Sub-categories where Honasa sells (to May 26)
More Retail,Jan 26,Insecticide / Repellant / Fly Insecticide / Repellant / Spray FIK,0.0,0.1319,Hair Treatment & Styling,,More_MS (sub-class level),Sub-Class,Sub-categories where Honasa sells (to May 26)
More Retail,Jan 26,Insecticide / Repellant / Multi-function Insecticide / Repellant,0.0,0.0,Other,,More_MS (class level),Category,Sub-categories where Honasa sells (to May 26)
More Retail,Jan 26,Insecticide / Repellant / Multi-function Insecticide / Repellant / Others,0.0,0.0,Other,,More_MS (sub-class level),Sub-Class,Sub-categories where Honasa sells (to May 26)
More Retail,Jan 26,OTC / Pain & Relief,11.7481,0.1365,Other,1.1618,More_MS (class level),Category,Sub-categories where Honasa sells (to May 26)
More Retail,Jan 26,OTC / Pain & Relief / Cough and Cold,11.7481,0.1365,Other,1.1618,More_MS (sub-class level),Sub-Class,Sub-categories where Honasa sells (to May 26)
More Retail,Jan 26,Oral Care / Tooth Paste,15.5074,1.7067,Oral Care,11.0058,More_MS (class level),Category,Sub-categories where Honasa sells (to May 26)
More Retail,Jan 26,Oral Care / Tooth Paste / Kids Toothpaste,15.5074,1.7067,Oral Care,11.0058,More_MS (sub-class level),Sub-Class,Sub-categories where Honasa sells (to May 26)
More Retail,Jan 26,Personal Wash / Soap,349.2039,1.7425,Body Wash & Soap,0.499,More_MS (class level),Category,Sub-categories where Honasa sells (to May 26)
More Retail,Jan 26,Personal Wash / Soap / Premium Soap,349.2039,1.7425,Body Wash & Soap,0.499,More_MS (sub-class level),Sub-Class,Sub-categories where Honasa sells (to May 26)
More Retail,Jan 26,Skin Care / Body Care,319.8358,2.5008,Body Lotion & Care,0.7819,More_MS (class level),Category,Sub-categories where Honasa sells (to May 26)
More Retail,Jan 26,Skin Care / Body Care / Cream & Lotion Body,319.8358,2.5008,Body Lotion & Care,0.7819,More_MS (sub-class level),Sub-Class,Sub-categories where Honasa sells (to May 26)
More Retail,Jan 26,Skin Care / Body Care / Others,0.0,0.0,Body Lotion & Care,,More_MS (sub-class level),Sub-Class,Sub-categories where Honasa sells (to May 26)
More Retail,Jan 26,Skin Care / Face Care,180.2582,17.503,Face Moisturiser & Cream,9.71,More_MS (class level),Category,Sub-categories where Honasa sells (to May 26)
More Retail,Jan 26,Skin Care / Face Care / Cream & Lotion Body,89.9797,0.006,Face Moisturiser & Cream,0.0067,More_MS (sub-class level),Sub-Class,Sub-categories where Honasa sells (to May 26)
More Retail,Jan 26,Skin Care / Face Care / Fairness,0.0,0.0,Face Moisturiser & Cream,,More_MS (sub-class level),Sub-Class,Sub-categories where Honasa sells (to May 26)
More Retail,Jan 26,Skin Care / Face Care / Moisturising,32.0801,1.0434,Face Moisturiser & Cream,3.2524,More_MS (sub-class level),Sub-Class,Sub-categories where Honasa sells (to May 26)
More Retail,Jan 26,Skin Care / Face Care / Others,19.3165,7.5928,Face Moisturiser & Cream,39.3074,More_MS (sub-class level),Sub-Class,Sub-categories where Honasa sells (to May 26)
More Retail,Jan 26,Skin Care / Face Care / Sunscreen,38.882,8.8608,Sun Care,22.789,More_MS (sub-class level),Sub-Class,Sub-categories where Honasa sells (to May 26)
More Retail,Jan 26,Skin Care / Facial Cleanser,111.7383,15.7739,Face Wash & Cleanser,14.1168,More_MS (class level),Category,Sub-categories where Honasa sells (to May 26)
More Retail,Jan 26,Skin Care / Facial Cleanser / Facewashes,111.7383,15.7739,Face Wash & Cleanser,14.1168,More_MS (sub-class level),Sub-Class,Sub-categories where Honasa sells (to May 26)
More Retail,Jan 26,Skin Care / Facial Cleanser / Mask/ pack,0.0,0.0,Face Wash & Cleanser,,More_MS (sub-class level),Sub-Class,Sub-categories where Honasa sells (to May 26)
More Retail,Feb 26,Baby / Baby Hygiene,149.8427,6.2743,Baby Care,4.1873,More_MS (class level),Category,Sub-categories where Honasa sells (to May 26)
More Retail,Feb 26,Baby / Baby Hygiene / Baby Hair Oil,3.6354,0.6412,Baby Care,17.6373,More_MS (sub-class level),Sub-Class,Sub-categories where Honasa sells (to May 26)
More Retail,Feb 26,Baby / Baby Hygiene / Baby Massage Oil,5.1856,0.0362,Baby Care,0.6971,More_MS (sub-class level),Sub-Class,Sub-categories where Honasa sells (to May 26)
More Retail,Feb 26,Baby / Baby Hygiene / Baby Moisturizer,42.8585,1.7732,Baby Care,4.1372,More_MS (sub-class level),Sub-Class,Sub-categories where Honasa sells (to May 26)
More Retail,Feb 26,Baby / Baby Hygiene / Baby Powder,14.8878,0.3145,Baby Care,2.1124,More_MS (sub-class level),Sub-Class,Sub-categories where Honasa sells (to May 26)
More Retail,Feb 26,Baby / Baby Hygiene / Baby Shampoo,33.4903,1.3591,Baby Care,4.0583,More_MS (sub-class level),Sub-Class,Sub-categories where Honasa sells (to May 26)
More Retail,Feb 26,Baby / Baby Hygiene / Baby Soap,32.3901,1.9634,Baby Care,6.0619,More_MS (sub-class level),Sub-Class,Sub-categories where Honasa sells (to May 26)
More Retail,Feb 26,Baby / Baby Hygiene / Baby Toothbrush,0.0,0.0,Baby Care,,More_MS (sub-class level),Sub-Class,Sub-categories where Honasa sells (to May 26)
More Retail,Feb 26,Baby / Baby Hygiene / Baby Wash,16.9191,0.1616,Baby Care,0.9554,More_MS (sub-class level),Sub-Class,Sub-categories where Honasa sells (to May 26)
More Retail,Feb 26,Baby / Baby Hygiene / Others,0.4759,0.0252,Baby Care,5.285,More_MS (sub-class level),Sub-Class,Sub-categories where Honasa sells (to May 26)
More Retail,Feb 26,Hair Care / Conditioner,89.0037,0.414,Conditioner,0.4652,More_MS (class level),Category,Sub-categories where Honasa sells (to May 26)
More Retail,Feb 26,Hair Care / Conditioner / Rinsing Off,89.0037,0.414,Conditioner,0.4652,More_MS (sub-class level),Sub-Class,Sub-categories where Honasa sells (to May 26)
More Retail,Feb 26,Hair Care / Hair Oil,8.8954,0.7012,Hair Oil,7.8824,More_MS (class level),Category,Sub-categories where Honasa sells (to May 26)
More Retail,Feb 26,Hair Care / Hair Oil / Others,8.8954,0.7012,Hair Oil,7.8824,More_MS (sub-class level),Sub-Class,Sub-categories where Honasa sells (to May 26)
More Retail,Feb 26,Hair Care / Shampoo,75.154,4.9274,Shampoo,6.5564,More_MS (class level),Category,Sub-categories where Honasa sells (to May 26)
More Retail,Feb 26,Hair Care / Shampoo / Functional Shampoo,0.0,0.0,Shampoo,,More_MS (sub-class level),Sub-Class,Sub-categories where Honasa sells (to May 26)
More Retail,Feb 26,Hair Care / Shampoo / Herbal Shampoo,75.154,4.9274,Shampoo,6.5564,More_MS (sub-class level),Sub-Class,Sub-categories where Honasa sells (to May 26)
More Retail,Feb 26,Hair Care / Shampoo / Premium Beauty,0.0,0.0,Shampoo,,More_MS (sub-class level),Sub-Class,Sub-categories where Honasa sells (to May 26)
More Retail,Feb 26,Hair Care / Shampoo / Regular Shampoo,0.0,0.0,Shampoo,,More_MS (sub-class level),Sub-Class,Sub-categories where Honasa sells (to May 26)
More Retail,Feb 26,Hair Care / Treatment & Styling,48.0249,0.0342,Hair Treatment & Styling,0.0711,More_MS (class level),Category,Sub-categories where Honasa sells (to May 26)
More Retail,Feb 26,Hair Care / Treatment & Styling / Mousse Serum & Cream,48.0249,0.0342,Face Serum & Treatment,0.0711,More_MS (sub-class level),Sub-Class,Sub-categories where Honasa sells (to May 26)
More Retail,Feb 26,Insecticide / Repellant / Fly Insecticide / Repellant,29.8807,0.2431,Other,0.8136,More_MS (class level),Category,Sub-categories where Honasa sells (to May 26)
More Retail,Feb 26,Insecticide / Repellant / Fly Insecticide / Repellant / Spray FIK,29.8807,0.2431,Hair Treatment & Styling,0.8136,More_MS (sub-class level),Sub-Class,Sub-categories where Honasa sells (to May 26)
More Retail,Feb 26,Insecticide / Repellant / Multi-function Insecticide / Repellant,4.1927,0.0039,Other,0.0923,More_MS (class level),Category,Sub-categories where Honasa sells (to May 26)
More Retail,Feb 26,Insecticide / Repellant / Multi-function Insecticide / Repellant / Others,4.1927,0.0039,Other,0.0923,More_MS (sub-class level),Sub-Class,Sub-categories where Honasa sells (to May 26)
More Retail,Feb 26,OTC / Pain & Relief,9.7709,0.2905,Other,2.9732,More_MS (class level),Category,Sub-categories where Honasa sells (to May 26)
More Retail,Feb 26,OTC / Pain & Relief / Cough and Cold,9.7709,0.2905,Other,2.9732,More_MS (sub-class level),Sub-Class,Sub-categories where Honasa sells (to May 26)
More Retail,Feb 26,Oral Care / Tooth Paste,15.9238,1.4295,Oral Care,8.9771,More_MS (class level),Category,Sub-categories where Honasa sells (to May 26)
More Retail,Feb 26,Oral Care / Tooth Paste / Kids Toothpaste,15.9238,1.4295,Oral Care,8.9771,More_MS (sub-class level),Sub-Class,Sub-categories where Honasa sells (to May 26)
More Retail,Feb 26,Personal Wash / Soap,308.832,1.4943,Body Wash & Soap,0.4838,More_MS (class level),Category,Sub-categories where Honasa sells (to May 26)
More Retail,Feb 26,Personal Wash / Soap / Premium Soap,308.832,1.4943,Body Wash & Soap,0.4838,More_MS (sub-class level),Sub-Class,Sub-categories where Honasa sells (to May 26)
More Retail,Feb 26,Skin Care / Body Care,250.258,1.5036,Body Lotion & Care,0.6008,More_MS (class level),Category,Sub-categories where Honasa sells (to May 26)
More Retail,Feb 26,Skin Care / Body Care / Cream & Lotion Body,250.258,1.5036,Body Lotion & Care,0.6008,More_MS (sub-class level),Sub-Class,Sub-categories where Honasa sells (to May 26)
More Retail,Feb 26,Skin Care / Body Care / Others,0.0,0.0,Body Lotion & Care,,More_MS (sub-class level),Sub-Class,Sub-categories where Honasa sells (to May 26)
More Retail,Feb 26,Skin Care / Face Care,177.483,19.1529,Face Moisturiser & Cream,10.7914,More_MS (class level),Category,Sub-categories where Honasa sells (to May 26)
More Retail,Feb 26,Skin Care / Face Care / Cream & Lotion Body,88.6852,0.012,Face Moisturiser & Cream,0.0135,More_MS (sub-class level),Sub-Class,Sub-categories where Honasa sells (to May 26)
More Retail,Feb 26,Skin Care / Face Care / Fairness,0.0,0.0,Face Moisturiser & Cream,,More_MS (sub-class level),Sub-Class,Sub-categories where Honasa sells (to May 26)
More Retail,Feb 26,Skin Care / Face Care / Moisturising,28.365,0.8199,Face Moisturiser & Cream,2.8905,More_MS (sub-class level),Sub-Class,Sub-categories where Honasa sells (to May 26)
More Retail,Feb 26,Skin Care / Face Care / Others,15.6778,8.053,Face Moisturiser & Cream,51.3655,More_MS (sub-class level),Sub-Class,Sub-categories where Honasa sells (to May 26)
More Retail,Feb 26,Skin Care / Face Care / Sunscreen,44.7549,10.268,Sun Care,22.9427,More_MS (sub-class level),Sub-Class,Sub-categories where Honasa sells (to May 26)
More Retail,Feb 26,Skin Care / Facial Cleanser,116.9863,15.8797,Face Wash & Cleanser,13.574,More_MS (class level),Category,Sub-categories where Honasa sells (to May 26)
More Retail,Feb 26,Skin Care / Facial Cleanser / Facewashes,110.9061,15.8753,Face Wash & Cleanser,14.3142,More_MS (sub-class level),Sub-Class,Sub-categories where Honasa sells (to May 26)
More Retail,Feb 26,Skin Care / Facial Cleanser / Mask/ pack,6.0802,0.0044,Face Wash & Cleanser,0.0727,More_MS (sub-class level),Sub-Class,Sub-categories where Honasa sells (to May 26)
More Retail,Mar 26,Baby / Baby Hygiene,227.983,5.8092,Baby Care,2.5481,More_MS (class level),Category,Sub-categories where Honasa sells (to May 26)
More Retail,Mar 26,Baby / Baby Hygiene / Baby Hair Oil,3.8513,0.4807,Baby Care,12.482,More_MS (sub-class level),Sub-Class,Sub-categories where Honasa sells (to May 26)
More Retail,Mar 26,Baby / Baby Hygiene / Baby Massage Oil,19.4793,0.0517,Baby Care,0.2652,More_MS (sub-class level),Sub-Class,Sub-categories where Honasa sells (to May 26)
More Retail,Mar 26,Baby / Baby Hygiene / Baby Moisturizer,47.8361,1.4943,Baby Care,3.1238,More_MS (sub-class level),Sub-Class,Sub-categories where Honasa sells (to May 26)
More Retail,Mar 26,Baby / Baby Hygiene / Baby Powder,63.6562,0.3854,Baby Care,0.6055,More_MS (sub-class level),Sub-Class,Sub-categories where Honasa sells (to May 26)
More Retail,Mar 26,Baby / Baby Hygiene / Baby Shampoo,35.028,0.7396,Baby Care,2.1115,More_MS (sub-class level),Sub-Class,Sub-categories where Honasa sells (to May 26)
More Retail,Mar 26,Baby / Baby Hygiene / Baby Soap,36.2294,2.3174,Baby Care,6.3965,More_MS (sub-class level),Sub-Class,Sub-categories where Honasa sells (to May 26)
More Retail,Mar 26,Baby / Baby Hygiene / Baby Toothbrush,0.0,0.0,Baby Care,,More_MS (sub-class level),Sub-Class,Sub-categories where Honasa sells (to May 26)
More Retail,Mar 26,Baby / Baby Hygiene / Baby Wash,20.9573,0.2363,Baby Care,1.1277,More_MS (sub-class level),Sub-Class,Sub-categories where Honasa sells (to May 26)
More Retail,Mar 26,Baby / Baby Hygiene / Others,0.9454,0.1037,Baby Care,10.9726,More_MS (sub-class level),Sub-Class,Sub-categories where Honasa sells (to May 26)
More Retail,Mar 26,Hair Care / Conditioner,94.0657,0.3877,Conditioner,0.4122,More_MS (class level),Category,Sub-categories where Honasa sells (to May 26)
More Retail,Mar 26,Hair Care / Conditioner / Rinsing Off,94.0657,0.3877,Conditioner,0.4122,More_MS (sub-class level),Sub-Class,Sub-categories where Honasa sells (to May 26)
More Retail,Mar 26,Hair Care / Hair Oil,12.9415,0.7415,Hair Oil,5.7298,More_MS (class level),Category,Sub-categories where Honasa sells (to May 26)
More Retail,Mar 26,Hair Care / Hair Oil / Others,12.9415,0.7415,Hair Oil,5.7298,More_MS (sub-class level),Sub-Class,Sub-categories where Honasa sells (to May 26)
More Retail,Mar 26,Hair Care / Shampoo,86.7431,5.3559,Shampoo,6.1745,More_MS (class level),Category,Sub-categories where Honasa sells (to May 26)
More Retail,Mar 26,Hair Care / Shampoo / Functional Shampoo,0.0,0.0,Shampoo,,More_MS (sub-class level),Sub-Class,Sub-categories where Honasa sells (to May 26)
More Retail,Mar 26,Hair Care / Shampoo / Herbal Shampoo,86.7431,5.3559,Shampoo,6.1745,More_MS (sub-class level),Sub-Class,Sub-categories where Honasa sells (to May 26)
More Retail,Mar 26,Hair Care / Shampoo / Premium Beauty,0.0,0.0,Shampoo,,More_MS (sub-class level),Sub-Class,Sub-categories where Honasa sells (to May 26)
More Retail,Mar 26,Hair Care / Shampoo / Regular Shampoo,0.0,0.0,Shampoo,,More_MS (sub-class level),Sub-Class,Sub-categories where Honasa sells (to May 26)
More Retail,Mar 26,Hair Care / Treatment & Styling,51.5057,0.0676,Hair Treatment & Styling,0.1313,More_MS (class level),Category,Sub-categories where Honasa sells (to May 26)
More Retail,Mar 26,Hair Care / Treatment & Styling / Mousse Serum & Cream,51.5057,0.0676,Face Serum & Treatment,0.1313,More_MS (sub-class level),Sub-Class,Sub-categories where Honasa sells (to May 26)
More Retail,Mar 26,Insecticide / Repellant / Fly Insecticide / Repellant,48.5416,0.9333,Other,1.9227,More_MS (class level),Category,Sub-categories where Honasa sells (to May 26)
More Retail,Mar 26,Insecticide / Repellant / Fly Insecticide / Repellant / Spray FIK,48.5416,0.9333,Hair Treatment & Styling,1.9227,More_MS (sub-class level),Sub-Class,Sub-categories where Honasa sells (to May 26)
More Retail,Mar 26,Insecticide / Repellant / Multi-function Insecticide / Repellant,7.3375,0.0051,Other,0.0696,More_MS (class level),Category,Sub-categories where Honasa sells (to May 26)
More Retail,Mar 26,Insecticide / Repellant / Multi-function Insecticide / Repellant / Others,7.3375,0.0051,Other,0.0696,More_MS (sub-class level),Sub-Class,Sub-categories where Honasa sells (to May 26)
More Retail,Mar 26,OTC / Pain & Relief,8.5022,0.3044,Other,3.5802,More_MS (class level),Category,Sub-categories where Honasa sells (to May 26)
More Retail,Mar 26,OTC / Pain & Relief / Cough and Cold,8.5022,0.3044,Other,3.5802,More_MS (sub-class level),Sub-Class,Sub-categories where Honasa sells (to May 26)
More Retail,Mar 26,Oral Care / Tooth Paste,15.9293,1.8331,Oral Care,11.5078,More_MS (class level),Category,Sub-categories where Honasa sells (to May 26)
More Retail,Mar 26,Oral Care / Tooth Paste / Kids Toothpaste,15.9293,1.8331,Oral Care,11.5078,More_MS (sub-class level),Sub-Class,Sub-categories where Honasa sells (to May 26)
More Retail,Mar 26,Personal Wash / Soap,261.6256,1.7119,Body Wash & Soap,0.6543,More_MS (class level),Category,Sub-categories where Honasa sells (to May 26)
More Retail,Mar 26,Personal Wash / Soap / Premium Soap,261.6256,1.7119,Body Wash & Soap,0.6543,More_MS (sub-class level),Sub-Class,Sub-categories where Honasa sells (to May 26)
More Retail,Mar 26,Skin Care / Body Care,172.5463,1.3133,Body Lotion & Care,0.7611,More_MS (class level),Category,Sub-categories where Honasa sells (to May 26)
More Retail,Mar 26,Skin Care / Body Care / Cream & Lotion Body,172.5463,1.3133,Body Lotion & Care,0.7611,More_MS (sub-class level),Sub-Class,Sub-categories where Honasa sells (to May 26)
More Retail,Mar 26,Skin Care / Body Care / Others,0.0,0.0,Body Lotion & Care,,More_MS (sub-class level),Sub-Class,Sub-categories where Honasa sells (to May 26)
More Retail,Mar 26,Skin Care / Face Care,179.5187,23.8927,Face Moisturiser & Cream,13.3093,More_MS (class level),Category,Sub-categories where Honasa sells (to May 26)
More Retail,Mar 26,Skin Care / Face Care / Cream & Lotion Body,72.8742,0.024,Face Moisturiser & Cream,0.0329,More_MS (sub-class level),Sub-Class,Sub-categories where Honasa sells (to May 26)
More Retail,Mar 26,Skin Care / Face Care / Fairness,0.0,0.0,Face Moisturiser & Cream,,More_MS (sub-class level),Sub-Class,Sub-categories where Honasa sells (to May 26)
More Retail,Mar 26,Skin Care / Face Care / Moisturising,29.0017,0.6865,Face Moisturiser & Cream,2.3672,More_MS (sub-class level),Sub-Class,Sub-categories where Honasa sells (to May 26)
More Retail,Mar 26,Skin Care / Face Care / Others,14.4958,8.157,Face Moisturiser & Cream,56.2716,More_MS (sub-class level),Sub-Class,Sub-categories where Honasa sells (to May 26)
More Retail,Mar 26,Skin Care / Face Care / Sunscreen,63.1471,15.0252,Sun Care,23.794,More_MS (sub-class level),Sub-Class,Sub-categories where Honasa sells (to May 26)
More Retail,Mar 26,Skin Care / Facial Cleanser,206.8834,19.471,Face Wash & Cleanser,9.4116,More_MS (class level),Category,Sub-categories where Honasa sells (to May 26)
More Retail,Mar 26,Skin Care / Facial Cleanser / Facewashes,199.8584,19.4365,Face Wash & Cleanser,9.7252,More_MS (sub-class level),Sub-Class,Sub-categories where Honasa sells (to May 26)
More Retail,Mar 26,Skin Care / Facial Cleanser / Mask/ pack,7.025,0.0345,Face Wash & Cleanser,0.4906,More_MS (sub-class level),Sub-Class,Sub-categories where Honasa sells (to May 26)
More Retail,Apr 26,Baby / Baby Hygiene,161.8656,5.0701,Baby Care,3.1323,More_MS (class level),Category,Sub-categories where Honasa sells (to May 26)
More Retail,Apr 26,Baby / Baby Hygiene / Baby Hair Oil,3.3386,0.3947,Baby Care,11.8235,More_MS (sub-class level),Sub-Class,Sub-categories where Honasa sells (to May 26)
More Retail,Apr 26,Baby / Baby Hygiene / Baby Massage Oil,15.5953,0.0623,Baby Care,0.3997,More_MS (sub-class level),Sub-Class,Sub-categories where Honasa sells (to May 26)
More Retail,Apr 26,Baby / Baby Hygiene / Baby Moisturizer,33.4215,1.1224,Baby Care,3.3582,More_MS (sub-class level),Sub-Class,Sub-categories where Honasa sells (to May 26)
More Retail,Apr 26,Baby / Baby Hygiene / Baby Powder,34.4526,0.4136,Baby Care,1.2005,More_MS (sub-class level),Sub-Class,Sub-categories where Honasa sells (to May 26)
More Retail,Apr 26,Baby / Baby Hygiene / Baby Shampoo,33.727,0.7683,Baby Care,2.2779,More_MS (sub-class level),Sub-Class,Sub-categories where Honasa sells (to May 26)
More Retail,Apr 26,Baby / Baby Hygiene / Baby Soap,24.9863,2.0707,Baby Care,8.2873,More_MS (sub-class level),Sub-Class,Sub-categories where Honasa sells (to May 26)
More Retail,Apr 26,Baby / Baby Hygiene / Baby Toothbrush,0.0,0.0,Baby Care,,More_MS (sub-class level),Sub-Class,Sub-categories where Honasa sells (to May 26)
More Retail,Apr 26,Baby / Baby Hygiene / Baby Wash,15.8347,0.2177,Baby Care,1.3748,More_MS (sub-class level),Sub-Class,Sub-categories where Honasa sells (to May 26)
More Retail,Apr 26,Baby / Baby Hygiene / Others,0.5097,0.0204,Baby Care,4.0024,More_MS (sub-class level),Sub-Class,Sub-categories where Honasa sells (to May 26)
More Retail,Apr 26,Hair Care / Conditioner,78.8877,0.4232,Conditioner,0.5364,More_MS (class level),Category,Sub-categories where Honasa sells (to May 26)
More Retail,Apr 26,Hair Care / Conditioner / Rinsing Off,78.8877,0.4232,Conditioner,0.5364,More_MS (sub-class level),Sub-Class,Sub-categories where Honasa sells (to May 26)
More Retail,Apr 26,Hair Care / Hair Oil,14.6955,0.623,Hair Oil,4.2395,More_MS (class level),Category,Sub-categories where Honasa sells (to May 26)
More Retail,Apr 26,Hair Care / Hair Oil / Others,14.6955,0.623,Hair Oil,4.2395,More_MS (sub-class level),Sub-Class,Sub-categories where Honasa sells (to May 26)
More Retail,Apr 26,Hair Care / Shampoo,71.9179,5.2293,Shampoo,7.2711,More_MS (class level),Category,Sub-categories where Honasa sells (to May 26)
More Retail,Apr 26,Hair Care / Shampoo / Functional Shampoo,0.0,0.0,Shampoo,,More_MS (sub-class level),Sub-Class,Sub-categories where Honasa sells (to May 26)
More Retail,Apr 26,Hair Care / Shampoo / Herbal Shampoo,71.9179,5.2293,Shampoo,7.2711,More_MS (sub-class level),Sub-Class,Sub-categories where Honasa sells (to May 26)
More Retail,Apr 26,Hair Care / Shampoo / Premium Beauty,0.0,0.0,Shampoo,,More_MS (sub-class level),Sub-Class,Sub-categories where Honasa sells (to May 26)
More Retail,Apr 26,Hair Care / Shampoo / Regular Shampoo,0.0,0.0,Shampoo,,More_MS (sub-class level),Sub-Class,Sub-categories where Honasa sells (to May 26)
More Retail,Apr 26,Hair Care / Treatment & Styling,41.0528,0.0489,Hair Treatment & Styling,0.119,More_MS (class level),Category,Sub-categories where Honasa sells (to May 26)
More Retail,Apr 26,Hair Care / Treatment & Styling / Mousse Serum & Cream,41.0528,0.0489,Face Serum & Treatment,0.119,More_MS (sub-class level),Sub-Class,Sub-categories where Honasa sells (to May 26)
More Retail,Apr 26,Insecticide / Repellant / Fly Insecticide / Repellant,39.752,0.4183,Other,1.0522,More_MS (class level),Category,Sub-categories where Honasa sells (to May 26)
More Retail,Apr 26,Insecticide / Repellant / Fly Insecticide / Repellant / Spray FIK,39.752,0.4183,Hair Treatment & Styling,1.0522,More_MS (sub-class level),Sub-Class,Sub-categories where Honasa sells (to May 26)
More Retail,Apr 26,Insecticide / Repellant / Multi-function Insecticide / Repellant,6.4835,0.0039,Other,0.0597,More_MS (class level),Category,Sub-categories where Honasa sells (to May 26)
More Retail,Apr 26,Insecticide / Repellant / Multi-function Insecticide / Repellant / Others,6.4835,0.0039,Other,0.0597,More_MS (sub-class level),Sub-Class,Sub-categories where Honasa sells (to May 26)
More Retail,Apr 26,OTC / Pain & Relief,6.241,0.2121,Other,3.3986,More_MS (class level),Category,Sub-categories where Honasa sells (to May 26)
More Retail,Apr 26,OTC / Pain & Relief / Cough and Cold,6.241,0.2121,Other,3.3986,More_MS (sub-class level),Sub-Class,Sub-categories where Honasa sells (to May 26)
More Retail,Apr 26,Oral Care / Tooth Paste,14.6131,1.1302,Oral Care,7.7344,More_MS (class level),Category,Sub-categories where Honasa sells (to May 26)
More Retail,Apr 26,Oral Care / Tooth Paste / Kids Toothpaste,14.6131,1.1302,Oral Care,7.7344,More_MS (sub-class level),Sub-Class,Sub-categories where Honasa sells (to May 26)
More Retail,Apr 26,Personal Wash / Soap,246.7179,1.514,Body Wash & Soap,0.6137,More_MS (class level),Category,Sub-categories where Honasa sells (to May 26)
More Retail,Apr 26,Personal Wash / Soap / Premium Soap,246.7179,1.514,Body Wash & Soap,0.6137,More_MS (sub-class level),Sub-Class,Sub-categories where Honasa sells (to May 26)
More Retail,Apr 26,Skin Care / Body Care,151.8041,1.2357,Body Lotion & Care,0.814,More_MS (class level),Category,Sub-categories where Honasa sells (to May 26)
More Retail,Apr 26,Skin Care / Body Care / Cream & Lotion Body,151.8041,1.2357,Body Lotion & Care,0.814,More_MS (sub-class level),Sub-Class,Sub-categories where Honasa sells (to May 26)
More Retail,Apr 26,Skin Care / Body Care / Others,0.0,0.0,Body Lotion & Care,,More_MS (sub-class level),Sub-Class,Sub-categories where Honasa sells (to May 26)
More Retail,Apr 26,Skin Care / Face Care,183.9995,22.4173,Face Moisturiser & Cream,12.1834,More_MS (class level),Category,Sub-categories where Honasa sells (to May 26)
More Retail,Apr 26,Skin Care / Face Care / Cream & Lotion Body,74.0073,0.018,Face Moisturiser & Cream,0.0243,More_MS (sub-class level),Sub-Class,Sub-categories where Honasa sells (to May 26)
More Retail,Apr 26,Skin Care / Face Care / Fairness,0.0,0.0,Face Moisturiser & Cream,,More_MS (sub-class level),Sub-Class,Sub-categories where Honasa sells (to May 26)
More Retail,Apr 26,Skin Care / Face Care / Moisturising,23.1304,0.6168,Face Moisturiser & Cream,2.6668,More_MS (sub-class level),Sub-Class,Sub-categories where Honasa sells (to May 26)
More Retail,Apr 26,Skin Care / Face Care / Others,22.3934,8.2371,Face Moisturiser & Cream,36.7837,More_MS (sub-class level),Sub-Class,Sub-categories where Honasa sells (to May 26)
More Retail,Apr 26,Skin Care / Face Care / Sunscreen,64.4684,13.5454,Sun Care,21.0109,More_MS (sub-class level),Sub-Class,Sub-categories where Honasa sells (to May 26)
More Retail,Apr 26,Skin Care / Facial Cleanser,139.6074,18.8153,Face Wash & Cleanser,13.4773,More_MS (class level),Category,Sub-categories where Honasa sells (to May 26)
More Retail,Apr 26,Skin Care / Facial Cleanser / Facewashes,131.0936,18.6434,Face Wash & Cleanser,14.2214,More_MS (sub-class level),Sub-Class,Sub-categories where Honasa sells (to May 26)
More Retail,Apr 26,Skin Care / Facial Cleanser / Mask/ pack,8.5138,0.1719,Face Wash & Cleanser,2.0193,More_MS (sub-class level),Sub-Class,Sub-categories where Honasa sells (to May 26)
More Retail,May 26,Baby / Baby Hygiene,207.1977,5.7242,Baby Care,2.7627,More_MS (class level),Category,Sub-categories where Honasa sells (to May 26)
More Retail,May 26,Baby / Baby Hygiene / Baby Hair Oil,4.7419,0.4251,Baby Care,8.9646,More_MS (sub-class level),Sub-Class,Sub-categories where Honasa sells (to May 26)
More Retail,May 26,Baby / Baby Hygiene / Baby Massage Oil,17.2364,0.0129,Baby Care,0.0748,More_MS (sub-class level),Sub-Class,Sub-categories where Honasa sells (to May 26)
More Retail,May 26,Baby / Baby Hygiene / Baby Moisturizer,45.6714,1.0279,Baby Care,2.2506,More_MS (sub-class level),Sub-Class,Sub-categories where Honasa sells (to May 26)
More Retail,May 26,Baby / Baby Hygiene / Baby Powder,35.492,0.2203,Baby Care,0.6208,More_MS (sub-class level),Sub-Class,Sub-categories where Honasa sells (to May 26)
More Retail,May 26,Baby / Baby Hygiene / Baby Shampoo,42.8586,1.3379,Baby Care,3.1216,More_MS (sub-class level),Sub-Class,Sub-categories where Honasa sells (to May 26)
More Retail,May 26,Baby / Baby Hygiene / Baby Soap,41.0291,2.439,Baby Care,5.9445,More_MS (sub-class level),Sub-Class,Sub-categories where Honasa sells (to May 26)
More Retail,May 26,Baby / Baby Hygiene / Baby Toothbrush,0.0,0.0,Baby Care,,More_MS (sub-class level),Sub-Class,Sub-categories where Honasa sells (to May 26)
More Retail,May 26,Baby / Baby Hygiene / Baby Wash,19.5708,0.2105,Baby Care,1.0757,More_MS (sub-class level),Sub-Class,Sub-categories where Honasa sells (to May 26)
More Retail,May 26,Baby / Baby Hygiene / Others,0.5975,0.0507,Baby Care,8.4822,More_MS (sub-class level),Sub-Class,Sub-categories where Honasa sells (to May 26)
More Retail,May 26,Hair Care / Conditioner,85.9926,0.3875,Conditioner,0.4506,More_MS (class level),Category,Sub-categories where Honasa sells (to May 26)
More Retail,May 26,Hair Care / Conditioner / Rinsing Off,85.9926,0.3875,Conditioner,0.4506,More_MS (sub-class level),Sub-Class,Sub-categories where Honasa sells (to May 26)
More Retail,May 26,Hair Care / Hair Oil,16.1074,1.9181,Hair Oil,11.9083,More_MS (class level),Category,Sub-categories where Honasa sells (to May 26)
More Retail,May 26,Hair Care / Hair Oil / Others,16.1074,1.9181,Hair Oil,11.9083,More_MS (sub-class level),Sub-Class,Sub-categories where Honasa sells (to May 26)
More Retail,May 26,Hair Care / Shampoo,77.6633,5.6995,Shampoo,7.3387,More_MS (class level),Category,Sub-categories where Honasa sells (to May 26)
More Retail,May 26,Hair Care / Shampoo / Functional Shampoo,0.0,0.0,Shampoo,,More_MS (sub-class level),Sub-Class,Sub-categories where Honasa sells (to May 26)
More Retail,May 26,Hair Care / Shampoo / Herbal Shampoo,77.6633,5.6995,Shampoo,7.3387,More_MS (sub-class level),Sub-Class,Sub-categories where Honasa sells (to May 26)
More Retail,May 26,Hair Care / Shampoo / Premium Beauty,0.0,0.0,Shampoo,,More_MS (sub-class level),Sub-Class,Sub-categories where Honasa sells (to May 26)
More Retail,May 26,Hair Care / Shampoo / Regular Shampoo,0.0,0.0,Shampoo,,More_MS (sub-class level),Sub-Class,Sub-categories where Honasa sells (to May 26)
More Retail,May 26,Hair Care / Treatment & Styling,49.3859,0.0424,Hair Treatment & Styling,0.086,More_MS (class level),Category,Sub-categories where Honasa sells (to May 26)
More Retail,May 26,Hair Care / Treatment & Styling / Mousse Serum & Cream,49.3859,0.0424,Face Serum & Treatment,0.086,More_MS (sub-class level),Sub-Class,Sub-categories where Honasa sells (to May 26)
More Retail,May 26,Insecticide / Repellant / Fly Insecticide / Repellant,40.3972,0.2182,Other,0.5401,More_MS (class level),Category,Sub-categories where Honasa sells (to May 26)
More Retail,May 26,Insecticide / Repellant / Fly Insecticide / Repellant / Spray FIK,40.3972,0.2182,Hair Treatment & Styling,0.5401,More_MS (sub-class level),Sub-Class,Sub-categories where Honasa sells (to May 26)
More Retail,May 26,Insecticide / Repellant / Multi-function Insecticide / Repellant,4.3996,0.0025,Other,0.0561,More_MS (class level),Category,Sub-categories where Honasa sells (to May 26)
More Retail,May 26,Insecticide / Repellant / Multi-function Insecticide / Repellant / Others,4.3996,0.0025,Other,0.0561,More_MS (sub-class level),Sub-Class,Sub-categories where Honasa sells (to May 26)
More Retail,May 26,OTC / Pain & Relief,6.2625,0.1609,Other,2.5687,More_MS (class level),Category,Sub-categories where Honasa sells (to May 26)
More Retail,May 26,OTC / Pain & Relief / Cough and Cold,6.2625,0.1609,Other,2.5687,More_MS (sub-class level),Sub-Class,Sub-categories where Honasa sells (to May 26)
More Retail,May 26,Oral Care / Tooth Paste,14.3689,0.7203,Oral Care,5.0131,More_MS (class level),Category,Sub-categories where Honasa sells (to May 26)
More Retail,May 26,Oral Care / Tooth Paste / Kids Toothpaste,14.3689,0.7203,Oral Care,5.0131,More_MS (sub-class level),Sub-Class,Sub-categories where Honasa sells (to May 26)
More Retail,May 26,Personal Wash / Soap,221.7306,1.7768,Body Wash & Soap,0.8013,More_MS (class level),Category,Sub-categories where Honasa sells (to May 26)
More Retail,May 26,Personal Wash / Soap / Premium Soap,221.7306,1.7768,Body Wash & Soap,0.8013,More_MS (sub-class level),Sub-Class,Sub-categories where Honasa sells (to May 26)
More Retail,May 26,Skin Care / Body Care,214.047,0.9097,Body Lotion & Care,0.425,More_MS (class level),Category,Sub-categories where Honasa sells (to May 26)
More Retail,May 26,Skin Care / Body Care / Cream & Lotion Body,214.047,0.9097,Body Lotion & Care,0.425,More_MS (sub-class level),Sub-Class,Sub-categories where Honasa sells (to May 26)
More Retail,May 26,Skin Care / Body Care / Others,0.0,0.0,Body Lotion & Care,,More_MS (sub-class level),Sub-Class,Sub-categories where Honasa sells (to May 26)
More Retail,May 26,Skin Care / Face Care,147.5398,27.3819,Face Moisturiser & Cream,18.559,More_MS (class level),Category,Sub-categories where Honasa sells (to May 26)
More Retail,May 26,Skin Care / Face Care / Cream & Lotion Body,48.7353,0.017,Face Moisturiser & Cream,0.035,More_MS (sub-class level),Sub-Class,Sub-categories where Honasa sells (to May 26)
More Retail,May 26,Skin Care / Face Care / Fairness,0.0,0.0,Face Moisturiser & Cream,,More_MS (sub-class level),Sub-Class,Sub-categories where Honasa sells (to May 26)
More Retail,May 26,Skin Care / Face Care / Moisturising,24.0646,0.6306,Face Moisturiser & Cream,2.6203,More_MS (sub-class level),Sub-Class,Sub-categories where Honasa sells (to May 26)
More Retail,May 26,Skin Care / Face Care / Others,12.3777,9.2993,Face Moisturiser & Cream,75.1294,More_MS (sub-class level),Sub-Class,Sub-categories where Honasa sells (to May 26)
More Retail,May 26,Skin Care / Face Care / Sunscreen,62.3623,17.435,Sun Care,27.9576,More_MS (sub-class level),Sub-Class,Sub-categories where Honasa sells (to May 26)
More Retail,May 26,Skin Care / Facial Cleanser,148.0246,26.3246,Face Wash & Cleanser,17.784,More_MS (class level),Category,Sub-categories where Honasa sells (to May 26)
More Retail,May 26,Skin Care / Facial Cleanser / Facewashes,140.926,26.1614,Face Wash & Cleanser,18.5639,More_MS (sub-class level),Sub-Class,Sub-categories where Honasa sells (to May 26)
More Retail,May 26,Skin Care / Facial Cleanser / Mask/ pack,7.0985,0.1632,Face Wash & Cleanser,2.2995,More_MS (sub-class level),Sub-Class,Sub-categories where Honasa sells (to May 26)
More Retail,Jun 26,Baby / Baby Hygiene,175.8574,4.9935,Baby Care,2.8395,More_MS (class level),Category,Full account category report (from Jun 26)
More Retail,Jun 26,Baby / Baby Hygiene / Baby Hair Oil,3.6538,0.4912,Baby Care,13.443,More_MS (sub-class level),Sub-Class,Full account category report (from Jun 26)
More Retail,Jun 26,Baby / Baby Hygiene / Baby Massage Oil,14.1055,0.0657,Baby Care,0.4658,More_MS (sub-class level),Sub-Class,Full account category report (from Jun 26)
More Retail,Jun 26,Baby / Baby Hygiene / Baby Moisturizer,28.5139,1.2448,Baby Care,4.3655,More_MS (sub-class level),Sub-Class,Full account category report (from Jun 26)
More Retail,Jun 26,Baby / Baby Hygiene / Baby Powder,27.0526,0.2526,Baby Care,0.9338,More_MS (sub-class level),Sub-Class,Full account category report (from Jun 26)
More Retail,Jun 26,Baby / Baby Hygiene / Baby Shampoo,52.1637,0.2796,Baby Care,0.536,More_MS (sub-class level),Sub-Class,Full account category report (from Jun 26)
More Retail,Jun 26,Baby / Baby Hygiene / Baby Soap,26.4719,2.0856,Baby Care,7.8785,More_MS (sub-class level),Sub-Class,Full account category report (from Jun 26)
More Retail,Jun 26,Baby / Baby Hygiene / Baby Toothbrush,2.5863,0.4586,Baby Care,17.7335,More_MS (sub-class level),Sub-Class,Full account category report (from Jun 26)
More Retail,Jun 26,Baby / Baby Hygiene / Baby Wash,17.3405,0.0276,Baby Care,0.1593,More_MS (sub-class level),Sub-Class,Full account category report (from Jun 26)
More Retail,Jun 26,Baby / Baby Hygiene / Others,0.5277,0.0877,Baby Care,16.6177,More_MS (sub-class level),Sub-Class,Full account category report (from Jun 26)
More Retail,Jun 26,Hair Care / Conditioner,79.7809,0.3929,Conditioner,0.4925,More_MS (class level),Category,Full account category report (from Jun 26)
More Retail,Jun 26,Hair Care / Conditioner / Rinsing Off,73.8649,0.3929,Conditioner,0.5319,More_MS (sub-class level),Sub-Class,Full account category report (from Jun 26)
More Retail,Jun 26,Hair Care / Hair Oil,358.6082,0.7523,Hair Oil,0.2098,More_MS (class level),Category,Full account category report (from Jun 26)
More Retail,Jun 26,Hair Care / Hair Oil / Others,13.2267,0.7523,Hair Oil,5.6877,More_MS (sub-class level),Sub-Class,Full account category report (from Jun 26)
More Retail,Jun 26,Hair Care / Shampoo,852.2964,6.5174,Shampoo,0.7647,More_MS (class level),Category,Full account category report (from Jun 26)
More Retail,Jun 26,Hair Care / Shampoo / Functional Shampoo,5.1952,1.2421,Shampoo,23.9093,More_MS (sub-class level),Sub-Class,Full account category report (from Jun 26)
More Retail,Jun 26,Hair Care / Shampoo / Herbal Shampoo,71.389,0.0,Shampoo,0.0,More_MS (sub-class level),Sub-Class,Full account category report (from Jun 26)
More Retail,Jun 26,Hair Care / Shampoo / Premium Beauty,480.2915,2.6406,Shampoo,0.5498,More_MS (sub-class level),Sub-Class,Full account category report (from Jun 26)
More Retail,Jun 26,Hair Care / Shampoo / Regular Shampoo,6.3096,2.6347,Shampoo,41.7565,More_MS (sub-class level),Sub-Class,Full account category report (from Jun 26)
More Retail,Jun 26,Hair Care / Treatment & Styling,56.129,4.3854,Hair Treatment & Styling,7.813,More_MS (class level),Category,Full account category report (from Jun 26)
More Retail,Jun 26,Hair Care / Treatment & Styling / Mousse Serum & Cream,43.3243,4.3854,Face Serum & Treatment,10.1222,More_MS (sub-class level),Sub-Class,Full account category report (from Jun 26)
More Retail,Jun 26,Insecticide / Repellant / Fly Insecticide / Repellant,262.7435,0.006,Other,0.0023,More_MS (class level),Category,Full account category report (from Jun 26)
More Retail,Jun 26,Insecticide / Repellant / Fly Insecticide / Repellant / Spray FIK,32.7565,0.006,Hair Treatment & Styling,0.0183,More_MS (sub-class level),Sub-Class,Full account category report (from Jun 26)
More Retail,Jun 26,Insecticide / Repellant / Multi-function Insecticide / Repellant,11.2236,0.0012,Other,0.011,More_MS (class level),Category,Full account category report (from Jun 26)
More Retail,Jun 26,Insecticide / Repellant / Multi-function Insecticide / Repellant / Others,4.1763,0.0012,Other,0.0295,More_MS (sub-class level),Sub-Class,Full account category report (from Jun 26)
More Retail,Jun 26,OTC / Pain & Relief,47.8396,0.14,Other,0.2927,More_MS (class level),Category,Full account category report (from Jun 26)
More Retail,Jun 26,OTC / Pain & Relief / Cough and Cold,6.7743,0.14,Other,2.0667,More_MS (sub-class level),Sub-Class,Full account category report (from Jun 26)
More Retail,Jun 26,Oral Care / Tooth Paste,507.0083,0.3598,Oral Care,0.071,More_MS (class level),Category,Full account category report (from Jun 26)
More Retail,Jun 26,Oral Care / Tooth Paste / Kids Toothpaste,14.0549,0.3598,Oral Care,2.5599,More_MS (sub-class level),Sub-Class,Full account category report (from Jun 26)
More Retail,Jun 26,Personal Wash / Soap,655.4419,1.722,Body Wash & Soap,0.2627,More_MS (class level),Category,Full account category report (from Jun 26)
More Retail,Jun 26,Personal Wash / Soap / Premium Soap,225.7571,1.722,Body Wash & Soap,0.7628,More_MS (sub-class level),Sub-Class,Full account category report (from Jun 26)
More Retail,Jun 26,Skin Care / Body Care,138.0401,2.7058,Body Lotion & Care,1.9602,More_MS (class level),Category,Full account category report (from Jun 26)
More Retail,Jun 26,Skin Care / Body Care / Cream & Lotion Body,106.6079,0.6413,Body Lotion & Care,0.6015,More_MS (sub-class level),Sub-Class,Full account category report (from Jun 26)
More Retail,Jun 26,Skin Care / Body Care / Others,4.7546,2.0645,Body Lotion & Care,43.422,More_MS (sub-class level),Sub-Class,Full account category report (from Jun 26)
More Retail,Jun 26,Skin Care / Face Care,713.5017,13.4282,Face Moisturiser & Cream,1.882,More_MS (class level),Category,Full account category report (from Jun 26)
More Retail,Jun 26,Skin Care / Face Care / Cream & Lotion Body,41.0555,2.7015,Face Moisturiser & Cream,6.5801,More_MS (sub-class level),Sub-Class,Full account category report (from Jun 26)
More Retail,Jun 26,Skin Care / Face Care / Fairness,556.4424,0.4881,Face Moisturiser & Cream,0.0877,More_MS (sub-class level),Sub-Class,Full account category report (from Jun 26)
More Retail,Jun 26,Skin Care / Face Care / Moisturising,18.9635,0.0542,Face Moisturiser & Cream,0.2858,More_MS (sub-class level),Sub-Class,Full account category report (from Jun 26)
More Retail,Jun 26,Skin Care / Face Care / Others,10.321,0.0223,Face Moisturiser & Cream,0.2161,More_MS (sub-class level),Sub-Class,Full account category report (from Jun 26)
More Retail,Jun 26,Skin Care / Face Care / Sunscreen,43.1147,10.1621,Sun Care,23.5699,More_MS (sub-class level),Sub-Class,Full account category report (from Jun 26)
More Retail,Jun 26,Skin Care / Facial Cleanser,200.0572,22.5693,Face Wash & Cleanser,11.2814,More_MS (class level),Category,Full account category report (from Jun 26)
More Retail,Jun 26,Skin Care / Facial Cleanser / Facewashes,133.5764,22.4669,Face Wash & Cleanser,16.8195,More_MS (sub-class level),Sub-Class,Full account category report (from Jun 26)
More Retail,Jun 26,Skin Care / Facial Cleanser / Mask/ pack,6.5319,0.1024,Face Wash & Cleanser,1.5682,More_MS (sub-class level),Sub-Class,Full account category report (from Jun 26)
More Retail,Jul 26,Baby / Baby Hygiene,110.9025,4.6714,Baby Care,4.2122,More_MS (class level),Category,Full account category report (from Jun 26)
More Retail,Jul 26,Baby / Baby Hygiene / Baby Hair Oil,3.5628,0.4474,Baby Care,12.5582,More_MS (sub-class level),Sub-Class,Full account category report (from Jun 26)
More Retail,Jul 26,Baby / Baby Hygiene / Baby Massage Oil,5.2575,0.0278,Baby Care,0.5288,More_MS (sub-class level),Sub-Class,Full account category report (from Jun 26)
More Retail,Jul 26,Baby / Baby Hygiene / Baby Moisturizer,24.7393,1.2827,Baby Care,5.1849,More_MS (sub-class level),Sub-Class,Full account category report (from Jun 26)
More Retail,Jul 26,Baby / Baby Hygiene / Baby Powder,9.0539,0.2212,Baby Care,2.4431,More_MS (sub-class level),Sub-Class,Full account category report (from Jun 26)
More Retail,Jul 26,Baby / Baby Hygiene / Baby Shampoo,22.9724,0.1931,Baby Care,0.8407,More_MS (sub-class level),Sub-Class,Full account category report (from Jun 26)
More Retail,Jul 26,Baby / Baby Hygiene / Baby Soap,24.3622,1.7807,Baby Care,7.3094,More_MS (sub-class level),Sub-Class,Full account category report (from Jun 26)
More Retail,Jul 26,Baby / Baby Hygiene / Baby Toothbrush,2.8409,0.6442,Baby Care,22.6778,More_MS (sub-class level),Sub-Class,Full account category report (from Jun 26)
More Retail,Jul 26,Baby / Baby Hygiene / Baby Wash,14.26,0.0167,Baby Care,0.1169,More_MS (sub-class level),Sub-Class,Full account category report (from Jun 26)
More Retail,Jul 26,Baby / Baby Hygiene / Others,0.6188,0.0575,Baby Care,9.296,More_MS (sub-class level),Sub-Class,Full account category report (from Jun 26)
More Retail,Jul 26,Hair Care / Conditioner,119.1842,0.4009,Conditioner,0.3363,More_MS (class level),Category,Full account category report (from Jun 26)
More Retail,Jul 26,Hair Care / Conditioner / Rinsing Off,71.6856,0.4009,Conditioner,0.5592,More_MS (sub-class level),Sub-Class,Full account category report (from Jun 26)
More Retail,Jul 26,Hair Care / Hair Oil,312.3392,0.7144,Hair Oil,0.2287,More_MS (class level),Category,Full account category report (from Jun 26)
More Retail,Jul 26,Hair Care / Hair Oil / Others,10.5248,0.7144,Hair Oil,6.7874,More_MS (sub-class level),Sub-Class,Full account category report (from Jun 26)
More Retail,Jul 26,Hair Care / Shampoo,431.5598,6.204,Shampoo,1.4376,More_MS (class level),Category,Full account category report (from Jun 26)
More Retail,Jul 26,Hair Care / Shampoo / Functional Shampoo,4.6088,0.9801,Shampoo,21.2651,More_MS (sub-class level),Sub-Class,Full account category report (from Jun 26)
More Retail,Jul 26,Hair Care / Shampoo / Herbal Shampoo,67.149,0.0,Shampoo,0.0,More_MS (sub-class level),Sub-Class,Full account category report (from Jun 26)
More Retail,Jul 26,Hair Care / Shampoo / Premium Beauty,223.7687,2.7089,Shampoo,1.2106,More_MS (sub-class level),Sub-Class,Full account category report (from Jun 26)
More Retail,Jul 26,Hair Care / Shampoo / Regular Shampoo,5.9584,2.515,Shampoo,42.2102,More_MS (sub-class level),Sub-Class,Full account category report (from Jun 26)
More Retail,Jul 26,Hair Care / Treatment & Styling,53.9902,3.8931,Hair Treatment & Styling,7.2108,More_MS (class level),Category,Full account category report (from Jun 26)
More Retail,Jul 26,Hair Care / Treatment & Styling / Mousse Serum & Cream,39.6813,3.8931,Face Serum & Treatment,9.8109,More_MS (sub-class level),Sub-Class,Full account category report (from Jun 26)
More Retail,Jul 26,Insecticide / Repellant / Fly Insecticide / Repellant,252.6425,0.0043,Other,0.0017,More_MS (class level),Category,Full account category report (from Jun 26)
More Retail,Jul 26,Insecticide / Repellant / Fly Insecticide / Repellant / Spray FIK,34.4217,0.0043,Hair Treatment & Styling,0.0125,More_MS (sub-class level),Sub-Class,Full account category report (from Jun 26)
More Retail,Jul 26,Insecticide / Repellant / Multi-function Insecticide / Repellant,0.0,0.0,Other,,More_MS (class level),Category,Full account category report (from Jun 26)
More Retail,Jul 26,Insecticide / Repellant / Multi-function Insecticide / Repellant / Others,0.0,0.0,Other,,More_MS (sub-class level),Sub-Class,Full account category report (from Jun 26)
More Retail,Jul 26,OTC / Pain & Relief,45.2864,0.1261,Other,0.2784,More_MS (class level),Category,Full account category report (from Jun 26)
More Retail,Jul 26,OTC / Pain & Relief / Cough and Cold,6.7878,0.1261,Other,1.8577,More_MS (sub-class level),Sub-Class,Full account category report (from Jun 26)
More Retail,Jul 26,Oral Care / Tooth Paste,563.6861,0.2897,Oral Care,0.0514,More_MS (class level),Category,Full account category report (from Jun 26)
More Retail,Jul 26,Oral Care / Tooth Paste / Kids Toothpaste,14.107,0.2897,Oral Care,2.0533,More_MS (sub-class level),Sub-Class,Full account category report (from Jun 26)
More Retail,Jul 26,Personal Wash / Soap,743.083,1.6093,Body Wash & Soap,0.2166,More_MS (class level),Category,Full account category report (from Jun 26)
More Retail,Jul 26,Personal Wash / Soap / Premium Soap,198.4025,1.6093,Body Wash & Soap,0.8111,More_MS (sub-class level),Sub-Class,Full account category report (from Jun 26)
More Retail,Jul 26,Skin Care / Body Care,251.8875,2.0653,Body Lotion & Care,0.8199,More_MS (class level),Category,Full account category report (from Jun 26)
More Retail,Jul 26,Skin Care / Body Care / Cream & Lotion Body,229.2654,0.7502,Body Lotion & Care,0.3272,More_MS (sub-class level),Sub-Class,Full account category report (from Jun 26)
More Retail,Jul 26,Skin Care / Body Care / Others,2.6129,1.3151,Body Lotion & Care,50.3296,More_MS (sub-class level),Sub-Class,Full account category report (from Jun 26)
More Retail,Jul 26,Skin Care / Face Care,509.8056,10.0835,Face Moisturiser & Cream,1.9779,More_MS (class level),Category,Full account category report (from Jun 26)
More Retail,Jul 26,Skin Care / Face Care / Cream & Lotion Body,32.3228,2.6463,Face Moisturiser & Cream,8.1871,More_MS (sub-class level),Sub-Class,Full account category report (from Jun 26)
More Retail,Jul 26,Skin Care / Face Care / Fairness,378.5457,0.5297,Face Moisturiser & Cream,0.1399,More_MS (sub-class level),Sub-Class,Full account category report (from Jun 26)
More Retail,Jul 26,Skin Care / Face Care / Moisturising,17.3399,0.0457,Face Moisturiser & Cream,0.2634,More_MS (sub-class level),Sub-Class,Full account category report (from Jun 26)
More Retail,Jul 26,Skin Care / Face Care / Others,10.849,0.0547,Face Moisturiser & Cream,0.5045,More_MS (sub-class level),Sub-Class,Full account category report (from Jun 26)
More Retail,Jul 26,Skin Care / Face Care / Sunscreen,33.8379,6.8071,Sun Care,20.1167,More_MS (sub-class level),Sub-Class,Full account category report (from Jun 26)
More Retail,Jul 26,Skin Care / Facial Cleanser,183.4219,21.9054,Face Wash & Cleanser,11.9426,More_MS (class level),Category,Full account category report (from Jun 26)
More Retail,Jul 26,Skin Care / Facial Cleanser / Facewashes,120.4973,21.7987,Face Wash & Cleanser,18.0906,More_MS (sub-class level),Sub-Class,Full account category report (from Jun 26)
More Retail,Jul 26,Skin Care / Facial Cleanser / Mask/ pack,6.1318,0.1067,Face Wash & Cleanser,1.7407,More_MS (sub-class level),Sub-Class,Full account category report (from Jun 26)
More Retail,Aug 26,Baby / Baby Hygiene,174.9409,3.142,Baby Care,1.796,More_MS (class level),Category,Full account category report (from Jun 26)
More Retail,Aug 26,Baby / Baby Hygiene / Baby Hair Oil,2.7616,0.1556,Baby Care,5.6329,More_MS (sub-class level),Sub-Class,Full account category report (from Jun 26)
More Retail,Aug 26,Baby / Baby Hygiene / Baby Massage Oil,23.4668,0.0038,Baby Care,0.0161,More_MS (sub-class level),Sub-Class,Full account category report (from Jun 26)
More Retail,Aug 26,Baby / Baby Hygiene / Baby Moisturizer,46.3191,0.6768,Baby Care,1.4612,More_MS (sub-class level),Sub-Class,Full account category report (from Jun 26)
More Retail,Aug 26,Baby / Baby Hygiene / Baby Powder,15.8173,0.1235,Baby Care,0.7805,More_MS (sub-class level),Sub-Class,Full account category report (from Jun 26)
More Retail,Aug 26,Baby / Baby Hygiene / Baby Shampoo,49.3811,0.1162,Baby Care,0.2353,More_MS (sub-class level),Sub-Class,Full account category report (from Jun 26)
More Retail,Aug 26,Baby / Baby Hygiene / Baby Soap,21.6682,1.6008,Baby Care,7.3879,More_MS (sub-class level),Sub-Class,Full account category report (from Jun 26)
More Retail,Aug 26,Baby / Baby Hygiene / Baby Toothbrush,3.12,0.4412,Baby Care,14.1402,More_MS (sub-class level),Sub-Class,Full account category report (from Jun 26)
More Retail,Aug 26,Baby / Baby Hygiene / Baby Wash,9.0944,0.0,Baby Care,0.0,More_MS (sub-class level),Sub-Class,Full account category report (from Jun 26)
More Retail,Aug 26,Baby / Baby Hygiene / Others,0.342,0.0242,Baby Care,7.0783,More_MS (sub-class level),Sub-Class,Full account category report (from Jun 26)
More Retail,Aug 26,Hair Care / Conditioner,176.0075,0.2194,Conditioner,0.1247,More_MS (class level),Category,Full account category report (from Jun 26)
More Retail,Aug 26,Hair Care / Conditioner / Rinsing Off,58.6715,0.2194,Conditioner,0.374,More_MS (sub-class level),Sub-Class,Full account category report (from Jun 26)
More Retail,Aug 26,Hair Care / Hair Oil,268.2143,0.6146,Hair Oil,0.2292,More_MS (class level),Category,Full account category report (from Jun 26)
More Retail,Aug 26,Hair Care / Hair Oil / Others,9.2681,0.6146,Hair Oil,6.6316,More_MS (sub-class level),Sub-Class,Full account category report (from Jun 26)
More Retail,Aug 26,Hair Care / Shampoo,444.1302,5.6774,Shampoo,1.2783,More_MS (class level),Category,Full account category report (from Jun 26)
More Retail,Aug 26,Hair Care / Shampoo / Functional Shampoo,3.328,0.6661,Shampoo,20.016,More_MS (sub-class level),Sub-Class,Full account category report (from Jun 26)
More Retail,Aug 26,Hair Care / Shampoo / Herbal Shampoo,61.7142,0.0,Shampoo,0.0,More_MS (sub-class level),Sub-Class,Full account category report (from Jun 26)
More Retail,Aug 26,Hair Care / Shampoo / Premium Beauty,172.2831,2.5114,Shampoo,1.4577,More_MS (sub-class level),Sub-Class,Full account category report (from Jun 26)
More Retail,Aug 26,Hair Care / Shampoo / Regular Shampoo,5.7972,2.4999,Shampoo,43.1219,More_MS (sub-class level),Sub-Class,Full account category report (from Jun 26)
More Retail,Aug 26,Hair Care / Treatment & Styling,46.3217,2.5109,Hair Treatment & Styling,5.4205,More_MS (class level),Category,Full account category report (from Jun 26)
More Retail,Aug 26,Hair Care / Treatment & Styling / Mousse Serum & Cream,32.465,2.5109,Face Serum & Treatment,7.7341,More_MS (sub-class level),Sub-Class,Full account category report (from Jun 26)
More Retail,Aug 26,Insecticide / Repellant / Fly Insecticide / Repellant,298.1803,0.003,Other,0.001,More_MS (class level),Category,Full account category report (from Jun 26)
More Retail,Aug 26,Insecticide / Repellant / Fly Insecticide / Repellant / Spray FIK,37.2298,0.003,Hair Treatment & Styling,0.008,More_MS (sub-class level),Sub-Class,Full account category report (from Jun 26)
More Retail,Aug 26,Insecticide / Repellant / Multi-function Insecticide / Repellant,0.0,0.0,Other,,More_MS (class level),Category,Full account category report (from Jun 26)
More Retail,Aug 26,Insecticide / Repellant / Multi-function Insecticide / Repellant / Others,0.0,0.0,Other,,More_MS (sub-class level),Sub-Class,Full account category report (from Jun 26)
More Retail,Aug 26,OTC / Pain & Relief,44.3239,0.0396,Other,0.0894,More_MS (class level),Category,Full account category report (from Jun 26)
More Retail,Aug 26,OTC / Pain & Relief / Cough and Cold,6.5778,0.0396,Other,0.6022,More_MS (sub-class level),Sub-Class,Full account category report (from Jun 26)
More Retail,Aug 26,Oral Care / Tooth Paste,563.7899,0.3373,Oral Care,0.0598,More_MS (class level),Category,Full account category report (from Jun 26)
More Retail,Aug 26,Oral Care / Tooth Paste / Kids Toothpaste,12.2705,0.3373,Oral Care,2.7492,More_MS (sub-class level),Sub-Class,Full account category report (from Jun 26)
More Retail,Aug 26,Personal Wash / Soap,613.9342,1.3003,Body Wash & Soap,0.2118,More_MS (class level),Category,Full account category report (from Jun 26)
More Retail,Aug 26,Personal Wash / Soap / Premium Soap,211.8206,1.3003,Body Wash & Soap,0.6139,More_MS (sub-class level),Sub-Class,Full account category report (from Jun 26)
More Retail,Aug 26,Skin Care / Body Care,190.6102,1.0873,Body Lotion & Care,0.5704,More_MS (class level),Category,Full account category report (from Jun 26)
More Retail,Aug 26,Skin Care / Body Care / Cream & Lotion Body,171.4667,0.4901,Body Lotion & Care,0.2858,More_MS (sub-class level),Sub-Class,Full account category report (from Jun 26)
More Retail,Aug 26,Skin Care / Body Care / Others,1.0673,0.5972,Body Lotion & Care,55.95,More_MS (sub-class level),Sub-Class,Full account category report (from Jun 26)
More Retail,Aug 26,Skin Care / Face Care,692.2506,7.9528,Face Moisturiser & Cream,1.1488,More_MS (class level),Category,Full account category report (from Jun 26)
More Retail,Aug 26,Skin Care / Face Care / Cream & Lotion Body,58.3006,2.1905,Face Moisturiser & Cream,3.7573,More_MS (sub-class level),Sub-Class,Full account category report (from Jun 26)
More Retail,Aug 26,Skin Care / Face Care / Fairness,524.3241,0.4705,Face Moisturiser & Cream,0.0897,More_MS (sub-class level),Sub-Class,Full account category report (from Jun 26)
More Retail,Aug 26,Skin Care / Face Care / Moisturising,15.6729,0.0498,Face Moisturiser & Cream,0.3179,More_MS (sub-class level),Sub-Class,Full account category report (from Jun 26)
More Retail,Aug 26,Skin Care / Face Care / Others,9.8304,0.0114,Face Moisturiser & Cream,0.1158,More_MS (sub-class level),Sub-Class,Full account category report (from Jun 26)
More Retail,Aug 26,Skin Care / Face Care / Sunscreen,27.0091,5.2306,Sun Care,19.3662,More_MS (sub-class level),Sub-Class,Full account category report (from Jun 26)
More Retail,Aug 26,Skin Care / Facial Cleanser,169.5869,18.9851,Face Wash & Cleanser,11.1949,More_MS (class level),Category,Full account category report (from Jun 26)
More Retail,Aug 26,Skin Care / Facial Cleanser / Facewashes,111.1727,18.8958,Face Wash & Cleanser,16.9968,More_MS (sub-class level),Sub-Class,Full account category report (from Jun 26)
More Retail,Aug 26,Skin Care / Facial Cleanser / Mask/ pack,7.398,0.0893,Face Wash & Cleanser,1.2071,More_MS (sub-class level),Sub-Class,Full account category report (from Jun 26)
Wellness Forever,Mar 26,Acne Patches,5.5071,2.3081,Face Serum & Treatment,41.9107,Wellness_MS (Sheet1),Category,All categories in the account file
Wellness Forever,Mar 26,Anti Acne,7.0633,3.958,Face Serum & Treatment,56.0352,Wellness_MS (Sheet1),Category,All categories in the account file
Wellness Forever,Mar 26,Anti Ageing,7.0244,1.2411,Face Serum & Treatment,17.6688,Wellness_MS (Sheet1),Category,All categories in the account file
Wellness Forever,Mar 26,Baby Body Washes,9.2714,0.031,Baby Care,0.3339,Wellness_MS (Sheet1),Category,All categories in the account file
Wellness Forever,Mar 26,Baby Cream,5.4522,0.0,Baby Care,0.0,Wellness_MS (Sheet1),Category,All categories in the account file
Wellness Forever,Mar 26,Baby Diaper Rashes Cream,4.4888,0.0,Baby Care,0.0,Wellness_MS (Sheet1),Category,All categories in the account file
Wellness Forever,Mar 26,Baby Hair Oil,5.0428,0.0072,Baby Care,0.1425,Wellness_MS (Sheet1),Category,All categories in the account file
Wellness Forever,Mar 26,Baby Laundry & Detergents,0.063,0.0063,Baby Care,10.0658,Wellness_MS (Sheet1),Category,All categories in the account file
Wellness Forever,Mar 26,Baby Lotions,27.3699,1.3047,Baby Care,4.7669,Wellness_MS (Sheet1),Category,All categories in the account file
Wellness Forever,Mar 26,Baby Moisturizers,2.3503,0.0068,Baby Care,0.2874,Wellness_MS (Sheet1),Category,All categories in the account file
Wellness Forever,Mar 26,Baby Shampoos,29.2184,0.8801,Baby Care,3.0123,Wellness_MS (Sheet1),Category,All categories in the account file
Wellness Forever,Mar 26,Baby Soap,31.5599,1.2612,Baby Care,3.9963,Wellness_MS (Sheet1),Category,All categories in the account file
Wellness Forever,Mar 26,Baby Sunscreen,17.2178,0.08,Baby Care,0.4646,Wellness_MS (Sheet1),Category,All categories in the account file
Wellness Forever,Mar 26,Baby Talc,1.8964,0.477,Baby Care,25.1557,Wellness_MS (Sheet1),Category,All categories in the account file
Wellness Forever,Mar 26,Baby Toothpaste,11.4847,1.7824,Baby Care,15.5201,Wellness_MS (Sheet1),Category,All categories in the account file
Wellness Forever,Mar 26,Baby Wet Wipes,22.7079,0.4199,Baby Care,1.849,Wellness_MS (Sheet1),Category,All categories in the account file
Wellness Forever,Mar 26,Body Lotions,95.78,0.1193,Body Lotion & Care,0.1245,Wellness_MS (Sheet1),Category,All categories in the account file
Wellness Forever,Mar 26,Body Moisturising Wash,0.0449,0.0412,Face Moisturiser & Cream,91.762,Wellness_MS (Sheet1),Category,All categories in the account file
Wellness Forever,Mar 26,Brightening & Depigmentation,9.4797,3.6442,Face Serum & Treatment,38.4423,Wellness_MS (Sheet1),Category,All categories in the account file
Wellness Forever,Mar 26,Clay Mask,0.2234,0.0171,Face Mask & Scrub,7.6655,Wellness_MS (Sheet1),Category,All categories in the account file
Wellness Forever,Mar 26,Cleanser,2.5697,0.0674,Face Wash & Cleanser,2.6231,Wellness_MS (Sheet1),Category,All categories in the account file
Wellness Forever,Mar 26,Compact,0.0587,0.0211,Other,36.0483,Wellness_MS (Sheet1),Category,All categories in the account file
Wellness Forever,Mar 26,Conditioner Anti-Hairfall,4.3425,0.6208,Conditioner,14.2967,Wellness_MS (Sheet1),Category,All categories in the account file
Wellness Forever,Mar 26,Conditioner Regular,27.8557,0.727,Conditioner,2.61,Wellness_MS (Sheet1),Category,All categories in the account file
Wellness Forever,Mar 26,Cough & Cold Roll-Ons,2.791,0.0,Other,0.0,Wellness_MS (Sheet1),Category,All categories in the account file
Wellness Forever,Mar 26,Creams & Others,0.6373,0.1508,Other,23.6686,Wellness_MS (Sheet1),Category,All categories in the account file
Wellness Forever,Mar 26,Digestive Remedies,3.7789,1.1635,Other,30.7896,Wellness_MS (Sheet1),Category,All categories in the account file
Wellness Forever,Mar 26,Face Cleansers,106.7208,2.0841,Face Wash & Cleanser,1.9529,Wellness_MS (Sheet1),Category,All categories in the account file
Wellness Forever,Mar 26,Face Creams,60.0543,10.9707,Face Moisturiser & Cream,18.268,Wellness_MS (Sheet1),Category,All categories in the account file
Wellness Forever,Mar 26,Face Creams & Gels,3.7802,0.0055,Face Moisturiser & Cream,0.1455,Wellness_MS (Sheet1),Category,All categories in the account file
Wellness Forever,Mar 26,Face Moisturizer,8.0451,0.8015,Face Moisturiser & Cream,9.9627,Wellness_MS (Sheet1),Category,All categories in the account file
Wellness Forever,Mar 26,Face Moisturizer & Day Cream,0.2067,0.0257,Face Moisturiser & Cream,12.4179,Wellness_MS (Sheet1),Category,All categories in the account file
Wellness Forever,Mar 26,Face Pack,0.5971,0.3997,Face Mask & Scrub,66.9364,Wellness_MS (Sheet1),Category,All categories in the account file
Wellness Forever,Mar 26,Face Sheet Masks,8.0075,1.2947,Face Mask & Scrub,16.1683,Wellness_MS (Sheet1),Category,All categories in the account file
Wellness Forever,Mar 26,Face Wash,129.9019,33.0343,Face Wash & Cleanser,25.4302,Wellness_MS (Sheet1),Category,All categories in the account file
Wellness Forever,Mar 26,Facial Kits,0.3521,0.0211,Other,6.0034,Wellness_MS (Sheet1),Category,All categories in the account file
Wellness Forever,Mar 26,Foundation,0.0621,0.0203,Other,32.6831,Wellness_MS (Sheet1),Category,All categories in the account file
Wellness Forever,Mar 26,Hair Colour Crm,37.1141,0.1067,Hair Treatment & Styling,0.2876,Wellness_MS (Sheet1),Category,All categories in the account file
Wellness Forever,Mar 26,Hair Oil,30.415,1.8611,Hair Oil,6.1189,Wellness_MS (Sheet1),Category,All categories in the account file
Wellness Forever,Mar 26,Hair Serum,33.1598,0.8369,Face Serum & Treatment,2.524,Wellness_MS (Sheet1),Category,All categories in the account file
Wellness Forever,Mar 26,Hair Shampoo,68.7662,4.3155,Shampoo,6.2756,Wellness_MS (Sheet1),Category,All categories in the account file
Wellness Forever,Mar 26,Hair Spray,2.6707,0.0195,Hair Treatment & Styling,0.7286,Wellness_MS (Sheet1),Category,All categories in the account file
Wellness Forever,Mar 26,Insect Repellents,0.2338,0.2137,Other,91.4116,Wellness_MS (Sheet1),Category,All categories in the account file
Wellness Forever,Mar 26,Kajal,1.7529,0.0182,Other,1.036,Wellness_MS (Sheet1),Category,All categories in the account file
Wellness Forever,Mar 26,Lip Balm,24.721,0.3258,Lip Care,1.3177,Wellness_MS (Sheet1),Category,All categories in the account file
Wellness Forever,Mar 26,Lipsticks,0.0929,0.0042,Lip Care,4.5508,Wellness_MS (Sheet1),Category,All categories in the account file
Wellness Forever,Mar 26,Muscle,5.9302,0.0159,Other,0.2682,Wellness_MS (Sheet1),Category,All categories in the account file
Wellness Forever,Mar 26,Niacinamide,9.9498,4.0932,Face Serum & Treatment,41.1382,Wellness_MS (Sheet1),Category,All categories in the account file
Wellness Forever,Mar 26,Night Cream,0.0977,0.0093,Face Moisturiser & Cream,9.5351,Wellness_MS (Sheet1),Category,All categories in the account file
Wellness Forever,Mar 26,Peeling Solutions,1.0043,0.2646,Face Serum & Treatment,26.3431,Wellness_MS (Sheet1),Category,All categories in the account file
Wellness Forever,Mar 26,Professional Shampoo,0.1238,0.0,Shampoo,0.0,Wellness_MS (Sheet1),Category,All categories in the account file
Wellness Forever,Mar 26,Regular Shampoo,7.8172,0.206,Shampoo,2.6354,Wellness_MS (Sheet1),Category,All categories in the account file
Wellness Forever,Mar 26,Scrubs,6.9634,1.4216,Face Mask & Scrub,20.4153,Wellness_MS (Sheet1),Category,All categories in the account file
Wellness Forever,Mar 26,Serums & Essence,3.8681,0.3895,Face Serum & Treatment,10.0703,Wellness_MS (Sheet1),Category,All categories in the account file
Wellness Forever,Mar 26,Serums Vitamin C,19.034,8.6317,Face Serum & Treatment,45.3488,Wellness_MS (Sheet1),Category,All categories in the account file
Wellness Forever,Mar 26,Shower Gels & Body Wash,34.5022,0.0951,Body Wash & Soap,0.2756,Wellness_MS (Sheet1),Category,All categories in the account file
Wellness Forever,Mar 26,Soaps,3.1133,0.0758,Body Wash & Soap,2.4352,Wellness_MS (Sheet1),Category,All categories in the account file
Wellness Forever,Mar 26,Sun Protection,7.3507,0.6676,Sun Care,9.0827,Wellness_MS (Sheet1),Category,All categories in the account file
Wellness Forever,Mar 26,Sunscreen Cream,48.5832,8.5897,Sun Care,17.6805,Wellness_MS (Sheet1),Category,All categories in the account file
Wellness Forever,Mar 26,Sunscreen Gel,68.143,28.0969,Sun Care,41.2323,Wellness_MS (Sheet1),Category,All categories in the account file
Wellness Forever,Mar 26,Sunscreen Lotion,9.1437,2.787,Sun Care,30.4806,Wellness_MS (Sheet1),Category,All categories in the account file
Wellness Forever,Mar 26,Toners,0.1846,0.007,Other,3.7835,Wellness_MS (Sheet1),Category,All categories in the account file
Wellness Forever,Mar 26,Under Eye Cream & Serums,0.313,0.0166,Face Serum & Treatment,5.2935,Wellness_MS (Sheet1),Category,All categories in the account file
Wellness Forever,Apr 26,Acne Patches,5.613,2.4855,Face Serum & Treatment,44.281,Wellness_MS (Sheet1),Category,All categories in the account file
Wellness Forever,Apr 26,Anti Acne,7.1605,4.0265,Face Serum & Treatment,56.2322,Wellness_MS (Sheet1),Category,All categories in the account file
Wellness Forever,Apr 26,Anti Ageing,6.8856,1.0961,Face Serum & Treatment,15.9179,Wellness_MS (Sheet1),Category,All categories in the account file
Wellness Forever,Apr 26,Baby Body Washes,17.8904,0.0285,Baby Care,0.1594,Wellness_MS (Sheet1),Category,All categories in the account file
Wellness Forever,Apr 26,Baby Cream,4.584,0.0,Baby Care,0.0,Wellness_MS (Sheet1),Category,All categories in the account file
Wellness Forever,Apr 26,Baby Diaper Rashes Cream,4.5077,0.0,Baby Care,0.0,Wellness_MS (Sheet1),Category,All categories in the account file
Wellness Forever,Apr 26,Baby Hair Oil,4.7026,0.0076,Baby Care,0.1616,Wellness_MS (Sheet1),Category,All categories in the account file
Wellness Forever,Apr 26,Baby Laundry & Detergents,0.0614,0.0042,Baby Care,6.884,Wellness_MS (Sheet1),Category,All categories in the account file
Wellness Forever,Apr 26,Baby Lotions,23.6049,1.1357,Baby Care,4.8114,Wellness_MS (Sheet1),Category,All categories in the account file
Wellness Forever,Apr 26,Baby Moisturizers,2.5066,0.0135,Baby Care,0.5393,Wellness_MS (Sheet1),Category,All categories in the account file
Wellness Forever,Apr 26,Baby Shampoos,21.4911,0.8543,Baby Care,3.9749,Wellness_MS (Sheet1),Category,All categories in the account file
Wellness Forever,Apr 26,Baby Soap,36.5285,1.2817,Baby Care,3.5087,Wellness_MS (Sheet1),Category,All categories in the account file
Wellness Forever,Apr 26,Baby Sunscreen,18.6101,0.0662,Baby Care,0.3557,Wellness_MS (Sheet1),Category,All categories in the account file
Wellness Forever,Apr 26,Baby Talc,2.0889,0.5003,Baby Care,23.9515,Wellness_MS (Sheet1),Category,All categories in the account file
Wellness Forever,Apr 26,Baby Toothpaste,11.7468,1.8221,Baby Care,15.5117,Wellness_MS (Sheet1),Category,All categories in the account file
Wellness Forever,Apr 26,Baby Wet Wipes,21.672,0.2147,Baby Care,0.9907,Wellness_MS (Sheet1),Category,All categories in the account file
Wellness Forever,Apr 26,Body Lotions,71.906,0.0687,Body Lotion & Care,0.0955,Wellness_MS (Sheet1),Category,All categories in the account file
Wellness Forever,Apr 26,Body Moisturising Wash,0.0796,0.0779,Face Moisturiser & Cream,97.8476,Wellness_MS (Sheet1),Category,All categories in the account file
Wellness Forever,Apr 26,Brightening & Depigmentation,9.9101,3.5985,Face Serum & Treatment,36.3114,Wellness_MS (Sheet1),Category,All categories in the account file
Wellness Forever,Apr 26,Clay Mask,0.2204,0.0072,Face Mask & Scrub,3.261,Wellness_MS (Sheet1),Category,All categories in the account file
Wellness Forever,Apr 26,Cleanser,2.7863,0.0612,Face Wash & Cleanser,2.1972,Wellness_MS (Sheet1),Category,All categories in the account file
Wellness Forever,Apr 26,Compact,0.0435,0.0169,Other,38.8804,Wellness_MS (Sheet1),Category,All categories in the account file
Wellness Forever,Apr 26,Conditioner Anti-Hairfall,4.3515,0.5614,Conditioner,12.9012,Wellness_MS (Sheet1),Category,All categories in the account file
Wellness Forever,Apr 26,Conditioner Regular,22.5611,0.7551,Conditioner,3.3468,Wellness_MS (Sheet1),Category,All categories in the account file
Wellness Forever,Apr 26,Cough & Cold Roll-Ons,2.5503,0.0,Other,0.0,Wellness_MS (Sheet1),Category,All categories in the account file
Wellness Forever,Apr 26,Creams & Others,0.5459,0.1006,Other,18.4278,Wellness_MS (Sheet1),Category,All categories in the account file
Wellness Forever,Apr 26,Digestive Remedies,3.9636,1.087,Other,27.4237,Wellness_MS (Sheet1),Category,All categories in the account file
Wellness Forever,Apr 26,Face Cleansers,109.6357,2.1927,Face Wash & Cleanser,2.0,Wellness_MS (Sheet1),Category,All categories in the account file
Wellness Forever,Apr 26,Face Creams,58.5581,11.8789,Face Moisturiser & Cream,20.2856,Wellness_MS (Sheet1),Category,All categories in the account file
Wellness Forever,Apr 26,Face Creams & Gels,5.2754,0.0207,Face Moisturiser & Cream,0.3929,Wellness_MS (Sheet1),Category,All categories in the account file
Wellness Forever,Apr 26,Face Moisturizer,12.3223,1.088,Face Moisturiser & Cream,8.8295,Wellness_MS (Sheet1),Category,All categories in the account file
Wellness Forever,Apr 26,Face Moisturizer & Day Cream,0.1831,0.0075,Face Moisturiser & Cream,4.0826,Wellness_MS (Sheet1),Category,All categories in the account file
Wellness Forever,Apr 26,Face Pack,0.7857,0.5545,Face Mask & Scrub,70.5702,Wellness_MS (Sheet1),Category,All categories in the account file
Wellness Forever,Apr 26,Face Sheet Masks,9.3475,1.527,Face Mask & Scrub,16.3362,Wellness_MS (Sheet1),Category,All categories in the account file
Wellness Forever,Apr 26,Face Wash,131.0241,36.949,Face Wash & Cleanser,28.2001,Wellness_MS (Sheet1),Category,All categories in the account file
Wellness Forever,Apr 26,Facial Kits,0.5844,0.0334,Other,5.7131,Wellness_MS (Sheet1),Category,All categories in the account file
Wellness Forever,Apr 26,Foundation,0.0379,0.0152,Other,40.2193,Wellness_MS (Sheet1),Category,All categories in the account file
Wellness Forever,Apr 26,Hair Colour Crm,38.2887,0.1086,Hair Treatment & Styling,0.2836,Wellness_MS (Sheet1),Category,All categories in the account file
Wellness Forever,Apr 26,Hair Oil,27.8049,1.6939,Hair Oil,6.092,Wellness_MS (Sheet1),Category,All categories in the account file
Wellness Forever,Apr 26,Hair Serum,33.6288,0.7705,Face Serum & Treatment,2.2912,Wellness_MS (Sheet1),Category,All categories in the account file
Wellness Forever,Apr 26,Hair Shampoo,70.68,4.3763,Shampoo,6.1918,Wellness_MS (Sheet1),Category,All categories in the account file
Wellness Forever,Apr 26,Hair Spray,2.8069,0.0051,Hair Treatment & Styling,0.1808,Wellness_MS (Sheet1),Category,All categories in the account file
Wellness Forever,Apr 26,Insect Repellents,0.592,0.214,Other,36.1551,Wellness_MS (Sheet1),Category,All categories in the account file
Wellness Forever,Apr 26,Kajal,1.82,0.0127,Other,0.6961,Wellness_MS (Sheet1),Category,All categories in the account file
Wellness Forever,Apr 26,Lip Balm,20.4464,0.2405,Lip Care,1.1761,Wellness_MS (Sheet1),Category,All categories in the account file
Wellness Forever,Apr 26,Lipsticks,0.0972,0.0025,Lip Care,2.6075,Wellness_MS (Sheet1),Category,All categories in the account file
Wellness Forever,Apr 26,Muscle,5.3413,0.0199,Other,0.3732,Wellness_MS (Sheet1),Category,All categories in the account file
Wellness Forever,Apr 26,Niacinamide,10.6259,4.3721,Face Serum & Treatment,41.1459,Wellness_MS (Sheet1),Category,All categories in the account file
Wellness Forever,Apr 26,Night Cream,0.1272,0.0,Face Moisturiser & Cream,0.0,Wellness_MS (Sheet1),Category,All categories in the account file
Wellness Forever,Apr 26,Peeling Solutions,1.0434,0.3204,Face Serum & Treatment,30.7054,Wellness_MS (Sheet1),Category,All categories in the account file
Wellness Forever,Apr 26,Professional Shampoo,0.1098,0.0038,Shampoo,3.4647,Wellness_MS (Sheet1),Category,All categories in the account file
Wellness Forever,Apr 26,Regular Shampoo,7.9964,0.158,Shampoo,1.9761,Wellness_MS (Sheet1),Category,All categories in the account file
Wellness Forever,Apr 26,Scrubs,7.4049,1.5765,Face Mask & Scrub,21.2904,Wellness_MS (Sheet1),Category,All categories in the account file
Wellness Forever,Apr 26,Serums & Essence,3.7454,0.3613,Face Serum & Treatment,9.6453,Wellness_MS (Sheet1),Category,All categories in the account file
Wellness Forever,Apr 26,Serums Vitamin C,19.8279,8.9748,Face Serum & Treatment,45.2635,Wellness_MS (Sheet1),Category,All categories in the account file
Wellness Forever,Apr 26,Shower Gels & Body Wash,34.9151,0.0743,Body Wash & Soap,0.2127,Wellness_MS (Sheet1),Category,All categories in the account file
Wellness Forever,Apr 26,Soaps,2.8619,0.1017,Body Wash & Soap,3.5529,Wellness_MS (Sheet1),Category,All categories in the account file
Wellness Forever,Apr 26,Sun Protection,8.1278,2.086,Sun Care,25.665,Wellness_MS (Sheet1),Category,All categories in the account file
Wellness Forever,Apr 26,Sunscreen Cream,48.6245,9.1286,Sun Care,18.7737,Wellness_MS (Sheet1),Category,All categories in the account file
Wellness Forever,Apr 26,Sunscreen Gel,64.4785,30.8887,Sun Care,47.9055,Wellness_MS (Sheet1),Category,All categories in the account file
Wellness Forever,Apr 26,Sunscreen Lotion,12.0614,3.0091,Sun Care,24.9481,Wellness_MS (Sheet1),Category,All categories in the account file
Wellness Forever,Apr 26,Toners,0.1151,0.0065,Other,5.6628,Wellness_MS (Sheet1),Category,All categories in the account file
Wellness Forever,Apr 26,Under Eye Cream & Serums,0.2444,0.0072,Face Serum & Treatment,2.9443,Wellness_MS (Sheet1),Category,All categories in the account file
Wellness Forever,May 26,Acne Patches,5.5326,2.5403,Face Serum & Treatment,45.9144,Wellness_MS (Sheet1),Category,All categories in the account file
Wellness Forever,May 26,Anti Acne,7.4371,4.1579,Face Serum & Treatment,55.9075,Wellness_MS (Sheet1),Category,All categories in the account file
Wellness Forever,May 26,Anti Ageing,6.4902,0.9719,Face Serum & Treatment,14.9742,Wellness_MS (Sheet1),Category,All categories in the account file
Wellness Forever,May 26,Baby Body Washes,19.3605,0.0385,Baby Care,0.1986,Wellness_MS (Sheet1),Category,All categories in the account file
Wellness Forever,May 26,Baby Cream,6.6312,0.0034,Baby Care,0.0509,Wellness_MS (Sheet1),Category,All categories in the account file
Wellness Forever,May 26,Baby Diaper Rashes Cream,4.4231,0.0,Baby Care,0.0,Wellness_MS (Sheet1),Category,All categories in the account file
Wellness Forever,May 26,Baby Hair Oil,4.519,0.0051,Baby Care,0.1134,Wellness_MS (Sheet1),Category,All categories in the account file
Wellness Forever,May 26,Baby Laundry & Detergents,0.0,0.0,Baby Care,,Wellness_MS (Sheet1),Category,All categories in the account file
Wellness Forever,May 26,Baby Lotions,22.1731,1.1023,Baby Care,4.9715,Wellness_MS (Sheet1),Category,All categories in the account file
Wellness Forever,May 26,Baby Moisturizers,0.0,0.0,Baby Care,,Wellness_MS (Sheet1),Category,All categories in the account file
Wellness Forever,May 26,Baby Shampoos,21.5903,0.8281,Baby Care,3.8353,Wellness_MS (Sheet1),Category,All categories in the account file
Wellness Forever,May 26,Baby Soap,39.3383,1.3642,Baby Care,3.4679,Wellness_MS (Sheet1),Category,All categories in the account file
Wellness Forever,May 26,Baby Sunscreen,14.5214,0.0834,Baby Care,0.5746,Wellness_MS (Sheet1),Category,All categories in the account file
Wellness Forever,May 26,Baby Talc,2.188,0.5061,Baby Care,23.1295,Wellness_MS (Sheet1),Category,All categories in the account file
Wellness Forever,May 26,Baby Toothpaste,11.2358,1.886,Baby Care,16.7854,Wellness_MS (Sheet1),Category,All categories in the account file
Wellness Forever,May 26,Baby Wet Wipes,22.625,0.1372,Baby Care,0.6062,Wellness_MS (Sheet1),Category,All categories in the account file
Wellness Forever,May 26,Body Lotions,61.8078,0.0403,Body Lotion & Care,0.0652,Wellness_MS (Sheet1),Category,All categories in the account file
Wellness Forever,May 26,Body Moisturising Wash,0.0858,0.0802,Face Moisturiser & Cream,93.4749,Wellness_MS (Sheet1),Category,All categories in the account file
Wellness Forever,May 26,Brightening & Depigmentation,8.9455,3.5384,Face Serum & Treatment,39.5549,Wellness_MS (Sheet1),Category,All categories in the account file
Wellness Forever,May 26,Clay Mask,0.2175,0.0287,Face Mask & Scrub,13.2185,Wellness_MS (Sheet1),Category,All categories in the account file
Wellness Forever,May 26,Cleanser,3.739,0.0994,Face Wash & Cleanser,2.6574,Wellness_MS (Sheet1),Category,All categories in the account file
Wellness Forever,May 26,Compact,0.033,0.0042,Other,12.8105,Wellness_MS (Sheet1),Category,All categories in the account file
Wellness Forever,May 26,Conditioner Anti-Hairfall,4.5876,0.6535,Conditioner,14.2442,Wellness_MS (Sheet1),Category,All categories in the account file
Wellness Forever,May 26,Conditioner Regular,24.7688,0.7019,Conditioner,2.8337,Wellness_MS (Sheet1),Category,All categories in the account file
Wellness Forever,May 26,Cough & Cold Roll-Ons,2.7513,0.0021,Other,0.0758,Wellness_MS (Sheet1),Category,All categories in the account file
Wellness Forever,May 26,Creams & Others,0.3657,0.0646,Other,17.66,Wellness_MS (Sheet1),Category,All categories in the account file
Wellness Forever,May 26,Digestive Remedies,3.9737,1.0697,Other,26.9187,Wellness_MS (Sheet1),Category,All categories in the account file
Wellness Forever,May 26,Face Cleansers,100.4252,2.304,Face Wash & Cleanser,2.2943,Wellness_MS (Sheet1),Category,All categories in the account file
Wellness Forever,May 26,Face Creams,53.2342,11.0943,Face Moisturiser & Cream,20.8406,Wellness_MS (Sheet1),Category,All categories in the account file
Wellness Forever,May 26,Face Creams & Gels,5.7103,0.0,Face Moisturiser & Cream,0.0,Wellness_MS (Sheet1),Category,All categories in the account file
Wellness Forever,May 26,Face Moisturizer,14.0657,0.8765,Face Moisturiser & Cream,6.2314,Wellness_MS (Sheet1),Category,All categories in the account file
Wellness Forever,May 26,Face Moisturizer & Day Cream,0.1422,0.013,Face Moisturiser & Cream,9.1145,Wellness_MS (Sheet1),Category,All categories in the account file
Wellness Forever,May 26,Face Pack,0.5211,0.2886,Face Mask & Scrub,55.382,Wellness_MS (Sheet1),Category,All categories in the account file
Wellness Forever,May 26,Face Sheet Masks,10.0107,1.5131,Face Mask & Scrub,15.1152,Wellness_MS (Sheet1),Category,All categories in the account file
Wellness Forever,May 26,Face Wash,146.3396,41.4467,Face Wash & Cleanser,28.3223,Wellness_MS (Sheet1),Category,All categories in the account file
Wellness Forever,May 26,Facial Kits,0.5584,0.0182,Other,3.2556,Wellness_MS (Sheet1),Category,All categories in the account file
Wellness Forever,May 26,Foundation,0.0377,0.0102,Other,26.9395,Wellness_MS (Sheet1),Category,All categories in the account file
Wellness Forever,May 26,Hair Colour Crm,36.7301,0.0873,Hair Treatment & Styling,0.2378,Wellness_MS (Sheet1),Category,All categories in the account file
Wellness Forever,May 26,Hair Oil,28.9011,1.7487,Hair Oil,6.0505,Wellness_MS (Sheet1),Category,All categories in the account file
Wellness Forever,May 26,Hair Serum,35.5437,0.7483,Face Serum & Treatment,2.1052,Wellness_MS (Sheet1),Category,All categories in the account file
Wellness Forever,May 26,Hair Shampoo,75.484,4.1516,Shampoo,5.5,Wellness_MS (Sheet1),Category,All categories in the account file
Wellness Forever,May 26,Hair Spray,2.9336,0.0,Hair Treatment & Styling,0.0,Wellness_MS (Sheet1),Category,All categories in the account file
Wellness Forever,May 26,Insect Repellents,0.4689,0.1473,Other,31.4173,Wellness_MS (Sheet1),Category,All categories in the account file
Wellness Forever,May 26,Kajal,1.8125,0.0076,Other,0.4194,Wellness_MS (Sheet1),Category,All categories in the account file
Wellness Forever,May 26,Lip Balm,18.1176,0.258,Lip Care,1.4239,Wellness_MS (Sheet1),Category,All categories in the account file
Wellness Forever,May 26,Lipsticks,0.0874,0.0051,Lip Care,5.8054,Wellness_MS (Sheet1),Category,All categories in the account file
Wellness Forever,May 26,Muscle,5.3086,0.0028,Other,0.0536,Wellness_MS (Sheet1),Category,All categories in the account file
Wellness Forever,May 26,Niacinamide,9.621,3.7522,Face Serum & Treatment,39.0004,Wellness_MS (Sheet1),Category,All categories in the account file
Wellness Forever,May 26,Night Cream,0.0663,0.0,Face Moisturiser & Cream,0.0,Wellness_MS (Sheet1),Category,All categories in the account file
Wellness Forever,May 26,Peeling Solutions,0.8668,0.3143,Face Serum & Treatment,36.2574,Wellness_MS (Sheet1),Category,All categories in the account file
Wellness Forever,May 26,Professional Shampoo,0.1061,0.0,Shampoo,0.0,Wellness_MS (Sheet1),Category,All categories in the account file
Wellness Forever,May 26,Regular Shampoo,8.6996,0.1762,Shampoo,2.0251,Wellness_MS (Sheet1),Category,All categories in the account file
Wellness Forever,May 26,Scrubs,7.8225,1.5437,Face Mask & Scrub,19.7345,Wellness_MS (Sheet1),Category,All categories in the account file
Wellness Forever,May 26,Serums & Essence,3.6293,0.324,Face Serum & Treatment,8.9264,Wellness_MS (Sheet1),Category,All categories in the account file
Wellness Forever,May 26,Serums Vitamin C,18.0331,8.1941,Face Serum & Treatment,45.4393,Wellness_MS (Sheet1),Category,All categories in the account file
Wellness Forever,May 26,Shower Gels & Body Wash,39.5118,0.0617,Body Wash & Soap,0.1561,Wellness_MS (Sheet1),Category,All categories in the account file
Wellness Forever,May 26,Soaps,3.45,0.1917,Body Wash & Soap,5.5578,Wellness_MS (Sheet1),Category,All categories in the account file
Wellness Forever,May 26,Sun Protection,7.9813,1.7112,Sun Care,21.4405,Wellness_MS (Sheet1),Category,All categories in the account file
Wellness Forever,May 26,Sunscreen Cream,43.5261,8.0247,Sun Care,18.4366,Wellness_MS (Sheet1),Category,All categories in the account file
Wellness Forever,May 26,Sunscreen Gel,56.5972,26.4569,Sun Care,46.7459,Wellness_MS (Sheet1),Category,All categories in the account file
Wellness Forever,May 26,Sunscreen Lotion,10.8008,2.4132,Sun Care,22.3429,Wellness_MS (Sheet1),Category,All categories in the account file
Wellness Forever,May 26,Toners,0.1504,0.0,Other,0.0,Wellness_MS (Sheet1),Category,All categories in the account file
Wellness Forever,May 26,Under Eye Cream & Serums,0.2987,0.0076,Face Serum & Treatment,2.5505,Wellness_MS (Sheet1),Category,All categories in the account file
Wellness Forever,Jun 26,Acne Patches,4.81,2.0754,Face Serum & Treatment,43.1477,Wellness_MS (Sheet1),Category,All categories in the account file
Wellness Forever,Jun 26,Anti Acne,6.9971,3.9314,Face Serum & Treatment,56.1864,Wellness_MS (Sheet1),Category,All categories in the account file
Wellness Forever,Jun 26,Anti Ageing,5.7495,0.9751,Face Serum & Treatment,16.9598,Wellness_MS (Sheet1),Category,All categories in the account file
Wellness Forever,Jun 26,Baby Body Washes,18.2756,0.0237,Baby Care,0.1294,Wellness_MS (Sheet1),Category,All categories in the account file
Wellness Forever,Jun 26,Baby Cream,6.1272,0.0055,Baby Care,0.0896,Wellness_MS (Sheet1),Category,All categories in the account file
Wellness Forever,Jun 26,Baby Diaper Rashes Cream,3.9038,0.0028,Baby Care,0.0729,Wellness_MS (Sheet1),Category,All categories in the account file
Wellness Forever,Jun 26,Baby Hair Oil,4.0541,0.0077,Baby Care,0.1891,Wellness_MS (Sheet1),Category,All categories in the account file
Wellness Forever,Jun 26,Baby Laundry & Detergents,0.0,0.0,Baby Care,,Wellness_MS (Sheet1),Category,All categories in the account file
Wellness Forever,Jun 26,Baby Lotions,20.416,0.9678,Baby Care,4.7403,Wellness_MS (Sheet1),Category,All categories in the account file
Wellness Forever,Jun 26,Baby Moisturizers,0.0,0.0,Baby Care,,Wellness_MS (Sheet1),Category,All categories in the account file
Wellness Forever,Jun 26,Baby Shampoos,20.4924,0.7831,Baby Care,3.8216,Wellness_MS (Sheet1),Category,All categories in the account file
Wellness Forever,Jun 26,Baby Soap,37.5717,1.3191,Baby Care,3.511,Wellness_MS (Sheet1),Category,All categories in the account file
Wellness Forever,Jun 26,Baby Sunscreen,7.713,0.0309,Baby Care,0.4001,Wellness_MS (Sheet1),Category,All categories in the account file
Wellness Forever,Jun 26,Baby Talc,2.0789,0.4735,Baby Care,22.7769,Wellness_MS (Sheet1),Category,All categories in the account file
Wellness Forever,Jun 26,Baby Toothpaste,11.5435,1.8629,Baby Care,16.1384,Wellness_MS (Sheet1),Category,All categories in the account file
Wellness Forever,Jun 26,Baby Wet Wipes,19.243,0.0844,Baby Care,0.4386,Wellness_MS (Sheet1),Category,All categories in the account file
Wellness Forever,Jun 26,Body Lotions,43.8322,0.0471,Body Lotion & Care,0.1075,Wellness_MS (Sheet1),Category,All categories in the account file
Wellness Forever,Jun 26,Body Moisturising Wash,0.0744,0.0574,Face Moisturiser & Cream,77.1792,Wellness_MS (Sheet1),Category,All categories in the account file
Wellness Forever,Jun 26,Brightening & Depigmentation,7.1235,2.7944,Face Serum & Treatment,39.2278,Wellness_MS (Sheet1),Category,All categories in the account file
Wellness Forever,Jun 26,Clay Mask,0.1635,0.0042,Face Mask & Scrub,2.5859,Wellness_MS (Sheet1),Category,All categories in the account file
Wellness Forever,Jun 26,Cleanser,2.865,0.0783,Face Wash & Cleanser,2.7341,Wellness_MS (Sheet1),Category,All categories in the account file
Wellness Forever,Jun 26,Compact,0.0259,0.0127,Other,49.0698,Wellness_MS (Sheet1),Category,All categories in the account file
Wellness Forever,Jun 26,Conditioner Anti-Hairfall,3.9691,0.581,Conditioner,14.6379,Wellness_MS (Sheet1),Category,All categories in the account file
Wellness Forever,Jun 26,Conditioner Regular,21.8537,0.7039,Conditioner,3.2208,Wellness_MS (Sheet1),Category,All categories in the account file
Wellness Forever,Jun 26,Cough & Cold Roll-Ons,2.9191,0.0,Other,0.0,Wellness_MS (Sheet1),Category,All categories in the account file
Wellness Forever,Jun 26,Creams & Others,0.3079,0.0503,Other,16.3501,Wellness_MS (Sheet1),Category,All categories in the account file
Wellness Forever,Jun 26,Digestive Remedies,3.5336,0.8767,Other,24.8093,Wellness_MS (Sheet1),Category,All categories in the account file
Wellness Forever,Jun 26,Face Cleansers,65.5698,2.0354,Face Wash & Cleanser,3.1042,Wellness_MS (Sheet1),Category,All categories in the account file
Wellness Forever,Jun 26,Face Creams,47.5754,7.7234,Face Moisturiser & Cream,16.234,Wellness_MS (Sheet1),Category,All categories in the account file
Wellness Forever,Jun 26,Face Creams & Gels,0.3559,0.0,Face Moisturiser & Cream,0.0,Wellness_MS (Sheet1),Category,All categories in the account file
Wellness Forever,Jun 26,Face Moisturizer,17.4071,0.9024,Face Moisturiser & Cream,5.184,Wellness_MS (Sheet1),Category,All categories in the account file
Wellness Forever,Jun 26,Face Moisturizer & Day Cream,0.113,0.0046,Face Moisturiser & Cream,4.1011,Wellness_MS (Sheet1),Category,All categories in the account file
Wellness Forever,Jun 26,Face Pack,0.3094,0.0836,Face Mask & Scrub,27.0072,Wellness_MS (Sheet1),Category,All categories in the account file
Wellness Forever,Jun 26,Face Sheet Masks,6.6931,1.0649,Face Mask & Scrub,15.9106,Wellness_MS (Sheet1),Category,All categories in the account file
Wellness Forever,Jun 26,Face Wash,162.9733,38.8245,Face Wash & Cleanser,23.8226,Wellness_MS (Sheet1),Category,All categories in the account file
Wellness Forever,Jun 26,Facial Kits,0.9791,0.0106,Other,1.0794,Wellness_MS (Sheet1),Category,All categories in the account file
Wellness Forever,Jun 26,Foundation,0.0129,0.0,Other,0.0,Wellness_MS (Sheet1),Category,All categories in the account file
Wellness Forever,Jun 26,Hair Colour Crm,33.5399,0.085,Hair Treatment & Styling,0.2534,Wellness_MS (Sheet1),Category,All categories in the account file
Wellness Forever,Jun 26,Hair Oil,27.463,1.9798,Hair Oil,7.2091,Wellness_MS (Sheet1),Category,All categories in the account file
Wellness Forever,Jun 26,Hair Serum,36.4106,0.6989,Face Serum & Treatment,1.9195,Wellness_MS (Sheet1),Category,All categories in the account file
Wellness Forever,Jun 26,Hair Shampoo,74.9131,4.4842,Shampoo,5.9858,Wellness_MS (Sheet1),Category,All categories in the account file
Wellness Forever,Jun 26,Hair Spray,2.3733,0.0,Hair Treatment & Styling,0.0,Wellness_MS (Sheet1),Category,All categories in the account file
Wellness Forever,Jun 26,Insect Repellents,0.4739,0.1706,Other,36.0122,Wellness_MS (Sheet1),Category,All categories in the account file
Wellness Forever,Jun 26,Kajal,1.5498,0.0287,Other,1.8532,Wellness_MS (Sheet1),Category,All categories in the account file
Wellness Forever,Jun 26,Lip Balm,14.9469,0.2463,Lip Care,1.6475,Wellness_MS (Sheet1),Category,All categories in the account file
Wellness Forever,Jun 26,Lipsticks,0.0461,0.0,Lip Care,0.0,Wellness_MS (Sheet1),Category,All categories in the account file
Wellness Forever,Jun 26,Muscle,5.1495,0.0057,Other,0.1106,Wellness_MS (Sheet1),Category,All categories in the account file
Wellness Forever,Jun 26,Niacinamide,9.3033,3.8674,Face Serum & Treatment,41.57,Wellness_MS (Sheet1),Category,All categories in the account file
Wellness Forever,Jun 26,Night Cream,0.4165,0.0051,Face Moisturiser & Cream,1.2188,Wellness_MS (Sheet1),Category,All categories in the account file
Wellness Forever,Jun 26,Peeling Solutions,0.7703,0.215,Face Serum & Treatment,27.9085,Wellness_MS (Sheet1),Category,All categories in the account file
Wellness Forever,Jun 26,Professional Shampoo,0.1066,0.0,Shampoo,0.0,Wellness_MS (Sheet1),Category,All categories in the account file
Wellness Forever,Jun 26,Regular Shampoo,2.3436,0.1421,Shampoo,6.064,Wellness_MS (Sheet1),Category,All categories in the account file
Wellness Forever,Jun 26,Scrubs,6.5763,1.3261,Face Mask & Scrub,20.1649,Wellness_MS (Sheet1),Category,All categories in the account file
Wellness Forever,Jun 26,Serums & Essence,3.7465,0.3581,Face Serum & Treatment,9.5581,Wellness_MS (Sheet1),Category,All categories in the account file
Wellness Forever,Jun 26,Serums Vitamin C,16.5441,7.376,Face Serum & Treatment,44.584,Wellness_MS (Sheet1),Category,All categories in the account file
Wellness Forever,Jun 26,Shower Gels & Body Wash,36.2983,0.0683,Body Wash & Soap,0.1882,Wellness_MS (Sheet1),Category,All categories in the account file
Wellness Forever,Jun 26,Soaps,2.6606,0.1402,Body Wash & Soap,5.2695,Wellness_MS (Sheet1),Category,All categories in the account file
Wellness Forever,Jun 26,Sun Protection,2.5933,0.1938,Sun Care,7.4716,Wellness_MS (Sheet1),Category,All categories in the account file
Wellness Forever,Jun 26,Sunscreen Cream,32.1697,5.949,Sun Care,18.4925,Wellness_MS (Sheet1),Category,All categories in the account file
Wellness Forever,Jun 26,Sunscreen Gel,34.2815,15.7982,Sun Care,46.0836,Wellness_MS (Sheet1),Category,All categories in the account file
Wellness Forever,Jun 26,Sunscreen Lotion,6.5977,1.1117,Sun Care,16.8499,Wellness_MS (Sheet1),Category,All categories in the account file
Wellness Forever,Jun 26,Toners,0.1255,0.0034,Other,2.6947,Wellness_MS (Sheet1),Category,All categories in the account file
Wellness Forever,Jun 26,Under Eye Cream & Serums,0.3401,0.0198,Face Serum & Treatment,5.8082,Wellness_MS (Sheet1),Category,All categories in the account file
Wellness Forever,Jul 26,Acne Patches,4.3017,2.1598,Face Serum & Treatment,50.2078,Wellness_MS (Sheet1),Category,All categories in the account file
Wellness Forever,Jul 26,Anti Acne,7.068,4.0009,Face Serum & Treatment,56.6063,Wellness_MS (Sheet1),Category,All categories in the account file
Wellness Forever,Jul 26,Anti Ageing,5.5137,0.8007,Face Serum & Treatment,14.5215,Wellness_MS (Sheet1),Category,All categories in the account file
Wellness Forever,Jul 26,Baby Body Washes,15.8789,0.0351,Baby Care,0.2208,Wellness_MS (Sheet1),Category,All categories in the account file
Wellness Forever,Jul 26,Baby Cream,5.6294,0.0089,Baby Care,0.1575,Wellness_MS (Sheet1),Category,All categories in the account file
Wellness Forever,Jul 26,Baby Diaper Rashes Cream,5.0659,0.0,Baby Care,0.0,Wellness_MS (Sheet1),Category,All categories in the account file
Wellness Forever,Jul 26,Baby Hair Oil,3.8167,0.0028,Baby Care,0.0746,Wellness_MS (Sheet1),Category,All categories in the account file
Wellness Forever,Jul 26,Baby Laundry & Detergents,0.0,0.0,Baby Care,,Wellness_MS (Sheet1),Category,All categories in the account file
Wellness Forever,Jul 26,Baby Lotions,19.581,0.828,Baby Care,4.2286,Wellness_MS (Sheet1),Category,All categories in the account file
Wellness Forever,Jul 26,Baby Moisturizers,0.0011,0.0,Baby Care,0.0,Wellness_MS (Sheet1),Category,All categories in the account file
Wellness Forever,Jul 26,Baby Shampoos,19.2034,0.7425,Baby Care,3.8663,Wellness_MS (Sheet1),Category,All categories in the account file
Wellness Forever,Jul 26,Baby Soap,34.5556,1.2177,Baby Care,3.524,Wellness_MS (Sheet1),Category,All categories in the account file
Wellness Forever,Jul 26,Baby Sunscreen,4.2372,0.0209,Baby Care,0.493,Wellness_MS (Sheet1),Category,All categories in the account file
Wellness Forever,Jul 26,Baby Talc,2.0055,0.4643,Baby Care,23.1487,Wellness_MS (Sheet1),Category,All categories in the account file
Wellness Forever,Jul 26,Baby Toothpaste,11.3308,1.9664,Baby Care,17.3541,Wellness_MS (Sheet1),Category,All categories in the account file
Wellness Forever,Jul 26,Baby Wet Wipes,20.1957,0.0565,Baby Care,0.2797,Wellness_MS (Sheet1),Category,All categories in the account file
Wellness Forever,Jul 26,Body Lotions,37.0348,0.026,Body Lotion & Care,0.0703,Wellness_MS (Sheet1),Category,All categories in the account file
Wellness Forever,Jul 26,Body Moisturising Wash,0.0508,0.0374,Face Moisturiser & Cream,73.6079,Wellness_MS (Sheet1),Category,All categories in the account file
Wellness Forever,Jul 26,Brightening & Depigmentation,6.4235,2.3216,Face Serum & Treatment,36.1416,Wellness_MS (Sheet1),Category,All categories in the account file
Wellness Forever,Jul 26,Clay Mask,0.118,0.0085,Face Mask & Scrub,7.1691,Wellness_MS (Sheet1),Category,All categories in the account file
Wellness Forever,Jul 26,Cleanser,3.1039,0.0861,Face Wash & Cleanser,2.7735,Wellness_MS (Sheet1),Category,All categories in the account file
Wellness Forever,Jul 26,Compact,0.0277,0.0,Other,0.0,Wellness_MS (Sheet1),Category,All categories in the account file
Wellness Forever,Jul 26,Conditioner Anti-Hairfall,3.9354,0.5159,Conditioner,13.1086,Wellness_MS (Sheet1),Category,All categories in the account file
Wellness Forever,Jul 26,Conditioner Regular,21.54,0.5905,Conditioner,2.7412,Wellness_MS (Sheet1),Category,All categories in the account file
Wellness Forever,Jul 26,Cough & Cold Roll-Ons,3.2652,0.0093,Other,0.2842,Wellness_MS (Sheet1),Category,All categories in the account file
Wellness Forever,Jul 26,Creams & Others,0.4958,0.1333,Other,26.8875,Wellness_MS (Sheet1),Category,All categories in the account file
Wellness Forever,Jul 26,Digestive Remedies,3.8404,1.1546,Other,30.0638,Wellness_MS (Sheet1),Category,All categories in the account file
Wellness Forever,Jul 26,Face Cleansers,47.4628,1.9484,Face Wash & Cleanser,4.105,Wellness_MS (Sheet1),Category,All categories in the account file
Wellness Forever,Jul 26,Face Creams,43.7817,6.2673,Face Moisturiser & Cream,14.3149,Wellness_MS (Sheet1),Category,All categories in the account file
Wellness Forever,Jul 26,Face Creams & Gels,0.3031,0.0,Face Moisturiser & Cream,0.0,Wellness_MS (Sheet1),Category,All categories in the account file
Wellness Forever,Jul 26,Face Moisturizer,24.3677,0.6516,Face Moisturiser & Cream,2.6741,Wellness_MS (Sheet1),Category,All categories in the account file
Wellness Forever,Jul 26,Face Moisturizer & Day Cream,0.106,0.0046,Face Moisturiser & Cream,4.3792,Wellness_MS (Sheet1),Category,All categories in the account file
Wellness Forever,Jul 26,Face Pack,0.2555,0.0634,Face Mask & Scrub,24.8194,Wellness_MS (Sheet1),Category,All categories in the account file
Wellness Forever,Jul 26,Face Sheet Masks,5.0516,0.8636,Face Mask & Scrub,17.0953,Wellness_MS (Sheet1),Category,All categories in the account file
Wellness Forever,Jul 26,Face Wash,159.2999,35.0372,Face Wash & Cleanser,21.9945,Wellness_MS (Sheet1),Category,All categories in the account file
Wellness Forever,Jul 26,Facial Kits,1.0666,0.0135,Other,1.2682,Wellness_MS (Sheet1),Category,All categories in the account file
Wellness Forever,Jul 26,Foundation,0.0184,0.0051,Other,27.5908,Wellness_MS (Sheet1),Category,All categories in the account file
Wellness Forever,Jul 26,Hair Colour Crm,30.1412,0.1002,Hair Treatment & Styling,0.3326,Wellness_MS (Sheet1),Category,All categories in the account file
Wellness Forever,Jul 26,Hair Oil,26.1201,2.0707,Hair Oil,7.9275,Wellness_MS (Sheet1),Category,All categories in the account file
Wellness Forever,Jul 26,Hair Serum,35.8285,0.7325,Face Serum & Treatment,2.0443,Wellness_MS (Sheet1),Category,All categories in the account file
Wellness Forever,Jul 26,Hair Shampoo,73.0125,4.3031,Shampoo,5.8936,Wellness_MS (Sheet1),Category,All categories in the account file
Wellness Forever,Jul 26,Hair Spray,2.9505,0.0145,Hair Treatment & Styling,0.4926,Wellness_MS (Sheet1),Category,All categories in the account file
Wellness Forever,Jul 26,Insect Repellents,0.7933,0.2573,Other,32.4394,Wellness_MS (Sheet1),Category,All categories in the account file
Wellness Forever,Jul 26,Kajal,1.8849,0.0101,Other,0.5377,Wellness_MS (Sheet1),Category,All categories in the account file
Wellness Forever,Jul 26,Lip Balm,14.1902,0.231,Lip Care,1.6278,Wellness_MS (Sheet1),Category,All categories in the account file
Wellness Forever,Jul 26,Lipsticks,0.0651,0.0,Lip Care,0.0,Wellness_MS (Sheet1),Category,All categories in the account file
Wellness Forever,Jul 26,Muscle,9.1655,0.0085,Other,0.0932,Wellness_MS (Sheet1),Category,All categories in the account file
Wellness Forever,Jul 26,Niacinamide,8.3379,3.1525,Face Serum & Treatment,37.8085,Wellness_MS (Sheet1),Category,All categories in the account file
Wellness Forever,Jul 26,Night Cream,0.6219,0.0,Face Moisturiser & Cream,0.0,Wellness_MS (Sheet1),Category,All categories in the account file
Wellness Forever,Jul 26,Peeling Solutions,0.439,0.0837,Face Serum & Treatment,19.0665,Wellness_MS (Sheet1),Category,All categories in the account file
Wellness Forever,Jul 26,Professional Shampoo,0.1075,0.0,Shampoo,0.0,Wellness_MS (Sheet1),Category,All categories in the account file
Wellness Forever,Jul 26,Regular Shampoo,2.4674,0.1586,Shampoo,6.4296,Wellness_MS (Sheet1),Category,All categories in the account file
Wellness Forever,Jul 26,Scrubs,5.477,1.28,Face Mask & Scrub,23.3707,Wellness_MS (Sheet1),Category,All categories in the account file
Wellness Forever,Jul 26,Serums & Essence,3.8581,0.2825,Face Serum & Treatment,7.3231,Wellness_MS (Sheet1),Category,All categories in the account file
Wellness Forever,Jul 26,Serums Vitamin C,15.1994,6.5643,Face Serum & Treatment,43.1881,Wellness_MS (Sheet1),Category,All categories in the account file
Wellness Forever,Jul 26,Shower Gels & Body Wash,32.0158,0.0888,Body Wash & Soap,0.2773,Wellness_MS (Sheet1),Category,All categories in the account file
Wellness Forever,Jul 26,Soaps,2.1025,0.1583,Body Wash & Soap,7.528,Wellness_MS (Sheet1),Category,All categories in the account file
Wellness Forever,Jul 26,Sun Protection,1.7256,0.1218,Sun Care,7.0587,Wellness_MS (Sheet1),Category,All categories in the account file
Wellness Forever,Jul 26,Sunscreen Cream,20.1161,3.447,Sun Care,17.1357,Wellness_MS (Sheet1),Category,All categories in the account file
Wellness Forever,Jul 26,Sunscreen Gel,19.9275,9.2778,Sun Care,46.5576,Wellness_MS (Sheet1),Category,All categories in the account file
Wellness Forever,Jul 26,Sunscreen Lotion,4.6368,0.7029,Sun Care,15.1587,Wellness_MS (Sheet1),Category,All categories in the account file
Wellness Forever,Jul 26,Toners,0.0871,0.0,Other,0.0,Wellness_MS (Sheet1),Category,All categories in the account file
Wellness Forever,Jul 26,Under Eye Cream & Serums,0.2767,0.0274,Face Serum & Treatment,9.8882,Wellness_MS (Sheet1),Category,All categories in the account file
Wellness Forever,Aug 26,Acne Patches,4.5783,2.1384,Face Serum & Treatment,46.7081,Wellness_MS (Sheet1),Category,All categories in the account file
Wellness Forever,Aug 26,Anti Acne,7.1737,4.0331,Face Serum & Treatment,56.2208,Wellness_MS (Sheet1),Category,All categories in the account file
Wellness Forever,Aug 26,Anti Ageing,6.5846,0.9871,Face Serum & Treatment,14.9912,Wellness_MS (Sheet1),Category,All categories in the account file
Wellness Forever,Aug 26,Baby Body Washes,17.7712,0.0228,Baby Care,0.1284,Wellness_MS (Sheet1),Category,All categories in the account file
Wellness Forever,Aug 26,Baby Cream,6.1923,0.0101,Baby Care,0.1637,Wellness_MS (Sheet1),Category,All categories in the account file
Wellness Forever,Aug 26,Baby Diaper Rashes Cream,5.4667,0.0,Baby Care,0.0,Wellness_MS (Sheet1),Category,All categories in the account file
Wellness Forever,Aug 26,Baby Hair Oil,4.1117,0.0082,Baby Care,0.2001,Wellness_MS (Sheet1),Category,All categories in the account file
Wellness Forever,Aug 26,Baby Laundry & Detergents,0.0,0.0,Baby Care,,Wellness_MS (Sheet1),Category,All categories in the account file
Wellness Forever,Aug 26,Baby Lotions,20.021,0.7709,Baby Care,3.8504,Wellness_MS (Sheet1),Category,All categories in the account file
Wellness Forever,Aug 26,Baby Moisturizers,0.0,0.0,Baby Care,,Wellness_MS (Sheet1),Category,All categories in the account file
Wellness Forever,Aug 26,Baby Shampoos,19.6742,0.7313,Baby Care,3.717,Wellness_MS (Sheet1),Category,All categories in the account file
Wellness Forever,Aug 26,Baby Soap,36.0668,1.0451,Baby Care,2.8977,Wellness_MS (Sheet1),Category,All categories in the account file
Wellness Forever,Aug 26,Baby Sunscreen,4.8699,0.0235,Baby Care,0.4833,Wellness_MS (Sheet1),Category,All categories in the account file
Wellness Forever,Aug 26,Baby Talc,2.1547,0.387,Baby Care,17.961,Wellness_MS (Sheet1),Category,All categories in the account file
Wellness Forever,Aug 26,Baby Toothpaste,12.5645,1.8068,Baby Care,14.3798,Wellness_MS (Sheet1),Category,All categories in the account file
Wellness Forever,Aug 26,Baby Wet Wipes,21.1449,0.0549,Baby Care,0.2595,Wellness_MS (Sheet1),Category,All categories in the account file
Wellness Forever,Aug 26,Body Lotions,39.983,0.0218,Body Lotion & Care,0.0546,Wellness_MS (Sheet1),Category,All categories in the account file
Wellness Forever,Aug 26,Body Moisturising Wash,0.0629,0.0608,Face Moisturiser & Cream,96.7247,Wellness_MS (Sheet1),Category,All categories in the account file
Wellness Forever,Aug 26,Brightening & Depigmentation,7.8539,3.1136,Face Serum & Treatment,39.6436,Wellness_MS (Sheet1),Category,All categories in the account file
Wellness Forever,Aug 26,Clay Mask,0.1573,0.0065,Face Mask & Scrub,4.1525,Wellness_MS (Sheet1),Category,All categories in the account file
Wellness Forever,Aug 26,Cleanser,3.6541,0.0846,Face Wash & Cleanser,2.3164,Wellness_MS (Sheet1),Category,All categories in the account file
Wellness Forever,Aug 26,Compact,0.0356,0.0,Other,0.0,Wellness_MS (Sheet1),Category,All categories in the account file
Wellness Forever,Aug 26,Conditioner Anti-Hairfall,4.2696,0.607,Conditioner,14.2158,Wellness_MS (Sheet1),Category,All categories in the account file
Wellness Forever,Aug 26,Conditioner Regular,21.6987,0.5973,Conditioner,2.7529,Wellness_MS (Sheet1),Category,All categories in the account file
Wellness Forever,Aug 26,Cough & Cold Roll-Ons,4.1666,0.0116,Other,0.2782,Wellness_MS (Sheet1),Category,All categories in the account file
Wellness Forever,Aug 26,Creams & Others,0.5965,0.1369,Other,22.9408,Wellness_MS (Sheet1),Category,All categories in the account file
Wellness Forever,Aug 26,Digestive Remedies,3.6999,0.9845,Other,26.6091,Wellness_MS (Sheet1),Category,All categories in the account file
Wellness Forever,Aug 26,Face Cleansers,44.5418,2.0279,Face Wash & Cleanser,4.5528,Wellness_MS (Sheet1),Category,All categories in the account file
Wellness Forever,Aug 26,Face Creams,49.3642,7.1895,Face Moisturiser & Cream,14.5643,Wellness_MS (Sheet1),Category,All categories in the account file
Wellness Forever,Aug 26,Face Creams & Gels,0.2908,0.0066,Face Moisturiser & Cream,2.267,Wellness_MS (Sheet1),Category,All categories in the account file
Wellness Forever,Aug 26,Face Moisturizer,30.1776,0.6555,Face Moisturiser & Cream,2.1721,Wellness_MS (Sheet1),Category,All categories in the account file
Wellness Forever,Aug 26,Face Moisturizer & Day Cream,0.1025,0.0124,Face Moisturiser & Cream,12.1176,Wellness_MS (Sheet1),Category,All categories in the account file
Wellness Forever,Aug 26,Face Pack,0.2286,0.0516,Face Mask & Scrub,22.5673,Wellness_MS (Sheet1),Category,All categories in the account file
Wellness Forever,Aug 26,Face Sheet Masks,6.2522,0.9252,Face Mask & Scrub,14.7985,Wellness_MS (Sheet1),Category,All categories in the account file
Wellness Forever,Aug 26,Face Wash,173.6232,35.5321,Face Wash & Cleanser,20.4651,Wellness_MS (Sheet1),Category,All categories in the account file
Wellness Forever,Aug 26,Facial Kits,1.0084,0.0203,Other,2.012,Wellness_MS (Sheet1),Category,All categories in the account file
Wellness Forever,Aug 26,Foundation,0.0259,0.0,Other,0.0,Wellness_MS (Sheet1),Category,All categories in the account file
Wellness Forever,Aug 26,Hair Colour Crm,47.8339,0.0685,Hair Treatment & Styling,0.1431,Wellness_MS (Sheet1),Category,All categories in the account file
Wellness Forever,Aug 26,Hair Oil,28.9835,2.0632,Hair Oil,7.1186,Wellness_MS (Sheet1),Category,All categories in the account file
Wellness Forever,Aug 26,Hair Serum,34.3598,0.6348,Face Serum & Treatment,1.8476,Wellness_MS (Sheet1),Category,All categories in the account file
Wellness Forever,Aug 26,Hair Shampoo,76.0773,4.0595,Shampoo,5.336,Wellness_MS (Sheet1),Category,All categories in the account file
Wellness Forever,Aug 26,Hair Spray,2.537,0.0,Hair Treatment & Styling,0.0,Wellness_MS (Sheet1),Category,All categories in the account file
Wellness Forever,Aug 26,Insect Repellents,1.0777,0.2455,Other,22.7839,Wellness_MS (Sheet1),Category,All categories in the account file
Wellness Forever,Aug 26,Kajal,1.9647,0.0177,Other,0.9028,Wellness_MS (Sheet1),Category,All categories in the account file
Wellness Forever,Aug 26,Lip Balm,15.7368,0.2108,Lip Care,1.3393,Wellness_MS (Sheet1),Category,All categories in the account file
Wellness Forever,Aug 26,Lipsticks,0.06,0.0,Lip Care,0.0,Wellness_MS (Sheet1),Category,All categories in the account file
Wellness Forever,Aug 26,Muscle,13.3377,0.0054,Other,0.0403,Wellness_MS (Sheet1),Category,All categories in the account file
Wellness Forever,Aug 26,Niacinamide,9.2075,3.464,Face Serum & Treatment,37.6213,Wellness_MS (Sheet1),Category,All categories in the account file
Wellness Forever,Aug 26,Night Cream,0.7154,0.0047,Face Moisturiser & Cream,0.6516,Wellness_MS (Sheet1),Category,All categories in the account file
Wellness Forever,Aug 26,Peeling Solutions,0.4419,0.0807,Face Serum & Treatment,18.2662,Wellness_MS (Sheet1),Category,All categories in the account file
Wellness Forever,Aug 26,Professional Shampoo,0.075,0.0,Shampoo,0.0,Wellness_MS (Sheet1),Category,All categories in the account file
Wellness Forever,Aug 26,Regular Shampoo,2.507,0.1588,Shampoo,6.3359,Wellness_MS (Sheet1),Category,All categories in the account file
Wellness Forever,Aug 26,Scrubs,5.4653,1.1922,Face Mask & Scrub,21.8142,Wellness_MS (Sheet1),Category,All categories in the account file
Wellness Forever,Aug 26,Serums & Essence,4.5167,0.2046,Face Serum & Treatment,4.529,Wellness_MS (Sheet1),Category,All categories in the account file
Wellness Forever,Aug 26,Serums Vitamin C,16.0355,6.1942,Face Serum & Treatment,38.6278,Wellness_MS (Sheet1),Category,All categories in the account file
Wellness Forever,Aug 26,Shower Gels & Body Wash,33.246,0.0545,Body Wash & Soap,0.1639,Wellness_MS (Sheet1),Category,All categories in the account file
Wellness Forever,Aug 26,Soaps,2.1702,0.2505,Body Wash & Soap,11.5427,Wellness_MS (Sheet1),Category,All categories in the account file
Wellness Forever,Aug 26,Sun Protection,1.9054,0.1882,Sun Care,9.8779,Wellness_MS (Sheet1),Category,All categories in the account file
Wellness Forever,Aug 26,Sunscreen Cream,23.2396,3.8389,Sun Care,16.5187,Wellness_MS (Sheet1),Category,All categories in the account file
Wellness Forever,Aug 26,Sunscreen Gel,24.036,10.7575,Sun Care,44.7558,Wellness_MS (Sheet1),Category,All categories in the account file
Wellness Forever,Aug 26,Sunscreen Lotion,5.4975,0.7118,Sun Care,12.9474,Wellness_MS (Sheet1),Category,All categories in the account file
Wellness Forever,Aug 26,Toners,0.1063,0.0038,Other,3.5868,Wellness_MS (Sheet1),Category,All categories in the account file
Wellness Forever,Aug 26,Under Eye Cream & Serums,0.1878,0.0068,Face Serum & Treatment,3.6012,Wellness_MS (Sheet1),Category,All categories in the account file
