Markets,Facts,Products,Aug 23,Sep 23,Oct 23,Nov 23,Dec 23,Jan 24,Feb 24,Mar 24,Apr 24,May 24,Jun 24,Jul 24,Aug 24,Sep 24,Oct 24,Nov 24,Dec 24,Jan 25,Feb 25,Mar 25,Apr 25,May 25,Jun 25,Jul 25,Aug 25,Sep 25,Oct 25,Nov 25,Dec 25,Jan 26,Feb 26,Mar 26,Apr 26,May 26,Jun 26,Jul 26,Aug 26,LM VS PM (YA),LM vs PM (PP),Q3 24,Q4 24,Q1 25,Q2 25,Q3 25,Q4 25,Q1 26,Q2 26,LQ vs PQ (YA),LQ vs PQ (PP),Latest 3 Mths 2YA,Latest 3 Mths YA,Latest 3 Mths,L3M vs L3M (YA),Latest 12 Mths 2YA,Latest 12 Mths YA,Latest 12 Mths,LY vs PY (YA)
IN URB MT,Sales Value (Crs.),FACE WASH,68.699,60.822,64.751,64.389,61.119,63.002,64.016,68.13,70.811,76.169,71.723,70.647,71.162,62.538,66.508,64.905,59.279,57.601,56.041,64.064,66.069,73.951,71.439,70.777,73.042,63.606,71.174,64.627,63.967,67.536,66.99,75.124,76.073,83.025,82.327,82.324,82.086,0.1238191725308726,-0.0028910159856178064,204.347,190.693,177.706,211.459,207.426,199.768,209.65,241.424,0.14170595718318912,0.15155735750059618,213.532,215.259,246.737,0.14623314240055008,806.742,786.216,878.858,0.11783275842770946
IN URB MT,Sales Value (Crs.),MAMAEARTH,2.615,2.417,2.711,2.639,2.573,3.331,3.527,3.976,4.021,4.913,4.795,4.66,4.958,4.131,4.546,4.267,4.122,4.531,4.339,5.005,5.381,6.231,6.037,6.214,7.475,5.977,6.539,5.791,6.204,7.858,7.807,8.484,8.797,9.603,9.52,9.18,10.516,0.40682274247491645,0.14553376906318083,13.75,12.935,13.874,17.65,19.666,18.535,24.15,27.919,0.5818130311614733,0.1560662525879919,14.414,19.726,29.216,0.4810909459596473,44.522,62.278,96.277,0.5459231189183982
IN URB MT,Sales Value (Crs.),HIMALAYA,16.505,15.168,15.258,15.713,14.935,15.387,15.288,16.256,16.566,18.831,17.824,16.586,17.136,15.409,15.972,15.975,14.465,13.984,13.478,15.542,15.93,18.448,16.71,16.437,16.961,15.11,16.757,14.869,15.328,15.296,15.24,16.942,16.254,17.917,16.736,18.728,17.225,0.015565119981133302,-0.08025416488680048,49.131,46.411,43.004,51.088,48.509,46.955,47.479,50.908,-0.003523332289383063,0.07222140314665437,51.546,50.109,52.689,0.05148775669041483,194.947,189.312,196.404,0.03746196754563891
IN URB MT,Sales Value (Crs.),GARNIER,9.301,7.773,8.941,8.509,8.057,8.777,9.631,9.688,10.539,11.182,10.492,10.416,10.88,9.608,9.694,8.983,8.07,8.194,8.421,9.04,8.749,10.023,10.126,10.259,11.118,9.546,10.546,9.003,8.592,9.5,9.772,10.29,10.44,11.755,10.834,10.942,11.565,0.04020507285482999,0.05693657466642299,30.904,26.747,25.655,28.898,30.923,28.14,29.562,33.029,0.14295106927815082,0.11727893917867549,31.788,31.503,33.341,0.05834364981112916,114.884,112.286,122.784,0.09349340078015067
IN URB MT,Sales Value (Crs.),POND'S,11.352,9.764,10.271,10.391,9.486,9.794,10.253,10.903,10.676,11.271,10.313,10.054,10.382,8.779,9.92,9.558,8.52,9.091,8.506,9.254,9.736,10.605,9.827,10.022,10.293,8.82,9.185,8.509,8.303,9.609,9.31,10.893,11.349,11.448,10.58,10.716,10.964,0.0651899349072187,0.02314296379246006,29.215,27.999,26.852,30.168,29.136,25.997,29.813,33.378,0.10640413683373118,0.1195787072753498,30.749,30.142,32.261,0.0703005772676002,123.559,114.113,119.687,0.04884631899958802
IN URB MT,Sales Value (Crs.),CLEAN & CLEAR,5.401,4.732,4.601,3.602,3.786,4.523,4.469,4.768,5.835,5.52,5.225,5.376,5.292,4.921,4.985,4.689,4.35,4.247,4.089,4.595,5.198,5.548,5.548,5.463,5.42,4.819,5.322,4.589,5.009,5.024,4.856,5.525,5.782,6.339,6.319,6.319,6.052,0.11660516605166049,-0.04225352112676062,15.589,14.023,12.931,16.294,15.702,14.92,15.406,18.44,0.13170492205719908,0.1969362586005452,15.893,16.432,18.689,0.13735394352482966,57.731,59.053,65.955,0.11687805869303847
IN URB MT,Sales Value (Crs.),GLOW & LOVELY,0.596,0.579,0.496,0.531,0.517,0.507,0.505,0.553,0.575,0.543,0.578,0.651,0.69,0.594,0.61,0.603,0.525,0.504,0.497,0.572,0.597,0.632,0.583,0.648,0.682,0.725,0.753,0.74,0.694,0.677,0.69,0.799,0.642,0.694,0.599,0.512,0.508,-0.25513196480938416,-0.0078125,1.935,1.739,1.573,1.812,2.055,2.186,2.165,1.935,0.06788079470198682,-0.10623556581986138,1.918,1.913,1.619,-0.1536853110297961,6.725,7.049,8.032,0.13945240459639652
IN URB MT,Sales Value (Crs.),PATANJALI,0.88,0.823,0.851,0.796,0.854,0.945,0.902,0.968,1.029,0.954,1.005,0.959,0.775,0.866,0.783,0.844,0.784,0.682,0.742,0.938,0.893,0.919,0.797,0.687,0.61,0.535,0.746,0.62,0.646,0.603,0.587,0.888,0.862,0.893,0.961,0.857,0.911,0.49344262295081975,0.06301050175029177,2.6,2.412,2.363,2.609,1.832,2.012,2.078,2.716,0.041011881947106144,0.3070259865255054,2.739,2.094,2.729,0.3032473734479466,10.86,9.546,9.109,-0.04577833647601082
IN URB MT,Sales Value (Crs.),LAKME,2.418,2.442,3.03,3.174,2.853,2.888,2.814,2.935,2.794,2.868,2.589,2.729,2.752,2.401,2.558,2.48,2.24,2.083,1.883,2.283,2.381,2.572,2.366,2.452,2.428,2.121,2.476,2.304,2.171,2.32,2.213,2.422,2.425,3.154,3.595,3.318,3.084,0.27018121911037896,-0.07052441229656414,7.882,7.278,6.249,7.32,7.001,6.951,6.955,9.175,0.2534153005464481,0.31919482386772113,8.07,7.246,9.998,0.37979574937896743,33.869,28.128,31.604,0.12357792946530144
IN URB MT,Sales Value (Crs.),JOY,2.418,2.106,2.735,3.49,3.198,2.587,2.191,2.442,2.852,3.428,3.473,3.639,3.247,2.794,3.324,3.633,3.746,2.984,2.439,3.246,3.758,4.594,5.866,4.683,4.237,3.763,4.982,4.947,4.384,3.601,3.104,3.82,4.464,4.929,6.828,5.51,4.796,0.13193297144205807,-0.12958257713248633,9.68,10.702,8.669,14.218,12.683,14.312,10.525,16.222,0.14094809396539598,0.5412826603325416,10.359,14.786,17.134,0.1587988637900717,35.388,45.303,55.129,0.21689512835794544
IN URB MT,Sales Value (Crs.),NIVEA,5.835,4.998,5.33,5.488,5.285,4.928,5.08,5.278,5.191,5.32,4.899,4.81,4.966,4.367,4.367,4.181,3.69,3.322,3.517,3.966,3.909,3.944,3.698,3.592,3.519,3.163,3.304,3.173,2.898,2.787,3.054,2.935,3.086,3.269,2.937,2.835,2.798,-0.20488775220233024,-0.013051146384479684,14.144,12.237,10.805,11.551,10.274,9.375,8.776,9.291,-0.1956540559258938,0.058682771194165984,14.675,10.809,8.57,-0.20714219631788322,61.572,46.072,36.239,-0.213426810210106
IN URB MT,Sales Value (Crs.),LOTUS,0.614,0.493,0.555,0.479,0.476,0.481,0.482,0.532,0.487,0.486,0.448,0.437,0.368,0.361,0.491,0.48,0.586,0.5,0.349,0.369,0.432,0.457,0.473,0.505,0.517,0.493,0.561,0.505,0.492,0.449,0.48,0.698,0.641,0.615,0.627,0.558,0.505,-0.023210831721470093,-0.09498207885304666,1.166,1.557,1.219,1.362,1.515,1.558,1.627,1.882,0.3817914831130689,0.1567301782421635,1.253,1.495,1.69,0.13043478260869557,5.724,5.521,6.624,0.19978264807100166
IN URB MT,Sales Value (Crs.),VLCC,1.489,1.186,1.169,1.253,1.106,1.09,1.004,1.036,0.975,1.078,1.13,1.177,1.213,0.961,1.144,1.157,0.994,0.837,0.948,0.959,0.943,0.948,0.849,0.873,0.895,0.736,0.904,0.737,0.664,0.706,0.755,0.949,0.714,0.737,0.833,0.949,0.821,-0.08268156424581008,-0.13487881981032668,3.35,3.295,2.744,2.74,2.504,2.305,2.409,2.283,-0.16678832116788334,-0.05230386052303859,3.52,2.617,2.603,-0.005349636988918549,13.417,11.509,9.504,-0.17421148666261188
IN URB MT,Sales Value (Crs.),EVERYUTH,0.912,0.746,0.815,0.762,0.718,0.678,0.701,0.742,0.849,0.904,0.835,0.789,0.776,0.653,0.828,0.769,0.712,0.592,0.629,0.736,0.656,0.822,0.744,0.771,0.878,0.685,0.861,0.76,0.725,0.649,0.625,0.914,0.919,0.871,1.011,0.997,0.86,-0.02050113895216399,-0.13741223671013036,2.218,2.309,1.957,2.222,2.334,2.346,2.189,2.801,0.26057605760576075,0.2795797167656464,2.4,2.392,2.868,0.19899665551839463,9.317,8.789,9.878,0.12390488110137676
IN URB MT,Sales Value (Crs.),BIOTIQUE,0.403,0.582,0.839,0.406,0.513,0.463,0.46,0.684,0.743,0.778,0.703,0.866,0.847,0.709,0.875,0.956,0.897,0.773,0.771,0.993,1.025,1.179,1.055,1.065,1.03,0.761,0.915,0.896,0.898,0.938,0.894,0.966,0.942,0.921,0.81,0.842,1.435,0.3932038834951457,0.7042755344418052,2.423,2.728,2.537,3.259,2.856,2.708,2.798,2.673,-0.17980975759435402,-0.04467476769120804,2.416,3.15,3.086,-0.02031746031746029,7.886,11.328,11.216,-0.009887005649717562
IN URB MT,Sales Value (Crs.),MEDIMIX,0.427,0.345,0.369,0.419,0.347,0.36,0.382,0.402,0.427,0.425,0.455,0.401,0.419,0.306,0.29,0.287,0.241,0.307,0.381,0.384,0.391,0.372,0.329,0.483,0.539,0.387,0.387,0.357,0.368,0.37,0.337,0.387,0.408,0.425,0.394,0.409,0.389,-0.27829313543599266,-0.048899755501222386,1.125,0.818,1.073,1.092,1.409,1.113,1.094,1.226,0.1227106227106225,0.12065813528336378,1.274,1.351,1.192,-0.11769059955588457,4.75,4.311,4.618,0.07121317559730933
IN URB MT,Sales Value (Crs.),WOW,0.796,0.581,0.57,0.575,0.643,0.622,0.653,0.654,0.53,0.533,0.494,0.498,0.405,0.38,0.392,0.306,0.26,0.267,0.177,0.191,0.235,0.24,0.251,0.231,0.238,0.21,0.216,0.289,0.185,0.189,0.171,0.158,0.111,0.093,0.082,0.034,0.032,-0.865546218487395,-0.05882352941176472,1.283,0.958,0.635,0.726,0.678,0.69,0.518,0.286,-0.6060606060606061,-0.447876447876448,1.397,0.719,0.148,-0.7941585535465925,6.759,3.167,1.769,-0.44142721818755926
IN URB MT,Sales Value (Crs.),THE DERMA CO,,,,,0.001,0.0,,,0.003,0.0,0.005,0.005,0.003,0.008,0.008,0.006,0.004,0.003,0.006,0.004,0.013,0.016,0.023,0.022,0.021,0.041,0.096,0.093,0.192,0.226,0.383,0.47,0.508,0.608,0.609,0.808,0.693,31.999999999999993,-0.14232673267326745,0.016,0.018,0.013,0.052,0.084,0.381,1.078,1.725,32.17307692307693,0.6001855287569573,0.013,0.066,2.111,30.984848484848488,0.018,0.135,4.727,34.01481481481481
IN URB MT,Sales Value (Crs.),SIMPLE,0.042,0.041,0.054,0.087,0.157,0.158,0.155,0.131,0.189,0.188,0.163,0.149,0.121,0.114,0.117,0.145,0.128,0.071,0.158,0.227,0.12,0.065,0.383,0.459,0.617,0.516,0.691,0.973,1.056,1.262,0.838,1.223,1.492,1.925,2.045,2.127,2.512,3.0713128038897892,0.18100611189468752,0.385,0.39,0.456,0.568,1.593,2.719,3.323,5.462,8.616197183098592,0.6436954559133312,0.433,1.459,6.684,3.581220013708019,1.594,2.604,16.66,5.397849462365591
IN URB MT,Sales Value (Crs.),DOT & KEY,0.035,0.024,0.022,0.023,0.024,0.021,0.027,0.017,0.009,0.005,0.012,0.028,0.017,0.002,0.011,0.007,0.001,0.0,0.003,0.008,0.0,0.004,0.005,0.003,0.005,0.019,0.019,0.018,0.018,0.021,0.021,0.047,0.096,0.099,0.127,0.123,0.12,23.0,-0.024390243902439046,0.047,0.019,0.012,0.009,0.028,0.055,0.09,0.322,34.77777777777778,2.577777777777778,0.057,0.014,0.37,25.428571428571427,0.228,0.05,0.729,13.579999999999998
IN URB MT,Sales Value (Crs.),JOVEES,0.324,0.303,0.309,0.267,0.264,0.248,0.236,0.282,0.289,0.365,0.332,0.351,0.344,0.304,0.301,0.277,0.27,0.238,0.238,0.289,0.287,0.311,0.29,0.312,0.292,0.262,0.334,0.27,0.231,0.218,0.201,0.226,0.232,0.21,0.213,0.217,0.223,-0.23630136986301364,0.02764976958525356,0.998,0.848,0.765,0.889,0.865,0.835,0.644,0.655,-0.26321709786276715,0.017080745341614856,1.026,0.893,0.654,-0.26763717805151177,3.589,3.409,2.837,-0.1677911410970958
IN URB MT,Sales Value (Crs.),AHAGLOW,0.004,0.009,0.006,0.014,0.033,0.005,0.013,0.025,0.007,0.014,0.013,0.013,0.009,,,,,,0.0,0.001,0.001,0.001,0.0,8.99999999999999e-05,0.001,0.0,0.002,0.0,0.001,0.0,0.0,0.003,0.0,0.001,2e-05,0.0,0.0,,,0.022,,0.002,0.002,0.002,0.003,0.004,0.002,0.0,-0.5,0.035,0.002,0.0,,0.16,0.005,0.009,0.7999999999999998
IN URB MT,Sales Value (Crs.),CETAPHIL,,,0.03,0.029,0.049,0.029,,,0.007,0.005,0.003,0.003,0.002,0.004,0.003,0.002,0.003,0.003,0.003,0.004,0.009,0.01,0.007,0.015,0.011,0.014,0.021,0.056,0.013,0.025,0.006,0.013,0.079,0.489,0.904,0.852,0.926,83.18181818181819,0.08685446009389675,0.008,0.008,0.01,0.027,0.041,0.09,0.044,1.472,53.51851851851852,32.45454545454545,0.007,0.034,2.682,77.88235294117646,0.157,0.075,3.398,44.30666666666667
IN URB MT,Sales Value (Crs.),MINIMALIST,0.023,0.021,0.014,0.018,0.022,0.018,0.013,0.009,0.01,0.014,0.011,0.011,0.013,0.009,0.009,0.008,0.011,0.013,0.01,0.011,0.011,0.009,0.008,0.009,0.007,0.009,0.009,0.018,0.017,0.048,0.032,0.058,0.08,0.081,0.08,0.111,0.098,13.0,-0.11711711711711714,0.034,0.028,0.035,0.029,0.025,0.043,0.139,0.241,7.310344827586206,0.7338129496402876,0.035,0.024,0.289,11.041666666666666,0.174,0.117,0.641,4.478632478632479
IN URB MT,Sales Value (Crs.),CERAVE,,,,,,,,,,,,,,,,,,,,,,,,,,,0.012,0.0,0.013,0.0,,,0.001,0.008,0.003,0.006,0.003,,-0.5,,,,,,0.025,0.0,0.011,,,,,0.011,,,,0.044,
IN URB MT,Sales Value (Crs.),NIVEA MEN,,,,,,2.99999999999999e-05,0.0,0.0,4e-05,0.0,0.001,0.001,0.0,0.0,0.0,0.0,2e-05,0.0,0.0,,2.99999999999999e-05,0.0,0.0,,,,,,0.002,0.0,5.99999999999999e-05,0.003,0.002,0.002,0.0,,0.003,,,0.001,0.0,0.0,2.99999999999999e-05,,0.002,0.003,0.005,165.66666666666723,0.6666666666666667,0.002,0.0,0.003,,0.003,0.0,0.013,
IN URB MT,MS Val,FACE WASH,100.0,100.0,100.0,100.0,100.0,100.0,100.0,100.0,100.0,100.0,100.0,100.0,100.0,100.0,100.0,100.0,100.0,100.0,100.0,100.0,100.0,100.0,100.0,100.0,100.0,100.0,100.0,100.0,100.0,100.0,100.0,100.0,100.0,100.0,100.0,100.0,100.0,0.0,0.0,100.0,100.0,100.0,100.0,100.0,100.0,100.0,100.0,0.0,0.0,100.0,100.0,100.0,0.0,100.0,100.0,100.0,0.0
IN URB MT,MS Val,MAMAEARTH,3.807,3.973,4.187,4.099,4.21,5.288,5.509,5.836,5.679,6.45,6.685,6.597,6.968,6.605,6.835,6.575,6.954,7.865,7.742,7.812,8.145,8.426,8.451,8.779,10.233,9.398,9.188,8.961,9.699,11.636,11.654,11.294,11.563,11.566,11.563,11.151,12.811,257.79999999999995,166.0,6.729,6.783,7.807,8.347,9.481,9.278,11.519,11.564,321.70000000000005,4.499999999999993,6.75,9.164,11.841,267.69999999999993,5.519,7.921,10.955,303.4
IN URB MT,MS Val,HIMALAYA,24.024,24.939,23.564,24.404,24.435,24.422,23.882,23.86,23.394,24.722,24.851,23.477,24.08,24.64,24.014,24.613,24.401,24.278,24.05,24.26,24.111,24.947,23.391,23.224,23.221,23.755,23.544,23.008,23.963,22.649,22.75,22.552,21.366,21.581,20.329,22.749,20.984,-223.69999999999982,-176.49999999999972,24.043,24.338,24.2,24.16,23.386,23.505,22.647,21.086,-307.40000000000015,-156.1,24.14,23.279,21.355,-192.39999999999995,24.165,24.079,22.348,-173.10000000000016
IN URB MT,MS Val,GARNIER,13.538,12.78,13.808,13.215,13.182,13.931,15.045,14.22,14.884,14.68,14.628,14.743,15.289,15.363,14.576,13.84,13.614,14.225,15.027,14.112,13.243,13.554,14.174,14.494,15.222,15.008,14.817,13.931,13.431,14.066,14.587,13.697,13.723,14.159,13.159,13.291,14.089,-113.29999999999991,79.80000000000001,15.123,14.027,14.437,13.666,14.908,14.086,14.101,13.681,1.4999999999998792,-42.00000000000017,14.887,14.635,13.513,-112.19999999999999,14.241,14.282,13.971,-31.099999999999994
IN URB MT,MS Val,POND'S,16.525,16.054,15.863,16.137,15.521,15.546,16.016,16.004,15.076,14.797,14.379,14.232,14.589,14.038,14.915,14.727,14.373,15.783,15.179,14.445,14.737,14.341,13.755,14.16,14.092,13.867,12.905,13.166,12.98,14.229,13.897,14.501,14.919,13.788,12.852,13.017,13.357,-73.50000000000011,33.999999999999986,14.297,14.683,15.11,14.267,14.046,13.014,14.22,13.825,-44.20000000000002,-39.500000000000135,14.4,14.003,13.075,-92.80000000000008,15.316,14.514,13.618,-89.59999999999991
IN URB MT,MS Val,CLEAN & CLEAR,7.862,7.781,7.106,5.595,6.194,7.179,6.981,6.999,8.24,7.247,7.286,7.61,7.436,7.869,7.495,7.224,7.337,7.373,7.296,7.173,7.867,7.503,7.767,7.719,7.42,7.576,7.477,7.101,7.83,7.439,7.249,7.355,7.601,7.636,7.675,7.675,7.373,-4.699999999999971,-30.19999999999996,7.629,7.354,7.277,7.706,7.57,7.469,7.348,7.638,-6.8000000000000504,29.000000000000004,7.443,7.633,7.575,-5.799999999999983,7.156,7.511,7.505,-0.6000000000000227
IN URB MT,MS Val,GLOW & LOVELY,0.868,0.953,0.766,0.825,0.847,0.804,0.789,0.811,0.812,0.713,0.805,0.921,0.97,0.951,0.917,0.93,0.886,0.875,0.888,0.893,0.903,0.855,0.816,0.915,0.934,1.14,1.057,1.145,1.084,1.002,1.03,1.063,0.844,0.835,0.727,0.623,0.619,-31.500000000000007,-0.40000000000000036,0.947,0.912,0.885,0.857,0.991,1.094,1.033,0.801,-5.599999999999994,-23.19999999999999,0.898,0.889,0.656,-23.299999999999997,0.834,0.896,0.914,1.8000000000000016
IN URB MT,MS Val,PATANJALI,1.28,1.353,1.313,1.236,1.397,1.5,1.41,1.421,1.453,1.252,1.401,1.358,1.089,1.384,1.178,1.301,1.323,1.184,1.325,1.465,1.352,1.242,1.115,0.971,0.835,0.841,1.048,0.959,1.01,0.892,0.876,1.182,1.134,1.075,1.167,1.041,1.11,27.500000000000014,6.900000000000017,1.272,1.265,1.33,1.234,0.883,1.007,0.991,1.125,-10.899999999999999,13.4,1.282,0.973,1.106,13.300000000000011,1.346,1.214,1.036,-17.799999999999994
IN URB MT,MS Val,LAKME,3.52,4.015,4.679,4.929,4.669,4.584,4.396,4.309,3.946,3.766,3.609,3.863,3.867,3.839,3.846,3.822,3.779,3.616,3.359,3.564,3.604,3.479,3.312,3.464,3.324,3.335,3.479,3.565,3.394,3.435,3.303,3.224,3.188,3.799,4.367,4.03,3.758,43.40000000000002,-27.200000000000024,3.857,3.817,3.517,3.462,3.375,3.479,3.317,3.8,33.79999999999996,48.29999999999997,3.779,3.366,4.052,68.59999999999995,4.198,3.578,3.596,1.8000000000000238
IN URB MT,MS Val,JOY,3.519,3.463,4.224,5.42,5.233,4.106,3.422,3.585,4.027,4.5,4.842,5.151,4.563,4.468,4.997,5.598,6.319,5.181,4.351,5.067,5.688,6.213,8.211,6.616,5.801,5.917,6.999,7.654,6.854,5.332,4.634,5.085,5.869,5.937,8.294,6.693,5.843,4.1999999999999815,-84.99999999999997,4.737,5.612,4.878,6.724,6.114,7.165,5.02,6.719,-0.49999999999998934,169.90000000000006,4.851,6.869,6.944,7.500000000000018,4.386,5.762,6.273,51.10000000000001
IN URB MT,MS Val,NIVEA,8.493,8.218,8.231,8.523,8.647,7.821,7.936,7.747,7.33,6.985,6.83,6.809,6.979,6.984,6.566,6.441,6.225,5.767,6.276,6.191,5.917,5.333,5.176,5.076,4.817,4.973,4.642,4.91,4.53,4.126,4.559,3.907,4.056,3.938,3.567,3.444,3.408,-140.90000000000003,-3.600000000000003,6.921,6.417,6.08,5.462,4.953,4.693,4.186,3.849,-161.29999999999995,-33.699999999999974,6.872,5.021,3.473,-154.8,7.632,5.86,4.123,-173.70000000000002
IN URB MT,MS Val,LOTUS,0.894,0.811,0.856,0.744,0.779,0.763,0.753,0.78,0.688,0.638,0.624,0.618,0.517,0.577,0.738,0.74,0.988,0.869,0.622,0.576,0.655,0.617,0.663,0.714,0.708,0.775,0.788,0.781,0.77,0.664,0.717,0.929,0.843,0.74,0.761,0.678,0.616,-9.199999999999998,-6.2000000000000055,0.571,0.817,0.686,0.644,0.73,0.78,0.776,0.78,13.600000000000001,0.40000000000000036,0.587,0.695,0.685,-0.9999999999999898,0.71,0.702,0.754,5.200000000000005
IN URB MT,MS Val,VLCC,2.168,1.95,1.805,1.946,1.81,1.73,1.569,1.52,1.377,1.416,1.576,1.666,1.704,1.536,1.72,1.783,1.677,1.454,1.692,1.497,1.427,1.282,1.188,1.234,1.226,1.157,1.271,1.141,1.038,1.045,1.127,1.263,0.938,0.887,1.011,1.153,1.001,-22.500000000000007,-15.200000000000014,1.639,1.728,1.544,1.296,1.207,1.154,1.149,0.946,-35.00000000000001,-20.300000000000008,1.649,1.216,1.055,-16.1,1.663,1.464,1.081,-38.3
IN URB MT,MS Val,EVERYUTH,1.328,1.227,1.259,1.184,1.176,1.076,1.096,1.089,1.199,1.187,1.164,1.117,1.091,1.044,1.246,1.184,1.201,1.028,1.123,1.148,0.993,1.112,1.041,1.089,1.202,1.077,1.21,1.176,1.134,0.962,0.933,1.217,1.208,1.049,1.228,1.211,1.047,-15.500000000000004,-16.400000000000013,1.086,1.211,1.101,1.051,1.125,1.175,1.044,1.16,10.899999999999999,11.599999999999987,1.124,1.111,1.162,5.099999999999993,1.155,1.118,1.124,0.6000000000000005
IN URB MT,MS Val,BIOTIQUE,0.586,0.957,1.296,0.63,0.84,0.735,0.719,1.005,1.049,1.021,0.98,1.226,1.191,1.135,1.316,1.473,1.513,1.342,1.376,1.55,1.551,1.594,1.476,1.504,1.41,1.196,1.285,1.386,1.404,1.389,1.335,1.285,1.239,1.109,0.983,1.023,1.748,33.80000000000001,72.50000000000001,1.186,1.431,1.428,1.541,1.377,1.356,1.334,1.107,-43.39999999999999,-22.70000000000001,1.131,1.463,1.251,-21.200000000000017,0.978,1.441,1.276,-16.500000000000004
IN URB MT,MS Val,MEDIMIX,0.622,0.567,0.57,0.65,0.568,0.571,0.596,0.591,0.603,0.558,0.634,0.567,0.589,0.489,0.436,0.442,0.407,0.534,0.681,0.599,0.592,0.503,0.461,0.682,0.738,0.608,0.544,0.553,0.576,0.548,0.504,0.515,0.536,0.512,0.478,0.497,0.473,-26.5,-2.400000000000002,0.551,0.429,0.604,0.516,0.679,0.557,0.522,0.508,-0.8000000000000007,-1.4000000000000012,0.597,0.628,0.483,-14.500000000000002,0.589,0.548,0.525,-2.300000000000002
IN URB MT,MS Val,WOW,1.158,0.956,0.881,0.892,1.052,0.987,1.02,0.96,0.748,0.7,0.688,0.705,0.569,0.608,0.589,0.472,0.438,0.464,0.316,0.297,0.356,0.324,0.351,0.326,0.326,0.33,0.304,0.447,0.289,0.28,0.255,0.211,0.146,0.112,0.099,0.041,0.039,-28.700000000000003,-0.20000000000000018,0.628,0.502,0.357,0.343,0.327,0.345,0.247,0.118,-22.500000000000004,-12.9,0.654,0.334,0.06,-27.400000000000002,0.838,0.403,0.201,-20.200000000000003
IN URB MT,MS Val,THE DERMA CO,,,,,0.002,,,,0.004,,0.008,0.007,0.005,0.013,0.012,0.01,0.007,0.005,0.01,0.007,0.02,0.021,0.033,0.032,0.029,0.065,0.135,0.144,0.3,0.334,0.571,0.625,0.667,0.732,0.74,0.982,0.844,81.5,-13.8,0.008,0.01,0.007,0.025,0.041,0.191,0.514,0.715,69.0,20.099999999999994,0.006,0.031,0.856,82.5,0.002,0.017,0.538,52.1
IN URB MT,MS Val,SIMPLE,0.062,0.067,0.084,0.135,0.257,0.251,0.242,0.193,0.266,0.246,0.227,0.211,0.17,0.183,0.175,0.223,0.217,0.124,0.281,0.354,0.182,0.088,0.536,0.648,0.845,0.812,0.97,1.505,1.651,1.869,1.251,1.627,1.962,2.319,2.484,2.584,3.06,221.5,47.599999999999994,0.188,0.204,0.257,0.269,0.768,1.361,1.585,2.263,199.39999999999998,67.8,0.203,0.678,2.709,203.10000000000002,0.198,0.331,1.896,156.5
IN URB MT,MS Val,DOT & KEY,0.051,0.039,0.034,0.035,0.039,0.033,0.043,0.024,0.013,0.006,0.017,0.039,0.024,0.004,0.017,0.01,0.002,0.001,0.005,0.013,0.0,0.005,0.007,0.005,0.007,0.03,0.026,0.027,0.029,0.032,0.032,0.063,0.126,0.119,0.155,0.149,0.146,13.899999999999999,-0.30000000000000027,0.023,0.01,0.007,0.004,0.013,0.027,0.043,0.133,12.9,9.000000000000002,0.027,0.006,0.15,14.399999999999999,0.028,0.006,0.083,7.7
IN URB MT,MS Val,JOVEES,0.471,0.498,0.477,0.415,0.431,0.393,0.369,0.414,0.408,0.479,0.463,0.496,0.483,0.486,0.452,0.427,0.456,0.413,0.424,0.451,0.435,0.421,0.405,0.44,0.399,0.412,0.469,0.418,0.361,0.322,0.3,0.301,0.304,0.253,0.259,0.264,0.272,-12.7,0.8000000000000007,0.488,0.445,0.43,0.42,0.417,0.418,0.307,0.271,-14.899999999999997,-3.599999999999998,0.481,0.415,0.265,-14.999999999999996,0.445,0.434,0.323,-11.099999999999998
IN URB MT,MS Val,AHAGLOW,0.005,0.015,0.009,0.022,0.053,0.007,0.02,0.037,0.011,0.018,0.018,0.018,0.012,,,,,,0.0,0.002,0.001,0.002,0.0,0.0,0.002,0.001,0.003,0.0,0.001,0.0,0.0,0.004,0.001,0.002,0.0,0.0,0.0,,,0.011,,0.001,0.001,0.001,0.001,0.002,0.001,0.0,-0.1,0.016,0.001,0.0,,0.02,0.001,0.001,0.0
IN URB MT,MS Val,CETAPHIL,,,0.046,0.045,0.08,0.047,,,0.01,0.007,0.004,0.004,0.003,0.006,0.005,0.002,0.005,0.005,0.006,0.005,0.014,0.014,0.01,0.021,0.015,0.023,0.029,0.086,0.02,0.037,0.008,0.017,0.104,0.589,1.098,1.034,1.129,111.4,9.499999999999996,0.004,0.004,0.006,0.013,0.02,0.045,0.021,0.61,59.699999999999996,58.9,0.003,0.016,1.087,107.1,0.019,0.009,0.387,37.8
IN URB MT,MS Val,MINIMALIST,0.033,0.035,0.022,0.027,0.035,0.028,0.019,0.014,0.014,0.018,0.015,0.016,0.018,0.015,0.013,0.012,0.019,0.022,0.019,0.018,0.017,0.013,0.011,0.013,0.009,0.014,0.012,0.027,0.026,0.071,0.048,0.078,0.105,0.097,0.097,0.135,0.12,11.1,-1.5000000000000013,0.017,0.015,0.019,0.014,0.012,0.021,0.066,0.1,8.600000000000001,3.4000000000000004,0.016,0.011,0.117,10.600000000000001,0.021,0.015,0.073,5.8
IN URB MT,MS Val,CERAVE,,,,,,,,,,,,,,,,,,,,,,,,,,,0.016,,0.02,,,,0.001,0.009,0.003,0.007,0.003,,-0.4,,,,,,0.012,,0.004,,,,,0.004,,,,0.005,
IN URB MT,MS Val,NIVEA MEN,,,,,,0.0,0.001,0.001,0.0,0.0,0.001,0.001,0.001,,0.0,0.0,0.0,,,,0.0,,,,,,,,0.003,,0.0,0.004,0.003,0.003,,,0.004,,,0.001,0.0,,0.0,,0.001,0.001,0.002,,0.1,0.001,,0.001,,0.0,0.0,0.001,
IN URB MT,Sales (Vol (KG/LT/000NO)) (000),FACE WASH,493.217,426.227,459.133,455.397,426.534,447.763,462.15,483.836,513.307,563.256,514.347,497.663,519.187,439.151,474.711,463.51,419.713,411.194,402.144,457.432,469.445,539.341,508.562,491.105,513.664,432.261,500.465,436.417,435.69,471.397,476.007,525.757,515.338,571.868,572.925,536.885,551.278,0.07322685646648397,0.026808348156495354,1456.002,1357.934,1270.771,1517.349,1437.031,1372.572,1473.162,1660.131,0.09409964352301303,0.1269167953015351,1531.198,1513.332,1661.088,0.0976362093711094,5768.801,5589.975,6026.288,0.07805276410001816
IN URB MT,Sales (Vol (KG/LT/000NO)) (000),MAMAEARTH,11.528,10.639,12.438,11.994,11.828,18.984,21.619,23.727,24.218,31.278,29.077,27.41,33.077,25.729,28.56,26.851,25.233,30.598,29.609,32.217,34.993,44.496,38.39,38.169,50.871,40.406,42.588,35.29,38.595,51.205,53.228,56.597,56.33,62.36,62.201,54.708,64.742,0.2726700870830139,0.18341010455509266,86.216,80.644,92.423,117.879,129.446,116.473,161.031,180.89,0.5345396550700292,0.12332408045655785,89.564,127.43,181.65,0.4254885034921132,256.288,405.716,618.25,0.5238491950034014
IN URB MT,Sales (Vol (KG/LT/000NO)) (000),HIMALAYA,133.612,120.303,122.297,125.125,119.354,126.069,129.673,131.29,131.527,160.491,146.54,129.545,143.537,121.056,123.633,122.126,108.799,106.088,103.592,116.551,115.141,134.19,118.029,113.052,120.715,100.178,114.081,98.178,106.464,112.087,108.603,115.24,106.472,124.114,111.436,121.11,125.051,0.03591931408689897,0.03254066551069279,394.139,354.558,326.231,367.361,333.946,318.724,335.931,342.022,-0.06897574865051004,0.018131699664514445,419.623,351.797,357.597,0.016486780728658834,1585.752,1402.974,1343.016,-0.042736358621043524
IN URB MT,Sales (Vol (KG/LT/000NO)) (000),GARNIER,49.914,37.494,46.585,44.566,38.498,46.531,53.408,50.872,60.043,61.312,53.001,51.613,56.983,49.852,51.768,47.355,42.239,44.088,47.142,49.66,46.385,54.384,52.747,52.963,61.855,49.82,56.37,42.855,41.538,51.009,53.998,52.733,53.44,63.893,56.07,54.365,62.651,0.012868806078732531,0.15241423710107616,158.448,141.361,140.89,153.515,164.638,140.763,157.74,173.403,0.1295508582223237,0.09929631038417641,161.597,167.565,173.086,0.03294840808044652,600.906,600.436,638.741,0.06379530874231376
IN URB MT,Sales (Vol (KG/LT/000NO)) (000),POND'S,78.742,65.61,69.357,68.676,61.624,65.311,68.718,71.466,69.36,72.183,64.813,61.607,64.991,53.379,63.91,60.809,53.424,58.574,54.806,57.609,60.575,67.627,59.537,62.487,63.366,52.966,58.089,50.901,50.406,60.017,59.275,68.261,71.542,71.079,63.836,63.51,63.909,0.008569264274216337,0.006282475200755755,179.977,178.143,170.989,187.739,178.819,159.396,187.553,206.457,0.09970224620350576,0.10079284255650411,191.411,185.389,191.256,0.031646969345538345,803.716,716.102,733.791,0.0247017882927294
IN URB MT,Sales (Vol (KG/LT/000NO)) (000),CLEAN & CLEAR,38.356,32.18,32.234,24.544,25.331,32.274,30.784,34.962,47.4,42.669,38.726,39.115,39.502,36.498,37.307,34.058,31.154,30.84,29.896,34.625,39.71,42.73,41.842,41.017,39.967,34.822,39.884,32.708,36.167,36.955,36.326,40.845,41.892,47.125,46.754,45.19,45.905,0.1485725723722071,0.01582208453197609,115.116,102.519,95.362,124.282,115.807,108.759,114.126,135.771,0.09244299254920252,0.18965879817044295,117.344,122.826,137.849,0.12231123703450408,419.723,439.646,484.573,0.10218903390455036
IN URB MT,Sales (Vol (KG/LT/000NO)) (000),GLOW & LOVELY,4.318,4.526,3.633,3.882,3.693,3.609,3.612,3.947,4.056,3.8,4.051,4.832,5.3,4.388,4.495,4.542,4.02,3.81,3.775,4.402,4.65,5.101,4.564,5.075,5.293,5.658,5.949,5.701,5.407,5.683,6.012,6.753,5.505,5.759,4.829,3.684,3.268,-0.3825807670508219,-0.1129207383279045,14.52,13.056,11.987,14.315,16.026,17.057,18.448,16.092,0.12413552217953194,-0.12771032090199486,14.182,14.932,11.781,-0.21102330565229033,48.94,54.115,64.207,0.18649173057377788
IN URB MT,Sales (Vol (KG/LT/000NO)) (000),PATANJALI,8.752,8.322,8.665,8.17,8.642,9.297,8.896,9.641,10.082,9.567,9.755,9.322,7.552,8.414,7.674,8.279,7.676,6.595,7.271,9.259,8.813,9.169,7.858,6.832,6.165,5.407,7.661,6.367,6.533,6.019,6.25,9.179,8.792,9.196,9.892,8.553,8.926,0.44785077047850774,0.043610429089208314,25.287,23.629,23.126,25.841,18.404,20.56,21.448,27.88,0.07890561510777427,0.29988810145468103,26.628,20.855,27.371,0.31244305921841287,107.91,94.006,92.775,-0.013094908835606156
IN URB MT,Sales (Vol (KG/LT/000NO)) (000),LAKME,13.363,12.772,16.256,17.284,15.483,15.642,15.251,15.756,15.046,15.208,13.826,14.663,15.23,12.844,14.019,13.842,12.321,11.357,10.203,12.314,12.939,14.096,12.933,13.217,13.008,11.349,14.25,12.673,11.393,12.941,12.934,14.131,13.452,17.413,19.849,18.245,16.414,0.2618388683886841,-0.10035626198958614,42.737,40.182,33.874,39.967,37.574,38.315,40.005,50.715,0.2689218605349415,0.26771653543307083,43.719,39.158,54.508,0.39200163440420854,182.417,153.092,175.043,0.14338437018263517
IN URB MT,Sales (Vol (KG/LT/000NO)) (000),JOY,30.19,26.171,32.928,41.564,38.669,31.81,27.748,31.803,35.461,41.413,41.945,47.847,41.941,33.977,39.614,42.349,42.983,34.651,28.337,37.415,43.623,53.546,69.9,53.778,48.27,43.381,56.222,53.804,47.318,39.841,35.161,43.886,48.814,53.975,75.29,58.939,49.679,0.02918997306815818,-0.15711158994893026,123.764,124.946,100.403,167.07,145.428,157.345,118.887,178.079,0.06589453522475619,0.4978845458292329,131.733,171.947,183.908,0.06956213251757792,439.3,528.442,606.309,0.14735202728019337
IN URB MT,Sales (Vol (KG/LT/000NO)) (000),NIVEA,33.126,26.925,28.878,30.286,29.556,26.324,28.964,28.848,28.005,28.906,24.998,24.002,25.981,22.548,21.764,20.178,17.451,16.883,17.762,19.859,19.694,20.014,18.286,17.487,16.57,15.159,16.54,15.55,14.456,13.871,17.256,14.925,16.175,18.474,14.699,12.683,12.032,-0.2738684369342185,-0.051328550027595954,72.532,59.393,54.503,57.993,49.216,46.545,46.053,49.349,-0.149052471850051,0.07156971315658045,74.981,52.343,39.414,-0.2470053302256271,331.674,228.495,181.819,-0.20427580472220408
IN URB MT,Sales (Vol (KG/LT/000NO)) (000),LOTUS,2.855,2.353,2.676,2.267,2.239,2.247,2.353,2.543,2.404,2.304,2.093,2.049,1.863,1.683,2.339,3.869,5.059,5.275,1.855,1.929,2.919,2.969,3.355,3.824,3.763,3.389,3.687,3.453,3.316,3.291,4.107,6.715,4.669,4.727,5.421,3.798,3.137,-0.16635663034812642,-0.17403896787783046,5.596,11.267,9.059,9.242,10.976,10.456,14.113,14.818,0.6033326119887468,0.0499539431729612,6.005,10.941,12.356,0.12933004295768202,27.392,38.838,49.712,0.2799835212935784
IN URB MT,Sales (Vol (KG/LT/000NO)) (000),VLCC,15.116,12.421,11.887,12.417,11.358,10.746,9.597,10.171,10.075,11.575,12.187,12.53,13.769,9.887,11.862,12.021,10.069,8.245,10.249,10.403,10.389,10.322,9.005,9.361,9.529,7.26,10.266,7.983,6.947,7.211,9.79,13.573,8.136,8.723,13.042,11.757,9.136,-0.04124252282506047,-0.2229310198179808,36.186,33.953,28.898,29.716,26.15,25.196,30.574,29.901,0.006225602369094085,-0.02201216720088972,38.486,27.895,33.936,0.21656210790464248,138.732,121.344,113.823,-0.06198081487341778
IN URB MT,Sales (Vol (KG/LT/000NO)) (000),EVERYUTH,12.226,10.14,11.044,9.998,9.333,7.989,8.442,8.64,10.453,10.941,10.291,9.774,9.095,7.503,10.335,9.403,8.51,7.329,7.579,8.353,7.496,10.295,9.306,9.233,11.112,8.786,11.396,10.28,9.739,8.227,7.262,12.607,11.773,11.218,13.716,10.792,8.666,-0.22012239020878333,-0.19699777613046698,26.372,28.247,23.261,27.097,29.131,31.414,28.096,36.707,0.3546518064730413,0.30648490888382685,29.161,29.651,33.173,0.11878182860611797,116.14,106.453,124.461,0.16916385634975062
IN URB MT,Sales (Vol (KG/LT/000NO)) (000),BIOTIQUE,3.222,6.35,10.17,3.635,4.758,4.603,4.553,7.132,7.324,8.386,6.344,8.848,8.583,6.68,9.71,10.959,10.239,7.543,7.821,10.702,9.745,12.257,10.705,11.11,10.569,7.423,9.995,9.47,8.991,9.73,9.86,10.498,10.188,9.628,8.285,8.059,17.691,0.6738575078058471,1.1951855068867108,24.112,30.907,26.066,32.706,29.102,28.456,30.088,28.101,-0.1407998532379381,-0.06603961712310558,23.776,32.384,34.035,0.05098196640316188,80.688,118.038,119.819,0.01508836137515046
IN URB MT,Sales (Vol (KG/LT/000NO)) (000),MEDIMIX,5.391,4.335,4.764,5.595,4.513,4.639,5.061,5.317,5.531,5.764,6.134,5.356,5.794,4.413,3.96,4.107,3.316,4.938,6.628,6.224,6.155,4.79,3.992,6.494,7.294,5.646,5.282,4.754,5.024,5.172,4.774,5.57,5.726,5.878,5.261,5.391,4.802,-0.34165067178502884,-0.10925616768688562,15.564,11.383,17.791,14.938,19.434,15.059,15.516,16.864,0.12893292274735568,0.08687806135601961,17.284,17.78,15.454,-0.13082114735658046,62.804,62.313,63.279,0.015502383130326036
IN URB MT,Sales (Vol (KG/LT/000NO)) (000),WOW,3.848,2.718,2.701,2.749,3.398,3.804,4.211,4.2,3.368,3.238,2.935,2.892,2.16,2.244,2.188,1.85,1.669,1.156,0.905,1.172,1.597,1.608,1.719,1.636,1.622,1.552,1.631,1.998,1.319,1.299,1.198,1.329,0.723,0.679,0.665,0.287,0.196,-0.8791615289765722,-0.31707317073170727,7.296,5.707,3.234,4.925,4.81,4.949,3.827,2.066,-0.580507614213198,-0.46015155474261826,7.987,4.978,1.148,-0.769385295299317,38.373,19.368,12.876,-0.3351920693928129
IN URB MT,Sales (Vol (KG/LT/000NO)) (000),THE DERMA CO,,,,,0.004,,,,0.01,,0.017,0.015,0.012,0.032,0.03,0.022,0.015,0.011,0.02,0.017,0.046,0.061,0.086,0.085,0.081,0.159,0.415,0.414,0.737,0.863,1.543,1.856,2.012,2.388,3.01,4.242,2.961,35.55555555555555,-0.301980198019802,0.059,0.067,0.048,0.194,0.325,1.566,4.262,7.41,37.1958762886598,0.7386203660253405,0.044,0.252,10.213,39.52777777777777,0.057,0.507,20.6,39.63116370808679
IN URB MT,Sales (Vol (KG/LT/000NO)) (000),SIMPLE,0.203,0.224,0.233,0.38,0.716,0.8,0.743,0.593,0.845,0.852,0.708,0.64,0.516,0.463,0.508,0.57,0.5,0.293,0.967,1.549,0.817,0.345,2.056,2.501,3.848,2.916,4.021,5.07,5.981,8.724,4.951,6.295,8.691,11.519,10.876,11.454,15.222,2.9558212058212057,0.32896804609743313,1.619,1.579,2.809,3.219,9.265,15.072,19.969,31.085,8.65672569120845,0.5566628273824428,1.864,8.405,37.552,3.467816775728733,7.25,14.419,95.719,5.638393785976835
IN URB MT,Sales (Vol (KG/LT/000NO)) (000),DOT & KEY,0.119,0.081,0.089,0.093,0.102,0.087,0.113,0.068,0.036,0.019,0.054,0.124,0.076,0.011,0.05,0.029,0.005,0.002,0.013,0.036,0.001,0.015,0.022,0.017,0.024,0.087,0.086,0.078,0.084,0.098,0.098,0.213,0.441,0.447,0.573,0.559,0.539,21.458333333333336,-0.035778175313059046,0.211,0.085,0.05,0.038,0.129,0.249,0.409,1.461,37.44736842105264,2.5721271393643037,0.255,0.064,1.671,25.109375,0.943,0.225,3.304,13.684444444444443
IN URB MT,Sales (Vol (KG/LT/000NO)) (000),JOVEES,1.882,1.753,1.805,1.515,1.495,1.395,1.327,1.601,1.649,2.019,1.878,1.986,1.947,1.72,1.686,1.577,1.524,1.342,1.339,1.661,1.657,1.881,1.683,1.794,1.69,1.584,2.006,1.591,1.362,1.269,1.173,1.347,1.356,1.186,1.293,1.239,1.278,-0.2437869822485207,0.03147699757869238,5.653,4.787,4.342,5.221,5.068,4.958,3.789,3.835,-0.26546638574985637,0.012140406439693718,5.81,5.167,3.81,-0.2626282175343526,20.369,19.555,16.683,-0.14686780874456662
IN URB MT,Sales (Vol (KG/LT/000NO)) (000),AHAGLOW,0.007,0.024,0.016,0.037,0.083,0.013,0.032,0.07,0.018,0.031,0.029,0.029,0.017,,,,,,0.003,0.005,0.002,0.003,0.0,0.001,0.004,0.003,0.005,0.001,0.009,0.001,0.001,0.02,0.001,0.003,0.0,0.002,0.0,,,0.046,,0.008,0.005,0.007,0.015,0.022,0.004,-0.19999999999999996,-0.8181818181818181,0.075,0.005,0.002,-0.6,0.399,0.017,0.046,1.7058823529411762
IN URB MT,Sales (Vol (KG/LT/000NO)) (000),CETAPHIL,,,0.074,0.072,0.101,0.072,,,0.013,0.012,0.006,0.006,0.004,0.008,0.008,0.004,0.008,0.005,0.008,0.008,0.021,0.023,0.017,0.035,0.024,0.035,0.043,0.093,0.029,0.064,0.013,0.028,0.192,1.321,2.993,2.308,2.526,104.24999999999999,0.09445407279029472,0.019,0.02,0.021,0.061,0.093,0.165,0.105,4.505,72.85245901639344,41.904761904761905,0.016,0.076,7.826,101.97368421052632,0.36,0.17,9.643,55.72352941176471
IN URB MT,Sales (Vol (KG/LT/000NO)) (000),MINIMALIST,0.077,0.071,0.05,0.062,0.085,0.077,0.07,0.04,0.034,0.055,0.038,0.039,0.044,0.033,0.036,0.042,0.039,0.045,0.036,0.04,0.039,0.032,0.028,0.032,0.023,0.03,0.029,0.061,0.06,0.196,0.125,0.215,0.297,0.299,0.433,0.41,0.369,15.043478260869566,-0.09999999999999998,0.116,0.116,0.12,0.098,0.084,0.15,0.536,1.029,9.499999999999998,0.9197761194029848,0.121,0.082,1.213,13.792682926829269,0.665,0.423,2.525,4.969267139479905
IN URB MT,Sales (Vol (KG/LT/000NO)) (000),CERAVE,,,,,,,,,,,,,,,,,,,,,,,,,,,0.025,,0.028,,,,0.001,0.02,0.006,0.015,0.006,,-0.6,,,,,,0.053,,0.028,,,,,0.027,,,,0.102,
IN URB MT,Sales (Vol (KG/LT/000NO)) (000),NIVEA MEN,,,,,,0.0,0.002,0.002,0.0,0.001,0.003,0.003,0.002,,0.001,0.0,0.0,,,,0.0,,,,,,,,0.009,,0.0,0.011,0.008,0.01,,,0.01,,,0.004,0.001,,0.0,,0.009,0.011,0.018,,0.6363636363636362,0.007,,0.01,,0.011,0.001,0.048,47.0
IN URB MT,MS Vol,FACE WASH,100.0,100.0,100.0,100.0,100.0,100.0,100.0,100.0,100.0,100.0,100.0,100.0,100.0,100.0,100.0,100.0,100.0,100.0,100.0,100.0,100.0,100.0,100.0,100.0,100.0,100.0,100.0,100.0,100.0,100.0,100.0,100.0,100.0,100.0,100.0,100.0,100.0,0.0,0.0,100.0,100.0,100.0,100.0,100.0,100.0,100.0,100.0,0.0,0.0,100.0,100.0,100.0,0.0,100.0,100.0,100.0,0.0
IN URB MT,MS Vol,MAMAEARTH,2.337,2.496,2.709,2.634,2.773,4.24,4.678,4.904,4.718,5.553,5.653,5.508,6.371,5.859,6.016,5.793,6.012,7.441,7.363,7.043,7.454,8.25,7.549,7.772,9.903,9.348,8.51,8.086,8.858,10.863,11.182,10.765,10.931,10.905,10.857,10.19,11.744,184.09999999999994,155.40000000000003,5.921,5.939,7.273,7.769,9.008,8.486,10.931,10.896,312.70000000000005,-3.4999999999998366,5.849,8.421,10.936,251.50000000000006,4.443,7.258,10.259,300.1
IN URB MT,MS Vol,HIMALAYA,27.09,28.225,26.637,27.476,27.982,28.155,28.058,27.135,25.623,28.493,28.491,26.031,27.646,27.566,26.044,26.348,25.922,25.8,25.76,25.48,24.527,24.88,23.208,23.02,23.501,23.175,22.795,22.496,24.436,23.778,22.816,21.919,20.661,21.703,19.45,22.558,22.684,-81.70000000000002,12.600000000000122,27.07,26.11,25.672,24.211,23.239,23.221,22.803,20.602,-360.8999999999998,-220.10000000000005,27.405,23.247,21.528,-171.90000000000012,27.488,25.098,22.286,-281.19999999999976
IN URB MT,MS Vol,GARNIER,10.12,8.797,10.146,9.786,9.026,10.392,11.556,10.514,11.697,10.885,10.305,10.371,10.975,11.352,10.905,10.216,10.064,10.722,11.723,10.856,9.881,10.083,10.372,10.784,12.042,11.525,11.264,9.82,9.534,10.821,11.344,10.03,10.37,11.173,9.787,10.126,11.365,-67.69999999999996,123.90000000000008,10.882,10.41,11.087,10.117,11.457,10.255,10.708,10.445,32.79999999999994,-26.29999999999999,10.554,11.073,10.42,-65.30000000000004,10.416,10.741,10.599,-14.199999999999946
IN URB MT,MS Vol,POND'S,15.965,15.393,15.106,15.081,14.448,14.586,14.869,14.771,13.512,12.815,12.601,12.379,12.518,12.155,13.463,13.119,12.729,14.245,13.628,12.594,12.904,12.539,11.707,12.724,12.336,12.253,11.607,11.663,11.569,12.732,12.453,12.983,13.883,12.429,11.142,11.829,11.593,-74.30000000000004,-23.600000000000065,12.361,13.119,13.456,12.373,12.444,11.613,12.731,12.436,6.300000000000061,-29.499999999999993,12.501,12.25,11.514,-73.60000000000007,13.932,12.81,12.177,-63.30000000000009
IN URB MT,MS Vol,CLEAN & CLEAR,7.777,7.55,7.021,5.39,5.939,7.208,6.661,7.226,9.234,7.575,7.529,7.86,7.609,8.311,7.859,7.348,7.423,7.5,7.434,7.569,8.459,7.923,8.228,8.352,7.781,8.056,7.969,7.495,8.301,7.84,7.631,7.769,8.129,8.241,8.161,8.417,8.327,54.60000000000002,-8.999999999999986,7.906,7.55,7.504,8.191,8.059,7.924,7.747,8.178,-1.29999999999999,43.100000000000094,7.664,8.116,8.299,18.299999999999983,7.276,7.865,8.041,17.600000000000016
IN URB MT,MS Vol,GLOW & LOVELY,0.875,1.062,0.791,0.852,0.866,0.806,0.782,0.816,0.79,0.675,0.788,0.971,1.021,0.999,0.947,0.98,0.958,0.926,0.939,0.962,0.991,0.946,0.897,1.033,1.03,1.309,1.189,1.306,1.241,1.206,1.263,1.284,1.068,1.007,0.843,0.686,0.593,-43.7,-9.300000000000008,0.997,0.962,0.943,0.943,1.115,1.243,1.252,0.969,2.6000000000000023,-28.300000000000004,0.926,0.987,0.709,-27.800000000000004,0.848,0.968,1.065,9.699999999999998
IN URB MT,MS Vol,PATANJALI,1.774,1.953,1.887,1.794,2.026,2.076,1.925,1.993,1.964,1.698,1.897,1.873,1.454,1.916,1.617,1.786,1.829,1.604,1.808,2.024,1.877,1.7,1.545,1.391,1.2,1.251,1.531,1.459,1.499,1.277,1.313,1.746,1.706,1.608,1.727,1.593,1.619,41.900000000000006,2.6000000000000023,1.737,1.74,1.82,1.703,1.281,1.498,1.456,1.679,-2.400000000000002,22.300000000000008,1.739,1.378,1.648,27.0,1.871,1.682,1.54,-14.19999999999999
IN URB MT,MS Vol,LAKME,2.709,2.997,3.541,3.795,3.63,3.493,3.3,3.256,2.931,2.7,2.688,2.946,2.933,2.925,2.953,2.986,2.936,2.762,2.537,2.692,2.756,2.614,2.543,2.691,2.532,2.625,2.847,2.904,2.615,2.745,2.717,2.688,2.61,3.045,3.465,3.398,2.978,44.600000000000016,-41.99999999999999,2.935,2.959,2.666,2.634,2.615,2.792,2.716,3.055,42.10000000000002,33.9,2.855,2.587,3.281,69.39999999999999,3.162,2.739,2.905,16.599999999999994
IN URB MT,MS Vol,JOY,6.121,6.14,7.172,9.127,9.066,7.104,6.004,6.573,6.908,7.353,8.155,9.614,8.078,7.737,8.345,9.137,10.241,8.427,7.046,8.179,9.293,9.928,13.745,10.95,9.397,10.036,11.234,12.329,10.861,8.452,7.387,8.347,9.472,9.438,13.141,10.978,9.012,-38.49999999999998,-196.59999999999994,8.5,9.201,7.901,11.011,10.12,11.463,8.07,10.727,-28.399999999999892,265.7,8.603,11.362,11.072,-29.000000000000092,7.615,9.453,10.061,60.800000000000054
IN URB MT,MS Vol,NIVEA,6.716,6.317,6.29,6.651,6.929,5.879,6.267,5.962,5.456,5.132,4.86,4.823,5.004,5.135,4.585,4.353,4.158,4.106,4.417,4.341,4.195,3.711,3.596,3.561,3.226,3.507,3.305,3.563,3.318,2.943,3.625,2.839,3.139,3.231,2.566,2.362,2.183,-104.30000000000001,-17.900000000000027,4.982,4.374,4.289,3.822,3.425,3.391,3.126,2.973,-84.90000000000002,-15.300000000000002,4.897,3.459,2.373,-108.59999999999998,5.749,4.088,3.017,-107.10000000000002
IN URB MT,MS Vol,LOTUS,0.579,0.552,0.583,0.498,0.525,0.502,0.509,0.526,0.468,0.409,0.407,0.412,0.359,0.383,0.493,0.835,1.205,1.283,0.461,0.422,0.622,0.55,0.66,0.779,0.733,0.784,0.737,0.791,0.761,0.698,0.863,1.277,0.906,0.827,0.946,0.708,0.569,-16.400000000000002,-13.900000000000002,0.384,0.83,0.713,0.609,0.764,0.762,0.958,0.893,28.400000000000002,-6.499999999999995,0.392,0.723,0.744,2.100000000000002,0.475,0.695,0.825,13.0
IN URB MT,MS Vol,VLCC,3.065,2.914,2.589,2.727,2.663,2.4,2.077,2.102,1.963,2.055,2.369,2.518,2.652,2.252,2.499,2.593,2.399,2.005,2.549,2.274,2.213,1.914,1.771,1.906,1.855,1.679,2.051,1.829,1.595,1.53,2.057,2.582,1.579,1.525,2.276,2.19,1.657,-19.799999999999997,-53.29999999999999,2.485,2.5,2.274,1.958,1.82,1.836,2.075,1.801,-15.700000000000003,-27.400000000000023,2.514,1.843,2.043,20.000000000000018,2.405,2.171,1.889,-28.19999999999998
IN URB MT,MS Vol,EVERYUTH,2.479,2.379,2.405,2.196,2.188,1.784,1.827,1.786,2.036,1.942,2.001,1.964,1.752,1.708,2.177,2.029,2.027,1.782,1.885,1.826,1.597,1.909,1.83,1.88,2.163,2.033,2.277,2.356,2.235,1.745,1.526,2.398,2.284,1.962,2.394,2.01,1.572,-59.09999999999997,-43.79999999999997,1.811,2.08,1.831,1.786,2.027,2.289,1.907,2.211,42.499999999999986,30.399999999999984,1.904,1.959,1.997,3.8000000000000034,2.013,1.904,2.065,16.1
IN URB MT,MS Vol,BIOTIQUE,0.653,1.49,2.215,0.798,1.115,1.028,0.985,1.474,1.427,1.489,1.234,1.778,1.653,1.521,2.045,2.364,2.439,1.835,1.945,2.34,2.076,2.272,2.105,2.262,2.058,1.717,1.997,2.17,2.064,2.064,2.071,1.997,1.977,1.684,1.446,1.501,3.209,115.10000000000002,170.8,1.656,2.276,2.051,2.155,2.025,2.073,2.042,1.693,-46.199999999999974,-34.89999999999998,1.553,2.14,2.049,-9.10000000000002,1.399,2.112,1.988,-12.400000000000011
IN URB MT,MS Vol,MEDIMIX,1.093,1.017,1.038,1.228,1.058,1.036,1.095,1.099,1.078,1.023,1.192,1.076,1.116,1.005,0.834,0.886,0.79,1.201,1.648,1.361,1.311,0.888,0.785,1.322,1.42,1.306,1.055,1.089,1.153,1.097,1.003,1.059,1.111,1.028,0.918,1.004,0.871,-54.89999999999999,-13.3,1.069,0.838,1.4,0.985,1.352,1.097,1.053,1.016,3.1000000000000028,-3.699999999999992,1.129,1.175,0.93,-24.5,1.089,1.115,1.05,-6.499999999999995
IN URB MT,MS Vol,WOW,0.78,0.638,0.588,0.604,0.797,0.85,0.911,0.868,0.656,0.575,0.571,0.581,0.416,0.511,0.461,0.399,0.398,0.281,0.225,0.256,0.34,0.298,0.338,0.333,0.316,0.359,0.326,0.458,0.303,0.276,0.252,0.253,0.14,0.119,0.116,0.053,0.035,-28.1,-1.7999999999999996,0.501,0.42,0.255,0.325,0.335,0.36,0.26,0.124,-20.1,-13.600000000000001,0.522,0.329,0.069,-26.0,0.665,0.346,0.214,-13.199999999999998
IN URB MT,MS Vol,THE DERMA CO,,,,,0.001,,,,0.002,,0.003,0.003,0.002,0.007,0.006,0.005,0.004,0.003,0.005,0.004,0.01,0.011,0.017,0.017,0.016,0.037,0.083,0.095,0.169,0.183,0.324,0.353,0.391,0.418,0.525,0.79,0.537,52.1,-25.3,0.004,0.005,0.004,0.013,0.023,0.114,0.289,0.446,43.3,15.700000000000003,0.003,0.017,0.615,59.8,0.001,0.009,0.342,33.300000000000004
IN URB MT,MS Vol,SIMPLE,0.041,0.053,0.051,0.084,0.168,0.179,0.161,0.123,0.165,0.151,0.138,0.129,0.1,0.105,0.107,0.123,0.119,0.071,0.24,0.339,0.174,0.064,0.404,0.509,0.749,0.675,0.803,1.162,1.373,1.851,1.04,1.197,1.686,2.014,1.898,2.134,2.761,201.2,62.700000000000024,0.111,0.116,0.221,0.212,0.645,1.098,1.355,1.872,166.0,51.70000000000001,0.122,0.555,2.261,170.6,0.126,0.258,1.588,133.0
IN URB MT,MS Vol,DOT & KEY,0.024,0.019,0.019,0.02,0.024,0.019,0.024,0.014,0.007,0.003,0.011,0.025,0.015,0.003,0.011,0.006,0.001,0.0,0.003,0.008,0.0,0.003,0.004,0.004,0.005,0.02,0.017,0.018,0.019,0.021,0.021,0.041,0.086,0.078,0.1,0.104,0.098,9.3,-0.5999999999999992,0.015,0.006,0.004,0.003,0.009,0.018,0.028,0.088,8.5,6.0,0.017,0.004,0.101,9.700000000000001,0.016,0.004,0.055,5.1000000000000005
IN URB MT,MS Vol,JOVEES,0.382,0.411,0.393,0.333,0.35,0.312,0.287,0.331,0.321,0.358,0.365,0.399,0.375,0.392,0.355,0.34,0.363,0.326,0.333,0.363,0.353,0.349,0.331,0.365,0.329,0.366,0.401,0.364,0.313,0.269,0.246,0.256,0.263,0.207,0.226,0.231,0.232,-9.700000000000001,0.10000000000000009,0.388,0.352,0.342,0.344,0.353,0.361,0.257,0.231,-11.299999999999995,-2.5999999999999996,0.38,0.342,0.229,-11.300000000000002,0.353,0.35,0.277,-7.299999999999995
IN URB MT,MS Vol,AHAGLOW,0.001,0.006,0.004,0.008,0.019,0.003,0.007,0.014,0.004,0.005,0.006,0.006,0.003,,,,,,0.001,0.001,0.0,0.001,0.0,0.0,0.001,0.001,0.001,0.0,0.002,0.0,0.0,0.004,0.0,0.001,0.0,0.0,0.0,,,0.003,,0.001,0.0,0.001,0.001,0.002,0.0,,,0.005,0.0,0.0,,0.007,0.0,0.001,
IN URB MT,MS Vol,CETAPHIL,,,0.016,0.016,0.024,0.016,,,0.003,0.002,0.001,0.001,0.001,0.002,0.002,0.001,0.002,0.001,0.002,0.002,0.004,0.004,0.003,0.007,0.005,0.008,0.009,0.021,0.007,0.014,0.003,0.005,0.037,0.231,0.522,0.43,0.458,45.300000000000004,2.8000000000000025,0.001,0.002,0.002,0.004,0.006,0.012,0.007,0.271,26.700000000000003,26.400000000000002,0.001,0.005,0.471,46.599999999999994,0.006,0.003,0.16,15.7
IN URB MT,MS Vol,MINIMALIST,0.016,0.017,0.011,0.014,0.02,0.017,0.015,0.008,0.007,0.01,0.007,0.008,0.009,0.007,0.007,0.009,0.009,0.011,0.009,0.009,0.008,0.006,0.005,0.006,0.004,0.007,0.006,0.014,0.014,0.042,0.026,0.041,0.058,0.052,0.076,0.076,0.067,6.3,-0.8999999999999995,0.008,0.009,0.009,0.006,0.006,0.011,0.036,0.062,5.6000000000000005,2.6,0.008,0.005,0.073,6.799999999999999,0.011,0.008,0.042,3.4000000000000004
IN URB MT,MS Vol,CERAVE,,,,,,,,,,,,,,,,,,,,,,,,,,,0.005,,0.006,,,,0.0,0.004,0.001,0.003,0.001,,-0.2,,,,,,0.004,,0.002,,,,,0.002,,,,0.002,
IN URB MT,MS Vol,NIVEA MEN,,,,,,0.0,0.0,0.0,0.0,0.0,0.001,0.001,0.0,,0.0,0.0,0.0,,,,0.0,,,,,,,,0.002,,0.0,0.002,0.002,0.002,,,0.002,,,0.0,0.0,,0.0,,0.001,0.001,0.001,,0.0,0.001,,0.001,,0.0,0.0,0.001,
IN URB MT,Sales Units (000),FACE WASH,4874.723,4320.833,4621.158,4589.689,4359.43,4427.407,4478.369,4765.418,5036.23,5354.091,4911.975,4886.885,4941.659,4269.227,4585.157,4496.839,4074.074,3919.873,3838.588,4381.237,4538.397,5062.319,4746.512,4594.24,4764.769,4149.346,4744.846,4275.79,4248.723,4397.237,4462.401,4919.06,4804.956,5262.871,5193.722,5034.753,4973.521,0.04381156778009587,-0.012161867722209951,14097.771,13156.069,12139.698,14347.228,13508.355,13269.358,13778.698,15261.549,0.06372805952480864,0.10761909434403738,14740.519,14105.521,15201.996,0.07773374694915547,56693.142,53271.231,56467.225,0.059994746507735064
IN URB MT,Sales Units (000),MAMAEARTH,118.127,109.231,118.98,115.347,114.526,156.686,165.474,187.199,187.09,230.724,220.485,211.684,236.429,191.762,212.057,199.214,190.639,221.683,218.747,246.431,280.53,351.698,315.641,318.355,400.689,327.376,365.409,309.721,336.483,419.902,432.947,467.226,451.423,478.563,474.487,438.705,493.324,0.23118927647127818,0.12450051857170541,639.874,601.91,686.862,947.869,1046.42,1011.613,1320.075,1404.473,0.48171635531914214,0.06393424616025589,668.598,1034.685,1406.515,0.3593654107288693,2053.856,3147.447,4995.566,0.5871803401296352
IN URB MT,Sales Units (000),HIMALAYA,1249.028,1151.661,1177.852,1193.08,1169.109,1203.712,1191.536,1257.626,1292.899,1457.371,1366.733,1268.306,1364.385,1167.755,1182.412,1163.528,1049.849,1023.668,980.568,1113.699,1144.065,1302.002,1158.718,1116.569,1202.377,1042.165,1138.532,1028.693,1082.411,1103.341,1078.251,1164.382,1109.547,1272.296,1147.621,1197.755,1196.534,-0.004859540726410927,-0.001019407140859352,3800.446,3395.789,3117.935,3604.786,3361.111,3249.636,3345.974,3529.465,-0.020894721628412882,0.054839338261444937,3999.424,3477.664,3541.91,0.01847389512040265,15094.27,13605.211,13561.528,-0.0032107550555444675
IN URB MT,Sales Units (000),GARNIER,587.087,457.293,551.587,519.935,471.094,538.653,592.215,577.438,650.115,672.595,597.043,581.587,618.853,542.816,569.672,516.488,455.312,469.323,494.742,520.3,504.183,589.045,571.287,574.907,625.541,540.843,573.967,469.064,459.523,503.672,542.702,550.642,554.196,641.05,584.278,557.611,596.614,-0.0462431719103944,0.06994661152667359,1743.256,1541.472,1484.365,1664.516,1741.29,1502.554,1597.016,1779.524,0.06909395884449276,0.11428063338125583,1797.483,1771.735,1738.504,-0.018756190965353192,6828.407,6433.617,6574.162,0.02184540982156702
IN URB MT,Sales Units (000),POND'S,697.52,619.206,646.453,632.192,586.028,597.99,626.967,664.596,648.604,671.247,604.617,588.252,604.311,530.05,611.628,578.022,512.302,533.371,519.301,552.748,601.824,658.445,595.127,614.171,634.701,546.289,590.794,527.517,531.092,602.724,598.783,680.379,715.086,691.124,623.933,619.153,617.565,-0.026998539469766047,-0.002564794162347561,1722.614,1701.952,1605.42,1855.396,1795.162,1649.403,1881.885,2030.143,0.09418312856123445,0.07878164712508995,1797.18,1843.999,1860.651,0.009030373660723345,7490.464,6941.691,7344.437,0.058018428074657846
IN URB MT,Sales Units (000),CLEAN & CLEAR,347.856,306.008,300.554,233.684,229.535,271.959,263.75,289.397,386.187,339.731,301.046,319.698,313.807,295.802,301.82,285.862,268.835,257.556,247.236,281.213,318.919,328.288,324.66,313.818,312.75,284.772,328.486,269.696,281.486,276.22,269.16,299.229,308.93,346.842,344.47,364.084,322.955,0.03262989608313349,-0.11296568923654982,929.307,856.517,786.005,971.867,911.34,879.667,844.609,1000.243,0.029197410756821807,0.18426751313329603,934.551,951.228,1031.51,0.08439827254874754,3555.356,3536.76,3696.33,0.045117565229192635
IN URB MT,Sales Units (000),GLOW & LOVELY,56.806,60.759,47.672,51.177,49.819,50.116,47.98,55.419,56.495,51.79,52.728,56.245,60.455,51.444,53.305,52.529,44.305,43.44,44.425,50.925,51.347,55.023,46.868,51.271,52.94,56.395,62.802,62.379,62.72,60.072,65.004,74.577,56.448,58.978,50.549,43.657,46.089,-0.1294106535700793,0.05570698856998879,168.144,150.139,138.791,153.238,160.607,187.901,199.653,165.974,0.08311254388598122,-0.16868767311285082,169.428,151.079,140.294,-0.07138649315920809,640.657,597.823,699.669,0.1703614615028195
IN URB MT,Sales Units (000),PATANJALI,127.527,122.03,124.404,121.88,130.874,134.884,131.048,140.697,147.194,137.131,139.381,133.089,109.698,119.406,112.895,118.118,108.028,94.426,103.18,130.762,127.329,129.002,107.347,91.119,80.59,72.794,93.643,75.402,79.014,70.314,72.284,110.711,107.879,113.433,122.235,105.266,109.371,0.3571286760143937,0.03899644709592831,362.193,339.041,328.368,363.678,244.503,248.059,253.31,343.547,-0.05535391197707851,0.35623149500611917,382.168,279.056,336.873,0.20718780459836017,1572.31,1322.201,1132.346,-0.14359011980780534
IN URB MT,Sales Units (000),LAKME,129.018,126.709,155.272,163.62,145.548,147.818,143.014,148.685,139.815,142.179,129.578,136.151,141.323,122.433,129.997,126.224,114.431,102.993,96.521,117.596,119.925,125.938,118.485,117.77,112.97,100.507,122.936,110.331,105.124,110.346,113.731,121.628,115.605,157.748,169.471,154.763,137.822,0.2199876073293796,-0.10946414840756513,399.907,370.651,317.11,364.349,331.248,338.391,345.705,442.824,0.21538415091025365,0.28093027292055384,407.053,349.225,462.056,0.3230896986183691,1719.712,1405.283,1520.012,0.08164120678895292
IN URB MT,Sales Units (000),JOY,236.9,196.854,268.186,351.398,326.029,254.579,210.722,262.027,282.143,310.936,315.662,419.06,335.117,257.243,310.226,366.36,364.035,279.462,212.396,279.485,322.517,359.627,458.411,342.254,304.43,274.361,412.134,427.438,380.897,288.684,244.716,298.83,317.006,352.276,482.458,375.451,306.238,0.005938967907236359,-0.1843462928584556,1011.419,1040.621,771.342,1140.554,921.046,1220.469,832.23,1151.74,0.009807514593785038,0.3839203104910902,1069.839,1105.095,1164.147,0.053436129925481524,3532.713,3856.445,4160.489,0.07884048651024433
IN URB MT,Sales Units (000),NIVEA,385.367,324.444,356.355,368.728,362.724,319.509,349.493,350.464,339.885,351.174,310.889,300.269,320.113,279.862,275.287,256.404,223.084,213.459,227.224,253.586,247.665,253.184,232.557,225.514,211.282,196.287,209.239,199.509,187.66,180.151,214.154,190.245,198.943,229.333,188.581,167.191,158.127,-0.25158319213184277,-0.05421344450359167,900.243,754.775,694.268,733.406,633.083,596.408,584.549,616.858,-0.15891334404136315,0.05527167098053365,931.271,669.354,513.899,-0.23224631510381655,4054.047,2899.108,2319.42,-0.19995391685994457
IN URB MT,Sales Units (000),LOTUS,30.88,25.277,27.931,24.417,24.366,25.13,25.7,28.052,25.715,24.964,23.055,22.061,19.374,18.514,24.672,40.266,52.052,54.077,20.01,20.325,28.647,27.023,28.744,31.975,29.907,27.586,31.287,27.781,26.627,25.69,32.005,51.645,37.5,37.944,42.202,30.206,24.705,-0.17393921155582315,-0.18211613586704634,59.95,116.991,94.412,84.413,89.468,85.695,109.341,117.646,0.39369528390176867,0.07595503973806728,64.49,90.625,97.113,0.07159172413793113,296.041,376.212,395.178,0.050413064974003996
IN URB MT,Sales Units (000),VLCC,106.744,87.686,87.78,98.21,90.54,84.946,77.74,73.787,76.585,86.36,88.865,92.407,102.956,74.895,98.255,94.099,79.133,61.536,71.107,73.316,70.68,72.131,60.301,67.22,71.802,54.929,78.124,62.452,53.641,56.754,75.699,101.404,61.628,66.462,90.132,204.909,159.669,1.2237402857859112,-0.22078093202348348,270.258,271.486,205.958,203.111,193.952,194.218,233.857,218.221,0.07439281968972633,-0.06686137254818114,284.227,199.323,454.71,1.2812721060790775,1047.861,894.473,1065.804,0.19154407120170225
IN URB MT,Sales Units (000),EVERYUTH,84.904,69.052,76.935,71.763,66.653,58.052,58.533,60.888,74.012,77.977,73.422,69.094,66.515,55.757,74.215,69.18,64.787,54.702,58.366,62.549,59.164,76.656,67.775,66.909,81.671,63.019,81.891,75.834,75.696,61.507,54.013,89.844,84.318,84.113,128.052,84.518,67.891,-0.1687257410831262,-0.19672732435694162,191.366,208.183,175.617,203.594,211.598,233.421,205.365,296.482,0.45624134306512,0.4436831982080687,209.031,216.354,280.462,0.29631067602170513,822.897,791.73,950.696,0.20078309524711702
IN URB MT,Sales Units (000),BIOTIQUE,33.87,54.901,82.929,35.684,44.804,41.499,41.443,60.857,58.11,65.905,51.159,68.843,64.246,51.502,70.208,78.079,73.416,55.341,57.454,76.357,70.686,87.838,76.204,79.108,74.405,53.388,70.478,68.212,64.386,69.604,69.067,74.82,71.621,67.956,59.124,57.394,121.242,0.62948726564075,1.1124507788270552,184.59,221.702,189.151,234.728,206.901,203.076,213.492,198.701,-0.1534840325823933,-0.0692812845446199,184.247,229.717,237.759,0.03500829281246043,670.38,850.596,847.292,-0.0038843352190699454
IN URB MT,Sales Units (000),MEDIMIX,45.001,36.833,38.61,43.772,36.65,38.716,40.313,41.972,43.632,43.457,46.626,40.843,43.995,32.557,31.415,31.231,26.366,40.913,59.465,53.338,49.48,36.013,30.438,48.495,53.34,41.414,39.052,34.885,36.731,37.061,35.11,40.694,40.029,41.899,37.434,38.163,35.003,-0.3437757780277466,-0.08280271467127842,117.394,89.011,153.716,115.931,143.249,110.669,112.865,119.363,0.029603816063002997,0.05757320692863166,131.463,132.273,110.601,-0.1638429611485337,495.42,493.051,457.476,-0.07215277932708786
IN URB MT,Sales Units (000),WOW,38.593,27.346,26.79,27.306,33.73,37.641,41.647,42.023,33.694,32.746,29.314,29.117,21.427,22.548,21.374,18.746,16.576,11.463,9.03,11.592,15.862,15.91,17.137,16.311,16.067,15.374,15.906,19.587,12.942,12.731,11.633,13.031,6.949,6.545,6.45,2.725,1.817,-0.8869110599365159,-0.333211009174312,73.092,56.696,32.086,48.91,47.752,48.435,37.395,19.944,-0.5922306276835003,-0.4666666666666668,79.857,49.516,10.991,-0.7780313434041521,382.78,192.619,125.69,-0.34746831828635805
IN URB MT,Sales Units (000),THE DERMA CO,,,,,0.035,,,,0.096,,0.174,0.151,0.116,0.287,0.277,0.224,0.154,0.107,0.199,0.161,0.452,0.569,0.837,0.816,0.757,1.49,3.72,3.6,7.663,10.631,14.203,20.044,21.053,23.804,25.443,35.428,27.811,35.73844121532365,-0.21499943547476563,0.554,0.655,0.467,1.858,3.062,14.984,44.877,70.3,36.836383207750266,0.5665039998217347,0.441,2.409,88.682,35.81278538812786,0.572,4.84,194.89,39.26652892561983
IN URB MT,Sales Units (000),SIMPLE,1.351,1.495,1.555,2.534,5.123,5.549,5.14,4.038,5.775,5.917,4.854,4.463,3.515,3.118,3.468,3.875,3.359,1.955,7.538,12.292,6.501,2.768,16.715,20.084,30.912,23.483,32.391,40.772,48.226,70.033,39.934,50.892,69.9,94.033,90.596,95.117,127.337,3.1193387681159424,0.3387407088112535,11.096,10.701,21.785,25.983,74.479,121.389,160.859,254.529,8.795981988223069,0.5823112166555802,12.833,67.71,313.05,3.6233938856889685,49.959,112.583,782.714,5.952328504303492
IN URB MT,Sales Units (000),DOT & KEY,1.19,0.807,0.895,0.928,1.02,0.874,1.127,0.681,0.365,0.189,0.542,1.245,0.759,0.111,0.501,0.293,0.051,0.018,0.125,0.358,0.006,0.152,0.22,0.173,0.191,0.836,0.831,0.787,0.81,0.96,0.942,2.089,4.37,4.368,5.689,5.533,5.28,26.643979057591626,-0.045725646123260466,2.115,0.846,0.501,0.378,1.201,2.429,3.991,14.427,37.166666666666664,2.6148834878476572,2.546,0.585,16.502,27.208547008547008,9.434,2.201,32.497,13.764652430713312
IN URB MT,Sales Units (000),JOVEES,17.57,17.58,16.653,14.168,13.895,13.027,12.582,14.682,15.457,19.44,17.319,18.261,18.035,15.627,15.034,14.284,13.786,12.229,13.049,15.589,14.849,16.703,14.199,16.32,14.655,13.166,16.558,13.663,11.47,11.271,10.534,10.931,11.452,10.553,10.328,10.054,10.227,-0.30214943705220054,0.01720708175850416,51.923,43.105,40.868,45.751,44.142,41.691,32.736,32.333,-0.29328320692443877,-0.012310606060605966,53.615,45.174,30.609,-0.32241997609244255,191.099,176.326,140.208,-0.20483649603575194
IN URB MT,Sales Units (000),AHAGLOW,0.103,0.147,0.098,0.213,0.556,0.064,0.246,0.348,0.119,0.249,0.236,0.231,0.17,,,,,,0.014,0.049,0.008,0.015,0.003,0.003,0.032,0.017,0.045,0.007,0.046,0.009,0.01,0.199,0.01,0.027,0.002,0.013,0.002,-0.9375,-0.8461538461538461,0.401,,0.063,0.026,0.052,0.099,0.219,0.039,0.5,-0.821917808219178,0.637,0.038,0.017,-0.5526315789473684,2.679,0.124,0.389,2.1370967741935485
IN URB MT,Sales Units (000),CETAPHIL,,,0.314,0.304,0.452,0.306,,,0.059,0.052,0.025,0.027,0.019,0.037,0.035,0.017,0.035,0.025,0.034,0.115,0.09,0.099,0.074,0.153,0.106,0.16,0.218,0.466,0.142,0.286,0.059,0.141,1.561,7.943,16.228,14.297,15.224,142.62264150943398,0.06483877736588095,0.084,0.087,0.173,0.263,0.419,0.826,0.487,25.732,96.8403041825095,51.837782340862425,0.071,0.333,45.748,136.38138138138137,1.558,0.82,56.726,68.17804878048781
IN URB MT,Sales Units (000),MINIMALIST,0.774,0.706,0.5,0.621,0.854,0.766,0.696,0.398,0.342,0.554,0.377,0.388,0.445,0.33,0.356,0.416,0.393,0.446,0.362,0.398,0.388,0.32,0.275,0.317,0.226,0.297,0.295,0.611,0.571,1.912,1.203,2.09,2.915,2.891,4.22,3.945,3.484,14.415929203539822,-0.11685678073510775,1.163,1.164,1.205,0.984,0.839,1.478,5.205,10.026,9.189024390243903,0.9262247838616715,1.21,0.818,11.649,13.24083129584352,6.646,4.226,24.434,4.781826786559394
IN URB MT,Sales Units (000),CERAVE,,,,,,,,,,,,,,,,,,,,,,,,,,,0.107,,0.119,,,,0.008,0.111,0.049,0.098,0.058,,-0.40816326530612246,,,,,,0.226,,0.167,,,,,0.204,,,,0.549,
IN URB MT,Sales Units (000),NIVEA MEN,,,,,,0.001,0.018,0.016,0.002,0.008,0.025,0.026,0.018,,0.005,0.0,0.001,,,,0.001,,,,,,,,0.088,,0.002,0.108,0.077,0.098,,,0.103,,,0.044,0.006,,0.001,,0.088,0.11,0.175,173.99999999999997,0.5909090909090908,0.07,,0.103,,0.115,0.007,0.476,67.0
IN URB MT,MS Unit,FACE WASH,100.0,100.0,100.0,100.0,100.0,100.0,100.0,100.0,100.0,100.0,100.0,100.0,100.0,100.0,100.0,100.0,100.0,100.0,100.0,100.0,100.0,100.0,100.0,100.0,100.0,100.0,100.0,100.0,100.0,100.0,100.0,100.0,100.0,100.0,100.0,100.0,100.0,0.0,0.0,100.0,100.0,100.0,100.0,100.0,100.0,100.0,100.0,0.0,0.0,100.0,100.0,100.0,0.0,100.0,100.0,100.0,0.0
IN URB MT,MS Unit,MAMAEARTH,2.423,2.528,2.575,2.513,2.627,3.539,3.695,3.928,3.715,4.309,4.489,4.332,4.784,4.492,4.625,4.43,4.679,5.655,5.699,5.625,6.181,6.947,6.65,6.929,8.409,7.89,7.701,7.244,7.92,9.549,9.702,9.498,9.395,9.093,9.136,8.713,9.919,150.99999999999997,120.60000000000014,4.539,4.575,5.658,6.607,7.747,7.624,9.581,9.203,259.5999999999999,-37.80000000000001,4.536,7.335,9.252,191.70000000000007,3.623,5.908,8.847,293.8999999999999
IN URB MT,MS Unit,HIMALAYA,25.622,26.654,25.488,25.995,26.818,27.188,26.607,26.391,25.672,27.22,27.825,25.953,27.61,27.353,25.788,25.874,25.769,26.115,25.545,25.42,25.209,25.72,24.412,24.304,25.235,25.116,23.995,24.058,25.476,25.092,24.163,23.671,23.092,24.175,22.096,23.79,24.058,-117.69999999999996,26.800000000000068,26.958,25.812,25.684,25.125,24.882,24.49,24.284,23.127,-199.80000000000013,-115.7,27.132,24.655,23.299,-135.60000000000016,26.625,25.54,24.017,-152.29999999999995
IN URB MT,MS Unit,GARNIER,12.043,10.584,11.936,11.328,10.806,12.166,13.224,12.117,12.909,12.562,12.155,11.901,12.523,12.715,12.424,11.486,11.176,11.973,12.889,11.876,11.109,11.636,12.036,12.514,13.129,13.034,12.097,10.97,10.816,11.454,12.162,11.194,11.534,12.181,11.25,11.075,11.996,-113.29999999999991,92.10000000000011,12.366,11.717,12.227,11.602,12.89,11.323,11.591,11.66,5.799999999999983,6.900000000000084,12.194,12.561,11.436,-112.5,12.044,12.077,11.642,-43.50000000000005
IN URB MT,MS Unit,POND'S,14.309,14.331,13.989,13.774,13.443,13.507,14.0,13.946,12.879,12.537,12.309,12.037,12.229,12.416,13.339,12.854,12.575,13.607,13.528,12.616,13.261,13.007,12.538,13.368,13.321,13.166,12.451,12.337,12.5,13.707,13.418,13.832,14.882,13.132,12.013,12.298,12.417,-90.39999999999999,11.899999999999977,12.219,12.937,13.225,12.932,13.289,12.43,13.658,13.302,36.99999999999992,-35.59999999999999,12.192,13.073,12.239,-83.39999999999996,13.212,13.031,13.007,-2.400000000000091
IN URB MT,MS Unit,CLEAN & CLEAR,7.136,7.082,6.504,5.091,5.265,6.143,5.889,6.073,7.668,6.345,6.129,6.542,6.35,6.929,6.582,6.357,6.599,6.571,6.441,6.419,7.027,6.485,6.84,6.831,6.564,6.863,6.923,6.308,6.625,6.282,6.032,6.083,6.429,6.59,6.632,7.231,6.494,-7.000000000000028,-73.70000000000002,6.592,6.51,6.475,6.774,6.747,6.629,6.13,6.554,-21.999999999999975,42.400000000000034,6.34,6.744,6.785,4.100000000000037,6.271,6.639,6.546,-9.299999999999997
IN URB MT,MS Unit,GLOW & LOVELY,1.165,1.406,1.032,1.115,1.143,1.132,1.071,1.163,1.122,0.967,1.073,1.151,1.223,1.205,1.163,1.168,1.087,1.108,1.157,1.162,1.131,1.087,0.987,1.116,1.111,1.359,1.324,1.459,1.476,1.366,1.457,1.516,1.175,1.121,0.973,0.867,0.927,-18.399999999999995,6.000000000000005,1.193,1.141,1.143,1.068,1.189,1.416,1.449,1.087,1.8999999999999906,-36.20000000000001,1.149,1.071,0.923,-14.79999999999999,1.13,1.122,1.239,11.7
IN URB MT,MS Unit,PATANJALI,2.616,2.824,2.692,2.655,3.002,3.047,2.926,2.953,2.923,2.561,2.838,2.723,2.22,2.797,2.462,2.627,2.652,2.409,2.688,2.985,2.806,2.548,2.262,1.983,1.691,1.754,1.974,1.764,1.86,1.599,1.62,2.251,2.245,2.155,2.353,2.091,2.199,50.799999999999976,10.799999999999965,2.569,2.577,2.705,2.535,1.81,1.869,1.838,2.251,-28.400000000000027,41.29999999999998,2.593,1.978,2.216,23.800000000000022,2.773,2.482,2.005,-47.70000000000003
IN URB MT,MS Unit,LAKME,2.647,2.933,3.36,3.565,3.339,3.339,3.193,3.12,2.776,2.655,2.638,2.786,2.86,2.868,2.835,2.807,2.809,2.627,2.514,2.684,2.643,2.488,2.496,2.563,2.371,2.422,2.591,2.58,2.474,2.509,2.549,2.473,2.406,2.997,3.263,3.074,2.771,39.99999999999999,-30.299999999999994,2.837,2.817,2.612,2.539,2.452,2.55,2.509,2.902,36.3,39.300000000000026,2.761,2.476,3.039,56.30000000000002,3.033,2.638,2.692,5.400000000000027
IN URB MT,MS Unit,JOY,4.86,4.556,5.803,7.656,7.479,5.75,4.705,5.498,5.602,5.807,6.426,8.575,6.782,6.026,6.766,8.147,8.935,7.129,5.533,6.379,7.106,7.104,9.658,7.45,6.389,6.612,8.686,9.997,8.965,6.565,5.484,6.075,6.598,6.694,9.289,7.457,6.157,-23.20000000000002,-129.99999999999997,7.174,7.91,6.354,7.95,6.818,9.198,6.04,7.547,-40.30000000000005,150.69999999999996,7.258,7.835,7.658,-17.69999999999996,6.231,7.239,7.368,12.900000000000045
IN URB MT,MS Unit,NIVEA,7.905,7.509,7.711,8.034,8.32,7.217,7.804,7.354,6.749,6.559,6.329,6.144,6.478,6.555,6.004,5.702,5.476,5.446,5.92,5.788,5.457,5.001,4.899,4.909,4.434,4.731,4.41,4.666,4.417,4.097,4.799,3.868,4.14,4.358,3.631,3.321,3.179,-125.50000000000003,-14.200000000000035,6.386,5.737,5.719,5.112,4.687,4.495,4.242,4.042,-107.00000000000003,-20.000000000000018,6.318,4.745,3.381,-136.40000000000003,7.151,5.442,4.108,-133.40000000000006
IN URB MT,MS Unit,LOTUS,0.633,0.585,0.604,0.532,0.559,0.568,0.574,0.589,0.511,0.466,0.469,0.451,0.392,0.434,0.538,0.895,1.278,1.379,0.521,0.464,0.631,0.534,0.606,0.696,0.628,0.665,0.659,0.65,0.627,0.584,0.717,1.05,0.78,0.721,0.813,0.6,0.497,-13.100000000000001,-10.299999999999997,0.425,0.889,0.778,0.588,0.662,0.646,0.793,0.771,18.300000000000004,-2.200000000000002,0.438,0.642,0.639,-0.30000000000000027,0.522,0.706,0.7,-0.6000000000000005
IN URB MT,MS Unit,VLCC,2.19,2.029,1.899,2.14,2.077,1.919,1.736,1.548,1.521,1.613,1.809,1.891,2.083,1.754,2.143,2.093,1.942,1.57,1.852,1.673,1.557,1.425,1.27,1.463,1.507,1.324,1.647,1.461,1.262,1.291,1.696,2.061,1.283,1.263,1.735,4.07,3.21,170.3,-86.00000000000003,1.917,2.064,1.697,1.416,1.436,1.464,1.697,1.43,1.4000000000000012,-26.700000000000014,1.928,1.413,2.991,157.8,1.848,1.679,1.887,20.799999999999997
IN URB MT,MS Unit,EVERYUTH,1.742,1.598,1.665,1.564,1.529,1.311,1.307,1.278,1.47,1.456,1.495,1.414,1.346,1.306,1.619,1.538,1.59,1.395,1.52,1.428,1.304,1.514,1.428,1.456,1.714,1.519,1.726,1.774,1.782,1.399,1.21,1.827,1.755,1.598,2.466,1.679,1.365,-34.9,-31.400000000000006,1.357,1.582,1.447,1.419,1.566,1.759,1.49,1.943,52.400000000000006,45.300000000000004,1.418,1.534,1.845,31.099999999999994,1.452,1.486,1.684,19.799999999999997
IN URB MT,MS Unit,BIOTIQUE,0.695,1.271,1.794,0.777,1.028,0.937,0.925,1.277,1.154,1.231,1.042,1.409,1.3,1.206,1.531,1.736,1.802,1.412,1.497,1.743,1.558,1.735,1.605,1.722,1.562,1.287,1.485,1.595,1.515,1.583,1.548,1.521,1.491,1.291,1.138,1.14,2.438,87.60000000000001,129.80000000000004,1.309,1.685,1.558,1.636,1.532,1.53,1.549,1.302,-33.399999999999984,-24.69999999999999,1.25,1.629,1.564,-6.499999999999995,1.183,1.597,1.5,-9.699999999999998
IN URB MT,MS Unit,MEDIMIX,0.923,0.852,0.836,0.954,0.841,0.875,0.9,0.881,0.866,0.812,0.949,0.836,0.89,0.763,0.685,0.695,0.647,1.044,1.549,1.217,1.09,0.711,0.641,1.056,1.119,0.998,0.823,0.816,0.865,0.843,0.787,0.827,0.833,0.796,0.721,0.758,0.704,-41.5,-5.400000000000005,0.833,0.677,1.266,0.808,1.06,0.834,0.819,0.782,-2.6000000000000023,-3.699999999999992,0.892,0.938,0.728,-20.999999999999996,0.874,0.925,0.81,-11.5
IN URB MT,MS Unit,WOW,0.792,0.633,0.58,0.595,0.774,0.85,0.93,0.882,0.669,0.612,0.597,0.596,0.434,0.528,0.466,0.417,0.407,0.292,0.235,0.265,0.349,0.314,0.361,0.355,0.337,0.37,0.335,0.458,0.305,0.289,0.261,0.265,0.145,0.124,0.124,0.054,0.036,-30.100000000000005,-1.8000000000000003,0.518,0.431,0.264,0.341,0.353,0.365,0.271,0.131,-21.000000000000004,-14.000000000000002,0.542,0.351,0.072,-27.9,0.675,0.362,0.223,-13.899999999999999
IN URB MT,MS Unit,THE DERMA CO,,,,,0.001,,,,0.002,,0.004,0.003,0.002,0.007,0.006,0.005,0.004,0.003,0.005,0.004,0.01,0.011,0.018,0.018,0.016,0.036,0.078,0.084,0.18,0.242,0.318,0.407,0.438,0.452,0.49,0.704,0.559,54.300000000000004,-14.499999999999991,0.004,0.005,0.004,0.013,0.023,0.113,0.326,0.461,44.800000000000004,13.5,0.003,0.017,0.583,56.599999999999994,0.001,0.009,0.345,33.599999999999994
IN URB MT,MS Unit,SIMPLE,0.028,0.035,0.034,0.055,0.117,0.125,0.115,0.085,0.115,0.111,0.099,0.091,0.071,0.073,0.076,0.086,0.082,0.05,0.196,0.281,0.143,0.055,0.352,0.437,0.649,0.566,0.683,0.954,1.135,1.593,0.895,1.035,1.455,1.787,1.744,1.889,2.56,191.1,67.10000000000001,0.079,0.081,0.179,0.181,0.551,0.915,1.167,1.668,148.7,50.09999999999999,0.087,0.48,2.059,157.9,0.088,0.211,1.386,117.49999999999999
IN URB MT,MS Unit,DOT & KEY,0.024,0.019,0.019,0.02,0.023,0.02,0.025,0.014,0.007,0.004,0.011,0.025,0.015,0.003,0.011,0.006,0.001,0.0,0.003,0.008,0.0,0.003,0.005,0.004,0.004,0.02,0.018,0.018,0.019,0.022,0.021,0.043,0.091,0.083,0.11,0.11,0.106,10.2,-0.40000000000000036,0.015,0.006,0.004,0.003,0.009,0.018,0.029,0.095,9.2,6.6000000000000005,0.017,0.004,0.108,10.4,0.017,0.004,0.058,5.4
IN URB MT,MS Unit,JOVEES,0.36,0.407,0.36,0.309,0.319,0.294,0.281,0.308,0.307,0.363,0.353,0.374,0.365,0.366,0.328,0.318,0.338,0.312,0.34,0.356,0.327,0.33,0.299,0.355,0.308,0.317,0.349,0.32,0.27,0.256,0.236,0.222,0.238,0.201,0.199,0.2,0.206,-10.200000000000001,0.5999999999999978,0.368,0.328,0.337,0.319,0.327,0.314,0.238,0.212,-10.700000000000001,-2.5999999999999996,0.364,0.32,0.201,-11.899999999999999,0.337,0.331,0.248,-8.300000000000002
IN URB MT,MS Unit,AHAGLOW,0.002,0.003,0.002,0.005,0.013,0.001,0.005,0.007,0.002,0.005,0.005,0.005,0.003,,,,,,0.0,0.001,0.0,0.0,0.0,0.0,0.001,0.0,0.001,0.0,0.001,0.0,0.0,0.004,0.0,0.001,0.0,0.0,0.0,,,0.003,,0.001,0.0,0.0,0.001,0.002,0.0,,,0.004,0.0,0.0,,0.005,0.0,0.001,
IN URB MT,MS Unit,CETAPHIL,,,0.007,0.007,0.01,0.007,,,0.001,0.001,0.001,0.001,0.0,0.001,0.001,0.0,0.001,0.001,0.001,0.003,0.002,0.002,0.002,0.003,0.002,0.004,0.005,0.011,0.003,0.006,0.001,0.003,0.033,0.151,0.312,0.284,0.306,30.4,2.200000000000002,0.001,0.001,0.001,0.002,0.003,0.006,0.004,0.169,16.7,16.5,0.001,0.002,0.301,29.9,0.003,0.002,0.101,9.9
IN URB MT,MS Unit,MINIMALIST,0.016,0.016,0.011,0.013,0.02,0.017,0.015,0.008,0.007,0.01,0.008,0.008,0.009,0.008,0.008,0.009,0.01,0.011,0.009,0.009,0.009,0.006,0.006,0.007,0.005,0.007,0.006,0.014,0.013,0.043,0.027,0.043,0.061,0.055,0.081,0.078,0.07,6.5,-0.7999999999999994,0.008,0.009,0.01,0.007,0.006,0.011,0.038,0.066,5.9,2.8000000000000003,0.008,0.006,0.077,7.1,0.012,0.008,0.043,3.4999999999999996
IN URB MT,MS Unit,CERAVE,,,,,,,,,,,,,,,,,,,,,,,,,,,0.002,,0.003,,,,0.0,0.002,0.001,0.002,0.001,,-0.1,,,,,,0.002,,0.001,,,,,0.001,,,,0.001,
IN URB MT,MS Unit,NIVEA MEN,,,,,,0.0,0.0,0.0,0.0,0.0,0.001,0.001,0.0,,0.0,0.0,0.0,,,,0.0,,,,,,,,0.002,,0.0,0.002,0.002,0.002,,,0.002,,,0.0,0.0,,0.0,,0.001,0.001,0.001,,0.0,0.001,,0.001,,0.0,0.0,0.001,
IN URB MT,Price per ml,FACE WASH,1.393,1.427,1.41,1.414,1.433,1.407,1.385,1.408,1.38,1.352,1.394,1.42,1.371,1.424,1.401,1.4,1.412,1.401,1.394,1.401,1.407,1.371,1.405,1.441,1.422,1.471,1.422,1.481,1.468,1.433,1.407,1.429,1.476,1.452,1.437,1.533,1.489,0.04711673699015484,-0.028701891715590233,1.403,1.404,1.398,1.394,1.443,1.455,1.423,1.454,0.043041606886657036,0.021784961349262,1.395,1.422,1.485,0.044303797468354444,1.398,1.406,1.458,0.0369843527738265
IN URB MT,Price per ml,MAMAEARTH,2.268,2.271,2.18,2.201,2.175,1.755,1.631,1.676,1.66,1.571,1.649,1.7,1.499,1.605,1.592,1.589,1.634,1.481,1.465,1.553,1.538,1.4,1.573,1.628,1.469,1.479,1.536,1.641,1.607,1.535,1.467,1.499,1.562,1.54,1.53,1.678,1.624,0.1055139550714772,-0.03218116805721083,1.595,1.604,1.501,1.497,1.519,1.591,1.5,1.543,0.030728122912491607,0.028666666666666618,1.609,1.548,1.608,0.03875968992248069,1.737,1.535,1.557,0.014332247557003353
IN URB MT,Price per ml,HIMALAYA,1.235,1.261,1.248,1.256,1.251,1.22,1.179,1.238,1.259,1.173,1.216,1.28,1.194,1.273,1.292,1.308,1.329,1.318,1.301,1.333,1.383,1.375,1.416,1.454,1.405,1.508,1.469,1.515,1.44,1.365,1.403,1.47,1.527,1.444,1.502,1.546,1.377,-0.01992882562277587,-0.10931435963777492,1.247,1.309,1.318,1.391,1.453,1.473,1.413,1.488,0.06973400431344356,0.05307855626326963,1.228,1.424,1.473,0.034410112359550604,1.229,1.349,1.462,0.08376575240919193
IN URB MT,Price per ml,GARNIER,1.863,2.073,1.919,1.909,2.093,1.886,1.803,1.904,1.755,1.824,1.98,2.018,1.909,1.927,1.873,1.897,1.911,1.859,1.786,1.82,1.886,1.843,1.92,1.937,1.798,1.916,1.871,2.101,2.068,1.862,1.81,1.951,1.954,1.84,1.932,2.013,1.846,0.026696329254727535,-0.0829607550919026,1.95,1.892,1.821,1.882,1.878,1.999,1.874,1.905,0.01222104144527103,0.016542155816435367,1.967,1.88,1.926,0.024468085106382986,1.912,1.87,1.922,0.027807486631015843
IN URB MT,Price per ml,POND'S,1.442,1.488,1.481,1.513,1.539,1.5,1.492,1.526,1.539,1.561,1.591,1.632,1.597,1.645,1.552,1.572,1.595,1.552,1.552,1.606,1.607,1.568,1.651,1.604,1.624,1.665,1.581,1.672,1.647,1.601,1.571,1.596,1.586,1.611,1.657,1.687,1.716,0.056650246305418595,0.017190278601066922,1.623,1.572,1.57,1.607,1.629,1.631,1.59,1.617,0.0062227753578096845,0.016981132075471583,1.606,1.626,1.687,0.037515375153751584,1.537,1.594,1.631,0.02321204516938513
IN URB MT,Price per ml,CLEAN & CLEAR,1.408,1.471,1.427,1.468,1.495,1.401,1.452,1.364,1.231,1.294,1.349,1.375,1.34,1.348,1.336,1.377,1.396,1.377,1.368,1.327,1.309,1.298,1.326,1.332,1.356,1.384,1.334,1.403,1.385,1.36,1.337,1.353,1.38,1.345,1.351,1.398,1.318,-0.028023598820059004,-0.05722460658082962,1.354,1.368,1.356,1.311,1.356,1.372,1.35,1.358,0.03585049580472943,0.00592592592592589,1.354,1.338,1.356,0.013452914798206317,1.375,1.343,1.361,0.013402829486224954
IN URB MT,Price per ml,GLOW & LOVELY,1.38,1.28,1.365,1.369,1.401,1.404,1.398,1.4,1.419,1.43,1.426,1.346,1.302,1.355,1.357,1.328,1.307,1.323,1.318,1.3,1.283,1.24,1.278,1.277,1.289,1.282,1.265,1.298,1.283,1.19,1.147,1.183,1.167,1.204,1.24,1.391,1.555,0.2063615205585725,0.11790079079798699,1.333,1.332,1.313,1.266,1.283,1.282,1.174,1.202,-0.050552922590837324,0.023850085178875657,1.352,1.281,1.375,0.07338017174082756,1.374,1.303,1.251,-0.03990790483499618
IN URB MT,Price per ml,PATANJALI,1.005,0.989,0.982,0.974,0.988,1.016,1.014,1.004,1.02,0.997,1.03,1.029,1.026,1.029,1.021,1.02,1.022,1.034,1.021,1.013,1.014,1.002,1.014,1.006,0.99,0.989,0.974,0.973,0.989,1.001,0.939,0.968,0.981,0.971,0.971,1.002,1.021,0.03131313131313118,0.01896207584830334,1.028,1.021,1.022,1.01,0.995,0.979,0.969,0.974,-0.035643564356435675,0.005159958720330149,1.028,1.004,0.997,-0.006972111553784854,1.006,1.016,0.982,-0.03346456692913391
IN URB MT,Price per ml,LAKME,1.81,1.912,1.864,1.836,1.843,1.847,1.845,1.863,1.857,1.886,1.872,1.861,1.807,1.869,1.825,1.792,1.818,1.834,1.845,1.854,1.841,1.825,1.83,1.855,1.866,1.869,1.737,1.818,1.905,1.793,1.711,1.714,1.803,1.811,1.811,1.819,1.879,0.006966773847802754,0.03298515667949431,1.844,1.811,1.845,1.832,1.863,1.814,1.738,1.809,-0.012554585152838471,0.04085155350978131,1.846,1.85,1.834,-0.008648648648648671,1.857,1.837,1.805,-0.01741970604246057
IN URB MT,Price per ml,JOY,0.801,0.805,0.831,0.84,0.827,0.813,0.79,0.768,0.804,0.828,0.828,0.761,0.774,0.822,0.839,0.858,0.871,0.861,0.861,0.868,0.861,0.858,0.839,0.871,0.878,0.868,0.886,0.919,0.927,0.904,0.883,0.87,0.915,0.913,0.907,0.935,0.965,0.09908883826879267,0.03208556149732611,0.782,0.857,0.863,0.851,0.872,0.91,0.885,0.911,0.07050528789659238,0.029378531073446457,0.786,0.86,0.932,0.08372093023255811,0.806,0.857,0.909,0.0606767794632439
IN URB MT,Price per ml,NIVEA,1.761,1.856,1.846,1.812,1.788,1.872,1.754,1.83,1.854,1.841,1.96,2.004,1.911,1.937,2.006,2.072,2.114,1.968,1.98,1.997,1.985,1.971,2.022,2.054,2.123,2.087,1.998,2.041,2.005,2.009,1.77,1.967,1.908,1.77,1.998,2.235,2.325,0.09514837494112105,0.04026845637583909,1.95,2.06,1.983,1.992,2.088,2.014,1.906,1.883,-0.054718875502008046,-0.01206715634837352,1.957,2.065,2.174,0.05278450363196119,1.856,2.016,1.993,-0.011408730158730118
IN URB MT,Price per ml,LOTUS,2.151,2.097,2.072,2.113,2.127,2.141,2.047,2.091,2.026,2.11,2.139,2.132,1.977,2.145,2.099,1.241,1.158,0.949,1.88,1.915,1.482,1.538,1.411,1.321,1.374,1.455,1.521,1.462,1.485,1.364,1.17,1.039,1.373,1.3,1.156,1.47,1.61,0.1717612809315865,0.09523809523809534,2.084,1.382,1.345,1.474,1.38,1.49,1.153,1.27,-0.13839891451831743,0.10147441457068518,2.086,1.367,1.368,0.00073152889539152,2.09,1.422,1.332,-0.06329113924050622
IN URB MT,Price per ml,VLCC,0.985,0.955,0.983,1.009,0.974,1.014,1.046,1.019,0.968,0.932,0.927,0.939,0.881,0.972,0.964,0.963,0.987,1.015,0.925,0.922,0.908,0.918,0.942,0.933,0.94,1.013,0.881,0.924,0.955,0.979,0.771,0.699,0.877,0.844,0.638,0.807,0.899,-0.04361702127659561,0.11400247831474597,0.926,0.971,0.95,0.922,0.958,0.915,0.788,0.763,-0.17245119305856837,-0.03172588832487311,0.915,0.938,0.767,-0.18230277185501065,0.967,0.948,0.835,-0.11919831223628696
IN URB MT,Price per ml,EVERYUTH,0.746,0.736,0.738,0.762,0.77,0.848,0.831,0.859,0.812,0.827,0.811,0.807,0.853,0.871,0.802,0.817,0.836,0.808,0.83,0.881,0.876,0.798,0.799,0.835,0.79,0.78,0.755,0.74,0.745,0.789,0.861,0.725,0.781,0.776,0.737,0.924,0.992,0.2556962025316456,0.07359307359307343,0.841,0.817,0.841,0.82,0.801,0.747,0.779,0.763,-0.06951219512195117,-0.020539152759948665,0.823,0.807,0.864,0.07063197026022294,0.802,0.826,0.794,-0.03874092009685215
IN URB MT,Price per ml,BIOTIQUE,1.25,0.917,0.825,1.116,1.079,1.006,1.011,0.96,1.014,0.928,1.107,0.979,0.987,1.062,0.901,0.872,0.876,1.025,0.986,0.928,1.052,0.962,0.985,0.958,0.975,1.025,0.915,0.946,0.999,0.964,0.907,0.92,0.925,0.957,0.977,1.045,0.811,-0.16820512820512812,-0.2239234449760764,1.005,0.883,0.973,0.996,0.981,0.952,0.93,0.951,-0.04518072289156627,0.022580645161290214,1.016,0.973,0.907,-0.06783144912641315,0.977,0.96,0.936,-0.02499999999999991
IN URB MT,Price per ml,MEDIMIX,0.792,0.796,0.775,0.748,0.769,0.775,0.754,0.757,0.772,0.737,0.741,0.748,0.723,0.692,0.733,0.699,0.728,0.623,0.575,0.617,0.635,0.776,0.825,0.743,0.739,0.685,0.734,0.752,0.733,0.716,0.707,0.695,0.712,0.723,0.748,0.759,0.809,0.09472259810554817,0.06587615283267456,0.723,0.719,0.603,0.731,0.725,0.739,0.705,0.727,-0.005471956224350261,0.031205673758865293,0.737,0.76,0.771,0.014473684210526416,0.756,0.692,0.73,0.054913294797687806
IN URB MT,Price per ml,WOW,2.068,2.139,2.112,2.09,1.892,1.635,1.551,1.558,1.574,1.647,1.682,1.722,1.875,1.694,1.79,1.656,1.556,2.311,1.954,1.626,1.471,1.491,1.459,1.409,1.468,1.351,1.326,1.444,1.402,1.453,1.428,1.19,1.538,1.368,1.231,1.183,1.641,0.11784741144414168,0.38715131022823335,1.759,1.678,1.963,1.473,1.41,1.394,1.354,1.384,-0.060420909708078896,0.02215657311669106,1.749,1.445,1.289,-0.10795847750865062,1.761,1.635,1.374,-0.15963302752293573
IN URB MT,Price per ml,THE DERMA CO,,,,,3.45,0.0,,,3.212,0.0,3.129,3.069,2.891,2.567,2.621,2.838,2.782,2.703,2.794,2.565,2.836,2.593,2.709,2.619,2.591,2.587,2.311,2.25,2.601,2.613,2.48,2.531,2.523,2.546,2.025,1.906,2.341,-0.09648784253184095,0.2282266526757608,2.759,2.73,2.69,2.703,2.596,2.431,2.529,2.328,-0.1387347391786904,-0.07947805456702262,3.046,2.641,2.067,-0.21734191594093144,3.098,2.665,2.294,-0.13921200750469043
IN URB MT,Price per ml,SIMPLE,2.09,1.823,2.334,2.278,2.196,1.98,2.09,2.214,2.231,2.202,2.305,2.329,2.347,2.473,2.295,2.534,2.567,2.44,1.63,1.463,1.468,1.891,1.862,1.835,1.604,1.77,1.718,1.919,1.766,1.447,1.692,1.942,1.717,1.671,1.88,1.857,1.65,0.02867830423940143,-0.11147011308562205,2.376,2.468,1.622,1.765,1.719,1.804,1.664,1.757,-0.004532577903682777,0.05588942307692313,2.325,1.736,1.78,0.025345622119815614,2.198,1.806,1.74,-0.03654485049833889
IN URB MT,Price per ml,DOT & KEY,2.948,2.936,2.491,2.442,2.338,2.347,2.425,2.44,2.569,2.405,2.257,2.238,2.231,2.211,2.222,2.227,2.113,2.124,2.358,2.358,2.241,2.305,2.359,1.976,2.031,2.218,2.148,2.265,2.195,2.179,2.162,2.225,2.175,2.208,2.221,2.2,2.22,0.09305760709010347,0.009090909090909038,2.234,2.217,2.35,2.335,2.15,2.201,2.198,2.203,-0.056531049250535426,0.0022747952684258888,2.24,2.129,2.214,0.039924847346171966,2.416,2.227,2.205,-0.009878760664571051
IN URB MT,Price per ml,JOVEES,1.721,1.727,1.713,1.765,1.763,1.776,1.779,1.762,1.751,1.809,1.767,1.765,1.766,1.767,1.784,1.759,1.772,1.771,1.777,1.74,1.735,1.656,1.721,1.737,1.725,1.655,1.666,1.697,1.698,1.715,1.712,1.678,1.708,1.768,1.651,1.753,1.746,0.012173913043478146,-0.003993154592127679,1.766,1.772,1.761,1.702,1.707,1.685,1.701,1.707,0.00293772032902484,0.003527336860670305,1.766,1.728,1.716,-0.00694444444444442,1.762,1.743,1.701,-0.02409638554216864
IN URB MT,Price per ml,AHAGLOW,5.525,3.641,3.869,3.789,3.93,3.544,4.033,3.585,4.164,4.489,4.489,4.489,5.12,,,,,,0.744,3.011,3.543,3.655,4.426,1.543,3.749,1.232,3.702,1.349,0.703,2.176,2.719,1.695,3.486,5.13,1.13,0.865,5.537,0.4769271805814883,5.401156069364162,4.723,,2.181,3.669,2.538,1.81,1.774,4.534,0.23575906241482691,1.5558060879368658,4.631,3.509,1.355,-0.6138500997435167,4.019,2.926,1.967,-0.3277511961722488
IN URB MT,Price per ml,CETAPHIL,,,4.068,4.068,4.835,4.068,,,5.63,4.446,4.42,4.123,4.389,4.564,3.911,3.814,3.948,5.582,4.423,4.239,4.462,4.512,4.285,4.389,4.612,4.18,4.914,6.006,4.395,3.932,4.376,4.593,4.141,3.704,3.02,3.691,3.668,-0.204683434518647,-0.00623137361148729,4.38,3.907,4.646,4.431,4.369,5.437,4.164,3.268,-0.26246896863010616,-0.2151777137367915,4.299,4.436,3.427,-0.22745716862037868,4.362,4.419,3.524,-0.20253451007015155
IN URB MT,Price per ml,MINIMALIST,2.924,2.971,2.893,2.843,2.539,2.334,1.796,2.378,2.925,2.533,2.881,2.897,2.903,2.875,2.53,1.894,2.893,2.862,2.884,2.874,2.903,2.927,2.936,2.94,2.883,2.987,2.911,2.877,2.786,2.46,2.582,2.721,2.703,2.705,1.844,2.697,2.661,-0.07700312174817903,-0.013348164627363768,2.893,2.425,2.873,2.92,2.942,2.848,2.593,2.342,-0.19794520547945205,-0.09679907443116076,2.894,2.923,2.381,-0.18542593226137538,2.613,2.766,2.537,-0.0827910339840926
IN URB MT,Price per ml,CERAVE,,,,,,,,,,,,,,,,,,,,,,,,,,,4.629,0.0,4.629,0.0,,,4.645,3.745,4.276,3.753,4.232,,0.12763122835065288,,,,,,4.629,0.0,3.9,,,,,3.982,,,,4.281,
IN URB MT,Price per ml,NIVEA MEN,,,,,,2.419,2.438,2.65,2.651,2.65,2.65,2.642,2.494,0.0,2.65,2.647,2.65,0.0,0.0,,2.65,0.0,0.0,,,,,,2.5,0.0,2.649,2.501,2.847,2.508,0.0,,2.822,,,2.582,2.65,0.0,2.65,,2.5,2.504,2.657,0.0026415094339622414,0.0611022364217253,2.607,0.0,2.822,,2.587,2.65,2.628,-0.008301886792452806
IN URB MT,Number of Stores Retailing,FACE WASH,21275.308,21200.062,21565.876,21820.939,21975.889,21650.538,22180.901,21748.031,21456.777,21619.41,21559.542,21241.071,21109.349,21165.229,20814.005,20671.978,20692.258,20416.79,20369.495,20307.912,20707.673,20799.289,20657.089,20958.576,20915.743,21317.93,21602.925,21837.309,22154.368,22135.373,22228.613,21935.795,22206.267,22228.24,22129.785,22658.916,22611.683,0.0810843774471699,-0.002084521607300216,21805.621,21262.756,20878.916,21191.52,21621.097,22131.044,22619.292,22483.417,0.06096292290501104,-0.006007040361829197,21879.521,21273.452,22746.165,0.06922773981392383,22675.824,21671.779,22649.645,0.0451216303008628
IN URB MT,Number of Stores Retailing,MAMAEARTH,7131.761,7661.711,8049.394,7873.207,7695.206,8203.416,8013.617,8066.384,8248.811,9154.41,8699.337,9359.049,9744.688,10084.487,10238.568,10019.841,9167.553,8965.145,9349.512,9535.175,9905.715,10742.604,10006.763,10425.791,10485.903,10544.036,10502.607,10739.876,11268.128,12143.951,12352.134,12201.324,12876.505,13022.856,13170.679,13096.907,13132.352,0.252381602233017,0.0027063641820164186,11740.77,11488.324,10878.152,12201.048,11660.522,12088.017,13301.551,14620.209,0.1982748531109786,0.09913565718764694,11067.922,11604.684,14320.484,0.23402619149302128,12661.067,13854.739,15624.241,0.1277181764304618
IN URB MT,Number of Stores Retailing,HIMALAYA,19067.629,19579.965,19209.685,19178.739,19832.948,20079.725,20124.857,20023.758,19658.204,19302.088,19277.904,19885.261,19572.305,19630.845,19122.15,18898.123,18201.037,18458.681,18785.153,18347.55,18128.589,19029.337,18501.069,18209.213,19237.551,19597.229,19532.914,19807.079,19274.133,20454.164,19644.203,19595.606,19629.581,20367.566,20376.783,20376.501,20102.827,0.04497849024545797,-0.013430863326338471,20667.498,19858.527,19225.695,19805.335,20370.771,20717.12,21478.964,20847.481,0.05261945834291626,-0.029400067898991744,20740.727,19801.604,21001.164,0.06057893087852895,21594.674,20634.34,21833.801,0.05812936105540567
IN URB MT,Number of Stores Retailing,GARNIER,16159.789,16025.016,16034.23,16235.34,16893.999,16990.621,16465.254,17132.573,16087.619,16681.188,16747.023,16458.858,16225.725,15992.77,15734.967,14825.367,14597.586,15711.372,15759.531,15877.243,14915.198,15799.244,15955.415,16256.88,15395.725,16768.118,15462.73,15669.046,15413.466,15677.154,15575.685,15902.067,16351.193,16485.099,16531.31,17042.195,16528.429,0.0735726313635765,-0.030146703520291807,17446.028,16837.364,16653.829,16727.9,17529.192,17222.294,16741.31,18028.289,0.07773773157419628,0.07687445008783667,17466.002,17223.384,18262.814,0.06034992891060198,18863.634,18132.793,19500.248,0.07541336847555691
IN URB MT,Number of Stores Retailing,POND'S,17047.764,17053.661,17108.216,17387.261,17190.43,17341.962,17293.951,17316.746,17089.331,16681.245,17109.512,16051.515,17424.94,16225.373,16643.953,16022.761,16035.959,16035.288,15890.203,15883.055,16110.243,16296.145,16430.248,16671.81,17227.636,17403.929,17405.792,17294.721,17914.408,17779.098,18090.315,18195.521,18481.863,19072.273,19046.049,18231.251,18816.028,0.09220022990966381,0.03207552789438295,18595.319,17578.276,16919.973,17123.785,17978.825,19217.844,19462.933,20051.234,0.170958056294213,0.03022673920729213,18793.671,17723.141,20226.513,0.14124877751635556,20333.075,18363.844,20679.27,0.1260861288083257
IN URB MT,Number of Stores Retailing,CLEAN & CLEAR,15687.353,15681.331,15442.85,14703.563,15823.367,15900.506,15522.302,15184.216,15202.975,15031.665,14655.09,15039.974,14414.472,13989.841,13926.785,14354.004,14443.251,14164.121,14604.367,14003.094,14891.986,14588.332,14947.627,14284.364,15088.535,14790.035,15106.91,15190.713,15368.973,14557.552,15305.239,15364.886,15640.515,16331.234,16597.378,16478.982,15797.133,0.046962677291068955,-0.04137688845099774,16203.502,15941.342,15954.305,16091.107,16256.946,17370.691,17483.743,18191.487,0.13053048494426145,0.04048011915983918,16259.824,16264.852,18121.375,0.11414324581619306,18889.734,17469.055,19242.673,0.10152913251460927
IN URB MT,Number of Stores Retailing,GLOW & LOVELY,6943.614,7373.652,6845.529,7154.191,7041.227,7341.674,6733.098,6367.242,6778.729,6656.7,7586.967,7288.643,8310.317,7422.631,7420.299,7441.313,6903.727,6662.931,7163.665,7291.065,8606.434,8625.451,8060.444,7795.467,8142.515,8837.326,9195.532,9364.497,9674.422,9557.517,9945.223,10699.708,9585.673,9745.382,9445.647,8730.878,8594.118,0.055462347935496537,-0.015663945825379777,10418.725,9380.333,9419.671,11115.297,11201.122,12391.064,13337.41,12773.187,0.14915390924776895,-0.04230379061601919,9953.421,10998.842,12790.779,0.1629205147232773,11693.581,13446.464,15706.681,0.1680900644213974
IN URB MT,Number of Stores Retailing,PATANJALI,7584.617,7261.664,7898.783,7853.337,8858.36,8768.781,8466.24,8564.999,8904.673,8281.995,7931.218,8228.704,7634.618,7856.527,7743.204,7696.415,7755.306,7159.601,7959.23,8183.349,8330.501,8628.882,8207.194,7383.019,6945.258,6859.014,6369.716,6187.834,6610.406,5945.25,6194.597,6922.109,7135.739,6875.089,6847.227,6700.601,6715.767,-0.03304283296603239,0.0022633790610722127,9337.97,9080.571,9146.266,9701.988,9026.337,8373.708,8405.771,8511.216,-0.12273484568317328,0.01254435791791142,9414.759,9669.011,8264.035,-0.14530710534924418,11294.831,10903.568,10518.009,-0.03536081033291116
IN URB MT,Number of Stores Retailing,LAKME,10200.193,10794.746,11200.726,11272.951,10348.113,10893.984,10841.186,10375.414,10136.44,10026.989,9903.172,9772.448,9388.935,9348.487,8844.433,8611.994,8145.783,8007.52,8251.847,9103.316,10017.697,9692.267,9752.025,9382.513,9423.39,9550.91,9251.565,9321.335,9477.268,8807.415,9558.642,10025.241,9762.124,10561.047,10082.042,9700.386,8396.514,-0.10897097541330669,-0.13441444495095367,11648.472,10795.363,10731.099,11960.845,11409.472,11647.367,11577.24,12677.161,0.059888410894046507,0.09500718651422968,11848.025,11430.513,12048.046,0.05402495933472107,16122.022,13825.704,15271.002,0.10453702755389527
IN URB MT,Number of Stores Retailing,JOY,6052.265,6229.834,7197.09,7895.355,8127.869,8359.272,8347.193,8295.789,8570.838,8834.803,8611.365,8701.369,8315.071,8198.947,8238.057,7938.356,8128.036,7964.52,8085.253,8781.993,8979.058,9195.426,9106.842,9244.563,9284.761,9270.186,9383.909,9479.37,9787.51,9528.34,9826.923,10018.714,9849.87,9741.096,9778.368,9277.262,8874.431,-0.044193921631369926,-0.043421324093250835,9300.277,8959.126,9373.646,9957.3,10291.622,10577.538,10923.585,10991.497,0.10386319584626347,0.006217006596277663,9398.602,10208.898,10944.637,0.07206840542436632,10412.281,10627.438,11981.168,0.127380653737994
IN URB MT,Number of Stores Retailing,NIVEA,14917.597,14878.767,14924.116,15242.53,15294.104,14872.247,14343.28,14251.456,14468.583,14589.12,14023.598,13723.355,14099.951,14103.359,14106.3,13541.391,13388.015,13778.761,13881.15,12976.133,13363.157,12939.157,13078.081,12847.01,12920.125,12830.151,12716.438,13210.577,13105.629,12374.961,13221.1,13481.145,13053.203,12899.888,13335.194,12535.129,11569.743,-0.10451771944930865,-0.07701444476558639,15695.716,15284.521,14999.303,14568.348,14470.232,14884.712,15083.014,14914.813,0.02378203760646036,-0.011151683609124774,15728.57,14451.601,14603.597,0.010517589020067719,18124.082,16568.839,16746.208,0.010704974560981517
IN URB MT,Number of Stores Retailing,LOTUS,3852.679,3856.84,3955.415,3685.971,3368.024,3834.68,3666.307,3772.681,3367.461,3289.803,2992.017,2665.629,2564.59,2699.706,2399.195,2536.321,2917.666,2916.39,2712.578,2916.965,3196.706,3599.925,4015.317,4116.893,4204.1,4335.252,4088.952,4200.091,4273.056,4263.877,4533.769,5061.971,4400.901,4637.282,4608.58,3820.047,3110.043,-0.26023572227111635,-0.18586263467439013,3756.599,3661.872,3844.001,5101.264,5768.488,5682.155,6297.758,6183.968,0.21224229916350135,-0.018068334794699936,3736.253,5714.666,5485.661,-0.04007320812799908,6438.128,7001.962,8117.724,0.15934990792580694
IN URB MT,Number of Stores Retailing,VLCC,5709.665,5361.984,6036.169,6218.254,5815.373,6207.874,6058.118,5874.166,5833.812,5756.936,5470.694,5448.474,5036.685,4855.425,5441.174,5279.941,5127.857,4715.057,4772.929,4728.713,5357.798,5582.782,5760.726,5799.649,6071.938,6215.08,5862.845,5846.089,5808.959,5576.63,5780.053,5591.742,4780.006,4850.313,4999.304,3911.827,3197.653,-0.4733719283694926,-0.18256788963315618,6888.752,6961.975,6453.913,7455.14,7473.338,7563.224,7166.161,6336.814,-0.15000737746038306,-0.11573100297355865,6980.574,7408.48,5712.739,-0.22889189145411748,9258.149,9859.637,9163.162,-0.0706390103408473
IN URB MT,Number of Stores Retailing,EVERYUTH,7150.736,6847.307,7560.455,7438.711,7073.609,7695.126,7287.671,7837.234,9180.512,8909.765,8763.552,8436.402,8853.597,8250.132,8548.596,8230.785,8327.529,7865.352,8311.138,7878.88,7920.457,8060.98,7648.207,7409.789,7943.348,8325.276,7866.653,8240.457,8237.066,7783.053,7996.707,8450.154,8020.111,7678.805,7526.324,6803.531,6642.093,-0.16381694469384955,-0.023728560948719113,11223.228,10643.989,10455.38,10006.79,10145.589,10206.398,10314.964,10417.491,0.04104223232425164,0.009939637210561347,11456.742,10103.769,9617.359,-0.04814144108005636,14149.903,13285.816,13472.858,0.0140783223251022
IN URB MT,Number of Stores Retailing,BIOTIQUE,2810.501,4152.087,4375.369,3962.122,3819.472,3846.577,4042.165,4939.269,5494.736,5191.249,5292.335,5542.631,5463.964,5219.769,5317.494,5178.335,5096.086,4799.404,5151.438,5709.09,6250.018,6748.248,6714.031,6682.792,6326.363,6394.137,6336.983,5976.447,6320.47,6295.047,6168.506,6485.724,5744.887,5656.597,5444.535,4854.081,4755.302,-0.2483355760647944,-0.020349681020980226,6578.576,6082.483,6466.105,7513.254,7556.068,7543.251,7771.315,7052.057,-0.06138445472494347,-0.09255293344820015,6706.107,7546.706,6821.843,-0.0960502502681303,7776.738,8393.799,8878.02,0.05768794320664572
IN URB MT,Number of Stores Retailing,MEDIMIX,2342.128,2454.141,2691.629,2702.287,2501.885,2647.544,2425.845,2933.815,3728.764,3714.865,3902.019,4007.152,3642.91,3305.354,3194.239,3253.811,3044.71,2921.137,3034.282,3296.616,3474.518,3561.751,3272.903,3400.286,3633.452,3529.932,3329.966,3342.503,3633.853,3259.517,3306.999,3080.544,2722.088,2667.585,2651.46,2266.027,2386.193,-0.34327108215548185,0.05302937696682353,4554.541,3887.197,3951.636,4096.877,4082.573,4199.663,3815.666,3285.911,-0.19794736332089058,-0.13883683739614527,4812.973,4040.793,3128.832,-0.225688621020676,5759.614,5170.094,5032.19,-0.026673402843352623
IN URB MT,Number of Stores Retailing,WOW,2568.689,2756.142,2743.448,2562.652,2600.129,2506.032,2416.349,2567.557,2266.975,2521.609,2493.175,2628.423,2228.926,2484.925,2449.519,2341.324,2256.516,2109.266,2030.907,2045.948,1849.894,2096.519,2106.647,2052.147,1946.14,2077.638,2096.421,2415.399,2417.021,2422.342,2532.064,2448.093,2231.853,2098.244,1930.611,1179.836,836.568,-0.5701398666077466,-0.2909455212419353,3037.812,2967.318,2544.871,2649.011,2464.503,3000.154,3296.743,3183.769,0.20187081140848417,-0.0342683672946299,3074.49,2473.515,2392.401,-0.032793009138816664,3674.6,3560.706,4276.218,0.20094666619485002
IN URB MT,Number of Stores Retailing,THE DERMA CO,,,,,17.2,0.0,,,68.714,0.0,69.071,60.057,30.714,72.029,52.857,27.286,27.167,9.0,45.967,32.3,219.967,149.952,365.193,381.1,327.589,501.183,789.03,704.722,938.352,990.018,1211.513,1059.611,1055.676,1180.531,1494.936,1644.376,1675.805,4.115571646178596,0.019113025244834603,73.114,69.262,76.711,500.161,692.509,1151.715,1451.984,1819.163,2.637154836142762,0.25288088573978773,117.526,631.538,2186.844,2.462727500166261,122.864,730.217,2421.506,2.316145748455596
IN URB MT,Number of Stores Retailing,SIMPLE,185.061,191.751,241.981,320.033,422.486,518.156,516.792,424.862,482.741,453.142,370.079,330.997,280.341,298.025,354.832,291.373,268.96,176.333,668.365,672.025,570.012,668.078,1668.875,1623.861,1678.593,1750.52,1970.358,2271.152,3106.221,3397.614,3639.59,3227.118,3804.11,4340.12,5219.17,5315.288,5950.172,2.5447377654976515,0.11944489179137618,452.168,454.33,789.799,1742.745,2000.589,3442.67,4391.599,6038.788,2.4651013200439538,0.3750772782305487,390.396,2033.803,7007.61,2.4455697036536965,680.425,2097.807,7294.912,2.477399017164115
IN URB MT,Number of Stores Retailing,DOT & KEY,74.906,84.833,107.237,91.833,86.333,94.833,68.333,64.833,35.433,35.0,47.333,74.242,45.027,36.667,41.333,27.167,23.0,13.667,70.667,93.467,15.0,85.033,76.4,46.5,76.267,155.083,215.167,283.333,247.667,281.183,247.633,306.167,536.829,616.232,563.985,735.994,651.355,7.540456553948628,-0.11499957880091416,77.992,40.384,108.089,161.233,144.978,312.833,374.961,704.706,3.3707305576401856,0.8794114587917143,80.592,106.389,819.541,6.703249396084183,138.374,204.772,846.966,3.1361416599925773
IN URB MT,Number of Stores Retailing,JOVEES,504.553,520.407,482.749,461.732,467.466,462.232,488.87,496.961,527.192,497.347,533.322,489.466,471.496,486.125,462.325,506.437,516.245,527.129,636.674,626.351,562.325,643.078,602.694,540.172,532.494,598.328,746.156,676.272,655.036,825.093,680.006,696.946,843.866,870.546,593.271,733.817,667.877,0.254243240299421,-0.08985891577872962,514.97,545.397,689.468,663.321,647.304,863.453,916.245,946.26,0.4265491368432477,0.03275870536810577,535.186,642.361,852.212,0.3266870186701871,667.654,768.346,1093.912,0.4237231663859773
IN URB MT,Number of Stores Retailing,AHAGLOW,15.333,23.467,24.0,24.422,24.956,8.6,25.489,25.178,8.2,8.2,8.0,7.8,7.6,,,,,,16.0,29.0,21.0,19.0,3.0,3.0,26.889,13.967,30.778,7.0,24.0,8.0,4.0,13.583,5.0,27.625,3.0,4.0,0.774,-0.9712149949793596,-0.8065,5.133,,29.0,25.0,42.915,57.258,17.583,30.583,0.22331999999999996,0.739350509014389,7.8,32.963,4.924,-0.8506203925613567,40.854,82.901,78.656,-0.05120565493781726
IN URB MT,Number of Stores Retailing,CETAPHIL,,,62.273,62.364,126.454,62.727,,,28.8,22.0,18.0,21.0,24.0,22.0,25.0,23.0,25.0,29.0,35.0,28.0,52.0,38.0,31.0,37.0,52.25,119.533,121.917,126.636,131.25,130.5,38.821,160.667,292.948,634.712,781.794,1171.45,1133.355,20.691004784688996,-0.03251952708182171,24.0,31.0,49.0,55.0,122.567,205.972,229.667,983.233,16.876963636363634,3.281124410559636,24.0,53.167,1381.938,24.99240130155924,94.384,76.418,1405.143,17.387591928603207
IN URB MT,Number of Stores Retailing,MINIMALIST,177.358,103.0,98.936,97.556,82.556,97.111,131.142,80.806,45.967,42.0,29.0,31.0,41.522,23.0,62.4,65.333,26.0,42.729,42.2,48.2,64.2,61.833,45.0,36.0,38.0,51.2,51.508,119.083,163.496,215.195,226.336,421.637,440.533,437.463,538.717,737.596,641.133,15.871921052631581,-0.1307802645350571,43.803,88.916,53.033,88.1,52.067,233.293,481.372,651.785,6.398240635641317,0.3540151899154915,45.422,53.0,1005.46,17.970943396226417,227.644,134.395,1076.304,7.00851222143681
IN URB MT,Number of Stores Retailing,CERAVE,,,,,,,,,,,,,,,,,,,,,,,,,,,54.0,0.0,53.667,0.0,,,18.0,25.0,26.0,26.0,26.097,,0.003730769230769315,,,,,,53.778,0.0,26.0,,,,,26.696,,,,80.406,
IN URB MT,Number of Stores Retailing,NIVEA MEN,,,,,,12.0,12.0,12.0,10.133,10.0,7.0,16.0,10.0,0.0,3.0,1.0,1.0,0.0,0.0,,1.0,0.0,0.0,,,,,,44.667,0.0,5.536,53.0,54.929,86.667,0.0,,65.333,,,16.0,4.0,0.0,1.0,,44.667,50.978,100.952,99.952,0.9803052297069323,16.0,0.0,65.0,,17.913,4.0,138.412,33.603
IN URB MT,Relative Numeric Distribution Handling,FACE WASH,100.0,100.0,100.0,100.0,100.0,100.0,100.0,100.0,100.0,100.0,100.0,100.0,100.0,100.0,100.0,100.0,100.0,100.0,100.0,100.0,100.0,100.0,100.0,100.0,100.0,100.0,100.0,100.0,100.0,100.0,100.0,100.0,100.0,100.0,100.0,100.0,100.0,0.0,0.0,100.0,100.0,100.0,100.0,100.0,100.0,100.0,100.0,0.0,0.0,100.0,100.0,100.0,0.0,100.0,100.0,100.0,0.0
IN URB MT,Relative Numeric Distribution Handling,MAMAEARTH,33.521,36.14,37.325,36.081,35.017,37.89,36.129,37.09,38.444,42.343,40.35,44.061,46.163,47.647,49.191,48.471,44.304,43.911,45.9,46.953,47.836,51.649,48.442,49.745,50.134,49.461,48.617,49.181,50.862,54.862,55.569,55.623,57.986,58.587,59.516,57.8,58.078,794.4000000000003,27.80000000000058,53.843,54.03,52.101,57.575,53.931,54.62,58.806,65.027,745.1999999999998,622.1000000000004,50.586,54.55,62.958,840.8000000000002,55.835,63.93,68.982,505.19999999999993
IN URB MT,Relative Numeric Distribution Handling,HIMALAYA,89.623,92.358,89.074,87.891,90.249,92.745,90.731,92.072,91.618,89.281,89.417,93.617,92.719,92.75,91.872,91.419,87.961,90.409,92.222,90.347,87.545,91.49,89.563,86.882,91.976,91.928,90.418,90.703,86.999,92.405,88.374,89.332,88.397,91.629,92.079,89.927,88.905,-307.0999999999998,-102.20000000000056,94.781,93.396,92.082,93.459,94.217,93.611,94.959,92.724,-73.49999999999994,-223.49999999999994,94.795,93.081,92.328,-75.30000000000001,95.232,95.213,96.398,118.50000000000023
IN URB MT,Relative Numeric Distribution Handling,GARNIER,75.956,75.59,74.35,74.403,76.875,78.477,74.232,78.778,74.977,77.158,77.678,77.486,76.865,75.561,75.598,71.717,70.546,76.953,77.368,78.183,72.027,75.96,77.239,77.567,73.608,78.657,71.577,71.754,69.573,70.824,70.07,72.494,73.633,74.163,74.702,75.212,73.097,-51.10000000000099,-211.5000000000009,80.007,79.187,79.764,78.937,81.075,77.82,74.013,80.185,124.80000000000047,617.1999999999997,79.828,80.962,80.29,-67.1999999999997,83.188,83.67,86.095,242.49999999999972
IN URB MT,Relative Numeric Distribution Handling,POND'S,80.129,80.442,79.33,79.681,78.224,80.1,77.968,79.624,79.645,77.159,79.359,75.568,82.546,76.66,79.965,77.51,77.497,78.54,78.01,78.211,77.798,78.35,79.538,79.546,82.367,81.64,80.572,79.198,80.862,80.32,81.383,82.949,83.228,85.802,86.065,80.46,83.214,84.69999999999942,275.4000000000005,85.278,82.672,81.039,80.805,83.154,86.837,86.046,89.182,837.6999999999996,313.59999999999957,85.896,83.311,88.923,561.1999999999995,89.668,84.736,91.301,656.4999999999998
IN URB MT,Relative Numeric Distribution Handling,CLEAN & CLEAR,73.735,73.968,71.608,67.383,72.003,73.442,69.981,69.819,70.854,69.529,67.975,70.806,68.285,66.098,66.911,69.437,69.8,69.375,71.697,68.954,71.915,70.139,72.361,68.155,72.14,69.378,69.93,69.563,69.372,65.766,68.854,70.045,70.433,73.471,75.0,72.726,69.863,-227.7000000000001,-286.29999999999995,74.309,74.973,76.413,75.932,75.19,78.49,77.296,80.911,497.8999999999999,361.4999999999995,74.315,76.456,79.668,321.20000000000033,83.303,80.607,84.958,435.0999999999999
IN URB MT,Relative Numeric Distribution Handling,GLOW & LOVELY,32.637,34.781,31.742,32.786,32.041,33.91,30.355,29.277,31.593,30.79,35.191,34.314,39.368,35.07,35.651,35.997,33.364,32.635,35.169,35.903,41.562,41.47,39.02,37.195,38.93,41.455,42.566,42.883,43.668,43.178,44.741,48.777,43.166,43.842,42.683,38.532,38.007,-92.30000000000018,-52.49999999999986,47.78,44.116,45.116,52.452,51.806,55.989,58.965,56.812,435.99999999999994,-215.30000000000058,45.492,51.702,56.233,453.0999999999999,51.569,62.046,69.346,730.0000000000005
IN URB MT,Relative Numeric Distribution Handling,PATANJALI,35.65,34.253,36.626,35.99,40.309,40.501,38.169,39.383,41.501,38.308,36.788,38.74,36.167,37.12,37.202,37.231,37.479,35.067,39.074,40.296,40.229,41.486,39.731,35.227,33.206,32.175,29.485,28.336,29.838,26.859,27.868,31.556,32.134,30.93,30.941,29.572,29.7,-350.60000000000036,12.800000000000011,42.824,42.706,43.806,45.782,41.748,37.837,37.162,37.855,-792.6999999999999,69.29999999999978,43.03,45.451,36.332,-911.9,49.81,50.312,46.438,-387.3999999999995
IN URB MT,Relative Numeric Distribution Handling,LAKME,47.944,50.919,51.937,51.661,47.089,50.317,48.876,47.707,47.241,46.38,45.934,46.007,44.478,44.169,42.493,41.66,39.366,39.22,40.511,44.826,48.377,46.599,47.209,44.767,45.054,44.802,42.825,42.685,42.778,39.789,43.002,45.703,43.961,47.512,45.559,42.81,37.133,-792.0999999999999,-567.6999999999999,53.42,50.771,51.397,56.442,52.77,52.629,51.183,56.385,-5.700000000000216,520.1999999999998,54.151,53.731,52.967,-76.40000000000029,71.098,63.796,67.423,362.7000000000003
IN URB MT,Relative Numeric Distribution Handling,JOY,28.447,29.386,33.373,36.182,36.985,38.61,37.632,38.145,39.945,40.865,39.942,40.965,39.391,38.738,39.579,38.401,39.281,39.01,39.693,43.244,43.361,44.21,44.086,44.109,44.391,43.485,43.438,43.409,44.179,43.046,44.208,45.673,44.356,43.823,44.187,40.943,39.247,-514.3999999999999,-169.5999999999998,42.651,42.135,44.895,46.987,47.6,47.795,48.293,48.887,189.99999999999986,59.40000000000012,42.956,47.989,48.116,12.700000000000244,45.918,49.038,52.898,386.0000000000007
IN URB MT,Relative Numeric Distribution Handling,NIVEA,70.117,70.183,69.203,69.853,69.595,68.692,64.665,65.53,67.431,67.482,65.046,64.608,66.795,66.635,67.773,65.506,64.701,67.487,68.147,63.897,64.532,62.21,63.31,61.297,61.772,60.185,58.864,60.495,59.156,55.906,59.478,61.457,58.782,58.034,60.259,55.321,51.167,-1060.4999999999998,-415.39999999999964,71.98,71.884,71.84,68.746,66.926,67.257,66.682,66.337,-240.89999999999918,-34.499999999999886,71.887,67.933,64.203,-373.0000000000004,79.927,76.454,73.936,-251.79999999999865
IN URB MT,Relative Numeric Distribution Handling,LOTUS,18.109,18.193,18.341,16.892,15.326,17.712,16.529,17.347,15.694,15.217,13.878,12.549,12.149,12.755,11.527,12.269,14.1,14.284,13.317,14.364,15.437,17.308,19.438,19.643,20.1,20.336,18.928,19.234,19.288,19.263,20.396,23.076,19.818,20.862,20.825,16.859,13.754,-634.6000000000001,-310.5000000000002,17.228,17.222,18.411,24.072,26.68,25.675,27.842,27.505,343.29999999999995,-33.699999999999974,17.076,26.863,24.117,-274.59999999999985,28.392,32.309,35.84,353.1000000000006
IN URB MT,Relative Numeric Distribution Handling,VLCC,26.837,25.292,27.989,28.497,26.462,28.673,27.312,27.01,27.189,26.629,25.375,25.651,23.86,22.941,26.142,25.541,24.782,23.094,23.432,23.285,25.873,26.841,27.887,27.672,29.03,29.154,27.139,26.771,26.22,25.193,26.003,25.491,21.526,21.82,22.591,17.264,14.142,-1488.8000000000002,-312.2,31.592,32.743,30.911,35.18,34.565,34.175,31.682,28.184,-699.5999999999999,-349.7999999999997,31.905,34.825,25.115,-971.0000000000005,40.828,45.495,40.456,-503.8999999999994
IN URB MT,Relative Numeric Distribution Handling,EVERYUTH,33.611,32.298,35.057,34.09,32.188,35.542,32.856,36.036,42.786,41.212,40.648,39.717,41.942,38.98,41.071,39.816,40.245,38.524,40.802,38.797,38.249,38.756,37.025,35.354,37.978,39.053,36.415,37.736,37.18,35.161,35.975,38.522,36.116,34.545,34.01,30.026,29.375,-860.3000000000002,-65.09999999999998,51.469,50.059,50.076,47.221,46.925,46.118,45.602,46.334,-88.69999999999933,73.20000000000064,52.363,47.495,42.281,-521.3999999999999,62.401,61.305,59.484,-182.0999999999998
IN URB MT,Relative Numeric Distribution Handling,BIOTIQUE,13.21,19.585,20.288,18.157,17.38,17.767,18.224,22.711,25.608,24.012,24.547,26.094,25.884,24.662,25.548,25.05,24.628,23.507,25.29,28.113,30.182,32.445,32.502,31.886,30.247,29.994,29.334,27.368,28.529,28.439,27.75,29.567,25.871,25.448,24.603,21.422,21.03,-921.6999999999998,-39.199999999999946,30.169,28.606,30.97,35.454,34.948,34.084,34.357,31.366,-408.80000000000007,-299.09999999999997,30.65,35.475,29.991,-548.4000000000002,34.295,38.731,39.197,46.60000000000011
IN URB MT,Relative Numeric Distribution Handling,MEDIMIX,11.009,11.576,12.481,12.384,11.385,12.229,10.937,13.49,17.378,17.183,18.099,18.865,17.257,15.617,15.347,15.74,14.714,14.307,14.896,16.233,16.779,17.124,15.844,16.224,17.372,16.558,15.414,15.306,16.402,14.725,14.877,14.043,12.258,12.001,11.981,10.001,10.553,-681.8999999999999,55.20000000000014,20.887,18.282,18.926,19.333,18.882,18.976,16.869,14.615,-471.79999999999984,-225.39999999999995,21.998,18.994,13.755,-523.8999999999999,25.4,23.856,22.218,-163.80000000000018
IN URB MT,Relative Numeric Distribution Handling,WOW,12.074,13.001,12.721,11.744,11.832,11.575,10.894,11.806,10.565,11.664,11.564,12.374,10.559,11.741,11.769,11.326,10.905,10.331,9.97,10.075,8.933,10.08,10.198,9.791,9.305,9.746,9.704,11.061,10.91,10.943,11.391,11.16,10.051,9.44,8.724,5.207,3.7,-560.5,-150.69999999999996,13.931,13.956,12.189,12.5,11.399,13.556,14.575,14.161,166.09999999999997,-41.39999999999997,14.052,11.627,10.518,-110.9,16.205,16.43,18.88,244.99999999999994
IN URB MT,Relative Numeric Distribution Handling,THE DERMA CO,,,,,0.078,0.0,,,0.32,0.0,0.32,0.283,0.145,0.34,0.254,0.132,0.131,0.044,0.226,0.159,1.062,0.721,1.768,1.818,1.566,2.351,3.652,3.227,4.236,4.473,5.45,4.83,4.754,5.311,6.755,7.257,7.411,584.5,15.399999999999991,0.335,0.326,0.367,2.36,3.203,5.204,6.419,8.091,573.1,167.19999999999996,0.537,2.969,9.614,664.5000000000001,0.542,3.369,10.691,732.2
IN URB MT,Relative Numeric Distribution Handling,SIMPLE,0.87,0.904,1.122,1.467,1.923,2.393,2.33,1.954,2.25,2.096,1.716,1.558,1.328,1.408,1.705,1.409,1.3,0.864,3.281,3.309,2.753,3.212,8.079,7.748,8.025,8.211,9.121,10.4,14.021,15.349,16.373,14.712,17.131,19.525,23.584,23.458,26.315,1829.0,285.7000000000003,2.074,2.137,3.783,8.224,9.253,15.556,19.415,26.859,1863.5000000000002,744.4000000000003,1.784,9.56,30.808,2124.7999999999997,3.001,9.68,32.208,2252.7999999999997
IN URB MT,Relative Numeric Distribution Handling,DOT & KEY,0.352,0.4,0.497,0.421,0.393,0.438,0.308,0.298,0.165,0.162,0.22,0.349,0.213,0.173,0.199,0.131,0.111,0.067,0.347,0.46,0.072,0.409,0.37,0.222,0.365,0.728,0.996,1.298,1.118,1.27,1.114,1.396,2.417,2.772,2.549,3.248,2.881,251.6,-36.700000000000045,0.358,0.19,0.518,0.761,0.67,1.413,1.658,3.134,237.29999999999998,147.6,0.368,0.5,3.603,310.3,0.61,0.945,3.739,279.4
IN URB MT,Relative Numeric Distribution Handling,JOVEES,2.372,2.455,2.239,2.116,2.127,2.135,2.204,2.285,2.457,2.3,2.474,2.304,2.234,2.297,2.221,2.45,2.495,2.582,3.126,3.084,2.716,3.092,2.918,2.577,2.546,2.807,3.454,3.097,2.957,3.728,3.059,3.177,3.8,3.916,2.681,3.239,2.954,40.80000000000004,-28.49999999999997,2.362,2.565,3.302,3.13,2.994,3.901,4.051,4.209,107.89999999999998,15.799999999999947,2.446,3.019,3.747,72.79999999999998,2.944,3.545,4.83,128.5
IN URB MT,Relative Numeric Distribution Handling,AHAGLOW,0.072,0.111,0.111,0.112,0.114,0.04,0.115,0.116,0.038,0.038,0.037,0.037,0.036,,,,,,0.079,0.143,0.101,0.091,0.015,0.014,0.129,0.066,0.142,0.032,0.108,0.036,0.018,0.062,0.022,0.124,0.014,0.018,0.003,-12.6,-1.5,0.024,,0.139,0.118,0.199,0.259,0.078,0.136,1.8000000000000016,5.800000000000001,0.036,0.155,0.022,-13.3,0.18,0.383,0.347,-3.600000000000003
IN URB MT,Relative Numeric Distribution Handling,CETAPHIL,,,0.289,0.286,0.575,0.29,,,0.134,0.102,0.084,0.099,0.114,0.104,0.12,0.111,0.121,0.142,0.172,0.138,0.251,0.183,0.15,0.176,0.25,0.561,0.564,0.58,0.592,0.59,0.175,0.732,1.319,2.855,3.533,5.17,5.012,476.19999999999993,-15.800000000000036,0.11,0.146,0.235,0.26,0.567,0.931,1.015,4.373,411.30000000000007,335.80000000000007,0.11,0.25,6.075,582.5,0.416,0.353,6.204,585.1
IN URB MT,Relative Numeric Distribution Handling,MINIMALIST,0.834,0.486,0.459,0.447,0.376,0.449,0.591,0.372,0.214,0.194,0.135,0.146,0.197,0.109,0.3,0.316,0.126,0.209,0.207,0.237,0.31,0.297,0.218,0.172,0.182,0.24,0.238,0.545,0.738,0.972,1.018,1.922,1.984,1.968,2.434,3.255,2.835,265.3,-41.99999999999999,0.201,0.418,0.254,0.416,0.241,1.054,2.128,2.899,248.3,77.1,0.208,0.249,4.42,417.1,1.004,0.62,4.752,413.2
IN URB MT,Relative Numeric Distribution Handling,CERAVE,,,,,,,,,,,,,,,,,,,,,,,,,,,0.25,0.0,0.242,0.0,,,0.081,0.113,0.117,0.115,0.115,,0.0,,,,,,0.243,0.0,0.116,,,,,0.117,,,,0.355,
IN URB MT,Relative Numeric Distribution Handling,NIVEA MEN,,,,,,0.055,0.054,0.055,0.047,0.046,0.033,0.075,0.047,0.0,0.014,0.005,0.005,0.0,0.0,,0.005,0.0,0.0,,,,,,0.202,0.0,0.025,0.242,0.247,0.39,0.0,,0.289,,,0.073,0.019,0.0,0.005,,0.202,0.225,0.449,44.4,22.400000000000002,0.073,0.0,0.286,,0.079,0.018,0.611,59.3
IN URB MT,Wghtd Dist Handling,FACE WASH,100.0,100.0,100.0,100.0,100.0,100.0,100.0,100.0,100.0,100.0,100.0,100.0,100.0,100.0,100.0,100.0,100.0,100.0,100.0,100.0,100.0,100.0,100.0,100.0,100.0,100.0,100.0,100.0,100.0,100.0,100.0,100.0,100.0,100.0,100.0,100.0,100.0,0.0,0.0,100.0,100.0,100.0,100.0,100.0,100.0,100.0,100.0,0.0,0.0,100.0,100.0,100.0,0.0,100.0,100.0,100.0,0.0
IN URB MT,Wghtd Dist Handling,MAMAEARTH,69.646,69.713,71.079,69.094,67.786,71.423,72.357,72.983,73.494,75.802,75.453,78.665,80.44,79.907,80.133,78.547,78.153,79.101,80.595,80.593,81.318,81.005,78.575,82.768,83.631,80.779,79.051,77.507,79.308,84.956,86.325,85.189,86.868,87.126,87.033,89.246,89.543,591.2000000000006,29.700000000001125,82.665,81.296,83.627,82.885,84.744,81.841,86.932,89.047,616.1999999999991,211.4999999999995,82.549,84.398,90.374,597.5999999999999,83.478,86.508,91.245,473.7000000000009
IN URB MT,Wghtd Dist Handling,HIMALAYA,98.544,98.511,98.447,98.114,98.552,98.322,98.769,98.813,99.546,99.624,99.502,99.511,99.448,99.574,99.395,98.94,99.052,99.187,99.345,99.18,99.43,99.516,99.402,99.232,99.089,98.942,98.549,98.352,98.57,98.899,99.589,99.615,99.44,99.548,99.288,99.496,99.442,35.29999999999944,-5.400000000000205,99.73,99.535,99.42,99.683,99.74,99.099,99.783,99.791,10.799999999998988,0.7999999999995566,99.77,99.623,99.642,1.8999999999991246,99.392,99.838,99.897,5.900000000001171
IN URB MT,Wghtd Dist Handling,GARNIER,92.262,92.488,92.246,90.762,90.926,92.776,93.124,92.99,91.881,91.831,91.627,91.655,91.771,91.341,90.27,89.683,90.583,90.959,92.56,91.912,90.794,91.461,89.01,90.519,91.222,91.105,88.958,88.772,88.433,89.464,90.024,88.686,89.138,89.93,87.579,88.468,90.53,-69.1999999999993,206.19999999999976,92.873,91.836,93.367,91.646,92.371,90.905,90.395,90.301,-134.4999999999999,-9.399999999999409,92.817,91.897,90.616,-128.1000000000006,94.806,93.995,93.143,-85.20000000000039
IN URB MT,Wghtd Dist Handling,POND'S,97.335,97.465,98.019,97.973,97.455,96.886,97.639,97.187,96.965,96.122,96.547,95.939,96.673,97.047,97.049,97.041,96.836,97.185,97.505,96.874,97.31,97.701,97.518,97.498,97.791,97.882,96.844,97.359,97.268,97.487,98.24,97.894,98.122,98.045,97.796,97.54,97.605,-18.599999999999284,6.499999999999773,97.956,98.339,98.284,98.025,98.266,98.719,98.592,98.805,78.00000000000011,21.300000000000807,97.666,98.188,98.583,39.4999999999996,99.037,98.732,99.316,58.40000000000032
IN URB MT,Wghtd Dist Handling,CLEAN & CLEAR,95.775,91.357,90.491,84.645,94.955,95.304,95.713,94.561,94.293,95.018,94.332,95.133,94.574,94.533,94.785,95.015,95.417,95.224,95.646,95.252,95.48,95.597,95.617,96.048,96.687,95.258,95.466,95.944,95.116,93.64,95.928,95.906,96.109,97.14,97.116,96.962,96.406,-28.09999999999917,-55.59999999999974,96.331,96.654,96.938,96.947,97.36,97.438,97.655,98.308,136.10000000000042,65.30000000000058,96.286,97.219,97.832,61.299999999999955,98.608,97.927,98.915,98.79999999999995
IN URB MT,Wghtd Dist Handling,GLOW & LOVELY,71.474,70.536,69.732,70.612,67.923,70.063,69.524,67.811,68.671,72.746,73.032,75.547,75.286,75.23,75.794,76.06,74.24,73.614,74.938,76.627,80.725,80.38,79.468,75.734,78.522,78.184,77.333,75.551,75.948,76.752,76.372,80.434,74.746,72.839,74.543,63.195,53.295,-2522.7000000000003,-989.9999999999999,79.21,79.817,80.897,86.65,84.1,84.644,86.381,82.227,-442.3000000000002,-415.39999999999964,79.081,87.031,81.309,-572.2000000000008,82.135,89.828,90.257,42.900000000000205
IN URB MT,Wghtd Dist Handling,PATANJALI,59.051,58.267,59.797,55.562,58.74,59.921,60.69,59.867,59.698,59.976,56.584,56.716,59.26,57.903,58.124,57.587,56.347,56.263,60.775,60.526,62.383,64.824,60.102,59.939,58.702,55.485,55.421,50.66,49.864,50.923,53.156,58.39,58.382,58.292,56.159,57.178,58.634,-6.799999999999784,145.6000000000003,61.478,60.036,63.043,65.967,63.943,58.357,61.033,60.723,-524.4,-31.000000000000227,61.674,65.698,59.727,-597.0999999999997,64.864,68.174,64.325,-384.9000000000004
IN URB MT,Wghtd Dist Handling,LAKME,86.769,86.527,88.511,88.724,84.681,85.38,85.168,83.905,84.968,84.507,84.689,84.011,84.324,84.257,83.732,81.716,78.42,79.942,80.248,84.02,84.095,83.608,82.672,81.823,82.387,80.708,77.0,78.758,78.075,77.299,81.102,79.332,75.226,79.193,78.951,77.805,77.524,-486.29999999999995,-28.10000000000059,88.631,88.126,87.725,88.389,87.022,84.096,84.326,83.598,-479.0999999999997,-72.79999999999944,88.424,87.258,82.42,-483.7999999999994,95.297,93.908,90.853,-305.5000000000007
IN URB MT,Wghtd Dist Handling,JOY,63.295,60.67,64.463,67.293,66.178,66.53,68.93,68.218,70.381,71.487,70.794,71.78,72.65,70.287,70.826,70.455,70.066,70.231,70.894,72.781,75.133,77.473,76.972,76.41,78.112,75.483,76.841,75.708,76.076,76.014,77.409,75.865,76.904,76.366,75.242,75.089,74.952,-315.99999999999966,-13.700000000000045,72.926,72.092,73.135,77.686,78.11,77.315,78.201,77.77,8.399999999998897,-43.09999999999974,73.051,78.59,77.527,-106.30000000000024,73.136,77.732,79.871,213.89999999999958
IN URB MT,Wghtd Dist Handling,NIVEA,93.289,91.405,92.535,92.592,93.968,93.839,93.18,93.388,93.434,94.233,93.523,92.967,92.595,92.715,92.817,91.333,89.565,92.165,93.479,89.07,91.332,91.096,90.406,90.088,90.131,89.38,88.695,86.158,86.593,87.114,88.942,87.434,87.159,86.354,86.636,85.301,84.062,-606.9000000000003,-123.90000000000043,94.762,94.107,94.318,93.463,92.158,90.958,90.663,89.158,-430.49999999999926,-150.49999999999955,95.461,92.339,88.323,-401.60000000000053,96.999,95.935,92.311,-362.3999999999995
IN URB MT,Wghtd Dist Handling,LOTUS,52.078,48.426,50.847,47.965,45.242,48.191,47.209,46.352,45.528,45.195,41.637,39.456,37.57,38.332,35.407,34.881,38.178,43.496,41.378,37.924,40.65,50.049,51.707,52.202,55.382,52.318,53.463,51.461,51.857,52.42,52.231,60.668,54.452,58.261,55.27,47.962,48.729,-665.2999999999998,76.69999999999959,43.946,42.319,47.647,56.595,61.412,58.135,65.383,62.088,549.3000000000002,-329.49999999999943,45.437,59.456,59.864,40.799999999999415,56.681,64.073,69.957,588.4000000000001
IN URB MT,Wghtd Dist Handling,VLCC,65.248,61.7,66.954,72.061,69.803,70.14,73.872,71.631,70.973,67.178,68.245,69.707,67.108,58.91,68.773,69.223,67.526,67.341,65.054,59.841,63.971,66.604,68.19,67.992,70.236,66.821,66.676,65.994,65.251,66.639,63.639,61.466,59.005,59.271,57.31,57.382,53.991,-1624.5000000000005,-339.0999999999998,74.466,75.644,72.809,74.09,75.105,73.876,69.817,63.464,-1062.6000000000004,-635.2999999999995,74.671,75.326,62.599,-1272.6999999999996,82.2,84.328,77.78,-654.8000000000002
IN URB MT,Wghtd Dist Handling,EVERYUTH,68.896,67.222,70.922,70.089,66.905,70.509,71.123,70.073,74.815,71.725,71.046,70.199,72.393,70.529,73.199,71.086,70.14,70.321,69.323,69.37,69.27,70.982,68.686,64.981,73.139,72.163,69.544,70.032,69.889,70.951,69.379,67.942,69.588,68.769,63.812,61.513,60.736,-1240.3,-77.7000000000001,77.325,77.78,77.398,76.204,80.529,74.708,76.654,74.608,-159.59999999999894,-204.59999999999923,77.371,81.54,68.138,-1340.2,86.176,88.299,86.844,-145.50000000000125
IN URB MT,Wghtd Dist Handling,BIOTIQUE,21.876,45.99,48.127,44.579,44.705,43.498,46.244,50.188,50.752,52.87,52.74,56.723,57.428,54.871,54.956,53.42,50.488,52.3,53.624,53.677,55.639,59.461,55.782,57.133,59.189,55.744,54.617,53.804,56.605,61.303,60.214,57.63,54.701,54.688,52.083,52.641,53.178,-601.1000000000003,53.6999999999999,59.039,56.487,56.407,59.02,59.511,58.503,62.979,57.532,-148.80000000000067,-544.7000000000003,59.142,59.524,56.036,-348.79999999999995,60.86,64.744,63.253,-149.09999999999997
IN URB MT,Wghtd Dist Handling,MEDIMIX,35.102,33.355,34.879,34.501,31.734,32.986,35.801,34.54,37.575,39.044,38.635,40.078,44.698,37.03,37.368,38.456,36.087,34.884,37.24,40.688,40.847,43.815,41.196,42.664,46.002,41.034,40.429,38.962,38.528,41.253,42.861,39.809,37.952,39.812,36.802,37.549,39.95,-605.1999999999999,240.10000000000034,45.847,40.669,42.582,44.509,45.36,41.153,43.549,40.045,-446.39999999999986,-350.39999999999975,46.509,45.945,40.175,-577.0000000000003,47.734,50.063,46.011,-405.19999999999993
IN URB MT,Wghtd Dist Handling,WOW,49.088,46.959,46.344,44.489,43.419,43.664,48.157,45.458,43.365,46.258,45.215,45.651,43.116,40.848,43.595,42.109,38.1,41.816,38.934,38.233,38.843,41.727,39.4,40.261,43.181,40.74,40.983,40.57,39.107,43.321,44.132,40.287,33.509,29.635,23.612,15.69,19.694,-2348.7,400.4,47.306,45.13,44.159,42.991,43.234,42.964,46.013,39.657,-333.4000000000003,-635.6000000000001,48.64,42.547,32.076,-1047.0999999999997,50.783,49.819,47.33,-248.90000000000043
IN URB MT,Wghtd Dist Handling,THE DERMA CO,,,,,0.034,,,,0.98,,0.238,0.62,0.822,1.044,1.154,0.829,0.358,0.283,0.4,0.473,1.155,0.653,2.146,1.949,1.538,4.348,12.539,12.728,11.052,9.439,11.204,11.889,12.601,14.373,25.328,29.004,33.514,3197.6000000000004,451.00000000000017,0.991,1.104,0.64,2.855,5.357,14.666,12.689,28.947,2609.2,1625.8,1.072,3.068,36.807,3373.9000000000005,1.26,4.384,36.114,3172.9999999999995
IN URB MT,Wghtd Dist Handling,SIMPLE,6.97,6.078,8.755,10.879,11.903,12.676,13.104,11.287,10.939,11.096,9.252,8.311,7.768,7.193,7.787,7.635,6.701,6.656,16.164,15.165,13.472,17.833,34.395,32.87,36.451,33.274,35.491,38.597,40.658,46.542,47.253,45.618,47.085,51.04,50.292,54.286,60.896,2444.5,661.0,9.889,8.229,17.578,35.132,35.837,41.784,49.079,53.702,1857.0,462.2999999999997,9.865,38.447,61.441,2299.4,13.59,40.453,62.07,2161.7
IN URB MT,Wghtd Dist Handling,DOT & KEY,2.019,2.14,2.657,2.208,2.194,2.115,1.572,1.933,1.042,0.754,1.319,1.482,0.739,0.603,0.631,0.369,0.398,0.064,0.161,0.298,0.001,0.091,0.215,0.29,0.193,0.524,0.416,0.805,0.562,0.662,0.682,1.613,2.067,2.237,5.142,5.705,2.53,233.7,-317.5,1.418,0.685,0.33,0.3,0.472,0.83,1.508,5.977,567.7,446.90000000000003,1.506,0.412,5.946,553.4,2.455,1.155,6.142,498.7
IN URB MT,Wghtd Dist Handling,JOVEES,4.087,5.128,4.128,3.864,3.566,3.144,3.055,3.461,4.822,4.489,4.558,4.614,4.549,4.375,4.67,4.786,4.582,4.205,4.842,4.721,4.791,5.074,4.691,4.988,4.549,5.25,5.659,4.874,5.122,5.267,4.295,4.657,4.87,3.725,2.844,3.716,3.132,-141.70000000000002,-58.400000000000006,4.751,5.143,5.049,5.098,5.233,6.213,5.4,4.899,-19.899999999999984,-50.10000000000004,4.695,5.08,3.632,-144.79999999999998,5.461,6.334,6.763,42.90000000000003
IN URB MT,Wghtd Dist Handling,AHAGLOW,0.05,0.194,0.18,0.181,0.191,0.11,0.188,0.384,0.117,0.074,0.071,0.054,0.062,,,,,,0.089,0.169,0.05,0.052,0.008,0.013,0.054,0.038,0.073,0.03,0.172,0.022,0.019,0.067,0.014,0.047,0.005,0.007,0.004,-5.0,-0.3,0.04,,0.16,0.066,0.102,0.255,0.066,0.047,-1.9000000000000004,-1.9000000000000004,0.062,0.074,0.011,-6.3,0.344,0.292,0.221,-7.099999999999998
IN URB MT,Wghtd Dist Handling,CETAPHIL,,,1.706,1.454,1.689,1.172,,,0.188,0.176,0.12,0.185,0.205,0.168,0.296,0.196,0.222,0.25,0.217,0.089,0.262,0.239,0.182,0.262,0.278,0.503,0.518,1.44,0.626,0.43,0.206,0.534,5.152,9.127,12.91,14.442,13.531,1325.3,-91.09999999999997,0.196,0.276,0.241,0.259,0.502,1.646,0.632,13.812,1355.3,1318.0,0.186,0.273,15.096,1482.3,0.876,0.313,15.201,1488.8
IN URB MT,Wghtd Dist Handling,MINIMALIST,2.328,1.141,1.259,1.347,1.851,1.964,1.293,1.035,0.831,0.756,0.713,0.703,1.085,0.561,0.662,0.509,0.554,0.626,0.455,0.458,0.666,0.637,0.605,0.527,0.509,0.503,0.485,0.721,5.104,5.708,7.839,15.68,16.159,14.156,16.293,16.636,19.196,1868.7,256.0000000000002,1.122,0.768,0.583,0.734,0.619,5.602,16.635,18.779,1804.5000000000002,214.39999999999984,1.174,0.698,21.491,2079.2999999999997,2.997,1.002,22.494,2149.2000000000003
IN URB MT,Wghtd Dist Handling,CERAVE,,,,,,,,,,,,,,,,,,,,,,,,,,,0.203,,0.198,,,,0.144,0.148,0.218,0.283,0.373,,9.000000000000002,,,,,,0.177,,0.235,,,,,0.331,,,,0.481,
IN URB MT,Wghtd Dist Handling,NIVEA MEN,,,,,,0.032,0.068,0.059,0.057,0.05,0.024,0.084,0.044,,0.029,0.003,0.003,,,,0.003,,,,,,,,0.125,,0.018,0.152,0.094,0.154,,,0.063,,,0.078,0.028,,0.003,,0.111,0.145,0.219,21.6,7.400000000000001,0.074,,0.064,,0.063,0.027,0.254,22.7
IN URB MT,Share Among Handlers (SAH),FACE WASH,100.0,100.0,100.0,100.0,100.0,100.0,100.0,100.0,100.0,100.0,100.0,100.0,100.0,100.0,100.0,100.0,100.0,100.0,100.0,100.0,100.0,100.0,100.0,100.0,100.0,100.0,100.0,100.0,100.0,100.0,100.0,100.0,100.0,100.0,100.0,100.0,100.0,0.0,0.0,100.0,100.0,100.0,100.0,100.0,100.0,100.0,100.0,0.0,0.0,100.0,100.0,100.0,0.0,100.0,100.0,100.0,0.0
IN URB MT,Share Among Handlers (SAH),MAMAEARTH,5.466,5.699,5.891,5.933,6.21,7.403,7.614,7.996,7.727,8.51,8.86,8.386,8.662,8.266,8.529,8.371,8.898,9.944,9.606,9.693,10.016,10.402,10.755,10.607,12.236,11.634,11.623,11.561,12.229,13.696,13.5,13.257,13.311,13.276,13.286,12.495,14.307,207.09999999999997,181.2000000000001,8.14,8.344,9.336,10.07,11.188,11.337,13.251,12.987,291.7,-26.399999999999935,8.177,10.858,13.102,224.39999999999998,6.611,9.157,12.006,284.90000000000003
IN URB MT,Share Among Handlers (SAH),HIMALAYA,24.38,25.316,23.936,24.873,24.794,24.839,24.18,24.147,23.501,24.815,24.976,23.592,24.214,24.745,24.16,24.877,24.634,24.477,24.209,24.461,24.249,25.068,23.532,23.404,23.435,24.009,23.89,23.394,24.31,22.901,22.844,22.64,21.486,21.679,20.475,22.864,21.102,-233.29999999999984,-176.20000000000005,24.108,24.452,24.341,24.237,23.447,23.718,22.696,21.131,-310.5999999999998,-156.5000000000001,24.195,23.367,21.431,-193.6,24.313,24.118,22.371,-174.7
IN URB MT,Share Among Handlers (SAH),GARNIER,14.674,13.818,14.969,14.56,14.498,15.016,16.155,15.292,16.199,15.986,15.965,16.086,16.66,16.82,16.148,15.432,15.029,15.639,16.234,15.353,14.586,14.819,15.924,16.013,16.687,16.473,16.656,15.693,15.188,15.723,16.204,15.445,15.396,15.744,15.026,15.024,15.563,-112.40000000000006,53.90000000000015,16.284,15.273,15.463,14.912,16.139,15.496,15.599,15.15,23.799999999999955,-44.899999999999984,16.039,15.925,14.912,-101.29999999999998,15.021,15.194,14.999,-19.50000000000003
IN URB MT,Share Among Handlers (SAH),POND'S,16.977,16.471,16.183,16.471,15.927,16.045,16.404,16.467,15.548,15.394,14.893,14.834,15.091,14.465,15.369,15.176,14.843,16.24,15.567,14.911,15.144,14.678,14.106,14.524,14.41,14.167,13.325,13.523,13.345,14.595,14.146,14.813,15.205,14.063,13.141,13.345,13.685,-72.49999999999997,33.999999999999986,14.595,14.931,15.374,14.554,14.294,13.182,14.423,13.992,-56.19999999999994,-43.099999999999916,14.744,14.261,13.263,-99.79999999999993,15.465,14.701,13.712,-98.90000000000008
IN URB MT,Share Among Handlers (SAH),CLEAN & CLEAR,8.209,8.517,7.853,6.61,6.523,7.533,7.293,7.401,8.739,7.627,7.723,8.0,7.863,8.324,7.908,7.603,7.69,7.743,7.628,7.531,8.239,7.848,8.123,8.036,7.675,7.953,7.832,7.401,8.233,7.944,7.557,7.669,7.908,7.86,7.903,7.916,7.648,-2.7000000000000135,-26.800000000000068,7.919,7.608,7.506,7.948,7.775,7.665,7.525,7.769,-17.900000000000027,24.399999999999977,7.73,7.852,7.742,-11.000000000000032,7.257,7.67,7.587,-8.300000000000018
IN URB MT,Share Among Handlers (SAH),GLOW & LOVELY,1.214,1.35,1.098,1.169,1.246,1.148,1.134,1.197,1.183,0.98,1.103,1.219,1.288,1.263,1.21,1.222,1.194,1.188,1.184,1.165,1.119,1.064,1.027,1.209,1.189,1.458,1.367,1.516,1.428,1.305,1.348,1.322,1.13,1.147,0.976,0.985,1.161,-2.8000000000000025,17.600000000000005,1.195,1.142,1.094,0.989,1.178,1.293,1.196,0.974,-1.5000000000000013,-22.199999999999996,1.136,1.021,0.807,-21.399999999999984,1.015,0.998,1.013,1.4999999999999902
IN URB MT,Share Among Handlers (SAH),PATANJALI,2.168,2.321,2.197,2.225,2.379,2.503,2.323,2.373,2.433,2.088,2.475,2.394,1.838,2.391,2.027,2.259,2.348,2.105,2.18,2.42,2.168,1.916,1.855,1.619,1.423,1.515,1.892,1.893,2.025,1.752,1.648,2.025,1.942,1.845,2.078,1.821,1.893,47.0,7.200000000000006,2.069,2.107,2.109,1.87,1.381,1.726,1.624,1.853,-1.7000000000000126,22.899999999999988,2.079,1.481,1.852,37.1,2.075,1.781,1.611,-16.999999999999993
IN URB MT,Share Among Handlers (SAH),LAKME,4.057,4.641,5.286,5.556,5.513,5.369,5.161,5.135,4.644,4.456,4.262,4.598,4.586,4.557,4.593,4.677,4.818,4.524,4.186,4.242,4.286,4.161,4.006,4.234,4.034,4.132,4.518,4.527,4.347,4.444,4.073,4.064,4.238,4.797,5.531,5.18,4.847,81.30000000000007,-33.299999999999926,4.352,4.331,4.009,3.916,3.878,4.137,3.934,4.546,63.000000000000036,61.20000000000001,4.274,3.858,4.916,105.80000000000003,4.405,3.81,3.958,14.800000000000013
IN URB MT,Share Among Handlers (SAH),JOY,5.56,5.707,6.553,8.054,7.908,6.172,4.965,5.255,5.722,6.295,6.839,7.176,6.281,6.356,7.055,7.945,9.018,7.377,6.138,6.962,7.57,8.019,10.668,8.659,7.426,7.838,9.109,10.11,9.009,7.014,5.986,6.703,7.631,7.775,11.023,8.913,7.796,37.000000000000014,-111.7,6.496,7.785,6.67,8.655,7.828,9.267,6.42,8.64,-1.4999999999998792,222.00000000000006,6.641,8.74,8.957,21.700000000000053,5.998,7.413,7.854,44.09999999999998
IN URB MT,Share Among Handlers (SAH),NIVEA,9.104,8.99,8.895,9.204,9.202,8.335,8.516,8.295,7.846,7.412,7.303,7.324,7.537,7.532,7.074,7.052,6.95,6.258,6.714,6.951,6.478,5.855,5.725,5.634,5.345,5.564,5.234,5.699,5.232,4.737,5.126,4.469,4.654,4.56,4.117,4.037,4.055,-129.0,1.7999999999999794,7.304,6.819,6.447,5.844,5.375,5.16,4.617,4.317,-152.70000000000002,-29.999999999999982,7.199,5.438,3.932,-150.59999999999997,7.868,6.108,4.467,-164.1
IN URB MT,Share Among Handlers (SAH),LOTUS,1.717,1.675,1.684,1.55,1.722,1.584,1.594,1.683,1.51,1.412,1.5,1.567,1.377,1.506,2.085,2.121,2.589,1.998,1.504,1.52,1.61,1.233,1.281,1.367,1.278,1.482,1.473,1.518,1.484,1.267,1.373,1.531,1.548,1.271,1.377,1.414,1.263,-1.5000000000000124,-15.100000000000001,1.298,1.93,1.439,1.138,1.189,1.342,1.187,1.256,11.800000000000011,6.899999999999995,1.291,1.168,1.144,-2.400000000000002,1.252,1.096,1.077,-1.9000000000000128
IN URB MT,Share Among Handlers (SAH),VLCC,3.323,3.16,2.696,2.701,2.593,2.467,2.124,2.123,1.94,2.107,2.309,2.39,2.539,2.608,2.501,2.576,2.484,2.159,2.6,2.502,2.231,1.924,1.742,1.815,1.745,1.731,1.906,1.729,1.59,1.568,1.77,2.055,1.59,1.497,1.765,2.009,1.853,10.799999999999986,-15.59999999999999,2.202,2.285,2.121,1.749,1.607,1.562,1.646,1.49,-25.900000000000013,-15.59999999999999,2.208,1.614,1.685,7.099999999999995,2.023,1.736,1.39,-34.60000000000001
IN URB MT,Share Among Handlers (SAH),EVERYUTH,1.928,1.825,1.775,1.689,1.757,1.525,1.541,1.555,1.603,1.655,1.638,1.591,1.507,1.481,1.702,1.666,1.712,1.462,1.619,1.655,1.434,1.566,1.515,1.676,1.644,1.493,1.739,1.68,1.623,1.355,1.345,1.792,1.737,1.525,1.924,1.969,1.725,8.10000000000002,-24.4,1.404,1.557,1.423,1.379,1.397,1.572,1.362,1.555,17.599999999999994,19.299999999999983,1.453,1.363,1.706,34.3,1.34,1.266,1.294,2.8000000000000025
IN URB MT,Share Among Handlers (SAH),BIOTIQUE,2.679,2.081,2.694,1.413,1.879,1.69,1.555,2.002,2.068,1.932,1.857,2.162,2.073,2.068,2.394,2.757,2.997,2.566,2.565,2.888,2.788,2.681,2.647,2.633,2.383,2.146,2.353,2.576,2.48,2.265,2.217,2.23,2.265,2.028,1.888,1.943,3.286,90.3,134.3,2.008,2.533,2.531,2.611,2.313,2.317,2.119,1.924,-68.70000000000003,-19.50000000000003,1.913,2.458,2.232,-22.599999999999998,1.606,2.225,2.018,-20.70000000000003
IN URB MT,Share Among Handlers (SAH),MEDIMIX,1.771,1.7,1.635,1.884,1.79,1.731,1.666,1.71,1.606,1.429,1.641,1.416,1.317,1.319,1.168,1.15,1.128,1.53,1.828,1.473,1.448,1.148,1.119,1.599,1.605,1.481,1.347,1.42,1.495,1.329,1.175,1.294,1.412,1.286,1.3,1.324,1.185,-41.99999999999999,-13.900000000000002,1.201,1.055,1.418,1.16,1.497,1.354,1.199,1.268,10.80000000000001,6.899999999999995,1.283,1.366,1.202,-16.400000000000013,1.233,1.095,1.142,4.699999999999993
IN URB MT,Share Among Handlers (SAH),WOW,2.36,2.036,1.901,2.006,2.423,2.261,2.118,2.113,1.726,1.513,1.522,1.544,1.32,1.488,1.351,1.121,1.15,1.109,0.811,0.778,0.915,0.777,0.891,0.809,0.755,0.809,0.741,1.101,0.739,0.645,0.579,0.523,0.436,0.377,0.421,0.263,0.199,-55.60000000000001,-6.4,1.327,1.113,0.809,0.798,0.757,0.804,0.537,0.299,-49.900000000000006,-23.800000000000004,1.345,0.785,0.187,-59.80000000000001,1.65,0.809,0.425,-38.400000000000006
IN URB MT,Share Among Handlers (SAH),THE DERMA CO,,,,,5.848,,,,0.449,,3.193,1.065,0.572,1.275,1.014,1.183,2.011,1.766,2.474,1.481,1.722,3.29,1.519,1.616,1.859,1.486,1.076,1.132,2.711,3.538,5.098,5.26,5.296,5.096,2.923,3.385,2.52,66.10000000000001,-86.49999999999997,0.807,0.879,1.141,0.865,0.758,1.3,4.052,2.469,160.39999999999998,-158.29999999999998,0.588,1.007,2.325,131.80000000000004,0.175,0.392,1.489,109.7
IN URB MT,Share Among Handlers (SAH),SIMPLE,0.884,1.106,0.961,1.236,2.161,1.983,1.851,1.707,2.434,2.219,2.458,2.538,2.192,2.543,2.252,2.917,3.234,1.863,1.74,2.334,1.348,0.495,1.558,1.972,2.319,2.439,2.734,3.9,4.06,4.016,2.647,3.567,4.167,4.543,4.938,4.759,5.025,270.6,26.6,1.903,2.483,1.459,0.765,2.142,3.258,3.229,4.213,344.8,98.4,2.057,1.763,4.409,264.59999999999997,1.453,0.819,3.054,223.5
IN URB MT,Share Among Handlers (SAH),DOT & KEY,2.531,1.822,1.295,1.594,1.778,1.541,2.716,1.262,1.277,0.796,1.296,2.658,3.222,0.647,2.662,2.733,0.452,0.939,3.29,4.433,16.667,5.182,3.4,1.652,3.52,5.78,6.273,3.405,5.14,4.789,4.621,3.918,6.096,5.315,3.007,2.62,5.764,224.40000000000003,314.40000000000003,1.63,1.431,2.0,1.402,2.818,3.301,2.844,2.23,82.80000000000001,-61.39999999999999,1.773,1.53,2.521,99.1,1.153,0.554,1.35,79.60000000000001
IN URB MT,Share Among Handlers (SAH),JOVEES,11.535,9.703,11.567,10.749,12.096,12.508,12.074,11.962,8.456,10.681,10.151,10.757,10.617,11.112,9.685,8.928,9.944,9.813,8.766,9.56,9.082,8.301,8.641,8.828,8.776,7.85,8.295,8.572,7.058,6.122,6.977,6.456,6.253,6.783,9.116,7.1,8.677,-9.90000000000002,157.7,10.282,8.648,8.523,8.242,7.973,6.729,5.693,5.535,-270.70000000000005,-15.799999999999947,10.236,8.166,7.296,-87.00000000000001,8.147,6.845,4.773,-207.20000000000002
IN URB MT,Share Among Handlers (SAH),AHAGLOW,10.913,7.541,5.281,12.066,27.824,6.557,10.697,9.552,8.99,24.764,26.167,34.264,19.646,,,,,,0.45,1.363,1.606,2.896,2.632,0.794,3.545,1.579,3.815,1.014,0.583,1.794,2.151,6.696,3.676,3.632,0.0,2.778,2.778,-76.69999999999999,0.0,26.368,,0.625,1.22,0.883,0.549,2.888,1.493,27.30000000000001,-139.49999999999997,26.206,1.078,0.943,-13.500000000000012,5.793,0.205,0.454,24.900000000000002
IN URB MT,Share Among Handlers (SAH),CETAPHIL,,,2.725,3.123,4.749,3.975,,,5.384,3.923,2.905,1.949,1.316,3.701,1.624,1.175,2.479,2.082,2.805,6.159,5.382,5.863,5.666,8.219,5.436,4.515,5.653,6.0,3.225,8.688,4.021,3.242,2.024,6.455,8.503,7.163,8.341,290.49999999999994,117.7999999999999,2.097,1.523,2.325,4.94,3.902,2.728,3.308,4.415,-52.500000000000036,110.70000000000002,1.773,5.716,7.2,148.4,2.226,3.039,2.544,-49.500000000000014
IN URB MT,Share Among Handlers (SAH),MINIMALIST,1.417,3.024,1.772,2.034,1.918,1.446,1.508,1.343,1.698,2.435,2.118,2.263,1.678,2.708,2.039,2.379,3.463,3.544,4.086,3.886,2.567,1.994,1.868,2.502,1.75,2.764,2.494,3.773,0.507,1.253,0.615,0.496,0.653,0.687,0.595,0.808,0.624,-112.6,-18.400000000000006,1.471,1.928,3.345,1.852,1.921,0.382,0.399,0.531,-132.10000000000002,13.200000000000001,1.397,1.591,0.544,-104.69999999999999,0.717,1.487,0.324,-116.3
IN URB MT,Share Among Handlers (SAH),CERAVE,,,,,,,,,,,,,,,,,,,,,,,,,,,8.095,,10.303,,,,0.487,6.204,1.421,2.371,0.884,,-148.70000000000002,,,,,,7.022,,1.915,,,,,1.328,,,,1.04,
IN URB MT,Share Among Handlers (SAH),NIVEA MEN,,,,,,0.0,1.032,1.026,0.176,0.6,3.797,1.196,1.364,,0.69,0.0,0.0,,,,0.0,,,,,,,,2.727,,0.546,2.373,3.079,1.953,,,5.556,,,0.771,0.36,,0.0,,0.994,0.893,0.866,,-2.7000000000000024,1.221,,1.869,,0.632,0.0,0.552,
IN URB MT,Per Dealer Offtake (PDO) (Value),FACE WASH,32290.617,28689.535,30024.854,29507.762,27811.964,29099.56,28861.021,31326.766,33001.833,35231.993,33267.446,33259.628,33711.19,29547.656,31953.678,31397.576,28648.047,28212.451,27512.407,31546.367,31905.431,35554.698,34583.401,33770.04,34922.182,29836.894,32946.451,29594.67,28873.431,30510.505,30136.787,34247.119,34257.387,37350.956,37201.854,36331.712,36302.671,0.03953043369397702,-0.0007993292471325519,31237.73,29894.633,28370.923,33261.608,31978.892,30088.659,30895.429,35792.954,0.07610413783963765,0.15851940427821853,32531.521,33728.858,36158.048,0.07202111616112239,29647.663,30231.941,32335.256,0.06957260865255077
IN URB MT,Per Dealer Offtake (PDO) (Value),MAMAEARTH,3666.812,3154.006,3368.459,3352.44,3343.39,4060.878,4400.967,4929.01,4875.039,5367.14,5511.618,4979.659,5088.205,4096.133,4439.769,4258.94,4496.707,5053.554,4640.39,5248.641,5432.652,5800.474,6033.189,5959.786,7128.349,5668.95,6226.544,5392.016,5505.881,6471.021,6320.226,6953.603,6831.44,7373.916,7228.007,7009.137,8007.901,0.12338789809533734,0.14249457529507548,3903.641,3753.218,4251.272,4821.968,5621.712,5110.998,6051.806,6365.442,0.3200921283592093,0.05182519069514124,4340.931,5665.969,6800.477,0.20023194620372964,2930.396,3745.901,5135.008,0.3708338794858701
IN URB MT,Per Dealer Offtake (PDO) (Value),HIMALAYA,8655.854,7746.78,7942.967,8193.095,7530.172,7662.741,7596.708,8118.232,8426.785,9755.787,9245.896,8340.681,8755.204,7849.475,8352.364,8453.371,7947.085,7575.979,7174.749,8470.925,8787.072,9694.685,9032.1,9027.013,8816.815,7710.187,8578.775,7507.132,7952.847,7478.324,7758.172,8645.976,8280.263,8797.07,8213.47,9190.789,8568.616,-0.02815064169997905,-0.06769527621622051,7924.003,7790.326,7456.03,8598.426,7937.632,7554.896,7368.281,8139.706,-0.05334929904612762,0.10469538281724056,8284.146,8435.213,8362.927,-0.008569552422683313,7522.952,7645.507,7496.18,-0.019531340433014965
IN URB MT,Per Dealer Offtake (PDO) (Value),GARNIER,5755.41,4850.417,5576.255,5240.862,4768.98,5165.645,5849.305,5654.922,6551.299,6703.162,6264.838,6328.426,6705.546,6007.649,6161.118,6059.117,5528.399,5215.263,5343.459,5693.958,5866.125,6344.07,6346.322,6310.352,7221.806,5692.984,6820.01,5745.706,5574.039,6059.693,6273.945,6470.927,6384.731,7130.93,6553.413,6420.581,6997.088,-0.03111659327320615,0.08979047223296455,5904.686,5295.265,5135.029,5758.526,5880.328,5446.448,5886.056,6106.857,0.06048961140402942,0.03751255509631579,6066.613,6096.939,6085.374,-0.0018968534866431463,5075.217,5160.371,5247.124,0.016811388173447073
IN URB MT,Per Dealer Offtake (PDO) (Value),POND'S,6659.098,5725.588,6003.752,5976.026,5518.46,5647.635,5928.71,6296.455,6246.93,6756.717,6027.771,6263.781,5958.1,5410.66,5959.978,5965.543,5313.297,5669.497,5353.257,5826.388,6043.62,6507.648,5980.908,6011.514,5974.87,5067.882,5276.796,4919.933,4634.958,5404.89,5146.218,5986.876,6140.827,6002.276,5555.195,5877.767,5827.162,-0.02472154205865562,-0.00860956210070929,5237.029,5309.316,5289.946,5872.564,5401.85,4509.146,5105.861,5548.71,-0.05514695114433832,0.08673346180007635,5453.874,5669.114,5316.58,-0.06218502573770779,5063.976,5178.338,4823.159,-0.06858938138066695
IN URB MT,Per Dealer Offtake (PDO) (Value),CLEAN & CLEAR,3443.136,3017.916,2979.569,2450.051,2392.65,2844.62,2878.99,3140.164,3838.002,3672.391,3565.624,3574.796,3671.001,3517.579,3579.452,3266.453,3011.461,2998.247,2799.719,3281.696,3490.198,3803.34,3711.926,3824.521,3592.195,3258.234,3522.814,3021.041,3259.115,3451.222,3173.019,3595.928,3696.874,3881.758,3806.927,3834.404,3831.156,0.06652227955330936,-0.0008470677581183805,3206.935,2932.255,2701.665,3375.464,3219.572,2863.057,2937.132,3378.868,0.0010084539488497413,0.15039705399689218,3258.234,3367.513,3437.807,0.020874158466500203,2546.836,2817.023,2856.298,0.013942023192568653
IN URB MT,Per Dealer Offtake (PDO) (Value),GLOW & LOVELY,858.371,785.699,724.558,742.823,734.796,689.913,749.817,868.184,848.706,815.987,761.31,892.504,830.16,800.824,822.127,810.778,760.989,756.248,694.409,784.572,693.18,733.218,723.528,831.234,837.664,820.739,818.437,790.372,716.95,707.861,693.633,746.5,670.058,711.624,633.985,586.937,591.283,-0.29412867211674365,0.007404542565897287,619.022,617.865,556.768,543.458,611.655,588.152,541.111,504.87,-0.07100456705025959,-0.06697516775670798,642.328,579.834,422.034,-0.27214685582425313,479.239,436.843,426.146,-0.024487058279519247
IN URB MT,Per Dealer Offtake (PDO) (Value),PATANJALI,1159.839,1132.922,1076.795,1013.732,964.173,1077.639,1065.953,1129.945,1155.199,1151.636,1266.634,1165.526,1014.916,1101.99,1011.705,1096.804,1011.294,952.865,932.633,1146.672,1072.554,1064.526,970.714,930.587,878.45,779.658,1171.524,1001.518,977.288,1013.454,947.368,1283.196,1208.469,1298.556,1403.259,1279.32,1356.504,0.5442017189367634,0.06033205140230735,928.006,885.34,861.145,896.291,676.512,800.91,823.887,1063.672,0.18674850020807976,0.2910411257854537,969.585,721.84,1100.778,0.5249612102404966,801.225,729.607,721.661,-0.010890794633275247
IN URB MT,Per Dealer Offtake (PDO) (Value),LAKME,2370.667,2262.403,2704.924,2815.396,2757.428,2651.256,2595.599,2829.118,2756.338,2860.695,2613.927,2792.72,2931.221,2568.352,2892.058,2880.228,2749.763,2601.477,2281.404,2508.251,2377.222,2654.154,2426.371,2613.27,2576.144,2220.936,2676.24,2471.694,2290.538,2634.036,2314.986,2415.762,2484.352,2986.591,3565.842,3420.577,3673.486,0.42596298964654156,0.07393752574492529,2255.602,2247.326,1941.105,2040.02,2045.289,1989.203,2002.37,2412.345,0.18251046558367068,0.20474487732037527,2270.39,2112.972,2766.046,0.3090783976313929,1750.655,1695.387,1724.593,0.017226745279986355
IN URB MT,Per Dealer Offtake (PDO) (Value),JOY,3994.382,3380.616,3800.46,4420.176,3935.151,3094.854,2624.567,2944.161,3327.441,3879.688,4032.567,4182.14,3905.016,3407.867,4034.338,4576.809,4608.313,3747.175,3016.193,3696.199,4184.987,4996.382,6441.475,5065.436,4563.18,4059.68,5308.836,5218.285,4479.27,3778.986,3158.998,3812.821,4532.467,5060.332,6983.204,5939.051,5404.53,0.18437799955294332,-0.0900010792970124,3469.494,3981.935,3082.796,4759.744,4107.864,4510.331,3211.713,4919.613,0.0335877307687138,0.5317722972133563,3673.835,4827.726,5218.525,0.08094887738036505,2832.239,3552.396,3834.426,0.07939148675992191
IN URB MT,Per Dealer Offtake (PDO) (Value),NIVEA,3911.237,3359.235,3571.368,3600.144,3455.566,3313.271,3541.747,3703.501,3587.629,3646.838,3493.115,3505.177,3522.129,3096.728,3095.711,3087.342,2756.099,2411.001,2533.681,3056.656,2925.308,3048.181,2827.249,2796.263,2723.404,2465.376,2598.169,2402.028,2211.253,2251.881,2310.242,2177.326,2363.985,2534.202,2202.121,2261.802,2418.242,-0.1120516823798452,0.06916608969308546,3003.769,2668.814,2401.325,2642.881,2366.732,2099.503,1939.571,2076.553,-0.21428433591977847,0.0706248959177056,3110.066,2493.042,1956.051,-0.21539588984060443,2831.063,2317.206,1803.349,-0.22175715063744883
IN URB MT,Per Dealer Offtake (PDO) (Value),LOTUS,1594.143,1279.38,1402.0,1299.202,1413.88,1254.363,1314.053,1409.206,1446.148,1477.955,1496.806,1638.814,1435.699,1337.313,2047.033,1893.129,2008.063,1716.05,1285.742,1265.992,1352.856,1268.154,1178.829,1226.872,1229.663,1137.237,1371.094,1202.047,1152.43,1052.422,1059.409,1378.197,1456.776,1325.463,1359.843,1461.793,1624.5,0.32109366550022234,0.1113064572070055,1034.695,1417.46,1056.642,890.192,875.489,913.94,860.99,1014.7,0.13986645577583268,0.17852704444883227,1117.779,872.253,1027.122,0.17755055012708465,740.845,657.09,679.968,0.03481714833584437
IN URB MT,Per Dealer Offtake (PDO) (Value),VLCC,2608.45,2211.621,1936.053,2015.287,1902.09,1755.884,1657.747,1763.498,1670.873,1872.943,2066.2,2160.271,2407.546,1978.652,2102.0,2191.91,1939.081,1775.808,1986.117,2028.137,1760.201,1697.896,1473.207,1505.844,1474.586,1183.627,1542.429,1261.299,1142.637,1265.547,1305.883,1697.013,1492.886,1518.553,1665.596,2426.261,2568.572,0.7418936569315049,0.0586544481405753,1621.166,1577.801,1417.389,1224.95,1117.006,1016.067,1120.768,1200.829,-0.01969141597616242,0.07143405236409306,1680.844,1177.646,1518.906,0.28978147932400744,1207.674,972.717,864.314,-0.11144351337542169
IN URB MT,Per Dealer Offtake (PDO) (Value),EVERYUTH,1276.037,1089.911,1078.12,1024.503,1015.751,880.597,962.508,947.123,924.953,1014.951,952.447,935.321,876.733,791.667,969.132,933.881,854.718,752.728,756.862,933.525,828.605,1019.779,972.24,1040.08,1105.552,822.964,1094.267,922.583,880.643,834.405,781.769,1082.117,1146.33,1133.724,1343.019,1465.388,1294.399,0.17081693127053277,-0.11668513731516839,658.882,723.068,623.793,740.139,766.835,766.337,707.382,896.164,0.21080499743967018,0.2668741924448177,698.273,789.291,993.874,0.25919844518688295,548.696,551.303,610.985,0.1082562583552058
IN URB MT,Per Dealer Offtake (PDO) (Value),BIOTIQUE,1432.624,1401.809,1918.446,1023.752,1344.436,1204.227,1139.074,1385.765,1352.268,1498.55,1327.549,1562.849,1550.725,1359.243,1645.862,1845.909,1760.0,1610.326,1496.463,1739.735,1639.945,1747.28,1570.807,1593.157,1628.427,1189.749,1443.277,1498.83,1420.555,1489.86,1449.496,1488.67,1640.566,1628.038,1486.965,1734.65,3016.758,0.8525595559395662,0.7391162482345139,1227.739,1494.988,1307.838,1445.766,1259.746,1196.755,1199.929,1263.454,-0.1261006276257708,0.05294063232074553,1200.957,1391.124,1507.978,0.08399970096123721,845.017,1124.644,1052.791,-0.06388955082675052
IN URB MT,Per Dealer Offtake (PDO) (Value),MEDIMIX,1823.876,1405.417,1371.929,1548.95,1387.75,1358.795,1573.769,1371.899,1145.85,1143.794,1165.292,1000.342,1149.633,924.38,908.413,881.959,792.513,1052.36,1257.059,1164.854,1124.986,1044.068,1006.178,1419.69,1484.371,1094.99,1163.492,1069.48,1014.031,1135.552,1020.413,1255.893,1497.085,1592.963,1484.955,1806.034,1628.308,0.09696834551469946,-0.09840678525431978,823.496,701.824,904.979,888.532,1150.09,883.719,956.119,1243.882,0.3999293216226314,0.3009698583544518,882.582,1114.787,1269.406,0.13869824459739832,687.326,694.855,764.805,0.10066848479179091
IN URB MT,Per Dealer Offtake (PDO) (Value),WOW,3098.015,2109.815,2079.134,2242.453,2472.792,2481.782,2702.521,2548.222,2337.632,2114.574,1980.036,1895.032,1816.494,1529.85,1599.207,1308.384,1150.565,1266.752,871.294,931.633,1270.014,1143.959,1190.619,1123.796,1223.134,1009.46,1031.563,1194.788,765.183,779.157,675.669,646.259,497.949,442.523,423.975,288.158,383.626,-0.6863581586318425,0.3313043538614231,1407.958,1075.821,831.412,913.037,917.545,766.399,523.782,299.268,-0.6722279600936216,-0.4286401594556515,1514.219,969.578,206.13,-0.7874023544263586,1532.714,741.157,344.831,-0.5347396030800491
IN URB MT,Per Dealer Offtake (PDO) (Value),THE DERMA CO,,,,,696.145,,,,449.272,,789.931,770.744,1091.254,1153.343,1467.067,2332.546,1579.867,3226.046,1210.223,1380.624,597.068,1060.433,637.915,585.694,636.842,819.759,1216.679,1321.094,2042.653,2278.287,3158.198,4433.703,4809.287,5150.594,4077.024,4915.615,4136.39,5.495158924819657,-0.15852034791170577,742.579,886.056,561.668,348.762,405.617,1102.046,2474.716,3161.23,8.064146896737604,0.2774112261770645,381.099,350.885,3217.695,8.170226712455648,120.196,154.245,1626.591,9.545502285325293
IN URB MT,Per Dealer Offtake (PDO) (Value),SIMPLE,2287.368,2131.218,2250.585,2705.694,3721.217,3057.314,3003.467,3090.423,3906.604,4138.979,4406.268,4502.24,4323.908,3839.032,3287.372,4960.839,4776.097,4051.22,2358.394,3373.603,2104.999,977.894,2294.551,2825.695,3678.326,2949.077,3505.245,4283.137,3399.69,3715.708,2302.078,3788.249,3923.304,4435.663,3917.638,4001.5,4221.74,0.14773405076113422,0.05503936023990996,2835.621,2858.788,1923.603,1086.887,2653.446,2633.075,2522.11,3015.109,1.7740777100103324,0.1954708557517315,3699.716,2391.622,3179.211,0.32931165543718866,1951.619,1034.566,1903.12,0.8395346454455297
IN URB MT,Per Dealer Offtake (PDO) (Value),DOT & KEY,4682.15,2794.256,2079.438,2466.965,2762.502,2162.992,3999.624,2563.998,2649.353,1299.216,2585.945,3752.256,3762.966,671.554,2695.657,2406.153,468.651,273.895,418.441,903.433,96.324,411.104,680.022,736.99,647.86,1242.084,863.567,625.148,745.264,760.892,852.792,1549.837,1786.078,1602.285,2256.076,1672.313,1837.047,1.8355616954280247,0.09850667907263766,2020.001,1548.188,363.139,182.667,635.285,583.392,799.761,1522.427,7.334439170731439,0.9036024512323055,2359.241,424.962,1504.816,2.5410601418479772,1372.789,204.284,716.848,2.509075600634411
IN URB MT,Per Dealer Offtake (PDO) (Value),JOVEES,6418.79,5815.782,6404.183,5791.412,5639.187,5358.981,4831.039,5675.356,5476.225,7342.928,6222.236,7163.084,7289.899,6253.73,6506.242,5476.009,5232.064,4508.678,3736.401,4616.194,5112.621,4843.212,4805.862,5769.516,5475.797,4380.789,4477.066,3992.179,3530.359,2639.079,2952.813,3241.631,2744.901,2409.836,3597.554,2959.362,3341.197,-0.38982453147916174,0.12902612117071177,6462.086,5184.163,3696.997,4465.399,4456.18,3224.612,2344.59,2306.811,-0.48340316285286045,-0.016113265005821886,6391.362,4633.339,2557.058,-0.4481176533812872,4479.416,3697.076,2161.233,-0.4154209975667257
IN URB MT,Per Dealer Offtake (PDO) (Value),AHAGLOW,2470.046,3783.537,2565.165,5778.134,13026.766,5273.361,5050.363,9917.98,9067.843,17048.221,16563.313,16631.123,11429.139,,,,,,132.928,513.27,249.483,571.682,442.633,308.667,526.323,268.435,649.646,236.799,255.093,369.219,737.953,2488.426,697.207,508.888,64.591,352.057,1430.38,1.7176847677186826,3.062921629168004,14064.001,,195.537,232.387,146.238,161.691,752.733,193.328,-0.16807738814993956,-0.7431652392016823,14918.407,165.905,183.418,0.10556041107862946,3271.003,49.777,96.923,0.9471442634148302
IN URB MT,Per Dealer Offtake (PDO) (Value),CETAPHIL,,,4833.383,4683.311,3874.777,4681.031,,,2482.424,2388.443,1413.35,1222.374,800.862,1749.632,1284.316,651.288,1294.611,1041.915,969.463,1250.667,1797.802,2722.609,2371.995,4110.352,2113.947,1205.458,1711.608,4407.612,984.151,1933.198,1439.934,810.882,2708.342,7707.721,11559.465,7270.268,8174.027,2.8667133092740733,0.12430889755370789,1158.09,854.331,674.595,1639.253,1105.872,1450.046,636.378,4991.26,2.044838106137369,6.843231538488131,976.817,2107.012,6468.682,2.070073639827395,1387.093,818.005,2015.34,1.4637257718473604
IN URB MT,Per Dealer Offtake (PDO) (Value),MINIMALIST,1277.006,2036.756,1461.162,1809.663,2626.012,1839.925,952.994,1170.957,2175.2,3344.456,3741.247,3624.89,3111.55,4124.699,1443.149,1205.184,4369.376,2987.138,2472.181,2370.24,1756.114,1515.421,1796.697,2588.779,1711.58,1732.032,1668.708,1476.297,1015.001,2244.471,1427.206,1385.627,1822.098,1847.075,1481.722,1501.024,1532.263,-0.10476694048773649,0.020811792482998248,2560.249,1058.659,2176.048,1087.013,1580.768,611.109,962.706,1231.977,0.13335995061696604,0.2797022143832073,2568.969,1503.695,957.36,-0.3633283345359265,635.669,724.854,495.92,-0.3158346370441496
IN URB MT,Per Dealer Offtake (PDO) (Value),CERAVE,,,,,,,,,,,,,,,,,,,,,,,,,,,2162.71,,2430.749,,,,306.764,3052.977,993.351,2129.083,1041.003,,-0.5110556986270616,,,,,,1532.458,,1380.427,,,,,1352.904,,,,453.358,
IN URB MT,Per Dealer Offtake (PDO) (Value),NIVEA MEN,,,,,,26.145,374.283,355.188,44.232,213.329,964.598,433.143,447.522,,403.688,37.858,227.142,,,,265.0,,,,,,,,490.099,,107.067,509.371,400.009,284.034,,,444.799,,,237.615,123.005,,88.333,,163.366,180.401,153.829,0.7414669489318828,-0.14729408373567776,378.285,,149.026,,138.667,36.272,75.336,1.0769739744155271
IN URB MT,Per Dealer Offtake (PDO) (Volume)),FACE WASH,23.183,20.105,21.29,20.87,19.409,20.681,20.835,22.247,23.923,26.053,23.857,23.429,24.595,20.749,22.807,22.422,20.284,20.14,19.742,22.525,22.67,25.931,24.619,23.432,24.559,20.277,23.166,19.985,19.666,21.296,21.414,23.968,23.207,25.727,25.889,23.694,24.38,-0.007288570381530302,0.028952477420443934,22.257,21.288,20.288,23.867,22.155,20.673,21.709,24.613,0.03125654669627509,0.1337694043944908,23.328,23.712,24.342,0.026568825910931126,21.2,21.495,22.172,0.031495696673645046
IN URB MT,Per Dealer Offtake (PDO) (Volume)),MAMAEARTH,1.616,1.389,1.545,1.523,1.537,2.314,2.698,2.941,2.936,3.417,3.342,2.929,3.394,2.551,2.789,2.68,2.752,3.413,3.167,3.379,3.533,4.142,3.836,3.661,4.851,3.832,4.055,3.286,3.425,4.216,4.309,4.639,4.375,4.788,4.723,4.177,4.93,0.016285301999587665,0.18027292315058663,2.448,2.34,2.832,3.22,3.7,3.212,4.035,4.124,0.2807453416149066,0.022057001239157215,2.697,3.66,4.228,0.1551912568306011,1.687,2.44,3.297,0.3512295081967214
IN URB MT,Per Dealer Offtake (PDO) (Volume)),HIMALAYA,7.007,6.144,6.366,6.524,6.018,6.278,6.443,6.557,6.691,8.315,7.601,6.515,7.334,6.167,6.465,6.462,5.978,5.747,5.515,6.352,6.351,7.052,6.38,6.208,6.275,5.112,5.84,4.957,5.524,5.48,5.529,5.881,5.424,6.094,5.469,5.944,6.221,-0.008605577689243082,0.04660161507402427,6.357,5.951,5.656,6.183,5.465,5.128,5.213,5.469,-0.1154779233381853,0.049107999232687494,6.744,5.922,5.676,-0.041540020263424404,6.119,5.666,5.126,-0.09530533003882813
IN URB MT,Per Dealer Offtake (PDO) (Volume)),GARNIER,3.089,2.34,2.905,2.745,2.279,2.739,3.244,2.969,3.732,3.675,3.165,3.136,3.512,3.117,3.29,3.194,2.893,2.806,2.991,3.128,3.11,3.442,3.306,3.258,4.018,2.971,3.646,2.735,2.695,3.254,3.467,3.316,3.268,3.876,3.392,3.19,3.791,-0.05649576903932296,0.18840125391849538,3.027,2.799,2.82,3.059,3.131,2.724,3.141,3.206,0.048054919908466776,0.020694046482012007,3.084,3.243,3.159,-0.02590194264569845,2.655,2.759,2.73,-0.0105110547299746
IN URB MT,Per Dealer Offtake (PDO) (Volume)),POND'S,4.619,3.847,4.054,3.95,3.585,3.766,3.974,4.127,4.059,4.327,3.788,3.838,3.73,3.29,3.84,3.795,3.332,3.653,3.449,3.627,3.76,4.15,3.624,3.748,3.678,3.043,3.337,2.943,2.814,3.376,3.277,3.752,3.871,3.727,3.352,3.484,3.397,-0.07640021750951609,-0.024971297359357103,3.226,3.378,3.369,3.655,3.315,2.765,3.212,3.432,-0.0610123119015048,0.06849315068493134,3.395,3.487,3.152,-0.09607112130771434,3.294,3.25,2.957,-0.09015384615384625
IN URB MT,Per Dealer Offtake (PDO) (Volume)),CLEAN & CLEAR,2.445,2.052,2.087,1.669,1.601,2.03,1.983,2.303,3.118,2.839,2.643,2.601,2.74,2.609,2.679,2.373,2.157,2.177,2.047,2.473,2.667,2.929,2.799,2.871,2.649,2.354,2.64,2.153,2.353,2.538,2.373,2.658,2.678,2.885,2.817,2.742,2.906,0.09701774254435636,0.059810357403355274,2.368,2.144,1.992,2.575,2.374,2.087,2.176,2.488,-0.03378640776699038,0.1433823529411764,2.406,2.517,2.536,0.007548669050456924,1.852,2.097,2.099,0.0009537434430140213
IN URB MT,Per Dealer Offtake (PDO) (Volume)),GLOW & LOVELY,0.622,0.614,0.531,0.543,0.524,0.492,0.536,0.62,0.598,0.571,0.534,0.663,0.638,0.591,0.606,0.61,0.582,0.572,0.527,0.604,0.54,0.591,0.566,0.651,0.65,0.64,0.647,0.609,0.559,0.595,0.605,0.631,0.574,0.591,0.511,0.422,0.38,-0.41538461538461535,-0.09952606635071082,0.465,0.464,0.424,0.429,0.477,0.459,0.461,0.42,-0.020979020979021046,-0.08893709327548815,0.475,0.453,0.307,-0.32229580573951433,0.349,0.335,0.341,0.017910447761193993
IN URB MT,Per Dealer Offtake (PDO) (Volume)),PATANJALI,1.154,1.146,1.097,1.04,0.976,1.06,1.051,1.126,1.132,1.155,1.23,1.133,0.989,1.071,0.991,1.076,0.99,0.921,0.914,1.131,1.058,1.063,0.958,0.925,0.888,0.788,1.203,1.029,0.988,1.012,1.009,1.326,1.232,1.338,1.445,1.276,1.329,0.4966216216216215,0.04153605015673967,0.903,0.867,0.843,0.888,0.68,0.818,0.851,1.092,0.22972972972972983,0.283196239717979,0.943,0.719,1.104,0.5354659248956886,0.796,0.719,0.735,0.022253129346314404
IN URB MT,Per Dealer Offtake (PDO) (Volume)),LAKME,1.31,1.183,1.451,1.533,1.496,1.436,1.407,1.519,1.484,1.517,1.396,1.5,1.622,1.374,1.585,1.607,1.513,1.418,1.236,1.353,1.292,1.454,1.326,1.409,1.38,1.188,1.54,1.359,1.202,1.469,1.353,1.409,1.378,1.649,1.969,1.881,1.955,0.41666666666666674,0.039340776182881454,1.223,1.241,1.052,1.114,1.098,1.097,1.152,1.333,0.196588868940754,0.15711805555555558,1.23,1.142,1.508,0.32049036777583195,0.943,0.923,0.955,0.034669555796316365
IN URB MT,Per Dealer Offtake (PDO) (Volume)),JOY,4.988,4.201,4.575,5.264,4.758,3.805,3.324,3.834,4.137,4.688,4.871,5.499,5.044,4.144,4.809,5.335,5.288,4.351,3.505,4.26,4.858,5.823,7.676,5.817,5.199,4.68,5.991,5.676,4.835,4.181,3.578,4.38,4.956,5.541,7.7,6.353,5.598,0.07674552798615109,-0.11884149220840545,4.436,4.649,3.57,5.593,4.71,4.958,3.628,5.401,-0.034328625067048146,0.48869900771775066,4.672,5.614,5.601,-0.002315639472746711,3.516,4.144,4.217,0.01761583011583001
IN URB MT,Per Dealer Offtake (PDO) (Volume)),NIVEA,2.221,1.81,1.935,1.987,1.933,1.77,2.019,2.024,1.936,1.981,1.783,1.749,1.843,1.599,1.543,1.49,1.304,1.225,1.28,1.53,1.474,1.547,1.398,1.361,1.282,1.181,1.301,1.177,1.103,1.121,1.305,1.107,1.239,1.432,1.102,1.012,1.04,-0.1887675507020281,0.027667984189723382,1.54,1.295,1.211,1.327,1.134,1.042,1.018,1.103,-0.1688018085908063,0.08349705304518662,1.589,1.207,0.9,-0.2543496271748136,1.525,1.149,0.905,-0.21235857267188862
IN URB MT,Per Dealer Offtake (PDO) (Volume)),LOTUS,0.741,0.61,0.677,0.615,0.665,0.586,0.642,0.674,0.714,0.7,0.7,0.769,0.726,0.624,0.975,1.525,1.734,1.809,0.684,0.661,0.913,0.825,0.836,0.929,0.895,0.782,0.902,0.822,0.776,0.772,0.906,1.327,1.061,1.019,1.176,0.994,1.009,0.1273743016759774,0.015090543259557165,0.496,1.026,0.785,0.604,0.634,0.613,0.747,0.799,0.32284768211920545,0.06961178045515393,0.536,0.638,0.751,0.17711598746081503,0.355,0.462,0.51,0.10389610389610393
IN URB MT,Per Dealer Offtake (PDO) (Volume)),VLCC,2.647,2.317,1.969,1.997,1.953,1.731,1.584,1.731,1.727,2.011,2.228,2.3,2.734,2.036,2.18,2.277,1.964,1.749,2.147,2.2,1.939,1.849,1.563,1.614,1.569,1.168,1.751,1.365,1.196,1.293,1.694,2.427,1.702,1.798,2.609,3.006,2.857,0.8209050350541749,-0.049567531603459614,1.751,1.626,1.492,1.329,1.166,1.11,1.422,1.573,0.18359668924003003,0.10618846694796069,1.838,1.255,1.98,0.5776892430278886,1.249,1.026,1.035,0.008771929824561209
IN URB MT,Per Dealer Offtake (PDO) (Volume)),EVERYUTH,1.71,1.481,1.461,1.344,1.319,1.038,1.158,1.103,1.139,1.228,1.174,1.159,1.027,0.909,1.209,1.142,1.022,0.932,0.912,1.06,0.946,1.277,1.217,1.246,1.399,1.055,1.449,1.248,1.182,1.057,0.908,1.492,1.468,1.461,1.822,1.586,1.305,-0.0671908506075769,-0.1771752837326609,0.783,0.885,0.742,0.903,0.957,1.026,0.908,1.175,0.3012181616832781,0.29405286343612325,0.848,0.978,1.15,0.17586912065439675,0.684,0.668,0.77,0.15269461077844304
IN URB MT,Per Dealer Offtake (PDO) (Volume)),BIOTIQUE,1.147,1.529,2.324,0.918,1.246,1.197,1.127,1.444,1.333,1.615,1.199,1.596,1.571,1.28,1.826,2.116,2.009,1.572,1.518,1.875,1.559,1.816,1.594,1.663,1.671,1.161,1.577,1.585,1.423,1.546,1.599,1.619,1.773,1.702,1.522,1.66,3.72,1.2262118491921008,1.240963855421687,1.222,1.694,1.344,1.451,1.284,1.258,1.29,1.328,-0.08476912474155751,0.029457364341085368,1.182,1.43,1.663,0.162937062937063,0.865,1.172,1.125,-0.04010238907849828
IN URB MT,Per Dealer Offtake (PDO) (Volume)),MEDIMIX,2.302,1.766,1.77,2.07,1.804,1.752,2.087,1.812,1.483,1.552,1.572,1.337,1.591,1.335,1.24,1.262,1.089,1.69,2.184,1.888,1.772,1.345,1.22,1.91,2.007,1.599,1.586,1.422,1.383,1.587,1.444,1.808,2.103,2.204,1.984,2.379,2.013,0.002989536621823552,-0.15384615384615385,1.139,0.976,1.501,1.215,1.587,1.195,1.355,1.711,0.408230452674897,0.26273062730627306,1.197,1.467,1.646,0.12201772324471705,0.909,1.004,1.048,0.043824701195219085
IN URB MT,Per Dealer Offtake (PDO) (Volume)),WOW,1.498,0.986,0.984,1.073,1.307,1.518,1.743,1.636,1.486,1.284,1.177,1.1,0.969,0.903,0.893,0.79,0.74,0.548,0.446,0.573,0.863,0.767,0.816,0.797,0.833,0.747,0.778,0.827,0.546,0.536,0.473,0.543,0.324,0.323,0.344,0.243,0.234,-0.7190876350540216,-0.03703703703703698,0.8,0.641,0.424,0.62,0.651,0.55,0.387,0.216,-0.6516129032258065,-0.4418604651162791,0.866,0.671,0.16,-0.7615499254843517,0.87,0.453,0.251,-0.44591611479028703
IN URB MT,Per Dealer Offtake (PDO) (Volume)),THE DERMA CO,,,,,0.202,,,,0.14,,0.252,0.251,0.378,0.449,0.56,0.822,0.568,1.194,0.433,0.538,0.21,0.409,0.235,0.224,0.246,0.317,0.526,0.587,0.785,0.872,1.274,1.752,1.906,2.023,2.013,2.58,1.767,6.182926829268292,-0.31511627906976747,0.269,0.325,0.209,0.129,0.156,0.453,0.979,1.358,9.527131782945737,0.387129724208376,0.125,0.133,1.557,10.706766917293232,0.039,0.058,0.709,11.224137931034482
IN URB MT,Per Dealer Offtake (PDO) (Volume)),SIMPLE,1.095,1.169,0.964,1.188,1.694,1.544,1.437,1.396,1.751,1.88,1.912,1.933,1.842,1.552,1.432,1.958,1.861,1.661,1.447,2.305,1.434,0.517,1.232,1.54,2.292,1.666,2.041,2.232,1.925,2.568,1.36,1.95,2.284,2.654,2.084,2.155,2.558,0.11605584642233868,0.18700696055684451,1.193,1.159,1.186,0.616,1.544,1.459,1.516,1.716,1.7857142857142856,0.13192612137203152,1.591,1.378,1.786,0.29608127721335276,0.888,0.573,1.093,0.9075043630017452
IN URB MT,Per Dealer Offtake (PDO) (Volume)),DOT & KEY,1.588,0.952,0.835,1.01,1.182,0.922,1.649,1.051,1.031,0.54,1.146,1.676,1.686,0.304,1.213,1.08,0.222,0.129,0.177,0.383,0.043,0.178,0.288,0.373,0.319,0.56,0.402,0.276,0.34,0.349,0.395,0.697,0.821,0.726,1.016,0.76,0.828,1.5956112852664575,0.08947368421052615,0.904,0.698,0.154,0.078,0.295,0.265,0.364,0.691,7.858974358974358,0.8983516483516483,1.053,0.2,0.68,2.4,0.568,0.092,0.325,2.5326086956521743
IN URB MT,Per Dealer Offtake (PDO) (Volume)),JOVEES,3.73,3.368,3.739,3.281,3.198,3.018,2.715,3.222,3.128,4.06,3.521,4.058,4.128,3.539,3.647,3.114,2.953,2.546,2.102,2.652,2.947,2.925,2.793,3.321,3.174,2.648,2.688,2.352,2.079,1.538,1.725,1.932,1.607,1.363,2.18,1.689,1.913,-0.39729048519218646,0.13262285375962102,3.659,2.926,2.099,2.624,2.61,1.914,1.378,1.351,-0.4851371951219513,-0.019593613933236553,3.619,2.681,1.49,-0.4442372249160761,2.542,2.121,1.271,-0.40075436115040075
IN URB MT,Per Dealer Offtake (PDO) (Volume)),AHAGLOW,0.447,1.039,0.663,1.525,3.314,1.488,1.252,2.767,2.178,3.797,3.689,3.705,2.232,,,,,,0.179,0.17,0.07,0.156,0.1,0.2,0.14,0.218,0.175,0.175,0.363,0.17,0.271,1.468,0.2,0.099,0.057,0.407,0.258,0.8428571428571427,-0.36609336609336607,2.978,,0.09,0.063,0.058,0.089,0.424,0.043,-0.31746031746031755,-0.8985849056603774,3.221,0.047,0.135,1.872340425531915,0.814,0.017,0.049,1.8823529411764706
IN URB MT,Per Dealer Offtake (PDO) (Volume)),CETAPHIL,,,1.188,1.151,0.801,1.151,,,0.441,0.537,0.32,0.296,0.182,0.383,0.328,0.171,0.328,0.187,0.219,0.295,0.403,0.604,0.553,0.937,0.458,0.288,0.348,0.734,0.224,0.492,0.329,0.177,0.654,2.081,3.828,1.97,2.229,3.866812227074236,0.13147208121827414,0.264,0.219,0.145,0.37,0.253,0.267,0.153,1.527,3.127027027027027,8.980392156862745,0.227,0.475,1.888,2.9747368421052633,0.318,0.185,0.572,2.091891891891892
IN URB MT,Per Dealer Offtake (PDO) (Volume)),MINIMALIST,0.437,0.685,0.505,0.636,1.034,0.788,0.531,0.492,0.744,1.32,1.298,1.251,1.072,1.435,0.57,0.636,1.51,1.044,0.857,0.825,0.605,0.518,0.612,0.88,0.594,0.58,0.573,0.513,0.364,0.912,0.553,0.509,0.674,0.683,0.804,0.556,0.576,-0.030303030303030276,0.03597122302158251,0.885,0.436,0.757,0.372,0.537,0.215,0.371,0.526,0.413978494623656,0.417789757412399,0.888,0.514,0.402,-0.2178988326848249,0.243,0.262,0.196,-0.25190839694656486
IN URB MT,Per Dealer Offtake (PDO) (Volume)),CERAVE,,,,,,,,,,,,,,,,,,,,,,,,,,,0.467,,0.525,,,,0.066,0.815,0.232,0.567,0.246,,-0.566137566137566,,,,,,0.331,,0.354,,,,,0.34,,,,0.106,
IN URB MT,Per Dealer Offtake (PDO) (Volume)),NIVEA MEN,,,,,,0.011,0.153,0.134,0.017,0.081,0.364,0.164,0.179,,0.152,0.014,0.086,,,,0.1,,,,,,,,0.196,,0.04,0.204,0.141,0.113,,,0.158,,,0.092,0.046,,0.033,,0.065,0.072,0.058,0.7575757575757576,-0.1944444444444443,0.145,,0.053,,0.054,0.014,0.029,1.0714285714285716
IN URB MT,Stock Turnover Ratio (STR),FACE WASH,,,,,,,,,,,,,,,,,,,,,,,,,,,,,,,,,,,,,,,,,,,,,,,,,,,,,,,,,
IN URB MT,Stock Turnover Ratio (STR),MAMAEARTH,,,,,,,,,,,,,,,,,,,,,,,,,,,,,,,,,,,,,,,,,,,,,,,,,,,,,,,,,
IN URB MT,Stock Turnover Ratio (STR),HIMALAYA,,,,,,,,,,,,,,,,,,,,,,,,,,,,,,,,,,,,,,,,,,,,,,,,,,,,,,,,,
IN URB MT,Stock Turnover Ratio (STR),GARNIER,,,,,,,,,,,,,,,,,,,,,,,,,,,,,,,,,,,,,,,,,,,,,,,,,,,,,,,,,
IN URB MT,Stock Turnover Ratio (STR),POND'S,,,,,,,,,,,,,,,,,,,,,,,,,,,,,,,,,,,,,,,,,,,,,,,,,,,,,,,,,
IN URB MT,Stock Turnover Ratio (STR),CLEAN & CLEAR,,,,,,,,,,,,,,,,,,,,,,,,,,,,,,,,,,,,,,,,,,,,,,,,,,,,,,,,,
IN URB MT,Stock Turnover Ratio (STR),GLOW & LOVELY,,,,,,,,,,,,,,,,,,,,,,,,,,,,,,,,,,,,,,,,,,,,,,,,,,,,,,,,,
IN URB MT,Stock Turnover Ratio (STR),PATANJALI,,,,,,,,,,,,,,,,,,,,,,,,,,,,,,,,,,,,,,,,,,,,,,,,,,,,,,,,,
IN URB MT,Stock Turnover Ratio (STR),LAKME,,,,,,,,,,,,,,,,,,,,,,,,,,,,,,,,,,,,,,,,,,,,,,,,,,,,,,,,,
IN URB MT,Stock Turnover Ratio (STR),JOY,,,,,,,,,,,,,,,,,,,,,,,,,,,,,,,,,,,,,,,,,,,,,,,,,,,,,,,,,
IN URB MT,Stock Turnover Ratio (STR),NIVEA,,,,,,,,,,,,,,,,,,,,,,,,,,,,,,,,,,,,,,,,,,,,,,,,,,,,,,,,,
IN URB MT,Stock Turnover Ratio (STR),LOTUS,,,,,,,,,,,,,,,,,,,,,,,,,,,,,,,,,,,,,,,,,,,,,,,,,,,,,,,,,
IN URB MT,Stock Turnover Ratio (STR),VLCC,,,,,,,,,,,,,,,,,,,,,,,,,,,,,,,,,,,,,,,,,,,,,,,,,,,,,,,,,
IN URB MT,Stock Turnover Ratio (STR),EVERYUTH,,,,,,,,,,,,,,,,,,,,,,,,,,,,,,,,,,,,,,,,,,,,,,,,,,,,,,,,,
IN URB MT,Stock Turnover Ratio (STR),BIOTIQUE,,,,,,,,,,,,,,,,,,,,,,,,,,,,,,,,,,,,,,,,,,,,,,,,,,,,,,,,,
IN URB MT,Stock Turnover Ratio (STR),MEDIMIX,,,,,,,,,,,,,,,,,,,,,,,,,,,,,,,,,,,,,,,,,,,,,,,,,,,,,,,,,
IN URB MT,Stock Turnover Ratio (STR),WOW,,,,,,,,,,,,,,,,,,,,,,,,,,,,,,,,,,,,,,,,,,,,,,,,,,,,,,,,,
IN URB MT,Stock Turnover Ratio (STR),THE DERMA CO,,,,,,,,,,,,,,,,,,,,,,,,,,,,,,,,,,,,,,,,,,,,,,,,,,,,,,,,,
IN URB MT,Stock Turnover Ratio (STR),SIMPLE,,,,,,,,,,,,,,,,,,,,,,,,,,,,,,,,,,,,,,,,,,,,,,,,,,,,,,,,,
IN URB MT,Stock Turnover Ratio (STR),DOT & KEY,,,,,,,,,,,,,,,,,,,,,,,,,,,,,,,,,,,,,,,,,,,,,,,,,,,,,,,,,
IN URB MT,Stock Turnover Ratio (STR),JOVEES,,,,,,,,,,,,,,,,,,,,,,,,,,,,,,,,,,,,,,,,,,,,,,,,,,,,,,,,,
IN URB MT,Stock Turnover Ratio (STR),AHAGLOW,,,,,,,,,,,,,,,,,,,,,,,,,,,,,,,,,,,,,,,,,,,,,,,,,,,,,,,,,
IN URB MT,Stock Turnover Ratio (STR),CETAPHIL,,,,,,,,,,,,,,,,,,,,,,,,,,,,,,,,,,,,,,,,,,,,,,,,,,,,,,,,,
IN URB MT,Stock Turnover Ratio (STR),MINIMALIST,,,,,,,,,,,,,,,,,,,,,,,,,,,,,,,,,,,,,,,,,,,,,,,,,,,,,,,,,
IN URB MT,Stock Turnover Ratio (STR),CERAVE,,,,,,,,,,,,,,,,,,,,,,,,,,,,,,,,,,,,,,,,,,,,,,,,,,,,,,,,,
IN URB MT,Stock Turnover Ratio (STR),NIVEA MEN,,,,,,,,,,,,,,,,,,,,,,,,,,,,,,,,,,,,,,,,,,,,,,,,,,,,,,,,,
IN URB MT,DQI,FACE WASH,100.0,100.0,100.0,100.0,100.0,100.0,100.0,100.0,100.0,100.0,100.0,100.0,100.0,100.0,100.0,100.0,100.0,100.0,100.0,100.0,100.0,100.0,100.0,100.0,100.0,100.0,100.0,100.0,100.0,100.0,100.0,100.0,100.0,100.0,100.0,100.0,100.0,0.0,0.0,100.0,100.0,100.0,100.0,100.0,100.0,100.0,100.0,0.0,0.0,100.0,100.0,100.0,0.0,100.0,100.0,100.0,0.0
IN URB MT,DQI,MAMAEARTH,207.767,192.897,190.434,191.498,193.582,188.501,200.277,196.771,191.172,179.017,186.996,178.536,174.252,167.708,162.903,162.051,176.399,180.14,175.59,171.646,169.994,156.838,162.203,166.385,166.814,163.32,162.601,157.594,155.929,154.853,155.348,153.155,149.81,148.712,146.236,154.404,154.177,-0.07575503255122473,-0.00147016916660192,153.529,150.464,160.509,143.959,157.133,149.837,147.829,136.94,-0.04875693773921741,-0.07365943082886317,163.186,154.717,143.546,-0.07220279607282987,149.507,135.317,132.273,-0.022495325790551135
IN URB MT,DQI,HIMALAYA,109.953,106.662,110.523,111.631,109.2,106.014,108.859,107.322,108.654,111.585,111.278,106.296,107.258,107.357,108.189,108.227,112.609,109.709,107.724,109.777,113.576,108.772,110.986,114.215,107.733,107.629,108.992,108.433,113.3,107.027,112.691,111.511,112.493,108.642,107.83,110.641,111.852,0.03823341037565098,0.010945309604938558,105.222,106.574,107.969,106.659,105.862,105.862,105.081,107.622,0.009028773943127177,0.024181345818939715,105.248,107.028,107.922,0.0083529543670815,104.368,104.858,103.63,-0.01171107593125953
IN URB MT,DQI,GARNIER,121.468,122.355,124.071,121.988,118.277,118.221,125.45,118.042,122.546,119.016,117.958,118.286,119.392,120.883,119.408,125.051,128.403,118.201,119.636,117.561,126.055,120.406,115.238,116.698,123.929,115.825,124.283,123.718,127.108,126.318,128.477,122.337,121.057,121.259,117.238,117.625,123.849,-0.0006455309088267969,0.05291392136025519,116.08,115.973,117.054,116.1,113.933,116.815,122.133,112.616,-0.030008613264427164,-0.07792324760711677,116.271,113.506,112.861,-0.005682518985780427,113.965,112.34,108.186,-0.03697703400391661
IN URB MT,DQI,POND'S,121.473,121.163,123.558,122.955,124.584,120.957,125.23,122.057,121.746,124.577,121.658,126.957,117.114,126.593,121.364,125.199,124.954,123.739,124.99,123.862,125.079,124.699,122.605,122.567,118.727,119.894,120.196,122.931,120.289,121.374,120.713,118.017,117.896,114.269,113.631,121.229,117.295,-0.012061283448583704,-0.03245098120086776,114.867,118.951,121.281,121.311,118.173,113.683,114.581,110.79,-0.08672750204021074,-0.033085764655571115,113.703,117.857,110.864,-0.059334617375293774,110.448,116.516,108.779,-0.06640289745614347
IN URB MT,DQI,CLEAN & CLEAR,129.892,123.508,126.371,125.618,131.876,129.768,136.772,135.438,133.08,136.66,138.774,134.358,138.499,143.019,141.66,136.836,136.7,137.259,133.403,138.138,132.767,136.297,132.14,140.926,134.028,137.302,136.517,137.924,137.109,142.384,139.321,136.921,136.455,132.216,129.488,133.325,137.993,0.029583370638970985,0.03501218826176644,129.636,128.919,126.86,127.677,129.485,124.14,126.339,121.501,-0.04837206387994708,-0.038293796848162476,129.564,127.157,122.799,-0.03427259214986189,118.372,121.486,116.429,-0.04162619561101688
IN URB MT,DQI,GLOW & LOVELY,218.996,202.798,219.682,215.373,211.989,206.614,229.033,231.617,217.366,236.261,207.532,220.166,191.238,214.516,212.602,211.295,222.515,225.571,213.083,213.431,194.231,193.827,203.658,203.615,201.699,188.601,181.677,176.179,173.921,177.758,170.7,164.901,173.156,166.139,174.644,164.006,140.224,-0.3047858442530703,-0.14500688999182965,165.78,180.925,179.311,165.199,162.335,151.178,146.496,144.736,-0.1238687885519889,-0.012013979903888306,173.836,168.332,144.594,-0.1410189387638714,159.274,144.776,130.154,-0.10099740288445602
IN URB MT,DQI,PATANJALI,165.641,170.108,163.263,154.383,145.723,147.947,159.002,152.012,143.85,156.563,153.813,146.403,163.85,155.988,156.241,154.673,150.342,160.442,155.537,150.202,155.07,156.254,151.275,170.153,176.782,172.449,187.961,178.782,167.116,189.597,190.744,185.034,181.684,188.469,181.503,193.353,197.417,0.11672568474165912,0.021018551561134302,143.56,140.579,143.913,144.089,153.164,154.232,164.236,160.408,0.1132563901477559,-0.02330792274531779,143.327,144.547,164.393,0.13729790310418077,130.222,135.502,138.519,0.022265354016914873
IN URB MT,DQI,LAKME,180.981,169.932,170.419,171.742,179.834,169.683,174.253,175.875,179.86,182.206,184.371,182.605,189.588,190.759,197.051,196.149,199.206,203.829,198.089,187.434,173.835,179.42,175.119,182.775,182.862,180.143,179.799,184.508,182.511,194.273,188.603,173.582,171.119,166.681,173.294,181.743,208.772,0.14169154881823443,0.14872099613190048,165.915,173.574,170.682,156.602,164.909,159.791,164.753,148.265,-0.053236867983806224,-0.1000770850910151,163.292,162.397,155.606,-0.041817274949660366,134.036,147.201,134.752,-0.08457143633535091
IN URB MT,DQI,JOY,222.498,206.46,193.162,185.982,178.929,172.312,183.167,178.838,176.196,174.933,177.242,175.223,184.434,181.443,178.948,183.469,178.373,180.035,178.607,168.302,173.274,175.238,174.597,173.231,175.963,173.582,176.897,174.405,172.201,176.589,175.1,166.105,173.378,174.26,170.283,183.399,190.974,0.08530770673380195,0.04130338769567987,170.983,171.097,162.901,165.335,164.096,161.764,161.93,159.081,-0.03782623159040743,-0.017594022108318508,170.059,163.766,161.124,-0.0161327748128427,159.276,158.513,150.991,-0.04745352116230206
IN URB MT,DQI,NIVEA,133.048,130.239,133.716,132.553,135.021,136.608,144.097,142.512,138.561,139.642,143.779,143.894,138.627,139.139,136.952,139.428,138.43,136.566,137.173,139.397,141.529,146.434,142.799,146.97,145.908,148.509,150.676,142.42,146.38,155.823,149.537,142.269,148.275,148.799,143.773,154.193,164.29,0.12598349644981766,0.06548286887212762,131.651,130.915,131.29,135.954,137.7,135.239,135.964,134.401,-0.011422981302499302,-0.011495690035597583,132.792,135.927,137.569,0.012080013536677647,121.36,125.481,124.853,-0.005004741753731667
IN URB MT,DQI,LOTUS,287.587,266.187,277.23,283.954,295.201,272.087,285.613,267.204,290.095,297.007,300.022,314.407,309.239,300.513,307.17,284.292,270.757,304.5,310.716,264.025,263.325,289.171,266.011,265.754,275.532,257.266,282.456,267.556,268.862,272.132,256.081,262.903,274.754,279.268,265.401,284.488,354.287,0.2858288692420481,0.24534954022665278,255.087,245.726,258.796,235.106,230.182,226.425,234.832,225.737,-0.03985011016307538,-0.03872981535736186,266.08,221.33,248.224,0.12151086612750173,199.637,198.313,195.189,-0.01575287550488369
IN URB MT,DQI,VLCC,243.127,243.947,239.213,252.877,263.78,244.618,270.471,265.2,261.038,252.277,268.947,271.757,281.256,256.795,263.077,271.022,272.486,291.597,277.63,256.994,247.243,248.142,244.518,245.707,241.937,229.197,245.681,246.511,248.855,264.51,244.741,241.125,274.115,271.631,253.686,332.382,381.786,0.5780389109561579,0.14863620773688102,235.715,231.027,235.542,210.605,217.285,216.17,220.372,225.173,0.06917214691009232,0.021785889314431817,234.044,216.299,249.248,0.1523308013444351,201.33,185.356,192.258,0.03723645309566459
IN URB MT,DQI,EVERYUTH,204.982,208.127,202.302,205.602,207.857,198.38,216.471,194.451,174.859,174.04,174.782,176.745,172.605,180.94,178.223,178.537,174.284,182.538,169.901,178.802,181.103,183.152,185.515,183.797,192.584,184.783,190.979,185.586,187.972,201.787,192.855,176.371,192.676,199.068,187.627,204.867,206.764,0.07363020811697751,0.009259666027227498,150.235,155.375,154.559,161.379,171.615,161.994,168.091,161.022,-0.0022121837413789924,-0.042054601376635414,147.76,171.681,161.155,-0.061311385651295236,138.101,144.033,145.995,0.013621878319551861
IN URB MT,DQI,BIOTIQUE,165.599,234.819,237.213,245.515,257.218,244.831,253.759,220.984,198.184,220.183,214.85,217.379,221.864,222.492,215.112,213.253,205.004,222.487,212.035,190.935,184.345,183.268,171.625,179.18,195.687,185.85,186.192,196.593,198.409,215.559,216.985,194.914,211.442,214.901,211.695,245.727,252.862,0.29217577049063026,0.029036288238573738,195.694,197.462,182.138,166.468,170.284,171.64,183.308,183.425,0.10186342119806824,0.0006382700154932142,192.959,167.792,186.842,0.1135334223324116,177.459,167.161,161.371,-0.034637265869431166
IN URB MT,DQI,MEDIMIX,318.857,288.136,279.458,278.594,278.739,269.744,327.352,256.04,216.222,227.225,213.464,212.445,259.011,237.114,243.494,244.319,245.254,243.814,249.996,250.647,243.441,255.863,260.007,262.97,264.805,247.81,262.279,254.546,234.894,280.149,288.102,283.472,309.607,331.743,307.16,375.468,378.573,0.42962934989898205,0.008269679440058741,219.5,222.46,224.988,230.227,240.226,216.867,258.158,274.003,0.19014277213358977,0.06137714113062542,211.427,241.887,292.069,0.2074605084192207,187.933,209.851,207.092,-0.013147423648207424
IN URB MT,DQI,WOW,406.571,361.206,364.305,378.822,366.971,377.228,442.054,385.041,410.445,396.599,390.999,368.919,408.342,347.922,370.435,371.792,349.377,404.764,390.498,379.497,434.803,413.971,386.34,411.184,464.082,418.017,422.314,366.784,358.453,395.865,387.424,360.982,333.4,313.945,270.656,301.335,532.303,0.1470020384328632,0.7664824862694344,339.563,323.388,362.298,343.917,379.294,316.932,315.702,280.052,-0.1856988750192633,-0.11292294632279798,346.145,365.931,304.966,-0.16660244690938997,313.381,303.213,250.692,-0.1732148687556273
IN URB MT,DQI,THE DERMA CO,,,,,43.678,0.0,,,306.027,0.0,74.282,219.172,564.948,306.641,454.352,627.803,272.734,642.177,177.271,297.109,108.774,90.651,121.359,107.188,98.219,184.943,343.303,394.407,260.935,211.043,205.563,246.132,265.069,270.623,374.932,399.667,452.212,3.6041193659068007,0.13147195039870696,295.676,338.87,174.197,120.969,167.261,281.826,197.673,357.766,1.957501508650977,0.8098880474318699,199.609,103.352,382.84,2.7042340738447246,232.595,130.103,337.796,1.5963736424217734
IN URB MT,DQI,SIMPLE,801.276,671.973,780.233,741.797,619.121,529.654,562.41,577.774,486.23,529.375,538.975,533.312,584.91,510.83,456.769,541.66,515.533,770.638,492.619,458.268,489.407,555.209,425.74,424.237,454.187,405.21,389.126,371.11,289.986,303.22,288.597,310.083,274.855,261.404,213.241,231.422,231.414,-0.49048739836234856,-3.4568882820162905e-05,476.886,385.113,464.682,427.2,387.31,268.607,252.786,199.942,-0.5319709737827716,-0.2090463870625746,552.872,402.151,199.432,-0.5040867733761697,452.908,417.906,192.719,-0.5388460562901705
IN URB MT,DQI,DOT & KEY,573.445,534.833,534.285,524.715,558.361,482.922,510.354,648.44,630.83,465.596,600.957,424.12,346.273,348.037,317.774,281.202,357.914,95.516,46.44,64.711,1.657,22.187,58.058,130.915,52.99,72.055,41.777,62.012,50.3,52.114,61.194,115.584,85.502,80.698,201.766,175.647,87.815,0.6571994715984146,-0.500048392514532,396.31,360.506,63.743,39.38,70.38,58.719,90.988,190.684,3.8421533773489074,1.0957049281223896,408.824,82.344,165.032,1.0041775964247548,402.343,122.267,164.256,0.34342054683602274
IN URB MT,DQI,JOVEES,172.321,208.922,184.414,182.585,167.619,147.246,138.621,151.464,196.235,195.149,184.258,200.226,203.676,190.465,210.26,195.355,183.639,162.863,154.927,153.053,176.428,164.115,160.8,193.528,178.672,187.038,163.836,157.39,173.217,141.29,140.411,146.588,128.144,95.126,106.099,114.735,106.047,-0.40647107549028383,-0.07572231664269846,201.177,200.511,152.895,162.877,174.779,159.249,133.31,116.414,-0.28526434057601757,-0.1267421798814793,191.942,168.236,96.947,-0.4237440262488409,185.484,178.657,140.031,-0.21620199600351508
IN URB MT,DQI,AHAGLOW,69.903,174.887,161.635,162.198,168.31,276.574,163.534,331.779,305.759,196.042,190.566,146.322,172.5,,,,,,113.121,118.137,49.112,56.736,52.414,88.112,41.68,58.015,51.509,92.212,158.356,61.773,103.333,108.562,60.444,37.651,33.824,40.678,105.882,1.5403550863723612,1.6029303308913914,171.064,,115.263,55.593,51.335,98.57,84.685,34.485,-0.37968809022718697,-0.5927850268642617,174.719,47.902,49.074,0.024466619347835117,190.622,76.34,63.49,-0.16832591040083833
IN URB MT,DQI,CETAPHIL,,,590.789,508.712,293.518,404.66,,,139.791,172.79,144.311,186.754,180.387,161.213,246.128,175.921,183.692,175.845,126.601,64.757,104.341,130.706,121.119,148.215,111.209,89.674,91.832,248.319,105.722,73.016,118.213,72.856,390.54,319.657,365.424,279.346,269.952,1.4274294346680572,-0.03362854667688098,177.566,189.163,102.642,99.846,88.605,176.835,62.222,315.851,2.1633816076758206,4.076194914981839,169.644,109.204,248.473,1.275310428189444,210.476,88.656,245.034,1.7638738494856523
IN URB MT,DQI,MINIMALIST,279.307,234.87,274.368,301.297,492.627,437.882,218.708,278.606,387.722,388.986,529.963,481.563,551.398,516.375,220.847,160.949,441.05,299.283,219.691,193.047,214.903,214.194,277.778,307.043,279.967,209.367,203.482,132.202,691.667,587.153,769.908,815.785,814.553,719.293,669.274,511.056,677.012,1.4181850003750442,0.32473153626999784,558.437,183.572,229.528,176.642,257.226,531.487,781.697,647.765,2.667106350698022,-0.1713349290070194,565.607,280.048,486.2,0.7361309489801748,298.546,161.555,473.35,1.9299619324688186
IN URB MT,DQI,CERAVE,,,,,,,,,,,,,,,,,,,,,,,,,,,81.04,0.0,81.751,0.0,,,177.065,131.822,185.617,246.382,323.657,,0.31363898336729124,,,,,,72.675,0.0,203.287,,,,,282.198,,,,135.38,
IN URB MT,DQI,NIVEA MEN,,,,,,58.123,125.323,105.978,120.127,107.991,72.923,111.023,92.827,0.0,201.389,60.417,58.333,0.0,0.0,,64.583,0.0,0.0,,,,,,61.855,0.0,73.494,62.79,38.076,39.395,0.0,,21.807,,,105.995,147.872,0.0,55.319,,54.856,64.552,48.864,-0.11668685261844947,-0.2430288759449747,100.821,0.0,22.463,,80.127,144.324,41.515,-0.7123486045286993
