ForecastKey,DateKey,Chain_ID,Zone,SKU_Code,Forecast_Qty,Forecast_Revenue,Target_Revenue,Forecast_CM2_Value,Confidence_Level,Forecast_Type
1,202604,CH01,North,SKU-101,257,49609.4,51732.53,16513.11,0.91,Rolling
2,202604,CH01,North,SKU-102,268,83838.72,82406.23,29056.63,0.9,Rolling
3,202604,CH01,North,SKU-103,255,35654.47,36854.99,11596.13,0.67,Rolling
4,202604,CH01,North,SKU-201,265,29394.03,30788.02,9793.64,0.67,Rolling
5,202604,CH01,North,SKU-202,282,62550.83,61357.79,20959.03,0.75,Rolling
6,202604,CH01,North,SKU-203,283,41207.52,41386.96,13480.95,0.91,Rolling
7,202604,CH01,North,SKU-301,273,42456.95,41852.86,14661.75,0.79,Rolling
8,202604,CH01,North,SKU-302,281,24245.92,25417.58,8346.75,0.7,Rolling
9,202604,CH01,North,SKU-303,259,53260.43,54629.19,18240.94,0.8,Rolling
10,202604,CH01,North,SKU-401,286,93572.37,94175.37,32616.43,0.89,Rolling
11,202604,CH01,North,SKU-402,274,40272.34,39983.76,13287.53,0.94,Rolling
12,202604,CH01,South,SKU-101,291,55492.57,55021.31,18005.83,0.94,Rolling
13,202604,CH01,South,SKU-102,265,71874.69,72218.76,23051.57,0.88,Rolling
14,202604,CH01,South,SKU-103,274,38147.39,37045.08,12292.23,0.74,Rolling
15,202604,CH01,South,SKU-201,276,29307.59,29451.93,9618.48,0.72,Rolling
16,202604,CH01,South,SKU-202,249,56994.14,55207.44,18541.12,0.91,Rolling
17,202604,CH01,South,SKU-203,282,37682.26,36785.33,13165.56,0.89,Rolling
18,202604,CH01,South,SKU-301,260,41438.69,40597.81,13790.65,0.71,Rolling
19,202604,CH01,South,SKU-302,246,20704.33,21366.99,7243.79,0.67,Rolling
20,202604,CH01,South,SKU-303,269,56714.79,58189.36,18742.53,0.79,Rolling
21,202604,CH01,South,SKU-401,274,93329.36,97278.54,30619.56,0.95,Rolling
22,202604,CH01,South,SKU-402,278,38611.82,37733.53,12673.37,0.68,Rolling
23,202604,CH01,East,SKU-101,247,49761.31,50298.59,16076.76,0.91,Rolling
24,202604,CH01,East,SKU-102,275,81727.25,79072.55,27314.35,0.84,Rolling
25,202604,CH01,East,SKU-103,217,30692.04,29929.85,10216.97,0.8,Rolling
26,202604,CH01,East,SKU-201,249,26362.8,25820.95,8446.9,0.67,Rolling
27,202604,CH01,East,SKU-202,265,57989.0,58732.32,19508.49,0.72,Rolling
28,202604,CH01,East,SKU-203,262,38042.87,39006.17,12805.31,0.76,Rolling
29,202604,CH01,East,SKU-301,263,36522.4,38304.63,12415.11,0.85,Rolling
30,202604,CH01,East,SKU-302,269,22686.31,23571.79,7633.93,0.77,Rolling
31,202604,CH01,East,SKU-303,240,49825.66,50393.89,16706.94,0.78,Rolling
32,202604,CH01,East,SKU-401,274,104427.73,105354.99,34391.79,0.78,Rolling
33,202604,CH01,East,SKU-402,286,37385.15,38056.24,12317.09,0.89,Rolling
34,202604,CH01,West,SKU-101,249,43938.7,41797.1,15244.39,0.82,Rolling
35,202604,CH01,West,SKU-102,263,77404.01,77473.69,27071.89,0.94,Rolling
36,202604,CH01,West,SKU-103,276,41882.31,42646.58,13529.97,0.75,Rolling
37,202604,CH01,West,SKU-201,241,23634.6,23599.74,8119.51,0.8,Rolling
38,202604,CH01,West,SKU-202,262,59241.45,57886.41,20050.15,0.94,Rolling
39,202604,CH01,West,SKU-203,246,33287.22,34847.11,11422.65,0.92,Rolling
40,202604,CH01,West,SKU-301,245,39723.0,41420.22,12819.31,0.68,Rolling
41,202604,CH01,West,SKU-302,222,18471.6,19339.91,6281.01,0.88,Rolling
42,202604,CH01,West,SKU-303,284,59968.26,60542.8,19755.73,0.82,Rolling
43,202604,CH01,West,SKU-401,271,104008.17,103082.94,35664.58,0.68,Rolling
44,202604,CH01,West,SKU-402,284,35288.26,34805.68,11938.7,0.69,Rolling
45,202604,CH02,North,SKU-101,299,62036.59,63321.6,20465.34,0.77,Rolling
46,202604,CH02,North,SKU-102,282,83829.78,82900.65,28052.33,0.95,Rolling
47,202604,CH02,North,SKU-103,255,37247.08,38234.54,12772.78,0.74,Rolling
48,202604,CH02,North,SKU-201,242,24825.64,24603.05,8680.33,0.79,Rolling
49,202604,CH02,North,SKU-202,258,57695.21,58267.41,18628.06,0.76,Rolling
50,202604,CH02,North,SKU-203,305,40270.61,40776.68,13986.48,0.73,Rolling
51,202604,CH02,North,SKU-301,270,38519.09,39365.21,13036.19,0.85,Rolling
52,202604,CH02,North,SKU-302,263,23943.38,23262.29,7963.32,0.71,Rolling
53,202604,CH02,North,SKU-303,267,49798.74,50233.81,16235.84,0.89,Rolling
54,202604,CH02,North,SKU-401,285,108070.93,104770.77,36570.05,0.95,Rolling
55,202604,CH02,North,SKU-402,262,33549.85,33551.51,11534.33,0.7,Rolling
56,202604,CH02,South,SKU-101,278,51786.75,52625.27,17297.29,0.89,Rolling
57,202604,CH02,South,SKU-102,251,66381.64,64350.72,22548.82,0.91,Rolling
58,202604,CH02,South,SKU-103,257,39335.89,38201.34,13544.71,0.88,Rolling
59,202604,CH02,South,SKU-201,250,27339.79,26895.05,9268.0,0.67,Rolling
60,202604,CH02,South,SKU-202,275,65418.24,64472.61,21486.4,0.9,Rolling
61,202604,CH02,South,SKU-203,233,30915.63,30250.32,10738.62,0.88,Rolling
62,202604,CH02,South,SKU-301,238,36361.17,37818.77,11976.95,0.82,Rolling
63,202604,CH02,South,SKU-302,270,23564.45,22870.78,8074.86,0.79,Rolling
64,202604,CH02,South,SKU-303,311,64331.25,67166.44,21866.43,0.91,Rolling
65,202604,CH02,South,SKU-401,288,103279.16,99729.05,34708.59,0.72,Rolling
66,202604,CH02,South,SKU-402,282,37713.64,36841.69,13198.3,0.67,Rolling
67,202604,CH02,East,SKU-101,230,48060.48,50363.72,16323.64,0.91,Rolling
68,202604,CH02,East,SKU-102,250,66764.86,67253.09,22929.0,0.76,Rolling
69,202604,CH02,East,SKU-103,250,39275.64,40580.48,13108.76,0.83,Rolling
70,202604,CH02,East,SKU-201,258,29276.92,27956.69,10147.26,0.82,Rolling
71,202604,CH02,East,SKU-202,269,56657.56,55209.69,19546.04,0.83,Rolling
72,202604,CH02,East,SKU-203,297,37522.69,35669.4,12578.95,0.95,Rolling
73,202604,CH02,East,SKU-301,279,45404.59,46683.74,14550.47,0.9,Rolling
74,202604,CH02,East,SKU-302,260,21705.96,21637.76,7222.57,0.74,Rolling
75,202604,CH02,East,SKU-303,252,55031.54,56560.27,18098.67,0.72,Rolling
76,202604,CH02,East,SKU-401,255,90623.89,91579.07,30917.71,0.85,Rolling
77,202604,CH02,East,SKU-402,260,36563.44,36012.97,11933.53,0.76,Rolling
78,202604,CH02,West,SKU-101,259,52806.22,54670.86,17246.11,0.67,Rolling
79,202604,CH02,West,SKU-102,282,79593.24,76124.05,26010.12,0.89,Rolling
80,202604,CH02,West,SKU-103,286,42134.53,40593.41,13576.81,0.95,Rolling
81,202604,CH02,West,SKU-201,277,30242.09,31270.55,10409.37,0.65,Rolling
82,202604,CH02,West,SKU-202,253,55351.82,58022.45,18817.52,0.94,Rolling
83,202604,CH02,West,SKU-203,254,33386.9,35021.4,10841.75,0.8,Rolling
84,202604,CH02,West,SKU-301,285,43060.76,45155.05,14328.87,0.83,Rolling
85,202604,CH02,West,SKU-302,277,22164.65,22367.83,7101.11,0.65,Rolling
86,202604,CH02,West,SKU-303,275,51822.59,52616.88,16666.71,0.74,Rolling
87,202604,CH02,West,SKU-401,250,90669.13,92674.14,29708.37,0.68,Rolling
88,202604,CH02,West,SKU-402,241,35515.94,34513.43,11638.65,0.68,Rolling
89,202604,CH03,North,SKU-101,275,54215.02,56172.89,18139.95,0.69,Rolling
90,202604,CH03,North,SKU-102,260,76468.23,76705.31,26036.59,0.84,Rolling
91,202604,CH03,North,SKU-103,293,46862.46,45684.84,15949.43,0.92,Rolling
92,202604,CH03,North,SKU-201,264,28613.22,27352.88,9655.39,0.69,Rolling
93,202604,CH03,North,SKU-202,246,56080.1,55210.24,18004.36,0.81,Rolling
94,202604,CH03,North,SKU-203,265,38080.23,39660.85,13050.01,0.9,Rolling
95,202604,CH03,North,SKU-301,255,36641.72,37612.96,12767.35,0.87,Rolling
96,202604,CH03,North,SKU-302,293,25240.89,25053.51,8134.12,0.66,Rolling
97,202604,CH03,North,SKU-303,280,56548.26,56874.32,18566.0,0.79,Rolling
98,202604,CH03,North,SKU-401,269,100381.27,99891.05,33939.84,0.92,Rolling
99,202604,CH03,North,SKU-402,291,37869.32,36108.33,12414.78,0.73,Rolling
100,202604,CH03,South,SKU-101,296,52374.64,50464.95,17004.49,0.84,Rolling
101,202604,CH03,South,SKU-102,282,87926.01,85303.22,28953.44,0.72,Rolling
102,202604,CH03,South,SKU-103,263,40539.01,41504.61,13568.55,0.66,Rolling
103,202604,CH03,South,SKU-201,238,25767.4,25033.88,8803.62,0.89,Rolling
104,202604,CH03,South,SKU-202,266,58511.82,59555.38,20064.87,0.95,Rolling
105,202604,CH03,South,SKU-203,262,33398.01,32409.67,11382.1,0.93,Rolling
106,202604,CH03,South,SKU-301,265,38656.96,38483.21,12707.3,0.72,Rolling
107,202604,CH03,South,SKU-302,282,24998.54,25732.91,8199.19,0.83,Rolling
108,202604,CH03,South,SKU-303,278,55035.48,54191.12,18991.52,0.88,Rolling
109,202604,CH03,South,SKU-401,261,84495.96,81067.75,28516.21,0.67,Rolling
110,202604,CH03,South,SKU-402,262,34258.04,35160.08,11728.72,0.72,Rolling
111,202604,CH03,East,SKU-101,281,52914.64,51382.34,17760.17,0.93,Rolling
112,202604,CH03,East,SKU-102,277,82509.68,81909.03,27867.3,0.87,Rolling
113,202604,CH03,East,SKU-103,271,42907.82,43401.57,13924.61,0.9,Rolling
114,202604,CH03,East,SKU-201,302,31338.75,30583.14,10737.78,0.87,Rolling
115,202604,CH03,East,SKU-202,250,52650.22,54215.29,17569.87,0.75,Rolling
116,202604,CH03,East,SKU-203,251,35172.18,35349.56,11383.92,0.68,Rolling
117,202604,CH03,East,SKU-301,240,37929.27,36254.43,12774.89,0.68,Rolling
118,202604,CH03,East,SKU-302,295,26924.9,28072.41,9271.42,0.9,Rolling
119,202604,CH03,East,SKU-303,273,51710.97,50817.4,17522.51,0.7,Rolling
120,202604,CH03,East,SKU-401,258,86270.38,87035.11,29995.8,0.87,Rolling
121,202604,CH03,East,SKU-402,278,37722.56,36540.2,13083.74,0.72,Rolling
122,202604,CH03,West,SKU-101,244,43998.61,43434.97,14116.89,0.69,Rolling
123,202604,CH03,West,SKU-102,252,74707.79,77225.5,24743.18,0.91,Rolling
124,202604,CH03,West,SKU-103,255,36221.73,36658.42,12047.21,0.83,Rolling
125,202604,CH03,West,SKU-201,283,30136.33,31448.01,9914.01,0.76,Rolling
126,202604,CH03,West,SKU-202,281,59150.05,58417.46,19758.19,0.78,Rolling
127,202604,CH03,West,SKU-203,253,36100.35,36033.04,12288.63,0.92,Rolling
128,202604,CH03,West,SKU-301,249,38151.03,39291.78,12249.82,0.95,Rolling
129,202604,CH03,West,SKU-302,268,22667.43,21929.28,7791.87,0.94,Rolling
130,202604,CH03,West,SKU-303,266,56429.88,56322.95,19198.62,0.78,Rolling
131,202604,CH03,West,SKU-401,273,99632.28,95176.97,34324.57,0.9,Rolling
132,202604,CH03,West,SKU-402,257,34829.52,35166.19,11445.7,0.83,Rolling
133,202604,CH04,North,SKU-101,260,45263.66,43458.32,15560.18,0.94,Rolling
134,202604,CH04,North,SKU-102,266,71535.33,71900.38,23201.74,0.83,Rolling
135,202604,CH04,North,SKU-103,301,48021.56,45733.34,15907.86,0.68,Rolling
136,202604,CH04,North,SKU-201,263,26702.24,26482.01,8785.51,0.85,Rolling
137,202604,CH04,North,SKU-202,298,62901.37,61459.18,21739.97,0.82,Rolling
138,202604,CH04,North,SKU-203,268,36104.44,35304.69,12574.99,0.92,Rolling
139,202604,CH04,North,SKU-301,242,34887.73,34576.45,12081.81,0.81,Rolling
140,202604,CH04,North,SKU-302,262,24354.3,24657.56,8135.36,0.72,Rolling
141,202604,CH04,North,SKU-303,262,52597.38,52075.09,17653.93,0.88,Rolling
142,202604,CH04,North,SKU-401,262,93692.72,95240.56,31984.96,0.91,Rolling
143,202604,CH04,North,SKU-402,264,38989.6,38736.22,13205.69,0.85,Rolling
144,202604,CH04,South,SKU-101,272,54722.36,56384.56,18418.96,0.8,Rolling
145,202604,CH04,South,SKU-102,247,68996.12,67691.03,24052.71,0.89,Rolling
146,202604,CH04,South,SKU-103,278,39620.55,41516.22,13124.36,0.68,Rolling
147,202604,CH04,South,SKU-201,270,30119.09,28646.16,10438.94,0.73,Rolling
148,202604,CH04,South,SKU-202,291,66093.73,68163.26,22709.1,0.92,Rolling
149,202604,CH04,South,SKU-203,272,40433.27,38882.84,13969.14,0.8,Rolling
150,202604,CH04,South,SKU-301,265,36926.43,36950.29,12781.22,0.71,Rolling
151,202604,CH04,South,SKU-302,266,23094.47,22767.37,7695.45,0.81,Rolling
152,202604,CH04,South,SKU-303,276,54704.26,56441.01,18381.27,0.75,Rolling
153,202604,CH04,South,SKU-401,278,98921.08,94535.07,32158.9,0.74,Rolling
154,202604,CH04,South,SKU-402,259,32042.93,32862.21,10508.81,0.74,Rolling
155,202604,CH04,East,SKU-101,271,55782.9,53469.97,18594.2,0.9,Rolling
156,202604,CH04,East,SKU-102,275,78023.29,79635.99,27245.56,0.92,Rolling
157,202604,CH04,East,SKU-103,287,40031.31,38979.08,13321.74,0.87,Rolling
158,202604,CH04,East,SKU-201,276,28721.6,29945.76,9893.16,0.75,Rolling
159,202604,CH04,East,SKU-202,237,49787.33,50921.77,16206.38,0.8,Rolling
160,202604,CH04,East,SKU-203,244,32213.12,33527.84,11221.32,0.65,Rolling
161,202604,CH04,East,SKU-301,268,43857.6,43938.33,14133.04,0.68,Rolling
162,202604,CH04,East,SKU-302,264,24072.31,24957.26,7967.78,0.66,Rolling
163,202604,CH04,East,SKU-303,327,70889.33,69958.39,22706.04,0.86,Rolling
164,202604,CH04,East,SKU-401,251,89437.72,90665.74,30604.03,0.7,Rolling
165,202604,CH04,East,SKU-402,289,38672.26,40517.64,13050.48,0.91,Rolling
166,202604,CH04,West,SKU-101,272,47719.87,46292.34,15536.65,0.73,Rolling
167,202604,CH04,West,SKU-102,260,73764.35,70805.41,23698.34,0.85,Rolling
168,202604,CH04,West,SKU-103,272,42386.18,43775.09,14107.43,0.84,Rolling
169,202604,CH04,West,SKU-201,266,25988.97,26146.26,9081.58,0.81,Rolling
170,202604,CH04,West,SKU-202,300,73485.44,74067.6,23608.53,0.83,Rolling
171,202604,CH04,West,SKU-203,259,37343.08,36505.58,12842.15,0.74,Rolling
172,202604,CH04,West,SKU-301,263,40800.37,41047.1,14175.71,0.85,Rolling
173,202604,CH04,West,SKU-302,265,21925.45,22022.44,7641.38,0.84,Rolling
174,202604,CH04,West,SKU-303,287,61052.48,63766.19,20036.67,0.7,Rolling
175,202604,CH04,West,SKU-401,269,89844.55,85389.18,29674.58,0.94,Rolling
176,202604,CH04,West,SKU-402,279,35756.83,35242.25,11624.37,0.68,Rolling
177,202604,CH05,North,SKU-101,252,46839.32,46659.73,15276.39,0.74,Rolling
178,202604,CH05,North,SKU-102,254,76067.72,77094.26,25225.31,0.92,Rolling
179,202604,CH05,North,SKU-103,321,46257.98,46376.55,14929.19,0.78,Rolling
180,202604,CH05,North,SKU-201,274,27592.54,27709.66,9623.29,0.71,Rolling
181,202604,CH05,North,SKU-202,277,57003.69,57299.13,18420.64,0.66,Rolling
182,202604,CH05,North,SKU-203,252,35578.67,34520.13,12098.45,0.7,Rolling
183,202604,CH05,North,SKU-301,275,43005.4,45134.4,14971.67,0.65,Rolling
184,202604,CH05,North,SKU-302,293,27974.25,27363.93,9272.38,0.68,Rolling
185,202604,CH05,North,SKU-303,247,53515.63,54108.3,18274.28,0.88,Rolling
186,202604,CH05,North,SKU-401,258,82333.89,81104.23,26943.27,0.67,Rolling
187,202604,CH05,North,SKU-402,253,37084.59,35750.53,12465.22,0.83,Rolling
188,202604,CH05,South,SKU-101,272,50449.67,48185.85,16742.74,0.71,Rolling
189,202604,CH05,South,SKU-102,273,79097.51,78577.34,26230.32,0.9,Rolling
190,202604,CH05,South,SKU-103,255,40631.25,40302.95,13364.39,0.79,Rolling
191,202604,CH05,South,SKU-201,244,23528.01,22791.92,7884.83,0.9,Rolling
192,202604,CH05,South,SKU-202,288,59343.18,59751.58,19984.44,0.9,Rolling
193,202604,CH05,South,SKU-203,262,32323.57,32353.03,10882.23,0.9,Rolling
194,202604,CH05,South,SKU-301,270,42025.6,43455.89,13635.17,0.91,Rolling
195,202604,CH05,South,SKU-302,278,23040.95,24023.64,7395.37,0.79,Rolling
196,202604,CH05,South,SKU-303,261,55524.12,54748.88,18478.82,0.94,Rolling
197,202604,CH05,South,SKU-401,267,92430.86,94428.21,29881.32,0.73,Rolling
198,202604,CH05,South,SKU-402,231,33344.82,31759.82,11345.9,0.93,Rolling
199,202604,CH05,East,SKU-101,257,53739.64,56223.91,17575.44,0.68,Rolling
200,202604,CH05,East,SKU-102,250,75047.74,76355.35,24771.94,0.7,Rolling
201,202604,CH05,East,SKU-103,274,43434.97,43180.26,14340.45,0.74,Rolling
202,202604,CH05,East,SKU-201,255,24505.29,24130.01,7868.58,0.71,Rolling
203,202604,CH05,East,SKU-202,282,65160.6,66573.83,21987.5,0.94,Rolling
204,202604,CH05,East,SKU-203,252,32167.18,32493.06,10980.77,0.75,Rolling
205,202604,CH05,East,SKU-301,272,40734.23,42176.28,13977.81,0.67,Rolling
206,202604,CH05,East,SKU-302,276,24549.94,25671.6,8503.41,0.77,Rolling
207,202604,CH05,East,SKU-303,260,52317.02,50298.88,17603.54,0.65,Rolling
208,202604,CH05,East,SKU-401,261,99989.21,102261.39,33045.4,0.68,Rolling
209,202604,CH05,East,SKU-402,271,37107.75,38352.2,12560.0,0.84,Rolling
210,202604,CH05,West,SKU-101,272,56453.19,56525.02,18582.85,0.79,Rolling
211,202604,CH05,West,SKU-102,253,72865.26,69974.7,23748.93,0.79,Rolling
212,202604,CH05,West,SKU-103,293,46051.91,45310.6,15526.05,0.78,Rolling
213,202604,CH05,West,SKU-201,278,28875.68,28286.6,9522.78,0.94,Rolling
214,202604,CH05,West,SKU-202,253,56777.12,58838.28,18878.4,0.87,Rolling
215,202604,CH05,West,SKU-203,290,38646.89,38092.52,13332.62,0.66,Rolling
216,202604,CH05,West,SKU-301,261,40158.8,39902.95,13501.33,0.71,Rolling
217,202604,CH05,West,SKU-302,267,25263.44,24659.23,8742.03,0.84,Rolling
218,202604,CH05,West,SKU-303,292,55743.65,55082.76,18433.59,0.76,Rolling
219,202604,CH05,West,SKU-401,261,86088.61,89067.11,29646.51,0.79,Rolling
220,202604,CH05,West,SKU-402,290,35872.4,36300.02,11971.96,0.82,Rolling
221,202604,CH06,North,SKU-101,276,48856.72,47199.09,16708.81,0.78,Rolling
222,202604,CH06,North,SKU-102,267,78443.86,75974.18,26577.37,0.7,Rolling
223,202604,CH06,North,SKU-103,238,34352.32,35688.6,11049.38,0.7,Rolling
224,202604,CH06,North,SKU-201,272,25879.2,24604.01,9048.46,0.85,Rolling
225,202604,CH06,North,SKU-202,263,56333.31,55459.44,19123.54,0.91,Rolling
226,202604,CH06,North,SKU-203,253,31966.47,31055.4,10264.92,0.69,Rolling
227,202604,CH06,North,SKU-301,298,41709.12,43626.6,14446.78,0.88,Rolling
228,202604,CH06,North,SKU-302,301,28158.58,28693.57,9745.48,0.89,Rolling
229,202604,CH06,North,SKU-303,263,50257.23,49395.78,16245.0,0.93,Rolling
230,202604,CH06,North,SKU-401,260,89655.27,93778.77,29590.85,0.88,Rolling
231,202604,CH06,North,SKU-402,290,38539.08,39493.87,13387.97,0.88,Rolling
232,202604,CH06,South,SKU-101,256,48115.95,48482.74,16597.26,0.71,Rolling
233,202604,CH06,South,SKU-102,285,88133.53,85242.49,29315.02,0.9,Rolling
234,202604,CH06,South,SKU-103,263,41158.63,41492.52,13825.06,0.9,Rolling
235,202604,CH06,South,SKU-201,256,24904.02,25142.95,8156.47,0.75,Rolling
236,202604,CH06,South,SKU-202,269,55645.71,56680.33,18522.74,0.91,Rolling
237,202604,CH06,South,SKU-203,279,38774.35,37199.04,13316.2,0.95,Rolling
238,202604,CH06,South,SKU-301,271,39163.15,38918.76,13538.03,0.7,Rolling
239,202604,CH06,South,SKU-302,258,23607.54,23314.54,8211.46,0.68,Rolling
240,202604,CH06,South,SKU-303,264,50087.27,50870.7,16274.68,0.67,Rolling
241,202604,CH06,South,SKU-401,248,88143.06,90755.14,29085.41,0.83,Rolling
242,202604,CH06,South,SKU-402,270,38424.55,39310.4,12349.29,0.81,Rolling
243,202604,CH06,East,SKU-101,268,49114.84,47984.38,16322.84,0.72,Rolling
244,202604,CH06,East,SKU-102,248,72204.44,74813.64,24905.77,0.73,Rolling
245,202604,CH06,East,SKU-103,272,44563.03,44136.4,14786.47,0.74,Rolling
246,202604,CH06,East,SKU-201,268,27217.98,28034.37,9390.96,0.74,Rolling
247,202604,CH06,East,SKU-202,268,54996.89,57137.07,17960.64,0.85,Rolling
248,202604,CH06,East,SKU-203,274,39774.85,38190.11,13142.04,0.81,Rolling
249,202604,CH06,East,SKU-301,286,45941.18,45480.11,14961.55,0.88,Rolling
250,202604,CH06,East,SKU-302,244,19716.16,19433.07,6664.7,0.82,Rolling
251,202604,CH06,East,SKU-303,265,50284.77,50062.93,17529.15,0.91,Rolling
252,202604,CH06,East,SKU-401,250,95153.15,95407.68,31984.32,0.88,Rolling
253,202604,CH06,East,SKU-402,261,38615.19,39279.94,12534.97,0.69,Rolling
254,202604,CH06,West,SKU-101,254,46896.93,44652.39,16335.38,0.7,Rolling
255,202604,CH06,West,SKU-102,256,79539.47,82555.49,26542.86,0.77,Rolling
256,202604,CH06,West,SKU-103,273,38011.78,39681.34,12376.67,0.71,Rolling
257,202604,CH06,West,SKU-201,269,25449.95,24553.99,8432.7,0.86,Rolling
258,202604,CH06,West,SKU-202,256,57960.57,60212.88,19114.36,0.69,Rolling
259,202604,CH06,West,SKU-203,269,33907.83,33652.45,10868.6,0.66,Rolling
260,202604,CH06,West,SKU-301,269,43533.77,43978.48,14523.65,0.77,Rolling
261,202604,CH06,West,SKU-302,270,25509.89,26781.06,8302.06,0.69,Rolling
262,202604,CH06,West,SKU-303,250,51513.51,53305.79,17646.2,0.78,Rolling
263,202604,CH06,West,SKU-401,275,97031.17,96794.91,32927.81,0.82,Rolling
264,202604,CH06,West,SKU-402,277,39220.29,39780.37,13162.03,0.85,Rolling
265,202604,CH07,North,SKU-101,268,46645.68,46925.39,15753.16,0.94,Rolling
266,202604,CH07,North,SKU-102,263,71508.96,68437.89,24540.74,0.72,Rolling
267,202604,CH07,North,SKU-103,275,41574.57,43139.24,13857.38,0.74,Rolling
268,202604,CH07,North,SKU-201,294,28649.94,27291.82,9245.32,0.74,Rolling
269,202604,CH07,North,SKU-202,264,58616.38,57533.37,20412.37,0.9,Rolling
270,202604,CH07,North,SKU-203,289,41437.02,40108.35,13972.42,0.95,Rolling
271,202604,CH07,North,SKU-301,260,39449.44,37634.0,13526.84,0.7,Rolling
272,202604,CH07,North,SKU-302,276,26323.03,25774.79,8602.21,0.69,Rolling
273,202604,CH07,North,SKU-303,305,63764.0,63760.2,21312.6,0.68,Rolling
274,202604,CH07,North,SKU-401,273,104693.2,107798.21,34798.95,0.7,Rolling
275,202604,CH07,North,SKU-402,285,36502.23,35449.22,12290.55,0.89,Rolling
276,202604,CH07,South,SKU-101,261,49778.8,51013.87,16260.24,0.72,Rolling
277,202604,CH07,South,SKU-102,253,70681.16,69395.7,24646.22,0.89,Rolling
278,202604,CH07,South,SKU-103,281,45991.69,47499.62,14943.12,0.91,Rolling
279,202604,CH07,South,SKU-201,259,27728.03,28154.5,8951.94,0.75,Rolling
280,202604,CH07,South,SKU-202,281,57972.79,56679.42,18984.17,0.72,Rolling
281,202604,CH07,South,SKU-203,254,33430.63,34501.56,10882.28,0.79,Rolling
282,202604,CH07,South,SKU-301,285,39962.06,40331.49,13697.51,0.71,Rolling
283,202604,CH07,South,SKU-302,273,25232.32,25996.84,8739.96,0.93,Rolling
284,202604,CH07,South,SKU-303,265,55888.43,56990.21,19553.44,0.65,Rolling
285,202604,CH07,South,SKU-401,263,88450.28,85996.05,30185.76,0.68,Rolling
286,202604,CH07,South,SKU-402,282,36560.03,35656.39,12388.95,0.88,Rolling
287,202604,CH07,East,SKU-101,292,60950.85,61446.9,21165.77,0.89,Rolling
288,202604,CH07,East,SKU-102,294,92068.68,91824.97,31666.61,0.69,Rolling
289,202604,CH07,East,SKU-103,265,38706.5,37248.26,13321.73,0.65,Rolling
290,202604,CH07,East,SKU-201,261,27597.16,26918.97,9045.52,0.8,Rolling
291,202604,CH07,East,SKU-202,277,58272.9,56799.61,20349.62,0.77,Rolling
292,202604,CH07,East,SKU-203,275,37333.1,35743.15,11985.5,0.79,Rolling
293,202604,CH07,East,SKU-301,265,41696.86,43752.11,13837.91,0.84,Rolling
294,202604,CH07,East,SKU-302,268,21939.61,21966.17,7204.35,0.7,Rolling
295,202604,CH07,East,SKU-303,266,55184.88,54943.39,18538.49,0.69,Rolling
296,202604,CH07,East,SKU-401,249,95618.65,91758.05,31417.61,0.91,Rolling
297,202604,CH07,East,SKU-402,240,32788.63,32487.85,10796.98,0.74,Rolling
298,202604,CH07,West,SKU-101,260,52014.72,52897.53,17891.11,0.73,Rolling
299,202604,CH07,West,SKU-102,276,83697.51,82101.03,28398.18,0.91,Rolling
300,202604,CH07,West,SKU-103,265,40401.22,39778.93,13743.15,0.94,Rolling
301,202604,CH07,West,SKU-201,269,28786.87,27645.47,9430.73,0.93,Rolling
302,202604,CH07,West,SKU-202,278,58823.21,59898.71,20172.36,0.9,Rolling
303,202604,CH07,West,SKU-203,260,35711.04,36412.9,12066.84,0.69,Rolling
304,202604,CH07,West,SKU-301,315,45679.45,47112.09,15465.14,0.9,Rolling
305,202604,CH07,West,SKU-302,271,25734.28,24540.86,8895.93,0.72,Rolling
306,202604,CH07,West,SKU-303,289,58669.37,60946.38,19607.67,0.87,Rolling
307,202604,CH07,West,SKU-401,286,108700.52,108122.61,35348.73,0.66,Rolling
308,202604,CH07,West,SKU-402,257,35331.77,34218.62,11347.43,0.66,Rolling
309,202604,CH08,North,SKU-101,288,53824.63,55946.55,17337.23,0.94,Rolling
310,202604,CH08,North,SKU-102,275,81859.18,84015.19,27249.31,0.91,Rolling
311,202604,CH08,North,SKU-103,250,35103.63,34088.71,11484.57,0.93,Rolling
312,202604,CH08,North,SKU-201,241,25216.26,26221.61,8823.95,0.88,Rolling
313,202604,CH08,North,SKU-202,242,55698.01,54866.55,18280.17,0.82,Rolling
314,202604,CH08,North,SKU-203,301,43002.48,43960.27,15004.37,0.93,Rolling
315,202604,CH08,North,SKU-301,283,40630.77,40814.57,13934.75,0.92,Rolling
316,202604,CH08,North,SKU-302,285,25548.77,25120.0,8182.66,0.71,Rolling
317,202604,CH08,North,SKU-303,247,47163.16,46147.73,16450.42,0.76,Rolling
318,202604,CH08,North,SKU-401,247,80056.2,80802.8,26072.74,0.76,Rolling
319,202604,CH08,North,SKU-402,291,42660.64,42651.84,14161.84,0.88,Rolling
320,202604,CH08,South,SKU-101,240,47393.05,47331.16,16289.58,0.92,Rolling
321,202604,CH08,South,SKU-102,265,76329.97,80006.1,26328.69,0.92,Rolling
322,202604,CH08,South,SKU-103,258,37491.52,36399.56,13059.35,0.66,Rolling
323,202604,CH08,South,SKU-201,317,34942.61,34159.62,11549.27,0.72,Rolling
324,202604,CH08,South,SKU-202,274,63187.28,60126.79,20341.96,0.68,Rolling
325,202604,CH08,South,SKU-203,266,38809.01,37818.65,13087.61,0.88,Rolling
326,202604,CH08,South,SKU-301,259,39544.97,38101.08,12685.21,0.7,Rolling
327,202604,CH08,South,SKU-302,276,22874.88,22503.97,7373.4,0.71,Rolling
328,202604,CH08,South,SKU-303,297,61108.85,60402.48,20787.98,0.83,Rolling
329,202604,CH08,South,SKU-401,256,89975.82,92877.87,29888.2,0.95,Rolling
330,202604,CH08,South,SKU-402,271,38621.31,40090.05,13475.92,0.75,Rolling
331,202604,CH08,East,SKU-101,286,55381.23,53608.19,18299.17,0.93,Rolling
332,202604,CH08,East,SKU-102,250,73254.88,70476.61,24157.95,0.82,Rolling
333,202604,CH08,East,SKU-103,253,41860.48,40666.45,13630.08,0.79,Rolling
334,202604,CH08,East,SKU-201,282,26687.82,26797.83,9305.99,0.77,Rolling
335,202604,CH08,East,SKU-202,266,61758.16,63111.72,20805.15,0.94,Rolling
336,202604,CH08,East,SKU-203,279,39362.48,40287.96,12938.93,0.74,Rolling
337,202604,CH08,East,SKU-301,285,43829.85,42731.26,15099.8,0.68,Rolling
338,202604,CH08,East,SKU-302,288,23856.19,23956.47,7836.16,0.75,Rolling
339,202604,CH08,East,SKU-303,263,57392.8,54704.14,19506.37,0.76,Rolling
340,202604,CH08,East,SKU-401,277,100680.51,102988.46,34303.52,0.68,Rolling
341,202604,CH08,East,SKU-402,278,34467.67,34174.11,11477.95,0.79,Rolling
342,202604,CH08,West,SKU-101,280,51898.03,49617.38,17676.71,0.82,Rolling
343,202604,CH08,West,SKU-102,263,76274.55,76039.97,25577.89,0.84,Rolling
344,202604,CH08,West,SKU-103,278,39409.61,38056.42,13367.02,0.91,Rolling
345,202604,CH08,West,SKU-201,266,28995.0,29959.05,10044.37,0.83,Rolling
346,202604,CH08,West,SKU-202,290,60176.13,57724.41,20542.82,0.67,Rolling
347,202604,CH08,West,SKU-203,270,35416.69,36728.55,11514.43,0.76,Rolling
348,202604,CH08,West,SKU-301,284,44567.86,45977.98,15508.19,0.91,Rolling
349,202604,CH08,West,SKU-302,261,21147.61,20635.57,6827.01,0.74,Rolling
350,202604,CH08,West,SKU-303,292,59077.78,58684.21,19718.24,0.94,Rolling
351,202604,CH08,West,SKU-401,260,90148.28,86192.08,30170.82,0.89,Rolling
352,202604,CH08,West,SKU-402,245,31156.06,31979.83,10646.65,0.82,Rolling
353,202605,CH01,North,SKU-101,268,54029.1,55714.5,18607.51,0.84,Rolling
354,202605,CH01,North,SKU-102,268,83349.18,79380.14,26800.65,0.94,Rolling
355,202605,CH01,North,SKU-103,259,38547.14,37078.88,12428.11,0.7,Rolling
356,202605,CH01,North,SKU-201,257,27737.81,29086.97,9243.49,0.81,Rolling
357,202605,CH01,North,SKU-202,271,60905.92,57914.07,19493.05,0.68,Rolling
358,202605,CH01,North,SKU-203,245,31476.46,32718.88,10949.35,0.94,Rolling
359,202605,CH01,North,SKU-301,303,46140.43,44642.96,15880.9,0.92,Rolling
360,202605,CH01,North,SKU-302,290,26757.75,25680.97,8594.79,0.88,Rolling
361,202605,CH01,North,SKU-303,245,48816.09,50413.11,16817.82,0.92,Rolling
362,202605,CH01,North,SKU-401,260,85542.61,81966.66,28481.28,0.9,Rolling
363,202605,CH01,North,SKU-402,269,38159.54,37050.73,13297.32,0.67,Rolling
364,202605,CH01,South,SKU-101,295,56641.57,56201.76,18417.29,0.76,Rolling
365,202605,CH01,South,SKU-102,254,68859.67,68784.05,23683.45,0.82,Rolling
366,202605,CH01,South,SKU-103,294,46274.48,47050.07,15431.79,0.86,Rolling
367,202605,CH01,South,SKU-201,239,26150.74,25484.5,8970.78,0.65,Rolling
368,202605,CH01,South,SKU-202,255,60121.23,61659.58,20706.3,0.65,Rolling
369,202605,CH01,South,SKU-203,270,34347.44,34861.93,11077.85,0.7,Rolling
370,202605,CH01,South,SKU-301,269,38173.06,36971.46,12449.51,0.72,Rolling
371,202605,CH01,South,SKU-302,256,23177.61,23033.98,7956.39,0.87,Rolling
372,202605,CH01,South,SKU-303,248,53114.86,50883.14,17233.12,0.66,Rolling
373,202605,CH01,South,SKU-401,276,106021.44,110123.75,35233.61,0.76,Rolling
374,202605,CH01,South,SKU-402,260,32960.49,31748.48,10660.2,0.72,Rolling
375,202605,CH01,East,SKU-101,264,49020.8,47466.29,15897.2,0.93,Rolling
376,202605,CH01,East,SKU-102,250,67765.5,66843.08,21947.41,0.79,Rolling
377,202605,CH01,East,SKU-103,259,36373.42,36112.0,12712.43,0.75,Rolling
378,202605,CH01,East,SKU-201,292,32942.02,33897.7,11193.3,0.91,Rolling
379,202605,CH01,East,SKU-202,241,58936.25,60525.17,20560.63,0.88,Rolling
380,202605,CH01,East,SKU-203,292,41651.7,41748.24,14483.43,0.9,Rolling
381,202605,CH01,East,SKU-301,289,42318.42,40353.28,14729.76,0.83,Rolling
382,202605,CH01,East,SKU-302,260,24293.65,25111.18,8367.59,0.84,Rolling
383,202605,CH01,East,SKU-303,264,47934.69,49533.83,15464.83,0.84,Rolling
384,202605,CH01,East,SKU-401,270,102644.02,97836.33,35227.61,0.67,Rolling
385,202605,CH01,East,SKU-402,238,32547.42,31014.56,10454.72,0.83,Rolling
386,202605,CH01,West,SKU-101,286,55473.96,57137.24,18767.68,0.72,Rolling
387,202605,CH01,West,SKU-102,275,82676.49,83675.83,28860.48,0.71,Rolling
388,202605,CH01,West,SKU-103,307,48168.53,46239.2,15963.88,0.88,Rolling
389,202605,CH01,West,SKU-201,280,29374.4,28165.0,10277.39,0.92,Rolling
390,202605,CH01,West,SKU-202,298,69499.28,69096.91,23605.92,0.75,Rolling
391,202605,CH01,West,SKU-203,261,33137.08,34234.37,10950.51,0.77,Rolling
392,202605,CH01,West,SKU-301,294,45058.8,47115.73,15617.46,0.7,Rolling
393,202605,CH01,West,SKU-302,269,23105.5,22808.76,7528.95,0.68,Rolling
394,202605,CH01,West,SKU-303,282,61359.81,63037.5,20083.1,0.66,Rolling
395,202605,CH01,West,SKU-401,261,93337.93,90676.6,32357.73,0.95,Rolling
396,202605,CH01,West,SKU-402,243,32369.58,32447.5,11246.63,0.94,Rolling
397,202605,CH02,North,SKU-101,258,45639.84,45921.88,14623.38,0.77,Rolling
398,202605,CH02,North,SKU-102,240,63157.52,65274.67,20607.8,0.75,Rolling
399,202605,CH02,North,SKU-103,291,41901.84,40108.02,14308.23,0.77,Rolling
400,202605,CH02,North,SKU-201,284,28683.16,28543.2,9822.74,0.92,Rolling
401,202605,CH02,North,SKU-202,233,47620.33,47469.89,16503.23,0.76,Rolling
402,202605,CH02,North,SKU-203,301,44268.36,45406.79,14303.24,0.72,Rolling
403,202605,CH02,North,SKU-301,265,40241.57,40126.35,14031.74,0.78,Rolling
404,202605,CH02,North,SKU-302,292,25676.87,25285.92,8524.61,0.76,Rolling
405,202605,CH02,North,SKU-303,288,57855.9,60647.14,18617.99,0.8,Rolling
406,202605,CH02,North,SKU-401,284,102058.55,99399.56,35314.52,0.75,Rolling
407,202605,CH02,North,SKU-402,262,33517.88,32796.88,11144.66,0.76,Rolling
408,202605,CH02,South,SKU-101,271,52682.41,53494.6,17344.76,0.69,Rolling
409,202605,CH02,South,SKU-102,283,77790.57,77067.83,26056.5,0.81,Rolling
410,202605,CH02,South,SKU-103,278,44010.76,42082.96,14701.74,0.9,Rolling
411,202605,CH02,South,SKU-201,268,30406.79,31590.48,10433.77,0.77,Rolling
412,202605,CH02,South,SKU-202,271,58906.73,57936.46,20591.8,0.81,Rolling
413,202605,CH02,South,SKU-203,250,33884.89,32334.56,11313.35,0.78,Rolling
414,202605,CH02,South,SKU-301,284,47073.75,45571.01,15898.2,0.68,Rolling
415,202605,CH02,South,SKU-302,287,25183.74,26027.47,8765.94,0.95,Rolling
416,202605,CH02,South,SKU-303,251,46331.61,45274.04,15893.51,0.91,Rolling
417,202605,CH02,South,SKU-401,284,100229.79,102321.63,33248.73,0.9,Rolling
418,202605,CH02,South,SKU-402,279,38199.67,39671.23,12512.7,0.76,Rolling
419,202605,CH02,East,SKU-101,284,58507.32,57608.65,19370.6,0.92,Rolling
420,202605,CH02,East,SKU-102,268,74763.76,73094.06,25395.64,0.69,Rolling
421,202605,CH02,East,SKU-103,292,41810.41,42621.61,14135.22,0.71,Rolling
422,202605,CH02,East,SKU-201,259,27942.28,28329.9,9387.68,0.88,Rolling
423,202605,CH02,East,SKU-202,283,66803.16,65695.99,23143.12,0.83,Rolling
424,202605,CH02,East,SKU-203,287,36971.39,37128.19,12242.46,0.86,Rolling
425,202605,CH02,East,SKU-301,269,42253.19,43032.95,13796.29,0.95,Rolling
426,202605,CH02,East,SKU-302,289,24622.38,24710.11,7980.44,0.81,Rolling
427,202605,CH02,East,SKU-303,250,51394.27,50829.94,17214.84,0.91,Rolling
428,202605,CH02,East,SKU-401,246,81246.37,77482.29,26451.16,0.88,Rolling
429,202605,CH02,East,SKU-402,265,36206.96,34477.17,12364.73,0.68,Rolling
430,202605,CH02,West,SKU-101,285,53134.28,54522.53,18524.04,0.76,Rolling
431,202605,CH02,West,SKU-102,288,87721.26,89102.82,28578.03,0.74,Rolling
432,202605,CH02,West,SKU-103,249,35744.94,36259.66,12504.84,0.65,Rolling
433,202605,CH02,West,SKU-201,272,30484.96,30503.27,10252.43,0.79,Rolling
434,202605,CH02,West,SKU-202,258,56802.21,54260.84,19114.78,0.74,Rolling
435,202605,CH02,West,SKU-203,272,39992.72,41570.52,13025.63,0.75,Rolling
436,202605,CH02,West,SKU-301,275,40660.18,39648.19,14128.01,0.91,Rolling
437,202605,CH02,West,SKU-302,274,26059.31,27186.19,9096.78,0.69,Rolling
438,202605,CH02,West,SKU-303,251,50590.0,48153.92,16282.86,0.92,Rolling
439,202605,CH02,West,SKU-401,291,109942.52,110972.41,37839.7,0.78,Rolling
440,202605,CH02,West,SKU-402,247,33323.05,33492.81,10768.93,0.95,Rolling
441,202605,CH03,North,SKU-101,257,49591.98,49776.5,16523.78,0.88,Rolling
442,202605,CH03,North,SKU-102,271,81322.3,77459.7,27415.32,0.92,Rolling
443,202605,CH03,North,SKU-103,300,45247.13,47425.97,14749.65,0.67,Rolling
444,202605,CH03,North,SKU-201,290,30002.1,30044.72,10352.95,0.87,Rolling
445,202605,CH03,North,SKU-202,258,57572.03,59638.36,19970.3,0.94,Rolling
446,202605,CH03,North,SKU-203,292,39299.53,40379.68,13448.09,0.81,Rolling
447,202605,CH03,North,SKU-301,243,36628.53,36127.94,12412.93,0.85,Rolling
448,202605,CH03,North,SKU-302,255,21556.16,20880.77,7160.78,0.87,Rolling
449,202605,CH03,North,SKU-303,303,55727.5,56049.07,18318.13,0.9,Rolling
450,202605,CH03,North,SKU-401,258,90837.12,88467.88,30675.95,0.78,Rolling
451,202605,CH03,North,SKU-402,267,33023.01,33095.98,10899.49,0.65,Rolling
452,202605,CH03,South,SKU-101,261,49110.84,47302.83,16463.45,0.86,Rolling
453,202605,CH03,South,SKU-102,276,78772.73,78923.12,27122.4,0.78,Rolling
454,202605,CH03,South,SKU-103,280,41903.53,42993.89,13628.92,0.75,Rolling
455,202605,CH03,South,SKU-201,256,25278.03,25478.75,8694.26,0.89,Rolling
456,202605,CH03,South,SKU-202,274,65237.39,66737.02,22342.39,0.71,Rolling
457,202605,CH03,South,SKU-203,268,36475.6,37144.75,12315.55,0.9,Rolling
458,202605,CH03,South,SKU-301,259,36586.91,37282.83,12511.22,0.66,Rolling
459,202605,CH03,South,SKU-302,278,22739.73,22557.6,7409.22,0.77,Rolling
460,202605,CH03,South,SKU-303,264,55514.73,56108.9,17802.5,0.93,Rolling
461,202605,CH03,South,SKU-401,279,104078.99,100959.39,35113.82,0.79,Rolling
462,202605,CH03,South,SKU-402,266,35751.12,34232.93,12455.66,0.93,Rolling
463,202605,CH03,East,SKU-101,279,49478.68,50917.26,15945.21,0.67,Rolling
464,202605,CH03,East,SKU-102,272,71105.54,70558.84,23046.48,0.7,Rolling
465,202605,CH03,East,SKU-103,241,38112.05,39289.44,12713.27,0.8,Rolling
466,202605,CH03,East,SKU-201,222,22038.51,22135.26,7541.28,0.83,Rolling
467,202605,CH03,East,SKU-202,265,62485.01,61633.87,21374.97,0.8,Rolling
468,202605,CH03,East,SKU-203,298,40615.45,39663.74,14137.18,0.79,Rolling
469,202605,CH03,East,SKU-301,248,35060.01,35068.89,11809.55,0.75,Rolling
470,202605,CH03,East,SKU-302,284,24368.15,25003.74,8152.64,0.71,Rolling
471,202605,CH03,East,SKU-303,248,46229.23,48532.69,14861.57,0.78,Rolling
472,202605,CH03,East,SKU-401,268,95598.07,92251.91,32839.6,0.75,Rolling
473,202605,CH03,East,SKU-402,274,39982.24,41324.79,13523.96,0.77,Rolling
474,202605,CH03,West,SKU-101,270,55509.74,53310.35,18404.02,0.88,Rolling
475,202605,CH03,West,SKU-102,267,75617.45,76395.14,26465.67,0.8,Rolling
476,202605,CH03,West,SKU-103,255,35434.03,35642.44,11917.78,0.71,Rolling
477,202605,CH03,West,SKU-201,280,27804.68,27371.2,9723.69,0.76,Rolling
478,202605,CH03,West,SKU-202,283,66878.7,68677.89,22740.94,0.91,Rolling
479,202605,CH03,West,SKU-203,303,39179.55,38782.39,13428.76,0.85,Rolling
480,202605,CH03,West,SKU-301,253,39775.24,38785.16,13324.31,0.87,Rolling
481,202605,CH03,West,SKU-302,273,22607.7,21973.16,7409.35,0.82,Rolling
482,202605,CH03,West,SKU-303,270,49621.49,47991.09,17344.27,0.79,Rolling
483,202605,CH03,West,SKU-401,291,102653.24,104774.96,33442.64,0.86,Rolling
484,202605,CH03,West,SKU-402,259,32474.71,33361.72,10489.27,0.91,Rolling
485,202605,CH04,North,SKU-101,260,49803.02,49137.17,16901.32,0.93,Rolling
486,202605,CH04,North,SKU-102,275,77475.54,77257.39,26811.61,0.77,Rolling
487,202605,CH04,North,SKU-103,272,38697.45,39245.74,13215.54,0.82,Rolling
488,202605,CH04,North,SKU-201,250,25293.59,25282.61,8754.36,0.88,Rolling
489,202605,CH04,North,SKU-202,242,53921.04,55235.97,17481.27,0.85,Rolling
490,202605,CH04,North,SKU-203,256,31662.08,30559.01,10219.33,0.72,Rolling
491,202605,CH04,North,SKU-301,245,33951.52,34351.27,11007.8,0.93,Rolling
492,202605,CH04,North,SKU-302,301,27056.27,25779.23,9414.33,0.81,Rolling
493,202605,CH04,North,SKU-303,229,42166.19,41714.78,14340.63,0.79,Rolling
494,202605,CH04,North,SKU-401,264,88483.82,84945.73,30458.34,0.69,Rolling
495,202605,CH04,North,SKU-402,274,35349.41,35842.42,11796.45,0.77,Rolling
496,202605,CH04,South,SKU-101,274,50669.57,50968.83,17231.96,0.66,Rolling
497,202605,CH04,South,SKU-102,268,72645.66,73085.23,25134.36,0.91,Rolling
498,202605,CH04,South,SKU-103,239,36893.4,35591.32,12653.07,0.87,Rolling
499,202605,CH04,South,SKU-201,295,29050.23,30000.71,9880.49,0.92,Rolling
500,202605,CH04,South,SKU-202,236,53548.39,51062.0,17960.43,0.83,Rolling
501,202605,CH04,South,SKU-203,254,35453.03,35340.65,12257.55,0.75,Rolling
502,202605,CH04,South,SKU-301,297,47435.58,45587.18,15218.5,0.73,Rolling
503,202605,CH04,South,SKU-302,258,23600.81,24737.45,8056.03,0.78,Rolling
504,202605,CH04,South,SKU-303,280,60602.83,58261.45,20674.26,0.91,Rolling
505,202605,CH04,South,SKU-401,309,108848.13,110813.43,35639.49,0.83,Rolling
506,202605,CH04,South,SKU-402,258,34703.25,34804.55,11572.87,0.8,Rolling
507,202605,CH04,East,SKU-101,260,45683.2,44294.33,15416.17,0.89,Rolling
508,202605,CH04,East,SKU-102,252,75968.34,74488.16,26478.38,0.86,Rolling
509,202605,CH04,East,SKU-103,262,40000.96,38317.49,12941.52,0.7,Rolling
510,202605,CH04,East,SKU-201,284,26825.52,27290.99,8925.14,0.8,Rolling
511,202605,CH04,East,SKU-202,255,62251.73,59596.35,20450.78,0.72,Rolling
512,202605,CH04,East,SKU-203,257,37036.73,38565.83,12076.44,0.81,Rolling
513,202605,CH04,East,SKU-301,276,41433.44,40157.19,13865.56,0.77,Rolling
514,202605,CH04,East,SKU-302,285,23358.88,22397.71,8111.24,0.81,Rolling
515,202605,CH04,East,SKU-303,290,58288.36,58518.17,20157.34,0.68,Rolling
516,202605,CH04,East,SKU-401,257,96669.4,100912.06,33813.19,0.94,Rolling
517,202605,CH04,East,SKU-402,250,36103.23,37520.84,11755.39,0.84,Rolling
518,202605,CH04,West,SKU-101,298,52962.82,52739.38,17545.2,0.82,Rolling
519,202605,CH04,West,SKU-102,267,84018.46,84384.28,28079.72,0.94,Rolling
520,202605,CH04,West,SKU-103,251,40355.38,39390.21,13881.32,0.73,Rolling
521,202605,CH04,West,SKU-201,254,27115.36,28263.98,9313.85,0.7,Rolling
522,202605,CH04,West,SKU-202,286,66093.45,68289.49,22287.68,0.79,Rolling
523,202605,CH04,West,SKU-203,276,35302.12,35713.7,11544.34,0.67,Rolling
524,202605,CH04,West,SKU-301,263,39040.38,38985.74,12969.71,0.85,Rolling
525,202605,CH04,West,SKU-302,263,25036.66,25908.01,8702.97,0.78,Rolling
526,202605,CH04,West,SKU-303,272,56400.69,58604.14,19260.27,0.95,Rolling
527,202605,CH04,West,SKU-401,263,96006.55,97843.98,31660.56,0.89,Rolling
528,202605,CH04,West,SKU-402,295,41064.05,40621.11,14359.54,0.79,Rolling
529,202605,CH05,North,SKU-101,256,50569.77,48426.07,17098.05,0.93,Rolling
530,202605,CH05,North,SKU-102,289,90931.84,92738.9,29540.88,0.65,Rolling
531,202605,CH05,North,SKU-103,252,34868.41,33937.94,11950.07,0.83,Rolling
532,202605,CH05,North,SKU-201,285,27142.47,28207.84,8870.46,0.82,Rolling
533,202605,CH05,North,SKU-202,277,67588.47,67508.42,21745.19,0.93,Rolling
534,202605,CH05,North,SKU-203,274,37439.9,38693.16,12017.98,0.73,Rolling
535,202605,CH05,North,SKU-301,269,42466.58,42015.01,13936.69,0.65,Rolling
536,202605,CH05,North,SKU-302,281,24241.36,24397.03,7922.82,0.84,Rolling
537,202605,CH05,North,SKU-303,277,54167.38,55603.84,18304.81,0.93,Rolling
538,202605,CH05,North,SKU-401,265,100051.11,95541.25,32425.72,0.67,Rolling
539,202605,CH05,North,SKU-402,289,41969.23,41764.71,13435.22,0.77,Rolling
540,202605,CH05,South,SKU-101,253,50209.6,50146.98,16128.11,0.85,Rolling
541,202605,CH05,South,SKU-102,289,88381.32,85734.39,30638.86,0.75,Rolling
542,202605,CH05,South,SKU-103,304,43881.17,42791.79,14656.21,0.92,Rolling
543,202605,CH05,South,SKU-201,250,24982.6,25753.53,8684.16,0.78,Rolling
544,202605,CH05,South,SKU-202,263,59237.67,60330.3,20062.9,0.7,Rolling
545,202605,CH05,South,SKU-203,289,42489.7,41429.89,14532.18,0.74,Rolling
546,202605,CH05,South,SKU-301,261,41515.95,41751.82,14384.8,0.74,Rolling
547,202605,CH05,South,SKU-302,279,22947.6,22719.47,7675.62,0.76,Rolling
548,202605,CH05,South,SKU-303,261,49419.04,50453.83,17200.36,0.82,Rolling
549,202605,CH05,South,SKU-401,275,103415.26,101196.46,35001.05,0.94,Rolling
550,202605,CH05,South,SKU-402,274,36881.95,35260.49,12684.73,0.66,Rolling
551,202605,CH05,East,SKU-101,280,57412.04,55446.46,19257.61,0.83,Rolling
552,202605,CH05,East,SKU-102,268,76718.21,75271.42,25558.19,0.76,Rolling
553,202605,CH05,East,SKU-103,273,45297.99,45301.93,14759.21,0.79,Rolling
554,202605,CH05,East,SKU-201,291,31282.88,31432.94,10169.65,0.9,Rolling
555,202605,CH05,East,SKU-202,264,62774.25,63643.83,21779.39,0.84,Rolling
556,202605,CH05,East,SKU-203,282,35150.13,36120.45,11895.2,0.67,Rolling
557,202605,CH05,East,SKU-301,270,42855.61,43054.9,14939.78,0.7,Rolling
558,202605,CH05,East,SKU-302,275,24717.57,25267.91,8445.23,0.89,Rolling
559,202605,CH05,East,SKU-303,290,56295.53,57348.95,18856.62,0.71,Rolling
560,202605,CH05,East,SKU-401,272,93769.97,96674.53,31153.0,0.66,Rolling
561,202605,CH05,East,SKU-402,263,36859.84,38129.05,12642.02,0.76,Rolling
562,202605,CH05,West,SKU-101,269,49633.86,51014.31,17213.98,0.87,Rolling
563,202605,CH05,West,SKU-102,268,70772.15,69882.73,23631.86,0.83,Rolling
564,202605,CH05,West,SKU-103,263,40238.09,38751.05,13838.97,0.86,Rolling
565,202605,CH05,West,SKU-201,271,26004.04,26409.31,9032.17,0.68,Rolling
566,202605,CH05,West,SKU-202,258,55455.15,56308.85,18635.4,0.83,Rolling
567,202605,CH05,West,SKU-203,266,33113.7,33922.61,11337.56,0.85,Rolling
568,202605,CH05,West,SKU-301,277,38333.15,39516.56,12831.42,0.74,Rolling
569,202605,CH05,West,SKU-302,245,20949.04,21587.44,7281.09,0.92,Rolling
570,202605,CH05,West,SKU-303,298,59904.24,58223.42,20603.55,0.71,Rolling
571,202605,CH05,West,SKU-401,258,91071.12,89448.48,29563.93,0.79,Rolling
572,202605,CH05,West,SKU-402,292,42529.09,41235.66,13822.35,0.82,Rolling
573,202605,CH06,North,SKU-101,268,54298.56,55663.12,18910.44,0.77,Rolling
574,202605,CH06,North,SKU-102,255,68079.93,66642.43,22210.17,0.77,Rolling
575,202605,CH06,North,SKU-103,246,38491.28,38915.65,13135.18,0.85,Rolling
576,202605,CH06,North,SKU-201,247,23903.61,24723.44,8184.77,0.71,Rolling
577,202605,CH06,North,SKU-202,262,59724.13,61522.76,19585.8,0.71,Rolling
578,202605,CH06,North,SKU-203,285,40075.26,40286.19,13501.65,0.87,Rolling
579,202605,CH06,North,SKU-301,258,41948.65,41146.86,14111.07,0.86,Rolling
580,202605,CH06,North,SKU-302,267,24841.89,25415.93,8294.63,0.75,Rolling
581,202605,CH06,North,SKU-303,275,58957.71,56649.5,19624.1,0.79,Rolling
582,202605,CH06,North,SKU-401,266,94779.9,90951.51,32702.24,0.88,Rolling
583,202605,CH06,North,SKU-402,268,39163.41,38334.95,12824.87,0.93,Rolling
584,202605,CH06,South,SKU-101,286,51773.72,49926.93,16608.02,0.72,Rolling
585,202605,CH06,South,SKU-102,284,85305.53,83189.17,28309.39,0.94,Rolling
586,202605,CH06,South,SKU-103,257,37607.06,36138.98,12586.96,0.76,Rolling
587,202605,CH06,South,SKU-201,279,29256.74,27888.1,9905.39,0.67,Rolling
588,202605,CH06,South,SKU-202,275,58109.22,59964.91,20183.22,0.89,Rolling
589,202605,CH06,South,SKU-203,260,38110.22,37426.77,13132.82,0.65,Rolling
590,202605,CH06,South,SKU-301,283,46484.38,44708.24,15198.51,0.92,Rolling
591,202605,CH06,South,SKU-302,253,22391.17,21457.89,7356.8,0.81,Rolling
592,202605,CH06,South,SKU-303,290,59325.48,59301.94,19515.74,0.69,Rolling
593,202605,CH06,South,SKU-401,266,88559.3,87961.37,29451.12,0.66,Rolling
594,202605,CH06,South,SKU-402,274,34316.21,35836.98,11083.5,0.91,Rolling
595,202605,CH06,East,SKU-101,263,49565.72,47438.9,17002.29,0.67,Rolling
596,202605,CH06,East,SKU-102,299,85778.19,87691.33,28460.98,0.72,Rolling
597,202605,CH06,East,SKU-103,283,46425.25,45850.34,15561.16,0.76,Rolling
598,202605,CH06,East,SKU-201,258,26025.29,25838.3,8643.26,0.86,Rolling
599,202605,CH06,East,SKU-202,298,66396.33,68250.15,22523.57,0.67,Rolling
600,202605,CH06,East,SKU-203,244,32915.31,33987.87,10842.06,0.77,Rolling
601,202605,CH06,East,SKU-301,296,46384.35,45302.68,15005.86,0.65,Rolling
602,202605,CH06,East,SKU-302,246,21858.22,20905.2,7083.96,0.7,Rolling
603,202605,CH06,East,SKU-303,276,55725.43,54335.08,18452.56,0.68,Rolling
604,202605,CH06,East,SKU-401,256,98216.87,99667.14,34130.82,0.84,Rolling
605,202605,CH06,East,SKU-402,245,31775.84,31432.61,10784.02,0.78,Rolling
606,202605,CH06,West,SKU-101,257,47878.0,50077.15,16468.04,0.79,Rolling
607,202605,CH06,West,SKU-102,254,68449.91,66468.03,22655.58,0.91,Rolling
608,202605,CH06,West,SKU-103,249,37805.24,36959.96,12742.7,0.79,Rolling
609,202605,CH06,West,SKU-201,267,25899.13,26730.69,8976.03,0.72,Rolling
610,202605,CH06,West,SKU-202,247,56451.48,57667.18,18695.84,0.85,Rolling
611,202605,CH06,West,SKU-203,280,34973.2,33897.04,11263.32,0.91,Rolling
612,202605,CH06,West,SKU-301,285,39938.31,39032.95,13136.97,0.82,Rolling
613,202605,CH06,West,SKU-302,258,23686.36,23210.45,7901.09,0.69,Rolling
614,202605,CH06,West,SKU-303,286,61507.01,61479.15,21419.37,0.92,Rolling
615,202605,CH06,West,SKU-401,274,93248.74,91995.87,29966.82,0.83,Rolling
616,202605,CH06,West,SKU-402,281,35706.76,35507.37,11615.62,0.85,Rolling
617,202605,CH07,North,SKU-101,251,45758.01,44803.51,15810.64,0.79,Rolling
618,202605,CH07,North,SKU-102,274,79854.77,76475.85,27469.78,0.93,Rolling
619,202605,CH07,North,SKU-103,292,42934.04,40937.99,14577.91,0.81,Rolling
620,202605,CH07,North,SKU-201,268,26136.34,24854.78,8421.11,0.72,Rolling
621,202605,CH07,North,SKU-202,261,61205.42,59396.5,20848.29,0.75,Rolling
622,202605,CH07,North,SKU-203,270,33534.67,33535.55,11590.68,0.83,Rolling
623,202605,CH07,North,SKU-301,259,40698.63,42289.18,13073.7,0.67,Rolling
624,202605,CH07,North,SKU-302,261,21955.67,21343.7,7154.8,0.69,Rolling
625,202605,CH07,North,SKU-303,301,56863.46,55420.64,19787.94,0.88,Rolling
626,202605,CH07,North,SKU-401,285,106645.99,105666.9,34967.59,0.82,Rolling
627,202605,CH07,North,SKU-402,287,41886.2,43679.48,13702.8,0.78,Rolling
628,202605,CH07,South,SKU-101,251,46650.34,46035.18,14982.88,0.75,Rolling
629,202605,CH07,South,SKU-102,293,82901.91,79017.13,27451.12,0.7,Rolling
630,202605,CH07,South,SKU-103,257,38595.59,37722.55,13032.97,0.69,Rolling
631,202605,CH07,South,SKU-201,258,25511.48,25968.46,8539.83,0.88,Rolling
632,202605,CH07,South,SKU-202,306,66419.11,65220.58,21555.36,0.89,Rolling
633,202605,CH07,South,SKU-203,283,38760.57,37053.34,13049.34,0.89,Rolling
634,202605,CH07,South,SKU-301,273,42799.61,42206.79,14395.49,0.8,Rolling
635,202605,CH07,South,SKU-302,264,24904.16,23671.94,8666.86,0.8,Rolling
636,202605,CH07,South,SKU-303,280,55654.59,57518.87,18106.03,0.7,Rolling
637,202605,CH07,South,SKU-401,278,105056.24,106566.32,35274.17,0.75,Rolling
638,202605,CH07,South,SKU-402,282,39132.31,38715.48,13655.01,0.82,Rolling
639,202605,CH07,East,SKU-101,303,58968.69,60249.41,20188.07,0.92,Rolling
640,202605,CH07,East,SKU-102,269,84365.06,82020.26,28193.11,0.67,Rolling
641,202605,CH07,East,SKU-103,271,37675.18,37054.01,12498.48,0.95,Rolling
642,202605,CH07,East,SKU-201,255,28943.18,29788.37,10124.35,0.94,Rolling
643,202605,CH07,East,SKU-202,269,55854.79,55526.07,19229.16,0.8,Rolling
644,202605,CH07,East,SKU-203,280,36319.77,37684.3,12123.35,0.71,Rolling
645,202605,CH07,East,SKU-301,291,46307.97,46530.4,15349.06,0.89,Rolling
646,202605,CH07,East,SKU-302,274,22346.99,23230.69,7174.82,0.91,Rolling
647,202605,CH07,East,SKU-303,263,56763.94,54786.89,19129.93,0.88,Rolling
648,202605,CH07,East,SKU-401,283,101945.88,104571.27,35194.86,0.88,Rolling
649,202605,CH07,East,SKU-402,267,35376.63,34059.85,11449.41,0.73,Rolling
650,202605,CH07,West,SKU-101,234,41339.28,40112.7,13343.78,0.67,Rolling
651,202605,CH07,West,SKU-102,258,80778.0,83811.67,27971.65,0.7,Rolling
652,202605,CH07,West,SKU-103,258,41263.58,39488.49,13893.48,0.72,Rolling
653,202605,CH07,West,SKU-201,283,29829.24,30935.94,10122.99,0.93,Rolling
654,202605,CH07,West,SKU-202,259,60084.25,59440.97,20812.66,0.94,Rolling
655,202605,CH07,West,SKU-203,270,36526.79,37815.23,12395.88,0.66,Rolling
656,202605,CH07,West,SKU-301,272,43503.21,42756.31,14537.04,0.89,Rolling
657,202605,CH07,West,SKU-302,231,19939.08,19400.57,6582.63,0.95,Rolling
658,202605,CH07,West,SKU-303,287,62103.8,61115.95,20426.7,0.72,Rolling
659,202605,CH07,West,SKU-401,288,96361.16,95175.86,32300.39,0.81,Rolling
660,202605,CH07,West,SKU-402,293,42900.29,42648.75,14688.68,0.93,Rolling
661,202605,CH08,North,SKU-101,296,53695.98,53571.98,17877.9,0.84,Rolling
662,202605,CH08,North,SKU-102,305,87047.11,84369.64,30189.96,0.94,Rolling
663,202605,CH08,North,SKU-103,269,43075.21,43924.4,14242.39,0.92,Rolling
664,202605,CH08,North,SKU-201,273,28841.87,28667.79,9490.87,0.67,Rolling
665,202605,CH08,North,SKU-202,257,58021.8,58611.71,19626.29,0.77,Rolling
666,202605,CH08,North,SKU-203,266,36014.79,37771.49,11999.71,0.84,Rolling
667,202605,CH08,North,SKU-301,233,37749.65,39419.91,13209.34,0.73,Rolling
668,202605,CH08,North,SKU-302,273,24311.47,23478.68,8404.1,0.92,Rolling
669,202605,CH08,North,SKU-303,268,49990.38,50909.02,16465.18,0.92,Rolling
670,202605,CH08,North,SKU-401,278,98945.91,94451.55,34428.99,0.84,Rolling
671,202605,CH08,North,SKU-402,280,39020.6,40053.27,13397.93,0.88,Rolling
672,202605,CH08,South,SKU-101,302,60041.9,59069.88,20956.58,0.68,Rolling
673,202605,CH08,South,SKU-102,270,75223.42,76318.18,24367.25,0.86,Rolling
674,202605,CH08,South,SKU-103,290,42632.69,42705.37,13700.94,0.93,Rolling
675,202605,CH08,South,SKU-201,250,23969.96,24743.29,7779.66,0.66,Rolling
676,202605,CH08,South,SKU-202,281,65475.48,65836.16,21165.88,0.93,Rolling
677,202605,CH08,South,SKU-203,268,36454.97,36835.42,11996.72,0.71,Rolling
678,202605,CH08,South,SKU-301,272,40492.16,41190.92,13796.29,0.66,Rolling
679,202605,CH08,South,SKU-302,262,21313.36,20750.48,6853.3,0.95,Rolling
680,202605,CH08,South,SKU-303,282,51326.64,52452.17,17100.79,0.89,Rolling
681,202605,CH08,South,SKU-401,299,99073.4,101869.19,34544.35,0.82,Rolling
682,202605,CH08,South,SKU-402,279,37101.13,37971.72,12905.0,0.84,Rolling
683,202605,CH08,East,SKU-101,285,51764.7,51930.53,16838.88,0.84,Rolling
684,202605,CH08,East,SKU-102,260,79205.87,78919.04,25775.52,0.84,Rolling
685,202605,CH08,East,SKU-103,224,32901.19,31900.28,11330.89,0.9,Rolling
686,202605,CH08,East,SKU-201,258,25505.06,26546.64,8546.22,0.85,Rolling
687,202605,CH08,East,SKU-202,266,58308.78,57373.96,19768.68,0.83,Rolling
688,202605,CH08,East,SKU-203,260,34488.66,34196.19,11686.85,0.92,Rolling
689,202605,CH08,East,SKU-301,225,32235.95,32243.35,10731.06,0.87,Rolling
690,202605,CH08,East,SKU-302,257,24243.75,25239.38,8455.33,0.88,Rolling
691,202605,CH08,East,SKU-303,296,55843.15,53087.22,19053.98,0.93,Rolling
692,202605,CH08,East,SKU-401,253,93171.39,97155.53,31622.91,0.94,Rolling
693,202605,CH08,East,SKU-402,262,35919.37,35500.91,11495.73,0.87,Rolling
694,202605,CH08,West,SKU-101,283,52757.07,52874.66,17452.0,0.65,Rolling
695,202605,CH08,West,SKU-102,273,72432.97,74283.62,23199.21,0.94,Rolling
696,202605,CH08,West,SKU-103,236,34858.57,36055.9,11532.49,0.73,Rolling
697,202605,CH08,West,SKU-201,290,27427.69,27126.78,9315.42,0.73,Rolling
698,202605,CH08,West,SKU-202,267,60795.87,62354.04,20208.51,0.78,Rolling
699,202605,CH08,West,SKU-203,243,30908.2,30851.6,10381.37,0.93,Rolling
700,202605,CH08,West,SKU-301,240,36661.25,36720.76,12691.93,0.71,Rolling
701,202605,CH08,West,SKU-302,262,21981.19,21562.07,7440.75,0.7,Rolling
702,202605,CH08,West,SKU-303,266,52793.39,55295.49,16965.96,0.94,Rolling
703,202605,CH08,West,SKU-401,274,95189.22,94749.81,32971.62,0.92,Rolling
704,202605,CH08,West,SKU-402,257,34927.33,36325.39,11514.51,0.85,Rolling
705,202606,CH01,North,SKU-101,280,54404.36,53873.67,18987.69,0.83,Rolling
706,202606,CH01,North,SKU-102,281,83506.81,81484.25,27336.2,0.86,Rolling
707,202606,CH01,North,SKU-103,271,39411.26,39800.34,13136.48,0.83,Rolling
708,202606,CH01,North,SKU-201,260,28591.06,27904.64,9406.99,0.85,Rolling
709,202606,CH01,North,SKU-202,280,64868.53,64173.19,21526.34,0.73,Rolling
710,202606,CH01,North,SKU-203,251,31532.2,32912.66,10872.32,0.91,Rolling
711,202606,CH01,North,SKU-301,296,47916.77,46278.31,15364.48,0.89,Rolling
712,202606,CH01,North,SKU-302,278,23298.0,23703.07,7485.57,0.9,Rolling
713,202606,CH01,North,SKU-303,252,47796.34,45733.7,15985.24,0.7,Rolling
714,202606,CH01,North,SKU-401,281,95990.5,96637.85,31537.59,0.76,Rolling
715,202606,CH01,North,SKU-402,287,35974.34,35356.87,11969.79,0.81,Rolling
716,202606,CH01,South,SKU-101,264,46309.69,45993.71,15350.17,0.84,Rolling
717,202606,CH01,South,SKU-102,220,62114.08,60973.26,20057.36,0.78,Rolling
718,202606,CH01,South,SKU-103,262,38301.61,39781.72,12603.58,0.86,Rolling
719,202606,CH01,South,SKU-201,275,27200.52,26844.24,9187.34,0.76,Rolling
720,202606,CH01,South,SKU-202,255,61187.3,60822.1,20727.58,0.8,Rolling
721,202606,CH01,South,SKU-203,292,39568.9,41249.0,13516.37,0.68,Rolling
722,202606,CH01,South,SKU-301,253,40877.66,41062.39,13760.79,0.84,Rolling
723,202606,CH01,South,SKU-302,267,21771.16,22775.42,7456.72,0.84,Rolling
724,202606,CH01,South,SKU-303,261,51312.69,52141.79,17395.58,0.76,Rolling
725,202606,CH01,South,SKU-401,275,88202.07,87766.54,30231.85,0.81,Rolling
726,202606,CH01,South,SKU-402,277,41146.36,39313.79,13772.98,0.68,Rolling
727,202606,CH01,East,SKU-101,251,45079.46,47169.74,15705.85,0.75,Rolling
728,202606,CH01,East,SKU-102,277,84496.55,85573.42,27039.54,0.88,Rolling
729,202606,CH01,East,SKU-103,282,46102.26,47985.29,15477.33,0.83,Rolling
730,202606,CH01,East,SKU-201,261,29158.76,29871.66,9423.22,0.94,Rolling
731,202606,CH01,East,SKU-202,281,57611.28,57639.86,19643.02,0.81,Rolling
732,202606,CH01,East,SKU-203,278,36917.18,38204.36,11993.93,0.73,Rolling
733,202606,CH01,East,SKU-301,230,34172.81,35216.0,11604.88,0.78,Rolling
734,202606,CH01,East,SKU-302,277,22914.68,23205.58,7773.6,0.88,Rolling
735,202606,CH01,East,SKU-303,265,54828.3,57369.01,17898.91,0.82,Rolling
736,202606,CH01,East,SKU-401,254,86829.45,87054.28,28390.09,0.66,Rolling
737,202606,CH01,East,SKU-402,273,34913.84,34299.13,11224.04,0.94,Rolling
738,202606,CH01,West,SKU-101,274,51849.64,53940.81,17343.68,0.82,Rolling
739,202606,CH01,West,SKU-102,270,78731.85,76933.6,25537.95,0.83,Rolling
740,202606,CH01,West,SKU-103,269,40087.75,40146.99,13822.53,0.67,Rolling
741,202606,CH01,West,SKU-201,263,28113.19,27522.7,9709.17,0.8,Rolling
742,202606,CH01,West,SKU-202,270,65550.3,64622.98,21252.55,0.75,Rolling
743,202606,CH01,West,SKU-203,219,29200.54,30488.35,10107.5,0.8,Rolling
744,202606,CH01,West,SKU-301,273,39282.46,37415.65,13459.59,0.69,Rolling
745,202606,CH01,West,SKU-302,291,24308.8,23476.76,8236.52,0.92,Rolling
746,202606,CH01,West,SKU-303,281,57120.8,56039.86,19990.82,0.87,Rolling
747,202606,CH01,West,SKU-401,275,98944.46,97377.34,31747.91,0.77,Rolling
748,202606,CH01,West,SKU-402,301,37742.65,39195.72,12382.09,0.72,Rolling
749,202606,CH02,North,SKU-101,260,50338.28,50295.06,17191.84,0.74,Rolling
750,202606,CH02,North,SKU-102,284,86126.27,87537.11,29325.67,0.79,Rolling
751,202606,CH02,North,SKU-103,278,45041.34,43039.46,14614.21,0.82,Rolling
752,202606,CH02,North,SKU-201,282,31641.79,33140.36,10700.57,0.79,Rolling
753,202606,CH02,North,SKU-202,282,63088.22,65713.65,21996.95,0.93,Rolling
754,202606,CH02,North,SKU-203,258,33756.83,33558.72,11120.35,0.76,Rolling
755,202606,CH02,North,SKU-301,276,43804.9,45182.23,14059.86,0.66,Rolling
756,202606,CH02,North,SKU-302,285,25447.46,24308.9,8338.1,0.84,Rolling
757,202606,CH02,North,SKU-303,270,57372.13,57587.99,19248.68,0.92,Rolling
758,202606,CH02,North,SKU-401,255,95523.81,91809.34,32844.89,0.7,Rolling
759,202606,CH02,North,SKU-402,286,36658.77,36561.09,12480.74,0.84,Rolling
760,202606,CH02,South,SKU-101,266,51256.47,51286.54,16497.79,0.93,Rolling
761,202606,CH02,South,SKU-102,253,77011.34,74820.01,25862.04,0.72,Rolling
762,202606,CH02,South,SKU-103,283,45887.12,47697.64,15576.93,0.87,Rolling
763,202606,CH02,South,SKU-201,272,29073.62,30260.66,9666.99,0.74,Rolling
764,202606,CH02,South,SKU-202,265,54613.73,54605.22,18286.29,0.83,Rolling
765,202606,CH02,South,SKU-203,263,38304.51,40049.17,12928.09,0.66,Rolling
766,202606,CH02,South,SKU-301,262,37161.41,35926.7,11942.46,0.92,Rolling
767,202606,CH02,South,SKU-302,272,25408.55,26149.31,8803.51,0.94,Rolling
768,202606,CH02,South,SKU-303,267,55635.69,53247.07,18941.37,0.86,Rolling
769,202606,CH02,South,SKU-401,296,105850.83,100687.3,34926.78,0.67,Rolling
770,202606,CH02,South,SKU-402,271,34827.37,34922.94,11357.91,0.69,Rolling
771,202606,CH02,East,SKU-101,270,52689.09,50219.75,17029.19,0.81,Rolling
772,202606,CH02,East,SKU-102,274,79997.68,82705.62,27332.77,0.69,Rolling
773,202606,CH02,East,SKU-103,274,38034.24,39385.78,13205.03,0.91,Rolling
774,202606,CH02,East,SKU-201,287,30594.75,31141.26,10530.46,0.85,Rolling
775,202606,CH02,East,SKU-202,262,63057.22,60012.33,21500.28,0.94,Rolling
776,202606,CH02,East,SKU-203,279,40270.51,39403.21,13425.45,0.74,Rolling
777,202606,CH02,East,SKU-301,258,38324.46,38835.47,13198.73,0.74,Rolling
778,202606,CH02,East,SKU-302,255,23156.62,24085.51,7421.2,0.91,Rolling
779,202606,CH02,East,SKU-303,271,50047.31,49710.07,16356.42,0.73,Rolling
780,202606,CH02,East,SKU-401,270,99384.18,100288.57,33411.23,0.78,Rolling
781,202606,CH02,East,SKU-402,258,35820.59,35902.36,11470.86,0.9,Rolling
782,202606,CH02,West,SKU-101,280,49413.31,48731.68,17198.87,0.91,Rolling
783,202606,CH02,West,SKU-102,259,73879.94,72814.82,25153.67,0.94,Rolling
784,202606,CH02,West,SKU-103,263,42956.32,40971.52,14973.84,0.85,Rolling
785,202606,CH02,West,SKU-201,304,28893.27,28859.2,9636.45,0.75,Rolling
786,202606,CH02,West,SKU-202,278,65007.96,66483.72,21631.53,0.93,Rolling
787,202606,CH02,West,SKU-203,252,31465.28,32394.92,10655.8,0.74,Rolling
788,202606,CH02,West,SKU-301,252,35910.57,35742.81,11757.67,0.73,Rolling
789,202606,CH02,West,SKU-302,292,26800.54,25556.22,8869.77,0.79,Rolling
790,202606,CH02,West,SKU-303,253,54113.26,56491.16,17444.18,0.75,Rolling
791,202606,CH02,West,SKU-401,311,112420.38,117729.11,39273.69,0.79,Rolling
792,202606,CH02,West,SKU-402,251,36629.64,38137.62,12389.48,0.88,Rolling
793,202606,CH03,North,SKU-101,282,57466.52,58531.98,19309.9,0.72,Rolling
794,202606,CH03,North,SKU-102,282,78091.09,80449.02,26621.36,0.93,Rolling
795,202606,CH03,North,SKU-103,252,36467.13,37938.88,11778.33,0.85,Rolling
796,202606,CH03,North,SKU-201,285,32163.87,33291.96,10576.72,0.65,Rolling
797,202606,CH03,North,SKU-202,260,62498.41,65417.85,20131.56,0.79,Rolling
798,202606,CH03,North,SKU-203,272,36142.32,35481.22,12146.77,0.85,Rolling
799,202606,CH03,North,SKU-301,280,45057.32,45861.79,15620.12,0.78,Rolling
800,202606,CH03,North,SKU-302,294,25573.22,25269.27,8899.08,0.86,Rolling
801,202606,CH03,North,SKU-303,300,61229.6,58877.48,20128.89,0.94,Rolling
802,202606,CH03,North,SKU-401,261,95447.31,97680.82,31360.53,0.74,Rolling
803,202606,CH03,North,SKU-402,268,38425.23,37722.39,13280.26,0.89,Rolling
804,202606,CH03,South,SKU-101,278,53539.3,53243.92,17676.88,0.9,Rolling
805,202606,CH03,South,SKU-102,269,71737.4,69162.21,25059.28,0.83,Rolling
806,202606,CH03,South,SKU-103,270,38848.99,39698.64,12530.49,0.82,Rolling
807,202606,CH03,South,SKU-201,273,28531.38,27495.87,9620.29,0.68,Rolling
808,202606,CH03,South,SKU-202,254,57037.82,54668.08,19055.3,0.93,Rolling
809,202606,CH03,South,SKU-203,281,36239.83,36869.17,12569.46,0.66,Rolling
810,202606,CH03,South,SKU-301,287,44001.0,46015.43,15067.23,0.91,Rolling
811,202606,CH03,South,SKU-302,263,23644.8,23222.94,7970.84,0.72,Rolling
812,202606,CH03,South,SKU-303,250,52243.34,54417.64,17435.24,0.84,Rolling
813,202606,CH03,South,SKU-401,245,87349.33,89798.07,30033.6,0.73,Rolling
814,202606,CH03,South,SKU-402,271,34020.17,34642.91,11868.55,0.74,Rolling
815,202606,CH03,East,SKU-101,282,52458.78,50023.69,18095.32,0.9,Rolling
816,202606,CH03,East,SKU-102,276,73180.79,75032.69,25012.89,0.92,Rolling
817,202606,CH03,East,SKU-103,281,44681.73,45265.66,14870.48,0.92,Rolling
818,202606,CH03,East,SKU-201,277,26558.11,26002.26,8931.81,0.73,Rolling
819,202606,CH03,East,SKU-202,256,53793.91,55409.93,17995.73,0.82,Rolling
820,202606,CH03,East,SKU-203,250,33426.82,34457.08,11468.9,0.72,Rolling
821,202606,CH03,East,SKU-301,275,45626.64,47689.53,15371.52,0.86,Rolling
822,202606,CH03,East,SKU-302,286,26110.99,27308.32,8822.74,0.84,Rolling
823,202606,CH03,East,SKU-303,289,60324.41,58720.8,19975.7,0.69,Rolling
824,202606,CH03,East,SKU-401,270,103899.44,105054.89,35699.16,0.75,Rolling
825,202606,CH03,East,SKU-402,288,40614.71,39779.8,13665.19,0.84,Rolling
826,202606,CH03,West,SKU-101,274,56536.56,59199.34,19223.72,0.94,Rolling
827,202606,CH03,West,SKU-102,288,81815.48,79675.12,26191.26,0.71,Rolling
828,202606,CH03,West,SKU-103,266,42416.11,43826.39,14814.21,0.84,Rolling
829,202606,CH03,West,SKU-201,268,26420.83,25662.36,8779.0,0.95,Rolling
830,202606,CH03,West,SKU-202,253,55104.5,54868.99,17879.14,0.77,Rolling
831,202606,CH03,West,SKU-203,245,30808.12,31703.12,10382.28,0.87,Rolling
832,202606,CH03,West,SKU-301,266,37386.02,37475.21,12540.58,0.79,Rolling
833,202606,CH03,West,SKU-302,282,25982.92,25057.58,8799.42,0.67,Rolling
834,202606,CH03,West,SKU-303,279,51955.02,53836.06,17582.63,0.76,Rolling
835,202606,CH03,West,SKU-401,299,114555.55,110390.9,38610.85,0.89,Rolling
836,202606,CH03,West,SKU-402,271,37428.78,37847.01,12795.45,0.88,Rolling
837,202606,CH04,North,SKU-101,284,51622.45,51128.1,17721.16,0.94,Rolling
838,202606,CH04,North,SKU-102,241,66968.16,65129.18,22446.01,0.83,Rolling
839,202606,CH04,North,SKU-103,253,37926.93,37300.48,12780.2,0.88,Rolling
840,202606,CH04,North,SKU-201,286,31196.18,30850.09,10686.21,0.77,Rolling
841,202606,CH04,North,SKU-202,295,63507.18,63833.21,20930.46,0.78,Rolling
842,202606,CH04,North,SKU-203,270,36879.68,36372.44,12075.59,0.77,Rolling
843,202606,CH04,North,SKU-301,271,38265.17,37199.9,12680.68,0.76,Rolling
844,202606,CH04,North,SKU-302,265,22551.12,22555.4,7638.45,0.72,Rolling
845,202606,CH04,North,SKU-303,281,55639.21,57362.82,18210.98,0.91,Rolling
846,202606,CH04,North,SKU-401,273,102853.81,106120.27,34769.41,0.88,Rolling
847,202606,CH04,North,SKU-402,267,33330.35,31963.34,11495.06,0.67,Rolling
848,202606,CH04,South,SKU-101,252,43858.4,42904.06,14803.14,0.83,Rolling
849,202606,CH04,South,SKU-102,284,81936.19,83782.3,27445.24,0.83,Rolling
850,202606,CH04,South,SKU-103,295,43874.19,41696.05,14847.15,0.66,Rolling
851,202606,CH04,South,SKU-201,270,28342.83,27689.92,9738.17,0.73,Rolling
852,202606,CH04,South,SKU-202,282,59259.44,61660.24,19319.72,0.95,Rolling
853,202606,CH04,South,SKU-203,254,36049.05,36746.33,12392.6,0.73,Rolling
854,202606,CH04,South,SKU-301,267,40125.67,40917.45,13603.37,0.68,Rolling
855,202606,CH04,South,SKU-302,284,25722.24,24835.06,8437.92,0.77,Rolling
856,202606,CH04,South,SKU-303,259,54765.79,55522.83,18454.11,0.72,Rolling
857,202606,CH04,South,SKU-401,298,110697.09,115863.03,37837.68,0.95,Rolling
858,202606,CH04,South,SKU-402,277,35579.93,34955.73,11393.19,0.85,Rolling
859,202606,CH04,East,SKU-101,258,48228.0,48131.33,16830.16,0.72,Rolling
860,202606,CH04,East,SKU-102,281,76694.43,76702.07,25347.97,0.88,Rolling
861,202606,CH04,East,SKU-103,276,44149.47,42980.2,15125.99,0.91,Rolling
862,202606,CH04,East,SKU-201,292,29844.23,31282.15,9890.01,0.84,Rolling
863,202606,CH04,East,SKU-202,280,57613.53,59131.18,19775.37,0.85,Rolling
864,202606,CH04,East,SKU-203,260,32777.18,32684.05,10728.45,0.75,Rolling
865,202606,CH04,East,SKU-301,251,35122.98,36597.8,11798.24,0.77,Rolling
866,202606,CH04,East,SKU-302,272,25829.39,24999.48,8494.42,0.94,Rolling
867,202606,CH04,East,SKU-303,264,49311.67,46975.97,17244.18,0.73,Rolling
868,202606,CH04,East,SKU-401,275,89205.89,89041.65,29632.87,0.83,Rolling
869,202606,CH04,East,SKU-402,267,36548.53,37256.57,12678.48,0.69,Rolling
870,202606,CH04,West,SKU-101,256,45830.91,45888.58,15107.49,0.78,Rolling
871,202606,CH04,West,SKU-102,272,75670.07,75878.36,26363.37,0.77,Rolling
872,202606,CH04,West,SKU-103,238,33773.06,32861.15,11433.62,0.67,Rolling
873,202606,CH04,West,SKU-201,268,27463.63,26142.98,9600.34,0.76,Rolling
874,202606,CH04,West,SKU-202,284,63318.0,62611.77,20912.43,0.66,Rolling
875,202606,CH04,West,SKU-203,263,37044.87,35731.35,12511.34,0.92,Rolling
876,202606,CH04,West,SKU-301,280,45495.3,44592.42,15178.25,0.81,Rolling
877,202606,CH04,West,SKU-302,300,28488.35,27218.87,9343.41,0.8,Rolling
878,202606,CH04,West,SKU-303,269,53592.66,55920.6,17536.4,0.73,Rolling
879,202606,CH04,West,SKU-401,298,107050.84,108996.34,35879.83,0.86,Rolling
880,202606,CH04,West,SKU-402,252,31958.81,31641.81,10298.97,0.81,Rolling
881,202606,CH05,North,SKU-101,278,55771.28,56000.51,19407.21,0.79,Rolling
882,202606,CH05,North,SKU-102,273,77296.92,79913.29,25164.42,0.82,Rolling
883,202606,CH05,North,SKU-103,281,45786.61,45826.63,15535.16,0.77,Rolling
884,202606,CH05,North,SKU-201,268,30122.86,31313.96,9764.36,0.91,Rolling
885,202606,CH05,North,SKU-202,306,68783.64,70703.36,23170.62,0.95,Rolling
886,202606,CH05,North,SKU-203,268,38447.57,38424.89,13291.69,0.81,Rolling
887,202606,CH05,North,SKU-301,266,39623.97,40550.92,13774.82,0.73,Rolling
888,202606,CH05,North,SKU-302,263,23971.64,25074.79,8131.87,0.84,Rolling
889,202606,CH05,North,SKU-303,272,56740.94,57319.98,19283.08,0.92,Rolling
890,202606,CH05,North,SKU-401,285,108355.33,113664.03,36563.26,0.68,Rolling
891,202606,CH05,North,SKU-402,268,33220.47,31748.43,10697.48,0.87,Rolling
892,202606,CH05,South,SKU-101,270,48006.6,49121.5,15824.44,0.73,Rolling
893,202606,CH05,South,SKU-102,277,77717.94,78817.55,25502.1,0.89,Rolling
894,202606,CH05,South,SKU-103,256,40972.68,41824.47,13335.75,0.68,Rolling
895,202606,CH05,South,SKU-201,288,28981.88,29440.36,9382.15,0.8,Rolling
896,202606,CH05,South,SKU-202,241,53191.26,52895.44,17093.54,0.76,Rolling
897,202606,CH05,South,SKU-203,283,40040.79,39518.17,13321.46,0.82,Rolling
898,202606,CH05,South,SKU-301,307,42577.23,43036.88,14837.01,0.95,Rolling
899,202606,CH05,South,SKU-302,269,24315.42,24450.7,8243.48,0.91,Rolling
900,202606,CH05,South,SKU-303,282,55996.72,56778.44,18684.49,0.79,Rolling
901,202606,CH05,South,SKU-401,269,90759.52,90965.03,29982.3,0.68,Rolling
902,202606,CH05,South,SKU-402,241,31839.3,33414.87,10477.42,0.72,Rolling
903,202606,CH05,East,SKU-101,273,49394.08,50428.4,15897.1,0.93,Rolling
904,202606,CH05,East,SKU-102,242,69575.87,69214.71,24295.84,0.95,Rolling
905,202606,CH05,East,SKU-103,277,42152.71,42275.64,14139.43,0.82,Rolling
906,202606,CH05,East,SKU-201,280,29503.51,29705.2,10045.16,0.68,Rolling
907,202606,CH05,East,SKU-202,276,61905.18,63597.19,21120.15,0.69,Rolling
908,202606,CH05,East,SKU-203,274,34865.85,36096.29,11891.92,0.88,Rolling
909,202606,CH05,East,SKU-301,259,42365.03,41771.21,13636.9,0.83,Rolling
910,202606,CH05,East,SKU-302,248,22404.03,23243.56,7696.79,0.68,Rolling
911,202606,CH05,East,SKU-303,264,51981.68,54437.12,17781.49,0.65,Rolling
912,202606,CH05,East,SKU-401,292,95856.17,98103.93,33161.35,0.81,Rolling
913,202606,CH05,East,SKU-402,260,34318.36,33723.54,11231.96,0.83,Rolling
914,202606,CH05,West,SKU-101,295,53312.69,55117.74,18246.46,0.93,Rolling
915,202606,CH05,West,SKU-102,252,73139.77,73976.74,24458.32,0.83,Rolling
916,202606,CH05,West,SKU-103,253,39595.93,39329.47,13477.8,0.79,Rolling
917,202606,CH05,West,SKU-201,262,26792.8,25515.02,9111.05,0.9,Rolling
918,202606,CH05,West,SKU-202,263,64288.92,62769.76,20816.67,0.76,Rolling
919,202606,CH05,West,SKU-203,282,38889.19,38560.81,12581.93,0.75,Rolling
920,202606,CH05,West,SKU-301,281,39667.0,38331.5,13455.92,0.89,Rolling
921,202606,CH05,West,SKU-302,263,21714.76,21305.17,6961.93,0.88,Rolling
922,202606,CH05,West,SKU-303,265,55070.71,56881.12,18094.57,0.71,Rolling
923,202606,CH05,West,SKU-401,288,98609.61,101004.01,31785.77,0.82,Rolling
924,202606,CH05,West,SKU-402,267,34514.39,33771.61,11160.43,0.84,Rolling
925,202606,CH06,North,SKU-101,257,53028.5,52854.16,17592.94,0.87,Rolling
926,202606,CH06,North,SKU-102,296,84420.65,85355.87,27821.41,0.88,Rolling
927,202606,CH06,North,SKU-103,258,42579.93,42403.77,13891.66,0.86,Rolling
928,202606,CH06,North,SKU-201,259,28851.4,27877.6,9288.18,0.73,Rolling
929,202606,CH06,North,SKU-202,275,61271.92,62052.14,21167.13,0.72,Rolling
930,202606,CH06,North,SKU-203,287,40325.67,40046.1,13042.95,0.86,Rolling
931,202606,CH06,North,SKU-301,255,37730.36,38308.73,12338.58,0.71,Rolling
932,202606,CH06,North,SKU-302,267,21529.61,21377.31,7398.57,0.86,Rolling
933,202606,CH06,North,SKU-303,290,63072.31,62072.06,22057.14,0.73,Rolling
934,202606,CH06,North,SKU-401,269,92127.18,95280.52,31543.66,0.95,Rolling
935,202606,CH06,North,SKU-402,275,34525.39,36239.79,11619.38,0.86,Rolling
936,202606,CH06,South,SKU-101,266,55310.12,53465.09,18184.37,0.7,Rolling
937,202606,CH06,South,SKU-102,285,75641.31,74117.09,25372.04,0.77,Rolling
938,202606,CH06,South,SKU-103,308,48848.33,49232.16,15979.48,0.73,Rolling
939,202606,CH06,South,SKU-201,270,26980.82,27810.51,9023.57,0.85,Rolling
940,202606,CH06,South,SKU-202,253,54737.81,54882.4,18798.32,0.88,Rolling
941,202606,CH06,South,SKU-203,263,38727.51,39214.2,12565.23,0.85,Rolling
942,202606,CH06,South,SKU-301,246,37508.81,37077.98,12066.97,0.76,Rolling
943,202606,CH06,South,SKU-302,295,25836.6,26950.57,8573.75,0.78,Rolling
944,202606,CH06,South,SKU-303,274,51394.88,48920.5,17386.6,0.93,Rolling
945,202606,CH06,South,SKU-401,246,84485.05,87093.46,27717.67,0.91,Rolling
946,202606,CH06,South,SKU-402,273,36206.92,37227.94,11767.14,0.66,Rolling
947,202606,CH06,East,SKU-101,265,53312.0,53403.46,17974.89,0.69,Rolling
948,202606,CH06,East,SKU-102,289,85673.88,85384.22,29894.51,0.91,Rolling
949,202606,CH06,East,SKU-103,277,43035.73,43360.39,14280.43,0.74,Rolling
950,202606,CH06,East,SKU-201,266,27291.24,26646.0,9356.22,0.81,Rolling
951,202606,CH06,East,SKU-202,239,57399.76,58864.81,18924.55,0.93,Rolling
952,202606,CH06,East,SKU-203,257,34518.21,34031.4,11604.08,0.89,Rolling
953,202606,CH06,East,SKU-301,289,43350.17,41825.02,13933.89,0.84,Rolling
954,202606,CH06,East,SKU-302,238,21097.51,20461.59,7092.68,0.7,Rolling
955,202606,CH06,East,SKU-303,267,53018.72,51156.17,18117.28,0.71,Rolling
956,202606,CH06,East,SKU-401,282,98403.04,101861.27,33580.84,0.66,Rolling
957,202606,CH06,East,SKU-402,260,32166.5,32312.07,10995.63,0.84,Rolling
958,202606,CH06,West,SKU-101,283,56292.41,58102.43,19104.0,0.77,Rolling
959,202606,CH06,West,SKU-102,269,82938.22,81049.04,27391.37,0.93,Rolling
960,202606,CH06,West,SKU-103,274,42926.3,45032.96,14796.85,0.87,Rolling
961,202606,CH06,West,SKU-201,255,26648.24,27685.62,8791.12,0.67,Rolling
962,202606,CH06,West,SKU-202,269,62687.66,65553.15,21359.52,0.92,Rolling
963,202606,CH06,West,SKU-203,268,38792.36,39610.4,13004.49,0.84,Rolling
964,202606,CH06,West,SKU-301,280,45030.44,47058.27,15038.24,0.86,Rolling
965,202606,CH06,West,SKU-302,282,25035.23,25990.69,8348.44,0.67,Rolling
966,202606,CH06,West,SKU-303,289,61585.09,59359.08,19764.05,0.93,Rolling
967,202606,CH06,West,SKU-401,250,93332.96,95280.87,30234.08,0.85,Rolling
968,202606,CH06,West,SKU-402,293,39201.84,38977.84,12641.35,0.92,Rolling
969,202606,CH07,North,SKU-101,274,49675.16,50507.36,16864.32,0.92,Rolling
970,202606,CH07,North,SKU-102,291,76952.35,79614.61,26027.16,0.76,Rolling
971,202606,CH07,North,SKU-103,235,34569.38,34457.99,11769.21,0.92,Rolling
972,202606,CH07,North,SKU-201,287,29219.98,28459.62,9676.86,0.68,Rolling
973,202606,CH07,North,SKU-202,248,56041.96,56226.26,17993.12,0.94,Rolling
974,202606,CH07,North,SKU-203,259,32426.62,32686.67,10510.56,0.66,Rolling
975,202606,CH07,North,SKU-301,264,37207.48,36512.92,12372.71,0.7,Rolling
976,202606,CH07,North,SKU-302,270,21739.74,21782.86,7118.39,0.68,Rolling
977,202606,CH07,North,SKU-303,266,55436.32,57185.98,19189.69,0.94,Rolling
978,202606,CH07,North,SKU-401,283,97102.42,94011.1,33073.07,0.95,Rolling
979,202606,CH07,North,SKU-402,268,36414.46,36166.6,12100.86,0.8,Rolling
980,202606,CH07,South,SKU-101,264,54245.08,56322.05,17728.97,0.92,Rolling
981,202606,CH07,South,SKU-102,262,78664.14,77127.81,25297.52,0.76,Rolling
982,202606,CH07,South,SKU-103,281,43749.57,44450.09,14962.88,0.92,Rolling
983,202606,CH07,South,SKU-201,267,26825.24,26643.27,9158.58,0.65,Rolling
984,202606,CH07,South,SKU-202,261,60336.94,61735.19,20777.29,0.88,Rolling
985,202606,CH07,South,SKU-203,279,41384.56,41670.42,13494.8,0.74,Rolling
986,202606,CH07,South,SKU-301,279,39853.34,38188.85,13807.03,0.92,Rolling
987,202606,CH07,South,SKU-302,259,23476.56,23077.3,8130.28,0.68,Rolling
988,202606,CH07,South,SKU-303,226,43387.09,41707.69,13969.37,0.88,Rolling
989,202606,CH07,South,SKU-401,252,86508.57,87984.46,28267.72,0.72,Rolling
990,202606,CH07,South,SKU-402,273,38998.76,40004.2,13264.28,0.78,Rolling
991,202606,CH07,East,SKU-101,294,61636.26,63604.74,19805.54,0.75,Rolling
992,202606,CH07,East,SKU-102,273,79366.06,81636.97,26070.14,0.71,Rolling
993,202606,CH07,East,SKU-103,234,36825.77,36185.55,12462.12,0.67,Rolling
994,202606,CH07,East,SKU-201,245,24849.7,25275.46,8571.95,0.91,Rolling
995,202606,CH07,East,SKU-202,252,58923.88,60538.28,20242.73,0.72,Rolling
996,202606,CH07,East,SKU-203,254,36105.51,35452.51,11667.18,0.87,Rolling
997,202606,CH07,East,SKU-301,260,36909.63,36226.47,12467.35,0.76,Rolling
998,202606,CH07,East,SKU-302,260,21157.63,21285.97,6846.54,0.71,Rolling
999,202606,CH07,East,SKU-303,252,52019.07,51828.7,17943.02,0.68,Rolling
1000,202606,CH07,East,SKU-401,250,92386.79,90592.26,30695.75,0.74,Rolling
1001,202606,CH07,East,SKU-402,242,33211.53,34167.47,11283.64,0.8,Rolling
1002,202606,CH07,West,SKU-101,243,43641.18,43267.54,14788.83,0.88,Rolling
1003,202606,CH07,West,SKU-102,279,75064.47,73909.44,24117.27,0.87,Rolling
1004,202606,CH07,West,SKU-103,308,43196.8,43091.27,14933.18,0.82,Rolling
1005,202606,CH07,West,SKU-201,288,32320.82,32161.44,10703.26,0.79,Rolling
1006,202606,CH07,West,SKU-202,288,59180.67,61888.8,19200.19,0.87,Rolling
1007,202606,CH07,West,SKU-203,276,35218.61,36522.85,11713.39,0.85,Rolling
1008,202606,CH07,West,SKU-301,270,40880.27,40011.07,13527.34,0.91,Rolling
1009,202606,CH07,West,SKU-302,268,25505.83,26262.33,8204.46,0.95,Rolling
1010,202606,CH07,West,SKU-303,279,53050.12,54071.04,18217.03,0.72,Rolling
1011,202606,CH07,West,SKU-401,258,92485.06,89449.85,29884.45,0.85,Rolling
1012,202606,CH07,West,SKU-402,284,37637.88,37382.1,12482.69,0.94,Rolling
1013,202606,CH08,North,SKU-101,284,53343.95,53578.73,18051.04,0.79,Rolling
1014,202606,CH08,North,SKU-102,286,82447.66,85369.85,28241.02,0.88,Rolling
1015,202606,CH08,North,SKU-103,310,45067.17,46820.07,15465.56,0.93,Rolling
1016,202606,CH08,North,SKU-201,238,23102.72,23111.72,7500.82,0.69,Rolling
1017,202606,CH08,North,SKU-202,263,56955.07,55069.53,19834.65,0.75,Rolling
1018,202606,CH08,North,SKU-203,262,36619.16,37388.79,12416.83,0.93,Rolling
1019,202606,CH08,North,SKU-301,288,45108.75,45780.08,14513.82,0.72,Rolling
1020,202606,CH08,North,SKU-302,313,26915.76,27621.05,9036.58,0.65,Rolling
1021,202606,CH08,North,SKU-303,282,52858.95,55272.8,17269.93,0.79,Rolling
1022,202606,CH08,North,SKU-401,247,84913.6,83666.85,29279.0,0.65,Rolling
1023,202606,CH08,North,SKU-402,286,42441.12,42820.72,13651.67,0.67,Rolling
1024,202606,CH08,South,SKU-101,293,54630.45,55275.27,18284.14,0.94,Rolling
1025,202606,CH08,South,SKU-102,255,76315.96,79847.76,25729.0,0.68,Rolling
1026,202606,CH08,South,SKU-103,275,39608.02,39188.62,13385.73,0.76,Rolling
1027,202606,CH08,South,SKU-201,264,29724.96,30469.56,9513.1,0.88,Rolling
1028,202606,CH08,South,SKU-202,282,61623.59,62281.41,20556.55,0.88,Rolling
1029,202606,CH08,South,SKU-203,266,39407.53,38390.97,13458.88,0.69,Rolling
1030,202606,CH08,South,SKU-301,262,37525.9,37338.12,12185.22,0.82,Rolling
1031,202606,CH08,South,SKU-302,278,26166.38,25342.51,8550.15,0.85,Rolling
1032,202606,CH08,South,SKU-303,268,49862.96,51387.45,16879.19,0.69,Rolling
1033,202606,CH08,South,SKU-401,264,94119.02,90435.66,31170.65,0.72,Rolling
1034,202606,CH08,South,SKU-402,271,36415.57,36172.84,12642.05,0.82,Rolling
1035,202606,CH08,East,SKU-101,273,53474.7,53880.63,17748.55,0.95,Rolling
1036,202606,CH08,East,SKU-102,293,84974.88,84652.49,27663.31,0.74,Rolling
1037,202606,CH08,East,SKU-103,284,46262.09,44633.25,15509.38,0.84,Rolling
1038,202606,CH08,East,SKU-201,271,30771.1,29588.98,9966.72,0.69,Rolling
1039,202606,CH08,East,SKU-202,279,65229.98,64613.37,22101.76,0.88,Rolling
1040,202606,CH08,East,SKU-203,272,34135.99,33831.44,11482.44,0.79,Rolling
1041,202606,CH08,East,SKU-301,295,47546.52,46953.61,16238.04,0.77,Rolling
1042,202606,CH08,East,SKU-302,256,20715.75,20367.27,6915.38,0.94,Rolling
1043,202606,CH08,East,SKU-303,261,49546.2,48015.07,16626.21,0.85,Rolling
1044,202606,CH08,East,SKU-401,230,80287.28,78930.46,27408.36,0.8,Rolling
1045,202606,CH08,East,SKU-402,251,32810.49,33568.85,11267.04,0.94,Rolling
1046,202606,CH08,West,SKU-101,270,50235.0,51130.08,16773.54,0.78,Rolling
1047,202606,CH08,West,SKU-102,290,89501.53,92652.61,30000.11,0.8,Rolling
1048,202606,CH08,West,SKU-103,246,38665.77,40345.14,13278.06,0.84,Rolling
1049,202606,CH08,West,SKU-201,247,23948.48,24861.43,8202.08,0.88,Rolling
1050,202606,CH08,West,SKU-202,277,57975.76,56988.41,18790.38,0.87,Rolling
1051,202606,CH08,West,SKU-203,251,35366.53,35222.6,11460.77,0.74,Rolling
1052,202606,CH08,West,SKU-301,261,36798.83,38009.76,12615.75,0.71,Rolling
1053,202606,CH08,West,SKU-302,281,25878.41,25073.41,8403.44,0.72,Rolling
1054,202606,CH08,West,SKU-303,263,54946.52,57284.23,17679.53,0.65,Rolling
1055,202606,CH08,West,SKU-401,280,95493.78,95940.71,30851.4,0.84,Rolling
1056,202606,CH08,West,SKU-402,261,37718.98,36478.45,13123.42,0.81,Rolling
1057,202607,CH01,North,SKU-101,299,58533.51,57970.93,20090.26,0.83,Rolling
1058,202607,CH01,North,SKU-102,270,75968.37,73841.1,25695.77,0.84,Rolling
1059,202607,CH01,North,SKU-103,267,44080.97,45106.67,14252.17,0.71,Rolling
1060,202607,CH01,North,SKU-201,297,32288.77,32979.76,10617.86,0.82,Rolling
1061,202607,CH01,North,SKU-202,276,65616.66,67800.83,22671.74,0.89,Rolling
1062,202607,CH01,North,SKU-203,269,38857.08,38819.0,12721.46,0.8,Rolling
1063,202607,CH01,North,SKU-301,250,36830.94,35949.42,12842.77,0.88,Rolling
1064,202607,CH01,North,SKU-302,285,26674.96,27366.28,9015.16,0.94,Rolling
1065,202607,CH01,North,SKU-303,265,49250.97,49448.51,16663.39,0.95,Rolling
1066,202607,CH01,North,SKU-401,268,89318.27,89370.37,31170.32,0.93,Rolling
1067,202607,CH01,North,SKU-402,279,35641.94,36431.97,12066.28,0.68,Rolling
1068,202607,CH01,South,SKU-101,247,49418.98,47648.37,16507.52,0.76,Rolling
1069,202607,CH01,South,SKU-102,272,81049.2,81174.99,27064.76,0.77,Rolling
1070,202607,CH01,South,SKU-103,291,42236.3,43263.98,13971.47,0.9,Rolling
1071,202607,CH01,South,SKU-201,262,24923.96,24638.74,8232.31,0.9,Rolling
1072,202607,CH01,South,SKU-202,287,69921.87,72097.2,22537.52,0.86,Rolling
1073,202607,CH01,South,SKU-203,272,35267.11,36754.52,12265.26,0.89,Rolling
1074,202607,CH01,South,SKU-301,219,31533.14,31544.37,10892.37,0.91,Rolling
1075,202607,CH01,South,SKU-302,275,24200.28,25141.76,8073.75,0.73,Rolling
1076,202607,CH01,South,SKU-303,298,59638.04,58617.4,20270.08,0.95,Rolling
1077,202607,CH01,South,SKU-401,252,81229.76,81664.22,26712.23,0.69,Rolling
1078,202607,CH01,South,SKU-402,284,36622.86,35799.12,12363.99,0.85,Rolling
1079,202607,CH01,East,SKU-101,267,54956.65,56537.8,18618.03,0.75,Rolling
1080,202607,CH01,East,SKU-102,280,82073.84,84408.52,28108.08,0.82,Rolling
1081,202607,CH01,East,SKU-103,261,37491.0,38538.83,12902.02,0.9,Rolling
1082,202607,CH01,East,SKU-201,269,25876.35,26506.08,8968.43,0.85,Rolling
1083,202607,CH01,East,SKU-202,274,64096.37,67094.72,20731.75,0.82,Rolling
1084,202607,CH01,East,SKU-203,279,40605.6,42546.55,13617.59,0.9,Rolling
1085,202607,CH01,East,SKU-301,267,38707.1,39938.91,13531.01,0.73,Rolling
1086,202607,CH01,East,SKU-302,276,23159.7,22166.21,7753.25,0.68,Rolling
1087,202607,CH01,East,SKU-303,258,48930.98,47003.81,17058.18,0.73,Rolling
1088,202607,CH01,East,SKU-401,267,97108.76,98255.01,33130.29,0.9,Rolling
1089,202607,CH01,East,SKU-402,292,42615.99,42766.84,13991.63,0.91,Rolling
1090,202607,CH01,West,SKU-101,272,47721.32,47232.25,16627.74,0.72,Rolling
1091,202607,CH01,West,SKU-102,293,86708.88,89913.78,29765.16,0.84,Rolling
1092,202607,CH01,West,SKU-103,329,46622.71,46396.4,15457.59,0.88,Rolling
1093,202607,CH01,West,SKU-201,261,25997.56,26203.89,8364.95,0.69,Rolling
1094,202607,CH01,West,SKU-202,282,60035.43,61794.36,19379.38,0.78,Rolling
1095,202607,CH01,West,SKU-203,280,40852.71,42525.62,13201.54,0.95,Rolling
1096,202607,CH01,West,SKU-301,260,35852.55,35524.58,12150.22,0.75,Rolling
1097,202607,CH01,West,SKU-302,288,24631.97,25209.12,8577.21,0.68,Rolling
1098,202607,CH01,West,SKU-303,260,51980.4,52199.74,17102.53,0.85,Rolling
1099,202607,CH01,West,SKU-401,277,90442.79,90234.48,29908.24,0.8,Rolling
1100,202607,CH01,West,SKU-402,299,36958.35,36732.3,12736.56,0.88,Rolling
1101,202607,CH02,North,SKU-101,271,51691.4,52020.69,18091.79,0.84,Rolling
1102,202607,CH02,North,SKU-102,279,78159.74,80605.77,26171.63,0.95,Rolling
1103,202607,CH02,North,SKU-103,268,42130.53,40220.51,13798.38,0.76,Rolling
1104,202607,CH02,North,SKU-201,282,26736.02,27048.43,8885.53,0.93,Rolling
1105,202607,CH02,North,SKU-202,270,57291.97,58787.14,19572.58,0.92,Rolling
1106,202607,CH02,North,SKU-203,279,37307.99,38957.55,12426.47,0.95,Rolling
1107,202607,CH02,North,SKU-301,236,36416.92,36418.88,12714.07,0.69,Rolling
1108,202607,CH02,North,SKU-302,294,24702.89,25695.13,8223.07,0.89,Rolling
1109,202607,CH02,North,SKU-303,265,54357.75,52406.56,18453.91,0.71,Rolling
1110,202607,CH02,North,SKU-401,266,85240.51,82784.62,28648.58,0.79,Rolling
1111,202607,CH02,North,SKU-402,270,37994.83,38770.93,12566.38,0.91,Rolling
1112,202607,CH02,South,SKU-101,277,50963.63,48418.57,17631.44,0.9,Rolling
1113,202607,CH02,South,SKU-102,248,73584.66,74703.96,25446.35,0.69,Rolling
1114,202607,CH02,South,SKU-103,267,39743.88,37816.72,13789.07,0.81,Rolling
1115,202607,CH02,South,SKU-201,289,28520.09,27833.84,9457.28,0.89,Rolling
1116,202607,CH02,South,SKU-202,265,54518.34,52225.8,18688.96,0.78,Rolling
1117,202607,CH02,South,SKU-203,281,35603.19,34331.76,12199.8,0.87,Rolling
1118,202607,CH02,South,SKU-301,264,36457.03,35684.71,11676.33,0.72,Rolling
1119,202607,CH02,South,SKU-302,266,21671.18,22530.3,7315.41,0.93,Rolling
1120,202607,CH02,South,SKU-303,262,49498.6,50084.36,16031.98,0.65,Rolling
1121,202607,CH02,South,SKU-401,301,114433.6,112532.08,37744.05,0.77,Rolling
1122,202607,CH02,South,SKU-402,280,41117.03,39165.79,14031.02,0.75,Rolling
1123,202607,CH02,East,SKU-101,253,48622.12,46857.19,15853.58,0.77,Rolling
1124,202607,CH02,East,SKU-102,266,71559.7,68013.02,24982.0,0.93,Rolling
1125,202607,CH02,East,SKU-103,278,39227.18,40859.47,13294.15,0.9,Rolling
1126,202607,CH02,East,SKU-201,295,28082.9,27207.5,9042.61,0.71,Rolling
1127,202607,CH02,East,SKU-202,266,55860.74,55558.1,18445.5,0.79,Rolling
1128,202607,CH02,East,SKU-203,267,39288.61,37747.96,12689.35,0.91,Rolling
1129,202607,CH02,East,SKU-301,270,38850.17,40127.81,13508.8,0.84,Rolling
1130,202607,CH02,East,SKU-302,246,22835.21,23408.09,7332.43,0.89,Rolling
1131,202607,CH02,East,SKU-303,249,50520.25,49332.92,17168.82,0.83,Rolling
1132,202607,CH02,East,SKU-401,246,93475.33,90307.55,31586.42,0.75,Rolling
1133,202607,CH02,East,SKU-402,268,35451.13,33781.07,12388.27,0.84,Rolling
1134,202607,CH02,West,SKU-101,270,52222.72,51596.6,17275.13,0.79,Rolling
1135,202607,CH02,West,SKU-102,259,75383.69,77967.58,24468.4,0.66,Rolling
1136,202607,CH02,West,SKU-103,288,47299.28,47040.45,16531.02,0.74,Rolling
1137,202607,CH02,West,SKU-201,257,26117.37,26447.4,8596.53,0.84,Rolling
1138,202607,CH02,West,SKU-202,259,62499.21,64894.22,21819.97,0.86,Rolling
1139,202607,CH02,West,SKU-203,279,35282.77,34186.3,11596.88,0.92,Rolling
1140,202607,CH02,West,SKU-301,271,38181.72,37299.85,13316.09,0.73,Rolling
1141,202607,CH02,West,SKU-302,260,21288.73,20720.87,7222.62,0.79,Rolling
1142,202607,CH02,West,SKU-303,272,57481.59,59114.61,18431.34,0.77,Rolling
1143,202607,CH02,West,SKU-401,239,87870.69,91402.99,28741.81,0.79,Rolling
1144,202607,CH02,West,SKU-402,253,34551.5,33008.19,11797.48,0.81,Rolling
1145,202607,CH03,North,SKU-101,288,59477.63,62443.75,20673.17,0.88,Rolling
1146,202607,CH03,North,SKU-102,287,77854.0,79232.34,26578.0,0.95,Rolling
1147,202607,CH03,North,SKU-103,272,42767.83,44818.02,13913.08,0.75,Rolling
1148,202607,CH03,North,SKU-201,272,25753.86,25334.03,8909.83,0.66,Rolling
1149,202607,CH03,North,SKU-202,267,64889.99,68040.24,21586.24,0.94,Rolling
1150,202607,CH03,North,SKU-203,277,37723.69,36326.23,13057.98,0.76,Rolling
1151,202607,CH03,North,SKU-301,276,39640.69,41590.84,13580.61,0.94,Rolling
1152,202607,CH03,North,SKU-302,260,22893.16,22880.96,7445.96,0.87,Rolling
1153,202607,CH03,North,SKU-303,263,50942.94,51267.23,17412.0,0.79,Rolling
1154,202607,CH03,North,SKU-401,271,102809.16,107216.84,35006.81,0.66,Rolling
1155,202607,CH03,North,SKU-402,272,40422.92,42428.17,13975.35,0.67,Rolling
1156,202607,CH03,South,SKU-101,309,62675.06,62093.4,20657.08,0.79,Rolling
1157,202607,CH03,South,SKU-102,250,76827.84,73278.01,24932.66,0.69,Rolling
1158,202607,CH03,South,SKU-103,252,41284.93,42862.22,13251.11,0.88,Rolling
1159,202607,CH03,South,SKU-201,277,28778.31,30192.41,9246.91,0.72,Rolling
1160,202607,CH03,South,SKU-202,265,64049.82,64434.15,20582.62,0.77,Rolling
1161,202607,CH03,South,SKU-203,266,36848.85,37348.71,12580.11,0.88,Rolling
1162,202607,CH03,South,SKU-301,276,44894.25,45936.33,15365.33,0.95,Rolling
1163,202607,CH03,South,SKU-302,286,27298.18,26345.84,9143.03,0.82,Rolling
1164,202607,CH03,South,SKU-303,262,54978.27,56192.65,19237.69,0.73,Rolling
1165,202607,CH03,South,SKU-401,282,95783.35,92532.34,33225.0,0.83,Rolling
1166,202607,CH03,South,SKU-402,287,36982.65,36381.86,12257.76,0.94,Rolling
1167,202607,CH03,East,SKU-101,269,50636.98,48238.28,16544.64,0.93,Rolling
1168,202607,CH03,East,SKU-102,241,64047.44,66350.13,21630.88,0.92,Rolling
1169,202607,CH03,East,SKU-103,270,41627.2,41561.68,14377.15,0.84,Rolling
1170,202607,CH03,East,SKU-201,286,28020.96,28441.73,9134.54,0.82,Rolling
1171,202607,CH03,East,SKU-202,219,45165.49,44706.44,15566.18,0.9,Rolling
1172,202607,CH03,East,SKU-203,282,37078.19,35551.14,11929.71,0.91,Rolling
1173,202607,CH03,East,SKU-301,281,41428.05,40930.52,14447.76,0.67,Rolling
1174,202607,CH03,East,SKU-302,284,22832.01,23385.85,7532.9,0.87,Rolling
1175,202607,CH03,East,SKU-303,280,58912.42,59389.83,19358.57,0.87,Rolling
1176,202607,CH03,East,SKU-401,274,103711.33,104184.71,35890.22,0.91,Rolling
1177,202607,CH03,East,SKU-402,267,35738.41,35557.71,12396.03,0.89,Rolling
1178,202607,CH03,West,SKU-101,248,52043.45,52540.73,17880.89,0.88,Rolling
1179,202607,CH03,West,SKU-102,263,78926.33,78926.2,26607.42,0.86,Rolling
1180,202607,CH03,West,SKU-103,284,40309.15,39469.89,13512.68,0.75,Rolling
1181,202607,CH03,West,SKU-201,273,28443.91,28068.4,9558.29,0.78,Rolling
1182,202607,CH03,West,SKU-202,259,54586.87,55576.89,18982.0,0.81,Rolling
1183,202607,CH03,West,SKU-203,292,39665.75,39495.29,12702.7,0.78,Rolling
1184,202607,CH03,West,SKU-301,264,43425.99,41627.25,14322.95,0.78,Rolling
1185,202607,CH03,West,SKU-302,268,23333.7,22230.39,7963.86,0.92,Rolling
1186,202607,CH03,West,SKU-303,271,50774.59,49356.18,16606.09,0.78,Rolling
1187,202607,CH03,West,SKU-401,300,99503.53,97176.02,32987.46,0.84,Rolling
1188,202607,CH03,West,SKU-402,267,36752.7,35803.88,11847.86,0.66,Rolling
1189,202607,CH04,North,SKU-101,257,47829.82,49135.26,16333.35,0.83,Rolling
1190,202607,CH04,North,SKU-102,290,89549.94,88647.63,29732.98,0.77,Rolling
1191,202607,CH04,North,SKU-103,245,34715.87,34163.49,11441.62,0.67,Rolling
1192,202607,CH04,North,SKU-201,251,25087.92,26007.79,8283.61,0.69,Rolling
1193,202607,CH04,North,SKU-202,256,62417.3,60412.31,20930.79,0.72,Rolling
1194,202607,CH04,North,SKU-203,287,38325.67,37338.04,13288.38,0.92,Rolling
1195,202607,CH04,North,SKU-301,266,37896.56,37649.99,12844.85,0.77,Rolling
1196,202607,CH04,North,SKU-302,263,24464.48,25416.98,8540.16,0.87,Rolling
1197,202607,CH04,North,SKU-303,272,59492.85,60026.82,20253.43,0.85,Rolling
1198,202607,CH04,North,SKU-401,289,96391.99,97987.61,33433.98,0.86,Rolling
1199,202607,CH04,North,SKU-402,266,37790.0,38701.64,12781.02,0.74,Rolling
1200,202607,CH04,South,SKU-101,299,60534.86,58805.43,19995.95,0.91,Rolling
1201,202607,CH04,South,SKU-102,233,66873.82,68553.89,21965.16,0.72,Rolling
1202,202607,CH04,South,SKU-103,300,42220.1,40924.09,14775.55,0.71,Rolling
1203,202607,CH04,South,SKU-201,275,30667.78,31450.32,10362.9,0.65,Rolling
1204,202607,CH04,South,SKU-202,292,70700.87,70669.33,24096.75,0.67,Rolling
1205,202607,CH04,South,SKU-203,282,37283.12,35861.35,12094.86,0.71,Rolling
1206,202607,CH04,South,SKU-301,262,38840.3,39711.73,12525.31,0.83,Rolling
1207,202607,CH04,South,SKU-302,269,25208.64,25094.78,8652.97,0.71,Rolling
1208,202607,CH04,South,SKU-303,273,53044.81,51590.65,18118.37,0.8,Rolling
1209,202607,CH04,South,SKU-401,283,91892.36,94055.21,31702.58,0.92,Rolling
1210,202607,CH04,South,SKU-402,273,38882.61,37544.07,12633.99,0.67,Rolling
1211,202607,CH04,East,SKU-101,261,54790.25,54412.16,18726.61,0.86,Rolling
1212,202607,CH04,East,SKU-102,254,73783.03,75260.94,25820.19,0.76,Rolling
1213,202607,CH04,East,SKU-103,294,46275.08,46729.75,14881.57,0.67,Rolling
1214,202607,CH04,East,SKU-201,282,29910.09,29278.47,10286.37,0.89,Rolling
1215,202607,CH04,East,SKU-202,284,61046.31,62935.35,19875.64,0.74,Rolling
1216,202607,CH04,East,SKU-203,253,35609.5,36152.58,11839.02,0.68,Rolling
1217,202607,CH04,East,SKU-301,297,44356.57,44750.56,14450.65,0.69,Rolling
1218,202607,CH04,East,SKU-302,265,22201.91,23073.36,7458.13,0.8,Rolling
1219,202607,CH04,East,SKU-303,247,50178.23,48402.75,16504.35,0.79,Rolling
1220,202607,CH04,East,SKU-401,279,98850.26,100675.74,32962.83,0.91,Rolling
1221,202607,CH04,East,SKU-402,291,43085.35,41256.74,13791.66,0.76,Rolling
1222,202607,CH04,West,SKU-101,275,52566.81,50594.94,17090.26,0.91,Rolling
1223,202607,CH04,West,SKU-102,291,86388.52,87232.38,28170.24,0.78,Rolling
1224,202607,CH04,West,SKU-103,280,38718.27,40474.36,13371.14,0.73,Rolling
1225,202607,CH04,West,SKU-201,275,26433.61,26441.62,8820.56,0.77,Rolling
1226,202607,CH04,West,SKU-202,288,59234.07,56662.35,19030.86,0.77,Rolling
1227,202607,CH04,West,SKU-203,281,39265.52,40000.13,12865.59,0.83,Rolling
1228,202607,CH04,West,SKU-301,279,41109.65,41599.48,14361.06,0.78,Rolling
1229,202607,CH04,West,SKU-302,265,21467.01,21581.14,7081.13,0.69,Rolling
1230,202607,CH04,West,SKU-303,268,52612.94,50538.6,16874.48,0.9,Rolling
1231,202607,CH04,West,SKU-401,298,105668.92,103322.63,35378.73,0.78,Rolling
1232,202607,CH04,West,SKU-402,258,32630.68,31172.33,11193.31,0.85,Rolling
1233,202607,CH05,North,SKU-101,270,51814.84,51488.53,17191.48,0.8,Rolling
1234,202607,CH05,North,SKU-102,271,81138.81,80145.9,26971.04,0.76,Rolling
1235,202607,CH05,North,SKU-103,272,44364.15,45235.29,15392.57,0.86,Rolling
1236,202607,CH05,North,SKU-201,315,30011.09,30248.56,10489.02,0.78,Rolling
1237,202607,CH05,North,SKU-202,255,58713.63,57628.48,20047.36,0.94,Rolling
1238,202607,CH05,North,SKU-203,294,38684.95,38188.01,12837.08,0.68,Rolling
1239,202607,CH05,North,SKU-301,283,46079.44,48046.76,14779.19,0.95,Rolling
1240,202607,CH05,North,SKU-302,280,24129.62,24174.3,7956.47,0.84,Rolling
1241,202607,CH05,North,SKU-303,244,46744.41,44489.62,15733.29,0.82,Rolling
1242,202607,CH05,North,SKU-401,266,100537.53,101657.83,32521.02,0.8,Rolling
1243,202607,CH05,North,SKU-402,270,37455.73,38610.59,12827.47,0.71,Rolling
1244,202607,CH05,South,SKU-101,291,60549.62,57956.57,20259.07,0.83,Rolling
1245,202607,CH05,South,SKU-102,257,75777.06,72125.43,25631.67,0.8,Rolling
1246,202607,CH05,South,SKU-103,295,45185.3,44356.16,15510.53,0.93,Rolling
1247,202607,CH05,South,SKU-201,263,27343.83,27061.04,9519.83,0.8,Rolling
1248,202607,CH05,South,SKU-202,268,57344.45,56339.74,19953.65,0.85,Rolling
1249,202607,CH05,South,SKU-203,288,39489.6,41351.12,13014.24,0.7,Rolling
1250,202607,CH05,South,SKU-301,270,38420.45,39913.28,13436.46,0.82,Rolling
1251,202607,CH05,South,SKU-302,284,25933.8,24751.63,8421.46,0.67,Rolling
1252,202607,CH05,South,SKU-303,265,48673.26,48818.61,15974.54,0.89,Rolling
1253,202607,CH05,South,SKU-401,284,97364.28,97809.99,33066.62,0.84,Rolling
1254,202607,CH05,South,SKU-402,280,37049.33,36804.8,12145.47,0.7,Rolling
1255,202607,CH05,East,SKU-101,249,47749.21,45662.46,16635.53,0.88,Rolling
1256,202607,CH05,East,SKU-102,281,82503.07,82748.31,28832.68,0.87,Rolling
1257,202607,CH05,East,SKU-103,274,38954.63,37066.18,13272.12,0.68,Rolling
1258,202607,CH05,East,SKU-201,247,24582.78,24898.99,8543.06,0.74,Rolling
1259,202607,CH05,East,SKU-202,255,53162.25,50834.93,17151.7,0.78,Rolling
1260,202607,CH05,East,SKU-203,261,37960.14,39041.15,12751.54,0.68,Rolling
1261,202607,CH05,East,SKU-301,280,39253.49,40597.79,12959.4,0.72,Rolling
1262,202607,CH05,East,SKU-302,291,24834.82,24474.22,8378.99,0.87,Rolling
1263,202607,CH05,East,SKU-303,238,51641.42,50412.84,17933.25,0.94,Rolling
1264,202607,CH05,East,SKU-401,258,86367.86,88420.06,29703.86,0.72,Rolling
1265,202607,CH05,East,SKU-402,281,37202.65,35966.41,12007.49,0.82,Rolling
1266,202607,CH05,West,SKU-101,267,49144.82,47488.97,16437.1,0.79,Rolling
1267,202607,CH05,West,SKU-102,271,79568.4,80410.01,25767.49,0.95,Rolling
1268,202607,CH05,West,SKU-103,284,42474.35,42483.39,14257.05,0.71,Rolling
1269,202607,CH05,West,SKU-201,279,27186.39,26061.74,9301.73,0.73,Rolling
1270,202607,CH05,West,SKU-202,276,59759.59,61642.88,20109.08,0.91,Rolling
1271,202607,CH05,West,SKU-203,283,35025.24,34126.87,11302.65,0.78,Rolling
1272,202607,CH05,West,SKU-301,294,47618.25,46795.3,15722.93,0.92,Rolling
1273,202607,CH05,West,SKU-302,266,22252.13,23250.81,7504.25,0.88,Rolling
1274,202607,CH05,West,SKU-303,243,52254.46,54224.66,16794.82,0.74,Rolling
1275,202607,CH05,West,SKU-401,267,98037.03,94944.08,32391.36,0.85,Rolling
1276,202607,CH05,West,SKU-402,269,39747.66,38223.52,13565.36,0.72,Rolling
1277,202607,CH06,North,SKU-101,266,47585.45,46727.85,15715.55,0.92,Rolling
1278,202607,CH06,North,SKU-102,275,76640.68,75259.89,25275.7,0.85,Rolling
1279,202607,CH06,North,SKU-103,271,38481.74,36642.85,12566.79,0.68,Rolling
1280,202607,CH06,North,SKU-201,285,30886.15,30532.99,9951.56,0.89,Rolling
1281,202607,CH06,North,SKU-202,274,65917.99,62920.43,21492.86,0.88,Rolling
1282,202607,CH06,North,SKU-203,280,34952.86,36204.44,11513.85,0.71,Rolling
1283,202607,CH06,North,SKU-301,271,37666.58,38667.78,12700.2,0.78,Rolling
1284,202607,CH06,North,SKU-302,256,24272.01,24682.1,8085.97,0.82,Rolling
1285,202607,CH06,North,SKU-303,282,60840.38,60395.29,20004.46,0.84,Rolling
1286,202607,CH06,North,SKU-401,266,92227.27,89026.95,30811.55,0.86,Rolling
1287,202607,CH06,North,SKU-402,286,36454.58,36143.58,12525.39,0.77,Rolling
1288,202607,CH06,South,SKU-101,280,51151.53,52666.38,16497.72,0.81,Rolling
1289,202607,CH06,South,SKU-102,255,73480.4,73477.18,25072.03,0.87,Rolling
1290,202607,CH06,South,SKU-103,281,43766.64,44103.4,14558.83,0.83,Rolling
1291,202607,CH06,South,SKU-201,306,34245.24,32716.04,11275.3,0.74,Rolling
1292,202607,CH06,South,SKU-202,276,66256.17,68433.03,22498.08,0.79,Rolling
1293,202607,CH06,South,SKU-203,301,40930.74,41757.03,13793.98,0.83,Rolling
1294,202607,CH06,South,SKU-301,262,36673.83,36150.68,12501.19,0.94,Rolling
1295,202607,CH06,South,SKU-302,275,25086.21,24009.16,8241.84,0.85,Rolling
1296,202607,CH06,South,SKU-303,261,55448.18,54396.5,17848.39,0.67,Rolling
1297,202607,CH06,South,SKU-401,257,95116.68,93420.6,32733.54,0.7,Rolling
1298,202607,CH06,South,SKU-402,270,37766.46,38148.39,13133.08,0.72,Rolling
1299,202607,CH06,East,SKU-101,270,47737.13,45617.07,15610.0,0.84,Rolling
1300,202607,CH06,East,SKU-102,258,73730.03,74567.59,24143.4,0.74,Rolling
1301,202607,CH06,East,SKU-103,275,43169.54,44390.82,14289.3,0.73,Rolling
1302,202607,CH06,East,SKU-201,268,27643.62,28602.1,9665.96,0.67,Rolling
1303,202607,CH06,East,SKU-202,231,50622.15,48754.41,17521.34,0.66,Rolling
1304,202607,CH06,East,SKU-203,261,38368.11,39018.38,13327.58,0.94,Rolling
1305,202607,CH06,East,SKU-301,270,38683.24,37611.4,13200.96,0.66,Rolling
1306,202607,CH06,East,SKU-302,233,21050.14,21398.02,6970.89,0.89,Rolling
1307,202607,CH06,East,SKU-303,272,57430.41,60032.4,18481.17,0.77,Rolling
1308,202607,CH06,East,SKU-401,269,101216.3,99031.55,34766.81,0.85,Rolling
1309,202607,CH06,East,SKU-402,275,35441.43,33837.17,11597.19,0.75,Rolling
1310,202607,CH06,West,SKU-101,288,57935.92,57585.07,19903.66,0.94,Rolling
1311,202607,CH06,West,SKU-102,257,75706.67,78108.8,25706.02,0.78,Rolling
1312,202607,CH06,West,SKU-103,256,39171.14,41091.81,13402.06,0.75,Rolling
1313,202607,CH06,West,SKU-201,288,28725.67,27330.48,9294.04,0.91,Rolling
1314,202607,CH06,West,SKU-202,288,61913.72,63726.96,21554.16,0.88,Rolling
1315,202607,CH06,West,SKU-203,275,37580.56,36579.08,12936.74,0.77,Rolling
1316,202607,CH06,West,SKU-301,288,46436.62,45662.6,15472.87,0.83,Rolling
1317,202607,CH06,West,SKU-302,273,25552.8,26487.43,8577.25,0.93,Rolling
1318,202607,CH06,West,SKU-303,238,48463.83,47756.58,16183.37,0.75,Rolling
1319,202607,CH06,West,SKU-401,265,94914.9,99635.44,32613.36,0.73,Rolling
1320,202607,CH06,West,SKU-402,258,37346.3,35580.9,12208.71,0.92,Rolling
1321,202607,CH07,North,SKU-101,277,50383.31,52210.3,17473.57,0.73,Rolling
1322,202607,CH07,North,SKU-102,266,80500.75,83027.8,27012.18,0.92,Rolling
1323,202607,CH07,North,SKU-103,261,41224.66,41386.89,14248.79,0.67,Rolling
1324,202607,CH07,North,SKU-201,289,30928.69,29506.37,10462.79,0.87,Rolling
1325,202607,CH07,North,SKU-202,264,59553.25,61537.51,19635.09,0.73,Rolling
1326,202607,CH07,North,SKU-203,263,37657.1,38407.51,12195.52,0.95,Rolling
1327,202607,CH07,North,SKU-301,275,40876.89,42506.54,13379.78,0.74,Rolling
1328,202607,CH07,North,SKU-302,248,22214.99,22457.28,7254.4,0.85,Rolling
1329,202607,CH07,North,SKU-303,283,59798.05,58893.84,20495.43,0.66,Rolling
1330,202607,CH07,North,SKU-401,272,104383.3,102105.16,34784.9,0.67,Rolling
1331,202607,CH07,North,SKU-402,292,38856.46,37351.82,13537.71,0.81,Rolling
1332,202607,CH07,South,SKU-101,259,47589.98,48074.49,16556.5,0.91,Rolling
1333,202607,CH07,South,SKU-102,268,76071.18,74186.95,26587.06,0.74,Rolling
1334,202607,CH07,South,SKU-103,249,40940.75,40989.03,13104.14,0.76,Rolling
1335,202607,CH07,South,SKU-201,246,26975.26,26809.93,8981.62,0.82,Rolling
1336,202607,CH07,South,SKU-202,274,59170.55,61073.9,19939.18,0.74,Rolling
1337,202607,CH07,South,SKU-203,260,36173.46,35199.71,12574.26,0.82,Rolling
1338,202607,CH07,South,SKU-301,298,43959.3,41861.59,14426.02,0.91,Rolling
1339,202607,CH07,South,SKU-302,247,23116.99,23401.49,7908.38,0.75,Rolling
1340,202607,CH07,South,SKU-303,305,60105.57,59663.59,20890.32,0.82,Rolling
1341,202607,CH07,South,SKU-401,280,93453.84,95543.09,31609.33,0.8,Rolling
1342,202607,CH07,South,SKU-402,276,39604.74,41379.68,13732.27,0.75,Rolling
1343,202607,CH07,East,SKU-101,265,51787.42,52035.55,18011.63,0.81,Rolling
1344,202607,CH07,East,SKU-102,271,71746.85,68212.74,24924.66,0.77,Rolling
1345,202607,CH07,East,SKU-103,268,41570.42,42025.63,13672.35,0.9,Rolling
1346,202607,CH07,East,SKU-201,252,24692.54,24119.02,8110.74,0.85,Rolling
1347,202607,CH07,East,SKU-202,255,52741.03,50880.34,17682.2,0.93,Rolling
1348,202607,CH07,East,SKU-203,277,38555.1,39028.63,12507.8,0.81,Rolling
1349,202607,CH07,East,SKU-301,264,40305.57,38807.8,13332.46,0.67,Rolling
1350,202607,CH07,East,SKU-302,258,22630.4,21805.83,7502.59,0.68,Rolling
1351,202607,CH07,East,SKU-303,254,50211.62,51751.29,16950.39,0.83,Rolling
1352,202607,CH07,East,SKU-401,254,95195.64,91272.21,32912.74,0.8,Rolling
1353,202607,CH07,East,SKU-402,288,37984.46,38940.17,13049.56,0.72,Rolling
1354,202607,CH07,West,SKU-101,325,57351.48,57899.22,19595.98,0.94,Rolling
1355,202607,CH07,West,SKU-102,265,77792.45,76156.44,25903.98,0.8,Rolling
1356,202607,CH07,West,SKU-103,238,35676.23,36434.5,12107.44,0.71,Rolling
1357,202607,CH07,West,SKU-201,255,24923.58,25315.41,8719.09,0.85,Rolling
1358,202607,CH07,West,SKU-202,275,59435.3,61878.53,20747.08,0.8,Rolling
1359,202607,CH07,West,SKU-203,260,32923.19,33797.59,11344.29,0.69,Rolling
1360,202607,CH07,West,SKU-301,302,43718.46,44076.99,14540.67,0.71,Rolling
1361,202607,CH07,West,SKU-302,266,21524.74,21166.18,6899.41,0.87,Rolling
1362,202607,CH07,West,SKU-303,277,60227.46,57352.33,20338.74,0.88,Rolling
1363,202607,CH07,West,SKU-401,285,107964.67,112482.47,36367.0,0.79,Rolling
1364,202607,CH07,West,SKU-402,266,35524.04,36176.2,11475.77,0.69,Rolling
1365,202607,CH08,North,SKU-101,249,48178.47,49594.76,16299.37,0.82,Rolling
1366,202607,CH08,North,SKU-102,279,78272.2,76818.45,26719.25,0.7,Rolling
1367,202607,CH08,North,SKU-103,304,48659.23,49500.02,16297.1,0.87,Rolling
1368,202607,CH08,North,SKU-201,287,28930.9,28131.62,9650.34,0.92,Rolling
1369,202607,CH08,North,SKU-202,262,62653.48,62749.81,21055.55,0.91,Rolling
1370,202607,CH08,North,SKU-203,269,33741.73,32657.38,11206.68,0.8,Rolling
1371,202607,CH08,North,SKU-301,290,47915.19,48822.42,15897.7,0.86,Rolling
1372,202607,CH08,North,SKU-302,288,24698.65,24700.3,8574.24,0.84,Rolling
1373,202607,CH08,North,SKU-303,265,50950.36,53387.52,16972.63,0.79,Rolling
1374,202607,CH08,North,SKU-401,270,96892.0,98768.58,32137.37,0.66,Rolling
1375,202607,CH08,North,SKU-402,287,41553.3,41971.1,13464.56,0.77,Rolling
1376,202607,CH08,South,SKU-101,291,54134.91,53328.05,17406.98,0.69,Rolling
1377,202607,CH08,South,SKU-102,254,67163.62,65811.62,21512.86,0.86,Rolling
1378,202607,CH08,South,SKU-103,276,40963.89,39768.85,13993.66,0.89,Rolling
1379,202607,CH08,South,SKU-201,249,24675.89,23856.91,8439.89,0.81,Rolling
1380,202607,CH08,South,SKU-202,255,62117.86,64283.78,21517.53,0.79,Rolling
1381,202607,CH08,South,SKU-203,276,34563.94,34221.99,11676.37,0.74,Rolling
1382,202607,CH08,South,SKU-301,289,42833.61,41226.94,14226.97,0.66,Rolling
1383,202607,CH08,South,SKU-302,259,22698.69,22797.87,7450.84,0.81,Rolling
1384,202607,CH08,South,SKU-303,270,57343.28,57605.0,18921.45,0.93,Rolling
1385,202607,CH08,South,SKU-401,279,94172.77,95710.78,32906.27,0.84,Rolling
1386,202607,CH08,South,SKU-402,293,39152.81,40743.49,13417.9,0.94,Rolling
1387,202607,CH08,East,SKU-101,284,54845.64,57042.29,18458.27,0.73,Rolling
1388,202607,CH08,East,SKU-102,267,71081.51,72814.21,22979.27,0.77,Rolling
1389,202607,CH08,East,SKU-103,286,46259.77,45528.32,16132.13,0.71,Rolling
1390,202607,CH08,East,SKU-201,283,32107.05,32114.37,11190.33,0.8,Rolling
1391,202607,CH08,East,SKU-202,269,58390.42,58587.21,19477.68,0.66,Rolling
1392,202607,CH08,East,SKU-203,258,37505.36,37876.17,12860.98,0.94,Rolling
1393,202607,CH08,East,SKU-301,261,38952.77,38839.03,13511.19,0.82,Rolling
1394,202607,CH08,East,SKU-302,260,22905.02,22131.13,7725.97,0.92,Rolling
1395,202607,CH08,East,SKU-303,289,56467.89,54135.65,18865.33,0.88,Rolling
1396,202607,CH08,East,SKU-401,263,100063.89,103281.5,33936.49,0.69,Rolling
1397,202607,CH08,East,SKU-402,250,34741.39,33405.8,11995.47,0.95,Rolling
1398,202607,CH08,West,SKU-101,264,52699.68,55003.47,18277.45,0.67,Rolling
1399,202607,CH08,West,SKU-102,252,75146.46,72390.23,25178.72,0.88,Rolling
1400,202607,CH08,West,SKU-103,255,35511.22,36513.33,12019.65,0.74,Rolling
1401,202607,CH08,West,SKU-201,281,31601.55,31183.7,10762.87,0.83,Rolling
1402,202607,CH08,West,SKU-202,271,55049.05,53849.6,18504.65,0.7,Rolling
1403,202607,CH08,West,SKU-203,296,40089.06,41350.67,13370.77,0.82,Rolling
1404,202607,CH08,West,SKU-301,249,37699.16,36951.81,12592.84,0.71,Rolling
1405,202607,CH08,West,SKU-302,299,28114.78,28146.72,9518.78,0.74,Rolling
1406,202607,CH08,West,SKU-303,318,64659.87,67850.3,22400.3,0.81,Rolling
1407,202607,CH08,West,SKU-401,255,86974.52,85617.84,29816.06,0.83,Rolling
1408,202607,CH08,West,SKU-402,286,39133.99,38055.08,12827.74,0.83,Rolling
1409,202608,CH01,North,SKU-101,298,57381.45,57187.04,19880.72,0.86,Rolling
1410,202608,CH01,North,SKU-102,259,73598.52,76979.16,23938.6,0.68,Rolling
1411,202608,CH01,North,SKU-103,292,47477.61,47529.73,16132.53,0.82,Rolling
1412,202608,CH01,North,SKU-201,239,22589.2,22193.86,7860.34,0.74,Rolling
1413,202608,CH01,North,SKU-202,303,65512.12,66353.34,22460.75,0.8,Rolling
1414,202608,CH01,North,SKU-203,293,43002.43,41696.48,14901.51,0.77,Rolling
1415,202608,CH01,North,SKU-301,288,41116.13,42834.98,13460.0,0.72,Rolling
1416,202608,CH01,North,SKU-302,287,23939.7,23948.51,8257.15,0.69,Rolling
1417,202608,CH01,North,SKU-303,272,58078.07,60607.75,19952.09,0.85,Rolling
1418,202608,CH01,North,SKU-401,267,97679.99,102493.05,33416.6,0.66,Rolling
1419,202608,CH01,North,SKU-402,270,38025.91,38861.43,12804.97,0.72,Rolling
1420,202608,CH01,South,SKU-101,304,55487.98,54502.08,19290.83,0.92,Rolling
1421,202608,CH01,South,SKU-102,265,69859.0,68349.47,23673.37,0.83,Rolling
1422,202608,CH01,South,SKU-103,276,38168.71,36661.37,12625.62,0.7,Rolling
1423,202608,CH01,South,SKU-201,241,26545.92,27216.54,9145.37,0.85,Rolling
1424,202608,CH01,South,SKU-202,282,69007.19,66820.8,22526.35,0.74,Rolling
1425,202608,CH01,South,SKU-203,285,38905.8,40736.79,13261.77,0.93,Rolling
1426,202608,CH01,South,SKU-301,261,42310.62,40829.13,14740.08,0.8,Rolling
1427,202608,CH01,South,SKU-302,300,27469.0,27421.96,9306.61,0.8,Rolling
1428,202608,CH01,South,SKU-303,257,49414.96,48780.5,15964.18,0.92,Rolling
1429,202608,CH01,South,SKU-401,259,98351.97,101356.89,31888.89,0.88,Rolling
1430,202608,CH01,South,SKU-402,297,42855.02,43058.23,14573.96,0.8,Rolling
1431,202608,CH01,East,SKU-101,280,56408.08,53775.76,18821.06,0.7,Rolling
1432,202608,CH01,East,SKU-102,287,81944.54,81360.69,28121.32,0.79,Rolling
1433,202608,CH01,East,SKU-103,285,40814.97,41025.31,14220.45,0.67,Rolling
1434,202608,CH01,East,SKU-201,229,24446.32,24199.39,8428.27,0.67,Rolling
1435,202608,CH01,East,SKU-202,254,58247.96,59326.55,18856.38,0.93,Rolling
1436,202608,CH01,East,SKU-203,262,35793.73,34801.38,12362.68,0.9,Rolling
1437,202608,CH01,East,SKU-301,265,38450.98,39180.98,12660.78,0.9,Rolling
1438,202608,CH01,East,SKU-302,255,21466.0,20802.81,7196.45,0.71,Rolling
1439,202608,CH01,East,SKU-303,283,58796.45,59257.83,20554.5,0.95,Rolling
1440,202608,CH01,East,SKU-401,291,100251.28,102790.41,34957.65,0.66,Rolling
1441,202608,CH01,East,SKU-402,272,37393.43,37267.96,12611.8,0.82,Rolling
1442,202608,CH01,West,SKU-101,312,63792.88,62643.46,21252.15,0.79,Rolling
1443,202608,CH01,West,SKU-102,259,75969.8,76578.99,25760.83,0.76,Rolling
1444,202608,CH01,West,SKU-103,261,36941.04,36028.71,11867.82,0.67,Rolling
1445,202608,CH01,West,SKU-201,257,25452.13,25846.57,8191.34,0.78,Rolling
1446,202608,CH01,West,SKU-202,297,64101.03,66824.07,21146.25,0.67,Rolling
1447,202608,CH01,West,SKU-203,268,37618.17,36468.87,12263.58,0.79,Rolling
1448,202608,CH01,West,SKU-301,297,47535.27,45431.96,15893.26,0.84,Rolling
1449,202608,CH01,West,SKU-302,279,24177.29,24379.99,7784.64,0.69,Rolling
1450,202608,CH01,West,SKU-303,278,52074.56,52258.07,18089.7,0.65,Rolling
1451,202608,CH01,West,SKU-401,277,88480.91,85389.87,29436.47,0.89,Rolling
1452,202608,CH01,West,SKU-402,259,34637.23,33717.03,11618.28,0.89,Rolling
1453,202608,CH02,North,SKU-101,288,53622.17,55195.74,17500.42,0.87,Rolling
1454,202608,CH02,North,SKU-102,306,87142.57,88430.29,29720.26,0.7,Rolling
1455,202608,CH02,North,SKU-103,252,40338.4,38643.0,13078.98,0.82,Rolling
1456,202608,CH02,North,SKU-201,275,28028.97,28796.68,9788.58,0.73,Rolling
1457,202608,CH02,North,SKU-202,279,59259.17,59467.35,19962.97,0.86,Rolling
1458,202608,CH02,North,SKU-203,238,33842.64,32611.97,11461.61,0.75,Rolling
1459,202608,CH02,North,SKU-301,268,43532.32,43907.35,15163.91,0.82,Rolling
1460,202608,CH02,North,SKU-302,248,23825.29,24362.71,7659.32,0.86,Rolling
1461,202608,CH02,North,SKU-303,266,49749.26,51440.25,16015.04,0.74,Rolling
1462,202608,CH02,North,SKU-401,260,91660.45,87184.7,30158.97,0.93,Rolling
1463,202608,CH02,North,SKU-402,261,35317.4,35535.28,12158.41,0.71,Rolling
1464,202608,CH02,South,SKU-101,292,58404.5,55991.25,18727.36,0.83,Rolling
1465,202608,CH02,South,SKU-102,291,79301.77,76054.52,27040.94,0.87,Rolling
1466,202608,CH02,South,SKU-103,252,37645.29,37956.69,12843.82,0.89,Rolling
1467,202608,CH02,South,SKU-201,275,29579.09,31011.24,10268.9,0.91,Rolling
1468,202608,CH02,South,SKU-202,260,62074.05,63180.99,20330.3,0.94,Rolling
1469,202608,CH02,South,SKU-203,268,33781.22,34279.56,11253.58,0.68,Rolling
1470,202608,CH02,South,SKU-301,282,44675.67,43345.5,15220.7,0.65,Rolling
1471,202608,CH02,South,SKU-302,260,24318.21,24051.67,7790.05,0.76,Rolling
1472,202608,CH02,South,SKU-303,270,58465.47,56599.69,19033.69,0.7,Rolling
1473,202608,CH02,South,SKU-401,285,93307.2,93661.39,30551.28,0.68,Rolling
1474,202608,CH02,South,SKU-402,263,35842.47,37560.16,11603.25,0.76,Rolling
1475,202608,CH02,East,SKU-101,301,56646.32,57773.32,18276.13,0.86,Rolling
1476,202608,CH02,East,SKU-102,270,79710.63,80431.51,27066.38,0.66,Rolling
1477,202608,CH02,East,SKU-103,272,39076.77,37937.03,12828.38,0.86,Rolling
1478,202608,CH02,East,SKU-201,275,27504.22,28637.58,9415.0,0.77,Rolling
1479,202608,CH02,East,SKU-202,244,59336.96,58211.71,19575.09,0.71,Rolling
1480,202608,CH02,East,SKU-203,286,37658.07,37335.52,12540.58,0.77,Rolling
1481,202608,CH02,East,SKU-301,270,43496.9,44794.47,14050.97,0.89,Rolling
1482,202608,CH02,East,SKU-302,247,23561.26,24313.81,7930.07,0.91,Rolling
1483,202608,CH02,East,SKU-303,275,52237.68,50498.82,17906.42,0.75,Rolling
1484,202608,CH02,East,SKU-401,249,85324.84,89294.39,29090.55,0.81,Rolling
1485,202608,CH02,East,SKU-402,270,36061.14,35089.0,11791.28,0.85,Rolling
1486,202608,CH02,West,SKU-101,270,53648.66,51085.98,17254.55,0.81,Rolling
1487,202608,CH02,West,SKU-102,254,73867.78,74501.27,24307.94,0.84,Rolling
1488,202608,CH02,West,SKU-103,288,41259.67,42008.31,14363.71,0.71,Rolling
1489,202608,CH02,West,SKU-201,258,28022.95,27761.1,9020.05,0.91,Rolling
1490,202608,CH02,West,SKU-202,273,59363.11,58117.97,19807.36,0.75,Rolling
1491,202608,CH02,West,SKU-203,272,38202.06,37416.85,12830.63,0.9,Rolling
1492,202608,CH02,West,SKU-301,239,36710.6,37221.3,11980.23,0.87,Rolling
1493,202608,CH02,West,SKU-302,277,22862.96,23437.67,7373.52,0.82,Rolling
1494,202608,CH02,West,SKU-303,272,57914.63,55044.21,19436.46,0.72,Rolling
1495,202608,CH02,West,SKU-401,282,105434.9,108999.57,36373.56,0.7,Rolling
1496,202608,CH02,West,SKU-402,276,39984.96,40876.53,13432.33,0.87,Rolling
1497,202608,CH03,North,SKU-101,244,45014.57,47142.05,15562.15,0.87,Rolling
1498,202608,CH03,North,SKU-102,301,93203.9,91575.05,31874.23,0.87,Rolling
1499,202608,CH03,North,SKU-103,248,39749.65,38562.18,13298.31,0.83,Rolling
1500,202608,CH03,North,SKU-201,251,25121.85,24395.89,8459.75,0.77,Rolling
1501,202608,CH03,North,SKU-202,298,66543.62,65607.11,21943.79,0.73,Rolling
1502,202608,CH03,North,SKU-203,272,35679.41,34573.68,11926.36,0.67,Rolling
1503,202608,CH03,North,SKU-301,280,42531.07,41682.34,14764.24,0.68,Rolling
1504,202608,CH03,North,SKU-302,291,27435.56,28063.18,8865.12,0.9,Rolling
1505,202608,CH03,North,SKU-303,279,51967.61,52672.44,17662.65,0.87,Rolling
1506,202608,CH03,North,SKU-401,281,103849.67,104629.43,34044.39,0.92,Rolling
1507,202608,CH03,North,SKU-402,281,34811.2,33300.33,11816.98,0.94,Rolling
1508,202608,CH03,South,SKU-101,272,50445.04,49217.67,16174.17,0.73,Rolling
1509,202608,CH03,South,SKU-102,268,71212.1,72762.59,24699.11,0.93,Rolling
1510,202608,CH03,South,SKU-103,276,43846.63,42137.02,14911.91,0.88,Rolling
1511,202608,CH03,South,SKU-201,282,28017.83,29207.94,9116.62,0.92,Rolling
1512,202608,CH03,South,SKU-202,261,62045.1,58958.33,21403.24,0.73,Rolling
1513,202608,CH03,South,SKU-203,293,41089.64,40536.24,13221.91,0.9,Rolling
1514,202608,CH03,South,SKU-301,252,39024.75,38955.49,12720.5,0.69,Rolling
1515,202608,CH03,South,SKU-302,248,19907.14,20856.74,6488.85,0.68,Rolling
1516,202608,CH03,South,SKU-303,274,55852.71,57811.05,17953.12,0.89,Rolling
1517,202608,CH03,South,SKU-401,265,87614.93,91283.93,28327.5,0.91,Rolling
1518,202608,CH03,South,SKU-402,272,36745.61,37912.09,12559.14,0.8,Rolling
1519,202608,CH03,East,SKU-101,290,59959.78,62037.04,20461.17,0.9,Rolling
1520,202608,CH03,East,SKU-102,272,79226.06,78080.68,26704.4,0.73,Rolling
1521,202608,CH03,East,SKU-103,267,37714.36,37042.53,13032.56,0.76,Rolling
1522,202608,CH03,East,SKU-201,282,28912.38,27798.84,9372.2,0.84,Rolling
1523,202608,CH03,East,SKU-202,275,61304.59,63531.82,19937.85,0.66,Rolling
1524,202608,CH03,East,SKU-203,277,41062.06,41512.18,13719.32,0.78,Rolling
1525,202608,CH03,East,SKU-301,273,44841.76,45405.16,14596.86,0.82,Rolling
1526,202608,CH03,East,SKU-302,249,22448.23,22781.55,7576.52,0.71,Rolling
1527,202608,CH03,East,SKU-303,275,56126.52,56429.7,19063.8,0.92,Rolling
1528,202608,CH03,East,SKU-401,281,90548.68,93605.6,30305.71,0.89,Rolling
1529,202608,CH03,East,SKU-402,261,36828.34,38357.92,11882.03,0.91,Rolling
1530,202608,CH03,West,SKU-101,285,53234.52,50820.13,17060.19,0.79,Rolling
1531,202608,CH03,West,SKU-102,244,74841.0,75372.59,25371.77,0.71,Rolling
1532,202608,CH03,West,SKU-103,271,43855.28,44869.76,14999.48,0.68,Rolling
1533,202608,CH03,West,SKU-201,259,24454.59,23619.0,8471.43,0.72,Rolling
1534,202608,CH03,West,SKU-202,257,54535.91,57175.3,18837.68,0.66,Rolling
1535,202608,CH03,West,SKU-203,306,38357.32,39011.84,13018.77,0.72,Rolling
1536,202608,CH03,West,SKU-301,283,42930.87,40826.93,14985.54,0.88,Rolling
1537,202608,CH03,West,SKU-302,251,20682.22,21233.64,6654.85,0.9,Rolling
1538,202608,CH03,West,SKU-303,304,57527.81,56722.94,19232.53,0.83,Rolling
1539,202608,CH03,West,SKU-401,278,95127.91,98846.62,30673.21,0.79,Rolling
1540,202608,CH03,West,SKU-402,284,40111.04,41393.43,13630.73,0.65,Rolling
1541,202608,CH04,North,SKU-101,253,46150.45,48285.61,15670.28,0.74,Rolling
1542,202608,CH04,North,SKU-102,300,82910.64,81906.44,27027.45,0.94,Rolling
1543,202608,CH04,North,SKU-103,271,40006.44,41450.04,12866.74,0.94,Rolling
1544,202608,CH04,North,SKU-201,297,32479.05,33298.36,11271.45,0.74,Rolling
1545,202608,CH04,North,SKU-202,268,63167.69,62494.74,21816.34,0.66,Rolling
1546,202608,CH04,North,SKU-203,284,37075.09,37049.93,12364.25,0.81,Rolling
1547,202608,CH04,North,SKU-301,272,38826.36,39868.78,12890.32,0.8,Rolling
1548,202608,CH04,North,SKU-302,277,25324.62,24173.51,8740.97,0.95,Rolling
1549,202608,CH04,North,SKU-303,269,54277.43,54058.23,17908.41,0.85,Rolling
1550,202608,CH04,North,SKU-401,256,82124.2,80419.14,27254.81,0.82,Rolling
1551,202608,CH04,North,SKU-402,260,32729.72,31946.26,10520.97,0.82,Rolling
1552,202608,CH04,South,SKU-101,283,52990.28,50428.81,18291.48,0.88,Rolling
1553,202608,CH04,South,SKU-102,238,74395.34,73592.08,24980.93,0.76,Rolling
1554,202608,CH04,South,SKU-103,274,45533.0,46783.86,15122.84,0.8,Rolling
1555,202608,CH04,South,SKU-201,280,26456.15,26510.34,9246.9,0.81,Rolling
1556,202608,CH04,South,SKU-202,253,55128.08,57433.69,19289.13,0.93,Rolling
1557,202608,CH04,South,SKU-203,281,38865.81,39017.36,13261.46,0.78,Rolling
1558,202608,CH04,South,SKU-301,278,40399.6,41757.04,14023.21,0.81,Rolling
1559,202608,CH04,South,SKU-302,280,25094.51,24918.28,8380.57,0.92,Rolling
1560,202608,CH04,South,SKU-303,251,45519.43,44672.77,14767.52,0.72,Rolling
1561,202608,CH04,South,SKU-401,262,94089.88,94737.22,30382.66,0.83,Rolling
1562,202608,CH04,South,SKU-402,263,34399.76,33786.54,11547.91,0.85,Rolling
1563,202608,CH04,East,SKU-101,282,52334.61,51331.79,17316.59,0.95,Rolling
1564,202608,CH04,East,SKU-102,279,78690.89,78601.03,26165.2,0.9,Rolling
1565,202608,CH04,East,SKU-103,268,42835.38,44353.56,14247.6,0.85,Rolling
1566,202608,CH04,East,SKU-201,236,22450.0,21393.04,7596.81,0.74,Rolling
1567,202608,CH04,East,SKU-202,282,58896.95,60219.32,19756.13,0.68,Rolling
1568,202608,CH04,East,SKU-203,277,37782.49,39393.8,12681.03,0.95,Rolling
1569,202608,CH04,East,SKU-301,270,40812.78,39516.27,13791.21,0.86,Rolling
1570,202608,CH04,East,SKU-302,268,23445.33,22464.04,7982.29,0.89,Rolling
1571,202608,CH04,East,SKU-303,314,63181.75,63608.46,21966.67,0.84,Rolling
1572,202608,CH04,East,SKU-401,250,90553.58,92367.23,31321.78,0.7,Rolling
1573,202608,CH04,East,SKU-402,308,45687.47,47322.02,15524.98,0.87,Rolling
1574,202608,CH04,West,SKU-101,240,42639.26,40879.79,14344.76,0.71,Rolling
1575,202608,CH04,West,SKU-102,290,86581.69,87905.3,28536.94,0.72,Rolling
1576,202608,CH04,West,SKU-103,262,40468.23,39470.84,13942.74,0.67,Rolling
1577,202608,CH04,West,SKU-201,280,30382.85,31681.59,10406.16,0.78,Rolling
1578,202608,CH04,West,SKU-202,250,55587.41,53226.68,18987.08,0.74,Rolling
1579,202608,CH04,West,SKU-203,269,38068.3,39537.37,12182.21,0.86,Rolling
1580,202608,CH04,West,SKU-301,284,43084.02,41314.49,14752.07,0.9,Rolling
1581,202608,CH04,West,SKU-302,246,22750.3,22402.03,7751.23,0.65,Rolling
1582,202608,CH04,West,SKU-303,301,61558.32,62571.94,20735.37,0.91,Rolling
1583,202608,CH04,West,SKU-401,275,98294.32,95061.64,34148.12,0.85,Rolling
1584,202608,CH04,West,SKU-402,241,31172.61,31579.18,10729.75,0.94,Rolling
1585,202608,CH05,North,SKU-101,268,55479.71,56496.8,18157.51,0.83,Rolling
1586,202608,CH05,North,SKU-102,277,75293.83,73381.95,26246.42,0.69,Rolling
1587,202608,CH05,North,SKU-103,254,39256.5,39664.05,12905.94,0.93,Rolling
1588,202608,CH05,North,SKU-201,297,30507.45,31125.22,10369.17,0.76,Rolling
1589,202608,CH05,North,SKU-202,266,56627.72,56390.67,19287.01,0.87,Rolling
1590,202608,CH05,North,SKU-203,284,40540.49,38539.89,13553.15,0.89,Rolling
1591,202608,CH05,North,SKU-301,276,43089.75,44843.27,14520.88,0.89,Rolling
1592,202608,CH05,North,SKU-302,273,23458.59,23612.11,8067.79,0.78,Rolling
1593,202608,CH05,North,SKU-303,312,65261.44,64733.02,21835.15,0.89,Rolling
1594,202608,CH05,North,SKU-401,260,91867.59,92132.11,31594.64,0.94,Rolling
1595,202608,CH05,North,SKU-402,235,33046.31,34651.71,11509.29,0.86,Rolling
1596,202608,CH05,South,SKU-101,271,50902.03,51335.32,17396.07,0.84,Rolling
1597,202608,CH05,South,SKU-102,281,84382.02,81375.83,27413.83,0.7,Rolling
1598,202608,CH05,South,SKU-103,294,47214.34,45956.41,15772.09,0.92,Rolling
1599,202608,CH05,South,SKU-201,274,27342.39,28491.99,9099.94,0.83,Rolling
1600,202608,CH05,South,SKU-202,268,56917.23,57976.98,19439.92,0.73,Rolling
1601,202608,CH05,South,SKU-203,285,41817.26,40400.54,13762.8,0.91,Rolling
1602,202608,CH05,South,SKU-301,254,41292.42,40575.79,13727.04,0.78,Rolling
1603,202608,CH05,South,SKU-302,289,27302.59,27621.86,9168.72,0.75,Rolling
1604,202608,CH05,South,SKU-303,257,50888.19,52977.23,17034.78,0.8,Rolling
1605,202608,CH05,South,SKU-401,266,92312.48,90183.22,31927.28,0.83,Rolling
1606,202608,CH05,South,SKU-402,274,38793.03,38067.87,12453.16,0.89,Rolling
1607,202608,CH05,East,SKU-101,248,43886.91,43339.68,14126.79,0.81,Rolling
1608,202608,CH05,East,SKU-102,277,77855.81,81205.47,25947.13,0.89,Rolling
1609,202608,CH05,East,SKU-103,295,48729.08,50251.35,16817.15,0.65,Rolling
1610,202608,CH05,East,SKU-201,284,28054.96,29351.84,9398.98,0.77,Rolling
1611,202608,CH05,East,SKU-202,289,63727.84,62935.71,21061.77,0.74,Rolling
1612,202608,CH05,East,SKU-203,255,35592.99,37085.74,11933.1,0.74,Rolling
1613,202608,CH05,East,SKU-301,251,41524.82,40898.44,13650.39,0.83,Rolling
1614,202608,CH05,East,SKU-302,284,25601.52,26155.92,8930.27,0.7,Rolling
1615,202608,CH05,East,SKU-303,281,56059.52,57169.92,18604.62,0.69,Rolling
1616,202608,CH05,East,SKU-401,269,89395.57,93289.81,29216.64,0.77,Rolling
1617,202608,CH05,East,SKU-402,251,32904.78,32869.49,10751.26,0.67,Rolling
1618,202608,CH05,West,SKU-101,284,52899.72,50505.98,18301.57,0.7,Rolling
1619,202608,CH05,West,SKU-102,301,84093.65,86126.69,29122.07,0.76,Rolling
1620,202608,CH05,West,SKU-103,266,43633.63,44473.86,14286.93,0.71,Rolling
1621,202608,CH05,West,SKU-201,256,25277.08,25677.73,8176.58,0.77,Rolling
1622,202608,CH05,West,SKU-202,276,56784.66,54410.06,18385.68,0.9,Rolling
1623,202608,CH05,West,SKU-203,278,37035.79,36215.76,12493.7,0.81,Rolling
1624,202608,CH05,West,SKU-301,269,38111.19,39034.92,13201.55,0.93,Rolling
1625,202608,CH05,West,SKU-302,236,21650.0,22618.0,7092.27,0.87,Rolling
1626,202608,CH05,West,SKU-303,235,45685.6,46914.13,15802.61,0.76,Rolling
1627,202608,CH05,West,SKU-401,271,93905.8,92598.63,30565.75,0.92,Rolling
1628,202608,CH05,West,SKU-402,250,36487.16,37990.32,12544.18,0.7,Rolling
1629,202608,CH06,North,SKU-101,287,59468.22,60711.62,20430.78,0.68,Rolling
1630,202608,CH06,North,SKU-102,274,84262.09,80290.24,29337.93,0.66,Rolling
1631,202608,CH06,North,SKU-103,275,38722.57,36972.35,13303.04,0.77,Rolling
1632,202608,CH06,North,SKU-201,246,27258.94,27497.14,8854.71,0.65,Rolling
1633,202608,CH06,North,SKU-202,280,64493.37,66513.21,21478.02,0.69,Rolling
1634,202608,CH06,North,SKU-203,303,42098.82,43923.43,14648.18,0.82,Rolling
1635,202608,CH06,North,SKU-301,279,42883.79,42522.86,14865.63,0.79,Rolling
1636,202608,CH06,North,SKU-302,287,26791.88,27387.16,9260.51,0.77,Rolling
1637,202608,CH06,North,SKU-303,247,49383.03,47542.9,15973.41,0.7,Rolling
1638,202608,CH06,North,SKU-401,283,94083.93,97347.92,30900.82,0.89,Rolling
1639,202608,CH06,North,SKU-402,269,35770.38,35223.59,12349.39,0.66,Rolling
1640,202608,CH06,South,SKU-101,267,47637.79,47704.73,16651.92,0.72,Rolling
1641,202608,CH06,South,SKU-102,281,83241.4,80784.84,27812.11,0.94,Rolling
1642,202608,CH06,South,SKU-103,254,39155.25,39409.96,13252.24,0.8,Rolling
1643,202608,CH06,South,SKU-201,288,29464.94,30262.11,10295.11,0.94,Rolling
1644,202608,CH06,South,SKU-202,295,71215.35,73910.46,23594.25,0.77,Rolling
1645,202608,CH06,South,SKU-203,268,34813.55,33152.76,11287.84,0.78,Rolling
1646,202608,CH06,South,SKU-301,259,36464.78,37987.06,12648.17,0.92,Rolling
1647,202608,CH06,South,SKU-302,282,24528.15,23624.06,8575.8,0.75,Rolling
1648,202608,CH06,South,SKU-303,274,59121.83,60632.68,20115.32,0.79,Rolling
1649,202608,CH06,South,SKU-401,275,103768.19,104222.46,33330.76,0.93,Rolling
1650,202608,CH06,South,SKU-402,269,39032.07,40264.52,12562.16,0.72,Rolling
1651,202608,CH06,East,SKU-101,292,55623.22,55289.71,18091.69,0.94,Rolling
1652,202608,CH06,East,SKU-102,255,75653.24,73707.77,26339.67,0.65,Rolling
1653,202608,CH06,East,SKU-103,269,40845.98,40485.16,14161.71,0.65,Rolling
1654,202608,CH06,East,SKU-201,251,26290.51,25593.52,8650.5,0.72,Rolling
1655,202608,CH06,East,SKU-202,277,57138.15,57289.72,19640.42,0.67,Rolling
1656,202608,CH06,East,SKU-203,294,43362.33,41836.59,15168.44,0.84,Rolling
1657,202608,CH06,East,SKU-301,273,37789.79,39451.18,12822.83,0.68,Rolling
1658,202608,CH06,East,SKU-302,275,24198.49,23730.89,8129.54,0.8,Rolling
1659,202608,CH06,East,SKU-303,260,53004.78,52756.32,17315.45,0.87,Rolling
1660,202608,CH06,East,SKU-401,296,97850.43,99770.47,34180.05,0.87,Rolling
1661,202608,CH06,East,SKU-402,259,34459.98,35673.29,11824.63,0.83,Rolling
1662,202608,CH06,West,SKU-101,259,51157.51,53564.35,17260.72,0.9,Rolling
1663,202608,CH06,West,SKU-102,287,89847.39,85552.16,30823.17,0.94,Rolling
1664,202608,CH06,West,SKU-103,262,40288.62,41342.2,13939.27,0.83,Rolling
1665,202608,CH06,West,SKU-201,287,28329.04,28132.63,9641.28,0.71,Rolling
1666,202608,CH06,West,SKU-202,279,65959.55,62904.54,22428.85,0.84,Rolling
1667,202608,CH06,West,SKU-203,304,43640.93,45406.61,14848.9,0.74,Rolling
1668,202608,CH06,West,SKU-301,291,43605.32,44523.34,15088.78,0.94,Rolling
1669,202608,CH06,West,SKU-302,308,26706.05,25663.27,8744.26,0.91,Rolling
1670,202608,CH06,West,SKU-303,263,54236.84,55765.39,17653.22,0.74,Rolling
1671,202608,CH06,West,SKU-401,268,102877.63,106323.42,34401.31,0.91,Rolling
1672,202608,CH06,West,SKU-402,263,33914.83,34838.41,11317.16,0.68,Rolling
1673,202608,CH07,North,SKU-101,259,52052.41,49829.68,17686.7,0.86,Rolling
1674,202608,CH07,North,SKU-102,277,74962.05,75614.99,26104.36,0.83,Rolling
1675,202608,CH07,North,SKU-103,275,40492.74,41304.52,14070.7,0.65,Rolling
1676,202608,CH07,North,SKU-201,291,30013.89,31071.42,10346.31,0.92,Rolling
1677,202608,CH07,North,SKU-202,303,69861.89,69096.75,23090.86,0.78,Rolling
1678,202608,CH07,North,SKU-203,282,40610.4,41606.25,13020.28,0.84,Rolling
1679,202608,CH07,North,SKU-301,267,43006.66,43211.41,14904.76,0.86,Rolling
1680,202608,CH07,North,SKU-302,272,21864.11,20830.12,7051.19,0.78,Rolling
1681,202608,CH07,North,SKU-303,272,52143.97,51214.74,17210.84,0.86,Rolling
1682,202608,CH07,North,SKU-401,269,96321.42,98910.65,31083.99,0.88,Rolling
1683,202608,CH07,North,SKU-402,273,35927.5,35601.95,11745.96,0.94,Rolling
1684,202608,CH07,South,SKU-101,269,51720.17,49338.95,17954.3,0.9,Rolling
1685,202608,CH07,South,SKU-102,281,82139.4,86219.5,26969.65,0.88,Rolling
1686,202608,CH07,South,SKU-103,274,44207.82,46411.69,14926.76,0.71,Rolling
1687,202608,CH07,South,SKU-201,270,29524.51,28049.79,9895.16,0.72,Rolling
1688,202608,CH07,South,SKU-202,292,67449.42,65871.52,22305.27,0.93,Rolling
1689,202608,CH07,South,SKU-203,257,32129.31,32144.14,10899.91,0.75,Rolling
1690,202608,CH07,South,SKU-301,279,45249.35,46681.79,15817.58,0.93,Rolling
1691,202608,CH07,South,SKU-302,263,24211.36,23325.43,7975.72,0.69,Rolling
1692,202608,CH07,South,SKU-303,268,50697.16,48297.32,17317.17,0.66,Rolling
1693,202608,CH07,South,SKU-401,278,89776.9,89527.17,30120.4,0.91,Rolling
1694,202608,CH07,South,SKU-402,282,36260.59,35578.48,11730.02,0.79,Rolling
1695,202608,CH07,East,SKU-101,282,57696.3,56056.13,19767.61,0.91,Rolling
1696,202608,CH07,East,SKU-102,252,78973.14,81190.61,25940.92,0.82,Rolling
1697,202608,CH07,East,SKU-103,265,39186.14,38321.43,13332.81,0.88,Rolling
1698,202608,CH07,East,SKU-201,292,32206.34,31416.64,10718.92,0.92,Rolling
1699,202608,CH07,East,SKU-202,268,56203.48,56051.64,19271.06,0.95,Rolling
1700,202608,CH07,East,SKU-203,285,40561.12,42165.05,13072.4,0.93,Rolling
1701,202608,CH07,East,SKU-301,265,37075.72,37873.75,12682.52,0.95,Rolling
1702,202608,CH07,East,SKU-302,284,25260.27,24923.17,8231.83,0.72,Rolling
1703,202608,CH07,East,SKU-303,256,55099.14,57373.23,17722.25,0.67,Rolling
1704,202608,CH07,East,SKU-401,257,83592.51,82660.15,28223.49,0.82,Rolling
1705,202608,CH07,East,SKU-402,272,38423.98,39678.46,12694.83,0.68,Rolling
1706,202608,CH07,West,SKU-101,260,49614.48,47907.42,16565.55,0.72,Rolling
1707,202608,CH07,West,SKU-102,282,82049.68,79337.84,26258.34,0.91,Rolling
1708,202608,CH07,West,SKU-103,278,43555.95,44042.24,14556.43,0.78,Rolling
1709,202608,CH07,West,SKU-201,293,29890.99,29380.2,10256.68,0.92,Rolling
1710,202608,CH07,West,SKU-202,289,70644.66,72037.38,24198.03,0.94,Rolling
1711,202608,CH07,West,SKU-203,293,43178.73,43340.13,13826.16,0.65,Rolling
1712,202608,CH07,West,SKU-301,272,40966.05,40558.05,14237.0,0.76,Rolling
1713,202608,CH07,West,SKU-302,270,24922.85,25441.17,8220.95,0.68,Rolling
1714,202608,CH07,West,SKU-303,258,49614.03,48432.34,16825.67,0.94,Rolling
1715,202608,CH07,West,SKU-401,279,103440.01,105797.18,34385.72,0.75,Rolling
1716,202608,CH07,West,SKU-402,268,38447.16,37620.81,12314.5,0.89,Rolling
1717,202608,CH08,North,SKU-101,271,56077.71,56308.61,18791.41,0.74,Rolling
1718,202608,CH08,North,SKU-102,260,74164.37,71668.93,23942.92,0.79,Rolling
1719,202608,CH08,North,SKU-103,268,40515.01,39070.55,13582.01,0.92,Rolling
1720,202608,CH08,North,SKU-201,251,26563.39,27223.72,8620.3,0.93,Rolling
1721,202608,CH08,North,SKU-202,276,58886.67,60296.49,20223.5,0.77,Rolling
1722,202608,CH08,North,SKU-203,264,33166.82,33948.31,10656.06,0.71,Rolling
1723,202608,CH08,North,SKU-301,278,45994.4,47688.82,15582.4,0.9,Rolling
1724,202608,CH08,North,SKU-302,293,27473.23,26634.73,9132.11,0.82,Rolling
1725,202608,CH08,North,SKU-303,281,53992.49,54578.41,17856.45,0.88,Rolling
1726,202608,CH08,North,SKU-401,277,91030.87,92205.6,30360.07,0.7,Rolling
1727,202608,CH08,North,SKU-402,261,32887.92,33042.2,11277.58,0.82,Rolling
1728,202608,CH08,South,SKU-101,288,54628.42,55226.14,18588.96,0.86,Rolling
1729,202608,CH08,South,SKU-102,281,74770.82,76231.13,25552.44,0.95,Rolling
1730,202608,CH08,South,SKU-103,279,42525.79,44090.41,14879.99,0.88,Rolling
1731,202608,CH08,South,SKU-201,275,29815.89,30437.73,10234.81,0.69,Rolling
1732,202608,CH08,South,SKU-202,277,65076.0,63386.45,22159.64,0.74,Rolling
1733,202608,CH08,South,SKU-203,247,36272.7,37974.78,11863.99,0.89,Rolling
1734,202608,CH08,South,SKU-301,263,42130.88,40335.77,13996.47,0.75,Rolling
1735,202608,CH08,South,SKU-302,285,25948.03,26213.83,9062.85,0.93,Rolling
1736,202608,CH08,South,SKU-303,267,56698.72,58960.35,18259.48,0.74,Rolling
1737,202608,CH08,South,SKU-401,261,86174.75,86142.06,29290.49,0.8,Rolling
1738,202608,CH08,South,SKU-402,278,40473.37,42250.44,13701.74,0.91,Rolling
1739,202608,CH08,East,SKU-101,249,44394.04,43985.66,14637.36,0.83,Rolling
1740,202608,CH08,East,SKU-102,260,73018.12,75652.54,24754.35,0.71,Rolling
1741,202608,CH08,East,SKU-103,262,38976.34,39115.88,13231.23,0.75,Rolling
1742,202608,CH08,East,SKU-201,260,25594.45,25042.15,8237.89,0.74,Rolling
1743,202608,CH08,East,SKU-202,274,56144.2,53935.13,19338.09,0.84,Rolling
1744,202608,CH08,East,SKU-203,254,34794.48,35990.05,11197.29,0.83,Rolling
1745,202608,CH08,East,SKU-301,286,45180.28,46369.78,15446.78,0.9,Rolling
1746,202608,CH08,East,SKU-302,295,24036.19,24748.62,7873.56,0.67,Rolling
1747,202608,CH08,East,SKU-303,265,49288.99,50135.98,15777.82,0.68,Rolling
1748,202608,CH08,East,SKU-401,263,98580.16,102169.17,33780.18,0.72,Rolling
1749,202608,CH08,East,SKU-402,271,35344.52,35401.09,12089.61,0.68,Rolling
1750,202608,CH08,West,SKU-101,260,49256.59,51418.32,17227.1,0.81,Rolling
1751,202608,CH08,West,SKU-102,259,69827.12,68095.73,23988.86,0.78,Rolling
1752,202608,CH08,West,SKU-103,254,40292.96,38782.26,13228.56,0.72,Rolling
1753,202608,CH08,West,SKU-201,264,28556.17,29020.28,9143.36,0.69,Rolling
1754,202608,CH08,West,SKU-202,256,53542.38,53062.19,17254.32,0.88,Rolling
1755,202608,CH08,West,SKU-203,285,35778.18,37173.83,12485.48,0.71,Rolling
1756,202608,CH08,West,SKU-301,280,42877.95,42120.4,14336.53,0.8,Rolling
1757,202608,CH08,West,SKU-302,265,24386.38,23755.51,8232.03,0.86,Rolling
1758,202608,CH08,West,SKU-303,250,53802.02,54163.42,17566.89,0.69,Rolling
1759,202608,CH08,West,SKU-401,271,92430.34,93635.78,29768.16,0.69,Rolling
1760,202608,CH08,West,SKU-402,272,39633.98,38215.67,13484.18,0.77,Rolling
1761,202609,CH01,North,SKU-101,265,50874.87,52022.89,17051.0,0.83,Rolling
1762,202609,CH01,North,SKU-102,283,83270.83,85679.19,29017.6,0.76,Rolling
1763,202609,CH01,North,SKU-103,274,40545.4,40188.8,13990.48,0.8,Rolling
1764,202609,CH01,North,SKU-201,281,29029.44,30194.44,9484.77,0.66,Rolling
1765,202609,CH01,North,SKU-202,267,59297.35,59060.04,20166.68,0.73,Rolling
1766,202609,CH01,North,SKU-203,283,37735.68,38324.39,13013.19,0.89,Rolling
1767,202609,CH01,North,SKU-301,281,39687.22,38563.42,13729.6,0.91,Rolling
1768,202609,CH01,North,SKU-302,308,27291.06,27696.84,9314.98,0.84,Rolling
1769,202609,CH01,North,SKU-303,284,53385.96,51808.85,17102.69,0.76,Rolling
1770,202609,CH01,North,SKU-401,244,87952.7,91422.24,30360.23,0.73,Rolling
1771,202609,CH01,North,SKU-402,249,36854.53,37036.87,11995.23,0.9,Rolling
1772,202609,CH01,South,SKU-101,265,48596.86,48077.95,16287.16,0.92,Rolling
1773,202609,CH01,South,SKU-102,291,79435.98,78668.29,27744.52,0.83,Rolling
1774,202609,CH01,South,SKU-103,284,43427.07,43118.54,14812.44,0.91,Rolling
1775,202609,CH01,South,SKU-201,270,27239.11,26359.55,9484.04,0.74,Rolling
1776,202609,CH01,South,SKU-202,286,67558.5,70509.24,22882.14,0.92,Rolling
1777,202609,CH01,South,SKU-203,252,36021.64,35199.06,12327.42,0.88,Rolling
1778,202609,CH01,South,SKU-301,288,45266.63,44380.55,15488.94,0.79,Rolling
1779,202609,CH01,South,SKU-302,275,22666.25,21936.46,7305.95,0.84,Rolling
1780,202609,CH01,South,SKU-303,289,53099.12,52873.27,18166.89,0.7,Rolling
1781,202609,CH01,South,SKU-401,259,89442.38,86982.7,29567.68,0.87,Rolling
1782,202609,CH01,South,SKU-402,275,38365.94,38278.0,13352.77,0.74,Rolling
1783,202609,CH01,East,SKU-101,281,51134.7,53196.57,17116.6,0.85,Rolling
1784,202609,CH01,East,SKU-102,250,73162.45,71838.41,24508.75,0.76,Rolling
1785,202609,CH01,East,SKU-103,277,38193.14,38764.82,12705.47,0.75,Rolling
1786,202609,CH01,East,SKU-201,244,24061.71,25109.28,8011.96,0.66,Rolling
1787,202609,CH01,East,SKU-202,249,56705.4,54928.37,18993.85,0.76,Rolling
1788,202609,CH01,East,SKU-203,286,38591.63,39445.61,12851.03,0.89,Rolling
1789,202609,CH01,East,SKU-301,278,42287.55,44263.24,14371.35,0.92,Rolling
1790,202609,CH01,East,SKU-302,253,23969.96,23544.76,8366.23,0.68,Rolling
1791,202609,CH01,East,SKU-303,295,54284.54,56344.76,17781.35,0.66,Rolling
1792,202609,CH01,East,SKU-401,249,95500.35,91789.8,31883.6,0.7,Rolling
1793,202609,CH01,East,SKU-402,282,36481.2,35373.65,12278.68,0.91,Rolling
1794,202609,CH01,West,SKU-101,270,52456.14,54016.82,16993.94,0.67,Rolling
1795,202609,CH01,West,SKU-102,253,74116.54,74417.41,24272.01,0.75,Rolling
1796,202609,CH01,West,SKU-103,317,51812.67,52229.92,16771.7,0.79,Rolling
1797,202609,CH01,West,SKU-201,306,33992.33,33164.37,11459.75,0.9,Rolling
1798,202609,CH01,West,SKU-202,298,68500.34,65095.73,22440.48,0.73,Rolling
1799,202609,CH01,West,SKU-203,244,32071.02,33574.4,10906.01,0.78,Rolling
1800,202609,CH01,West,SKU-301,269,37480.86,38294.19,12106.17,0.69,Rolling
1801,202609,CH01,West,SKU-302,279,24807.46,24293.47,8400.47,0.77,Rolling
1802,202609,CH01,West,SKU-303,250,46527.33,45088.1,16030.11,0.85,Rolling
1803,202609,CH01,West,SKU-401,276,95262.65,97075.14,32598.89,0.8,Rolling
1804,202609,CH01,West,SKU-402,266,36469.49,36512.36,11730.37,0.82,Rolling
1805,202609,CH02,North,SKU-101,295,59680.69,57651.12,19739.6,0.72,Rolling
1806,202609,CH02,North,SKU-102,261,73262.26,73706.95,24407.69,0.74,Rolling
1807,202609,CH02,North,SKU-103,244,33690.09,32011.15,11616.48,0.95,Rolling
1808,202609,CH02,North,SKU-201,281,27726.4,29034.59,9545.04,0.82,Rolling
1809,202609,CH02,North,SKU-202,257,52396.18,52982.92,16801.09,0.95,Rolling
1810,202609,CH02,North,SKU-203,253,32182.62,32311.65,10376.27,0.88,Rolling
1811,202609,CH02,North,SKU-301,274,44370.11,44578.73,15425.17,0.92,Rolling
1812,202609,CH02,North,SKU-302,298,24360.25,25548.31,8151.62,0.72,Rolling
1813,202609,CH02,North,SKU-303,284,59219.85,61217.25,20343.67,0.73,Rolling
1814,202609,CH02,North,SKU-401,265,93127.36,90029.69,31064.88,0.8,Rolling
1815,202609,CH02,North,SKU-402,271,36975.79,35980.34,12567.84,0.89,Rolling
1816,202609,CH02,South,SKU-101,261,46794.63,46054.93,16250.69,0.92,Rolling
1817,202609,CH02,South,SKU-102,273,83842.9,87687.54,28061.93,0.82,Rolling
1818,202609,CH02,South,SKU-103,266,39846.77,41004.83,13713.13,0.92,Rolling
1819,202609,CH02,South,SKU-201,233,22448.33,21776.55,7789.72,0.8,Rolling
1820,202609,CH02,South,SKU-202,283,62403.4,63490.72,20218.84,0.75,Rolling
1821,202609,CH02,South,SKU-203,238,35225.84,36377.88,12302.23,0.9,Rolling
1822,202609,CH02,South,SKU-301,290,44230.86,43816.21,15239.42,0.7,Rolling
1823,202609,CH02,South,SKU-302,281,25645.19,26460.39,8395.23,0.88,Rolling
1824,202609,CH02,South,SKU-303,286,52287.16,50740.1,17046.63,0.67,Rolling
1825,202609,CH02,South,SKU-401,281,106040.83,103412.83,35374.9,0.84,Rolling
1826,202609,CH02,South,SKU-402,292,38770.26,40193.19,12767.33,0.67,Rolling
1827,202609,CH02,East,SKU-101,267,46753.87,47155.4,15795.04,0.93,Rolling
1828,202609,CH02,East,SKU-102,259,73759.6,72704.21,25232.45,0.84,Rolling
1829,202609,CH02,East,SKU-103,283,46427.55,46106.91,16228.33,0.71,Rolling
1830,202609,CH02,East,SKU-201,281,30960.46,30888.54,10635.48,0.93,Rolling
1831,202609,CH02,East,SKU-202,282,58041.63,56329.15,20269.83,0.86,Rolling
1832,202609,CH02,East,SKU-203,273,33956.26,33511.9,11374.24,0.71,Rolling
1833,202609,CH02,East,SKU-301,252,38920.96,37908.7,13140.56,0.92,Rolling
1834,202609,CH02,East,SKU-302,269,25568.44,24526.26,8255.39,0.79,Rolling
1835,202609,CH02,East,SKU-303,274,53016.78,53764.29,16968.68,0.94,Rolling
1836,202609,CH02,East,SKU-401,246,82287.41,86370.12,26343.33,0.84,Rolling
1837,202609,CH02,East,SKU-402,291,38557.42,40324.54,13371.93,0.78,Rolling
1838,202609,CH02,West,SKU-101,273,57158.6,56871.8,19743.75,0.74,Rolling
1839,202609,CH02,West,SKU-102,264,71886.14,73013.84,24105.11,0.72,Rolling
1840,202609,CH02,West,SKU-103,265,43960.79,45515.09,14579.11,0.92,Rolling
1841,202609,CH02,West,SKU-201,262,29632.11,29306.99,10086.67,0.74,Rolling
1842,202609,CH02,West,SKU-202,258,62985.31,62690.12,21927.02,0.92,Rolling
1843,202609,CH02,West,SKU-203,258,36030.79,36095.81,11633.58,0.95,Rolling
1844,202609,CH02,West,SKU-301,283,43969.09,42155.68,14723.45,0.93,Rolling
1845,202609,CH02,West,SKU-302,294,26024.17,26537.84,8593.19,0.67,Rolling
1846,202609,CH02,West,SKU-303,270,48996.65,47015.1,15983.62,0.75,Rolling
1847,202609,CH02,West,SKU-401,272,91726.05,95113.95,29751.48,0.8,Rolling
1848,202609,CH02,West,SKU-402,308,43593.93,43294.17,13976.13,0.84,Rolling
1849,202609,CH03,North,SKU-101,276,52616.02,54801.31,17160.85,0.79,Rolling
1850,202609,CH03,North,SKU-102,268,81881.26,84004.19,27099.72,0.67,Rolling
1851,202609,CH03,North,SKU-103,263,41495.69,43425.24,13843.34,0.84,Rolling
1852,202609,CH03,North,SKU-201,272,28082.22,28208.12,9787.28,0.76,Rolling
1853,202609,CH03,North,SKU-202,257,53700.45,53447.7,17219.47,0.78,Rolling
1854,202609,CH03,North,SKU-203,283,38293.88,37475.25,13281.2,0.7,Rolling
1855,202609,CH03,North,SKU-301,268,40843.25,42192.07,13353.44,0.76,Rolling
1856,202609,CH03,North,SKU-302,285,24619.71,23461.21,8434.75,0.94,Rolling
1857,202609,CH03,North,SKU-303,276,55374.66,53888.86,17743.88,0.85,Rolling
1858,202609,CH03,North,SKU-401,270,98509.24,103316.02,33031.07,0.78,Rolling
1859,202609,CH03,North,SKU-402,259,37686.63,35962.24,13165.33,0.95,Rolling
1860,202609,CH03,South,SKU-101,275,50058.18,48939.34,16093.86,0.79,Rolling
1861,202609,CH03,South,SKU-102,236,66335.87,64341.58,22311.78,0.94,Rolling
1862,202609,CH03,South,SKU-103,279,44609.88,45669.26,15468.57,0.71,Rolling
1863,202609,CH03,South,SKU-201,290,32653.85,31938.94,11357.19,0.94,Rolling
1864,202609,CH03,South,SKU-202,243,53862.19,56520.81,18025.35,0.82,Rolling
1865,202609,CH03,South,SKU-203,285,37328.24,35826.25,12666.72,0.7,Rolling
1866,202609,CH03,South,SKU-301,258,37942.13,38195.01,12594.02,0.67,Rolling
1867,202609,CH03,South,SKU-302,263,24861.14,24424.71,8238.42,0.88,Rolling
1868,202609,CH03,South,SKU-303,283,61415.64,63230.83,20404.01,0.9,Rolling
1869,202609,CH03,South,SKU-401,270,91527.98,89000.37,29687.08,0.71,Rolling
1870,202609,CH03,South,SKU-402,238,34983.79,35287.34,12076.92,0.71,Rolling
1871,202609,CH03,East,SKU-101,295,52043.29,50176.57,17136.26,0.66,Rolling
1872,202609,CH03,East,SKU-102,261,71447.57,69773.34,24994.58,0.72,Rolling
1873,202609,CH03,East,SKU-103,257,41696.11,41225.18,14438.05,0.75,Rolling
1874,202609,CH03,East,SKU-201,254,26957.64,26599.49,9170.63,0.72,Rolling
1875,202609,CH03,East,SKU-202,280,62201.01,62560.19,21184.84,0.72,Rolling
1876,202609,CH03,East,SKU-203,288,37215.22,38982.84,12651.09,0.79,Rolling
1877,202609,CH03,East,SKU-301,251,35753.97,35501.88,11879.66,0.87,Rolling
1878,202609,CH03,East,SKU-302,254,21623.32,21502.21,7420.48,0.84,Rolling
1879,202609,CH03,East,SKU-303,261,50299.14,50775.82,16597.65,0.87,Rolling
1880,202609,CH03,East,SKU-401,274,93016.9,90425.89,30854.58,0.8,Rolling
1881,202609,CH03,East,SKU-402,270,34579.95,36123.85,11421.25,0.74,Rolling
1882,202609,CH03,West,SKU-101,279,52347.37,53639.55,18139.0,0.88,Rolling
1883,202609,CH03,West,SKU-102,284,85779.7,89892.2,28558.93,0.67,Rolling
1884,202609,CH03,West,SKU-103,268,39164.48,39504.74,12896.42,0.86,Rolling
1885,202609,CH03,West,SKU-201,287,32087.37,30739.19,11076.67,0.9,Rolling
1886,202609,CH03,West,SKU-202,261,56327.45,58081.45,19430.13,0.75,Rolling
1887,202609,CH03,West,SKU-203,274,37045.86,38893.68,12031.2,0.93,Rolling
1888,202609,CH03,West,SKU-301,253,34972.37,35758.21,11866.92,0.7,Rolling
1889,202609,CH03,West,SKU-302,285,23363.57,23182.65,7540.1,0.73,Rolling
1890,202609,CH03,West,SKU-303,264,55696.23,55377.4,19033.48,0.82,Rolling
1891,202609,CH03,West,SKU-401,262,95397.07,96533.19,32295.6,0.85,Rolling
1892,202609,CH03,West,SKU-402,264,33630.66,34921.69,11107.14,0.69,Rolling
1893,202609,CH04,North,SKU-101,275,55923.45,55536.38,19017.15,0.74,Rolling
1894,202609,CH04,North,SKU-102,255,74910.74,76086.44,25270.85,0.95,Rolling
1895,202609,CH04,North,SKU-103,279,39370.0,37643.12,12965.71,0.69,Rolling
1896,202609,CH04,North,SKU-201,271,28580.59,29281.46,9978.62,0.91,Rolling
1897,202609,CH04,North,SKU-202,247,52794.91,51088.67,17757.13,0.82,Rolling
1898,202609,CH04,North,SKU-203,256,36336.46,34595.88,12059.08,0.92,Rolling
1899,202609,CH04,North,SKU-301,271,39289.52,38281.17,12690.24,0.9,Rolling
1900,202609,CH04,North,SKU-302,243,19562.39,20112.85,6283.02,0.74,Rolling
1901,202609,CH04,North,SKU-303,273,52371.0,51193.64,18012.15,0.94,Rolling
1902,202609,CH04,North,SKU-401,263,84531.71,86722.88,28450.93,0.89,Rolling
1903,202609,CH04,North,SKU-402,280,40834.79,42012.16,13649.26,0.74,Rolling
1904,202609,CH04,South,SKU-101,270,52911.88,51250.96,17972.5,0.79,Rolling
1905,202609,CH04,South,SKU-102,276,78510.22,76235.0,27184.88,0.8,Rolling
1906,202609,CH04,South,SKU-103,256,40194.19,39047.23,14055.4,0.81,Rolling
1907,202609,CH04,South,SKU-201,260,25900.37,26729.89,8527.62,0.95,Rolling
1908,202609,CH04,South,SKU-202,275,56666.02,55806.39,19386.84,0.85,Rolling
1909,202609,CH04,South,SKU-203,254,33011.82,33386.08,10905.03,0.74,Rolling
1910,202609,CH04,South,SKU-301,255,36547.07,38237.62,11864.46,0.92,Rolling
1911,202609,CH04,South,SKU-302,267,22312.33,22615.23,7598.82,0.79,Rolling
1912,202609,CH04,South,SKU-303,275,53163.13,50916.03,17739.58,0.9,Rolling
1913,202609,CH04,South,SKU-401,292,96679.71,99312.07,31677.36,0.71,Rolling
1914,202609,CH04,South,SKU-402,264,38422.45,38877.54,12763.12,0.81,Rolling
1915,202609,CH04,East,SKU-101,309,56076.63,58670.33,19555.03,0.7,Rolling
1916,202609,CH04,East,SKU-102,250,65921.2,66942.34,21248.04,0.67,Rolling
1917,202609,CH04,East,SKU-103,269,40326.78,39748.02,14111.9,0.81,Rolling
1918,202609,CH04,East,SKU-201,264,25885.65,25917.29,8624.21,0.73,Rolling
1919,202609,CH04,East,SKU-202,251,56315.54,53828.27,18280.72,0.93,Rolling
1920,202609,CH04,East,SKU-203,272,38331.26,36651.59,13115.66,0.87,Rolling
1921,202609,CH04,East,SKU-301,277,38851.2,39732.27,12591.7,0.75,Rolling
1922,202609,CH04,East,SKU-302,304,29096.61,27900.51,9727.77,0.67,Rolling
1923,202609,CH04,East,SKU-303,276,51840.06,50589.83,17753.27,0.7,Rolling
1924,202609,CH04,East,SKU-401,289,92863.25,91888.61,32444.86,0.68,Rolling
1925,202609,CH04,East,SKU-402,245,32146.48,32844.96,10479.76,0.79,Rolling
1926,202609,CH04,West,SKU-101,258,52035.37,53398.75,17456.47,0.93,Rolling
1927,202609,CH04,West,SKU-102,258,75889.55,76810.07,24390.61,0.83,Rolling
1928,202609,CH04,West,SKU-103,264,42446.19,42667.56,13584.95,0.84,Rolling
1929,202609,CH04,West,SKU-201,282,29133.59,30490.42,9583.3,0.72,Rolling
1930,202609,CH04,West,SKU-202,255,61937.22,62610.42,20383.52,0.84,Rolling
1931,202609,CH04,West,SKU-203,276,35139.04,35611.9,11697.96,0.66,Rolling
1932,202609,CH04,West,SKU-301,263,36949.36,37808.25,11950.53,0.73,Rolling
1933,202609,CH04,West,SKU-302,273,25263.69,25555.01,8534.29,0.92,Rolling
1934,202609,CH04,West,SKU-303,268,50200.98,49698.94,17137.74,0.66,Rolling
1935,202609,CH04,West,SKU-401,248,88691.37,86410.81,28823.61,0.83,Rolling
1936,202609,CH04,West,SKU-402,283,39052.36,37482.94,13592.4,0.75,Rolling
1937,202609,CH05,North,SKU-101,284,54972.49,52701.22,19067.43,0.89,Rolling
1938,202609,CH05,North,SKU-102,271,76386.29,76147.12,25899.72,0.93,Rolling
1939,202609,CH05,North,SKU-103,274,44480.95,44564.72,14697.58,0.84,Rolling
1940,202609,CH05,North,SKU-201,267,27131.81,28472.32,8721.67,0.86,Rolling
1941,202609,CH05,North,SKU-202,289,65582.6,66943.8,21831.16,0.68,Rolling
1942,202609,CH05,North,SKU-203,314,44028.27,44166.13,14161.26,0.94,Rolling
1943,202609,CH05,North,SKU-301,285,47232.19,48351.13,15783.57,0.83,Rolling
1944,202609,CH05,North,SKU-302,246,19917.49,20006.83,6703.85,0.91,Rolling
1945,202609,CH05,North,SKU-303,281,60293.04,60734.64,20390.59,0.7,Rolling
1946,202609,CH05,North,SKU-401,260,91329.41,88259.98,31057.84,0.86,Rolling
1947,202609,CH05,North,SKU-402,259,33241.64,32908.49,10804.43,0.71,Rolling
1948,202609,CH05,South,SKU-101,265,53400.88,52438.32,18612.78,0.84,Rolling
1949,202609,CH05,South,SKU-102,268,75892.29,73865.91,25165.81,0.81,Rolling
1950,202609,CH05,South,SKU-103,271,40101.43,40970.82,13527.93,0.94,Rolling
1951,202609,CH05,South,SKU-201,264,29106.67,29507.36,9885.66,0.68,Rolling
1952,202609,CH05,South,SKU-202,307,69583.33,68400.91,23163.98,0.83,Rolling
1953,202609,CH05,South,SKU-203,296,43937.38,44345.17,14271.59,0.71,Rolling
1954,202609,CH05,South,SKU-301,281,42554.57,41057.58,14170.52,0.87,Rolling
1955,202609,CH05,South,SKU-302,268,22487.01,22189.15,7242.77,0.83,Rolling
1956,202609,CH05,South,SKU-303,275,53992.59,53528.25,17818.34,0.82,Rolling
1957,202609,CH05,South,SKU-401,262,97368.78,94078.78,32966.48,0.8,Rolling
1958,202609,CH05,South,SKU-402,260,35699.38,35618.56,12138.86,0.89,Rolling
1959,202609,CH05,East,SKU-101,292,56381.84,54772.97,18201.51,0.81,Rolling
1960,202609,CH05,East,SKU-102,282,83806.4,83720.24,27916.96,0.74,Rolling
1961,202609,CH05,East,SKU-103,264,41227.91,39644.84,13307.51,0.85,Rolling
1962,202609,CH05,East,SKU-201,272,26444.56,26209.27,9088.78,0.92,Rolling
1963,202609,CH05,East,SKU-202,280,64724.02,63047.57,21323.82,0.71,Rolling
1964,202609,CH05,East,SKU-203,284,39433.91,40096.29,12898.96,0.78,Rolling
1965,202609,CH05,East,SKU-301,276,44247.71,43305.69,15181.83,0.78,Rolling
1966,202609,CH05,East,SKU-302,278,26521.77,25671.23,9024.04,0.82,Rolling
1967,202609,CH05,East,SKU-303,252,53226.91,51403.63,17330.43,0.94,Rolling
1968,202609,CH05,East,SKU-401,281,100598.74,100941.9,34740.18,0.87,Rolling
1969,202609,CH05,East,SKU-402,288,40197.77,38349.64,12946.42,0.86,Rolling
1970,202609,CH05,West,SKU-101,289,50752.52,51837.85,17656.32,0.87,Rolling
1971,202609,CH05,West,SKU-102,274,71741.5,73138.1,23454.5,0.91,Rolling
1972,202609,CH05,West,SKU-103,268,42675.57,43868.05,14478.95,0.93,Rolling
1973,202609,CH05,West,SKU-201,287,30762.05,29543.11,10094.4,0.65,Rolling
1974,202609,CH05,West,SKU-202,249,52079.48,54171.32,17924.25,0.67,Rolling
1975,202609,CH05,West,SKU-203,257,36938.01,38583.42,12925.59,0.94,Rolling
1976,202609,CH05,West,SKU-301,266,42391.01,41540.11,14590.65,0.81,Rolling
1977,202609,CH05,West,SKU-302,285,25117.75,25278.56,8748.34,0.73,Rolling
1978,202609,CH05,West,SKU-303,302,63014.88,64822.58,21309.28,0.72,Rolling
1979,202609,CH05,West,SKU-401,253,92815.38,90153.47,31413.62,0.78,Rolling
1980,202609,CH05,West,SKU-402,251,32737.61,31415.81,10934.65,0.83,Rolling
1981,202609,CH06,North,SKU-101,231,42336.72,40349.65,13707.35,0.69,Rolling
1982,202609,CH06,North,SKU-102,253,72037.34,69495.04,23268.7,0.74,Rolling
1983,202609,CH06,North,SKU-103,286,40699.82,40309.58,13701.98,0.66,Rolling
1984,202609,CH06,North,SKU-201,276,26065.34,26518.59,8897.97,0.84,Rolling
1985,202609,CH06,North,SKU-202,262,57446.28,58598.78,19388.55,0.67,Rolling
1986,202609,CH06,North,SKU-203,277,36758.7,38140.04,12692.43,0.7,Rolling
1987,202609,CH06,North,SKU-301,296,46879.55,48352.02,15711.84,0.77,Rolling
1988,202609,CH06,North,SKU-302,297,24945.03,24599.84,8625.59,0.93,Rolling
1989,202609,CH06,North,SKU-303,255,48687.82,50979.27,16452.7,0.65,Rolling
1990,202609,CH06,North,SKU-401,223,73897.7,75875.35,24141.12,0.94,Rolling
1991,202609,CH06,North,SKU-402,276,35549.99,36946.06,12088.22,0.91,Rolling
1992,202609,CH06,South,SKU-101,310,55017.91,56687.2,19035.31,0.83,Rolling
1993,202609,CH06,South,SKU-102,264,73261.55,71344.92,24516.56,0.71,Rolling
1994,202609,CH06,South,SKU-103,269,43492.95,45413.74,14969.83,0.76,Rolling
1995,202609,CH06,South,SKU-201,306,30101.72,28716.23,9765.48,0.94,Rolling
1996,202609,CH06,South,SKU-202,268,59638.54,60597.63,19127.52,0.72,Rolling
1997,202609,CH06,South,SKU-203,267,34075.55,34977.03,11276.7,0.9,Rolling
1998,202609,CH06,South,SKU-301,245,35796.92,36854.3,11886.91,0.85,Rolling
1999,202609,CH06,South,SKU-302,302,24139.89,24792.35,8192.88,0.74,Rolling
2000,202609,CH06,South,SKU-303,270,50886.01,50501.8,17556.76,0.79,Rolling
2001,202609,CH06,South,SKU-401,274,92990.68,94857.0,32160.83,0.71,Rolling
2002,202609,CH06,South,SKU-402,263,39008.71,37929.06,12560.54,0.73,Rolling
2003,202609,CH06,East,SKU-101,265,52013.41,54091.36,17159.77,0.9,Rolling
2004,202609,CH06,East,SKU-102,244,70325.3,67228.61,23332.15,0.92,Rolling
2005,202609,CH06,East,SKU-103,257,37616.43,35904.58,12665.48,0.9,Rolling
2006,202609,CH06,East,SKU-201,266,29738.92,30600.44,9689.43,0.87,Rolling
2007,202609,CH06,East,SKU-202,270,60417.81,58170.01,20366.68,0.8,Rolling
2008,202609,CH06,East,SKU-203,271,39584.52,39400.6,13208.24,0.8,Rolling
2009,202609,CH06,East,SKU-301,271,42345.89,41403.52,14225.94,0.84,Rolling
2010,202609,CH06,East,SKU-302,277,22903.09,21834.88,7561.12,0.78,Rolling
2011,202609,CH06,East,SKU-303,237,46014.24,47917.54,14937.71,0.67,Rolling
2012,202609,CH06,East,SKU-401,269,102453.59,97436.47,34053.38,0.93,Rolling
2013,202609,CH06,East,SKU-402,264,34577.09,34570.21,11256.73,0.79,Rolling
2014,202609,CH06,West,SKU-101,288,50622.74,48906.14,16617.35,0.83,Rolling
2015,202609,CH06,West,SKU-102,263,78821.17,75671.92,26699.63,0.68,Rolling
2016,202609,CH06,West,SKU-103,258,36812.02,37240.5,12402.27,0.7,Rolling
2017,202609,CH06,West,SKU-201,245,25880.8,27120.67,8725.93,0.93,Rolling
2018,202609,CH06,West,SKU-202,267,59808.08,60988.85,19798.18,0.91,Rolling
2019,202609,CH06,West,SKU-203,270,35178.26,34923.14,11768.4,0.86,Rolling
2020,202609,CH06,West,SKU-301,284,41885.77,43977.76,14469.86,0.73,Rolling
2021,202609,CH06,West,SKU-302,254,22152.28,22929.38,7606.0,0.91,Rolling
2022,202609,CH06,West,SKU-303,259,49694.81,47751.85,16922.37,0.69,Rolling
2023,202609,CH06,West,SKU-401,278,103548.44,99816.08,35569.34,0.95,Rolling
2024,202609,CH06,West,SKU-402,290,40639.21,40321.34,13895.16,0.87,Rolling
2025,202609,CH07,North,SKU-101,276,52482.92,50495.14,17674.78,0.73,Rolling
2026,202609,CH07,North,SKU-102,264,74361.06,76657.34,25006.26,0.65,Rolling
2027,202609,CH07,North,SKU-103,269,40715.89,40327.84,14167.48,0.66,Rolling
2028,202609,CH07,North,SKU-201,279,31514.49,30498.57,10586.95,0.66,Rolling
2029,202609,CH07,North,SKU-202,270,64311.75,61828.48,21570.07,0.81,Rolling
2030,202609,CH07,North,SKU-203,259,32768.77,33609.33,11165.06,0.83,Rolling
2031,202609,CH07,North,SKU-301,274,40722.79,39402.73,13914.47,0.86,Rolling
2032,202609,CH07,North,SKU-302,254,20579.23,21427.04,6729.24,0.75,Rolling
2033,202609,CH07,North,SKU-303,259,53878.95,55875.68,17536.41,0.86,Rolling
2034,202609,CH07,North,SKU-401,263,89085.64,84695.44,29885.49,0.7,Rolling
2035,202609,CH07,North,SKU-402,282,39623.98,39775.5,13428.33,0.83,Rolling
2036,202609,CH07,South,SKU-101,278,51061.22,50754.66,17022.98,0.88,Rolling
2037,202609,CH07,South,SKU-102,264,72488.9,70421.03,24787.56,0.79,Rolling
2038,202609,CH07,South,SKU-103,280,45670.09,47878.33,15532.18,0.91,Rolling
2039,202609,CH07,South,SKU-201,270,29825.8,31292.57,10101.79,0.88,Rolling
2040,202609,CH07,South,SKU-202,272,59268.72,61603.94,19065.47,0.83,Rolling
2041,202609,CH07,South,SKU-203,264,38492.93,39854.9,13009.27,0.73,Rolling
2042,202609,CH07,South,SKU-301,269,39765.76,38186.21,13372.96,0.74,Rolling
2043,202609,CH07,South,SKU-302,278,24148.25,23067.28,8446.48,0.8,Rolling
2044,202609,CH07,South,SKU-303,291,60392.39,58215.03,20517.24,0.88,Rolling
2045,202609,CH07,South,SKU-401,273,92077.8,89703.53,31866.94,0.84,Rolling
2046,202609,CH07,South,SKU-402,290,35766.52,34984.16,12426.0,0.92,Rolling
2047,202609,CH07,East,SKU-101,271,50393.07,49101.68,17358.23,0.68,Rolling
2048,202609,CH07,East,SKU-102,269,71715.06,71855.67,24191.33,0.87,Rolling
2049,202609,CH07,East,SKU-103,256,39419.23,41323.67,12871.35,0.95,Rolling
2050,202609,CH07,East,SKU-201,281,26975.44,26437.06,8678.86,0.76,Rolling
2051,202609,CH07,East,SKU-202,273,63590.62,61665.05,20596.21,0.75,Rolling
2052,202609,CH07,East,SKU-203,284,36667.49,34865.16,12798.88,0.83,Rolling
2053,202609,CH07,East,SKU-301,281,39863.89,40242.36,12913.61,0.77,Rolling
2054,202609,CH07,East,SKU-302,273,22308.12,21269.53,7672.81,0.87,Rolling
2055,202609,CH07,East,SKU-303,242,51962.7,53361.16,18180.96,0.73,Rolling
2056,202609,CH07,East,SKU-401,269,96868.19,93142.78,31367.6,0.67,Rolling
2057,202609,CH07,East,SKU-402,279,38781.6,40252.59,13271.45,0.79,Rolling
2058,202609,CH07,West,SKU-101,261,50663.67,49346.9,17058.75,0.88,Rolling
2059,202609,CH07,West,SKU-102,258,71075.16,73353.54,24289.9,0.91,Rolling
2060,202609,CH07,West,SKU-103,252,35570.41,34364.64,11951.39,0.94,Rolling
2061,202609,CH07,West,SKU-201,263,24983.66,26050.15,8130.55,0.92,Rolling
2062,202609,CH07,West,SKU-202,254,56799.37,56121.88,19313.25,0.94,Rolling
2063,202609,CH07,West,SKU-203,275,34510.89,34951.98,11513.37,0.92,Rolling
2064,202609,CH07,West,SKU-301,265,38226.88,37307.04,12663.94,0.74,Rolling
2065,202609,CH07,West,SKU-302,258,24137.53,23085.86,8366.57,0.69,Rolling
2066,202609,CH07,West,SKU-303,238,47621.79,47580.05,16059.74,0.74,Rolling
2067,202609,CH07,West,SKU-401,278,94823.87,97919.88,32413.8,0.77,Rolling
2068,202609,CH07,West,SKU-402,272,39875.93,38637.71,12818.23,0.75,Rolling
2069,202609,CH08,North,SKU-101,281,55340.78,57841.29,17862.41,0.67,Rolling
2070,202609,CH08,North,SKU-102,275,79240.41,75686.6,25882.82,0.72,Rolling
2071,202609,CH08,North,SKU-103,262,42847.33,42914.02,14573.57,0.67,Rolling
2072,202609,CH08,North,SKU-201,235,26214.78,26289.45,9079.09,0.89,Rolling
2073,202609,CH08,North,SKU-202,241,55580.35,55266.33,18270.43,0.78,Rolling
2074,202609,CH08,North,SKU-203,267,33612.15,32871.77,11297.95,0.86,Rolling
2075,202609,CH08,North,SKU-301,276,44277.26,44529.98,14453.89,0.79,Rolling
2076,202609,CH08,North,SKU-302,279,26668.4,26949.62,8955.45,0.66,Rolling
2077,202609,CH08,North,SKU-303,240,43992.84,43556.71,14522.32,0.84,Rolling
2078,202609,CH08,North,SKU-401,272,95240.93,93124.08,33199.54,0.68,Rolling
2079,202609,CH08,North,SKU-402,303,41305.83,39690.12,13305.76,0.78,Rolling
2080,202609,CH08,South,SKU-101,282,54776.96,53564.47,18167.24,0.92,Rolling
2081,202609,CH08,South,SKU-102,290,79418.73,76982.04,27687.17,0.71,Rolling
2082,202609,CH08,South,SKU-103,286,47430.61,46805.27,15677.98,0.84,Rolling
2083,202609,CH08,South,SKU-201,280,29466.18,30219.85,10189.21,0.8,Rolling
2084,202609,CH08,South,SKU-202,276,62548.16,64987.84,20682.71,0.71,Rolling
2085,202609,CH08,South,SKU-203,268,36437.07,37907.33,12334.79,0.91,Rolling
2086,202609,CH08,South,SKU-301,252,39035.04,37207.26,13232.63,0.94,Rolling
2087,202609,CH08,South,SKU-302,241,22860.15,21739.31,7747.93,0.79,Rolling
2088,202609,CH08,South,SKU-303,263,48188.52,49408.0,15426.8,0.74,Rolling
2089,202609,CH08,South,SKU-401,270,91609.22,94639.98,31884.13,0.91,Rolling
2090,202609,CH08,South,SKU-402,271,39764.36,39403.46,13062.73,0.68,Rolling
2091,202609,CH08,East,SKU-101,269,52237.83,53113.14,16893.01,0.69,Rolling
2092,202609,CH08,East,SKU-102,268,75169.28,78006.8,24325.43,0.84,Rolling
2093,202609,CH08,East,SKU-103,275,37907.24,36731.86,12380.15,0.93,Rolling
2094,202609,CH08,East,SKU-201,251,26272.67,26347.7,9072.52,0.93,Rolling
2095,202609,CH08,East,SKU-202,272,63500.22,62005.16,22088.72,0.85,Rolling
2096,202609,CH08,East,SKU-203,266,35506.6,34136.7,12127.97,0.9,Rolling
2097,202609,CH08,East,SKU-301,281,46368.96,44167.62,15300.86,0.73,Rolling
2098,202609,CH08,East,SKU-302,232,20887.28,21686.33,7304.09,0.89,Rolling
2099,202609,CH08,East,SKU-303,268,57053.42,56855.48,19600.8,0.79,Rolling
2100,202609,CH08,East,SKU-401,265,96355.7,98541.84,31865.03,0.82,Rolling
2101,202609,CH08,East,SKU-402,296,38197.27,37023.97,12998.55,0.77,Rolling
2102,202609,CH08,West,SKU-101,286,54857.28,54706.85,18508.04,0.72,Rolling
2103,202609,CH08,West,SKU-102,271,77690.34,76416.61,26433.83,0.84,Rolling
2104,202609,CH08,West,SKU-103,264,38264.11,38774.35,12327.59,0.68,Rolling
2105,202609,CH08,West,SKU-201,277,27844.1,27815.35,9700.09,0.93,Rolling
2106,202609,CH08,West,SKU-202,261,59493.81,62322.65,19890.47,0.88,Rolling
2107,202609,CH08,West,SKU-203,284,40764.95,39790.84,13194.29,0.78,Rolling
2108,202609,CH08,West,SKU-301,304,47379.89,47968.17,15350.0,0.77,Rolling
2109,202609,CH08,West,SKU-302,252,20492.4,19964.47,6789.19,0.81,Rolling
2110,202609,CH08,West,SKU-303,256,53867.17,56359.29,17760.46,0.86,Rolling
2111,202609,CH08,West,SKU-401,258,93760.18,96598.09,30142.08,0.83,Rolling
2112,202609,CH08,West,SKU-402,271,35214.27,35496.07,12014.92,0.66,Rolling
