InventoryKey,DateKey,Hub_ID,SKU_Code,Opening_Stock_Units,Closing_Stock_Units,Days_of_Cover,Stock_Level_Status
1,20260401,WH_CH_01,SKU-101,262,259,12.3,WARNING
2,20260401,WH_CH_01,SKU-102,356,351,20.7,NORMAL
3,20260401,WH_CH_01,SKU-103,301,301,16.8,NORMAL
4,20260401,WH_CH_01,SKU-201,511,523,24.9,NORMAL
5,20260401,WH_CH_01,SKU-202,401,405,17.6,NORMAL
6,20260401,WH_CH_01,SKU-203,346,355,14.8,NORMAL
7,20260401,WH_CH_01,SKU-301,500,492,19.7,NORMAL
8,20260401,WH_CH_01,SKU-302,839,864,41.2,NORMAL
9,20260401,WH_CH_01,SKU-303,724,699,30.4,NORMAL
10,20260401,WH_CH_01,SKU-401,698,725,38.2,NORMAL
11,20260401,WH_CH_01,SKU-402,242,248,11.8,WARNING
12,20260401,WH_CH_01,SKU-101,121,125,9.6,WARNING
13,20260401,WH_CH_01,SKU-102,552,541,28.5,NORMAL
14,20260401,WH_CH_01,SKU-103,92,93,9.3,WARNING
15,20260401,WH_CH_01,SKU-201,748,733,36.7,NORMAL
16,20260401,WH_CH_01,SKU-202,420,407,21.4,NORMAL
17,20260401,WH_CH_01,SKU-203,540,556,32.8,NORMAL
18,20260401,WH_CH_01,SKU-301,544,524,32.8,NORMAL
19,20260401,WH_CH_01,SKU-302,581,608,27.7,NORMAL
20,20260401,WH_CH_01,SKU-303,244,252,19.5,NORMAL
21,20260401,WH_CH_01,SKU-401,422,410,21.6,NORMAL
22,20260401,WH_CH_01,SKU-402,1001,1022,44.4,NORMAL
23,20260401,WH_CH_01,SKU-101,656,638,29.0,NORMAL
24,20260401,WH_CH_01,SKU-102,181,173,9.1,WARNING
25,20260401,WH_CH_01,SKU-103,194,188,8.2,WARNING
26,20260401,WH_CH_01,SKU-201,533,538,28.3,NORMAL
27,20260401,WH_CH_01,SKU-202,762,736,33.5,NORMAL
28,20260401,WH_CH_01,SKU-203,369,353,23.6,NORMAL
29,20260401,WH_CH_01,SKU-301,567,572,31.8,NORMAL
30,20260401,WH_CH_01,SKU-302,187,184,9.2,WARNING
31,20260401,WH_CH_01,SKU-303,367,353,15.3,NORMAL
32,20260401,WH_CH_01,SKU-401,155,157,8.3,WARNING
33,20260401,WH_CH_01,SKU-402,726,748,29.9,NORMAL
34,20260401,WH_CH_01,SKU-101,562,541,28.5,NORMAL
35,20260401,WH_CH_01,SKU-102,1105,1147,42.5,NORMAL
36,20260401,WH_CH_01,SKU-103,184,182,20.3,NORMAL
37,20260401,WH_CH_01,SKU-201,474,477,25.1,NORMAL
38,20260401,WH_CH_01,SKU-202,357,366,15.3,NORMAL
39,20260401,WH_CH_01,SKU-203,416,423,24.9,NORMAL
40,20260401,WH_CH_01,SKU-301,769,791,44.0,NORMAL
41,20260401,WH_CH_01,SKU-302,539,537,22.4,NORMAL
42,20260401,WH_CH_01,SKU-303,644,620,38.8,NORMAL
43,20260401,WH_CH_01,SKU-401,510,527,35.2,NORMAL
44,20260401,WH_CH_01,SKU-402,703,681,35.9,NORMAL
45,20260401,WH_CH_01,SKU-101,480,467,35.9,NORMAL
46,20260401,WH_CH_01,SKU-102,543,554,39.6,NORMAL
47,20260401,WH_CH_01,SKU-103,204,197,10.4,WARNING
48,20260401,WH_CH_01,SKU-201,258,270,15.9,NORMAL
49,20260401,WH_CH_01,SKU-202,204,196,15.1,NORMAL
50,20260401,WH_CH_01,SKU-203,479,470,23.5,NORMAL
51,20260401,WH_CH_01,SKU-301,762,768,40.4,NORMAL
52,20260401,WH_CH_01,SKU-302,370,379,31.6,NORMAL
53,20260401,WH_CH_01,SKU-303,754,761,31.7,NORMAL
54,20260401,WH_CH_01,SKU-401,908,926,29.0,NORMAL
55,20260401,WH_CH_01,SKU-402,207,201,8.7,WARNING
56,20260401,WH_CH_01,SKU-101,582,571,30.1,NORMAL
57,20260401,WH_CH_01,SKU-102,700,694,43.4,NORMAL
58,20260401,WH_CH_01,SKU-103,472,485,27.0,NORMAL
59,20260401,WH_CH_01,SKU-201,606,634,39.7,NORMAL
60,20260401,WH_CH_01,SKU-202,188,186,11.6,WARNING
61,20260401,WH_CH_01,SKU-203,330,344,21.6,NORMAL
62,20260401,WH_CH_01,SKU-301,698,689,32.9,NORMAL
63,20260401,WH_CH_01,SKU-302,634,623,31.2,NORMAL
64,20260401,WH_CH_01,SKU-303,275,284,12.9,WARNING
65,20260401,WH_CH_01,SKU-401,612,609,35.9,NORMAL
66,20260401,WH_CH_01,SKU-402,683,658,41.2,NORMAL
67,20260401,WH_CH_01,SKU-101,673,666,35.1,NORMAL
68,20260401,WH_CH_01,SKU-102,449,458,19.1,NORMAL
69,20260401,WH_CH_01,SKU-103,317,319,17.8,NORMAL
70,20260401,WH_CH_01,SKU-201,546,538,29.9,NORMAL
71,20260401,WH_CH_01,SKU-202,119,124,7.8,WARNING
72,20260401,WH_CH_01,SKU-203,533,508,29.9,NORMAL
73,20260401,WH_CH_01,SKU-301,457,440,31.4,NORMAL
74,20260401,WH_CH_01,SKU-302,144,146,10.4,WARNING
75,20260401,WH_CH_01,SKU-303,933,930,34.5,NORMAL
76,20260401,WH_CH_01,SKU-401,340,329,12.7,WARNING
77,20260401,WH_CH_01,SKU-402,202,200,11.8,WARNING
78,20260401,WH_CH_01,SKU-101,746,727,34.6,NORMAL
79,20260401,WH_CH_01,SKU-102,1050,1025,36.6,NORMAL
80,20260401,WH_CH_01,SKU-103,407,428,25.2,NORMAL
81,20260401,WH_CH_01,SKU-201,180,188,11.1,WARNING
82,20260401,WH_CH_01,SKU-202,737,734,38.7,NORMAL
83,20260401,WH_CH_01,SKU-203,275,286,14.3,NORMAL
84,20260401,WH_CH_01,SKU-301,906,888,37.0,NORMAL
85,20260401,WH_CH_01,SKU-302,355,358,23.9,NORMAL
86,20260401,WH_CH_01,SKU-303,289,285,23.8,NORMAL
87,20260401,WH_CH_01,SKU-401,825,854,42.7,NORMAL
88,20260401,WH_CH_01,SKU-402,622,605,24.2,NORMAL
89,20260408,WH_CH_01,SKU-101,986,985,44.8,NORMAL
90,20260408,WH_CH_01,SKU-102,240,250,19.3,NORMAL
91,20260408,WH_CH_01,SKU-103,1124,1102,44.1,NORMAL
92,20260408,WH_CH_01,SKU-201,370,371,24.7,NORMAL
93,20260408,WH_CH_01,SKU-202,660,661,33.1,NORMAL
94,20260408,WH_CH_01,SKU-203,564,539,33.7,NORMAL
95,20260408,WH_CH_01,SKU-301,240,246,13.0,WARNING
96,20260408,WH_CH_01,SKU-302,560,574,31.9,NORMAL
97,20260408,WH_CH_01,SKU-303,394,395,39.5,NORMAL
98,20260408,WH_CH_01,SKU-401,541,559,17.5,NORMAL
99,20260408,WH_CH_01,SKU-402,705,688,30.0,NORMAL
100,20260408,WH_CH_01,SKU-101,864,862,37.5,NORMAL
101,20260408,WH_CH_01,SKU-102,524,544,30.3,NORMAL
102,20260408,WH_CH_01,SKU-103,369,385,20.3,NORMAL
103,20260408,WH_CH_01,SKU-201,329,317,21.2,NORMAL
104,20260408,WH_CH_01,SKU-202,309,301,18.8,NORMAL
105,20260408,WH_CH_01,SKU-203,157,150,15.0,NORMAL
106,20260408,WH_CH_01,SKU-301,351,364,17.3,NORMAL
107,20260408,WH_CH_01,SKU-302,365,361,25.8,NORMAL
108,20260408,WH_CH_01,SKU-303,296,302,16.8,NORMAL
109,20260408,WH_CH_01,SKU-401,692,669,30.5,NORMAL
110,20260408,WH_CH_01,SKU-402,137,140,10.0,WARNING
111,20260408,WH_CH_01,SKU-101,229,223,10.7,WARNING
112,20260408,WH_CH_01,SKU-102,1401,1394,41.0,NORMAL
113,20260408,WH_CH_01,SKU-103,1027,1075,37.1,NORMAL
114,20260408,WH_CH_01,SKU-201,530,547,21.1,NORMAL
115,20260408,WH_CH_01,SKU-202,514,517,20.7,NORMAL
116,20260408,WH_CH_01,SKU-203,270,260,10.4,WARNING
117,20260408,WH_CH_01,SKU-301,275,265,14.8,NORMAL
118,20260408,WH_CH_01,SKU-302,616,647,40.5,NORMAL
119,20260408,WH_CH_01,SKU-303,789,800,32.0,NORMAL
120,20260408,WH_CH_01,SKU-401,188,180,7.8,WARNING
121,20260408,WH_CH_01,SKU-402,556,573,38.3,NORMAL
122,20260408,WH_CH_01,SKU-101,551,543,20.9,NORMAL
123,20260408,WH_CH_01,SKU-102,615,627,34.9,NORMAL
124,20260408,WH_CH_01,SKU-103,600,601,37.6,NORMAL
125,20260408,WH_CH_01,SKU-201,522,527,26.4,NORMAL
126,20260408,WH_CH_01,SKU-202,721,695,33.1,NORMAL
127,20260408,WH_CH_01,SKU-203,700,708,39.3,NORMAL
128,20260408,WH_CH_01,SKU-301,825,821,35.7,NORMAL
129,20260408,WH_CH_01,SKU-302,541,569,33.5,NORMAL
130,20260408,WH_CH_01,SKU-303,346,338,15.4,NORMAL
131,20260408,WH_CH_01,SKU-401,430,423,24.9,NORMAL
132,20260408,WH_CH_01,SKU-402,590,617,22.1,NORMAL
133,20260408,WH_CH_01,SKU-101,797,812,33.9,NORMAL
134,20260408,WH_CH_01,SKU-102,1025,1071,42.9,NORMAL
135,20260408,WH_CH_01,SKU-103,567,596,29.8,NORMAL
136,20260408,WH_CH_01,SKU-201,559,560,16.5,NORMAL
137,20260408,WH_CH_01,SKU-202,435,438,21.9,NORMAL
138,20260408,WH_CH_01,SKU-203,864,835,41.8,NORMAL
139,20260408,WH_CH_01,SKU-301,753,783,41.2,NORMAL
140,20260408,WH_CH_01,SKU-302,227,221,13.8,WARNING
141,20260408,WH_CH_01,SKU-303,729,706,44.1,NORMAL
142,20260408,WH_CH_01,SKU-401,820,833,36.2,NORMAL
143,20260408,WH_CH_01,SKU-402,616,603,30.2,NORMAL
144,20260408,WH_CH_01,SKU-101,544,536,24.4,NORMAL
145,20260408,WH_CH_01,SKU-102,197,199,11.7,WARNING
146,20260408,WH_CH_01,SKU-103,156,150,7.5,WARNING
147,20260408,WH_CH_01,SKU-201,146,152,8.5,WARNING
148,20260408,WH_CH_01,SKU-202,633,666,39.2,NORMAL
149,20260408,WH_CH_01,SKU-203,865,842,38.3,NORMAL
150,20260408,WH_CH_01,SKU-301,600,622,31.1,NORMAL
151,20260408,WH_CH_01,SKU-302,696,670,44.7,NORMAL
152,20260408,WH_CH_01,SKU-303,947,943,44.9,NORMAL
153,20260408,WH_CH_01,SKU-401,289,302,15.9,NORMAL
154,20260408,WH_CH_01,SKU-402,461,465,21.2,NORMAL
155,20260408,WH_CH_01,SKU-101,194,192,12.0,WARNING
156,20260408,WH_CH_01,SKU-102,379,375,16.3,NORMAL
157,20260408,WH_CH_01,SKU-103,445,448,22.4,NORMAL
158,20260408,WH_CH_01,SKU-201,308,314,13.7,WARNING
159,20260408,WH_CH_01,SKU-202,340,340,20.0,NORMAL
160,20260408,WH_CH_01,SKU-203,1005,968,38.7,NORMAL
161,20260408,WH_CH_01,SKU-301,181,174,9.2,WARNING
162,20260408,WH_CH_01,SKU-302,330,337,17.7,NORMAL
163,20260408,WH_CH_01,SKU-303,758,737,36.9,NORMAL
164,20260408,WH_CH_01,SKU-401,283,271,14.3,NORMAL
165,20260408,WH_CH_01,SKU-402,724,757,44.6,NORMAL
166,20260408,WH_CH_01,SKU-101,590,572,22.9,NORMAL
167,20260408,WH_CH_01,SKU-102,572,561,43.2,NORMAL
168,20260408,WH_CH_01,SKU-103,278,282,25.7,NORMAL
169,20260408,WH_CH_01,SKU-201,145,143,7.6,WARNING
170,20260408,WH_CH_01,SKU-202,238,237,12.5,WARNING
171,20260408,WH_CH_01,SKU-203,605,582,26.5,NORMAL
172,20260408,WH_CH_01,SKU-301,622,617,30.9,NORMAL
173,20260408,WH_CH_01,SKU-302,250,252,16.9,NORMAL
174,20260408,WH_CH_01,SKU-303,564,544,30.3,NORMAL
175,20260408,WH_CH_01,SKU-401,507,492,24.6,NORMAL
176,20260408,WH_CH_01,SKU-402,288,292,19.5,NORMAL
177,20260415,WH_CH_01,SKU-101,286,281,16.5,NORMAL
178,20260415,WH_CH_01,SKU-102,494,492,27.4,NORMAL
179,20260415,WH_CH_01,SKU-103,125,126,7.9,WARNING
180,20260415,WH_CH_01,SKU-201,341,351,16.7,NORMAL
181,20260415,WH_CH_01,SKU-202,522,530,44.2,NORMAL
182,20260415,WH_CH_01,SKU-203,628,601,31.6,NORMAL
183,20260415,WH_CH_01,SKU-301,948,913,30.4,NORMAL
184,20260415,WH_CH_01,SKU-302,566,573,44.1,NORMAL
185,20260415,WH_CH_01,SKU-303,801,768,33.4,NORMAL
186,20260415,WH_CH_01,SKU-401,150,145,8.1,WARNING
187,20260415,WH_CH_01,SKU-402,214,208,9.1,WARNING
188,20260415,WH_CH_01,SKU-101,473,461,18.5,NORMAL
189,20260415,WH_CH_01,SKU-102,550,527,26.4,NORMAL
190,20260415,WH_CH_01,SKU-103,380,368,19.4,NORMAL
191,20260415,WH_CH_01,SKU-201,532,553,27.7,NORMAL
192,20260415,WH_CH_01,SKU-202,840,806,38.4,NORMAL
193,20260415,WH_CH_01,SKU-203,177,186,9.8,WARNING
194,20260415,WH_CH_01,SKU-301,205,210,15.0,NORMAL
195,20260415,WH_CH_01,SKU-302,613,619,28.2,NORMAL
196,20260415,WH_CH_01,SKU-303,228,239,16.0,NORMAL
197,20260415,WH_CH_01,SKU-401,433,438,19.9,NORMAL
198,20260415,WH_CH_01,SKU-402,288,288,11.5,WARNING
199,20260415,WH_CH_01,SKU-101,716,750,34.1,NORMAL
200,20260415,WH_CH_01,SKU-102,706,681,35.8,NORMAL
201,20260415,WH_CH_01,SKU-103,270,282,16.6,NORMAL
202,20260415,WH_CH_01,SKU-201,739,747,44.0,NORMAL
203,20260415,WH_CH_01,SKU-202,210,217,13.6,WARNING
204,20260415,WH_CH_01,SKU-203,1079,1077,44.9,NORMAL
205,20260415,WH_CH_01,SKU-301,695,697,33.2,NORMAL
206,20260415,WH_CH_01,SKU-302,743,759,42.2,NORMAL
207,20260415,WH_CH_01,SKU-303,188,195,10.3,WARNING
208,20260415,WH_CH_01,SKU-401,345,336,22.5,NORMAL
209,20260415,WH_CH_01,SKU-402,667,652,28.4,NORMAL
210,20260415,WH_CH_01,SKU-101,737,772,35.1,NORMAL
211,20260415,WH_CH_01,SKU-102,642,660,28.7,NORMAL
212,20260415,WH_CH_01,SKU-103,808,785,31.4,NORMAL
213,20260415,WH_CH_01,SKU-201,900,924,42.0,NORMAL
214,20260415,WH_CH_01,SKU-202,565,568,35.5,NORMAL
215,20260415,WH_CH_01,SKU-203,685,664,30.2,NORMAL
216,20260415,WH_CH_01,SKU-301,550,553,36.9,NORMAL
217,20260415,WH_CH_01,SKU-302,622,633,37.3,NORMAL
218,20260415,WH_CH_01,SKU-303,476,467,26.0,NORMAL
219,20260415,WH_CH_01,SKU-401,789,772,32.2,NORMAL
220,20260415,WH_CH_01,SKU-402,708,696,41.0,NORMAL
221,20260415,WH_CH_01,SKU-101,842,837,38.1,NORMAL
222,20260415,WH_CH_01,SKU-102,146,143,8.4,WARNING
223,20260415,WH_CH_01,SKU-103,503,494,38.1,NORMAL
224,20260415,WH_CH_01,SKU-201,685,705,44.1,NORMAL
225,20260415,WH_CH_01,SKU-202,787,760,36.2,NORMAL
226,20260415,WH_CH_01,SKU-203,489,501,27.9,NORMAL
227,20260415,WH_CH_01,SKU-301,224,218,12.9,WARNING
228,20260415,WH_CH_01,SKU-302,230,240,20.0,NORMAL
229,20260415,WH_CH_01,SKU-303,719,688,34.4,NORMAL
230,20260415,WH_CH_01,SKU-401,1009,1021,42.5,NORMAL
231,20260415,WH_CH_01,SKU-402,366,353,17.7,NORMAL
232,20260415,WH_CH_01,SKU-101,298,290,16.1,NORMAL
233,20260415,WH_CH_01,SKU-102,805,789,32.9,NORMAL
234,20260415,WH_CH_01,SKU-103,579,605,28.8,NORMAL
235,20260415,WH_CH_01,SKU-201,538,520,23.7,NORMAL
236,20260415,WH_CH_01,SKU-202,255,244,17.5,NORMAL
237,20260415,WH_CH_01,SKU-203,196,195,11.5,WARNING
238,20260415,WH_CH_01,SKU-301,707,684,32.6,NORMAL
239,20260415,WH_CH_01,SKU-302,279,286,19.1,NORMAL
240,20260415,WH_CH_01,SKU-303,522,517,19.9,NORMAL
241,20260415,WH_CH_01,SKU-401,424,428,26.8,NORMAL
242,20260415,WH_CH_01,SKU-402,469,455,26.8,NORMAL
243,20260415,WH_CH_01,SKU-101,770,744,29.8,NORMAL
244,20260415,WH_CH_01,SKU-102,761,784,41.3,NORMAL
245,20260415,WH_CH_01,SKU-103,254,245,14.5,NORMAL
246,20260415,WH_CH_01,SKU-201,832,827,29.6,NORMAL
247,20260415,WH_CH_01,SKU-202,747,773,43.0,NORMAL
248,20260415,WH_CH_01,SKU-203,286,291,20.8,NORMAL
249,20260415,WH_CH_01,SKU-301,672,680,35.8,NORMAL
250,20260415,WH_CH_01,SKU-302,688,707,39.3,NORMAL
251,20260415,WH_CH_01,SKU-303,167,170,10.0,WARNING
252,20260415,WH_CH_01,SKU-401,260,262,13.8,WARNING
253,20260415,WH_CH_01,SKU-402,577,563,15.2,NORMAL
254,20260415,WH_CH_01,SKU-101,289,296,14.8,NORMAL
255,20260415,WH_CH_01,SKU-102,796,829,43.6,NORMAL
256,20260415,WH_CH_01,SKU-103,599,617,32.5,NORMAL
257,20260415,WH_CH_01,SKU-201,564,562,31.2,NORMAL
258,20260415,WH_CH_01,SKU-202,514,518,25.9,NORMAL
259,20260415,WH_CH_01,SKU-203,633,620,31.0,NORMAL
260,20260415,WH_CH_01,SKU-301,579,608,29.0,NORMAL
261,20260415,WH_CH_01,SKU-302,207,202,10.7,WARNING
262,20260415,WH_CH_01,SKU-303,320,329,17.4,NORMAL
263,20260415,WH_CH_01,SKU-401,604,607,38.0,NORMAL
264,20260415,WH_CH_01,SKU-402,302,315,22.5,NORMAL
265,20260422,WH_CH_01,SKU-101,692,685,40.3,NORMAL
266,20260422,WH_CH_01,SKU-102,758,744,29.8,NORMAL
267,20260422,WH_CH_01,SKU-103,539,528,19.6,NORMAL
268,20260422,WH_CH_01,SKU-201,264,253,11.5,WARNING
269,20260422,WH_CH_01,SKU-202,775,807,42.5,NORMAL
270,20260422,WH_CH_01,SKU-203,233,237,10.3,WARNING
271,20260422,WH_CH_01,SKU-301,333,351,25.1,NORMAL
272,20260422,WH_CH_01,SKU-302,232,221,13.0,WARNING
273,20260422,WH_CH_01,SKU-303,690,681,40.1,NORMAL
274,20260422,WH_CH_01,SKU-401,620,638,35.5,NORMAL
275,20260422,WH_CH_01,SKU-402,894,878,43.9,NORMAL
276,20260422,WH_CH_01,SKU-101,375,384,29.6,NORMAL
277,20260422,WH_CH_01,SKU-102,770,755,24.4,NORMAL
278,20260422,WH_CH_01,SKU-103,199,198,9.9,WARNING
279,20260422,WH_CH_01,SKU-201,537,558,21.5,NORMAL
280,20260422,WH_CH_01,SKU-202,406,406,22.6,NORMAL
281,20260422,WH_CH_01,SKU-203,658,678,27.2,NORMAL
282,20260422,WH_CH_01,SKU-301,145,144,8.0,WARNING
283,20260422,WH_CH_01,SKU-302,214,210,12.4,WARNING
284,20260422,WH_CH_01,SKU-303,220,217,8.0,WARNING
285,20260422,WH_CH_01,SKU-401,246,244,11.7,WARNING
286,20260422,WH_CH_01,SKU-402,128,129,8.6,WARNING
287,20260422,WH_CH_01,SKU-101,447,429,21.5,NORMAL
288,20260422,WH_CH_01,SKU-102,579,566,35.4,NORMAL
289,20260422,WH_CH_01,SKU-103,713,716,26.6,NORMAL
290,20260422,WH_CH_01,SKU-201,1040,1080,38.6,NORMAL
291,20260422,WH_CH_01,SKU-202,180,189,7.9,WARNING
292,20260422,WH_CH_01,SKU-203,899,879,40.0,NORMAL
293,20260422,WH_CH_01,SKU-301,478,461,30.7,NORMAL
294,20260422,WH_CH_01,SKU-302,692,698,36.8,NORMAL
295,20260422,WH_CH_01,SKU-303,169,163,8.2,WARNING
296,20260422,WH_CH_01,SKU-401,1027,1062,44.3,NORMAL
297,20260422,WH_CH_01,SKU-402,966,971,36.0,NORMAL
298,20260422,WH_CH_01,SKU-101,380,396,17.2,NORMAL
299,20260422,WH_CH_01,SKU-102,895,868,33.4,NORMAL
300,20260422,WH_CH_01,SKU-103,1071,1105,40.9,NORMAL
301,20260422,WH_CH_01,SKU-201,163,168,7.3,WARNING
302,20260422,WH_CH_01,SKU-202,826,838,41.9,NORMAL
303,20260422,WH_CH_01,SKU-203,1295,1265,43.6,NORMAL
304,20260422,WH_CH_01,SKU-301,704,731,29.3,NORMAL
305,20260422,WH_CH_01,SKU-302,560,588,34.6,NORMAL
306,20260422,WH_CH_01,SKU-303,199,199,10.0,WARNING
307,20260422,WH_CH_01,SKU-401,831,825,35.9,NORMAL
308,20260422,WH_CH_01,SKU-402,926,966,38.7,NORMAL
309,20260422,WH_CH_01,SKU-101,780,765,40.3,NORMAL
310,20260422,WH_CH_01,SKU-102,86,90,18.1,NORMAL
311,20260422,WH_CH_01,SKU-103,983,941,42.8,NORMAL
312,20260422,WH_CH_01,SKU-201,454,454,20.6,NORMAL
313,20260422,WH_CH_01,SKU-202,903,870,43.5,NORMAL
314,20260422,WH_CH_01,SKU-203,518,502,38.7,NORMAL
315,20260422,WH_CH_01,SKU-301,551,553,32.5,NORMAL
316,20260422,WH_CH_01,SKU-302,506,524,32.8,NORMAL
317,20260422,WH_CH_01,SKU-303,910,936,40.7,NORMAL
318,20260422,WH_CH_01,SKU-401,479,481,22.9,NORMAL
319,20260422,WH_CH_01,SKU-402,647,673,25.9,NORMAL
320,20260422,WH_CH_01,SKU-101,1033,1083,32.8,NORMAL
321,20260422,WH_CH_01,SKU-102,256,255,10.6,WARNING
322,20260422,WH_CH_01,SKU-103,555,544,32.0,NORMAL
323,20260422,WH_CH_01,SKU-201,524,550,29.0,NORMAL
324,20260422,WH_CH_01,SKU-202,323,337,13.5,WARNING
325,20260422,WH_CH_01,SKU-203,108,109,9.1,WARNING
326,20260422,WH_CH_01,SKU-301,497,512,32.0,NORMAL
327,20260422,WH_CH_01,SKU-302,412,406,23.9,NORMAL
328,20260422,WH_CH_01,SKU-303,309,302,15.1,NORMAL
329,20260422,WH_CH_01,SKU-401,327,322,23.0,NORMAL
330,20260422,WH_CH_01,SKU-402,568,567,37.8,NORMAL
331,20260422,WH_CH_01,SKU-101,593,567,29.9,NORMAL
332,20260422,WH_CH_01,SKU-102,597,580,27.6,NORMAL
333,20260422,WH_CH_01,SKU-103,932,922,43.9,NORMAL
334,20260422,WH_CH_01,SKU-201,548,577,32.1,NORMAL
335,20260422,WH_CH_01,SKU-202,506,493,26.0,NORMAL
336,20260422,WH_CH_01,SKU-203,397,396,23.3,NORMAL
337,20260422,WH_CH_01,SKU-301,577,585,32.5,NORMAL
338,20260422,WH_CH_01,SKU-302,780,790,35.9,NORMAL
339,20260422,WH_CH_01,SKU-303,872,841,40.1,NORMAL
340,20260422,WH_CH_01,SKU-401,236,240,13.4,WARNING
341,20260422,WH_CH_01,SKU-402,417,411,19.6,NORMAL
342,20260422,WH_CH_01,SKU-101,380,377,13.0,WARNING
343,20260422,WH_CH_01,SKU-102,402,406,20.3,NORMAL
344,20260422,WH_CH_01,SKU-103,686,720,34.3,NORMAL
345,20260422,WH_CH_01,SKU-201,404,398,19.0,NORMAL
346,20260422,WH_CH_01,SKU-202,512,505,33.7,NORMAL
347,20260422,WH_CH_01,SKU-203,158,163,12.6,WARNING
348,20260422,WH_CH_01,SKU-301,821,850,44.8,NORMAL
349,20260422,WH_CH_01,SKU-302,140,139,9.3,WARNING
350,20260422,WH_CH_01,SKU-303,746,783,37.3,NORMAL
351,20260422,WH_CH_01,SKU-401,734,767,32.0,NORMAL
352,20260422,WH_CH_01,SKU-402,282,282,17.7,NORMAL
353,20260429,WH_CH_01,SKU-101,976,1021,37.8,NORMAL
354,20260429,WH_CH_01,SKU-102,605,626,44.8,NORMAL
355,20260429,WH_CH_01,SKU-103,650,658,36.6,NORMAL
356,20260429,WH_CH_01,SKU-201,559,544,36.3,NORMAL
357,20260429,WH_CH_01,SKU-202,640,671,42.0,NORMAL
358,20260429,WH_CH_01,SKU-203,929,893,38.8,NORMAL
359,20260429,WH_CH_01,SKU-301,420,429,25.3,NORMAL
360,20260429,WH_CH_01,SKU-302,279,284,15.0,NORMAL
361,20260429,WH_CH_01,SKU-303,472,465,19.4,NORMAL
362,20260429,WH_CH_01,SKU-401,366,386,16.1,NORMAL
363,20260429,WH_CH_01,SKU-402,769,804,33.5,NORMAL
364,20260429,WH_CH_01,SKU-101,443,457,21.8,NORMAL
365,20260429,WH_CH_01,SKU-102,186,185,8.9,WARNING
366,20260429,WH_CH_01,SKU-103,706,697,31.7,NORMAL
367,20260429,WH_CH_01,SKU-201,406,427,30.5,NORMAL
368,20260429,WH_CH_01,SKU-202,356,353,16.1,NORMAL
369,20260429,WH_CH_01,SKU-203,511,491,24.6,NORMAL
370,20260429,WH_CH_01,SKU-301,151,158,8.3,WARNING
371,20260429,WH_CH_01,SKU-302,615,637,35.4,NORMAL
372,20260429,WH_CH_01,SKU-303,315,313,19.6,NORMAL
373,20260429,WH_CH_01,SKU-401,743,716,39.8,NORMAL
374,20260429,WH_CH_01,SKU-402,607,591,28.2,NORMAL
375,20260429,WH_CH_01,SKU-101,813,793,37.8,NORMAL
376,20260429,WH_CH_01,SKU-102,424,433,17.3,NORMAL
377,20260429,WH_CH_01,SKU-103,418,432,21.6,NORMAL
378,20260429,WH_CH_01,SKU-201,638,671,39.5,NORMAL
379,20260429,WH_CH_01,SKU-202,219,215,10.2,WARNING
380,20260429,WH_CH_01,SKU-203,595,575,25.0,NORMAL
381,20260429,WH_CH_01,SKU-301,186,181,12.1,WARNING
382,20260429,WH_CH_01,SKU-302,469,490,30.7,NORMAL
383,20260429,WH_CH_01,SKU-303,64,63,7.0,WARNING
384,20260429,WH_CH_01,SKU-401,342,332,15.9,NORMAL
385,20260429,WH_CH_01,SKU-402,471,484,24.2,NORMAL
386,20260429,WH_CH_01,SKU-101,265,273,19.5,NORMAL
387,20260429,WH_CH_01,SKU-102,400,407,14.6,NORMAL
388,20260429,WH_CH_01,SKU-103,721,707,29.5,NORMAL
389,20260429,WH_CH_01,SKU-201,778,744,33.9,NORMAL
390,20260429,WH_CH_01,SKU-202,137,140,7.8,WARNING
391,20260429,WH_CH_01,SKU-203,778,751,34.2,NORMAL
392,20260429,WH_CH_01,SKU-301,891,871,39.6,NORMAL
393,20260429,WH_CH_01,SKU-302,470,454,25.2,NORMAL
394,20260429,WH_CH_01,SKU-303,606,637,39.9,NORMAL
395,20260429,WH_CH_01,SKU-401,683,710,26.3,NORMAL
396,20260429,WH_CH_01,SKU-402,1157,1137,42.1,NORMAL
397,20260429,WH_CH_01,SKU-101,386,382,25.5,NORMAL
398,20260429,WH_CH_01,SKU-102,987,944,33.7,NORMAL
399,20260429,WH_CH_01,SKU-103,351,344,23.0,NORMAL
400,20260429,WH_CH_01,SKU-201,142,136,8.0,WARNING
401,20260429,WH_CH_01,SKU-202,1135,1124,45.0,NORMAL
402,20260429,WH_CH_01,SKU-203,553,544,21.8,NORMAL
403,20260429,WH_CH_01,SKU-301,300,309,23.8,NORMAL
404,20260429,WH_CH_01,SKU-302,472,465,27.4,NORMAL
405,20260429,WH_CH_01,SKU-303,190,193,8.4,WARNING
406,20260429,WH_CH_01,SKU-401,443,463,22.1,NORMAL
407,20260429,WH_CH_01,SKU-402,320,323,14.1,NORMAL
408,20260429,WH_CH_01,SKU-101,476,467,24.6,NORMAL
409,20260429,WH_CH_01,SKU-102,328,333,18.5,NORMAL
410,20260429,WH_CH_01,SKU-103,727,723,34.5,NORMAL
411,20260429,WH_CH_01,SKU-201,625,615,25.7,NORMAL
412,20260429,WH_CH_01,SKU-202,467,491,30.7,NORMAL
413,20260429,WH_CH_01,SKU-203,862,831,43.8,NORMAL
414,20260429,WH_CH_01,SKU-301,150,155,9.1,WARNING
415,20260429,WH_CH_01,SKU-302,420,403,16.8,NORMAL
416,20260429,WH_CH_01,SKU-303,327,334,23.9,NORMAL
417,20260429,WH_CH_01,SKU-401,226,232,9.3,WARNING
418,20260429,WH_CH_01,SKU-402,585,577,26.3,NORMAL
419,20260429,WH_CH_01,SKU-101,1071,1023,42.7,NORMAL
420,20260429,WH_CH_01,SKU-102,1155,1110,39.7,NORMAL
421,20260429,WH_CH_01,SKU-103,383,374,19.7,NORMAL
422,20260429,WH_CH_01,SKU-201,459,455,28.5,NORMAL
423,20260429,WH_CH_01,SKU-202,1077,1069,36.9,NORMAL
424,20260429,WH_CH_01,SKU-203,389,374,15.0,NORMAL
425,20260429,WH_CH_01,SKU-301,561,569,24.8,NORMAL
426,20260429,WH_CH_01,SKU-302,506,509,24.3,NORMAL
427,20260429,WH_CH_01,SKU-303,880,867,43.4,NORMAL
428,20260429,WH_CH_01,SKU-401,766,801,30.8,NORMAL
429,20260429,WH_CH_01,SKU-402,317,308,22.0,NORMAL
430,20260429,WH_CH_01,SKU-101,889,922,43.9,NORMAL
431,20260429,WH_CH_01,SKU-102,344,353,18.6,NORMAL
432,20260429,WH_CH_01,SKU-103,573,571,23.8,NORMAL
433,20260429,WH_CH_01,SKU-201,290,279,14.7,NORMAL
434,20260429,WH_CH_01,SKU-202,1011,1034,43.1,NORMAL
435,20260429,WH_CH_01,SKU-203,218,210,17.5,NORMAL
436,20260429,WH_CH_01,SKU-301,344,348,18.4,NORMAL
437,20260429,WH_CH_01,SKU-302,859,869,29.0,NORMAL
438,20260429,WH_CH_01,SKU-303,577,566,23.6,NORMAL
439,20260429,WH_CH_01,SKU-401,642,642,33.8,NORMAL
440,20260429,WH_CH_01,SKU-402,842,824,29.4,NORMAL
441,20260506,WH_CH_01,SKU-101,303,295,24.6,NORMAL
442,20260506,WH_CH_01,SKU-102,470,479,31.9,NORMAL
443,20260506,WH_CH_01,SKU-103,473,491,30.7,NORMAL
444,20260506,WH_CH_01,SKU-201,166,174,19.3,NORMAL
445,20260506,WH_CH_01,SKU-202,83,87,8.0,WARNING
446,20260506,WH_CH_01,SKU-203,718,726,42.7,NORMAL
447,20260506,WH_CH_01,SKU-301,145,140,7.0,WARNING
448,20260506,WH_CH_01,SKU-302,606,629,45.0,NORMAL
449,20260506,WH_CH_01,SKU-303,158,156,8.2,WARNING
450,20260506,WH_CH_01,SKU-401,162,156,13.1,WARNING
451,20260506,WH_CH_01,SKU-402,432,439,29.3,NORMAL
452,20260506,WH_CH_01,SKU-101,679,673,35.4,NORMAL
453,20260506,WH_CH_01,SKU-102,545,531,29.6,NORMAL
454,20260506,WH_CH_01,SKU-103,261,257,15.1,NORMAL
455,20260506,WH_CH_01,SKU-201,319,323,19.0,NORMAL
456,20260506,WH_CH_01,SKU-202,1011,1022,36.5,NORMAL
457,20260506,WH_CH_01,SKU-203,221,212,8.5,WARNING
458,20260506,WH_CH_01,SKU-301,463,484,40.4,NORMAL
459,20260506,WH_CH_01,SKU-302,954,934,44.5,NORMAL
460,20260506,WH_CH_01,SKU-303,585,574,33.8,NORMAL
461,20260506,WH_CH_01,SKU-401,280,277,11.1,WARNING
462,20260506,WH_CH_01,SKU-402,1362,1305,43.5,NORMAL
463,20260506,WH_CH_01,SKU-101,265,276,12.0,WARNING
464,20260506,WH_CH_01,SKU-102,543,528,18.9,NORMAL
465,20260506,WH_CH_01,SKU-103,798,812,40.6,NORMAL
466,20260506,WH_CH_01,SKU-201,616,598,26.0,NORMAL
467,20260506,WH_CH_01,SKU-202,523,501,41.8,NORMAL
468,20260506,WH_CH_01,SKU-203,526,552,34.5,NORMAL
469,20260506,WH_CH_01,SKU-301,547,565,28.3,NORMAL
470,20260506,WH_CH_01,SKU-302,622,609,30.5,NORMAL
471,20260506,WH_CH_01,SKU-303,300,300,16.7,NORMAL
472,20260506,WH_CH_01,SKU-401,589,576,33.9,NORMAL
473,20260506,WH_CH_01,SKU-402,464,488,32.6,NORMAL
474,20260506,WH_CH_01,SKU-101,228,237,21.6,NORMAL
475,20260506,WH_CH_01,SKU-102,398,390,43.4,NORMAL
476,20260506,WH_CH_01,SKU-103,623,610,30.5,NORMAL
477,20260506,WH_CH_01,SKU-201,208,211,12.5,WARNING
478,20260506,WH_CH_01,SKU-202,462,468,39.0,NORMAL
479,20260506,WH_CH_01,SKU-203,641,659,26.4,NORMAL
480,20260506,WH_CH_01,SKU-301,940,929,33.2,NORMAL
481,20260506,WH_CH_01,SKU-302,459,443,23.4,NORMAL
482,20260506,WH_CH_01,SKU-303,136,131,7.7,WARNING
483,20260506,WH_CH_01,SKU-401,747,746,41.5,NORMAL
484,20260506,WH_CH_01,SKU-402,566,544,25.9,NORMAL
485,20260506,WH_CH_01,SKU-101,168,171,8.2,WARNING
486,20260506,WH_CH_01,SKU-102,634,633,30.2,NORMAL
487,20260506,WH_CH_01,SKU-103,881,880,36.7,NORMAL
488,20260506,WH_CH_01,SKU-201,287,287,19.2,NORMAL
489,20260506,WH_CH_01,SKU-202,683,674,32.1,NORMAL
490,20260506,WH_CH_01,SKU-203,445,439,18.3,NORMAL
491,20260506,WH_CH_01,SKU-301,126,129,9.2,WARNING
492,20260506,WH_CH_01,SKU-302,816,787,31.5,NORMAL
493,20260506,WH_CH_01,SKU-303,1036,1017,44.2,NORMAL
494,20260506,WH_CH_01,SKU-401,849,867,41.3,NORMAL
495,20260506,WH_CH_01,SKU-402,505,498,38.4,NORMAL
496,20260506,WH_CH_01,SKU-101,392,392,26.2,NORMAL
497,20260506,WH_CH_01,SKU-102,329,343,19.1,NORMAL
498,20260506,WH_CH_01,SKU-103,526,543,32.0,NORMAL
499,20260506,WH_CH_01,SKU-201,419,425,32.7,NORMAL
500,20260506,WH_CH_01,SKU-202,117,115,7.2,WARNING
501,20260506,WH_CH_01,SKU-203,696,676,35.6,NORMAL
502,20260506,WH_CH_01,SKU-301,259,256,19.7,NORMAL
503,20260506,WH_CH_01,SKU-302,717,697,29.1,NORMAL
504,20260506,WH_CH_01,SKU-303,552,532,26.6,NORMAL
505,20260506,WH_CH_01,SKU-401,195,189,11.9,WARNING
506,20260506,WH_CH_01,SKU-402,876,841,44.3,NORMAL
507,20260506,WH_CH_01,SKU-101,1365,1389,40.9,NORMAL
508,20260506,WH_CH_01,SKU-102,565,548,27.4,NORMAL
509,20260506,WH_CH_01,SKU-103,372,357,19.9,NORMAL
510,20260506,WH_CH_01,SKU-201,176,170,17.1,NORMAL
511,20260506,WH_CH_01,SKU-202,302,291,22.5,NORMAL
512,20260506,WH_CH_01,SKU-203,201,193,12.1,WARNING
513,20260506,WH_CH_01,SKU-301,485,493,23.5,NORMAL
514,20260506,WH_CH_01,SKU-302,682,692,43.3,NORMAL
515,20260506,WH_CH_01,SKU-303,1089,1106,42.6,NORMAL
516,20260506,WH_CH_01,SKU-401,630,617,34.3,NORMAL
517,20260506,WH_CH_01,SKU-402,158,162,8.1,WARNING
518,20260506,WH_CH_01,SKU-101,517,507,28.2,NORMAL
519,20260506,WH_CH_01,SKU-102,793,834,36.3,NORMAL
520,20260506,WH_CH_01,SKU-103,800,798,34.7,NORMAL
521,20260506,WH_CH_01,SKU-201,154,159,8.4,WARNING
522,20260506,WH_CH_01,SKU-202,460,472,21.5,NORMAL
523,20260506,WH_CH_01,SKU-203,476,459,23.0,NORMAL
524,20260506,WH_CH_01,SKU-301,307,309,15.5,NORMAL
525,20260506,WH_CH_01,SKU-302,995,1014,44.1,NORMAL
526,20260506,WH_CH_01,SKU-303,835,812,40.6,NORMAL
527,20260506,WH_CH_01,SKU-401,663,648,38.1,NORMAL
528,20260506,WH_CH_01,SKU-402,594,592,34.9,NORMAL
529,20260513,WH_CH_01,SKU-101,457,481,15.5,NORMAL
530,20260513,WH_CH_01,SKU-102,638,666,41.6,NORMAL
531,20260513,WH_CH_01,SKU-103,369,367,17.5,NORMAL
532,20260513,WH_CH_01,SKU-201,339,350,18.5,NORMAL
533,20260513,WH_CH_01,SKU-202,122,125,8.4,WARNING
534,20260513,WH_CH_01,SKU-203,210,215,9.8,WARNING
535,20260513,WH_CH_01,SKU-301,490,480,22.9,NORMAL
536,20260513,WH_CH_01,SKU-302,600,608,43.4,NORMAL
537,20260513,WH_CH_01,SKU-303,171,176,8.8,WARNING
538,20260513,WH_CH_01,SKU-401,629,643,35.8,NORMAL
539,20260513,WH_CH_01,SKU-402,290,304,21.7,NORMAL
540,20260513,WH_CH_01,SKU-101,507,530,26.5,NORMAL
541,20260513,WH_CH_01,SKU-102,166,174,9.2,WARNING
542,20260513,WH_CH_01,SKU-103,771,765,42.5,NORMAL
543,20260513,WH_CH_01,SKU-201,347,361,21.2,NORMAL
544,20260513,WH_CH_01,SKU-202,139,143,9.0,WARNING
545,20260513,WH_CH_01,SKU-203,544,527,32.9,NORMAL
546,20260513,WH_CH_01,SKU-301,918,961,41.8,NORMAL
547,20260513,WH_CH_01,SKU-302,314,317,21.2,NORMAL
548,20260513,WH_CH_01,SKU-303,439,421,26.3,NORMAL
549,20260513,WH_CH_01,SKU-401,596,609,33.8,NORMAL
550,20260513,WH_CH_01,SKU-402,569,552,34.5,NORMAL
551,20260513,WH_CH_01,SKU-101,379,394,18.8,NORMAL
552,20260513,WH_CH_01,SKU-102,227,224,8.0,WARNING
553,20260513,WH_CH_01,SKU-103,857,859,34.4,NORMAL
554,20260513,WH_CH_01,SKU-201,397,417,27.8,NORMAL
555,20260513,WH_CH_01,SKU-202,269,274,12.5,WARNING
556,20260513,WH_CH_01,SKU-203,787,827,39.4,NORMAL
557,20260513,WH_CH_01,SKU-301,355,351,27.1,NORMAL
558,20260513,WH_CH_01,SKU-302,686,717,37.8,NORMAL
559,20260513,WH_CH_01,SKU-303,125,127,7.5,WARNING
560,20260513,WH_CH_01,SKU-401,552,572,38.2,NORMAL
561,20260513,WH_CH_01,SKU-402,467,465,19.4,NORMAL
562,20260513,WH_CH_01,SKU-101,792,787,41.5,NORMAL
563,20260513,WH_CH_01,SKU-102,154,150,12.5,WARNING
564,20260513,WH_CH_01,SKU-103,273,284,11.0,WARNING
565,20260513,WH_CH_01,SKU-201,298,313,19.6,NORMAL
566,20260513,WH_CH_01,SKU-202,777,784,31.4,NORMAL
567,20260513,WH_CH_01,SKU-203,665,653,36.3,NORMAL
568,20260513,WH_CH_01,SKU-301,120,126,7.0,WARNING
569,20260513,WH_CH_01,SKU-302,533,517,23.5,NORMAL
570,20260513,WH_CH_01,SKU-303,270,262,13.1,WARNING
571,20260513,WH_CH_01,SKU-401,659,664,31.7,NORMAL
572,20260513,WH_CH_01,SKU-402,193,192,9.2,WARNING
573,20260513,WH_CH_01,SKU-101,737,709,29.6,NORMAL
574,20260513,WH_CH_01,SKU-102,514,498,33.2,NORMAL
575,20260513,WH_CH_01,SKU-103,985,966,38.7,NORMAL
576,20260513,WH_CH_01,SKU-201,174,179,13.8,WARNING
577,20260513,WH_CH_01,SKU-202,352,365,19.2,NORMAL
578,20260513,WH_CH_01,SKU-203,435,424,25.0,NORMAL
579,20260513,WH_CH_01,SKU-301,324,340,17.9,NORMAL
580,20260513,WH_CH_01,SKU-302,833,824,37.5,NORMAL
581,20260513,WH_CH_01,SKU-303,476,462,30.8,NORMAL
582,20260513,WH_CH_01,SKU-401,227,235,9.8,WARNING
583,20260513,WH_CH_01,SKU-402,330,318,24.5,NORMAL
584,20260513,WH_CH_01,SKU-101,201,205,7.9,WARNING
585,20260513,WH_CH_01,SKU-102,857,823,37.4,NORMAL
586,20260513,WH_CH_01,SKU-103,231,227,12.6,WARNING
587,20260513,WH_CH_01,SKU-201,719,721,31.4,NORMAL
588,20260513,WH_CH_01,SKU-202,998,961,43.7,NORMAL
589,20260513,WH_CH_01,SKU-203,664,691,28.8,NORMAL
590,20260513,WH_CH_01,SKU-301,568,562,37.5,NORMAL
591,20260513,WH_CH_01,SKU-302,366,369,19.4,NORMAL
592,20260513,WH_CH_01,SKU-303,222,222,11.1,WARNING
593,20260513,WH_CH_01,SKU-401,1170,1169,45.0,NORMAL
594,20260513,WH_CH_01,SKU-402,236,233,15.6,NORMAL
595,20260513,WH_CH_01,SKU-101,159,163,9.6,WARNING
596,20260513,WH_CH_01,SKU-102,451,440,33.9,NORMAL
597,20260513,WH_CH_01,SKU-103,189,197,18.0,NORMAL
598,20260513,WH_CH_01,SKU-201,580,559,31.1,NORMAL
599,20260513,WH_CH_01,SKU-202,247,238,12.5,WARNING
600,20260513,WH_CH_01,SKU-203,161,165,11.0,WARNING
601,20260513,WH_CH_01,SKU-301,701,693,28.9,NORMAL
602,20260513,WH_CH_01,SKU-302,714,742,35.3,NORMAL
603,20260513,WH_CH_01,SKU-303,623,629,39.3,NORMAL
604,20260513,WH_CH_01,SKU-401,786,804,42.4,NORMAL
605,20260513,WH_CH_01,SKU-402,555,536,26.8,NORMAL
606,20260513,WH_CH_01,SKU-101,676,707,41.6,NORMAL
607,20260513,WH_CH_01,SKU-102,330,327,13.7,WARNING
608,20260513,WH_CH_01,SKU-103,202,195,8.5,WARNING
609,20260513,WH_CH_01,SKU-201,566,595,25.9,NORMAL
610,20260513,WH_CH_01,SKU-202,465,479,26.7,NORMAL
611,20260513,WH_CH_01,SKU-203,681,697,29.1,NORMAL
612,20260513,WH_CH_01,SKU-301,585,590,31.1,NORMAL
613,20260513,WH_CH_01,SKU-302,578,584,29.2,NORMAL
614,20260513,WH_CH_01,SKU-303,742,712,35.6,NORMAL
615,20260513,WH_CH_01,SKU-401,654,662,41.4,NORMAL
616,20260513,WH_CH_01,SKU-402,799,815,37.1,NORMAL
617,20260520,WH_CH_01,SKU-101,440,427,28.5,NORMAL
618,20260520,WH_CH_01,SKU-102,359,357,18.8,NORMAL
619,20260520,WH_CH_01,SKU-103,615,633,39.6,NORMAL
620,20260520,WH_CH_01,SKU-201,198,207,8.3,WARNING
621,20260520,WH_CH_01,SKU-202,746,732,31.9,NORMAL
622,20260520,WH_CH_01,SKU-203,419,402,22.3,NORMAL
623,20260520,WH_CH_01,SKU-301,361,355,20.9,NORMAL
624,20260520,WH_CH_01,SKU-302,646,631,24.3,NORMAL
625,20260520,WH_CH_01,SKU-303,669,644,23.9,NORMAL
626,20260520,WH_CH_01,SKU-401,766,744,41.4,NORMAL
627,20260520,WH_CH_01,SKU-402,339,326,20.4,NORMAL
628,20260520,WH_CH_01,SKU-101,662,670,33.5,NORMAL
629,20260520,WH_CH_01,SKU-102,579,555,25.3,NORMAL
630,20260520,WH_CH_01,SKU-103,589,620,32.7,NORMAL
631,20260520,WH_CH_01,SKU-201,231,226,13.3,WARNING
632,20260520,WH_CH_01,SKU-202,264,262,16.4,NORMAL
633,20260520,WH_CH_01,SKU-203,710,688,29.9,NORMAL
634,20260520,WH_CH_01,SKU-301,240,250,19.3,NORMAL
635,20260520,WH_CH_01,SKU-302,765,802,38.2,NORMAL
636,20260520,WH_CH_01,SKU-303,389,381,29.4,NORMAL
637,20260520,WH_CH_01,SKU-401,733,734,43.2,NORMAL
638,20260520,WH_CH_01,SKU-402,226,231,9.6,WARNING
639,20260520,WH_CH_01,SKU-101,288,284,17.8,NORMAL
640,20260520,WH_CH_01,SKU-102,186,179,11.2,WARNING
641,20260520,WH_CH_01,SKU-103,232,239,9.6,WARNING
642,20260520,WH_CH_01,SKU-201,337,336,12.9,WARNING
643,20260520,WH_CH_01,SKU-202,483,490,28.9,NORMAL
644,20260520,WH_CH_01,SKU-203,310,303,21.7,NORMAL
645,20260520,WH_CH_01,SKU-301,303,306,23.6,NORMAL
646,20260520,WH_CH_01,SKU-302,616,627,39.2,NORMAL
647,20260520,WH_CH_01,SKU-303,376,361,17.2,NORMAL
648,20260520,WH_CH_01,SKU-401,527,510,23.2,NORMAL
649,20260520,WH_CH_01,SKU-402,680,685,29.8,NORMAL
650,20260520,WH_CH_01,SKU-101,271,276,19.8,NORMAL
651,20260520,WH_CH_01,SKU-102,560,576,30.3,NORMAL
652,20260520,WH_CH_01,SKU-103,101,102,7.9,WARNING
653,20260520,WH_CH_01,SKU-201,673,699,36.8,NORMAL
654,20260520,WH_CH_01,SKU-202,227,217,8.0,WARNING
655,20260520,WH_CH_01,SKU-203,308,302,17.8,NORMAL
656,20260520,WH_CH_01,SKU-301,223,219,11.0,WARNING
657,20260520,WH_CH_01,SKU-302,427,415,26.0,NORMAL
658,20260520,WH_CH_01,SKU-303,633,657,38.7,NORMAL
659,20260520,WH_CH_01,SKU-401,460,478,19.2,NORMAL
660,20260520,WH_CH_01,SKU-402,606,623,39.0,NORMAL
661,20260520,WH_CH_01,SKU-101,352,339,22.7,NORMAL
662,20260520,WH_CH_01,SKU-102,394,398,14.8,NORMAL
663,20260520,WH_CH_01,SKU-103,641,636,26.5,NORMAL
664,20260520,WH_CH_01,SKU-201,557,581,44.7,NORMAL
665,20260520,WH_CH_01,SKU-202,554,550,27.5,NORMAL
666,20260520,WH_CH_01,SKU-203,458,458,21.8,NORMAL
667,20260520,WH_CH_01,SKU-301,275,290,17.1,NORMAL
668,20260520,WH_CH_01,SKU-302,191,195,11.5,WARNING
669,20260520,WH_CH_01,SKU-303,195,197,12.3,WARNING
670,20260520,WH_CH_01,SKU-401,455,465,22.2,NORMAL
671,20260520,WH_CH_01,SKU-402,475,469,29.4,NORMAL
672,20260520,WH_CH_01,SKU-101,224,224,15.0,NORMAL
673,20260520,WH_CH_01,SKU-102,671,700,36.9,NORMAL
674,20260520,WH_CH_01,SKU-103,1256,1273,36.4,NORMAL
675,20260520,WH_CH_01,SKU-201,542,552,21.2,NORMAL
676,20260520,WH_CH_01,SKU-202,395,410,27.3,NORMAL
677,20260520,WH_CH_01,SKU-203,281,288,15.2,NORMAL
678,20260520,WH_CH_01,SKU-301,468,485,24.3,NORMAL
679,20260520,WH_CH_01,SKU-302,711,734,40.8,NORMAL
680,20260520,WH_CH_01,SKU-303,587,600,25.0,NORMAL
681,20260520,WH_CH_01,SKU-401,541,559,32.9,NORMAL
682,20260520,WH_CH_01,SKU-402,672,672,30.6,NORMAL
683,20260520,WH_CH_01,SKU-101,325,335,24.0,NORMAL
684,20260520,WH_CH_01,SKU-102,196,188,10.5,WARNING
685,20260520,WH_CH_01,SKU-103,826,841,38.3,NORMAL
686,20260520,WH_CH_01,SKU-201,748,732,34.9,NORMAL
687,20260520,WH_CH_01,SKU-202,344,349,16.6,NORMAL
688,20260520,WH_CH_01,SKU-203,477,462,33.0,NORMAL
689,20260520,WH_CH_01,SKU-301,722,695,38.6,NORMAL
690,20260520,WH_CH_01,SKU-302,652,634,33.4,NORMAL
691,20260520,WH_CH_01,SKU-303,739,745,35.5,NORMAL
692,20260520,WH_CH_01,SKU-401,364,361,16.4,NORMAL
693,20260520,WH_CH_01,SKU-402,810,801,44.5,NORMAL
694,20260520,WH_CH_01,SKU-101,557,579,20.0,NORMAL
695,20260520,WH_CH_01,SKU-102,238,236,11.8,WARNING
696,20260520,WH_CH_01,SKU-103,367,371,18.6,NORMAL
697,20260520,WH_CH_01,SKU-201,589,596,31.4,NORMAL
698,20260520,WH_CH_01,SKU-202,126,129,7.6,WARNING
699,20260520,WH_CH_01,SKU-203,766,790,27.2,NORMAL
700,20260520,WH_CH_01,SKU-301,397,410,16.4,NORMAL
701,20260520,WH_CH_01,SKU-302,883,908,43.3,NORMAL
702,20260520,WH_CH_01,SKU-303,186,187,9.4,WARNING
703,20260520,WH_CH_01,SKU-401,257,262,15.5,NORMAL
704,20260520,WH_CH_01,SKU-402,829,795,44.2,NORMAL
705,20260527,WH_CH_01,SKU-101,676,697,33.2,NORMAL
706,20260527,WH_CH_01,SKU-102,278,293,16.3,NORMAL
707,20260527,WH_CH_01,SKU-103,255,267,10.3,WARNING
708,20260527,WH_CH_01,SKU-201,333,331,23.7,NORMAL
709,20260527,WH_CH_01,SKU-202,385,393,23.1,NORMAL
710,20260527,WH_CH_01,SKU-203,442,429,15.9,NORMAL
711,20260527,WH_CH_01,SKU-301,1121,1100,44.0,NORMAL
712,20260527,WH_CH_01,SKU-302,299,310,18.3,NORMAL
713,20260527,WH_CH_01,SKU-303,643,652,38.4,NORMAL
714,20260527,WH_CH_01,SKU-401,580,566,31.5,NORMAL
715,20260527,WH_CH_01,SKU-402,400,392,21.8,NORMAL
716,20260527,WH_CH_01,SKU-101,360,347,23.2,NORMAL
717,20260527,WH_CH_01,SKU-102,300,298,22.9,NORMAL
718,20260527,WH_CH_01,SKU-103,935,947,43.1,NORMAL
719,20260527,WH_CH_01,SKU-201,411,426,21.3,NORMAL
720,20260527,WH_CH_01,SKU-202,531,512,24.4,NORMAL
721,20260527,WH_CH_01,SKU-203,383,390,30.0,NORMAL
722,20260527,WH_CH_01,SKU-301,185,195,10.3,WARNING
723,20260527,WH_CH_01,SKU-302,655,626,23.2,NORMAL
724,20260527,WH_CH_01,SKU-303,673,658,26.3,NORMAL
725,20260527,WH_CH_01,SKU-401,541,560,24.4,NORMAL
726,20260527,WH_CH_01,SKU-402,547,572,30.1,NORMAL
727,20260527,WH_CH_01,SKU-101,537,542,36.2,NORMAL
728,20260527,WH_CH_01,SKU-102,426,429,28.6,NORMAL
729,20260527,WH_CH_01,SKU-103,864,899,32.1,NORMAL
730,20260527,WH_CH_01,SKU-201,281,279,15.5,NORMAL
731,20260527,WH_CH_01,SKU-202,410,403,26.9,NORMAL
732,20260527,WH_CH_01,SKU-203,209,218,15.6,NORMAL
733,20260527,WH_CH_01,SKU-301,171,167,10.4,WARNING
734,20260527,WH_CH_01,SKU-302,850,862,43.1,NORMAL
735,20260527,WH_CH_01,SKU-303,240,241,16.1,NORMAL
736,20260527,WH_CH_01,SKU-401,566,551,32.4,NORMAL
737,20260527,WH_CH_01,SKU-402,263,262,11.4,WARNING
738,20260527,WH_CH_01,SKU-101,424,432,27.0,NORMAL
739,20260527,WH_CH_01,SKU-102,1087,1060,44.2,NORMAL
740,20260527,WH_CH_01,SKU-103,318,312,28.4,NORMAL
741,20260527,WH_CH_01,SKU-201,409,419,21.0,NORMAL
742,20260527,WH_CH_01,SKU-202,262,272,9.4,WARNING
743,20260527,WH_CH_01,SKU-203,980,951,36.6,NORMAL
744,20260527,WH_CH_01,SKU-301,330,343,13.7,WARNING
745,20260527,WH_CH_01,SKU-302,591,592,28.2,NORMAL
746,20260527,WH_CH_01,SKU-303,176,173,8.2,WARNING
747,20260527,WH_CH_01,SKU-401,436,416,27.8,NORMAL
748,20260527,WH_CH_01,SKU-402,730,760,30.4,NORMAL
749,20260527,WH_CH_01,SKU-101,550,551,30.7,NORMAL
750,20260527,WH_CH_01,SKU-102,268,260,17.4,NORMAL
751,20260527,WH_CH_01,SKU-103,174,179,8.5,WARNING
752,20260527,WH_CH_01,SKU-201,746,749,28.8,NORMAL
753,20260527,WH_CH_01,SKU-202,678,692,31.5,NORMAL
754,20260527,WH_CH_01,SKU-203,504,488,19.5,NORMAL
755,20260527,WH_CH_01,SKU-301,202,199,10.0,WARNING
756,20260527,WH_CH_01,SKU-302,228,232,10.6,WARNING
757,20260527,WH_CH_01,SKU-303,438,460,28.8,NORMAL
758,20260527,WH_CH_01,SKU-401,381,367,17.5,NORMAL
759,20260527,WH_CH_01,SKU-402,216,209,13.1,WARNING
760,20260527,WH_CH_01,SKU-101,514,516,27.2,NORMAL
761,20260527,WH_CH_01,SKU-102,863,899,37.5,NORMAL
762,20260527,WH_CH_01,SKU-103,880,905,41.2,NORMAL
763,20260527,WH_CH_01,SKU-201,434,452,21.5,NORMAL
764,20260527,WH_CH_01,SKU-202,847,885,38.5,NORMAL
765,20260527,WH_CH_01,SKU-203,875,882,35.3,NORMAL
766,20260527,WH_CH_01,SKU-301,863,901,36.1,NORMAL
767,20260527,WH_CH_01,SKU-302,645,633,30.2,NORMAL
768,20260527,WH_CH_01,SKU-303,188,186,11.6,WARNING
769,20260527,WH_CH_01,SKU-401,1051,1021,39.3,NORMAL
770,20260527,WH_CH_01,SKU-402,468,448,22.4,NORMAL
771,20260527,WH_CH_01,SKU-101,157,162,10.2,WARNING
772,20260527,WH_CH_01,SKU-102,1067,1067,44.5,NORMAL
773,20260527,WH_CH_01,SKU-103,837,866,43.3,NORMAL
774,20260527,WH_CH_01,SKU-201,461,455,22.8,NORMAL
775,20260527,WH_CH_01,SKU-202,587,571,26.0,NORMAL
776,20260527,WH_CH_01,SKU-203,348,359,18.9,NORMAL
777,20260527,WH_CH_01,SKU-301,368,385,27.6,NORMAL
778,20260527,WH_CH_01,SKU-302,627,657,38.7,NORMAL
779,20260527,WH_CH_01,SKU-303,227,220,13.8,WARNING
780,20260527,WH_CH_01,SKU-401,886,912,38.0,NORMAL
781,20260527,WH_CH_01,SKU-402,714,743,32.3,NORMAL
782,20260527,WH_CH_01,SKU-101,104,105,11.7,WARNING
783,20260527,WH_CH_01,SKU-102,424,425,25.0,NORMAL
784,20260527,WH_CH_01,SKU-103,481,469,20.4,NORMAL
785,20260527,WH_CH_01,SKU-201,290,299,12.5,WARNING
786,20260527,WH_CH_01,SKU-202,602,583,32.4,NORMAL
787,20260527,WH_CH_01,SKU-203,314,314,21.0,NORMAL
788,20260527,WH_CH_01,SKU-301,457,462,30.8,NORMAL
789,20260527,WH_CH_01,SKU-302,414,423,28.2,NORMAL
790,20260527,WH_CH_01,SKU-303,259,260,16.3,NORMAL
791,20260527,WH_CH_01,SKU-401,723,745,37.3,NORMAL
792,20260527,WH_CH_01,SKU-402,513,530,19.7,NORMAL
793,20260603,WH_CH_01,SKU-101,456,478,28.2,NORMAL
794,20260603,WH_CH_01,SKU-102,456,475,17.6,NORMAL
795,20260603,WH_CH_01,SKU-103,867,842,40.1,NORMAL
796,20260603,WH_CH_01,SKU-201,453,466,21.2,NORMAL
797,20260603,WH_CH_01,SKU-202,646,620,29.6,NORMAL
798,20260603,WH_CH_01,SKU-203,578,569,31.6,NORMAL
799,20260603,WH_CH_01,SKU-301,287,274,12.5,WARNING
800,20260603,WH_CH_01,SKU-302,714,697,36.7,NORMAL
801,20260603,WH_CH_01,SKU-303,797,767,28.4,NORMAL
802,20260603,WH_CH_01,SKU-401,186,181,7.9,WARNING
803,20260603,WH_CH_01,SKU-402,446,440,17.6,NORMAL
804,20260603,WH_CH_01,SKU-101,381,366,21.5,NORMAL
805,20260603,WH_CH_01,SKU-102,336,331,20.7,NORMAL
806,20260603,WH_CH_01,SKU-103,462,469,36.1,NORMAL
807,20260603,WH_CH_01,SKU-201,454,476,31.8,NORMAL
808,20260603,WH_CH_01,SKU-202,433,455,26.8,NORMAL
809,20260603,WH_CH_01,SKU-203,255,247,14.6,NORMAL
810,20260603,WH_CH_01,SKU-301,909,919,41.8,NORMAL
811,20260603,WH_CH_01,SKU-302,452,460,28.8,NORMAL
812,20260603,WH_CH_01,SKU-303,331,325,18.1,NORMAL
813,20260603,WH_CH_01,SKU-401,479,486,22.1,NORMAL
814,20260603,WH_CH_01,SKU-402,286,292,17.2,NORMAL
815,20260603,WH_CH_01,SKU-101,482,462,22.0,NORMAL
816,20260603,WH_CH_01,SKU-102,744,773,29.7,NORMAL
817,20260603,WH_CH_01,SKU-103,615,604,26.3,NORMAL
818,20260603,WH_CH_01,SKU-201,429,420,22.1,NORMAL
819,20260603,WH_CH_01,SKU-202,976,999,41.7,NORMAL
820,20260603,WH_CH_01,SKU-203,631,616,23.7,NORMAL
821,20260603,WH_CH_01,SKU-301,724,721,32.8,NORMAL
822,20260603,WH_CH_01,SKU-302,254,250,14.8,NORMAL
823,20260603,WH_CH_01,SKU-303,512,505,26.6,NORMAL
824,20260603,WH_CH_01,SKU-401,479,503,21.9,NORMAL
825,20260603,WH_CH_01,SKU-402,386,388,21.6,NORMAL
826,20260603,WH_CH_01,SKU-101,159,158,9.4,WARNING
827,20260603,WH_CH_01,SKU-102,542,527,27.8,NORMAL
828,20260603,WH_CH_01,SKU-103,588,597,26.0,NORMAL
829,20260603,WH_CH_01,SKU-201,355,358,12.8,WARNING
830,20260603,WH_CH_01,SKU-202,725,721,34.3,NORMAL
831,20260603,WH_CH_01,SKU-203,515,534,26.7,NORMAL
832,20260603,WH_CH_01,SKU-301,444,441,34.0,NORMAL
833,20260603,WH_CH_01,SKU-302,554,565,28.3,NORMAL
834,20260603,WH_CH_01,SKU-303,530,517,24.6,NORMAL
835,20260603,WH_CH_01,SKU-401,840,857,40.8,NORMAL
836,20260603,WH_CH_01,SKU-402,490,481,34.4,NORMAL
837,20260603,WH_CH_01,SKU-101,575,549,30.5,NORMAL
838,20260603,WH_CH_01,SKU-102,169,177,8.1,WARNING
839,20260603,WH_CH_01,SKU-103,372,358,29.9,NORMAL
840,20260603,WH_CH_01,SKU-201,270,284,15.0,NORMAL
841,20260603,WH_CH_01,SKU-202,444,437,33.7,NORMAL
842,20260603,WH_CH_01,SKU-203,198,190,11.9,WARNING
843,20260603,WH_CH_01,SKU-301,308,318,19.9,NORMAL
844,20260603,WH_CH_01,SKU-302,521,513,25.7,NORMAL
845,20260603,WH_CH_01,SKU-303,817,792,44.0,NORMAL
846,20260603,WH_CH_01,SKU-401,361,373,31.1,NORMAL
847,20260603,WH_CH_01,SKU-402,301,313,14.9,NORMAL
848,20260603,WH_CH_01,SKU-101,399,390,16.3,NORMAL
849,20260603,WH_CH_01,SKU-102,940,923,40.2,NORMAL
850,20260603,WH_CH_01,SKU-103,605,623,34.6,NORMAL
851,20260603,WH_CH_01,SKU-201,555,550,27.5,NORMAL
852,20260603,WH_CH_01,SKU-202,475,474,22.6,NORMAL
853,20260603,WH_CH_01,SKU-203,583,557,23.2,NORMAL
854,20260603,WH_CH_01,SKU-301,251,259,20.0,NORMAL
855,20260603,WH_CH_01,SKU-302,295,302,13.7,WARNING
856,20260603,WH_CH_01,SKU-303,794,821,37.3,NORMAL
857,20260603,WH_CH_01,SKU-401,406,394,18.8,NORMAL
858,20260603,WH_CH_01,SKU-402,435,449,23.7,NORMAL
859,20260603,WH_CH_01,SKU-101,380,365,20.3,NORMAL
860,20260603,WH_CH_01,SKU-102,766,754,35.9,NORMAL
861,20260603,WH_CH_01,SKU-103,597,606,30.3,NORMAL
862,20260603,WH_CH_01,SKU-201,511,489,35.0,NORMAL
863,20260603,WH_CH_01,SKU-202,696,708,39.3,NORMAL
864,20260603,WH_CH_01,SKU-203,556,576,41.2,NORMAL
865,20260603,WH_CH_01,SKU-301,735,705,39.2,NORMAL
866,20260603,WH_CH_01,SKU-302,240,249,13.1,WARNING
867,20260603,WH_CH_01,SKU-303,420,421,14.1,NORMAL
868,20260603,WH_CH_01,SKU-401,1039,1038,39.9,NORMAL
869,20260603,WH_CH_01,SKU-402,465,486,23.2,NORMAL
870,20260603,WH_CH_01,SKU-101,247,257,14.3,NORMAL
871,20260603,WH_CH_01,SKU-102,584,599,35.3,NORMAL
872,20260603,WH_CH_01,SKU-103,519,546,39.0,NORMAL
873,20260603,WH_CH_01,SKU-201,246,257,15.1,NORMAL
874,20260603,WH_CH_01,SKU-202,1193,1175,39.2,NORMAL
875,20260603,WH_CH_01,SKU-203,550,543,21.7,NORMAL
876,20260603,WH_CH_01,SKU-301,1007,1010,38.9,NORMAL
877,20260603,WH_CH_01,SKU-302,407,402,26.8,NORMAL
878,20260603,WH_CH_01,SKU-303,596,595,22.9,NORMAL
879,20260603,WH_CH_01,SKU-401,581,559,43.0,NORMAL
880,20260603,WH_CH_01,SKU-402,400,406,17.7,NORMAL
881,20260610,WH_CH_01,SKU-101,254,250,19.3,NORMAL
882,20260610,WH_CH_01,SKU-102,520,505,28.1,NORMAL
883,20260610,WH_CH_01,SKU-103,182,191,11.9,WARNING
884,20260610,WH_CH_01,SKU-201,201,194,9.3,WARNING
885,20260610,WH_CH_01,SKU-202,173,180,9.0,WARNING
886,20260610,WH_CH_01,SKU-203,604,627,31.4,NORMAL
887,20260610,WH_CH_01,SKU-301,558,542,24.7,NORMAL
888,20260610,WH_CH_01,SKU-302,702,723,40.2,NORMAL
889,20260610,WH_CH_01,SKU-303,576,560,33.0,NORMAL
890,20260610,WH_CH_01,SKU-401,176,176,11.8,WARNING
891,20260610,WH_CH_01,SKU-402,113,119,7.0,WARNING
892,20260610,WH_CH_01,SKU-101,814,776,40.9,NORMAL
893,20260610,WH_CH_01,SKU-102,359,353,18.6,NORMAL
894,20260610,WH_CH_01,SKU-103,126,127,9.1,WARNING
895,20260610,WH_CH_01,SKU-201,356,362,22.6,NORMAL
896,20260610,WH_CH_01,SKU-202,231,225,11.3,WARNING
897,20260610,WH_CH_01,SKU-203,553,559,26.7,NORMAL
898,20260610,WH_CH_01,SKU-301,501,520,26.0,NORMAL
899,20260610,WH_CH_01,SKU-302,237,229,10.0,WARNING
900,20260610,WH_CH_01,SKU-303,194,192,8.7,WARNING
901,20260610,WH_CH_01,SKU-401,142,149,8.3,WARNING
902,20260610,WH_CH_01,SKU-402,614,640,40.0,NORMAL
903,20260610,WH_CH_01,SKU-101,131,138,8.7,WARNING
904,20260610,WH_CH_01,SKU-102,634,617,25.7,NORMAL
905,20260610,WH_CH_01,SKU-103,149,148,7.4,WARNING
906,20260610,WH_CH_01,SKU-201,239,235,16.8,NORMAL
907,20260610,WH_CH_01,SKU-202,368,377,17.1,NORMAL
908,20260610,WH_CH_01,SKU-203,364,361,13.9,WARNING
909,20260610,WH_CH_01,SKU-301,799,795,31.8,NORMAL
910,20260610,WH_CH_01,SKU-302,554,576,30.3,NORMAL
911,20260610,WH_CH_01,SKU-303,372,373,20.7,NORMAL
912,20260610,WH_CH_01,SKU-401,292,289,16.1,NORMAL
913,20260610,WH_CH_01,SKU-402,666,657,26.3,NORMAL
914,20260610,WH_CH_01,SKU-101,627,659,31.4,NORMAL
915,20260610,WH_CH_01,SKU-102,140,140,7.8,WARNING
916,20260610,WH_CH_01,SKU-103,260,248,11.3,WARNING
917,20260610,WH_CH_01,SKU-201,347,345,16.5,NORMAL
918,20260610,WH_CH_01,SKU-202,823,835,32.1,NORMAL
919,20260610,WH_CH_01,SKU-203,599,608,33.8,NORMAL
920,20260610,WH_CH_01,SKU-301,605,591,39.4,NORMAL
921,20260610,WH_CH_01,SKU-302,169,177,9.8,WARNING
922,20260610,WH_CH_01,SKU-303,146,144,10.3,WARNING
923,20260610,WH_CH_01,SKU-401,713,696,33.2,NORMAL
924,20260610,WH_CH_01,SKU-402,484,464,29.0,NORMAL
925,20260610,WH_CH_01,SKU-101,521,509,31.8,NORMAL
926,20260610,WH_CH_01,SKU-102,164,157,9.3,WARNING
927,20260610,WH_CH_01,SKU-103,111,112,8.7,WARNING
928,20260610,WH_CH_01,SKU-201,522,535,41.2,NORMAL
929,20260610,WH_CH_01,SKU-202,467,477,21.7,NORMAL
930,20260610,WH_CH_01,SKU-203,197,191,11.9,WARNING
931,20260610,WH_CH_01,SKU-301,976,935,42.5,NORMAL
932,20260610,WH_CH_01,SKU-302,422,414,19.7,NORMAL
933,20260610,WH_CH_01,SKU-303,314,321,16.1,NORMAL
934,20260610,WH_CH_01,SKU-401,181,182,10.8,WARNING
935,20260610,WH_CH_01,SKU-402,429,429,22.6,NORMAL
936,20260610,WH_CH_01,SKU-101,499,477,43.5,NORMAL
937,20260610,WH_CH_01,SKU-102,373,356,17.8,NORMAL
938,20260610,WH_CH_01,SKU-103,118,120,7.1,WARNING
939,20260610,WH_CH_01,SKU-201,341,339,28.3,NORMAL
940,20260610,WH_CH_01,SKU-202,118,121,7.1,WARNING
941,20260610,WH_CH_01,SKU-203,455,439,27.4,NORMAL
942,20260610,WH_CH_01,SKU-301,132,139,13.9,WARNING
943,20260610,WH_CH_01,SKU-302,490,510,31.9,NORMAL
944,20260610,WH_CH_01,SKU-303,449,452,21.6,NORMAL
945,20260610,WH_CH_01,SKU-401,675,687,36.2,NORMAL
946,20260610,WH_CH_01,SKU-402,209,208,23.2,NORMAL
947,20260610,WH_CH_01,SKU-101,562,557,32.8,NORMAL
948,20260610,WH_CH_01,SKU-102,696,725,33.0,NORMAL
949,20260610,WH_CH_01,SKU-103,168,171,8.6,WARNING
950,20260610,WH_CH_01,SKU-201,471,489,32.6,NORMAL
951,20260610,WH_CH_01,SKU-202,794,777,38.9,NORMAL
952,20260610,WH_CH_01,SKU-203,253,261,16.4,NORMAL
953,20260610,WH_CH_01,SKU-301,180,189,9.0,WARNING
954,20260610,WH_CH_01,SKU-302,839,821,39.1,NORMAL
955,20260610,WH_CH_01,SKU-303,302,305,14.5,NORMAL
956,20260610,WH_CH_01,SKU-401,437,452,26.6,NORMAL
957,20260610,WH_CH_01,SKU-402,620,606,25.3,NORMAL
958,20260610,WH_CH_01,SKU-101,517,500,25.0,NORMAL
959,20260610,WH_CH_01,SKU-102,1014,970,40.5,NORMAL
960,20260610,WH_CH_01,SKU-103,544,556,26.5,NORMAL
961,20260610,WH_CH_01,SKU-201,736,725,29.0,NORMAL
962,20260610,WH_CH_01,SKU-202,711,708,44.3,NORMAL
963,20260610,WH_CH_01,SKU-203,413,408,18.6,NORMAL
964,20260610,WH_CH_01,SKU-301,669,682,35.9,NORMAL
965,20260610,WH_CH_01,SKU-302,439,443,19.3,NORMAL
966,20260610,WH_CH_01,SKU-303,475,483,17.9,NORMAL
967,20260610,WH_CH_01,SKU-401,207,201,12.6,WARNING
968,20260610,WH_CH_01,SKU-402,196,188,11.8,WARNING
969,20260617,WH_CH_01,SKU-101,701,687,36.2,NORMAL
970,20260617,WH_CH_01,SKU-102,799,819,32.8,NORMAL
971,20260617,WH_CH_01,SKU-103,560,568,21.0,NORMAL
972,20260617,WH_CH_01,SKU-201,316,302,21.6,NORMAL
973,20260617,WH_CH_01,SKU-202,530,522,24.9,NORMAL
974,20260617,WH_CH_01,SKU-203,292,293,9.5,WARNING
975,20260617,WH_CH_01,SKU-301,268,259,12.4,WARNING
976,20260617,WH_CH_01,SKU-302,386,369,21.7,NORMAL
977,20260617,WH_CH_01,SKU-303,791,804,44.7,NORMAL
978,20260617,WH_CH_01,SKU-401,483,501,35.8,NORMAL
979,20260617,WH_CH_01,SKU-402,333,348,20.5,NORMAL
980,20260617,WH_CH_01,SKU-101,610,596,31.4,NORMAL
981,20260617,WH_CH_01,SKU-102,631,619,31.0,NORMAL
982,20260617,WH_CH_01,SKU-103,311,310,17.2,NORMAL
983,20260617,WH_CH_01,SKU-201,416,403,22.4,NORMAL
984,20260617,WH_CH_01,SKU-202,341,346,28.9,NORMAL
985,20260617,WH_CH_01,SKU-203,347,335,17.7,NORMAL
986,20260617,WH_CH_01,SKU-301,992,981,36.4,NORMAL
987,20260617,WH_CH_01,SKU-302,307,304,17.9,NORMAL
988,20260617,WH_CH_01,SKU-303,306,312,16.5,NORMAL
989,20260617,WH_CH_01,SKU-401,293,281,25.6,NORMAL
990,20260617,WH_CH_01,SKU-402,399,418,23.3,NORMAL
991,20260617,WH_CH_01,SKU-101,831,811,40.6,NORMAL
992,20260617,WH_CH_01,SKU-102,206,202,11.3,WARNING
993,20260617,WH_CH_01,SKU-103,476,455,26.8,NORMAL
994,20260617,WH_CH_01,SKU-201,1068,1025,36.6,NORMAL
995,20260617,WH_CH_01,SKU-202,287,292,17.2,NORMAL
996,20260617,WH_CH_01,SKU-203,586,585,39.0,NORMAL
997,20260617,WH_CH_01,SKU-301,400,397,28.4,NORMAL
998,20260617,WH_CH_01,SKU-302,778,748,35.6,NORMAL
999,20260617,WH_CH_01,SKU-303,845,834,41.7,NORMAL
1000,20260617,WH_CH_01,SKU-401,374,371,16.9,NORMAL
1001,20260617,WH_CH_01,SKU-402,1039,1027,41.1,NORMAL
1002,20260617,WH_CH_01,SKU-101,437,423,22.3,NORMAL
1003,20260617,WH_CH_01,SKU-102,535,527,26.4,NORMAL
1004,20260617,WH_CH_01,SKU-103,902,894,38.9,NORMAL
1005,20260617,WH_CH_01,SKU-201,358,358,29.8,NORMAL
1006,20260617,WH_CH_01,SKU-202,406,426,28.4,NORMAL
1007,20260617,WH_CH_01,SKU-203,212,211,8.8,WARNING
1008,20260617,WH_CH_01,SKU-301,595,587,32.6,NORMAL
1009,20260617,WH_CH_01,SKU-302,419,420,32.3,NORMAL
1010,20260617,WH_CH_01,SKU-303,735,727,33.1,NORMAL
1011,20260617,WH_CH_01,SKU-401,665,685,38.1,NORMAL
1012,20260617,WH_CH_01,SKU-402,1186,1176,42.0,NORMAL
1013,20260617,WH_CH_01,SKU-101,1042,1072,44.7,NORMAL
1014,20260617,WH_CH_01,SKU-102,722,726,42.7,NORMAL
1015,20260617,WH_CH_01,SKU-103,899,885,40.2,NORMAL
1016,20260617,WH_CH_01,SKU-201,722,746,35.5,NORMAL
1017,20260617,WH_CH_01,SKU-202,274,275,21.2,NORMAL
1018,20260617,WH_CH_01,SKU-203,475,489,27.2,NORMAL
1019,20260617,WH_CH_01,SKU-301,122,125,9.0,WARNING
1020,20260617,WH_CH_01,SKU-302,761,764,34.8,NORMAL
1021,20260617,WH_CH_01,SKU-303,959,962,35.7,NORMAL
1022,20260617,WH_CH_01,SKU-401,894,874,32.4,NORMAL
1023,20260617,WH_CH_01,SKU-402,165,170,7.4,WARNING
1024,20260617,WH_CH_01,SKU-101,635,662,39.0,NORMAL
1025,20260617,WH_CH_01,SKU-102,662,682,22.7,NORMAL
1026,20260617,WH_CH_01,SKU-103,249,252,14.0,NORMAL
1027,20260617,WH_CH_01,SKU-201,737,725,40.3,NORMAL
1028,20260617,WH_CH_01,SKU-202,128,130,7.7,WARNING
1029,20260617,WH_CH_01,SKU-203,666,672,33.6,NORMAL
1030,20260617,WH_CH_01,SKU-301,355,365,21.5,NORMAL
1031,20260617,WH_CH_01,SKU-302,654,637,39.8,NORMAL
1032,20260617,WH_CH_01,SKU-303,564,578,26.3,NORMAL
1033,20260617,WH_CH_01,SKU-401,295,309,25.8,NORMAL
1034,20260617,WH_CH_01,SKU-402,269,272,20.9,NORMAL
1035,20260617,WH_CH_01,SKU-101,226,237,16.9,NORMAL
1036,20260617,WH_CH_01,SKU-102,600,607,33.7,NORMAL
1037,20260617,WH_CH_01,SKU-103,272,280,15.6,NORMAL
1038,20260617,WH_CH_01,SKU-201,521,541,33.8,NORMAL
1039,20260617,WH_CH_01,SKU-202,558,533,28.1,NORMAL
1040,20260617,WH_CH_01,SKU-203,467,492,20.5,NORMAL
1041,20260617,WH_CH_01,SKU-301,187,188,13.5,WARNING
1042,20260617,WH_CH_01,SKU-302,998,994,41.4,NORMAL
1043,20260617,WH_CH_01,SKU-303,211,206,10.9,WARNING
1044,20260617,WH_CH_01,SKU-401,495,476,29.8,NORMAL
1045,20260617,WH_CH_01,SKU-402,747,766,36.5,NORMAL
1046,20260617,WH_CH_01,SKU-101,335,341,13.7,WARNING
1047,20260617,WH_CH_01,SKU-102,273,283,17.7,NORMAL
1048,20260617,WH_CH_01,SKU-103,685,696,31.6,NORMAL
1049,20260617,WH_CH_01,SKU-201,672,688,28.7,NORMAL
1050,20260617,WH_CH_01,SKU-202,768,740,37.0,NORMAL
1051,20260617,WH_CH_01,SKU-203,417,401,17.4,NORMAL
1052,20260617,WH_CH_01,SKU-301,434,416,21.9,NORMAL
1053,20260617,WH_CH_01,SKU-302,202,205,7.3,WARNING
1054,20260617,WH_CH_01,SKU-303,585,581,38.7,NORMAL
1055,20260617,WH_CH_01,SKU-401,322,337,12.5,WARNING
1056,20260617,WH_CH_01,SKU-402,268,273,9.4,WARNING
1057,20260624,WH_CH_01,SKU-101,640,629,34.9,NORMAL
1058,20260624,WH_CH_01,SKU-102,142,149,9.3,WARNING
1059,20260624,WH_CH_01,SKU-103,409,396,18.0,NORMAL
1060,20260624,WH_CH_01,SKU-201,310,300,23.1,NORMAL
1061,20260624,WH_CH_01,SKU-202,212,209,11.6,WARNING
1062,20260624,WH_CH_01,SKU-203,244,247,15.5,NORMAL
1063,20260624,WH_CH_01,SKU-301,444,463,30.9,NORMAL
1064,20260624,WH_CH_01,SKU-302,483,470,24.8,NORMAL
1065,20260624,WH_CH_01,SKU-303,269,258,17.2,NORMAL
1066,20260624,WH_CH_01,SKU-401,498,511,22.2,NORMAL
1067,20260624,WH_CH_01,SKU-402,933,960,43.7,NORMAL
1068,20260624,WH_CH_01,SKU-101,797,805,38.4,NORMAL
1069,20260624,WH_CH_01,SKU-102,562,541,23.5,NORMAL
1070,20260624,WH_CH_01,SKU-103,656,636,21.2,NORMAL
1071,20260624,WH_CH_01,SKU-201,942,949,43.2,NORMAL
1072,20260624,WH_CH_01,SKU-202,685,687,36.2,NORMAL
1073,20260624,WH_CH_01,SKU-203,296,306,19.2,NORMAL
1074,20260624,WH_CH_01,SKU-301,978,966,43.9,NORMAL
1075,20260624,WH_CH_01,SKU-302,276,290,8.5,WARNING
1076,20260624,WH_CH_01,SKU-303,493,502,26.5,NORMAL
1077,20260624,WH_CH_01,SKU-401,243,237,13.2,WARNING
1078,20260624,WH_CH_01,SKU-402,459,438,20.9,NORMAL
1079,20260624,WH_CH_01,SKU-101,746,725,29.0,NORMAL
1080,20260624,WH_CH_01,SKU-102,669,700,33.4,NORMAL
1081,20260624,WH_CH_01,SKU-103,298,305,12.2,WARNING
1082,20260624,WH_CH_01,SKU-201,303,294,21.0,NORMAL
1083,20260624,WH_CH_01,SKU-202,525,538,28.3,NORMAL
1084,20260624,WH_CH_01,SKU-203,743,713,37.6,NORMAL
1085,20260624,WH_CH_01,SKU-301,603,627,26.2,NORMAL
1086,20260624,WH_CH_01,SKU-302,920,949,41.3,NORMAL
1087,20260624,WH_CH_01,SKU-303,416,410,17.1,NORMAL
1088,20260624,WH_CH_01,SKU-401,937,923,40.1,NORMAL
1089,20260624,WH_CH_01,SKU-402,185,194,11.4,WARNING
1090,20260624,WH_CH_01,SKU-101,188,190,7.9,WARNING
1091,20260624,WH_CH_01,SKU-102,167,173,8.7,WARNING
1092,20260624,WH_CH_01,SKU-103,596,618,28.1,NORMAL
1093,20260624,WH_CH_01,SKU-201,156,162,10.8,WARNING
1094,20260624,WH_CH_01,SKU-202,610,638,35.5,NORMAL
1095,20260624,WH_CH_01,SKU-203,888,918,38.3,NORMAL
1096,20260624,WH_CH_01,SKU-301,585,597,42.7,NORMAL
1097,20260624,WH_CH_01,SKU-302,1207,1161,41.5,NORMAL
1098,20260624,WH_CH_01,SKU-303,1167,1117,39.9,NORMAL
1099,20260624,WH_CH_01,SKU-401,604,617,34.3,NORMAL
1100,20260624,WH_CH_01,SKU-402,620,645,26.9,NORMAL
1101,20260624,WH_CH_01,SKU-101,639,660,38.9,NORMAL
1102,20260624,WH_CH_01,SKU-102,605,622,26.0,NORMAL
1103,20260624,WH_CH_01,SKU-103,117,117,7.3,WARNING
1104,20260624,WH_CH_01,SKU-201,902,863,28.8,NORMAL
1105,20260624,WH_CH_01,SKU-202,1066,1021,40.8,NORMAL
1106,20260624,WH_CH_01,SKU-203,446,454,22.7,NORMAL
1107,20260624,WH_CH_01,SKU-301,452,454,28.4,NORMAL
1108,20260624,WH_CH_01,SKU-302,170,177,13.6,WARNING
1109,20260624,WH_CH_01,SKU-303,200,203,9.3,WARNING
1110,20260624,WH_CH_01,SKU-401,482,498,20.8,NORMAL
1111,20260624,WH_CH_01,SKU-402,601,589,26.8,NORMAL
1112,20260624,WH_CH_01,SKU-101,1129,1116,41.4,NORMAL
1113,20260624,WH_CH_01,SKU-102,859,831,32.0,NORMAL
1114,20260624,WH_CH_01,SKU-103,562,575,38.3,NORMAL
1115,20260624,WH_CH_01,SKU-201,483,507,26.7,NORMAL
1116,20260624,WH_CH_01,SKU-202,214,220,17.0,NORMAL
1117,20260624,WH_CH_01,SKU-203,792,828,36.0,NORMAL
1118,20260624,WH_CH_01,SKU-301,801,785,39.3,NORMAL
1119,20260624,WH_CH_01,SKU-302,897,894,34.4,NORMAL
1120,20260624,WH_CH_01,SKU-303,657,688,27.5,NORMAL
1121,20260624,WH_CH_01,SKU-401,162,170,7.7,WARNING
1122,20260624,WH_CH_01,SKU-402,1295,1239,40.0,NORMAL
1123,20260624,WH_CH_01,SKU-101,1163,1189,41.0,NORMAL
1124,20260624,WH_CH_01,SKU-102,367,383,25.5,NORMAL
1125,20260624,WH_CH_01,SKU-103,884,875,39.8,NORMAL
1126,20260624,WH_CH_01,SKU-201,539,516,24.6,NORMAL
1127,20260624,WH_CH_01,SKU-202,443,446,31.9,NORMAL
1128,20260624,WH_CH_01,SKU-203,264,269,15.9,NORMAL
1129,20260624,WH_CH_01,SKU-301,414,419,16.1,NORMAL
1130,20260624,WH_CH_01,SKU-302,288,301,16.7,NORMAL
1131,20260624,WH_CH_01,SKU-303,630,647,38.1,NORMAL
1132,20260624,WH_CH_01,SKU-401,451,437,25.7,NORMAL
1133,20260624,WH_CH_01,SKU-402,249,240,13.4,WARNING
1134,20260624,WH_CH_01,SKU-101,430,432,22.8,NORMAL
1135,20260624,WH_CH_01,SKU-102,376,384,15.4,NORMAL
1136,20260624,WH_CH_01,SKU-103,518,494,20.6,NORMAL
1137,20260624,WH_CH_01,SKU-201,568,552,30.7,NORMAL
1138,20260624,WH_CH_01,SKU-202,100,100,8.4,WARNING
1139,20260624,WH_CH_01,SKU-203,411,395,24.7,NORMAL
1140,20260624,WH_CH_01,SKU-301,391,376,17.1,NORMAL
1141,20260624,WH_CH_01,SKU-302,305,311,20.8,NORMAL
1142,20260624,WH_CH_01,SKU-303,492,502,31.4,NORMAL
1143,20260624,WH_CH_01,SKU-401,294,293,24.4,NORMAL
1144,20260624,WH_CH_01,SKU-402,558,536,28.2,NORMAL
1145,20260701,WH_CH_01,SKU-101,410,410,20.5,NORMAL
1146,20260701,WH_CH_01,SKU-102,314,310,15.5,NORMAL
1147,20260701,WH_CH_01,SKU-103,636,607,25.3,NORMAL
1148,20260701,WH_CH_01,SKU-201,705,726,38.2,NORMAL
1149,20260701,WH_CH_01,SKU-202,169,175,7.6,WARNING
1150,20260701,WH_CH_01,SKU-203,267,261,14.5,NORMAL
1151,20260701,WH_CH_01,SKU-301,1001,999,40.0,NORMAL
1152,20260701,WH_CH_01,SKU-302,310,302,15.1,NORMAL
1153,20260701,WH_CH_01,SKU-303,211,219,11.5,WARNING
1154,20260701,WH_CH_01,SKU-401,283,275,15.3,NORMAL
1155,20260701,WH_CH_01,SKU-402,662,641,30.5,NORMAL
1156,20260701,WH_CH_01,SKU-101,807,775,31.0,NORMAL
1157,20260701,WH_CH_01,SKU-102,195,204,7.3,WARNING
1158,20260701,WH_CH_01,SKU-103,381,392,15.1,NORMAL
1159,20260701,WH_CH_01,SKU-201,365,377,18.0,NORMAL
1160,20260701,WH_CH_01,SKU-202,323,314,31.4,NORMAL
1161,20260701,WH_CH_01,SKU-203,949,977,40.7,NORMAL
1162,20260701,WH_CH_01,SKU-301,501,497,38.2,NORMAL
1163,20260701,WH_CH_01,SKU-302,262,255,11.1,WARNING
1164,20260701,WH_CH_01,SKU-303,648,624,41.6,NORMAL
1165,20260701,WH_CH_01,SKU-401,137,141,8.8,WARNING
1166,20260701,WH_CH_01,SKU-402,159,162,7.4,WARNING
1167,20260701,WH_CH_01,SKU-101,219,217,9.9,WARNING
1168,20260701,WH_CH_01,SKU-102,414,395,18.0,NORMAL
1169,20260701,WH_CH_01,SKU-103,384,384,20.2,NORMAL
1170,20260701,WH_CH_01,SKU-201,266,266,12.7,WARNING
1171,20260701,WH_CH_01,SKU-202,343,358,15.6,NORMAL
1172,20260701,WH_CH_01,SKU-203,490,499,27.7,NORMAL
1173,20260701,WH_CH_01,SKU-301,462,449,25.0,NORMAL
1174,20260701,WH_CH_01,SKU-302,513,536,35.8,NORMAL
1175,20260701,WH_CH_01,SKU-303,694,682,34.1,NORMAL
1176,20260701,WH_CH_01,SKU-401,356,355,23.7,NORMAL
1177,20260701,WH_CH_01,SKU-402,845,850,35.5,NORMAL
1178,20260701,WH_CH_01,SKU-101,807,786,43.7,NORMAL
1179,20260701,WH_CH_01,SKU-102,232,237,9.9,WARNING
1180,20260701,WH_CH_01,SKU-103,381,384,17.5,NORMAL
1181,20260701,WH_CH_01,SKU-201,419,426,26.6,NORMAL
1182,20260701,WH_CH_01,SKU-202,137,138,9.9,WARNING
1183,20260701,WH_CH_01,SKU-203,584,593,25.8,NORMAL
1184,20260701,WH_CH_01,SKU-301,496,514,30.2,NORMAL
1185,20260701,WH_CH_01,SKU-302,413,413,17.2,NORMAL
1186,20260701,WH_CH_01,SKU-303,463,466,14.6,NORMAL
1187,20260701,WH_CH_01,SKU-401,945,932,42.4,NORMAL
1188,20260701,WH_CH_01,SKU-402,988,1001,38.5,NORMAL
1189,20260701,WH_CH_01,SKU-101,144,145,7.3,WARNING
1190,20260701,WH_CH_01,SKU-102,296,299,13.0,WARNING
1191,20260701,WH_CH_01,SKU-103,465,452,23.8,NORMAL
1192,20260701,WH_CH_01,SKU-201,704,739,43.5,NORMAL
1193,20260701,WH_CH_01,SKU-202,770,754,35.9,NORMAL
1194,20260701,WH_CH_01,SKU-203,644,627,27.3,NORMAL
1195,20260701,WH_CH_01,SKU-301,503,493,38.0,NORMAL
1196,20260701,WH_CH_01,SKU-302,718,686,36.1,NORMAL
1197,20260701,WH_CH_01,SKU-303,1015,999,35.7,NORMAL
1198,20260701,WH_CH_01,SKU-401,264,256,17.1,NORMAL
1199,20260701,WH_CH_01,SKU-402,749,726,29.1,NORMAL
1200,20260701,WH_CH_01,SKU-101,447,430,25.3,NORMAL
1201,20260701,WH_CH_01,SKU-102,230,227,9.5,WARNING
1202,20260701,WH_CH_01,SKU-103,556,578,23.2,NORMAL
1203,20260701,WH_CH_01,SKU-201,432,419,15.5,NORMAL
1204,20260701,WH_CH_01,SKU-202,165,171,7.8,WARNING
1205,20260701,WH_CH_01,SKU-203,825,852,40.6,NORMAL
1206,20260701,WH_CH_01,SKU-301,587,598,29.9,NORMAL
1207,20260701,WH_CH_01,SKU-302,884,873,33.6,NORMAL
1208,20260701,WH_CH_01,SKU-303,405,390,27.9,NORMAL
1209,20260701,WH_CH_01,SKU-401,256,262,10.1,WARNING
1210,20260701,WH_CH_01,SKU-402,674,694,31.6,NORMAL
1211,20260701,WH_CH_01,SKU-101,162,170,10.6,WARNING
1212,20260701,WH_CH_01,SKU-102,281,287,22.1,NORMAL
1213,20260701,WH_CH_01,SKU-103,372,384,22.6,NORMAL
1214,20260701,WH_CH_01,SKU-201,948,989,43.0,NORMAL
1215,20260701,WH_CH_01,SKU-202,992,953,32.9,NORMAL
1216,20260701,WH_CH_01,SKU-203,226,232,16.6,NORMAL
1217,20260701,WH_CH_01,SKU-301,135,137,8.1,WARNING
1218,20260701,WH_CH_01,SKU-302,711,710,44.4,NORMAL
1219,20260701,WH_CH_01,SKU-303,669,699,36.8,NORMAL
1220,20260701,WH_CH_01,SKU-401,613,586,18.9,NORMAL
1221,20260701,WH_CH_01,SKU-402,228,223,7.7,WARNING
1222,20260701,WH_CH_01,SKU-101,234,234,13.0,WARNING
1223,20260701,WH_CH_01,SKU-102,951,981,42.7,NORMAL
1224,20260701,WH_CH_01,SKU-103,1103,1059,44.2,NORMAL
1225,20260701,WH_CH_01,SKU-201,418,421,28.1,NORMAL
1226,20260701,WH_CH_01,SKU-202,610,594,27.0,NORMAL
1227,20260701,WH_CH_01,SKU-203,708,690,43.1,NORMAL
1228,20260701,WH_CH_01,SKU-301,499,486,23.2,NORMAL
1229,20260701,WH_CH_01,SKU-302,770,803,32.2,NORMAL
1230,20260701,WH_CH_01,SKU-303,554,555,34.7,NORMAL
1231,20260701,WH_CH_01,SKU-401,816,833,34.7,NORMAL
1232,20260701,WH_CH_01,SKU-402,255,248,14.6,NORMAL
1233,20260708,WH_CH_01,SKU-101,642,615,30.8,NORMAL
1234,20260708,WH_CH_01,SKU-102,449,468,39.1,NORMAL
1235,20260708,WH_CH_01,SKU-103,223,222,24.7,NORMAL
1236,20260708,WH_CH_01,SKU-201,759,724,36.2,NORMAL
1237,20260708,WH_CH_01,SKU-202,823,866,43.3,NORMAL
1238,20260708,WH_CH_01,SKU-203,899,862,35.9,NORMAL
1239,20260708,WH_CH_01,SKU-301,279,280,15.6,NORMAL
1240,20260708,WH_CH_01,SKU-302,308,314,21.0,NORMAL
1241,20260708,WH_CH_01,SKU-303,239,235,12.4,WARNING
1242,20260708,WH_CH_01,SKU-401,369,360,13.9,WARNING
1243,20260708,WH_CH_01,SKU-402,445,457,30.5,NORMAL
1244,20260708,WH_CH_01,SKU-101,241,234,13.8,WARNING
1245,20260708,WH_CH_01,SKU-102,724,697,34.9,NORMAL
1246,20260708,WH_CH_01,SKU-103,367,358,23.9,NORMAL
1247,20260708,WH_CH_01,SKU-201,316,317,13.8,WARNING
1248,20260708,WH_CH_01,SKU-202,822,865,30.9,NORMAL
1249,20260708,WH_CH_01,SKU-203,817,786,34.2,NORMAL
1250,20260708,WH_CH_01,SKU-301,605,627,44.8,NORMAL
1251,20260708,WH_CH_01,SKU-302,736,757,33.0,NORMAL
1252,20260708,WH_CH_01,SKU-303,228,225,14.1,NORMAL
1253,20260708,WH_CH_01,SKU-401,384,368,18.4,NORMAL
1254,20260708,WH_CH_01,SKU-402,874,861,43.1,NORMAL
1255,20260708,WH_CH_01,SKU-101,1194,1214,39.2,NORMAL
1256,20260708,WH_CH_01,SKU-102,564,588,34.6,NORMAL
1257,20260708,WH_CH_01,SKU-103,978,1001,41.7,NORMAL
1258,20260708,WH_CH_01,SKU-201,358,362,17.2,NORMAL
1259,20260708,WH_CH_01,SKU-202,774,815,40.8,NORMAL
1260,20260708,WH_CH_01,SKU-203,626,645,26.9,NORMAL
1261,20260708,WH_CH_01,SKU-301,270,278,13.2,WARNING
1262,20260708,WH_CH_01,SKU-302,79,82,7.5,WARNING
1263,20260708,WH_CH_01,SKU-303,423,440,20.0,NORMAL
1264,20260708,WH_CH_01,SKU-401,702,686,32.7,NORMAL
1265,20260708,WH_CH_01,SKU-402,538,552,26.3,NORMAL
1266,20260708,WH_CH_01,SKU-101,726,694,25.7,NORMAL
1267,20260708,WH_CH_01,SKU-102,223,223,10.6,WARNING
1268,20260708,WH_CH_01,SKU-103,682,665,31.7,NORMAL
1269,20260708,WH_CH_01,SKU-201,647,624,32.9,NORMAL
1270,20260708,WH_CH_01,SKU-202,290,281,11.7,WARNING
1271,20260708,WH_CH_01,SKU-203,759,730,29.2,NORMAL
1272,20260708,WH_CH_01,SKU-301,413,404,15.0,NORMAL
1273,20260708,WH_CH_01,SKU-302,433,422,30.2,NORMAL
1274,20260708,WH_CH_01,SKU-303,701,710,33.8,NORMAL
1275,20260708,WH_CH_01,SKU-401,582,567,27.0,NORMAL
1276,20260708,WH_CH_01,SKU-402,1072,1077,44.9,NORMAL
1277,20260708,WH_CH_01,SKU-101,486,489,21.3,NORMAL
1278,20260708,WH_CH_01,SKU-102,650,651,19.7,NORMAL
1279,20260708,WH_CH_01,SKU-103,633,648,38.2,NORMAL
1280,20260708,WH_CH_01,SKU-201,839,816,37.1,NORMAL
1281,20260708,WH_CH_01,SKU-202,230,242,18.7,NORMAL
1282,20260708,WH_CH_01,SKU-203,551,563,28.2,NORMAL
1283,20260708,WH_CH_01,SKU-301,292,288,14.4,NORMAL
1284,20260708,WH_CH_01,SKU-302,903,885,40.2,NORMAL
1285,20260708,WH_CH_01,SKU-303,264,256,11.2,WARNING
1286,20260708,WH_CH_01,SKU-401,193,200,12.5,WARNING
1287,20260708,WH_CH_01,SKU-402,556,577,24.1,NORMAL
1288,20260708,WH_CH_01,SKU-101,468,456,20.7,NORMAL
1289,20260708,WH_CH_01,SKU-102,581,555,34.7,NORMAL
1290,20260708,WH_CH_01,SKU-103,260,271,17.0,NORMAL
1291,20260708,WH_CH_01,SKU-201,353,340,22.7,NORMAL
1292,20260708,WH_CH_01,SKU-202,1028,1035,37.0,NORMAL
1293,20260708,WH_CH_01,SKU-203,407,427,21.4,NORMAL
1294,20260708,WH_CH_01,SKU-301,872,911,38.0,NORMAL
1295,20260708,WH_CH_01,SKU-302,873,909,41.3,NORMAL
1296,20260708,WH_CH_01,SKU-303,192,198,8.0,WARNING
1297,20260708,WH_CH_01,SKU-401,214,216,12.0,WARNING
1298,20260708,WH_CH_01,SKU-402,136,139,8.7,WARNING
1299,20260708,WH_CH_01,SKU-101,435,439,23.1,NORMAL
1300,20260708,WH_CH_01,SKU-102,789,779,37.1,NORMAL
1301,20260708,WH_CH_01,SKU-103,1024,1008,43.8,NORMAL
1302,20260708,WH_CH_01,SKU-201,195,204,13.6,WARNING
1303,20260708,WH_CH_01,SKU-202,278,283,14.2,NORMAL
1304,20260708,WH_CH_01,SKU-203,392,374,12.9,WARNING
1305,20260708,WH_CH_01,SKU-301,269,268,15.8,NORMAL
1306,20260708,WH_CH_01,SKU-302,854,815,42.9,NORMAL
1307,20260708,WH_CH_01,SKU-303,378,382,21.3,NORMAL
1308,20260708,WH_CH_01,SKU-401,403,416,27.8,NORMAL
1309,20260708,WH_CH_01,SKU-402,968,961,41.8,NORMAL
1310,20260708,WH_CH_01,SKU-101,199,194,13.9,WARNING
1311,20260708,WH_CH_01,SKU-102,769,776,23.5,NORMAL
1312,20260708,WH_CH_01,SKU-103,495,518,30.5,NORMAL
1313,20260708,WH_CH_01,SKU-201,1091,1105,44.2,NORMAL
1314,20260708,WH_CH_01,SKU-202,455,442,20.1,NORMAL
1315,20260708,WH_CH_01,SKU-203,601,577,28.9,NORMAL
1316,20260708,WH_CH_01,SKU-301,334,323,15.4,NORMAL
1317,20260708,WH_CH_01,SKU-302,215,210,10.0,WARNING
1318,20260708,WH_CH_01,SKU-303,436,447,26.3,NORMAL
1319,20260708,WH_CH_01,SKU-401,1314,1333,44.5,NORMAL
1320,20260708,WH_CH_01,SKU-402,694,728,33.1,NORMAL
1321,20260715,WH_CH_01,SKU-101,410,392,23.1,NORMAL
1322,20260715,WH_CH_01,SKU-102,527,507,22.1,NORMAL
1323,20260715,WH_CH_01,SKU-103,224,222,10.6,WARNING
1324,20260715,WH_CH_01,SKU-201,866,910,35.0,NORMAL
1325,20260715,WH_CH_01,SKU-202,548,576,32.0,NORMAL
1326,20260715,WH_CH_01,SKU-203,474,499,25.0,NORMAL
1327,20260715,WH_CH_01,SKU-301,306,305,30.5,NORMAL
1328,20260715,WH_CH_01,SKU-302,634,649,40.6,NORMAL
1329,20260715,WH_CH_01,SKU-303,204,207,8.3,WARNING
1330,20260715,WH_CH_01,SKU-401,375,358,17.9,NORMAL
1331,20260715,WH_CH_01,SKU-402,227,235,10.7,WARNING
1332,20260715,WH_CH_01,SKU-101,739,723,36.2,NORMAL
1333,20260715,WH_CH_01,SKU-102,122,124,7.8,WARNING
1334,20260715,WH_CH_01,SKU-103,974,930,38.8,NORMAL
1335,20260715,WH_CH_01,SKU-201,426,449,21.4,NORMAL
1336,20260715,WH_CH_01,SKU-202,667,649,30.9,NORMAL
1337,20260715,WH_CH_01,SKU-203,529,541,31.9,NORMAL
1338,20260715,WH_CH_01,SKU-301,352,355,16.9,NORMAL
1339,20260715,WH_CH_01,SKU-302,375,387,25.8,NORMAL
1340,20260715,WH_CH_01,SKU-303,202,205,9.3,WARNING
1341,20260715,WH_CH_01,SKU-401,313,319,16.8,NORMAL
1342,20260715,WH_CH_01,SKU-402,602,620,41.4,NORMAL
1343,20260715,WH_CH_01,SKU-101,440,449,20.4,NORMAL
1344,20260715,WH_CH_01,SKU-102,972,963,33.2,NORMAL
1345,20260715,WH_CH_01,SKU-103,325,331,18.4,NORMAL
1346,20260715,WH_CH_01,SKU-201,265,262,20.2,NORMAL
1347,20260715,WH_CH_01,SKU-202,495,512,34.2,NORMAL
1348,20260715,WH_CH_01,SKU-203,204,212,16.4,NORMAL
1349,20260715,WH_CH_01,SKU-301,575,603,27.4,NORMAL
1350,20260715,WH_CH_01,SKU-302,514,537,20.7,NORMAL
1351,20260715,WH_CH_01,SKU-303,474,466,33.3,NORMAL
1352,20260715,WH_CH_01,SKU-401,314,328,16.4,NORMAL
1353,20260715,WH_CH_01,SKU-402,548,565,26.9,NORMAL
1354,20260715,WH_CH_01,SKU-101,715,682,40.2,NORMAL
1355,20260715,WH_CH_01,SKU-102,285,282,15.7,NORMAL
1356,20260715,WH_CH_01,SKU-103,353,342,14.9,NORMAL
1357,20260715,WH_CH_01,SKU-201,543,524,27.6,NORMAL
1358,20260715,WH_CH_01,SKU-202,253,258,21.6,NORMAL
1359,20260715,WH_CH_01,SKU-203,437,425,30.4,NORMAL
1360,20260715,WH_CH_01,SKU-301,340,343,19.1,NORMAL
1361,20260715,WH_CH_01,SKU-302,847,815,38.8,NORMAL
1362,20260715,WH_CH_01,SKU-303,878,858,42.9,NORMAL
1363,20260715,WH_CH_01,SKU-401,207,217,9.9,WARNING
1364,20260715,WH_CH_01,SKU-402,332,344,23.0,NORMAL
1365,20260715,WH_CH_01,SKU-101,501,524,21.0,NORMAL
1366,20260715,WH_CH_01,SKU-102,762,740,35.2,NORMAL
1367,20260715,WH_CH_01,SKU-103,759,774,36.9,NORMAL
1368,20260715,WH_CH_01,SKU-201,658,672,42.1,NORMAL
1369,20260715,WH_CH_01,SKU-202,279,274,10.2,WARNING
1370,20260715,WH_CH_01,SKU-203,178,182,12.2,WARNING
1371,20260715,WH_CH_01,SKU-301,598,572,33.7,NORMAL
1372,20260715,WH_CH_01,SKU-302,796,767,33.4,NORMAL
1373,20260715,WH_CH_01,SKU-303,580,597,35.2,NORMAL
1374,20260715,WH_CH_01,SKU-401,509,496,18.4,NORMAL
1375,20260715,WH_CH_01,SKU-402,385,372,26.6,NORMAL
1376,20260715,WH_CH_01,SKU-101,147,147,9.8,WARNING
1377,20260715,WH_CH_01,SKU-102,398,391,15.1,NORMAL
1378,20260715,WH_CH_01,SKU-103,555,530,22.1,NORMAL
1379,20260715,WH_CH_01,SKU-201,643,615,32.4,NORMAL
1380,20260715,WH_CH_01,SKU-202,266,254,13.4,WARNING
1381,20260715,WH_CH_01,SKU-203,865,866,43.3,NORMAL
1382,20260715,WH_CH_01,SKU-301,274,271,10.9,WARNING
1383,20260715,WH_CH_01,SKU-302,542,549,22.0,NORMAL
1384,20260715,WH_CH_01,SKU-303,667,647,24.0,NORMAL
1385,20260715,WH_CH_01,SKU-401,79,78,7.8,WARNING
1386,20260715,WH_CH_01,SKU-402,503,518,25.9,NORMAL
1387,20260715,WH_CH_01,SKU-101,995,1021,42.6,NORMAL
1388,20260715,WH_CH_01,SKU-102,126,133,8.9,WARNING
1389,20260715,WH_CH_01,SKU-103,144,147,7.4,WARNING
1390,20260715,WH_CH_01,SKU-201,243,242,12.1,WARNING
1391,20260715,WH_CH_01,SKU-202,486,505,22.0,NORMAL
1392,20260715,WH_CH_01,SKU-203,480,496,24.8,NORMAL
1393,20260715,WH_CH_01,SKU-301,435,419,18.2,NORMAL
1394,20260715,WH_CH_01,SKU-302,505,511,34.1,NORMAL
1395,20260715,WH_CH_01,SKU-303,371,371,41.3,NORMAL
1396,20260715,WH_CH_01,SKU-401,1114,1071,42.9,NORMAL
1397,20260715,WH_CH_01,SKU-402,607,597,29.9,NORMAL
1398,20260715,WH_CH_01,SKU-101,274,279,14.0,WARNING
1399,20260715,WH_CH_01,SKU-102,570,545,23.7,NORMAL
1400,20260715,WH_CH_01,SKU-103,653,678,29.5,NORMAL
1401,20260715,WH_CH_01,SKU-201,877,898,44.9,NORMAL
1402,20260715,WH_CH_01,SKU-202,401,422,26.4,NORMAL
1403,20260715,WH_CH_01,SKU-203,342,355,25.4,NORMAL
1404,20260715,WH_CH_01,SKU-301,307,294,15.5,NORMAL
1405,20260715,WH_CH_01,SKU-302,812,789,43.9,NORMAL
1406,20260715,WH_CH_01,SKU-303,626,636,39.8,NORMAL
1407,20260715,WH_CH_01,SKU-401,473,467,22.2,NORMAL
1408,20260715,WH_CH_01,SKU-402,728,758,37.9,NORMAL
1409,20260722,WH_CH_01,SKU-101,636,642,33.8,NORMAL
1410,20260722,WH_CH_01,SKU-102,755,732,31.8,NORMAL
1411,20260722,WH_CH_01,SKU-103,474,491,18.9,NORMAL
1412,20260722,WH_CH_01,SKU-201,271,260,14.5,NORMAL
1413,20260722,WH_CH_01,SKU-202,787,765,28.4,NORMAL
1414,20260722,WH_CH_01,SKU-203,347,358,22.4,NORMAL
1415,20260722,WH_CH_01,SKU-301,363,350,19.5,NORMAL
1416,20260722,WH_CH_01,SKU-302,1033,1071,41.2,NORMAL
1417,20260722,WH_CH_01,SKU-303,281,281,21.7,NORMAL
1418,20260722,WH_CH_01,SKU-401,396,398,18.1,NORMAL
1419,20260722,WH_CH_01,SKU-402,179,174,10.3,WARNING
1420,20260722,WH_CH_01,SKU-101,450,444,16.5,NORMAL
1421,20260722,WH_CH_01,SKU-102,1184,1184,39.5,NORMAL
1422,20260722,WH_CH_01,SKU-103,1354,1363,44.0,NORMAL
1423,20260722,WH_CH_01,SKU-201,838,814,27.1,NORMAL
1424,20260722,WH_CH_01,SKU-202,540,525,22.8,NORMAL
1425,20260722,WH_CH_01,SKU-203,912,880,29.3,NORMAL
1426,20260722,WH_CH_01,SKU-301,924,902,41.0,NORMAL
1427,20260722,WH_CH_01,SKU-302,373,366,28.2,NORMAL
1428,20260722,WH_CH_01,SKU-303,327,319,18.8,NORMAL
1429,20260722,WH_CH_01,SKU-401,398,404,22.5,NORMAL
1430,20260722,WH_CH_01,SKU-402,169,171,7.8,WARNING
1431,20260722,WH_CH_01,SKU-101,386,398,24.9,NORMAL
1432,20260722,WH_CH_01,SKU-102,595,568,29.9,NORMAL
1433,20260722,WH_CH_01,SKU-103,868,880,41.9,NORMAL
1434,20260722,WH_CH_01,SKU-201,338,334,22.3,NORMAL
1435,20260722,WH_CH_01,SKU-202,819,845,33.8,NORMAL
1436,20260722,WH_CH_01,SKU-203,545,524,19.4,NORMAL
1437,20260722,WH_CH_01,SKU-301,610,600,31.6,NORMAL
1438,20260722,WH_CH_01,SKU-302,712,697,26.8,NORMAL
1439,20260722,WH_CH_01,SKU-303,160,168,7.7,WARNING
1440,20260722,WH_CH_01,SKU-401,158,160,11.5,WARNING
1441,20260722,WH_CH_01,SKU-402,594,601,40.1,NORMAL
1442,20260722,WH_CH_01,SKU-101,918,878,43.9,NORMAL
1443,20260722,WH_CH_01,SKU-102,194,200,14.3,NORMAL
1444,20260722,WH_CH_01,SKU-103,172,174,7.3,WARNING
1445,20260722,WH_CH_01,SKU-201,237,230,14.4,NORMAL
1446,20260722,WH_CH_01,SKU-202,315,311,18.3,NORMAL
1447,20260722,WH_CH_01,SKU-203,265,256,19.7,NORMAL
1448,20260722,WH_CH_01,SKU-301,211,220,14.7,NORMAL
1449,20260722,WH_CH_01,SKU-302,365,352,19.6,NORMAL
1450,20260722,WH_CH_01,SKU-303,359,367,23.0,NORMAL
1451,20260722,WH_CH_01,SKU-401,245,238,18.3,NORMAL
1452,20260722,WH_CH_01,SKU-402,260,251,18.0,NORMAL
1453,20260722,WH_CH_01,SKU-101,816,844,44.5,NORMAL
1454,20260722,WH_CH_01,SKU-102,464,444,21.2,NORMAL
1455,20260722,WH_CH_01,SKU-103,270,279,21.5,NORMAL
1456,20260722,WH_CH_01,SKU-201,279,270,13.5,WARNING
1457,20260722,WH_CH_01,SKU-202,779,745,39.2,NORMAL
1458,20260722,WH_CH_01,SKU-203,382,371,21.8,NORMAL
1459,20260722,WH_CH_01,SKU-301,465,449,19.6,NORMAL
1460,20260722,WH_CH_01,SKU-302,574,595,35.0,NORMAL
1461,20260722,WH_CH_01,SKU-303,728,712,33.9,NORMAL
1462,20260722,WH_CH_01,SKU-401,716,740,30.9,NORMAL
1463,20260722,WH_CH_01,SKU-402,417,418,32.2,NORMAL
1464,20260722,WH_CH_01,SKU-101,712,736,32.0,NORMAL
1465,20260722,WH_CH_01,SKU-102,946,980,44.6,NORMAL
1466,20260722,WH_CH_01,SKU-103,404,418,18.2,NORMAL
1467,20260722,WH_CH_01,SKU-201,294,284,10.9,WARNING
1468,20260722,WH_CH_01,SKU-202,442,449,22.5,NORMAL
1469,20260722,WH_CH_01,SKU-203,513,494,24.7,NORMAL
1470,20260722,WH_CH_01,SKU-301,319,312,18.4,NORMAL
1471,20260722,WH_CH_01,SKU-302,470,486,37.4,NORMAL
1472,20260722,WH_CH_01,SKU-303,395,383,19.2,NORMAL
1473,20260722,WH_CH_01,SKU-401,657,657,36.5,NORMAL
1474,20260722,WH_CH_01,SKU-402,649,638,26.6,NORMAL
1475,20260722,WH_CH_01,SKU-101,483,476,31.8,NORMAL
1476,20260722,WH_CH_01,SKU-102,525,506,25.3,NORMAL
1477,20260722,WH_CH_01,SKU-103,514,506,22.0,NORMAL
1478,20260722,WH_CH_01,SKU-201,689,717,26.6,NORMAL
1479,20260722,WH_CH_01,SKU-202,171,169,10.0,WARNING
1480,20260722,WH_CH_01,SKU-203,647,675,42.2,NORMAL
1481,20260722,WH_CH_01,SKU-301,291,279,14.7,NORMAL
1482,20260722,WH_CH_01,SKU-302,472,481,24.1,NORMAL
1483,20260722,WH_CH_01,SKU-303,430,431,25.4,NORMAL
1484,20260722,WH_CH_01,SKU-401,338,328,25.3,NORMAL
1485,20260722,WH_CH_01,SKU-402,186,179,7.2,WARNING
1486,20260722,WH_CH_01,SKU-101,768,807,33.7,NORMAL
1487,20260722,WH_CH_01,SKU-102,249,254,9.4,WARNING
1488,20260722,WH_CH_01,SKU-103,242,241,13.4,WARNING
1489,20260722,WH_CH_01,SKU-201,813,808,42.6,NORMAL
1490,20260722,WH_CH_01,SKU-202,353,340,15.5,NORMAL
1491,20260722,WH_CH_01,SKU-203,687,659,28.7,NORMAL
1492,20260722,WH_CH_01,SKU-301,767,770,42.8,NORMAL
1493,20260722,WH_CH_01,SKU-302,802,776,40.9,NORMAL
1494,20260722,WH_CH_01,SKU-303,440,455,24.0,NORMAL
1495,20260722,WH_CH_01,SKU-401,156,150,10.8,WARNING
1496,20260722,WH_CH_01,SKU-402,133,131,13.2,WARNING
1497,20260729,WH_CH_01,SKU-101,455,436,36.4,NORMAL
1498,20260729,WH_CH_01,SKU-102,243,238,10.4,WARNING
1499,20260729,WH_CH_01,SKU-103,727,705,44.1,NORMAL
1500,20260729,WH_CH_01,SKU-201,476,454,20.6,NORMAL
1501,20260729,WH_CH_01,SKU-202,289,301,17.7,NORMAL
1502,20260729,WH_CH_01,SKU-203,615,612,29.2,NORMAL
1503,20260729,WH_CH_01,SKU-301,488,474,23.7,NORMAL
1504,20260729,WH_CH_01,SKU-302,453,438,25.8,NORMAL
1505,20260729,WH_CH_01,SKU-303,906,877,39.9,NORMAL
1506,20260729,WH_CH_01,SKU-401,856,858,35.8,NORMAL
1507,20260729,WH_CH_01,SKU-402,989,1031,39.7,NORMAL
1508,20260729,WH_CH_01,SKU-101,398,413,31.8,NORMAL
1509,20260729,WH_CH_01,SKU-102,618,597,29.9,NORMAL
1510,20260729,WH_CH_01,SKU-103,1045,1029,44.8,NORMAL
1511,20260729,WH_CH_01,SKU-201,1149,1114,44.6,NORMAL
1512,20260729,WH_CH_01,SKU-202,663,658,32.9,NORMAL
1513,20260729,WH_CH_01,SKU-203,514,512,23.3,NORMAL
1514,20260729,WH_CH_01,SKU-301,279,287,11.5,WARNING
1515,20260729,WH_CH_01,SKU-302,79,77,15.5,NORMAL
1516,20260729,WH_CH_01,SKU-303,781,766,28.4,NORMAL
1517,20260729,WH_CH_01,SKU-401,98,97,8.9,WARNING
1518,20260729,WH_CH_01,SKU-402,902,907,39.4,NORMAL
1519,20260729,WH_CH_01,SKU-101,105,103,8.0,WARNING
1520,20260729,WH_CH_01,SKU-102,406,389,39.0,NORMAL
1521,20260729,WH_CH_01,SKU-103,580,585,30.8,NORMAL
1522,20260729,WH_CH_01,SKU-201,416,410,17.1,NORMAL
1523,20260729,WH_CH_01,SKU-202,175,171,9.5,WARNING
1524,20260729,WH_CH_01,SKU-203,894,903,41.1,NORMAL
1525,20260729,WH_CH_01,SKU-301,813,821,32.9,NORMAL
1526,20260729,WH_CH_01,SKU-302,501,517,23.5,NORMAL
1527,20260729,WH_CH_01,SKU-303,373,375,14.4,NORMAL
1528,20260729,WH_CH_01,SKU-401,201,201,9.2,WARNING
1529,20260729,WH_CH_01,SKU-402,514,506,20.3,NORMAL
1530,20260729,WH_CH_01,SKU-101,399,382,27.3,NORMAL
1531,20260729,WH_CH_01,SKU-102,391,377,22.2,NORMAL
1532,20260729,WH_CH_01,SKU-103,491,469,39.2,NORMAL
1533,20260729,WH_CH_01,SKU-201,512,520,22.6,NORMAL
1534,20260729,WH_CH_01,SKU-202,793,800,38.1,NORMAL
1535,20260729,WH_CH_01,SKU-203,875,873,31.2,NORMAL
1536,20260729,WH_CH_01,SKU-301,368,381,25.5,NORMAL
1537,20260729,WH_CH_01,SKU-302,539,566,27.0,NORMAL
1538,20260729,WH_CH_01,SKU-303,147,141,12.8,WARNING
1539,20260729,WH_CH_01,SKU-401,163,161,9.0,WARNING
1540,20260729,WH_CH_01,SKU-402,949,922,41.9,NORMAL
1541,20260729,WH_CH_01,SKU-101,384,390,24.4,NORMAL
1542,20260729,WH_CH_01,SKU-102,564,569,22.8,NORMAL
1543,20260729,WH_CH_01,SKU-103,292,305,15.3,NORMAL
1544,20260729,WH_CH_01,SKU-201,214,216,9.8,WARNING
1545,20260729,WH_CH_01,SKU-202,258,269,16.9,NORMAL
1546,20260729,WH_CH_01,SKU-203,903,918,43.7,NORMAL
1547,20260729,WH_CH_01,SKU-301,639,656,38.6,NORMAL
1548,20260729,WH_CH_01,SKU-302,234,230,14.4,NORMAL
1549,20260729,WH_CH_01,SKU-303,511,504,26.5,NORMAL
1550,20260729,WH_CH_01,SKU-401,434,433,22.8,NORMAL
1551,20260729,WH_CH_01,SKU-402,510,498,16.6,NORMAL
1552,20260729,WH_CH_01,SKU-101,161,164,9.2,WARNING
1553,20260729,WH_CH_01,SKU-102,411,416,32.0,NORMAL
1554,20260729,WH_CH_01,SKU-103,483,473,18.2,NORMAL
1555,20260729,WH_CH_01,SKU-201,668,692,31.5,NORMAL
1556,20260729,WH_CH_01,SKU-202,563,541,24.6,NORMAL
1557,20260729,WH_CH_01,SKU-203,358,374,20.8,NORMAL
1558,20260729,WH_CH_01,SKU-301,422,427,22.5,NORMAL
1559,20260729,WH_CH_01,SKU-302,469,455,18.2,NORMAL
1560,20260729,WH_CH_01,SKU-303,1106,1141,40.8,NORMAL
1561,20260729,WH_CH_01,SKU-401,642,661,41.3,NORMAL
1562,20260729,WH_CH_01,SKU-402,190,186,16.9,NORMAL
1563,20260729,WH_CH_01,SKU-101,605,583,29.2,NORMAL
1564,20260729,WH_CH_01,SKU-102,532,548,42.2,NORMAL
1565,20260729,WH_CH_01,SKU-103,182,188,7.5,WARNING
1566,20260729,WH_CH_01,SKU-201,552,568,27.1,NORMAL
1567,20260729,WH_CH_01,SKU-202,472,479,21.8,NORMAL
1568,20260729,WH_CH_01,SKU-203,315,325,14.8,NORMAL
1569,20260729,WH_CH_01,SKU-301,399,390,30.1,NORMAL
1570,20260729,WH_CH_01,SKU-302,206,197,9.0,WARNING
1571,20260729,WH_CH_01,SKU-303,637,625,41.7,NORMAL
1572,20260729,WH_CH_01,SKU-401,131,130,8.1,WARNING
1573,20260729,WH_CH_01,SKU-402,159,155,7.4,WARNING
1574,20260729,WH_CH_01,SKU-101,470,464,20.2,NORMAL
1575,20260729,WH_CH_01,SKU-102,211,206,10.3,WARNING
1576,20260729,WH_CH_01,SKU-103,584,578,38.6,NORMAL
1577,20260729,WH_CH_01,SKU-201,607,601,28.6,NORMAL
1578,20260729,WH_CH_01,SKU-202,477,500,15.2,NORMAL
1579,20260729,WH_CH_01,SKU-203,242,246,11.2,WARNING
1580,20260729,WH_CH_01,SKU-301,658,647,43.1,NORMAL
1581,20260729,WH_CH_01,SKU-302,881,864,37.6,NORMAL
1582,20260729,WH_CH_01,SKU-303,447,450,28.1,NORMAL
1583,20260729,WH_CH_01,SKU-401,252,265,17.7,NORMAL
1584,20260729,WH_CH_01,SKU-402,902,896,33.2,NORMAL
1585,20260805,WH_CH_01,SKU-101,384,371,20.7,NORMAL
1586,20260805,WH_CH_01,SKU-102,352,361,25.8,NORMAL
1587,20260805,WH_CH_01,SKU-103,877,907,39.4,NORMAL
1588,20260805,WH_CH_01,SKU-201,517,540,30.0,NORMAL
1589,20260805,WH_CH_01,SKU-202,1037,1001,40.1,NORMAL
1590,20260805,WH_CH_01,SKU-203,602,620,24.8,NORMAL
1591,20260805,WH_CH_01,SKU-301,470,478,17.7,NORMAL
1592,20260805,WH_CH_01,SKU-302,214,222,10.1,WARNING
1593,20260805,WH_CH_01,SKU-303,620,604,26.3,NORMAL
1594,20260805,WH_CH_01,SKU-401,259,257,10.7,WARNING
1595,20260805,WH_CH_01,SKU-402,503,486,21.1,NORMAL
1596,20260805,WH_CH_01,SKU-101,282,290,10.0,WARNING
1597,20260805,WH_CH_01,SKU-102,415,412,25.8,NORMAL
1598,20260805,WH_CH_01,SKU-103,991,979,44.5,NORMAL
1599,20260805,WH_CH_01,SKU-201,451,451,16.1,NORMAL
1600,20260805,WH_CH_01,SKU-202,639,671,33.6,NORMAL
1601,20260805,WH_CH_01,SKU-203,761,763,33.2,NORMAL
1602,20260805,WH_CH_01,SKU-301,865,841,38.2,NORMAL
1603,20260805,WH_CH_01,SKU-302,890,917,38.2,NORMAL
1604,20260805,WH_CH_01,SKU-303,294,306,15.3,NORMAL
1605,20260805,WH_CH_01,SKU-401,610,594,28.3,NORMAL
1606,20260805,WH_CH_01,SKU-402,802,833,43.8,NORMAL
1607,20260805,WH_CH_01,SKU-101,566,572,27.3,NORMAL
1608,20260805,WH_CH_01,SKU-102,466,445,20.3,NORMAL
1609,20260805,WH_CH_01,SKU-103,914,934,38.9,NORMAL
1610,20260805,WH_CH_01,SKU-201,651,674,30.7,NORMAL
1611,20260805,WH_CH_01,SKU-202,530,507,29.9,NORMAL
1612,20260805,WH_CH_01,SKU-203,531,557,18.6,NORMAL
1613,20260805,WH_CH_01,SKU-301,773,794,41.8,NORMAL
1614,20260805,WH_CH_01,SKU-302,355,345,20.3,NORMAL
1615,20260805,WH_CH_01,SKU-303,625,641,29.2,NORMAL
1616,20260805,WH_CH_01,SKU-401,606,586,36.7,NORMAL
1617,20260805,WH_CH_01,SKU-402,823,863,36.0,NORMAL
1618,20260805,WH_CH_01,SKU-101,336,326,25.1,NORMAL
1619,20260805,WH_CH_01,SKU-102,335,343,15.6,NORMAL
1620,20260805,WH_CH_01,SKU-103,472,485,34.7,NORMAL
1621,20260805,WH_CH_01,SKU-201,476,481,19.3,NORMAL
1622,20260805,WH_CH_01,SKU-202,174,167,7.3,WARNING
1623,20260805,WH_CH_01,SKU-203,189,195,9.8,WARNING
1624,20260805,WH_CH_01,SKU-301,188,185,9.3,WARNING
1625,20260805,WH_CH_01,SKU-302,548,549,32.3,NORMAL
1626,20260805,WH_CH_01,SKU-303,899,917,39.9,NORMAL
1627,20260805,WH_CH_01,SKU-401,343,350,26.9,NORMAL
1628,20260805,WH_CH_01,SKU-402,602,611,32.2,NORMAL
1629,20260805,WH_CH_01,SKU-101,751,730,31.7,NORMAL
1630,20260805,WH_CH_01,SKU-102,460,479,21.8,NORMAL
1631,20260805,WH_CH_01,SKU-103,406,392,16.4,NORMAL
1632,20260805,WH_CH_01,SKU-201,158,160,7.7,WARNING
1633,20260805,WH_CH_01,SKU-202,564,538,24.5,NORMAL
1634,20260805,WH_CH_01,SKU-203,597,626,27.3,NORMAL
1635,20260805,WH_CH_01,SKU-301,316,327,14.9,NORMAL
1636,20260805,WH_CH_01,SKU-302,671,668,33.4,NORMAL
1637,20260805,WH_CH_01,SKU-303,140,134,7.4,WARNING
1638,20260805,WH_CH_01,SKU-401,228,224,10.7,WARNING
1639,20260805,WH_CH_01,SKU-402,1265,1317,43.9,NORMAL
1640,20260805,WH_CH_01,SKU-101,172,165,9.7,WARNING
1641,20260805,WH_CH_01,SKU-102,175,185,7.7,WARNING
1642,20260805,WH_CH_01,SKU-103,393,390,24.4,NORMAL
1643,20260805,WH_CH_01,SKU-201,323,314,13.1,WARNING
1644,20260805,WH_CH_01,SKU-202,676,648,36.0,NORMAL
1645,20260805,WH_CH_01,SKU-203,676,705,26.1,NORMAL
1646,20260805,WH_CH_01,SKU-301,466,449,14.5,NORMAL
1647,20260805,WH_CH_01,SKU-302,535,532,38.0,NORMAL
1648,20260805,WH_CH_01,SKU-303,558,557,39.8,NORMAL
1649,20260805,WH_CH_01,SKU-401,655,626,27.2,NORMAL
1650,20260805,WH_CH_01,SKU-402,233,243,13.6,WARNING
1651,20260805,WH_CH_01,SKU-101,369,355,16.1,NORMAL
1652,20260805,WH_CH_01,SKU-102,316,303,17.9,NORMAL
1653,20260805,WH_CH_01,SKU-103,946,979,36.3,NORMAL
1654,20260805,WH_CH_01,SKU-201,453,462,28.9,NORMAL
1655,20260805,WH_CH_01,SKU-202,165,164,7.8,WARNING
1656,20260805,WH_CH_01,SKU-203,658,633,31.7,NORMAL
1657,20260805,WH_CH_01,SKU-301,598,588,31.0,NORMAL
1658,20260805,WH_CH_01,SKU-302,371,385,19.3,NORMAL
1659,20260805,WH_CH_01,SKU-303,534,535,24.3,NORMAL
1660,20260805,WH_CH_01,SKU-401,169,162,8.1,WARNING
1661,20260805,WH_CH_01,SKU-402,314,328,14.3,NORMAL
1662,20260805,WH_CH_01,SKU-101,340,345,15.7,NORMAL
1663,20260805,WH_CH_01,SKU-102,685,661,31.5,NORMAL
1664,20260805,WH_CH_01,SKU-103,173,173,10.8,WARNING
1665,20260805,WH_CH_01,SKU-201,474,459,21.9,NORMAL
1666,20260805,WH_CH_01,SKU-202,594,594,42.4,NORMAL
1667,20260805,WH_CH_01,SKU-203,329,339,14.7,NORMAL
1668,20260805,WH_CH_01,SKU-301,250,243,22.1,NORMAL
1669,20260805,WH_CH_01,SKU-302,875,852,44.9,NORMAL
1670,20260805,WH_CH_01,SKU-303,211,210,9.5,WARNING
1671,20260805,WH_CH_01,SKU-401,593,596,33.1,NORMAL
1672,20260805,WH_CH_01,SKU-402,303,305,12.7,WARNING
1673,20260812,WH_CH_01,SKU-101,650,676,42.3,NORMAL
1674,20260812,WH_CH_01,SKU-102,454,459,28.7,NORMAL
1675,20260812,WH_CH_01,SKU-103,130,129,10.8,WARNING
1676,20260812,WH_CH_01,SKU-201,193,191,9.6,WARNING
1677,20260812,WH_CH_01,SKU-202,568,563,29.7,NORMAL
1678,20260812,WH_CH_01,SKU-203,473,462,28.9,NORMAL
1679,20260812,WH_CH_01,SKU-301,675,694,38.6,NORMAL
1680,20260812,WH_CH_01,SKU-302,784,792,41.7,NORMAL
1681,20260812,WH_CH_01,SKU-303,271,260,16.3,NORMAL
1682,20260812,WH_CH_01,SKU-401,373,362,20.1,NORMAL
1683,20260812,WH_CH_01,SKU-402,1065,1052,42.1,NORMAL
1684,20260812,WH_CH_01,SKU-101,385,381,14.7,NORMAL
1685,20260812,WH_CH_01,SKU-102,282,293,22.5,NORMAL
1686,20260812,WH_CH_01,SKU-103,263,253,11.0,WARNING
1687,20260812,WH_CH_01,SKU-201,1103,1098,42.2,NORMAL
1688,20260812,WH_CH_01,SKU-202,407,402,21.2,NORMAL
1689,20260812,WH_CH_01,SKU-203,597,610,26.6,NORMAL
1690,20260812,WH_CH_01,SKU-301,752,779,37.1,NORMAL
1691,20260812,WH_CH_01,SKU-302,325,330,18.3,NORMAL
1692,20260812,WH_CH_01,SKU-303,242,236,19.7,NORMAL
1693,20260812,WH_CH_01,SKU-401,142,142,9.5,WARNING
1694,20260812,WH_CH_01,SKU-402,782,800,38.1,NORMAL
1695,20260812,WH_CH_01,SKU-101,623,613,43.8,NORMAL
1696,20260812,WH_CH_01,SKU-102,222,229,25.5,NORMAL
1697,20260812,WH_CH_01,SKU-103,723,726,30.3,NORMAL
1698,20260812,WH_CH_01,SKU-201,539,547,34.2,NORMAL
1699,20260812,WH_CH_01,SKU-202,253,252,12.6,WARNING
1700,20260812,WH_CH_01,SKU-203,140,138,7.7,WARNING
1701,20260812,WH_CH_01,SKU-301,454,448,34.5,NORMAL
1702,20260812,WH_CH_01,SKU-302,747,732,27.1,NORMAL
1703,20260812,WH_CH_01,SKU-303,260,267,15.7,NORMAL
1704,20260812,WH_CH_01,SKU-401,705,676,37.6,NORMAL
1705,20260812,WH_CH_01,SKU-402,644,647,40.5,NORMAL
1706,20260812,WH_CH_01,SKU-101,453,459,23.0,NORMAL
1707,20260812,WH_CH_01,SKU-102,173,166,9.3,WARNING
1708,20260812,WH_CH_01,SKU-103,300,296,14.1,NORMAL
1709,20260812,WH_CH_01,SKU-201,300,307,11.8,WARNING
1710,20260812,WH_CH_01,SKU-202,476,491,32.8,NORMAL
1711,20260812,WH_CH_01,SKU-203,672,699,31.8,NORMAL
1712,20260812,WH_CH_01,SKU-301,413,421,20.0,NORMAL
1713,20260812,WH_CH_01,SKU-302,337,338,12.1,WARNING
1714,20260812,WH_CH_01,SKU-303,440,453,25.2,NORMAL
1715,20260812,WH_CH_01,SKU-401,691,700,31.8,NORMAL
1716,20260812,WH_CH_01,SKU-402,617,605,26.3,NORMAL
1717,20260812,WH_CH_01,SKU-101,257,264,13.9,WARNING
1718,20260812,WH_CH_01,SKU-102,698,686,38.2,NORMAL
1719,20260812,WH_CH_01,SKU-103,240,242,12.8,WARNING
1720,20260812,WH_CH_01,SKU-201,777,743,28.6,NORMAL
1721,20260812,WH_CH_01,SKU-202,776,752,34.2,NORMAL
1722,20260812,WH_CH_01,SKU-203,575,557,26.6,NORMAL
1723,20260812,WH_CH_01,SKU-301,908,899,30.0,NORMAL
1724,20260812,WH_CH_01,SKU-302,780,818,34.1,NORMAL
1725,20260812,WH_CH_01,SKU-303,785,807,42.5,NORMAL
1726,20260812,WH_CH_01,SKU-401,755,747,35.6,NORMAL
1727,20260812,WH_CH_01,SKU-402,860,866,36.1,NORMAL
1728,20260812,WH_CH_01,SKU-101,769,767,28.4,NORMAL
1729,20260812,WH_CH_01,SKU-102,479,476,26.5,NORMAL
1730,20260812,WH_CH_01,SKU-103,472,494,23.6,NORMAL
1731,20260812,WH_CH_01,SKU-201,824,816,31.4,NORMAL
1732,20260812,WH_CH_01,SKU-202,284,291,13.9,WARNING
1733,20260812,WH_CH_01,SKU-203,454,468,23.4,NORMAL
1734,20260812,WH_CH_01,SKU-301,288,300,23.1,NORMAL
1735,20260812,WH_CH_01,SKU-302,567,579,26.3,NORMAL
1736,20260812,WH_CH_01,SKU-303,671,642,23.0,NORMAL
1737,20260812,WH_CH_01,SKU-401,310,323,19.0,NORMAL
1738,20260812,WH_CH_01,SKU-402,567,572,30.1,NORMAL
1739,20260812,WH_CH_01,SKU-101,445,448,21.4,NORMAL
1740,20260812,WH_CH_01,SKU-102,785,809,31.1,NORMAL
1741,20260812,WH_CH_01,SKU-103,572,575,36.0,NORMAL
1742,20260812,WH_CH_01,SKU-201,222,218,12.2,WARNING
1743,20260812,WH_CH_01,SKU-202,1000,978,42.5,NORMAL
1744,20260812,WH_CH_01,SKU-203,353,371,21.9,NORMAL
1745,20260812,WH_CH_01,SKU-301,926,906,33.6,NORMAL
1746,20260812,WH_CH_01,SKU-302,846,864,34.6,NORMAL
1747,20260812,WH_CH_01,SKU-303,918,950,41.3,NORMAL
1748,20260812,WH_CH_01,SKU-401,635,620,36.5,NORMAL
1749,20260812,WH_CH_01,SKU-402,295,296,18.6,NORMAL
1750,20260812,WH_CH_01,SKU-101,638,643,32.2,NORMAL
1751,20260812,WH_CH_01,SKU-102,903,894,30.8,NORMAL
1752,20260812,WH_CH_01,SKU-103,343,355,20.9,NORMAL
1753,20260812,WH_CH_01,SKU-201,273,275,13.8,WARNING
1754,20260812,WH_CH_01,SKU-202,230,227,12.0,WARNING
1755,20260812,WH_CH_01,SKU-203,116,116,9.0,WARNING
1756,20260812,WH_CH_01,SKU-301,836,821,37.3,NORMAL
1757,20260812,WH_CH_01,SKU-302,87,84,7.7,WARNING
1758,20260812,WH_CH_01,SKU-303,315,324,19.1,NORMAL
1759,20260812,WH_CH_01,SKU-401,476,455,30.4,NORMAL
1760,20260812,WH_CH_01,SKU-402,180,175,8.3,WARNING
1761,20260819,WH_CH_01,SKU-101,506,483,24.2,NORMAL
1762,20260819,WH_CH_01,SKU-102,196,195,11.5,WARNING
1763,20260819,WH_CH_01,SKU-103,568,545,41.9,NORMAL
1764,20260819,WH_CH_01,SKU-201,138,138,10.7,WARNING
1765,20260819,WH_CH_01,SKU-202,1033,1003,40.1,NORMAL
1766,20260819,WH_CH_01,SKU-203,121,123,7.3,WARNING
1767,20260819,WH_CH_01,SKU-301,679,661,34.8,NORMAL
1768,20260819,WH_CH_01,SKU-302,763,760,33.1,NORMAL
1769,20260819,WH_CH_01,SKU-303,368,353,16.8,NORMAL
1770,20260819,WH_CH_01,SKU-401,230,239,14.1,NORMAL
1771,20260819,WH_CH_01,SKU-402,658,670,41.9,NORMAL
1772,20260819,WH_CH_01,SKU-101,363,349,20.6,NORMAL
1773,20260819,WH_CH_01,SKU-102,503,490,27.3,NORMAL
1774,20260819,WH_CH_01,SKU-103,255,245,11.7,WARNING
1775,20260819,WH_CH_01,SKU-201,925,917,38.2,NORMAL
1776,20260819,WH_CH_01,SKU-202,710,733,36.7,NORMAL
1777,20260819,WH_CH_01,SKU-203,816,857,37.3,NORMAL
1778,20260819,WH_CH_01,SKU-301,206,207,13.0,WARNING
1779,20260819,WH_CH_01,SKU-302,320,323,15.4,NORMAL
1780,20260819,WH_CH_01,SKU-303,280,274,19.6,NORMAL
1781,20260819,WH_CH_01,SKU-401,464,444,29.6,NORMAL
1782,20260819,WH_CH_01,SKU-402,629,605,27.5,NORMAL
1783,20260819,WH_CH_01,SKU-101,437,429,33.0,NORMAL
1784,20260819,WH_CH_01,SKU-102,379,373,20.8,NORMAL
1785,20260819,WH_CH_01,SKU-103,232,245,15.4,NORMAL
1786,20260819,WH_CH_01,SKU-201,415,405,20.3,NORMAL
1787,20260819,WH_CH_01,SKU-202,202,198,10.4,WARNING
1788,20260819,WH_CH_01,SKU-203,487,495,27.5,NORMAL
1789,20260819,WH_CH_01,SKU-301,536,532,29.6,NORMAL
1790,20260819,WH_CH_01,SKU-302,415,433,18.1,NORMAL
1791,20260819,WH_CH_01,SKU-303,752,741,43.6,NORMAL
1792,20260819,WH_CH_01,SKU-401,291,299,12.5,WARNING
1793,20260819,WH_CH_01,SKU-402,330,319,20.0,NORMAL
1794,20260819,WH_CH_01,SKU-101,343,330,14.4,NORMAL
1795,20260819,WH_CH_01,SKU-102,318,323,20.2,NORMAL
1796,20260819,WH_CH_01,SKU-103,223,234,12.3,WARNING
1797,20260819,WH_CH_01,SKU-201,645,629,33.1,NORMAL
1798,20260819,WH_CH_01,SKU-202,1070,1045,41.8,NORMAL
1799,20260819,WH_CH_01,SKU-203,790,753,26.0,NORMAL
1800,20260819,WH_CH_01,SKU-301,185,179,8.2,WARNING
1801,20260819,WH_CH_01,SKU-302,178,183,8.0,WARNING
1802,20260819,WH_CH_01,SKU-303,1125,1132,41.9,NORMAL
1803,20260819,WH_CH_01,SKU-401,413,428,14.8,NORMAL
1804,20260819,WH_CH_01,SKU-402,277,267,17.9,NORMAL
1805,20260819,WH_CH_01,SKU-101,842,841,42.1,NORMAL
1806,20260819,WH_CH_01,SKU-102,1056,1103,44.1,NORMAL
1807,20260819,WH_CH_01,SKU-103,324,328,14.3,NORMAL
1808,20260819,WH_CH_01,SKU-201,520,496,29.2,NORMAL
1809,20260819,WH_CH_01,SKU-202,172,179,8.5,WARNING
1810,20260819,WH_CH_01,SKU-203,721,718,27.6,NORMAL
1811,20260819,WH_CH_01,SKU-301,775,814,37.0,NORMAL
1812,20260819,WH_CH_01,SKU-302,757,727,25.1,NORMAL
1813,20260819,WH_CH_01,SKU-303,316,314,15.7,NORMAL
1814,20260819,WH_CH_01,SKU-401,260,253,19.5,NORMAL
1815,20260819,WH_CH_01,SKU-402,293,291,22.5,NORMAL
1816,20260819,WH_CH_01,SKU-101,498,521,32.6,NORMAL
1817,20260819,WH_CH_01,SKU-102,309,325,29.6,NORMAL
1818,20260819,WH_CH_01,SKU-103,222,218,10.0,WARNING
1819,20260819,WH_CH_01,SKU-201,656,637,30.3,NORMAL
1820,20260819,WH_CH_01,SKU-202,421,403,16.8,NORMAL
1821,20260819,WH_CH_01,SKU-203,962,996,38.3,NORMAL
1822,20260819,WH_CH_01,SKU-301,160,155,10.3,WARNING
1823,20260819,WH_CH_01,SKU-302,848,824,39.2,NORMAL
1824,20260819,WH_CH_01,SKU-303,456,447,34.4,NORMAL
1825,20260819,WH_CH_01,SKU-401,451,436,19.0,NORMAL
1826,20260819,WH_CH_01,SKU-402,219,212,7.9,WARNING
1827,20260819,WH_CH_01,SKU-101,359,363,20.2,NORMAL
1828,20260819,WH_CH_01,SKU-102,187,179,10.0,WARNING
1829,20260819,WH_CH_01,SKU-103,381,400,15.4,NORMAL
1830,20260819,WH_CH_01,SKU-201,355,339,26.1,NORMAL
1831,20260819,WH_CH_01,SKU-202,613,634,33.4,NORMAL
1832,20260819,WH_CH_01,SKU-203,510,489,17.5,NORMAL
1833,20260819,WH_CH_01,SKU-301,654,639,29.0,NORMAL
1834,20260819,WH_CH_01,SKU-302,655,651,43.5,NORMAL
1835,20260819,WH_CH_01,SKU-303,490,467,21.2,NORMAL
1836,20260819,WH_CH_01,SKU-401,721,720,32.7,NORMAL
1837,20260819,WH_CH_01,SKU-402,271,270,12.9,WARNING
1838,20260819,WH_CH_01,SKU-101,172,167,11.2,WARNING
1839,20260819,WH_CH_01,SKU-102,213,212,16.3,NORMAL
1840,20260819,WH_CH_01,SKU-103,696,721,27.8,NORMAL
1841,20260819,WH_CH_01,SKU-201,386,383,22.6,NORMAL
1842,20260819,WH_CH_01,SKU-202,723,752,44.3,NORMAL
1843,20260819,WH_CH_01,SKU-203,342,329,22.0,NORMAL
1844,20260819,WH_CH_01,SKU-301,161,166,7.6,WARNING
1845,20260819,WH_CH_01,SKU-302,647,660,38.8,NORMAL
1846,20260819,WH_CH_01,SKU-303,138,132,7.3,WARNING
1847,20260819,WH_CH_01,SKU-401,165,166,11.9,WARNING
1848,20260819,WH_CH_01,SKU-402,633,665,23.8,NORMAL
1849,20260826,WH_CH_01,SKU-101,803,806,33.6,NORMAL
1850,20260826,WH_CH_01,SKU-102,729,716,26.5,NORMAL
1851,20260826,WH_CH_01,SKU-103,364,380,19.0,NORMAL
1852,20260826,WH_CH_01,SKU-201,220,218,11.5,WARNING
1853,20260826,WH_CH_01,SKU-202,432,416,15.4,NORMAL
1854,20260826,WH_CH_01,SKU-203,526,517,22.5,NORMAL
1855,20260826,WH_CH_01,SKU-301,616,599,28.6,NORMAL
1856,20260826,WH_CH_01,SKU-302,750,759,44.7,NORMAL
1857,20260826,WH_CH_01,SKU-303,443,425,17.7,NORMAL
1858,20260826,WH_CH_01,SKU-401,599,618,30.9,NORMAL
1859,20260826,WH_CH_01,SKU-402,325,323,26.9,NORMAL
1860,20260826,WH_CH_01,SKU-101,352,343,16.3,NORMAL
1861,20260826,WH_CH_01,SKU-102,445,456,35.1,NORMAL
1862,20260826,WH_CH_01,SKU-103,516,525,26.3,NORMAL
1863,20260826,WH_CH_01,SKU-201,628,629,28.6,NORMAL
1864,20260826,WH_CH_01,SKU-202,983,975,40.6,NORMAL
1865,20260826,WH_CH_01,SKU-203,962,1000,40.0,NORMAL
1866,20260826,WH_CH_01,SKU-301,765,756,32.9,NORMAL
1867,20260826,WH_CH_01,SKU-302,264,263,17.5,NORMAL
1868,20260826,WH_CH_01,SKU-303,618,611,26.6,NORMAL
1869,20260826,WH_CH_01,SKU-401,221,221,11.1,WARNING
1870,20260826,WH_CH_01,SKU-402,146,146,8.2,WARNING
1871,20260826,WH_CH_01,SKU-101,655,627,29.9,NORMAL
1872,20260826,WH_CH_01,SKU-102,308,310,12.9,WARNING
1873,20260826,WH_CH_01,SKU-103,346,347,15.8,NORMAL
1874,20260826,WH_CH_01,SKU-201,518,533,24.3,NORMAL
1875,20260826,WH_CH_01,SKU-202,517,530,26.5,NORMAL
1876,20260826,WH_CH_01,SKU-203,113,113,7.1,WARNING
1877,20260826,WH_CH_01,SKU-301,146,153,8.5,WARNING
1878,20260826,WH_CH_01,SKU-302,178,184,7.1,WARNING
1879,20260826,WH_CH_01,SKU-303,491,472,26.3,NORMAL
1880,20260826,WH_CH_01,SKU-401,218,214,14.3,NORMAL
1881,20260826,WH_CH_01,SKU-402,747,737,33.5,NORMAL
1882,20260826,WH_CH_01,SKU-101,539,559,23.3,NORMAL
1883,20260826,WH_CH_01,SKU-102,645,632,33.3,NORMAL
1884,20260826,WH_CH_01,SKU-103,371,356,21.0,NORMAL
1885,20260826,WH_CH_01,SKU-201,664,639,35.5,NORMAL
1886,20260826,WH_CH_01,SKU-202,435,443,23.3,NORMAL
1887,20260826,WH_CH_01,SKU-203,552,575,41.1,NORMAL
1888,20260826,WH_CH_01,SKU-301,825,824,41.2,NORMAL
1889,20260826,WH_CH_01,SKU-302,273,266,12.7,WARNING
1890,20260826,WH_CH_01,SKU-303,245,253,11.0,WARNING
1891,20260826,WH_CH_01,SKU-401,986,940,37.6,NORMAL
1892,20260826,WH_CH_01,SKU-402,492,489,18.8,NORMAL
1893,20260826,WH_CH_01,SKU-101,765,798,36.3,NORMAL
1894,20260826,WH_CH_01,SKU-102,644,622,25.9,NORMAL
1895,20260826,WH_CH_01,SKU-103,175,169,13.1,WARNING
1896,20260826,WH_CH_01,SKU-201,356,364,14.0,NORMAL
1897,20260826,WH_CH_01,SKU-202,713,734,36.7,NORMAL
1898,20260826,WH_CH_01,SKU-203,184,181,13.0,WARNING
1899,20260826,WH_CH_01,SKU-301,206,197,9.4,WARNING
1900,20260826,WH_CH_01,SKU-302,213,223,10.2,WARNING
1901,20260826,WH_CH_01,SKU-303,596,590,28.1,NORMAL
1902,20260826,WH_CH_01,SKU-401,145,140,7.8,WARNING
1903,20260826,WH_CH_01,SKU-402,636,645,43.1,NORMAL
1904,20260826,WH_CH_01,SKU-101,414,427,18.6,NORMAL
1905,20260826,WH_CH_01,SKU-102,466,444,17.8,NORMAL
1906,20260826,WH_CH_01,SKU-103,792,803,44.6,NORMAL
1907,20260826,WH_CH_01,SKU-201,329,339,18.9,NORMAL
1908,20260826,WH_CH_01,SKU-202,161,164,8.6,WARNING
1909,20260826,WH_CH_01,SKU-203,560,573,31.9,NORMAL
1910,20260826,WH_CH_01,SKU-301,312,320,15.3,NORMAL
1911,20260826,WH_CH_01,SKU-302,464,457,30.5,NORMAL
1912,20260826,WH_CH_01,SKU-303,635,664,44.3,NORMAL
1913,20260826,WH_CH_01,SKU-401,178,174,8.7,WARNING
1914,20260826,WH_CH_01,SKU-402,1397,1415,38.2,NORMAL
1915,20260826,WH_CH_01,SKU-101,136,136,9.7,WARNING
1916,20260826,WH_CH_01,SKU-102,284,289,14.5,NORMAL
1917,20260826,WH_CH_01,SKU-103,220,218,14.6,NORMAL
1918,20260826,WH_CH_01,SKU-201,464,468,27.5,NORMAL
1919,20260826,WH_CH_01,SKU-202,859,840,38.2,NORMAL
1920,20260826,WH_CH_01,SKU-203,771,769,38.5,NORMAL
1921,20260826,WH_CH_01,SKU-301,245,245,20.5,NORMAL
1922,20260826,WH_CH_01,SKU-302,729,717,32.6,NORMAL
1923,20260826,WH_CH_01,SKU-303,398,402,31.0,NORMAL
1924,20260826,WH_CH_01,SKU-401,343,342,14.3,NORMAL
1925,20260826,WH_CH_01,SKU-402,429,450,22.5,NORMAL
1926,20260826,WH_CH_01,SKU-101,239,231,28.9,NORMAL
1927,20260826,WH_CH_01,SKU-102,596,576,33.9,NORMAL
1928,20260826,WH_CH_01,SKU-103,174,182,13.0,WARNING
1929,20260826,WH_CH_01,SKU-201,270,281,14.8,NORMAL
1930,20260826,WH_CH_01,SKU-202,445,438,19.1,NORMAL
1931,20260826,WH_CH_01,SKU-203,339,330,18.4,NORMAL
1932,20260826,WH_CH_01,SKU-301,136,133,7.9,WARNING
1933,20260826,WH_CH_01,SKU-302,326,334,15.2,NORMAL
1934,20260826,WH_CH_01,SKU-303,372,365,17.4,NORMAL
1935,20260826,WH_CH_01,SKU-401,599,594,22.9,NORMAL
1936,20260826,WH_CH_01,SKU-402,301,315,15.0,NORMAL
1937,20260902,WH_CH_01,SKU-101,269,274,13.1,WARNING
1938,20260902,WH_CH_01,SKU-102,260,259,14.4,NORMAL
1939,20260902,WH_CH_01,SKU-103,862,842,38.3,NORMAL
1940,20260902,WH_CH_01,SKU-201,201,198,8.6,WARNING
1941,20260902,WH_CH_01,SKU-202,1124,1119,38.6,NORMAL
1942,20260902,WH_CH_01,SKU-203,588,578,34.1,NORMAL
1943,20260902,WH_CH_01,SKU-301,265,255,8.5,WARNING
1944,20260902,WH_CH_01,SKU-302,590,602,40.2,NORMAL
1945,20260902,WH_CH_01,SKU-303,889,929,37.2,NORMAL
1946,20260902,WH_CH_01,SKU-401,574,564,25.7,NORMAL
1947,20260902,WH_CH_01,SKU-402,1211,1218,43.5,NORMAL
1948,20260902,WH_CH_01,SKU-101,849,889,44.5,NORMAL
1949,20260902,WH_CH_01,SKU-102,406,390,21.7,NORMAL
1950,20260902,WH_CH_01,SKU-103,429,415,23.1,NORMAL
1951,20260902,WH_CH_01,SKU-201,477,481,24.1,NORMAL
1952,20260902,WH_CH_01,SKU-202,235,239,14.1,NORMAL
1953,20260902,WH_CH_01,SKU-203,785,749,34.1,NORMAL
1954,20260902,WH_CH_01,SKU-301,235,238,13.2,WARNING
1955,20260902,WH_CH_01,SKU-302,316,320,13.9,WARNING
1956,20260902,WH_CH_01,SKU-303,1127,1084,43.4,NORMAL
1957,20260902,WH_CH_01,SKU-401,332,332,22.2,NORMAL
1958,20260902,WH_CH_01,SKU-402,223,234,11.7,WARNING
1959,20260902,WH_CH_01,SKU-101,150,145,10.4,WARNING
1960,20260902,WH_CH_01,SKU-102,566,574,18.5,NORMAL
1961,20260902,WH_CH_01,SKU-103,546,523,26.2,NORMAL
1962,20260902,WH_CH_01,SKU-201,636,610,33.9,NORMAL
1963,20260902,WH_CH_01,SKU-202,802,817,35.5,NORMAL
1964,20260902,WH_CH_01,SKU-203,739,717,35.9,NORMAL
1965,20260902,WH_CH_01,SKU-301,663,682,37.9,NORMAL
1966,20260902,WH_CH_01,SKU-302,243,242,10.5,WARNING
1967,20260902,WH_CH_01,SKU-303,1036,1036,38.4,NORMAL
1968,20260902,WH_CH_01,SKU-401,451,463,18.5,NORMAL
1969,20260902,WH_CH_01,SKU-402,332,320,13.9,WARNING
1970,20260902,WH_CH_01,SKU-101,235,248,17.8,NORMAL
1971,20260902,WH_CH_01,SKU-102,179,178,10.5,WARNING
1972,20260902,WH_CH_01,SKU-103,620,607,33.8,NORMAL
1973,20260902,WH_CH_01,SKU-201,1140,1095,43.8,NORMAL
1974,20260902,WH_CH_01,SKU-202,152,149,7.1,WARNING
1975,20260902,WH_CH_01,SKU-203,690,671,37.3,NORMAL
1976,20260902,WH_CH_01,SKU-301,446,465,29.1,NORMAL
1977,20260902,WH_CH_01,SKU-302,539,524,26.2,NORMAL
1978,20260902,WH_CH_01,SKU-303,602,594,19.8,NORMAL
1979,20260902,WH_CH_01,SKU-401,582,603,22.3,NORMAL
1980,20260902,WH_CH_01,SKU-402,849,857,42.9,NORMAL
1981,20260902,WH_CH_01,SKU-101,410,403,19.2,NORMAL
1982,20260902,WH_CH_01,SKU-102,317,317,13.2,WARNING
1983,20260902,WH_CH_01,SKU-103,791,791,44.0,NORMAL
1984,20260902,WH_CH_01,SKU-201,1142,1110,42.7,NORMAL
1985,20260902,WH_CH_01,SKU-202,641,636,25.5,NORMAL
1986,20260902,WH_CH_01,SKU-203,420,408,14.1,NORMAL
1987,20260902,WH_CH_01,SKU-301,764,797,38.0,NORMAL
1988,20260902,WH_CH_01,SKU-302,883,902,43.0,NORMAL
1989,20260902,WH_CH_01,SKU-303,205,202,12.7,WARNING
1990,20260902,WH_CH_01,SKU-401,512,517,30.4,NORMAL
1991,20260902,WH_CH_01,SKU-402,759,765,21.9,NORMAL
1992,20260902,WH_CH_01,SKU-101,245,235,10.7,WARNING
1993,20260902,WH_CH_01,SKU-102,442,455,24.0,NORMAL
1994,20260902,WH_CH_01,SKU-103,167,173,13.3,WARNING
1995,20260902,WH_CH_01,SKU-201,557,587,30.9,NORMAL
1996,20260902,WH_CH_01,SKU-202,997,1032,32.3,NORMAL
1997,20260902,WH_CH_01,SKU-203,483,484,19.4,NORMAL
1998,20260902,WH_CH_01,SKU-301,226,228,10.9,WARNING
1999,20260902,WH_CH_01,SKU-302,228,236,11.2,WARNING
2000,20260902,WH_CH_01,SKU-303,553,556,34.8,NORMAL
2001,20260902,WH_CH_01,SKU-401,188,184,13.2,WARNING
2002,20260902,WH_CH_01,SKU-402,486,500,33.3,NORMAL
2003,20260902,WH_CH_01,SKU-101,108,108,9.1,WARNING
2004,20260902,WH_CH_01,SKU-102,639,613,25.6,NORMAL
2005,20260902,WH_CH_01,SKU-103,493,476,31.8,NORMAL
2006,20260902,WH_CH_01,SKU-201,162,156,12.0,WARNING
2007,20260902,WH_CH_01,SKU-202,332,345,18.2,NORMAL
2008,20260902,WH_CH_01,SKU-203,657,665,39.1,NORMAL
2009,20260902,WH_CH_01,SKU-301,921,900,33.4,NORMAL
2010,20260902,WH_CH_01,SKU-302,337,354,20.9,NORMAL
2011,20260902,WH_CH_01,SKU-303,355,371,16.2,NORMAL
2012,20260902,WH_CH_01,SKU-401,811,789,32.9,NORMAL
2013,20260902,WH_CH_01,SKU-402,703,707,37.2,NORMAL
2014,20260902,WH_CH_01,SKU-101,368,381,15.2,NORMAL
2015,20260902,WH_CH_01,SKU-102,513,514,22.4,NORMAL
2016,20260902,WH_CH_01,SKU-103,438,448,21.4,NORMAL
2017,20260902,WH_CH_01,SKU-201,241,244,13.6,WARNING
2018,20260902,WH_CH_01,SKU-202,773,808,44.9,NORMAL
2019,20260902,WH_CH_01,SKU-203,890,855,38.9,NORMAL
2020,20260902,WH_CH_01,SKU-301,301,313,16.5,NORMAL
2021,20260902,WH_CH_01,SKU-302,370,375,22.1,NORMAL
2022,20260902,WH_CH_01,SKU-303,295,310,16.3,NORMAL
2023,20260902,WH_CH_01,SKU-401,178,185,9.3,WARNING
2024,20260902,WH_CH_01,SKU-402,779,806,40.3,NORMAL
2025,20260909,WH_CH_01,SKU-101,443,457,25.4,NORMAL
2026,20260909,WH_CH_01,SKU-102,358,375,17.1,NORMAL
2027,20260909,WH_CH_01,SKU-103,913,936,39.0,NORMAL
2028,20260909,WH_CH_01,SKU-201,403,397,18.1,NORMAL
2029,20260909,WH_CH_01,SKU-202,949,933,37.4,NORMAL
2030,20260909,WH_CH_01,SKU-203,481,474,26.4,NORMAL
2031,20260909,WH_CH_01,SKU-301,767,784,39.2,NORMAL
2032,20260909,WH_CH_01,SKU-302,357,351,14.0,NORMAL
2033,20260909,WH_CH_01,SKU-303,124,123,10.3,WARNING
2034,20260909,WH_CH_01,SKU-401,288,300,13.7,WARNING
2035,20260909,WH_CH_01,SKU-402,506,533,31.4,NORMAL
2036,20260909,WH_CH_01,SKU-101,540,549,23.9,NORMAL
2037,20260909,WH_CH_01,SKU-102,1094,1109,44.4,NORMAL
2038,20260909,WH_CH_01,SKU-103,608,611,22.6,NORMAL
2039,20260909,WH_CH_01,SKU-201,264,255,13.5,WARNING
2040,20260909,WH_CH_01,SKU-202,150,149,7.1,WARNING
2041,20260909,WH_CH_01,SKU-203,651,670,35.3,NORMAL
2042,20260909,WH_CH_01,SKU-301,416,428,26.8,NORMAL
2043,20260909,WH_CH_01,SKU-302,631,665,33.3,NORMAL
2044,20260909,WH_CH_01,SKU-303,769,741,35.3,NORMAL
2045,20260909,WH_CH_01,SKU-401,202,206,10.9,WARNING
2046,20260909,WH_CH_01,SKU-402,447,451,37.7,NORMAL
2047,20260909,WH_CH_01,SKU-101,693,668,39.3,NORMAL
2048,20260909,WH_CH_01,SKU-102,278,286,16.8,NORMAL
2049,20260909,WH_CH_01,SKU-103,150,153,11.0,WARNING
2050,20260909,WH_CH_01,SKU-201,877,896,40.7,NORMAL
2051,20260909,WH_CH_01,SKU-202,286,299,16.6,NORMAL
2052,20260909,WH_CH_01,SKU-203,584,563,33.2,NORMAL
2053,20260909,WH_CH_01,SKU-301,208,204,15.7,NORMAL
2054,20260909,WH_CH_01,SKU-302,58,60,10.0,WARNING
2055,20260909,WH_CH_01,SKU-303,390,380,22.4,NORMAL
2056,20260909,WH_CH_01,SKU-401,434,431,30.8,NORMAL
2057,20260909,WH_CH_01,SKU-402,288,292,19.5,NORMAL
2058,20260909,WH_CH_01,SKU-101,529,535,28.2,NORMAL
2059,20260909,WH_CH_01,SKU-102,324,318,18.7,NORMAL
2060,20260909,WH_CH_01,SKU-103,294,287,16.0,NORMAL
2061,20260909,WH_CH_01,SKU-201,221,213,9.3,WARNING
2062,20260909,WH_CH_01,SKU-202,689,669,25.7,NORMAL
2063,20260909,WH_CH_01,SKU-203,359,351,25.1,NORMAL
2064,20260909,WH_CH_01,SKU-301,713,687,32.7,NORMAL
2065,20260909,WH_CH_01,SKU-302,321,317,12.2,WARNING
2066,20260909,WH_CH_01,SKU-303,704,733,28.2,NORMAL
2067,20260909,WH_CH_01,SKU-401,835,872,39.7,NORMAL
2068,20260909,WH_CH_01,SKU-402,727,700,35.0,NORMAL
2069,20260909,WH_CH_01,SKU-101,684,677,39.8,NORMAL
2070,20260909,WH_CH_01,SKU-102,514,529,33.1,NORMAL
2071,20260909,WH_CH_01,SKU-103,414,407,18.5,NORMAL
2072,20260909,WH_CH_01,SKU-201,574,565,40.4,NORMAL
2073,20260909,WH_CH_01,SKU-202,401,399,20.0,NORMAL
2074,20260909,WH_CH_01,SKU-203,337,338,22.5,NORMAL
2075,20260909,WH_CH_01,SKU-301,594,567,43.6,NORMAL
2076,20260909,WH_CH_01,SKU-302,582,606,31.9,NORMAL
2077,20260909,WH_CH_01,SKU-303,507,503,29.6,NORMAL
2078,20260909,WH_CH_01,SKU-401,366,364,15.2,NORMAL
2079,20260909,WH_CH_01,SKU-402,943,902,39.2,NORMAL
2080,20260909,WH_CH_01,SKU-101,780,819,39.0,NORMAL
2081,20260909,WH_CH_01,SKU-102,923,937,40.8,NORMAL
2082,20260909,WH_CH_01,SKU-103,301,308,14.0,NORMAL
2083,20260909,WH_CH_01,SKU-201,366,367,13.6,WARNING
2084,20260909,WH_CH_01,SKU-202,265,258,19.9,NORMAL
2085,20260909,WH_CH_01,SKU-203,891,932,44.4,NORMAL
2086,20260909,WH_CH_01,SKU-301,179,189,8.2,WARNING
2087,20260909,WH_CH_01,SKU-302,326,331,19.5,NORMAL
2088,20260909,WH_CH_01,SKU-303,849,830,36.1,NORMAL
2089,20260909,WH_CH_01,SKU-401,360,354,17.7,NORMAL
2090,20260909,WH_CH_01,SKU-402,1228,1291,41.7,NORMAL
2091,20260909,WH_CH_01,SKU-101,320,319,15.2,NORMAL
2092,20260909,WH_CH_01,SKU-102,830,809,30.0,NORMAL
2093,20260909,WH_CH_01,SKU-103,285,292,20.9,NORMAL
2094,20260909,WH_CH_01,SKU-201,180,179,12.0,WARNING
2095,20260909,WH_CH_01,SKU-202,654,626,27.2,NORMAL
2096,20260909,WH_CH_01,SKU-203,636,647,36.0,NORMAL
2097,20260909,WH_CH_01,SKU-301,154,158,12.2,WARNING
2098,20260909,WH_CH_01,SKU-302,850,843,42.2,NORMAL
2099,20260909,WH_CH_01,SKU-303,723,728,33.1,NORMAL
2100,20260909,WH_CH_01,SKU-401,639,644,24.8,NORMAL
2101,20260909,WH_CH_01,SKU-402,632,608,33.8,NORMAL
2102,20260909,WH_CH_01,SKU-101,422,420,21.0,NORMAL
2103,20260909,WH_CH_01,SKU-102,161,159,8.4,WARNING
2104,20260909,WH_CH_01,SKU-103,371,367,16.7,NORMAL
2105,20260909,WH_CH_01,SKU-201,832,857,42.9,NORMAL
2106,20260909,WH_CH_01,SKU-202,928,967,40.3,NORMAL
2107,20260909,WH_CH_01,SKU-203,197,204,13.6,WARNING
2108,20260909,WH_CH_01,SKU-301,373,361,17.2,NORMAL
2109,20260909,WH_CH_01,SKU-302,722,757,31.6,NORMAL
2110,20260909,WH_CH_01,SKU-303,225,228,12.7,WARNING
2111,20260909,WH_CH_01,SKU-401,557,535,29.7,NORMAL
2112,20260909,WH_CH_01,SKU-402,362,382,27.3,NORMAL
2113,20260916,WH_CH_01,SKU-101,604,613,25.5,NORMAL
2114,20260916,WH_CH_01,SKU-102,130,136,7.6,WARNING
2115,20260916,WH_CH_01,SKU-103,714,731,36.6,NORMAL
2116,20260916,WH_CH_01,SKU-201,254,267,20.6,NORMAL
2117,20260916,WH_CH_01,SKU-202,270,263,18.8,NORMAL
2118,20260916,WH_CH_01,SKU-203,295,292,11.7,WARNING
2119,20260916,WH_CH_01,SKU-301,218,215,9.4,WARNING
2120,20260916,WH_CH_01,SKU-302,419,434,25.6,NORMAL
2121,20260916,WH_CH_01,SKU-303,885,896,39.0,NORMAL
2122,20260916,WH_CH_01,SKU-401,431,430,21.5,NORMAL
2123,20260916,WH_CH_01,SKU-402,609,613,30.7,NORMAL
2124,20260916,WH_CH_01,SKU-101,268,269,11.2,WARNING
2125,20260916,WH_CH_01,SKU-102,829,853,37.1,NORMAL
2126,20260916,WH_CH_01,SKU-103,146,152,7.3,WARNING
2127,20260916,WH_CH_01,SKU-201,455,437,20.8,NORMAL
2128,20260916,WH_CH_01,SKU-202,515,514,28.6,NORMAL
2129,20260916,WH_CH_01,SKU-203,825,830,41.5,NORMAL
2130,20260916,WH_CH_01,SKU-301,196,191,9.6,WARNING
2131,20260916,WH_CH_01,SKU-302,753,726,36.3,NORMAL
2132,20260916,WH_CH_01,SKU-303,307,303,16.8,NORMAL
2133,20260916,WH_CH_01,SKU-401,135,138,10.6,WARNING
2134,20260916,WH_CH_01,SKU-402,143,148,8.7,WARNING
2135,20260916,WH_CH_01,SKU-101,238,227,12.0,WARNING
2136,20260916,WH_CH_01,SKU-102,270,261,15.4,NORMAL
2137,20260916,WH_CH_01,SKU-103,341,359,20.0,NORMAL
2138,20260916,WH_CH_01,SKU-201,224,231,11.6,WARNING
2139,20260916,WH_CH_01,SKU-202,615,614,25.6,NORMAL
2140,20260916,WH_CH_01,SKU-203,638,672,29.3,NORMAL
2141,20260916,WH_CH_01,SKU-301,680,707,41.6,NORMAL
2142,20260916,WH_CH_01,SKU-302,321,318,21.2,NORMAL
2143,20260916,WH_CH_01,SKU-303,713,744,41.4,NORMAL
2144,20260916,WH_CH_01,SKU-401,362,345,18.2,NORMAL
2145,20260916,WH_CH_01,SKU-402,884,885,38.5,NORMAL
2146,20260916,WH_CH_01,SKU-101,391,402,15.5,NORMAL
2147,20260916,WH_CH_01,SKU-102,263,251,12.6,WARNING
2148,20260916,WH_CH_01,SKU-103,1151,1103,40.9,NORMAL
2149,20260916,WH_CH_01,SKU-201,897,891,40.5,NORMAL
2150,20260916,WH_CH_01,SKU-202,349,335,23.9,NORMAL
2151,20260916,WH_CH_01,SKU-203,772,787,35.8,NORMAL
2152,20260916,WH_CH_01,SKU-301,532,517,22.5,NORMAL
2153,20260916,WH_CH_01,SKU-302,358,350,16.7,NORMAL
2154,20260916,WH_CH_01,SKU-303,377,375,23.5,NORMAL
2155,20260916,WH_CH_01,SKU-401,454,452,32.3,NORMAL
2156,20260916,WH_CH_01,SKU-402,939,900,42.9,NORMAL
2157,20260916,WH_CH_01,SKU-101,484,505,28.1,NORMAL
2158,20260916,WH_CH_01,SKU-102,266,263,15.5,NORMAL
2159,20260916,WH_CH_01,SKU-103,760,733,40.7,NORMAL
2160,20260916,WH_CH_01,SKU-201,228,238,9.2,WARNING
2161,20260916,WH_CH_01,SKU-202,716,683,40.2,NORMAL
2162,20260916,WH_CH_01,SKU-203,911,902,43.0,NORMAL
2163,20260916,WH_CH_01,SKU-301,429,437,29.2,NORMAL
2164,20260916,WH_CH_01,SKU-302,839,883,32.7,NORMAL
2165,20260916,WH_CH_01,SKU-303,668,676,33.8,NORMAL
2166,20260916,WH_CH_01,SKU-401,584,609,24.4,NORMAL
2167,20260916,WH_CH_01,SKU-402,691,679,30.9,NORMAL
2168,20260916,WH_CH_01,SKU-101,857,853,38.8,NORMAL
2169,20260916,WH_CH_01,SKU-102,538,559,32.9,NORMAL
2170,20260916,WH_CH_01,SKU-103,286,287,16.0,NORMAL
2171,20260916,WH_CH_01,SKU-201,789,762,34.7,NORMAL
2172,20260916,WH_CH_01,SKU-202,613,626,34.8,NORMAL
2173,20260916,WH_CH_01,SKU-203,578,582,34.3,NORMAL
2174,20260916,WH_CH_01,SKU-301,808,832,32.0,NORMAL
2175,20260916,WH_CH_01,SKU-302,669,662,34.9,NORMAL
2176,20260916,WH_CH_01,SKU-303,306,299,25.0,NORMAL
2177,20260916,WH_CH_01,SKU-401,257,263,11.4,WARNING
2178,20260916,WH_CH_01,SKU-402,220,221,13.8,WARNING
2179,20260916,WH_CH_01,SKU-101,853,824,35.8,NORMAL
2180,20260916,WH_CH_01,SKU-102,681,684,22.8,NORMAL
2181,20260916,WH_CH_01,SKU-103,877,881,40.1,NORMAL
2182,20260916,WH_CH_01,SKU-201,528,546,34.2,NORMAL
2183,20260916,WH_CH_01,SKU-202,256,254,13.4,WARNING
2184,20260916,WH_CH_01,SKU-203,265,259,14.4,NORMAL
2185,20260916,WH_CH_01,SKU-301,279,281,16.6,NORMAL
2186,20260916,WH_CH_01,SKU-302,864,831,43.8,NORMAL
2187,20260916,WH_CH_01,SKU-303,608,635,30.3,NORMAL
2188,20260916,WH_CH_01,SKU-401,932,893,38.8,NORMAL
2189,20260916,WH_CH_01,SKU-402,542,559,29.4,NORMAL
2190,20260916,WH_CH_01,SKU-101,382,373,13.3,WARNING
2191,20260916,WH_CH_01,SKU-102,461,454,28.4,NORMAL
2192,20260916,WH_CH_01,SKU-103,238,239,11.4,WARNING
2193,20260916,WH_CH_01,SKU-201,447,427,42.8,NORMAL
2194,20260916,WH_CH_01,SKU-202,700,708,28.3,NORMAL
2195,20260916,WH_CH_01,SKU-203,346,347,14.5,NORMAL
2196,20260916,WH_CH_01,SKU-301,583,572,38.2,NORMAL
2197,20260916,WH_CH_01,SKU-302,226,232,12.2,WARNING
2198,20260916,WH_CH_01,SKU-303,209,212,10.6,WARNING
2199,20260916,WH_CH_01,SKU-401,257,261,13.8,WARNING
2200,20260916,WH_CH_01,SKU-402,525,521,32.6,NORMAL
2201,20260923,WH_CH_01,SKU-101,619,620,36.5,NORMAL
2202,20260923,WH_CH_01,SKU-102,657,664,30.2,NORMAL
2203,20260923,WH_CH_01,SKU-103,572,559,25.4,NORMAL
2204,20260923,WH_CH_01,SKU-201,195,199,9.5,WARNING
2205,20260923,WH_CH_01,SKU-202,584,603,31.8,NORMAL
2206,20260923,WH_CH_01,SKU-203,273,269,11.7,WARNING
2207,20260923,WH_CH_01,SKU-301,1301,1288,41.6,NORMAL
2208,20260923,WH_CH_01,SKU-302,742,744,35.4,NORMAL
2209,20260923,WH_CH_01,SKU-303,603,618,26.9,NORMAL
2210,20260923,WH_CH_01,SKU-401,537,559,39.9,NORMAL
2211,20260923,WH_CH_01,SKU-402,715,717,39.9,NORMAL
2212,20260923,WH_CH_01,SKU-101,399,415,16.6,NORMAL
2213,20260923,WH_CH_01,SKU-102,245,255,13.4,WARNING
2214,20260923,WH_CH_01,SKU-103,505,529,25.2,NORMAL
2215,20260923,WH_CH_01,SKU-201,679,695,31.6,NORMAL
2216,20260923,WH_CH_01,SKU-202,587,583,34.3,NORMAL
2217,20260923,WH_CH_01,SKU-203,892,869,39.5,NORMAL
2218,20260923,WH_CH_01,SKU-301,286,281,13.4,WARNING
2219,20260923,WH_CH_01,SKU-302,247,242,7.6,WARNING
2220,20260923,WH_CH_01,SKU-303,227,234,21.3,NORMAL
2221,20260923,WH_CH_01,SKU-401,650,629,35.0,NORMAL
2222,20260923,WH_CH_01,SKU-402,372,360,15.7,NORMAL
2223,20260923,WH_CH_01,SKU-101,612,608,26.4,NORMAL
2224,20260923,WH_CH_01,SKU-102,827,799,30.7,NORMAL
2225,20260923,WH_CH_01,SKU-103,509,489,30.6,NORMAL
2226,20260923,WH_CH_01,SKU-201,285,283,17.7,NORMAL
2227,20260923,WH_CH_01,SKU-202,435,420,16.2,NORMAL
2228,20260923,WH_CH_01,SKU-203,469,456,20.7,NORMAL
2229,20260923,WH_CH_01,SKU-301,295,287,12.5,WARNING
2230,20260923,WH_CH_01,SKU-302,524,537,31.6,NORMAL
2231,20260923,WH_CH_01,SKU-303,250,259,16.2,NORMAL
2232,20260923,WH_CH_01,SKU-401,653,644,29.3,NORMAL
2233,20260923,WH_CH_01,SKU-402,152,159,10.0,WARNING
2234,20260923,WH_CH_01,SKU-101,781,787,35.8,NORMAL
2235,20260923,WH_CH_01,SKU-102,220,210,17.5,NORMAL
2236,20260923,WH_CH_01,SKU-103,697,688,36.2,NORMAL
2237,20260923,WH_CH_01,SKU-201,1130,1098,43.9,NORMAL
2238,20260923,WH_CH_01,SKU-202,818,804,42.3,NORMAL
2239,20260923,WH_CH_01,SKU-203,600,622,28.3,NORMAL
2240,20260923,WH_CH_01,SKU-301,129,130,7.7,WARNING
2241,20260923,WH_CH_01,SKU-302,233,226,9.5,WARNING
2242,20260923,WH_CH_01,SKU-303,841,828,37.6,NORMAL
2243,20260923,WH_CH_01,SKU-401,239,232,12.9,WARNING
2244,20260923,WH_CH_01,SKU-402,771,811,40.6,NORMAL
2245,20260923,WH_CH_01,SKU-101,90,89,8.1,WARNING
2246,20260923,WH_CH_01,SKU-102,268,278,12.7,WARNING
2247,20260923,WH_CH_01,SKU-103,861,877,29.2,NORMAL
2248,20260923,WH_CH_01,SKU-201,874,853,44.9,NORMAL
2249,20260923,WH_CH_01,SKU-202,561,575,26.2,NORMAL
2250,20260923,WH_CH_01,SKU-203,147,154,9.7,WARNING
2251,20260923,WH_CH_01,SKU-301,301,299,11.1,WARNING
2252,20260923,WH_CH_01,SKU-302,363,380,14.6,NORMAL
2253,20260923,WH_CH_01,SKU-303,955,953,41.5,NORMAL
2254,20260923,WH_CH_01,SKU-401,185,181,12.1,WARNING
2255,20260923,WH_CH_01,SKU-402,303,298,14.9,NORMAL
2256,20260923,WH_CH_01,SKU-101,158,166,13.8,WARNING
2257,20260923,WH_CH_01,SKU-102,656,665,37.0,NORMAL
2258,20260923,WH_CH_01,SKU-103,164,173,7.6,WARNING
2259,20260923,WH_CH_01,SKU-201,504,481,30.1,NORMAL
2260,20260923,WH_CH_01,SKU-202,269,259,14.4,NORMAL
2261,20260923,WH_CH_01,SKU-203,259,269,11.7,WARNING
2262,20260923,WH_CH_01,SKU-301,426,425,26.6,NORMAL
2263,20260923,WH_CH_01,SKU-302,135,129,8.6,WARNING
2264,20260923,WH_CH_01,SKU-303,300,301,16.8,NORMAL
2265,20260923,WH_CH_01,SKU-401,721,701,33.4,NORMAL
2266,20260923,WH_CH_01,SKU-402,634,607,24.3,NORMAL
2267,20260923,WH_CH_01,SKU-101,652,626,26.1,NORMAL
2268,20260923,WH_CH_01,SKU-102,470,490,25.8,NORMAL
2269,20260923,WH_CH_01,SKU-103,208,201,14.4,NORMAL
2270,20260923,WH_CH_01,SKU-201,665,673,30.6,NORMAL
2271,20260923,WH_CH_01,SKU-202,886,897,44.9,NORMAL
2272,20260923,WH_CH_01,SKU-203,699,705,44.1,NORMAL
2273,20260923,WH_CH_01,SKU-301,981,942,42.8,NORMAL
2274,20260923,WH_CH_01,SKU-302,959,987,34.0,NORMAL
2275,20260923,WH_CH_01,SKU-303,167,163,8.6,WARNING
2276,20260923,WH_CH_01,SKU-401,347,351,25.1,NORMAL
2277,20260923,WH_CH_01,SKU-402,625,639,32.0,NORMAL
2278,20260923,WH_CH_01,SKU-101,365,362,24.2,NORMAL
2279,20260923,WH_CH_01,SKU-102,183,182,10.7,WARNING
2280,20260923,WH_CH_01,SKU-103,853,844,38.4,NORMAL
2281,20260923,WH_CH_01,SKU-201,931,914,41.6,NORMAL
2282,20260923,WH_CH_01,SKU-202,168,174,9.7,WARNING
2283,20260923,WH_CH_01,SKU-203,653,625,23.2,NORMAL
2284,20260923,WH_CH_01,SKU-301,569,545,41.9,NORMAL
2285,20260923,WH_CH_01,SKU-302,800,764,34.8,NORMAL
2286,20260923,WH_CH_01,SKU-303,585,575,28.8,NORMAL
2287,20260923,WH_CH_01,SKU-401,474,469,29.3,NORMAL
2288,20260923,WH_CH_01,SKU-402,525,521,30.7,NORMAL
2289,20260930,WH_CH_01,SKU-101,362,363,20.2,NORMAL
2290,20260930,WH_CH_01,SKU-102,654,674,27.0,NORMAL
2291,20260930,WH_CH_01,SKU-103,801,809,35.2,NORMAL
2292,20260930,WH_CH_01,SKU-201,479,491,37.8,NORMAL
2293,20260930,WH_CH_01,SKU-202,522,543,32.0,NORMAL
2294,20260930,WH_CH_01,SKU-203,424,414,29.6,NORMAL
2295,20260930,WH_CH_01,SKU-301,183,189,11.1,WARNING
2296,20260930,WH_CH_01,SKU-302,1371,1344,40.7,NORMAL
2297,20260930,WH_CH_01,SKU-303,333,320,26.7,NORMAL
2298,20260930,WH_CH_01,SKU-401,216,214,11.3,WARNING
2299,20260930,WH_CH_01,SKU-402,701,718,44.9,NORMAL
2300,20260930,WH_CH_01,SKU-101,511,535,38.2,NORMAL
2301,20260930,WH_CH_01,SKU-102,115,114,8.8,WARNING
2302,20260930,WH_CH_01,SKU-103,567,550,26.2,NORMAL
2303,20260930,WH_CH_01,SKU-201,446,449,22.5,NORMAL
2304,20260930,WH_CH_01,SKU-202,727,711,28.5,NORMAL
2305,20260930,WH_CH_01,SKU-203,538,552,24.0,NORMAL
2306,20260930,WH_CH_01,SKU-301,960,1008,37.4,NORMAL
2307,20260930,WH_CH_01,SKU-302,510,520,32.5,NORMAL
2308,20260930,WH_CH_01,SKU-303,146,151,16.8,NORMAL
2309,20260930,WH_CH_01,SKU-401,358,362,22.7,NORMAL
2310,20260930,WH_CH_01,SKU-402,1324,1352,42.3,NORMAL
2311,20260930,WH_CH_01,SKU-101,531,527,27.8,NORMAL
2312,20260930,WH_CH_01,SKU-102,392,413,25.9,NORMAL
2313,20260930,WH_CH_01,SKU-103,330,346,16.5,NORMAL
2314,20260930,WH_CH_01,SKU-201,591,569,31.7,NORMAL
2315,20260930,WH_CH_01,SKU-202,227,227,9.5,WARNING
2316,20260930,WH_CH_01,SKU-203,592,605,43.3,NORMAL
2317,20260930,WH_CH_01,SKU-301,599,618,30.9,NORMAL
2318,20260930,WH_CH_01,SKU-302,661,643,37.8,NORMAL
2319,20260930,WH_CH_01,SKU-303,822,832,34.7,NORMAL
2320,20260930,WH_CH_01,SKU-401,167,169,13.0,WARNING
2321,20260930,WH_CH_01,SKU-402,359,352,20.7,NORMAL
2322,20260930,WH_CH_01,SKU-101,212,209,10.5,WARNING
2323,20260930,WH_CH_01,SKU-102,237,243,13.6,WARNING
2324,20260930,WH_CH_01,SKU-103,343,356,17.8,NORMAL
2325,20260930,WH_CH_01,SKU-201,743,717,42.2,NORMAL
2326,20260930,WH_CH_01,SKU-202,667,703,41.4,NORMAL
2327,20260930,WH_CH_01,SKU-203,524,552,26.3,NORMAL
2328,20260930,WH_CH_01,SKU-301,580,595,29.8,NORMAL
2329,20260930,WH_CH_01,SKU-302,194,205,12.9,WARNING
2330,20260930,WH_CH_01,SKU-303,625,608,33.8,NORMAL
2331,20260930,WH_CH_01,SKU-401,693,710,32.3,NORMAL
2332,20260930,WH_CH_01,SKU-402,166,170,9.5,WARNING
2333,20260930,WH_CH_01,SKU-101,494,484,25.5,NORMAL
2334,20260930,WH_CH_01,SKU-102,430,429,21.5,NORMAL
2335,20260930,WH_CH_01,SKU-103,433,432,16.6,NORMAL
2336,20260930,WH_CH_01,SKU-201,219,222,18.5,NORMAL
2337,20260930,WH_CH_01,SKU-202,578,574,24.0,NORMAL
2338,20260930,WH_CH_01,SKU-203,330,337,14.0,NORMAL
2339,20260930,WH_CH_01,SKU-301,129,134,7.5,WARNING
2340,20260930,WH_CH_01,SKU-302,484,479,20.0,NORMAL
2341,20260930,WH_CH_01,SKU-303,543,568,24.7,NORMAL
2342,20260930,WH_CH_01,SKU-401,488,492,23.5,NORMAL
2343,20260930,WH_CH_01,SKU-402,481,506,23.0,NORMAL
2344,20260930,WH_CH_01,SKU-101,373,384,27.5,NORMAL
2345,20260930,WH_CH_01,SKU-102,714,734,43.2,NORMAL
2346,20260930,WH_CH_01,SKU-103,537,526,37.6,NORMAL
2347,20260930,WH_CH_01,SKU-201,483,495,35.4,NORMAL
2348,20260930,WH_CH_01,SKU-202,338,330,19.4,NORMAL
2349,20260930,WH_CH_01,SKU-203,125,122,8.2,WARNING
2350,20260930,WH_CH_01,SKU-301,532,522,29.0,NORMAL
2351,20260930,WH_CH_01,SKU-302,942,946,37.9,NORMAL
2352,20260930,WH_CH_01,SKU-303,900,895,42.6,NORMAL
2353,20260930,WH_CH_01,SKU-401,245,251,14.8,NORMAL
2354,20260930,WH_CH_01,SKU-402,731,709,30.8,NORMAL
2355,20260930,WH_CH_01,SKU-101,671,657,36.5,NORMAL
2356,20260930,WH_CH_01,SKU-102,445,449,22.5,NORMAL
2357,20260930,WH_CH_01,SKU-103,220,211,11.8,WARNING
2358,20260930,WH_CH_01,SKU-201,210,206,8.6,WARNING
2359,20260930,WH_CH_01,SKU-202,651,668,41.8,NORMAL
2360,20260930,WH_CH_01,SKU-203,794,825,35.9,NORMAL
2361,20260930,WH_CH_01,SKU-301,949,996,43.3,NORMAL
2362,20260930,WH_CH_01,SKU-302,692,686,40.4,NORMAL
2363,20260930,WH_CH_01,SKU-303,505,511,25.6,NORMAL
2364,20260930,WH_CH_01,SKU-401,160,158,9.3,WARNING
2365,20260930,WH_CH_01,SKU-402,660,685,29.8,NORMAL
2366,20260930,WH_CH_01,SKU-101,526,550,39.3,NORMAL
2367,20260930,WH_CH_01,SKU-102,200,198,15.3,NORMAL
2368,20260930,WH_CH_01,SKU-103,459,443,27.7,NORMAL
2369,20260930,WH_CH_01,SKU-201,390,376,17.1,NORMAL
2370,20260930,WH_CH_01,SKU-202,437,448,24.9,NORMAL
2371,20260930,WH_CH_01,SKU-203,177,170,10.0,WARNING
2372,20260930,WH_CH_01,SKU-301,255,269,15.9,NORMAL
2373,20260930,WH_CH_01,SKU-302,828,868,37.8,NORMAL
2374,20260930,WH_CH_01,SKU-303,1121,1167,41.7,NORMAL
2375,20260930,WH_CH_01,SKU-401,454,474,20.6,NORMAL
2376,20260930,WH_CH_01,SKU-402,552,547,26.0,NORMAL
